tick,plasticity_this_tick,m0_energy,m0_fatigue,m0_bonding,m0_fear_threat,m0_stress,m0_closeness_child,m0_OT,m0_CORT,m0_mot_Forage,m0_mot_Care,m0_mot_Self,m0_mot_Protect,m0_sel_Forage,m0_sel_Care,m0_sel_Self,m0_sel_Protect,m0_u_fixed_forage_child_hunger,m0_u_fixed_forage_energy_deficit,m0_u_fixed_forage_low_fear,m0_u_fixed_care_child_warmth,m0_u_fixed_care_closeness_deficit,m0_u_fixed_care_bonding,m0_u_fixed_self_fatigue,m0_u_fixed_self_fear,m0_u_fixed_self_stress,m0_u_fixed_protect_child_injury,m0_u_fixed_protect_fear,m0_u_fixed_protect_closeness_deficit,m0_u_fixed_protect_bonding,m0_u_plastic_forage_child_hunger,m0_u_plastic_forage_energy_deficit,m0_u_plastic_forage_low_fear,m0_u_plastic_care_child_warmth,m0_u_plastic_care_closeness_deficit,m0_u_plastic_care_bonding,m0_u_plastic_self_fatigue,m0_u_plastic_self_fear,m0_u_plastic_self_stress,m0_u_plastic_protect_child_injury,m0_u_plastic_protect_fear,m0_u_plastic_protect_closeness_deficit,m0_u_plastic_protect_bonding,m0_w_fixed_child_need_hunger,m0_w_fixed_child_need_warmth,m0_w_fixed_child_need_injury,m0_w_fixed_ot_closeness_gain,m0_w_fixed_ot_decay,m0_w_fixed_bonding_ot_gain,m0_w_fixed_bonding_child_need_decay,m0_w_fixed_bonding_child_absent_decay,m0_w_fixed_cort_threat_gain,m0_w_fixed_cort_child_need_gain,m0_w_fixed_cort_energy_deficit_gain,m0_w_fixed_cort_decay,m0_w_fixed_stress_cort_gain,m0_w_fixed_stress_fear_gain,m0_w_fixed_stress_child_need_gain,m0_w_fixed_stress_decay,m0_w_fixed_fear_threat_gain,m0_w_fixed_fear_decay,m0_w_plastic_child_need_hunger,m0_w_plastic_child_need_warmth,m0_w_plastic_child_need_injury,m0_w_plastic_ot_closeness_gain,m0_w_plastic_ot_decay,m0_w_plastic_bonding_ot_gain,m0_w_plastic_bonding_child_need_decay,m0_w_plastic_bonding_child_absent_decay,m0_w_plastic_cort_threat_gain,m0_w_plastic_cort_child_need_gain,m0_w_plastic_cort_energy_deficit_gain,m0_w_plastic_cort_decay,m0_w_plastic_stress_cort_gain,m0_w_plastic_stress_fear_gain,m0_w_plastic_stress_child_need_gain,m0_w_plastic_stress_decay,m0_w_plastic_fear_threat_gain,m0_w_plastic_fear_decay,c0_hunger,c0_warmth,c0_injury
1,1,99.0,2.0,99.55434873118168,18.540577740081613,0.13592448399989268,61.7157287525381,0.0,4.789571583500211,28.222914904056992,45.367626374117854,2.550561019279373,52.28311436955463,0,0,0,1,0.8276311719925821,0.6316643991220648,0.7580877400853738,0.35452596812986836,0.9706980243949033,0.8931211213221977,0.7783834970737619,0.19463870785196757,0.4667210037270342,0.04380376578722878,0.15428949206754783,0.6830489532424546,0.7447621559078171,0.8276311719925821,0.6316643991220648,0.7580877400853738,0.35452596812986836,0.9706980243949033,0.8931211213221977,0.7783834970737619,0.19463870785196757,0.4667210037270342,0.04380376578722878,0.15428949206754783,0.6830489532424546,0.7247621559078171,0.7739560485559633,0.4388784397520523,0.8585979199113825,0.6973680290593639,0.09417734788764953,0.9756223516367559,0.761139701990353,0.7860643052769538,0.12811363267554587,0.45038593789556713,0.37079802423258124,0.9267649888486018,0.6438651200806645,0.82276161327083,0.44341419882733113,0.2272387217847769,0.5545847870158348,0.06381725610417532,0.7539560485559633,0.4188784397520523,0.8385979199113824,0.6973680290593639,0.09417734788764953,0.9756223516367559,0.761139701990353,0.7860643052769538,0.12811363267554587,0.45038593789556713,0.37079802423258124,0.9267649888486018,0.6438651200806645,0.82276161327083,0.44341419882733113,0.2272387217847769,0.5345847870158348,0.04381725610417532,1.0,49.5,0.0
2,1,98.0,4.0,98.66486183629448,32.558934060837,9.977337997197397,75.85786437626905,0.0,4.626436653677856,23.803510806703606,51.35760938573499,8.717269147674134,58.90255458953687,0,0,0,1,0.8276311719925821,0.6316643991220648,0.7580877400853738,0.35452596812986836,0.9706980243949033,0.8931211213221977,0.7783834970737619,0.19463870785196757,0.4667210037270342,0.04380376578722878,0.15428949206754783,0.6830489532424546,0.7447621559078171,0.8276311719925821,0.6316643991220648,0.7580877400853738,0.35452596812986836,0.9706980243949033,0.8931211213221977,0.7783834970737619,0.19463870785196757,0.4667210037270342,0.04380376578722878,0.13428949206754784,0.6630489532424546,0.7047621559078171,0.7739560485559633,0.4388784397520523,0.8585979199113825,0.6973680290593639,0.09417734788764953,0.9756223516367559,0.761139701990353,0.7860643052769538,0.12811363267554587,0.45038593789556713,0.37079802423258124,0.9267649888486018,0.6438651200806645,0.82276161327083,0.44341419882733113,0.2272387217847769,0.5545847870158348,0.06381725610417532,0.7339560485559633,0.3988784397520523,0.8185979199113824,0.6973680290593639,0.09417734788764953,0.9756223516367559,0.761139701990353,0.7860643052769538,0.12811363267554587,0.45038593789556713,0.37079802423258124,0.9267649888486018,0.6438651200806645,0.82276161327083,0.44341419882733113,0.2272387217847769,0.5145847870158348,0.02381725610417532,2.0,49.0,0.0
3,1,97.0,6.0,97.33343619762981,42.741189138683566,23.70069273468561,85.85786437626905,0.0,4.099407823384404,20.695608111605125,55.357159229145715,15.6237826171185,63.58819340796389,0,0,0,1,0.8276311719925821,0.6316643991220648,0.7580877400853738,0.35452596812986836,0.9706980243949033,0.8931211213221977,0.7783834970737619,0.19463870785196757,0.4667210037270342,0.04380376578722878,0.15428949206754783,0.6830489532424546,0.7447621559078171,0.8276311719925821,0.6316643991220648,0.7580877400853738,0.35452596812986836,0.9706980243949033,0.8931211213221977,0.7783834970737619,0.19463870785196757,0.4667210037270342,0.04380376578722878,0.11428949206754783,0.6430489532424546,0.6847621559078171,0.7739560485559633,0.4388784397520523,0.8585979199113825,0.6973680290593639,0.09417734788764953,0.9756223516367559,0.761139701990353,0.7860643052769538,0.12811363267554587,0.45038593789556713,0.37079802423258124,0.9267649888486018,0.6438651200806645,0.82276161327083,0.44341419882733113,0.2272387217847769,0.5545847870158348,0.06381725610417532,0.7139560485559633,0.37887843975205227,0.7985979199113824,0.6973680290593639,0.09417734788764953,0.9756223516367559,0.761139701990353,0.7860643052769538,0.12811363267554587,0.45038593789556713,0.37079802423258124,0.9267649888486018,0.6438651200806645,0.82276161327083,0.44341419882733113,0.2272387217847769,0.49458478701583475,0.003817256104175319,3.0,48.5,0.0
4,1,96.0,8.0,100.0,49.6145938057348,38.6481660429185,100.0,69.73680290593639,3.544493129631217,18.718948227585113,62.77883290349542,22.479795052783498,71.52842052139647,0,0,0,1,0.8276311719925821,0.6316643991220648,0.7580877400853738,0.35452596812986836,0.9706980243949033,0.8931211213221977,0.7783834970737619,0.19463870785196757,0.4667210037270342,0.04380376578722878,0.15428949206754783,0.6830489532424546,0.7447621559078171,0.8276311719925821,0.6316643991220648,0.7580877400853738,0.35452596812986836,0.9706980243949033,0.8931211213221977,0.7783834970737619,0.19463870785196757,0.4667210037270342,0.04380376578722878,0.09428949206754783,0.6230489532424546,0.6647621559078171,0.7739560485559633,0.4388784397520523,0.8585979199113825,0.6973680290593639,0.09417734788764953,0.9756223516367559,0.761139701990353,0.7860643052769538,0.12811363267554587,0.45038593789556713,0.37079802423258124,0.9267649888486018,0.6438651200806645,0.82276161327083,0.44341419882733113,0.2272387217847769,0.5545847870158348,0.06381725610417532,0.6939560485559633,0.35887843975205225,0.7785979199113824,0.6973680290593639,0.09417734788764953,0.9756223516367559,0.761139701990353,0.7860643052769538,0.12811363267554587,0.45038593789556713,0.37079802423258124,0.9267649888486018,0.6438651200806645,0.82276161327083,0.44341419882733113,0.2272387217847769,0.47458478701583473,0.0,4.0,48.0,0.0
5,1,95.0,10.0,100.0,53.17730805619054,53.10625066815832,90.0,100.0,2.9862431163430934,17.87416022307379,58.56287289914762,28.729590715292158,67.6369742167216,0,0,0,1,0.8276311719925821,0.6316643991220648,0.7580877400853738,0.35452596812986836,0.9706980243949033,0.8931211213221977,0.7783834970737619,0.19463870785196757,0.4667210037270342,0.04380376578722878,0.15428949206754783,0.6830489532424546,0.7447621559078171,0.8276311719925821,0.6316643991220648,0.7580877400853738,0.35452596812986836,0.9706980243949033,0.8931211213221977,0.7783834970737619,0.19463870785196757,0.4667210037270342,0.04380376578722878,0.07428949206754783,0.6030489532424546,0.644762155907817,0.7739560485559633,0.4388784397520523,0.8585979199113825,0.6973680290593639,0.09417734788764953,0.9756223516367559,0.761139701990353,0.7860643052769538,0.12811363267554587,0.45038593789556713,0.37079802423258124,0.9267649888486018,0.6438651200806645,0.82276161327083,0.44341419882733113,0.2272387217847769,0.5545847870158348,0.06381725610417532,0.6739560485559632,0.33887843975205223,0.7585979199113824,0.6973680290593639,0.09417734788764953,0.9756223516367559,0.761139701990353,0.7860643052769538,0.12811363267554587,0.45038593789556713,0.37079802423258124,0.9267649888486018,0.6438651200806645,0.82276161327083,0.44341419882733113,0.2272387217847769,0.4545847870158347,0.0,5.0,47.5,0.0
6,1,94.0,12.0,100.0,59.482130231439974,65.75826818823884,80.0,90.58226521123504,4.007505858611358,16.09188956083829,54.346912894799836,34.76461953119408,63.88501079827375,0,0,0,1,0.8276311719925821,0.6316643991220648,0.7580877400853738,0.35452596812986836,0.9706980243949033,0.8931211213221977,0.7783834970737619,0.19463870785196757,0.4667210037270342,0.04380376578722878,0.15428949206754783,0.6830489532424546,0.7447621559078171,0.8276311719925821,0.6316643991220648,0.7580877400853738,0.35452596812986836,0.9706980243949033,0.8931211213221977,0.7783834970737619,0.19463870785196757,0.4667210037270342,0.04380376578722878,0.05428949206754782,0.5830489532424545,0.624762155907817,0.7739560485559633,0.4388784397520523,0.8585979199113825,0.6973680290593639,0.09417734788764953,0.9756223516367559,0.761139701990353,0.7860643052769538,0.12811363267554587,0.45038593789556713,0.37079802423258124,0.9267649888486018,0.6438651200806645,0.82276161327083,0.44341419882733113,0.2272387217847769,0.5545847870158348,0.06381725610417532,0.6539560485559632,0.3188784397520522,0.7385979199113824,0.6973680290593639,0.09417734788764953,0.9756223516367559,0.761139701990353,0.7860643052769538,0.12811363267554587,0.45038593789556713,0.37079802423258124,0.9267649888486018,0.6438651200806645,0.82276161327083,0.44341419882733113,0.2272387217847769,0.4345847870158347,0.0,6.0,47.0,0.0
7,1,93.0,14.0,100.0,68.32440614210681,78.7275583217064,90.0,100.0,5.143026156843879,13.442104221218148,58.882503930331104,41.24553654786173,68.84739114261026,0,0,0,1,0.8276311719925821,0.6316643991220648,0.7580877400853738,0.35452596812986836,0.9706980243949033,0.8931211213221977,0.7783834970737619,0.19463870785196757,0.4667210037270342,0.04380376578722878,0.15428949206754783,0.6830489532424546,0.7447621559078171,0.8276311719925821,0.6316643991220648,0.7580877400853738,0.35452596812986836,0.9706980243949033,0.8931211213221977,0.7783834970737619,0.19463870785196757,0.4667210037270342,0.04380376578722878,0.03428949206754782,0.5630489532424545,0.604762155907817,0.7739560485559633,0.4388784397520523,0.8585979199113825,0.6973680290593639,0.09417734788764953,0.9756223516367559,0.761139701990353,0.7860643052769538,0.12811363267554587,0.45038593789556713,0.37079802423258124,0.9267649888486018,0.6438651200806645,0.82276161327083,0.44341419882733113,0.2272387217847769,0.5545847870158348,0.06381725610417532,0.6339560485559632,0.2988784397520522,0.7185979199113823,0.6973680290593639,0.09417734788764953,0.9756223516367559,0.761139701990353,0.7860643052769538,0.12811363267554587,0.45038593789556713,0.37079802423258124,0.9267649888486018,0.6438651200806645,0.82276161327083,0.44341419882733113,0.2272387217847769,0.4145847870158347,0.0,7.0,46.5,0.0
8,1,92.0,16.0,100.0,79.50601183322284,93.07283610887123,80.0,90.58226521123504,6.285427466268687,9.992539602292709,54.66654392598332,48.48876066065584,65.2301558602315,0,0,0,1,0.8276311719925821,0.6316643991220648,0.7580877400853738,0.35452596812986836,0.9706980243949033,0.8931211213221977,0.7783834970737619,0.19463870785196757,0.4667210037270342,0.04380376578722878,0.15428949206754783,0.6830489532424546,0.7447621559078171,0.8276311719925821,0.6316643991220648,0.7580877400853738,0.35452596812986836,0.9706980243949033,0.8931211213221977,0.7783834970737619,0.19463870785196757,0.4667210037270342,0.04380376578722878,0.014289492067547819,0.5430489532424545,0.584762155907817,0.7739560485559633,0.4388784397520523,0.8585979199113825,0.6973680290593639,0.09417734788764953,0.9756223516367559,0.761139701990353,0.7860643052769538,0.12811363267554587,0.45038593789556713,0.37079802423258124,0.9267649888486018,0.6438651200806645,0.82276161327083,0.44341419882733113,0.2272387217847769,0.5545847870158348,0.06381725610417532,0.6139560485559632,0.2788784397520522,0.6985979199113823,0.6973680290593639,0.09417734788764953,0.9756223516367559,0.761139701990353,0.7860643052769538,0.12811363267554587,0.45038593789556713,0.37079802423258124,0.9267649888486018,0.6438651200806645,0.82276161327083,0.44341419882733113,0.2272387217847769,0.39458478701583466,0.0,8.0,46.0,0.0
9,1,91.0,18.0,100.0,87.27503857864858,100,90.0,100.0,5.845662323549931,7.709680914513299,59.20213496151458,52.865911507778726,69.95820249279917,0,0,0,1,0.8276311719925821,0.6316643991220648,0.7580877400853738,0.35452596812986836,0.9706980243949033,0.8931211213221977,0.7783834970737619,0.19463870785196757,0.4667210037270342,0.04380376578722878,0.15428949206754783,0.6830489532424546,0.7447621559078171,0.8276311719925821,0.6316643991220648,0.7580877400853738,0.35452596812986836,0.9706980243949033,0.8931211213221977,0.7783834970737619,0.19463870785196757,0.4667210037270342,0.04380376578722878,0.0,0.5230489532424545,0.564762155907817,0.7739560485559633,0.4388784397520523,0.8585979199113825,0.6973680290593639,0.09417734788764953,0.9756223516367559,0.761139701990353,0.7860643052769538,0.12811363267554587,0.45038593789556713,0.37079802423258124,0.9267649888486018,0.6438651200806645,0.82276161327083,0.44341419882733113,0.2272387217847769,0.5545847870158348,0.06381725610417532,0.5939560485559632,0.25887843975205216,0.6785979199113823,0.6973680290593639,0.09417734788764953,0.9756223516367559,0.761139701990353,0.7860643052769538,0.12811363267554587,0.45038593789556713,0.37079802423258124,0.9267649888486018,0.6438651200806645,0.82276161327083,0.44341419882733113,0.2272387217847769,0.37458478701583464,0.0,9.0,45.5,0.0
10,1,90.0,20.0,100.0,99.22485692196076,100,80.0,90.58226521123504,7.428507309516548,3.997476728280393,54.986174957166796,55.56268699678327,66.16262848724529,0,0,0,1,0.8276311719925821,0.6316643991220648,0.7580877400853738,0.35452596812986836,0.9706980243949033,0.8931211213221977,0.7783834970737619,0.19463870785196757,0.4667210037270342,0.04380376578722878,0.15428949206754783,0.6830489532424546,0.7447621559078171,0.8276311719925821,0.6316643991220648,0.7580877400853738,0.35452596812986836,0.9706980243949033,0.8931211213221977,0.7783834970737619,0.19463870785196757,0.4667210037270342,0.04380376578722878,0.0,0.5030489532424545,0.544762155907817,0.7739560485559633,0.4388784397520523,0.8585979199113825,0.6973680290593639,0.09417734788764953,0.9756223516367559,0.761139701990353,0.7860643052769538,0.12811363267554587,0.45038593789556713,0.37079802423258124,0.9267649888486018,0.6438651200806645,0.82276161327083,0.44341419882733113,0.2272387217847769,0.5545847870158348,0.06381725610417532,0.5739560485559632,0.23887843975205217,0.6585979199113823,0.6973680290593639,0.09417734788764953,0.9756223516367559,0.761139701990353,0.7860643052769538,0.12811363267554587,0.45038593789556713,0.37079802423258124,0.9267649888486018,0.6438651200806645,0.82276161327083,0.44341419882733113,0.2272387217847769,0.3545847870158346,0.0,10.0,45.0,0.0
11,1,89.0,22.0,100.0,100.0,100,90.0,100.0,9.15775734777846,4.105714535657554,59.52176599269805,56.74875950679387,70.58838579210692,0,0,0,1,0.8276311719925821,0.6316643991220648,0.7580877400853738,0.35452596812986836,0.9706980243949033,0.8931211213221977,0.7783834970737619,0.19463870785196757,0.4667210037270342,0.04380376578722878,0.15428949206754783,0.6830489532424546,0.7447621559078171,0.8276311719925821,0.6316643991220648,0.7580877400853738,0.35452596812986836,0.9706980243949033,0.8931211213221977,0.7783834970737619,0.19463870785196757,0.4667210037270342,0.04380376578722878,0.0,0.48304895324245445,0.5247621559078169,0.7739560485559633,0.4388784397520523,0.8585979199113825,0.6973680290593639,0.09417734788764953,0.9756223516367559,0.761139701990353,0.7860643052769538,0.12811363267554587,0.45038593789556713,0.37079802423258124,0.9267649888486018,0.6438651200806645,0.82276161327083,0.44341419882733113,0.2272387217847769,0.5545847870158348,0.06381725610417532,0.5539560485559631,0.21887843975205218,0.6385979199113823,0.6973680290593639,0.09417734788764953,0.9756223516367559,0.761139701990353,0.7860643052769538,0.12811363267554587,0.45038593789556713,0.37079802423258124,0.9267649888486018,0.6438651200806645,0.82276161327083,0.44341419882733113,0.2272387217847769,0.3345847870158346,0.0,11.0,44.5,0.0
12,1,88.0,24.0,100.0,100.0,100,80.0,90.58226521123504,10.895919603769222,4.478961311626422,55.305805988350265,57.83004051912401,66.24203285059758,0,0,0,1,0.8276311719925821,0.6316643991220648,0.7580877400853738,0.35452596812986836,0.9706980243949033,0.8931211213221977,0.7783834970737619,0.19463870785196757,0.4667210037270342,0.04380376578722878,0.15428949206754783,0.6830489532424546,0.7447621559078171,0.8276311719925821,0.6316643991220648,0.7580877400853738,0.35452596812986836,0.9706980243949033,0.8931211213221977,0.7783834970737619,0.19463870785196757,0.4667210037270342,0.04380376578722878,0.0,0.46304895324245443,0.5047621559078169,0.7739560485559633,0.4388784397520523,0.8585979199113825,0.6973680290593639,0.09417734788764953,0.9756223516367559,0.761139701990353,0.7860643052769538,0.12811363267554587,0.45038593789556713,0.37079802423258124,0.9267649888486018,0.6438651200806645,0.82276161327083,0.44341419882733113,0.2272387217847769,0.5545847870158348,0.06381725610417532,0.5339560485559631,0.1988784397520522,0.6185979199113822,0.6973680290593639,0.09417734788764953,0.9756223516367559,0.761139701990353,0.7860643052769538,0.12811363267554587,0.45038593789556713,0.37079802423258124,0.9267649888486018,0.6438651200806645,0.82276161327083,0.44341419882733113,0.2272387217847769,0.3145847870158346,0.0,12.0,44.0,0.0
13,1,87.0,26.0,100.0,100.0,100,90.0,100.0,13.191836660934802,4.852208087595291,59.84139702388154,58.91132153145417,70.60623243474748,0,0,0,1,0.8276311719925821,0.6316643991220648,0.7580877400853738,0.35452596812986836,0.9706980243949033,0.8931211213221977,0.7783834970737619,0.19463870785196757,0.4667210037270342,0.04380376578722878,0.15428949206754783,0.6830489532424546,0.7447621559078171,0.8276311719925821,0.6316643991220648,0.7580877400853738,0.35452596812986836,0.9706980243949033,0.8931211213221977,0.7783834970737619,0.19463870785196757,0.4667210037270342,0.04380376578722878,0.0,0.4430489532424544,0.4847621559078169,0.7739560485559633,0.4388784397520523,0.8585979199113825,0.6973680290593639,0.09417734788764953,0.9756223516367559,0.761139701990353,0.7860643052769538,0.12811363267554587,0.45038593789556713,0.37079802423258124,0.9267649888486018,0.6438651200806645,0.82276161327083,0.44341419882733113,0.2272387217847769,0.5545847870158348,0.06381725610417532,0.5139560485559631,0.1788784397520522,0.5985979199113822,0.6973680290593639,0.09417734788764953,0.9756223516367559,0.761139701990353,0.7860643052769538,0.12811363267554587,0.45038593789556713,0.37079802423258124,0.9267649888486018,0.6438651200806645,0.82276161327083,0.44341419882733113,0.2272387217847769,0.29458478701583457,0.0,13.0,43.5,0.0
14,1,86.0,28.0,100.0,100.0,100,80.0,90.58226521123504,14.967586962356124,5.225454863564161,55.62543701953374,59.99260254378432,66.28028574452938,0,0,0,1,0.8276311719925821,0.6316643991220648,0.7580877400853738,0.35452596812986836,0.9706980243949033,0.8931211213221977,0.7783834970737619,0.19463870785196757,0.4667210037270342,0.04380376578722878,0.15428949206754783,0.6830489532424546,0.7447621559078171,0.8276311719925821,0.6316643991220648,0.7580877400853738,0.35452596812986836,0.9706980243949033,0.8931211213221977,0.7783834970737619,0.19463870785196757,0.4667210037270342,0.04380376578722878,0.0,0.4230489532424544,0.4647621559078169,0.7739560485559633,0.4388784397520523,0.8585979199113825,0.6973680290593639,0.09417734788764953,0.9756223516367559,0.761139701990353,0.7860643052769538,0.12811363267554587,0.45038593789556713,0.37079802423258124,0.9267649888486018,0.6438651200806645,0.82276161327083,0.44341419882733113,0.2272387217847769,0.5545847870158348,0.06381725610417532,0.4939560485559631,0.1588784397520522,0.5785979199113822,0.6973680290593639,0.09417734788764953,0.9756223516367559,0.761139701990353,0.7860643052769538,0.12811363267554587,0.45038593789556713,0.37079802423258124,0.9267649888486018,0.6438651200806645,0.82276161327083,0.44341419882733113,0.2272387217847769,0.27458478701583455,0.0,14.0,43.0,0.0
15,1,85.0,30.0,100.0,100.0,100,90.0,100.0,15.353564196678281,5.598701639533028,60.16102805506501,61.07388355611448,70.62519557449025,0,0,0,1,0.8276311719925821,0.6316643991220648,0.7580877400853738,0.35452596812986836,0.9706980243949033,0.8931211213221977,0.7783834970737619,0.19463870785196757,0.4667210037270342,0.04380376578722878,0.15428949206754783,0.6830489532424546,0.7447621559078171,0.8276311719925821,0.6316643991220648,0.7580877400853738,0.35452596812986836,0.9706980243949033,0.8931211213221977,0.7783834970737619,0.19463870785196757,0.4667210037270342,0.04380376578722878,0.0,0.4030489532424544,0.44476215590781687,0.7739560485559633,0.4388784397520523,0.8585979199113825,0.6973680290593639,0.09417734788764953,0.9756223516367559,0.761139701990353,0.7860643052769538,0.12811363267554587,0.45038593789556713,0.37079802423258124,0.9267649888486018,0.6438651200806645,0.82276161327083,0.44341419882733113,0.2272387217847769,0.5545847870158348,0.06381725610417532,0.47395604855596307,0.13887843975205222,0.5585979199113822,0.6973680290593639,0.09417734788764953,0.9756223516367559,0.761139701990353,0.7860643052769538,0.12811363267554587,0.45038593789556713,0.37079802423258124,0.9267649888486018,0.6438651200806645,0.82276161327083,0.44341419882733113,0.2272387217847769,0.25458478701583453,0.0,15.0,42.5,0.0
16,1,84.0,32.0,100.0,100.0,100,85.85786437626905,90.58226521123504,14.844972313087926,5.971948415501896,58.50833800439762,62.15516456844462,68.84814579794946,0,0,0,1,0.8276311719925821,0.6316643991220648,0.7580877400853738,0.35452596812986836,0.9706980243949033,0.8931211213221977,0.7783834970737619,0.19463870785196757,0.4667210037270342,0.04380376578722878,0.15428949206754783,0.6830489532424546,0.7447621559078171,0.8276311719925821,0.6316643991220648,0.7580877400853738,0.35452596812986836,0.9706980243949033,0.8931211213221977,0.7783834970737619,0.19463870785196757,0.4667210037270342,0.04380376578722878,0.0,0.38304895324245436,0.42476215590781685,0.7739560485559633,0.4388784397520523,0.8585979199113825,0.6973680290593639,0.09417734788764953,0.9756223516367559,0.761139701990353,0.7860643052769538,0.12811363267554587,0.45038593789556713,0.37079802423258124,0.9267649888486018,0.6438651200806645,0.82276161327083,0.44341419882733113,0.2272387217847769,0.5545847870158348,0.06381725610417532,0.45395604855596305,0.11887843975205221,0.5385979199113822,0.6973680290593639,0.09417734788764953,0.9756223516367559,0.761139701990353,0.7860643052769538,0.12811363267554587,0.45038593789556713,0.37079802423258124,0.9267649888486018,0.6438651200806645,0.82276161327083,0.44341419882733113,0.2272387217847769,0.23458478701583454,0.0,16.0,42.0,0.0
17,1,83.0,34.0,100.0,100.0,100,100.0,100.0,13.709499553449398,6.345195191470766,64.85643460618802,63.236445580774785,74.94846965021858,0,0,0,1,0.8276311719925821,0.6316643991220648,0.7580877400853738,0.35452596812986836,0.9706980243949033,0.8931211213221977,0.7783834970737619,0.19463870785196757,0.4667210037270342,0.04380376578722878,0.15428949206754783,0.6830489532424546,0.7447621559078171,0.8276311719925821,0.6316643991220648,0.7580877400853738,0.35452596812986836,0.9706980243949033,0.8931211213221977,0.7783834970737619,0.19463870785196757,0.4667210037270342,0.04380376578722878,0.0,0.36304895324245434,0.40476215590781683,0.7739560485559633,0.4388784397520523,0.8585979199113825,0.6973680290593639,0.09417734788764953,0.9756223516367559,0.761139701990353,0.7860643052769538,0.12811363267554587,0.45038593789556713,0.37079802423258124,0.9267649888486018,0.6438651200806645,0.82276161327083,0.44341419882733113,0.2272387217847769,0.5545847870158348,0.06381725610417532,0.43395604855596304,0.09887843975205221,0.5185979199113822,0.6973680290593639,0.09417734788764953,0.9756223516367559,0.761139701990353,0.7860643052769538,0.12811363267554587,0.45038593789556713,0.37079802423258124,0.9267649888486018,0.6438651200806645,0.82276161327083,0.44341419882733113,0.2272387217847769,0.21458478701583455,0.0,17.0,41.5,0.0
18,1,82.0,36.0,100.0,100.0,100,90.0,100.0,12.525621080538809,6.718441967439633,60.64047460184024,64.31772659310494,70.65597419057167,0,0,0,1,0.8276311719925821,0.6316643991220648,0.7580877400853738,0.35452596812986836,0.9706980243949033,0.8931211213221977,0.7783834970737619,0.19463870785196757,0.4667210037270342,0.04380376578722878,0.15428949206754783,0.6830489532424546,0.7447621559078171,0.8276311719925821,0.6316643991220648,0.7580877400853738,0.35452596812986836,0.9706980243949033,0.8931211213221977,0.7783834970737619,0.19463870785196757,0.4667210037270342,0.04380376578722878,0.0,0.3430489532424543,0.3847621559078168,0.7739560485559633,0.4388784397520523,0.8585979199113825,0.6973680290593639,0.09417734788764953,0.9756223516367559,0.761139701990353,0.7860643052769538,0.12811363267554587,0.45038593789556713,0.37079802423258124,0.9267649888486018,0.6438651200806645,0.82276161327083,0.44341419882733113,0.2272387217847769,0.5545847870158348,0.06381725610417532,0.413956048555963,0.0788784397520522,0.49859791991138214,0.6973680290593639,0.09417734788764953,0.9756223516367559,0.761139701990353,0.7860643052769538,0.12811363267554587,0.45038593789556713,0.37079802423258124,0.9267649888486018,0.6438651200806645,0.82276161327083,0.44341419882733113,0.2272387217847769,0.19458478701583456,0.0,18.0,41.0,0.0
19,1,81.0,38.0,100.0,100.0,100,80.0,90.58226521123504,11.33555483813885,7.091688743408501,56.42451459749244,65.39900760543509,66.38708661787643,0,0,0,1,0.8276311719925821,0.6316643991220648,0.7580877400853738,0.35452596812986836,0.9706980243949033,0.8931211213221977,0.7783834970737619,0.19463870785196757,0.4667210037270342,0.04380376578722878,0.15428949206754783,0.6830489532424546,0.7447621559078171,0.8276311719925821,0.6316643991220648,0.7580877400853738,0.35452596812986836,0.9706980243949033,0.8931211213221977,0.7783834970737619,0.19463870785196757,0.4667210037270342,0.04380376578722878,0.0,0.3230489532424543,0.3647621559078168,0.7739560485559633,0.4388784397520523,0.8585979199113825,0.6973680290593639,0.09417734788764953,0.9756223516367559,0.761139701990353,0.7860643052769538,0.12811363267554587,0.45038593789556713,0.37079802423258124,0.9267649888486018,0.6438651200806645,0.82276161327083,0.44341419882733113,0.2272387217847769,0.5545847870158348,0.06381725610417532,0.393956048555963,0.0588784397520522,0.4785979199113821,0.6973680290593639,0.09417734788764953,0.9756223516367559,0.761139701990353,0.7860643052769538,0.12811363267554587,0.45038593789556713,0.37079802423258124,0.9267649888486018,0.6438651200806645,0.82276161327083,0.44341419882733113,0.2272387217847769,0.17458478701583457,0.0,19.0,40.5,0.0
20,1,80.0,40.0,100.0,100.0,100,90.0,100.0,10.932789584775636,7.464935519377372,60.960105633023716,66.48028861776524,70.67823400262839,0,0,0,1,0.8276311719925821,0.6316643991220648,0.7580877400853738,0.35452596812986836,0.9706980243949033,0.8931211213221977,0.7783834970737619,0.19463870785196757,0.4667210037270342,0.04380376578722878,0.15428949206754783,0.6830489532424546,0.7447621559078171,0.8276311719925821,0.6316643991220648,0.7580877400853738,0.35452596812986836,0.9706980243949033,0.8931211213221977,0.7783834970737619,0.19463870785196757,0.4667210037270342,0.04380376578722878,0.0,0.3030489532424543,0.3447621559078168,0.7739560485559633,0.4388784397520523,0.8585979199113825,0.6973680290593639,0.09417734788764953,0.9756223516367559,0.761139701990353,0.7860643052769538,0.12811363267554587,0.45038593789556713,0.37079802423258124,0.9267649888486018,0.6438651200806645,0.82276161327083,0.44341419882733113,0.2272387217847769,0.5545847870158348,0.06381725610417532,0.373956048555963,0.0388784397520522,0.4585979199113821,0.6973680290593639,0.09417734788764953,0.9756223516367559,0.761139701990353,0.7860643052769538,0.12811363267554587,0.45038593789556713,0.37079802423258124,0.9267649888486018,0.6438651200806645,0.82276161327083,0.44341419882733113,0.2272387217847769,0.15458478701583458,0.0,20.0,40.0,0.0
21,1,79.9,39.9,100.0,100.0,100,80.0,90.58226521123504,10.584709801681633,7.838182295346239,56.744145628675916,67.56156963009539,66.43496839051585,0,0,1,0,0.8276311719925821,0.6316643991220648,0.7580877400853738,0.35452596812986836,0.9706980243949033,0.8931211213221977,0.7783834970737619,0.19463870785196757,0.4667210037270342,0.04380376578722878,0.15428949206754783,0.6830489532424546,0.7447621559078171,0.8276311719925821,0.6316643991220648,0.7580877400853738,0.35452596812986836,0.9706980243949033,0.8931211213221977,0.7583834970737618,0.17463870785196758,0.44672100372703416,0.04380376578722878,0.0,0.3030489532424543,0.3447621559078168,0.7739560485559633,0.4388784397520523,0.8585979199113825,0.6973680290593639,0.09417734788764953,0.9756223516367559,0.761139701990353,0.7860643052769538,0.12811363267554587,0.45038593789556713,0.37079802423258124,0.9267649888486018,0.6438651200806645,0.82276161327083,0.44341419882733113,0.2272387217847769,0.5545847870158348,0.06381725610417532,0.373956048555963,0.0388784397520522,0.4585979199113821,0.6973680290593639,0.09417734788764953,0.9756223516367559,0.761139701990353,0.7860643052769538,0.10811363267554587,0.4303859378955671,0.3507980242325812,0.9067649888486018,0.6238651200806645,0.80276161327083,0.4234141988273311,0.2072387217847769,0.1345847870158346,0.0,21.0,39.5,0.0
22,1,79.80000000000001,39.8,100.0,100.0,100,80.0,82.05146770798522,10.284849778455724,8.239915999846204,56.903961144267655,67.24236875858733,66.43496839051585,0,0,1,0,0.8276311719925821,0.6316643991220648,0.7580877400853738,0.35452596812986836,0.9706980243949033,0.8931211213221977,0.7783834970737619,0.19463870785196757,0.4667210037270342,0.04380376578722878,0.15428949206754783,0.6830489532424546,0.7447621559078171,0.8276311719925821,0.6316643991220648,0.7580877400853738,0.35452596812986836,0.9706980243949033,0.8931211213221977,0.7783834970737619,0.19463870785196757,0.4667210037270342,0.04380376578722878,0.0,0.3030489532424543,0.3447621559078168,0.7739560485559633,0.4388784397520523,0.8585979199113825,0.6973680290593639,0.09417734788764953,0.9756223516367559,0.761139701990353,0.7860643052769538,0.12811363267554587,0.45038593789556713,0.37079802423258124,0.9267649888486018,0.6438651200806645,0.82276161327083,0.44341419882733113,0.2272387217847769,0.5545847870158348,0.06381725610417532,0.373956048555963,0.0388784397520522,0.4585979199113821,0.6973680290593639,0.09417734788764953,0.9756223516367559,0.761139701990353,0.7860643052769538,0.12811363267554587,0.45038593789556713,0.37079802423258124,0.9267649888486018,0.6438651200806645,0.82276161327083,0.44341419882733113,0.2272387217847769,0.15458478701583458,0.02,22.0,39.0,0.0
23,1,79.70000000000002,39.699999999999996,100.0,100.0,100,80.0,74.32407808895806,10.021536850370234,8.641649704346172,57.0637766598594,67.45344152886238,66.43496839051585,0,0,1,0,0.8276311719925821,0.6316643991220648,0.7580877400853738,0.35452596812986836,0.9706980243949033,0.8931211213221977,0.7783834970737619,0.19463870785196757,0.4667210037270342,0.04380376578722878,0.15428949206754783,0.6830489532424546,0.7447621559078171,0.8276311719925821,0.6316643991220648,0.7580877400853738,0.35452596812986836,0.9706980243949033,0.8931211213221977,0.7783834970737619,0.19463870785196757,0.4667210037270342,0.04380376578722878,0.0,0.3030489532424543,0.3447621559078168,0.7739560485559633,0.4388784397520523,0.8585979199113825,0.6973680290593639,0.09417734788764953,0.9756223516367559,0.761139701990353,0.7860643052769538,0.12811363267554587,0.45038593789556713,0.37079802423258124,0.9267649888486018,0.6438651200806645,0.82276161327083,0.44341419882733113,0.2272387217847769,0.5545847870158348,0.06381725610417532,0.373956048555963,0.0388784397520522,0.4585979199113821,0.6973680290593639,0.09417734788764953,0.9756223516367559,0.761139701990353,0.7860643052769538,0.12811363267554587,0.45038593789556713,0.37079802423258124,0.9267649888486018,0.6438651200806645,0.82276161327083,0.44341419882733113,0.2272387217847769,0.15458478701583458,0.02,23.0,38.5,0.0
24,1,79.60000000000002,39.599999999999994,100.0,99.10298941560957,100,80.0,67.32443353034543,8.394830203289054,9.350056920511195,57.22359217545113,67.2781107273239,66.37524965984036,0,0,1,0,0.8276311719925821,0.6316643991220648,0.7580877400853738,0.35452596812986836,0.9706980243949033,0.8931211213221977,0.7783834970737619,0.19463870785196757,0.4667210037270342,0.04380376578722878,0.15428949206754783,0.6830489532424546,0.7447621559078171,0.8276311719925821,0.6316643991220648,0.7580877400853738,0.35452596812986836,0.9706980243949033,0.8931211213221977,0.7783834970737619,0.19463870785196757,0.4667210037270342,0.04380376578722878,0.0,0.3030489532424543,0.3447621559078168,0.7739560485559633,0.4388784397520523,0.8585979199113825,0.6973680290593639,0.09417734788764953,0.9756223516367559,0.761139701990353,0.7860643052769538,0.12811363267554587,0.45038593789556713,0.37079802423258124,0.9267649888486018,0.6438651200806645,0.82276161327083,0.44341419882733113,0.2272387217847769,0.5545847870158348,0.06381725610417532,0.373956048555963,0.0388784397520522,0.4585979199113821,0.6973680290593639,0.09417734788764953,0.9756223516367559,0.761139701990353,0.7860643052769538,0.12811363267554587,0.45038593789556713,0.37079802423258124,0.9267649888486018,0.6438651200806645,0.82276161327083,0.44341419882733113,0.2272387217847769,0.15458478701583458,0.02,24.0,38.0,0.0
25,1,79.50000000000003,39.49999999999999,100.0,96.77483303622779,100,80.0,60.98399693241915,8.017837787664948,10.547749897950629,57.383407691042876,66.90930350123223,66.2202519973711,0,0,1,0,0.8276311719925821,0.6316643991220648,0.7580877400853738,0.35452596812986836,0.9706980243949033,0.8931211213221977,0.7783834970737619,0.19463870785196757,0.4667210037270342,0.04380376578722878,0.15428949206754783,0.6830489532424546,0.7447621559078171,0.8276311719925821,0.6316643991220648,0.7580877400853738,0.35452596812986836,0.9706980243949033,0.8931211213221977,0.7783834970737619,0.19463870785196757,0.4667210037270342,0.04380376578722878,0.0,0.3030489532424543,0.3447621559078168,0.7739560485559633,0.4388784397520523,0.8585979199113825,0.6973680290593639,0.09417734788764953,0.9756223516367559,0.761139701990353,0.7860643052769538,0.12811363267554587,0.45038593789556713,0.37079802423258124,0.9267649888486018,0.6438651200806645,0.82276161327083,0.44341419882733113,0.2272387217847769,0.5545847870158348,0.06381725610417532,0.373956048555963,0.0388784397520522,0.4585979199113821,0.6973680290593639,0.09417734788764953,0.9756223516367559,0.761139701990353,0.7860643052769538,0.12811363267554587,0.45038593789556713,0.37079802423258124,0.9267649888486018,0.6438651200806645,0.82276161327083,0.44341419882733113,0.2272387217847769,0.15458478701583458,0.02,25.0,37.5,0.0
26,1,79.40000000000003,39.39999999999999,100.0,92.71913255370963,100,80.0,55.24068583773536,7.596730354599239,12.336062457683083,57.543223206634615,66.30694979965038,65.95024260279911,0,0,1,0,0.8276311719925821,0.6316643991220648,0.7580877400853738,0.35452596812986836,0.9706980243949033,0.8931211213221977,0.7783834970737619,0.19463870785196757,0.4667210037270342,0.04380376578722878,0.15428949206754783,0.6830489532424546,0.7447621559078171,0.8276311719925821,0.6316643991220648,0.7580877400853738,0.35452596812986836,0.9706980243949033,0.8931211213221977,0.7983834970737619,0.21463870785196756,0.4867210037270342,0.04380376578722878,0.0,0.3030489532424543,0.3447621559078168,0.7739560485559633,0.4388784397520523,0.8585979199113825,0.6973680290593639,0.09417734788764953,0.9756223516367559,0.761139701990353,0.7860643052769538,0.12811363267554587,0.45038593789556713,0.37079802423258124,0.9267649888486018,0.6438651200806645,0.82276161327083,0.44341419882733113,0.2272387217847769,0.5545847870158348,0.06381725610417532,0.373956048555963,0.0388784397520522,0.4585979199113821,0.6973680290593639,0.09417734788764953,0.9756223516367559,0.761139701990353,0.7860643052769538,0.14811363267554586,0.47038593789556715,0.39079802423258125,0.9467649888486018,0.6638651200806646,0.84276161327083,0.46341419882733115,0.24723872178477688,0.17458478701583457,0.04,26.0,37.0,0.0
27,1,79.30000000000004,39.29999999999999,100.0,87.9062095886669,100,80.0,50.038264550042605,7.7255432763314555,14.383257222228485,57.70303872222635,65.8097433145889,65.6298209095517,0,0,1,0,0.8276311719925821,0.6316643991220648,0.7580877400853738,0.35452596812986836,0.9706980243949033,0.8931211213221977,0.7783834970737619,0.19463870785196757,0.4667210037270342,0.04380376578722878,0.15428949206754783,0.6830489532424546,0.7447621559078171,0.8276311719925821,0.6316643991220648,0.7580877400853738,0.35452596812986836,0.9706980243949033,0.8931211213221977,0.8183834970737619,0.23463870785196755,0.5067210037270342,0.04380376578722878,0.0,0.3030489532424543,0.3447621559078168,0.7739560485559633,0.4388784397520523,0.8585979199113825,0.6973680290593639,0.09417734788764953,0.9756223516367559,0.761139701990353,0.7860643052769538,0.12811363267554587,0.45038593789556713,0.37079802423258124,0.9267649888486018,0.6438651200806645,0.82276161327083,0.44341419882733113,0.2272387217847769,0.5545847870158348,0.06381725610417532,0.373956048555963,0.0388784397520522,0.4585979199113821,0.6973680290593639,0.09417734788764953,0.9756223516367559,0.761139701990353,0.7860643052769538,0.16811363267554585,0.49038593789556717,0.41079802423258127,0.9667649888486018,0.6838651200806646,0.86276161327083,0.48341419882733117,0.26723872178477687,0.19458478701583456,0.06,27.0,36.5,0.0
28,1,78.30000000000004,41.29999999999999,100.0,82.46405675577326,100,80.0,45.325793501819,7.890974399692982,16.64557557235511,57.86285423781809,65.17685816480635,65.26750806176825,0,0,0,1,0.8276311719925821,0.6316643991220648,0.7580877400853738,0.35452596812986836,0.9706980243949033,0.8931211213221977,0.7783834970737619,0.19463870785196757,0.4667210037270342,0.04380376578722878,0.15428949206754783,0.6830489532424546,0.7447621559078171,0.8276311719925821,0.6316643991220648,0.7580877400853738,0.35452596812986836,0.9706980243949033,0.8931211213221977,0.8183834970737619,0.23463870785196755,0.5067210037270342,0.04380376578722878,0.0,0.28304895324245427,0.32476215590781676,0.7739560485559633,0.4388784397520523,0.8585979199113825,0.6973680290593639,0.09417734788764953,0.9756223516367559,0.761139701990353,0.7860643052769538,0.12811363267554587,0.45038593789556713,0.37079802423258124,0.9267649888486018,0.6438651200806645,0.82276161327083,0.44341419882733113,0.2272387217847769,0.5545847870158348,0.06381725610417532,0.35395604855596297,0.0188784397520522,0.4385979199113821,0.6973680290593639,0.09417734788764953,0.9756223516367559,0.761139701990353,0.7860643052769538,0.16811363267554585,0.49038593789556717,0.41079802423258127,0.9667649888486018,0.6838651200806646,0.86276161327083,0.48341419882733117,0.26723872178477687,0.17458478701583457,0.039999999999999994,28.0,36.0,0.0
29,1,77.30000000000004,43.29999999999999,100.0,78.18346070597158,100,90.0,100.0,8.512291926187533,18.767158671211043,62.39844527334937,65.62892581563499,69.22410620201654,0,0,0,1,0.8276311719925821,0.6316643991220648,0.7580877400853738,0.35452596812986836,0.9706980243949033,0.8931211213221977,0.7783834970737619,0.19463870785196757,0.4667210037270342,0.04380376578722878,0.15428949206754783,0.6830489532424546,0.7447621559078171,0.8276311719925821,0.6316643991220648,0.7580877400853738,0.35452596812986836,0.9706980243949033,0.8931211213221977,0.8183834970737619,0.23463870785196755,0.5067210037270342,0.04380376578722878,0.0,0.26304895324245425,0.30476215590781675,0.7739560485559633,0.4388784397520523,0.8585979199113825,0.6973680290593639,0.09417734788764953,0.9756223516367559,0.761139701990353,0.7860643052769538,0.12811363267554587,0.45038593789556713,0.37079802423258124,0.9267649888486018,0.6438651200806645,0.82276161327083,0.44341419882733113,0.2272387217847769,0.5545847870158348,0.06381725610417532,0.33395604855596295,0.0,0.41859791991138207,0.6973680290593639,0.09417734788764953,0.9756223516367559,0.761139701990353,0.7860643052769538,0.16811363267554585,0.49038593789556717,0.41079802423258127,0.9667649888486018,0.6838651200806646,0.86276161327083,0.48341419882733117,0.26723872178477687,0.15458478701583458,0.019999999999999993,29.0,35.5,0.0
30,1,76.30000000000004,45.29999999999999,100.0,75.26327479637565,100,85.85786437626905,90.58226521123504,9.304251446448417,20.423639393058618,60.74575522268197,66.27569124736225,67.25743905021955,0,0,0,1,0.8276311719925821,0.6316643991220648,0.7580877400853738,0.35452596812986836,0.9706980243949033,0.8931211213221977,0.7783834970737619,0.19463870785196757,0.4667210037270342,0.04380376578722878,0.15428949206754783,0.6830489532424546,0.7447621559078171,0.8276311719925821,0.6316643991220648,0.7580877400853738,0.35452596812986836,0.9706980243949033,0.8931211213221977,0.8183834970737619,0.23463870785196755,0.5067210037270342,0.04380376578722878,0.0,0.24304895324245426,0.2847621559078167,0.7739560485559633,0.4388784397520523,0.8585979199113825,0.6973680290593639,0.09417734788764953,0.9756223516367559,0.761139701990353,0.7860643052769538,0.12811363267554587,0.45038593789556713,0.37079802423258124,0.9267649888486018,0.6438651200806645,0.82276161327083,0.44341419882733113,0.2272387217847769,0.5545847870158348,0.06381725610417532,0.31395604855596293,0.0,0.39859791991138205,0.6973680290593639,0.09417734788764953,0.9756223516367559,0.761139701990353,0.7860643052769538,0.16811363267554585,0.49038593789556717,0.41079802423258127,0.9667649888486018,0.6838651200806646,0.86276161327083,0.48341419882733117,0.26723872178477687,0.1345847870158346,0.0,30.0,35.0,0.0
31,1,75.30000000000004,47.29999999999999,100.0,72.86172695491604,100,100.0,100.0,9.851300033434118,21.902806089401544,67.09385182447237,66.99668258932891,73.03650511245135,0,0,0,1,0.8276311719925821,0.6316643991220648,0.7580877400853738,0.35452596812986836,0.9706980243949033,0.8931211213221977,0.7783834970737619,0.19463870785196757,0.4667210037270342,0.04380376578722878,0.15428949206754783,0.6830489532424546,0.7447621559078171,0.8276311719925821,0.6316643991220648,0.7580877400853738,0.35452596812986836,0.9706980243949033,0.8931211213221977,0.8183834970737619,0.23463870785196755,0.5067210037270342,0.04380376578722878,0.0,0.22304895324245427,0.2647621559078167,0.7739560485559633,0.4388784397520523,0.8585979199113825,0.6973680290593639,0.09417734788764953,0.9756223516367559,0.761139701990353,0.7860643052769538,0.12811363267554587,0.45038593789556713,0.37079802423258124,0.9267649888486018,0.6438651200806645,0.82276161327083,0.44341419882733113,0.2272387217847769,0.5545847870158348,0.06381725610417532,0.2939560485559629,0.0,0.37859791991138203,0.6973680290593639,0.09417734788764953,0.9756223516367559,0.761139701990353,0.7860643052769538,0.16811363267554585,0.49038593789556717,0.41079802423258127,0.9667649888486018,0.6838651200806646,0.86276161327083,0.48341419882733117,0.26723872178477687,0.11458478701583459,0.0,31.0,34.5,0.0
32,1,75.20000000000005,47.19999999999999,100.0,70.53680921027885,100,85.85786437626905,90.58226521123504,10.533738635465093,23.35577418641831,61.06538625386545,67.72864099877062,66.8945391926582,0,0,1,0,0.8276311719925821,0.6316643991220648,0.7580877400853738,0.35452596812986836,0.9706980243949033,0.8931211213221977,0.7783834970737619,0.19463870785196757,0.4667210037270342,0.04380376578722878,0.15428949206754783,0.6830489532424546,0.7447621559078171,0.8276311719925821,0.6316643991220648,0.7580877400853738,0.35452596812986836,0.9706980243949033,0.8931211213221977,0.8183834970737619,0.23463870785196755,0.5067210037270342,0.04380376578722878,0.0,0.22304895324245427,0.2647621559078167,0.7739560485559633,0.4388784397520523,0.8585979199113825,0.6973680290593639,0.09417734788764953,0.9756223516367559,0.761139701990353,0.7860643052769538,0.12811363267554587,0.45038593789556713,0.37079802423258124,0.9267649888486018,0.6438651200806645,0.82276161327083,0.44341419882733113,0.2272387217847769,0.5545847870158348,0.06381725610417532,0.2939560485559629,0.0,0.37859791991138203,0.6973680290593639,0.09417734788764953,0.9756223516367559,0.761139701990353,0.7860643052769538,0.16811363267554585,0.49038593789556717,0.41079802423258127,0.9667649888486018,0.6838651200806646,0.86276161327083,0.48341419882733117,0.26723872178477687,0.11458478701583459,0.0,32.0,34.0,0.0
33,1,75.10000000000005,47.09999999999999,100.0,68.28607640120698,100,85.85786437626905,82.05146770798522,10.864709122908883,24.526997288690424,61.22520176945717,67.35328825283469,66.73358376980931,0,0,1,0,0.8276311719925821,0.6316643991220648,0.7580877400853738,0.35452596812986836,0.9706980243949033,0.8931211213221977,0.7783834970737619,0.19463870785196757,0.4667210037270342,0.04380376578722878,0.15428949206754783,0.6830489532424546,0.7447621559078171,0.8276311719925821,0.6316643991220648,0.7580877400853738,0.35452596812986836,0.9706980243949033,0.8931211213221977,0.8183834970737619,0.23463870785196755,0.5067210037270342,0.04380376578722878,0.0,0.22304895324245427,0.2647621559078167,0.7739560485559633,0.4388784397520523,0.8585979199113825,0.6973680290593639,0.09417734788764953,0.9756223516367559,0.761139701990353,0.7860643052769538,0.12811363267554587,0.45038593789556713,0.37079802423258124,0.9267649888486018,0.6438651200806645,0.82276161327083,0.44341419882733113,0.2272387217847769,0.5545847870158348,0.06381725610417532,0.2939560485559629,0.0,0.37859791991138203,0.6973680290593639,0.09417734788764953,0.9756223516367559,0.761139701990353,0.7860643052769538,0.16811363267554585,0.49038593789556717,0.41079802423258127,0.9667649888486018,0.6838651200806646,0.86276161327083,0.48341419882733117,0.26723872178477687,0.11458478701583459,0.0,33.0,33.5,0.0
34,1,75.00000000000006,46.999999999999986,100.0,66.10716138818442,100,85.85786437626905,74.32407808895806,11.17696920135326,25.673667039978994,61.38501728504893,66.9882138524554,66.57776421368109,0,0,1,0,0.8276311719925821,0.6316643991220648,0.7580877400853738,0.35452596812986836,0.9706980243949033,0.8931211213221977,0.7783834970737619,0.19463870785196757,0.4667210037270342,0.04380376578722878,0.15428949206754783,0.6830489532424546,0.7447621559078171,0.8276311719925821,0.6316643991220648,0.7580877400853738,0.35452596812986836,0.9706980243949033,0.8931211213221977,0.8183834970737619,0.23463870785196755,0.5067210037270342,0.04380376578722878,0.0,0.22304895324245427,0.2647621559078167,0.7739560485559633,0.4388784397520523,0.8585979199113825,0.6973680290593639,0.09417734788764953,0.9756223516367559,0.761139701990353,0.7860643052769538,0.12811363267554587,0.45038593789556713,0.37079802423258124,0.9267649888486018,0.6438651200806645,0.82276161327083,0.44341419882733113,0.2272387217847769,0.5545847870158348,0.06381725610417532,0.2939560485559629,0.0,0.37859791991138203,0.6973680290593639,0.09417734788764953,0.9756223516367559,0.761139701990353,0.7860643052769538,0.16811363267554585,0.49038593789556717,0.41079802423258127,0.9667649888486018,0.6838651200806646,0.86276161327083,0.48341419882733117,0.26723872178477687,0.11458478701583459,0.0,34.0,33.0,0.0
35,1,74.90000000000006,46.899999999999984,100.0,64.3340472161475,100,85.85786437626905,67.32443353034543,11.6357236254479,26.68160000141544,61.54483280064066,66.68121643995771,66.45096447087322,0,0,1,0,0.8276311719925821,0.6316643991220648,0.7580877400853738,0.35452596812986836,0.9706980243949033,0.8931211213221977,0.7783834970737619,0.19463870785196757,0.4667210037270342,0.04380376578722878,0.15428949206754783,0.6830489532424546,0.7447621559078171,0.8276311719925821,0.6316643991220648,0.7580877400853738,0.35452596812986836,0.9706980243949033,0.8931211213221977,0.8183834970737619,0.23463870785196755,0.5067210037270342,0.04380376578722878,0.0,0.22304895324245427,0.2647621559078167,0.7739560485559633,0.4388784397520523,0.8585979199113825,0.6973680290593639,0.09417734788764953,0.9756223516367559,0.761139701990353,0.7860643052769538,0.12811363267554587,0.45038593789556713,0.37079802423258124,0.9267649888486018,0.6438651200806645,0.82276161327083,0.44341419882733113,0.2272387217847769,0.5545847870158348,0.06381725610417532,0.2939560485559629,0.0,0.37859791991138203,0.6973680290593639,0.09417734788764953,0.9756223516367559,0.761139701990353,0.7860643052769538,0.16811363267554585,0.49038593789556717,0.41079802423258127,0.9667649888486018,0.6838651200806646,0.86276161327083,0.48341419882733117,0.26723872178477687,0.11458478701583459,0.0,35.0,32.5,0.0
36,1,74.80000000000007,46.79999999999998,100.0,62.281236032442,100,85.85786437626905,60.98399693241915,11.80729588870287,27.7851568788494,61.704648316232394,66.33418963787636,66.30416290883508,0,0,1,0,0.8276311719925821,0.6316643991220648,0.7580877400853738,0.35452596812986836,0.9706980243949033,0.8931211213221977,0.7783834970737619,0.19463870785196757,0.4667210037270342,0.04380376578722878,0.15428949206754783,0.6830489532424546,0.7447621559078171,0.8276311719925821,0.6316643991220648,0.7580877400853738,0.35452596812986836,0.9706980243949033,0.8931211213221977,0.8183834970737619,0.23463870785196755,0.5067210037270342,0.04380376578722878,0.0,0.22304895324245427,0.2647621559078167,0.7739560485559633,0.4388784397520523,0.8585979199113825,0.6973680290593639,0.09417734788764953,0.9756223516367559,0.761139701990353,0.7860643052769538,0.12811363267554587,0.45038593789556713,0.37079802423258124,0.9267649888486018,0.6438651200806645,0.82276161327083,0.44341419882733113,0.2272387217847769,0.5545847870158348,0.06381725610417532,0.2939560485559629,0.0,0.37859791991138203,0.6973680290593639,0.09417734788764953,0.9756223516367559,0.761139701990353,0.7860643052769538,0.16811363267554585,0.49038593789556717,0.41079802423258127,0.9667649888486018,0.6838651200806646,0.86276161327083,0.48341419882733117,0.26723872178477687,0.11458478701583459,0.0,36.0,32.0,0.0
37,1,73.80000000000007,48.79999999999998,100.0,60.29392723725853,100,85.85786437626905,55.24068583773536,12.111070400905042,28.866319541699877,61.86446383182413,65.996537339345,66.16204558323747,0,0,0,1,0.8276311719925821,0.6316643991220648,0.7580877400853738,0.35452596812986836,0.9706980243949033,0.8931211213221977,0.7783834970737619,0.19463870785196757,0.4667210037270342,0.04380376578722878,0.15428949206754783,0.6830489532424546,0.7447621559078171,0.8276311719925821,0.6316643991220648,0.7580877400853738,0.35452596812986836,0.9706980243949033,0.8931211213221977,0.8183834970737619,0.23463870785196755,0.5067210037270342,0.04380376578722878,0.0,0.20304895324245428,0.24476215590781672,0.7739560485559633,0.4388784397520523,0.8585979199113825,0.6973680290593639,0.09417734788764953,0.9756223516367559,0.761139701990353,0.7860643052769538,0.12811363267554587,0.45038593789556713,0.37079802423258124,0.9267649888486018,0.6438651200806645,0.82276161327083,0.44341419882733113,0.2272387217847769,0.5545847870158348,0.06381725610417532,0.2739560485559629,0.0,0.358597919911382,0.6973680290593639,0.09417734788764953,0.9756223516367559,0.761139701990353,0.7860643052769538,0.16811363267554585,0.49038593789556717,0.41079802423258127,0.9667649888486018,0.6838651200806646,0.86276161327083,0.48341419882733117,0.26723872178477687,0.09458478701583459,0.0,37.0,31.5,0.0
38,1,72.80000000000007,50.79999999999998,100.0,58.37003073924521,100,100.0,100.0,12.783230766685588,30.18218491541042,68.21256043361454,66.78588869559248,71.90641099480752,0,0,0,1,0.8276311719925821,0.6316643991220648,0.7580877400853738,0.35452596812986836,0.9706980243949033,0.8931211213221977,0.7783834970737619,0.19463870785196757,0.4667210037270342,0.04380376578722878,0.15428949206754783,0.6830489532424546,0.7447621559078171,0.8276311719925821,0.6316643991220648,0.7580877400853738,0.35452596812986836,0.9706980243949033,0.8931211213221977,0.8183834970737619,0.23463870785196755,0.5067210037270342,0.04380376578722878,0.0,0.1830489532424543,0.22476215590781673,0.7739560485559633,0.4388784397520523,0.8585979199113825,0.6973680290593639,0.09417734788764953,0.9756223516367559,0.761139701990353,0.7860643052769538,0.12811363267554587,0.45038593789556713,0.37079802423258124,0.9267649888486018,0.6438651200806645,0.82276161327083,0.44341419882733113,0.2272387217847769,0.5545847870158348,0.06381725610417532,0.2539560485559629,0.0,0.338597919911382,0.6973680290593639,0.09417734788764953,0.9756223516367559,0.761139701990353,0.7860643052769538,0.16811363267554585,0.49038593789556717,0.41079802423258127,0.9667649888486018,0.6838651200806646,0.86276161327083,0.48341419882733117,0.26723872178477687,0.07458478701583458,0.0,38.0,31.0,0.0
39,1,72.70000000000007,50.69999999999998,100.0,56.50752313899771,100,85.85786437626905,90.58226521123504,13.47607617283749,31.477062410959086,62.18409486300762,67.5840258450457,65.81280535536047,0,0,1,0,0.8276311719925821,0.6316643991220648,0.7580877400853738,0.35452596812986836,0.9706980243949033,0.8931211213221977,0.7783834970737619,0.19463870785196757,0.4667210037270342,0.04380376578722878,0.15428949206754783,0.6830489532424546,0.7447621559078171,0.8276311719925821,0.6316643991220648,0.7580877400853738,0.35452596812986836,0.9706980243949033,0.8931211213221977,0.8183834970737619,0.23463870785196755,0.5067210037270342,0.04380376578722878,0.0,0.1830489532424543,0.22476215590781673,0.7739560485559633,0.4388784397520523,0.8585979199113825,0.6973680290593639,0.09417734788764953,0.9756223516367559,0.761139701990353,0.7860643052769538,0.12811363267554587,0.45038593789556713,0.37079802423258124,0.9267649888486018,0.6438651200806645,0.82276161327083,0.44341419882733113,0.2272387217847769,0.5545847870158348,0.06381725610417532,0.2539560485559629,0.0,0.338597919911382,0.6973680290593639,0.09417734788764953,0.9756223516367559,0.761139701990353,0.7860643052769538,0.16811363267554585,0.49038593789556717,0.41079802423258127,0.9667649888486018,0.6838651200806646,0.86276161327083,0.48341419882733117,0.26723872178477687,0.07458478701583458,0.0,39.0,30.5,0.0
40,1,72.60000000000008,50.59999999999998,100.0,54.7044456010107,100,85.85786437626905,82.05146770798522,13.80828819792059,32.49523936596387,62.343910378599354,67.27274016632127,65.67889761006599,0,0,1,0,0.8276311719925821,0.6316643991220648,0.7580877400853738,0.35452596812986836,0.9706980243949033,0.8931211213221977,0.7783834970737619,0.19463870785196757,0.4667210037270342,0.04380376578722878,0.15428949206754783,0.6830489532424546,0.7447621559078171,0.8276311719925821,0.6316643991220648,0.7580877400853738,0.35452596812986836,0.9706980243949033,0.8931211213221977,0.8183834970737619,0.23463870785196755,0.5067210037270342,0.04380376578722878,0.0,0.1830489532424543,0.22476215590781673,0.7739560485559633,0.4388784397520523,0.8585979199113825,0.6973680290593639,0.09417734788764953,0.9756223516367559,0.761139701990353,0.7860643052769538,0.12811363267554587,0.45038593789556713,0.37079802423258124,0.9267649888486018,0.6438651200806645,0.82276161327083,0.44341419882733113,0.2272387217847769,0.5545847870158348,0.06381725610417532,0.2539560485559629,0.0,0.338597919911382,0.6973680290593639,0.09417734788764953,0.9756223516367559,0.761139701990353,0.7860643052769538,0.16811363267554585,0.49038593789556717,0.41079802423258127,0.9667649888486018,0.6838651200806646,0.86276161327083,0.48341419882733117,0.26723872178477687,0.07458478701583458,0.0,40.0,30.0,0.0
41,1,72.50000000000009,50.49999999999998,100.0,53.2750754331327,100,85.85786437626905,74.32407808895806,14.268792295422914,33.385651773347035,62.50372589419109,67.01493835508309,65.57274369691513,0,0,1,0,0.8276311719925821,0.6316643991220648,0.7580877400853738,0.35452596812986836,0.9706980243949033,0.8931211213221977,0.7783834970737619,0.19463870785196757,0.4667210037270342,0.04380376578722878,0.15428949206754783,0.6830489532424546,0.7447621559078171,0.8276311719925821,0.6316643991220648,0.7580877400853738,0.35452596812986836,0.9706980243949033,0.8931211213221977,0.8183834970737619,0.23463870785196755,0.5067210037270342,0.04380376578722878,0.0,0.1830489532424543,0.22476215590781673,0.7739560485559633,0.4388784397520523,0.8585979199113825,0.6973680290593639,0.09417734788764953,0.9756223516367559,0.761139701990353,0.7860643052769538,0.12811363267554587,0.45038593789556713,0.37079802423258124,0.9267649888486018,0.6438651200806645,0.82276161327083,0.44341419882733113,0.2272387217847769,0.5545847870158348,0.06381725610417532,0.2539560485559629,0.0,0.338597919911382,0.6973680290593639,0.09417734788764953,0.9756223516367559,0.761139701990353,0.7860643052769538,0.16811363267554585,0.49038593789556717,0.41079802423258127,0.9667649888486018,0.6838651200806646,0.86276161327083,0.48341419882733117,0.26723872178477687,0.07458478701583458,0.0,41.0,29.5,0.0
42,1,72.40000000000009,50.39999999999998,100.0,51.57514086668996,100,85.85786437626905,67.32443353034543,14.441145233867132,34.36856580298896,62.66354140978284,66.71841418620151,65.44649598978955,0,0,1,0,0.8276311719925821,0.6316643991220648,0.7580877400853738,0.35452596812986836,0.9706980243949033,0.8931211213221977,0.7783834970737619,0.19463870785196757,0.4667210037270342,0.04380376578722878,0.15428949206754783,0.6830489532424546,0.7447621559078171,0.8276311719925821,0.6316643991220648,0.7580877400853738,0.35452596812986836,0.9706980243949033,0.8931211213221977,0.8183834970737619,0.23463870785196755,0.5067210037270342,0.04380376578722878,0.0,0.1830489532424543,0.22476215590781673,0.7739560485559633,0.4388784397520523,0.8585979199113825,0.6973680290593639,0.09417734788764953,0.9756223516367559,0.761139701990353,0.7860643052769538,0.12811363267554587,0.45038593789556713,0.37079802423258124,0.9267649888486018,0.6438651200806645,0.82276161327083,0.44341419882733113,0.2272387217847769,0.5545847870158348,0.06381725610417532,0.2539560485559629,0.0,0.338597919911382,0.6973680290593639,0.09417734788764953,0.9756223516367559,0.761139701990353,0.7860643052769538,0.16811363267554585,0.49038593789556717,0.41079802423258127,0.9667649888486018,0.6838651200806646,0.86276161327083,0.48341419882733117,0.26723872178477687,0.07458478701583458,0.0,42.0,29.0,0.0
43,1,72.3000000000001,50.299999999999976,100.0,49.929448880040724,100,85.85786437626905,60.98399693241915,14.745648836627602,35.33293516580475,62.82335692537457,66.42965305113151,65.32427667379308,0,0,1,0,0.8276311719925821,0.6316643991220648,0.7580877400853738,0.35452596812986836,0.9706980243949033,0.8931211213221977,0.7783834970737619,0.19463870785196757,0.4667210037270342,0.04380376578722878,0.15428949206754783,0.6830489532424546,0.7447621559078171,0.8276311719925821,0.6316643991220648,0.7580877400853738,0.35452596812986836,0.9706980243949033,0.8931211213221977,0.8183834970737619,0.23463870785196755,0.5067210037270342,0.04380376578722878,0.0,0.1830489532424543,0.22476215590781673,0.7739560485559633,0.4388784397520523,0.8585979199113825,0.6973680290593639,0.09417734788764953,0.9756223516367559,0.761139701990353,0.7860643052769538,0.12811363267554587,0.45038593789556713,0.37079802423258124,0.9267649888486018,0.6438651200806645,0.82276161327083,0.44341419882733113,0.2272387217847769,0.5545847870158348,0.06381725610417532,0.2539560485559629,0.0,0.338597919911382,0.6973680290593639,0.09417734788764953,0.9756223516367559,0.761139701990353,0.7860643052769538,0.16811363267554585,0.49038593789556717,0.41079802423258127,0.9667649888486018,0.6838651200806646,0.86276161327083,0.48341419882733117,0.26723872178477687,0.07458478701583458,0.0,43.0,28.5,0.0
44,1,72.2000000000001,50.199999999999974,100.0,48.33626866688178,100,85.85786437626905,55.24068583773536,15.057187481476607,36.27935159667048,62.983172440966314,66.14840724211462,65.20595720849151,0,0,1,0,0.8276311719925821,0.6316643991220648,0.7580877400853738,0.35452596812986836,0.9706980243949033,0.8931211213221977,0.7783834970737619,0.19463870785196757,0.4667210037270342,0.04380376578722878,0.15428949206754783,0.6830489532424546,0.7447621559078171,0.8276311719925821,0.6316643991220648,0.7580877400853738,0.35452596812986836,0.9706980243949033,0.8931211213221977,0.8183834970737619,0.23463870785196755,0.5067210037270342,0.04380376578722878,0.0,0.1830489532424543,0.22476215590781673,0.7739560485559633,0.4388784397520523,0.8585979199113825,0.6973680290593639,0.09417734788764953,0.9756223516367559,0.761139701990353,0.7860643052769538,0.12811363267554587,0.45038593789556713,0.37079802423258124,0.9267649888486018,0.6438651200806645,0.82276161327083,0.44341419882733113,0.2272387217847769,0.5545847870158348,0.06381725610417532,0.2539560485559629,0.0,0.338597919911382,0.6973680290593639,0.09417734788764953,0.9756223516367559,0.761139701990353,0.7860643052769538,0.16811363267554585,0.49038593789556717,0.41079802423258127,0.9667649888486018,0.6838651200806646,0.86276161327083,0.48341419882733117,0.26723872178477687,0.07458478701583458,0.0,44.0,28.0,0.0
45,1,72.10000000000011,50.09999999999997,100.0,46.79392464856447,100,85.85786437626905,50.038264550042605,15.369100636869641,37.208387949014224,63.14298795655805,65.87443695540713,65.09141315499957,0,0,1,0,0.8276311719925821,0.6316643991220648,0.7580877400853738,0.35452596812986836,0.9706980243949033,0.8931211213221977,0.7783834970737619,0.19463870785196757,0.4667210037270342,0.04380376578722878,0.15428949206754783,0.6830489532424546,0.7447621559078171,0.8276311719925821,0.6316643991220648,0.7580877400853738,0.35452596812986836,0.9706980243949033,0.8931211213221977,0.8183834970737619,0.23463870785196755,0.5067210037270342,0.04380376578722878,0.0,0.1830489532424543,0.22476215590781673,0.7739560485559633,0.4388784397520523,0.8585979199113825,0.6973680290593639,0.09417734788764953,0.9756223516367559,0.761139701990353,0.7860643052769538,0.12811363267554587,0.45038593789556713,0.37079802423258124,0.9267649888486018,0.6438651200806645,0.82276161327083,0.44341419882733113,0.2272387217847769,0.5545847870158348,0.06381725610417532,0.2539560485559629,0.0,0.338597919911382,0.6973680290593639,0.09417734788764953,0.9756223516367559,0.761139701990353,0.7860643052769538,0.16811363267554585,0.49038593789556717,0.41079802423258127,0.9667649888486018,0.6838651200806646,0.86276161327083,0.48341419882733117,0.26723872178477687,0.07458478701583458,0.0,45.0,27.5,0.0
46,1,72.00000000000011,49.99999999999997,100.0,45.30079471185601,100,85.85786437626905,45.325793501819,15.681033729335667,38.120598797297035,63.30280347214978,65.60751003907376,64.98052404510608,0,0,1,0,0.8276311719925821,0.6316643991220648,0.7580877400853738,0.35452596812986836,0.9706980243949033,0.8931211213221977,0.7783834970737619,0.19463870785196757,0.4667210037270342,0.04380376578722878,0.15428949206754783,0.6830489532424546,0.7447621559078171,0.8276311719925821,0.6316643991220648,0.7580877400853738,0.35452596812986836,0.9706980243949033,0.8931211213221977,0.8383834970737619,0.25463870785196757,0.5267210037270342,0.04380376578722878,0.0,0.1830489532424543,0.22476215590781673,0.7739560485559633,0.4388784397520523,0.8585979199113825,0.6973680290593639,0.09417734788764953,0.9756223516367559,0.761139701990353,0.7860643052769538,0.12811363267554587,0.45038593789556713,0.37079802423258124,0.9267649888486018,0.6438651200806645,0.82276161327083,0.44341419882733113,0.2272387217847769,0.5545847870158348,0.06381725610417532,0.2539560485559629,0.0,0.338597919911382,0.6973680290593639,0.09417734788764953,0.9756223516367559,0.761139701990353,0.7860643052769538,0.18811363267554584,0.5103859378955672,0.4307980242325813,0.9867649888486019,0.7038651200806646,0.88276161327083,0.5034141988273312,0.2872387217847769,0.09458478701583459,0.02,46.0,27.0,0.0
47,1,71.90000000000012,49.89999999999997,100.0,43.728524701752,100,85.85786437626905,41.05713047891443,15.877482096919262,39.05986636558291,63.46261898774153,65.31448804382009,64.86375750145416,0,0,1,0,0.8276311719925821,0.6316643991220648,0.7580877400853738,0.35452596812986836,0.9706980243949033,0.8931211213221977,0.7783834970737619,0.19463870785196757,0.4667210037270342,0.04380376578722878,0.15428949206754783,0.6830489532424546,0.7447621559078171,0.8276311719925821,0.6316643991220648,0.7580877400853738,0.35452596812986836,0.9706980243949033,0.8931211213221977,0.8383834970737619,0.25463870785196757,0.5267210037270342,0.04380376578722878,0.0,0.1830489532424543,0.22476215590781673,0.7739560485559633,0.4388784397520523,0.8585979199113825,0.6973680290593639,0.09417734788764953,0.9756223516367559,0.761139701990353,0.7860643052769538,0.12811363267554587,0.45038593789556713,0.37079802423258124,0.9267649888486018,0.6438651200806645,0.82276161327083,0.44341419882733113,0.2272387217847769,0.5545847870158348,0.06381725610417532,0.2539560485559629,0.0,0.338597919911382,0.6973680290593639,0.09417734788764953,0.9756223516367559,0.761139701990353,0.7860643052769538,0.18811363267554584,0.5103859378955672,0.4307980242325813,0.9867649888486019,0.7038651200806646,0.88276161327083,0.5034141988273312,0.2872387217847769,0.09458478701583459,0.02,47.0,26.5,0.0
48,1,71.80000000000013,49.79999999999997,100.0,41.89592222475975,100,85.85786437626905,37.19047881853309,16.02613561826653,40.08813742302528,63.62243450333327,64.99253086868154,64.72765705067206,0,0,1,0,0.8276311719925821,0.6316643991220648,0.7580877400853738,0.35452596812986836,0.9706980243949033,0.8931211213221977,0.7783834970737619,0.19463870785196757,0.4667210037270342,0.04380376578722878,0.15428949206754783,0.6830489532424546,0.7447621559078171,0.8276311719925821,0.6316643991220648,0.7580877400853738,0.35452596812986836,0.9706980243949033,0.8931211213221977,0.8383834970737619,0.25463870785196757,0.5267210037270342,0.04380376578722878,0.0,0.1830489532424543,0.22476215590781673,0.7739560485559633,0.4388784397520523,0.8585979199113825,0.6973680290593639,0.09417734788764953,0.9756223516367559,0.761139701990353,0.7860643052769538,0.12811363267554587,0.45038593789556713,0.37079802423258124,0.9267649888486018,0.6438651200806645,0.82276161327083,0.44341419882733113,0.2272387217847769,0.5545847870158348,0.06381725610417532,0.2539560485559629,0.0,0.338597919911382,0.6973680290593639,0.09417734788764953,0.9756223516367559,0.761139701990353,0.7860643052769538,0.18811363267554584,0.5103859378955672,0.4307980242325813,0.9867649888486019,0.7038651200806646,0.88276161327083,0.5034141988273312,0.2872387217847769,0.09458478701583459,0.02,48.0,26.0,0.0
49,1,71.70000000000013,49.69999999999997,100.0,40.140121603343104,100,85.85786437626905,33.68797815673184,16.325626197112214,41.09015115958245,63.78225001892501,64.68185184107752,64.59726038305952,0,0,1,0,0.8276311719925821,0.6316643991220648,0.7580877400853738,0.35452596812986836,0.9706980243949033,0.8931211213221977,0.7783834970737619,0.19463870785196757,0.4667210037270342,0.04380376578722878,0.15428949206754783,0.6830489532424546,0.7447621559078171,0.8276311719925821,0.6316643991220648,0.7580877400853738,0.35452596812986836,0.9706980243949033,0.8931211213221977,0.8383834970737619,0.25463870785196757,0.5267210037270342,0.04380376578722878,0.0,0.1830489532424543,0.22476215590781673,0.7739560485559633,0.4388784397520523,0.8585979199113825,0.6973680290593639,0.09417734788764953,0.9756223516367559,0.761139701990353,0.7860643052769538,0.12811363267554587,0.45038593789556713,0.37079802423258124,0.9267649888486018,0.6438651200806645,0.82276161327083,0.44341419882733113,0.2272387217847769,0.5545847870158348,0.06381725610417532,0.2539560485559629,0.0,0.338597919911382,0.6973680290593639,0.09417734788764953,0.9756223516367559,0.761139701990353,0.7860643052769538,0.18811363267554584,0.5103859378955672,0.4307980242325813,0.9867649888486019,0.7038651200806646,0.88276161327083,0.5034141988273312,0.2872387217847769,0.09458478701583459,0.02,49.0,25.5,0.0
50,1,70.70000000000013,51.69999999999997,100.0,38.45790417710303,100,85.85786437626905,30.515333718233766,16.63163821782088,42.067007983549026,63.94206553451674,64.38197830931789,64.47232846088917,0,0,0,1,0.8276311719925821,0.6316643991220648,0.7580877400853738,0.35452596812986836,0.9706980243949033,0.8931211213221977,0.7783834970737619,0.19463870785196757,0.4667210037270342,0.04380376578722878,0.15428949206754783,0.6830489532424546,0.7447621559078171,0.8276311719925821,0.6316643991220648,0.7580877400853738,0.35452596812986836,0.9706980243949033,0.8931211213221977,0.8383834970737619,0.25463870785196757,0.5267210037270342,0.04380376578722878,0.0,0.1630489532424543,0.20476215590781674,0.7739560485559633,0.4388784397520523,0.8585979199113825,0.6973680290593639,0.09417734788764953,0.9756223516367559,0.761139701990353,0.7860643052769538,0.12811363267554587,0.45038593789556713,0.37079802423258124,0.9267649888486018,0.6438651200806645,0.82276161327083,0.44341419882733113,0.2272387217847769,0.5545847870158348,0.06381725610417532,0.2339560485559629,0.0,0.318597919911382,0.6973680290593639,0.09417734788764953,0.9756223516367559,0.761139701990353,0.7860643052769538,0.18811363267554584,0.5103859378955672,0.4307980242325813,0.9867649888486019,0.7038651200806646,0.88276161327083,0.5034141988273312,0.2872387217847769,0.07458478701583458,0.0,50.0,25.0,0.0
51,1,70.60000000000014,51.79999999999997,100.0,37.230765217053026,100,100.0,97.37828342468032,17.303194166478363,43.14466314584772,70.29016213630713,65.25866406691519,70.18419233385883,0,1,0,0,0.8276311719925821,0.6316643991220648,0.7580877400853738,0.35452596812986836,0.9706980243949033,0.8931211213221977,0.7783834970737619,0.19463870785196757,0.4667210037270342,0.04380376578722878,0.15428949206754783,0.6830489532424546,0.7447621559078171,0.8276311719925821,0.6316643991220648,0.7580877400853738,0.3745259681298684,0.9906980243949033,0.9131211213221977,0.8383834970737619,0.25463870785196757,0.5267210037270342,0.04380376578722878,0.0,0.1630489532424543,0.20476215590781674,0.7739560485559633,0.4388784397520523,0.8585979199113825,0.6973680290593639,0.09417734788764953,0.9756223516367559,0.761139701990353,0.7860643052769538,0.12811363267554587,0.45038593789556713,0.37079802423258124,0.9267649888486018,0.6438651200806645,0.82276161327083,0.44341419882733113,0.2272387217847769,0.5545847870158348,0.06381725610417532,0.2339560485559629,0.0,0.318597919911382,0.7173680290593639,0.11417734788764954,0.9956223516367559,0.781139701990353,0.8060643052769538,0.18811363267554584,0.5103859378955672,0.4307980242325813,0.9867649888486019,0.7038651200806646,0.88276161327083,0.5034141988273312,0.2872387217847769,0.07458478701583458,0.0,51.0,25.5,0.0
52,1,69.60000000000014,53.79999999999997,100.0,36.04278257764748,100,100.0,100.0,17.47102990885934,43.9525490342388,70.08413022894285,65.13705637857443,70.09423331200234,0,0,0,1,0.8276311719925821,0.6316643991220648,0.7580877400853738,0.35452596812986836,0.9706980243949033,0.8931211213221977,0.7783834970737619,0.19463870785196757,0.4667210037270342,0.04380376578722878,0.15428949206754783,0.6830489532424546,0.7447621559078171,0.8276311719925821,0.6316643991220648,0.7580877400853738,0.3745259681298684,0.9906980243949033,0.9131211213221977,0.8383834970737619,0.25463870785196757,0.5267210037270342,0.04380376578722878,0.0,0.1430489532424543,0.18476215590781675,0.7739560485559633,0.4388784397520523,0.8585979199113825,0.6973680290593639,0.09417734788764953,0.9756223516367559,0.761139701990353,0.7860643052769538,0.12811363267554587,0.45038593789556713,0.37079802423258124,0.9267649888486018,0.6438651200806645,0.82276161327083,0.44341419882733113,0.2272387217847769,0.5545847870158348,0.06381725610417532,0.2139560485559629,0.0,0.29859791991138196,0.7173680290593639,0.11417734788764954,0.9956223516367559,0.781139701990353,0.8060643052769538,0.18811363267554584,0.5103859378955672,0.4307980242325813,0.9867649888486019,0.7038651200806646,0.88276161327083,0.5034141988273312,0.2872387217847769,0.05458478701583458,0.0,52.0,25.0,0.0
53,1,69.50000000000014,53.69999999999997,100.0,34.89270683441506,100,90.0,100.0,18.13587292721738,45.00385752044146,65.8843949580249,66.02505866390717,65.77154437197765,0,0,1,0,0.8276311719925821,0.6316643991220648,0.7580877400853738,0.35452596812986836,0.9706980243949033,0.8931211213221977,0.7783834970737619,0.19463870785196757,0.4667210037270342,0.04380376578722878,0.15428949206754783,0.6830489532424546,0.7447621559078171,0.8276311719925821,0.6316643991220648,0.7580877400853738,0.3745259681298684,0.9906980243949033,0.9131211213221977,0.8383834970737619,0.25463870785196757,0.5267210037270342,0.04380376578722878,0.0,0.1430489532424543,0.18476215590781675,0.7739560485559633,0.4388784397520523,0.8585979199113825,0.6973680290593639,0.09417734788764953,0.9756223516367559,0.761139701990353,0.7860643052769538,0.12811363267554587,0.45038593789556713,0.37079802423258124,0.9267649888486018,0.6438651200806645,0.82276161327083,0.44341419882733113,0.2272387217847769,0.5545847870158348,0.06381725610417532,0.2139560485559629,0.0,0.29859791991138196,0.7173680290593639,0.11417734788764954,0.9956223516367559,0.781139701990353,0.8060643052769538,0.18811363267554584,0.5103859378955672,0.4307980242325813,0.9867649888486019,0.7038651200806646,0.88276161327083,0.5034141988273312,0.2872387217847769,0.05458478701583458,0.0,53.0,24.5,0.0
54,1,68.50000000000014,55.69999999999997,100.0,33.77932843030517,100,90.0,100.0,18.458405066279433,45.78623741902445,66.04652574741522,65.80871762451902,65.6855464076817,0,1,0,0,0.8276311719925821,0.6316643991220648,0.7580877400853738,0.35452596812986836,0.9706980243949033,0.8931211213221977,0.7783834970737619,0.19463870785196757,0.4667210037270342,0.04380376578722878,0.15428949206754783,0.6830489532424546,0.7447621559078171,0.8276311719925821,0.6316643991220648,0.7580877400853738,0.35452596812986836,0.9706980243949033,0.8931211213221977,0.8383834970737619,0.25463870785196757,0.5267210037270342,0.04380376578722878,0.0,0.1430489532424543,0.18476215590781675,0.7739560485559633,0.4388784397520523,0.8585979199113825,0.6973680290593639,0.09417734788764953,0.9756223516367559,0.761139701990353,0.7860643052769538,0.12811363267554587,0.45038593789556713,0.37079802423258124,0.9267649888486018,0.6438651200806645,0.82276161327083,0.44341419882733113,0.2272387217847769,0.5545847870158348,0.06381725610417532,0.2139560485559629,0.0,0.29859791991138196,0.6973680290593639,0.09417734788764953,0.9756223516367559,0.761139701990353,0.7860643052769538,0.18811363267554584,0.5103859378955672,0.4307980242325813,0.9867649888486019,0.7038651200806646,0.88276161327083,0.5034141988273312,0.2872387217847769,0.05458478701583458,0.0,54.0,24.0,0.0
55,1,68.40000000000015,55.79999999999997,100.0,32.70147640357325,100,100.0,100.0,19.11321624816014,46.81285377656092,70.60979316749064,66.70732576988054,69.73791178827683,0,1,0,0,0.8276311719925821,0.6316643991220648,0.7580877400853738,0.35452596812986836,0.9706980243949033,0.8931211213221977,0.7783834970737619,0.19463870785196757,0.4667210037270342,0.04380376578722878,0.15428949206754783,0.6830489532424546,0.7447621559078171,0.8276311719925821,0.6316643991220648,0.7580877400853738,0.3745259681298684,0.9906980243949033,0.9131211213221977,0.8383834970737619,0.25463870785196757,0.5267210037270342,0.04380376578722878,0.0,0.1430489532424543,0.18476215590781675,0.7739560485559633,0.4388784397520523,0.8585979199113825,0.6973680290593639,0.09417734788764953,0.9756223516367559,0.761139701990353,0.7860643052769538,0.12811363267554587,0.45038593789556713,0.37079802423258124,0.9267649888486018,0.6438651200806645,0.82276161327083,0.44341419882733113,0.2272387217847769,0.5545847870158348,0.06381725610417532,0.2139560485559629,0.0,0.29859791991138196,0.7173680290593639,0.11417734788764954,0.9956223516367559,0.781139701990353,0.8060643052769538,0.18811363267554584,0.5103859378955672,0.4307980242325813,0.9867649888486019,0.7038651200806646,0.88276161327083,0.5034141988273312,0.2872387217847769,0.05458478701583458,0.0,55.0,24.5,0.0
56,1,68.30000000000015,55.89999999999997,100.0,31.65801715625751,100,100.0,100.0,19.27830210371019,47.57132943842713,70.40839180772349,66.6069409559868,69.65731441835865,0,1,0,0,0.8276311719925821,0.6316643991220648,0.7580877400853738,0.35452596812986836,0.9706980243949033,0.8931211213221977,0.7783834970737619,0.19463870785196757,0.4667210037270342,0.04380376578722878,0.15428949206754783,0.6830489532424546,0.7447621559078171,0.8276311719925821,0.6316643991220648,0.7580877400853738,0.3945259681298684,1.0106980243949033,0.9331211213221977,0.8383834970737619,0.25463870785196757,0.5267210037270342,0.04380376578722878,0.0,0.1430489532424543,0.18476215590781675,0.7739560485559633,0.4388784397520523,0.8585979199113825,0.6973680290593639,0.09417734788764953,0.9756223516367559,0.761139701990353,0.7860643052769538,0.12811363267554587,0.45038593789556713,0.37079802423258124,0.9267649888486018,0.6438651200806645,0.82276161327083,0.44341419882733113,0.2272387217847769,0.5545847870158348,0.06381725610417532,0.2139560485559629,0.0,0.29859791991138196,0.7373680290593639,0.13417734788764954,1.015622351636756,0.801139701990353,0.8260643052769538,0.18811363267554584,0.5103859378955672,0.4307980242325813,0.9867649888486019,0.7038651200806646,0.88276161327083,0.5034141988273312,0.2872387217847769,0.05458478701583458,0.0,56.0,25.0,0.0
57,1,68.20000000000016,55.99999999999997,100.0,30.64785326195188,100,100.0,100.0,19.422214679315214,48.31842195386518,70.2035160320894,66.51144547582918,69.57928879993918,0,1,0,0,0.8276311719925821,0.6316643991220648,0.7580877400853738,0.35452596812986836,0.9706980243949033,0.8931211213221977,0.7783834970737619,0.19463870785196757,0.4667210037270342,0.04380376578722878,0.15428949206754783,0.6830489532424546,0.7447621559078171,0.8276311719925821,0.6316643991220648,0.7580877400853738,0.4145259681298684,1.0306980243949033,0.9531211213221977,0.8383834970737619,0.25463870785196757,0.5267210037270342,0.04380376578722878,0.0,0.1430489532424543,0.18476215590781675,0.7739560485559633,0.4388784397520523,0.8585979199113825,0.6973680290593639,0.09417734788764953,0.9756223516367559,0.761139701990353,0.7860643052769538,0.12811363267554587,0.45038593789556713,0.37079802423258124,0.9267649888486018,0.6438651200806645,0.82276161327083,0.44341419882733113,0.2272387217847769,0.5545847870158348,0.06381725610417532,0.2139560485559629,0.0,0.29859791991138196,0.757368029059364,0.15417734788764953,1.035622351636756,0.821139701990353,0.8460643052769539,0.18811363267554584,0.5103859378955672,0.4307980242325813,0.9867649888486019,0.7038651200806646,0.88276161327083,0.5034141988273312,0.2872387217847769,0.05458478701583458,0.0,57.0,25.5,0.0
58,1,68.10000000000016,56.09999999999997,100.0,29.669922311621296,100,100.0,100.0,19.5652118279257,49.05449454346051,69.99530130448673,66.42068331747608,69.50375287195637,0,1,0,0,0.8276311719925821,0.6316643991220648,0.7580877400853738,0.35452596812986836,0.9706980243949033,0.8931211213221977,0.7783834970737619,0.19463870785196757,0.4667210037270342,0.04380376578722878,0.15428949206754783,0.6830489532424546,0.7447621559078171,0.8276311719925821,0.6316643991220648,0.7580877400853738,0.43452596812986843,1.0506980243949033,0.9731211213221977,0.8383834970737619,0.25463870785196757,0.5267210037270342,0.04380376578722878,0.0,0.1430489532424543,0.18476215590781675,0.7739560485559633,0.4388784397520523,0.8585979199113825,0.6973680290593639,0.09417734788764953,0.9756223516367559,0.761139701990353,0.7860643052769538,0.12811363267554587,0.45038593789556713,0.37079802423258124,0.9267649888486018,0.6438651200806645,0.82276161327083,0.44341419882733113,0.2272387217847769,0.5545847870158348,0.06381725610417532,0.2139560485559629,0.0,0.29859791991138196,0.777368029059364,0.17417734788764952,1.055622351636756,0.841139701990353,0.8660643052769539,0.18811363267554584,0.5103859378955672,0.4307980242325813,0.9867649888486019,0.7038651200806646,0.88276161327083,0.5034141988273312,0.2872387217847769,0.05458478701583458,0.0,58.0,26.0,0.0
59,1,68.00000000000017,56.199999999999974,100.0,28.723195796245435,100,100.0,100.0,19.70816939803987,49.77989883792796,69.78387613703097,66.33450344712257,69.43062719180415,0,1,0,0,0.8276311719925821,0.6316643991220648,0.7580877400853738,0.35452596812986836,0.9706980243949033,0.8931211213221977,0.7783834970737619,0.19463870785196757,0.4667210037270342,0.04380376578722878,0.15428949206754783,0.6830489532424546,0.7447621559078171,0.8276311719925821,0.6316643991220648,0.7580877400853738,0.45452596812986845,1.0706980243949034,0.9931211213221978,0.8383834970737619,0.25463870785196757,0.5267210037270342,0.04380376578722878,0.0,0.1430489532424543,0.18476215590781675,0.7739560485559633,0.4388784397520523,0.8585979199113825,0.6973680290593639,0.09417734788764953,0.9756223516367559,0.761139701990353,0.7860643052769538,0.12811363267554587,0.45038593789556713,0.37079802423258124,0.9267649888486018,0.6438651200806645,0.82276161327083,0.44341419882733113,0.2272387217847769,0.5545847870158348,0.06381725610417532,0.2139560485559629,0.0,0.29859791991138196,0.797368029059364,0.1941773478876495,1.075622351636756,0.8611397019903531,0.8860643052769539,0.18811363267554584,0.5103859378955672,0.4307980242325813,0.9867649888486019,0.7038651200806646,0.88276161327083,0.5034141988273312,0.2872387217847769,0.05458478701583458,0.0,59.0,26.5,0.0
60,1,67.90000000000018,56.299999999999976,100.0,27.80667802511575,100,100.0,100.0,19.851125256977316,50.49497524792875,69.56936253034822,66.25275965024527,69.35983485178093,0,1,0,0,0.8276311719925821,0.6316643991220648,0.7580877400853738,0.35452596812986836,0.9706980243949033,0.8931211213221977,0.7783834970737619,0.19463870785196757,0.4667210037270342,0.04380376578722878,0.15428949206754783,0.6830489532424546,0.7447621559078171,0.8276311719925821,0.6316643991220648,0.7580877400853738,0.47452596812986847,1.0906980243949034,1.0131211213221978,0.8383834970737619,0.25463870785196757,0.5267210037270342,0.04380376578722878,0.0,0.1430489532424543,0.18476215590781675,0.7739560485559633,0.4388784397520523,0.8585979199113825,0.6973680290593639,0.09417734788764953,0.9756223516367559,0.761139701990353,0.7860643052769538,0.12811363267554587,0.45038593789556713,0.37079802423258124,0.9267649888486018,0.6438651200806645,0.82276161327083,0.44341419882733113,0.2272387217847769,0.5545847870158348,0.06381725610417532,0.2139560485559629,0.0,0.29859791991138196,0.817368029059364,0.2141773478876495,1.095622351636756,0.8811397019903531,0.9060643052769539,0.18811363267554584,0.5103859378955672,0.4307980242325813,0.9867649888486019,0.7038651200806646,0.88276161327083,0.5034141988273312,0.2872387217847769,0.05458478701583458,0.0,60.0,27.0,0.0
61,1,67.80000000000018,56.39999999999998,100.0,26.919405078648172,100,100.0,100.0,19.994081041932006,51.20005332208687,69.35187638082421,66.17531037782557,69.29130139820448,0,1,0,0,0.8276311719925821,0.6316643991220648,0.7580877400853738,0.35452596812986836,0.9706980243949033,0.8931211213221977,0.7783834970737619,0.19463870785196757,0.4667210037270342,0.04380376578722878,0.15428949206754783,0.6830489532424546,0.7447621559078171,0.8276311719925821,0.6316643991220648,0.7580877400853738,0.4945259681298685,1.1106980243949034,1.0331211213221978,0.8383834970737619,0.25463870785196757,0.5267210037270342,0.04380376578722878,0.0,0.1430489532424543,0.18476215590781675,0.7739560485559633,0.4388784397520523,0.8585979199113825,0.6973680290593639,0.09417734788764953,0.9756223516367559,0.761139701990353,0.7860643052769538,0.12811363267554587,0.45038593789556713,0.37079802423258124,0.9267649888486018,0.6438651200806645,0.82276161327083,0.44341419882733113,0.2272387217847769,0.5545847870158348,0.06381725610417532,0.2139560485559629,0.0,0.29859791991138196,0.837368029059364,0.2341773478876495,1.115622351636756,0.9011397019903531,0.9260643052769539,0.18811363267554584,0.5103859378955672,0.4307980242325813,0.9867649888486019,0.7038651200806646,0.88276161327083,0.5034141988273312,0.2872387217847769,0.05458478701583458,0.0,61.0,27.5,0.0
62,1,66.80000000000018,58.39999999999998,100.0,26.06044379461011,99.9504250818338,100.0,100.0,20.137036823688057,51.895452093581895,69.131527857666,66.08592118781543,69.22495475310731,0,0,0,1,0.8276311719925821,0.6316643991220648,0.7580877400853738,0.35452596812986836,0.9706980243949033,0.8931211213221977,0.7783834970737619,0.19463870785196757,0.4667210037270342,0.04380376578722878,0.15428949206754783,0.6830489532424546,0.7447621559078171,0.8276311719925821,0.6316643991220648,0.7580877400853738,0.4945259681298685,1.1106980243949034,1.0331211213221978,0.8383834970737619,0.25463870785196757,0.5267210037270342,0.04380376578722878,0.0,0.12304895324245431,0.16476215590781676,0.7739560485559633,0.4388784397520523,0.8585979199113825,0.6973680290593639,0.09417734788764953,0.9756223516367559,0.761139701990353,0.7860643052769538,0.12811363267554587,0.45038593789556713,0.37079802423258124,0.9267649888486018,0.6438651200806645,0.82276161327083,0.44341419882733113,0.2272387217847769,0.5545847870158348,0.06381725610417532,0.1939560485559629,0.0,0.27859791991138194,0.837368029059364,0.2341773478876495,1.115622351636756,0.9011397019903531,0.9260643052769539,0.18811363267554584,0.5103859378955672,0.4307980242325813,0.9867649888486019,0.7038651200806646,0.88276161327083,0.5034141988273312,0.2872387217847769,0.034584787015834575,0.0,62.0,27.0,0.0
63,1,66.70000000000019,58.299999999999976,100.0,25.22889078669556,99.72834767264435,90.0,100.0,20.788219017249407,52.83786277246216,65.02072242935313,66.94858720906464,64.92344875228389,0,0,1,0,0.8276311719925821,0.6316643991220648,0.7580877400853738,0.35452596812986836,0.9706980243949033,0.8931211213221977,0.7783834970737619,0.19463870785196757,0.4667210037270342,0.04380376578722878,0.15428949206754783,0.6830489532424546,0.7447621559078171,0.8276311719925821,0.6316643991220648,0.7580877400853738,0.4945259681298685,1.1106980243949034,1.0331211213221978,0.8383834970737619,0.25463870785196757,0.5267210037270342,0.04380376578722878,0.0,0.12304895324245431,0.16476215590781676,0.7739560485559633,0.4388784397520523,0.8585979199113825,0.6973680290593639,0.09417734788764953,0.9756223516367559,0.761139701990353,0.7860643052769538,0.12811363267554587,0.45038593789556713,0.37079802423258124,0.9267649888486018,0.6438651200806645,0.82276161327083,0.44341419882733113,0.2272387217847769,0.5545847870158348,0.06381725610417532,0.1939560485559629,0.0,0.27859791991138194,0.837368029059364,0.2341773478876495,1.115622351636756,0.9011397019903531,0.9260643052769539,0.18811363267554584,0.5103859378955672,0.4307980242325813,0.9867649888486019,0.7038651200806646,0.88276161327083,0.5034141988273312,0.2872387217847769,0.034584787015834575,0.0,63.0,26.5,0.0
64,1,66.6000000000002,58.199999999999974,100.0,24.423871494416147,99.55913936971272,90.0,100.0,21.110539659135828,53.51481964335231,65.19554353106109,66.72258446596598,64.85999802595177,0,0,1,0,0.8276311719925821,0.6316643991220648,0.7580877400853738,0.35452596812986836,0.9706980243949033,0.8931211213221977,0.7783834970737619,0.19463870785196757,0.4667210037270342,0.04380376578722878,0.15428949206754783,0.6830489532424546,0.7447621559078171,0.8276311719925821,0.6316643991220648,0.7580877400853738,0.4945259681298685,1.1106980243949034,1.0331211213221978,0.8383834970737619,0.25463870785196757,0.5267210037270342,0.04380376578722878,0.0,0.12304895324245431,0.16476215590781676,0.7739560485559633,0.4388784397520523,0.8585979199113825,0.6973680290593639,0.09417734788764953,0.9756223516367559,0.761139701990353,0.7860643052769538,0.12811363267554587,0.45038593789556713,0.37079802423258124,0.9267649888486018,0.6438651200806645,0.82276161327083,0.44341419882733113,0.2272387217847769,0.5545847870158348,0.06381725610417532,0.1939560485559629,0.0,0.27859791991138194,0.837368029059364,0.2341773478876495,1.115622351636756,0.9011397019903531,0.9260643052769539,0.18811363267554584,0.5103859378955672,0.4307980242325813,0.9867649888486019,0.7038651200806646,0.88276161327083,0.5034141988273312,0.2872387217847769,0.034584787015834575,0.0,64.0,26.0,0.0
65,1,66.5000000000002,58.09999999999997,100.0,23.644539263308836,99.32971153043798,90.0,100.0,21.418641968168323,54.18299452059481,65.37036463276905,66.48079998893344,64.79857192524581,0,0,1,0,0.8276311719925821,0.6316643991220648,0.7580877400853738,0.35452596812986836,0.9706980243949033,0.8931211213221977,0.7783834970737619,0.19463870785196757,0.4667210037270342,0.04380376578722878,0.15428949206754783,0.6830489532424546,0.7447621559078171,0.8276311719925821,0.6316643991220648,0.7580877400853738,0.4945259681298685,1.1106980243949034,1.0331211213221978,0.8383834970737619,0.25463870785196757,0.5267210037270342,0.04380376578722878,0.0,0.12304895324245431,0.16476215590781676,0.7739560485559633,0.4388784397520523,0.8585979199113825,0.6973680290593639,0.09417734788764953,0.9756223516367559,0.761139701990353,0.7860643052769538,0.12811363267554587,0.45038593789556713,0.37079802423258124,0.9267649888486018,0.6438651200806645,0.82276161327083,0.44341419882733113,0.2272387217847769,0.5545847870158348,0.06381725610417532,0.1939560485559629,0.0,0.27859791991138194,0.837368029059364,0.2341773478876495,1.115622351636756,0.9011397019903531,0.9260643052769539,0.18811363267554584,0.5103859378955672,0.4307980242325813,0.9867649888486019,0.7038651200806646,0.88276161327083,0.5034141988273312,0.2872387217847769,0.034584787015834575,0.0,65.0,25.5,0.0
66,1,66.4000000000002,57.99999999999997,100.0,22.890074454492932,99.06171667584374,90.0,100.0,21.72612954742131,54.84266762555849,65.545185734477,66.23014417920116,64.73910584713997,0,0,1,0,0.8276311719925821,0.6316643991220648,0.7580877400853738,0.35452596812986836,0.9706980243949033,0.8931211213221977,0.7783834970737619,0.19463870785196757,0.4667210037270342,0.04380376578722878,0.15428949206754783,0.6830489532424546,0.7447621559078171,0.8276311719925821,0.6316643991220648,0.7580877400853738,0.4945259681298685,1.1106980243949034,1.0331211213221978,0.8383834970737619,0.25463870785196757,0.5267210037270342,0.04380376578722878,0.0,0.12304895324245431,0.16476215590781676,0.7739560485559633,0.4388784397520523,0.8585979199113825,0.6973680290593639,0.09417734788764953,0.9756223516367559,0.761139701990353,0.7860643052769538,0.12811363267554587,0.45038593789556713,0.37079802423258124,0.9267649888486018,0.6438651200806645,0.82276161327083,0.44341419882733113,0.2272387217847769,0.5545847870158348,0.06381725610417532,0.1939560485559629,0.0,0.27859791991138194,0.837368029059364,0.2341773478876495,1.115622351636756,0.9011397019903531,0.9260643052769539,0.18811363267554584,0.5103859378955672,0.4307980242325813,0.9867649888486019,0.7038651200806646,0.88276161327083,0.5034141988273312,0.2872387217847769,0.034584787015834575,0.0,66.0,25.0,0.0
67,1,66.30000000000021,57.89999999999997,100.0,22.159683582639925,98.77547139199264,90.0,100.0,22.033590548825437,55.4941102381328,65.72000683618496,65.9770974888126,64.68153725000212,0,0,1,0,0.8276311719925821,0.6316643991220648,0.7580877400853738,0.35452596812986836,0.9706980243949033,0.8931211213221977,0.7783834970737619,0.19463870785196757,0.4667210037270342,0.04380376578722878,0.15428949206754783,0.6830489532424546,0.7447621559078171,0.8276311719925821,0.6316643991220648,0.7580877400853738,0.4945259681298685,1.1106980243949034,1.0331211213221978,0.8383834970737619,0.25463870785196757,0.5267210037270342,0.04380376578722878,0.0,0.12304895324245431,0.16476215590781676,0.7739560485559633,0.4388784397520523,0.8585979199113825,0.6973680290593639,0.09417734788764953,0.9756223516367559,0.761139701990353,0.7860643052769538,0.12811363267554587,0.45038593789556713,0.37079802423258124,0.9267649888486018,0.6438651200806645,0.82276161327083,0.44341419882733113,0.2272387217847769,0.5545847870158348,0.06381725610417532,0.1939560485559629,0.0,0.27859791991138194,0.837368029059364,0.2341773478876495,1.115622351636756,0.9011397019903531,0.9260643052769539,0.18811363267554584,0.5103859378955672,0.4307980242325813,0.9867649888486019,0.7038651200806646,0.88276161327083,0.5034141988273312,0.2872387217847769,0.034584787015834575,0.0,67.0,24.5,0.0
68,1,65.30000000000021,59.89999999999997,100.0,21.452598481449513,98.48592589580723,90.0,100.0,22.341050401135963,56.13758498203807,65.89482793789293,65.72640158083222,64.62580558781782,0,1,0,0,0.8276311719925821,0.6316643991220648,0.7580877400853738,0.35452596812986836,0.9706980243949033,0.8931211213221977,0.7783834970737619,0.19463870785196757,0.4667210037270342,0.04380376578722878,0.15428949206754783,0.6830489532424546,0.7447621559078171,0.8276311719925821,0.6316643991220648,0.7580877400853738,0.47452596812986847,1.0906980243949034,1.0131211213221978,0.8383834970737619,0.25463870785196757,0.5267210037270342,0.04380376578722878,0.0,0.12304895324245431,0.16476215590781676,0.7739560485559633,0.4388784397520523,0.8585979199113825,0.6973680290593639,0.09417734788764953,0.9756223516367559,0.761139701990353,0.7860643052769538,0.12811363267554587,0.45038593789556713,0.37079802423258124,0.9267649888486018,0.6438651200806645,0.82276161327083,0.44341419882733113,0.2272387217847769,0.5545847870158348,0.06381725610417532,0.1939560485559629,0.0,0.27859791991138194,0.817368029059364,0.2141773478876495,1.095622351636756,0.8811397019903531,0.9060643052769539,0.18811363267554584,0.5103859378955672,0.4307980242325813,0.9867649888486019,0.7038651200806646,0.88276161327083,0.5034141988273312,0.2872387217847769,0.034584787015834575,0.0,68.0,24.0,0.0
69,1,65.20000000000022,59.99999999999997,100.0,20.76807549575416,98.20386567245515,100.0,100.0,22.995589061267687,57.02972845781192,70.38890637055316,66.5911816239194,68.68980873558922,0,1,0,0,0.8276311719925821,0.6316643991220648,0.7580877400853738,0.35452596812986836,0.9706980243949033,0.8931211213221977,0.7783834970737619,0.19463870785196757,0.4667210037270342,0.04380376578722878,0.15428949206754783,0.6830489532424546,0.7447621559078171,0.8276311719925821,0.6316643991220648,0.7580877400853738,0.4945259681298685,1.1106980243949034,1.0331211213221978,0.8383834970737619,0.25463870785196757,0.5267210037270342,0.04380376578722878,0.0,0.12304895324245431,0.16476215590781676,0.7739560485559633,0.4388784397520523,0.8585979199113825,0.6973680290593639,0.09417734788764953,0.9756223516367559,0.761139701990353,0.7860643052769538,0.12811363267554587,0.45038593789556713,0.37079802423258124,0.9267649888486018,0.6438651200806645,0.82276161327083,0.44341419882733113,0.2272387217847769,0.5545847870158348,0.06381725610417532,0.1939560485559629,0.0,0.27859791991138194,0.837368029059364,0.2341773478876495,1.115622351636756,0.9011397019903531,0.9260643052769539,0.18811363267554584,0.5103859378955672,0.4307980242325813,0.9867649888486019,0.7038651200806646,0.88276161327083,0.5034141988273312,0.2872387217847769,0.034584787015834575,0.0,69.0,24.5,0.0
70,1,65.10000000000022,60.09999999999997,100.0,20.105394699402467,97.97225496553496,100.0,100.0,23.158573498957818,57.658022083082805,70.18045446791378,66.47150708646554,68.63757697138415,0,1,0,0,0.8276311719925821,0.6316643991220648,0.7580877400853738,0.35452596812986836,0.9706980243949033,0.8931211213221977,0.7783834970737619,0.19463870785196757,0.4667210037270342,0.04380376578722878,0.15428949206754783,0.6830489532424546,0.7447621559078171,0.8276311719925821,0.6316643991220648,0.7580877400853738,0.5145259681298685,1.1306980243949034,1.0531211213221978,0.8383834970737619,0.25463870785196757,0.5267210037270342,0.04380376578722878,0.0,0.12304895324245431,0.16476215590781676,0.7739560485559633,0.4388784397520523,0.8585979199113825,0.6973680290593639,0.09417734788764953,0.9756223516367559,0.761139701990353,0.7860643052769538,0.12811363267554587,0.45038593789556713,0.37079802423258124,0.9267649888486018,0.6438651200806645,0.82276161327083,0.44341419882733113,0.2272387217847769,0.5545847870158348,0.06381725610417532,0.1939560485559629,0.0,0.27859791991138194,0.857368029059364,0.2541773478876495,1.135622351636756,0.9211397019903531,0.946064305276954,0.18811363267554584,0.5103859378955672,0.4307980242325813,0.9867649888486019,0.7038651200806646,0.88276161327083,0.5034141988273312,0.2872387217847769,0.034584787015834575,0.0,70.0,25.0,0.0
71,1,65.00000000000023,60.199999999999974,100.0,19.46385913809882,97.62181187260865,100.0,100.0,23.300305584359176,58.27908649211031,69.96895462631761,66.31635175493668,68.5870118511156,0,1,0,0,0.8276311719925821,0.6316643991220648,0.7580877400853738,0.35452596812986836,0.9706980243949033,0.8931211213221977,0.7783834970737619,0.19463870785196757,0.4667210037270342,0.04380376578722878,0.15428949206754783,0.6830489532424546,0.7447621559078171,0.8276311719925821,0.6316643991220648,0.7580877400853738,0.5345259681298685,1.1506980243949034,1.0731211213221978,0.8383834970737619,0.25463870785196757,0.5267210037270342,0.04380376578722878,0.0,0.12304895324245431,0.16476215590781676,0.7739560485559633,0.4388784397520523,0.8585979199113825,0.6973680290593639,0.09417734788764953,0.9756223516367559,0.761139701990353,0.7860643052769538,0.12811363267554587,0.45038593789556713,0.37079802423258124,0.9267649888486018,0.6438651200806645,0.82276161327083,0.44341419882733113,0.2272387217847769,0.5545847870158348,0.06381725610417532,0.1939560485559629,0.0,0.27859791991138194,0.8773680290593641,0.2741773478876495,1.155622351636756,0.9411397019903531,0.966064305276954,0.18811363267554584,0.5103859378955672,0.4307980242325813,0.9867649888486019,0.7038651200806646,0.88276161327083,0.5034141988273312,0.2872387217847769,0.034584787015834575,0.0,71.0,25.5,0.0
72,1,64.90000000000023,60.299999999999976,100.0,18.842794096402997,97.1849599597016,100.0,100.0,23.441118824072326,58.89315235926662,69.7545170854998,66.13614476473651,68.53806019446212,0,1,0,0,0.8276311719925821,0.6316643991220648,0.7580877400853738,0.35452596812986836,0.9706980243949033,0.8931211213221977,0.7783834970737619,0.19463870785196757,0.4667210037270342,0.04380376578722878,0.15428949206754783,0.6830489532424546,0.7447621559078171,0.8276311719925821,0.6316643991220648,0.7580877400853738,0.5545259681298685,1.1706980243949034,1.0931211213221979,0.8383834970737619,0.25463870785196757,0.5267210037270342,0.04380376578722878,0.0,0.12304895324245431,0.16476215590781676,0.7739560485559633,0.4388784397520523,0.8585979199113825,0.6973680290593639,0.09417734788764953,0.9756223516367559,0.761139701990353,0.7860643052769538,0.12811363267554587,0.45038593789556713,0.37079802423258124,0.9267649888486018,0.6438651200806645,0.82276161327083,0.44341419882733113,0.2272387217847769,0.5545847870158348,0.06381725610417532,0.1939560485559629,0.0,0.27859791991138194,0.8973680290593641,0.29417734788764954,1.175622351636756,0.9611397019903531,0.986064305276954,0.18811363267554584,0.5103859378955672,0.4307980242325813,0.9867649888486019,0.7038651200806646,0.88276161327083,0.5034141988273312,0.2872387217847769,0.034584787015834575,0.0,72.0,26.0,0.0
73,1,64.80000000000024,60.39999999999998,100.0,18.2415463881188,96.69234539655594,100.0,100.0,23.5818923374819,59.50044299842124,69.53724683223454,65.94074127665692,68.49067051801333,0,1,0,0,0.8276311719925821,0.6316643991220648,0.7580877400853738,0.35452596812986836,0.9706980243949033,0.8931211213221977,0.7783834970737619,0.19463870785196757,0.4667210037270342,0.04380376578722878,0.15428949206754783,0.6830489532424546,0.7447621559078171,0.8276311719925821,0.6316643991220648,0.7580877400853738,0.5745259681298686,1.1906980243949035,1.1131211213221979,0.8383834970737619,0.25463870785196757,0.5267210037270342,0.04380376578722878,0.0,0.12304895324245431,0.16476215590781676,0.7739560485559633,0.4388784397520523,0.8585979199113825,0.6973680290593639,0.09417734788764953,0.9756223516367559,0.761139701990353,0.7860643052769538,0.12811363267554587,0.45038593789556713,0.37079802423258124,0.9267649888486018,0.6438651200806645,0.82276161327083,0.44341419882733113,0.2272387217847769,0.5545847870158348,0.06381725610417532,0.1939560485559629,0.0,0.27859791991138194,0.9173680290593641,0.31417734788764956,1.1956223516367561,0.9811397019903532,1.006064305276954,0.18811363267554584,0.5103859378955672,0.4307980242325813,0.9867649888486019,0.7038651200806646,0.88276161327083,0.5034141988273312,0.2872387217847769,0.034584787015834575,0.0,73.0,26.5,0.0
74,1,64.70000000000024,60.49999999999998,100.0,17.659483669325414,96.16674866890716,100.0,100.0,23.7226641333243,60.10117459780446,69.31724390953363,65.73744545570773,68.44479298112385,0,1,0,0,0.8276311719925821,0.6316643991220648,0.7580877400853738,0.35452596812986836,0.9706980243949033,0.8931211213221977,0.7783834970737619,0.19463870785196757,0.4667210037270342,0.04380376578722878,0.15428949206754783,0.6830489532424546,0.7447621559078171,0.8276311719925821,0.6316643991220648,0.7580877400853738,0.5945259681298686,1.2106980243949035,1.1331211213221979,0.8383834970737619,0.25463870785196757,0.5267210037270342,0.04380376578722878,0.0,0.12304895324245431,0.16476215590781676,0.7739560485559633,0.4388784397520523,0.8585979199113825,0.6973680290593639,0.09417734788764953,0.9756223516367559,0.761139701990353,0.7860643052769538,0.12811363267554587,0.45038593789556713,0.37079802423258124,0.9267649888486018,0.6438651200806645,0.82276161327083,0.44341419882733113,0.2272387217847769,0.5545847870158348,0.06381725610417532,0.1939560485559629,0.0,0.27859791991138194,0.9373680290593641,0.3341773478876496,1.2156223516367561,1.0011397019903532,1.026064305276954,0.18811363267554584,0.5103859378955672,0.4307980242325813,0.9867649888486019,0.7038651200806646,0.88276161327083,0.5034141988273312,0.2872387217847769,0.034584787015834575,0.0,74.0,27.0,0.0
75,1,64.60000000000025,60.59999999999998,100.0,17.095993773328992,95.6248334317842,100.0,100.0,23.86343585490766,60.695556447376696,69.09460370425893,65.53157824142349,68.40037933349493,0,1,0,0,0.8276311719925821,0.6316643991220648,0.7580877400853738,0.35452596812986836,0.9706980243949033,0.8931211213221977,0.7783834970737619,0.19463870785196757,0.4667210037270342,0.04380376578722878,0.15428949206754783,0.6830489532424546,0.7447621559078171,0.8276311719925821,0.6316643991220648,0.7580877400853738,0.6145259681298686,1.2306980243949035,1.153121121322198,0.8383834970737619,0.25463870785196757,0.5267210037270342,0.04380376578722878,0.0,0.12304895324245431,0.16476215590781676,0.7739560485559633,0.4388784397520523,0.8585979199113825,0.6973680290593639,0.09417734788764953,0.9756223516367559,0.761139701990353,0.7860643052769538,0.12811363267554587,0.45038593789556713,0.37079802423258124,0.9267649888486018,0.6438651200806645,0.82276161327083,0.44341419882733113,0.2272387217847769,0.5545847870158348,0.06381725610417532,0.1939560485559629,0.0,0.27859791991138194,0.9573680290593641,0.3541773478876496,1.2356223516367562,1.0211397019903532,1.046064305276954,0.18811363267554584,0.5103859378955672,0.4307980242325813,0.9867649888486019,0.7038651200806646,0.88276161327083,0.5034141988273312,0.2872387217847769,0.034584787015834575,0.0,75.0,27.5,0.0
76,1,64.50000000000026,60.69999999999998,100.0,16.55048406683503,95.07871634578193,100.0,100.0,24.004207573280432,61.28379115894287,68.86941721488701,65.32698699289146,68.35738286442862,0,1,0,0,0.8276311719925821,0.6316643991220648,0.7580877400853738,0.35452596812986836,0.9706980243949033,0.8931211213221977,0.7783834970737619,0.19463870785196757,0.4667210037270342,0.04380376578722878,0.15428949206754783,0.6830489532424546,0.7447621559078171,0.8276311719925821,0.6316643991220648,0.7580877400853738,0.6345259681298686,1.2506980243949035,1.173121121322198,0.8383834970737619,0.25463870785196757,0.5267210037270342,0.04380376578722878,0.0,0.12304895324245431,0.16476215590781676,0.7739560485559633,0.4388784397520523,0.8585979199113825,0.6973680290593639,0.09417734788764953,0.9756223516367559,0.761139701990353,0.7860643052769538,0.12811363267554587,0.45038593789556713,0.37079802423258124,0.9267649888486018,0.6438651200806645,0.82276161327083,0.44341419882733113,0.2272387217847769,0.5545847870158348,0.06381725610417532,0.1939560485559629,0.0,0.27859791991138194,0.9773680290593642,0.3741773478876496,1.2556223516367562,1.0411397019903532,1.066064305276954,0.18811363267554584,0.5103859378955672,0.4307980242325813,0.9867649888486019,0.7038651200806646,0.88276161327083,0.5034141988273312,0.2872387217847769,0.034584787015834575,0.0,76.0,28.0,0.0
77,1,64.40000000000026,60.79999999999998,100.0,16.02238082666439,94.5371445388588,100.0,100.0,24.144979291514396,61.86607487924326,68.64177130100552,65.12642772937146,68.31575835370131,0,1,0,0,0.8276311719925821,0.6316643991220648,0.7580877400853738,0.35452596812986836,0.9706980243949033,0.8931211213221977,0.7783834970737619,0.19463870785196757,0.4667210037270342,0.04380376578722878,0.15428949206754783,0.6830489532424546,0.7447621559078171,0.8276311719925821,0.6316643991220648,0.7580877400853738,0.6545259681298686,1.2706980243949035,1.193121121322198,0.8383834970737619,0.25463870785196757,0.5267210037270342,0.04380376578722878,0.0,0.12304895324245431,0.16476215590781676,0.7739560485559633,0.4388784397520523,0.8585979199113825,0.6973680290593639,0.09417734788764953,0.9756223516367559,0.761139701990353,0.7860643052769538,0.12811363267554587,0.45038593789556713,0.37079802423258124,0.9267649888486018,0.6438651200806645,0.82276161327083,0.44341419882733113,0.2272387217847769,0.5545847870158348,0.06381725610417532,0.1939560485559629,0.0,0.27859791991138194,0.9973680290593642,0.39417734788764963,1.2756223516367562,1.0611397019903532,1.086064305276954,0.18811363267554584,0.5103859378955672,0.4307980242325813,0.9867649888486019,0.7038651200806646,0.88276161327083,0.5034141988273312,0.2872387217847769,0.034584787015834575,0.0,77.0,28.5,0.0
78,1,64.30000000000027,60.899999999999984,100.0,15.511128636357453,94.00637042044741,100.0,100.0,24.28575100974236,62.442597496244645,68.41174891597935,64.93184910148435,68.27546202400465,0,1,0,0,0.8276311719925821,0.6316643991220648,0.7580877400853738,0.35452596812986836,0.9706980243949033,0.8931211213221977,0.7783834970737619,0.19463870785196757,0.4667210037270342,0.04380376578722878,0.15428949206754783,0.6830489532424546,0.7447621559078171,0.8276311719925821,0.6316643991220648,0.7580877400853738,0.6745259681298686,1.2906980243949036,1.213121121322198,0.8383834970737619,0.25463870785196757,0.5267210037270342,0.04380376578722878,0.0,0.12304895324245431,0.16476215590781676,0.7739560485559633,0.4388784397520523,0.8585979199113825,0.6973680290593639,0.09417734788764953,0.9756223516367559,0.761139701990353,0.7860643052769538,0.12811363267554587,0.45038593789556713,0.37079802423258124,0.9267649888486018,0.6438651200806645,0.82276161327083,0.44341419882733113,0.2272387217847769,0.5545847870158348,0.06381725610417532,0.1939560485559629,0.0,0.27859791991138194,1.017368029059364,0.41417734788764965,1.2956223516367562,1.0811397019903533,1.106064305276954,0.18811363267554584,0.5103859378955672,0.4307980242325813,0.9867649888486019,0.7038651200806646,0.88276161327083,0.5034141988273312,0.2872387217847769,0.034584787015834575,0.0,78.0,29.0,0.0
79,1,63.30000000000027,62.899999999999984,100.0,15.016189802031837,93.49080122414318,100.0,100.0,24.42652272797006,63.013542838849425,68.17942932409602,64.74460321762615,68.23645149490414,0,0,0,1,0.8276311719925821,0.6316643991220648,0.7580877400853738,0.35452596812986836,0.9706980243949033,0.8931211213221977,0.7783834970737619,0.19463870785196757,0.4667210037270342,0.04380376578722878,0.15428949206754783,0.6830489532424546,0.7447621559078171,0.8276311719925821,0.6316643991220648,0.7580877400853738,0.6745259681298686,1.2906980243949036,1.213121121322198,0.8383834970737619,0.25463870785196757,0.5267210037270342,0.04380376578722878,0.0,0.1030489532424543,0.14476215590781677,0.7739560485559633,0.4388784397520523,0.8585979199113825,0.6973680290593639,0.09417734788764953,0.9756223516367559,0.761139701990353,0.7860643052769538,0.12811363267554587,0.45038593789556713,0.37079802423258124,0.9267649888486018,0.6438651200806645,0.82276161327083,0.44341419882733113,0.2272387217847769,0.5545847870158348,0.06381725610417532,0.17395604855596292,0.0,0.2585979199113819,1.017368029059364,0.41417734788764965,1.2956223516367562,1.0811397019903533,1.106064305276954,0.18811363267554584,0.5103859378955672,0.4307980242325813,0.9867649888486019,0.7038651200806646,0.88276161327083,0.5034141988273312,0.2872387217847769,0.014584787015834575,0.0,79.0,28.5,0.0
80,1,63.200000000000266,62.79999999999998,100.0,14.537043786879252,93.0676958888966,90.0,100.0,25.05929644975528,63.8354712270117,64.17977256394475,65.59374373890964,63.95725156779183,0,0,1,0,0.8276311719925821,0.6316643991220648,0.7580877400853738,0.35452596812986836,0.9706980243949033,0.8931211213221977,0.7783834970737619,0.19463870785196757,0.4667210037270342,0.04380376578722878,0.15428949206754783,0.6830489532424546,0.7447621559078171,0.8276311719925821,0.6316643991220648,0.7580877400853738,0.6745259681298686,1.2906980243949036,1.213121121322198,0.8383834970737619,0.25463870785196757,0.5267210037270342,0.04380376578722878,0.0,0.1030489532424543,0.14476215590781677,0.7739560485559633,0.4388784397520523,0.8585979199113825,0.6973680290593639,0.09417734788764953,0.9756223516367559,0.761139701990353,0.7860643052769538,0.12811363267554587,0.45038593789556713,0.37079802423258124,0.9267649888486018,0.6438651200806645,0.82276161327083,0.44341419882733113,0.2272387217847769,0.5545847870158348,0.06381725610417532,0.17395604855596292,0.0,0.2585979199113819,1.017368029059364,0.41417734788764965,1.2956223516367562,1.0811397019903533,1.106064305276954,0.18811363267554584,0.5103859378955672,0.4307980242325813,0.9867649888486019,0.7038651200806646,0.88276161327083,0.5034141988273312,0.2872387217847769,0.014584787015834575,0.0,80.0,28.0,0.0
81,1,63.100000000000264,62.69999999999998,100.0,14.07318666370681,92.8934263962668,90.0,100.0,25.381212442701074,64.39579023178526,64.3704546103181,65.4161963373284,63.919928197908106,0,0,1,0,0.8276311719925821,0.6316643991220648,0.7580877400853738,0.35452596812986836,0.9706980243949033,0.8931211213221977,0.7783834970737619,0.19463870785196757,0.4667210037270342,0.04380376578722878,0.15428949206754783,0.6830489532424546,0.7447621559078171,0.8276311719925821,0.6316643991220648,0.7580877400853738,0.6745259681298686,1.2906980243949036,1.213121121322198,0.8383834970737619,0.25463870785196757,0.5267210037270342,0.04380376578722878,0.0,0.1030489532424543,0.14476215590781677,0.7739560485559633,0.4388784397520523,0.8585979199113825,0.6973680290593639,0.09417734788764953,0.9756223516367559,0.761139701990353,0.7860643052769538,0.12811363267554587,0.45038593789556713,0.37079802423258124,0.9267649888486018,0.6438651200806645,0.82276161327083,0.44341419882733113,0.2272387217847769,0.5545847870158348,0.06381725610417532,0.17395604855596292,0.0,0.2585979199113819,1.017368029059364,0.41417734788764965,1.2956223516367562,1.0811397019903533,1.106064305276954,0.18811363267554584,0.5103859378955672,0.4307980242325813,0.9867649888486019,0.7038651200806646,0.88276161327083,0.5034141988273312,0.2872387217847769,0.014584787015834575,0.0,81.0,27.5,0.0
82,1,63.00000000000026,62.59999999999998,100.0,13.62413058494699,92.8057653419955,90.0,100.0,25.689688498273995,64.95104899719784,64.56113665669146,65.26894494730139,63.88379576555165,0,0,1,0,0.8276311719925821,0.6316643991220648,0.7580877400853738,0.35452596812986836,0.9706980243949033,0.8931211213221977,0.7783834970737619,0.19463870785196757,0.4667210037270342,0.04380376578722878,0.15428949206754783,0.6830489532424546,0.7447621559078171,0.8276311719925821,0.6316643991220648,0.7580877400853738,0.6745259681298686,1.2906980243949036,1.213121121322198,0.8183834970737619,0.25463870785196757,0.5067210037270342,0.04380376578722878,0.0,0.1030489532424543,0.14476215590781677,0.7739560485559633,0.4388784397520523,0.8585979199113825,0.6973680290593639,0.09417734788764953,0.9756223516367559,0.761139701990353,0.7860643052769538,0.12811363267554587,0.45038593789556713,0.37079802423258124,0.9267649888486018,0.6438651200806645,0.82276161327083,0.44341419882733113,0.2272387217847769,0.5545847870158348,0.06381725610417532,0.17395604855596292,0.0,0.2585979199113819,1.017368029059364,0.41417734788764965,1.2956223516367562,1.0811397019903533,1.106064305276954,0.16811363267554585,0.49038593789556717,0.41079802423258127,0.9667649888486018,0.6838651200806646,0.86276161327083,0.48341419882733117,0.26723872178477687,0.0,0.0,82.0,27.0,0.0
83,1,62.00000000000026,64.59999999999998,100.0,13.189403269578845,93.67462427371116,90.0,100.0,26.432845094978234,65.50140898854512,64.7518187030648,65.26610883901014,63.84881626953987,1,0,0,0,0.8276311719925821,0.6316643991220648,0.7580877400853738,0.35452596812986836,0.9706980243949033,0.8931211213221977,0.7783834970737619,0.19463870785196757,0.4667210037270342,0.04380376578722878,0.15428949206754783,0.6830489532424546,0.7447621559078171,0.807631171992582,0.6316643991220648,0.7380877400853738,0.6745259681298686,1.2906980243949036,1.213121121322198,0.8183834970737619,0.25463870785196757,0.5067210037270342,0.04380376578722878,0.0,0.1030489532424543,0.14476215590781677,0.7739560485559633,0.4388784397520523,0.8585979199113825,0.6973680290593639,0.09417734788764953,0.9756223516367559,0.761139701990353,0.7860643052769538,0.12811363267554587,0.45038593789556713,0.37079802423258124,0.9267649888486018,0.6438651200806645,0.82276161327083,0.44341419882733113,0.2272387217847769,0.5545847870158348,0.06381725610417532,0.15395604855596293,0.0,0.23859791991138193,1.017368029059364,0.41417734788764965,1.2956223516367562,1.0811397019903533,1.106064305276954,0.14811363267554586,0.47038593789556715,0.39079802423258125,0.9467649888486018,0.6838651200806646,0.86276161327083,0.48341419882733117,0.26723872178477687,0.0,0.0,83.0,26.5,0.0
84,1,61.90000000000026,64.49999999999999,100.0,12.768547506420864,94.51657677225928,80.0,74.58226521123504,27.56159940661096,66.12763328602217,60.75216194291353,66.5325642557626,59.71539611217495,0,0,1,0,0.8276311719925821,0.6316643991220648,0.7580877400853738,0.35452596812986836,0.9706980243949033,0.8931211213221977,0.7783834970737619,0.19463870785196757,0.4667210037270342,0.04380376578722878,0.15428949206754783,0.6830489532424546,0.7447621559078171,0.807631171992582,0.6316643991220648,0.7380877400853738,0.6745259681298686,1.2906980243949036,1.213121121322198,0.7983834970737619,0.25463870785196757,0.4867210037270342,0.04380376578722878,0.0,0.1030489532424543,0.14476215590781677,0.7739560485559633,0.4388784397520523,0.8585979199113825,0.6973680290593639,0.09417734788764953,0.9756223516367559,0.761139701990353,0.7860643052769538,0.12811363267554587,0.45038593789556713,0.37079802423258124,0.9267649888486018,0.6438651200806645,0.82276161327083,0.44341419882733113,0.2272387217847769,0.5545847870158348,0.06381725610417532,0.15395604855596293,0.0,0.23859791991138193,1.017368029059364,0.41417734788764965,1.2956223516367562,1.0811397019903533,1.106064305276954,0.12811363267554587,0.45038593789556713,0.37079802423258124,0.9267649888486018,0.6638651200806646,0.84276161327083,0.46341419882733115,0.24723872178477688,0.0,0.0,84.0,26.0,0.0
85,1,61.80000000000026,64.39999999999999,100.0,12.361120673273069,96.38475084112267,80.0,55.62514284039001,28.416108380264713,66.66717894686414,60.942843989286885,66.84115512224075,59.68261329687585,0,0,1,0,0.8276311719925821,0.6316643991220648,0.7580877400853738,0.35452596812986836,0.9706980243949033,0.8931211213221977,0.7783834970737619,0.19463870785196757,0.4667210037270342,0.04380376578722878,0.15428949206754783,0.6830489532424546,0.7447621559078171,0.807631171992582,0.6316643991220648,0.7380877400853738,0.6745259681298686,1.2906980243949036,1.213121121322198,0.7983834970737619,0.25463870785196757,0.4867210037270342,0.04380376578722878,0.0,0.1030489532424543,0.14476215590781677,0.7739560485559633,0.4388784397520523,0.8585979199113825,0.6973680290593639,0.09417734788764953,0.9756223516367559,0.761139701990353,0.7860643052769538,0.12811363267554587,0.45038593789556713,0.37079802423258124,0.9267649888486018,0.6438651200806645,0.82276161327083,0.44341419882733113,0.2272387217847769,0.5545847870158348,0.06381725610417532,0.15395604855596293,0.0,0.23859791991138193,1.017368029059364,0.41417734788764965,1.2956223516367562,1.0811397019903533,1.106064305276954,0.12811363267554587,0.45038593789556713,0.37079802423258124,0.9267649888486018,0.6638651200806646,0.84276161327083,0.46341419882733115,0.24723872178477688,0.0,0.0,85.0,25.5,0.0
86,1,61.70000000000026,64.3,100.0,11.966694271402627,98.05247750021977,80.0,41.486491557348,28.78092449709637,67.20229867837237,61.13352603566024,67.2624348006817,59.65087653623664,0,0,1,0,0.8276311719925821,0.6316643991220648,0.7580877400853738,0.35452596812986836,0.9706980243949033,0.8931211213221977,0.7783834970737619,0.19463870785196757,0.4667210037270342,0.04380376578722878,0.15428949206754783,0.6830489532424546,0.7447621559078171,0.807631171992582,0.6316643991220648,0.7380877400853738,0.6745259681298686,1.2906980243949036,1.213121121322198,0.7983834970737619,0.25463870785196757,0.4867210037270342,0.04380376578722878,0.0,0.1030489532424543,0.14476215590781677,0.7739560485559633,0.4388784397520523,0.8585979199113825,0.6973680290593639,0.09417734788764953,0.9756223516367559,0.761139701990353,0.7860643052769538,0.12811363267554587,0.45038593789556713,0.37079802423258124,0.9267649888486018,0.6438651200806645,0.82276161327083,0.44341419882733113,0.2272387217847769,0.5545847870158348,0.06381725610417532,0.15395604855596293,0.0,0.23859791991138193,1.017368029059364,0.41417734788764965,1.2956223516367562,1.0811397019903533,1.106064305276954,0.12811363267554587,0.45038593789556713,0.37079802423258124,0.9267649888486018,0.6638651200806646,0.84276161327083,0.46341419882733115,0.24723872178477688,0.0,0.0,86.0,25.0,0.0
87,1,60.70000000000026,66.3,96.59073259569223,11.584853474883392,99.40784656915172,80.0,30.941565160137923,29.10987795209789,67.73313370587984,59.99362531362221,67.58565717036423,58.03861617580027,1,0,0,0,0.8276311719925821,0.6316643991220648,0.7580877400853738,0.35452596812986836,0.9706980243949033,0.8931211213221977,0.7783834970737619,0.19463870785196757,0.4667210037270342,0.04380376578722878,0.15428949206754783,0.6830489532424546,0.7447621559078171,0.787631171992582,0.6316643991220648,0.7180877400853738,0.6745259681298686,1.2906980243949036,1.213121121322198,0.7983834970737619,0.25463870785196757,0.4867210037270342,0.04380376578722878,0.0,0.1030489532424543,0.14476215590781677,0.7739560485559633,0.4388784397520523,0.8585979199113825,0.6973680290593639,0.09417734788764953,0.9756223516367559,0.761139701990353,0.7860643052769538,0.12811363267554587,0.45038593789556713,0.37079802423258124,0.9267649888486018,0.6438651200806645,0.82276161327083,0.44341419882733113,0.2272387217847769,0.5545847870158348,0.06381725610417532,0.13395604855596294,0.0,0.21859791991138194,1.017368029059364,0.41417734788764965,1.2956223516367562,1.0811397019903533,1.106064305276954,0.10811363267554587,0.4303859378955671,0.3507980242325812,0.9067649888486018,0.6638651200806646,0.84276161327083,0.46341419882733115,0.24723872178477688,0.0,0.0,87.0,24.5,0.0
88,1,60.60000000000026,66.2,83.7635262146222,11.215196694315402,100,65.85786437626905,23.076920188241168,30.29753874719454,68.33598847701992,49.25201903758564,68.77782219599476,46.26076863268352,0,0,1,0,0.8276311719925821,0.6316643991220648,0.7580877400853738,0.35452596812986836,0.9706980243949033,0.8931211213221977,0.7783834970737619,0.19463870785196757,0.4667210037270342,0.04380376578722878,0.15428949206754783,0.6830489532424546,0.7447621559078171,0.787631171992582,0.6316643991220648,0.7180877400853738,0.6745259681298686,1.2906980243949036,1.213121121322198,0.7983834970737619,0.25463870785196757,0.4867210037270342,0.04380376578722878,0.0,0.1030489532424543,0.14476215590781677,0.7739560485559633,0.4388784397520523,0.8585979199113825,0.6973680290593639,0.09417734788764953,0.9756223516367559,0.761139701990353,0.7860643052769538,0.12811363267554587,0.45038593789556713,0.37079802423258124,0.9267649888486018,0.6438651200806645,0.82276161327083,0.44341419882733113,0.2272387217847769,0.5545847870158348,0.06381725610417532,0.13395604855596294,0.0,0.21859791991138194,1.017368029059364,0.41417734788764965,1.2956223516367562,1.0811397019903533,1.106064305276954,0.10811363267554587,0.4303859378955671,0.3507980242325812,0.9067649888486018,0.6638651200806646,0.84276161327083,0.46341419882733115,0.24723872178477688,0.0,0.0,88.0,24.0,0.0
89,1,60.500000000000256,66.3,63.76338465102145,10.857335154465488,100,65.85786437626905,17.21128981737907,30.701803552201284,68.85722459620858,41.63696437445651,68.67093941063663,36.954042501626596,1,0,0,0,0.8276311719925821,0.6316643991220648,0.7580877400853738,0.35452596812986836,0.9706980243949033,0.8931211213221977,0.7783834970737619,0.19463870785196757,0.4667210037270342,0.04380376578722878,0.15428949206754783,0.6830489532424546,0.7447621559078171,0.767631171992582,0.6316643991220648,0.6980877400853738,0.6745259681298686,1.2906980243949036,1.213121121322198,0.7983834970737619,0.25463870785196757,0.4867210037270342,0.04380376578722878,0.0,0.1030489532424543,0.14476215590781677,0.7739560485559633,0.4388784397520523,0.8585979199113825,0.6973680290593639,0.09417734788764953,0.9756223516367559,0.761139701990353,0.7860643052769538,0.12811363267554587,0.45038593789556713,0.37079802423258124,0.9267649888486018,0.6438651200806645,0.82276161327083,0.44341419882733113,0.2272387217847769,0.5545847870158348,0.06381725610417532,0.11395604855596293,0.0,0.19859791991138195,1.017368029059364,0.41417734788764965,1.2956223516367562,1.0811397019903533,1.106064305276954,0.08811363267554587,0.4103859378955671,0.3307980242325812,0.8867649888486018,0.6638651200806646,0.84276161327083,0.46341419882733115,0.24723872178477688,0.0,0.0,89.0,23.5,0.0
90,1,59.500000000000256,68.3,38.306805512440405,10.510892485384794,100,65.85786437626905,12.836569817871949,31.58825726210123,69.18575041343088,31.892349030634673,68.67162000859095,25.11703038388871,1,0,0,0,0.8276311719925821,0.6316643991220648,0.7580877400853738,0.35452596812986836,0.9706980243949033,0.8931211213221977,0.7783834970737619,0.19463870785196757,0.4667210037270342,0.04380376578722878,0.15428949206754783,0.6830489532424546,0.7447621559078171,0.747631171992582,0.6316643991220648,0.6780877400853738,0.6745259681298686,1.2906980243949036,1.213121121322198,0.7983834970737619,0.25463870785196757,0.4867210037270342,0.04380376578722878,0.0,0.1030489532424543,0.14476215590781677,0.7739560485559633,0.4388784397520523,0.8585979199113825,0.6973680290593639,0.09417734788764953,0.9756223516367559,0.761139701990353,0.7860643052769538,0.12811363267554587,0.45038593789556713,0.37079802423258124,0.9267649888486018,0.6438651200806645,0.82276161327083,0.44341419882733113,0.2272387217847769,0.5545847870158348,0.06381725610417532,0.09395604855596293,0.0,0.17859791991138196,1.017368029059364,0.41417734788764965,1.2956223516367562,1.0811397019903533,1.106064305276954,0.06811363267554586,0.3903859378955671,0.3107980242325812,0.8667649888486018,0.6638651200806646,0.84276161327083,0.46341419882733115,0.24723872178477688,0.0,0.0,90.0,23.0,0.0
91,1,58.500000000000256,70.3,8.655599336272019,10.175504326573167,100,75.85786437626905,9.573804545590608,32.91346125591786,69.77008997606569,24.700976368500204,69.67946204660304,15.434605213870329,1,0,0,0,0.8276311719925821,0.6316643991220648,0.7580877400853738,0.35452596812986836,0.9706980243949033,0.8931211213221977,0.7783834970737619,0.19463870785196757,0.4667210037270342,0.04380376578722878,0.15428949206754783,0.6830489532424546,0.7447621559078171,0.727631171992582,0.6316643991220648,0.6580877400853737,0.6745259681298686,1.2906980243949036,1.213121121322198,0.7983834970737619,0.25463870785196757,0.4867210037270342,0.04380376578722878,0.0,0.1030489532424543,0.14476215590781677,0.7739560485559633,0.4388784397520523,0.8585979199113825,0.6973680290593639,0.09417734788764953,0.9756223516367559,0.761139701990353,0.7860643052769538,0.12811363267554587,0.45038593789556713,0.37079802423258124,0.9267649888486018,0.6438651200806645,0.82276161327083,0.44341419882733113,0.2272387217847769,0.5545847870158348,0.06381725610417532,0.07395604855596292,0.0,0.15859791991138197,1.017368029059364,0.41417734788764965,1.2956223516367562,1.0811397019903533,1.106064305276954,0.04811363267554586,0.37038593789556706,0.29079802423258116,0.8467649888486017,0.6638651200806646,0.84276161327083,0.46341419882733115,0.24723872178477688,0.0,0.0,91.0,22.5,0.0
92,1,58.400000000000254,70.2,0.0,9.850817943774135,100,85.85786437626905,7.140360296997663,34.33672945803245,70.34927601878523,25.703854658405234,70.68891780778645,15.492762296405566,0,0,1,0,0.8276311719925821,0.6316643991220648,0.7580877400853738,0.35452596812986836,0.9706980243949033,0.8931211213221977,0.7783834970737619,0.19463870785196757,0.4667210037270342,0.04380376578722878,0.15428949206754783,0.6830489532424546,0.7447621559078171,0.727631171992582,0.6316643991220648,0.6580877400853737,0.6745259681298686,1.2906980243949036,1.213121121322198,0.7983834970737619,0.25463870785196757,0.4867210037270342,0.04380376578722878,0.0,0.1030489532424543,0.14476215590781677,0.7739560485559633,0.4388784397520523,0.8585979199113825,0.6973680290593639,0.09417734788764953,0.9756223516367559,0.761139701990353,0.7860643052769538,0.12811363267554587,0.45038593789556713,0.37079802423258124,0.9267649888486018,0.6438651200806645,0.82276161327083,0.44341419882733113,0.2272387217847769,0.5545847870158348,0.06381725610417532,0.07395604855596292,0.0,0.15859791991138197,1.017368029059364,0.41417734788764965,1.2956223516367562,1.0811397019903533,1.106064305276954,0.04811363267554586,0.37038593789556706,0.29079802423258116,0.8467649888486017,0.6638651200806646,0.84276161327083,0.46341419882733115,0.24723872178477688,0.0,0.0,92.0,22.0,0.0
93,1,57.400000000000254,72.2,0.0,9.536491857997415,100,85.85786437626905,5.325442453744527,34.814164355758145,70.85148459576209,25.89453670477858,70.58859974317478,15.46747065340284,1,0,0,0,0.8276311719925821,0.6316643991220648,0.7580877400853738,0.35452596812986836,0.9706980243949033,0.8931211213221977,0.7783834970737619,0.19463870785196757,0.4667210037270342,0.04380376578722878,0.15428949206754783,0.6830489532424546,0.7447621559078171,0.707631171992582,0.6316643991220648,0.6380877400853737,0.6745259681298686,1.2906980243949036,1.213121121322198,0.7983834970737619,0.25463870785196757,0.4867210037270342,0.04380376578722878,0.0,0.1030489532424543,0.14476215590781677,0.7739560485559633,0.4388784397520523,0.8585979199113825,0.6973680290593639,0.09417734788764953,0.9756223516367559,0.761139701990353,0.7860643052769538,0.12811363267554587,0.45038593789556713,0.37079802423258124,0.9267649888486018,0.6438651200806645,0.82276161327083,0.44341419882733113,0.2272387217847769,0.5545847870158348,0.06381725610417532,0.05395604855596292,0.0,0.13859791991138198,1.017368029059364,0.41417734788764965,1.2956223516367562,1.0811397019903533,1.106064305276954,0.02811363267554586,0.35038593789556705,0.27079802423258115,0.8267649888486017,0.6638651200806646,0.84276161327083,0.46341419882733115,0.24723872178477688,0.0,0.0,93.0,21.5,0.0
94,1,57.30000000000025,72.10000000000001,59.85452060052047,9.232195486378814,100,100.0,89.70863852045984,36.211937152971345,71.42082055910875,55.37151880816599,71.60113011865285,49.00674541734551,0,0,1,0,0.8276311719925821,0.6316643991220648,0.7580877400853738,0.35452596812986836,0.9706980243949033,0.8931211213221977,0.7783834970737619,0.19463870785196757,0.4667210037270342,0.04380376578722878,0.15428949206754783,0.6830489532424546,0.7447621559078171,0.707631171992582,0.6316643991220648,0.6380877400853737,0.6745259681298686,1.2906980243949036,1.213121121322198,0.7983834970737619,0.25463870785196757,0.4867210037270342,0.04380376578722878,0.0,0.1030489532424543,0.14476215590781677,0.7739560485559633,0.4388784397520523,0.8585979199113825,0.6973680290593639,0.09417734788764953,0.9756223516367559,0.761139701990353,0.7860643052769538,0.12811363267554587,0.45038593789556713,0.37079802423258124,0.9267649888486018,0.6438651200806645,0.82276161327083,0.44341419882733113,0.2272387217847769,0.5545847870158348,0.06381725610417532,0.05395604855596292,0.0,0.13859791991138198,1.017368029059364,0.41417734788764965,1.2956223516367562,1.0811397019903533,1.106064305276954,0.02811363267554586,0.35038593789556705,0.27079802423258115,0.8267649888486017,0.6638651200806646,0.84276161327083,0.46341419882733115,0.24723872178477688,0.0,0.0,94.0,21.0,0.0
95,1,57.20000000000025,72.2,100.0,8.93760879449979,100,100.0,100.0,36.704612630021444,71.91498152833323,71.2303420660696,71.5037885616119,67.60626062645518,1,0,0,0,0.8276311719925821,0.6316643991220648,0.7580877400853738,0.35452596812986836,0.9706980243949033,0.8931211213221977,0.7783834970737619,0.19463870785196757,0.4667210037270342,0.04380376578722878,0.15428949206754783,0.6830489532424546,0.7447621559078171,0.727631171992582,0.6316643991220648,0.6580877400853737,0.6745259681298686,1.2906980243949036,1.213121121322198,0.7983834970737619,0.25463870785196757,0.4867210037270342,0.04380376578722878,0.0,0.1030489532424543,0.14476215590781677,0.7739560485559633,0.4388784397520523,0.8585979199113825,0.6973680290593639,0.09417734788764953,0.9756223516367559,0.761139701990353,0.7860643052769538,0.12811363267554587,0.45038593789556713,0.37079802423258124,0.9267649888486018,0.6438651200806645,0.82276161327083,0.44341419882733113,0.2272387217847769,0.5545847870158348,0.06381725610417532,0.07395604855596292,0.02,0.15859791991138197,1.017368029059364,0.41417734788764965,1.2956223516367562,1.0811397019903533,1.106064305276954,0.04811363267554586,0.37038593789556706,0.29079802423258116,0.8467649888486017,0.6638651200806646,0.84276161327083,0.46341419882733115,0.24723872178477688,0.0,0.0,75.0,20.5,0.0
96,1,57.10000000000025,72.10000000000001,100.0,8.652421959801028,100,100.0,100.0,32.835479557871565,65.26169198427307,71.42102411244295,71.51370594037786,67.58331361715922,0,0,1,0,0.8276311719925821,0.6316643991220648,0.7580877400853738,0.35452596812986836,0.9706980243949033,0.8931211213221977,0.7783834970737619,0.19463870785196757,0.4667210037270342,0.04380376578722878,0.15428949206754783,0.6830489532424546,0.7447621559078171,0.727631171992582,0.6316643991220648,0.6580877400853737,0.6745259681298686,1.2906980243949036,1.213121121322198,0.7983834970737619,0.25463870785196757,0.4867210037270342,0.04380376578722878,0.0,0.1030489532424543,0.14476215590781677,0.7739560485559633,0.4388784397520523,0.8585979199113825,0.6973680290593639,0.09417734788764953,0.9756223516367559,0.761139701990353,0.7860643052769538,0.12811363267554587,0.45038593789556713,0.37079802423258124,0.9267649888486018,0.6438651200806645,0.82276161327083,0.44341419882733113,0.2272387217847769,0.5545847870158348,0.06381725610417532,0.07395604855596292,0.02,0.15859791991138197,1.017368029059364,0.41417734788764965,1.2956223516367562,1.0811397019903533,1.106064305276954,0.04811363267554586,0.37038593789556706,0.29079802423258116,0.8467649888486017,0.6638651200806646,0.84276161327083,0.46341419882733115,0.24723872178477688,0.0,0.0,76.0,20.0,0.0
97,1,57.00000000000025,72.2,100.0,8.376335045736022,100,100.0,100.0,32.71550953440554,65.75111275446177,71.6117061588163,71.41915396892425,67.5610988154478,0,1,0,0,0.8276311719925821,0.6316643991220648,0.7580877400853738,0.35452596812986836,0.9706980243949033,0.8931211213221977,0.7783834970737619,0.19463870785196757,0.4667210037270342,0.04380376578722878,0.15428949206754783,0.6830489532424546,0.7447621559078171,0.727631171992582,0.6316643991220648,0.6580877400853737,0.6945259681298687,1.3106980243949036,1.233121121322198,0.7983834970737619,0.25463870785196757,0.4867210037270342,0.04380376578722878,0.0,0.1030489532424543,0.14476215590781677,0.7739560485559633,0.4388784397520523,0.8585979199113825,0.6973680290593639,0.09417734788764953,0.9756223516367559,0.761139701990353,0.7860643052769538,0.12811363267554587,0.45038593789556713,0.37079802423258124,0.9267649888486018,0.6438651200806645,0.82276161327083,0.44341419882733113,0.2272387217847769,0.5545847870158348,0.06381725610417532,0.07395604855596292,0.02,0.15859791991138197,1.037368029059364,0.43417734788764967,1.3156223516367562,1.1011397019903533,1.1260643052769541,0.04811363267554586,0.37038593789556706,0.29079802423258116,0.8467649888486017,0.6638651200806646,0.84276161327083,0.46341419882733115,0.24723872178477688,0.0,0.0,77.0,20.5,0.0
98,1,56.90000000000025,72.10000000000001,100.0,8.109057686321965,100,100.0,100.0,32.82465282357438,66.23758746494984,71.4053989911352,71.43177192142862,67.53959285758144,0,0,1,0,0.8276311719925821,0.6316643991220648,0.7580877400853738,0.35452596812986836,0.9706980243949033,0.8931211213221977,0.7783834970737619,0.19463870785196757,0.4667210037270342,0.04380376578722878,0.15428949206754783,0.6830489532424546,0.7447621559078171,0.727631171992582,0.6316643991220648,0.6580877400853737,0.6945259681298687,1.3106980243949036,1.233121121322198,0.7983834970737619,0.25463870785196757,0.4867210037270342,0.04380376578722878,0.0,0.1030489532424543,0.14476215590781677,0.7739560485559633,0.4388784397520523,0.8585979199113825,0.6973680290593639,0.09417734788764953,0.9756223516367559,0.761139701990353,0.7860643052769538,0.12811363267554587,0.45038593789556713,0.37079802423258124,0.9267649888486018,0.6438651200806645,0.82276161327083,0.44341419882733113,0.2272387217847769,0.5545847870158348,0.06381725610417532,0.07395604855596292,0.02,0.15859791991138197,1.037368029059364,0.43417734788764967,1.3156223516367562,1.1011397019903533,1.1260643052769541,0.04811363267554586,0.37038593789556706,0.29079802423258116,0.8467649888486017,0.6638651200806646,0.84276161327083,0.46341419882733115,0.24723872178477688,0.0,0.0,78.0,20.0,0.0
99,1,56.800000000000246,72.2,100.0,8.129001676622352,100,100.0,100.0,33.26195052307422,66.62801064081599,71.59764958489909,71.38185851550404,67.54119761234266,0,1,0,0,0.8276311719925821,0.6316643991220648,0.7580877400853738,0.35452596812986836,0.9706980243949033,0.8931211213221977,0.7783834970737619,0.19463870785196757,0.4667210037270342,0.04380376578722878,0.15428949206754783,0.6830489532424546,0.7447621559078171,0.727631171992582,0.6316643991220648,0.6580877400853737,0.7145259681298687,1.3306980243949036,1.253121121322198,0.7983834970737619,0.25463870785196757,0.4867210037270342,0.04380376578722878,0.0,0.1030489532424543,0.14476215590781677,0.7739560485559633,0.4388784397520523,0.8585979199113825,0.6973680290593639,0.09417734788764953,0.9756223516367559,0.761139701990353,0.7860643052769538,0.12811363267554587,0.45038593789556713,0.37079802423258124,0.9267649888486018,0.6438651200806645,0.82276161327083,0.44341419882733113,0.2272387217847769,0.5545847870158348,0.06381725610417532,0.07395604855596292,0.02,0.15859791991138197,1.0573680290593641,0.4541773478876497,1.3356223516367562,1.1211397019903533,1.1460643052769541,0.04811363267554586,0.37038593789556706,0.29079802423258116,0.8467649888486017,0.6638651200806646,0.84276161327083,0.46341419882733115,0.24723872178477688,0.0,0.0,79.0,20.5,0.0
100,1,56.700000000000244,72.10000000000001,100.0,7.869616385688212,100,100.0,100.0,33.32740847423883,67.11184611404126,71.39011375016867,71.39566651475964,67.52032667456398,0,0,1,0,0.8276311719925821,0.6316643991220648,0.7580877400853738,0.35452596812986836,0.9706980243949033,0.8931211213221977,0.7783834970737619,0.19463870785196757,0.4667210037270342,0.04380376578722878,0.15428949206754783,0.6830489532424546,0.7447621559078171,0.727631171992582,0.6316643991220648,0.6580877400853737,0.7145259681298687,1.3306980243949036,1.253121121322198,0.7983834970737619,0.25463870785196757,0.4867210037270342,0.04380376578722878,0.0,0.1030489532424543,0.14476215590781677,0.7739560485559633,0.4388784397520523,0.8585979199113825,0.6973680290593639,0.09417734788764953,0.9756223516367559,0.761139701990353,0.7860643052769538,0.12811363267554587,0.45038593789556713,0.37079802423258124,0.9267649888486018,0.6438651200806645,0.82276161327083,0.44341419882733113,0.2272387217847769,0.5545847870158348,0.06381725610417532,0.07395604855596292,0.02,0.15859791991138197,1.0573680290593641,0.4541773478876497,1.3356223516367562,1.1211397019903533,1.1460643052769541,0.04811363267554586,0.37038593789556706,0.29079802423258116,0.8467649888486017,0.6638651200806646,0.84276161327083,0.46341419882733115,0.24723872178477688,0.0,0.0,80.0,20.0,0.0
101,1,56.60000000000024,72.2,100.0,7.618507723524672,100,100.0,100.0,33.652971909174006,67.59291374672922,71.58389877200894,71.30488101943355,67.50012169977596,0,1,0,0,0.8276311719925821,0.6316643991220648,0.7580877400853738,0.35452596812986836,0.9706980243949033,0.8931211213221977,0.7783834970737619,0.19463870785196757,0.4667210037270342,0.04380376578722878,0.15428949206754783,0.6830489532424546,0.7447621559078171,0.727631171992582,0.6316643991220648,0.6580877400853737,0.7345259681298687,1.3506980243949036,1.273121121322198,0.7983834970737619,0.25463870785196757,0.4867210037270342,0.04380376578722878,0.0,0.1030489532424543,0.14476215590781677,0.7739560485559633,0.4388784397520523,0.8585979199113825,0.6973680290593639,0.09417734788764953,0.9756223516367559,0.761139701990353,0.7860643052769538,0.12811363267554587,0.45038593789556713,0.37079802423258124,0.9267649888486018,0.6438651200806645,0.82276161327083,0.44341419882733113,0.2272387217847769,0.5545847870158348,0.06381725610417532,0.07395604855596292,0.02,0.15859791991138197,1.0773680290593641,0.4741773478876497,1.3556223516367563,1.1411397019903533,1.1660643052769541,0.04811363267554586,0.37038593789556706,0.29079802423258116,0.8467649888486017,0.6638651200806646,0.84276161327083,0.46341419882733115,0.24723872178477688,0.0,0.0,81.0,20.5,0.0
102,1,56.50000000000024,72.3,100.0,7.375411594262767,100,100.0,100.0,33.812565184473236,68.07130185687413,71.37515741915426,71.32114526497965,67.48056143801328,0,1,0,0,0.8276311719925821,0.6316643991220648,0.7580877400853738,0.35452596812986836,0.9706980243949033,0.8931211213221977,0.7783834970737619,0.19463870785196757,0.4667210037270342,0.04380376578722878,0.15428949206754783,0.6830489532424546,0.7447621559078171,0.727631171992582,0.6316643991220648,0.6580877400853737,0.7545259681298687,1.3706980243949036,1.293121121322198,0.7983834970737619,0.25463870785196757,0.4867210037270342,0.04380376578722878,0.0,0.1030489532424543,0.14476215590781677,0.7739560485559633,0.4388784397520523,0.8585979199113825,0.6973680290593639,0.09417734788764953,0.9756223516367559,0.761139701990353,0.7860643052769538,0.12811363267554587,0.45038593789556713,0.37079802423258124,0.9267649888486018,0.6438651200806645,0.82276161327083,0.44341419882733113,0.2272387217847769,0.5545847870158348,0.06381725610417532,0.07395604855596292,0.02,0.15859791991138197,1.0973680290593641,0.4941773478876497,1.3756223516367563,1.1611397019903533,1.1860643052769542,0.04811363267554586,0.37038593789556706,0.29079802423258116,0.8467649888486017,0.6638651200806646,0.84276161327083,0.46341419882733115,0.24723872178477688,0.0,0.0,82.0,21.0,0.0
103,1,56.40000000000024,72.2,100.0,7.140072328970382,100,100.0,100.0,33.95336482689528,68.54709594436417,71.16376361653678,71.33857916975894,67.46162531736775,0,0,1,0,0.8276311719925821,0.6316643991220648,0.7580877400853738,0.35452596812986836,0.9706980243949033,0.8931211213221977,0.7783834970737619,0.19463870785196757,0.4667210037270342,0.04380376578722878,0.15428949206754783,0.6830489532424546,0.7447621559078171,0.727631171992582,0.6316643991220648,0.6580877400853737,0.7545259681298687,1.3706980243949036,1.293121121322198,0.7983834970737619,0.25463870785196757,0.4867210037270342,0.04380376578722878,0.0,0.1030489532424543,0.14476215590781677,0.7739560485559633,0.4388784397520523,0.8585979199113825,0.6973680290593639,0.09417734788764953,0.9756223516367559,0.761139701990353,0.7860643052769538,0.12811363267554587,0.45038593789556713,0.37079802423258124,0.9267649888486018,0.6438651200806645,0.82276161327083,0.44341419882733113,0.2272387217847769,0.5545847870158348,0.06381725610417532,0.07395604855596292,0.02,0.15859791991138197,1.0973680290593641,0.4941773478876497,1.3756223516367563,1.1611397019903533,1.1860643052769542,0.04811363267554586,0.37038593789556706,0.29079802423258116,0.8467649888486017,0.6638651200806646,0.84276161327083,0.46341419882733115,0.24723872178477688,0.0,0.0,83.0,20.5,0.0
104,1,56.30000000000024,72.3,100.0,6.912242416760263,100,100.0,100.0,34.287459579080156,69.02037878090337,71.36051949480215,71.25130388228585,67.44329342235267,0,1,0,0,0.8276311719925821,0.6316643991220648,0.7580877400853738,0.35452596812986836,0.9706980243949033,0.8931211213221977,0.7783834970737619,0.19463870785196757,0.4667210037270342,0.04380376578722878,0.15428949206754783,0.6830489532424546,0.7447621559078171,0.727631171992582,0.6316643991220648,0.6580877400853737,0.7745259681298687,1.3906980243949036,1.313121121322198,0.7983834970737619,0.25463870785196757,0.4867210037270342,0.04380376578722878,0.0,0.1030489532424543,0.14476215590781677,0.7739560485559633,0.4388784397520523,0.8585979199113825,0.6973680290593639,0.09417734788764953,0.9756223516367559,0.761139701990353,0.7860643052769538,0.12811363267554587,0.45038593789556713,0.37079802423258124,0.9267649888486018,0.6438651200806645,0.82276161327083,0.44341419882733113,0.2272387217847769,0.5545847870158348,0.06381725610417532,0.07395604855596292,0.02,0.15859791991138197,1.1173680290593642,0.5141773478876497,1.3956223516367563,1.1811397019903533,1.2060643052769542,0.04811363267554586,0.37038593789556706,0.29079802423258116,0.8467649888486017,0.6638651200806646,0.84276161327083,0.46341419882733115,0.24723872178477688,0.0,0.0,84.0,21.0,0.0
105,1,56.20000000000024,72.2,100.0,6.691682244477996,100,100.0,100.0,34.44801889818331,69.49123049706427,71.14799554535827,71.27096632976816,67.42554647295711,0,0,1,0,0.8276311719925821,0.6316643991220648,0.7580877400853738,0.35452596812986836,0.9706980243949033,0.8931211213221977,0.7783834970737619,0.19463870785196757,0.4667210037270342,0.04380376578722878,0.15428949206754783,0.6830489532424546,0.7447621559078171,0.727631171992582,0.6316643991220648,0.6580877400853737,0.7745259681298687,1.3906980243949036,1.313121121322198,0.7983834970737619,0.25463870785196757,0.4867210037270342,0.04380376578722878,0.0,0.1030489532424543,0.14476215590781677,0.7739560485559633,0.4388784397520523,0.8585979199113825,0.6973680290593639,0.09417734788764953,0.9756223516367559,0.761139701990353,0.7860643052769538,0.12811363267554587,0.45038593789556713,0.37079802423258124,0.9267649888486018,0.6438651200806645,0.82276161327083,0.44341419882733113,0.2272387217847769,0.5545847870158348,0.06381725610417532,0.07395604855596292,0.02,0.15859791991138197,1.1173680290593642,0.5141773478876497,1.3956223516367563,1.1811397019903533,1.2060643052769542,0.04811363267554586,0.37038593789556706,0.29079802423258116,0.8467649888486017,0.6638651200806646,0.84276161327083,0.46341419882733115,0.24723872178477688,0.0,0.0,85.0,20.5,0.0
106,1,56.100000000000236,72.3,100.0,6.478159844696188,100,100.0,100.0,34.7843511375775,69.95972866656277,71.34618991632317,71.18584847525787,67.40836580436888,0,1,0,0,0.8276311719925821,0.6316643991220648,0.7580877400853738,0.35452596812986836,0.9706980243949033,0.8931211213221977,0.7783834970737619,0.19463870785196757,0.4667210037270342,0.04380376578722878,0.15428949206754783,0.6830489532424546,0.7447621559078171,0.727631171992582,0.6316643991220648,0.6580877400853737,0.7945259681298688,1.4106980243949037,1.333121121322198,0.7983834970737619,0.25463870785196757,0.4867210037270342,0.04380376578722878,0.0,0.1030489532424543,0.14476215590781677,0.7739560485559633,0.4388784397520523,0.8585979199113825,0.6973680290593639,0.09417734788764953,0.9756223516367559,0.761139701990353,0.7860643052769538,0.12811363267554587,0.45038593789556713,0.37079802423258124,0.9267649888486018,0.6438651200806645,0.82276161327083,0.44341419882733113,0.2272387217847769,0.5545847870158348,0.06381725610417532,0.07395604855596292,0.02,0.15859791991138197,1.1373680290593642,0.5341773478876497,1.4156223516367563,1.2011397019903534,1.2260643052769542,0.04811363267554586,0.37038593789556706,0.29079802423258116,0.8467649888486017,0.6638651200806646,0.84276161327083,0.46341419882733115,0.24723872178477688,0.0,0.0,86.0,21.0,0.0
107,1,56.000000000000234,72.2,100.0,6.271450651749808,100,100.0,100.0,34.94516381856974,70.42594838784393,71.13255616453249,71.20759951497703,67.39173334734431,0,0,1,0,0.8276311719925821,0.6316643991220648,0.7580877400853738,0.35452596812986836,0.9706980243949033,0.8931211213221977,0.7783834970737619,0.19463870785196757,0.4667210037270342,0.04380376578722878,0.15428949206754783,0.6830489532424546,0.7447621559078171,0.727631171992582,0.6316643991220648,0.6580877400853737,0.7945259681298688,1.4106980243949037,1.333121121322198,0.7983834970737619,0.25463870785196757,0.4867210037270342,0.04380376578722878,0.0,0.1030489532424543,0.14476215590781677,0.7739560485559633,0.4388784397520523,0.8585979199113825,0.6973680290593639,0.09417734788764953,0.9756223516367559,0.761139701990353,0.7860643052769538,0.12811363267554587,0.45038593789556713,0.37079802423258124,0.9267649888486018,0.6438651200806645,0.82276161327083,0.44341419882733113,0.2272387217847769,0.5545847870158348,0.06381725610417532,0.07395604855596292,0.02,0.15859791991138197,1.1373680290593642,0.5341773478876497,1.4156223516367563,1.2011397019903534,1.2260643052769542,0.04811363267554586,0.37038593789556706,0.29079802423258116,0.8467649888486017,0.6638651200806646,0.84276161327083,0.46341419882733115,0.24723872178477688,0.0,0.0,87.0,20.5,0.0
108,1,55.90000000000023,72.3,100.0,6.350030161422258,100,100.0,100.0,35.38831230222889,70.79676288342,71.33215904236876,71.16652777198432,67.39805609622167,0,1,0,0,0.8276311719925821,0.6316643991220648,0.7580877400853738,0.35452596812986836,0.9706980243949033,0.8931211213221977,0.7783834970737619,0.19463870785196757,0.4667210037270342,0.04380376578722878,0.15428949206754783,0.6830489532424546,0.7447621559078171,0.727631171992582,0.6316643991220648,0.6580877400853737,0.8145259681298688,1.4306980243949037,1.353121121322198,0.7983834970737619,0.25463870785196757,0.4867210037270342,0.04380376578722878,0.0,0.1030489532424543,0.14476215590781677,0.7739560485559633,0.4388784397520523,0.8585979199113825,0.6973680290593639,0.09417734788764953,0.9756223516367559,0.761139701990353,0.7860643052769538,0.12811363267554587,0.45038593789556713,0.37079802423258124,0.9267649888486018,0.6438651200806645,0.82276161327083,0.44341419882733113,0.2272387217847769,0.5545847870158348,0.06381725610417532,0.07395604855596292,0.02,0.15859791991138197,1.1573680290593642,0.5541773478876497,1.4356223516367563,1.2211397019903534,1.2460643052769542,0.04811363267554586,0.37038593789556706,0.29079802423258116,0.8467649888486017,0.6638651200806646,0.84276161327083,0.46341419882733115,0.24723872178477688,0.0,0.0,88.0,21.0,0.0
109,1,54.90000000000023,74.3,100.0,6.147409410881897,100,100.0,100.0,35.45443276700301,71.26161536244115,71.11743530259398,71.18889530883797,67.38175260783969,1,0,0,0,0.8276311719925821,0.6316643991220648,0.7580877400853738,0.35452596812986836,0.9706980243949033,0.8931211213221977,0.7783834970737619,0.19463870785196757,0.4667210037270342,0.04380376578722878,0.15428949206754783,0.6830489532424546,0.7447621559078171,0.707631171992582,0.6316643991220648,0.6380877400853737,0.8145259681298688,1.4306980243949037,1.353121121322198,0.7983834970737619,0.25463870785196757,0.4867210037270342,0.04380376578722878,0.0,0.1030489532424543,0.14476215590781677,0.7739560485559633,0.4388784397520523,0.8585979199113825,0.6973680290593639,0.09417734788764953,0.9756223516367559,0.761139701990353,0.7860643052769538,0.12811363267554587,0.45038593789556713,0.37079802423258124,0.9267649888486018,0.6438651200806645,0.82276161327083,0.44341419882733113,0.2272387217847769,0.5545847870158348,0.06381725610417532,0.05395604855596292,0.0,0.13859791991138198,1.1573680290593642,0.5541773478876497,1.4356223516367563,1.2211397019903534,1.2460643052769542,0.02811363267554586,0.35038593789556705,0.27079802423258115,0.8267649888486017,0.6638651200806646,0.84276161327083,0.46341419882733115,0.24723872178477688,0.0,0.0,89.0,20.5,0.0
110,1,54.80000000000023,74.2,100.0,6.229946906372321,100,90.0,100.0,36.85392197690149,71.70902216393618,67.18995976970915,72.25975644867599,63.28883701934074,0,0,1,0,0.8276311719925821,0.6316643991220648,0.7580877400853738,0.35452596812986836,0.9706980243949033,0.8931211213221977,0.7783834970737619,0.19463870785196757,0.4667210037270342,0.04380376578722878,0.15428949206754783,0.6830489532424546,0.7447621559078171,0.707631171992582,0.6316643991220648,0.6380877400853737,0.8145259681298688,1.4306980243949037,1.353121121322198,0.7983834970737619,0.25463870785196757,0.4867210037270342,0.04380376578722878,0.0,0.1030489532424543,0.14476215590781677,0.7739560485559633,0.4388784397520523,0.8585979199113825,0.6973680290593639,0.09417734788764953,0.9756223516367559,0.761139701990353,0.7860643052769538,0.12811363267554587,0.45038593789556713,0.37079802423258124,0.9267649888486018,0.6438651200806645,0.82276161327083,0.44341419882733113,0.2272387217847769,0.5545847870158348,0.06381725610417532,0.05395604855596292,0.0,0.13859791991138198,1.1573680290593642,0.5541773478876497,1.4356223516367563,1.2211397019903534,1.2460643052769542,0.02811363267554586,0.35038593789556705,0.27079802423258115,0.8267649888486017,0.6638651200806646,0.84276161327083,0.46341419882733115,0.24723872178477688,0.0,0.0,90.0,20.0,0.0
111,1,54.70000000000023,74.10000000000001,100.0,6.031157847752633,100,90.0,100.0,37.24858754198651,72.1712980919522,67.39094209651309,72.1768602379374,63.272841840668136,0,0,1,0,0.8276311719925821,0.6316643991220648,0.7580877400853738,0.35452596812986836,0.9706980243949033,0.8931211213221977,0.7783834970737619,0.19463870785196757,0.4667210037270342,0.04380376578722878,0.15428949206754783,0.6830489532424546,0.7447621559078171,0.707631171992582,0.6316643991220648,0.6380877400853737,0.8145259681298688,1.4306980243949037,1.353121121322198,0.7983834970737619,0.25463870785196757,0.4867210037270342,0.04380376578722878,0.0,0.1030489532424543,0.14476215590781677,0.7739560485559633,0.4388784397520523,0.8585979199113825,0.6973680290593639,0.09417734788764953,0.9756223516367559,0.761139701990353,0.7860643052769538,0.12811363267554587,0.45038593789556713,0.37079802423258124,0.9267649888486018,0.6438651200806645,0.82276161327083,0.44341419882733113,0.2272387217847769,0.5545847870158348,0.06381725610417532,0.05395604855596292,0.0,0.13859791991138198,1.1573680290593642,0.5541773478876497,1.4356223516367563,1.2211397019903534,1.2460643052769542,0.02811363267554586,0.35038593789556705,0.27079802423258115,0.8267649888486017,0.6638651200806646,0.84276161327083,0.46341419882733115,0.24723872178477688,0.0,0.0,91.0,19.5,0.0
112,1,53.70000000000023,76.10000000000001,100.0,5.838711875265265,100,90.0,100.0,37.61764508809925,72.63146280327281,67.59192442331704,72.09492050255938,63.25735704620243,1,0,0,0,0.8276311719925821,0.6316643991220648,0.7580877400853738,0.35452596812986836,0.9706980243949033,0.8931211213221977,0.7783834970737619,0.19463870785196757,0.4667210037270342,0.04380376578722878,0.15428949206754783,0.6830489532424546,0.7447621559078171,0.687631171992582,0.6116643991220648,0.6180877400853737,0.8145259681298688,1.4306980243949037,1.353121121322198,0.7983834970737619,0.25463870785196757,0.4867210037270342,0.04380376578722878,0.0,0.1030489532424543,0.14476215590781677,0.7739560485559633,0.4388784397520523,0.8585979199113825,0.6973680290593639,0.09417734788764953,0.9756223516367559,0.761139701990353,0.7860643052769538,0.12811363267554587,0.45038593789556713,0.37079802423258124,0.9267649888486018,0.6438651200806645,0.82276161327083,0.44341419882733113,0.2272387217847769,0.5545847870158348,0.06381725610417532,0.03395604855596292,0.0,0.11859791991138198,1.1573680290593642,0.5541773478876497,1.4356223516367563,1.2211397019903534,1.2460643052769542,0.008113632675545858,0.33038593789556703,0.25079802423258113,0.8067649888486017,0.6638651200806646,0.84276161327083,0.46341419882733115,0.24723872178477688,0.0,0.0,92.0,19.0,0.0
113,1,52.70000000000023,78.10000000000001,100.0,5.6524065897341185,100,80.0,67.58226521123504,39.09023307190567,73.39175768827901,63.6644488904322,73.12524277999933,59.14280954120295,1,0,0,0,0.8276311719925821,0.6316643991220648,0.7580877400853738,0.35452596812986836,0.9706980243949033,0.8931211213221977,0.7783834970737619,0.19463870785196757,0.4667210037270342,0.04380376578722878,0.15428949206754783,0.6830489532424546,0.7447621559078171,0.6676311719925819,0.5916643991220648,0.5980877400853737,0.8145259681298688,1.4306980243949037,1.353121121322198,0.7983834970737619,0.25463870785196757,0.4867210037270342,0.04380376578722878,0.0,0.1030489532424543,0.14476215590781677,0.7739560485559633,0.4388784397520523,0.8585979199113825,0.6973680290593639,0.09417734788764953,0.9756223516367559,0.761139701990353,0.7860643052769538,0.12811363267554587,0.45038593789556713,0.37079802423258124,0.9267649888486018,0.6438651200806645,0.82276161327083,0.44341419882733113,0.2272387217847769,0.5545847870158348,0.06381725610417532,0.013956048555962917,0.0,0.09859791991138198,1.1573680290593642,0.5541773478876497,1.4356223516367563,1.2211397019903534,1.2460643052769542,0.0,0.310385937895567,0.23079802423258114,0.7867649888486017,0.6638651200806646,0.84276161327083,0.46341419882733115,0.24723872178477688,0.0,0.0,93.0,18.5,0.0
114,1,52.60000000000023,78.00000000000001,100.0,5.472046050263123,100,65.85786437626905,45.6736257108171,40.49202849228132,74.1510024655221,58.026910120378446,74.15646146701222,53.33064833870354,0,0,1,0,0.8276311719925821,0.6316643991220648,0.7580877400853738,0.35452596812986836,0.9706980243949033,0.8931211213221977,0.7783834970737619,0.19463870785196757,0.4667210037270342,0.04380376578722878,0.15428949206754783,0.6830489532424546,0.7447621559078171,0.6676311719925819,0.5916643991220648,0.5980877400853737,0.8145259681298688,1.4306980243949037,1.353121121322198,0.7983834970737619,0.25463870785196757,0.4867210037270342,0.04380376578722878,0.0,0.1030489532424543,0.14476215590781677,0.7739560485559633,0.4388784397520523,0.8585979199113825,0.6973680290593639,0.09417734788764953,0.9756223516367559,0.761139701990353,0.7860643052769538,0.12811363267554587,0.45038593789556713,0.37079802423258124,0.9267649888486018,0.6438651200806645,0.82276161327083,0.44341419882733113,0.2272387217847769,0.5545847870158348,0.06381725610417532,0.013956048555962917,0.0,0.09859791991138198,1.1573680290593642,0.5541773478876497,1.4356223516367563,1.2211397019903534,1.2460643052769542,0.0,0.310385937895567,0.23079802423258114,0.7867649888486017,0.6638651200806646,0.84276161327083,0.46341419882733115,0.24723872178477688,0.0,0.0,94.0,18.0,0.0
115,1,52.50000000000023,78.10000000000001,90.29878613256332,5.297440568161382,100,65.85786437626905,30.867270859471247,41.01989083103325,74.60609377974492,54.48155637960001,74.0772119031244,48.81627101668816,1,0,0,0,0.8276311719925821,0.6316643991220648,0.7580877400853738,0.35452596812986836,0.9706980243949033,0.8931211213221977,0.7783834970737619,0.19463870785196757,0.4667210037270342,0.04380376578722878,0.15428949206754783,0.6830489532424546,0.7447621559078171,0.6476311719925819,0.5716643991220648,0.5780877400853737,0.8145259681298688,1.4306980243949037,1.353121121322198,0.7983834970737619,0.25463870785196757,0.4867210037270342,0.04380376578722878,0.0,0.1030489532424543,0.14476215590781677,0.7739560485559633,0.4388784397520523,0.8585979199113825,0.6973680290593639,0.09417734788764953,0.9756223516367559,0.761139701990353,0.7860643052769538,0.12811363267554587,0.45038593789556713,0.37079802423258124,0.9267649888486018,0.6438651200806645,0.82276161327083,0.44341419882733113,0.2272387217847769,0.5545847870158348,0.06381725610417532,0.0,0.0,0.07859791991138197,1.1573680290593642,0.5541773478876497,1.4356223516367563,1.2211397019903534,1.2460643052769542,0.0,0.290385937895567,0.21079802423258115,0.7667649888486017,0.6638651200806646,0.84276161327083,0.46341419882733115,0.24723872178477688,0.0,0.0,95.0,17.5,0.0
116,1,51.50000000000023,80.10000000000001,67.84468575594397,5.128406507443881,100,65.85786437626905,20.860800855718125,41.84152743510615,75.0932376197604,46.011396387976596,74.10464398436326,38.38636349510254,1,0,0,0,0.8276311719925821,0.6316643991220648,0.7580877400853738,0.35452596812986836,0.9706980243949033,0.8931211213221977,0.7783834970737619,0.19463870785196757,0.4667210037270342,0.04380376578722878,0.15428949206754783,0.6830489532424546,0.7447621559078171,0.6276311719925819,0.5516643991220648,0.5580877400853737,0.8145259681298688,1.4306980243949037,1.353121121322198,0.7983834970737619,0.25463870785196757,0.4867210037270342,0.04380376578722878,0.0,0.1030489532424543,0.14476215590781677,0.7739560485559633,0.4388784397520523,0.8585979199113825,0.6973680290593639,0.09417734788764953,0.9756223516367559,0.761139701990353,0.7860643052769538,0.12811363267554587,0.45038593789556713,0.37079802423258124,0.9267649888486018,0.6438651200806645,0.82276161327083,0.44341419882733113,0.2272387217847769,0.5545847870158348,0.06381725610417532,0.0,0.0,0.05859791991138197,1.1573680290593642,0.5541773478876497,1.4356223516367563,1.2211397019903534,1.2460643052769542,0.0,0.270385937895567,0.19079802423258116,0.7467649888486017,0.6638651200806646,0.84276161327083,0.46341419882733115,0.24723872178477688,0.0,0.0,96.0,17.0,0.0
117,1,50.50000000000023,82.10000000000001,36.22610921169156,4.964766091697948,100,75.85786437626905,14.098201759499013,43.242780668150274,75.84982664713459,38.1306311989387,75.1383839025299,27.805107761606205,1,0,0,0,0.8276311719925821,0.6316643991220648,0.7580877400853738,0.35452596812986836,0.9706980243949033,0.8931211213221977,0.7783834970737619,0.19463870785196757,0.4667210037270342,0.04380376578722878,0.15428949206754783,0.6830489532424546,0.7447621559078171,0.6076311719925819,0.5316643991220648,0.5380877400853736,0.8145259681298688,1.4306980243949037,1.353121121322198,0.7983834970737619,0.25463870785196757,0.4867210037270342,0.04380376578722878,0.0,0.1030489532424543,0.14476215590781677,0.7739560485559633,0.4388784397520523,0.8585979199113825,0.6973680290593639,0.09417734788764953,0.9756223516367559,0.761139701990353,0.7860643052769538,0.12811363267554587,0.45038593789556713,0.37079802423258124,0.9267649888486018,0.6438651200806645,0.82276161327083,0.44341419882733113,0.2272387217847769,0.5545847870158348,0.06381725610417532,0.0,0.0,0.038597919911381964,1.1573680290593642,0.5541773478876497,1.4356223516367563,1.2211397019903534,1.2460643052769542,0.0,0.25038593789556696,0.17079802423258117,0.7267649888486016,0.6638651200806646,0.84276161327083,0.46341419882733115,0.24723872178477688,0.0,0.0,97.0,16.5,0.0
118,1,49.50000000000023,84.10000000000001,0.0,4.806347217112341,100,85.85786437626905,9.527884103119627,44.76182143346004,76.60576789064642,28.470566424255026,76.1729111780427,15.086868676596152,1,0,0,0,0.8276311719925821,0.6316643991220648,0.7580877400853738,0.35452596812986836,0.9706980243949033,0.8931211213221977,0.7783834970737619,0.19463870785196757,0.4667210037270342,0.04380376578722878,0.15428949206754783,0.6830489532424546,0.7447621559078171,0.5876311719925819,0.5116643991220647,0.5180877400853736,0.8145259681298688,1.4306980243949037,1.353121121322198,0.7983834970737619,0.25463870785196757,0.4867210037270342,0.04380376578722878,0.0,0.1030489532424543,0.14476215590781677,0.7739560485559633,0.4388784397520523,0.8585979199113825,0.6973680290593639,0.09417734788764953,0.9756223516367559,0.761139701990353,0.7860643052769538,0.12811363267554587,0.45038593789556713,0.37079802423258124,0.9267649888486018,0.6438651200806645,0.82276161327083,0.44341419882733113,0.2272387217847769,0.5545847870158348,0.06381725610417532,0.0,0.0,0.018597919911381964,1.1573680290593642,0.5541773478876497,1.4356223516367563,1.2211397019903534,1.2460643052769542,0.0,0.23038593789556697,0.15079802423258118,0.7067649888486016,0.6638651200806646,0.84276161327083,0.46341419882733115,0.24723872178477688,0.0,0.0,98.0,16.0,0.0
119,1,49.400000000000226,84.2,68.87233645086545,4.6529832714723165,100,100.0,99.17596280952581,46.330912011570135,77.36116808894201,61.106629992891875,77.20820068740899,52.821592200442325,1,0,0,0,0.8276311719925821,0.6316643991220648,0.7580877400853738,0.35452596812986836,0.9706980243949033,0.8931211213221977,0.7783834970737619,0.19463870785196757,0.4667210037270342,0.04380376578722878,0.15428949206754783,0.6830489532424546,0.7447621559078171,0.6076311719925819,0.5316643991220648,0.5380877400853736,0.8145259681298688,1.4306980243949037,1.353121121322198,0.7983834970737619,0.25463870785196757,0.4867210037270342,0.04380376578722878,0.0,0.1030489532424543,0.14476215590781677,0.7739560485559633,0.4388784397520523,0.8585979199113825,0.6973680290593639,0.09417734788764953,0.9756223516367559,0.761139701990353,0.7860643052769538,0.12811363267554587,0.45038593789556713,0.37079802423258124,0.9267649888486018,0.6438651200806645,0.82276161327083,0.44341419882733113,0.2272387217847769,0.5545847870158348,0.06381725610417532,0.02,0.02,0.038597919911381964,1.1573680290593642,0.5541773478876497,1.4356223516367563,1.2211397019903534,1.2460643052769542,0.02,0.25038593789556696,0.17079802423258117,0.7267649888486016,0.6638651200806646,0.84276161327083,0.46341419882733115,0.24723872178477688,0.0,0.0,79.0,15.5,0.0
120,1,49.300000000000225,84.10000000000001,100.0,4.50451295893032,100,100.0,100.0,42.36293078474149,70.40158861834819,73.32824089743745,77.2387335807824,67.24956010956029,0,0,1,0,0.8276311719925821,0.6316643991220648,0.7580877400853738,0.35452596812986836,0.9706980243949033,0.8931211213221977,0.7783834970737619,0.19463870785196757,0.4667210037270342,0.04380376578722878,0.15428949206754783,0.6830489532424546,0.7447621559078171,0.6076311719925819,0.5316643991220648,0.5380877400853736,0.8145259681298688,1.4306980243949037,1.353121121322198,0.7783834970737619,0.25463870785196757,0.4667210037270342,0.04380376578722878,0.0,0.1030489532424543,0.14476215590781677,0.7739560485559633,0.4388784397520523,0.8585979199113825,0.6973680290593639,0.09417734788764953,0.9756223516367559,0.761139701990353,0.7860643052769538,0.12811363267554587,0.45038593789556713,0.37079802423258124,0.9267649888486018,0.6438651200806645,0.82276161327083,0.44341419882733113,0.2272387217847769,0.5545847870158348,0.06381725610417532,0.02,0.02,0.038597919911381964,1.1573680290593642,0.5541773478876497,1.4356223516367563,1.2211397019903534,1.2460643052769542,0.0,0.23038593789556697,0.15079802423258118,0.7067649888486016,0.6438651200806645,0.82276161327083,0.44341419882733113,0.2272387217847769,0.0,0.0,80.0,15.0,0.0
121,1,49.20000000000022,84.00000000000001,100.0,4.360780130368004,100,100.0,100.0,42.85634663081685,70.84780230979055,73.5292232242414,76.9615752087772,67.23799492438393,0,0,1,0,0.8276311719925821,0.6316643991220648,0.7580877400853738,0.35452596812986836,0.9706980243949033,0.8931211213221977,0.7783834970737619,0.19463870785196757,0.4667210037270342,0.04380376578722878,0.15428949206754783,0.6830489532424546,0.7447621559078171,0.6076311719925819,0.5316643991220648,0.5380877400853736,0.8145259681298688,1.4306980243949037,1.353121121322198,0.7783834970737619,0.25463870785196757,0.4667210037270342,0.04380376578722878,0.0,0.1030489532424543,0.14476215590781677,0.7739560485559633,0.4388784397520523,0.8585979199113825,0.6973680290593639,0.09417734788764953,0.9756223516367559,0.761139701990353,0.7860643052769538,0.12811363267554587,0.45038593789556713,0.37079802423258124,0.9267649888486018,0.6438651200806645,0.82276161327083,0.44341419882733113,0.2272387217847769,0.5545847870158348,0.06381725610417532,0.02,0.02,0.038597919911381964,1.1573680290593642,0.5541773478876497,1.4356223516367563,1.2211397019903534,1.2460643052769542,0.0,0.23038593789556697,0.15079802423258118,0.7067649888486016,0.6438651200806645,0.82276161327083,0.44341419882733113,0.2272387217847769,0.0,0.0,81.0,14.5,0.0
122,1,49.10000000000022,83.90000000000002,100.0,4.221633619171157,100,100.0,100.0,43.28411608058482,71.29248967817182,73.73020555104536,76.88734724736022,67.2267987683997,0,0,1,0,0.8276311719925821,0.6316643991220648,0.7580877400853738,0.35452596812986836,0.9706980243949033,0.8931211213221977,0.7783834970737619,0.19463870785196757,0.4667210037270342,0.04380376578722878,0.15428949206754783,0.6830489532424546,0.7447621559078171,0.6076311719925819,0.5316643991220648,0.5380877400853736,0.8145259681298688,1.4306980243949037,1.353121121322198,0.7783834970737619,0.25463870785196757,0.4667210037270342,0.04380376578722878,0.0,0.1030489532424543,0.14476215590781677,0.7739560485559633,0.4388784397520523,0.8585979199113825,0.6973680290593639,0.09417734788764953,0.9756223516367559,0.761139701990353,0.7860643052769538,0.12811363267554587,0.45038593789556713,0.37079802423258124,0.9267649888486018,0.6438651200806645,0.82276161327083,0.44341419882733113,0.2272387217847769,0.5545847870158348,0.06381725610417532,0.02,0.02,0.038597919911381964,1.1573680290593642,0.5541773478876497,1.4356223516367563,1.2211397019903534,1.2460643052769542,0.0,0.23038593789556697,0.15079802423258118,0.7067649888486016,0.6438651200806645,0.82276161327083,0.44341419882733113,0.2272387217847769,0.0,0.0,82.0,14.0,0.0
123,1,49.00000000000022,83.80000000000003,100.0,4.086927082244836,100,100.0,100.0,43.699856812193346,71.7356994263668,73.9311878778493,76.81379790114433,67.21595986639241,0,0,1,0,0.8276311719925821,0.6316643991220648,0.7580877400853738,0.35452596812986836,0.9706980243949033,0.8931211213221977,0.7783834970737619,0.19463870785196757,0.4667210037270342,0.04380376578722878,0.15428949206754783,0.6830489532424546,0.7447621559078171,0.6076311719925819,0.5316643991220648,0.5380877400853736,0.8145259681298688,1.4306980243949037,1.353121121322198,0.7783834970737619,0.25463870785196757,0.4667210037270342,0.04380376578722878,0.0,0.1030489532424543,0.14476215590781677,0.7739560485559633,0.4388784397520523,0.8585979199113825,0.6973680290593639,0.09417734788764953,0.9756223516367559,0.761139701990353,0.7860643052769538,0.12811363267554587,0.45038593789556713,0.37079802423258124,0.9267649888486018,0.6438651200806645,0.82276161327083,0.44341419882733113,0.2272387217847769,0.5545847870158348,0.06381725610417532,0.02,0.02,0.038597919911381964,1.1573680290593642,0.5541773478876497,1.4356223516367563,1.2211397019903534,1.2460643052769542,0.0,0.23038593789556697,0.15079802423258118,0.7067649888486016,0.6438651200806645,0.82276161327083,0.44341419882733113,0.2272387217847769,0.0,0.0,83.0,13.5,0.0
124,1,48.90000000000022,83.70000000000003,100.0,3.9565188461014817,100,100.0,100.0,44.113393461495804,72.17747870320844,74.13217020465325,76.74090551644939,67.20546681887774,0,0,1,0,0.8276311719925821,0.6316643991220648,0.7580877400853738,0.35452596812986836,0.9706980243949033,0.8931211213221977,0.7783834970737619,0.19463870785196757,0.4667210037270342,0.04380376578722878,0.15428949206754783,0.6830489532424546,0.7447621559078171,0.6076311719925819,0.5316643991220648,0.5380877400853736,0.8145259681298688,1.4306980243949037,1.353121121322198,0.7983834970737619,0.25463870785196757,0.4867210037270342,0.04380376578722878,0.0,0.1030489532424543,0.14476215590781677,0.7739560485559633,0.4388784397520523,0.8585979199113825,0.6973680290593639,0.09417734788764953,0.9756223516367559,0.761139701990353,0.7860643052769538,0.12811363267554587,0.45038593789556713,0.37079802423258124,0.9267649888486018,0.6438651200806645,0.82276161327083,0.44341419882733113,0.2272387217847769,0.5545847870158348,0.06381725610417532,0.02,0.02,0.038597919911381964,1.1573680290593642,0.5541773478876497,1.4356223516367563,1.2211397019903534,1.2460643052769542,0.02,0.25038593789556696,0.17079802423258117,0.7267649888486016,0.6638651200806646,0.84276161327083,0.46341419882733115,0.24723872178477688,0.02,0.02,84.0,13.0,0.0
125,1,48.80000000000022,83.60000000000004,100.0,3.7907065693991395,100,100.0,100.0,43.64188343852924,72.63104041882517,74.33315253145722,76.8664947343042,67.19212505343863,0,0,1,0,0.8276311719925821,0.6316643991220648,0.7580877400853738,0.35452596812986836,0.9706980243949033,0.8931211213221977,0.7783834970737619,0.19463870785196757,0.4667210037270342,0.04380376578722878,0.15428949206754783,0.6830489532424546,0.7447621559078171,0.6076311719925819,0.5316643991220648,0.5380877400853736,0.8145259681298688,1.4306980243949037,1.353121121322198,0.7983834970737619,0.25463870785196757,0.4867210037270342,0.04380376578722878,0.0,0.1030489532424543,0.14476215590781677,0.7739560485559633,0.4388784397520523,0.8585979199113825,0.6973680290593639,0.09417734788764953,0.9756223516367559,0.761139701990353,0.7860643052769538,0.12811363267554587,0.45038593789556713,0.37079802423258124,0.9267649888486018,0.6438651200806645,0.82276161327083,0.44341419882733113,0.2272387217847769,0.5545847870158348,0.06381725610417532,0.02,0.02,0.038597919911381964,1.1573680290593642,0.5541773478876497,1.4356223516367563,1.2211397019903534,1.2460643052769542,0.02,0.25038593789556696,0.17079802423258117,0.7267649888486016,0.6638651200806646,0.84276161327083,0.46341419882733115,0.24723872178477688,0.02,0.02,85.0,12.5,0.0
126,1,48.700000000000216,83.50000000000004,100.0,3.631843257727586,100,100.0,100.0,43.8928222953503,73.08228952396767,74.53413485826117,76.78961893577655,67.17934242308488,0,0,1,0,0.8276311719925821,0.6316643991220648,0.7580877400853738,0.35452596812986836,0.9706980243949033,0.8931211213221977,0.7783834970737619,0.19463870785196757,0.4667210037270342,0.04380376578722878,0.15428949206754783,0.6830489532424546,0.7447621559078171,0.6076311719925819,0.5316643991220648,0.5380877400853736,0.8145259681298688,1.4306980243949037,1.353121121322198,0.7983834970737619,0.25463870785196757,0.4867210037270342,0.04380376578722878,0.0,0.1030489532424543,0.14476215590781677,0.7739560485559633,0.4388784397520523,0.8585979199113825,0.6973680290593639,0.09417734788764953,0.9756223516367559,0.761139701990353,0.7860643052769538,0.12811363267554587,0.45038593789556713,0.37079802423258124,0.9267649888486018,0.6438651200806645,0.82276161327083,0.44341419882733113,0.2272387217847769,0.5545847870158348,0.06381725610417532,0.02,0.02,0.038597919911381964,1.1573680290593642,0.5541773478876497,1.4356223516367563,1.2211397019903534,1.2460643052769542,0.02,0.25038593789556696,0.17079802423258117,0.7267649888486016,0.6638651200806646,0.84276161327083,0.46341419882733115,0.24723872178477688,0.02,0.02,86.0,12.0,0.0
127,1,48.600000000000215,83.40000000000005,100.0,3.479637689495998,100,100.0,100.0,44.268914591917664,73.5313229369682,74.73511718506514,76.71374705985437,67.16709549523215,0,0,1,0,0.8276311719925821,0.6316643991220648,0.7580877400853738,0.35452596812986836,0.9706980243949033,0.8931211213221977,0.7783834970737619,0.19463870785196757,0.4667210037270342,0.04380376578722878,0.15428949206754783,0.6830489532424546,0.7447621559078171,0.6076311719925819,0.5316643991220648,0.5380877400853736,0.8145259681298688,1.4306980243949037,1.353121121322198,0.7983834970737619,0.25463870785196757,0.4867210037270342,0.04380376578722878,0.0,0.1030489532424543,0.14476215590781677,0.7739560485559633,0.4388784397520523,0.8585979199113825,0.6973680290593639,0.09417734788764953,0.9756223516367559,0.761139701990353,0.7860643052769538,0.12811363267554587,0.45038593789556713,0.37079802423258124,0.9267649888486018,0.6438651200806645,0.82276161327083,0.44341419882733113,0.2272387217847769,0.5545847870158348,0.06381725610417532,0.02,0.02,0.038597919911381964,1.1573680290593642,0.5541773478876497,1.4356223516367563,1.2211397019903534,1.2460643052769542,0.02,0.25038593789556696,0.17079802423258117,0.7267649888486016,0.6638651200806646,0.84276161327083,0.46341419882733115,0.24723872178477688,0.02,0.02,87.0,11.5,0.0
128,1,48.50000000000021,83.30000000000005,100.0,3.3338108478108843,100,100.0,100.0,44.66668784601512,73.9782335144446,74.93609951186907,76.63883703351864,67.15536181932356,0,0,1,0,0.8276311719925821,0.6316643991220648,0.7580877400853738,0.35452596812986836,0.9706980243949033,0.8931211213221977,0.7783834970737619,0.19463870785196757,0.4667210037270342,0.04380376578722878,0.15428949206754783,0.6830489532424546,0.7447621559078171,0.6076311719925819,0.5316643991220648,0.5380877400853736,0.8145259681298688,1.4306980243949037,1.353121121322198,0.7983834970737619,0.25463870785196757,0.4867210037270342,0.04380376578722878,0.0,0.1030489532424543,0.14476215590781677,0.7739560485559633,0.4388784397520523,0.8585979199113825,0.6973680290593639,0.09417734788764953,0.9756223516367559,0.761139701990353,0.7860643052769538,0.12811363267554587,0.45038593789556713,0.37079802423258124,0.9267649888486018,0.6438651200806645,0.82276161327083,0.44341419882733113,0.2272387217847769,0.5545847870158348,0.06381725610417532,0.02,0.02,0.038597919911381964,1.1573680290593642,0.5541773478876497,1.4356223516367563,1.2211397019903534,1.2460643052769542,0.02,0.25038593789556696,0.17079802423258117,0.7267649888486016,0.6638651200806646,0.84276161327083,0.46341419882733115,0.24723872178477688,0.02,0.02,88.0,11.0,0.0
129,1,48.40000000000021,83.20000000000006,100.0,3.194095408993963,100,100.0,100.0,45.06821700103208,74.42311022152123,75.13708183867303,76.5648485469728,67.14411988567433,0,0,1,0,0.8276311719925821,0.6316643991220648,0.7580877400853738,0.35452596812986836,0.9706980243949033,0.8931211213221977,0.7783834970737619,0.19463870785196757,0.4667210037270342,0.04380376578722878,0.15428949206754783,0.6830489532424546,0.7447621559078171,0.6076311719925819,0.5316643991220648,0.5380877400853736,0.8145259681298688,1.4306980243949037,1.353121121322198,0.7983834970737619,0.25463870785196757,0.4867210037270342,0.04380376578722878,0.0,0.1030489532424543,0.14476215590781677,0.7739560485559633,0.4388784397520523,0.8585979199113825,0.6973680290593639,0.09417734788764953,0.9756223516367559,0.761139701990353,0.7860643052769538,0.12811363267554587,0.45038593789556713,0.37079802423258124,0.9267649888486018,0.6438651200806645,0.82276161327083,0.44341419882733113,0.2272387217847769,0.5545847870158348,0.06381725610417532,0.02,0.02,0.038597919911381964,1.1573680290593642,0.5541773478876497,1.4356223516367563,1.2211397019903534,1.2460643052769542,0.02,0.25038593789556696,0.17079802423258117,0.7267649888486016,0.6638651200806646,0.84276161327083,0.46341419882733115,0.24723872178477688,0.02,0.02,89.0,10.5,0.0
130,1,48.30000000000021,83.10000000000007,100.0,3.0602352525355543,100,100.0,100.0,45.470396809586724,74.86603829491624,75.33806416547698,76.49174297974854,67.13334908604098,0,0,1,0,0.8276311719925821,0.6316643991220648,0.7580877400853738,0.35452596812986836,0.9706980243949033,0.8931211213221977,0.7783834970737619,0.19463870785196757,0.4667210037270342,0.04380376578722878,0.15428949206754783,0.6830489532424546,0.7447621559078171,0.6076311719925819,0.5316643991220648,0.5380877400853736,0.8145259681298688,1.4306980243949037,1.353121121322198,0.7783834970737619,0.25463870785196757,0.4667210037270342,0.04380376578722878,0.0,0.1030489532424543,0.14476215590781677,0.7739560485559633,0.4388784397520523,0.8585979199113825,0.6973680290593639,0.09417734788764953,0.9756223516367559,0.761139701990353,0.7860643052769538,0.12811363267554587,0.45038593789556713,0.37079802423258124,0.9267649888486018,0.6438651200806645,0.82276161327083,0.44341419882733113,0.2272387217847769,0.5545847870158348,0.06381725610417532,0.02,0.02,0.038597919911381964,1.1573680290593642,0.5541773478876497,1.4356223516367563,1.2211397019903534,1.2460643052769542,0.0,0.23038593789556697,0.15079802423258118,0.7067649888486016,0.6438651200806645,0.82276161327083,0.44341419882733113,0.2272387217847769,0.0,0.0,90.0,10.0,0.0
131,1,48.20000000000021,83.00000000000007,100.0,2.962587344110511,100,100.0,100.0,46.79932711963268,75.29691495868047,75.53904649228092,76.21826732242342,67.12549203518965,0,0,1,0,0.8276311719925821,0.6316643991220648,0.7580877400853738,0.35452596812986836,0.9706980243949033,0.8931211213221977,0.7783834970737619,0.19463870785196757,0.4667210037270342,0.04380376578722878,0.15428949206754783,0.6830489532424546,0.7447621559078171,0.6076311719925819,0.5316643991220648,0.5380877400853736,0.8145259681298688,1.4306980243949037,1.353121121322198,0.7783834970737619,0.25463870785196757,0.4667210037270342,0.04380376578722878,0.0,0.1030489532424543,0.14476215590781677,0.7739560485559633,0.4388784397520523,0.8585979199113825,0.6973680290593639,0.09417734788764953,0.9756223516367559,0.761139701990353,0.7860643052769538,0.12811363267554587,0.45038593789556713,0.37079802423258124,0.9267649888486018,0.6438651200806645,0.82276161327083,0.44341419882733113,0.2272387217847769,0.5545847870158348,0.06381725610417532,0.02,0.02,0.038597919911381964,1.1573680290593642,0.5541773478876497,1.4356223516367563,1.2211397019903534,1.2460643052769542,0.0,0.23038593789556697,0.15079802423258118,0.7067649888486016,0.6438651200806645,0.82276161327083,0.44341419882733113,0.2272387217847769,0.0,0.0,91.0,9.5,0.0
132,1,48.10000000000021,82.90000000000008,100.0,3.146748142341624,100,100.0,100.0,47.47696957817795,75.63400589121105,75.74002881908487,76.19345434438682,67.14031017906862,0,0,1,0,0.8276311719925821,0.6316643991220648,0.7580877400853738,0.35452596812986836,0.9706980243949033,0.8931211213221977,0.7783834970737619,0.19463870785196757,0.4667210037270342,0.04380376578722878,0.15428949206754783,0.6830489532424546,0.7447621559078171,0.6076311719925819,0.5316643991220648,0.5380877400853736,0.8145259681298688,1.4306980243949037,1.353121121322198,0.7783834970737619,0.25463870785196757,0.4667210037270342,0.04380376578722878,0.0,0.1030489532424543,0.14476215590781677,0.7739560485559633,0.4388784397520523,0.8585979199113825,0.6973680290593639,0.09417734788764953,0.9756223516367559,0.761139701990353,0.7860643052769538,0.12811363267554587,0.45038593789556713,0.37079802423258124,0.9267649888486018,0.6438651200806645,0.82276161327083,0.44341419882733113,0.2272387217847769,0.5545847870158348,0.06381725610417532,0.02,0.02,0.038597919911381964,1.1573680290593642,0.5541773478876497,1.4356223516367563,1.2211397019903534,1.2460643052769542,0.0,0.23038593789556697,0.15079802423258118,0.7067649888486016,0.6438651200806645,0.82276161327083,0.44341419882733113,0.2272387217847769,0.0,0.0,92.0,9.0,0.0
133,1,48.000000000000206,82.80000000000008,100.0,3.0463397262940473,100,100.0,100.0,47.84171828668174,76.06580124989082,75.94101114588882,76.12514719661111,67.13223100928904,0,0,1,0,0.8276311719925821,0.6316643991220648,0.7580877400853738,0.35452596812986836,0.9706980243949033,0.8931211213221977,0.7783834970737619,0.19463870785196757,0.4667210037270342,0.04380376578722878,0.15428949206754783,0.6830489532424546,0.7447621559078171,0.6076311719925819,0.5316643991220648,0.5380877400853736,0.8145259681298688,1.4306980243949037,1.353121121322198,0.7783834970737619,0.25463870785196757,0.4667210037270342,0.04380376578722878,0.0,0.1030489532424543,0.14476215590781677,0.7739560485559633,0.4388784397520523,0.8585979199113825,0.6973680290593639,0.09417734788764953,0.9756223516367559,0.761139701990353,0.7860643052769538,0.12811363267554587,0.45038593789556713,0.37079802423258124,0.9267649888486018,0.6438651200806645,0.82276161327083,0.44341419882733113,0.2272387217847769,0.5545847870158348,0.06381725610417532,0.02,0.02,0.038597919911381964,1.1573680290593642,0.5541773478876497,1.4356223516367563,1.2211397019903534,1.2460643052769542,0.0,0.23038593789556697,0.15079802423258118,0.7067649888486016,0.6438651200806645,0.82276161327083,0.44341419882733113,0.2272387217847769,0.0,0.0,93.0,8.5,0.0
134,1,47.000000000000206,84.80000000000008,100.0,2.949135205047432,100,100.0,100.0,48.24591141206195,76.49653035472673,76.14199347269279,76.05732973899623,67.12440963473291,1,0,0,0,0.8276311719925821,0.6316643991220648,0.7580877400853738,0.35452596812986836,0.9706980243949033,0.8931211213221977,0.7783834970737619,0.19463870785196757,0.4667210037270342,0.04380376578722878,0.15428949206754783,0.6830489532424546,0.7447621559078171,0.5876311719925819,0.5116643991220647,0.5180877400853736,0.8145259681298688,1.4306980243949037,1.353121121322198,0.7783834970737619,0.25463870785196757,0.4667210037270342,0.04380376578722878,0.0,0.1030489532424543,0.14476215590781677,0.7739560485559633,0.4388784397520523,0.8585979199113825,0.6973680290593639,0.09417734788764953,0.9756223516367559,0.761139701990353,0.7860643052769538,0.12811363267554587,0.45038593789556713,0.37079802423258124,0.9267649888486018,0.6438651200806645,0.82276161327083,0.44341419882733113,0.2272387217847769,0.5545847870158348,0.06381725610417532,0.0,0.0,0.018597919911381964,1.1573680290593642,0.5541773478876497,1.4356223516367563,1.2211397019903534,1.2460643052769542,0.0,0.21038593789556698,0.1307980242325812,0.6867649888486016,0.6438651200806645,0.82276161327083,0.44341419882733113,0.2272387217847769,0.0,0.0,94.0,8.0,0.0
135,1,46.000000000000206,86.80000000000008,100.0,2.855032346714256,100,90.0,100.0,49.3018251625416,77.22863681764248,72.21451793980793,77.10215705345888,63.017281020427525,1,0,0,0,0.8276311719925821,0.6316643991220648,0.7580877400853738,0.35452596812986836,0.9706980243949033,0.8931211213221977,0.7783834970737619,0.19463870785196757,0.4667210037270342,0.04380376578722878,0.15428949206754783,0.6830489532424546,0.7447621559078171,0.5676311719925818,0.4916643991220647,0.4980877400853736,0.8145259681298688,1.4306980243949037,1.353121121322198,0.7783834970737619,0.25463870785196757,0.4667210037270342,0.04380376578722878,0.0,0.1030489532424543,0.14476215590781677,0.7739560485559633,0.4388784397520523,0.8585979199113825,0.6973680290593639,0.09417734788764953,0.9756223516367559,0.761139701990353,0.7860643052769538,0.12811363267554587,0.45038593789556713,0.37079802423258124,0.9267649888486018,0.6438651200806645,0.82276161327083,0.44341419882733113,0.2272387217847769,0.5545847870158348,0.06381725610417532,0.0,0.0,0.0,1.1573680290593642,0.5541773478876497,1.4356223516367563,1.2211397019903534,1.2460643052769542,0.0,0.190385937895567,0.11079802423258119,0.6667649888486016,0.6438651200806645,0.82276161327083,0.44341419882733113,0.2272387217847769,0.0,0.0,95.0,7.5,0.0
136,1,45.900000000000205,86.70000000000009,100.0,2.763932181486272,100,80.0,67.58226521123504,50.83091586015706,77.96082719349774,68.28704240692309,78.14744330598312,58.91039401203872,0,0,1,0,0.8276311719925821,0.6316643991220648,0.7580877400853738,0.35452596812986836,0.9706980243949033,0.8931211213221977,0.7783834970737619,0.19463870785196757,0.4667210037270342,0.04380376578722878,0.15428949206754783,0.6830489532424546,0.7447621559078171,0.5676311719925818,0.4916643991220647,0.4980877400853736,0.8145259681298688,1.4306980243949037,1.353121121322198,0.7783834970737619,0.25463870785196757,0.4667210037270342,0.04380376578722878,0.0,0.1030489532424543,0.14476215590781677,0.7739560485559633,0.4388784397520523,0.8585979199113825,0.6973680290593639,0.09417734788764953,0.9756223516367559,0.761139701990353,0.7860643052769538,0.12811363267554587,0.45038593789556713,0.37079802423258124,0.9267649888486018,0.6438651200806645,0.82276161327083,0.44341419882733113,0.2272387217847769,0.5545847870158348,0.06381725610417532,0.0,0.0,0.0,1.1573680290593642,0.5541773478876497,1.4356223516367563,1.2211397019903534,1.2460643052769542,0.0,0.190385937895567,0.11079802423258119,0.6667649888486016,0.6438651200806645,0.82276161327083,0.44341419882733113,0.2272387217847769,0.0,0.0,96.0,7.0,0.0
137,1,44.900000000000205,88.70000000000009,100.0,2.6757388975460312,100,80.0,45.6736257108171,51.4802181115445,78.38956402056601,68.48802473372704,78.08100314522713,58.90329770933403,1,0,0,0,0.8276311719925821,0.6316643991220648,0.7580877400853738,0.35452596812986836,0.9706980243949033,0.8931211213221977,0.7783834970737619,0.19463870785196757,0.4667210037270342,0.04380376578722878,0.15428949206754783,0.6830489532424546,0.7447621559078171,0.5476311719925818,0.4716643991220647,0.4780877400853736,0.8145259681298688,1.4306980243949037,1.353121121322198,0.7783834970737619,0.25463870785196757,0.4667210037270342,0.04380376578722878,0.0,0.1030489532424543,0.14476215590781677,0.7739560485559633,0.4388784397520523,0.8585979199113825,0.6973680290593639,0.09417734788764953,0.9756223516367559,0.761139701990353,0.7860643052769538,0.12811363267554587,0.45038593789556713,0.37079802423258124,0.9267649888486018,0.6438651200806645,0.82276161327083,0.44341419882733113,0.2272387217847769,0.5545847870158348,0.06381725610417532,0.0,0.0,0.0,1.1573680290593642,0.5541773478876497,1.4356223516367563,1.2211397019903534,1.2460643052769542,0.0,0.170385937895567,0.09079802423258118,0.6467649888486016,0.6438651200806645,0.82276161327083,0.44341419882733113,0.2272387217847769,0.0,0.0,97.0,6.5,0.0
138,1,44.8000000000002,88.6000000000001,82.4431067656626,2.590359740299732,100,70.0,30.867270859471247,52.70157846591996,79.12151400787452,57.78057060669223,79.12716380889546,46.652346047565956,0,0,1,0,0.8276311719925821,0.6316643991220648,0.7580877400853738,0.35452596812986836,0.9706980243949033,0.8931211213221977,0.7783834970737619,0.19463870785196757,0.4667210037270342,0.04380376578722878,0.15428949206754783,0.6830489532424546,0.7447621559078171,0.5476311719925818,0.4716643991220647,0.4780877400853736,0.8145259681298688,1.4306980243949037,1.353121121322198,0.7783834970737619,0.25463870785196757,0.4667210037270342,0.04380376578722878,0.0,0.1030489532424543,0.14476215590781677,0.7739560485559633,0.4388784397520523,0.8585979199113825,0.6973680290593639,0.09417734788764953,0.9756223516367559,0.761139701990353,0.7860643052769538,0.12811363267554587,0.45038593789556713,0.37079802423258124,0.9267649888486018,0.6438651200806645,0.82276161327083,0.44341419882733113,0.2272387217847769,0.5545847870158348,0.06381725610417532,0.0,0.0,0.0,1.1573680290593642,0.5541773478876497,1.4356223516367563,1.2211397019903534,1.2460643052769542,0.0,0.170385937895567,0.09079802423258118,0.6467649888486016,0.6438651200806645,0.82276161327083,0.44341419882733113,0.2272387217847769,0.0,0.0,98.0,6.0,0.0
139,1,43.8000000000002,90.6000000000001,52.24187216435294,2.5077049148254056,100,70.0,20.860800855718125,53.30041345361285,79.54893549992855,46.318685170917966,79.06157015802361,32.6355452729758,1,0,0,0,0.8276311719925821,0.6316643991220648,0.7580877400853738,0.35452596812986836,0.9706980243949033,0.8931211213221977,0.7783834970737619,0.19463870785196757,0.4667210037270342,0.04380376578722878,0.15428949206754783,0.6830489532424546,0.7447621559078171,0.5276311719925818,0.4516643991220647,0.45808774008537356,0.8145259681298688,1.4306980243949037,1.353121121322198,0.7783834970737619,0.25463870785196757,0.4667210037270342,0.04380376578722878,0.0,0.1030489532424543,0.14476215590781677,0.7739560485559633,0.4388784397520523,0.8585979199113825,0.6973680290593639,0.09417734788764953,0.9756223516367559,0.761139701990353,0.7860643052769538,0.12811363267554587,0.45038593789556713,0.37079802423258124,0.9267649888486018,0.6438651200806645,0.82276161327083,0.44341419882733113,0.2272387217847769,0.5545847870158348,0.06381725610417532,0.0,0.0,0.0,1.1573680290593642,0.5541773478876497,1.4356223516367563,1.2211397019903534,1.2460643052769542,0.0,0.150385937895567,0.07079802423258118,0.6267649888486015,0.6438651200806645,0.82276161327083,0.44341419882733113,0.2272387217847769,0.0,0.0,99.0,5.5,0.0
140,1,43.7000000000002,90.5000000000001,16.157877776448878,2.4276874914338498,96.32363609061854,0.0,14.098201759499013,25.555954392940286,79.54893549992855,46.318685170917966,79.06157015802361,32.6355452729758,1,0,0,0,0.8276311719925821,0.6316643991220648,0.7580877400853738,0.35452596812986836,0.9706980243949033,0.8931211213221977,0.7783834970737619,0.19463870785196757,0.4667210037270342,0.04380376578722878,0.15428949206754783,0.6830489532424546,0.7447621559078171,0.5476311719925818,0.4716643991220647,0.4780877400853736,0.8145259681298688,1.4306980243949037,1.353121121322198,0.7783834970737619,0.25463870785196757,0.4667210037270342,0.04380376578722878,0.0,0.1030489532424543,0.14476215590781677,0.7739560485559633,0.4388784397520523,0.8585979199113825,0.6973680290593639,0.09417734788764953,0.9756223516367559,0.761139701990353,0.7860643052769538,0.12811363267554587,0.45038593789556713,0.37079802423258124,0.9267649888486018,0.6438651200806645,0.82276161327083,0.44341419882733113,0.2272387217847769,0.5545847870158348,0.06381725610417532,0.02,0.02,0.02,1.1573680290593642,0.5541773478876497,1.4356223516367563,1.2211397019903534,1.2460643052769542,0.02,0.170385937895567,0.09079802423258118,0.6467649888486016,0.6438651200806645,0.82276161327083,0.44341419882733113,0.2272387217847769,0.0,0.0,100.0,5.0,0.0
141,1,43.6000000000002,90.4000000000001,11.227464957296963,2.350223314242981,84.09569986221221,0.0,9.527884103119627,19.066805532906756,79.54893549992855,46.318685170917966,79.06157015802361,32.6355452729758,1,0,0,0,0.8276311719925821,0.6316643991220648,0.7580877400853738,0.35452596812986836,0.9706980243949033,0.8931211213221977,0.7783834970737619,0.19463870785196757,0.4667210037270342,0.04380376578722878,0.15428949206754783,0.6830489532424546,0.7447621559078171,0.5676311719925818,0.4916643991220647,0.4980877400853736,0.8145259681298688,1.4306980243949037,1.353121121322198,0.7783834970737619,0.25463870785196757,0.4667210037270342,0.04380376578722878,0.0,0.1030489532424543,0.14476215590781677,0.7739560485559633,0.4388784397520523,0.8585979199113825,0.6973680290593639,0.09417734788764953,0.9756223516367559,0.761139701990353,0.7860643052769538,0.12811363267554587,0.45038593789556713,0.37079802423258124,0.9267649888486018,0.6438651200806645,0.82276161327083,0.44341419882733113,0.2272387217847769,0.5545847870158348,0.06381725610417532,0.04,0.04,0.04,1.1573680290593642,0.5541773478876497,1.4356223516367563,1.2211397019903534,1.2460643052769542,0.04,0.190385937895567,0.11079802423258119,0.6667649888486016,0.6438651200806645,0.82276161327083,0.44341419882733113,0.2272387217847769,0.0,0.0,100.0,5.0,0.0
142,1,43.5000000000002,90.30000000000011,7.582833680970248,2.275230912669457,72.4255968721632,0.0,6.43915990358941,17.459193304960174,79.54893549992855,46.318685170917966,79.06157015802361,32.6355452729758,1,0,0,0,0.8276311719925821,0.6316643991220648,0.7580877400853738,0.35452596812986836,0.9706980243949033,0.8931211213221977,0.7783834970737619,0.19463870785196757,0.4667210037270342,0.04380376578722878,0.15428949206754783,0.6830489532424546,0.7447621559078171,0.5876311719925819,0.5116643991220647,0.5180877400853736,0.8145259681298688,1.4306980243949037,1.353121121322198,0.7783834970737619,0.25463870785196757,0.4667210037270342,0.04380376578722878,0.0,0.1030489532424543,0.14476215590781677,0.7739560485559633,0.4388784397520523,0.8585979199113825,0.6973680290593639,0.09417734788764953,0.9756223516367559,0.761139701990353,0.7860643052769538,0.12811363267554587,0.45038593789556713,0.37079802423258124,0.9267649888486018,0.6438651200806645,0.82276161327083,0.44341419882733113,0.2272387217847769,0.5545847870158348,0.06381725610417532,0.06,0.06,0.06,1.1573680290593642,0.5541773478876497,1.4356223516367563,1.2211397019903534,1.2460643052769542,0.06,0.21038593789556698,0.1307980242325812,0.6867649888486016,0.6438651200806645,0.82276161327083,0.44341419882733113,0.2272387217847769,0.0,0.0,100.0,5.0,0.0
143,1,43.4000000000002,90.20000000000012,5.124730149969814,2.2026314157444755,62.833171804606735,0.0,4.351730123419301,16.930562510062458,79.54893549992855,46.318685170917966,79.06157015802361,32.6355452729758,1,0,0,0,0.8276311719925821,0.6316643991220648,0.7580877400853738,0.35452596812986836,0.9706980243949033,0.8931211213221977,0.7783834970737619,0.19463870785196757,0.4667210037270342,0.04380376578722878,0.15428949206754783,0.6830489532424546,0.7447621559078171,0.6076311719925819,0.5316643991220648,0.5380877400853736,0.8145259681298688,1.4306980243949037,1.353121121322198,0.7783834970737619,0.25463870785196757,0.4667210037270342,0.04380376578722878,0.0,0.1030489532424543,0.14476215590781677,0.7739560485559633,0.4388784397520523,0.8585979199113825,0.6973680290593639,0.09417734788764953,0.9756223516367559,0.761139701990353,0.7860643052769538,0.12811363267554587,0.45038593789556713,0.37079802423258124,0.9267649888486018,0.6438651200806645,0.82276161327083,0.44341419882733113,0.2272387217847769,0.5545847870158348,0.06381725610417532,0.08,0.08,0.08,1.1573680290593642,0.5541773478876497,1.4356223516367563,1.2211397019903534,1.2460643052769542,0.08,0.23038593789556697,0.15079802423258118,0.7067649888486016,0.6438651200806645,0.82276161327083,0.44341419882733113,0.2272387217847769,0.0,0.0,100.0,5.0,0.0
144,1,43.300000000000196,90.10000000000012,3.4634074461093807,2.1323484691636416,55.21104571611038,0.0,2.9409977932864377,16.636950998445315,79.54893549992855,46.318685170917966,79.06157015802361,32.6355452729758,1,0,0,0,0.8276311719925821,0.6316643991220648,0.7580877400853738,0.35452596812986836,0.9706980243949033,0.8931211213221977,0.7783834970737619,0.19463870785196757,0.4667210037270342,0.04380376578722878,0.15428949206754783,0.6830489532424546,0.7447621559078171,0.6276311719925819,0.5516643991220648,0.5580877400853737,0.8145259681298688,1.4306980243949037,1.353121121322198,0.7783834970737619,0.25463870785196757,0.4667210037270342,0.04380376578722878,0.0,0.1030489532424543,0.14476215590781677,0.7739560485559633,0.4388784397520523,0.8585979199113825,0.6973680290593639,0.09417734788764953,0.9756223516367559,0.761139701990353,0.7860643052769538,0.12811363267554587,0.45038593789556713,0.37079802423258124,0.9267649888486018,0.6438651200806645,0.82276161327083,0.44341419882733113,0.2272387217847769,0.5545847870158348,0.06381725610417532,0.1,0.1,0.1,1.1573680290593642,0.5541773478876497,1.4356223516367563,1.2211397019903534,1.2460643052769542,0.1,0.25038593789556696,0.17079802423258117,0.7267649888486016,0.6438651200806645,0.82276161327083,0.44341419882733113,0.2272387217847769,0.0,0.0,100.0,5.0,0.0
145,1,43.200000000000195,90.00000000000013,2.340649226060559,2.0643081549836606,49.191712062678455,0.0,1.9875929285154104,16.399153921543054,79.54893549992855,46.318685170917966,79.06157015802361,32.6355452729758,1,0,0,0,0.8276311719925821,0.6316643991220648,0.7580877400853738,0.35452596812986836,0.9706980243949033,0.8931211213221977,0.7783834970737619,0.19463870785196757,0.4667210037270342,0.04380376578722878,0.15428949206754783,0.6830489532424546,0.7447621559078171,0.6476311719925819,0.5716643991220648,0.5780877400853737,0.8145259681298688,1.4306980243949037,1.353121121322198,0.7783834970737619,0.25463870785196757,0.4667210037270342,0.04380376578722878,0.0,0.1030489532424543,0.14476215590781677,0.7739560485559633,0.4388784397520523,0.8585979199113825,0.6973680290593639,0.09417734788764953,0.9756223516367559,0.761139701990353,0.7860643052769538,0.12811363267554587,0.45038593789556713,0.37079802423258124,0.9267649888486018,0.6438651200806645,0.82276161327083,0.44341419882733113,0.2272387217847769,0.5545847870158348,0.06381725610417532,0.12000000000000001,0.12000000000000001,0.12000000000000001,1.1573680290593642,0.5541773478876497,1.4356223516367563,1.2211397019903534,1.2460643052769542,0.12000000000000001,0.270385937895567,0.19079802423258116,0.7467649888486017,0.6438651200806645,0.82276161327083,0.44341419882733113,0.2272387217847769,0.0,0.0,100.0,5.0,0.0
146,1,43.10000000000019,89.90000000000013,1.5818637672918863,1.9984389138813956,44.43073513059956,0.0,1.3432603242690377,16.180335627653882,79.54893549992855,46.318685170917966,79.06157015802361,32.6355452729758,1,0,0,0,0.8276311719925821,0.6316643991220648,0.7580877400853738,0.35452596812986836,0.9706980243949033,0.8931211213221977,0.7783834970737619,0.19463870785196757,0.4667210037270342,0.04380376578722878,0.15428949206754783,0.6830489532424546,0.7447621559078171,0.6676311719925819,0.5916643991220648,0.5980877400853737,0.8145259681298688,1.4306980243949037,1.353121121322198,0.7783834970737619,0.25463870785196757,0.4667210037270342,0.04380376578722878,0.0,0.1030489532424543,0.14476215590781677,0.7739560485559633,0.4388784397520523,0.8585979199113825,0.6973680290593639,0.09417734788764953,0.9756223516367559,0.761139701990353,0.7860643052769538,0.12811363267554587,0.45038593789556713,0.37079802423258124,0.9267649888486018,0.6438651200806645,0.82276161327083,0.44341419882733113,0.2272387217847769,0.5545847870158348,0.06381725610417532,0.14,0.14,0.14,1.1573680290593642,0.5541773478876497,1.4356223516367563,1.2211397019903534,1.2460643052769542,0.14,0.290385937895567,0.21079802423258115,0.7667649888486017,0.6438651200806645,0.82276161327083,0.44341419882733113,0.2272387217847769,0.0,0.0,100.0,5.0,0.0
147,1,43.00000000000019,89.80000000000014,1.069059366496923,1.934671469893536,40.64950040133165,0.0,0.9078057548247969,15.972724967733164,43.716522483367626,0.4128406731179977,60.81555851943088,0.6515990809119184,0,0,1,0,0.8276311719925821,0.6316643991220648,0.7580877400853738,0.35452596812986836,0.9706980243949033,0.8931211213221977,0.7783834970737619,0.19463870785196757,0.4667210037270342,0.04380376578722878,0.15428949206754783,0.6830489532424546,0.7447621559078171,0.6676311719925819,0.5916643991220648,0.5980877400853737,0.8145259681298688,1.4306980243949037,1.353121121322198,0.7783834970737619,0.25463870785196757,0.4667210037270342,0.04380376578722878,0.0,0.1030489532424543,0.14476215590781677,0.7739560485559633,0.4388784397520523,0.8585979199113825,0.6973680290593639,0.09417734788764953,0.9756223516367559,0.761139701990353,0.7860643052769538,0.12811363267554587,0.45038593789556713,0.37079802423258124,0.9267649888486018,0.6438651200806645,0.82276161327083,0.44341419882733113,0.2272387217847769,0.5545847870158348,0.06381725610417532,0.14,0.14,0.14,1.1573680290593642,0.5541773478876497,1.4356223516367563,1.2211397019903534,1.2460643052769542,0.14,0.290385937895567,0.21079802423258115,0.7667649888486017,0.6438651200806645,0.82276161327083,0.44341419882733113,0.2272387217847769,0.0,0.0,100.0,5.0,0.0
148,1,42.90000000000019,89.70000000000014,0.7224945363314146,1.8729387575577177,37.63005590739264,0.0,0.6135156928285483,15.977479038783537,43.76709059921652,0.27900707860642027,59.79432973435364,0.48586277749898854,0,0,1,0,0.8276311719925821,0.6316643991220648,0.7580877400853738,0.35452596812986836,0.9706980243949033,0.8931211213221977,0.7783834970737619,0.19463870785196757,0.4667210037270342,0.04380376578722878,0.15428949206754783,0.6830489532424546,0.7447621559078171,0.6676311719925819,0.5916643991220648,0.5980877400853737,0.8145259681298688,1.4306980243949037,1.353121121322198,0.7783834970737619,0.25463870785196757,0.4667210037270342,0.04380376578722878,0.0,0.1030489532424543,0.14476215590781677,0.7739560485559633,0.4388784397520523,0.8585979199113825,0.6973680290593639,0.09417734788764953,0.9756223516367559,0.761139701990353,0.7860643052769538,0.12811363267554587,0.45038593789556713,0.37079802423258124,0.9267649888486018,0.6438651200806645,0.82276161327083,0.44341419882733113,0.2272387217847769,0.5545847870158348,0.06381725610417532,0.14,0.14,0.14,1.1573680290593642,0.5541773478876497,1.4356223516367563,1.2211397019903534,1.2460643052769542,0.14,0.290385937895567,0.21079802423258115,0.7667649888486017,0.6438651200806645,0.82276161327083,0.44341419882733113,0.2272387217847769,0.0,0.0,100.0,5.0,0.0
149,1,42.80000000000019,89.60000000000015,0.4882781736801808,1.8131758513784693,35.2717569570892,0.0,0.41462780263993565,16.014774821752425,43.81700311854718,0.18855930382191044,58.98335060692119,0.37240267108473696,0,0,1,0,0.8276311719925821,0.6316643991220648,0.7580877400853738,0.35452596812986836,0.9706980243949033,0.8931211213221977,0.7783834970737619,0.19463870785196757,0.4667210037270342,0.04380376578722878,0.15428949206754783,0.6830489532424546,0.7447621559078171,0.6676311719925819,0.5916643991220648,0.5980877400853737,0.8145259681298688,1.4306980243949037,1.353121121322198,0.7783834970737619,0.25463870785196757,0.4667210037270342,0.04380376578722878,0.0,0.1030489532424543,0.14476215590781677,0.7739560485559633,0.4388784397520523,0.8585979199113825,0.6973680290593639,0.09417734788764953,0.9756223516367559,0.761139701990353,0.7860643052769538,0.12811363267554587,0.45038593789556713,0.37079802423258124,0.9267649888486018,0.6438651200806645,0.82276161327083,0.44341419882733113,0.2272387217847769,0.5545847870158348,0.06381725610417532,0.14,0.14,0.14,1.1573680290593642,0.5541773478876497,1.4356223516367563,1.2211397019903534,1.2460643052769542,0.14,0.290385937895567,0.21079802423258115,0.7667649888486017,0.6438651200806645,0.82276161327083,0.44341419882733113,0.2272387217847769,0.0,0.0,100.0,5.0,0.0
150,1,42.70000000000019,89.50000000000016,0.32998945030511456,1.7553198975438062,33.43618383421406,0.0,0.2802148612196375,16.057057134310035,43.866280960545055,0.12743264878938196,58.33865596831861,0.2943183263837513,0,0,1,0,0.8276311719925821,0.6316643991220648,0.7580877400853738,0.35452596812986836,0.9706980243949033,0.8931211213221977,0.7783834970737619,0.19463870785196757,0.4667210037270342,0.04380376578722878,0.15428949206754783,0.6830489532424546,0.7447621559078171,0.6676311719925819,0.5916643991220648,0.5980877400853737,0.8145259681298688,1.4306980243949037,1.353121121322198,0.7783834970737619,0.25463870785196757,0.4667210037270342,0.04380376578722878,0.0,0.1030489532424543,0.14476215590781677,0.7739560485559633,0.4388784397520523,0.8585979199113825,0.6973680290593639,0.09417734788764953,0.9756223516367559,0.761139701990353,0.7860643052769538,0.12811363267554587,0.45038593789556713,0.37079802423258124,0.9267649888486018,0.6438651200806645,0.82276161327083,0.44341419882733113,0.2272387217847769,0.5545847870158348,0.06381725610417532,0.14,0.14,0.14,1.1573680290593642,0.5541773478876497,1.4356223516367563,1.2211397019903534,1.2460643052769542,0.14,0.290385937895567,0.21079802423258115,0.7667649888486017,0.6438651200806645,0.82276161327083,0.44341419882733113,0.2272387217847769,0.0,0.0,100.0,5.0,0.0
151,1,42.600000000000186,89.40000000000016,0.22301434547429916,1.6993100478206522,32.007055354941784,0.0,0.18937555067074963,16.100103557784784,43.914944376893104,0.0861218706705418,57.823311108197565,0.24018656827662124,0,0,1,0,0.8276311719925821,0.6316643991220648,0.7580877400853738,0.35452596812986836,0.9706980243949033,0.8931211213221977,0.7783834970737619,0.19463870785196757,0.4667210037270342,0.04380376578722878,0.15428949206754783,0.6830489532424546,0.7447621559078171,0.6676311719925819,0.5916643991220648,0.5980877400853737,0.8145259681298688,1.4306980243949037,1.353121121322198,0.7783834970737619,0.25463870785196757,0.4667210037270342,0.04380376578722878,0.0,0.1030489532424543,0.14476215590781677,0.7739560485559633,0.4388784397520523,0.8585979199113825,0.6973680290593639,0.09417734788764953,0.9756223516367559,0.761139701990353,0.7860643052769538,0.12811363267554587,0.45038593789556713,0.37079802423258124,0.9267649888486018,0.6438651200806645,0.82276161327083,0.44341419882733113,0.2272387217847769,0.5545847870158348,0.06381725610417532,0.14,0.14,0.14,1.1573680290593642,0.5541773478876497,1.4356223516367563,1.2211397019903534,1.2460643052769542,0.14,0.290385937895567,0.21079802423258115,0.7667649888486017,0.6438651200806645,0.82276161327083,0.44341419882733113,0.2272387217847769,0.0,0.0,100.0,5.0,0.0
152,1,42.500000000000185,89.30000000000017,0.15071814641754086,1.6450873955595677,30.89306435634564,0.0,0.1279842868995428,16.143267069804438,43.96301297307086,0.05820311104144242,57.40831218208286,0.2022859253004688,0,0,1,0,0.8276311719925821,0.6316643991220648,0.7580877400853738,0.35452596812986836,0.9706980243949033,0.8931211213221977,0.7783834970737619,0.19463870785196757,0.4667210037270342,0.04380376578722878,0.15428949206754783,0.6830489532424546,0.7447621559078171,0.6676311719925819,0.5916643991220648,0.5980877400853737,0.8145259681298688,1.4306980243949037,1.353121121322198,0.7583834970737618,0.25463870785196757,0.44672100372703416,0.04380376578722878,0.0,0.1030489532424543,0.14476215590781677,0.7739560485559633,0.4388784397520523,0.8585979199113825,0.6973680290593639,0.09417734788764953,0.9756223516367559,0.761139701990353,0.7860643052769538,0.12811363267554587,0.45038593789556713,0.37079802423258124,0.9267649888486018,0.6438651200806645,0.82276161327083,0.44341419882733113,0.2272387217847769,0.5545847870158348,0.06381725610417532,0.14,0.14,0.14,1.1573680290593642,0.5541773478876497,1.4356223516367563,1.2211397019903534,1.2460643052769542,0.12000000000000001,0.270385937895567,0.19079802423258116,0.7467649888486017,0.6238651200806645,0.80276161327083,0.4234141988273311,0.2072387217847769,0.0,0.0,100.0,5.0,0.0
153,1,42.40000000000018,89.20000000000017,0.10185873743336002,1.5925949137414799,30.335865772192047,0.0,0.08649468020115696,16.39542445868939,44.010505728973875,0.03933498086521725,57.13386434389199,0.1753966668348191,0,0,1,0,0.8276311719925821,0.6316643991220648,0.7580877400853738,0.35452596812986836,0.9706980243949033,0.8931211213221977,0.7783834970737619,0.19463870785196757,0.4667210037270342,0.04380376578722878,0.15428949206754783,0.6830489532424546,0.7447621559078171,0.6676311719925819,0.5916643991220648,0.5980877400853737,0.8145259681298688,1.4306980243949037,1.353121121322198,0.7583834970737618,0.25463870785196757,0.44672100372703416,0.04380376578722878,0.0,0.1030489532424543,0.14476215590781677,0.7739560485559633,0.4388784397520523,0.8585979199113825,0.6973680290593639,0.09417734788764953,0.9756223516367559,0.761139701990353,0.7860643052769538,0.12811363267554587,0.45038593789556713,0.37079802423258124,0.9267649888486018,0.6438651200806645,0.82276161327083,0.44341419882733113,0.2272387217847769,0.5545847870158348,0.06381725610417532,0.14,0.14,0.14,1.1573680290593642,0.5541773478876497,1.4356223516367563,1.2211397019903534,1.2460643052769542,0.12000000000000001,0.270385937895567,0.19079802423258116,0.7467649888486017,0.6238651200806645,0.80276161327083,0.4234141988273311,0.2072387217847769,0.0,0.0,100.0,5.0,0.0
154,1,42.30000000000018,89.10000000000018,0.06883844207302887,1.5417773950012563,29.962035353878136,0.0,0.0584550641671555,16.473279447752017,44.05744101887531,0.02658347108911966,56.9552188197856,0.15598983959317378,0,0,1,0,0.8276311719925821,0.6316643991220648,0.7580877400853738,0.35452596812986836,0.9706980243949033,0.8931211213221977,0.7783834970737619,0.19463870785196757,0.4667210037270342,0.04380376578722878,0.15428949206754783,0.6830489532424546,0.7447621559078171,0.6676311719925819,0.5916643991220648,0.5980877400853737,0.8145259681298688,1.4306980243949037,1.353121121322198,0.7583834970737618,0.25463870785196757,0.44672100372703416,0.04380376578722878,0.0,0.1030489532424543,0.14476215590781677,0.7739560485559633,0.4388784397520523,0.8585979199113825,0.6973680290593639,0.09417734788764953,0.9756223516367559,0.761139701990353,0.7860643052769538,0.12811363267554587,0.45038593789556713,0.37079802423258124,0.9267649888486018,0.6438651200806645,0.82276161327083,0.44341419882733113,0.2272387217847769,0.5545847870158348,0.06381725610417532,0.14,0.14,0.14,1.1573680290593642,0.5541773478876497,1.4356223516367563,1.2211397019903534,1.2460643052769542,0.12000000000000001,0.270385937895567,0.19079802423258116,0.7467649888486017,0.6238651200806645,0.80276161327083,0.4234141988273311,0.2072387217847769,0.0,0.0,100.0,5.0,0.0
155,1,42.20000000000018,89.00000000000018,0.04652257848907679,1.4925813935650445,29.6736956215677,0.0,0.039505256494844654,16.522682182635926,44.10383663075045,0.017965711933800848,56.80375717709872,0.14167919870352363,0,0,1,0,0.8276311719925821,0.6316643991220648,0.7580877400853738,0.35452596812986836,0.9706980243949033,0.8931211213221977,0.7783834970737619,0.19463870785196757,0.4667210037270342,0.04380376578722878,0.15428949206754783,0.6830489532424546,0.7447621559078171,0.6676311719925819,0.5916643991220648,0.5980877400853737,0.8145259681298688,1.4306980243949037,1.353121121322198,0.7583834970737618,0.25463870785196757,0.44672100372703416,0.04380376578722878,0.0,0.1030489532424543,0.14476215590781677,0.7739560485559633,0.4388784397520523,0.8585979199113825,0.6973680290593639,0.09417734788764953,0.9756223516367559,0.761139701990353,0.7860643052769538,0.12811363267554587,0.45038593789556713,0.37079802423258124,0.9267649888486018,0.6438651200806645,0.82276161327083,0.44341419882733113,0.2272387217847769,0.5545847870158348,0.06381725610417532,0.14,0.14,0.14,1.1573680290593642,0.5541773478876497,1.4356223516367563,1.2211397019903534,1.2460643052769542,0.12000000000000001,0.270385937895567,0.19079802423258116,0.7467649888486017,0.6238651200806645,0.80276161327083,0.4234141988273311,0.2072387217847769,0.0,0.0,100.0,5.0,0.0
156,1,42.10000000000018,88.90000000000019,0.031441012377592864,1.4449551690403108,29.44338286847796,0.0,0.02669854721672457,16.567440513491686,44.14970978498471,0.012141635086187793,56.6708193479325,0.13085080895218992,0,0,1,0,0.8276311719925821,0.6316643991220648,0.7580877400853738,0.35452596812986836,0.9706980243949033,0.8931211213221977,0.7783834970737619,0.19463870785196757,0.4667210037270342,0.04380376578722878,0.15428949206754783,0.6830489532424546,0.7447621559078171,0.6676311719925819,0.5916643991220648,0.5980877400853737,0.8145259681298688,1.4306980243949037,1.353121121322198,0.7383834970737618,0.25463870785196757,0.42672100372703414,0.04380376578722878,0.0,0.1030489532424543,0.14476215590781677,0.7739560485559633,0.4388784397520523,0.8585979199113825,0.6973680290593639,0.09417734788764953,0.9756223516367559,0.761139701990353,0.7860643052769538,0.12811363267554587,0.45038593789556713,0.37079802423258124,0.9267649888486018,0.6438651200806645,0.82276161327083,0.44341419882733113,0.2272387217847769,0.5545847870158348,0.06381725610417532,0.14,0.14,0.14,1.1573680290593642,0.5541773478876497,1.4356223516367563,1.2211397019903534,1.2460643052769542,0.1,0.25038593789556696,0.17079802423258117,0.7267649888486016,0.6038651200806645,0.7827616132708299,0.4034141988273311,0.1872387217847769,0.0,0.0,100.0,5.0,0.0
157,1,42.00000000000018,88.8000000000002,0.021248548370122043,1.3988486319994622,29.555383817903056,0.0,0.018043482987553608,16.82908670884874,44.19507715248462,0.0082055920249278,56.609843413747456,0.12241271959221779,0,0,1,0,0.8276311719925821,0.6316643991220648,0.7580877400853738,0.35452596812986836,0.9706980243949033,0.8931211213221977,0.7783834970737619,0.19463870785196757,0.4667210037270342,0.04380376578722878,0.15428949206754783,0.6830489532424546,0.7447621559078171,0.6676311719925819,0.5916643991220648,0.5980877400853737,0.8145259681298688,1.4306980243949037,1.353121121322198,0.7183834970737618,0.25463870785196757,0.4067210037270341,0.04380376578722878,0.0,0.1030489532424543,0.14476215590781677,0.7739560485559633,0.4388784397520523,0.8585979199113825,0.6973680290593639,0.09417734788764953,0.9756223516367559,0.761139701990353,0.7860643052769538,0.12811363267554587,0.45038593789556713,0.37079802423258124,0.9267649888486018,0.6438651200806645,0.82276161327083,0.44341419882733113,0.2272387217847769,0.5545847870158348,0.06381725610417532,0.14,0.14,0.14,1.1573680290593642,0.5541773478876497,1.4356223516367563,1.2211397019903534,1.2460643052769542,0.08,0.23038593789556697,0.15079802423258118,0.7067649888486016,0.5838651200806645,0.7627616132708299,0.3834141988273311,0.16723872178477692,0.0,0.0,100.0,5.0,0.0
158,1,41.900000000000176,88.7000000000002,0.014360250313033437,1.3542132912998197,30.011349315531994,0.0,0.012194194525992554,17.136077047822596,44.239954872210966,0.005545524964438656,56.65375748585554,0.11562578762879272,0,0,1,0,0.8276311719925821,0.6316643991220648,0.7580877400853738,0.35452596812986836,0.9706980243949033,0.8931211213221977,0.7783834970737619,0.19463870785196757,0.4667210037270342,0.04380376578722878,0.15428949206754783,0.6830489532424546,0.7447621559078171,0.6676311719925819,0.5916643991220648,0.5980877400853737,0.8145259681298688,1.4306980243949037,1.353121121322198,0.7183834970737618,0.25463870785196757,0.4067210037270341,0.04380376578722878,0.0,0.1030489532424543,0.14476215590781677,0.7739560485559633,0.4388784397520523,0.8585979199113825,0.6973680290593639,0.09417734788764953,0.9756223516367559,0.761139701990353,0.7860643052769538,0.12811363267554587,0.45038593789556713,0.37079802423258124,0.9267649888486018,0.6438651200806645,0.82276161327083,0.44341419882733113,0.2272387217847769,0.5545847870158348,0.06381725610417532,0.14,0.14,0.14,1.1573680290593642,0.5541773478876497,1.4356223516367563,1.2211397019903534,1.2460643052769542,0.08,0.23038593789556697,0.15079802423258118,0.7067649888486016,0.5838651200806645,0.7627616132708299,0.3834141988273311,0.16723872178477692,0.0,0.0,100.0,5.0,0.0
159,1,41.800000000000175,88.60000000000021,0.009704982451551469,1.3110022030845403,30.461480780021212,0.0,0.008241112884930193,17.22930842378958,44.28435856815243,0.0037477913888221805,56.73323056404756,0.10998934312444732,0,0,1,0,0.8276311719925821,0.6316643991220648,0.7580877400853738,0.35452596812986836,0.9706980243949033,0.8931211213221977,0.7783834970737619,0.19463870785196757,0.4667210037270342,0.04380376578722878,0.15428949206754783,0.6830489532424546,0.7447621559078171,0.6676311719925819,0.5916643991220648,0.5980877400853737,0.8145259681298688,1.4306980243949037,1.353121121322198,0.7183834970737618,0.25463870785196757,0.4067210037270341,0.04380376578722878,0.0,0.1030489532424543,0.14476215590781677,0.7739560485559633,0.4388784397520523,0.8585979199113825,0.6973680290593639,0.09417734788764953,0.9756223516367559,0.761139701990353,0.7860643052769538,0.12811363267554587,0.45038593789556713,0.37079802423258124,0.9267649888486018,0.6438651200806645,0.82276161327083,0.44341419882733113,0.2272387217847769,0.5545847870158348,0.06381725610417532,0.14,0.14,0.14,1.1573680290593642,0.5541773478876497,1.4356223516367563,1.2211397019903534,1.2460643052769542,0.08,0.23038593789556697,0.15079802423258118,0.7067649888486016,0.5838651200806645,0.7627616132708299,0.3834141988273311,0.16723872178477692,0.0,0.0,100.0,5.0,0.0
160,1,41.70000000000017,88.50000000000021,0.006558846979111334,1.2691699214108483,30.835452450857197,0.0,0.005569530766250786,17.283371673786284,44.32830336575764,0.0025328423159576355,56.789329989502136,0.10516391802306059,0,0,1,0,0.8276311719925821,0.6316643991220648,0.7580877400853738,0.35452596812986836,0.9706980243949033,0.8931211213221977,0.7783834970737619,0.19463870785196757,0.4667210037270342,0.04380376578722878,0.15428949206754783,0.6830489532424546,0.7447621559078171,0.6676311719925819,0.5916643991220648,0.5980877400853737,0.8145259681298688,1.4306980243949037,1.353121121322198,0.7183834970737618,0.25463870785196757,0.4067210037270341,0.04380376578722878,0.0,0.1030489532424543,0.14476215590781677,0.7739560485559633,0.4388784397520523,0.8585979199113825,0.6973680290593639,0.09417734788764953,0.9756223516367559,0.761139701990353,0.7860643052769538,0.12811363267554587,0.45038593789556713,0.37079802423258124,0.9267649888486018,0.6438651200806645,0.82276161327083,0.44341419882733113,0.2272387217847769,0.5545847870158348,0.06381725610417532,0.14,0.14,0.14,1.1573680290593642,0.5541773478876497,1.4356223516367563,1.2211397019903534,1.2460643052769542,0.08,0.23038593789556697,0.15079802423258118,0.7067649888486016,0.5838651200806645,0.7627616132708299,0.3834141988273311,0.16723872178477692,0.0,0.0,100.0,5.0,0.0
161,1,41.60000000000017,88.40000000000022,0.004432617360222098,1.2286724504536521,31.13567589756991,0.0,0.0037640150534689375,17.33025795178405,44.37180390784295,0.001711752211352876,56.822795826008196,0.10091902337769337,0,0,1,0,0.8276311719925821,0.6316643991220648,0.7580877400853738,0.35452596812986836,0.9706980243949033,0.8931211213221977,0.7783834970737619,0.19463870785196757,0.4667210037270342,0.04380376578722878,0.15428949206754783,0.6830489532424546,0.7447621559078171,0.6676311719925819,0.5916643991220648,0.5980877400853737,0.8145259681298688,1.4306980243949037,1.353121121322198,0.6983834970737618,0.25463870785196757,0.3867210037270341,0.04380376578722878,0.0,0.1030489532424543,0.14476215590781677,0.7739560485559633,0.4388784397520523,0.8585979199113825,0.6973680290593639,0.09417734788764953,0.9756223516367559,0.761139701990353,0.7860643052769538,0.12811363267554587,0.45038593789556713,0.37079802423258124,0.9267649888486018,0.6438651200806645,0.82276161327083,0.44341419882733113,0.2272387217847769,0.5545847870158348,0.06381725610417532,0.14,0.14,0.14,1.1573680290593642,0.5541773478876497,1.4356223516367563,1.2211397019903534,1.2460643052769542,0.06,0.21038593789556698,0.1307980242325812,0.6867649888486016,0.5638651200806645,0.7427616132708299,0.36341419882733106,0.14723872178477693,0.0,0.0,100.0,5.0,0.0
162,1,41.50000000000017,88.30000000000022,0.0029956632201845433,1.1894671982342795,31.689466508279203,0.0,0.0025438066360261875,17.611345950981345,44.414874369992475,0.001156840919235681,56.89026719432299,0.09709785489418347,0,0,1,0,0.8276311719925821,0.6316643991220648,0.7580877400853738,0.35452596812986836,0.9706980243949033,0.8931211213221977,0.7783834970737619,0.19463870785196757,0.4667210037270342,0.04380376578722878,0.15428949206754783,0.6830489532424546,0.7447621559078171,0.6676311719925819,0.5916643991220648,0.5980877400853737,0.8145259681298688,1.4306980243949037,1.353121121322198,0.7183834970737618,0.25463870785196757,0.4067210037270341,0.04380376578722878,0.0,0.1030489532424543,0.14476215590781677,0.7739560485559633,0.4388784397520523,0.8585979199113825,0.6973680290593639,0.09417734788764953,0.9756223516367559,0.761139701990353,0.7860643052769538,0.12811363267554587,0.45038593789556713,0.37079802423258124,0.9267649888486018,0.6438651200806645,0.82276161327083,0.44341419882733113,0.2272387217847769,0.5545847870158348,0.06381725610417532,0.14,0.14,0.14,1.1573680290593642,0.5541773478876497,1.4356223516367563,1.2211397019903534,1.2460643052769542,0.08,0.23038593789556697,0.15079802423258118,0.7067649888486016,0.5838651200806645,0.7627616132708299,0.3834141988273311,0.16723872178477692,0.02,0.02,100.0,5.0,0.0
163,1,41.40000000000017,88.20000000000023,0.002024537062300542,1.1396182598433202,31.897148392363615,0.0,0.0017191621472202145,17.46431431768673,44.46148729421214,0.0007818192981099475,56.938327018862964,0.09263635718161878,0,0,1,0,0.8276311719925821,0.6316643991220648,0.7580877400853738,0.35452596812986836,0.9706980243949033,0.8931211213221977,0.7783834970737619,0.19463870785196757,0.4667210037270342,0.04380376578722878,0.15428949206754783,0.6830489532424546,0.7447621559078171,0.6676311719925819,0.5916643991220648,0.5980877400853737,0.8145259681298688,1.4306980243949037,1.353121121322198,0.7183834970737618,0.25463870785196757,0.4067210037270341,0.04380376578722878,0.0,0.1030489532424543,0.14476215590781677,0.7739560485559633,0.4388784397520523,0.8585979199113825,0.6973680290593639,0.09417734788764953,0.9756223516367559,0.761139701990353,0.7860643052769538,0.12811363267554587,0.45038593789556713,0.37079802423258124,0.9267649888486018,0.6438651200806645,0.82276161327083,0.44341419882733113,0.2272387217847769,0.5545847870158348,0.06381725610417532,0.14,0.14,0.14,1.1573680290593642,0.5541773478876497,1.4356223516367563,1.2211397019903534,1.2460643052769542,0.08,0.23038593789556697,0.15079802423258118,0.7067649888486016,0.5838651200806645,0.7627616132708299,0.3834141988273311,0.16723872178477692,0.02,0.02,100.0,5.0,0.0
164,1,41.30000000000017,88.10000000000024,0.0013682280067436998,1.091858422070179,31.99256352235436,0.0,0.0011618487217455284,17.474352972502114,44.50740491798984,0.0005283711915212813,56.90718853467507,0.08848899646769312,0,0,1,0,0.8276311719925821,0.6316643991220648,0.7580877400853738,0.35452596812986836,0.9706980243949033,0.8931211213221977,0.7783834970737619,0.19463870785196757,0.4667210037270342,0.04380376578722878,0.15428949206754783,0.6830489532424546,0.7447621559078171,0.6676311719925819,0.5916643991220648,0.5980877400853737,0.8145259681298688,1.4306980243949037,1.353121121322198,0.7183834970737618,0.25463870785196757,0.4067210037270341,0.04380376578722878,0.0,0.1030489532424543,0.14476215590781677,0.7739560485559633,0.4388784397520523,0.8585979199113825,0.6973680290593639,0.09417734788764953,0.9756223516367559,0.761139701990353,0.7860643052769538,0.12811363267554587,0.45038593789556713,0.37079802423258124,0.9267649888486018,0.6438651200806645,0.82276161327083,0.44341419882733113,0.2272387217847769,0.5545847870158348,0.06381725610417532,0.14,0.14,0.14,1.1573680290593642,0.5541773478876497,1.4356223516367563,1.2211397019903534,1.2460643052769542,0.08,0.23038593789556697,0.15079802423258118,0.7067649888486016,0.5838651200806645,0.7627616132708299,0.3834141988273311,0.16723872178477692,0.02,0.02,100.0,5.0,0.0
165,1,41.200000000000166,88.00000000000024,0.0009246794802119215,1.0461001335741005,32.051742020945845,0.0,0.0007852036844834072,17.51317240331089,44.552656380413175,0.0003570852199536747,56.86514333180344,0.08460138474276023,0,0,1,0,0.8276311719925821,0.6316643991220648,0.7580877400853738,0.35452596812986836,0.9706980243949033,0.8931211213221977,0.7783834970737619,0.19463870785196757,0.4667210037270342,0.04380376578722878,0.15428949206754783,0.6830489532424546,0.7447621559078171,0.6676311719925819,0.5916643991220648,0.5980877400853737,0.8145259681298688,1.4306980243949037,1.353121121322198,0.7183834970737618,0.25463870785196757,0.4067210037270341,0.04380376578722878,0.0,0.1030489532424543,0.14476215590781677,0.7739560485559633,0.4388784397520523,0.8585979199113825,0.6973680290593639,0.09417734788764953,0.9756223516367559,0.761139701990353,0.7860643052769538,0.12811363267554587,0.45038593789556713,0.37079802423258124,0.9267649888486018,0.6438651200806645,0.82276161327083,0.44341419882733113,0.2272387217847769,0.5545847870158348,0.06381725610417532,0.14,0.14,0.14,1.1573680290593642,0.5541773478876497,1.4356223516367563,1.2211397019903534,1.2460643052769542,0.08,0.23038593789556697,0.15079802423258118,0.7067649888486016,0.5838651200806645,0.7627616132708299,0.3834141988273311,0.16723872178477692,0.02,0.02,100.0,5.0,0.0
166,1,41.100000000000165,87.90000000000025,0.0006249193386706907,1.0022595121709044,32.09241018407529,0.0,0.0005306584364959655,17.55726547992976,44.59726959939056,0.00024132628037921454,56.81766943101185,0.08093477687356543,0,0,1,0,0.8276311719925821,0.6316643991220648,0.7580877400853738,0.35452596812986836,0.9706980243949033,0.8931211213221977,0.7783834970737619,0.19463870785196757,0.4667210037270342,0.04380376578722878,0.15428949206754783,0.6830489532424546,0.7447621559078171,0.6676311719925819,0.5916643991220648,0.5980877400853737,0.8145259681298688,1.4306980243949037,1.353121121322198,0.7183834970737618,0.25463870785196757,0.4067210037270341,0.04380376578722878,0.0,0.1030489532424543,0.14476215590781677,0.7739560485559633,0.4388784397520523,0.8585979199113825,0.6973680290593639,0.09417734788764953,0.9756223516367559,0.761139701990353,0.7860643052769538,0.12811363267554587,0.45038593789556713,0.37079802423258124,0.9267649888486018,0.6438651200806645,0.82276161327083,0.44341419882733113,0.2272387217847769,0.5545847870158348,0.06381725610417532,0.14,0.14,0.14,1.1573680290593642,0.5541773478876497,1.4356223516367563,1.2211397019903534,1.2460643052769542,0.08,0.23038593789556697,0.15079802423258118,0.7067649888486016,0.5838651200806645,0.7627616132708299,0.3834141988273311,0.16723872178477692,0.02,0.02,100.0,5.0,0.0
167,1,41.00000000000016,87.80000000000025,0.00042233464481672217,0.9602561910636671,32.12083295185819,0.0,0.00035863099191849664,17.60232487309745,44.641271322829176,0.0001630937668302894,56.76669482700563,0.07746108287171397,0,0,1,0,0.8276311719925821,0.6316643991220648,0.7580877400853738,0.35452596812986836,0.9706980243949033,0.8931211213221977,0.7783834970737619,0.19463870785196757,0.4667210037270342,0.04380376578722878,0.15428949206754783,0.6830489532424546,0.7447621559078171,0.6676311719925819,0.5916643991220648,0.5980877400853737,0.8145259681298688,1.4306980243949037,1.353121121322198,0.7183834970737618,0.25463870785196757,0.4067210037270341,0.04380376578722878,0.0,0.1030489532424543,0.14476215590781677,0.7739560485559633,0.4388784397520523,0.8585979199113825,0.6973680290593639,0.09417734788764953,0.9756223516367559,0.761139701990353,0.7860643052769538,0.12811363267554587,0.45038593789556713,0.37079802423258124,0.9267649888486018,0.6438651200806645,0.82276161327083,0.44341419882733113,0.2272387217847769,0.5545847870158348,0.06381725610417532,0.14,0.14,0.14,1.1573680290593642,0.5541773478876497,1.4356223516367563,1.2211397019903534,1.2460643052769542,0.08,0.23038593789556697,0.15079802423258118,0.7067649888486016,0.5838651200806645,0.7627616132708299,0.3834141988273311,0.16723872178477692,0.02,0.02,100.0,5.0,0.0
168,1,40.90000000000016,87.70000000000026,0.0002854233197389647,0.9200131715176655,32.14055178991118,0.0,0.0002423709480880413,17.64756132928874,44.68468717766814,0.00011022246204223947,56.71330435247846,0.07415949357927845,0,0,1,0,0.8276311719925821,0.6316643991220648,0.7580877400853738,0.35452596812986836,0.9706980243949033,0.8931211213221977,0.7783834970737619,0.19463870785196757,0.4667210037270342,0.04380376578722878,0.15428949206754783,0.6830489532424546,0.7447621559078171,0.6676311719925819,0.5916643991220648,0.5980877400853737,0.8145259681298688,1.4306980243949037,1.353121121322198,0.7183834970737618,0.25463870785196757,0.4067210037270341,0.04380376578722878,0.0,0.1030489532424543,0.14476215590781677,0.7739560485559633,0.4388784397520523,0.8585979199113825,0.6973680290593639,0.09417734788764953,0.9756223516367559,0.761139701990353,0.7860643052769538,0.12811363267554587,0.45038593789556713,0.37079802423258124,0.9267649888486018,0.6438651200806645,0.82276161327083,0.44341419882733113,0.2272387217847769,0.5545847870158348,0.06381725610417532,0.14,0.14,0.14,1.1573680290593642,0.5541773478876497,1.4356223516367563,1.2211397019903534,1.2460643052769542,0.08,0.23038593789556697,0.15079802423258118,0.7067649888486016,0.5838651200806645,0.7627616132708299,0.3834141988273311,0.16723872178477692,0.02,0.02,100.0,5.0,0.0
169,1,40.80000000000016,87.60000000000026,0.00019289554492069846,0.8814566817095101,32.15410991091801,0.0,0.00016379977693184488,17.692830229625137,44.72754171685665,7.449083661973913e-05,56.65827410791599,0.07101419688461946,0,0,1,0,0.8276311719925821,0.6316643991220648,0.7580877400853738,0.35452596812986836,0.9706980243949033,0.8931211213221977,0.7783834970737619,0.19463870785196757,0.4667210037270342,0.04380376578722878,0.15428949206754783,0.6830489532424546,0.7447621559078171,0.6676311719925819,0.5916643991220648,0.5980877400853737,0.8145259681298688,1.4306980243949037,1.353121121322198,0.7183834970737618,0.25463870785196757,0.4067210037270341,0.04380376578722878,0.0,0.1030489532424543,0.14476215590781677,0.7739560485559633,0.4388784397520523,0.8585979199113825,0.6973680290593639,0.09417734788764953,0.9756223516367559,0.761139701990353,0.7860643052769538,0.12811363267554587,0.45038593789556713,0.37079802423258124,0.9267649888486018,0.6438651200806645,0.82276161327083,0.44341419882733113,0.2272387217847769,0.5545847870158348,0.06381725610417532,0.14,0.14,0.14,1.1573680290593642,0.5541773478876497,1.4356223516367563,1.2211397019903534,1.2460643052769542,0.08,0.23038593789556697,0.15079802423258118,0.7067649888486016,0.5838651200806645,0.7627616132708299,0.3834141988273311,0.16723872178477692,0.02,0.02,100.0,5.0,0.0
170,1,40.70000000000016,87.50000000000027,0.00013036317874896348,0.8445160414917188,32.16346799729998,0.0,0.0001106995996614908,17.738105074864823,44.76985846436354,5.03425947624199e-05,56.6022002257861,0.06801283108345657,0,0,1,0,0.8276311719925821,0.6316643991220648,0.7580877400853738,0.35452596812986836,0.9706980243949033,0.8931211213221977,0.7783834970737619,0.19463870785196757,0.4667210037270342,0.04380376578722878,0.15428949206754783,0.6830489532424546,0.7447621559078171,0.6676311719925819,0.5916643991220648,0.5980877400853737,0.8145259681298688,1.4306980243949037,1.353121121322198,0.7183834970737618,0.25463870785196757,0.4067210037270341,0.04380376578722878,0.0,0.1030489532424543,0.14476215590781677,0.7739560485559633,0.4388784397520523,0.8585979199113825,0.6973680290593639,0.09417734788764953,0.9756223516367559,0.761139701990353,0.7860643052769538,0.12811363267554587,0.45038593789556713,0.37079802423258124,0.9267649888486018,0.6438651200806645,0.82276161327083,0.44341419882733113,0.2272387217847769,0.5545847870158348,0.06381725610417532,0.14,0.14,0.14,1.1573680290593642,0.5541773478876497,1.4356223516367563,1.2211397019903534,1.2460643052769542,0.08,0.23038593789556697,0.15079802423258118,0.7067649888486016,0.5838651200806645,0.7627616132708299,0.3834141988273311,0.16723872178477692,0.02,0.02,100.0,5.0,0.0
171,1,40.60000000000016,87.40000000000028,8.810238919992089e-05,0.8091235328248209,32.17016028489477,0.0,7.481329703100415e-05,17.78338100941893,44.81165995830035,3.402266590655594e-05,56.54554720268507,0.0651454365537504,0,0,1,0,0.8276311719925821,0.6316643991220648,0.7580877400853738,0.35452596812986836,0.9706980243949033,0.8931211213221977,0.7783834970737619,0.19463870785196757,0.4667210037270342,0.04380376578722878,0.15428949206754783,0.6830489532424546,0.7447621559078171,0.6676311719925819,0.5916643991220648,0.5980877400853737,0.8145259681298688,1.4306980243949037,1.353121121322198,0.7183834970737618,0.25463870785196757,0.4067210037270341,0.04380376578722878,0.0,0.1030489532424543,0.14476215590781677,0.7739560485559633,0.4388784397520523,0.8585979199113825,0.6973680290593639,0.09417734788764953,0.9756223516367559,0.761139701990353,0.7860643052769538,0.12811363267554587,0.45038593789556713,0.37079802423258124,0.9267649888486018,0.6438651200806645,0.82276161327083,0.44341419882733113,0.2272387217847769,0.5545847870158348,0.06381725610417532,0.14,0.14,0.14,1.1573680290593642,0.5541773478876497,1.4356223516367563,1.2211397019903534,1.2460643052769542,0.08,0.23038593789556697,0.15079802423258118,0.7067649888486016,0.5838651200806645,0.7627616132708299,0.3834141988273311,0.16723872178477692,0.02,0.02,100.0,5.0,0.0
172,1,40.500000000000156,87.30000000000028,5.9541590326525027e-05,0.7752142756394743,32.17538726494294,0.0,5.056052081276225e-05,17.82865714357358,44.852967792237315,2.2993288304901076e-05,56.488676597485124,0.06240374433106802,0,0,1,0,0.8276311719925821,0.6316643991220648,0.7580877400853738,0.35452596812986836,0.9706980243949033,0.8931211213221977,0.7783834970737619,0.19463870785196757,0.4667210037270342,0.04380376578722878,0.15428949206754783,0.6830489532424546,0.7447621559078171,0.6676311719925819,0.5916643991220648,0.5980877400853737,0.8145259681298688,1.4306980243949037,1.353121121322198,0.6983834970737618,0.25463870785196757,0.3867210037270341,0.04380376578722878,0.0,0.1030489532424543,0.14476215590781677,0.7739560485559633,0.4388784397520523,0.8585979199113825,0.6973680290593639,0.09417734788764953,0.9756223516367559,0.761139701990353,0.7860643052769538,0.12811363267554587,0.45038593789556713,0.37079802423258124,0.9267649888486018,0.6438651200806645,0.82276161327083,0.44341419882733113,0.2272387217847769,0.5545847870158348,0.06381725610417532,0.14,0.14,0.14,1.1573680290593642,0.5541773478876497,1.4356223516367563,1.2211397019903534,1.2460643052769542,0.06,0.21038593789556698,0.1307980242325812,0.6867649888486016,0.5638651200806645,0.7427616132708299,0.36341419882733106,0.14723872178477693,0.0,0.0,100.0,5.0,0.0
173,1,40.400000000000155,87.20000000000029,4.0239555485459204e-05,0.7504782516574258,32.50434581007491,0.0,3.416994526786267e-05,18.116216277975404,44.891222564466204,1.5539385083002132e-05,56.48507748775219,0.06040445372612166,0,0,1,0,0.8276311719925821,0.6316643991220648,0.7580877400853738,0.35452596812986836,0.9706980243949033,0.8931211213221977,0.7783834970737619,0.19463870785196757,0.4667210037270342,0.04380376578722878,0.15428949206754783,0.6830489532424546,0.7447621559078171,0.6676311719925819,0.5916643991220648,0.5980877400853737,0.8145259681298688,1.4306980243949037,1.353121121322198,0.6983834970737618,0.25463870785196757,0.3867210037270341,0.04380376578722878,0.0,0.1030489532424543,0.14476215590781677,0.7739560485559633,0.4388784397520523,0.8585979199113825,0.6973680290593639,0.09417734788764953,0.9756223516367559,0.761139701990353,0.7860643052769538,0.12811363267554587,0.45038593789556713,0.37079802423258124,0.9267649888486018,0.6438651200806645,0.82276161327083,0.44341419882733113,0.2272387217847769,0.5545847870158348,0.06381725610417532,0.14,0.14,0.14,1.1573680290593642,0.5541773478876497,1.4356223516367563,1.2211397019903534,1.2460643052769542,0.06,0.21038593789556698,0.1307980242325812,0.6867649888486016,0.5638651200806645,0.7427616132708299,0.36341419882733106,0.14723872178477693,0.0,0.0,100.0,5.0,0.0
174,1,40.30000000000015,87.10000000000029,2.7194803108005124e-05,0.7265315202641079,32.85790107670336,0.0,2.309282303346081e-05,18.208924784482836,44.92921464207851,1.0501868438989602e-05,56.53663503111539,0.058471574740260907,0,0,1,0,0.8276311719925821,0.6316643991220648,0.7580877400853738,0.35452596812986836,0.9706980243949033,0.8931211213221977,0.7783834970737619,0.19463870785196757,0.4667210037270342,0.04380376578722878,0.15428949206754783,0.6830489532424546,0.7447621559078171,0.6676311719925819,0.5916643991220648,0.5980877400853737,0.8145259681298688,1.4306980243949037,1.353121121322198,0.7183834970737618,0.25463870785196757,0.4067210037270341,0.04380376578722878,0.0,0.1030489532424543,0.14476215590781677,0.7739560485559633,0.4388784397520523,0.8585979199113825,0.6973680290593639,0.09417734788764953,0.9756223516367559,0.761139701990353,0.7860643052769538,0.12811363267554587,0.45038593789556713,0.37079802423258124,0.9267649888486018,0.6438651200806645,0.82276161327083,0.44341419882733113,0.2272387217847769,0.5545847870158348,0.06381725610417532,0.14,0.14,0.14,1.1573680290593642,0.5541773478876497,1.4356223516367563,1.2211397019903534,1.2460643052769542,0.08,0.23038593789556697,0.15079802423258118,0.7067649888486016,0.5838651200806645,0.7627616132708299,0.3834141988273311,0.16723872178477692,0.02,0.02,100.0,5.0,0.0
175,1,40.20000000000015,87.0000000000003,1.837886396012521e-05,0.6960835810132416,32.835031854739036,0.0,1.5606652907234658e-05,18.017571655288023,44.96937047028194,7.097400580572939e-06,56.52115753512214,0.05601755030556675,0,0,1,0,0.8276311719925821,0.6316643991220648,0.7580877400853738,0.35452596812986836,0.9706980243949033,0.8931211213221977,0.7783834970737619,0.19463870785196757,0.4667210037270342,0.04380376578722878,0.15428949206754783,0.6830489532424546,0.7447621559078171,0.6676311719925819,0.5916643991220648,0.5980877400853737,0.8145259681298688,1.4306980243949037,1.353121121322198,0.6983834970737618,0.25463870785196757,0.3867210037270341,0.04380376578722878,0.0,0.1030489532424543,0.14476215590781677,0.7739560485559633,0.4388784397520523,0.8585979199113825,0.6973680290593639,0.09417734788764953,0.9756223516367559,0.761139701990353,0.7860643052769538,0.12811363267554587,0.45038593789556713,0.37079802423258124,0.9267649888486018,0.6438651200806645,0.82276161327083,0.44341419882733113,0.2272387217847769,0.5545847870158348,0.06381725610417532,0.14,0.14,0.14,1.1573680290593642,0.5541773478876497,1.4356223516367563,1.2211397019903534,1.2460643052769542,0.06,0.21038593789556698,0.1307980242325812,0.6867649888486016,0.5638651200806645,0.7427616132708299,0.36341419882733106,0.14723872178477693,0.0,0.0,100.0,5.0,0.0
176,1,40.10000000000015,86.9000000000003,1.2420852584343917e-05,0.6738725089335249,33.069606329647264,0.0,1.054732955836425e-05,18.26414721764704,45.00678488079791,4.796584083466541e-06,56.48686549584034,0.054227615294564206,0,0,1,0,0.8276311719925821,0.6316643991220648,0.7580877400853738,0.35452596812986836,0.9706980243949033,0.8931211213221977,0.7783834970737619,0.19463870785196757,0.4667210037270342,0.04380376578722878,0.15428949206754783,0.6830489532424546,0.7447621559078171,0.6676311719925819,0.5916643991220648,0.5980877400853737,0.8145259681298688,1.4306980243949037,1.353121121322198,0.6983834970737618,0.25463870785196757,0.3867210037270341,0.04380376578722878,0.0,0.1030489532424543,0.14476215590781677,0.7739560485559633,0.4388784397520523,0.8585979199113825,0.6973680290593639,0.09417734788764953,0.9756223516367559,0.761139701990353,0.7860643052769538,0.12811363267554587,0.45038593789556713,0.37079802423258124,0.9267649888486018,0.6438651200806645,0.82276161327083,0.44341419882733113,0.2272387217847769,0.5545847870158348,0.06381725610417532,0.14,0.14,0.14,1.1573680290593642,0.5541773478876497,1.4356223516367563,1.2211397019903534,1.2460643052769542,0.06,0.21038593789556698,0.1307980242325812,0.6867649888486016,0.5638651200806645,0.7427616132708299,0.36341419882733106,0.14723872178477693,0.0,0.0,100.0,5.0,0.0
177,1,40.00000000000015,86.80000000000031,8.394293535047846e-06,0.6523701616914379,33.333728318098935,0.0,7.128124234836713e-06,18.348936263153767,45.043963411486615,3.241640176368244e-06,56.51135763985583,0.05249560245017447,0,0,1,0,0.8276311719925821,0.6316643991220648,0.7580877400853738,0.35452596812986836,0.9706980243949033,0.8931211213221977,0.7783834970737619,0.19463870785196757,0.4667210037270342,0.04380376578722878,0.15428949206754783,0.6830489532424546,0.7447621559078171,0.6676311719925819,0.5916643991220648,0.5980877400853737,0.8145259681298688,1.4306980243949037,1.353121121322198,0.6783834970737618,0.25463870785196757,0.3667210037270341,0.04380376578722878,0.0,0.1030489532424543,0.14476215590781677,0.7739560485559633,0.4388784397520523,0.8585979199113825,0.6973680290593639,0.09417734788764953,0.9756223516367559,0.761139701990353,0.7860643052769538,0.12811363267554587,0.45038593789556713,0.37079802423258124,0.9267649888486018,0.6438651200806645,0.82276161327083,0.44341419882733113,0.2272387217847769,0.5545847870158348,0.06381725610417532,0.14,0.14,0.14,1.1573680290593642,0.5541773478876497,1.4356223516367563,1.2211397019903534,1.2460643052769542,0.039999999999999994,0.190385937895567,0.11079802423258119,0.6667649888486016,0.5438651200806645,0.7227616132708299,0.34341419882733104,0.12723872178477694,0.0,0.0,100.0,5.0,0.0
178,1,39.90000000000015,86.70000000000032,5.673053719465592e-06,0.6315539248497455,33.90334564126701,0.0,4.8173478249736655e-06,18.65678458458401,45.08091358894976,2.190773861187134e-06,56.57541847217746,0.05081940168632679,0,0,1,0,0.8276311719925821,0.6316643991220648,0.7580877400853738,0.35452596812986836,0.9706980243949033,0.8931211213221977,0.7783834970737619,0.19463870785196757,0.4667210037270342,0.04380376578722878,0.15428949206754783,0.6830489532424546,0.7447621559078171,0.6676311719925819,0.5916643991220648,0.5980877400853737,0.8145259681298688,1.4306980243949037,1.353121121322198,0.6983834970737618,0.25463870785196757,0.3867210037270341,0.04380376578722878,0.0,0.1030489532424543,0.14476215590781677,0.7739560485559633,0.4388784397520523,0.8585979199113825,0.6973680290593639,0.09417734788764953,0.9756223516367559,0.761139701990353,0.7860643052769538,0.12811363267554587,0.45038593789556713,0.37079802423258124,0.9267649888486018,0.6438651200806645,0.82276161327083,0.44341419882733113,0.2272387217847769,0.5545847870158348,0.06381725610417532,0.14,0.14,0.14,1.1573680290593642,0.5541773478876497,1.4356223516367563,1.2211397019903534,1.2460643052769542,0.06,0.21038593789556698,0.1307980242325812,0.6867649888486016,0.5638651200806645,0.7427616132708299,0.36341419882733106,0.14723872178477693,0.02,0.02,100.0,5.0,0.0
179,1,39.800000000000146,86.60000000000032,3.833978210265071e-06,0.6050863663183814,34.125309058091865,0.0,3.2556727832213654e-06,18.499091577061517,45.119744655459144,1.4805746010459032e-06,56.64050787183652,0.04868888743901716,0,0,1,0,0.8276311719925821,0.6316643991220648,0.7580877400853738,0.35452596812986836,0.9706980243949033,0.8931211213221977,0.7783834970737619,0.19463870785196757,0.4667210037270342,0.04380376578722878,0.15428949206754783,0.6830489532424546,0.7447621559078171,0.6676311719925819,0.5916643991220648,0.5980877400853737,0.8145259681298688,1.4306980243949037,1.353121121322198,0.6983834970737618,0.25463870785196757,0.3867210037270341,0.04380376578722878,0.0,0.1030489532424543,0.14476215590781677,0.7739560485559633,0.4388784397520523,0.8585979199113825,0.6973680290593639,0.09417734788764953,0.9756223516367559,0.761139701990353,0.7860643052769538,0.12811363267554587,0.45038593789556713,0.37079802423258124,0.9267649888486018,0.6438651200806645,0.82276161327083,0.44341419882733113,0.2272387217847769,0.5545847870158348,0.06381725610417532,0.14,0.14,0.14,1.1573680290593642,0.5541773478876497,1.4356223516367563,1.2211397019903534,1.2460643052769542,0.06,0.21038593789556698,0.1307980242325812,0.6867649888486016,0.5638651200806645,0.7427616132708299,0.36341419882733106,0.14723872178477693,0.02,0.02,100.0,5.0,0.0
180,1,39.700000000000145,86.50000000000033,2.5910893222023033e-06,0.5797280268529551,34.24094113041575,0.0,2.2002574147666603e-06,18.505761780959027,45.15820654850689,1.0006058535290277e-06,56.61878286525609,0.04664790093412286,0,0,1,0,0.8276311719925821,0.6316643991220648,0.7580877400853738,0.35452596812986836,0.9706980243949033,0.8931211213221977,0.7783834970737619,0.19463870785196757,0.4667210037270342,0.04380376578722878,0.15428949206754783,0.6830489532424546,0.7447621559078171,0.6676311719925819,0.5916643991220648,0.5980877400853737,0.8145259681298688,1.4306980243949037,1.353121121322198,0.6983834970737618,0.25463870785196757,0.3867210037270341,0.04380376578722878,0.0,0.1030489532424543,0.14476215590781677,0.7739560485559633,0.4388784397520523,0.8585979199113825,0.6973680290593639,0.09417734788764953,0.9756223516367559,0.761139701990353,0.7860643052769538,0.12811363267554587,0.45038593789556713,0.37079802423258124,0.9267649888486018,0.6438651200806645,0.82276161327083,0.44341419882733113,0.2272387217847769,0.5545847870158348,0.06381725610417532,0.14,0.14,0.14,1.1573680290593642,0.5541773478876497,1.4356223516367563,1.2211397019903534,1.2460643052769542,0.06,0.21038593789556698,0.1307980242325812,0.6867649888486016,0.5638651200806645,0.7427616132708299,0.36341419882733106,0.14723872178477693,0.02,0.02,100.0,5.0,0.0
181,1,39.60000000000014,86.40000000000033,1.7511168575907527e-06,0.555432420604204,34.326083703306345,0.0,1.486983801377468e-06,18.54419271184815,45.19631473964629,6.762321016511294e-07,56.58786783083082,0.04469261212058103,0,0,1,0,0.8276311719925821,0.6316643991220648,0.7580877400853738,0.35452596812986836,0.9706980243949033,0.8931211213221977,0.7783834970737619,0.19463870785196757,0.4667210037270342,0.04380376578722878,0.15428949206754783,0.6830489532424546,0.7447621559078171,0.6676311719925819,0.5916643991220648,0.5980877400853737,0.8145259681298688,1.4306980243949037,1.353121121322198,0.6983834970737618,0.25463870785196757,0.3867210037270341,0.04380376578722878,0.0,0.1030489532424543,0.14476215590781677,0.7739560485559633,0.4388784397520523,0.8585979199113825,0.6973680290593639,0.09417734788764953,0.9756223516367559,0.761139701990353,0.7860643052769538,0.12811363267554587,0.45038593789556713,0.37079802423258124,0.9267649888486018,0.6438651200806645,0.82276161327083,0.44341419882733113,0.2272387217847769,0.5545847870158348,0.06381725610417532,0.14,0.14,0.14,1.1573680290593642,0.5541773478876497,1.4356223516367563,1.2211397019903534,1.2460643052769542,0.06,0.21038593789556698,0.1307980242325812,0.6867649888486016,0.5638651200806645,0.7427616132708299,0.36341419882733106,0.14723872178477693,0.02,0.02,100.0,5.0,0.0
182,1,39.50000000000014,86.30000000000034,1.1834444388556274e-06,0.5321550098810317,34.39762470026905,0.0,1.0049373362950248e-06,18.588760927171684,45.23408405203905,4.5701297238137475e-07,56.552941010652404,0.04281937676680971,0,0,1,0,0.8276311719925821,0.6316643991220648,0.7580877400853738,0.35452596812986836,0.9706980243949033,0.8931211213221977,0.7783834970737619,0.19463870785196757,0.4667210037270342,0.04380376578722878,0.15428949206754783,0.6830489532424546,0.7447621559078171,0.6676311719925819,0.5916643991220648,0.5980877400853737,0.8145259681298688,1.4306980243949037,1.353121121322198,0.6983834970737618,0.25463870785196757,0.3867210037270341,0.04380376578722878,0.0,0.1030489532424543,0.14476215590781677,0.7739560485559633,0.4388784397520523,0.8585979199113825,0.6973680290593639,0.09417734788764953,0.9756223516367559,0.761139701990353,0.7860643052769538,0.12811363267554587,0.45038593789556713,0.37079802423258124,0.9267649888486018,0.6438651200806645,0.82276161327083,0.44341419882733113,0.2272387217847769,0.5545847870158348,0.06381725610417532,0.14,0.14,0.14,1.1573680290593642,0.5541773478876497,1.4356223516367563,1.2211397019903534,1.2460643052769542,0.06,0.21038593789556698,0.1307980242325812,0.6867649888486016,0.5638651200806645,0.7427616132708299,0.36341419882733106,0.14723872178477693,0.02,0.02,100.0,5.0,0.0
183,1,39.40000000000014,86.20000000000034,7.997985592950223e-07,0.5098531235058725,34.46062650176782,0.0,6.791594158216245e-07,18.634515080721343,45.27152868762854,3.08859719044529e-07,56.51554991253467,0.04102472046921644,0,0,1,0,0.8276311719925821,0.6316643991220648,0.7580877400853738,0.35452596812986836,0.9706980243949033,0.8931211213221977,0.7783834970737619,0.19463870785196757,0.4667210037270342,0.04380376578722878,0.15428949206754783,0.6830489532424546,0.7447621559078171,0.6676311719925819,0.5916643991220648,0.5980877400853737,0.8145259681298688,1.4306980243949037,1.353121121322198,0.6983834970737618,0.25463870785196757,0.3867210037270341,0.04380376578722878,0.0,0.1030489532424543,0.14476215590781677,0.7739560485559633,0.4388784397520523,0.8585979199113825,0.6973680290593639,0.09417734788764953,0.9756223516367559,0.761139701990353,0.7860643052769538,0.12811363267554587,0.45038593789556713,0.37079802423258124,0.9267649888486018,0.6438651200806645,0.82276161327083,0.44341419882733113,0.2272387217847769,0.5545847870158348,0.06381725610417532,0.14,0.14,0.14,1.1573680290593642,0.5541773478876497,1.4356223516367563,1.2211397019903534,1.2460643052769542,0.06,0.21038593789556698,0.1307980242325812,0.6867649888486016,0.5638651200806645,0.7427616132708299,0.36341419882733106,0.14723872178477693,0.02,0.02,100.0,5.0,0.0
184,1,39.30000000000014,86.10000000000035,5.405219834983988e-07,0.4884858785916698,34.5175146327765,0.0,4.589913176076449e-07,18.680498399057353,45.30866225317412,2.0873439445534897e-07,56.47643268620637,0.03930532599045601,0,0,1,0,0.8276311719925821,0.6316643991220648,0.7580877400853738,0.35452596812986836,0.9706980243949033,0.8931211213221977,0.7783834970737619,0.19463870785196757,0.4667210037270342,0.04380376578722878,0.15428949206754783,0.6830489532424546,0.7447621559078171,0.6676311719925819,0.5916643991220648,0.5980877400853737,0.8145259681298688,1.4306980243949037,1.353121121322198,0.6983834970737618,0.25463870785196757,0.3867210037270341,0.04380376578722878,0.0,0.1030489532424543,0.14476215590781677,0.7739560485559633,0.4388784397520523,0.8585979199113825,0.6973680290593639,0.09417734788764953,0.9756223516367559,0.761139701990353,0.7860643052769538,0.12811363267554587,0.45038593789556713,0.37079802423258124,0.9267649888486018,0.6438651200806645,0.82276161327083,0.44341419882733113,0.2272387217847769,0.5545847870158348,0.06381725610417532,0.14,0.14,0.14,1.1573680290593642,0.5541773478876497,1.4356223516367563,1.2211397019903534,1.2460643052769542,0.06,0.21038593789556698,0.1307980242325812,0.6867649888486016,0.5638651200806645,0.7427616132708299,0.36341419882733106,0.14723872178477693,0.02,0.02,100.0,5.0,0.0
185,1,39.20000000000014,86.00000000000036,3.65297000412916e-07,0.4680141055970743,34.5699198237718,0.0,3.101967295621407e-07,18.726526000053397,45.34549778519458,1.4106743204787942e-07,56.43608371649084,0.03765802292572077,0,0,1,0,0.8276311719925821,0.6316643991220648,0.7580877400853738,0.35452596812986836,0.9706980243949033,0.8931211213221977,0.7783834970737619,0.19463870785196757,0.4667210037270342,0.04380376578722878,0.15428949206754783,0.6830489532424546,0.7447621559078171,0.6676311719925819,0.5916643991220648,0.5980877400853737,0.8145259681298688,1.4306980243949037,1.353121121322198,0.6983834970737618,0.25463870785196757,0.3867210037270341,0.04380376578722878,0.0,0.1030489532424543,0.14476215590781677,0.7739560485559633,0.4388784397520523,0.8585979199113825,0.6973680290593639,0.09417734788764953,0.9756223516367559,0.761139701990353,0.7860643052769538,0.12811363267554587,0.45038593789556713,0.37079802423258124,0.9267649888486018,0.6438651200806645,0.82276161327083,0.44341419882733113,0.2272387217847769,0.5545847870158348,0.06381725610417532,0.14,0.14,0.14,1.1573680290593642,0.5541773478876497,1.4356223516367563,1.2211397019903534,1.2460643052769542,0.06,0.21038593789556698,0.1307980242325812,0.6867649888486016,0.5638651200806645,0.7427616132708299,0.36341419882733106,0.14723872178477693,0.02,0.02,100.0,5.0,0.0
186,1,39.100000000000136,85.90000000000036,2.4687598762774316e-07,0.44840027652247605,34.61908797156004,0.0,2.0963797644926345e-07,18.772562158009755,45.38204777386606,9.53365660532766e-08,56.394879490275095,0.03607977901682337,0,0,1,0,0.8276311719925821,0.6316643991220648,0.7580877400853738,0.35452596812986836,0.9706980243949033,0.8931211213221977,0.7783834970737619,0.19463870785196757,0.4667210037270342,0.04380376578722878,0.15428949206754783,0.6830489532424546,0.7447621559078171,0.6676311719925819,0.5916643991220648,0.5980877400853737,0.8145259681298688,1.4306980243949037,1.353121121322198,0.6983834970737618,0.25463870785196757,0.3867210037270341,0.04380376578722878,0.0,0.1030489532424543,0.14476215590781677,0.7739560485559633,0.4388784397520523,0.8585979199113825,0.6973680290593639,0.09417734788764953,0.9756223516367559,0.761139701990353,0.7860643052769538,0.12811363267554587,0.45038593789556713,0.37079802423258124,0.9267649888486018,0.6438651200806645,0.82276161327083,0.44341419882733113,0.2272387217847769,0.5545847870158348,0.06381725610417532,0.14,0.14,0.14,1.1573680290593642,0.5541773478876497,1.4356223516367563,1.2211397019903534,1.2460643052769542,0.06,0.21038593789556698,0.1307980242325812,0.6867649888486016,0.5638651200806645,0.7427616132708299,0.36341419882733106,0.14723872178477693,0.02,0.02,100.0,5.0,0.0
187,1,39.000000000000135,85.80000000000037,1.6684438470143725e-07,0.42960843611524235,34.6660032303548,0.0,1.4167809322740767e-07,18.81859996947044,45.418324185918564,6.443061091340971e-08,56.353116380536385,0.03456769265123065,0,0,1,0,0.8276311719925821,0.6316643991220648,0.7580877400853738,0.35452596812986836,0.9706980243949033,0.8931211213221977,0.7783834970737619,0.19463870785196757,0.4667210037270342,0.04380376578722878,0.15428949206754783,0.6830489532424546,0.7447621559078171,0.6676311719925819,0.5916643991220648,0.5980877400853737,0.8145259681298688,1.4306980243949037,1.353121121322198,0.6983834970737618,0.25463870785196757,0.3867210037270341,0.04380376578722878,0.0,0.1030489532424543,0.14476215590781677,0.7739560485559633,0.4388784397520523,0.8585979199113825,0.6973680290593639,0.09417734788764953,0.9756223516367559,0.761139701990353,0.7860643052769538,0.12811363267554587,0.45038593789556713,0.37079802423258124,0.9267649888486018,0.6438651200806645,0.82276161327083,0.44341419882733113,0.2272387217847769,0.5545847870158348,0.06381725610417532,0.14,0.14,0.14,1.1573680290593642,0.5541773478876497,1.4356223516367563,1.2211397019903534,1.2460643052769542,0.06,0.21038593789556698,0.1307980242325812,0.6867649888486016,0.5638651200806645,0.7427616132708299,0.36341419882733106,0.14723872178477693,0.02,0.02,100.0,5.0,0.0
188,1,38.900000000000134,85.70000000000037,1.1275721455897858e-07,0.4116041359580496,34.711447430967524,0.0,9.574926471116748e-08,18.864638100446044,45.45433848657286,4.354366634471949e-08,56.31102888036567,0.03311898623025959,0,0,1,0,0.8276311719925821,0.6316643991220648,0.7580877400853738,0.35452596812986836,0.9706980243949033,0.8931211213221977,0.7783834970737619,0.19463870785196757,0.4667210037270342,0.04380376578722878,0.15428949206754783,0.6830489532424546,0.7447621559078171,0.6676311719925819,0.5916643991220648,0.5980877400853737,0.8145259681298688,1.4306980243949037,1.353121121322198,0.6783834970737618,0.25463870785196757,0.3667210037270341,0.04380376578722878,0.0,0.1030489532424543,0.14476215590781677,0.7739560485559633,0.4388784397520523,0.8585979199113825,0.6973680290593639,0.09417734788764953,0.9756223516367559,0.761139701990353,0.7860643052769538,0.12811363267554587,0.45038593789556713,0.37079802423258124,0.9267649888486018,0.6438651200806645,0.82276161327083,0.44341419882733113,0.2272387217847769,0.5545847870158348,0.06381725610417532,0.14,0.14,0.14,1.1573680290593642,0.5541773478876497,1.4356223516367563,1.2211397019903534,1.2460643052769542,0.039999999999999994,0.190385937895567,0.11079802423258119,0.6667649888486016,0.5438651200806645,0.7227616132708299,0.34341419882733104,0.12723872178477694,0.0,0.0,100.0,5.0,0.0
189,1,38.80000000000013,85.60000000000038,7.620387978805021e-08,0.3984704126790633,35.10517491799336,0.0,6.47095220149087e-08,19.17210330699637,45.488731747901824,2.9427796071783612e-08,56.31788558496006,0.03206218952938393,0,0,1,0,0.8276311719925821,0.6316643991220648,0.7580877400853738,0.35452596812986836,0.9706980243949033,0.8931211213221977,0.7783834970737619,0.19463870785196757,0.4667210037270342,0.04380376578722878,0.15428949206754783,0.6830489532424546,0.7447621559078171,0.6676311719925819,0.5916643991220648,0.5980877400853737,0.8145259681298688,1.4306980243949037,1.353121121322198,0.6783834970737618,0.25463870785196757,0.3667210037270341,0.04380376578722878,0.0,0.1030489532424543,0.14476215590781677,0.7739560485559633,0.4388784397520523,0.8585979199113825,0.6973680290593639,0.09417734788764953,0.9756223516367559,0.761139701990353,0.7860643052769538,0.12811363267554587,0.45038593789556713,0.37079802423258124,0.9267649888486018,0.6438651200806645,0.82276161327083,0.44341419882733113,0.2272387217847769,0.5545847870158348,0.06381725610417532,0.14,0.14,0.14,1.1573680290593642,0.5541773478876497,1.4356223516367563,1.2211397019903534,1.2460643052769542,0.039999999999999994,0.190385937895567,0.11079802423258119,0.6667649888486016,0.5438651200806645,0.7227616132708299,0.34341419882733104,0.12723872178477694,0.0,0.0,100.0,5.0,0.0
190,1,38.70000000000013,85.50000000000038,5.150030813961084e-08,0.3857557684911252,35.527095702012794,0.0,4.373216078503811e-08,19.271910097474606,45.522985530129226,1.9887971187054213e-08,56.3909859303597,0.031039118717319077,0,0,1,0,0.8276311719925821,0.6316643991220648,0.7580877400853738,0.35452596812986836,0.9706980243949033,0.8931211213221977,0.7783834970737619,0.19463870785196757,0.4667210037270342,0.04380376578722878,0.15428949206754783,0.6830489532424546,0.7447621559078171,0.6676311719925819,0.5916643991220648,0.5980877400853737,0.8145259681298688,1.4306980243949037,1.353121121322198,0.6783834970737618,0.25463870785196757,0.3667210037270341,0.04380376578722878,0.0,0.1030489532424543,0.14476215590781677,0.7739560485559633,0.4388784397520523,0.8585979199113825,0.6973680290593639,0.09417734788764953,0.9756223516367559,0.761139701990353,0.7860643052769538,0.12811363267554587,0.45038593789556713,0.37079802423258124,0.9267649888486018,0.6438651200806645,0.82276161327083,0.44341419882733113,0.2272387217847769,0.5545847870158348,0.06381725610417532,0.14,0.14,0.14,1.1573680290593642,0.5541773478876497,1.4356223516367563,1.2211397019903534,1.2460643052769542,0.039999999999999994,0.190385937895567,0.11079802423258119,0.6667649888486016,0.5438651200806645,0.7227616132708299,0.34341419882733104,0.12723872178477694,0.0,0.0,100.0,5.0,0.0
191,1,38.60000000000013,85.40000000000039,3.4805074831515056e-08,0.3734468311553946,35.902329667801816,0.0,2.9555184884348184e-08,19.329513427446752,45.55710428384185,1.3440741432768985e-08,56.4499491439463,0.030048696040614605,0,0,1,0,0.8276311719925821,0.6316643991220648,0.7580877400853738,0.35452596812986836,0.9706980243949033,0.8931211213221977,0.7783834970737619,0.19463870785196757,0.4667210037270342,0.04380376578722878,0.15428949206754783,0.6830489532424546,0.7447621559078171,0.6676311719925819,0.5916643991220648,0.5980877400853737,0.8145259681298688,1.4306980243949037,1.353121121322198,0.6783834970737618,0.25463870785196757,0.3667210037270341,0.04380376578722878,0.0,0.1030489532424543,0.14476215590781677,0.7739560485559633,0.4388784397520523,0.8585979199113825,0.6973680290593639,0.09417734788764953,0.9756223516367559,0.761139701990353,0.7860643052769538,0.12811363267554587,0.45038593789556713,0.37079802423258124,0.9267649888486018,0.6438651200806645,0.82276161327083,0.44341419882733113,0.2272387217847769,0.5545847870158348,0.06381725610417532,0.14,0.14,0.14,1.1573680290593642,0.5541773478876497,1.4356223516367563,1.2211397019903534,1.2460643052769542,0.039999999999999994,0.190385937895567,0.11079802423258119,0.6667649888486016,0.5438651200806645,0.7227616132708299,0.34341419882733104,0.12723872178477694,0.0,0.0,100.0,5.0,0.0
192,1,38.50000000000013,85.3000000000004,2.3522057979603323e-08,0.36153065512282634,36.22508955412481,0.0,1.997406343221104e-08,19.378539536652312,45.591092317614354,9.083557521450287e-09,56.49301242714044,0.029089878656280203,0,0,1,0,0.8276311719925821,0.6316643991220648,0.7580877400853738,0.35452596812986836,0.9706980243949033,0.8931211213221977,0.7783834970737619,0.19463870785196757,0.4667210037270342,0.04380376578722878,0.15428949206754783,0.6830489532424546,0.7447621559078171,0.6676311719925819,0.5916643991220648,0.5980877400853737,0.8145259681298688,1.4306980243949037,1.353121121322198,0.6783834970737618,0.25463870785196757,0.3667210037270341,0.04380376578722878,0.0,0.1030489532424543,0.14476215590781677,0.7739560485559633,0.4388784397520523,0.8585979199113825,0.6973680290593639,0.09417734788764953,0.9756223516367559,0.761139701990353,0.7860643052769538,0.12811363267554587,0.45038593789556713,0.37079802423258124,0.9267649888486018,0.6438651200806645,0.82276161327083,0.44341419882733113,0.2272387217847769,0.5545847870158348,0.06381725610417532,0.14,0.14,0.14,1.1573680290593642,0.5541773478876497,1.4356223516367563,1.2211397019903534,1.2460643052769542,0.039999999999999994,0.190385937895567,0.11079802423258119,0.6667649888486016,0.5438651200806645,0.7227616132708299,0.34341419882733104,0.12723872178477694,0.0,0.0,100.0,5.0,0.0
193,1,38.40000000000013,85.2000000000004,1.589673960691599e-08,0.3499947079190845,36.501954157719354,0.0,1.349892452221718e-08,19.42582245429973,45.62495380254068,6.138873934761622e-09,56.52217521128348,0.028161657349000724,0,0,1,0,0.8276311719925821,0.6316643991220648,0.7580877400853738,0.35452596812986836,0.9706980243949033,0.8931211213221977,0.7783834970737619,0.19463870785196757,0.4667210037270342,0.04380376578722878,0.15428949206754783,0.6830489532424546,0.7447621559078171,0.6676311719925819,0.5916643991220648,0.5980877400853737,0.8145259681298688,1.4306980243949037,1.353121121322198,0.6783834970737618,0.25463870785196757,0.3667210037270341,0.04380376578722878,0.0,0.1030489532424543,0.14476215590781677,0.7739560485559633,0.4388784397520523,0.8585979199113825,0.6973680290593639,0.09417734788764953,0.9756223516367559,0.761139701990353,0.7860643052769538,0.12811363267554587,0.45038593789556713,0.37079802423258124,0.9267649888486018,0.6438651200806645,0.82276161327083,0.44341419882733113,0.2272387217847769,0.5545847870158348,0.06381725610417532,0.14,0.14,0.14,1.1573680290593642,0.5541773478876497,1.4356223516367563,1.2211397019903534,1.2460643052769542,0.039999999999999994,0.190385937895567,0.11079802423258119,0.6667649888486016,0.5438651200806645,0.7227616132708299,0.34341419882733104,0.12723872178477694,0.0,0.0,100.0,5.0,0.0
194,1,38.300000000000125,85.1000000000004,1.0743376721085408e-08,0.33882685696389536,36.74063666279885,0.0,9.122878971269257e-09,19.472751094391384,45.658692776620875,4.14879006357398e-09,56.53978211133674,0.027263055344017347,0,0,1,0,0.8276311719925821,0.6316643991220648,0.7580877400853738,0.35452596812986836,0.9706980243949033,0.8931211213221977,0.7783834970737619,0.19463870785196757,0.4667210037270342,0.04380376578722878,0.15428949206754783,0.6830489532424546,0.7447621559078171,0.6676311719925819,0.5916643991220648,0.5980877400853737,0.8145259681298688,1.4306980243949037,1.353121121322198,0.6783834970737618,0.25463870785196757,0.3667210037270341,0.04380376578722878,0.0,0.1030489532424543,0.14476215590781677,0.7739560485559633,0.4388784397520523,0.8585979199113825,0.6973680290593639,0.09417734788764953,0.9756223516367559,0.761139701990353,0.7860643052769538,0.12811363267554587,0.45038593789556713,0.37079802423258124,0.9267649888486018,0.6438651200806645,0.82276161327083,0.44341419882733113,0.2272387217847769,0.5545847870158348,0.06381725610417532,0.14,0.14,0.14,1.1573680290593642,0.5541773478876497,1.4356223516367563,1.2211397019903534,1.2460643052769542,0.039999999999999994,0.190385937895567,0.11079802423258119,0.6667649888486016,0.5438651200806645,0.7227616132708299,0.34341419882733104,0.12723872178477694,0.0,0.0,100.0,5.0,0.0
195,1,38.200000000000124,85.00000000000041,7.2606173482860264e-09,0.3280153568109765,36.94794649288403,0.0,6.16544826126318e-09,19.519607732880047,45.692313149008,2.803846303821933e-09,56.54790285197897,0.026393127194878505,0,0,1,0,0.8276311719925821,0.6316643991220648,0.7580877400853738,0.35452596812986836,0.9706980243949033,0.8931211213221977,0.7783834970737619,0.19463870785196757,0.4667210037270342,0.04380376578722878,0.15428949206754783,0.6830489532424546,0.7447621559078171,0.6676311719925819,0.5916643991220648,0.5980877400853737,0.8145259681298688,1.4306980243949037,1.353121121322198,0.6783834970737618,0.25463870785196757,0.3667210037270341,0.04380376578722878,0.0,0.1030489532424543,0.14476215590781677,0.7739560485559633,0.4388784397520523,0.8585979199113825,0.6973680290593639,0.09417734788764953,0.9756223516367559,0.761139701990353,0.7860643052769538,0.12811363267554587,0.45038593789556713,0.37079802423258124,0.9267649888486018,0.6438651200806645,0.82276161327083,0.44341419882733113,0.2272387217847769,0.5545847870158348,0.06381725610417532,0.14,0.14,0.14,1.1573680290593642,0.5541773478876497,1.4356223516367563,1.2211397019903534,1.2460643052769542,0.039999999999999994,0.190385937895567,0.11079802423258119,0.6667649888486016,0.5438651200806645,0.7227616132708299,0.34341419882733104,0.12723872178477694,0.0,0.0,100.0,5.0,0.0
196,1,38.10000000000012,84.90000000000042,4.9068896722916036e-09,0.31754883679512225,37.129576265318526,0.0,4.166749595388362e-09,19.566449738122124,45.72581870411932,1.89490284516435e-09,56.548267450126275,0.02555095773168031,0,0,1,0,0.8276311719925821,0.6316643991220648,0.7580877400853738,0.35452596812986836,0.9706980243949033,0.8931211213221977,0.7783834970737619,0.19463870785196757,0.4667210037270342,0.04380376578722878,0.15428949206754783,0.6830489532424546,0.7447621559078171,0.6676311719925819,0.5916643991220648,0.5980877400853737,0.8145259681298688,1.4306980243949037,1.353121121322198,0.6783834970737618,0.25463870785196757,0.3667210037270341,0.04380376578722878,0.0,0.1030489532424543,0.14476215590781677,0.7739560485559633,0.4388784397520523,0.8585979199113825,0.6973680290593639,0.09417734788764953,0.9756223516367559,0.761139701990353,0.7860643052769538,0.12811363267554587,0.45038593789556713,0.37079802423258124,0.9267649888486018,0.6438651200806645,0.82276161327083,0.44341419882733113,0.2272387217847769,0.5545847870158348,0.06381725610417532,0.14,0.14,0.14,1.1573680290593642,0.5541773478876497,1.4356223516367563,1.2211397019903534,1.2460643052769542,0.039999999999999994,0.190385937895567,0.11079802423258119,0.6667649888486016,0.5438651200806645,0.7227616132708299,0.34341419882733104,0.12723872178477694,0.0,0.0,100.0,5.0,0.0
197,1,38.00000000000012,84.80000000000042,3.3161871919508137e-09,0.3074162890734536,37.29022400980638,0.0,2.8159837622434257e-09,19.61328876937616,45.75921310561662,1.2806182663142094e-09,56.542303395876004,0.02473566105976205,0,0,1,0,0.8276311719925821,0.6316643991220648,0.7580877400853738,0.35452596812986836,0.9706980243949033,0.8931211213221977,0.7783834970737619,0.19463870785196757,0.4667210037270342,0.04380376578722878,0.15428949206754783,0.6830489532424546,0.7447621559078171,0.6676311719925819,0.5916643991220648,0.5980877400853737,0.8145259681298688,1.4306980243949037,1.353121121322198,0.6783834970737618,0.25463870785196757,0.3667210037270341,0.04380376578722878,0.0,0.1030489532424543,0.14476215590781677,0.7739560485559633,0.4388784397520523,0.8585979199113825,0.6973680290593639,0.09417734788764953,0.9756223516367559,0.761139701990353,0.7860643052769538,0.12811363267554587,0.45038593789556713,0.37079802423258124,0.9267649888486018,0.6438651200806645,0.82276161327083,0.44341419882733113,0.2272387217847769,0.5545847870158348,0.06381725610417532,0.14,0.14,0.14,1.1573680290593642,0.5541773478876497,1.4356223516367563,1.2211397019903534,1.2460643052769542,0.039999999999999994,0.190385937895567,0.11079802423258119,0.6667649888486016,0.5438651200806645,0.7227616132708299,0.34341419882733104,0.12723872178477694,0.0,0.0,100.0,5.0,0.0
198,1,37.90000000000012,84.70000000000043,2.241154422965207e-09,0.2976070570482557,37.43375418419546,0.0,1.903105614504666e-09,19.660127196211718,45.792499900259216,8.654708330839893e-10,56.53118463691316,0.023946379601769967,0,0,1,0,0.8276311719925821,0.6316643991220648,0.7580877400853738,0.35452596812986836,0.9706980243949033,0.8931211213221977,0.7783834970737619,0.19463870785196757,0.4667210037270342,0.04380376578722878,0.15428949206754783,0.6830489532424546,0.7447621559078171,0.6676311719925819,0.5916643991220648,0.5980877400853737,0.8145259681298688,1.4306980243949037,1.353121121322198,0.6783834970737618,0.25463870785196757,0.3667210037270341,0.04380376578722878,0.0,0.1030489532424543,0.14476215590781677,0.7739560485559633,0.4388784397520523,0.8585979199113825,0.6973680290593639,0.09417734788764953,0.9756223516367559,0.761139701990353,0.7860643052769538,0.12811363267554587,0.45038593789556713,0.37079802423258124,0.9267649888486018,0.6438651200806645,0.82276161327083,0.44341419882733113,0.2272387217847769,0.5545847870158348,0.06381725610417532,0.14,0.14,0.14,1.1573680290593642,0.5541773478876497,1.4356223516367563,1.2211397019903534,1.2460643052769542,0.039999999999999994,0.190385937895567,0.11079802423258119,0.6667649888486016,0.5438651200806645,0.7227616132708299,0.34341419882733104,0.12723872178477694,0.0,0.0,100.0,5.0,0.0
199,1,37.80000000000012,84.60000000000043,1.5146229259216703e-09,0.28811082415922645,37.56334243541989,0.0,1.286161883644448e-09,19.70696550020827,45.825682521634185,5.849047937407068e-10,56.515875617719566,0.02318228317800392,0,0,1,0,0.8276311719925821,0.6316643991220648,0.7580877400853738,0.35452596812986836,0.9706980243949033,0.8931211213221977,0.7783834970737619,0.19463870785196757,0.4667210037270342,0.04380376578722878,0.15428949206754783,0.6830489532424546,0.7447621559078171,0.6676311719925819,0.5916643991220648,0.5980877400853737,0.8145259681298688,1.4306980243949037,1.353121121322198,0.6983834970737618,0.25463870785196757,0.3867210037270341,0.04380376578722878,0.0,0.1030489532424543,0.14476215590781677,0.7739560485559633,0.4388784397520523,0.8585979199113825,0.6973680290593639,0.09417734788764953,0.9756223516367559,0.761139701990353,0.7860643052769538,0.12811363267554587,0.45038593789556713,0.37079802423258124,0.9267649888486018,0.6438651200806645,0.82276161327083,0.44341419882733113,0.2272387217847769,0.5545847870158348,0.06381725610417532,0.14,0.14,0.14,1.1573680290593642,0.5541773478876497,1.4356223516367563,1.2211397019903534,1.2460643052769542,0.06,0.21038593789556698,0.1307980242325812,0.6867649888486016,0.5638651200806645,0.7427616132708299,0.36341419882733106,0.14723872178477693,0.02,0.02,100.0,5.0,0.0
200,1,37.70000000000012,84.50000000000044,1.0236164827465515e-09,0.276036494791757,37.30410501860056,0.0,8.69217335250407e-10,19.482005591260062,45.85972319245189,3.952919089390719e-10,56.44762066991842,0.02221074529657017,0,0,1,0,0.8276311719925821,0.6316643991220648,0.7580877400853738,0.35452596812986836,0.9706980243949033,0.8931211213221977,0.7783834970737619,0.19463870785196757,0.4667210037270342,0.04380376578722878,0.15428949206754783,0.6830489532424546,0.7447621559078171,0.6676311719925819,0.5916643991220648,0.5980877400853737,0.8145259681298688,1.4306980243949037,1.353121121322198,0.6983834970737618,0.25463870785196757,0.3867210037270341,0.04380376578722878,0.0,0.1030489532424543,0.14476215590781677,0.7739560485559633,0.4388784397520523,0.8585979199113825,0.6973680290593639,0.09417734788764953,0.9756223516367559,0.761139701990353,0.7860643052769538,0.12811363267554587,0.45038593789556713,0.37079802423258124,0.9267649888486018,0.6438651200806645,0.82276161327083,0.44341419882733113,0.2272387217847769,0.5545847870158348,0.06381725610417532,0.14,0.14,0.14,1.1573680290593642,0.5541773478876497,1.4356223516367563,1.2211397019903534,1.2460643052769542,0.06,0.21038593789556698,0.1307980242325812,0.6867649888486016,0.5638651200806645,0.7427616132708299,0.36341419882733106,0.14723872178477693,0.02,0.02,100.0,5.0,0.0
201,1,37.600000000000115,84.40000000000045,6.917832061156904e-10,0.26446818400272726,37.01223736394311,0.0,5.8743676477096e-10,19.47567747471045,45.89359544871922,2.671472262577573e-10,56.3030017954425,0.021279923299141586,0,0,1,0,0.8276311719925821,0.6316643991220648,0.7580877400853738,0.35452596812986836,0.9706980243949033,0.8931211213221977,0.7783834970737619,0.19463870785196757,0.4667210037270342,0.04380376578722878,0.15428949206754783,0.6830489532424546,0.7447621559078171,0.6676311719925819,0.5916643991220648,0.5980877400853737,0.8145259681298688,1.4306980243949037,1.353121121322198,0.6783834970737618,0.25463870785196757,0.3667210037270341,0.04380376578722878,0.0,0.1030489532424543,0.14476215590781677,0.7739560485559633,0.4388784397520523,0.8585979199113825,0.6973680290593639,0.09417734788764953,0.9756223516367559,0.761139701990353,0.7860643052769538,0.12811363267554587,0.45038593789556713,0.37079802423258124,0.9267649888486018,0.6438651200806645,0.82276161327083,0.44341419882733113,0.2272387217847769,0.5545847870158348,0.06381725610417532,0.14,0.14,0.14,1.1573680290593642,0.5541773478876497,1.4356223516367563,1.2211397019903534,1.2460643052769542,0.039999999999999994,0.190385937895567,0.11079802423258119,0.6667649888486016,0.5438651200806645,0.7227616132708299,0.34341419882733104,0.12723872178477694,0.0,0.0,100.0,5.0,0.0
202,1,37.500000000000114,84.30000000000045,4.675227610438906e-10,0.25602936708777313,37.139748602837436,0.0,3.9700307231580917e-10,19.781436146391027,45.926426137885734,1.8054414695397565e-10,56.22221310438861,0.02060091004781932,0,0,1,0,0.8276311719925821,0.6316643991220648,0.7580877400853738,0.35452596812986836,0.9706980243949033,0.8931211213221977,0.7783834970737619,0.19463870785196757,0.4667210037270342,0.04380376578722878,0.15428949206754783,0.6830489532424546,0.7447621559078171,0.6676311719925819,0.5916643991220648,0.5980877400853737,0.8145259681298688,1.4306980243949037,1.353121121322198,0.6783834970737618,0.25463870785196757,0.3667210037270341,0.04380376578722878,0.0,0.1030489532424543,0.14476215590781677,0.7739560485559633,0.4388784397520523,0.8585979199113825,0.6973680290593639,0.09417734788764953,0.9756223516367559,0.761139701990353,0.7860643052769538,0.12811363267554587,0.45038593789556713,0.37079802423258124,0.9267649888486018,0.6438651200806645,0.82276161327083,0.44341419882733113,0.2272387217847769,0.5545847870158348,0.06381725610417532,0.14,0.14,0.14,1.1573680290593642,0.5541773478876497,1.4356223516367563,1.2211397019903534,1.2460643052769542,0.039999999999999994,0.190385937895567,0.11079802423258119,0.6667649888486016,0.5438651200806645,0.7227616132708299,0.34341419882733104,0.12723872178477694,0.0,0.0,100.0,5.0,0.0
203,1,37.40000000000011,84.20000000000046,3.1596247229157077e-10,0.24785982124295797,37.34412249528227,0.0,2.683036692292214e-10,19.880896109235984,45.95916720748465,1.2201582421779774e-10,56.22987391818146,0.0199435632081815,0,0,1,0,0.8276311719925821,0.6316643991220648,0.7580877400853738,0.35452596812986836,0.9706980243949033,0.8931211213221977,0.7783834970737619,0.19463870785196757,0.4667210037270342,0.04380376578722878,0.15428949206754783,0.6830489532424546,0.7447621559078171,0.6676311719925819,0.5916643991220648,0.5980877400853737,0.8145259681298688,1.4306980243949037,1.353121121322198,0.6983834970737618,0.25463870785196757,0.3867210037270341,0.04380376578722878,0.0,0.1030489532424543,0.14476215590781677,0.7739560485559633,0.4388784397520523,0.8585979199113825,0.6973680290593639,0.09417734788764953,0.9756223516367559,0.761139701990353,0.7860643052769538,0.12811363267554587,0.45038593789556713,0.37079802423258124,0.9267649888486018,0.6438651200806645,0.82276161327083,0.44341419882733113,0.2272387217847769,0.5545847870158348,0.06381725610417532,0.14,0.14,0.14,1.1573680290593642,0.5541773478876497,1.4356223516367563,1.2211397019903534,1.2460643052769542,0.06,0.21038593789556698,0.1307980242325812,0.6867649888486016,0.5638651200806645,0.7427616132708299,0.36341419882733106,0.14723872178477693,0.02,0.02,100.0,5.0,0.0
204,1,37.30000000000011,84.10000000000046,2.1353459599206432e-10,0.23747235618542992,37.16700528670984,0.0,1.813256973099672e-10,19.66418313029356,45.99264645129866,8.24610579225464e-11,56.18676691647574,0.019107755794283587,0,0,1,0,0.8276311719925821,0.6316643991220648,0.7580877400853738,0.35452596812986836,0.9706980243949033,0.8931211213221977,0.7783834970737619,0.19463870785196757,0.4667210037270342,0.04380376578722878,0.15428949206754783,0.6830489532424546,0.7447621559078171,0.6676311719925819,0.5916643991220648,0.5980877400853737,0.8145259681298688,1.4306980243949037,1.353121121322198,0.6983834970737618,0.25463870785196757,0.3867210037270341,0.04380376578722878,0.0,0.1030489532424543,0.14476215590781677,0.7739560485559633,0.4388784397520523,0.8585979199113825,0.6973680290593639,0.09417734788764953,0.9756223516367559,0.761139701990353,0.7860643052769538,0.12811363267554587,0.45038593789556713,0.37079802423258124,0.9267649888486018,0.6438651200806645,0.82276161327083,0.44341419882733113,0.2272387217847769,0.5545847870158348,0.06381725610417532,0.14,0.14,0.14,1.1573680290593642,0.5541773478876497,1.4356223516367563,1.2211397019903534,1.2460643052769542,0.06,0.21038593789556698,0.1307980242325812,0.6867649888486016,0.5638651200806645,0.7427616132708299,0.36341419882733106,0.14723872178477693,0.02,0.02,100.0,5.0,0.0
205,1,37.20000000000011,84.00000000000047,1.443115169810962e-10,0.22752021553740184,36.94540147922693,0.0,1.225440136521433e-10,19.65944860935558,46.02598080919778,5.572905086120546e-11,56.06398381250421,0.018306975935830066,0,0,1,0,0.8276311719925821,0.6316643991220648,0.7580877400853738,0.35452596812986836,0.9706980243949033,0.8931211213221977,0.7783834970737619,0.19463870785196757,0.4667210037270342,0.04380376578722878,0.15428949206754783,0.6830489532424546,0.7447621559078171,0.6676311719925819,0.5916643991220648,0.5980877400853737,0.8145259681298688,1.4306980243949037,1.353121121322198,0.6983834970737618,0.25463870785196757,0.3867210037270341,0.04380376578722878,0.0,0.1030489532424543,0.14476215590781677,0.7739560485559633,0.4388784397520523,0.8585979199113825,0.6973680290593639,0.09417734788764953,0.9756223516367559,0.761139701990353,0.7860643052769538,0.12811363267554587,0.45038593789556713,0.37079802423258124,0.9267649888486018,0.6438651200806645,0.82276161327083,0.44341419882733113,0.2272387217847769,0.5545847870158348,0.06381725610417532,0.14,0.14,0.14,1.1573680290593642,0.5541773478876497,1.4356223516367563,1.2211397019903534,1.2460643052769542,0.06,0.21038593789556698,0.1307980242325812,0.6867649888486016,0.5638651200806645,0.7427616132708299,0.36341419882733106,0.14723872178477693,0.02,0.02,100.0,5.0,0.0
206,1,37.10000000000011,83.90000000000047,9.752899213652095e-11,0.21798515545011404,36.75934136684474,0.0,8.281802030688357e-11,19.69567574811395,46.05917635315192,3.7662954952723955e-11,55.95218182619007,0.01753975567168032,0,0,1,0,0.8276311719925821,0.6316643991220648,0.7580877400853738,0.35452596812986836,0.9706980243949033,0.8931211213221977,0.7783834970737619,0.19463870785196757,0.4667210037270342,0.04380376578722878,0.15428949206754783,0.6830489532424546,0.7447621559078171,0.6676311719925819,0.5916643991220648,0.5980877400853737,0.8145259681298688,1.4306980243949037,1.353121121322198,0.6983834970737618,0.25463870785196757,0.3867210037270341,0.04380376578722878,0.0,0.1030489532424543,0.14476215590781677,0.7739560485559633,0.4388784397520523,0.8585979199113825,0.6973680290593639,0.09417734788764953,0.9756223516367559,0.761139701990353,0.7860643052769538,0.12811363267554587,0.45038593789556713,0.37079802423258124,0.9267649888486018,0.6438651200806645,0.82276161327083,0.44341419882733113,0.2272387217847769,0.5545847870158348,0.06381725610417532,0.14,0.14,0.14,1.1573680290593642,0.5541773478876497,1.4356223516367563,1.2211397019903534,1.2460643052769542,0.06,0.21038593789556698,0.1307980242325812,0.6867649888486016,0.5638651200806645,0.7427616132708299,0.36341419882733106,0.14723872178477693,0.02,0.02,100.0,5.0,0.0
207,1,37.00000000000011,83.80000000000048,6.591230212354812e-11,0.2088496966494787,36.61617047460076,0.0,5.597029412649254e-11,19.739818113640517,46.09223890066308,2.545347810253787e-11,55.8536135774964,0.01680468856234068,0,0,1,0,0.8276311719925821,0.6316643991220648,0.7580877400853738,0.35452596812986836,0.9706980243949033,0.8931211213221977,0.7783834970737619,0.19463870785196757,0.4667210037270342,0.04380376578722878,0.15428949206754783,0.6830489532424546,0.7447621559078171,0.6676311719925819,0.5916643991220648,0.5980877400853737,0.8145259681298688,1.4306980243949037,1.353121121322198,0.6983834970737618,0.25463870785196757,0.3867210037270341,0.04380376578722878,0.0,0.1030489532424543,0.14476215590781677,0.7739560485559633,0.4388784397520523,0.8585979199113825,0.6973680290593639,0.09417734788764953,0.9756223516367559,0.761139701990353,0.7860643052769538,0.12811363267554587,0.45038593789556713,0.37079802423258124,0.9267649888486018,0.6438651200806645,0.82276161327083,0.44341419882733113,0.2272387217847769,0.5545847870158348,0.06381725610417532,0.14,0.14,0.14,1.1573680290593642,0.5541773478876497,1.4356223516367563,1.2211397019903534,1.2460643052769542,0.06,0.21038593789556698,0.1307980242325812,0.6867649888486016,0.5638651200806645,0.7427616132708299,0.36341419882733106,0.14723872178477693,0.02,0.02,100.0,5.0,0.0
208,1,36.900000000000105,83.70000000000049,4.45450268279668e-11,0.20009709239380435,36.51070319899043,0.0,3.782599261607449e-11,19.78548997809991,46.12517402542969,1.720203707674078e-11,55.76668411860477,0.01610042711121965,0,0,1,0,0.8276311719925821,0.6316643991220648,0.7580877400853738,0.35452596812986836,0.9706980243949033,0.8931211213221977,0.7783834970737619,0.19463870785196757,0.4667210037270342,0.04380376578722878,0.15428949206754783,0.6830489532424546,0.7447621559078171,0.6676311719925819,0.5916643991220648,0.5980877400853737,0.8145259681298688,1.4306980243949037,1.353121121322198,0.7183834970737618,0.25463870785196757,0.4067210037270341,0.04380376578722878,0.0,0.1030489532424543,0.14476215590781677,0.7739560485559633,0.4388784397520523,0.8585979199113825,0.6973680290593639,0.09417734788764953,0.9756223516367559,0.761139701990353,0.7860643052769538,0.12811363267554587,0.45038593789556713,0.37079802423258124,0.9267649888486018,0.6438651200806645,0.82276161327083,0.44341419882733113,0.2272387217847769,0.5545847870158348,0.06381725610417532,0.14,0.14,0.14,1.1573680290593642,0.5541773478876497,1.4356223516367563,1.2211397019903534,1.2460643052769542,0.08,0.23038593789556697,0.15079802423258118,0.7067649888486016,0.5838651200806645,0.7627616132708299,0.3834141988273311,0.16723872178477692,0.04,0.04,100.0,5.0,0.0
209,1,36.800000000000104,83.60000000000049,3.010453816929231e-11,0.18971032685043016,36.06980445871463,0.0,2.5563662648577643e-11,19.56377352070033,46.158653036429406,1.1625526318937932e-11,55.63761947125733,0.015264676023197398,0,0,1,0,0.8276311719925821,0.6316643991220648,0.7580877400853738,0.35452596812986836,0.9706980243949033,0.8931211213221977,0.7783834970737619,0.19463870785196757,0.4667210037270342,0.04380376578722878,0.15428949206754783,0.6830489532424546,0.7447621559078171,0.6676311719925819,0.5916643991220648,0.5980877400853737,0.8145259681298688,1.4306980243949037,1.353121121322198,0.7183834970737618,0.25463870785196757,0.4067210037270341,0.04380376578722878,0.0,0.1030489532424543,0.14476215590781677,0.7739560485559633,0.4388784397520523,0.8585979199113825,0.6973680290593639,0.09417734788764953,0.9756223516367559,0.761139701990353,0.7860643052769538,0.12811363267554587,0.45038593789556713,0.37079802423258124,0.9267649888486018,0.6438651200806645,0.82276161327083,0.44341419882733113,0.2272387217847769,0.5545847870158348,0.06381725610417532,0.14,0.14,0.14,1.1573680290593642,0.5541773478876497,1.4356223516367563,1.2211397019903534,1.2460643052769542,0.08,0.23038593789556697,0.15079802423258118,0.7067649888486016,0.5838651200806645,0.7627616132708299,0.3834141988273311,0.16723872178477692,0.04,0.04,100.0,5.0,0.0
210,1,36.7000000000001,83.5000000000005,2.034532882618862e-11,0.1798627240563112,35.636563086896096,0.0,1.7276502288867174e-11,19.560127300938003,46.191952601741036,7.856794029066568e-12,55.448750954213295,0.014472307629371312,0,0,1,0,0.8276311719925821,0.6316643991220648,0.7580877400853738,0.35452596812986836,0.9706980243949033,0.8931211213221977,0.7783834970737619,0.19463870785196757,0.4667210037270342,0.04380376578722878,0.15428949206754783,0.6830489532424546,0.7447621559078171,0.6676311719925819,0.5916643991220648,0.5980877400853737,0.8145259681298688,1.4306980243949037,1.353121121322198,0.6983834970737618,0.25463870785196757,0.3867210037270341,0.04380376578722878,0.0,0.1030489532424543,0.14476215590781677,0.7739560485559633,0.4388784397520523,0.8585979199113825,0.6973680290593639,0.09417734788764953,0.9756223516367559,0.761139701990353,0.7860643052769538,0.12811363267554587,0.45038593789556713,0.37079802423258124,0.9267649888486018,0.6438651200806645,0.82276161327083,0.44341419882733113,0.2272387217847769,0.5545847870158348,0.06381725610417532,0.14,0.14,0.14,1.1573680290593642,0.5541773478876497,1.4356223516367563,1.2211397019903534,1.2460643052769542,0.06,0.21038593789556698,0.1307980242325812,0.6867649888486016,0.5638651200806645,0.7427616132708299,0.36341419882733106,0.14723872178477693,0.02,0.02,100.0,5.0,0.0
211,1,36.6000000000001,83.4000000000005,1.3749834085412646e-11,0.17232492405339997,35.64122244554688,0.0,1.1675851596087305e-11,19.862193463797386,46.22448341188218,5.309799377824246e-12,55.33582793651657,0.013865793069212531,0,0,1,0,0.8276311719925821,0.6316643991220648,0.7580877400853738,0.35452596812986836,0.9706980243949033,0.8931211213221977,0.7783834970737619,0.19463870785196757,0.4667210037270342,0.04380376578722878,0.15428949206754783,0.6830489532424546,0.7447621559078171,0.6676311719925819,0.5916643991220648,0.5980877400853737,0.8145259681298688,1.4306980243949037,1.353121121322198,0.6783834970737618,0.25463870785196757,0.3667210037270341,0.04380376578722878,0.0,0.1030489532424543,0.14476215590781677,0.7739560485559633,0.4388784397520523,0.8585979199113825,0.6973680290593639,0.09417734788764953,0.9756223516367559,0.761139701990353,0.7860643052769538,0.12811363267554587,0.45038593789556713,0.37079802423258124,0.9267649888486018,0.6438651200806645,0.82276161327083,0.44341419882733113,0.2272387217847769,0.5545847870158348,0.06381725610417532,0.14,0.14,0.14,1.1573680290593642,0.5541773478876497,1.4356223516367563,1.2211397019903534,1.2460643052769542,0.039999999999999994,0.190385937895567,0.11079802423258119,0.6667649888486016,0.5438651200806645,0.7227616132708299,0.34341419882733104,0.12723872178477694,0.0,0.0,100.0,5.0,0.0
212,1,36.5000000000001,83.30000000000051,9.292449337708367e-12,0.16682627214767579,36.101690791009574,0.0,7.890804991337941e-12,20.23318068570646,46.256335546922145,3.5884826977056898e-12,55.3600059031639,0.01342335463365559,0,0,1,0,0.8276311719925821,0.6316643991220648,0.7580877400853738,0.35452596812986836,0.9706980243949033,0.8931211213221977,0.7783834970737619,0.19463870785196757,0.4667210037270342,0.04380376578722878,0.15428949206754783,0.6830489532424546,0.7447621559078171,0.6676311719925819,0.5916643991220648,0.5980877400853737,0.8145259681298688,1.4306980243949037,1.353121121322198,0.6783834970737618,0.25463870785196757,0.3667210037270341,0.04380376578722878,0.0,0.1030489532424543,0.14476215590781677,0.7739560485559633,0.4388784397520523,0.8585979199113825,0.6973680290593639,0.09417734788764953,0.9756223516367559,0.761139701990353,0.7860643052769538,0.12811363267554587,0.45038593789556713,0.37079802423258124,0.9267649888486018,0.6438651200806645,0.82276161327083,0.44341419882733113,0.2272387217847769,0.5545847870158348,0.06381725610417532,0.14,0.14,0.14,1.1573680290593642,0.5541773478876497,1.4356223516367563,1.2211397019903534,1.2460643052769542,0.039999999999999994,0.190385937895567,0.11079802423258119,0.6667649888486016,0.5438651200806645,0.7227616132708299,0.34341419882733104,0.12723872178477694,0.0,0.0,100.0,5.0,0.0
213,1,36.4000000000001,83.20000000000051,6.28004775602972e-12,0.16150307468039926,36.6033089285846,0.0,5.3327847565473794e-12,20.345897373684483,46.28812928671412,2.42517789382274e-12,55.45856501046012,0.012995033802179123,0,0,1,0,0.8276311719925821,0.6316643991220648,0.7580877400853738,0.35452596812986836,0.9706980243949033,0.8931211213221977,0.7783834970737619,0.19463870785196757,0.4667210037270342,0.04380376578722878,0.15428949206754783,0.6830489532424546,0.7447621559078171,0.6676311719925819,0.5916643991220648,0.5980877400853737,0.8145259681298688,1.4306980243949037,1.353121121322198,0.6583834970737618,0.25463870785196757,0.34672100372703407,0.04380376578722878,0.0,0.1030489532424543,0.14476215590781677,0.7739560485559633,0.4388784397520523,0.8585979199113825,0.6973680290593639,0.09417734788764953,0.9756223516367559,0.761139701990353,0.7860643052769538,0.12811363267554587,0.45038593789556713,0.37079802423258124,0.9267649888486018,0.6438651200806645,0.82276161327083,0.44341419882733113,0.2272387217847769,0.5545847870158348,0.06381725610417532,0.14,0.14,0.14,1.1573680290593642,0.5541773478876497,1.4356223516367563,1.2211397019903534,1.2460643052769542,0.019999999999999993,0.170385937895567,0.09079802423258118,0.6467649888486016,0.5238651200806644,0.7027616132708299,0.323414198827331,0.10723872178477693,0.0,0.0,100.0,5.0,0.0
214,1,36.3000000000001,83.10000000000052,4.244198529872222e-12,0.15634973314115386,37.41948548934636,0.0,3.6040167373141646e-12,20.694320607752314,46.319866494570384,1.6389901560475293e-12,55.583846893827975,0.012580380101209623,0,0,1,0,0.8276311719925821,0.6316643991220648,0.7580877400853738,0.35452596812986836,0.9706980243949033,0.8931211213221977,0.7783834970737619,0.19463870785196757,0.4667210037270342,0.04380376578722878,0.15428949206754783,0.6830489532424546,0.7447621559078171,0.6676311719925819,0.5916643991220648,0.5980877400853737,0.8145259681298688,1.4306980243949037,1.353121121322198,0.6583834970737618,0.25463870785196757,0.34672100372703407,0.04380376578722878,0.0,0.1030489532424543,0.14476215590781677,0.7739560485559633,0.4388784397520523,0.8585979199113825,0.6973680290593639,0.09417734788764953,0.9756223516367559,0.761139701990353,0.7860643052769538,0.12811363267554587,0.45038593789556713,0.37079802423258124,0.9267649888486018,0.6438651200806645,0.82276161327083,0.44341419882733113,0.2272387217847769,0.5545847870158348,0.06381725610417532,0.14,0.14,0.14,1.1573680290593642,0.5541773478876497,1.4356223516367563,1.2211397019903534,1.2460643052769542,0.019999999999999993,0.170385937895567,0.09079802423258118,0.6467649888486016,0.5238651200806644,0.7027616132708299,0.323414198827331,0.10723872178477693,0.0,0.0,100.0,5.0,0.0
215,1,36.200000000000095,83.00000000000053,2.868325506549582e-12,0.15136082766030962,38.214481726582164,0.0,2.4356761496689587e-12,20.806130087097273,46.35154897434745,1.1076666740460753e-12,55.769350784475066,0.012178957431230805,0,0,1,0,0.8276311719925821,0.6316643991220648,0.7580877400853738,0.35452596812986836,0.9706980243949033,0.8931211213221977,0.7783834970737619,0.19463870785196757,0.4667210037270342,0.04380376578722878,0.15428949206754783,0.6830489532424546,0.7447621559078171,0.6676311719925819,0.5916643991220648,0.5980877400853737,0.8145259681298688,1.4306980243949037,1.353121121322198,0.6583834970737618,0.25463870785196757,0.34672100372703407,0.04380376578722878,0.0,0.1030489532424543,0.14476215590781677,0.7739560485559633,0.4388784397520523,0.8585979199113825,0.6973680290593639,0.09417734788764953,0.9756223516367559,0.761139701990353,0.7860643052769538,0.12811363267554587,0.45038593789556713,0.37079802423258124,0.9267649888486018,0.6438651200806645,0.82276161327083,0.44341419882733113,0.2272387217847769,0.5545847870158348,0.06381725610417532,0.14,0.14,0.14,1.1573680290593642,0.5541773478876497,1.4356223516367563,1.2211397019903534,1.2460643052769542,0.019999999999999993,0.170385937895567,0.09079802423258118,0.6467649888486016,0.5238651200806644,0.7027616132708299,0.323414198827331,0.10723872178477693,0.0,0.0,100.0,5.0,0.0
216,1,36.100000000000094,82.90000000000053,1.93847935095784e-12,0.14653111130884067,38.912058407534644,0.0,1.6460851151560736e-12,20.867485229815323,46.38317847234322,7.485862293102853e-13,55.925525526125455,0.011790343608106562,0,0,1,0,0.8276311719925821,0.6316643991220648,0.7580877400853738,0.35452596812986836,0.9706980243949033,0.8931211213221977,0.7783834970737619,0.19463870785196757,0.4667210037270342,0.04380376578722878,0.15428949206754783,0.6830489532424546,0.7447621559078171,0.6676311719925819,0.5916643991220648,0.5980877400853737,0.8145259681298688,1.4306980243949037,1.353121121322198,0.6583834970737618,0.25463870785196757,0.34672100372703407,0.04380376578722878,0.0,0.1030489532424543,0.14476215590781677,0.7739560485559633,0.4388784397520523,0.8585979199113825,0.6973680290593639,0.09417734788764953,0.9756223516367559,0.761139701990353,0.7860643052769538,0.12811363267554587,0.45038593789556713,0.37079802423258124,0.9267649888486018,0.6438651200806645,0.82276161327083,0.44341419882733113,0.2272387217847769,0.5545847870158348,0.06381725610417532,0.14,0.14,0.14,1.1573680290593642,0.5541773478876497,1.4356223516367563,1.2211397019903534,1.2460643052769542,0.019999999999999993,0.170385937895567,0.09079802423258118,0.6467649888486016,0.5238651200806644,0.7027616132708299,0.323414198827331,0.10723872178477693,0.0,0.0,100.0,5.0,0.0
217,1,36.00000000000009,82.80000000000054,1.3100682560293547e-12,0.14185550458002782,39.51155039193227,0.0,1.1124616081274413e-12,20.9180817415001,46.41475667913367,5.05911530827261e-13,56.052169845254696,0.01141412991904636,0,0,1,0,0.8276311719925821,0.6316643991220648,0.7580877400853738,0.35452596812986836,0.9706980243949033,0.8931211213221977,0.7783834970737619,0.19463870785196757,0.4667210037270342,0.04380376578722878,0.15428949206754783,0.6830489532424546,0.7447621559078171,0.6676311719925819,0.5916643991220648,0.5980877400853737,0.8145259681298688,1.4306980243949037,1.353121121322198,0.6583834970737618,0.25463870785196757,0.34672100372703407,0.04380376578722878,0.0,0.1030489532424543,0.14476215590781677,0.7739560485559633,0.4388784397520523,0.8585979199113825,0.6973680290593639,0.09417734788764953,0.9756223516367559,0.761139701990353,0.7860643052769538,0.12811363267554587,0.45038593789556713,0.37079802423258124,0.9267649888486018,0.6438651200806645,0.82276161327083,0.44341419882733113,0.2272387217847769,0.5545847870158348,0.06381725610417532,0.14,0.14,0.14,1.1573680290593642,0.5541773478876497,1.4356223516367563,1.2211397019903534,1.2460643052769542,0.019999999999999993,0.170385937895567,0.09079802423258118,0.6467649888486016,0.5238651200806644,0.7027616132708299,0.323414198827331,0.10723872178477693,0.0,0.0,100.0,5.0,0.0
218,1,35.90000000000009,82.70000000000054,8.853738032379602e-13,0.1373290900472425,40.025798294165284,0.0,7.518267543778576e-13,20.96638413637652,46.44628523135078,3.4190647249789864e-13,56.15315221321012,0.011049920692743683,0,0,1,0,0.8276311719925821,0.6316643991220648,0.7580877400853738,0.35452596812986836,0.9706980243949033,0.8931211213221977,0.7783834970737619,0.19463870785196757,0.4667210037270342,0.04380376578722878,0.15428949206754783,0.6830489532424546,0.7447621559078171,0.6676311719925819,0.5916643991220648,0.5980877400853737,0.8145259681298688,1.4306980243949037,1.353121121322198,0.6583834970737618,0.25463870785196757,0.34672100372703407,0.04380376578722878,0.0,0.1030489532424543,0.14476215590781677,0.7739560485559633,0.4388784397520523,0.8585979199113825,0.6973680290593639,0.09417734788764953,0.9756223516367559,0.761139701990353,0.7860643052769538,0.12811363267554587,0.45038593789556713,0.37079802423258124,0.9267649888486018,0.6438651200806645,0.82276161327083,0.44341419882733113,0.2272387217847769,0.5545847870158348,0.06381725610417532,0.14,0.14,0.14,1.1573680290593642,0.5541773478876497,1.4356223516367563,1.2211397019903534,1.2460643052769542,0.019999999999999993,0.170385937895567,0.09079802423258118,0.6467649888486016,0.5238651200806644,0.7027616132708299,0.323414198827331,0.10723872178477693,0.0,0.0,100.0,5.0,0.0
