tick,plasticity_this_tick,m0_energy,m0_fatigue,m0_bonding,m0_fear_threat,m0_stress,m0_closeness_child,m0_OT,m0_CORT,m0_mot_Forage,m0_mot_Care,m0_mot_Self,m0_mot_Protect,m0_sel_Forage,m0_sel_Care,m0_sel_Self,m0_sel_Protect,c0_hunger,c0_warmth,c0_injury
1,0,99.5,0.5,99.75,27.928932188134524,0.16666666666666666,25.857864376269045,0.0,18.785954792089683,9.85584852604722,21.97902189397715,1.4132245959041199,21.540152810580885,0,1,0,0,0.5,49.5,0.0
2,0,99.0,1.0,99.25,39.82233047033631,15.988295660074735,35.857864376269056,0.0,26.964886980224207,8.432155024908134,16.299970930338326,8.532667909126337,24.928079573643835,0,0,0,1,1.0,49.0,0.0
3,0,98.5,1.5,98.5,43.69796179957173,30.756553646890875,45.857864376269056,0.0,29.840307866381153,8.085545003450218,10.60280321181172,14.848054472481666,24.486470117779316,0,0,0,1,1.5,48.5,0.0
4,0,98.0,2.0,97.5,43.56470965232396,40.55770004542973,55.85786437626905,0.0,30.06397310154931,8.277476721832889,11.885377238171953,19.00227963945597,24.784654428896012,0,0,0,1,2.0,48.0,0.0
5,0,97.5,2.5,96.25,38.498083578700076,45.655077607339294,65.85786437626905,0.0,27.009139052466722,9.132143536703193,18.098067708618963,21.05507579581798,24.60334937401274,0,0,0,1,2.5,47.5,0.0
6,0,97.0,3.0,94.75,30.964770541888136,45.663279680725246,75.85786437626905,0.0,22.315055361258757,10.318177899817318,24.292641424178175,20.97274369495831,23.239110598535344,0,1,0,0,3.0,47.0,0.0
7,0,96.5,3.5,100.0,22.198114023482173,41.75824847474492,85.85786437626905,42.928932188134524,16.801346848988114,11.669896037053348,30.97636752170779,19.280640589530044,21.472745635864662,0,1,0,0,3.5,46.5,0.0
8,0,96.2,3.6,100.0,14.885853576144656,35.21227786152922,100.0,71.46446609406726,12.258537800763106,12.82623483859025,39.753758366081044,16.612449863877504,21.19495583683546,0,1,0,0,4.0,50.0,0.0
9,0,95.9,3.7,100.0,18.30079116434138,27.265380500844973,100.0,85.73223304703363,13.978956262338698,12.541513073622715,37.44215959750146,13.684467353612241,22.823104299696073,0,1,0,0,4.5,50.0,0.0
10,0,95.60000000000001,3.8000000000000003,100.0,25.008259958439744,25.05927272598251,100.0,92.86611652351681,18.228054382015387,11.814482248163056,37.44215959750146,13.189594508418587,26.021041223797685,0,1,0,0,5.0,50.0,0.0
11,0,95.30000000000001,3.9000000000000004,100.0,33.36199435548892,27.663963365365184,100.0,96.4330582617584,23.741492330742616,10.86629689245733,37.44215959750146,14.679992835116234,30.003872378519777,0,1,0,0,5.5,50.0,0.0
12,0,95.00000000000001,4.0,100.0,42.53886155401351,33.64425502253755,100.0,98.2165291308792,29.887100193995117,9.807534271628574,37.44215959750146,17.547384917437284,34.37915064855213,0,1,0,0,6.0,50.0,0.0
13,0,94.50000000000001,4.5,100.0,50.05622734141033,41.797448093938314,100.0,99.1082645654396,34.968081139933275,8.971704240998392,37.44215959750146,21.19555164237001,37.963224218099896,0,0,0,1,6.5,49.5,0.0
14,0,94.00000000000001,5.0,100.0,50.885978046974216,50.24016020741703,85.85786437626905,92.48306447085432,35.722616820812675,9.034268958602182,29.32522554415095,24.858067260849595,35.150331391470615,0,0,0,1,7.0,49.0,0.0
15,0,93.70000000000002,5.1,100.0,48.37192121162163,55.156278392970805,100.0,96.24153223542716,34.31392986916269,9.546031050322958,38.1026163885242,26.962182461857758,37.16019330893173,0,1,0,0,7.5,50.0,0.0
16,0,93.40000000000002,5.199999999999999,100.0,44.18596060581082,56.14008955674684,100.0,98.12076611771357,31.49029826791468,10.282391829102231,37.44215959750146,27.205575572207696,35.16444224469491,0,1,0,0,8.0,50.0,0.0
17,0,93.10000000000002,5.299999999999999,100.0,40.021912491039934,54.35101995850414,100.0,99.06038305885679,28.753326148269245,11.015808947603492,37.44215959750146,26.351512592138235,33.17913845443679,0,1,0,0,8.5,50.0,0.0
18,0,92.80000000000003,5.399999999999999,100.0,35.86882062178901,51.21170063679958,100.0,99.5301915294284,26.059683769425103,11.747754235965752,37.44215959750146,24.963058970419294,31.199058301168034,0,1,0,0,9.0,50.0,0.0
19,0,92.50000000000003,5.499999999999998,100.0,31.72120687529808,47.41535178213783,100.0,99.7650957647142,23.387706260981595,12.478963609258509,37.44215959750146,23.31457872965573,29.221589966393967,0,1,0,0,9.5,50.0,0.0
20,0,92.20000000000003,5.599999999999998,100.0,27.576332190187138,43.29953582538437,100.0,99.8825478823571,20.726561187738415,13.209805025016516,37.44215959750146,21.5396695302599,27.245427540867226,0,1,0,0,10.0,50.0,0.0
21,0,91.90000000000003,5.6999999999999975,100.0,18.43282703576619,39.028510149778484,100.0,99.94127394117855,14.737498998762065,14.612147911334576,37.44215959750146,19.462154905256067,22.886055377292866,0,1,0,0,10.5,50.0,0.0
22,0,91.60000000000004,5.799999999999997,100.0,11.79000664669024,31.904363753065326,100.0,99.97063697058928,10.417811585252462,15.678556083605237,37.44215959750146,16.374963684881298,19.718941037365987,0,1,0,0,11.0,50.0,0.0
23,0,91.30000000000004,5.899999999999997,100.0,5.89500332334512,24.743676842735788,100.0,99.98531848529464,6.59779468151512,16.64450468751387,37.44215959750146,13.30936863175713,16.908365338226837,0,1,0,0,11.5,50.0,0.0
24,0,91.00000000000004,5.9999999999999964,100.0,5.521094790479703,17.980548867432418,100.0,99.99265924264732,6.459070537740099,16.868765484397958,37.44215959750146,10.667590739380026,16.73009601783297,0,1,0,0,12.0,50.0,0.0
25,0,90.70000000000005,6.099999999999996,100.0,12.405208335912473,14.483662876456144,100.0,99.99632962132367,11.159309229318465,16.11800471710402,37.44215959750146,9.66987992424405,20.012252308447035,0,1,0,0,12.5,50.0,0.0
26,0,90.40000000000005,6.199999999999996,100.0,22.918332920494336,16.65222618219394,100.0,99.99816481066183,18.279029338573523,14.879733167721069,37.44215959750146,11.091662382019514,25.024621404565064,0,1,0,0,13.0,50.0,0.0
27,0,90.10000000000005,6.299999999999995,100.0,35.24596302465074,23.669678288564036,100.0,99.99908240533091,26.608490156666925,13.39770622729361,37.44215959750146,14.521921343396142,30.902096903435073,0,1,0,0,13.5,50.0,0.0
28,0,89.80000000000005,6.399999999999995,100.0,36.40977807672894,34.1196568713879,100.0,99.99954120266545,27.49544278793584,13.415393712758853,37.44215959750146,18.773515926633355,31.456971960198775,0,1,0,0,14.0,50.0,0.0
29,0,89.50000000000006,6.499999999999995,100.0,29.92061779090257,40.083790946137775,100.0,99.99977060133273,23.28042945121554,14.461159633930533,37.44215959750146,20.878830688022877,28.36311853776964,0,1,0,0,14.5,50.0,0.0
30,0,89.20000000000006,6.599999999999994,100.0,21.676037647989382,39.55335566488603,100.0,99.99988530066636,17.895145005077616,15.742743550195346,37.44215959750146,20.326561106685194,24.43232913388377,0,1,0,0,15.0,50.0,0.0
31,0,88.90000000000006,6.699999999999994,100.0,10.838018823994691,34.800405383465346,100.0,99.99994265033318,10.78090583587214,17.37272247162123,37.44215959750146,17.976388110217336,19.265059386485728,0,1,0,0,15.5,50.0,0.0
32,0,88.60000000000007,6.799999999999994,100.0,5.4190094119973455,26.495399800577175,100.0,99.9999713251666,7.279341806824959,18.274727438685712,37.44215959750146,14.480416548853459,16.68142451278671,0,1,0,0,16.0,50.0,0.0
33,0,88.30000000000007,6.899999999999993,100.0,3.212030022940337,19.424928084340465,100.0,99.9999856625833,5.919132225818034,18.745237639907817,37.44215959750146,11.628459252975095,15.62919734697321,0,1,0,0,16.5,50.0,0.0
34,0,88.00000000000007,6.999999999999993,100.0,1.6060150114701686,14.756184791756358,100.0,99.99999283129165,4.959566112909017,19.135016035532082,37.44215959750146,9.756966659230335,14.86349349303045,0,1,0,0,17.0,50.0,0.0
35,0,87.70000000000007,7.0999999999999925,100.0,0.8030075057350843,11.622174992893465,100.0,99.99999641564582,4.535338612010065,19.416920739695755,37.44215959750146,8.532213235584535,14.480641566059072,0,1,0,0,17.5,50.0,0.0
36,0,87.40000000000008,7.199999999999992,100.0,0.40150375286754214,9.701647313472893,100.0,99.99999820782291,4.378780417116143,19.64488859812913,37.44215959750146,7.807563851805109,14.28921560257338,0,1,0,0,18.0,50.0,0.0
37,0,87.10000000000008,7.299999999999992,100.0,0.20075187643377107,8.610918380064343,100.0,99.99999910391145,4.356056875224738,19.845888033697353,37.44215959750146,7.421333715367319,14.193502620830536,0,1,0,0,18.5,50.0,0.0
38,0,86.80000000000008,7.3999999999999915,100.0,0.10037593821688554,8.046617662807229,100.0,99.99999955195572,4.400250659834591,20.033403257833005,37.44215959750146,7.248496816304566,14.145646129959111,0,1,0,0,19.0,50.0,0.0
39,0,86.50000000000009,7.499999999999991,100.0,0.9080523453774936,7.80129547519855,100.0,99.99999977597787,5.04981269187444,20.098933372445114,37.44215959750146,7.2458288244405376,14.530724060915306,0,1,0,0,19.5,50.0,0.0
40,0,86.20000000000009,7.599999999999991,100.0,3.3829583608232676,8.219936083349921,100.0,99.99999988798893,6.810861138026901,19.940492713342625,37.44215959750146,7.586619929062653,15.710691284533098,0,1,0,0,20.0,50.0,0.0
41,0,85.90000000000009,7.69999999999999,100.0,11.691479180411633,9.896796763513905,100.0,99.99999994399447,12.460986124569006,18.99838121805539,37.44215959750146,8.70726530031004,19.67196584715299,0,1,0,0,20.5,50.0,0.0
42,0,85.6000000000001,7.79999999999999,100.0,20.845739590205817,15.443664594528276,100.0,99.99999997199723,18.674937506728945,17.942655527435882,37.44215959750146,11.40186037518016,24.036465821134232,0,1,0,0,21.0,50.0,0.0
43,0,85.3000000000001,7.89999999999999,100.0,30.42286979510291,23.395391329575723,100.0,99.99999998599861,25.170802086697808,16.83012273915023,37.44215959750146,15.069569651563425,28.602578500796152,0,1,0,0,21.5,50.0,0.0
44,0,85.0000000000001,7.999999999999989,100.0,38.14036708568598,32.78447518094366,100.0,99.9999999929993,30.426911390994142,15.967407624791601,37.44215959750146,19.217004383515242,32.28206927515872,0,1,0,0,22.0,50.0,0.0
45,0,84.7000000000001,8.099999999999989,100.0,44.92804791911204,41.85910819380964,100.0,99.99999999649965,35.06314305745421,15.22960134739648,37.44215959750146,23.195014085204054,35.51824909687159,0,1,0,0,22.5,50.0,0.0
46,0,84.2000000000001,8.599999999999989,100.0,51.25082052395959,50.259951089093576,100.0,99.99999999824982,39.389435904996155,14.554249488483118,37.44215959750146,26.88366739273773,38.53277344225964,0,0,0,1,23.0,49.5,0.0
47,0,83.7000000000001,9.099999999999989,100.0,51.483274638248844,58.17672768753204,85.85786437626905,92.92893218725943,39.76662753667745,14.697053291945315,29.32522554415095,30.309015188976325,35.43510600355049,0,0,0,1,23.5,49.0,0.0
48,0,83.4000000000001,9.199999999999989,100.0,48.670569507258946,62.50499790207479,100.0,96.46446609362971,38.16926856042841,15.248934926595297,38.1026163885242,32.16584092209326,37.302580614971674,0,1,0,0,24.0,50.0,0.0
49,0,83.10000000000011,9.299999999999988,100.0,44.33528475362947,63.03244497359985,100.0,98.23223304681486,35.251300946880875,16.005355476839174,37.44215959750146,32.22123652011222,35.235635897714864,0,1,0,0,24.5,50.0,0.0
50,0,82.80000000000011,9.399999999999988,100.0,45.096574564949265,60.933973275858925,100.0,99.11611652340743,35.800494154419006,16.077117031745303,37.44215959750146,31.482181516421488,35.59859797361808,0,1,0,0,25.0,50.0,0.0
51,0,82.50000000000011,9.499999999999988,100.0,43.40615165874368,60.377120655496654,100.0,99.5580582617037,34.74993443916665,16.478234538309994,37.44215959750146,31.235596780321924,34.792650753429974,0,1,0,0,25.5,50.0,0.0
52,0,82.20000000000012,9.599999999999987,100.0,40.489872393775414,59.240589027051776,100.0,99.77902913085185,32.89949826251904,17.04403002070397,37.44215959750146,30.700233431083056,33.40224888519623,0,1,0,0,26.0,50.0,0.0
53,0,81.90000000000012,9.699999999999987,100.0,41.960664949425805,57.13897362117959,100.0,99.88951456542593,33.98245718850714,17.020479041685157,37.44215959750146,29.994157023543988,34.10348238561096,0,1,0,0,26.5,50.0,0.0
54,0,81.60000000000012,9.799999999999986,100.0,37.696061227251,56.99497196767855,100.0,99.94475728271297,31.24615887372341,17.767404507854717,37.44215959750146,29.786958818712545,32.070236443147024,0,1,0,0,27.0,50.0,0.0
55,0,81.30000000000013,9.899999999999986,100.0,32.63482717802907,54.644892684164084,100.0,99.97237864135649,27.980943813130754,18.621346973858376,37.44215959750146,28.667367274340155,29.657179037383454,0,1,0,0,27.5,50.0,0.0
56,0,81.00000000000013,9.999999999999986,100.0,28.033142341552633,50.74992556135753,100.0,99.98618932067825,25.023179963813,19.413554935971842,37.44215959750146,26.95791525686227,27.463222076361973,0,1,0,0,28.0,50.0,0.0
57,0,80.70000000000013,10.099999999999985,100.0,23.66123211144894,46.33818132691176,100.0,99.99309466033912,22.219141720132694,20.17489564614019,37.44215959750146,25.054818761415493,25.37881533771154,0,1,0,0,28.5,50.0,0.0
58,0,80.40000000000013,10.199999999999985,100.0,21.475276996397092,41.795881940649764,100.0,99.99654733016956,20.872678153848092,20.642581507575912,37.44215959750146,23.205444226315105,24.33661196838632,0,1,0,0,29.0,50.0,0.0
59,0,80.10000000000014,10.299999999999985,100.0,15.382299438871168,38.4028149092955,100.0,99.99827366508478,16.921668592928015,21.635125393972743,37.44215959750146,21.622891584769683,21.43164759105241,0,1,0,0,29.5,50.0,0.0
60,0,79.80000000000014,10.399999999999984,100.0,9.406878471973686,33.41384124302526,100.0,99.99913683254239,13.049097909267186,22.611877070090035,37.44215959750146,19.41377013557364,18.58273096785386,0,1,0,0,30.0,50.0,0.0
61,0,79.50000000000014,10.499999999999984,100.0,11.419167988524947,27.692246081926257,100.0,99.99956841627119,14.56836812299228,22.61910314211839,37.44215959750146,17.299711264226424,19.54213534892588,0,1,0,0,30.5,50.0,0.0
62,0,79.20000000000014,10.599999999999984,100.0,17.42531274680057,26.06419063369109,100.0,99.9997842081356,18.816892118743713,22.14156641210238,37.44215959750146,17.00001192423941,22.40570023213319,0,1,0,0,31.0,50.0,0.0
63,0,78.90000000000015,10.699999999999983,100.0,25.428385125938384,28.723941383138087,100.0,99.9998921040678,24.430043005508324,21.395768236827735,37.44215959750146,18.495308283518504,26.221345366408137,0,1,0,0,31.5,50.0,0.0
64,0,78.60000000000015,10.799999999999983,100.0,29.42992131550729,34.64811340205128,100.0,99.99994605203389,27.392174004446176,21.187524788251203,37.44215959750146,21.09082733748675,28.129167933545617,0,1,0,0,32.0,50.0,0.0
65,0,78.30000000000015,10.899999999999983,100.0,33.50175722215722,39.986977363232356,100.0,99.99997302601695,30.409506934047634,20.969837480263642,37.44215959750146,23.45785995020864,30.07050747525405,0,1,0,0,32.5,50.0,0.0
66,0,78.00000000000016,10.999999999999982,100.0,32.608742987347654,45.0750211781289,100.0,99.99998651300848,30.121107495647575,21.419113691897998,37.44215959750146,25.486039261728223,29.644742811576666,0,1,0,0,33.0,50.0,0.0
67,0,77.70000000000016,11.099999999999982,100.0,30.0911680580774,47.28079408339619,100.0,99.99999325650424,28.75175145742611,22.086628659536053,37.44215959750146,26.294005832858304,28.44443222159828,0,1,0,0,33.5,50.0,0.0
68,0,77.40000000000016,11.199999999999982,100.0,26.761312781576798,47.143592435754826,100.0,99.99999662825212,26.841917119293953,22.863263005175966,37.44215959750146,26.134590649150812,26.856848668469386,0,1,0,0,34.0,50.0,0.0
69,0,77.10000000000016,11.299999999999981,100.0,23.02531733146102,45.38398396261211,100.0,99.99999831412606,24.66184363120645,23.694457039816793,37.44215959750146,25.312846895703125,25.07562863376524,0,1,0,0,34.5,50.0,0.0
70,0,76.80000000000017,11.39999999999998,100.0,14.086251794537654,42.587712302195214,100.0,99.99999915706303,19.013317234807932,25.224616368285528,37.44215959750146,23.829436889487717,20.813727665602176,0,1,0,0,35.0,50.0,0.0
71,0,76.50000000000017,11.49999999999998,100.0,7.5456512142104915,36.382601383101694,100.0,99.99999957853151,14.963897717587242,26.43257289434077,37.44215959750146,21.111264363518668,17.695348923380944,0,1,0,0,35.5,50.0,0.0
72,0,76.20000000000017,11.59999999999998,100.0,3.7728256071052457,29.80559477992787,100.0,99.99999978926576,12.75972663657134,27.268714585090866,37.44215959750146,18.379268607246328,15.896569281234315,0,1,0,0,36.0,50.0,0.0
73,0,75.90000000000018,11.69999999999998,100.0,1.8864128035526229,24.580314804522793,100.0,99.99999989463288,11.813196651618947,27.851441069526707,37.44215959750146,16.27377126569994,14.997179460161004,0,1,0,0,36.5,50.0,0.0
74,0,75.60000000000018,11.79999999999998,100.0,0.9432064017763114,21.07891610954081,100.0,99.99999994731644,11.495487214698304,28.307459950805416,37.44215959750146,14.896709191756138,14.547484549624345,0,1,0,0,37.0,50.0,0.0
75,0,75.30000000000018,11.899999999999979,100.0,0.4716032008881557,18.963467038039724,100.0,99.99999997365822,11.492188051793535,28.700125030505554,37.44215959750146,14.091457781733434,14.322637094356018,0,1,0,0,37.5,50.0,0.0
76,0,75.00000000000018,11.999999999999979,100.0,1.9515303529821795,17.80299726991376,100.0,99.99999998682911,12.78991319425544,28.830627201801914,37.44215959750146,13.758669182049358,15.028225719505661,0,1,0,0,38.0,50.0,0.0
77,0,74.70000000000019,12.099999999999978,100.0,4.762561740894661,18.204202039591642,100.0,99.99999999341455,14.975043195618927,28.782312703750797,37.44215959750146,14.108766403947092,16.36844829022018,0,1,0,0,38.5,50.0,0.0
78,0,74.40000000000019,12.199999999999978,100.0,13.239145246716381,20.125747109744797,100.0,99.99999999670727,20.937208959766544,27.972904421698505,37.44215959750146,15.334453481529428,20.409850526388436,0,1,0,0,39.0,50.0,0.0
79,0,74.1000000000002,12.299999999999978,100.0,22.47743699962724,25.95499162370004,100.0,99.99999999835364,27.407180730729248,27.06117047040572,37.44215959750146,18.144969170519907,24.814414337143855,0,1,0,0,39.5,50.0,0.0
80,0,73.8000000000002,12.399999999999977,100.0,32.09658287608267,34.1612572775244,100.0,99.99999999917682,34.131055505099475,26.09827368449269,37.44215959750146,21.91554407154411,29.40055893519287,0,1,0,0,40.0,50.0,0.0
81,0,73.5000000000002,12.499999999999977,100.0,39.835088002444905,43.76761921026736,100.0,99.99999999958841,39.601169906596496,25.38801670402962,37.44215959750146,26.150069711711094,33.090065668748984,0,1,0,0,40.5,50.0,0.0
82,0,73.2000000000002,12.599999999999977,100.0,43.704340565626026,53.02922890814749,100.0,99.9999999997942,42.49178266290057,25.19754385285887,37.44215959750146,30.06137755086115,34.93481903552703,0,1,0,0,41.0,50.0,0.0
83,0,72.9000000000002,12.699999999999976,100.0,42.71003465908206,59.96887775247149,100.0,99.9999999998971,42.14002313785181,25.660427292901637,37.44215959750146,32.818208506805966,34.46076128438446,0,1,0,0,41.5,50.0,0.0
84,0,72.60000000000021,12.799999999999976,100.0,39.28394951767555,63.045569252991484,100.0,99.99999999994856,40.167077472126635,26.44998887855116,37.44215959750146,33.927377434095135,32.827297974281564,0,1,0,0,42.0,50.0,0.0
85,0,72.30000000000021,12.899999999999975,100.0,39.641974758837776,62.839793623096476,100.0,99.99999999997428,40.71687206939659,26.731204087676616,37.44215959750146,33.91868667526689,32.997994577369816,0,1,0,0,42.5,50.0,0.0
86,0,72.00000000000021,12.999999999999975,100.0,44.82098737941889,63.09506797651524,100.0,99.99999999998714,44.48065825692046,26.364781881972707,37.44215959750146,34.32519507034102,35.46720557158525,0,1,0,0,43.0,50.0,0.0
87,0,71.50000000000021,13.499999999999975,100.0,52.41049368970944,66.25919364481518,100.0,99.99999999999358,49.85144023957126,25.67454096885411,37.44215959750146,36.00035713655152,39.085673761364255,0,0,0,1,43.5,49.5,0.0
88,0,71.00000000000021,13.999999999999975,100.0,61.20524684485472,72.32801924327893,90.0,94.99999999999679,56.20349789756333,24.92591087897385,31.799342143638228,39.1066313141131,41.01002185195484,0,0,0,1,44.0,49.0,0.0
89,0,70.80000000000021,9.999999999999975,100.0,58.53155561056188,80.57803564688992,80.0,47.499999999998394,54.99881485198239,25.717918233654864,26.156524689774997,42.523813787509056,37.466530597954026,0,0,1,0,44.5,48.5,0.0
90,0,70.60000000000021,5.999999999999975,100.0,50.12364218154999,83.5769190887375,80.0,23.749999999999197,49.91576145461494,27.124964045198013,26.486753085286363,41.08389037603079,33.457868368627736,0,0,1,0,45.0,48.0,0.0
91,0,70.4000000000002,1.9999999999999751,97.52083333333313,38.84861765517857,80.7460385342015,80.0,11.874999999999599,42.89352288135423,28.917169217881487,26.637323661493774,37.196129749969465,28.013968908913146,0,0,1,0,45.5,47.5,0.0
92,0,70.2000000000002,0.0,91.82291666666636,33.21110539199286,73.3981772237228,80.0,5.937499999999799,39.61573692805721,29.952047399047597,26.55464101852086,31.79084252698093,25.169234621346124,0,0,1,0,46.0,47.0,0.0
93,0,69.7000000000002,0.5,84.39062499999963,35.3923492604,66.9191471629892,80.0,2.9687499999998996,41.54351061807536,29.936576635127594,26.34627338851389,28.218105124105318,26.004503054831407,1,0,0,0,46.5,46.5,0.0
94,0,69.2000000000002,1.0,75.96614583333293,43.554039006469054,65.21597131876416,65.85786437626905,1.4843749999999498,47.5547760043281,29.272990441322953,17.618842438684105,28.214862173032763,26.45526337241817,1,0,0,0,47.0,46.0,0.0
95,0,68.7000000000002,1.5,66.92057291666625,40.5638160676381,69.2553684407589,55.85786437626905,0.7421874999999749,46.179696822877474,30.10751974404178,11.320519275417247,29.948684182694738,22.51173924107802,1,0,0,0,47.5,45.5,0.0
96,0,68.2000000000002,2.0,57.43945312499958,31.99763678635715,69.98663296166242,51.715728752538105,0.37109374999998745,41.11144535757518,31.69110679502235,8.489562578131638,30.10298077099511,17.226759304699808,1,0,0,0,48.0,45.0,0.0
97,0,67.9000000000002,2.1,47.61555989583292,20.643479333851197,65.97412163991976,37.57359312880715,0.18554687499999373,34.19660775034705,33.649222720133785,14.505419858998179,28.24348569775024,13.972837982013228,1,0,0,0,48.5,44.5,0.0
98,0,67.4000000000002,2.6,37.49527994791625,14.96640060759822,58.04486762580373,37.57359312880715,0.09277343749999686,31.00585561339965,34.74117623327746,14.10226172966055,24.883924655067094,10.987445565535177,1,0,0,0,49.0,44.0,0.0
99,0,66.9000000000002,3.1,27.101806640624588,14.198929056337212,51.2909636643456,51.715728752538105,0.04638671874999843,31.124524752836273,35.27710758309566,7.281768943746033,22.449056930264355,7.90531145134003,1,0,0,0,49.5,43.5,0.0
100,0,66.4000000000002,3.6,16.446736653645424,15.886261092572177,47.86441087967507,61.7157287525381,0.023193359374999216,32.8979045304649,35.48326776277832,12.812902023566483,21.450774444629495,10.68508818136855,1,0,0,0,50.0,43.0,0.0
101,0,65.9000000000002,4.1,5.5358683268225075,18.800994922555137,47.47137175862767,75.85786437626905,0.011596679687499608,35.498639627189526,35.52454235739318,20.799614759579605,21.71346389494474,14.982758055964094,1,0,0,0,50.5,42.5,0.0
102,0,65.4000000000002,4.6,15.83656692414498,18.18729402568114,49.2800085070065,85.85786437626905,42.934730527978274,35.75162863430819,36.03981660499432,27.84934993110847,22.67817633134029,17.24259701201001,1,0,0,0,51.0,42.0,0.0
103,0,65.10000000000021,4.699999999999999,40.15358288947289,15.809375765378672,50.23075625127747,100.0,71.46736526398914,34.83074459662387,36.792090679088616,38.38892244686727,23.217924898922092,19.987067906508415,0,1,0,0,51.5,46.5,0.0
104,0,64.80000000000021,4.799999999999999,73.02042420547016,7.904687882689336,48.66208491297292,100.0,85.73368263199457,29.0487056316452,38.18329472366566,37.79862891949655,22.270739744334094,17.123497777639887,1,0,0,0,42.0,46.0,0.0
105,0,64.50000000000021,4.899999999999999,100.0,3.952343941344668,42.3710625168202,100.0,92.86684131599728,25.31324170471142,35.56293213095342,40.083986761592406,19.643381023368924,15.982158693163088,0,1,0,0,42.5,50.0,0.0
106,0,64.20000000000022,4.999999999999998,100.0,1.976171970672334,35.82961536265102,100.0,96.43342065799864,22.712176407911194,36.15771660068887,37.44215959750146,17.01213711565841,15.03997416612539,0,1,0,0,43.0,50.0,0.0
107,0,63.90000000000021,5.099999999999998,100.0,0.988085985336167,31.088701585297795,100.0,98.21671032899931,21.567199315066635,36.619764474617384,37.44215959750146,15.14186004829842,14.56888190260654,0,1,0,0,43.5,50.0,0.0
108,0,63.60000000000021,5.1999999999999975,100.0,0.4940429926680835,28.062779226116497,100.0,99.10835516449966,21.15026632419991,37.015444050642444,37.44215959750146,13.97483028640056,14.333335770847112,0,1,0,0,44.0,50.0,0.0
109,0,63.3000000000002,5.299999999999997,100.0,0.24702149633404175,26.301714940903135,100.0,99.55417758224982,21.09735538432211,37.37793947771577,37.44215959750146,13.320806119877203,14.215562704967404,0,1,0,0,44.5,50.0,0.0
110,0,62.8000000000002,5.799999999999997,100.0,0.12351074816702087,25.376760875114726,100.0,99.77708879112491,21.226455469938763,37.72384283031321,37.44215959750146,13.003975722362805,14.156676172027545,1,0,0,0,45.0,49.5,0.0
111,0,62.3000000000002,6.299999999999997,100.0,2.6353485028906536,25.082813621370406,90.0,94.88854439556246,23.34006759861852,37.81924131119665,31.799342143638228,13.286487368681332,13.085502737763111,1,0,0,0,45.5,49.0,0.0
112,0,61.8000000000002,6.799999999999997,100.0,5.9623351921179495,26.644323288966042,80.0,47.44427219778123,26.110918870868723,37.8051350564119,26.156524689774997,14.343382638176372,12.402969930285481,1,0,0,0,46.0,48.5,0.0
113,0,61.3000000000002,7.299999999999997,100.0,14.696896348597072,29.624357443256354,70.0,23.722136098890616,32.54372304823747,37.064590984465625,20.513707235911763,16.2230881225781,14.298620128872555,1,0,0,0,46.5,48.0,0.0
114,0,60.8000000000002,7.799999999999997,97.26386735805598,11.993109114971158,36.33682963168413,60.0,11.861068049445308,31.379413262344862,37.86064134811364,14.672610404390179,19.029700563698654,10.665425573069715,1,0,0,0,47.0,47.5,0.0
115,0,60.3000000000002,8.299999999999997,91.31246770375063,17.71228331002368,38.57036671939184,50.0,5.930534024722654,35.84463691064221,37.52517558538376,8.598512755421572,20.468219358140658,10.959517782091673,1,0,0,0,47.5,47.0,0.0
116,0,60.0000000000002,8.399999999999997,83.62843454326462,22.642938219415413,43.248601211029,40.0,2.965267012361327,39.7912939427012,37.29563720879236,14.344948019034758,22.837201578209847,15.367445517102366,1,0,0,0,48.0,46.5,0.0
117,0,59.5000000000002,8.899999999999997,74.95308462968828,32.179333485976755,48.71348910399781,40.0,1.4826335061806635,46.74533433330768,36.343856898997096,14.04649966274574,25.517752121145595,19.675213756145496,1,0,0,0,48.5,46.0,0.0
118,0,59.0000000000002,9.399999999999997,65.65707633956677,31.947531119257427,57.10941160287149,50.0,0.7413167530903317,47.22235452861092,36.807828009433365,7.730028194374427,29.11052568346858,17.03993169754465,1,0,0,0,49.0,45.5,0.0
119,0,58.5000000000002,9.899999999999997,55.9257388611727,28.902697747763238,61.55577879516963,60.0,0.37065837654516587,45.84157650083953,37.64969351875247,13.328101415954569,31.002940000206657,17.588981932994255,1,0,0,0,49.5,45.0,0.0
120,0,58.0000000000002,10.399999999999997,45.85173678864233,25.30921325015067,62.47042525823018,70.0,0.18532918827258293,44.103808945710185,38.56526322370573,18.90134275569195,31.469751759877692,17.86701323719798,1,0,0,0,50.0,44.5,0.0
121,0,57.5000000000002,10.899999999999997,35.48140241904381,21.44140318947891,61.31733113884649,80.0,0.09266459413629147,42.187546626901856,39.51768502647609,24.453109777064043,31.104168434129264,18.00609251808597,1,0,0,0,50.5,44.0,0.0
122,0,57.0000000000002,11.399999999999997,47.33790190091122,12.436430347277556,58.97942661932794,90.0,45.04633229706815,36.8487035929207,41.160218327482404,31.615589201710943,30.021407540491225,16.308050921655237,1,0,0,0,51.0,43.5,0.0
123,0,56.700000000000195,11.499999999999996,72.68281830851159,6.218215173638778,53.19586906750783,100.0,72.52316614853407,33.36879624090473,42.42838671313371,39.75553399942928,27.708029797618178,16.310136080755438,1,0,0,0,41.5,43.0,0.0
124,0,56.40000000000019,11.599999999999996,100.0,3.109107586819389,46.12693833860175,100.0,86.26158307426704,30.784398120452302,39.694746202485774,42.06535713466063,24.813167365089367,15.580126755831694,0,1,0,0,42.0,47.5,0.0
125,0,55.90000000000019,12.099999999999996,100.0,1.5545537934096945,39.75019329394699,100.0,93.13079153713352,28.647754615781647,40.23289171325337,39.093301575058305,22.267509795457716,14.838958197459691,1,0,0,0,42.5,47.0,0.0
126,0,55.40000000000019,12.599999999999996,100.0,3.3508700255119908,35.498088338926166,85.85786437626905,89.49432795670128,29.62849494931774,40.42441127322187,30.97636752170779,20.947431021681936,12.486897270577833,1,0,0,0,43.0,46.5,0.0
127,0,54.90000000000019,13.099999999999996,100.0,9.249028141563139,34.464388049961876,71.7157287525381,44.74716397835064,33.78553178275246,40.06490133141232,22.859433468357278,21.10022446580998,12.090481911372416,1,0,0,0,43.5,46.0,0.0
128,0,54.40000000000019,13.599999999999996,100.0,9.269175011454191,37.46593622197503,57.57359312880715,22.37358198917532,34.244762074046804,40.49502631460851,14.742499415006764,22.568099082099106,8.891592208802326,1,0,0,0,44.0,45.5,0.0
129,0,54.100000000000186,13.699999999999996,96.5100621639605,11.350316258265197,39.29316936171007,43.431457505076196,11.18679099458766,36.188422427604294,40.64828331098015,14.219501065408664,23.670168810947736,9.559687973732874,1,0,0,0,44.5,45.0,0.0
130,0,53.600000000000186,14.199999999999996,89.97342657927409,9.461954693536171,41.71505313170042,43.431457505076196,5.59339549729383,35.47429781229335,41.23127158632127,14.076038962205683,24.59410166372734,8.479347075909974,1,0,0,0,45.0,44.5,0.0
131,0,53.100000000000186,14.699999999999996,81.78844212026422,13.517773911171659,42.22516629001561,57.57359312880715,2.796697748646915,38.78390217130455,41.11925609067086,14.413447280612779,25.26962883985734,10.415652782021047,1,0,0,0,45.5,44.0,0.0
132,0,52.600000000000186,15.199999999999996,72.65428322409262,22.61675133185488,45.102030728055425,71.7157287525381,1.3983488743234576,45.48608289205381,40.32975739829176,22.528912853673663,27.126040498731072,17.710731570015785,1,0,0,0,46.0,43.5,0.0
133,0,52.100000000000186,15.699999999999996,84.38500320340742,30.095172230331006,51.97418232755283,85.85786437626905,43.628106625296255,51.12312804451811,39.757959553068495,32.156394012137234,30.487067381138715,24.807801905336063,1,0,0,0,46.5,43.0,0.0
134,0,51.80000000000018,15.799999999999995,100.0,31.7633148677036,59.94874681094835,100.0,71.81405331264813,52.894272079506614,39.96669758075058,42.06535713466063,34.00456137375088,29.241665900825726,0,1,0,0,47.0,47.5,0.0
135,0,51.50000000000018,15.899999999999995,100.0,30.526318374524422,64.13801349898867,100.0,85.90702665632406,51.55468777797944,40.46218336793967,39.093301575058305,35.66008579770639,28.651899942614705,1,0,0,0,37.5,47.0,0.0
136,0,51.20000000000017,15.999999999999995,100.0,26.97888793980031,64.42934213366229,100.0,92.95351332816203,48.08782972401505,37.78742587310081,39.42352997056967,35.65994341353651,26.960582528977604,0,1,0,0,38.0,50.0,0.0
137,0,50.70000000000017,16.499999999999993,100.0,20.20517272243826,61.62579917699182,100.0,96.47675666408102,42.509956252588424,39.026698341100385,37.44215959750146,34.27810197790597,23.731061129487756,1,0,0,0,38.5,49.5,0.0
138,0,50.20000000000017,16.999999999999993,100.0,13.8893829256227,56.273498135727024,85.85786437626905,91.16731052017504,38.101731391452084,40.30797461767397,29.32522554415095,32.13086548636786,17.511370818339657,1,0,0,0,39.0,49.0,0.0
139,0,49.70000000000017,17.499999999999993,100.0,17.8025558390804,50.189342729110656,75.85786437626905,45.58365526008752,40.94499750212758,40.21512181140688,23.682408090287712,30.187105922813494,17.10831550504217,1,0,0,0,39.5,48.5,0.0
140,0,49.20000000000017,17.999999999999993,100.0,24.759142295809255,49.56607803384688,65.85786437626905,22.79182763004376,46.03329722413199,39.713425686479525,18.039590636424485,30.553553819748966,18.156276192579618,1,0,0,0,40.0,48.0,0.0
141,0,48.70000000000017,18.499999999999993,98.11462357417761,33.23743552417368,53.436074412459405,51.715728752538105,11.39591381502188,52.24411375180087,39.007307902222045,9.786028972762585,32.77346800972508,18.938074263684936,1,0,0,0,40.5,47.5,0.0
142,0,48.50000000000017,17.499999999999993,93.13026869459975,30.40551432649041,60.43410918711012,37.57359312880715,5.69795690751094,50.96881014105832,39.820571409714454,16.152593173827423,35.68702906410665,19.88060427399853,1,0,0,0,41.0,47.0,0.0
143,0,48.00000000000017,17.999999999999993,86.47142458814416,21.91848591578331,62.73071830496019,37.57359312880715,2.84897845375547,45.85044646111005,41.2382452976633,16.000274983288076,35.63187501807973,15.650834553982868,1,0,0,0,41.5,46.5,0.0
144,0,47.700000000000166,18.099999999999994,78.8503358682497,10.959242957891655,59.51055883366678,27.57359312880714,1.424489226877735,39.14744545277719,43.143309558822544,21.75127164290825,34.10532986272879,12.484628864704161,1,0,0,0,42.0,46.0,0.0
145,0,47.200000000000166,18.599999999999994,70.6231248416358,5.479621478945828,52.17973110927856,27.57359312880714,0.7122446134388675,36.06261161527743,44.20873723999013,21.485298576102377,30.99236791302576,9.645514633100916,1,0,0,0,42.5,45.5,0.0
146,0,46.700000000000166,19.099999999999994,61.967852661662185,2.739810739472914,45.82616547493593,41.715728752538105,0.35612230671943373,34.85352802986088,45.00962689658037,12.741142744465003,28.620960481690748,4.892382744256142,1,0,0,0,43.0,45.0,0.0
147,0,46.200000000000166,19.599999999999994,52.97354990500871,1.369905369736457,41.4997512161348,51.715728752538105,0.17806115335971687,34.58231957048594,45.62648745240914,8.496160277686291,27.118715260786413,2.5013050117699813,1,0,0,0,43.5,44.5,0.0
148,0,45.700000000000166,20.099999999999994,43.684731860015305,0.6849526848682285,38.95617281036375,61.7157287525381,0.08903057667985843,34.780048674131805,46.15133345785715,14.126301563698453,26.35580364697307,4.1876687422575385,1,0,0,0,44.0,44.0,0.0
149,0,45.200000000000166,20.599999999999994,34.12365617085193,0.34247634243411423,37.68864241373745,75.85786437626905,0.04451528833992922,35.21224655928807,46.63017218811478,22.210829749174874,26.11493508764305,6.969564166637809,1,0,0,0,44.5,43.5,0.0
150,0,44.700000000000166,21.099999999999994,45.76591775367084,0.17123817121705712,37.25145106299834,85.85786437626905,42.95118983230449,35.76167883519953,47.086007280777224,29.357783991802833,26.211276181023592,9.477304463410697,1,0,0,0,45.0,43.0,0.0
151,0,44.40000000000016,21.199999999999996,71.42038187841364,0.08561908560852856,37.32558675586026,100.0,71.47559491615225,36.369728306488604,47.53034055464207,39.99427738947863,26.51431616349388,13.351514594107192,1,0,0,0,35.5,42.5,0.0
152,0,44.20000000000016,20.199999999999996,100.0,4.687470483476887,36.59235361974028,100.0,85.73779745807613,38.925749224803766,43.76083225391906,42.395585530172,26.50137404507266,16.332646840799377,1,0,0,0,36.0,42.0,0.0
153,0,44.000000000000156,19.199999999999996,100.0,14.059463994276541,38.778361157074805,100.0,92.86889872903807,45.15113822520501,42.77937710908876,42.72581392568337,27.263862664231034,20.800955978069936,1,0,0,0,36.5,41.5,0.0
154,0,43.70000000000015,19.299999999999997,100.0,25.816528561541844,45.23715909614236,100.0,96.43444936451903,53.21121126664927,41.47751845941047,43.05604232119473,29.834121007282313,26.40640149751621,0,1,0,0,37.0,46.0,0.0
155,0,43.40000000000015,19.4,100.0,38.76612865703997,54.12782615746822,100.0,98.21722468225951,61.1108485508373,40.06721814578101,40.083986761592406,34.036480369602614,32.58041520805035,0,1,0,0,37.5,50.0,0.0
156,0,42.90000000000015,19.9,100.0,52.31199651665451,64.68957214802654,100.0,99.10861234112976,69.04137906750829,38.57681695593954,37.44215959750146,38.92962150696089,39.038713014128405,0,0,0,1,38.0,49.5,0.0
157,0,42.700000000000145,15.899999999999999,100.0,66.15599825832726,77.2959112687342,90.0,94.55430617056487,78.05402286708744,37.14988550493777,31.799342143638228,44.86937610092561,43.37040417100821,0,0,1,0,38.5,49.0,0.0
158,0,42.50000000000014,11.899999999999999,100.0,66.00693131729815,91.38462934283868,90.0,92.27715308528244,78.07963289230003,37.447461913639515,32.1295705391496,48.221214977036944,43.29933314712223,0,0,1,0,39.0,48.5,0.0
159,0,42.30000000000014,7.899999999999999,100.0,58.861330034918126,98.55450274128539,90.0,91.13857654264122,73.61172603032932,38.68493238490228,32.45979893466097,48.49457360842304,39.89250668436824,0,0,1,0,39.5,48.0,0.0
160,0,42.100000000000136,3.8999999999999986,100.0,48.217461581862636,98.43493672572518,90.0,90.5692882713206,66.897060724767,40.392349887445576,32.790027330172336,45.71138062920869,34.817802502180264,0,0,1,0,40.0,47.5,0.0
161,0,41.900000000000134,2.8999999999999986,100.0,42.89552735533489,92.75564246507246,90.0,90.2846441356603,63.77306140531916,41.38483423354159,33.120255725683705,40.982340542351075,32.280450411086264,1,0,0,0,40.5,47.0,0.0
162,0,41.70000000000013,1.8999999999999986,100.0,38.163492430205544,87.2673508194209,90.0,90.14232206783015,61.06368320435159,42.29807322417406,33.450484121195075,38.0242241846419,30.02434610739957,1,0,0,0,41.0,46.5,0.0
163,0,41.50000000000013,0.8999999999999986,100.0,37.86854277950634,82.2094006212295,90.0,90.07116103391508,61.323039311778125,42.61524709155458,33.78071251670644,35.4506232500472,29.88372221369592,1,0,0,0,41.5,46.0,0.0
164,0,41.300000000000125,0.0,100.0,39.79213576602222,79.83522767437623,90.0,90.03558051695754,63.06676257340172,42.63438839730913,34.11094091221781,34.0472508740787,30.800838524983796,1,0,0,0,42.0,45.5,0.0
165,0,41.10000000000012,0.0,100.0,37.82500007114564,80.03724661699609,90.0,90.01779025847877,62.219336078790505,43.17619887157812,34.44116930772919,33.5323551054732,29.862962246096128,1,0,0,0,42.5,45.0,0.0
166,0,40.90000000000012,0.0,100.0,34.77036441184187,79.36673535847677,90.0,90.00889512923939,60.648244290241244,43.864100926297084,34.771397703240545,33.11937796509387,28.406595848512598,1,0,0,0,43.0,44.5,0.0
167,0,40.70000000000012,0.0,100.0,31.171978770324507,77.65623724659943,90.0,90.0044475646197,58.715319854722964,44.625048771241026,35.10162609875193,32.26816773164355,26.690984391581136,1,0,0,0,43.5,44.0,0.0
168,0,40.500000000000114,0.0,100.0,27.30171813770035,75.12388483164888,90.0,90.00222378230984,56.60147909572018,45.42251951129746,35.43185449426329,31.078254807133412,24.845750404975707,1,0,0,0,44.0,43.5,0.0
169,0,40.30000000000011,0.0,100.0,23.295520009522797,72.02967482696462,90.0,90.00111189115492,54.397180174975134,46.23825169891015,35.76208288977466,29.659197464831205,22.93570515353329,1,0,0,0,44.5,43.0,0.0
170,0,40.10000000000011,0.0,100.0,19.22135313356854,68.57907080831497,90.0,90.00055594557746,52.147652173358956,47.06311461030096,36.09231128528603,28.095671377501887,20.99325426967239,1,0,0,0,45.0,42.5,0.0
171,0,39.900000000000105,0.0,100.0,12.184269695591414,64.91253717313333,90.0,90.00027797278872,47.92288817255087,48.28600711014816,36.4225396807974,26.303680847895478,17.63816613507064,1,0,0,0,45.5,42.0,0.0
172,0,39.7000000000001,0.0,100.0,6.092134847795707,59.49198787594743,90.0,90.00013898639436,44.32811075294207,49.381957966317906,36.75276807630877,23.86239514332374,14.733603538594059,1,0,0,0,46.0,41.5,0.0
173,0,39.5000000000001,0.0,100.0,3.0460674238978536,53.71940913821964,90.0,90.00006949319717,42.764055376471,50.068708989227154,37.08299647182014,21.428580369737062,13.281322240355767,1,0,0,0,46.5,41.0,0.0
174,0,39.3000000000001,0.0,100.0,1.5230337119489268,49.46307883589944,90.0,90.00003474659859,42.215361021568796,50.550860095506145,37.4132248673315,19.66891330163084,12.555181591236618,1,0,0,0,47.0,40.5,0.0
175,0,39.100000000000094,0.0,100.0,3.3351099847816066,46.8110043291223,90.0,90.0000173732993,43.89007592998913,50.58498223204827,37.74345326284288,18.70566765123609,13.419129795852756,1,0,0,0,47.5,40.0,0.0
176,0,38.90000000000009,0.0,100.0,9.241148121197947,46.81389746948472,90.0,90.00000868664965,48.294100050865964,50.06913344581626,38.07368165835424,18.991701149696418,16.234966590832123,1,0,0,0,48.0,39.5,0.0
177,0,38.70000000000009,0.0,100.0,14.265235001271595,50.41869812543034,90.0,90.00000434332483,52.1101573192147,49.67176342476455,38.40391005386561,20.662135191289767,18.6303132464615,1,0,0,0,48.5,39.0,0.0
178,0,38.500000000000085,0.0,100.0,18.848346253173894,55.3344798362106,90.0,90.00000217166242,55.63223116129939,49.33363278630298,38.73413844937698,22.830660393097737,20.81541483241589,1,0,0,0,49.0,38.5,0.0
179,0,38.30000000000008,0.0,100.0,23.21096969099052,60.660765722929725,90.0,90.0000010858312,59.00731329025204,49.02512183913647,39.06436684488835,25.15117661933708,22.895393883532783,1,0,0,0,49.5,38.0,0.0
180,0,38.10000000000008,0.0,100.0,27.46334922176431,66.06981052187905,90.0,90.0000005429156,62.30889956263869,48.73142073761751,39.39459524039972,27.499161079954135,24.922811667230928,1,0,0,0,50.0,37.5,0.0
181,0,37.90000000000008,0.0,100.0,31.66060679901668,71.45898818907386,90.0,90.0000002714578,65.57373790674234,48.44512455892232,39.724823635911086,29.836616018841067,26.923948817219692,1,0,0,0,50.5,37.0,0.0
182,0,37.40000000000008,0.5,100.0,35.83030339950834,76.8076089964566,90.0,90.0000001357289,68.82020228670447,48.162530841639004,40.055052031422456,32.15667437740343,28.911945650353776,1,0,0,0,51.0,36.5,0.0
183,0,37.10000000000007,0.6,100.0,40.844083887888694,82.1206397269659,80.0,45.00000006786445,72.72938926877522,47.92182561667288,34.412234577559225,34.78114914899442,29.0336298044822,1,0,0,0,51.5,36.0,0.0
184,0,36.60000000000007,1.1,97.75000001696611,48.350974132078875,87.9181442490376,80.0,22.500000033932224,78.28398275981061,47.24268310545036,34.57941218030994,37.495573659818966,32.55074288469975,1,0,0,0,52.0,35.5,0.0
185,0,36.10000000000007,1.6,100.0,55.033351442308486,95.33739108848195,90.0,56.25000001696611,83.34723429741797,46.7778234392782,41.045737217956564,41.034941040131926,38.06743161331495,1,0,0,0,52.5,35.0,0.0
186,0,35.80000000000007,1.7000000000000002,100.0,56.30347228555782,100.0,100.0,78.12500000848306,84.83148152497802,47.04003055648585,47.349011462842526,43.22116117507737,40.94173904896642,0,1,0,0,53.0,39.5,0.0
187,0,35.500000000000064,1.8000000000000003,100.0,51.93853270718248,100.0,100.0,89.06250000424153,81.39582736098026,47.95571511500507,44.37695590324021,43.066171250588575,38.86065572563576,1,0,0,0,43.5,39.0,0.0
188,0,35.30000000000006,0.8000000000000003,100.0,44.75606291799481,100.0,100.0,94.53125000212077,75.50022250120361,45.76927822859136,44.70718429875158,42.77527317973343,35.43625137129912,1,0,0,0,44.0,38.5,0.0
189,0,35.10000000000006,0.0,100.0,38.235895835266454,97.69653958417726,100.0,97.26562500106039,70.83313194589226,46.92272968957058,45.03741269426295,40.99261601765568,32.3276147595992,1,0,0,0,44.5,38.0,0.0
190,0,34.900000000000055,0.0,100.0,29.975812293902276,92.98239016358598,100.0,98.63281250053019,65.39958666823658,48.309916464211994,45.36764108977432,38.2821251505554,28.389433761077946,1,0,0,0,45.0,37.5,0.0
191,0,34.70000000000005,0.0,100.0,22.916838335085657,86.22743918028371,100.0,99.31640625026509,60.96352590398573,49.53574967292442,45.697869485285686,35.265561664843894,25.023908827285712,1,0,0,0,45.5,37.0,0.0
192,0,34.50000000000005,0.0,100.0,24.387351355677353,79.18495211427675,100.0,99.65820312513254,62.31216218852698,49.61575642277757,46.028097880797056,32.54652064877264,25.725009053060898,1,0,0,0,46.0,36.5,0.0
193,0,34.30000000000005,0.0,100.0,30.1226078659732,76.77009168298426,100.0,99.82910156256628,66.55314699746427,49.122849943201096,46.358326276308425,31.866491436361606,28.459421858619784,1,0,0,0,46.5,36.0,0.0
194,0,34.100000000000044,0.0,100.0,37.99023612112113,79.0547419070824,100.0,99.91455078128314,72.24030606859957,48.343486848909805,46.688554671819794,33.15109341020072,32.21049095407053,1,0,0,0,47.0,35.5,0.0
195,0,33.90000000000004,0.0,100.0,44.85298243682961,84.88199612789253,100.0,99.95727539064157,77.26984039625691,47.699116670021176,47.018783067331164,35.790672299336016,35.48245993632751,1,0,0,0,47.5,35.0,0.0
196,0,33.60000000000004,0.1,100.0,53.28435559468386,91.9263834527529,100.0,99.97863769532078,83.35127422675224,46.84402172607381,47.349011462842526,38.98809969179061,39.50230712012729,0,1,0,0,48.0,39.5,0.0
197,0,33.400000000000034,0.0,100.0,57.50004217361098,99.34173500018848,100.0,99.9893188476604,85.54754669755548,46.60700993739734,44.37695590324021,42.18469896189857,41.512230712027176,1,0,0,0,48.5,39.0,0.0
198,0,33.20000000000003,0.0,100.0,57.53681765120906,100.0,100.0,99.9946594238302,85.49830439171343,46.879620816407154,44.70718429875158,42.39169317213386,41.52976424983743,1,0,0,0,49.0,38.5,0.0
199,0,33.00000000000003,0.0,100.0,52.555205390008105,100.0,100.0,99.9973297119151,82.37368323879244,47.82638730006387,45.03741269426295,42.151397012846004,39.15466832607126,1,0,0,0,49.5,38.0,0.0
200,0,32.800000000000026,0.0,100.0,45.06439925940762,100.0,100.0,99.99866485595754,77.71137266233193,49.11023158604404,45.36764108977432,41.79006581146517,35.58325767151686,1,0,0,0,50.0,37.5,0.0
201,0,32.60000000000002,0.0,100.0,36.318996194107385,99.42525730724651,100.0,99.99933242797877,72.28021737410165,50.56261477318593,45.697869485285686,41.140525234628186,31.413689651568383,1,0,0,0,50.5,37.0,0.0
202,0,32.10000000000002,0.5,100.0,24.87522684959179,94.57903317635962,100.0,99.99966621398939,65.08392785540956,52.37748863366875,46.028097880797056,38.66862119302332,25.957614690783142,1,0,0,0,51.0,36.5,0.0
203,0,31.600000000000023,1.0,100.0,14.153342177333997,86.10923482318024,90.0,94.99983310699469,58.48578309606351,54.2506668734805,40.385280426933825,35.073812117878695,18.576965820749006,1,0,0,0,51.5,36.0,0.0
204,0,31.100000000000023,1.5,100.0,7.076671088666998,76.26765916938928,80.0,47.49991655349734,54.376224881365076,55.6341577285345,34.74246297307059,31.111388275101056,12.93425468446302,1,0,0,0,52.0,35.5,0.0
205,0,30.800000000000022,1.6,98.12497913837433,3.538335544333499,67.78479490803866,65.85786437626905,23.74995827674867,52.65477910734919,56.54231888359514,26.489651746281794,27.85791312986409,7.9871393480028345,1,0,0,0,52.5,35.0,0.0
206,0,30.300000000000022,2.1,90.0624687075615,6.413828712839372,61.956769004580224,65.85786437626905,11.874979138374336,55.15716351412301,56.48534477753155,26.23561404077193,25.7433283545857,9.136050267034577,1,0,0,0,53.0,34.5,0.0
207,0,29.800000000000022,2.6,78.78121349215508,12.851575297092309,61.00204857794424,75.85786437626905,5.937489569187168,60.07502238417657,56.05334809117879,31.721369343401296,25.95343863309109,14.163448770009806,1,0,0,0,53.5,34.0,0.0
208,0,29.300000000000022,3.1,87.23005197851913,16.070448589218778,64.47655684939507,85.85786437626905,45.89767697272811,62.867285152536695,56.05376547553604,38.6369057320633,27.76297835957889,18.199552769098666,1,0,0,0,54.0,33.5,0.0
209,0,29.00000000000002,3.2,100.0,22.67988523528201,68.38418967194934,100.0,72.94883848636405,67.93008320338342,55.59870444592086,48.33969664937664,29.90765538743449,24.910936096378766,1,0,0,0,44.5,33.0,0.0
210,0,28.800000000000022,2.2,100.0,23.055671370179105,73.28430653775203,100.0,86.47441924318203,67.66441632560598,52.39691345420703,48.669925044888004,31.922587620565494,25.090100605859632,1,0,0,0,45.0,32.5,0.0
211,0,28.600000000000023,1.2000000000000002,100.0,20.314632249493126,75.93773805635993,100.0,93.237209621591,65.81229476129425,53.04268786253619,49.00015344039938,32.285960574543964,23.78324842606846,1,0,0,0,45.5,32.0,0.0
212,0,28.400000000000023,0.20000000000000018,100.0,16.015180501015614,75.90006692066464,100.0,96.6186048107955,63.166945853715376,53.89781488809248,49.33038183591074,31.508045358737657,21.73338790164128,1,0,0,0,46.0,31.5,0.0
213,0,28.200000000000024,0.0,100.0,11.79438681491138,73.73296446746488,100.0,98.30930240539774,60.69689285868228,54.742375218455095,49.66061023142212,29.890322202399954,19.721029381287988,1,0,0,0,46.5,31.0,0.0
214,0,28.000000000000025,0.0,100.0,7.612922159993792,70.5857976804859,100.0,99.15465120269887,58.31448781992209,55.58165220122087,49.99083862693348,28.330711018246888,17.727421862971646,1,0,0,0,47.0,30.5,0.0
215,0,27.800000000000026,0.0,100.0,3.806461079996896,66.99092438910381,100.0,99.57732560134943,56.21279946551659,56.37055229504262,50.32106702244486,26.722943990618177,15.912605751029668,1,0,0,0,47.5,30.0,0.0
216,0,27.600000000000026,0.0,100.0,1.903230539998448,63.390771265278616,100.0,99.78866280067471,55.39528862164718,56.90377793677789,50.65129541795622,25.20489070473637,15.00519769505868,1,0,0,0,48.0,29.5,0.0
217,0,27.400000000000027,0.0,100.0,0.951615269999224,60.85044757541008,100.0,99.89433140033736,55.2198665330458,57.30916635246989,50.9815238134676,24.152605455099284,14.551493667073185,1,0,0,0,48.5,29.0,0.0
218,0,27.200000000000028,0.0,100.0,3.0494007638067555,59.37127327760895,100.0,99.94716570016868,57.081217574616545,57.3049071437185,51.31175220897896,23.667801251247447,15.551660182256144,1,0,0,0,49.0,28.5,0.0
219,0,27.00000000000003,0.0,100.0,9.098293510710521,60.11806497383447,100.0,99.97358285008434,61.57855976206858,56.76986768483975,51.64198060449033,24.255430741633397,18.435606132518924,1,0,0,0,49.5,28.0,0.0
220,0,26.80000000000003,0.0,100.0,19.193807696027882,64.17353913339916,100.0,99.98679142504217,68.77460939703825,55.691216878137226,51.972209000001705,26.34903353525355,23.248870058461307,1,0,0,0,50.0,27.5,0.0
221,0,26.60000000000003,0.0,100.0,26.31263260055204,72.13179748661051,100.0,99.99339571252108,73.98667942243341,55.01244584685025,52.30243739551307,29.845190022264813,26.6429302795722,1,0,0,0,50.5,27.0,0.0
222,0,26.10000000000003,0.5,100.0,36.94311286467959,80.38789163985597,100.0,99.99669785626054,81.54009297637462,53.861929253943615,52.632665791024436,33.62872846743767,31.711251340938635,1,0,0,0,51.0,26.5,0.0
223,0,25.60000000000003,1.0,100.0,44.329420808608845,90.74390332250161,90.0,94.99834892813027,87.03084496125555,53.302505594973084,46.989848337161206,38.36548898810686,32.96409143279134,1,0,0,0,51.5,26.0,0.0
224,0,25.10000000000003,1.5,100.0,55.09364259243895,100.0,80.0,47.499174464065135,94.82359949493967,52.289302820933926,41.347030883297975,42.82944291713221,35.827428081043585,1,0,0,0,52.0,25.5,0.0
225,0,24.60000000000003,2.0,94.79146028268296,55.475753484354,100.0,70.0,23.749587232032567,95.71997676178171,52.67080261077541,35.32676607990688,43.12567478794612,33.597413776236635,1,0,0,0,52.5,25.0,0.0
226,0,24.10000000000003,2.5,83.39552375735778,52.737876742177,100.0,55.85786437626905,11.874793616016284,94.54887726977975,53.471432459797136,26.384002471571723,43.27140898728586,28.76972480318847,1,0,0,0,53.0,24.5,0.0
227,0,23.60000000000003,3.0,68.78088882802851,44.29787055922303,100.0,45.857864376269056,5.937396808008142,89.58261564920177,55.03806978392914,24.63033918152613,43.142091710810696,23.954012101702226,1,0,0,0,53.5,24.0,0.0
228,0,33.300000000000026,3.1,52.43190469669722,33.00679965588056,100.0,31.715728752538098,2.968698404004071,82.71877296433578,56.98771084561629,32.22296787321242,42.87524869642808,21.328976172491213,1,0,0,0,54.0,23.5,0.0
229,0,32.800000000000026,3.6,35.0907459643649,20.290196392343855,100.0,31.715728752538098,1.4843492020020355,71.50613974732582,53.84932475185176,31.296534179827905,42.31740270808249,14.788465437833901,1,0,0,0,54.5,23.0,0.0
230,0,32.300000000000026,4.1,17.12849993153207,18.931894760575496,92.82100093544545,27.57359312880714,0.7421746010010177,69.5664898054875,54.464626495290325,32.79920874038232,39.685628335214396,14.585922454580075,1,0,0,0,55.0,22.5,0.0
231,0,31.800000000000022,4.6,0.0,23.25274394469132,88.29885087863263,23.431457505076192,0.37108730050050887,72.26333150123503,54.317007645215796,34.362302395960405,38.3803426008862,17.114004374973234,1,0,0,0,55.5,22.0,0.0
232,0,31.300000000000022,5.1,0.0,30.413168536749232,88.54367281018067,9.289321881345247,0.18554365025025443,77.27841901577546,53.78792849838473,43.13969324033365,39.100526861927065,23.736393361583392,1,0,0,0,56.0,21.5,0.0
233,0,30.800000000000022,5.6,0.0,41.064448644643676,92.89125447815411,5.147186257614289,0.09277182512512722,84.8333413142893,52.789897980415304,45.94403823533231,41.61446027874092,29.75437769716504,1,0,0,0,56.5,21.0,0.0
234,0,30.50000000000002,5.699999999999999,0.0,51.39008869859089,100.0,0.0,0.04638591256256361,92.2774691302129,51.83561299963677,49.34870458204378,45.206557186810784,35.84512652917902,1,0,0,0,57.0,20.5,0.0
235,0,30.00000000000002,6.199999999999999,0.0,63.62397653742997,100.0,0.0,0.023192956281281804,100.0,50.52145938774796,49.67893297755515,45.85223866505317,41.677908290245746,1,0,0,0,57.5,20.0,0.0
236,0,29.50000000000002,6.699999999999999,0.0,74.74092045684951,100.0,5.147186257614289,0.011596478140640902,100.0,49.46087294848258,46.93472342186642,46.66628264404668,45.81039465194785,1,0,0,0,58.0,19.5,4.0
237,0,29.00000000000002,7.199999999999999,0.0,87.37046022842475,100.0,19.289321881345245,0.005798239070320451,100.0,48.19708878429599,38.8177893685159,47.55328914095005,49.698565733395014,0,0,0,1,58.5,19.0,8.0
238,0,28.50000000000002,7.699999999999999,0.0,93.68523011421237,100.0,29.28932188134524,0.0028991195351602255,100.0,47.781612429736334,33.17497191465267,48.135692455032505,51.51577442603686,0,0,0,1,59.0,18.5,12.0
239,0,28.00000000000002,8.2,0.0,96.84261505710619,100.0,43.431457505076196,0.0014495597675801128,100.0,47.79028997999013,25.058037861302154,48.56579417770452,50.887882204424045,0,0,0,1,59.5,18.0,16.0
240,0,27.50000000000002,8.7,0.0,98.42130752855309,100.0,57.57359312880715,0.0007247798837900564,100.0,48.01104448265066,25.988587608526345,48.91974510467131,52.94382867410731,0,0,0,1,60.0,17.5,20.0
241,0,27.00000000000002,9.2,0.0,99.21065376427654,100.0,71.7157287525381,0.0003623899418950282,100.0,48.33783746151455,34.765978452899596,49.23562063378548,57.60391098047263,0,0,0,1,60.5,17.0,24.0
242,0,26.800000000000022,8.2,0.0,99.60532688213827,100.0,85.85786437626905,42.929113383105474,100.0,48.71764967848013,43.54336929727285,49.53245846397335,62.07582398254377,0,0,0,1,61.0,16.5,24.0
243,0,26.600000000000023,7.199999999999999,6.613411106510295,99.80266344106914,100.0,85.85786437626905,64.39348887968725,100.0,48.96869124907803,44.352851884739636,48.98637705091338,62.35204502893356,0,0,0,1,61.5,16.0,24.0
244,0,26.400000000000023,6.199999999999999,18.342916087166042,99.90133172053457,100.0,85.85786437626905,75.12567662797815,100.0,49.23298762920136,45.53308254700974,48.43553621312182,62.72212333583784,0,0,0,1,62.0,15.5,24.0
245,0,26.200000000000024,5.199999999999999,32.50546800489451,99.95066586026729,100.0,85.85786437626905,80.4917705021236,100.0,49.50391141408739,46.889628869237605,47.88231566296447,63.135687715306574,0,0,0,1,62.5,15.0,24.0
246,0,26.000000000000025,4.199999999999999,47.75954339115934,99.97533293013365,100.0,85.85786437626905,83.17481743919632,100.0,49.77814890135479,48.32527464400047,47.32790525662425,63.56755257336474,0,0,0,1,63.0,14.5,24.0
247,0,25.800000000000026,3.1999999999999993,63.43438051169235,99.98766646506682,100.0,85.85786437626905,84.51634090773268,100.0,50.054043239812856,49.79141176758693,46.77289992219256,64.00512511302482,0,0,0,1,63.5,14.0,24.0
248,0,25.600000000000026,2.1999999999999993,79.19459849935946,99.9938332325334,100.0,85.85786437626905,85.18710264200087,100.0,50.330766003866266,51.26373618814128,46.217597123715144,64.44210893579307,0,0,0,1,64.0,13.5,24.0
249,0,25.400000000000027,1.1999999999999993,94.87250692059361,99.9969166162667,100.0,85.85786437626905,85.52248350913496,100.0,50.60790298071735,52.73009587973568,45.66214559321488,64.87535584242261,0,0,0,1,64.5,13.0,24.0
250,0,25.200000000000028,0.1999999999999993,100.0,99.99845830813335,100.0,85.85786437626905,85.690173942702,100.0,50.88524706396726,53.4318984164809,45.106619696703184,65.01730440472964,0,0,0,1,65.0,12.5,24.0
251,0,25.00000000000003,0.0,100.0,99.99922915406668,100.0,85.85786437626905,85.77401915948553,100.0,51.162694700416594,53.76212681199226,44.551056617185765,65.0176719229021,0,0,0,1,65.5,12.0,24.0
252,0,24.80000000000003,0.0,100.0,99.99961457703334,100.0,85.85786437626905,85.81594176787729,100.0,51.44019411346564,54.09235520750362,44.439955156184,65.01785568198831,0,0,0,1,66.0,11.5,24.0
253,0,24.60000000000003,0.0,100.0,99.99980728851668,100.0,85.85786437626905,85.83690307207317,100.0,51.71771941481454,54.422583603015,44.439964451935424,65.01794756153143,0,0,0,1,66.5,11.0,24.0
254,0,24.40000000000003,0.0,100.0,99.99990364425834,100.0,85.85786437626905,85.84738372417111,100.0,51.99525766031335,54.752811998526376,44.43996909981114,65.01799350130298,0,0,0,1,67.0,10.5,24.0
255,0,24.20000000000003,0.0,100.0,99.99995182212916,100.0,85.85786437626905,85.85262405022007,100.0,52.27280237788714,55.08304039403773,44.439971423749,65.01801647118876,0,0,0,1,67.5,10.0,24.0
256,0,24.000000000000032,0.0,100.0,99.99997591106458,100.0,85.85786437626905,85.85524421324456,100.0,52.5503503314984,55.4132687895491,44.439972585717925,65.01802795613165,0,0,0,1,68.0,9.5,24.0
257,0,23.800000000000033,0.0,100.0,99.99998795553229,100.0,85.85786437626905,85.8565542947568,100.0,52.82789990312842,55.74349718506048,44.43997316670239,65.01803369860309,0,0,0,1,68.5,9.0,24.0
258,0,23.600000000000033,0.0,100.0,99.99999397776614,100.0,85.85786437626905,85.85720933551292,100.0,53.10545028376779,56.07372558057185,44.43997345719462,65.01803656983881,0,0,0,1,69.0,8.5,24.0
259,0,23.400000000000034,0.0,100.0,99.99999698888307,100.0,85.85786437626905,85.85753685589098,100.0,53.383001068911845,56.40395397608321,44.43997360244073,65.01803800545667,0,0,0,1,69.5,8.0,24.0
260,0,23.200000000000035,0.0,100.0,99.99999849444154,100.0,85.85786437626905,85.85770061608002,100.0,53.66055205630825,56.73418237159457,44.4399736750638,65.0180387232656,0,0,0,1,70.0,7.5,24.0
261,0,23.000000000000036,0.0,100.0,99.99999924722077,100.0,85.85786437626905,85.85778249617454,100.0,53.93810314483084,57.06441076710595,44.43997371137533,65.01803908217008,0,0,0,1,70.5,7.0,24.0
262,0,22.800000000000036,0.0,100.0,99.99999962361039,100.0,85.85786437626905,85.85782343622179,100.0,54.21565428391649,57.39463916261733,44.43997372953109,65.0180392616223,0,0,0,1,71.0,6.5,24.0
263,0,22.600000000000037,0.0,100.0,99.9999998118052,100.0,85.85786437626905,85.85784390624542,100.0,54.4932054482837,57.72486755812869,44.43997373860897,65.01803935134842,0,0,0,1,71.5,6.0,24.0
264,0,22.400000000000038,0.0,100.0,99.9999999059026,100.0,85.85786437626905,85.85785414125723,100.0,54.770756625291675,58.05509595364005,44.43997374314791,65.01803939621148,0,0,0,1,72.0,5.5,24.0
265,0,22.20000000000004,0.0,100.0,99.9999999529513,100.0,85.85786437626905,85.85785925876314,100.0,55.048307808620045,58.38532434915144,44.43997374541738,65.01803941864301,0,0,0,1,72.5,5.0,24.0
266,0,22.00000000000004,0.0,100.0,99.99999997647565,100.0,85.85786437626905,85.8578618175161,100.0,55.325858995108604,58.7155527446628,44.43997374655212,65.01803942985879,0,0,0,1,73.0,4.5,24.0
267,0,21.80000000000004,0.0,100.0,99.99999998823782,100.0,85.85786437626905,85.85786309689257,100.0,55.60341018317725,59.04578114017417,44.43997374711949,65.01803943546665,0,0,0,1,73.5,4.0,24.0
268,0,21.60000000000004,0.0,100.0,99.99999999411891,100.0,85.85786437626905,85.85786373658081,100.0,55.88096137203596,59.37600953568553,44.439973747403165,65.0180394382706,0,0,0,1,74.0,3.5,24.0
269,0,21.40000000000004,0.0,100.0,99.99999999705946,100.0,85.85786437626905,85.85786405642493,100.0,56.15851256128968,59.7062379311969,44.43997374754501,65.01803943967258,0,0,0,1,74.5,3.0,24.0
270,0,21.200000000000042,0.0,100.0,99.99999999852973,100.0,85.85786437626905,85.857864216347,100.0,56.43606375074092,60.03646632670828,44.43997374761594,65.01803944037356,0,0,0,1,75.0,2.5,24.0
271,0,21.000000000000043,0.0,100.0,99.99999999926487,100.0,85.85786437626905,85.85786429630802,100.0,56.71361494029092,60.36669472221964,44.43997374765139,65.01803944072405,0,0,0,1,75.5,2.0,24.0
272,0,20.800000000000043,0.0,100.0,99.99999999963244,100.0,85.85786437626905,85.85786433628854,100.0,56.99116612989028,60.69692311773101,44.43997374766912,65.01803944089929,0,0,0,1,76.0,1.5,24.0
273,0,20.600000000000044,0.0,100.0,99.99999999981623,100.0,85.85786437626905,85.8578643562788,100.0,57.26871731951434,61.02715151324239,44.439973747677996,65.01803944098693,0,0,0,1,76.5,1.0,24.0
274,0,20.400000000000045,0.0,100.0,99.99999999990811,100.0,85.85786437626905,85.85786436627393,100.0,57.546268509150735,61.35737990875375,44.43997374768242,65.01803944103074,0,0,0,1,77.0,0.5,24.0
275,0,20.200000000000045,0.0,71.46446609156848,49.999999999954056,100.0,0.0,42.928932183136965,69.86666666666665,37.565867223090684,5.178816861471682,42.02814253031556,25.80679130673164,0,0,1,0,,,
276,0,29.900000000000045,0.1,46.46446609156848,24.999999999977028,89.95555555554023,0.0,21.464466091568482,54.866666666666646,41.02781464667044,3.36714137269241,36.84298854085877,13.19896630482695,1,0,0,0,,,
277,0,29.400000000000045,0.6,28.598349568676362,12.499999999988514,71.59999999998468,0.0,10.732233045784241,44.13333333333331,37.686299688122396,2.0724371573244893,29.02379673065922,6.747268478144041,1,0,0,0,,,
278,0,28.900000000000045,1.1,16.98223304578424,6.249999999994257,54.67777777776628,0.0,5.366116522892121,38.93333333333331,38.784706942145085,1.230651814151387,22.296157723126903,3.4475269019373025,1,0,0,0,,,
279,0,28.400000000000045,1.6,9.832645653615153,3.1249999999971285,42.399999999992325,0.0,2.6830582614460603,36.49999999999997,39.46331079033854,0.7125425248202645,17.55921573654808,1.7607097824012927,1,0,0,0,,,
280,0,38.100000000000044,1.7000000000000002,5.587087392169092,1.5624999999985643,34.40833333332853,0.0,1.3415291307230301,35.449999999999974,39.932012935617344,0.4048795712824179,14.595642596508252,0.898828056916967,1,0,0,0,,,
281,0,37.600000000000044,2.2,3.128925978765304,0.7812499999992821,29.54166666666378,0.0,0.6707645653615151,31.69166666666664,35.01623520520957,0.22674394007735177,12.685523942759795,0.4586506113166439,1,0,0,0,,,
282,0,37.100000000000044,2.7,1.732154130723031,0.39062499999964106,25.595138888887195,0.0,0.33538228268075754,29.97916666666664,35.327511073302404,0.1255240472567473,11.381012912139717,0.23394359708740214,1,0,0,0,,,
283,0,36.600000000000044,3.2,0.949922636031705,0.19531249999982053,22.92083333333236,0.0,0.16769114134037877,29.289583333333304,35.61254922853092,0.06883806223740935,10.589930613360357,0.11928094425824115,1,0,0,0,,,
284,0,36.100000000000044,3.7,0.5168841033509473,0.09765624999991027,21.288715277777225,0.0,0.08384557067018938,29.111458333333307,35.88446852732726,0.03745705042322253,10.216435166891936,0.06079504498639063,1,0,0,0,,,
285,0,35.600000000000044,4.2,0.279403444343021,0.04882812499995513,20.38072916666635,0.0,0.04192278533509469,29.189062499999977,36.14982839790752,0.020247534863870188,10.13216938977427,0.03097480892183033,1,0,0,0,,,
286,0,45.30000000000004,4.3,0.1501824185052842,0.024414062499977567,19.936328124999818,0.0,0.020961392667547346,29.39453124999997,36.41190855437974,0.010883272258064557,10.232736568929633,0.015776047675232677,1,0,0,0,,,
287,0,44.80000000000004,4.8,0.08033155741952894,0.012207031249988783,19.77447916666656,0.0,0.010480696333773673,26.26393229166664,31.39281982956868,0.00582138854209701,10.223589182011073,0.008032345444775093,1,0,0,0,,,
288,0,44.30000000000004,5.3,0.04278595279320789,0.006103515624994392,18.645952690972155,0.0,0.0052403481668868365,24.86529947916664,31.652440200459868,0.0031005704775808707,10.054014338422096,0.004088333525966925,1,0,0,0,,,
289,0,43.80000000000004,5.8,0.022703063438325656,0.003051757812497196,17.61344401041662,0.0,0.0026201740834434183,24.33264973958331,31.911650607087555,0.0016452233420566182,9.922625409966363,0.0020802471647731516,1,0,0,0,,,
290,0,53.500000000000036,5.8999999999999995,0.012006575240023683,0.001525878906248598,16.918622504340245,0.0,0.0013100870417217091,24.23299153645831,32.17065603158349,0.0008700807226614005,9.92508928706379,0.00105816378328142,1,0,0,0,,,
291,0,53.000000000000036,6.3999999999999995,0.0063308093804422694,0.000762939453124299,16.53748372395831,0.0,0.0006550435208608546,20.94982910156247,27.15002994078428,0.000458774887147246,9.82961938592182,0.0005381019920881323,1,0,0,0,,,
292,0,52.500000000000036,6.8999999999999995,0.0033291655704363486,0.0003814697265621495,15.252272542317687,0.0,0.0003275217604304273,19.47491455078122,27.408881628681396,0.00024125470648189582,9.59824785362391,0.0002735610462677773,1,0,0,0,,,
293,0,52.000000000000036,7.3999999999999995,0.0017464632253257812,0.00019073486328107474,14.117901611328106,0.0,0.00016376088021521364,18.904123942057268,27.667707693812044,0.00012656098469508435,9.4266428650151,0.00013903554824574419,1,0,0,0,,,
294,0,61.70000000000003,7.499999999999999,0.0009141718327166941,9.536743164053737e-05,13.360389031304237,0.0,8.188044010760682e-05,18.785395304361955,27.92652094755946,6.624730807461038e-05,9.404339854136683,7.064528667879987e-05,1,0,0,0,,,
295,0,61.20000000000003,7.999999999999999,0.00047755602638524877,4.7683715820268685e-05,12.942024739583317,0.0,4.094022005380341e-05,15.492697652180969,22.905798771385996,3.460706190083931e-05,9.294157080057136,3.5886399617363826e-05,1,0,0,0,,,
296,0,60.70000000000003,8.5,0.00024901306820607525,2.3841857910134342e-05,11.63526081509059,0.0,2.0470110026901705e-05,14.01301549275714,23.16460241659598,1.8045234882186703e-05,9.054264396815613,1.8225077947663856e-05,1,0,0,0,,,
297,0,60.20000000000003,9.0,0.00012962406160976306,1.1920928955067171e-05,10.488643519083645,0.0,1.0235055013450853e-05,13.439841079711893,23.42340446038307,9.393469406976879e-06,8.877816475497584,9.2534780433229e-06,1,0,0,0,,,
298,0,59.70000000000003,9.5,6.737079455824425e-05,5.960464477533586e-06,9.72427275975544,0.0,5.117527506725426e-06,13.319920539855937,23.6822057034587,4.8821606864302025e-06,8.85280081964585,4.6972085564069365e-06,1,0,0,0,,,
299,0,59.20000000000003,10.0,3.496477915580348e-05,2.980232238766793e-06,9.302111879984524,0.0,2.558763753362713e-06,13.426626936594626,23.9410065461786,2.533793334685983e-06,8.963356238779546,2.383839045576211e-06,1,0,0,0,,,
300,0,58.70000000000003,10.5,1.812208051624242e-05,1.4901161193833964e-06,9.126599245601216,0.0,1.2793818766813566e-06,13.646646801630636,24.199807188720648,1.3132531630784323e-06,9.171624666532091,1.209536906474477e-06,1,0,0,0,,,
301,0,58.20000000000003,11.0,9.38088572729155e-06,7.450580596916982e-07,9.112182386716194,0.0,6.396909383406783e-07,13.923323400815306,24.45860773117376,6.798048294069366e-07,9.443713334157131,6.135771450804243e-07,1,0,0,0,,,
302,0,67.90000000000003,11.1,4.8503655982309445e-06,3.725290298458491e-07,9.197199241982553,0.0,3.1984546917033914e-07,14.228328367074308,24.717408223582403,3.514915386373285e-07,9.755193989499954,3.111929184618051e-07,1,0,0,0,,,
303,0,67.40000000000003,11.6,2.505144166408057e-06,1.8626451492292455e-07,9.341375867525723,0.0,1.5992273458516957e-07,11.147497516870475,19.69667966673955,1.8154033128559434e-07,9.867871467583182,1.5779863219169897e-07,1,0,0,0,,,
304,0,66.90000000000003,12.1,1.292552766850321e-06,9.313225746146227e-08,8.386520501474525,0.0,7.996136729258479e-08,9.773748758435225,19.955480121614844,9.366744662626222e-08,9.767393119949121,8.00004025762477e-08,1,0,0,0,,,
305,0,76.60000000000004,12.2,6.662667252483067e-07,4.656612873073114e-08,7.45117653459309,0.0,3.998068364629239e-08,9.253541045884269,20.214280570234582,4.828236380486364e-08,9.674644471197864,4.0550744528322965e-08,1,0,0,0,,,
306,0,76.40000000000003,11.2,3.431285335357265e-07,2.328306436536557e-08,6.810101964780011,0.0,1.9990341823146196e-08,5.760103856275455,15.193551991497273,2.4865502148298088e-08,9.476234399001784,2.0550643884261036e-08,1,0,0,0,,,
307,0,76.20000000000003,10.2,1.765618522236498e-07,1.1641532182682784e-08,5.325085608909513,0.0,9.995170911573098e-09,4.080051928137716,15.297072170006837,1.2794911197082176e-08,8.332325433327242,1.0412957752180294e-08,1,0,0,0,,,
308,0,76.00000000000003,9.2,9.077971883971817e-08,5.820766091341392e-09,4.022560117714506,0.0,4.997585455786549e-09,3.306692630735514,15.400592347734454,6.5785356600076535e-09,7.2607126170010075,5.275296781115036e-09,1,0,0,0,,,
309,0,75.80000000000003,8.2,4.6639255783805726e-08,2.910383045670696e-09,3.113510937709346,0.0,2.4987927278932746e-09,2.986679648701081,15.504112525071102,3.379807860737109e-09,6.344980601198838,2.6720573430699623e-09,1,0,0,0,,,
310,0,75.60000000000002,7.199999999999999,2.3944326073876183e-08,1.455191522835348e-09,2.552315352725161,0.0,1.2493963639466373e-09,2.893339824350532,15.607632702212259,1.7351739457351959e-09,5.567055348583655,1.3532331477912032e-09,1,0,0,0,,,
311,0,75.40000000000002,6.199999999999999,1.2284512127924751e-08,7.27595761417674e-10,2.2406042849644883,0.0,6.246981819733186e-10,2.9133365788419248,15.711152879255676,8.902219805509187e-10,4.887966659024442,6.852188120237127e-10,1,0,0,0,,,
312,0,75.20000000000002,5.199999999999999,6.298430609455705e-09,3.63797880708837e-10,2.0914143356720842,0.0,3.123490909866593e-10,2.9900016227542894,15.814673056250221,4.564284941171197e-10,4.273262841724454,3.469105250759119e-10,1,0,0,0,,,
313,0,75.00000000000001,4.199999999999999,3.2273025774745176e-09,1.818989403544185e-10,2.0423743755420714,0.0,1.5617454549332966e-10,3.095000811377139,15.91819323322033,2.338729989793901e-10,3.698234755919695,1.7560582206998375e-10,1,0,0,0,,,
314,0,74.80000000000001,3.1999999999999993,1.6526949251105913e-09,9.094947017720925e-11,2.052854124957382,0.0,7.808727274666483e-11,3.214167072355232,16.021713410178222,1.1976587545011012e-10,3.1467861835453643,8.887819080100576e-11,1,0,0,0,,,
315,0,74.60000000000001,2.1999999999999993,8.458692807419619e-10,4.5474735088604626e-11,2.0978160866274185,0.0,3.9043636373332415e-11,3.3404168695109457,16.125233587130005,6.129762570526261e-11,2.608998191727649,4.497673528350982e-11,1,0,0,0,,,
316,0,74.4,1.1999999999999993,4.3269554946431405e-10,2.2737367544302313e-11,2.1623803331658493,0.0,1.9521818186666207e-11,3.4702084347554703,16.228753764078732,3.135615684273507e-11,2.0789759021089456,2.2757187583258384e-11,1,0,0,0,,,
317,0,74.2,0.1999999999999993,2.2122822927882359e-10,1.1368683772151157e-11,2.2379263115089936,0.0,9.760909093333104e-12,3.6017708840443996,16.33227394102593,1.6031750416419423e-11,1.5533041695500986,1.1513003762380927e-11,1,0,0,0,,,
318,0,74.0,0.0,1.1305434191274507e-10,5.684341886075578e-12,2.3195534504397526,0.0,4.880454546666552e-12,3.7342187753555325,16.43579411797237,8.192711205735655e-12,1.0300415685013558,5.823706866566332e-12,1,0,0,0,,,
319,0,73.8,0.0,5.7747284593039176e-11,2.842170943037789e-12,2.404516317006949,0.0,2.440227273333276e-12,3.8671093876777665,16.539314294918427,4.184773601630799e-12,0.9525806697162582,2.9454559259711e-12,1,0,0,0,,,
320,0,73.6,0.0,2.948369911485291e-11,1.4210854715188946e-12,2.4912946210636773,0.0,1.220113636666638e-12,4.000221360505551,16.64283447186429,2.136595800196886e-12,0.9869590328034006,1.4895292093295168e-12,1,0,0,0,,,
321,0,73.39999999999999,0.0,1.5046877966593112e-11,7.105427357594473e-13,2.57905443070083,0.0,6.10056818333319e-13,4.133444013586111,16.74635464881006,1.0904023997891853e-12,1.0217262321968719,7.531652278367419e-13,1,0,0,0,,,
322,0,73.19999999999999,0.0,7.675953187879884e-12,3.5527136787972364e-13,2.6673418865460223,0.0,3.050284091666595e-13,4.266722006793058,16.84987482575578,5.56253449739964e-13,1.056702465554768,3.8078292550436267e-13,1,0,0,0,,,
323,0,72.99999999999999,0.0,3.914233696231606e-12,1.7763568393986182e-13,2.755911612204149,0.0,1.5251420458332975e-13,4.4000276700632,16.953395002701473,2.8365284979266765e-13,1.0917905238005077,1.924916185451772e-13,1,0,0,0,,,
324,0,72.79999999999998,0.0,1.9952453992616353e-12,8.881784196993091e-14,2.8446316961232,0.0,7.625710229166487e-14,4.533347168364939,17.056915179647163,1.4458948735767667e-13,1.1269381484429841,9.729588716908653e-14,1,0,0,0,,,
325,0,72.59999999999998,0.0,1.0166869752037337e-12,4.4408920984965455e-14,2.933431570849943,0.0,3.8128551145832436e-14,4.666673584182475,17.160435356592842,7.367627490950976e-14,1.1621173832602367,4.917298253279222e-14,1,0,0,0,,,
326,0,72.39999999999998,0.0,5.178756253883249e-13,2.2204460492482728e-14,3.0222736468191447,0.0,1.9064275572916218e-14,4.80000345875791,17.263955533538518,3.752890307009058e-14,1.1973133366530808,2.484901074052059e-14,1,0,0,0,,,
327,0,72.19999999999997,0.0,2.6370388158739144e-13,1.1102230246241364e-14,3.111137976328884,0.0,9.532137786458109e-15,4.933335062712296,17.367475710484193,1.910983434271315e-14,1.2325181060778232,1.2555765107322536e-14,1,0,0,0,,,
328,0,71.99999999999997,0.0,1.3423497524031022e-13,5.551115123120682e-15,3.2000140090685445,0.0,4.7660688932290546e-15,5.066667531356156,17.47099588742987,9.727608575190501e-15,1.2677275118905649,6.343512422192389e-15,1,0,0,0,,,
329,0,71.79999999999997,0.0,6.830900484346236e-14,2.775557561560341e-15,3.2888961816529925,0.0,2.3830344466145273e-15,5.200000432344755,17.57451606437554,4.9501499895122136e-15,1.3029393500833322,3.2045711453617548e-15,1,0,0,0,,,
330,0,71.59999999999997,0.0,3.475026103338481e-14,1.3877787807801705e-15,3.3777815682747487,0.0,1.1915172233072636e-15,5.333333549505721,17.678036241321212,2.5182478457145887e-15,1.338152461559125,1.6186930398136574e-15,1,0,0,0,,,
331,0,71.39999999999996,0.0,1.7673009822519217e-14,6.938893903900852e-16,3.466668633972615,0.0,5.957586116536318e-16,5.466666774752872,17.781556418266884,1.2807103483365351e-15,1.3733662382229372,8.175502534732188e-16,1,0,0,0,,,
332,0,71.19999999999996,0.0,8.985444564173015e-15,3.469446951950426e-16,3.555556575237265,0.0,2.978793058268159e-16,5.600000054043115,17.885076595212556,6.51148386907888e-16,1.4085803617540118,4.1287699351980444e-16,1,0,0,0,,,
333,0,70.99999999999996,0.0,4.567192108543211e-15,1.734723475975213e-16,3.644444972299671,0.0,1.4893965291340795e-16,5.733333360354905,17.98859677215823,3.3097079982375426e-16,1.4437946658553444,2.084894301514997e-16,1,0,0,0,,,
334,0,70.79999999999995,0.0,2.320830967499957e-15,8.673617379876066e-17,3.7333336062681375,0.0,7.446982645670398e-17,5.866666680177467,18.092116949103907,1.681837030967822e-16,1.4790090638101199,1.052701817715486e-16,1,0,0,0,,,
335,0,70.59999999999995,0.0,1.1790329403641544e-15,4.336808689938033e-17,3.822222363193224,0.0,3.723491322835199e-17,6.000000006755416,18.19563712604958,8.544100314084367e-17,1.5142235104757722,5.314782423367368e-17,1,0,0,0,,,
336,0,70.39999999999995,0.0,5.988251984891651e-16,2.1684043449690164e-17,3.911111183848417,0.0,1.8617456614175994e-17,6.133333336711057,18.29915730299525,4.339507736664811e-17,1.549437982388942,2.683027879078653e-17,1,0,0,0,,,
337,0,70.19999999999995,0.0,3.040669633981265e-16,1.0842021724845082e-17,4.00000003749456,0.0,9.308728307087997e-18,6.266666668355546,18.40267747994093,2.2034826581437195e-17,1.5846524673719096,1.354332273236811e-17,1,0,0,0,,,
338,0,69.99999999999994,0.0,1.5436066377583523e-16,5.421010862422541e-18,4.088888908199128,0.0,4.6543641535439986e-18,6.400000000844458,18.506197656886602,1.1186057239775166e-17,1.6198669591127957,6.835753034671476e-18,1,0,0,0,,,
339,0,69.79999999999994,0.0,7.83439229263036e-17,2.7105054312112705e-18,4.177777787714383,0.0,2.3271820767719993e-18,6.533333333755582,18.609717833832274,5.677350594415867e-18,1.6550814543441512,3.4499223515794494e-18,1,0,0,0,,,
340,0,69.59999999999994,0.0,3.9753756982344797e-17,1.3552527156056352e-18,4.2666666717757185,0.0,1.1635910383859996e-18,6.666666666877811,18.713238010777946,2.8808362844720765e-18,1.6902959513764955,1.74098409291158e-18,1,0,0,0,,,
341,0,69.39999999999993,0.0,2.0167776250768895e-17,6.776263578028176e-19,4.3555555581804635,0.0,5.817955191929998e-19,6.800000000105594,18.816758187723618,1.4614986358681091e-18,1.7255104493372126,8.78503505016718e-19,1,0,0,0,,,
342,0,69.19999999999993,0.0,1.0229337005182696e-17,3.388131789014088e-19,4.444444445792097,0.0,2.908977595964999e-19,6.933333333386152,18.920278364669294,7.412895647500903e-19,1.7607249477760547,4.432574817888229e-19,1,0,0,0,,,
343,0,68.99999999999993,0.0,5.1873929424904725e-18,1.694065894507044e-19,4.533333334024766,0.0,1.4544887979824996e-19,7.066666666693099,19.023798541614966,3.7591490578306286e-19,1.7959394464609277,2.2363160553464336e-19,1,0,0,0,,,
344,0,68.79999999999993,0.0,2.6300586911947984e-18,8.47032947253522e-20,4.62222222257675,0.0,7.272443989912498e-20,7.20000000001324,19.12731871856064,1.9059251459554036e-19,1.8311539452723016,1.1281723508743765e-19,1,0,0,0,,,
345,0,68.59999999999992,0.0,1.3332104555721803e-18,4.23516473626761e-20,4.711111111292789,0.0,3.636221994956249e-20,7.3333333333399775,19.230838895506313,9.661378814977461e-20,1.8663684441486683,5.690933370377681e-20,1,0,0,0,,,
346,0,68.39999999999992,0.0,6.756957827734807e-19,2.117582368133805e-20,4.800000000093054,0.0,1.8181109974781245e-20,7.466666666670014,19.33435907245199,4.896565950088954e-20,1.901582943058402,2.87050249319174e-20,1,0,0,0,,,
347,0,68.19999999999992,0.0,3.423931688804356e-19,1.0587911840669025e-20,4.888888888936533,0.0,9.090554987390622e-21,7.6000000000017,19.437879249397664,2.4812212463445876e-20,1.9367974419852554,1.4477691505973193e-20,1,0,0,0,,,
348,0,67.99999999999991,0.0,1.7346922318706544e-19,5.293955920334513e-21,4.977777777802166,0.0,4.545277493695311e-21,7.73333333333421,19.541399426343336,1.2570797588223498e-20,1.972011940920886,7.301435272993846e-21,1,0,0,0,,,
349,0,67.79999999999991,0.0,8.787093096695654e-20,2.6469779601672563e-21,5.066666666679152,0.0,2.2726387468476556e-21,7.866666666667133,19.644919603289008,6.367744472362025e-21,2.007226439861014,3.682012396500547e-21,1,0,0,0,,,
350,0,67.59999999999991,0.0,4.4503625170190177e-20,1.3234889800836282e-21,5.155555555561954,0.0,1.1363193734238278e-21,8.000000000000263,19.748439780234683,3.2250450753061524e-21,2.0424409388034457,1.856653578252086e-21,1,0,0,0,,,
351,0,67.3999999999999,0.0,2.2535892428451043e-20,6.617444900418141e-22,5.244444444447732,0.0,5.681596867119139e-22,8.133333333333496,19.851959957180355,1.6331089572156452e-21,2.077655437747056,9.361504791269489e-22,1,0,0,0,,,
352,0,67.1999999999999,0.0,1.1409986135903498e-20,3.3087224502090704e-22,5.333333333335031,0.0,2.8407984335595695e-22,8.26666666666678,19.955480134126027,8.268476883891076e-22,2.1128699366912693,4.719870845639275e-22,1,0,0,0,,,
353,0,66.9999999999999,0.0,5.776013028790738e-21,1.6543612251045352e-22,5.422222222223109,0.0,1.4203992167797847e-22,8.400000000000087,20.0590003110717,4.1857044908519614e-22,2.1480844356357918,2.379494647821902e-22,1,0,0,0,,,
354,0,66.7999999999999,0.0,2.9235164948148632e-21,8.271806125522676e-23,5.511111111111584,0.0,7.101996083898924e-23,8.533333333333411,20.162520488017375,2.1185852698791927e-22,2.183298934580471,1.1995269364120838e-22,1,0,0,0,,,
355,0,66.5999999999999,0.0,1.4795132376171787e-21,4.135903062761338e-23,5.600000000000262,0.0,3.550998041949462e-23,8.666666666666742,20.266040664963047,1.0721591471662022e-22,2.2185134335252306,6.046532744566081e-23,1,0,0,0,,,
356,0,66.39999999999989,0.0,7.486341139134629e-22,2.067951531380669e-23,5.6888888888890445,0.0,1.775499020974731e-23,8.800000000000074,20.369560841908722,5.42512829696404e-23,2.253727932470032,3.0477154035358725e-23,1,0,0,0,,,
357,0,66.19999999999989,0.0,3.7875580450916826e-22,1.0339757656903345e-23,5.777777777777881,0.0,8.877495104873655e-24,8.933333333333405,20.473081018854394,2.744730429048535e-23,2.2889424314148545,1.5360822173943516e-23,1,0,0,0,,,
358,0,65.99999999999989,0.0,1.9159727603080252e-22,5.1698788284516725e-24,5.866666666666742,0.0,4.438747552436827e-24,9.06666666666674,20.576601195800066,1.388448354807525e-23,2.3241569303596865,7.741533665103837e-24,1,0,0,0,,,
359,0,65.79999999999988,0.0,9.690832490351046e-23,2.5849394142258363e-24,5.955555555555618,0.0,2.2193737762184136e-24,9.200000000000074,20.68012137274574,7.022657475453912e-24,2.359371429304525,3.901328121617958e-24,1,0,0,0,,,
360,0,65.59999999999988,0.0,4.9009005895809827e-23,1.2924697071129181e-24,6.0444444444445,0.0,1.1096868881092068e-24,9.333333333333409,20.783641549691414,3.5515365884350994e-24,2.3945859282493656,1.9659447053419987e-24,1,0,0,0,,,
361,0,65.39999999999988,0.0,2.4781924669932213e-23,6.462348535564591e-25,6.133333333333386,0.0,5.548434440546034e-25,9.466666666666743,20.887161726637085,1.7958722195716214e-24,2.4298004271942077,9.90612674937509e-25,1,0,0,0,,,
362,0,65.19999999999987,0.0,1.2529673195979756e-23,3.2311742677822953e-25,6.222222222222275,0.0,2.774217220273017e-25,9.600000000000078,20.990681903582757,9.079880724628467e-25,2.465014926139051,4.991264986020094e-25,1,0,0,0,,,
363,0,64.99999999999987,0.0,6.334192028496703e-24,1.6155871338911477e-25,6.311111111111163,0.0,1.3871086101365085e-25,9.733333333333412,21.094202080528433,4.590200175699414e-25,2.500229425083894,2.5147332986763215e-25,1,0,0,0,,,
364,0,64.79999999999987,0.0,3.2017737295017638e-24,8.077935669455738e-26,6.400000000000052,0.0,6.935543050682543e-26,9.866666666666749,21.197722257474105,2.3202299945422964e-25,2.5354439240287365,1.266917052171298e-25,1,0,0,0,,,
365,0,64.59999999999987,0.0,1.618225722377588e-24,4.038967834727869e-26,6.488888888888942,0.0,3.4677715253412713e-26,10.000000000000083,21.30124243441978,1.172679950617443e-25,2.570658422973581,6.382337275022176e-26,1,0,0,0,,,
366,0,64.39999999999986,0.0,8.177822900021471e-25,2.0194839173639346e-26,6.577777777777832,0.0,1.7338857626706357e-26,10.133333333333418,21.404762611365452,5.92622451981869e-26,2.605872921918425,3.2150446445939314e-26,1,0,0,0,,,
367,0,64.19999999999986,0.0,4.132258594077501e-25,1.0097419586819673e-26,6.666666666666721,0.0,8.669428813353178e-27,10.266666666666755,21.50828278831113,2.994524643275082e-26,2.641087420863268,1.6194603258383872e-26,1,0,0,0,,,
368,0,63.99999999999986,0.0,2.0878028690721333e-25,5.0487097934098364e-27,6.7555555555556115,0.0,4.334714406676589e-27,10.40000000000009,21.611802965256803,1.5129685133204095e-26,2.676301919808112,8.156991646899043e-27,1,0,0,0,,,
369,0,63.799999999999855,0.0,1.054738220552758e-25,2.5243548967049182e-27,6.844444444444503,0.0,2.1673572033382946e-27,10.533333333333424,21.715323142202475,7.64337352501639e-27,2.711516418752956,4.1083408323030754e-27,1,0,0,0,,,
370,0,63.59999999999985,0.0,5.327875032847247e-26,1.2621774483524591e-27,6.933333333333392,0.0,1.0836786016691473e-27,10.66666666666676,21.818843319148147,3.860952241715367e-27,2.7467309176977994,2.069092920578315e-27,1,0,0,0,,,
371,0,63.39999999999985,0.0,2.691029481465352e-26,6.3108872417622955e-28,7.022222222222283,0.0,5.418393008345736e-28,10.800000000000095,21.922363496093823,1.950108860461269e-27,2.781945416642644,1.0420077125025457e-27,1,0,0,0,,,
372,0,63.19999999999985,0.0,1.3590607232535402e-26,3.1554436208811478e-28,7.111111111111175,0.0,2.709196504172868e-28,10.93333333333343,22.025883673039495,9.848708000324272e-28,2.8171599155874882,5.2473448235796715e-28,1,0,0,0,,,
373,0,62.999999999999844,0.0,6.863033528872022e-27,1.5777218104405739e-28,7.200000000000063,0.0,1.354598252086434e-28,11.066666666666766,22.129403849985167,4.973435849171102e-28,2.852374414532331,2.642325542323307e-28,1,0,0,0,,,
374,0,62.79999999999984,0.0,3.4653817207381716e-27,7.888609052202869e-29,7.288888888888954,0.0,6.77299126043217e-29,11.2000000000001,22.23292402693084,2.5112588490900325e-28,2.887588913477175,1.330489336428389e-28,1,0,0,0,,,
375,0,62.59999999999984,0.0,1.749623338520166e-27,3.9443045261014347e-29,7.377777777777843,0.0,3.386495630216085e-29,11.333333333333435,22.33644420387651,1.2678998867972575e-28,2.922803412422019,6.699079508475622e-29,1,0,0,0,,,
376,0,62.399999999999835,0.0,8.832779083356232e-28,1.9721522630507174e-29,7.4666666666667325,0.0,1.6932478151080426e-29,11.466666666666772,22.43996438082219,6.400851745247491e-29,2.9580179113668623,3.37285616740465e-29,1,0,0,0,,,
377,0,62.19999999999983,0.0,4.4587207370558165e-28,9.860761315253587e-30,7.555555555555623,0.0,8.466239075540213e-30,11.600000000000106,22.54348455776786,3.231102028254349e-29,2.993232410311706,1.6980862902857447e-29,1,0,0,0,,,
378,0,61.99999999999983,0.0,2.2505259662167586e-28,4.9303806576267934e-30,7.644444444444514,0.0,4.2331195377701066e-30,11.73333333333344,22.647004734713533,1.630889091942476e-29,3.0284469092565502,8.54872248434582e-30,1,0,0,0,,,
379,0,61.79999999999983,0.0,1.1358457819528045e-28,2.4651903288133967e-30,7.733333333333404,0.0,2.1165597688850533e-30,11.866666666666777,22.750524911659205,8.231135848788886e-30,3.0636614082013933,4.30350675863146e-30,1,0,0,0,,,
380,0,61.599999999999824,0.0,5.732142903986148e-29,1.2325951644066983e-30,7.822222222222295,0.0,1.0582798844425266e-30,12.000000000000112,22.85404508860488,4.153913118932696e-30,3.0988759071462377,2.1663261375450038e-30,1,0,0,0,,,
381,0,61.39999999999982,0.0,2.892528449104137e-29,6.162975822033492e-31,7.911111111111186,0.0,5.291399422212633e-31,12.133333333333447,22.957565265550553,2.0961291567354753e-30,3.1340904060910817,1.0904494478871392e-30,1,0,0,0,,,
382,0,60.89999999999982,0.5,1.4594927231076e-29,3.081487911016746e-31,8.000000000000076,0.0,2.6456997111063166e-31,12.266666666666783,23.061085442496225,1.0576508770023006e-30,3.169304905035926,5.488679135008882e-31,1,0,0,0,,,
383,0,60.39999999999982,1.0,7.363606108315657e-30,1.540743955508373e-31,8.088888888888967,0.0,1.3228498555531583e-31,12.500000000000119,23.31988588486041,5.33618587818432e-31,3.482319535242335,2.762555515291034e-31,1,0,0,0,,,
384,0,59.89999999999982,1.5,3.714874300546657e-30,7.703719777541865e-32,8.21111111111119,0.0,6.614249277765792e-32,12.783333333333452,23.578686327224585,2.692058685678569e-31,3.8085396025530613,1.3903857315388133e-31,1,0,0,0,,,
385,0,59.39999999999982,2.0,1.873972773467743e-30,3.8518598887709323e-32,8.366666666666747,0.0,3.307124638882896e-32,13.091666666666786,23.837486769588764,1.3580122161324885e-31,4.147965106968103,6.997468527160551e-32,1,0,0,0,,,
386,0,58.89999999999982,2.5,9.452541983310786e-31,1.9259299443854662e-32,8.547222222222302,0.0,1.653562319441448e-32,13.41250000000012,24.096287211952948,6.849975447128462e-32,4.497294689211381,3.521504198313516e-32,1,0,0,0,,,
387,0,68.59999999999982,2.6,4.767610049641429e-31,9.629649721927331e-33,8.744444444444525,0.0,8.26781159720724e-33,13.739583333333453,24.355087654317124,3.4549449067972424e-32,4.853226990006819,1.7721370665233784e-32,1,0,0,0,,,
388,0,68.09999999999982,3.1,2.4044745538137324e-31,4.8148248609636654e-33,8.952083333333412,0.0,4.13390579860362e-33,10.669791666666784,19.334359072452038,1.742451045015126e-32,4.991045884888101,8.917610169449996e-33,1,0,0,0,,,
389,0,67.59999999999982,3.6,1.2125720414033751e-31,2.4074124304818327e-33,8.032638888888968,0.0,2.06695289930181e-33,9.301562500000117,19.593159514816218,8.787148183158159e-33,4.904596042688944,4.4872675031415494e-33,1,0,0,0,,,
390,0,67.09999999999982,4.1,6.11453402949942e-32,1.2037062152409164e-33,7.116840277777856,0.0,1.033476449650905e-33,8.784114583333452,19.851959957180394,4.4310205706203416e-33,4.819590545173071,2.2578649607790504e-33,1,0,0,0,,,
391,0,76.79999999999983,4.199999999999999,3.0831039259909826e-32,6.018531076204582e-34,6.486458333333412,0.0,5.167382248254525e-34,8.692057291666783,20.110760399544578,2.2342335248308026e-33,4.847656602862906,1.136048084993663e-33,1,0,0,0,,,
392,0,76.29999999999983,4.699999999999999,1.5544704186161275e-32,3.009265538102291e-34,6.140581597222299,0.0,2.5836911241272623e-34,5.412695312500117,15.09003181767949,1.1264783821757168e-33,4.766193024578375,5.715818447989005e-34,1,0,0,0,,,
393,0,75.79999999999983,5.199999999999999,7.836944371183818e-33,1.5046327690511454e-34,4.874522569444522,0.0,1.2918455620636312e-34,3.9396809895834495,15.34883226004367,5.6792000096801636e-34,4.542427269989805,2.875698235504847e-34,1,0,0,0,,,
394,0,85.49999999999983,5.299999999999999,3.9507683246435e-33,7.523163845255727e-35,3.750488281250077,0.0,6.459227810318156e-35,3.3698404947917826,15.607632702407848,2.863004054240871e-34,4.374926478375972,1.4467436235075956e-34,1,0,0,0,,,
395,0,84.99999999999983,5.799999999999999,1.991532231847545e-33,3.7615819226278636e-35,2.998524305555633,0.0,3.229613905159078e-35,1.6849202473958913,13.43370898654865,1.4432040518208304e-34,4.132586115055949,7.278190646313842e-35,1,0,0,0,,,
396,0,94.69999999999983,5.899999999999999,1.0038401506866702e-33,1.8807909613139318e-35,2.0609022352431134,0.0,1.614806952579539e-35,0.8424601236979457,13.43370898654865,7.274530382606125e-35,4.038934968003592,3.661331587544851e-35,1,0,0,0,,,
397,0,94.19999999999983,6.399999999999999,5.059570927247839e-34,9.403954806569659e-36,1.3112711588542054,0.0,8.074034762897695e-36,0.4212300618489728,13.43370898654865,3.666520253054049e-35,3.7975188133350666,1.8417839259663911e-35,1,0,0,0,,,
398,0,93.69999999999983,6.899999999999999,2.5499705505311635e-34,4.7019774032848295e-36,0.7960456000434271,0.0,4.0370173814488474e-36,0.2106150309244864,13.43370898654865,1.8478876574025182e-35,3.8712055832542744,9.264510290801783e-36,1,0,0,0,,,
399,0,100,6.999999999999998,1.2850778187192038e-34,2.3509887016424148e-36,0.4682278103298757,0.0,2.0185086907244237e-36,0.1053075154622432,13.43370898654865,9.312575941390056e-36,4.019136398403693,4.6600504758858047e-36,1,0,0,0,,,
400,0,99.8,5.999999999999998,6.475851810864129e-35,1.1754943508212074e-36,0.26921641031901894,0.0,1.0092543453622118e-36,0.0526537577311216,13.43370898654865,4.692856797883762e-36,3.995855448879446,2.343922903185359e-36,1,0,0,0,,,
401,0,99.6,4.999999999999998,3.2631572640661196e-35,5.877471754106037e-37,0.15215945773655,0.0,5.046271726811059e-37,0.0263268788655608,13.43370898654865,2.3647128125362476e-36,3.3938815396077935,1.1789102842139079e-36,1,0,0,0,,,
402,0,99.1,5.499999999999998,1.6441943113500873e-35,2.9387358770530184e-37,0.08485535515679528,0.0,2.5231358634055296e-37,0.0131634394327804,13.43370898654865,1.1914986130653073e-36,2.81161787428028,5.929295584175682e-37,1,0,0,0,,,
403,0,98.6,5.999999999999998,8.284049953335574e-36,1.4693679385265092e-37,0.046815490722657775,0.0,1.2615679317027648e-37,0.0065817197163902,13.43370898654865,6.003204099312453e-37,3.074348014424594,2.982019873640912e-37,1,0,0,0,,,
404,0,100,6.099999999999998,4.173564174960356e-36,7.346839692632546e-38,0.025601651933458956,0.0,6.307839658513824e-38,0.0032908598581951,13.43370898654865,3.0244575666491847e-37,3.3437440052700036,1.4996959775969916e-37,1,0,0,0,,,
405,0,99.8,5.099999999999998,2.1025516866264624e-36,3.673419846316273e-38,0.013897779252794512,0.0,3.153919829256912e-38,0.00164542992909755,13.43370898654865,1.5236565418210717e-37,3.3946673888854737,7.541910091867635e-38,1,0,0,0,,,
406,0,99.6,4.099999999999998,1.0591606428863734e-36,1.8367099231581365e-38,0.007497366269429773,0.0,1.576959914628456e-38,0.000822714964548775,13.43370898654865,7.675421501587755e-38,2.836531518829538,3.792670147875156e-38,1,0,0,0,,,
407,0,99.39999999999999,3.099999999999998,5.335227212297578e-37,9.183549615790683e-39,0.004022921456231145,0.0,7.88479957314228e-39,0.0004113574822743875,13.43370898654865,3.866280147035075e-38,2.2795548094328133,1.9071926249082473e-38,1,0,0,0,,,
408,0,99.19999999999999,2.099999999999998,2.6873256050816445e-37,4.591774807895341e-39,0.0021485798888737015,0.0,3.94239978657114e-39,0.00020567874113719376,13.43370898654865,1.9474247716381364e-38,1.7232120019192898,9.590250879394584e-39,1,0,0,0,,,
409,0,98.99999999999999,1.0999999999999979,1.35351880200725e-37,2.2958874039476707e-39,0.0011428495248159152,0.0,1.97119989328557e-39,0.00010283937056859688,13.43370898654865,9.808547348793678e-39,1.1672133061241643,4.8222693171239655e-39,1,0,0,0,,,
410,0,98.79999999999998,0.09999999999999787,6.816874007368389e-38,1.1479437019738353e-39,0.0006057045525974898,0.0,9.85599946642785e-40,5.141968528429844e-05,13.43370898654865,4.939985419698337e-39,0.611400246576637,2.4247065972753194e-39,1,0,0,0,,,
411,0,98.59999999999998,0.0,3.433077002350264e-38,5.739718509869177e-40,0.000319992171393511,0.0,4.927999733213925e-40,2.570984264214922e-05,13.43370898654865,2.487848582499917e-39,0.05568679534710828,1.2191392679943282e-39,1,0,0,0,,,
412,0,98.39999999999998,0.0,1.7288585005081666e-38,2.8698592549345883e-40,0.00016856603324413855,0.0,2.4639998666069625e-40,1.285492132107461e-05,13.43370898654865,1.252852227575333e-39,6.677964449788652e-05,6.129626186754982e-40,1,0,0,0,,,
413,0,98.19999999999997,0.0,8.705892499206007e-39,1.4349296274672942e-40,8.85679903957608e-05,0.0,1.2319999333034813e-40,6.427460660537305e-06,13.43370898654865,6.308900819503535e-40,3.50873707988071e-05,3.081778016769162e-40,1,0,0,0,,,
414,0,97.99999999999997,0.0,4.38374624793559e-39,7.174648137336471e-41,4.642648208472616e-05,0.0,6.159999666517406e-41,3.2137303302686525e-06,13.43370898654865,3.1767702505652044e-40,1.839245967433547e-05,1.5493714700804164e-40,1,0,0,0,,,
415,0,97.79999999999997,0.0,2.2072731231340884e-39,3.5873240686682354e-41,2.4284484485785962e-05,0.0,3.079999833258703e-41,1.6068651651343263e-06,13.43370898654865,1.59954504568932e-40,9.620616974633695e-06,7.78926965888126e-41,1,0,0,0,,,
416,0,97.59999999999997,0.0,1.1113365611501909e-39,1.7936620343341177e-41,1.2677863964604422e-05,0.0,1.5399999166293516e-41,8.034325825671631e-07,13.43370898654865,8.05352483048019e-41,5.022502056049827e-06,3.9158409836802183e-41,1,0,0,0,,,
417,0,97.39999999999996,0.0,5.595182803666688e-40,8.968310171670589e-42,6.606742843157931e-06,0.0,7.699999583146758e-42,4.0171629128358157e-07,13.43370898654865,4.05466221625689e-41,2.6173478123914035e-06,1.9685235689599031e-41,1,0,0,0,,,
418,0,97.19999999999996,0.0,2.8168414007912106e-40,4.484155085835294e-42,3.437276852006826e-06,0.0,3.849999791573379e-42,2.0085814564179078e-07,13.43370898654865,2.0412810086368423e-41,1.3617222983789469e-06,9.89563323039849e-42,1,0,0,0,,,
419,0,96.99999999999996,0.0,1.4180456998745387e-40,2.242077542917647e-42,1.785591141217343e-06,0.0,1.9249998957866895e-42,1.0042907282089539e-07,13.43370898654865,1.02761545457262e-41,7.073853452810961e-07,4.9743243079987303e-42,1,0,0,0,,,
420,0,96.79999999999995,0.0,7.13835349676736e-41,1.1210387714588236e-42,9.262719282156365e-07,0.0,9.624999478933447e-43,5.0214536410447696e-08,13.43370898654865,5.172952024134093e-42,3.669547706863593e-07,2.500416000399108e-42,1,0,0,0,,,
421,0,96.59999999999995,0.0,3.5932392470810135e-41,5.605193857294118e-43,4.798741429113008e-07,0.0,4.812499739466724e-43,2.5107268205223848e-08,13.43370898654865,2.6039133877025434e-42,1.9010843436608527e-07,1.2568349233994254e-42,1,0,0,0,,,
422,0,96.09999999999995,0.5,1.8086508728891734e-41,2.802596928647059e-43,2.4830616085739166e-07,0.0,2.406249869733362e-43,1.2553634102611924e-08,13.43370898654865,1.31067538166902e-42,9.836974169449544e-08,6.317309232996485e-43,1,0,0,0,,,
423,0,95.59999999999995,1.0,9.103410611189201e-42,1.4012984643235295e-43,1.2833762512956646e-07,0.0,1.203124934866681e-43,6.276817051305962e-09,13.43370898654865,6.596970347433841e-43,0.2778001821041988,3.1752219244979204e-43,1,0,0,0,,,
424,0,95.09999999999995,1.5,4.581783428966267e-42,7.006492321617647e-44,6.626108491521854e-08,0.0,6.015624674333405e-44,3.138408525652981e-09,13.43370898654865,3.3202818932612924e-43,0.5556002887733291,1.5958946162487999e-43,1,0,0,0,,,
425,0,94.59999999999995,2.0,2.305930776168967e-42,3.5032461608088236e-44,3.417667863282693e-08,0.0,3.0078123371667023e-44,1.5692042628264905e-09,13.43370898654865,1.6710393064028317e-43,0.8334004073242365,8.0208913512431945e-44,1,0,0,0,,,
426,0,94.09999999999995,2.5,1.1604849189274001e-42,1.7516230804044118e-44,1.7611407404022294e-08,0.0,1.5039061685833511e-44,7.846021314132452e-10,13.43370898654865,8.409688330875087e-44,1.1112005320232528,4.031154810621195e-44,1,0,0,0,,,
427,0,100,2.6,5.840022248851584e-43,8.758115402022059e-45,9.067237745815561e-09,0.0,7.519530842916756e-45,3.923010657066226e-10,13.43370898654865,4.232090064868006e-44,1.3890006598999336,2.025931972810397e-44,1,0,0,0,,,
428,0,99.8,1.6,2.9388099515330838e-43,4.3790577010110295e-45,4.664385894809988e-09,0.0,3.759765421458378e-45,1.961505328533113e-10,13.43370898654865,2.1296679821492358e-44,1.4445606844079995,1.018143270155098e-44,1,0,0,0,,,
429,0,99.6,0.6000000000000001,1.4788043893201878e-43,2.1895288505055148e-45,2.3975764583560975e-09,0.0,1.879882710729189e-45,9.807526642665566e-11,13.43370898654865,1.0716454659322336e-44,0.8889604209868415,5.1166027695249884e-45,1,0,0,0,,,
430,0,99.39999999999999,0.0,7.441019014369168e-44,1.0947644252527574e-45,1.2314799846536005e-09,0.0,9.399413553645945e-46,4.903763321332783e-11,13.43370898654865,5.392284703949248e-45,0.33336015800174584,2.5712445941372427e-45,1,0,0,0,,,
431,0,99.19999999999999,0.0,3.7440080410686987e-44,5.473822126263787e-46,6.320858700645762e-10,0.0,4.699706776822972e-46,2.4518816606663914e-11,13.43370898654865,2.7131710391186638e-45,2.5040910604994284e-10,1.2920939017559958e-45,1,0,0,0,,,
432,0,98.99999999999999,0.0,1.8837532874764067e-44,2.7369110631318935e-46,3.2421587390117604e-10,0.0,2.349853388411486e-46,1.2259408303331957e-11,13.43370898654865,1.3650998631313521e-45,1.2844236993068706e-10,6.492827532216852e-46,1,0,0,0,,,
433,0,98.79999999999998,0.0,9.47751277209232e-45,1.3684555315659467e-46,1.66194406385032e-10,0.0,1.174926694205743e-46,6.1297041516659785e-12,13.43370898654865,6.868071033516859e-46,6.584009341820136e-11,3.262592777826862e-46,1,0,0,0,,,
434,0,98.59999999999998,0.0,4.768129553401303e-45,6.842277657829734e-47,8.514043790973798e-11,0.0,5.874633471028715e-47,3.0648520758329893e-12,13.43370898654865,3.4553213756884793e-46,3.372950093552959e-11,1.6393858947726491e-46,1,0,0,0,,,
435,0,98.39999999999998,0.0,2.3987513603782233e-45,3.421138828914867e-47,4.3591836313479986e-11,0.0,2.9373167355143577e-47,1.5324260379164946e-12,13.43370898654865,1.7383036173092645e-46,1.726947758097925e-11,8.237377003159335e-47,1,0,0,0,,,
436,0,98.19999999999997,0.0,1.2067189720278975e-45,1.7105694144574334e-47,2.230672683604549e-11,0.0,1.4686583677571788e-47,7.662130189582473e-13,13.43370898654865,8.744732733871449e-47,8.837102347096853e-12,4.1389122662277134e-47,1,0,0,0,,,
437,0,97.99999999999997,0.0,6.0703113193334165e-46,8.552847072287167e-48,1.1408767757675493e-11,0.0,7.343291838785894e-48,3.8310650947912366e-13,13.43370898654865,4.398973690598286e-47,4.519732951852041e-12,2.079568015437879e-47,1,0,0,0,,,
438,0,97.79999999999997,0.0,3.0535138892636728e-46,4.2764235361435835e-48,5.832086048664121e-12,0.0,3.671645919392947e-48,1.9155325473956183e-13,13.43370898654865,2.2127905071304244e-47,2.3104573650778267e-12,1.0448399488809507e-47,1,0,0,0,,,
439,0,97.59999999999997,0.0,1.5359360594303187e-46,2.1382117680717918e-48,2.9798941092452475e-12,0.0,1.8358229596964736e-48,9.577662736978091e-14,13.43370898654865,1.1130470844808526e-47,1.180524127114817e-12,5.2494794502148094e-48,1,0,0,0,,,
440,0,97.39999999999996,0.0,7.725575871144005e-47,1.0691058840358959e-48,1.5218725970792173e-12,0.0,9.179114798482368e-49,4.788831368489046e-14,13.43370898654865,5.598494576982466e-48,6.029097858453601e-13,2.6373795780124334e-48,1,0,0,0,,,
441,0,97.19999999999996,0.0,3.885735722568208e-47,5.3455294201794794e-49,7.768990697679054e-13,0.0,4.589557399241184e-49,2.394415684244523e-14,13.43370898654865,2.815876865780335e-48,3.0777875406665593e-13,1.325009715458731e-48,1,0,0,0,,,
442,0,96.69999999999996,0.5,1.954341754782207e-47,2.6727647100897397e-49,3.964309204981011e-13,0.0,2.294778699620592e-49,1.1972078421222614e-14,13.43370898654865,1.416253221534718e-48,1.570513076053159e-13,6.656648209556225e-49,1,0,0,0,,,
443,0,96.19999999999996,1.0,9.829078241401549e-48,1.3363823550448699e-49,2.0220615305612475e-13,0.0,1.147389349810296e-49,5.986039210611307e-15,13.43370898654865,7.122840050896342e-49,0.2778001312616458,3.3441239209093974e-49,1,0,0,0,,,
444,0,95.69999999999996,1.5,4.9432238544460316e-48,6.681911775224349e-50,1.0309842293159947e-13,0.0,5.73694674905148e-50,2.9930196053056536e-15,13.43370898654865,3.58220699705955e-49,0.5556002625231722,1.6799618685203415e-49,1,0,0,0,,,
445,0,100,1.6,2.4859542940956443e-48,3.3409558876121746e-50,5.2546884667568284e-14,0.0,2.86847337452574e-50,1.4965098026528268e-15,13.43370898654865,1.8014969843354627e-49,0.8334003937847178,8.43930888292992e-50,1,0,0,0,,,
446,0,99.8,0.6000000000000001,1.2501483304841365e-48,1.6704779438060873e-50,2.6772278934668416e-14,0.0,1.43423668726287e-50,7.482549013264134e-16,13.43370898654865,9.059452350705756e-50,0.8889604200370208,4.239404211629066e-50,1,0,0,0,,,
447,0,99.6,0.0,6.286597569602254e-49,8.352389719030437e-51,1.3635557767776345e-14,0.0,7.17118343631435e-51,3.741274506632067e-16,13.43370898654865,4.555709889867098e-50,0.33336015751388437,2.1295769908965868e-50,1,0,0,0,,,
448,0,99.39999999999999,0.0,3.1612267433919126e-49,4.1761948595152183e-51,6.942488034109241e-15,0.0,3.585591718157175e-51,1.8706372533160335e-16,13.43370898654865,2.2908468021906594e-50,2.7503576724569286e-15,1.06972593798932e-50,1,0,0,0,,,
449,0,99.19999999999999,0.0,1.5895773509913491e-49,2.0880974297576092e-51,3.533598592165155e-15,0.0,1.7927958590785875e-51,9.353186266580167e-17,13.43370898654865,1.1519193297238853e-50,1.39988141882212e-15,5.373316902651733e-51,1,0,0,0,,,
450,0,98.99999999999999,0.0,7.99270665143371e-50,1.0440487148788046e-51,1.797976583637845e-15,0.0,8.963979295392937e-52,4.676593133290084e-17,13.43370898654865,5.792076291762202e-51,7.122920007078882e-16,2.699002057678433e-51,1,0,0,0,,,
451,0,98.79999999999998,0.0,4.018763273955337e-50,5.220243574394023e-52,9.145769355965563e-16,0.0,4.481989647696469e-52,2.338296566645042e-17,13.43370898654865,2.912277967452489e-51,3.6232164600235806e-16,1.3556728320154998e-51,1,0,0,0,,,
452,0,98.59999999999998,0.0,2.0205866110969096e-50,2.6101217871970114e-52,4.65082789687095e-16,0.0,2.2409948238482343e-52,1.169148283322521e-17,13.43370898654865,1.4642588945119385e-51,1.8424864582538599e-16,6.809223175958915e-52,1,0,0,0,,,
453,0,98.39999999999998,0.0,1.0158957926080753e-50,1.3050608935985057e-52,2.3643855578795595e-16,0.0,1.1204974119241172e-52,5.845741416612605e-18,13.43370898654865,7.361894026488165e-52,9.36682343247965e-17,3.420041095920166e-52,1,0,0,0,,,
454,0,98.19999999999997,0.0,5.1074913983384794e-51,6.525304467992529e-53,1.201678583661822e-16,0.0,5.602487059620586e-53,2.9228707083063023e-18,13.43370898654865,3.701246790208316e-52,4.760607286845e-17,1.7177353019304373e-52,1,0,0,0,,,
455,0,97.99999999999997,0.0,2.567751916818291e-51,3.2626522339962643e-53,6.105821941919321e-17,0.0,2.801243529810293e-53,1.4614353541531512e-18,13.43370898654865,1.8607732835862762e-52,2.418901428725088e-17,8.627250279503958e-53,1,0,0,0,,,
456,0,97.79999999999997,0.0,1.2908790672336712e-51,1.6313261169981321e-53,3.101625482764766e-17,0.0,1.4006217649051465e-53,7.307176770765756e-19,13.43370898654865,9.354615860341968e-53,1.2287496070138376e-17,4.332912024677864e-53,1,0,0,0,,,
457,0,97.59999999999997,0.0,6.489410880290984e-52,8.156630584990661e-54,1.5751699972849357e-17,0.0,7.003108824525732e-54,3.653588385382878e-19,13.43370898654865,4.702682651376278e-53,6.240242498325657e-18,2.1760994548018747e-53,1,0,0,0,,,
458,0,97.39999999999996,0.0,3.2622132122068063e-52,4.0783152924953304e-54,7.997636265937443e-18,0.0,3.501554412262866e-54,1.826794192691439e-19,13.43370898654865,2.364028686290786e-53,3.1683684807910625e-18,1.0928714486324085e-53,1,0,0,0,,,
459,0,97.19999999999996,0.0,1.6398604921340602e-52,2.0391576462476652e-54,4.059711272725103e-18,0.0,1.750777206131433e-54,9.133970963457195e-20,13.43370898654865,1.1883580234467164e-53,1.6083078562096487e-18,5.488465849319401e-54,1,0,0,0,,,
460,0,96.99999999999996,0.0,8.243071890823587e-53,1.0195788231238326e-54,2.0603022062407425e-18,0.0,8.753886030657165e-55,4.5669854817285974e-20,13.43370898654865,5.9735085187402e-54,8.162157360118828e-19,2.7562872277383784e-54,1,0,0,0,,,
461,0,96.79999999999995,0.0,4.143420660488436e-53,5.097894115619163e-55,1.0453743880594667e-18,0.0,4.376943015328583e-55,2.2834927408642987e-20,13.43370898654865,3.002613460123409e-54,4.141387719594707e-19,1.3841707654085285e-54,1,0,0,0,,,
462,0,96.29999999999995,0.5,2.0826526877825394e-53,2.5489470578095815e-55,5.302988364992811e-19,0.0,2.1884715076642913e-55,1.1417463704321493e-20,13.43370898654865,1.5092363304383587e-54,2.1008483795649997e-19,6.950989584739337e-55,1,0,0,0,,,
463,0,95.79999999999995,1.0,1.0467975226604302e-53,1.2744735289047907e-55,2.6895523948441442e-19,0.0,1.0942357538321457e-55,5.708731852160747e-21,13.43370898654865,7.585829654075064e-55,0.27780013126156566,3.490562671218016e-55,1,0,0,0,,,
464,0,95.29999999999995,1.5,5.261343507147956e-54,6.372367644523954e-56,1.3638053035959415e-19,0.0,5.471178769160728e-56,2.8543659260803734e-21,13.43370898654865,3.812738827979169e-55,0.5556002625231313,1.7528152750331826e-55,1,0,0,0,,,
465,0,94.79999999999995,2.0,2.64434970049688e-54,3.186183822261977e-56,6.914172048849054e-20,0.0,2.735589384580364e-56,1.4271829630401867e-21,13.43370898654865,1.9162814144604025e-55,0.833400393784697,8.801746072286783e-56,1,0,0,0,,,
466,0,94.29999999999995,2.5,1.3290138237098912e-54,1.5930919111309884e-56,3.5046587898592004e-20,0.0,1.367794692290182e-56,7.135914815200933e-22,13.43370898654865,9.630967074656105e-56,1.1112005250462627,4.419707884703828e-56,1,0,0,0,,,
467,0,100,2.6,6.679263985856712e-55,7.965459555654942e-57,1.776115777646937e-20,0.0,6.83897346145091e-57,3.5679574076004667e-22,13.43370898654865,4.8402635385050985e-56,1.3890006563078285,2.219271366632132e-56,1,0,0,0,,,
468,0,99.8,1.6,3.356729426581984e-55,3.982729777827471e-57,8.999510801821368e-21,0.0,3.419486730725455e-57,1.7839787038002333e-22,13.43370898654865,2.4325217698410723e-56,1.4445606825601418,1.1143443954561748e-56,1,0,0,0,,,
469,0,99.6,0.6000000000000001,1.6869134301178058e-55,1.9913648889137355e-57,4.559221357704026e-21,0.0,1.7097433653627276e-57,8.919893519001167e-23,13.43370898654865,1.222455885214798e-56,0.8889604200370101,5.595265537981419e-57,1,0,0,0,,,
470,0,99.39999999999999,0.0,8.477310734723098e-56,9.956824444568678e-58,2.3093436572486837e-21,0.0,8.548716826813638e-58,4.4599467595005834e-23,13.43370898654865,6.143254427545296e-57,0.33336015751387893,2.8094045493409816e-57,1,0,0,0,,,
471,0,99.19999999999999,0.0,4.260027159428584e-56,4.978412222284339e-58,1.1695383178226773e-21,0.0,4.274358413406819e-58,2.2299733797502917e-23,13.43370898654865,3.087114714508302e-57,4.6332794091285515e-22,1.4105881648456268e-57,1,0,0,0,,,
472,0,98.99999999999999,0.0,2.1406994757478094e-56,2.4892061111421694e-58,5.922024035105063e-22,0.0,2.1371792067034095e-58,1.1149866898751458e-23,13.43370898654865,1.5513011076219775e-57,2.346087477774868e-22,7.082370275103814e-58,1,0,0,0,,,
473,0,98.79999999999998,0.0,1.0756926858906634e-56,1.2446030555710847e-58,2.9981782405483703e-22,0.0,1.0685896033517048e-58,5.574933449375729e-24,13.43370898654865,7.795224289949022e-58,1.18776762549273e-22,3.555899862989748e-58,1,0,0,0,,,
474,0,98.59999999999998,0.0,5.40517816953711e-57,6.2230152778554235e-59,1.5176722317721044e-22,0.0,5.342948016758524e-59,2.7874667246878646e-24,13.43370898654865,3.9169715208940784e-58,6.012457560490132e-23,1.7853072942137943e-58,1,0,0,0,,,
475,0,98.39999999999998,0.0,2.715946454810452e-57,3.1115076389277118e-59,7.681276716350119e-23,0.0,2.671474008379262e-59,1.3937333623439323e-24,13.43370898654865,1.9681654484068228e-58,3.0430384967583063e-23,8.963323284663573e-59,1,0,0,0,,,
476,0,98.19999999999997,0.0,1.3646519124261744e-57,1.5557538194638559e-59,3.8870961369198575e-23,0.0,1.335737004189631e-59,6.9686668117196615e-25,13.43370898654865,9.889225681833032e-59,1.5399241066357734e-23,4.500055049129086e-59,1,0,0,0,,,
477,0,97.99999999999997,0.0,6.856652987235614e-58,7.778769097319279e-60,1.9667769578323278e-23,0.0,6.678685020948155e-60,3.4843334058598308e-25,13.43370898654865,4.968812060815975e-59,7.791644824461966e-24,2.259224227963194e-59,1,0,0,0,,,
478,0,97.79999999999997,0.0,3.445023206170178e-58,3.8893845486596397e-60,9.950029236023635e-24,0.0,3.3393425104740773e-60,1.7421667029299154e-25,13.43370898654865,2.4965056403577167e-59,3.941834557872534e-24,1.134210465680922e-59,1,0,0,0,,,
479,0,97.59999999999997,0.0,1.7308599593612744e-58,1.9446922743298199e-60,5.033086841442815e-24,0.0,1.6696712552370387e-60,8.710833514649577e-26,13.43370898654865,1.254302625153723e-59,1.993923351757042e-24,5.694044086901236e-60,1,0,0,0,,,
480,0,97.39999999999996,0.0,8.6960415781873e-59,9.723461371649099e-61,2.5455795324369064e-24,0.0,8.348356276185193e-61,4.3554167573247884e-26,13.43370898654865,6.301762150642938e-60,1.0084647122889087e-24,2.8585179226989304e-60,1,0,0,0,,,
481,0,97.19999999999996,0.0,4.368891679784113e-59,4.8617306858245496e-61,1.2873078220762027e-24,0.0,4.174178138092597e-61,2.1777083786623942e-26,13.43370898654865,3.1660055877586316e-60,5.099838743496481e-25,1.4350069009736215e-60,1,0,0,0,,,
482,0,96.69999999999996,0.5,2.1948812852372885e-59,2.4308653429122748e-61,6.5091293896697605e-25,0.0,2.0870890690462983e-61,1.0888541893311971e-26,13.43370898654865,1.5905650500978965e-60,2.57867696277421e-25,7.203774202988889e-61,1,0,0,0,,,
483,0,96.19999999999996,1.0,1.1026583652912602e-59,1.2154326714561374e-61,3.290859834479254e-25,0.0,1.0435445345231492e-61,5.4442709466559855e-27,13.43370898654865,7.990636531582389e-61,0.27780013126156566,3.616256950554836e-61,1,0,0,0,,,
484,0,95.69999999999996,1.5,5.53938043981938e-60,6.077163357280687e-62,1.6635774870618137e-25,0.0,5.217722672615746e-62,2.7221354733279928e-27,13.43370898654865,4.014223906337646e-61,0.5556002625231313,1.8153133998076135e-61,1,0,0,0,,,
485,0,95.19999999999996,2.0,2.78273452659123e-60,3.0385816786403435e-62,8.408625284420003e-26,0.0,2.608861336307873e-62,1.3610677366639964e-27,13.43370898654865,2.0165647734420492e-61,0.833400393784697,9.112491621689044e-62,1,0,0,0,,,
486,0,94.69999999999996,2.5,1.397889416636385e-60,1.5192908393201718e-62,4.2496815667654683e-26,0.0,1.3044306681539365e-62,6.805338683319982e-28,13.43370898654865,1.0130087968576375e-61,1.1112005250462627,4.5742081221700105e-62,1,0,0,0,,,
487,0,100,2.6,7.022057849885774e-61,7.596454196600859e-63,2.1475252456604677e-26,0.0,6.522153340769682e-63,3.402669341659991e-28,13.43370898654865,5.088676034971253e-62,1.3890006563078285,2.2960852167477503e-62,1,0,0,0,,,
488,0,99.8,1.6,3.527334308294812e-61,3.7982270983004294e-63,1.0851048539691006e-26,0.0,3.261076670384841e-63,1.7013346708299955e-28,13.43370898654865,2.5561540428271594e-62,1.4445606825601418,1.1525331862052472e-62,1,0,0,0,,,
489,0,99.6,0.6000000000000001,1.7718198458233683e-61,1.8991135491502147e-63,5.482235425539837e-27,0.0,1.6305383351924206e-63,8.506673354149977e-29,13.43370898654865,1.283985034084346e-62,0.8889604200370101,5.785118820183097e-63,1,0,0,0,,,
490,0,99.39999999999999,0.0,8.899862687496653e-62,9.495567745751074e-64,2.7694732906170852e-27,0.0,8.152691675962103e-64,4.2533366770749887e-29,13.43370898654865,6.449465233775562e-63,0.33336015751387893,2.9037858546699785e-63,1,0,0,0,,,
491,0,99.19999999999999,0.0,4.4703130729382325e-62,4.747783872875537e-64,1.398914434232126e-27,0.0,4.0763458379810514e-64,2.1266683385374944e-29,13.43370898654865,3.239502648564697e-63,5.54198297267174e-28,1.4575061496242046e-63,1,0,0,0,,,
492,0,98.99999999999999,0.0,2.2453474010640692e-62,2.3738919364377684e-64,7.065461115778547e-28,0.0,2.0381729189905257e-64,1.0633341692687472e-29,13.43370898654865,1.6271363401208065e-63,2.7990750713221676e-28,7.3155968595671e-64,1,0,0,0,,,
493,0,98.79999999999998,0.0,1.127769132829511e-62,1.1869459682188842e-64,3.5681750301982323e-28,0.0,1.0190864594952629e-64,5.316670846343736e-30,13.43370898654865,8.172606779796321e-64,1.413579328154233e-28,3.671831485506588e-64,1,0,0,0,,,
494,0,98.59999999999998,0.0,5.664322825634938e-63,5.934729841094421e-65,1.8018097512535954e-28,0.0,5.095432297476314e-65,2.658335423171868e-30,13.43370898654865,4.1047659294943054e-64,7.138105603236909e-29,1.842932270614813e-64,1,0,0,0,,,
495,0,98.39999999999998,0.0,2.84489999356116e-63,2.9673649205472105e-65,9.097659937040374e-29,0.0,2.547716148738157e-65,1.329167711585934e-30,13.43370898654865,2.0616142345452248e-64,3.6041572828513267e-29,9.24974399238166e-65,1,0,0,0,,,
496,0,98.19999999999997,0.0,1.4288192871524257e-63,1.4836824602736052e-65,4.593135558906385e-29,0.0,1.2738580743690786e-65,6.64583855792967e-31,13.43370898654865,1.0354227521716488e-64,1.8196308820420992e-29,4.642413315844628e-65,1,0,0,0,,,
497,0,97.99999999999997,0.0,7.175942887621356e-64,7.418412301368026e-66,2.3187205746462917e-29,0.0,6.369290371845393e-66,3.322919278964835e-31,13.43370898654865,5.200191935353425e-65,9.185915613292679e-30,2.329977317749213e-65,1,0,0,0,,,
498,0,97.79999999999997,0.0,3.603894669740292e-64,3.709206150684013e-66,1.1704366849196954e-29,0.0,3.1846451859226964e-66,1.6614596394824175e-31,13.43370898654865,2.611635054924303e-65,4.6368384081874305e-30,1.169373988788056e-65,1,0,0,0,,,
499,0,97.59999999999997,0.0,1.809908947834953e-64,1.8546030753420065e-66,5.907565412581225e-30,0.0,1.5923225929613482e-66,8.307298197412087e-32,13.43370898654865,1.3115870710859465e-65,2.34035950486426e-30,5.868796593507525e-66,1,0,0,0,,,
500,0,97.39999999999996,0.0,9.0893528039988e-65,9.273015376710033e-67,2.9814737002819863e-30,0.0,7.961612964806741e-67,4.1536490987060437e-32,13.43370898654865,6.586783073548709e-66,1.1811499028174027e-30,2.945361621537387e-66,1,0,0,0,,,
501,0,97.19999999999996,0.0,4.564580434411418e-65,4.6365076883550164e-67,1.5045823471366801e-30,0.0,3.9808064824033706e-67,2.0768245493530218e-32,13.43370898654865,3.3078153958338426e-66,5.960600266013376e-31,1.4781624731605051e-66,1,0,0,0,,,
502,0,96.69999999999996,0.5,2.2922422334117177e-65,2.3182538441775082e-67,7.592139220661835e-31,0.0,1.9904032412016853e-67,1.0384122746765109e-32,13.43370898654865,1.6611196274466657e-66,3.00772550896987e-31,7.418220677761584e-67,1,0,0,0,,,
503,0,96.19999999999996,1.0,1.1510971248088632e-65,1.1591269220887541e-67,3.830683352820135e-31,0.0,9.952016206008426e-68,5.1920613733825546e-33,13.43370898654865,8.341657784882048e-67,0.27780013126156566,3.722814494860321e-67,1,0,0,0,,,
504,0,95.69999999999996,1.5,5.780365664559338e-66,5.7956346104437705e-68,1.9326485476546762e-31,0.0,4.976008103004213e-68,2.5960306866912773e-33,13.43370898654865,4.188858716265384e-67,0.5556002625231313,1.8682593254199253e-67,1,0,0,0,,,
505,0,95.19999999999996,2.0,2.90262285253718e-66,2.8978173052218852e-68,9.749777094496424e-32,0.0,2.4880040515021066e-68,1.2980153433456386e-33,13.43370898654865,2.1034442700448722e-67,0.833400393784697,9.37555701704845e-68,1,0,0,0,,,
506,0,94.69999999999996,2.5,1.4575314363973454e-66,1.4489086526109426e-68,4.918155725359734e-32,0.0,1.2440020257510533e-68,6.490076716728193e-34,13.43370898654865,1.0562295909785262e-67,1.1112005250462627,4.704908703498637e-68,1,0,0,0,,,
507,0,94.19999999999996,3.0,7.318757232630504e-67,7.244543263054713e-69,2.4807114517356275e-32,0.0,6.220010128755266e-69,3.2450383583640966e-34,13.43370898654865,5.30368523467308e-68,1.3890006563078285,2.3610194492365245e-68,1,0,0,0,,,
508,0,100,3.1,3.674928641637141e-67,3.6222716315273565e-69,1.251172520395694e-32,0.0,3.110005064377633e-69,1.6225191791820483e-34,13.43370898654865,2.6631112572267653e-68,1.666800787569394,1.184792273361865e-68,1,0,0,0,,,
509,0,99.8,2.1,1.8452393334795148e-67,1.8111358157636783e-69,6.30994657461787e-33,0.0,1.5550025321888166e-69,8.112595895910242e-35,13.43370898654865,1.3371899485584952e-68,1.7223608138217072,5.94537411052734e-69,1,0,0,0,,,
510,0,99.6,1.1,9.265071730702296e-68,9.055679078818391e-70,3.1820152736286356e-33,0.0,7.775012660944083e-70,4.056297947955121e-35,13.43370898654865,6.71412134251804e-69,1.1667605512985761,2.983393427122678e-69,1,0,0,0,,,
511,0,99.39999999999999,0.10000000000000009,4.651973397003509e-68,4.5278395394091957e-70,1.604528629974168e-33,0.0,3.8875063304720416e-70,2.0281489739775604e-35,13.43370898654865,3.3711464711218005e-69,0.6111602887754446,1.4970498994908425e-69,1,0,0,0,,,
512,0,99.19999999999999,0.0,2.3357054643279348e-68,2.2639197697045978e-70,8.090248115670091e-34,0.0,1.9437531652360208e-70,1.0140744869887802e-35,13.43370898654865,1.692616135492291e-69,0.05556002625231319,7.51201542710173e-70,1,0,0,0,,,
513,0,98.99999999999999,0.0,1.1727121150770576e-68,1.1319598848522989e-70,4.078926540734671e-34,0.0,9.718765826180104e-71,5.070372434943901e-36,13.43370898654865,8.498295177118409e-70,1.6159202366039362e-34,3.769390678374624e-70,1,0,0,0,,,
514,0,98.79999999999998,0.0,5.887857489950739e-69,5.6597994242614946e-71,2.0563645118171482e-34,0.0,4.859382913090052e-71,2.5351862174719505e-36,13.43370898654865,4.266754838387681e-70,8.14655766730479e-35,1.8913868215991917e-70,1,0,0,0,,,
515,0,98.59999999999998,0.0,2.956077202258095e-69,2.8298997121307473e-71,1.0366328766334805e-34,0.0,2.429691456545026e-71,1.2675931087359752e-36,13.43370898654865,2.142181044108079e-70,4.1067570757949507e-35,9.490391520055356e-71,1,0,0,0,,,
516,0,98.39999999999998,0.0,1.4841128297704103e-69,1.4149498560653736e-71,5.225417486791934e-35,0.0,1.214845728272513e-71,6.337965543679876e-37,13.43370898654865,1.0754923345111587e-70,2.0701176589687526e-35,4.761924466057377e-71,1,0,0,0,,,
517,0,98.19999999999997,0.0,7.450935292058865e-70,7.074749280326868e-72,2.633835295208233e-35,0.0,6.074228641362565e-72,3.168982771839938e-37,13.43370898654865,5.3994707348413896e-71,1.043428390020015e-35,2.3893265860435383e-71,1,0,0,0,,,
518,0,97.99999999999997,0.0,3.7406532176328396e-70,3.537374640163434e-72,1.3274809235102495e-35,0.0,3.0371143206812825e-72,1.584491385919969e-37,13.43370898654865,2.710739898563493e-71,5.258989752778268e-36,1.1988454695291938e-71,1,0,0,0,,,
519,0,97.79999999999997,0.0,1.8779193946181232e-70,1.768687320081717e-72,6.690220997081912e-36,0.0,1.5185571603406412e-72,7.922456929599845e-38,13.43370898654865,1.3608722148531454e-71,2.6504187777282305e-36,6.015138230183093e-72,1,0,0,0,,,
520,0,97.59999999999997,0.0,9.427560902099134e-71,8.843436600408585e-73,3.3715186883062886e-36,0.0,7.592785801703206e-73,3.9612284647999226e-38,13.43370898654865,6.831872402122721e-72,1.3356713395336637e-36,3.0180245563601086e-72,1,0,0,0,,,
521,0,97.39999999999996,0.0,4.7327624155538254e-71,4.4217183002042926e-73,1.6989634390358105e-36,0.0,3.796392900851603e-73,1.9806142323999613e-38,13.43370898654865,3.429691864989858e-72,6.730666451016061e-37,1.514239998814335e-72,1,0,0,0,,,
522,0,97.19999999999996,0.0,2.375872190029042e-71,2.2108591501021463e-73,8.560837669592384e-37,0.0,1.8981964504258015e-73,9.903071161999807e-39,13.43370898654865,1.7217237644591776e-72,3.391488102181901e-37,7.59733859724308e-73,1,0,0,0,,,
523,0,96.99999999999996,0.0,1.1926815861405857e-71,1.1054295750510732e-73,4.313429072002857e-37,0.0,9.490982252129008e-74,4.951535580999903e-39,13.43370898654865,8.643007982117133e-73,1.708821489427886e-37,3.811738600207242e-73,1,0,0,0,,,
524,0,96.79999999999995,0.0,5.987135386333252e-72,5.527147875255366e-74,2.1732196546047614e-37,0.0,4.745491126064504e-74,2.4757677904999516e-39,13.43370898654865,4.338698570969188e-73,8.609494638824106e-38,1.9124039508964722e-73,1,0,0,0,,,
525,0,96.59999999999995,0.0,3.0054314209817875e-72,2.763573937627683e-74,1.094862386604047e-37,0.0,2.372745563032252e-74,1.2378838952499758e-39,13.43370898654865,2.1779465754399048e-73,4.337440915254392e-38,9.594693008446618e-74,1,0,0,0,,,
526,0,96.39999999999995,0.0,1.5086475743984746e-72,1.3817869688138415e-74,5.515574729528567e-38,0.0,1.186372781516126e-74,6.189419476249879e-40,13.43370898654865,1.0932719326976077e-73,2.185067255548365e-38,4.813683131205436e-74,1,0,0,0,,,
527,0,96.19999999999995,0.0,7.572897191530277e-73,6.908934844069207e-75,2.7784187630184496e-38,0.0,5.93186390758063e-75,3.0947097381249395e-40,13.43370898654865,5.487852888376316e-74,1.1007070267347673e-38,2.4150098790937823e-74,1,0,0,0,,,
528,0,95.99999999999994,0.0,3.8012782555340906e-73,3.4544674220346036e-75,1.3995250806363078e-38,0.0,2.965931953790315e-75,1.5473548690624698e-40,13.43370898654865,2.7546730566322967e-74,5.54440212847676e-39,1.211589096292423e-74,1,0,0,0,,,
529,0,95.79999999999994,0.0,1.9080539576515213e-73,1.7272337110173018e-75,7.049203898816954e-39,0.0,1.4829659768951575e-75,7.736774345312349e-41,13.43370898654865,1.3827098345382177e-74,2.7926345616398413e-39,6.078366265189775e-75,1,0,0,0,,,
530,0,95.59999999999994,0.0,9.577343937679987e-74,8.636168555086509e-76,3.550391197226184e-39,0.0,7.414829884475787e-76,3.8683871726561744e-41,13.43370898654865,6.940415703801435e-75,1.4065340295206516e-39,3.049393524458718e-75,1,0,0,0,,,
531,0,95.39999999999993,0.0,4.8072090435511834e-74,4.3180842775432545e-76,1.788090222521946e-39,0.0,3.7074149422378936e-76,1.9341935863280872e-41,13.43370898654865,3.483641117455891e-75,7.083753891106912e-40,1.5298019581612738e-75,1,0,0,0,,,
532,0,95.19999999999993,0.0,2.4128730591311868e-74,2.1590421387716273e-76,9.004924232153998e-40,0.0,1.8537074711189468e-76,9.670967931640436e-42,13.43370898654865,1.7485371915055322e-75,3.567418817305283e-40,7.674535770465942e-76,1,0,0,0,,,
533,0,94.99999999999993,0.0,1.2110707982433909e-74,1.0795210693858136e-76,4.534698675849133e-40,0.0,9.268537355594734e-77,4.835483965820218e-42,13.43370898654865,8.776269121415594e-76,1.7964803445285548e-40,3.850030875062759e-76,1,0,0,0,,,
534,0,94.79999999999993,0.0,6.078525334605942e-75,5.397605346929068e-77,2.2834676178106338e-40,0.0,4.634268677797367e-77,2.417741982910109e-42,13.43370898654865,4.4049261426517626e-76,9.046256402022342e-41,1.9313969324462732e-76,1,0,0,0,,,
535,0,94.59999999999992,0.0,3.050848338997465e-75,2.698802673464534e-77,1.1497929488483505e-40,0.0,2.3171343388986835e-77,1.2088709914550545e-42,13.43370898654865,2.2108588622978647e-76,4.555055540700955e-41,9.688892136805835e-77,1,0,0,0,,,
536,0,94.39999999999992,0.0,1.5312170053459793e-75,1.349401336732267e-77,5.78926044395692e-41,0.0,1.1585671694493418e-77,6.0443549572752726e-43,13.43370898654865,1.1096273266349242e-76,2.293491440195369e-41,4.860399805690151e-77,1,0,0,0,,,
537,0,94.19999999999992,0.0,7.685049205966131e-76,6.747006683661335e-78,2.914778071836044e-41,0.0,5.792835847246709e-78,3.0221774786376363e-43,13.43370898654865,5.56912611060458e-77,1.1547275550201305e-41,2.438176771488693e-77,1,0,0,0,,,
538,0,93.99999999999991,0.0,3.857006692601183e-76,3.3735033418306676e-78,1.467462960846814e-41,0.0,2.8964179236233544e-78,1.5110887393188181e-43,13.43370898654865,2.7950577940172684e-77,5.813546949712883e-42,1.223076820066155e-77,1,0,0,0,,,
539,0,93.79999999999991,0.0,1.93574439110965e-76,1.6867516709153338e-78,7.38768442887803e-42,0.0,1.4482089618116772e-78,7.555443696594091e-44,13.43370898654865,1.4027762663661238e-77,2.9267280621625564e-42,6.135326271939818e-78,1,0,0,0,,,
540,0,93.59999999999991,0.0,9.714927179593543e-77,8.433758354576669e-79,3.719027026760995e-42,0.0,7.241044809058386e-79,3.7777218482970453e-44,13.43370898654865,7.040118178618067e-78,1.4733413247343357e-42,3.077634221774431e-78,1,0,0,0,,,
541,0,93.3999999999999,0.0,4.875566201819418e-77,4.2168791772883345e-79,1.8721059195414874e-42,0.0,3.620522404529193e-79,1.8888609241485227e-44,13.43370898654865,3.5331775127027575e-78,7.416593091936963e-43,1.5438026537894758e-78,1,0,0,0,,,
542,0,93.1999999999999,0.0,2.4468344069210324e-77,2.1084395886441673e-79,9.423491628512387e-43,0.0,1.8102612022645965e-79,9.444304620742613e-45,13.43370898654865,1.7731479680482407e-78,3.7332397801011254e-43,7.743940983458683e-79,1,0,0,0,,,
543,0,92.9999999999999,0.0,1.2279428564661778e-77,1.0542197943220836e-79,4.743226829658668e-43,0.0,9.051306011322983e-80,4.7221523103713067e-45,13.43370898654865,8.898535898725514e-79,1.8790915071168846e-43,3.884434348984993e-79,1,0,0,0,,,
544,0,92.7999999999999,0.0,6.162342547359197e-78,5.271098971610418e-80,2.3873539225305715e-43,0.0,4.525653005661491e-80,2.3610761551856533e-45,13.43370898654865,4.465665978604912e-79,9.457815620916033e-44,1.948449103120323e-79,1,0,0,0,,,
545,0,92.5999999999999,0.0,3.092485406193753e-78,2.635549485805209e-80,1.2015472151159045e-43,0.0,2.2628265028307456e-80,1.1805380775928267e-45,13.43370898654865,2.2410320039235334e-79,4.76008685312382e-44,9.773405158740741e-80,1,0,0,0,,,
546,0,92.39999999999989,0.0,1.5518997693539535e-78,1.3177747429026045e-80,6.047087344832616e-44,0.0,1.1314132514153728e-80,5.902690387964133e-46,13.43370898654865,1.1246155092723054e-79,2.395632947894813e-44,4.902282400939936e-80,1,0,0,0,,,
547,0,92.19999999999989,0.0,7.787784178055153e-79,6.588873714513023e-81,3.043219307042855e-44,0.0,5.657066257076864e-81,2.9513451939820667e-46,13.43370898654865,5.6435750829142195e-80,1.2056112346138575e-44,2.4589311112547505e-80,1,0,0,0,,,
548,0,91.99999999999989,0.0,3.908034754670269e-79,3.2944368572565113e-81,1.5314474708347008e-44,0.0,2.828533128538432e-81,1.4756725969910333e-46,13.43370898654865,2.8320363097334566e-80,6.067029976401543e-45,1.2333605110197665e-80,1,0,0,0,,,
549,0,91.79999999999988,0.0,1.9610887101564808e-79,1.6472184286282557e-81,7.706426440739871e-45,0.0,1.414266564269216e-81,7.378362984955167e-47,13.43370898654865,1.4211425390049017e-80,3.053001889866899e-45,6.186277332060788e-81,1,0,0,0,,,
550,0,91.59999999999988,0.0,9.840800214889135e-80,8.236092143141278e-82,3.877807763653119e-45,0.0,7.07133282134608e-82,3.6891814924775833e-47,13.43370898654865,7.131334615715377e-81,1.5362443957665132e-45,3.102876054511371e-81,1,0,0,0,,,
551,0,91.39999999999988,0.0,4.9380784394979335e-80,4.118046071570639e-82,1.9512011534681513e-45,0.0,3.53566641067304e-82,1.8445907462387917e-47,13.43370898654865,3.5784782682031215e-81,7.729939232997886e-46,1.5563067214961747e-81,1,0,0,0,,,
552,0,91.19999999999987,0.0,2.4778783857756496e-80,2.0590230357853196e-82,9.817492125548715e-46,0.0,1.76783320533652e-82,9.222953731193958e-48,13.43370898654865,1.7956446142742778e-81,3.889328243581603e-46,7.805877078683319e-82,1,0,0,0,,,
553,0,90.99999999999987,0.0,1.2433587759011663e-80,1.0295115178926598e-82,4.939489241878337e-46,0.0,8.8391660266826e-83,4.611476865596979e-48,13.43370898654865,9.010250472234969e-82,1.9568434353321315e-46,3.9151102749428816e-82,1,0,0,0,,,
554,0,90.79999999999987,0.0,6.2388917945725385e-81,5.147557589463299e-83,2.4851162104911582e-46,0.0,4.4195830133413e-83,2.3057384327984896e-48,13.43370898654865,4.521138936549277e-82,9.845113744367308e-47,1.9636410052720522e-82,1,0,0,0,,,
555,0,90.59999999999987,0.0,3.130494854819623e-81,2.5737787947316495e-83,1.250243900021574e-46,0.0,2.20979150667065e-83,1.1528692163992448e-48,13.43370898654865,2.2685763184905343e-82,4.953005156036978e-47,9.848634365363316e-83,1,0,0,0,,,
556,0,90.39999999999986,0.0,1.5707719061764882e-81,1.2868893973658247e-83,6.289648473987844e-47,0.0,1.104895753335325e-83,5.764346081996224e-49,13.43370898654865,1.1382915843532153e-82,2.491726719945151e-47,4.9395318521831865e-83,1,0,0,0,,,
557,0,90.19999999999986,0.0,7.881481924715825e-82,6.434446986829124e-84,3.164038723933909e-47,0.0,5.524478766676625e-84,2.882173040998112e-49,13.43370898654865,5.7114750473058165e-83,1.2534754309359067e-47,2.4773732608423575e-83,1,0,0,0,,,
558,0,89.99999999999986,0.0,3.9545521592746047e-82,3.217223493414562e-84,1.5916266054369481e-47,0.0,2.7622393833383125e-84,1.441086520499056e-49,13.43370898654865,2.865746086422778e-83,6.305437509496189e-48,1.2424902977965608e-83,1,0,0,0,,,
559,0,89.79999999999986,0.0,1.9841816780956483e-82,1.608611746707281e-84,8.006169244534708e-48,0.0,1.3811196916691563e-84,7.20543260249528e-50,13.43370898654865,1.4378773245963241e-83,3.171748932156423e-48,6.231469825859713e-84,1,0,0,0,,,
560,0,89.59999999999985,0.0,9.955436382769972e-83,8.043058733536405e-85,4.027102730942338e-48,0.0,6.905598458345781e-85,3.60271630124764e-50,13.43370898654865,7.214408029906295e-84,1.5953895547823753e-48,3.125244081368311e-84,1,0,0,0,,,
561,0,89.39999999999985,0.0,4.994982187530851e-83,4.0215293667682023e-85,2.025560419808661e-48,0.0,3.4527992291728907e-85,1.80135815062382e-50,13.43370898654865,3.6197147184154843e-84,8.024523217432697e-49,1.5673766249033832e-84,1,0,0,0,,,
562,0,88.89999999999985,0.5,2.506123091838358e-83,2.0107646833841012e-85,1.0187847370730765e-48,0.0,1.7263996145864453e-85,9.0067907531191e-51,13.43370898654865,1.8161127109389111e-84,4.036049330476758e-49,7.860656045613054e-85,1,0,0,0,,,
563,0,88.39999999999985,1.0,1.2573775449556452e-83,1.0053823416920506e-85,5.123946321209112e-49,0.0,8.631998072932227e-86,4.50339537655955e-51,13.43370898654865,9.111840313350399e-85,0.27780013126156566,3.9422144833545957e-85,1,0,0,0,,,
564,0,87.89999999999985,1.5,6.3084677199605575e-84,5.026911708460253e-86,2.576984478526421e-49,0.0,4.315999036466113e-86,2.251697688279775e-51,13.43370898654865,4.5715585360031215e-85,0.5556002625231313,1.9770504719513324e-85,1,0,0,0,,,
565,0,97.59999999999985,1.6,3.1650238575714444e-84,2.5134558542301264e-86,1.295997898224143e-49,0.0,2.1579995182330567e-86,1.1258488441398875e-51,13.43370898654865,2.293598457665521e-85,0.833400393784697,9.914968511126833e-86,1,0,0,0,,,
566,0,97.39999999999985,0.6000000000000001,1.587906927581305e-84,1.2567279271150632e-86,6.517517785925377e-50,0.0,1.0789997591165283e-86,5.6292442206994375e-52,13.43370898654865,1.1507088236647412e-85,0.8889604200370101,4.972342331248503e-86,1,0,0,0,,,
567,0,97.19999999999985,0.0,7.966509631884439e-85,6.283639635575316e-87,3.27752304036502e-50,0.0,5.394998795582642e-87,2.8146221103497187e-52,13.43370898654865,5.7730920924836075e-86,0.33336015751387893,2.493600203466795e-86,1,0,0,0,,,
568,0,96.99999999999984,0.0,3.9967423129311766e-85,3.141819817787658e-87,1.6481435938836755e-50,0.0,2.697499397791321e-87,1.4073110551748594e-52,13.43370898654865,2.8963200333217552e-86,6.529336970373777e-51,1.2505146206546687e-86,1,0,0,0,,,
569,0,96.79999999999984,0.0,2.0051149049600668e-85,1.570909908893829e-87,8.287628337924205e-51,0.0,1.3487496988956604e-87,7.036555275874297e-53,13.43370898654865,1.453047010200853e-86,3.2832526428122096e-51,6.271145697879701e-87,1,0,0,0,,,
570,0,96.59999999999984,0.0,1.0059293267272727e-85,7.854549544469145e-88,4.167269353215017e-51,0.0,6.743748494478302e-88,3.5182776379371484e-53,13.43370898654865,7.289670018704143e-87,1.6509184002187644e-51,3.144859146243029e-87,1,0,0,0,,,
571,0,96.39999999999984,0.0,5.04650600487256e-86,3.9272747722345726e-88,2.0953622687339653e-51,0.0,3.371874247239151e-88,1.7591388189685742e-53,13.43370898654865,3.657052493202011e-87,8.301052395157125e-52,1.577072721773104e-87,1,0,0,0,,,
572,0,96.19999999999983,0.0,2.531682688054378e-86,1.9636373861172863e-88,1.0535449304302112e-51,0.0,1.6859371236195755e-88,8.795694094842871e-54,13.43370898654865,1.8346349885259747e-87,4.173756394610212e-52,7.908579352123467e-88,1,0,0,0,,,
573,0,95.99999999999983,0.0,1.270056186836238e-86,9.818186930586431e-89,5.297043632467198e-52,0.0,8.429685618097878e-89,4.3978470474214355e-54,13.43370898654865,9.20371865225472e-88,2.098493295820931e-52,3.9658975476907065e-88,1,0,0,0,,,
574,0,95.79999999999983,0.0,6.371355148226436e-87,4.909093465293216e-89,2.6631813063916704e-52,0.0,4.214842809048939e-89,2.1989235237107178e-54,13.43370898654865,4.617131180939784e-88,1.0550541971683781e-52,1.98875270965984e-88,1,0,0,0,,,
575,0,95.59999999999982,0.0,3.1962146811358406e-87,2.454546732646608e-89,1.3389203982748708e-52,0.0,2.1074214045244694e-89,1.0994617618553589e-54,13.43370898654865,2.3162015178761036e-88,5.304308732131453e-53,9.972783227371635e-89,1,0,0,0,,,
576,0,95.39999999999982,0.0,1.6033758940792316e-87,1.227273366323304e-89,6.731250716769532e-53,0.0,1.0537107022622347e-89,5.4973088092767944e-55,13.43370898654865,1.1619187226411579e-88,2.6666732392105085e-53,5.0009014532220346e-89,1,0,0,0,,,
577,0,95.19999999999982,0.0,8.043222237952715e-88,6.13636683161652e-90,3.383949721082355e-53,0.0,5.2685535113111735e-90,2.7486544046383972e-55,13.43370898654865,5.8286834317213176e-89,1.3405960561776446e-53,2.5077056463791255e-89,1,0,0,0,,,
578,0,94.99999999999982,0.0,4.034782502754636e-88,3.06818341580826e-90,1.701137041889972e-53,0.0,2.6342767556555868e-90,1.3743272023191986e-55,13.43370898654865,2.923886625118424e-89,6.739277463750178e-54,1.2574802830736169e-89,1,0,0,0,,,
579,0,94.79999999999981,0.0,2.023976943266457e-88,1.53409170790413e-90,8.551496116193833e-54,0.0,1.3171383778277934e-90,6.871636011595993e-56,13.43370898654865,1.4667157671880942e-89,3.3877873233060655e-54,6.305538714788355e-90,1,0,0,0,,,
580,0,94.59999999999981,0.0,1.0152813175777981e-88,7.67045853952065e-91,4.2986535114689027e-54,0.0,6.585691889138967e-91,3.4358180057979965e-56,13.43370898654865,7.357441109084884e-90,1.7029679573685212e-54,3.1618380071043135e-90,1,0,0,0,,,
581,0,94.3999999999998,0.0,5.092870817611839e-89,3.835229269760325e-91,2.1607794824204445e-54,0.0,3.2928459445694834e-91,1.7179090028989983e-56,13.43370898654865,3.6906516911146475e-90,8.560211265420049e-55,1.5854533284072242e-90,1,0,0,0,,,
582,0,94.1999999999998,0.0,2.5546675236673433e-89,1.9176146348801624e-91,1.0861161045532188e-54,0.0,1.6464229722847417e-91,8.589545014494991e-57,13.43370898654865,1.8512914138434265e-90,4.3027913719987456e-55,7.94993826631146e-91,1,0,0,0,,,
583,0,93.9999999999998,0.0,1.2814498192643837e-89,9.588073174400812e-92,5.459212339481077e-55,0.0,8.232114861423709e-92,4.2947725072474956e-57,13.43370898654865,9.286284910647649e-91,2.162738555643733e-55,3.986304945293399e-91,1,0,0,0,,,
584,0,93.7999999999998,0.0,6.427829383475478e-90,4.794036587200406e-92,2.74392207809803e-55,0.0,4.116057430711854e-92,2.1473862536237478e-57,13.43370898654865,4.658056376039082e-91,1.0870407126440467e-55,1.9988203787155347e-91,1,0,0,0,,,
585,0,93.5999999999998,0.0,3.224204835314519e-90,2.397018293600203e-92,1.3791189932277607e-55,0.0,2.058028715355927e-92,1.0736931268118739e-57,13.43370898654865,2.3364851483771694e-91,5.463560737331135e-56,1.0022441423921845e-91,1,0,0,0,,,
586,0,93.39999999999979,0.0,1.6172474894456495e-90,1.1985091468001015e-92,6.931384737032532e-56,0.0,1.0290143576779636e-92,5.3684656340593695e-58,13.43370898654865,1.1719710543673992e-91,2.7459589557210186e-56,5.0253904771330094e-92,1,0,0,0,,,
587,0,93.19999999999979,0.0,8.111962806170198e-91,5.9925457340005075e-93,3.4835872539631303e-56,0.0,5.145071788389818e-93,2.6842328170296848e-58,13.43370898654865,5.8784976727310674e-92,1.3800687713882343e-56,2.5197801211525482e-92,1,0,0,0,,,
588,0,92.99999999999979,0.0,4.068844082556074e-91,2.9962728670002537e-93,1.7507410697049973e-56,0.0,2.572535894194909e-93,1.3421164085148424e-58,13.43370898654865,2.94857003681257e-92,6.935790324579798e-57,1.2634325018692957e-92,1,0,0,0,,,
589,0,92.79999999999978,0.0,2.0408533810135244e-91,1.4981364335001269e-93,8.798442562142147e-57,0.0,1.2862679470974545e-93,6.710582042574212e-59,13.43370898654865,1.4789456186298026e-92,3.4856183961092126e-57,6.3348747158115864e-93,1,0,0,0,,,
590,0,92.59999999999978,0.0,1.0236423603745059e-91,7.490682167500634e-94,4.421589887879654e-57,0.0,6.431339735487272e-94,3.355291021287106e-59,13.43370898654865,7.418031094266603e-93,1.7516708149642627e-57,3.176293461138347e-93,1,0,0,0,,,
591,0,92.39999999999978,0.0,5.1342901512112484e-92,3.745341083750317e-94,2.2219792473441171e-57,0.0,3.215669867743636e-94,1.677645510643553e-59,13.43370898654865,3.720667047692097e-93,8.802662159369597e-58,1.592574782185451e-93,1,0,0,0,,,
592,0,92.19999999999978,0.0,2.5751842502749835e-92,1.8726705418751586e-94,1.1165817753742037e-57,0.0,1.607834933871818e-94,8.388227553217765e-60,13.43370898654865,1.8661592741254459e-93,4.42348512195894e-58,7.98501416900864e-94,1,0,0,0,,,
593,0,91.99999999999977,0.0,1.2916117124721714e-92,9.363352709375793e-95,5.610869635381744e-58,0.0,8.03917466935909e-95,4.1941137766088825e-60,13.43370898654865,9.359925122024218e-94,2.2228195821165415e-58,4.003577213545013e-94,1,0,0,0,,,
594,0,91.79999999999977,0.0,6.478156499034256e-93,4.6816763546878965e-95,2.8194151969462346e-58,0.0,4.019587334679545e-95,2.0970568883044412e-60,13.43370898654865,4.694526936710601e-94,1.1169483016268059e-58,2.0073236712928527e-94,1,0,0,0,,,
595,0,91.59999999999977,0.0,3.249127217853827e-93,2.3408381773439482e-95,1.4166977881007987e-58,0.0,2.0097936673397726e-95,1.0485284441522206e-60,13.43370898654865,2.3545456562045476e-94,5.6124340609767076e-59,1.0064293679065996e-94,1,0,0,0,,,
596,0,91.39999999999976,0.0,1.629588093095263e-93,1.1704190886719741e-95,7.1184398886424e-59,0.0,1.0048968336698863e-95,5.242642220761103e-61,13.43370898654865,1.180913922026897e-94,2.8200633069096915e-59,5.0459845008338636e-95,1,0,0,0,,,
597,0,91.19999999999976,0.0,8.173062886318064e-94,5.8520954433598706e-96,3.5766954183904035e-59,0.0,5.0244841683494315e-96,2.6213211103805515e-61,13.43370898654865,5.922775079757603e-95,1.4169547916655153e-59,2.529911081067365e-95,1,0,0,0,,,
598,0,90.99999999999976,0.0,4.099092653579906e-94,2.9260477216799353e-96,1.7970854462298035e-59,0.0,2.5122420841747158e-96,1.3106605551902758e-61,13.43370898654865,2.9704902746903594e-95,7.119389649380922e-60,1.2684149558588989e-95,1,0,0,0,,,
599,0,90.79999999999976,0.0,2.05582693200039e-94,1.4630238608399676e-96,9.029115916322026e-60,0.0,1.2561210420873579e-96,6.553302775951379e-62,13.43370898654865,1.4897965047509588e-95,3.5770026702171344e-60,6.359371855920576e-96,1,0,0,0,,,
600,0,90.59999999999975,0.0,1.0310537686054134e-94,7.315119304199838e-97,4.536402300747517e-60,0.0,6.280605210436789e-97,3.2766513879756894e-62,13.43370898654865,7.471739360783691e-96,1.7971552578719036e-60,3.18833446627333e-96,1,0,0,0,,,
601,0,90.39999999999975,0.0,5.17097035605316e-95,3.657559652099919e-97,2.2791233216670107e-60,0.0,3.1403026052183947e-97,1.6383256939878447e-62,13.43370898654865,3.747248098906294e-96,9.0290459031762e-61,1.5984915022931855e-96,1,0,0,0,,,
602,0,89.89999999999975,0.5,2.593335934539626e-95,1.8287798260499596e-97,1.1450227464801314e-60,0.0,1.5701513026091973e-97,8.191628469939224e-63,13.43370898654865,1.8793132587103706e-96,4.5361577584964415e-61,8.014078857248529e-97,1,0,0,0,,,
603,0,89.39999999999975,1.0,1.3005933455263362e-95,9.143899130249798e-98,5.7524191606337874e-61,0.0,7.850756513045987e-98,4.095814234969612e-63,13.43370898654865,9.425012339837974e-97,0.27780013126156566,4.017850101515566e-97,1,0,0,0,,,
604,0,88.89999999999975,1.5,6.5225936189142964e-96,4.571949565124899e-98,2.889862294433459e-61,0.0,3.9253782565229934e-98,2.047907117484806e-63,13.43370898654865,4.726729193062047e-97,0.5556002625231313,2.0143303872034342e-97,1,0,0,0,,,
605,0,88.39999999999975,2.0,3.271110255098456e-96,2.2859747825624494e-98,1.451757504275012e-61,0.0,1.9626891282614967e-98,1.023953558742403e-63,13.43370898654865,2.370476108102554e-97,0.833400393784697,1.0098678618245424e-97,1,0,0,0,,,
606,0,98.09999999999975,2.1,1.640461850369882e-96,1.1429873912812247e-98,7.292919306666473e-62,0.0,9.813445641307483e-99,5.119767793712015e-64,13.43370898654865,1.1887938098370418e-97,1.1112005250462627,5.062852650236838e-98,1,0,0,0,,,
607,0,97.89999999999975,1.1,8.226842865952679e-97,5.714936956406124e-99,3.663525545978943e-62,0.0,4.906722820653742e-99,2.5598838968560074e-64,13.43370898654865,5.961747828114035e-98,1.1667605512985761,2.5381829956754823e-98,1,0,0,0,,,
608,0,97.69999999999975,0.10000000000000009,4.1256882400279743e-97,2.857468478203062e-99,1.8402957193123247e-62,0.0,2.453361410326871e-99,1.2799419484280037e-64,13.43370898654865,2.9897633035214304e-98,0.6111602887754446,1.272469833116273e-98,1,0,0,0,,,
609,0,97.49999999999974,0.0,2.0689775235398045e-97,1.428734239101531e-99,9.24414332817589e-63,0.0,1.2266807051634354e-99,6.399709742140018e-65,13.43370898654865,1.4993263464929214e-98,0.05556002625231319,6.3792408419740245e-99,1,0,0,0,,,
610,0,97.29999999999974,0.0,1.037555463532811e-97,7.143671195507655e-100,4.643404029895078e-63,0.0,6.133403525817177e-100,3.199854871070009e-65,13.43370898654865,7.518855206125638e-99,1.8395453960012395e-63,3.1980662591833405e-99,1,0,0,0,,,
611,0,97.09999999999974,0.0,5.203110826478598e-98,3.571835597753827e-100,2.3323681978511055e-63,0.0,3.0667017629085886e-100,1.5999274355350046e-65,13.43370898654865,3.770539339893334e-99,9.239982462249051e-64,1.6032560486898352e-99,1,0,0,0,,,
612,0,96.89999999999974,0.0,2.609222167646571e-98,1.7859177988769136e-100,1.171517190377336e-63,0.0,1.5333508814542943e-100,7.999637177675023e-66,13.43370898654865,1.8908255383619252e-99,4.641118972245953e-64,8.037394838939999e-100,1,0,0,0,,,
613,0,96.69999999999973,0.0,1.3084444610269213e-98,8.929588994384568e-101,5.8842514091455964e-64,0.0,7.666754407271471e-101,3.9998185888375115e-66,13.43370898654865,9.481907033885914e-100,2.33112335668369e-64,4.029254717215412e-100,1,0,0,0,,,
614,0,96.49999999999973,0.0,6.561389191152786e-99,4.464794497192284e-101,2.9554584332022564e-64,0.0,3.833377203635736e-101,1.9999092944187557e-66,13.43370898654865,4.754843187981101e-100,1.1708436136222016e-64,2.0199060074804113e-100,1,0,0,0,,,
615,0,96.29999999999973,0.0,3.2902780385854825e-99,2.232397248596142e-101,1.4843955809158573e-64,0.0,1.916688601817868e-101,9.999546472093779e-67,13.43370898654865,2.3843664295096234e-100,5.880627744512793e-65,1.0125923281765586e-100,1,0,0,0,,,
616,0,96.09999999999972,0.0,1.649930740797286e-99,1.116198624298071e-101,7.455309726152932e-65,0.0,9.58344300908934e-102,4.9997732360468894e-67,13.43370898654865,1.1956556325143477e-100,2.9535187104572878e-65,5.0761582630645573e-101,1,0,0,0,,,
617,0,95.89999999999972,0.0,8.273612311509155e-100,5.580993121490355e-102,3.7443207738632886e-65,0.0,4.79172150454467e-102,2.4998866180234447e-67,13.43370898654865,5.99564025136942e-101,1.4833617743290902e-65,2.544677442623161e-101,1,0,0,0,,,
618,0,95.69999999999972,0.0,4.1487854595159394e-100,2.7904965607451775e-102,1.8804933423250556e-65,0.0,2.395860752272335e-102,1.2499433090117223e-67,13.43370898654865,3.00650117008355e-101,7.44982096714768e-66,1.2756378768570219e-101,1,0,0,0,,,
619,0,95.49999999999972,0.0,2.0803823816386507e-100,1.3952482803725888e-102,9.444131488592335e-66,0.0,1.1979303761361674e-102,6.249716545058612e-68,13.43370898654865,1.5075911072411952e-101,3.7414165313249557e-66,6.394685162012313e-102,1,0,0,0,,,
620,0,95.29999999999971,0.0,1.0431860167596659e-100,6.976241401862944e-103,4.742898132779696e-66,0.0,5.989651880680837e-103,3.124858272529306e-68,13.43370898654865,7.559658147203078e-102,1.8789612895380351e-66,3.2055904698697596e-102,1,0,0,0,,,
621,0,95.09999999999971,0.0,5.230904213500032e-101,3.488120700931472e-103,2.3818652606316127e-66,0.0,2.9948259403404185e-103,1.562429136264653e-68,13.43370898654865,3.79068037910009e-102,9.436071567067965e-67,1.6069191793666813e-102,1,0,0,0,,,
622,0,94.59999999999971,0.5,2.6229391716008673e-101,1.744060350465736e-103,1.1961407274366887e-66,0.0,1.4974129701702093e-103,7.812145681323265e-69,13.43370898654865,1.9007658422993205e-102,4.7386683432228764e-67,8.055215618992415e-103,1,0,0,0,,,
623,0,94.09999999999971,1.0,1.3152131182258593e-101,8.72030175232868e-104,6.006744122787855e-67,0.0,7.487064850851046e-104,3.9060728406616323e-69,13.43370898654865,9.530957475242976e-103,0.27780013126156566,4.03791767057571e-103,1,0,0,0,,,
624,0,93.59999999999971,1.5,6.594783253256425e-102,4.36015087616434e-104,3.0163923041961335e-67,0.0,3.743532425425523e-104,1.9530364203308162e-69,13.43370898654865,4.779042869494677e-103,0.5556002625231313,2.024113765827607e-103,1,0,0,0,,,
625,0,93.09999999999971,2.0,3.3067504576917765e-102,2.18007543808217e-104,1.5147062734991697e-67,0.0,1.8717662127127616e-104,9.765182101654081e-70,13.43370898654865,2.3963035006839327e-103,0.833400393784697,1.0146343481836794e-103,1,0,0,0,,,
626,0,100,2.1,1.6580546443776703e-102,1.090037719041085e-104,7.606081974501363e-68,0.0,9.358831063563808e-105,4.8825910508270404e-70,13.43370898654865,1.2015427833102633e-103,1.1112005250462627,5.086059067267776e-104,1,0,0,0,,,
627,0,99.5,2.6,8.313670299547262e-103,5.450188595205425e-105,3.819316290753439e-68,0.0,4.679415531781904e-105,2.4412955254135202e-70,13.43370898654865,6.024669081392801e-104,1.1667605512985761,2.5494731968085778e-104,1,0,0,0,,,
628,0,99.0,3.1,4.168533688603086e-103,2.7250942976027124e-105,1.9177957971280982e-68,0.0,2.339707765890952e-105,1.2206477627067601e-70,13.43370898654865,3.020812123117143e-104,1.4445606825601418,1.2779584299916337e-104,1,0,0,0,,,
629,0,100,3.2,2.0901161137162706e-103,1.3625471488013562e-105,9.629667244397385e-69,0.0,1.169853882945476e-105,6.1032388135338005e-71,13.43370898654865,1.514644852768943e-104,1.7223608138217072,6.405901307894893e-105,1,0,0,0,,,
630,0,99.5,3.7,1.0479826915654991e-103,6.812735744006781e-106,4.835177751577139e-69,0.0,5.84926941472738e-106,3.0516194067669003e-71,13.43370898654865,7.59441821989657e-105,1.7779208400740203,3.2110052329158085e-105,1,0,0,0,,,
631,0,99.0,4.2,5.2545366313643143e-104,3.4063678720033906e-106,2.427760940477793e-69,0.0,2.92463470736369e-106,1.5258097033834501e-71,13.43370898654865,3.807806087974213e-105,2.055720971335586,1.6095299059420854e-105,1,0,0,0,,,
632,0,98.5,4.7,2.6345799024505666e-104,1.7031839360016953e-106,1.218966502583508e-69,0.0,1.462317353681845e-106,7.629048516917251e-72,13.43370898654865,1.909201533000071e-105,2.3335211025971523,8.067785977131332e-106,1,0,0,0,,,
633,0,98.0,5.2,1.320945744609488e-104,8.515919680008476e-107,6.120262674640599e-70,0.0,7.311586768409225e-107,3.8145242584586253e-72,13.43370898654865,9.572500110065174e-106,2.6113212338587175,4.043961212276119e-106,1,0,0,0,,,
634,0,97.5,5.7,6.623007689968464e-105,4.257959840004238e-107,3.0728464181818287e-70,0.0,3.6557933842046125e-107,1.9072621292293127e-72,13.43370898654865,4.799496277564998e-106,2.8891213651202836,2.027014717993286e-106,1,0,0,0,,,
635,0,100,5.8,3.3206433284447438e-105,2.128979920002119e-107,1.542780749521679e-70,0.0,1.8278966921023062e-107,9.536310646146563e-73,13.43370898654865,2.4063712500487044e-106,3.166921496381849,1.016024414924256e-106,1,0,0,0,,,
636,0,99.5,6.3,1.6648914059526278e-105,1.0644899600010595e-107,7.745691449762218e-71,0.0,9.139483460511531e-108,4.7681553230732816e-73,13.43370898654865,1.2064971806574547e-106,3.222481522634162,5.092707354259346e-107,1,0,0,0,,,
637,0,99.0,6.8,8.347305738414419e-106,5.322449800005298e-108,3.88873957595802e-71,0.0,4.5697417302557656e-108,2.3840776615366408e-73,13.43370898654865,6.049043681452787e-107,3.5002816538957275,2.552646316948706e-107,1,0,0,0,,,
638,0,100,6.8999999999999995,4.185077223532849e-106,2.661224900002649e-108,1.952316713517466e-71,0.0,2.2848708651278828e-108,1.1920388307683204e-73,13.43370898654865,3.0328007298091496e-107,3.7780817851572936,1.2794694783838695e-107,1,0,0,0,,,
639,0,99.8,5.8999999999999995,2.0982507889292445e-106,1.3306124500013244e-108,9.801318195279608e-72,0.0,1.1424354325639414e-108,5.960194153841602e-74,13.43370898654865,1.5205398094459526e-107,3.833641811409606,6.413078991466929e-108,1,0,0,0,,,
640,0,99.6,4.8999999999999995,1.0519814830460322e-106,6.653062250006622e-109,4.920526411485944e-72,0.0,5.712177162819707e-109,2.980097076920801e-74,13.43370898654865,7.623396269936655e-108,3.278041548886475,3.2144052955072557e-108,1,0,0,0,,,
641,0,99.39999999999999,3.8999999999999995,5.2741878581372106e-107,3.326531125003311e-109,2.4701968626660415e-72,0.0,2.8560885814098535e-109,1.4900485384604005e-74,13.43370898654865,3.8220467463217735e-108,2.722441286363343,1.6111355476405235e-108,1,0,0,0,,,
642,0,99.19999999999999,2.8999999999999995,2.6442341505221302e-107,1.6632655625016555e-109,1.2400652597945556e-72,0.0,1.4280442907049267e-109,7.450242692302003e-75,13.43370898654865,1.9161976788376094e-108,2.166841023840212,8.075342237637096e-109,1,0,0,0,,,
643,0,98.99999999999999,1.8999999999999995,1.3256871859878275e-107,8.316327812508278e-110,6.225160441280452e-73,0.0,7.140221453524634e-110,3.7251213461510013e-75,13.43370898654865,9.606859922571662e-109,1.6112407613170807,4.0475033685357867e-109,1,0,0,0,,,
644,0,98.79999999999998,0.8999999999999995,6.64628648357295e-108,4.158163906254139e-110,3.124997291794063e-73,0.0,3.570110726762317e-110,1.8625606730755006e-75,13.43370898654865,4.816365725477636e-109,1.0556404987939494,2.028667809126513e-109,1,0,0,0,,,
645,0,98.59999999999998,0.0,3.332068518603381e-108,2.0790819531270694e-110,1.56870718147395e-73,0.0,1.7850553633811584e-110,9.312803365377503e-76,13.43370898654865,2.414650744834722e-109,0.500040236270818,1.0167919669925661e-109,1,0,0,0,,,
646,0,98.39999999999998,0.0,1.6704968977101435e-108,1.0395409765635347e-110,7.874578585254343e-74,0.0,8.925276816905792e-111,4.6564016826887516e-76,13.43370898654865,1.2105593134653129e-109,3.119617566917152e-74,5.096250147109379e-110,1,0,0,0,,,
647,0,98.19999999999997,0.0,8.374797680592983e-109,5.1977048828176736e-111,3.952810631569468e-74,0.0,4.462638408452896e-111,2.3282008413443758e-76,13.43370898654865,6.068966272566322e-110,1.565957765413894e-74,2.5542702296279643e-110,1,0,0,0,,,
648,0,97.99999999999997,0.0,4.198555436317624e-109,2.5988524414088368e-111,1.9841659852558822e-74,0.0,2.231319204226448e-111,1.1641004206721879e-76,13.43370898654865,3.0425679889030403e-110,7.860533736846061e-75,1.2802076928506191e-110,1,0,0,0,,,
649,0,97.79999999999997,0.0,2.1048560161693783e-109,1.2994262207044184e-111,9.959633273635152e-75,0.0,1.115659602113224e-111,5.8205021033609395e-77,13.43370898654865,1.52532642076146e-110,3.945639323311325e-75,6.416401354436282e-111,1,0,0,0,,,
650,0,97.59999999999997,0.0,1.0552171570899723e-109,6.497131103522092e-112,4.999218310495447e-75,0.0,5.57829801056612e-112,2.9102510516804698e-77,13.43370898654865,7.646844235356999e-111,1.9805058890998103e-75,3.2158821223097336e-111,1,0,0,0,,,
651,0,97.39999999999996,0.0,5.2900315304762774e-110,3.248565551761046e-112,2.5093099920866585e-75,0.0,2.78914900528306e-112,1.4551255258402349e-77,13.43370898654865,3.833528183453349e-111,9.94096058271979e-76,1.6117817837006633e-111,1,0,0,0,,,
652,0,97.19999999999996,0.0,2.6519886377513466e-110,1.624282775880523e-112,1.259505414462797e-75,0.0,1.39457450264153e-112,7.275627629201174e-78,13.43370898654865,1.9218171246140986e-111,4.989695859970263e-76,8.0781125312322985e-112,1,0,0,0,,,
653,0,96.99999999999996,0.0,1.3294807551322772e-110,8.121413879402615e-113,6.321779164411323e-76,0.0,6.97287251320765e-113,3.637813814600587e-78,13.43370898654865,9.634350787507615e-112,2.504455714290316e-76,4.04865807198064e-112,1,0,0,0,,,
654,0,96.79999999999995,0.0,6.664835956944406e-111,4.0607069397013075e-113,3.1730156282543303e-76,0.0,3.486436256603825e-113,1.8189069073002936e-78,13.43370898654865,4.82980797597237e-112,1.2570317492977504e-76,2.029129939172566e-112,1,0,0,0,,,
655,0,96.59999999999995,0.0,3.341134069113713e-111,2.0303534698506537e-113,1.5925708371514997e-76,0.0,1.7432181283019125e-113,9.094534536501468e-79,13.43370898654865,2.4212202790954654e-112,6.3091782072517125e-77,1.0169654211774057e-112,1,0,0,0,,,
656,0,96.39999999999995,0.0,1.6749250798776113e-111,1.0151767349253269e-113,7.993169300879171e-77,0.0,8.716090641509563e-114,4.547267268250734e-79,13.43370898654865,1.213768285102373e-112,3.1665988340073375e-77,5.0968293638426423e-113,1,0,0,0,,,
657,0,96.19999999999995,0.0,8.396415625991831e-112,5.075883674626634e-114,4.011742208000422e-77,0.0,4.358045320754781e-114,2.273633634125367e-79,13.43370898654865,6.084632153285066e-113,1.589304282194409e-77,2.5544158108991283e-113,1,0,0,0,,,
658,0,95.99999999999994,0.0,4.209102926297803e-112,2.537941837313317e-114,2.013449882780629e-77,0.0,2.1790226603773907e-114,1.1368168170626835e-79,13.43370898654865,3.050211440529134e-113,7.9765457369257455e-78,1.2802084699384677e-113,1,0,0,0,,,
659,0,95.79999999999994,0.0,2.109999019799845e-112,1.2689709186566586e-114,1.0105143307805236e-77,0.0,1.0895113301886953e-114,5.6840840853134175e-80,13.43370898654865,1.5290534022078678e-113,4.0032850314397244e-78,6.4160451721368555e-114,1,0,0,0,,,
660,0,95.59999999999994,0.0,1.0577232882253944e-112,6.344854593283293e-115,5.071518600853663e-78,0.0,5.447556650943477e-115,2.8420420426567087e-80,13.43370898654865,7.66500542075584e-114,2.0091485972082875e-78,3.2155239972906863e-114,1,0,0,0,,,
661,0,95.39999999999993,0.0,5.302235332754331e-113,3.1724272966416465e-115,2.5452327739023544e-78,0.0,2.7237783254717383e-115,1.4210210213283544e-80,13.43370898654865,3.842371915236172e-114,1.0083273393483562e-78,1.6115127042564726e-114,1,0,0,0,,,
662,0,94.89999999999993,0.5,2.657927112190845e-113,1.5862136483208232e-115,1.2773531236889386e-78,0.0,1.3618891627358692e-115,7.105105106641772e-81,13.43370898654865,1.9261205600472113e-114,5.060401900462846e-79,8.076317049338009e-115,1,0,0,0,,,
663,0,94.39999999999993,1.0,1.3323682790022623e-113,7.931068241604116e-116,6.4104493021335e-79,0.0,6.809445813679346e-116,3.552552553320886e-81,13.43370898654865,9.655275812381685e-115,0.27780013126156566,4.047535288696828e-115,1,0,0,0,,,
664,0,93.89999999999993,1.5,6.67886500954551e-114,3.965534120802058e-116,3.217066492911153e-79,0.0,3.404722906839673e-116,1.776276276660443e-81,13.43370898654865,4.839974412263656e-115,0.5556002625231313,2.0284560263623252e-115,1,0,0,0,,,
665,0,100,1.6,3.347944312039855e-114,1.982767060401029e-116,1.6144541673777783e-79,0.0,1.7023614534198365e-116,8.881381383302215e-82,13.43370898654865,2.426155459168235e-115,0.833400393784697,1.0165722041881187e-115,1,0,0,0,,,
666,0,99.8,0.6000000000000001,1.678228059653477e-114,9.913835302005145e-117,8.1018754414999e-80,0.0,8.511807267099182e-117,4.4406906916511074e-82,13.43370898654865,1.216161856102321e-115,0.8889604200370101,5.094581975975373e-116,1,0,0,0,,,
667,0,99.6,0.0,8.412419816435134e-115,4.9569176510025726e-117,4.065740023055454e-80,0.0,4.255903633549591e-117,2.2203453458255537e-82,13.43370898654865,6.096229913102622e-116,0.33336015751387893,2.5531514655050764e-116,1,0,0,0,,,
668,0,99.39999999999999,0.0,4.216849667301441e-115,2.4784588255012863e-117,2.040271162680479e-80,0.0,2.1279518167747956e-117,1.1101726729127769e-82,13.43370898654865,3.05582527284682e-116,8.0828017543581665e-81,1.279505971511233e-116,1,0,0,0,,,
669,0,99.19999999999999,0.0,2.113744713192658e-115,1.2392294127506432e-117,1.0238361569166156e-80,0.0,1.0639759083873978e-117,5.550863364563884e-83,13.43370898654865,1.5317677945711643e-116,4.0560611925861635e-81,6.412181051349638e-117,1,0,0,0,,,
670,0,98.99999999999999,0.0,1.0595322963672975e-115,6.196147063753216e-118,5.137683662464958e-81,0.0,5.319879541936989e-118,2.775431682281942e-83,13.43370898654865,7.678114763594593e-117,2.0353607539966223e-81,3.213416122571556e-117,1,0,0,0,,,
671,0,98.79999999999998,0.0,5.31096118069133e-116,3.098073531876608e-118,2.5780932701734193e-81,0.0,2.6599397709684945e-118,1.387715841140971e-83,13.43370898654865,3.8486952771666826e-117,1.0213454558500815e-81,1.6103708597341464e-117,1,0,0,0,,,
672,0,98.59999999999998,0.0,2.6621304397730867e-116,1.549036765938304e-118,1.2936723545571797e-81,0.0,1.3299698854842472e-118,6.938579205704855e-84,13.43370898654865,1.929166586268034e-117,5.125052673509257e-82,8.070168290912576e-118,1,0,0,0,,,
673,0,98.39999999999998,0.0,1.334390144600254e-116,7.74518382969152e-119,6.491490370138249e-82,0.0,6.649849427421236e-119,3.4692896028524277e-84,13.43370898654865,9.669927669763634e-118,2.5716890338840543e-82,4.044241141577208e-118,1,0,0,0,,,
674,0,98.19999999999997,0.0,6.688575346569824e-117,3.87259191484576e-119,3.2573094837452997e-82,0.0,3.324924713710618e-119,1.7346448014262138e-84,13.43370898654865,4.84701120409355e-118,1.29042586550674e-82,2.026699068849065e-118,1,0,0,0,,,
675,0,97.99999999999997,0.0,3.352599985069189e-117,1.93629595742288e-119,1.6344368912107374e-82,0.0,1.662462356855309e-119,8.673224007131069e-85,13.43370898654865,2.429529286652641e-118,6.475036070357263e-83,1.0156387834547628e-118,1,0,0,0,,,
676,0,97.79999999999997,0.0,1.680456148426733e-117,9.6814797871144e-120,8.201095202744125e-83,0.0,8.312311784276545e-120,4.3366120035655346e-85,13.43370898654865,1.2177764856292537e-118,3.2489714065904137e-83,5.089640162424966e-119,1,0,0,0,,,
677,0,97.59999999999997,0.0,8.423061521594356e-118,4.8407398935572e-120,4.1150029747172815e-83,0.0,4.1561558921382726e-120,2.1683060017827673e-85,13.43370898654865,6.103941639660934e-119,1.630212389001098e-83,2.5505432037880583e-119,1,0,0,0,,,
678,0,97.39999999999996,0.0,4.221921150527524e-118,2.4203699467786e-120,2.0647291740312502e-83,0.0,2.0780779460691363e-120,1.0841530008913836e-85,13.43370898654865,3.0595004255878e-119,8.179695373534944e-84,1.2781331631818172e-119,1,0,0,0,,,
679,0,97.19999999999996,0.0,2.116155770128935e-118,1.2101849733893e-120,1.0359784303519298e-83,0.0,1.0390389730345681e-120,5.420765004456918e-86,13.43370898654865,1.5335150156725662e-119,4.104164401032199e-84,6.404973622348027e-120,1,0,0,0,,,
680,0,96.99999999999996,0.0,1.060675482497054e-118,6.0509248669465e-121,5.197961368441173e-84,0.0,5.195194865172841e-121,2.710382502228459e-86,13.43370898654865,7.686399092756163e-120,2.0592405576484633e-84,3.209640714393483e-120,1,0,0,0,,,
681,0,96.79999999999995,0.0,5.316365399648203e-119,3.02546243347325e-121,2.6080152925613483e-84,0.0,2.5975974325864204e-121,1.3551912511142296e-86,13.43370898654865,3.852611553574747e-120,1.0331994573904137e-84,1.608397308806476e-120,1,0,0,0,,,
682,0,96.29999999999995,0.5,2.6646766934055677e-119,1.512731216736625e-121,1.308524950451055e-84,0.0,1.2987987162932102e-121,6.775956255571148e-87,13.43370898654865,1.9310117803857065e-120,5.183893179782976e-85,8.059871302081054e-121,1,0,0,0,,,
683,0,95.79999999999995,1.0,1.335585343493517e-119,7.563656083683125e-122,6.56521127310718e-85,0.0,6.493993581466051e-122,3.387978127785574e-87,13.43370898654865,9.678588919920198e-121,0.27780013126156566,4.0388780300648655e-121,1,0,0,0,,,
684,0,95.29999999999995,1.5,6.69416170142125e-120,3.7818280418415624e-122,3.2938988969795423e-85,0.0,3.2469967907330255e-122,1.693989063892787e-87,13.43370898654865,4.851059468955931e-121,0.5556002625231313,2.023910204544601e-121,1,0,0,0,,,
685,0,94.79999999999995,2.0,3.355198342687458e-120,1.8909140209207812e-122,1.6525960787027473e-85,0.0,1.6234983953665127e-122,8.469945319463935e-88,13.43370898654865,2.4314122389758815e-121,0.833400393784697,1.0141906970283846e-121,1,0,0,0,,,
686,0,94.29999999999995,2.5,1.6816579173321454e-120,9.454570104603906e-123,8.291213544578617e-86,0.0,8.117491976832564e-123,4.2349726597319674e-88,13.43370898654865,1.2186473717368988e-121,1.1112005250462627,5.082131458922345e-122,1,0,0,0,,,
687,0,100,2.6,8.42858331660281e-121,4.727285052301953e-123,4.159723347821749e-86,0.0,4.058745988416282e-123,2.1174863298659837e-88,13.43370898654865,6.107943119929285e-122,1.3890006563078285,2.546654716351384e-122,1,0,0,0,,,
688,0,99.8,1.6,4.224438523272446e-121,2.3636425261509765e-123,2.0869199616770947e-86,0.0,2.029372994208141e-123,1.0587431649329918e-88,13.43370898654865,3.0613246905870374e-122,1.4445606825601418,1.2761218516207972e-122,1,0,0,0,,,
689,0,99.6,0.6000000000000001,2.1172926941217434e-121,1.1818212630754882e-123,1.0469891247216575e-86,0.0,1.0146864971040705e-123,5.293715824664959e-89,13.43370898654865,1.5343389106047165e-122,0.8889604200370101,6.394581725329513e-123,1,0,0,0,,,
690,0,99.39999999999999,0.0,1.061183063303632e-121,5.909106315377441e-124,5.252591343023838e-87,0.0,5.073432485520352e-124,2.6468579123324796e-89,13.43370898654865,7.690077379579571e-123,0.33336015751387893,3.2042770962775196e-123,1,0,0,0,,,
691,0,99.19999999999999,0.0,5.318598897731961e-122,2.9545531576887206e-124,2.635118531219694e-87,0.0,2.536716242760176e-124,1.3234289561662398e-89,13.43370898654865,3.8542301030677794e-123,1.0439367607931952e-87,1.6056316649451414e-123,1,0,0,0,,,
692,0,98.99999999999999,0.0,2.665641239472881e-122,1.4772765788443603e-124,1.3219706954637347e-87,0.0,1.268358121380088e-124,6.617144780831199e-90,13.43370898654865,1.931710758172887e-123,5.23716026180866e-88,8.045623908757617e-124,1,0,0,0,,,
693,0,98.79999999999998,0.0,1.335991515039891e-122,7.386382894221801e-125,6.631910626588112e-88,0.0,6.34179060690044e-125,3.3085723904155995e-90,13.43370898654865,9.681532324059419e-124,2.627318359825673e-88,4.0315447463947626e-124,1,0,0,0,,,
694,0,98.59999999999998,0.0,6.695812051716706e-123,3.6931914471109007e-125,3.326983887928775e-88,0.0,3.17089530345022e-125,1.6542861952077998e-90,13.43370898654865,4.852255428627201e-124,1.3180282943735075e-88,2.0201387692053583e-124,1,0,0,0,,,
695,0,98.39999999999998,0.0,3.355833264116979e-123,1.8465957235554504e-125,1.669006231281747e-88,0.0,1.58544765172511e-125,8.271430976038999e-91,13.43370898654865,2.4318723476123474e-124,6.611987044170895e-89,1.0122525826066677e-124,1,0,0,0,,,
696,0,98.19999999999997,0.0,1.6818802511878024e-123,9.232978617777252e-126,8.372602592995532e-89,0.0,7.92723825862555e-126,4.1357154880194994e-91,13.43370898654865,1.2188084904555467e-124,3.316916308237125e-89,5.072178903053282e-125,1,0,0,0,,,
697,0,97.99999999999997,0.0,8.429219351585576e-124,4.616489308888626e-126,4.200087014791165e-89,0.0,3.963619129312775e-126,2.0678577440097497e-91,13.43370898654865,6.1084040355246e-125,1.6639195471944012e-89,2.5415474465366123e-125,1,0,0,0,,,
698,0,97.79999999999997,0.0,4.22451872361607e-124,2.308244654444313e-126,2.106936366542282e-89,0.0,1.9818095646563876e-126,1.0339288720048748e-91,13.43370898654865,3.061382809385732e-125,8.346904701351202e-90,1.2735027207732918e-125,1,0,0,0,,,
699,0,97.59999999999997,0.0,2.1172138857196763e-124,1.1541223272221565e-126,1.0569146128444907e-89,0.0,9.909047823281938e-127,5.169644360024374e-92,13.43370898654865,1.5342818005045823e-125,4.187105833365199e-90,6.381158591391387e-126,1,0,0,0,,,
700,0,97.39999999999996,0.0,1.0610842048156587e-124,5.770611636110782e-127,5.301805212089202e-90,0.0,4.954523911640969e-127,2.584822180012187e-92,13.43370898654865,7.689360981581496e-126,2.100379658027398e-90,3.197401789458158e-126,1,0,0,0,,,
701,0,97.19999999999996,0.0,5.317807333857397e-125,2.885305818055391e-127,2.659518679977975e-90,0.0,2.4772619558204845e-127,1.2924110900060936e-92,13.43370898654865,3.853656480320039e-126,1.0536031996860983e-90,1.6021121416103112e-126,1,0,0,0,,,
702,0,96.69999999999996,0.5,2.6650968218182497e-125,1.4426529090276956e-127,1.3340673769556747e-90,0.0,1.2386309779102423e-127,6.462055450030468e-93,13.43370898654865,1.9313162349246648e-126,5.28508285179249e-91,8.027616942457715e-127,1,0,0,0,,,
703,0,96.19999999999996,1.0,1.3356449883539005e-125,7.213264545138478e-128,6.691877069611809e-91,0.0,6.193154889551211e-128,3.231027725015234e-93,13.43370898654865,9.679021148446552e-127,0.27780013126156566,4.022336588431938e-127,1,0,0,0,,,
704,0,95.69999999999996,1.5,6.693707828993381e-126,3.606632272569239e-128,3.3567086272226225e-91,0.0,3.0965774447756056e-128,1.615513862507617e-93,13.43370898654865,4.85073056113489e-127,0.5556002625231313,2.0154323528175093e-127,1,0,0,0,,,
705,0,95.19999999999996,2.0,3.35459535810863e-126,1.8033161362846195e-128,1.6837393598196701e-91,0.0,1.5482887223878028e-128,8.077569312538085e-94,13.43370898654865,2.430975274023252e-127,0.833400393784697,1.009848205709525e-127,1,0,0,0,,,
706,0,94.69999999999996,2.5,1.6811684008602846e-126,9.016580681423097e-129,8.445622030140145e-92,0.0,7.741443611939014e-129,4.0387846562690424e-94,13.43370898654865,1.2182926337395291e-127,1.1112005250462627,5.059901175051475e-128,1,0,0,0,,,
707,0,94.19999999999996,3.0,8.425195613331271e-127,4.508290340711549e-129,4.23627363059097e-92,0.0,3.870721805969507e-129,2.0193923281345212e-94,13.43370898654865,6.105488152337165e-128,1.3890006563078285,2.535280660777663e-128,1,0,0,0,,,
708,0,93.69999999999996,3.5,4.22227461118056e-127,2.2541451703557744e-129,2.1248681230559336e-92,0.0,1.9353609029847535e-129,1.0096961640672606e-94,13.43370898654865,3.05975656798834e-128,1.666800787569394,1.2703053670147937e-128,1,0,0,0,,,
709,0,100,3.6,2.115975707847742e-127,1.1270725851778872e-129,1.0657997154081911e-92,0.0,9.676804514923768e-130,5.048480820336303e-95,13.43370898654865,1.5333845299040498e-128,1.9446009188309599,6.364852018203783e-129,1,0,0,0,,,
710,0,99.5,4.1,1.060407055052602e-127,5.635362925889436e-130,5.345826846442077e-93,0.0,4.838402257461884e-130,2.5242404101681515e-95,13.43370898654865,7.684453879069645e-129,2.0001609450832736,3.189088600666798e-129,1,0,0,0,,,
711,0,99.0,4.6,5.314131280906665e-128,2.817681462944718e-130,2.6813275579215994e-93,0.0,2.419201128730942e-130,1.2621202050840757e-95,13.43370898654865,3.85099255430952e-129,2.2779610763448384,1.597875596115852e-129,1,0,0,0,,,
712,0,98.5,5.1,2.66311364327516e-128,1.408840731472359e-130,1.3448708463110801e-93,0.0,1.209600564365471e-130,6.310601025420379e-96,13.43370898654865,1.9298790845421096e-129,2.5557612076064045,8.006034459491528e-130,1,0,0,0,,,
713,0,98.0,5.6,1.3345808230484938e-128,7.044203657361795e-131,6.745389568306803e-94,0.0,6.048002821827355e-131,3.1553005127101893e-96,13.43370898654865,9.671309459647292e-130,2.83356133886797,4.011345469201897e-130,1,0,0,0,,,
714,0,97.5,6.1,6.688024122297038e-129,3.5221018286808975e-131,3.3832124525291023e-94,0.0,3.0240014109136774e-131,1.5776502563550947e-96,13.43370898654865,4.846611748292018e-130,3.111361470129535,2.009836854329015e-130,1,0,0,0,,,
715,0,97.0,6.6,3.3515720646758033e-129,1.7610509143404487e-131,1.6968650604524016e-94,0.0,1.5120007054568387e-131,7.888251281775473e-97,13.43370898654865,2.428784383380196e-130,3.389161601391101,1.0070004870285407e-130,1,0,0,0,,,
716,0,100,6.699999999999999,1.679566034101544e-129,8.805254571702244e-132,8.510619473201261e-95,0.0,7.560003527284193e-132,3.9441256408877367e-97,13.43370898654865,1.2171314463071913e-130,3.666961732652667,5.045412734462871e-131,1,0,0,0,,,
717,0,99.8,5.699999999999999,8.41673017932593e-130,4.402627285851122e-132,4.2684568220702566e-95,0.0,3.780001763642097e-132,1.9720628204438683e-97,13.43370898654865,6.099353504621423e-131,3.7225217589049797,2.5279115168915184e-131,1,0,0,0,,,
718,0,99.6,4.699999999999999,4.217815094072071e-130,2.201313642925561e-132,2.1408019537699414e-95,0.0,1.8900008818210484e-132,9.860314102219342e-98,13.43370898654865,3.0565248888534443e-131,3.1669214963818484,1.2665583332758007e-131,1,0,0,0,,,
719,0,99.39999999999999,3.6999999999999993,2.113632549240588e-130,1.1006568214627805e-132,1.0736877482523773e-95,0.0,9.450004409105242e-133,4.930157051109671e-98,13.43370898654865,1.5316865126980886e-131,2.6113212338587175,6.345804540529213e-132,1,0,0,0,,,
720,0,99.19999999999999,2.6999999999999993,1.0591787757225705e-130,5.503284107313902e-133,5.384872598098919e-96,0.0,4.725002204552621e-133,2.4650785255548354e-98,13.43370898654865,7.675552904847276e-132,2.0557209713355857,3.17940870733971e-132,1,0,0,0,,,
721,0,98.99999999999999,1.6999999999999993,5.307706384124234e-131,2.751642053656951e-133,2.700653227467976e-96,0.0,2.3625011022763105e-133,1.2325392627774177e-98,13.43370898654865,3.846336623102054e-132,1.5001207088124544,1.592957572207407e-132,1,0,0,0,,,
722,0,98.49999999999999,2.1999999999999993,2.659759444817808e-131,1.3758210268284756e-133,1.3544350779432462e-96,0.0,1.1812505511381552e-133,6.1626963138870886e-99,13.43370898654865,1.9274483968902354e-132,0.944520446289323,7.981053953724796e-133,1,0,0,0,,,
723,0,97.99999999999999,2.6999999999999993,1.3328328487867496e-131,6.879105134142378e-134,6.792717710762522e-97,0.0,5.906252755690776e-134,3.0813481569435443e-99,13.43370898654865,9.658642411147216e-133,1.2223205775508885,3.998660023206277e-133,1,0,0,0,,,
724,0,97.49999999999999,3.1999999999999993,6.678929875822975e-132,3.439552567071189e-134,3.4066300159044065e-97,0.0,2.953126377845388e-134,1.5406740784717721e-99,13.43370898654865,4.8400214189216286e-133,1.5001207088124544,2.003396534775079e-133,1,0,0,0,,,
725,0,100,3.2999999999999994,3.3468477538561013e-132,1.7197762835355945e-134,1.708450588213776e-97,0.0,1.476563188922694e-134,7.703370392358861e-100,13.43370898654865,2.4253608161348247e-133,1.77792084007402,1.0037315289735096e-133,1,0,0,0,,,
726,0,99.8,2.2999999999999994,1.6771152849003575e-132,8.598881417677972e-135,8.567930842376744e-98,0.0,7.38281594461347e-135,3.8516851961794304e-100,13.43370898654865,1.2153554614044174e-133,1.8334808663263331,5.028823952797397e-134,1,0,0,0,,,
727,0,99.6,1.2999999999999994,8.404033464363322e-133,4.299440708838986e-135,4.296804371842304e-98,0.0,3.691407972306735e-135,1.9258425980897152e-100,13.43370898654865,6.090152573707112e-134,1.2778806038032018,2.519495130363624e-134,1,0,0,0,,,
728,0,99.39999999999999,0.2999999999999994,4.211245252112428e-133,2.149720354419493e-135,2.154821661248118e-98,0.0,1.8457039861533675e-135,9.629212990448576e-101,13.43370898654865,3.0517639201960685e-134,0.7222803412800705,1.2622891421642741e-134,1,0,0,0,,,
729,0,99.19999999999999,0.0,2.1102368860215976e-133,1.0748601772097465e-135,1.0806205682875419e-98,0.0,9.228519930766838e-136,4.814606495224288e-101,13.43370898654865,1.5292257767692908e-134,0.16668007875693908,6.324153595733684e-135,1,0,0,0,,,
730,0,98.99999999999999,0.0,1.0574255729934906e-133,5.374300886048733e-136,5.419151529755124e-99,0.0,4.614259965383419e-136,2.407303247612144e-101,13.43370898654865,7.662847967202736e-135,2.146867940548212e-99,3.168430740322999e-135,1,0,0,0,,,
731,0,98.79999999999998,0.0,5.298663514880912e-134,2.6871504430243663e-136,2.7176001090362696e-99,0.0,2.3071299826917094e-136,1.203651623806072e-101,13.43370898654865,3.839783525279508e-135,1.0766129194368418e-99,1.5873923413895772e-135,1,0,0,0,,,
732,0,98.59999999999998,0.0,2.6550995823971854e-134,1.3435752215121832e-136,1.3628122265974885e-99,0.0,1.1535649913458547e-136,6.01825811903036e-102,13.43370898654865,1.9240715334788247e-135,5.398959342997889e-100,7.952846563088278e-136,1,0,0,0,,,
733,0,98.39999999999998,0.0,1.3304337036769574e-134,6.717876107560916e-137,6.834121993384211e-100,0.0,5.767824956729274e-137,3.00912905951518e-102,13.43370898654865,9.641256521589475e-136,2.707427044405784e-100,3.984365709614334e-136,1,0,0,0,,,
734,0,98.19999999999997,0.0,6.666588080776611e-135,3.358938053780458e-137,3.42709142689049e-100,0.0,2.883912478364637e-137,1.50456452975759e-102,13.43370898654865,4.831077687892415e-136,1.357687208656312e-100,1.9961540688422646e-136,1,0,0,0,,,
735,0,97.99999999999997,0.0,3.340503821584217e-135,1.679469026890229e-137,1.718560928544437e-100,0.0,1.4419562391823184e-137,7.52282264878795e-103,13.43370898654865,2.420763557495045e-136,6.80830447554866e-101,1.000062641438681e-136,1,0,0,0,,,
736,0,97.79999999999997,0.0,1.6738568013900645e-135,8.397345134451145e-138,8.617880718218146e-101,0.0,7.209781195911592e-138,3.761411324393975e-103,13.43370898654865,1.2129941355219415e-136,3.4140864539078796e-101,5.01024124228115e-137,1,0,0,0,,,
737,0,97.59999999999997,0.0,8.387308459940102e-136,4.1986725672255724e-138,4.3214783968570534e-101,0.0,3.604890597955796e-138,1.8807056621969875e-103,13.43370898654865,6.078032461481803e-137,1.7120103350207147e-101,2.510084638684447e-137,1,0,0,0,,,
738,0,97.39999999999996,0.0,4.202666456464941e-136,2.0993362836127862e-138,2.167008217302517e-101,0.0,1.802445298977898e-138,9.403528310984937e-104,13.43370898654865,3.045547122676949e-137,8.584887215437448e-102,1.2575243281141598e-137,1,0,0,0,,,
739,0,97.19999999999996,0.0,2.1058393414799154e-136,1.0496681418063931e-138,1.0866386180882535e-101,0.0,9.01222649488949e-139,4.701764155492469e-104,13.43370898654865,1.5260390073064982e-137,4.304861377885663e-102,6.300031684430478e-138,1,0,0,0,,,
740,0,96.99999999999996,0.0,1.0551727273636801e-136,5.2483407090319655e-139,5.448865637626243e-102,0.0,4.506113247444745e-139,2.3508820777462343e-104,13.43370898654865,7.64652226637261e-138,2.1586395740262995e-102,3.1562208641450794e-138,1,0,0,0,,,
741,0,96.79999999999995,0.0,5.287128919937013e-137,2.6241703545159828e-139,2.7322690924056093e-102,0.0,2.2530566237223725e-139,1.1754410388731172e-104,13.43370898654865,3.8314247481063645e-138,1.082424229554884e-102,1.5812129430374597e-138,1,0,0,0,,,
742,0,96.29999999999995,0.5,2.6491971015278126e-137,1.3120851772579914e-139,1.3700526829990485e-102,0.0,1.1265283118611862e-139,5.877205194365586e-105,13.43370898654865,1.9197941815132122e-138,5.427643360483093e-103,7.9215772700119e-139,1,0,0,0,,,
743,0,95.79999999999995,1.0,1.3274148715435593e-137,6.560425886289957e-140,6.869854098976462e-103,0.0,5.632641559305931e-140,2.938602597182793e-105,13.43370898654865,9.61937994486621e-139,0.27780013126156566,3.96854491241825e-139,1,0,0,0,,,
744,0,95.29999999999995,1.5,6.651155961616062e-138,3.2802129431449785e-140,3.4447223914788406e-103,0.0,2.8163207796529656e-140,1.4693012985913965e-105,13.43370898654865,4.819894491083179e-139,0.5556002625231313,1.9881505949152745e-139,1,0,0,0,,,
745,0,100,1.6,3.3326187827571636e-138,1.6401064715724892e-140,1.727258866734725e-103,0.0,1.4081603898264828e-140,7.346506492956982e-106,13.43370898654865,2.415049504866627e-139,0.833400393784697,9.960143668107126e-140,1,0,0,0,,,
746,0,99.8,0.6000000000000001,1.669829792353148e-138,8.200532357862446e-141,8.66078268865015e-104,0.0,7.040801949132414e-141,3.673253246478491e-106,13.43370898654865,1.210075882095832e-139,0.8889604200370101,4.989767180818937e-140,1,0,0,0,,,
747,0,99.6,0.0,8.366750966638572e-139,4.100266178931223e-141,4.342635521813337e-104,0.0,3.520400974566207e-141,1.8366266232392456e-106,13.43370898654865,6.063135058791754e-140,0.33336015751387893,2.4997312637921565e-140,1,0,0,0,,,
748,0,99.39999999999999,0.0,4.192176485755702e-139,2.0501330894656115e-141,2.1774398496507995e-104,0.0,1.7602004872831035e-141,9.183133116196228e-107,13.43370898654865,3.037945353552173e-140,8.626213494898628e-105,1.2522894685874218e-140,1,0,0,0,,,
749,0,99.19999999999999,0.0,2.100488744096059e-139,1.0250665447328058e-141,1.0917809691974653e-104,0.0,8.801002436415518e-142,4.591566558098114e-107,13.43370898654865,1.5221615888542347e-140,4.3252334761279644e-105,6.273566526393829e-141,1,0,0,0,,,
750,0,98.99999999999999,0.0,1.0524446226571334e-139,5.125332723664029e-142,5.474210067847654e-105,0.0,4.400501218207759e-142,2.295783279049057e-107,13.43370898654865,7.626752504661915e-141,2.1686801024033066e-105,3.142842854925274e-141,1,0,0,0,,,
751,0,98.79999999999998,0.0,5.273224366331187e-140,2.5626663618320144e-142,2.7447576448539908e-105,0.0,2.2002506091038794e-142,1.1478916395245285e-107,13.43370898654865,3.821348532526328e-141,1.087371733371316e-105,1.5744512233268165e-141,1,0,0,0,,,
752,0,98.59999999999998,0.0,2.6421128096883533e-140,1.2813331809160072e-142,1.3762051278920773e-105,0.0,1.1001253045519397e-142,5.7394581976226424e-108,13.43370898654865,1.914660406360849e-141,5.452017077704892e-106,7.887405095954981e-142,1,0,0,0,,,
753,0,98.39999999999998,0.0,1.3238067181055566e-140,6.406665904580036e-143,6.900157166785796e-106,0.0,5.5006265227596985e-143,2.8697290988113212e-108,13.43370898654865,9.593232732292673e-142,2.7335877442766013e-106,3.95127703763794e-142,1,0,0,0,,,
754,0,98.19999999999997,0.0,6.632785156834683e-141,3.203332952290018e-143,3.4596443470556027e-106,0.0,2.7503132613798492e-143,1.4348645494056606e-108,13.43370898654865,4.8065817163905496e-142,1.370583474850379e-106,1.9794257636491948e-142,1,0,0,0,,,
755,0,97.99999999999997,0.0,3.323268361570791e-141,1.601666476145009e-143,1.7346050553591537e-106,0.0,1.3751566306899246e-143,7.174322747028303e-109,13.43370898654865,2.4082735333173816e-142,6.871865387812285e-107,9.916065042397099e-143,1,0,0,0,,,
756,0,97.79999999999997,0.0,1.6650720723621205e-141,8.008332380725045e-144,8.69693968595253e-107,0.0,6.875783153449623e-144,3.5871613735141515e-109,13.43370898654865,1.206628104219744e-142,3.445406700686337e-107,4.967500633274111e-143,1,0,0,0,,,
757,0,97.59999999999997,0.0,8.342549819694227e-142,4.0041661903625225e-144,4.360427047554646e-107,0.0,3.4378915767248115e-144,1.7935806867570758e-109,13.43370898654865,6.0455972089039865e-143,1.727440353733266e-107,2.4884843726748357e-143,1,0,0,0,,,
758,0,97.39999999999996,0.0,4.179869638788926e-142,2.0020830951812613e-144,2.1861921260665135e-107,0.0,1.7189457883624058e-144,8.967903433785379e-110,13.43370898654865,3.029026948354627e-143,8.660886785616818e-108,1.2466092143563087e-143,1,0,0,0,,,
759,0,97.19999999999996,0.0,2.094232183865369e-142,1.0010415475906306e-144,1.096085364177852e-107,0.0,8.594728941812029e-145,4.4839517168926894e-110,13.43370898654865,1.51762764612863e-143,4.342285901283653e-108,6.244881211875995e-144,1,0,0,0,,,
760,0,96.99999999999996,0.0,1.0492647741681376e-142,5.005207737953153e-145,5.495373326612236e-108,0.0,4.2973644709060144e-145,2.2419758584463447e-110,13.43370898654865,7.603709090399732e-144,2.1770642048794487e-108,3.1283581759852235e-144,1,0,0,0,,,
761,0,96.79999999999995,0.0,5.2570672820179535e-143,2.5026038689765766e-145,2.755159916167606e-108,0.0,2.1486822354530072e-145,1.1209879292231724e-110,13.43370898654865,3.809639975078158e-144,1.0914927295585353e-108,1.5671378730162247e-144,1,0,0,0,,,
762,0,96.29999999999995,0.5,2.6339053465976094e-143,1.2513019344882883e-145,1.3813165845145471e-108,0.0,1.0743411177265036e-145,5.604939646115862e-111,13.43370898654865,1.9087127024782247e-144,5.47226678338673e-109,7.850483290199187e-145,1,0,0,0,,,
763,0,95.79999999999995,1.0,1.319638526093121e-143,6.2565096724414414e-146,6.925266054726456e-109,0.0,5.371705588632518e-146,2.802469823057931e-111,13.43370898654865,9.563027087086854e-145,0.27780013126156566,3.932638607658627e-145,1,0,0,0,,,
764,0,95.29999999999995,1.5,6.611621894437187e-144,3.1282548362207207e-146,3.471974593440088e-109,0.0,2.685852794316259e-146,1.4012349115289654e-111,13.43370898654865,4.791245330891291e-145,0.5556002625231313,1.9700177851088295e-145,1,0,0,0,,,
765,0,94.79999999999995,2.0,3.3125255792043844e-144,1.5641274181103604e-146,1.740658079758474e-109,0.0,1.3429263971581295e-146,7.006174557644827e-112,13.43370898654865,2.4004885591195776e-145,0.833400393784697,9.868581331941732e-146,1,0,0,0,,,
766,0,94.29999999999995,2.5,1.6596201055950876e-144,7.820637090551802e-147,8.72664431398452e-110,0.0,6.714631985790648e-147,3.5030872788224136e-112,13.43370898654865,1.202677226396755e-145,1.1112005250462627,4.9435368691696555e-146,1,0,0,0,,,
767,0,93.79999999999995,3.0,8.314887107939915e-145,3.910318545275901e-147,4.3749991145883354e-110,0.0,3.357315992895324e-147,1.7515436394112068e-112,13.43370898654865,6.025550866168605e-146,1.3890006563078285,2.4763915361842235e-146,1,0,0,0,,,
768,0,93.29999999999995,3.5,4.165836843952196e-145,1.9551592726379505e-147,2.1933380360922052e-110,0.0,1.678657996447662e-147,8.757718197056034e-113,13.43370898654865,3.0188578001767182e-146,1.666800787569394,1.2405073188918096e-146,1,0,0,0,,,
769,0,100,3.6,2.0871150669672174e-145,9.775796363189752e-148,1.0995882574451214e-110,0.0,8.39328998223831e-148,4.378859098528017e-113,13.43370898654865,1.5124700836345667e-146,1.9446009188309599,6.214094348457535e-147,1,0,0,0,,,
770,0,99.8,2.6,1.0456558559791684e-145,4.887898181594876e-148,5.512537484220701e-111,0.0,4.196644991119155e-148,2.1894295492640085e-113,13.43370898654865,7.577556335903872e-147,2.0001609450832736,3.112826051228012e-147,1,0,0,0,,,
771,0,99.6,1.6,5.23877089237364e-146,2.443949090797438e-148,2.7635668406078974e-111,0.0,2.0983224955595774e-148,1.0947147746320043e-113,13.43370898654865,3.796381126817455e-147,1.4445606825601418,1.5593024641136278e-147,1,0,0,0,,,
772,0,99.39999999999999,0.6000000000000001,2.624631252425719e-146,1.221974545398719e-148,1.3854324695527222e-111,0.0,1.0491612477797887e-148,5.473573873160021e-114,13.43370898654865,1.9019920428414873e-147,0.8889604200370101,7.81095951306625e-148,1,0,0,0,,,
773,0,99.19999999999999,0.0,1.3149385293323091e-146,6.109872726993595e-149,6.945407594007478e-112,0.0,5.245806238898943e-149,2.7367869365800106e-114,13.43370898654865,9.528967611371234e-148,0.33336015751387893,3.91270335278218e-148,1,0,0,0,,,
774,0,98.99999999999999,0.0,6.587807162258793e-147,3.0549363634967976e-149,3.481826420125673e-112,0.0,2.6229031194494717e-149,1.3683934682900053e-114,13.43370898654865,4.773987504267515e-148,1.3793711939734836e-112,1.9599634745156177e-148,1,0,0,0,,,
775,0,98.79999999999998,0.0,3.3004608389280206e-147,1.5274681817483988e-149,1.7454745216238033e-112,0.0,1.3114515597247358e-149,6.841967341450027e-115,13.43370898654865,2.3917456014247074e-148,6.914926203746878e-113,9.817876363200726e-149,1,0,0,0,,,
776,0,98.59999999999998,0.0,1.6535090483633223e-147,7.637340908741994e-150,8.75017916592385e-113,0.0,6.557257798623679e-150,3.4209836707250133e-115,13.43370898654865,1.1982487253578285e-148,3.46649821881317e-113,4.917967676911684e-149,1,0,0,0,,,
777,0,98.39999999999998,0.0,8.283938386313171e-148,3.818670454370997e-150,4.3864928618643424e-113,0.0,3.2786288993118396e-150,1.7104918353625066e-115,13.43370898654865,6.003123250016514e-149,1.7377666678764505e-113,2.4634985861115004e-149,1,0,0,0,,,
778,0,98.19999999999997,0.0,4.1501657654048654e-148,1.9093352271854985e-150,2.1989480703833798e-113,0.0,1.6393144496559198e-150,8.552459176812533e-116,13.43370898654865,3.0075014366219446e-149,8.711421131731579e-114,1.2340066668835803e-149,1,0,0,0,,,
779,0,97.99999999999997,0.0,2.0791811688265726e-148,9.546676135927492e-151,1.1023248549172942e-113,0.0,8.196572248279599e-151,4.2762295884062666e-116,13.43370898654865,1.5067206241178154e-149,4.3670044620404536e-114,6.18132020355705e-150,1,0,0,0,,,
780,0,97.79999999999997,0.0,1.0416397274753563e-148,4.773338067963746e-151,5.525878373214492e-114,0.0,4.0982861241397995e-151,2.1381147942031333e-116,13.43370898654865,7.548452649623296e-150,2.1891491791075584e-114,3.096303536348099e-150,1,0,0,0,,,
781,0,97.59999999999997,0.0,5.218444352687131e-149,2.386669033981873e-151,2.7700662359212568e-114,0.0,2.0491430620698998e-151,1.0690573971015667e-116,13.43370898654865,3.7816510893287557e-150,1.0973980635974449e-114,1.5509734854588368e-150,1,0,0,0,,,
782,0,97.39999999999996,0.0,2.6143450339987405e-149,1.1933345169909366e-151,1.3885966426176337e-114,0.0,1.0245715310349499e-151,5.345286985507833e-117,13.43370898654865,1.8945379269229323e-150,5.501107688205554e-115,7.768976013718119e-151,1,0,0,0,,,
783,0,97.19999999999996,0.0,1.3097339458269577e-149,5.966672584954683e-152,6.960800836373195e-115,0.0,5.122857655174749e-152,2.6726434927539166e-117,13.43370898654865,9.491251545907433e-151,2.757612529211942e-115,3.8915423000710285e-151,1,0,0,0,,,
784,0,96.99999999999996,0.0,6.561476873272726e-150,2.9833362924773414e-152,3.489309229829111e-115,0.0,2.5614288275873747e-152,1.3363217463769583e-117,13.43370898654865,4.754906728600102e-151,1.382335607160553e-115,1.949298296641498e-151,1,0,0,0,,,
785,0,96.79999999999995,0.0,3.2871420087053316e-150,1.4916681462386707e-152,1.7491090207358122e-115,0.0,1.2807144137936874e-152,6.681608731884792e-118,13.43370898654865,2.3820938421232437e-151,6.929324748575677e-116,9.764127216237409e-152,1,0,0,0,,,
786,0,96.59999999999995,0.0,1.64677279038715e-150,7.458340731193353e-153,8.767817132785345e-116,0.0,6.403572068968437e-153,3.340804365942396e-118,13.43370898654865,1.1933671599732184e-151,3.4734857306742944e-116,4.890881474633665e-152,1,0,0,0,,,
787,0,96.39999999999995,0.0,8.249872882108172e-151,3.7291703655966767e-153,4.395044580945814e-116,0.0,3.2017860344842184e-153,1.670402182971198e-118,13.43370898654865,5.978436994424074e-152,1.741154543530375e-116,2.449849670574313e-152,1,0,0,0,,,
788,0,96.19999999999995,0.0,4.132940906140297e-151,1.8645851827983384e-153,2.2030902977494779e-116,0.0,1.6008930172421092e-153,8.35201091485599e-119,13.43370898654865,2.995019094491028e-152,8.727831108618016e-117,1.2271293019158962e-152,1,0,0,0,,,
789,0,95.99999999999994,0.0,2.070472685613254e-151,9.322925913991692e-154,1.1043291525130244e-116,0.0,8.004465086210546e-154,4.176005457427995e-119,13.43370898654865,1.5004098458850095e-152,4.374944749792078e-117,6.146668842723182e-153,1,0,0,0,,,
790,0,95.79999999999994,0.0,1.0372374590781796e-151,4.661462956995846e-154,5.535565780756549e-117,0.0,4.002232543105273e-154,2.0880027287139974e-119,13.43370898654865,7.516550722622525e-153,2.1929869726375733e-117,3.0788455879334407e-153,1,0,0,0,,,
791,0,95.59999999999994,0.0,5.196192876748662e-152,2.330731478497923e-154,2.774742899473988e-117,0.0,2.0011162715526365e-154,1.0440013643569987e-119,13.43370898654865,3.7655261079100014e-153,1.0992507851895542e-117,1.5421783772526453e-153,1,0,0,0,,,
792,0,95.39999999999993,0.0,2.6030992290532126e-152,1.1653657392489615e-154,1.3908514542848508e-117,0.0,1.0005581357763182e-154,5.2200068217849934e-120,13.43370898654865,1.88638842725437e-153,5.510040420301608e-118,7.724669802692852e-154,1,0,0,0,,,
793,0,95.19999999999993,0.0,1.3040510098660472e-152,5.826828696244807e-155,6.971657294163538e-118,0.0,5.002790678881591e-155,2.6100034108924967e-120,13.43370898654865,9.450069002768698e-154,2.7619134573277222e-118,3.8692238595612386e-154,1,0,0,0,,,
794,0,94.99999999999993,0.0,6.53276202602744e-153,2.9134143481224037e-155,3.494528658451411e-118,0.0,2.5013953394407956e-155,1.3050017054462484e-120,13.43370898654865,4.734097934632772e-154,1.3844033522523206e-118,1.9380564088880255e-154,1,0,0,0,,,
795,0,94.79999999999993,0.0,3.2726345013623224e-153,1.4567071740612018e-155,1.7516143349105264e-118,0.0,1.2506976697203978e-155,6.525008527231242e-121,13.43370898654865,2.3715806839405977e-154,6.939249879203899e-119,9.707504439977158e-155,1,0,0,0,,,
796,0,94.59999999999992,0.0,1.6394439948554623e-153,7.283535870306009e-156,8.779821702976737e-119,0.0,6.253488348601989e-156,3.262504263615621e-121,13.43370898654865,1.1880562002824048e-154,3.478241498573098e-119,4.862363417757096e-155,1,0,0,0,,,
797,0,94.39999999999992,0.0,8.212853695148817e-154,3.6417679351530046e-156,4.400785865700421e-119,0.0,3.1267441743009945e-156,1.6312521318078104e-121,13.43370898654865,5.951610292972553e-155,1.743429028772123e-119,2.4354873077628054e-155,1,0,0,0,,,
798,0,94.19999999999992,0.0,4.114243708010161e-154,1.8208839675765023e-156,2.2058304399562367e-119,0.0,1.5633720871504973e-156,8.156260659039052e-122,13.43370898654865,2.9814697922665415e-155,8.738686541288487e-120,1.2198964533235316e-155,1,0,0,0,,,
799,0,93.99999999999991,0.0,2.061030284222957e-154,9.104419837882512e-157,1.1056339735311315e-119,0.0,7.816860435752486e-157,4.078130329519526e-122,13.43370898654865,1.4935672190234032e-155,4.3801139693581786e-120,6.110246263828303e-156,1,0,0,0,,,
800,0,93.79999999999991,0.0,1.0324693572204167e-154,4.552209918941256e-157,5.541763635420723e-120,0.0,3.908430217876243e-157,2.039065164759763e-122,13.43370898654865,7.481997709567677e-156,2.195442334036057e-120,3.060505130519473e-156,1,0,0,0,,,
801,0,93.59999999999991,0.0,5.172117861646774e-155,2.276104959470628e-157,2.7776787015928943e-120,0.0,1.9542151089381216e-157,1.0195325823798815e-122,13.43370898654865,3.74807966200917e-156,1.1004138416965123e-120,1.5329435645623982e-156,1,0,0,0,,,
802,0,93.09999999999991,0.5,2.5909444685957326e-155,1.138052479735314e-157,1.3922377927377135e-120,0.0,9.771075544690608e-158,5.0976629118994076e-123,13.43370898654865,1.8775802346172502e-156,5.51553258187498e-121,7.678172819325294e-157,1,0,0,0,,,
803,0,92.59999999999991,1.0,1.297915003184039e-155,5.69026239867657e-158,6.9781811733949e-121,0.0,4.885537772345304e-158,2.5488314559497038e-123,13.43370898654865,9.405603191149576e-157,0.27780013126156566,3.8458139079193e-157,1,0,0,0,,,
804,0,92.09999999999991,1.5,6.501788860351059e-156,2.845131199338285e-158,3.4975866915506158e-121,0.0,2.442768886172652e-158,1.2744157279748519e-123,13.43370898654865,4.711652604606453e-157,0.5556002625231313,1.9262707030879768e-157,1,0,0,0,,,
805,0,91.59999999999991,2.0,3.257001352390961e-156,1.4225655996691424e-158,1.7530413982018909e-121,0.0,1.221384443086326e-158,6.3720786398742595e-124,13.43370898654865,2.3602518068190578e-157,0.833400393784697,9.648172261081517e-158,1,0,0,0,,,
806,0,91.09999999999991,2.5,1.6315541373031965e-156,7.112827998345712e-159,8.786447253142369e-122,0.0,6.10692221543163e-159,3.1860393199371298e-124,13.43370898654865,1.1823386556674447e-157,1.1112005250462627,4.832495503361574e-158,1,0,0,0,,,
807,0,100,2.6,8.173037992054562e-157,3.556413999172856e-159,4.403843757637642e-122,0.0,3.053461107715815e-159,1.5930196599685649e-124,13.43370898654865,5.9227570396268035e-158,1.3890006563078285,2.420452438091195e-158,1,0,0,0,,,
808,0,99.8,1.6,4.094152648796571e-157,1.778206999586428e-159,2.2072319443520498e-122,0.0,1.5267305538579075e-159,7.965098299842824e-125,13.43370898654865,2.9669104004581913e-158,1.4445606825601418,1.2123285622508013e-158,1,0,0,0,,,
809,0,99.6,0.6000000000000001,2.0508931507829304e-157,8.89103499793214e-160,1.1062710049426393e-122,0.0,7.633652769289537e-160,3.982549149921412e-125,13.43370898654865,1.4862211405514908e-158,0.8889604200370101,6.072154527280028e-159,1,0,0,0,,,
810,0,99.39999999999999,0.0,1.0273549885837876e-157,4.44551749896607e-160,5.544630188546268e-123,0.0,3.816826384644769e-160,1.991274574960706e-125,13.43370898654865,7.444935404369427e-159,0.33336015751387893,3.0413331216530237e-159,1,0,0,0,,,
811,0,99.19999999999999,0.0,5.14631700888055e-158,2.222758749483035e-160,2.77895267618967e-123,0.0,1.9084131923223843e-160,9.95637287480353e-126,13.43370898654865,3.729382552990701e-159,1.1009185434388188e-123,1.5232944898330168e-159,1,0,0,0,,,
812,0,98.99999999999999,0.0,2.5779295374210813e-158,1.1113793747415175e-160,1.392795129053103e-123,0.0,9.542065961611922e-161,4.978186437401765e-126,13.43370898654865,1.8681487018983442e-159,5.517740542772627e-124,7.62961209419761e-160,1,0,0,0,,,
813,0,98.79999999999998,0.0,1.2913502852009437e-158,5.556896873707588e-161,6.980569600056855e-124,0.0,4.771032980805961e-161,2.4890932187008826e-126,13.43370898654865,9.358030636506689e-160,2.765444184175581e-124,3.8213758696150674e-160,1,0,0,0,,,
814,0,98.59999999999998,0.0,6.468679008456734e-159,2.778448436853794e-161,3.4985817774240972e-124,0.0,2.3855164904029804e-161,1.2445466093504413e-126,13.43370898654865,4.687658881760828e-160,1.3860090484824241e-124,1.913972846065665e-160,1,0,0,0,,,
815,0,98.39999999999998,0.0,3.2403032954543746e-159,1.389224218426897e-161,1.7534393774098836e-124,0.0,1.1927582452014902e-161,6.2227330467522066e-127,13.43370898654865,2.3481512226341562e-160,6.946480024385287e-125,9.58628878661898e-161,1,0,0,0,,,
816,0,98.19999999999997,0.0,1.623133543340191e-159,6.946121092134485e-162,8.787939330538593e-125,0.0,5.963791226007451e-162,3.1113665233761033e-127,13.43370898654865,1.176236502193949e-160,3.481457403179228e-125,4.801356671454819e-161,1,0,0,0,,,
817,0,97.99999999999997,0.0,8.130577194765975e-160,3.4730605460672423e-162,4.4043408870138837e-125,0.0,2.9818956130037255e-162,1.5556832616880516e-127,13.43370898654865,5.8919869653541004e-161,1.744837397082906e-125,2.4047844748000735e-161,1,0,0,0,,,
818,0,97.79999999999997,0.0,4.072743336415497e-160,1.7365302730336211e-162,2.2073560543792355e-125,0.0,1.4909478065018628e-162,7.778416308440258e-128,13.43370898654865,2.9513957098692275e-161,8.74473046288099e-126,1.2044453069363688e-161,1,0,0,0,,,
819,0,97.59999999999997,0.0,2.0400990377240032e-160,8.682651365168106e-163,1.1062708326257646e-125,0.0,7.454739032509314e-163,3.889208154220129e-128,13.43370898654865,1.4783989685307024e-161,4.382636970173725e-126,6.032491882363505e-162,1,0,0,0,,,
820,0,97.39999999999996,0.0,1.021913203620129e-160,4.341325682584053e-163,5.544318190309557e-126,0.0,3.727369516254657e-163,1.9446040771100646e-128,13.43370898654865,7.405500410633956e-162,2.1964543544534775e-126,3.021378615022582e-162,1,0,0,0,,,
821,0,97.19999999999996,0.0,5.118884441891282e-161,2.1706628412920264e-163,2.7786411087451457e-126,0.0,1.8636847581273285e-163,9.723020385550323e-129,13.43370898654865,3.7095029893072e-162,1.1007951119100464e-126,1.5132556444317062e-162,1,0,0,0,,,
822,0,96.69999999999996,0.5,2.5641014328409595e-161,1.0853314206460132e-163,1.3925615611677564e-126,0.0,9.318423790636642e-164,4.8615101927751614e-129,13.43370898654865,1.858127886648711e-162,5.5168152329667684e-127,7.579109906760607e-163,1,0,0,0,,,
823,0,100,0.6,1.284380322368139e-161,5.426657103230066e-164,6.9790128398147e-127,0.0,4.659211895318321e-164,2.4307550963875807e-129,13.43370898654865,9.307521393219108e-163,0.27780013126156566,3.7959707956813404e-163,1,0,0,0,,,
824,0,99.8,0.0,6.433549641578991e-162,2.713328551615033e-164,3.497608936895309e-127,0.0,2.3296059476591606e-164,1.2153775481937903e-129,13.43370898654865,4.6622016765973315e-163,0.3333601575138789,1.9011933189911893e-163,1,0,0,0,,,
825,0,99.6,0.0,3.2225988356586436e-162,1.3566642758075165e-164,1.7528557269416339e-127,0.0,1.1648029738295803e-164,6.076887740968952e-130,13.43370898654865,2.3353213282925546e-163,6.944167816520475e-128,9.522006200708542e-164,1,0,0,0,,,
826,0,99.39999999999999,0.0,1.6142114252638959e-162,6.783321379037583e-165,8.784534927178067e-128,0.0,5.824014869147901e-165,3.038443870484476e-130,13.43370898654865,1.1697709091432217e-163,3.4801087041455735e-128,4.769022903230567e-164,1,0,0,0,,,
827,0,99.19999999999999,0.0,8.08561716349235e-163,3.3916606895187913e-165,4.402395609823982e-128,0.0,2.9120074345739507e-165,1.519221935242238e-130,13.43370898654865,5.859405770700829e-164,1.7440667500154547e-128,2.3885213530534323e-164,1,0,0,0,,,
828,0,98.99999999999999,0.0,4.05008860033261e-163,1.6958303447593956e-165,2.2062618780294652e-128,0.0,1.4560037172869754e-165,7.59610967621119e-131,13.43370898654865,2.9349784978427756e-164,8.740395739790614e-129,1.1962656272457902e-164,1,0,0,0,,,
829,0,98.79999999999998,0.0,2.0286843094595225e-163,8.479151723796978e-166,1.1056629755734698e-128,0.0,7.280018586434877e-166,3.798054838105595e-131,13.43370898654865,1.4701270551675683e-164,4.380228864751977e-129,5.991352889824323e-165,1,0,0,0,,,
830,0,98.59999999999998,0.0,1.01616215937637e-163,4.239575861898489e-166,5.5409750606610346e-129,0.0,3.6400092932174384e-166,1.8990274190527974e-131,13.43370898654865,7.363824307068744e-165,2.1951299298043233e-129,3.0006888217098474e-165,1,0,0,0,,,
831,0,98.39999999999998,0.0,5.089910820114894e-164,2.1197879309492445e-166,2.7768176217273602e-129,0.0,1.8200046466087192e-166,9.495137095263987e-132,13.43370898654865,3.6885066691498225e-165,1.1000727136163291e-129,1.5028505992537662e-165,1,0,0,0,,,
832,0,98.19999999999997,0.0,2.549505421673969e-164,1.0598939654746223e-166,1.3915738565621015e-129,0.0,9.100023233043596e-167,4.7475685476319935e-132,13.43370898654865,1.8475505923826369e-165,5.512902311652483e-130,7.526783938263046e-166,1,0,0,0,,,
833,0,97.99999999999997,0.0,1.2770277166452455e-164,5.299469827373111e-167,6.973694511302615e-130,0.0,4.550011616521798e-167,2.3737842738159968e-132,13.43370898654865,9.25423925095181e-166,2.76272052761166e-130,3.76965744012863e-166,1,0,0,0,,,
834,0,97.79999999999997,0.0,6.396513612267532e-165,2.6497349136865557e-167,3.494759869897361e-130,0.0,2.275005808260899e-167,1.1868921369079984e-132,13.43370898654865,4.635362769995219e-166,1.3844949496985393e-130,1.8879614555628685e-166,1,0,0,0,,,
835,0,97.59999999999997,0.0,3.2039443206544185e-165,1.3248674568432778e-167,1.7513362420717073e-130,0.0,1.1375029041304495e-167,5.934460684539992e-133,13.43370898654865,2.3218029572572667e-166,6.938148177956243e-131,9.45547095530711e-167,1,0,0,0,,,
836,0,97.39999999999996,0.0,1.6048159175875355e-165,6.624337284216389e-168,8.776462745973671e-131,0.0,5.6875145206522475e-168,2.967230342269996e-133,13.43370898654865,1.1629622647584616e-166,3.4769108037098946e-131,4.735567316399939e-167,1,0,0,0,,,
837,0,97.19999999999996,0.0,8.038298374239308e-166,3.3121686421081946e-168,4.3981221407944023e-131,0.0,2.8437572603261237e-168,1.483615171134998e-133,13.43370898654865,5.8251152544414505e-167,1.7423737592208342e-131,2.3716995775731615e-167,1,0,0,0,,,
838,0,96.99999999999996,0.0,4.02625858027047e-166,1.6560843210540973e-168,2.2040064543009847e-131,0.0,1.4218786301630619e-168,7.41807585567499e-134,13.43370898654865,2.9177095925452962e-167,8.731460582933604e-132,1.1878077484731766e-167,1,0,0,0,,,
839,0,96.79999999999995,0.0,2.0166839867106427e-166,8.280421605270487e-169,1.1044759191023841e-131,0.0,7.109393150815309e-169,3.709037927837495e-134,13.43370898654865,1.4614307789349338e-167,4.3755261848815186e-132,5.948828540798864e-168,1,0,0,0,,,
840,0,96.59999999999995,0.0,1.0101193416430252e-166,4.140210802635243e-169,5.534743055271379e-132,0.0,3.5546965754076547e-169,1.8545189639187475e-134,13.43370898654865,7.320033807986097e-168,2.1926610391481176e-132,2.979309169615921e-168,1,0,0,0,,,
841,0,96.39999999999995,0.0,5.0594834496536455e-167,2.0701054013176216e-169,2.773553257515419e-132,0.0,1.7773482877038273e-169,9.272594819593737e-135,13.43370898654865,3.666456860648762e-168,1.098779492927738e-132,1.4921020344162057e-168,1,0,0,0,,,
842,0,95.89999999999995,0.5,2.5341850955460825e-167,1.0350527006588108e-169,1.3898674936975742e-132,0.0,8.886741438519137e-170,4.636297409796869e-135,13.43370898654865,1.8364484086522385e-168,5.506142331407085e-133,7.472747420122254e-169,1,0,0,0,,,
843,0,95.39999999999995,1.0,1.2693142331326711e-167,5.175263503294054e-170,6.964791793187194e-133,0.0,4.443370719259568e-170,2.3181487048984343e-135,13.43370898654865,9.198341934900475e-169,0.27780013126156566,3.7424923340817394e-169,1,0,0,0,,,
844,0,94.89999999999995,1.5,6.357679592461505e-168,2.587631751647027e-170,3.490123058943259e-133,0.0,2.221685359629784e-170,1.1590743524492172e-135,13.43370898654865,4.607220913269879e-169,0.5556002625231313,1.8743054790511758e-169,1,0,0,0,,,
845,0,94.39999999999995,2.0,3.184394009629827e-168,1.2938158758235135e-170,1.7489251106464603e-133,0.0,1.110842679814892e-170,5.795371762246086e-136,13.43370898654865,2.307635429544761e-169,0.833400393784697,9.386823955307411e-170,1,0,0,0,,,
846,0,93.89999999999995,2.5,1.5949741115144508e-168,6.469079379117568e-171,8.763943459106456e-134,0.0,5.55421339907446e-171,2.897685881123043e-136,13.43370898654865,1.1558302012272912e-169,1.1112005250462627,4.70106025767947e-170,1,0,0,0,,,
847,0,100,2.6,7.988756091069941e-169,3.234539689558784e-171,4.391630682490305e-134,0.0,2.77710669953723e-171,1.4488429405615215e-136,13.43370898654865,5.789213438411009e-170,1.3890006563078285,2.354354268852618e-170,1,0,0,0,,,
848,0,99.5,3.1,4.001320812283814e-169,1.617269844779392e-171,2.200644817713691e-134,0.0,1.388553349768615e-171,7.244214702807607e-137,13.43370898654865,2.8996379353427805e-170,1.4445606825601418,1.1790892044327502e-170,1,0,0,0,,,
849,0,99.0,3.6,2.0041317895163285e-169,8.08634922389696e-172,1.1027371470911146e-134,0.0,6.942766748843076e-172,3.6221073514038037e-137,13.43370898654865,1.4523345757400286e-170,1.7223608138217072,5.905006372195958e-171,1,0,0,0,,,
850,0,98.5,4.1,1.0038015864453751e-169,4.04317461194848e-172,5.525759426626918e-135,0.0,3.471383374421538e-172,1.8110536757019018e-137,13.43370898654865,7.274250919043335e-171,2.0001609450832736,2.957283361114083e-171,1,0,0,0,,,
851,0,98.0,4.6,5.0276863906629295e-170,2.02158730597424e-172,2.7689165588991317e-135,0.0,1.735691687210769e-172,9.055268378509509e-138,13.43370898654865,3.643414479693263e-171,2.2779610763448384,1.481031768065093e-171,1,0,0,0,,,
852,0,100,4.699999999999999,2.518182424549492e-170,1.01079365298712e-172,1.387476702242402e-135,0.0,8.678458436053844e-173,4.5276341892547546e-138,13.43370898654865,1.8248517499324293e-171,2.5557612076064045,7.417109277865724e-172,1,0,0,0,,,
853,0,99.8,3.6999999999999993,1.2612608268837594e-170,5.0539682649356e-173,6.952475625176192e-136,0.0,4.339229218026922e-173,2.2638170946273773e-138,13.43370898654865,9.139981300091136e-172,2.6113212338587175,3.714529857702991e-172,1,0,0,0,,,
854,0,99.6,2.6999999999999993,6.317152207463865e-171,2.5269841324678e-173,3.483783869570187e-136,0.0,2.169614609013461e-173,1.1319085473136886e-138,13.43370898654865,4.577851925260062e-172,2.0557209713355857,1.86025253823656e-172,1,0,0,0,,,
855,0,99.39999999999999,1.6999999999999993,3.1640001402544663e-171,1.2634920662339e-173,1.745664963276139e-136,0.0,1.0848073045067306e-173,5.659542736568443e-139,13.43370898654865,2.2928566002372783e-172,1.5001207088124544,9.316200738108125e-173,1,0,0,0,,,
856,0,99.19999999999999,0.6999999999999993,1.5847120883885e-171,6.3174603311695e-174,8.747189958835921e-137,0.0,5.424036522533653e-174,2.8297713682842216e-139,13.43370898654865,1.1483936189222629e-172,0.944520446289323,4.665569392516724e-173,1,0,0,0,,,
857,0,98.99999999999999,0.0,7.937120533248835e-172,3.15873016558475e-174,4.383027550645574e-137,0.0,2.7120182612668264e-174,1.4148856841421108e-139,13.43370898654865,5.7517946886294314e-173,0.3889201837661916,2.3365192079896926e-173,1,0,0,0,,,
858,0,98.79999999999998,0.0,3.975340312277585e-172,1.579365082792375e-174,2.1962300609365937e-137,0.0,1.3560091306334132e-174,7.074428420710554e-140,13.43370898654865,2.880810641323775e-173,8.700653380892039e-138,1.1701268598605117e-173,1,0,0,0,,,
859,0,98.59999999999998,0.0,1.991060178965376e-172,7.896825413961874e-175,1.1004731732752002e-137,0.0,6.780045653167066e-175,3.537214210355277e-140,13.43370898654865,1.4428619691664171e-173,4.3596687824018865e-138,5.859970578630886e-174,1,0,0,0,,,
860,0,98.39999999999998,0.0,9.972251008959798e-173,3.948412706980937e-175,5.514156580410518e-138,0.0,3.390022826583533e-175,1.7686071051776385e-140,13.43370898654865,7.226593088354732e-174,2.184505437178877e-138,2.934653428979606e-174,1,0,0,0,,,
861,0,98.19999999999997,0.0,4.994600561546358e-173,1.9742063534904686e-175,2.7629736472225174e-138,0.0,1.6950114132917665e-175,8.843035525888193e-141,13.43370898654865,3.61943816543869e-174,1.0945882415784053e-138,1.4696607843218849e-174,1,0,0,0,,,
862,0,97.69999999999997,0.5,2.5015378093064087e-173,9.871031767452343e-176,1.384434502119888e-138,0.0,8.475057066458832e-176,4.421517762944096e-141,13.43370898654865,1.812789893350007e-174,5.4846188228368605e-139,7.359974270769834e-175,1,0,0,0,,,
863,0,97.19999999999997,1.0,1.2528876689198191e-173,4.9355158837261716e-176,6.936910903142585e-139,0.0,4.237528533229416e-176,2.210758881472048e-141,13.43370898654865,9.079303519903346e-175,0.27780013126156566,3.685822309965121e-175,1,0,0,0,,,
864,0,96.69999999999997,1.5,6.2750321659321695e-174,2.4677579418630858e-176,3.475824647842866e-139,0.0,2.118764266614708e-176,1.105379440736024e-141,13.43370898654865,4.547328786528327e-175,0.5556002625231313,1.8458287422726624e-175,1,0,0,0,,,
865,0,100,1.6,3.1428129936326217e-174,1.2338789709315429e-176,1.7415969220572194e-139,0.0,1.059382133307354e-176,5.52689720368012e-142,13.43370898654865,2.2775029065524907e-175,0.833400393784697,9.243731647813826e-176,1,0,0,0,,,
866,0,99.8,0.6000000000000001,1.5740549521495793e-174,6.1693948546577144e-177,8.72640760096503e-140,0.0,5.29691066653677e-177,2.76344860184006e-142,13.43370898654865,1.1406707099204092e-175,0.8889604200370101,4.629159792132167e-176,1,0,0,0,,,
867,0,99.6,0.0,7.883517037414239e-175,3.0846974273288572e-177,4.372415295821981e-140,0.0,2.648455333268385e-177,1.38172430092003e-142,13.43370898654865,5.7129498328228644e-176,0.33336015751387893,2.3182268801787117e-176,1,0,0,0,,,
868,0,99.39999999999999,0.0,3.9483796570402907e-175,1.5423487136644286e-177,2.1908133955807236e-140,0.0,1.3242276666341926e-177,6.90862150460015e-143,13.43370898654865,2.8612730580218416e-176,8.679194550790417e-141,1.1609369321456698e-176,1,0,0,0,,,
869,0,99.19999999999999,0.0,1.977500397686731e-175,7.711743568322143e-178,1.0977095716252284e-140,0.0,6.621138333170963e-178,3.454310752300075e-143,13.43370898654865,1.4330355998161252e-176,4.34872041207086e-141,5.813802121009917e-177,1,0,0,0,,,
870,0,98.99999999999999,0.0,9.904054834266583e-176,3.8558717841610715e-178,5.500062227300475e-141,0.0,3.3105691665854814e-178,1.7271553761500376e-143,13.43370898654865,7.177173353106651e-177,2.178921774373256e-141,2.9114597906457437e-177,1,0,0,0,,,
871,0,98.79999999999998,0.0,4.960303840049755e-176,1.9279358920805358e-178,2.755788298237404e-141,0.0,1.6552845832927407e-178,8.635776880750188e-144,13.43370898654865,3.5945843535663357e-177,1.091741671355541e-141,1.4580092603932637e-177,1,0,0,0,,,
872,0,98.59999999999998,0.0,2.4842901314831096e-176,9.639679460402679e-179,1.380772741412285e-141,0.0,8.276422916463704e-179,4.317888440375094e-144,13.43370898654865,1.8002910152896738e-177,5.4701122776222694e-142,7.301443127318282e-178,1,0,0,0,,,
873,0,98.39999999999998,0.0,1.2442141714706708e-176,4.8198397302013394e-179,6.918256668529341e-142,0.0,4.138211458231852e-179,2.158944220187547e-144,13.43370898654865,9.016449268980898e-178,2.7407580992334172e-142,3.6564199763351217e-178,1,0,0,0,,,
874,0,98.19999999999997,0.0,6.231416385998934e-177,2.4099198651006697e-179,3.466324814998629e-142,0.0,2.069105729115926e-179,1.0794721100937735e-144,13.43370898654865,4.515721730756714e-178,1.3732300298278495e-142,1.8310591945055512e-178,1,0,0,0,,,
875,0,97.99999999999997,0.0,3.120880957322257e-177,1.2049599325503349e-179,1.7367606478662934e-142,0.0,1.034552864557963e-179,5.3973605504688675e-145,13.43370898654865,2.2616094135114888e-178,6.880405050194955e-143,9.169542004217709e-179,1,0,0,0,,,
876,0,97.79999999999997,0.0,1.5630268608225235e-177,6.024799662751674e-180,8.701794441166362e-143,0.0,5.172764322789815e-180,2.6986802752344338e-145,13.43370898654865,1.1326789808223106e-178,3.44732997562533e-143,4.5918940179538304e-179,1,0,0,0,,,
877,0,97.59999999999997,0.0,7.828066214919592e-178,3.012399831375837e-180,4.359892821500628e-143,0.0,2.5863821613949074e-180,1.3493401376172169e-145,13.43370898654865,5.672766274444384e-179,1.7272287130765914e-143,2.299508516899403e-179,1,0,0,0,,,
878,0,97.39999999999996,0.0,3.9204990628632837e-178,1.5061999156879186e-180,2.184444211209038e-143,0.0,1.2931910806974537e-180,6.746700688086084e-146,13.43370898654865,2.8410688223886074e-179,8.65396219170259e-144,1.1515350124109457e-179,1,0,0,0,,,
879,0,97.19999999999996,0.0,1.9634825091333856e-178,7.530999578439593e-181,1.0944710058338809e-143,0.0,6.465955403487268e-181,3.373350344043042e-146,13.43370898654865,1.4228772537775112e-179,4.3358904090111115e-144,5.7665788318609475e-180,1,0,0,0,,,
880,0,96.99999999999996,0.0,9.833577434175647e-179,3.7654997892197964e-181,5.483599530316214e-144,0.0,3.232977701743634e-181,1.686675172021521e-146,13.43370898654865,7.126100481803593e-180,2.172399861085464e-144,2.8877413008335837e-180,1,0,0,0,,,
881,0,96.79999999999995,0.0,4.9248711613421826e-179,1.8827498946098982e-181,2.7474220157315116e-144,0.0,1.616488850871817e-181,8.433375860107606e-147,13.43370898654865,3.568907347359816e-180,1.088427258832686e-144,1.446096592868347e-180,1,0,0,0,,,
882,0,96.29999999999995,0.5,2.466476802798271e-179,9.413749473049491e-182,1.376522133152458e-144,0.0,8.082444254359086e-182,4.216687930053803e-147,13.43370898654865,1.7873822269089172e-180,5.453272935613199e-145,7.241612676599509e-181,1,0,0,0,,,
883,0,95.79999999999995,1.0,1.2352590124627253e-179,4.7068747365247455e-182,6.896666292195802e-145,0.0,4.041222127179543e-182,2.1083439650269014e-147,13.43370898654865,8.951553900689636e-181,0.27780013126156566,3.626371194428643e-181,1,0,0,0,,,
884,0,95.29999999999995,1.5,6.186398117631576e-180,2.3534373682623728e-182,3.455360959314657e-145,0.0,2.0206110635897714e-182,1.0541719825134507e-147,13.43370898654865,4.4830983334173413e-181,0.5556002625231313,1.815968025278765e-181,1,0,0,0,,,
885,0,94.79999999999995,2.0,3.0982505864747625e-180,1.1767186841311864e-182,1.7311943862657065e-145,0.0,1.0103055317948857e-182,5.2708599125672534e-148,13.43370898654865,2.2452098582449328e-181,0.833400393784697,9.093752266716045e-182,1,0,0,0,,,
886,0,94.29999999999995,2.5,1.5516510570668686e-180,5.883593420655932e-183,8.673541464370422e-146,0.0,5.0515276589744285e-183,2.6354299562836267e-148,13.43370898654865,1.1244352748905974e-181,1.1112005250462627,4.553832203519132e-182,1,0,0,0,,,
887,0,100,2.6,7.770884104481779e-181,2.941796710327966e-183,4.345555498706156e-146,0.0,2.5257638294872142e-183,1.3177149781418134e-148,13.43370898654865,5.631328103293641e-182,1.3890006563078285,2.2803941368401203e-182,1,0,0,0,,,
888,0,99.8,1.6,3.891756461814608e-181,1.470898355163983e-183,2.1771701326135504e-146,0.0,1.2628819147436071e-183,6.588574890709067e-149,13.43370898654865,2.8202399160671474e-182,1.4445606825601418,1.1419360859603374e-182,1,0,0,0,,,
889,0,99.6,0.6000000000000001,1.949035435694163e-181,7.354491775819915e-184,1.0907812579370114e-146,0.0,6.314409573718036e-184,3.2942874453545334e-149,13.43370898654865,1.4124078902437375e-182,0.8889604200370101,5.718375517503074e-183,1,0,0,0,,,
890,0,99.39999999999999,0.0,9.760963202405111e-182,3.6772458879099574e-184,5.464887247836238e-147,0.0,3.157204786859018e-184,1.6471437226772667e-149,13.43370898654865,7.073479112269507e-183,0.33336015751387893,2.863535302602231e-183,1,0,0,0,,,
891,0,99.19999999999999,0.0,4.888374613169703e-182,1.8386229439549787e-184,2.7379341029937096e-147,0.0,1.578602393429509e-184,8.235718613386334e-150,13.43370898654865,3.542459386660163e-183,1.0846684977853774e-147,1.433941423226462e-183,1,0,0,0,,,
892,0,98.99999999999999,0.0,2.4481338125684256e-182,9.193114719774894e-185,1.37171229103465e-147,0.0,7.893011967147544e-185,4.117859306693167e-150,13.43370898654865,1.774089608592786e-183,5.434218115342677e-148,7.180575975759044e-184,1,0,0,0,,,
893,0,98.79999999999998,0.0,1.2260401592759997e-182,4.596557359887447e-185,6.872287652862227e-148,0.0,3.946505983573772e-185,2.0589296533465834e-150,13.43370898654865,8.884747619277455e-184,2.722546870879235e-148,3.595722417692889e-184,1,0,0,0,,,
894,0,98.59999999999998,0.0,6.140067061338933e-183,2.2982786799437234e-185,3.4430069252756014e-148,0.0,1.973252991786886e-185,1.0294648266732917e-150,13.43370898654865,4.4495235977954886e-184,1.3639923420435652e-148,1.8005784237531276e-184,1,0,0,0,,,
895,0,98.39999999999998,0.0,3.074966663148934e-183,1.1491393399718617e-185,1.7249350120600448e-148,0.0,9.86626495893443e-186,5.1473241333664584e-151,13.43370898654865,2.2283366929761253e-184,6.833556243237565e-149,9.016478193299056e-185,1,0,0,0,,,
896,0,98.19999999999997,0.0,1.5399498978142007e-183,5.7456966998593085e-186,8.641832807411444e-149,0.0,4.933132479467215e-186,2.5736620666832292e-151,13.43370898654865,1.1159557935272528e-184,3.423575388128652e-149,4.515032133916236e-185,1,0,0,0,,,
897,0,97.99999999999997,0.0,7.712082320269672e-184,2.8728483499296542e-186,4.329495277261332e-149,0.0,2.4665662397336076e-186,1.2868310333416146e-151,13.43370898654865,5.5887162028322166e-185,1.7151863273192607e-149,2.2609125855914718e-185,1,0,0,0,,,
898,0,97.79999999999997,0.0,3.8622075757341703e-184,1.4364241749648271e-186,2.1690370754084713e-149,0.0,1.2332831198668038e-186,6.434155166708073e-152,13.43370898654865,2.7988267190140838e-185,8.592924802870978e-150,1.1321545521124131e-185,1,0,0,0,,,
899,0,97.59999999999997,0.0,1.9341869956667522e-184,7.182120874824136e-187,1.0866632560931382e-149,0.0,6.166415599334019e-187,3.2170775833540365e-152,13.43370898654865,1.40164766830603e-185,4.3049589845728255e-150,5.669264057145452e-186,1,0,0,0,,,
900,0,97.39999999999996,0.0,9.686351017332097e-185,3.591060437412068e-187,5.444039872410204e-150,0.0,3.0832077996670096e-187,1.6085387916770183e-152,13.43370898654865,7.0194098855250904e-186,2.1567277838550816e-150,2.838877676864418e-186,1,0,0,0,,,
901,0,97.19999999999996,0.0,4.850883528165216e-185,1.795530218706034e-187,2.727381732177358e-150,0.0,1.5416038998335048e-187,8.042693958385091e-153,13.43370898654865,3.5152907147600154e-186,1.080488037711875e-150,1.4215616625780558e-186,1,0,0,0,,,
902,0,96.69999999999996,0.5,2.429295773832192e-185,8.97765109353017e-188,1.3663717640748073e-150,0.0,7.708019499167524e-188,4.0213469791925457e-153,13.43370898654865,1.7604382433787424e-186,5.413060917481045e-151,7.118422433619511e-187,1,0,0,0,,,
903,0,96.19999999999996,1.0,1.216574891790888e-185,4.488825546765085e-188,6.845263310304677e-151,0.0,3.854009749583762e-188,2.0106734895962728e-153,13.43370898654865,8.816155646887388e-187,0.27780013126156566,3.564518277174371e-187,1,0,0,0,,,
904,0,100,1.1,6.092509483328399e-186,2.2444127733825424e-188,3.429333900117659e-151,0.0,1.927004874791881e-188,1.0053367447981364e-153,13.43370898654865,4.415060038440531e-187,0.5556002625231313,1.7849126687694932e-187,1,0,0,0,,,
905,0,99.8,0.10000000000000009,3.0510722538511796e-186,1.1222063866912712e-188,1.7180180725414898e-151,0.0,9.635024373959405e-189,5.026683723990682e-154,13.43370898654865,2.2110211267186844e-187,0.6111602887754446,8.937830994759006e-188,1,0,0,0,,,
906,0,99.6,0.0,1.5279448830190797e-186,5.611031933456356e-189,8.60684597512075e-152,0.0,4.8175121869797024e-189,2.513341861995341e-154,13.43370898654865,1.1072561171085514e-187,0.05556002625231319,4.475549322835273e-188,1,0,0,0,,,
907,0,99.39999999999999,0.0,7.651768195562848e-187,2.805515966728178e-189,4.311800793767026e-152,0.0,2.4087560934898512e-189,1.2566709309976705e-154,13.43370898654865,5.545008354288805e-188,1.7081764256529378e-152,2.2410915741455215e-188,1,0,0,0,,,
908,0,99.19999999999999,0.0,3.831905988015149e-187,1.402757983364089e-189,2.160089299986838e-152,0.0,1.2043780467449256e-189,6.283354654988353e-155,13.43370898654865,2.7768680615174257e-188,8.557477017204802e-153,1.1222042434367035e-188,1,0,0,0,,,
909,0,98.99999999999999,0.0,1.918963939124437e-187,7.013789916820445e-190,1.0821391015450817e-152,0.0,6.021890233724628e-190,3.1416773274941763e-155,13.43370898654865,1.3906159729452247e-188,4.287035953072456e-153,5.619313499003229e-189,1,0,0,0,,,
910,0,98.79999999999998,0.0,9.609874421206496e-188,3.5068949584102225e-190,5.421167765483722e-153,0.0,3.010945116862314e-190,1.5708386637470881e-155,13.43370898654865,6.9639895756586824e-189,2.147666698771256e-153,2.813802890411471e-189,1,0,0,0,,,
911,0,98.59999999999998,0.0,4.812464573395404e-188,1.7534474792051112e-190,2.7158200116210175e-153,0.0,1.505472558431157e-190,7.854193318735441e-156,13.43370898654865,3.4874496432956207e-189,1.0759077105031417e-153,1.4089745156606638e-189,1,0,0,0,,,
912,0,98.39999999999998,0.0,2.40999596809378e-188,8.767237396025556e-191,1.360528070250087e-153,0.0,7.527362792155785e-191,3.9270966593677204e-156,13.43370898654865,1.7464522493809493e-189,5.3899103581032775e-154,7.055237930577957e-190,1,0,0,0,,,
913,0,98.19999999999997,0.0,1.2068798247449291e-188,4.383618698012778e-191,6.815730673448327e-154,0.0,3.7636813960778925e-191,1.9635483296838602e-156,13.43370898654865,8.745898385570445e-190,2.7001410818454237e-154,3.532801641426299e-190,1,0,0,0,,,
914,0,97.99999999999997,0.0,6.0438083272148404e-189,2.191809349006389e-191,3.414410497823109e-154,0.0,1.8818406980389463e-191,9.817741648419301e-157,13.43370898654865,4.379767762118072e-190,1.3526634923196041e-154,1.7689921587818097e-190,1,0,0,0,,,
915,0,97.79999999999997,0.0,3.0266087653525177e-189,1.0959046745031945e-191,1.7104778294610275e-154,0.0,9.409203490194731e-192,4.9088708242096505e-157,13.43370898654865,2.1932931657254607e-190,6.776282218582483e-155,8.857917484252349e-191,1,0,0,0,,,
916,0,97.59999999999997,0.0,1.5156566835488076e-189,5.4795233725159726e-192,8.568752050052502e-155,0.0,4.704601745097366e-192,2.4544354121048252e-157,13.43370898654865,1.0983512251959425e-190,3.3946234877834725e-155,4.435437087297825e-191,1,0,0,0,,,
917,0,97.39999999999996,0.0,7.590044922106782e-190,2.7397616862579863e-192,4.292557476399933e-155,0.0,2.352300872548683e-192,1.2272177060524126e-157,13.43370898654865,5.5002793376457753e-191,1.7005529331378518e-155,2.2209577162347376e-191,1,0,0,0,,,
918,0,97.19999999999996,0.0,3.800903213234763e-190,1.3698808431289932e-192,2.1503694638868077e-155,0.0,1.1761504362743414e-192,6.136088530262063e-158,13.43370898654865,2.754401274655918e-191,8.518970611919836e-156,1.1120984444102814e-191,1,0,0,0,,,
919,0,96.99999999999996,0.0,1.9033919827080674e-190,6.849404215644966e-193,1.0772300947868244e-155,0.0,5.880752181371707e-193,3.0680442651310315e-158,13.43370898654865,1.3793314402444744e-191,4.267588279075207e-156,5.568590153515971e-192,1,0,0,0,,,
920,0,96.79999999999995,0.0,9.531661793993767e-191,3.424702107822483e-193,5.396377288151225e-156,0.0,2.9403760906858535e-193,1.5340221325655158e-158,13.43370898654865,6.907311215804948e-192,2.1378456260952476e-156,2.7883440424902665e-192,1,0,0,0,,,
921,0,96.59999999999995,0.0,4.773181837223598e-191,1.7123510539112414e-193,2.703302051184164e-156,0.0,1.4701880453429268e-193,7.670110662827579e-159,13.43370898654865,3.458982615193762e-192,1.070948556326446e-156,1.396196504111274e-192,1,0,0,0,,,
922,0,96.09999999999995,0.5,2.3902663887251566e-191,8.561755269556207e-194,1.3542077291463576e-156,0.0,7.350940226714634e-194,3.8350553314137894e-159,13.43370898654865,1.7321548112425253e-192,5.3648714980263406e-157,6.991104934887073e-193,1,0,0,0,,,
923,0,95.59999999999995,1.0,1.196970929419257e-191,4.2808776347781036e-194,6.783822163503166e-157,0.0,3.675470113357317e-194,1.9175276657068947e-159,13.43370898654865,8.674091574440848e-193,0.27780013126156566,3.500613674608888e-193,1,0,0,0,,,
924,0,100,1.1,5.9940433223796786e-192,2.1404388173890518e-194,3.3983028406372724e-157,0.0,1.8377350566786585e-194,9.587638328534474e-160,13.43370898654865,4.3437045463345347e-193,0.5556002625231313,1.7528374408871202e-193,1,0,0,0,,,
925,0,99.8,0.10000000000000009,3.001615998831536e-192,1.0702194086945259e-194,1.7023472997614808e-157,0.0,9.188675283393292e-195,4.793819164267237e-160,13.43370898654865,2.1751816527243227e-193,0.6111602887754446,8.776840222348979e-194,1,0,0,0,,,
926,0,99.6,0.0,1.5031051682366164e-192,5.3510970434726295e-195,8.527715896021627e-158,0.0,4.594337641696646e-195,2.3969095821336184e-160,13.43370898654865,1.0892555161406888e-193,0.05556002625231319,4.3947466201311803e-194,1,0,0,0,,,
927,0,99.39999999999999,0.0,7.527011685287324e-193,2.6755485217363148e-195,4.271847646617925e-158,0.0,2.297168820848323e-195,1.1984547910668092e-160,13.43370898654865,5.4546010295960824e-194,1.6923484624990295e-158,2.200536564543935e-194,1,0,0,0,,,
928,0,99.19999999999999,0.0,3.769248764695783e-193,1.3377742608681574e-195,2.1399186726125183e-158,0.0,1.1485844104241615e-195,5.992273955334046e-161,13.43370898654865,2.7314622392443604e-194,8.477568431860947e-159,1.10184990951114e-194,1,0,0,0,,,
929,0,98.99999999999999,0.0,1.887495843373952e-193,6.688871304340787e-196,1.071956760958037e-158,0.0,5.742922052120808e-196,2.996136977667023e-161,13.43370898654865,1.3678119818453394e-194,4.246697275613372e-159,5.517157683751561e-195,1,0,0,0,,,
930,0,98.79999999999998,0.0,9.451836522000063e-194,3.3444356521703934e-196,5.369770928049075e-159,0.0,2.871461026060404e-196,1.4980684888335115e-161,13.43370898654865,6.849464220342496e-195,2.127305167648136e-159,2.7625329099737117e-195,1,0,0,0,,,
931,0,98.59999999999998,0.0,4.7330969135651826e-194,1.6722178260851967e-196,2.689879025653982e-159,0.0,1.435730513030202e-196,7.490342444167557e-162,13.43370898654865,3.429934265729146e-195,1.0656308487447926e-159,1.3832434890358214e-195,1,0,0,0,,,
932,0,98.39999999999998,0.0,2.370137783065167e-194,8.361089130425984e-197,1.3474362936417134e-159,0.0,7.17865256515101e-197,3.7451712220837787e-162,13.43370898654865,1.7175682106435225e-195,5.3380455683275865e-160,6.926102615423935e-196,1,0,0,0,,,
933,0,98.19999999999997,0.0,1.1868635546738713e-194,4.180544565212992e-197,6.749665372282179e-160,0.0,3.589326282575505e-197,1.8725856110418894e-162,13.43370898654865,8.600846442112358e-196,2.6739684464656053e-160,3.4679938928343815e-196,1,0,0,0,,,
934,0,97.99999999999997,0.0,5.9432910890757955e-195,2.090272282606496e-197,3.381074638177895e-160,0.0,1.7946631412877524e-197,9.362928055209447e-163,13.43370898654865,4.306925915503554e-196,1.3394570543837085e-160,1.7364682389783976e-196,1,0,0,0,,,
935,0,97.79999999999997,0.0,2.9761322023911173e-195,1.045136141303248e-197,1.6936582951073505e-160,0.0,8.973315706438762e-198,4.6814640276047234e-163,13.43370898654865,2.156714304975464e-196,6.709649427673073e-161,8.694697657698024e-197,1,0,0,0,,,
936,0,97.59999999999997,0.0,1.4903094301221684e-195,5.22568070651624e-198,8.483896355628767e-161,0.0,4.486657853219381e-198,2.3407320138023617e-163,13.43370898654865,1.079982826099575e-196,3.361006791713801e-161,4.353527060252029e-197,1,0,0,0,,,
937,0,97.39999999999996,0.0,7.462763795243891e-196,2.61284035325812e-198,4.249750617860391e-161,0.0,2.2433289266096905e-198,1.1703660069011809e-163,13.43370898654865,5.408042498557092e-197,1.6835944347955333e-161,2.1798526458275228e-197,1,0,0,0,,,
938,0,97.19999999999996,0.0,3.73699021993847e-196,1.30642017662906e-198,2.1287765289531992e-161,0.0,1.1216644633048453e-198,5.851830034505904e-164,13.43370898654865,2.7080854333081544e-197,8.433427368670828e-162,1.0914708807645159e-197,1,0,0,0,,,
939,0,96.99999999999996,0.0,1.871299271127497e-196,6.5321008831453e-199,1.0663388744881014e-161,0.0,5.608322316524226e-199,2.925915017252952e-164,13.43370898654865,1.3560748086688815e-197,4.2244412816819955e-162,5.4650771930763515e-198,1,0,0,0,,,
940,0,96.79999999999995,0.0,9.370517161428797e-197,3.26605044157265e-199,5.341447422498016e-162,0.0,2.804161158262113e-199,1.462957508626476e-164,13.43370898654865,6.790534503418429e-198,2.1160844395142882e-162,2.736399991165061e-198,1,0,0,0,,,
941,0,96.59999999999995,0.0,4.692268983610054e-197,1.633025220786325e-199,2.675600236277763e-162,0.0,1.4020805791310566e-199,7.31478754313238e-165,13.43370898654865,3.400347481746225e-198,1.0599741190937894e-162,1.3701306928959736e-198,1,0,0,0,,,
942,0,96.09999999999995,0.5,2.3496396932528547e-197,8.165126103931625e-200,1.3402383806532587e-162,0.0,7.010402895655283e-200,3.65739377156619e-165,13.43370898654865,1.702713855891618e-198,5.309530092152173e-163,6.8603069510470835e-199,1,0,0,0,,,
943,0,95.59999999999995,1.0,1.1765724473503412e-197,4.0825630519658123e-200,6.71338321583818e-163,0.0,3.5052014478276414e-200,1.828696885783095e-165,13.43370898654865,8.526269854550615e-199,0.27780013126156566,3.4349802188071485e-199,1,0,0,0,,,
944,0,95.09999999999995,1.5,5.8916252403712754e-198,2.0412815259829062e-200,3.362787264205033e-163,0.0,1.7526007239138207e-200,9.143484428915475e-166,13.43370898654865,4.269485214821571e-199,0.5556002625231313,1.7199034810453783e-199,1,0,0,0,,,
945,0,94.59999999999995,2.0,2.9501941219954224e-198,1.0206407629914531e-200,1.6844414602454883e-163,0.0,8.763003619569104e-201,4.571742214457738e-166,13.43370898654865,2.1379177511839176e-199,0.833400393784697,8.61158426343591e-200,1,0,0,0,,,
946,0,94.09999999999995,2.5,1.4772878119026036e-198,5.1032038149572654e-201,8.4374464419423e-164,0.0,4.381501809784552e-201,2.285871107228869e-166,13.43370898654865,1.0705464474785242e-199,1.1112005250462627,4.311825560822463e-200,1,0,0,0,,,
947,0,93.59999999999995,3.0,7.3973928140374795e-199,2.5516019074786327e-201,4.226342791328579e-164,0.0,2.190750904892276e-201,1.1429355536144344e-166,13.43370898654865,5.36067009682545e-200,1.3890006563078285,2.158929494963486e-200,1,0,0,0,,,
948,0,100,3.1,3.7041732842809706e-199,1.2758009537393163e-201,2.116981180843004e-164,0.0,1.095375452446138e-201,5.714677768072172e-167,13.43370898654865,2.68430397812914e-200,1.666800787569394,1.0809731047578703e-200,1,0,0,0,,,
949,0,99.8,2.1,1.8548250807716008e-199,6.379004768696582e-202,1.0603954830108592e-164,0.0,5.47687726223069e-202,2.857338884036086e-167,13.43370898654865,1.344136453922777e-200,1.7223608138217072,5.412407310169988e-201,1,0,0,0,,,
950,0,99.6,1.1,9.287817597013581e-200,3.189502384348291e-202,5.311501878001082e-165,0.0,2.738438631115345e-202,1.428669442018043e-167,13.43370898654865,6.730604593904921e-201,1.1667605512985761,2.7099745482753127e-201,1,0,0,0,,,
951,0,99.39999999999999,0.10000000000000009,4.650754895084579e-200,1.5947511921741454e-202,2.6605131704739344e-165,0.0,1.3692193155576724e-202,7.143347210090215e-168,13.43370898654865,3.370263459097979e-201,0.6111602887754446,1.3568727207328152e-201,1,0,0,0,,,
952,0,99.19999999999999,0.0,2.3288004958311838e-200,7.973755960870727e-203,1.3326377009736638e-165,0.0,6.846096577788362e-203,3.5716736050451076e-168,13.43370898654865,1.6876123106217487e-201,0.05556002625231319,6.793790836639872e-202,1,0,0,0,,,
953,0,98.99999999999999,0.0,1.166111772060039e-200,3.9868779804353636e-203,6.675094083551802e-166,0.0,3.423048288894181e-203,1.7858368025225538e-168,13.43370898654865,8.450464458472537e-202,2.6444260525721015e-166,3.401609034807834e-202,1,0,0,0,,,
954,0,98.79999999999998,0.0,5.839116481022431e-201,1.9934389902176818e-203,3.3434998311176423e-166,0.0,1.7115241444470905e-203,8.929184012612769e-169,13.43370898654865,4.231433681918167e-202,1.324571301843479e-166,1.7031613256478657e-202,1,0,0,0,,,
955,0,98.59999999999998,0.0,2.9238370508723334e-201,9.967194951088409e-204,1.674726310229692e-166,0.0,8.557620722235453e-204,4.4645920063063845e-169,13.43370898654865,2.1188175673000318e-202,6.634647887004537e-167,8.527590669459073e-203,1,0,0,0,,,
956,0,98.39999999999998,0.0,1.4640579306167256e-201,4.9835974755442045e-204,8.388513524502813e-167,0.0,4.278810361117726e-204,2.2322960031531922e-169,13.43370898654865,1.0609591468204904e-202,3.323219632395839e-167,4.269687355339409e-203,1,0,0,0,,,
957,0,98.19999999999997,0.0,7.330986678986423e-202,2.4917987377721022e-204,4.201697748928583e-167,0.0,2.139405180558863e-204,1.1161480015765961e-169,13.43370898654865,5.312547549954823e-203,1.664557660644705e-167,2.1377896879746405e-203,1,0,0,0,,,
958,0,97.99999999999997,0.0,3.6708418524446087e-202,1.2458993688860511e-204,2.10456936780288e-167,0.0,1.0697025902794316e-204,5.5807400078829806e-170,13.43370898654865,2.660149682903598e-203,8.337527525457452e-168,1.0703678491397883e-203,1,0,0,0,,,
959,0,97.79999999999997,0.0,1.838095182698003e-202,6.229496844430256e-205,1.0541449305707342e-167,0.0,5.348512951397158e-205,2.7903700039414903e-170,13.43370898654865,1.332012795414892e-203,4.17613337384569e-168,5.359204271461282e-204,1,0,0,0,,,
960,0,97.59999999999997,0.0,9.203847195868509e-203,3.114748422215128e-205,5.280025886200142e-168,0.0,2.674256475698579e-205,1.3951850019707452e-170,13.43370898654865,6.669753746889925e-204,2.0917514924813264e-168,2.683284648611811e-204,1,0,0,0,,,
961,0,97.39999999999996,0.0,4.608609239123501e-203,1.557374211107564e-205,2.6446635597733066e-168,0.0,1.3371282378492895e-205,6.975925009853726e-171,13.43370898654865,3.339721758352695e-204,1.0477181490199043e-168,1.3434835807464906e-204,1,0,0,0,,,
962,0,97.19999999999996,0.0,2.3076474401563738e-203,7.78687105553782e-206,1.324657088223271e-168,0.0,6.685641189246447e-206,3.487962504926863e-171,13.43370898654865,1.6722833216302133e-204,5.247802758995725e-169,6.726624185935378e-205,1,0,0,0,,,
963,0,96.99999999999996,0.0,1.1554951303754986e-203,3.89343552776891e-206,6.634911982799444e-169,0.0,3.3428205946232237e-206,1.7439812524634314e-171,13.43370898654865,8.373528820420398e-205,2.628507386445965e-169,3.3679152340691515e-205,1,0,0,0,,,
964,0,96.79999999999995,0.0,5.785832703364051e-204,1.946717763884455e-206,3.3232692622412665e-169,0.0,1.6714102973116118e-206,8.719906262317157e-172,13.43370898654865,4.192820516344865e-205,1.3165566966970334e-169,1.6862591875853072e-205,1,0,0,0,,,
965,0,96.59999999999995,0.0,2.8970948774253048e-204,9.733588819422274e-207,1.6645412665414054e-169,0.0,8.357051486558059e-207,4.3599531311585786e-172,13.43370898654865,2.0994383112397655e-205,6.594298500855424e-170,8.442803790680192e-206,1,0,0,0,,,
966,0,96.39999999999995,0.0,1.450636701584292e-204,4.866794409711137e-207,8.337239509810888e-170,0.0,4.1785257432790296e-207,2.1799765655792893e-172,13.43370898654865,1.0512331821535492e-205,3.302906759112839e-170,4.2271558217169245e-206,1,0,0,0,,,
967,0,96.19999999999995,0.0,7.263629822279658e-205,2.4333972048555686e-207,4.1758863434573745e-170,0.0,2.0892628716395148e-207,1.0899882827896446e-172,13.43370898654865,5.263736043436079e-206,1.6543321338989834e-170,2.1164548740468766e-206,1,0,0,0,,,
968,0,95.99999999999994,0.0,3.637038068318928e-205,1.2166986024277843e-207,2.0915764660046525e-170,0.0,1.0446314358197574e-207,5.449941413948223e-173,13.43370898654865,2.6356530880522055e-206,8.286054441207737e-171,1.0596659186176455e-206,1,0,0,0,,,
969,0,95.79999999999994,0.0,1.8211306127490134e-205,6.0834930121389215e-208,1.0476048801403089e-170,0.0,5.223157179098787e-208,2.7249707069741116e-173,13.43370898654865,1.3197190771931858e-206,4.150224106460278e-171,5.305522001059262e-207,1,0,0,0,,,
970,0,95.59999999999994,0.0,9.118710956692814e-206,3.0417465060694607e-208,5.2471076363914575e-171,0.0,2.6115785895493935e-208,1.3624853534870558e-173,13.43370898654865,6.608058051801345e-207,2.078710496158344e-171,2.656357204515149e-207,1,0,0,0,,,
971,0,95.39999999999993,0.0,4.565884424820281e-206,1.5208732530347304e-208,2.6280954360406853e-171,0.0,1.3057892947746968e-208,6.812426767435279e-174,13.43370898654865,3.3087603588183794e-207,1.0411544695432744e-171,1.329976704250333e-207,1,0,0,0,,,
972,0,95.19999999999993,0.0,2.2862066856470773e-206,7.604366265173652e-209,1.316318526942821e-171,0.0,6.528946473873484e-209,3.4062133837176395e-174,13.43370898654865,1.6567458458680432e-207,5.214768455036884e-172,6.6588740312154605e-208,1,0,0,0,,,
973,0,94.99999999999993,0.0,1.144735579442007e-206,3.802183132586826e-209,6.592946679326496e-172,0.0,3.264473236936742e-209,1.7031066918588198e-174,13.43370898654865,8.295557561634485e-208,2.611882281178698e-172,3.3339322705896272e-208,1,0,0,0,,,
974,0,94.79999999999993,0.0,5.7318390803023775e-207,1.901091566293413e-209,3.3021503619694437e-172,0.0,1.632236618468371e-209,8.515533459294099e-175,13.43370898654865,4.153692946964377e-208,1.308190167419477e-172,1.6692137627857621e-208,1,0,0,0,,,
975,0,94.59999999999992,0.0,2.8700001316973598e-207,9.505457831467065e-210,1.6539136921378197e-172,0.0,8.161183092341855e-210,4.2577667296470494e-175,13.43370898654865,2.079803556555756e-208,6.552195971248026e-173,8.357306951383554e-209,1,0,0,0,,,
976,0,94.39999999999992,0.0,1.4370403616217654e-207,4.7527289157335324e-210,8.283761016454588e-173,0.0,4.0805915461709274e-210,2.1288833648235247e-175,13.43370898654865,1.0413803198146617e-208,3.281720552699332e-173,4.1842725444191484e-209,1,0,0,0,,,
977,0,94.19999999999992,0.0,7.195403286974255e-208,2.3763644578667662e-210,4.1489767861100385e-173,0.0,2.0402957730854637e-210,1.0644416824117624e-175,13.43370898654865,5.214294306757226e-209,1.6436715598873266e-173,2.0949458065732598e-209,1,0,0,0,,,
978,0,93.99999999999991,0.0,3.6028023829198412e-208,1.1881822289333831e-210,2.0780365319963915e-173,0.0,1.0201478865427318e-210,5.322208412058812e-176,13.43370898654865,2.610843507220572e-209,8.232414217124931e-174,1.0488776704684729e-209,1,0,0,0,,,
979,0,93.79999999999991,0.0,1.8039515611762775e-208,5.9409111446669155e-211,1.040792335468882e-173,0.0,5.100739432713659e-211,2.661104206029406e-176,13.43370898654865,1.3072699305312653e-209,4.123235317406616e-174,5.2514121882515785e-210,1,0,0,0,,,
980,0,93.59999999999991,0.0,9.032509654463172e-209,2.9704555723334578e-211,5.21283202469784e-174,0.0,2.5503697163568296e-211,1.330552103014703e-176,13.43370898654865,6.545590537261223e-210,2.0651317631253835e-174,2.6292180120803963e-210,1,0,0,0,,,
981,0,93.3999999999999,0.0,4.5226307515224784e-209,1.4852277861667289e-211,2.6108511860256356e-174,0.0,1.2751848581784148e-211,6.652760515073515e-177,13.43370898654865,3.277415710933061e-210,1.0343229337737292e-174,1.3163649650175017e-210,1,0,0,0,,,
982,0,93.1999999999999,0.0,2.2645033379066853e-209,7.426138930833644e-212,1.3076431798511755e-174,0.0,6.375924290892074e-212,3.3263802575367574e-177,13.43370898654865,1.6410180766177548e-210,5.180399929923832e-175,6.590604619974027e-211,1,0,0,0,,,
983,0,92.9999999999999,0.0,1.1338456500260657e-209,3.713069465416822e-212,6.549303833447666e-175,0.0,3.187962145446037e-212,1.6631901287683787e-177,13.43370898654865,8.216641488844896e-211,2.5945925954895103e-175,3.2996922074302718e-211,1,0,0,0,,,
984,0,92.7999999999999,0.0,5.677198155493944e-210,1.856534732708411e-212,3.280195883819727e-175,0.0,1.5939810727230185e-212,8.315950643841893e-178,13.43370898654865,4.114096297300509e-211,1.299492613008552e-175,1.6520410524367657e-211,1,0,0,0,,,
985,0,92.5999999999999,0.0,2.8425840304287797e-210,9.282673663542055e-213,1.6428699254578107e-175,0.0,7.969905363615093e-213,4.1579753219209467e-178,13.43370898654865,2.0599359250892853e-211,6.508444641361745e-176,8.271180005791976e-212,1,0,0,0,,,
986,0,92.39999999999989,0.0,1.4232844915552937e-210,4.641336831771028e-213,8.228209545028789e-176,0.0,3.984952681807546e-213,2.0789876609604733e-178,13.43370898654865,1.031411850764158e-211,3.259713108840365e-176,4.1410773747000613e-212,1,0,0,0,,,
987,0,92.19999999999989,0.0,7.126384839480988e-211,2.320668415885514e-213,4.121034731384262e-176,0.0,1.992476340903773e-213,1.0394938304802367e-178,13.43370898654865,5.164278694918364e-212,1.6326019484999284e-176,2.0732823732520671e-212,1,0,0,0,,,
988,0,91.99999999999989,0.0,3.5681736105927534e-211,1.160334207942757e-213,2.063982345127065e-176,0.0,9.962381704518866e-214,5.1974691524011834e-179,13.43370898654865,2.5857490680079703e-212,8.176736712898372e-177,1.0380130295770522e-212,1,0,0,0,,,
989,0,91.79999999999988,0.0,1.7865774007225065e-211,5.801671039713785e-214,1.0337236622809995e-176,0.0,4.981190852259433e-214,2.5987345762005917e-179,13.43370898654865,1.2946793942783793e-212,4.095231841648551e-177,5.196924362640352e-213,1,0,0,0,,,
990,0,91.59999999999988,0.0,8.945339980743182e-212,2.9008355198568923e-214,5.177280759992332e-177,0.0,2.4905954261297164e-214,1.2993672881002958e-179,13.43370898654865,6.482421272763866e-213,2.0510476634239586e-177,2.6018917886977224e-213,1,0,0,0,,,
991,0,91.39999999999988,0.0,4.4788964789369153e-212,1.4504177599284462e-214,2.5929716042898334e-177,0.0,1.2452977130648582e-214,6.496836440501479e-180,13.43370898654865,3.245722787067918e-213,1.0272397030118206e-177,1.302660698037634e-213,1,0,0,0,,,
992,0,91.19999999999987,0.0,2.24256148375112e-212,7.252088799642231e-215,1.2986514142917504e-177,0.0,6.226488565324291e-215,3.2484182202507396e-180,13.43370898654865,1.6251174688769517e-213,5.144777871558308e-178,6.521877508632036e-214,1,0,0,0,,,
993,0,90.99999999999987,0.0,1.1228373640168911e-212,3.6260443998211154e-215,6.50408513219292e-178,0.0,3.1132442826621455e-215,1.6242091101253698e-180,13.43370898654865,8.136867721099722e-214,2.5766786140287583e-178,3.265225763537951e-214,1,0,0,0,,,
994,0,90.79999999999987,0.0,5.621969930791111e-213,1.8130221999105577e-215,3.2574565964635444e-178,0.0,1.5566221413310728e-215,8.121045550626849e-181,13.43370898654865,4.074074048907343e-214,1.2904841461391805e-178,1.6347563863799418e-214,1,0,0,0,,,
995,0,90.59999999999987,0.0,2.8148765207488833e-213,9.065110999552789e-216,1.6314353134153143e-178,0.0,7.783110706655364e-216,4.0605227753134245e-181,13.43370898654865,2.039857118632412e-214,6.463144926319912e-179,8.184499454954539e-215,1,0,0,0,,,
996,0,90.39999999999986,0.0,1.4093840380511055e-213,4.532555499776394e-216,8.170711642994282e-179,0.0,3.891555353327682e-216,2.0302613876567123e-181,13.43370898654865,1.0213386064055763e-214,3.23693456097196e-179,4.0976084890046845e-215,1,0,0,0,,,
997,0,90.19999999999986,0.0,7.056649078638847e-214,2.266277749888197e-216,4.092123359455996e-179,0.0,1.945777676663841e-216,1.0151306938283561e-181,13.43370898654865,5.113743267474733e-215,1.621148329391982e-179,2.0514836252660503e-215,1,0,0,0,,,
998,0,89.99999999999986,0.0,3.5331889835110834e-214,1.1331388749440986e-216,2.0494454487074258e-179,0.0,9.728888383319205e-217,5.0756534691417806e-182,13.43370898654865,2.560396751460793e-215,8.119146891489923e-180,1.0270815030148791e-215,1,0,0,0,,,
999,0,89.79999999999986,0.0,1.7690267138513716e-214,5.665694374720493e-217,1.0264146088434267e-179,0.0,4.864444191659602e-217,2.5378267345708903e-182,13.43370898654865,1.2819609345921094e-215,4.0662760680099655e-180,5.142105966983665e-216,1,0,0,0,,,
1000,0,89.59999999999985,0.0,8.857294679736007e-215,2.8328471873602464e-217,5.140532466665703e-180,0.0,2.432222095829801e-217,1.2689133672854452e-182,13.43370898654865,6.418617467269111e-216,2.0364893451374856e-180,2.5744022094464673e-216,1,0,0,0,,,
