tick,plasticity_this_tick,m0_energy,m0_fatigue,m0_bonding,m0_fear_threat,m0_stress,m0_closeness_child,m0_OT,m0_CORT,m0_mot_Forage,m0_mot_Care,m0_mot_Self,m0_mot_Protect,m0_sel_Forage,m0_sel_Care,m0_sel_Self,m0_sel_Protect,c0_hunger,c0_warmth,c0_injury
1,0,99.0,0.5,99.79330078147181,0.0,0.06304365450618252,61.7157287525381,0.0,0.12884183474082622,34.37501725999865,45.367940816724236,0.02043683730050661,0.0,0,1,0,0,0.5,49.8,0.0
2,0,98.0,1.0,99.38533365270189,0.0,0.21823693370286604,75.85786437626905,0.0,0.2671194026856635,34.56164064798308,51.23885991753351,0.3410660361749436,0.0,0,1,0,0,1.0,49.599999999999994,0.0
3,0,97.0,1.5,98.78152992197667,0.0,0.4478206125147478,85.85786437626905,0.0,0.40608799665691797,34.748264035967516,55.34878846670182,0.6858103423597662,0.0,0,1,0,0,1.5,49.39999999999999,0.0
4,0,96.9,1.6,100.0,0.0,0.7351232529922954,100.0,66.73680290593639,0.5451071979269233,34.93488742395195,61.98932727203267,1.0492653822093023,0.0,0,1,0,0,2.0,50.0,0.0
5,0,96.80000000000001,1.7000000000000002,100.0,0.0,0.9883485316276142,100.0,100.0,0.5232968308944385,35.12151081193639,61.91382834540037,1.185417374274984,0.0,0,1,0,0,2.5,50.0,0.0
6,0,96.70000000000002,1.8000000000000003,100.0,0.0,1.220048361939619,100.0,100.0,0.61033306453028,35.30813419992082,62.03234398475896,1.3145914700139087,0.0,0,1,0,0,3.0,50.0,0.0
7,0,96.60000000000002,1.9000000000000004,100.0,0.0,1.4718057968518843,100.0,100.0,0.7053406801798582,35.494757587905255,62.14873220429156,1.4502676317428882,0.0,0,1,0,0,3.5,50.0,0.0
8,0,96.50000000000003,2.0000000000000004,100.0,0.0,1.7417500844189067,100.0,100.0,0.8009320800801046,35.681380975889695,62.263049776950325,1.5918394185212865,0.0,0,1,0,0,4.0,50.0,0.0
9,0,96.40000000000003,2.1000000000000005,100.0,0.0,2.025945258203002,100.0,100.0,0.8965662334264582,35.86800436387413,62.375351473418796,1.7380309096186626,0.0,0,1,0,0,4.5,50.0,0.0
10,0,96.30000000000004,2.2000000000000006,100.0,0.0,2.3211673770059553,100.0,100.0,0.992203517821915,36.05462775185856,62.4856901496105,1.8877970012533525,0.0,0,1,0,0,5.0,50.0,0.0
11,0,96.20000000000005,2.3000000000000007,100.0,0.0,2.624911747397277,100.0,100.0,1.0878410315197868,36.241251139842994,62.59411682961879,2.0403257479166843,0.0,0,1,0,0,5.5,50.0,0.0
12,0,96.10000000000005,2.400000000000001,100.0,0.0,2.93524186111598,100.0,100.0,1.1834785620106243,36.42787452782743,62.700680784391665,2.194989392468453,0.0,0,1,0,0,6.0,50.0,0.0
13,0,96.00000000000006,2.500000000000001,100.0,0.0,3.2506611879271716,100.0,100.0,1.2791160937312946,36.61449791581187,62.80542960638624,2.351302805276416,0.0,0,1,0,0,6.5,50.0,0.0
14,0,95.90000000000006,2.600000000000001,100.0,0.0,3.5700132619673943,100.0,100.0,1.3747536255420316,36.8011213037963,62.90840928044062,2.508891095245186,0.0,0,1,0,0,7.0,50.0,0.0
15,0,95.80000000000007,2.700000000000001,100.0,0.0,3.8924044108135822,100.0,100.0,1.4703911573593649,36.98774469178073,63.009664251084985,2.6674645609281513,0.0,0,1,0,0,7.5,50.0,0.0
16,0,95.70000000000007,2.800000000000001,100.0,0.0,4.217144038993641,100.0,100.0,1.566028689177181,37.174368079765166,63.10923748649859,2.8267993322560043,0.0,0,1,0,0,8.0,50.0,0.0
17,0,95.60000000000008,2.9000000000000012,100.0,0.0,4.5436984810657695,100.0,100.0,1.661666220995033,37.3609914677496,63.20717053930644,2.9867224111071664,0.0,0,1,0,0,8.5,50.0,0.0
18,0,95.50000000000009,3.0000000000000013,100.0,0.0,4.871655341040867,100.0,100.0,1.757303752812887,37.54761485573403,63.30350360439597,3.14710011123203,0.0,0,1,0,0,9.0,50.0,0.0
19,0,95.40000000000009,3.1000000000000014,100.0,0.0,5.200695935267257,100.0,100.0,1.8529412846307416,37.734238243718465,63.39827557392315,3.3078291250734604,0.0,0,1,0,0,9.5,50.0,0.0
20,0,95.3000000000001,3.2000000000000015,100.0,0.0,5.530573997358919,100.0,100.0,1.9485788164485962,37.9208616317029,63.491524089665745,3.4688296205515616,0.0,0,1,0,0,10.0,50.0,0.0
21,0,95.2000000000001,3.3000000000000016,100.0,0.0,5.861099222188615,100.0,100.0,2.044216348266451,38.10748501968734,63.58328559287201,3.6300399065262283,0.0,0,1,0,0,10.5,50.0,0.0
22,0,95.10000000000011,3.4000000000000017,100.0,0.0,6.192124549322966,100.0,100.0,2.1398538800843054,38.29410840767177,63.67359537174359,3.7914123104731776,0.0,0,1,0,0,11.0,50.0,0.0
23,0,95.00000000000011,3.5000000000000018,100.0,0.0,6.523536336153502,100.0,100.0,2.23549141190216,38.480731795656204,63.762487606682335,3.9529099929116094,0.0,0,1,0,0,11.5,50.0,0.0
24,0,94.90000000000012,3.600000000000002,100.0,0.0,6.855246764072839,100.0,100.0,2.3311289437200142,38.66735518364064,63.84999541342321,4.114504485717253,0.0,0,1,0,0,12.0,50.0,0.0
25,0,94.80000000000013,3.700000000000002,100.0,0.0,7.187187970261687,100.0,100.0,2.4267664755378684,38.85397857162508,63.936150884167255,4.276173789826007,0.0,0,1,0,0,12.5,50.0,0.0
26,0,94.70000000000013,3.800000000000002,100.0,0.0,7.519307512961066,100.0,100.0,2.5224040073557226,39.04060195960951,64.02098512682248,4.437900905212979,0.0,0,1,0,0,13.0,50.0,0.0
27,0,94.60000000000014,3.900000000000002,100.0,0.0,7.851564867210274,100.0,100.0,2.6180415391735776,39.227225347593944,64.10452830245292,4.599672694917199,0.0,0,1,0,0,13.5,50.0,0.0
28,0,94.50000000000014,4.000000000000002,100.0,0.0,8.183928716888882,100.0,100.0,2.7136790709914314,39.41384873557838,64.186809661031,4.761479007203923,0.0,0,1,0,0,14.0,50.0,0.0
29,0,94.40000000000015,4.100000000000001,100.0,0.0,8.516374862111638,100.0,100.0,2.809316602809286,39.60047212356282,64.2678575755819,4.923311997205627,0.0,0,1,0,0,14.5,50.0,0.0
30,0,94.30000000000015,4.200000000000001,100.0,0.0,8.84888460214428,100.0,100.0,2.9049541346271397,39.78709551154725,64.34769957480394,5.0851656027124585,0.0,0,1,0,0,15.0,50.0,0.0
31,0,94.20000000000016,4.300000000000001,100.0,0.0,9.181443485783497,100.0,100.0,3.000591666444995,39.97371889953168,64.42636237424361,5.247035139083386,0.0,0,1,0,0,15.5,50.0,0.0
32,0,94.10000000000016,4.4,100.0,0.0,9.514040345698946,100.0,100.0,3.096229198262849,40.160342287516116,64.50387190609932,5.408916986209213,0.0,0,1,0,0,16.0,50.0,0.0
33,0,94.00000000000017,4.5,100.0,0.0,9.846666552210161,100.0,100.0,3.191866730080704,40.34696567550055,64.5802533477241,5.5708083466097325,0.0,0,1,0,0,16.5,50.0,0.0
34,0,93.90000000000018,4.6,100.0,0.0,10.17931543663423,100.0,100.0,3.287504261898558,40.53358906348498,64.65553114889244,5.732707058500567,0.0,0,1,0,0,17.0,50.0,0.0
35,0,93.80000000000018,4.699999999999999,100.0,0.0,10.511981845671222,100.0,100.0,3.3831417937164123,40.720212451469415,64.72972905789399,5.894611451338447,0.0,0,1,0,0,17.5,50.0,0.0
36,0,93.70000000000019,4.799999999999999,100.0,0.0,10.844661797050499,100.0,100.0,3.4787793255342665,40.90683583945385,64.80287014651209,6.056520234192232,0.0,0,1,0,0,18.0,50.0,0.0
37,0,93.6000000000002,4.899999999999999,100.0,0.0,11.177352213427508,100.0,100.0,3.574416857352121,41.09345922743829,64.87497683394261,6.218432409480319,0.0,0,1,0,0,18.5,50.0,0.0
38,0,93.5000000000002,4.999999999999998,100.0,0.0,11.510050716749543,100.0,100.0,3.6700543891699757,41.28008261542272,64.94607090970494,6.380347206310272,0.0,0,1,0,0,19.0,50.0,0.0
39,0,93.4000000000002,5.099999999999998,100.0,0.0,11.842755469349552,100.0,100.0,3.7656919209878303,41.466706003407154,65.0161735555948,6.542264028966271,0.0,0,1,0,0,19.5,50.0,0.0
40,0,93.30000000000021,5.1999999999999975,100.0,0.0,12.175465051149597,100.0,100.0,3.861329452805685,41.65332939139159,65.08530536672458,6.704182417102192,0.0,0,1,0,0,20.0,50.0,0.0
41,0,93.20000000000022,5.299999999999997,100.0,0.0,12.508178364768433,100.0,100.0,3.9569669846235396,41.83995277937602,65.1534863716959,6.866102014980379,0.0,0,1,0,0,20.5,50.0,0.0
42,0,93.10000000000022,5.399999999999997,100.0,0.0,12.840894562192329,100.0,100.0,4.052604516441393,42.02657616736045,65.22073605194531,7.028022547700546,0.0,0,1,0,0,21.0,50.0,0.0
43,0,93.00000000000023,5.4999999999999964,100.0,0.0,13.173612988109108,100.0,100.0,4.148242048259249,42.21319955534489,65.28707336030263,7.189943802830397,0.0,0,1,0,0,21.5,50.0,0.0
44,0,92.90000000000023,5.599999999999996,100.0,0.0,13.506333136118897,100.0,100.0,4.243879580077101,42.399822943329326,65.35251673879921,7.351865616210478,0.0,0,1,0,0,22.0,50.0,0.0
45,0,92.80000000000024,5.699999999999996,100.0,0.0,13.839054614895483,100.0,100.0,4.339517111894956,42.586446331313766,65.4170841357608,7.513787860984721,0.0,0,1,0,0,22.5,50.0,0.0
46,0,92.70000000000024,5.799999999999995,100.0,0.0,14.171777122037117,100.0,100.0,4.435154643712812,42.7730697192982,65.48079302221889,7.675710439123668,0.0,0,1,0,0,23.0,50.0,0.0
47,0,92.60000000000025,5.899999999999995,100.0,0.0,14.50450042385944,100.0,100.0,4.5307921755306655,42.95969310728263,65.54366040767144,7.83763327487395,0.0,0,1,0,0,23.5,50.0,0.0
48,0,92.50000000000026,5.999999999999995,100.0,0.0,14.837224339780231,100.0,100.0,4.626429707348521,43.146316495267065,65.60570285522356,7.9995563096962945,0.0,0,1,0,0,24.0,50.0,0.0
49,0,92.40000000000026,6.099999999999994,100.0,0.0,15.169948730252539,100.0,100.0,4.722067239166375,43.3329398832515,65.6669364961356,8.161479498353822,0.0,0,1,0,0,24.5,50.0,0.0
50,0,92.30000000000027,6.199999999999994,100.0,0.0,15.502673487439882,100.0,100.0,4.81770477098423,43.51956327123593,65.72737704380638,8.323402805889224,0.0,0,1,0,0,25.0,50.0,0.0
51,0,92.20000000000027,6.299999999999994,100.0,0.0,15.835398528010405,100.0,100.0,4.913342302802084,43.706186659220364,65.78703980721632,8.48532620528884,0.0,0,1,0,0,25.5,50.0,0.0
52,0,92.10000000000028,6.399999999999993,100.0,0.0,16.168123787568476,100.0,100.0,5.008979834619938,43.8928100472048,65.84593970385498,8.647249675677568,0.0,0,1,0,0,26.0,50.0,0.0
53,0,92.00000000000028,6.499999999999993,100.0,0.0,16.500849216351643,100.0,100.0,5.104617366437791,44.07943343518924,65.90409127215597,8.80917320092393,0.0,0,1,0,0,26.5,50.0,0.0
54,0,91.90000000000029,6.5999999999999925,100.0,0.0,16.833574775905415,100.0,100.0,5.200254898255646,44.26605682317367,65.96150868346061,8.971096768562148,0.0,0,1,0,0,27.0,50.0,0.0
55,0,91.8000000000003,6.699999999999992,100.0,0.0,17.166300436513644,100.0,100.0,5.295892430073501,44.4526802111581,66.01820575353177,9.133020368959151,0.0,0,1,0,0,27.5,50.0,0.0
56,0,91.7000000000003,6.799999999999992,100.0,0.0,17.499026175212848,100.0,100.0,5.391529961891355,44.639303599142536,66.0741959536365,9.294943994670875,0.0,0,1,0,0,28.0,50.0,0.0
57,0,91.6000000000003,6.8999999999999915,100.0,0.0,17.831751974257728,100.0,100.0,5.48716749370921,44.82592698712697,66.12949242121725,9.456867639944836,0.0,0,1,0,0,28.5,50.0,0.0
58,0,91.50000000000031,6.999999999999991,100.0,0.0,18.164477819935414,100.0,100.0,5.5828050255270645,45.0125503751114,66.21080210985403,9.618791300335733,0.0,0,1,0,0,29.0,50.0,0.0
59,0,91.40000000000032,7.099999999999991,100.0,0.0,18.497203701649124,100.0,100.0,5.678442557344919,45.199173763095835,66.31467311625644,9.780714972408415,0.0,0,1,0,0,29.5,50.0,0.0
60,0,91.30000000000032,7.19999999999999,100.0,0.0,18.82992961121008,100.0,100.0,5.774080089162774,45.385797151080276,66.41790746234321,9.942638653508329,0.0,0,1,0,0,30.0,50.0,0.0
61,0,91.20000000000033,7.29999999999999,100.0,0.0,19.16265554229031,100.0,100.0,5.869717620980628,45.57242053906471,66.52051098368787,10.104562341584137,0.0,0,1,0,0,30.5,50.0,0.0
62,0,91.10000000000034,7.39999999999999,100.0,0.0,19.495381489999797,100.0,100.0,5.965355152798483,45.75904392704915,66.62248944476337,10.266486035050642,0.0,0,1,0,0,31.0,50.0,0.0
63,0,91.00000000000034,7.499999999999989,100.0,0.0,19.828107450559735,100.0,100.0,6.0609926846163376,45.94566731503358,66.65742088382751,10.428409732682876,0.0,0,1,0,0,31.5,50.0,0.0
64,0,90.90000000000035,7.599999999999989,100.0,0.0,20.16083342105,100.0,100.0,6.156630216434191,46.132290703018015,66.65742088382751,10.590333433534223,0.0,0,1,0,0,32.0,50.0,0.0
65,0,90.80000000000035,7.699999999999989,100.0,0.0,20.493559399214043,100.0,100.0,6.252267748252047,46.31891409100245,66.65742088382751,10.75225713687317,0.0,0,1,0,0,32.5,50.0,0.0
66,0,90.70000000000036,7.799999999999988,100.0,0.0,20.826285383308083,100.0,100.0,6.3479052800699005,46.50553747898688,66.65742088382751,10.914180842134446,0.0,0,1,0,0,33.0,50.0,0.0
67,0,90.60000000000036,7.899999999999988,100.0,0.0,21.15901137198459,100.0,100.0,6.443542811887754,46.692160866971314,66.65742088382751,11.076104548881217,0.0,0,1,0,0,33.5,50.0,0.0
68,0,90.50000000000037,7.999999999999988,100.0,0.0,21.49173736420225,100.0,100.0,6.539180343705608,46.87878425495575,66.65742088382751,11.238028256775921,0.0,0,1,0,0,34.0,50.0,0.0
69,0,90.40000000000038,8.099999999999987,100.0,0.0,21.824463359156383,100.0,100.0,6.6348178755234635,47.06540764294019,66.65742088382751,11.399951965557708,0.0,0,1,0,0,34.5,50.0,0.0
70,0,90.30000000000038,8.199999999999987,100.0,0.0,22.157189356225153,100.0,100.0,6.730455407341317,47.25203103092462,66.65742088382751,11.561875675024996,0.0,0,1,0,0,35.0,50.0,0.0
71,0,90.20000000000039,8.299999999999986,100.0,0.0,22.489915354928026,100.0,100.0,6.826092939159173,47.43865441890905,66.65742088382751,11.723799385022009,0.0,0,1,0,0,35.5,50.0,0.0
72,0,90.10000000000039,8.399999999999986,100.0,0.0,22.82264135489368,100.0,100.0,6.921730470977026,47.625277806893486,66.65742088382751,11.88572309542838,0.0,0,1,0,0,36.0,50.0,0.0
73,0,90.0000000000004,8.499999999999986,100.0,0.0,23.155367355835157,100.0,100.0,7.017368002794881,47.81190119487792,66.65742088382751,12.04764680615108,0.0,0,1,0,0,36.5,50.0,0.0
74,0,89.9000000000004,8.599999999999985,100.0,0.0,23.488093357530715,100.0,100.0,7.113005534612736,47.99852458286235,66.65742088382751,12.209570517118232,0.0,0,1,0,0,37.0,50.0,0.0
75,0,89.80000000000041,8.699999999999985,100.0,0.0,23.820819359808997,100.0,100.0,7.20864306643059,48.185147970846785,66.65742088382751,12.371494228274287,0.0,0,1,0,0,37.5,50.0,0.0
76,0,89.70000000000041,8.799999999999985,100.0,0.0,24.153545362537585,100.0,100.0,7.304280598248443,48.37177135883122,66.65742088382751,12.533417939576314,0.0,0,1,0,0,38.0,50.0,0.0
77,0,89.60000000000042,8.899999999999984,100.0,0.0,24.48627136561415,100.0,100.0,7.399918130066298,48.55839474681566,66.65742088382751,12.695341650991146,0.0,0,1,0,0,38.5,50.0,0.0
78,0,89.50000000000043,8.999999999999984,100.0,0.0,24.81899736895962,100.0,100.0,7.495555661884152,48.74501813480009,66.65742088382751,12.857265362493148,0.0,0,1,0,0,39.0,50.0,0.0
79,0,89.40000000000043,9.099999999999984,100.0,0.0,25.151723372512894,100.0,100.0,7.591193193702007,48.93164152278453,66.65742088382751,13.019189074062515,0.0,0,1,0,0,39.5,50.0,0.0
80,0,89.30000000000044,9.199999999999983,100.0,0.0,25.484449376226745,100.0,100.0,7.686830725519862,49.118264910768964,66.65742088382751,13.181112785683936,0.0,0,1,0,0,40.0,50.0,0.0
81,0,89.20000000000044,9.299999999999983,100.0,0.0,25.817175380064686,100.0,100.0,7.782468257337718,49.3048882987534,66.65742088382751,13.343036497345583,0.0,0,1,0,0,40.5,50.0,0.0
82,0,89.10000000000045,9.399999999999983,100.0,0.0,26.149901383998518,100.0,100.0,7.878105789155571,49.49151168673783,66.65742088382751,13.504960209038316,0.0,0,1,0,0,41.0,50.0,0.0
83,0,89.00000000000045,9.499999999999982,100.0,0.0,26.48262738800645,100.0,100.0,7.973743320973423,49.67813507472226,66.65742088382751,13.666883920755065,0.0,0,1,0,0,41.5,50.0,0.0
84,0,88.90000000000046,9.599999999999982,100.0,0.0,26.815353392071643,100.0,100.0,8.069380852791278,49.864758462706696,66.65742088382751,13.828807632490385,0.0,0,1,0,0,42.0,50.0,0.0
85,0,88.80000000000047,9.699999999999982,100.0,0.0,27.14807939618109,100.0,100.0,8.165018384609132,50.051381850691136,66.65742088382751,13.990731344240048,0.0,0,1,0,0,42.5,50.0,0.0
86,0,88.70000000000047,9.799999999999981,100.0,0.0,27.48080540032473,100.0,100.0,8.260655916426987,50.23800523867557,66.65742088382751,14.15265505600079,0.0,0,1,0,0,43.0,50.0,0.0
87,0,88.60000000000048,9.89999999999998,100.0,0.0,27.813531404494793,100.0,100.0,8.356293448244845,50.42462862666,66.65742088382751,14.3145787677701,0.0,0,1,0,0,43.5,50.0,0.0
88,0,88.50000000000048,9.99999999999998,100.0,0.0,28.146257408685276,100.0,100.0,8.451930980062697,50.611252014644435,66.65742088382751,14.476502479546033,0.0,0,1,0,0,44.0,50.0,0.0
89,0,88.40000000000049,10.09999999999998,100.0,0.0,28.47898341289154,100.0,100.0,8.547568511880554,50.79787540262887,66.65742088382751,14.638426191327078,0.0,0,1,0,0,44.5,50.0,0.0
90,0,88.3000000000005,10.19999999999998,100.0,0.0,28.811709417110002,100.0,100.0,8.643206043698406,50.9844987906133,66.65742088382751,14.80034990311208,0.0,0,1,0,0,45.0,50.0,0.0
91,0,88.2000000000005,10.29999999999998,100.0,0.0,29.14443542133788,100.0,100.0,8.738843575516263,51.171122178597734,66.65742088382751,14.962273614900132,0.0,0,1,0,0,45.5,50.0,0.0
92,0,88.1000000000005,10.399999999999979,100.0,0.0,29.477161425573044,100.0,100.0,8.834481107334115,51.35774556658217,66.65742088382751,15.124197326690547,0.0,0,1,0,0,46.0,50.0,0.0
93,0,88.00000000000051,10.499999999999979,100.0,0.0,29.809887429813834,100.0,100.0,8.930118639151965,51.54436895456661,66.65742088382751,15.286121038482786,0.0,0,1,0,0,46.5,50.0,0.0
94,0,87.90000000000052,10.599999999999978,100.0,0.0,30.142613434058973,100.0,100.0,9.025756170969823,51.73099234255104,66.65742088382751,15.448044750276434,0.0,0,1,0,0,47.0,50.0,0.0
95,0,87.80000000000052,10.699999999999978,100.0,0.0,30.475339438307472,100.0,100.0,9.121393702787676,51.91761573053547,66.65742088382751,15.60996846207117,0.0,0,1,0,0,47.5,50.0,0.0
96,0,87.70000000000053,10.799999999999978,100.0,0.0,30.80806544255857,100.0,100.0,9.21703123460553,52.104239118519914,66.65742088382751,15.771892173866751,0.0,0,1,0,0,48.0,50.0,0.0
97,0,87.60000000000053,10.899999999999977,100.0,0.0,31.14079144681167,100.0,100.0,9.312668766423386,52.29086250650435,66.65742088382751,15.93381588566298,0.0,0,1,0,0,48.5,50.0,0.0
98,0,87.50000000000054,10.999999999999977,100.0,0.0,31.473517451066325,100.0,100.0,9.40830629824124,52.47748589448878,66.65742088382751,16.095739597459712,0.0,0,1,0,0,49.0,50.0,0.0
99,0,87.40000000000055,11.099999999999977,100.0,0.0,31.806243455322175,100.0,100.0,9.503943830059095,52.66410928247321,66.65742088382751,16.25766330925683,0.0,0,1,0,0,49.5,50.0,0.0
100,0,87.30000000000055,11.199999999999976,100.0,0.0,32.138969459578945,100.0,100.0,9.599581361876949,52.850732670457646,66.65742088382751,16.419587021054255,0.0,0,1,0,0,50.0,50.0,0.0
101,0,87.20000000000056,11.299999999999976,100.0,0.0,32.47169546383643,100.0,100.0,9.695218893694804,53.037356058442086,66.65742088382751,16.581510732851903,0.0,0,1,0,0,50.5,50.0,0.0
102,0,87.10000000000056,11.399999999999975,100.0,0.0,32.804421468094475,100.0,100.0,9.790856425512658,53.22397944642652,66.65742088382751,16.743434444649736,0.0,0,1,0,0,51.0,50.0,0.0
103,0,87.00000000000057,11.499999999999975,100.0,0.0,33.13714747235295,100.0,100.0,9.886493957330513,53.41060283441095,66.65742088382751,16.905358156447704,0.0,0,1,0,0,51.5,50.0,0.0
104,0,86.90000000000057,11.599999999999975,100.0,0.0,33.46987347661175,100.0,100.0,9.982131489148367,53.597226222395385,66.65742088382751,17.067281868245782,0.0,0,1,0,0,52.0,50.0,0.0
105,0,86.80000000000058,11.699999999999974,100.0,0.0,33.80259948087081,100.0,100.0,10.077769020966223,53.78384961037982,66.65742088382751,17.229205580043946,0.0,0,1,0,0,52.5,50.0,0.0
106,0,86.70000000000059,11.799999999999974,100.0,0.0,34.13532548513007,100.0,100.0,10.173406552784076,53.97047299836425,66.65742088382751,17.39112929184217,0.0,0,1,0,0,53.0,50.0,0.0
107,0,86.60000000000059,11.899999999999974,100.0,0.0,34.46805148938948,100.0,100.0,10.269044084601932,54.157096386348684,66.65742088382751,17.553053003640443,0.0,0,1,0,0,53.5,50.0,0.0
108,0,86.5000000000006,11.999999999999973,100.0,0.0,34.80077749364901,100.0,100.0,10.364681616419785,54.34371977433312,66.65742088382751,17.71497671543876,0.0,0,1,0,0,54.0,50.0,0.0
109,0,86.4000000000006,12.099999999999973,100.0,0.0,35.13350349790862,100.0,100.0,10.460319148237641,54.53034316231756,66.65742088382751,17.876900427237096,0.0,0,1,0,0,54.5,50.0,0.0
110,0,86.30000000000061,12.199999999999973,100.0,0.0,35.466229502168304,100.0,100.0,10.555956680055495,54.71696655030199,66.65742088382751,18.038824139035466,0.0,0,1,0,0,55.0,50.0,0.0
111,0,86.20000000000061,12.299999999999972,100.0,0.0,35.79895550642805,100.0,100.0,10.65159421187335,54.90358993828642,66.65742088382751,18.200747850833842,0.0,0,1,0,0,55.5,50.0,0.0
112,0,86.10000000000062,12.399999999999972,100.0,0.0,36.13168151068783,100.0,100.0,10.747231743691204,55.090213326270856,66.65742088382751,18.362671562632237,0.0,0,1,0,0,56.0,50.0,0.0
113,0,86.00000000000063,12.499999999999972,100.0,0.0,36.46440751494764,100.0,100.0,10.84286927550906,55.27683671425528,66.65742088382751,18.52459527443065,0.0,0,1,0,0,56.5,50.0,0.0
114,0,85.90000000000063,12.599999999999971,100.0,0.0,36.79713351920748,100.0,100.0,10.938506807326913,55.46346010223972,66.65742088382751,18.686518986229057,0.0,0,1,0,0,57.0,50.0,0.0
115,0,85.80000000000064,12.69999999999997,100.0,0.0,37.12985952346734,100.0,100.0,11.034144339144769,55.650083490224155,66.65742088382751,18.84844269802748,0.0,0,1,0,0,57.5,50.0,0.0
116,0,85.70000000000064,12.79999999999997,100.0,0.0,37.462585527727214,100.0,100.0,11.129781870962622,55.83670687820859,66.65742088382751,19.010366409825902,0.0,0,1,0,0,58.0,50.0,0.0
117,0,85.60000000000065,12.89999999999997,100.0,0.0,37.7953115319871,100.0,100.0,11.225419402780473,56.02333026619302,66.65742088382751,19.172290121624332,0.0,0,1,0,0,58.5,50.0,0.0
118,0,85.50000000000065,12.99999999999997,100.0,0.0,38.128037536247,100.0,100.0,11.321056934598328,56.209953654177454,66.65742088382751,19.334213833422766,0.0,0,1,0,0,59.0,50.0,0.0
119,0,85.40000000000066,13.09999999999997,100.0,0.0,38.460763540506896,100.0,100.0,11.416694466416182,56.39657704216189,66.65742088382751,19.4961375452212,0.0,0,1,0,0,59.5,50.0,0.0
120,0,85.30000000000067,13.199999999999969,100.0,0.0,38.7934895447668,100.0,100.0,11.512331998234037,56.58320043014632,66.65742088382751,19.658061257019636,0.0,0,1,0,0,60.0,50.0,0.0
121,0,85.20000000000067,13.299999999999969,100.0,0.0,39.12621554902671,100.0,100.0,11.607969530051891,56.76982381813076,66.65742088382751,19.819984968818073,0.0,0,1,0,0,60.5,50.0,0.0
122,0,85.10000000000068,13.399999999999968,100.0,0.0,39.45894155328662,100.0,100.0,11.703607061869747,56.95644720611519,66.65742088382751,19.981908680616506,0.0,0,1,0,0,61.0,50.0,0.0
123,0,85.00000000000068,13.499999999999968,100.0,0.0,39.79166755754654,100.0,100.0,11.7992445936876,57.143070594099626,66.65742088382751,20.143832392414943,0.0,0,1,0,0,61.5,50.0,0.0
124,0,84.90000000000069,13.599999999999968,100.0,0.0,40.12439356180646,100.0,100.0,11.894882125505456,57.32969398208406,66.65742088382751,20.305756104213383,0.0,0,1,0,0,62.0,50.0,0.0
125,0,84.8000000000007,13.699999999999967,100.0,0.0,40.45711956606638,100.0,100.0,11.99051965732331,57.51631737006849,66.65742088382751,20.467679816011824,0.0,0,1,0,0,62.5,50.0,0.0
126,0,84.7000000000007,13.799999999999967,100.0,0.0,40.78984557032631,100.0,100.0,12.086157189141165,57.702940758052925,66.65742088382751,20.629603527810268,0.0,0,1,0,0,63.0,50.0,0.0
127,0,84.6000000000007,13.899999999999967,100.0,0.0,41.12257157458623,100.0,100.0,12.181794720959022,57.88956414603736,66.65742088382751,20.79152723960871,0.0,0,1,0,0,63.5,50.0,0.0
128,0,84.50000000000071,13.999999999999966,100.0,0.0,41.45529757884616,100.0,100.0,12.277432252776878,58.0761875340218,66.65742088382751,20.953450951407156,0.0,0,1,0,0,64.0,50.0,0.0
129,0,84.40000000000072,14.099999999999966,100.0,0.0,41.78802358310608,100.0,100.0,12.373069784594732,58.26281092200623,66.65742088382751,21.115374663205596,0.0,0,1,0,0,64.5,50.0,0.0
130,0,84.30000000000072,14.199999999999966,100.0,0.0,42.12074958736601,100.0,100.0,12.468707316412587,58.44943430999068,66.65742088382751,21.277298375004033,0.0,0,1,0,0,65.0,50.0,0.0
131,0,84.20000000000073,14.299999999999965,100.0,0.0,42.45347559162593,100.0,100.0,12.564344848230437,58.63605769797511,66.65742088382751,21.439222086802477,0.0,0,1,0,0,65.5,50.0,0.0
132,0,84.10000000000073,14.399999999999965,100.0,0.0,42.786201595885856,100.0,100.0,12.659982380048293,58.822681085959545,66.65742088382751,21.601145798600918,0.0,0,1,0,0,66.0,50.0,0.0
133,0,84.00000000000074,14.499999999999964,100.0,0.0,43.11892760014578,100.0,100.0,12.755619911866146,59.00930447394398,66.65742088382751,21.763069510399358,0.0,0,1,0,0,66.5,50.0,0.0
134,0,83.90000000000074,14.599999999999964,100.0,0.0,43.451653604405706,100.0,100.0,12.851257443684,59.19592786192842,66.65742088382751,21.924993222197802,0.0,0,1,0,0,67.0,50.0,0.0
135,0,83.80000000000075,14.699999999999964,100.0,0.0,43.78437960866563,100.0,100.0,12.94689497550186,59.382551249912844,66.65742088382751,22.08691693399624,0.0,0,1,0,0,67.5,50.0,0.0
136,0,83.70000000000076,14.799999999999963,100.0,0.0,44.117105612925556,100.0,100.0,13.042532507319711,59.569174637897284,66.65742088382751,22.248840645794687,0.0,0,1,0,0,68.0,50.0,0.0
137,0,83.60000000000076,14.899999999999963,100.0,0.0,44.44983161718548,100.0,100.0,13.138170039137563,59.755798025881724,66.65742088382751,22.410764357593123,0.0,0,1,0,0,68.5,50.0,0.0
138,0,83.50000000000077,14.999999999999963,100.0,0.0,44.7825576214454,100.0,100.0,13.233807570955417,59.942421413866136,66.65742088382751,22.572688069391564,0.0,0,1,0,0,69.0,50.0,0.0
139,0,83.40000000000077,15.099999999999962,100.0,0.0,45.11528362570532,100.0,100.0,13.329445102773272,60.129044801850576,66.65742088382751,22.734611781190004,0.0,0,1,0,0,69.5,50.0,0.0
140,0,83.30000000000078,15.199999999999962,100.0,0.0,45.44800962996524,100.0,100.0,13.42508263459113,60.315668189835,66.65742088382751,22.896535492988445,0.0,0,1,0,0,70.0,50.0,0.0
141,0,83.20000000000078,15.299999999999962,100.0,0.0,45.78073563422517,100.0,100.0,13.520720166408982,60.50229157781944,66.65742088382751,23.058459204786885,0.0,0,1,0,0,70.5,50.0,0.0
142,0,83.10000000000079,15.399999999999961,100.0,0.0,46.11346163848509,100.0,100.0,13.616357698226839,60.68891496580388,66.65742088382751,23.22038291658533,0.0,0,1,0,0,71.0,50.0,0.0
143,0,83.0000000000008,15.499999999999961,100.0,0.0,46.446187642745016,100.0,100.0,13.71199523004469,60.87553835378831,66.65742088382751,23.38230662838377,0.0,0,1,0,0,71.5,50.0,0.0
144,0,82.9000000000008,15.59999999999996,100.0,0.0,46.77891364700494,100.0,100.0,13.807632761862541,61.06216174177275,66.65742088382751,23.54423034018221,0.0,0,1,0,0,72.0,50.0,0.0
145,0,82.80000000000081,15.69999999999996,100.0,0.0,47.111639651264866,100.0,100.0,13.9032702936804,61.248785129757174,66.65742088382751,23.70615405198065,0.0,0,1,0,0,72.5,50.0,0.0
146,0,82.70000000000081,15.79999999999996,100.0,0.0,47.4443656555248,100.0,100.0,13.998907825498257,61.435408517741614,66.65742088382751,23.868077763779095,0.0,0,1,0,0,73.0,50.0,0.0
147,0,82.60000000000082,15.89999999999996,100.0,0.0,47.77709165978473,100.0,100.0,14.09454535731611,61.62203190572605,66.65742088382751,24.03000147557754,0.0,0,1,0,0,73.5,50.0,0.0
148,0,82.50000000000082,15.99999999999996,100.0,0.0,48.109817664044655,100.0,100.0,14.190182889133963,61.80865529371049,66.65742088382751,24.19192518737598,0.0,0,1,0,0,74.0,50.0,0.0
149,0,82.40000000000083,16.09999999999996,100.0,0.0,48.44254366830458,100.0,100.0,14.285820420951818,61.99527868169493,66.65742088382751,24.353848899174427,0.0,0,1,0,0,74.5,50.0,0.0
150,0,82.30000000000084,16.19999999999996,100.0,0.0,48.77526967256451,100.0,100.0,14.381457952769676,62.18190206967935,66.65742088382751,24.51577261097287,0.0,0,1,0,0,75.0,50.0,0.0
151,0,82.20000000000084,16.29999999999996,100.0,0.0,49.10799567682443,100.0,100.0,14.477095484587528,62.36852545766379,66.65742088382751,24.677696322771304,0.0,0,1,0,0,75.5,50.0,0.0
152,0,82.10000000000085,16.399999999999963,100.0,0.0,49.440721681084355,100.0,100.0,14.572733016405385,62.55514884564822,66.65742088382751,24.83962003456975,0.0,0,1,0,0,76.0,50.0,0.0
153,0,82.00000000000085,16.499999999999964,100.0,0.0,49.77344768534428,100.0,100.0,14.668370548223237,62.74177223363266,66.65742088382751,25.001543746368196,0.0,0,1,0,0,76.5,50.0,0.0
154,0,81.90000000000086,16.599999999999966,100.0,0.0,50.106173689604205,100.0,100.0,14.764008080041094,62.928395621617085,66.65742088382751,25.163467458166636,0.0,0,1,0,0,77.0,50.0,0.0
155,0,81.80000000000086,16.699999999999967,100.0,0.0,50.43889969386413,100.0,100.0,14.859645611858946,63.115019009601525,66.65742088382751,25.325391169965076,0.0,0,1,0,0,77.5,50.0,0.0
156,0,81.70000000000087,16.79999999999997,100.0,0.0,50.771625698124055,100.0,100.0,14.955283143676798,63.30164239758595,66.65742088382751,25.487314881763517,0.0,0,1,0,0,78.0,50.0,0.0
157,0,81.60000000000088,16.89999999999997,100.0,0.0,51.10435170238398,100.0,100.0,15.050920675494652,63.48826578557039,66.65742088382751,25.64923859356196,0.0,0,1,0,0,78.5,50.0,0.0
158,0,81.50000000000088,16.99999999999997,100.0,0.0,51.437077706643905,100.0,100.0,15.146558207312507,63.67488917355483,66.65742088382751,25.811162305360405,0.0,0,1,0,0,79.0,50.0,0.0
159,0,81.40000000000089,17.099999999999973,100.0,0.0,51.76980371090384,100.0,100.0,15.242195739130361,63.86151256153927,66.65742088382751,25.97308601715885,0.0,0,1,0,0,79.5,50.0,0.0
160,0,81.30000000000089,17.199999999999974,100.0,0.0,52.102529715163755,100.0,100.0,15.337833270948217,64.0481359495237,66.65742088382751,26.13500972895729,0.0,0,1,0,0,80.0,50.0,0.0
161,0,81.2000000000009,17.299999999999976,100.0,0.0,52.43525571942368,100.0,100.0,15.433470802766077,64.23475933750814,66.65742088382751,26.29693344075573,0.0,0,1,0,0,80.5,50.0,0.0
162,0,81.1000000000009,17.399999999999977,100.0,0.0,52.767981723683604,100.0,100.0,15.529108334583926,64.42138272549258,66.65742088382751,26.458857152554174,0.0,0,1,0,0,81.0,50.0,0.0
163,0,81.00000000000091,17.49999999999998,100.0,0.0,53.10070772794353,100.0,100.0,15.62474586640178,64.60800611347699,66.65742088382751,26.62078086435262,0.0,0,1,0,0,81.5,50.0,0.0
164,0,80.90000000000092,17.59999999999998,100.0,0.0,53.433433732203454,100.0,100.0,15.720383398219635,64.79462950146143,66.65742088382751,26.782704576151062,0.0,0,1,0,0,82.0,50.0,0.0
165,0,80.80000000000092,17.69999999999998,100.0,0.0,53.76615973646338,100.0,100.0,15.816020930037489,64.98125288944586,66.65742088382751,26.944628287949506,0.0,0,1,0,0,82.5,50.0,0.0
166,0,80.70000000000093,17.799999999999983,100.0,0.0,54.098885740723304,100.0,100.0,15.91165846185534,65.1678762774303,66.65742088382751,27.10655199974794,0.0,0,1,0,0,83.0,50.0,0.0
167,0,80.60000000000093,17.899999999999984,100.0,0.0,54.43161174498323,100.0,100.0,16.007295993673203,65.35449966541474,66.65742088382751,27.268475711546387,0.0,0,1,0,0,83.5,50.0,0.0
168,0,80.50000000000094,17.999999999999986,100.0,0.0,54.76433774924316,100.0,100.0,16.102933525491054,65.54112305339916,66.65742088382751,27.43039942334483,0.0,0,1,0,0,84.0,50.0,0.0
169,0,80.40000000000094,18.099999999999987,100.0,0.0,55.09706375350308,100.0,100.0,16.198571057308907,65.7277464413836,66.65742088382751,27.592323135143275,0.0,0,1,0,0,84.5,50.0,0.0
170,0,80.30000000000095,18.19999999999999,100.0,0.0,55.42978975776301,100.0,100.0,16.29420858912676,65.91436982936803,66.65742088382751,27.75424684694172,0.0,0,1,0,0,85.0,50.0,0.0
171,0,80.20000000000095,18.29999999999999,100.0,0.0,55.762515762022936,100.0,100.0,16.38984612094461,66.10099321735247,66.65742088382751,27.916170558740166,0.0,0,1,0,0,85.5,50.0,0.0
172,0,80.10000000000096,18.39999999999999,100.0,0.0,56.09524176628286,100.0,100.0,16.48548365276247,66.28761660533691,66.65742088382751,28.0780942705386,0.0,0,1,0,0,86.0,50.0,0.0
173,0,80.00000000000097,18.499999999999993,100.0,0.0,56.427967770542786,100.0,100.0,16.581121184580326,66.47423999332135,66.65742088382751,28.240017982337047,0.0,0,1,0,0,86.5,50.0,0.0
174,0,79.00000000000097,18.999999999999993,100.0,0.0,56.76069377480271,100.0,100.0,16.67675871639818,66.66086338130577,66.65742088382751,28.401941694135484,0.0,1,0,0,0,87.0,49.8,0.0
175,0,78.90000000000097,19.099999999999994,100.0,0.0,57.124792627343886,90.0,100.0,17.547310562117513,66.89008932025624,62.180935782799814,28.79029173259405,0.0,1,0,0,0,87.5,49.599999999999994,0.0
176,0,77.90000000000097,19.599999999999994,100.0,0.0,57.77450694486937,90.0,100.0,18.154602201618857,66.85784135209866,62.22408599386688,29.05497342432107,0.0,1,0,0,0,88.0,49.39999999999999,0.0
177,0,77.80000000000098,19.699999999999996,100.0,0.0,58.55634911307121,100.0,100.0,19.124658579006056,67.08387295697332,66.78687151702871,29.578743153189457,0.0,1,0,0,0,68.5,49.19999999999999,0.0
178,0,77.70000000000098,19.799999999999997,100.0,0.0,57.797814254268175,100.0,100.0,15.369493700653138,60.12950768963909,66.83002172809577,29.38691324956827,0.0,0,1,0,0,69.0,49.999999999999986,0.0
179,0,77.60000000000099,19.9,100.0,0.0,55.91195804516413,100.0,100.0,14.98827536371387,60.34397705913707,66.65742088382751,28.829640016210707,0.0,0,1,0,0,69.5,50.0,0.0
180,0,77.500000000001,20.0,100.0,0.0,54.36964346150449,100.0,100.0,15.082882086189134,60.55844642863505,66.65742088382751,28.383732539806054,0.0,0,1,0,0,70.0,50.0,0.0
181,0,77.400000000001,20.1,100.0,0.0,53.253202759971586,100.0,100.0,15.221852363385024,60.77291579813303,66.65742088382751,28.075880436424,0.0,0,1,0,0,70.5,50.0,0.0
182,0,77.300000000001,20.200000000000003,100.0,0.0,52.480815633456096,100.0,100.0,15.364958877100008,60.98738516763101,66.65742088382751,27.879560048491587,0.0,0,1,0,0,71.0,50.0,0.0
183,0,77.20000000000101,20.300000000000004,100.0,0.0,51.97569409171791,100.0,100.0,15.50845103287298,61.20185453712899,66.65742088382751,27.769879042665156,0.0,0,1,0,0,71.5,50.0,0.0
184,0,77.10000000000102,20.400000000000006,100.0,0.0,51.67723504287886,100.0,100.0,15.65197914398753,61.41632390662697,66.65742088382751,27.72719173789522,0.0,0,1,0,0,72.0,50.0,0.0
185,0,77.00000000000102,20.500000000000007,100.0,0.0,51.538488886575166,100.0,100.0,15.79551060739875,61.63079327612495,66.65742088382751,27.73627850023966,0.0,0,1,0,0,72.5,50.0,0.0
186,0,76.90000000000103,20.60000000000001,100.0,0.0,51.52316379929675,100.0,100.0,15.939042383361384,61.84526264562293,66.65742088382751,27.785374623191153,0.0,0,1,0,0,73.0,50.0,0.0
187,0,76.80000000000103,20.70000000000001,100.0,0.0,51.60321384043651,100.0,100.0,16.082574188464754,62.05973201512091,66.65742088382751,27.86538846494027,0.0,0,1,0,0,73.5,50.0,0.0
188,0,76.70000000000104,20.80000000000001,100.0,0.0,51.75696609754583,100.0,100.0,16.226105996285064,62.27420138461889,66.65742088382751,27.96929432577133,0.0,0,1,0,0,74.0,50.0,0.0
189,0,76.60000000000105,20.900000000000013,100.0,0.0,51.96767257419094,100.0,100.0,16.369637804358685,62.48867075411687,66.65742088382751,28.091663014104178,0.0,0,1,0,0,74.5,50.0,0.0
190,0,76.50000000000105,21.000000000000014,100.0,0.0,52.22239106640969,100.0,100.0,16.513169612455926,62.703140123614865,66.65742088382751,28.228299060644474,0.0,0,1,0,0,75.0,50.0,0.0
191,0,76.40000000000106,21.100000000000016,100.0,0.0,52.5111203400479,100.0,100.0,16.656701420555372,62.91760949311284,66.65742088382751,28.375960369152477,0.0,0,1,0,0,75.5,50.0,0.0
192,0,76.30000000000106,21.200000000000017,100.0,0.0,52.82613182860965,100.0,100.0,16.800233228655014,63.13207886261081,66.65742088382751,28.53214157319155,0.0,0,1,0,0,76.0,50.0,0.0
193,0,76.20000000000107,21.30000000000002,100.0,0.0,53.16145319517011,100.0,100.0,16.943765036754684,63.3465482321088,66.65742088382751,28.694906622591493,0.0,0,1,0,0,76.5,50.0,0.0
194,0,76.10000000000107,21.40000000000002,100.0,0.0,53.512469249013265,100.0,100.0,17.087296844854343,63.561017601606785,66.65742088382751,28.862759412748076,0.0,0,1,0,0,77.0,50.0,0.0
195,0,76.00000000000108,21.50000000000002,100.0,0.0,53.87561354946217,100.0,100.0,17.23082865295402,63.77548697110476,66.65742088382751,29.034543811954983,0.0,0,1,0,0,77.5,50.0,0.0
196,0,75.90000000000109,21.600000000000023,100.0,0.0,54.24813008926066,100.0,100.0,17.374360461053683,63.989956340602745,66.65742088382751,29.20936640639707,0.0,0,1,0,0,78.0,50.0,0.0
197,0,75.80000000000109,21.700000000000024,100.0,0.0,54.627889132718664,100.0,100.0,17.51789226915335,64.20442571010072,66.65742088382751,29.38653680047256,0.0,0,1,0,0,78.5,50.0,0.0
198,0,75.7000000000011,21.800000000000026,100.0,0.0,55.01324490256208,100.0,100.0,17.661424077253024,64.41889507959871,66.65742088382751,29.565521483193745,0.0,0,1,0,0,79.0,50.0,0.0
199,0,75.6000000000011,21.900000000000027,100.0,0.0,55.402925605840906,100.0,100.0,17.80495588535269,64.63336444909669,66.65742088382751,29.74590817792783,0.0,0,1,0,0,79.5,50.0,0.0
200,0,75.50000000000111,22.00000000000003,100.0,0.0,55.79594845020947,100.0,100.0,17.94848769345236,64.84783381859467,66.65742088382751,29.927378293257092,0.0,0,1,0,0,80.0,50.0,0.0
201,0,75.40000000000111,22.10000000000003,100.0,0.0,56.19155397179851,100.0,100.0,18.092019501552024,65.06230318809264,66.65742088382751,30.109685634070306,0.0,0,1,0,0,80.5,50.0,0.0
202,0,75.30000000000112,22.20000000000003,100.0,0.0,56.589155286337686,100.0,100.0,18.2355513096517,65.27677255759063,66.65742088382751,30.292639950318666,0.0,0,1,0,0,81.0,50.0,0.0
203,0,75.20000000000113,22.300000000000033,100.0,0.0,56.98829887238804,100.0,100.0,18.379083117751367,65.49124192708861,66.65742088382751,30.476094224131263,0.0,0,1,0,0,81.5,50.0,0.0
204,0,75.10000000000113,22.400000000000034,100.0,0.0,57.38863426614274,100.0,100.0,18.522614925851027,65.70571129658659,66.65742088382751,30.659934845790247,0.0,0,1,0,0,82.0,50.0,0.0
205,0,75.00000000000114,22.500000000000036,100.0,0.0,57.78989064274242,100.0,100.0,18.6661467339507,65.92018066608455,66.65742088382751,30.84407402210484,0.0,0,1,0,0,82.5,50.0,0.0
206,0,74.90000000000114,22.600000000000037,100.0,0.0,58.19185871922262,100.0,100.0,18.809678542050367,66.13465003558254,66.65742088382751,31.02844390989673,0.0,0,1,0,0,83.0,50.0,0.0
207,0,74.80000000000115,22.70000000000004,100.0,0.0,58.59437676981217,100.0,100.0,18.953210350150037,66.34911940508053,66.65742088382751,31.2129920825847,0.0,0,1,0,0,83.5,50.0,0.0
208,0,74.70000000000115,22.80000000000004,100.0,0.0,58.997319819097484,100.0,100.0,19.096742158249707,66.5635887745785,66.65742088382751,31.397678026936862,0.0,0,1,0,0,84.0,50.0,0.0
209,0,73.70000000000115,23.30000000000004,100.0,0.0,59.40059129091816,100.0,100.0,19.240273966349378,66.77805814407648,66.65742088382751,31.582470435896347,0.0,1,0,0,0,84.5,49.8,0.0
210,0,73.60000000000116,23.40000000000004,55.712005326574406,0.0,59.83550204596595,85.85786437626905,0.0,20.178802498607645,67.01957347669953,40.8149961236503,31.993775541630164,0.0,1,0,0,0,85.0,49.599999999999994,0.0
211,0,72.60000000000116,23.90000000000004,10.97766082318308,0.0,60.56301318948812,85.85786437626905,0.0,20.872683822388474,66.99495154563002,21.167835157590122,32.2836766006011,0.0,1,0,0,0,85.5,49.39999999999999,0.0
212,0,72.50000000000117,24.000000000000043,100.0,0.0,61.43433421727501,100.0,100.0,21.93584049471076,67.233632474755,66.78687151702871,32.83645265706104,0.0,1,0,0,0,66.0,49.19999999999999,0.0
213,0,72.40000000000117,24.100000000000044,100.0,0.0,60.7698145522586,100.0,100.0,18.055015697083114,60.318488155068174,66.83002172809577,32.675099622749585,0.0,0,1,0,0,66.5,49.999999999999986,0.0
214,0,72.30000000000118,24.200000000000045,100.0,0.0,58.915826965224255,100.0,100.0,17.586679387533625,60.53229258757866,66.65742088382751,32.12815722838496,0.0,0,1,0,0,67.0,50.0,0.0
215,0,72.20000000000118,24.300000000000047,100.0,0.0,57.3689203083312,100.0,100.0,17.666597452631933,60.74609702008913,66.65742088382751,31.680761141361536,0.0,0,1,0,0,67.5,50.0,0.0
216,0,72.10000000000119,24.40000000000005,100.0,0.0,56.24412767522443,100.0,100.0,17.80859710795728,60.95990145259962,66.65742088382751,31.370201595524623,0.0,0,1,0,0,68.0,50.0,0.0
217,0,72.0000000000012,24.50000000000005,100.0,0.0,55.466455804190105,100.0,100.0,17.957626572844283,61.1737058851101,66.65742088382751,31.172168053988525,0.0,0,1,0,0,68.5,50.0,0.0
218,0,71.9000000000012,24.60000000000005,100.0,0.0,54.95939513013318,100.0,100.0,18.107452058295397,61.387510317620574,66.65742088382751,31.06185844038209,0.0,0,1,0,0,69.0,50.0,0.0
219,0,71.8000000000012,24.700000000000053,100.0,0.0,54.66172064505062,100.0,100.0,18.257367681143958,61.60131475013106,66.65742088382751,31.019425467344178,0.0,0,1,0,0,69.5,50.0,0.0
220,0,71.70000000000121,24.800000000000054,100.0,0.0,54.52588208386044,100.0,100.0,18.407293510701734,61.815119182641546,66.65742088382751,31.029454783681334,0.0,0,1,0,0,70.0,50.0,0.0
221,0,71.60000000000122,24.900000000000055,100.0,0.0,54.51510749870844,100.0,100.0,18.557220496016328,62.02892361515202,66.65742088382751,31.080026041161776,0.0,0,1,0,0,70.5,50.0,0.0
222,0,71.50000000000122,25.000000000000057,100.0,0.0,54.60097790113814,100.0,100.0,18.707147612203066,62.242728047662496,66.65742088382751,31.161926667197825,0.0,0,1,0,0,71.0,50.0,0.0
223,0,71.40000000000123,25.10000000000006,100.0,0.0,54.76153185182092,100.0,100.0,18.85707474320912,62.45653248017298,66.65742088382751,31.268037430425768,0.0,0,1,0,0,71.5,50.0,0.0
224,0,71.30000000000123,25.20000000000006,100.0,0.0,54.979798361708895,100.0,100.0,19.007001875893224,62.67033691268345,66.65742088382751,31.392856851835266,0.0,0,1,0,0,72.0,50.0,0.0
225,0,71.20000000000124,25.30000000000006,100.0,0.0,55.24266290318304,100.0,100.0,19.156929008767353,62.88414134519395,66.65742088382751,31.53213360003821,0.0,0,1,0,0,72.5,50.0,0.0
226,0,71.10000000000124,25.400000000000063,100.0,0.0,55.53999107661563,100.0,100.0,19.306856141663,63.097945777704425,66.65742088382751,31.6825824105944,0.0,0,1,0,0,73.0,50.0,0.0
227,0,71.00000000000125,25.500000000000064,100.0,0.0,55.86395141033963,100.0,100.0,19.45678327456108,63.31175021021491,66.65742088382751,31.84166455833734,0.0,0,1,0,0,73.5,50.0,0.0
228,0,70.90000000000126,25.600000000000065,100.0,0.0,56.20849204629286,100.0,100.0,19.60671040745944,63.525554642725396,66.65742088382751,32.00741821476023,0.0,0,1,0,0,74.0,50.0,0.0
229,0,70.80000000000126,25.700000000000067,100.0,0.0,56.56893634290291,100.0,100.0,19.756637540357815,63.73935907523587,66.65742088382751,32.178327354758295,0.0,0,1,0,0,74.5,50.0,0.0
230,0,70.70000000000127,25.800000000000068,100.0,0.0,56.94167037265043,100.0,100.0,19.906564673256202,63.95316350774635,66.65742088382751,32.353220452833746,0.0,0,1,0,0,75.0,50.0,0.0
231,0,70.60000000000127,25.90000000000007,100.0,0.0,57.32390143228619,100.0,100.0,20.056491806154597,64.16696794025684,66.65742088382751,32.531192199445414,0.0,0,1,0,0,75.5,50.0,0.0
232,0,70.50000000000128,26.00000000000007,100.0,0.0,57.71347142887765,100.0,100.0,20.206418939052988,64.38077237276731,66.65742088382751,32.71154300643512,0.0,0,1,0,0,76.0,50.0,0.0
233,0,70.40000000000128,26.100000000000072,100.0,0.0,58.10871267177171,100.0,100.0,20.35634607195138,64.5945768052778,66.65742088382751,32.89373225916351,0.0,0,1,0,0,76.5,50.0,0.0
234,0,70.30000000000129,26.200000000000074,100.0,0.0,58.508336434207656,100.0,100.0,20.50627320484977,64.8083812377883,66.65742088382751,33.07734219157084,0.0,0,1,0,0,77.0,50.0,0.0
235,0,70.2000000000013,26.300000000000075,100.0,0.0,58.9113468380466,100.0,100.0,20.65620033774816,65.02218567029875,66.65742088382751,33.262049970222826,0.0,0,1,0,0,77.5,50.0,0.0
236,0,70.1000000000013,26.400000000000077,100.0,0.0,59.31697430722497,100.0,100.0,20.80612747064655,65.23599010280925,66.65742088382751,33.447606121942094,0.0,0,1,0,0,78.0,50.0,0.0
237,0,70.00000000000131,26.500000000000078,100.0,0.0,59.724624143160206,100.0,100.0,20.956054603544942,65.44979453531973,66.65742088382751,33.63381786351725,0.0,0,1,0,0,78.5,50.0,0.0
238,0,69.90000000000131,26.60000000000008,100.0,0.0,60.1338367858155,100.0,100.0,21.105981736443333,65.66359896783021,66.65742088382751,33.82053621954743,0.0,0,1,0,0,79.0,50.0,0.0
239,0,69.80000000000132,26.70000000000008,100.0,0.0,60.54425710498939,100.0,100.0,21.255908869341724,65.8774034003407,66.65742088382751,34.00764606761142,0.0,0,1,0,0,79.5,50.0,0.0
240,0,69.70000000000132,26.800000000000082,100.0,0.0,60.95561066981345,100.0,100.0,21.405836002240118,66.09120783285117,66.65742088382751,34.19505844555987,0.0,0,1,0,0,80.0,50.0,0.0
241,0,69.60000000000133,26.900000000000084,100.0,0.0,61.36768541073905,100.0,100.0,21.555763135138506,66.30501226536165,66.65742088382751,34.38270460688856,0.0,0,1,0,0,80.5,50.0,0.0
242,0,69.50000000000134,27.000000000000085,100.0,0.0,61.78031744863067,100.0,100.0,21.7056902680369,66.51881669787214,66.65742088382751,34.57053142696096,0.0,0,1,0,0,81.0,50.0,0.0
243,0,68.50000000000134,27.500000000000085,100.0,0.0,62.1933801440381,100.0,100.0,21.855617400935287,66.73262113038261,66.65742088382751,34.75849785311509,0.0,1,0,0,0,81.5,49.8,0.0
244,0,68.40000000000134,27.600000000000087,100.0,0.0,62.638097026837535,90.0,100.0,22.8664531124832,66.98771542760737,62.180935782799814,35.17298180752094,0.0,1,0,0,0,82.0,49.599999999999994,0.0
245,0,67.40000000000134,28.100000000000087,100.0,0.0,63.397652153040724,90.0,100.0,23.657832253689623,66.97185582513903,62.22408599386688,35.473270552066936,0.0,1,0,0,0,82.5,49.39999999999999,0.0
246,0,67.30000000000135,28.200000000000088,100.0,0.0,64.32670175869492,100.0,100.0,24.657685922030453,67.22453769602491,66.78687151702871,36.04476045947198,0.0,1,0,0,0,63.0,49.19999999999999,0.0
247,0,67.20000000000135,28.30000000000009,100.0,0.0,63.67860806587842,100.0,100.0,20.648634255303904,60.34924118209721,66.83002172809577,35.88873222626829,0.0,0,1,0,0,63.5,49.999999999999986,0.0
248,0,67.10000000000136,28.40000000000009,100.0,0.0,61.79576587758113,100.0,100.0,20.088225407584996,60.562355315084545,66.65742088382751,35.33243604687961,0.0,0,1,0,0,64.0,50.0,0.0
249,0,67.00000000000136,28.500000000000092,100.0,0.0,60.195681829947716,100.0,100.0,20.14869023448464,60.77546944807188,66.65742088382751,34.86780146549639,0.0,0,1,0,0,64.5,50.0,0.0
250,0,66.90000000000137,28.600000000000094,100.0,0.0,59.023395694273155,100.0,100.0,20.291877172345696,60.98858358105921,66.65742088382751,34.54184596914848,0.0,0,1,0,0,65.0,50.0,0.0
251,0,66.80000000000138,28.700000000000095,100.0,0.0,58.209580424314765,100.0,100.0,20.44608559158316,61.201697714046546,66.65742088382751,34.33209583584619,0.0,0,1,0,0,65.5,50.0,0.0
252,0,66.70000000000138,28.800000000000097,100.0,0.0,57.67649284427638,100.0,100.0,20.601762458014715,61.414811847033874,66.65742088382751,34.21334909011051,0.0,0,1,0,0,66.0,50.0,0.0
253,0,66.60000000000139,28.900000000000098,100.0,0.0,57.36083575883952,100.0,100.0,20.757634973024555,61.62792598002122,66.65742088382751,34.16508670441308,0.0,0,1,0,0,66.5,50.0,0.0
254,0,66.50000000000139,29.0000000000001,100.0,0.0,57.21326649247829,100.0,100.0,20.9135335552749,61.841040113008546,66.65742088382751,34.171313282554316,0.0,0,1,0,0,67.0,50.0,0.0
255,0,66.4000000000014,29.1000000000001,100.0,0.0,57.19559777117303,100.0,100.0,21.069435610594315,62.05415424599588,66.65742088382751,34.21964967056224,0.0,0,1,0,0,67.5,50.0,0.0
256,0,66.3000000000014,29.200000000000102,100.0,0.0,57.27831233186007,100.0,100.0,21.225338128648144,62.26726837898321,66.65742088382751,34.30052726859102,0.0,0,1,0,0,68.0,50.0,0.0
257,0,66.20000000000141,29.300000000000104,100.0,0.0,57.43859936183637,100.0,100.0,21.381240708354387,62.480382511970554,66.65742088382751,34.406551504235914,0.0,0,1,0,0,68.5,50.0,0.0
258,0,66.10000000000142,29.400000000000105,100.0,0.0,57.65883141311763,100.0,100.0,21.53714329627489,62.69349664495788,66.65742088382751,34.532008094444976,0.0,0,1,0,0,69.0,50.0,0.0
259,0,66.00000000000142,29.500000000000107,100.0,0.0,57.92538665845416,100.0,100.0,21.69304588528982,62.90661077794521,66.65742088382751,34.672481256703406,0.0,0,1,0,0,69.5,50.0,0.0
260,0,65.90000000000143,29.600000000000108,100.0,0.0,58.22773867480876,100.0,100.0,21.848948474450577,63.11972491093253,66.65742088382751,34.82455864449269,0.0,0,1,0,0,70.0,50.0,0.0
261,0,65.80000000000143,29.70000000000011,100.0,0.0,58.55775304974042,100.0,100.0,22.004851063630742,63.332839043919876,66.65742088382751,34.98560332845186,0.0,0,1,0,0,70.5,50.0,0.0
262,0,65.70000000000144,29.80000000000011,100.0,0.0,58.909143824251075,100.0,100.0,22.16075365281351,63.545953176907204,66.65742088382751,35.1535775916635,0.0,0,1,0,0,71.0,50.0,0.0
263,0,65.60000000000144,29.900000000000112,100.0,0.0,59.27705345262493,100.0,100.0,22.31665624199662,63.75906730989453,66.65742088382751,35.32690676539606,0.0,0,1,0,0,71.5,50.0,0.0
264,0,65.50000000000145,30.000000000000114,100.0,0.0,59.65772821162487,100.0,100.0,22.472558831179782,63.972181442881876,66.65742088382751,35.50437400662756,0.0,0,1,0,0,72.0,50.0,0.0
265,0,65.40000000000146,30.100000000000115,100.0,0.0,60.048267369284034,100.0,100.0,22.628461420362935,64.18529557586922,66.65742088382751,35.68503898618886,0.0,0,1,0,0,72.5,50.0,0.0
266,0,65.30000000000146,30.200000000000117,100.0,0.0,60.4464293522599,100.0,100.0,22.784364009546103,64.39840970885653,66.65742088382751,35.86817505410929,0.0,0,1,0,0,73.0,50.0,0.0
267,0,65.20000000000147,30.300000000000118,100.0,0.0,60.85048195947113,100.0,100.0,22.940266598729266,64.61152384184388,66.65742088382751,36.05322068342873,0.0,0,1,0,0,73.5,50.0,0.0
268,0,65.10000000000147,30.40000000000012,100.0,0.0,61.25908661299596,100.0,100.0,23.09616918791243,64.8246379748312,66.65742088382751,36.23974194785568,0.0,0,1,0,0,74.0,50.0,0.0
269,0,65.00000000000148,30.50000000000012,100.0,0.0,61.67120891164859,100.0,100.0,23.252071777095594,65.03775210781853,66.65742088382751,36.42740352595448,0.0,0,1,0,0,74.5,50.0,0.0
270,0,64.90000000000148,30.600000000000122,100.0,0.0,62.08604951024647,100.0,100.0,23.407974366278754,65.25086624080588,66.65742088382751,36.615946294303924,0.0,0,1,0,0,75.0,50.0,0.0
271,0,64.80000000000149,30.700000000000124,100.0,0.0,62.50299070578463,100.0,100.0,23.56387695546192,65.4639803737932,66.65742088382751,36.805170012357806,0.0,0,1,0,0,75.5,50.0,0.0
272,0,64.7000000000015,30.800000000000125,100.0,0.0,62.921555161299366,100.0,100.0,23.719779544645082,65.67709450678053,66.65742088382751,36.99491994197568,0.0,0,1,0,0,76.0,50.0,0.0
273,0,64.6000000000015,30.900000000000126,100.0,0.0,63.341374009268485,100.0,100.0,23.875682133828246,65.89020863976788,66.65742088382751,37.18507650751437,0.0,0,1,0,0,76.5,50.0,0.0
274,0,64.5000000000015,31.000000000000128,100.0,0.0,63.76216220315403,100.0,100.0,24.03158472301141,66.1033227727552,66.65742088382751,37.375547305546974,0.0,0,1,0,0,77.0,50.0,0.0
275,0,64.40000000000151,31.10000000000013,100.0,0.0,64.18369947002898,100.0,100.0,24.18748731219457,66.31643690574253,66.65742088382751,37.566260930283256,0.0,0,1,0,0,77.5,50.0,0.0
276,0,64.30000000000152,31.20000000000013,100.0,0.0,64.60581559150472,100.0,100.0,24.343389901377737,66.52955103872989,66.65742088382751,37.75716220209344,0.0,0,1,0,0,78.0,50.0,0.0
277,0,63.30000000000152,31.70000000000013,100.0,0.0,65.02837902940165,100.0,100.0,24.499292490560897,66.7426651717172,66.65742088382751,37.94820848029632,0.0,1,0,0,0,78.5,49.8,0.0
278,0,62.30000000000152,32.20000000000013,100.0,0.0,65.4825362149316,90.0,100.0,25.580034230082866,67.01239550291402,62.180935782799814,38.36575269401746,0.0,1,0,0,0,79.0,49.599999999999994,0.0
279,0,62.200000000001516,32.30000000000013,58.08750339607963,0.0,66.27304391165049,75.85786437626905,0.0,26.52137031098746,67.28250943460158,37.38411248853158,38.8923315239415,0.0,1,0,0,0,79.5,49.39999999999999,0.0
280,0,61.200000000001516,32.80000000000013,15.726452632185065,0.0,67.27666368081739,75.85786437626905,0.0,27.096184410175763,67.27398487994171,18.78158272840929,39.27173861018461,0.0,1,0,0,0,80.0,49.19999999999999,0.0
281,0,60.200000000001516,33.30000000000013,0.0,0.0,68.3216113356692,85.85786437626905,0.0,27.97968086699016,67.54213406096937,16.422198060464364,39.880799143744674,0.0,1,0,0,0,80.5,48.999999999999986,0.0
282,0,60.100000000001515,33.400000000000134,100.0,0.0,69.50275679086543,100.0,100.0,28.92302024344524,67.81064670114735,66.87317193916283,40.53401086600293,0.0,1,0,0,0,61.0,48.79999999999998,0.0
283,0,60.00000000000151,33.500000000000135,100.0,0.0,69.01505806289984,100.0,100.0,24.82369767775937,61.03362308245114,66.91632215022989,40.429977807034525,0.0,0,1,0,0,61.5,49.59999999999998,0.0
284,0,59.90000000000151,33.600000000000136,100.0,0.0,67.2294271147903,100.0,100.0,24.09411390492324,61.24527449422698,66.74372130596164,39.90519455809156,0.0,0,1,0,0,62.0,50.0,0.0
285,0,59.80000000000151,33.70000000000014,100.0,0.0,65.61225472789877,100.0,100.0,24.025416414748687,61.45692590600283,66.65742088382751,39.43502045632538,0.0,0,1,0,0,62.5,50.0,0.0
286,0,59.70000000000151,33.80000000000014,100.0,0.0,64.3835704613356,100.0,100.0,24.148337112425786,61.668577317778656,66.65742088382751,39.09078239951914,0.0,0,1,0,0,63.0,50.0,0.0
287,0,59.60000000000151,33.90000000000014,100.0,0.0,63.51968829140628,100.0,100.0,24.30445278901217,61.880228729554496,66.65742088382751,38.86480209845673,0.0,0,1,0,0,63.5,50.0,0.0
288,0,59.500000000001506,34.00000000000014,100.0,0.0,62.94890091515906,100.0,100.0,24.46631899814009,62.091880141330336,66.65742088382751,38.73383422424401,0.0,0,1,0,0,64.0,50.0,0.0
289,0,59.400000000001505,34.10000000000014,100.0,0.0,62.60654432169772,100.0,100.0,24.629181400836952,62.30353155310617,66.65742088382751,38.67691666927103,0.0,0,1,0,0,64.5,50.0,0.0
290,0,59.3000000000015,34.200000000000145,100.0,0.0,62.44104600373008,100.0,100.0,24.792216379137848,62.51518296488202,66.65742088382751,38.67733119362981,0.0,0,1,0,0,65.0,50.0,0.0
291,0,59.2000000000015,34.300000000000146,100.0,0.0,62.41227508715757,100.0,100.0,24.955281253575425,62.726834376657855,66.65742088382751,38.72206858725627,0.0,0,1,0,0,65.5,50.0,0.0
292,0,59.1000000000015,34.40000000000015,100.0,0.0,62.4891718898904,100.0,100.0,25.118351307070572,62.938485788433695,66.65742088382751,38.80106024492046,0.0,0,1,0,0,66.0,50.0,0.0
293,0,59.0000000000015,34.50000000000015,100.0,0.0,62.64772636029378,100.0,100.0,25.28142225775983,63.15013720020952,66.65742088382751,38.906522837393126,0.0,0,1,0,0,66.5,50.0,0.0
294,0,58.9000000000015,34.60000000000015,100.0,0.0,62.86938301678192,100.0,100.0,25.444493363874503,63.36178861198536,66.65742088382751,39.0324412413257,0.0,0,1,0,0,67.0,50.0,0.0
295,0,58.800000000001496,34.70000000000015,100.0,0.0,63.13980265164021,100.0,100.0,25.60756449691431,63.5734400237612,66.65742088382751,39.17416712125319,0.0,0,1,0,0,67.5,50.0,0.0
296,0,58.700000000001495,34.80000000000015,100.0,0.0,63.447904437069724,100.0,100.0,25.770635634618483,63.78509143553704,66.65742088382751,39.32810840947813,0.0,0,1,0,0,68.0,50.0,0.0
297,0,58.600000000001494,34.900000000000155,100.0,0.0,63.78512553091288,100.0,100.0,25.9337067731307,63.996742847312866,66.65742088382751,39.49148929274265,0.0,0,1,0,0,68.5,50.0,0.0
298,0,58.50000000000149,35.000000000000156,100.0,0.0,64.1448488990189,100.0,100.0,26.09677791178289,64.2083942590887,66.65742088382751,39.66216472962409,0.0,0,1,0,0,69.0,50.0,0.0
299,0,58.40000000000149,35.10000000000016,100.0,0.0,64.52196115339423,100.0,100.0,26.259849050459334,64.42004567086454,66.65742088382751,39.83847711509784,0.0,0,1,0,0,69.5,50.0,0.0
300,0,58.30000000000149,35.20000000000016,100.0,0.0,64.91251086575795,100.0,100.0,26.422920189139976,64.63169708264039,66.65742088382751,40.01914551617367,0.0,0,1,0,0,70.0,50.0,0.0
301,0,58.20000000000149,35.30000000000016,100.0,0.0,65.31344452533415,100.0,100.0,26.585991327821336,64.84334849441622,66.65742088382751,40.203180077434546,0.0,0,1,0,0,70.5,50.0,0.0
302,0,58.10000000000149,35.40000000000016,100.0,0.0,65.72240249723141,100.0,100.0,26.74906246650283,65.05499990619207,66.65742088382751,40.38981587694276,0.0,0,1,0,0,71.0,50.0,0.0
303,0,58.000000000001485,35.50000000000016,100.0,0.0,66.13756134697476,100.0,100.0,26.912133605184348,65.2666513179679,66.65742088382751,40.578461812643965,0.0,0,1,0,0,71.5,50.0,0.0
304,0,57.900000000001484,35.600000000000165,100.0,0.0,66.55751199500853,100.0,100.0,27.075204743865875,65.47830272974373,66.65742088382751,40.76866110375905,0.0,0,1,0,0,72.0,50.0,0.0
305,0,57.80000000000148,35.700000000000166,100.0,0.0,66.98116555921412,100.0,100.0,27.238275882547395,65.68995414151958,66.65742088382751,40.96006076778928,0.0,0,1,0,0,72.5,50.0,0.0
306,0,57.70000000000148,35.80000000000017,100.0,0.0,67.4076805936538,100.0,100.0,27.401347021228922,65.90160555329541,66.65742088382751,41.152388033527764,0.0,0,1,0,0,73.0,50.0,0.0
307,0,57.60000000000148,35.90000000000017,100.0,0.0,67.83640686148914,100.0,100.0,27.56441815991044,66.11325696507126,66.65742088382751,41.345432113947986,0.0,0,1,0,0,73.5,50.0,0.0
308,0,57.50000000000148,36.00000000000017,100.0,0.0,68.26684188486973,100.0,100.0,27.72748929859197,66.32490837684709,66.65742088382751,41.539030120997914,0.0,0,1,0,0,74.0,50.0,0.0
309,0,57.40000000000148,36.10000000000017,100.0,0.0,68.69859736836963,100.0,100.0,27.890560437273486,66.53655978862294,66.65742088382751,41.733056181098235,0.0,0,1,0,0,74.5,50.0,0.0
310,0,56.40000000000148,36.60000000000017,100.0,0.0,69.13137325231918,100.0,100.0,28.053631575955013,66.74821120039877,66.65742088382751,41.92741302402095,0.0,1,0,0,0,75.0,49.8,0.0
311,0,55.40000000000148,37.10000000000017,100.0,0.0,69.59647661918724,90.0,100.0,29.198722835569193,67.03631023772407,62.180935782799814,42.34850565714799,0.0,1,0,0,0,75.5,49.599999999999994,0.0
312,0,54.40000000000148,37.60000000000017,59.59903951629748,0.0,70.41780772458485,80.0,0.0,30.188148590934503,67.32517997109213,39.92152589299788,42.885076499640924,0.0,1,0,0,0,76.0,49.39999999999999,0.0
313,0,54.300000000001475,37.70000000000017,18.74530237416964,0.0,71.46216744821743,70.0,0.0,31.158081056379704,67.61484402477848,17.46282140310499,43.49394644376315,0.0,1,0,0,0,76.5,49.19999999999999,0.0
314,0,53.300000000001475,38.20000000000017,0.0,0.0,72.6725398206086,70.0,0.0,31.78860027666675,67.82934590629289,9.255021679524846,43.940376442092294,0.0,1,0,0,0,77.0,48.999999999999986,0.0
315,0,52.300000000001475,38.70000000000017,0.0,0.0,73.89703480406908,80.0,0.0,32.69651496747332,68.33444171727113,13.817807202686673,44.60764076430101,0.0,1,0,0,0,77.5,48.79999999999998,0.0
316,0,51.300000000001475,39.20000000000017,100.0,0.0,75.22621483041853,90.0,100.0,33.66749872861969,68.83970125931458,62.39668683813513,45.30884079671046,0.0,1,0,0,0,78.0,48.59999999999998,0.0
317,0,51.200000000001474,39.300000000000175,100.0,0.0,76.65782985750917,100.0,100.0,34.65614600731287,69.34513255241328,66.95947236129695,46.043247144020654,0.0,1,0,0,0,58.5,48.39999999999998,0.0
318,0,51.10000000000147,39.400000000000176,100.0,0.0,76.35112946507013,100.0,100.0,30.44548367931314,62.40119377308324,67.00262257236402,45.99788824605693,0.0,0,1,0,0,59.0,49.199999999999974,0.0
319,0,51.00000000000147,39.50000000000018,100.0,0.0,74.67442063417464,100.0,100.0,29.455891567163746,62.61217457362136,66.83002172809577,45.508414238073534,0.0,0,1,0,0,59.5,49.99999999999997,0.0
320,0,50.90000000000147,39.60000000000018,100.0,0.0,73.02482877984694,100.0,100.0,29.217565802727652,62.82315537415948,66.65742088382753,45.02773072998324,0.0,0,1,0,0,60.0,50.0,0.0
321,0,50.80000000000147,39.70000000000018,100.0,0.0,71.71452986044443,100.0,100.0,29.29599951852537,63.03413617469759,66.65742088382751,44.657035682469854,0.0,0,1,0,0,60.5,50.0,0.0
322,0,50.70000000000147,39.80000000000018,100.0,0.0,70.77320139889406,100.0,100.0,29.448312635227744,63.24511697523571,66.65742088382751,44.40594964675761,0.0,0,1,0,0,61.0,50.0,0.0
323,0,50.600000000001465,39.90000000000018,100.0,0.0,70.14190339167598,100.0,100.0,29.617857014823965,63.45609777577383,66.65742088382751,44.25536606451228,0.0,0,1,0,0,61.5,50.0,0.0
324,0,50.500000000001464,40.000000000000185,100.0,0.0,69.75599348604428,100.0,100.0,29.79142032821339,63.66707857631194,66.65742088382751,44.18432984903817,0.0,0,1,0,0,62.0,50.0,0.0
325,0,50.40000000000146,40.100000000000186,100.0,0.0,69.56106476567105,100.0,100.0,29.96592099767089,63.87805937685007,66.65742088382751,44.17520393113733,0.0,0,1,0,0,62.5,50.0,0.0
326,0,50.30000000000146,40.20000000000019,100.0,0.0,69.51403488811418,100.0,100.0,30.140640291381377,64.08904017738817,66.65742088382751,44.21402232438482,0.0,0,1,0,0,63.0,50.0,0.0
327,0,50.20000000000146,40.30000000000019,100.0,0.0,69.5813692065066,100.0,100.0,30.315410575921952,64.30002097792628,66.65742088382751,44.28991411516812,0.0,0,1,0,0,63.5,50.0,0.0
328,0,50.10000000000146,40.40000000000019,100.0,0.0,69.73709693589323,100.0,100.0,30.490192753309355,64.5110017784644,66.65742088382751,44.39446036408962,0.0,0,1,0,0,64.0,50.0,0.0
329,0,50.00000000000146,40.50000000000019,100.0,0.0,69.96113567956401,100.0,100.0,30.664977704525008,64.72198257900253,66.65742088382751,44.52115096831051,0.0,0,1,0,0,64.5,50.0,0.0
330,0,49.900000000001455,40.60000000000019,100.0,0.0,70.2379634649926,100.0,100.0,30.839763302694543,64.93296337954062,66.65742088382751,44.664954175950484,0.0,0,1,0,0,65.0,50.0,0.0
331,0,49.800000000001454,40.700000000000195,100.0,0.0,70.55558479589062,100.0,100.0,31.014549051756358,65.14394418007875,66.65742088382751,44.82198141157869,0.0,0,1,0,0,65.5,50.0,0.0
332,0,49.70000000000145,40.800000000000196,100.0,0.0,70.90472984999353,100.0,100.0,31.18933483601154,65.35492498061686,66.65742088382751,44.98922768046711,0.0,0,1,0,0,66.0,50.0,0.0
333,0,49.60000000000145,40.9000000000002,100.0,0.0,71.27823522859788,100.0,100.0,31.36412062847505,65.56590578115498,66.65742088382751,45.164370826405616,0.0,0,1,0,0,66.5,50.0,0.0
334,0,49.50000000000145,41.0000000000002,100.0,0.0,71.67056532546866,100.0,100.0,31.538906422853014,65.7768865816931,66.65742088382751,45.34561637404422,0.0,0,1,0,0,67.0,50.0,0.0
335,0,49.40000000000145,41.1000000000002,100.0,0.0,72.07744243633442,100.0,100.0,31.713692217677522,65.98786738223122,66.65742088382751,45.53157762162999,0.0,0,1,0,0,67.5,50.0,0.0
336,0,49.30000000000145,41.2000000000002,100.0,0.0,72.49556091647966,100.0,100.0,31.888478012606154,66.19884818276934,66.65742088382751,45.72118297958339,0.0,0,1,0,0,68.0,50.0,0.0
337,0,49.200000000001445,41.3000000000002,100.0,0.0,72.92236629155332,100.0,100.0,32.063263807559096,66.40982898330745,66.65742088382751,45.913604364933825,0.0,0,1,0,0,68.5,50.0,0.0
338,0,49.100000000001444,41.400000000000205,100.0,0.0,73.35588456266377,100.0,100.0,32.23804960251769,66.62080978384556,66.65742088382751,46.10820186721774,0.0,0,1,0,0,69.0,50.0,0.0
339,0,48.100000000001444,41.900000000000205,100.0,0.0,73.79459029989806,100.0,100.0,32.41283539747761,66.83179058438368,66.65742088382751,46.30448098840534,0.0,1,0,0,0,69.5,49.8,0.0
340,0,47.100000000001444,42.400000000000205,100.0,0.0,74.26939064674328,90.0,100.0,33.626209537072214,67.33328294965833,62.180935782799814,46.72871708781224,0.0,1,0,0,0,70.0,49.599999999999994,0.0
341,0,47.00000000000144,42.500000000000206,61.971076713130806,0.0,75.12246930669053,75.85786437626905,0.0,34.646694425106176,67.8348248572276,39.09350977468447,47.27557952288657,0.0,1,0,0,0,70.5,49.39999999999999,0.0
342,0,46.00000000000144,43.000000000000206,23.48157138652283,0.0,76.20314469752401,75.85786437626905,0.0,35.35891255884053,68.04694948405938,22.195083097838193,47.67996570045018,0.0,1,0,0,0,71.0,49.19999999999999,0.0
343,0,45.00000000000144,43.500000000000206,0.0,0.0,77.35610109819392,85.85786437626905,0.0,36.40587831714277,68.5487789704804,16.422198060464364,48.32403938771471,0.0,1,0,0,0,71.5,48.999999999999986,0.0
344,0,44.90000000000144,43.60000000000021,100.0,0.0,78.67809329215743,100.0,100.0,37.56959347700549,69.05067237343334,66.87317193916283,49.02290934325657,0.0,1,0,0,0,52.0,48.79999999999998,0.0
345,0,44.80000000000144,43.70000000000021,100.0,0.0,78.32348880445477,100.0,100.0,33.54134177299956,62.07786823420951,66.91632215022989,48.96202139310513,0.0,0,1,0,0,52.5,49.59999999999998,0.0
346,0,44.70000000000144,43.80000000000021,100.0,0.0,76.6765368341751,100.0,100.0,32.44709882690824,62.28960313149111,66.74372130596164,48.48219365521415,0.0,0,1,0,0,53.0,50.0,0.0
347,0,44.60000000000144,43.90000000000021,100.0,0.0,75.05009868947998,100.0,100.0,32.217085280479296,62.50133802877268,66.65742088382751,48.00901587629471,0.0,0,1,0,0,53.5,50.0,0.0
348,0,44.500000000001435,44.00000000000021,100.0,0.0,73.76099061886654,100.0,100.0,32.28576494767974,62.71307292605429,66.65742088382751,47.645190258105394,0.0,0,1,0,0,54.0,50.0,0.0
349,0,44.400000000001434,44.100000000000215,100.0,0.0,72.83324613632004,100.0,100.0,32.436058058437055,62.92480782333586,66.65742088382751,47.39850773565663,0.0,0,1,0,0,54.5,50.0,0.0
350,0,44.30000000000143,44.200000000000216,100.0,0.0,72.2122609202772,100.0,100.0,32.608650819354736,63.13654272061746,66.65742088382751,47.25126724697105,0.0,0,1,0,0,55.0,50.0,0.0
351,0,44.20000000000143,44.30000000000022,100.0,0.0,71.83584448619905,100.0,100.0,32.78733662543266,63.348277617899036,66.65742088382751,47.18330852652917,0.0,0,1,0,0,55.5,50.0,0.0
352,0,44.10000000000143,44.40000000000022,100.0,0.0,71.65047527133358,100.0,100.0,32.96768726477289,63.560012515180624,66.65742088382751,47.17728150986218,0.0,0,1,0,0,56.0,50.0,0.0
353,0,44.00000000000143,44.50000000000022,100.0,0.0,71.61330115664342,100.0,100.0,33.14849279484811,63.77174741246221,66.65742088382751,47.219294841977934,0.0,0,1,0,0,56.5,50.0,0.0
354,0,43.90000000000143,44.60000000000022,100.0,0.0,71.69079981835179,100.0,100.0,33.32942261699837,63.983482309743806,66.65742088382751,47.29848160403537,0.0,0,1,0,0,57.0,50.0,0.0
355,0,43.800000000001425,44.70000000000022,100.0,0.0,71.85695505955509,100.0,100.0,33.51038640009514,64.1952172070254,66.65742088382751,47.40640813546294,0.0,0,1,0,0,57.5,50.0,0.0
356,0,43.700000000001424,44.800000000000225,100.0,0.0,72.09163212051408,100.0,100.0,33.69135946251153,64.406952104307,66.65742088382751,47.536547358918774,0.0,0,1,0,0,58.0,50.0,0.0
357,0,43.60000000000142,44.900000000000226,100.0,0.0,72.37926331850471,100.0,100.0,33.87233506036289,64.61868700158858,66.65742088382751,47.68385270466528,0.0,0,1,0,0,58.5,50.0,0.0
358,0,43.50000000000142,45.00000000000023,100.0,0.0,72.70781627779701,100.0,100.0,34.05331135098387,64.83042189887017,66.65742088382751,47.84442364207716,0.0,0,1,0,0,59.0,50.0,0.0
359,0,43.40000000000142,45.10000000000023,100.0,0.0,73.06799222318871,100.0,100.0,34.23428783089376,65.04215679615176,66.65742088382751,48.01524579076371,0.0,0,1,0,0,59.5,50.0,0.0
360,0,43.30000000000142,45.20000000000023,100.0,0.0,73.45260525154792,100.0,100.0,34.41526436252401,65.25389169343335,66.65742088382751,48.19398969926283,0.0,0,1,0,0,60.0,50.0,0.0
361,0,43.20000000000142,45.30000000000023,100.0,0.0,73.85610232881162,100.0,100.0,34.59624090828608,65.46562659071493,66.65742088382751,48.37885524265225,0.0,0,1,0,0,60.5,50.0,0.0
362,0,43.100000000001415,45.40000000000023,100.0,0.0,74.27419227260836,100.0,100.0,34.77721745790945,65.67736148799652,66.65742088382751,48.56845134998849,0.0,0,1,0,0,61.0,50.0,0.0
363,0,43.000000000001414,45.500000000000234,100.0,0.0,74.70355901990168,100.0,100.0,34.95819400858787,65.88909638527811,66.65742088382751,48.76170305438896,0.0,0,1,0,0,61.5,50.0,0.0
364,0,42.90000000000141,45.600000000000236,100.0,0.0,75.1416400446348,100.0,100.0,35.13917055955454,66.1008312825597,66.65742088382751,48.95777966276466,0.0,0,1,0,0,62.0,50.0,0.0
365,0,42.80000000000141,45.70000000000024,100.0,0.0,75.58645512563822,100.0,100.0,35.320147110600004,66.31256617984128,66.65742088382751,49.156039247578626,0.0,0,1,0,0,62.5,50.0,0.0
366,0,42.70000000000141,45.80000000000024,100.0,0.0,76.0364740245992,100.0,100.0,35.50112366166697,66.52430107712287,66.65742088382751,49.35598575206393,0.0,0,1,0,0,63.0,50.0,0.0
367,0,41.70000000000141,46.30000000000024,100.0,0.0,76.4905142325839,100.0,100.0,35.68210021273983,66.73603597440446,66.65742088382751,49.55723584275306,0.0,1,0,0,0,63.5,49.8,0.0
368,0,40.70000000000141,46.80000000000024,100.0,0.0,76.97961943446307,90.0,100.0,36.95291623802635,67.2336308088118,62.180935782799814,49.98610914152961,0.0,1,0,0,0,64.0,49.599999999999994,0.0
369,0,39.70000000000141,47.30000000000024,64.80752841610416,0.0,77.86128297686287,80.0,0.0,38.25953350972583,67.73114012030648,42.214099268964794,50.54223792698468,0.0,1,0,0,0,64.5,49.39999999999999,0.0
370,0,39.60000000000141,47.40000000000024,29.392320823678617,0.0,79.02050655033115,70.0,0.0,39.513563377255,68.22855926478347,22.149223063993382,51.188343241251445,0.0,1,0,0,0,65.0,49.19999999999999,0.0
371,0,38.60000000000141,47.90000000000024,0.0,0.0,80.37589072448434,70.0,0.0,40.40334319890228,68.43738456212625,9.255021679524846,51.681781659737666,0.0,1,0,0,0,65.5,48.999999999999986,0.0
372,0,37.60000000000141,48.40000000000024,0.0,0.0,81.75944664250032,80.0,0.0,41.550726671273026,68.93482404106085,13.817807202686673,52.40060870409247,0.0,1,0,0,0,66.0,48.79999999999998,0.0
373,0,36.60000000000141,48.90000000000024,100.0,0.0,83.25095451972678,90.0,100.0,42.80040976085746,69.43216550232304,62.39668683813513,53.15443049365893,0.0,1,0,0,0,66.5,48.59999999999998,0.0
374,0,36.50000000000141,49.00000000000024,100.0,0.0,84.85968326203232,100.0,100.0,44.1067535817115,69.92940320785749,66.95947236129695,53.94625172609734,0.0,1,0,0,0,47.0,48.39999999999998,0.0
375,0,36.400000000001405,49.10000000000024,100.0,0.0,84.8104725170363,100.0,100.0,40.30609212657531,62.90334683001621,67.00262257236402,53.98436314838356,0.0,0,1,0,0,47.5,49.199999999999974,0.0
376,0,36.300000000001404,49.200000000000244,100.0,0.0,83.47221035610812,100.0,100.0,39.040053909249856,63.116429375633466,66.83002172809577,53.604603267590264,0.0,0,1,0,0,48.0,49.99999999999997,0.0
377,0,36.2000000000014,49.300000000000246,100.0,0.0,81.99222782587643,100.0,100.0,38.61864089484085,63.32951192125071,66.65742088382753,53.178901949037524,0.0,0,1,0,0,48.5,50.0,0.0
378,0,36.1000000000014,49.40000000000025,100.0,0.0,80.75095262141772,100.0,100.0,38.606175482954896,63.542594466867975,66.65742088382751,52.83058229272302,0.0,0,1,0,0,49.0,50.0,0.0
379,0,36.0000000000014,49.50000000000025,100.0,0.0,79.83199535982013,100.0,100.0,38.72998572995607,63.75567701248523,66.65742088382751,52.58674832031887,0.0,0,1,0,0,49.5,50.0,0.0
380,0,35.9000000000014,49.60000000000025,100.0,0.0,79.20805075784313,100.0,100.0,38.89920779766615,63.96875955810248,66.65742088382751,52.4385484886301,0.0,0,1,0,0,50.0,50.0,0.0
381,0,35.8000000000014,49.70000000000025,100.0,0.0,78.82738861046397,100.0,100.0,39.08356267395658,64.18184210371972,66.65742088382751,52.369213436935894,0.0,0,1,0,0,50.5,50.0,0.0
382,0,35.700000000001396,49.80000000000025,100.0,0.0,78.63982691676188,100.0,100.0,39.27296033188301,64.39492464933699,66.65742088382751,52.362475685245386,0.0,0,1,0,0,51.0,50.0,0.0
383,0,35.600000000001394,49.900000000000254,100.0,0.0,78.60318567260494,100.0,100.0,39.464038421204165,64.60800719495424,66.65742088382751,52.404661757797506,0.0,0,1,0,0,51.5,50.0,0.0
384,0,35.50000000000139,50.000000000000256,100.0,0.0,78.68373637285579,100.0,100.0,39.65567648909986,64.82108974057148,66.65742088382751,52.48483789801865,0.0,0,1,0,0,52.0,50.0,0.0
385,0,35.40000000000139,50.10000000000026,100.0,0.0,78.85503723580379,100.0,100.0,39.847501161462105,65.03417228618873,66.65742088382751,52.59443248367355,0.0,0,1,0,0,52.5,50.0,0.0
386,0,35.30000000000139,50.20000000000026,100.0,0.0,79.09652921389605,100.0,100.0,40.03938801696583,65.24725483180599,66.65742088382751,52.726780896202555,0.0,0,1,0,0,53.0,50.0,0.0
387,0,35.20000000000139,50.30000000000026,100.0,0.0,79.39228312946844,100.0,100.0,40.23129559406941,65.46033737742324,66.65742088382751,52.876719380192036,0.0,0,1,0,0,53.5,50.0,0.0
388,0,35.10000000000139,50.40000000000026,100.0,0.0,79.72997555435272,100.0,100.0,40.42321007633555,65.6734199230405,66.65742088382751,53.04025305465937,0.0,0,1,0,0,54.0,50.0,0.0
389,0,35.000000000001386,50.50000000000026,100.0,0.0,80.10007876299463,100.0,100.0,40.6151268596436,65.88650246865774,66.65742088382751,53.21429332046608,0.0,0,1,0,0,54.5,50.0,0.0
390,0,34.900000000001384,50.600000000000264,100.0,0.0,80.49522854599059,100.0,100.0,40.80704440973939,66.099585014275,66.65742088382751,53.396452924674364,0.0,0,1,0,0,55.0,50.0,0.0
391,0,34.80000000000138,50.700000000000266,100.0,0.0,80.90973361027956,100.0,100.0,40.99896221535569,66.31266755989225,66.65742088382751,53.584886922995594,0.0,0,1,0,0,55.5,50.0,0.0
392,0,34.70000000000138,50.80000000000027,100.0,0.0,81.33919577261541,100.0,100.0,41.19088010612038,66.5257501055095,66.65742088382751,53.7781695580538,0.0,0,1,0,0,56.0,50.0,0.0
393,0,33.70000000000138,51.30000000000027,100.0,0.0,81.78021622985945,100.0,100.0,41.3827980252595,66.73883265112676,66.65742088382751,53.97519904113911,0.0,1,0,0,0,56.5,49.8,0.0
394,0,32.70000000000138,51.80000000000027,100.0,0.0,82.26037678233683,90.0,100.0,42.74007967949756,67.22969589853845,62.180935782799814,54.401172756349865,0.0,1,0,0,0,57.0,49.599999999999994,0.0
395,0,32.60000000000138,51.90000000000027,69.36892594120403,0.0,83.12585165234313,80.0,0.0,44.09934673528532,67.72019546595499,44.22184829644826,54.952053666084396,0.0,1,0,0,0,57.5,49.39999999999999,0.0
396,0,31.60000000000138,52.40000000000027,38.52240902255527,0.0,84.289086846191,80.0,0.0,45.13357942028331,67.92297824251405,30.68756659024047,55.3832032233249,0.0,1,0,0,0,58.0,49.19999999999999,0.0
397,0,30.60000000000138,52.90000000000027,100.0,0.0,85.57215545375196,90.0,100.0,46.42380146409279,68.41294474061179,62.310386416001,56.069455334792,0.0,1,0,0,0,58.5,48.999999999999986,0.0
398,0,30.50000000000138,53.00000000000027,100.0,0.0,87.03338866871051,100.0,100.0,47.83131885842015,68.9024865052522,66.87317193916283,56.8134629987031,0.0,1,0,0,0,39.0,48.79999999999998,0.0
399,0,30.400000000001377,53.10000000000027,100.0,0.0,86.94176235406587,100.0,100.0,44.169616418021356,61.83751903604558,66.91632215022989,56.83782458204507,0.0,0,1,0,0,39.5,49.59999999999998,0.0
400,0,30.300000000001376,53.20000000000027,100.0,0.0,85.61267874586525,100.0,100.0,42.79360574210044,62.051686232468114,66.74372130596164,56.46104010916898,0.0,0,1,0,0,40.0,50.0,0.0
401,0,30.200000000001374,53.300000000000274,100.0,0.0,84.13159623226437,100.0,100.0,42.33848058904528,62.26585342889068,66.65742088382751,56.03498220942935,0.0,0,1,0,0,40.5,50.0,0.0
402,0,30.100000000001373,53.400000000000276,100.0,0.0,82.877245756155,100.0,100.0,42.29484748604822,62.480020625313216,66.65742088382751,55.682423947318945,0.0,0,1,0,0,41.0,50.0,0.0
403,0,30.00000000000137,53.50000000000028,100.0,0.0,81.93681690419871,100.0,100.0,42.404797622943335,62.69418782173578,66.65742088382751,55.43162953770379,0.0,0,1,0,0,41.5,50.0,0.0
404,0,29.90000000000137,53.60000000000028,100.0,0.0,81.29074665974537,100.0,100.0,42.57207040209226,62.90835501815833,66.65742088382751,55.276257244979874,0.0,0,1,0,0,42.0,50.0,0.0
405,0,29.80000000000137,53.70000000000028,100.0,0.0,80.89146852133021,100.0,100.0,42.76073799826202,63.12252221458088,66.65742088382751,55.20088745461181,0.0,0,1,0,0,42.5,50.0,0.0
406,0,29.700000000001367,53.80000000000028,100.0,0.0,80.69011385064098,100.0,100.0,42.957390889201136,63.336689411003434,66.65742088382751,55.18967843886175,0.0,0,1,0,0,43.0,50.0,0.0
407,0,29.600000000001366,53.90000000000028,100.0,0.0,80.64439857426578,100.0,100.0,43.15702417172254,63.55085660742599,66.65742088382751,55.22892298587007,0.0,0,1,0,0,43.5,50.0,0.0
408,0,29.500000000001364,54.000000000000284,100.0,0.0,80.71996007008208,100.0,100.0,43.35776984072939,63.765023803848536,66.65742088382751,55.30748177760329,0.0,0,1,0,0,44.0,50.0,0.0
409,0,29.400000000001363,54.100000000000286,100.0,0.0,80.88961453924271,100.0,100.0,43.55893069131854,63.979191000271086,66.65742088382751,55.416542652415636,0.0,0,1,0,0,44.5,50.0,0.0
410,0,29.30000000000136,54.20000000000029,100.0,0.0,81.13212037036365,100.0,100.0,43.76024650221019,64.19335819669364,66.65742088382751,55.54921972529209,0.0,0,1,0,0,45.0,50.0,0.0
411,0,29.20000000000136,54.30000000000029,100.0,0.0,81.43097514940554,100.0,100.0,43.96162014971206,64.40752539311619,66.65742088382751,55.70016341500312,0.0,0,1,0,0,45.5,50.0,0.0
412,0,29.10000000000136,54.40000000000029,100.0,0.0,81.77339370989715,100.0,100.0,44.163015383861804,64.62169258953874,66.65742088382751,55.86522915903754,0.0,0,1,0,0,46.0,50.0,0.0
413,0,29.000000000001357,54.50000000000029,100.0,0.0,82.14948395057537,100.0,100.0,44.364418674904314,64.8358597859613,66.65742088382751,56.041210238723096,0.0,0,1,0,0,46.5,50.0,0.0
414,0,28.900000000001356,54.60000000000029,100.0,0.0,82.55159707781198,100.0,100.0,44.56582497306127,65.05002698238384,66.65742088382751,56.22562714756305,0.0,0,1,0,0,47.0,50.0,0.0
415,0,28.800000000001354,54.700000000000294,100.0,0.0,82.97382069781132,100.0,100.0,44.767232393578624,65.2641941788064,66.65742088382751,56.4165632671284,0.0,0,1,0,0,47.5,50.0,0.0
416,0,28.700000000001353,54.800000000000296,100.0,0.0,83.41158530624556,100.0,100.0,44.96864023300018,65.47836137522894,66.65742088382751,56.61253730295387,0.0,0,1,0,0,48.0,50.0,0.0
417,0,28.60000000000135,54.9000000000003,100.0,0.0,83.86135952997793,100.0,100.0,45.170048228771435,65.6925285716515,66.65742088382751,56.81240449116416,0.0,0,1,0,0,48.5,50.0,0.0
418,0,28.50000000000135,55.0000000000003,100.0,0.0,84.32041437208368,100.0,100.0,45.37145628289788,65.90669576807406,66.65742088382751,57.01528017387292,0.0,0,1,0,0,49.0,50.0,0.0
419,0,28.40000000000135,55.1000000000003,100.0,0.0,84.78664093637748,100.0,100.0,45.572864358804544,66.1208629644966,66.65742088382751,57.22048071101262,0.0,0,1,0,0,49.5,50.0,0.0
420,0,28.300000000001347,55.2000000000003,100.0,0.0,85.25840953721834,100.0,100.0,45.77427244284033,66.33503016091916,66.65742088382751,57.4274778080141,0.0,0,1,0,0,50.0,50.0,0.0
421,0,28.200000000001346,55.3000000000003,100.0,0.0,85.73446081204551,100.0,100.0,45.97568052991019,66.54919735734171,66.65742088382751,57.635863217799084,0.0,0,1,0,0,50.5,50.0,0.0
422,0,27.200000000001346,55.8000000000003,100.0,0.0,86.2138215725193,100.0,100.0,46.17708861811248,66.76336455376426,66.65742088382751,57.84532146227675,0.0,1,0,0,0,51.0,49.8,0.0
423,0,26.200000000001346,56.3000000000003,100.0,0.0,86.72423093150725,90.0,100.0,47.58958557418394,67.24691823773634,62.180935782799814,58.28110092149193,0.0,1,0,0,0,51.5,49.599999999999994,0.0
424,0,31.100000000001344,56.400000000000304,72.81100297714053,0.0,87.63128835551808,75.85786437626905,0.0,49.07197097946511,67.72976066984764,43.86482192075348,58.84546163180888,0.0,1,0,0,0,52.0,49.39999999999999,0.0
425,0,30.100000000001344,56.900000000000304,45.327513305104944,0.0,88.88145208782505,75.85786437626905,0.0,47.017956629355666,66.36934336102189,31.810813452436776,59.304790780019715,0.0,1,0,0,0,52.5,49.19999999999999,0.0
426,0,29.100000000001344,57.400000000000304,17.421450394795578,0.0,89.22618998038004,71.7157287525381,0.0,47.57026073814529,66.85411226412141,17.69871050661815,59.68686458350557,0.0,1,0,0,0,53.0,48.999999999999986,0.0
427,0,29.000000000001343,57.500000000000306,0.0,0.0,89.71460866147874,65.85786437626905,0.0,48.72699642859576,67.33820791169579,7.426077647341901,60.11551533310403,0.0,1,0,0,0,53.5,48.79999999999998,0.0
428,0,28.000000000001343,58.000000000000306,0.0,0.0,90.51705151445273,65.85786437626905,0.0,49.79145992837414,67.53568535551146,7.469227858408964,60.42970697558746,0.0,1,0,0,0,54.0,48.59999999999998,0.0
429,0,27.000000000001343,58.500000000000306,0.0,0.0,91.53025853983502,75.85786437626905,0.0,51.189918634581176,68.0186193815428,12.03201338157079,61.028478161466694,0.0,1,0,0,0,54.5,48.39999999999998,0.0
430,0,26.000000000001343,59.000000000000306,0.0,0.0,92.81808474086296,85.85786437626905,0.0,52.752649741723104,68.50074547643837,16.594798904732617,61.7162725401832,0.0,1,0,0,0,55.0,48.199999999999974,0.0
431,0,25.90000000000134,59.10000000000031,100.0,0.0,94.37261680706442,100.0,100.0,54.414353464435024,68.98200487602892,67.04577278343109,62.49052485691639,0.0,1,0,0,0,35.5,47.99999999999997,0.0
432,0,25.80000000000134,59.20000000000031,100.0,0.0,94.50495330286377,100.0,100.0,51.015357025981174,61.83886082464318,67.08892299449816,62.58748837861773,0.0,0,1,0,0,36.0,48.79999999999997,0.0
433,0,25.70000000000134,59.30000000000031,100.0,0.0,93.4288825349121,100.0,100.0,49.51616491629883,62.055040115854666,66.9163221502299,62.29272298112059,0.0,0,1,0,0,36.5,49.599999999999966,0.0
434,0,25.600000000001337,59.40000000000031,100.0,0.0,92.05941583816046,100.0,100.0,48.84003455617727,62.27121940706616,66.74372130596164,61.902847537918085,0.0,0,1,0,0,37.0,50.0,0.0
435,0,25.500000000001336,59.50000000000031,100.0,0.0,90.77798714974901,100.0,100.0,48.59539153837856,62.48739869827765,66.65742088382751,61.541511342111725,0.0,0,1,0,0,37.5,50.0,0.0
436,0,25.400000000001334,59.600000000000314,100.0,0.0,89.74735609792026,100.0,100.0,48.61259212021635,62.70357798948916,66.65742088382751,61.261476119961465,0.0,0,1,0,0,38.0,50.0,0.0
437,0,25.300000000001333,59.700000000000315,100.0,0.0,88.9987978989893,100.0,100.0,48.743232516862584,62.91975728070064,66.65742088382751,61.07288034634441,0.0,0,1,0,0,38.5,50.0,0.0
438,0,25.20000000000133,59.80000000000032,100.0,0.0,88.50645466518702,100.0,100.0,48.92301901294236,63.13593657191215,66.65742088382751,60.96734167970036,0.0,0,1,0,0,39.0,50.0,0.0
439,0,25.10000000000133,59.90000000000032,100.0,0.0,88.22867133643176,100.0,100.0,49.12409731995829,63.35211586312365,66.65742088382751,60.931356815179704,0.0,0,1,0,0,39.5,50.0,0.0
440,0,25.00000000000133,60.00000000000032,100.0,0.0,88.12386895573557,100.0,100.0,49.334399984922584,63.56829515433513,66.65742088382751,60.95144711824349,0.0,0,1,0,0,40.0,50.0,0.0
441,0,24.900000000001327,60.10000000000032,100.0,0.0,88.15584903789306,100.0,100.0,49.54869896470547,63.78447444554662,66.65742088382751,61.01587813982684,0.0,0,1,0,0,40.5,50.0,0.0
442,0,24.800000000001326,60.20000000000032,100.0,0.0,88.29487644835885,100.0,100.0,49.764729287983386,64.00065373675812,66.65742088382751,61.11501065276927,0.0,0,1,0,0,41.0,50.0,0.0
443,0,24.700000000001324,60.300000000000324,100.0,0.0,88.51720951619717,100.0,100.0,49.981509689879644,64.21683302796961,66.65742088382751,61.24114832870978,0.0,0,1,0,0,41.5,50.0,0.0
444,0,24.600000000001323,60.400000000000325,100.0,0.0,88.80417081801085,100.0,100.0,50.19861505209451,64.43301231918112,66.65742088382751,61.38823651446954,0.0,0,1,0,0,42.0,50.0,0.0
445,0,24.50000000000132,60.50000000000033,100.0,0.0,89.14118385899692,100.0,100.0,50.41586119849662,64.6491916103926,66.65742088382751,61.55154995331917,0.0,0,1,0,0,42.5,50.0,0.0
446,0,24.40000000000132,60.60000000000033,100.0,0.0,89.51692240355897,100.0,100.0,50.63316833753768,64.86537090160411,66.65742088382751,61.72741702380965,0.0,0,1,0,0,43.0,50.0,0.0
447,0,24.30000000000132,60.70000000000033,100.0,0.0,89.92260707807341,100.0,100.0,50.85050190072535,65.0815501928156,66.65742088382751,61.91299171976077,0.0,0,1,0,0,43.5,50.0,0.0
448,0,24.200000000001317,60.80000000000033,100.0,0.0,90.3514418696934,100.0,100.0,51.06784691177846,65.29772948402709,66.65742088382751,62.106070980294646,0.0,0,1,0,0,44.0,50.0,0.0
449,0,24.100000000001316,60.90000000000033,100.0,0.0,90.79817003441615,100.0,100.0,51.28519688244768,65.51390877523859,66.65742088382751,62.30495072872412,0.0,0,1,0,0,44.5,50.0,0.0
450,0,24.000000000001315,61.000000000000334,100.0,0.0,91.25872717687082,100.0,100.0,51.502549001796254,65.73008806645008,66.65742088382751,62.50831341156077,0.0,0,1,0,0,45.0,50.0,0.0
451,0,23.900000000001313,61.100000000000335,100.0,0.0,91.72997154214296,100.0,100.0,51.71990205202795,65.94626735766157,66.65742088382751,62.71514056731902,0.0,0,1,0,0,45.5,50.0,0.0
452,0,23.80000000000131,61.20000000000034,100.0,0.0,92.20947489317606,100.0,100.0,51.93725550555079,66.16244664887307,66.65742088382751,62.92464503532362,0.0,0,1,0,0,46.0,50.0,0.0
453,0,23.70000000000131,61.30000000000034,100.0,0.0,92.69536060454999,100.0,100.0,52.15460913379348,66.37862594008458,66.65742088382751,63.136218470631896,0.0,0,1,0,0,46.5,50.0,0.0
454,0,23.60000000000131,61.40000000000034,100.0,0.0,93.18617841575609,100.0,100.0,52.37196283773093,66.59480523129605,66.65742088382751,63.34939074285104,0.0,0,1,0,0,47.0,50.0,0.0
455,0,22.60000000000131,61.90000000000034,100.0,0.0,93.68080758824911,100.0,100.0,52.589316574462,66.81098452250757,66.65742088382751,63.5637985425967,0.0,1,0,0,0,47.5,49.8,0.0
456,0,27.500000000001307,62.00000000000034,75.70897086001138,0.0,94.20513902332303,85.85786437626905,0.0,54.07777078368889,67.28441059468034,49.61687929244945,64.00409111587676,0.0,1,0,0,0,48.0,49.599999999999994,0.0
457,0,26.500000000001307,62.50000000000034,51.104947225213266,0.0,95.16470386317863,85.85786437626905,0.0,52.06210562243088,65.94395402362635,38.83029930501453,64.36921693258255,0.0,1,0,0,0,48.5,49.39999999999999,0.0
458,0,25.500000000001307,63.00000000000034,26.094443823134238,0.0,95.29509931156883,75.85786437626905,0.0,52.567994357296094,66.41979574582973,23.345167488571068,64.68180742815582,0.0,1,0,0,0,49.0,49.19999999999999,0.0
459,0,24.500000000001307,63.50000000000034,0.8853556373493667,0.0,95.59978932241172,65.85786437626905,0.0,53.776749283161934,66.9206325770547,7.772626406838969,65.05089892518764,0.0,1,0,0,0,49.5,48.999999999999986,0.0
460,0,29.400000000001306,63.60000000000034,0.0,0.0,96.29580259697448,55.85786437626905,0.0,55.361480148629404,67.66864497643596,2.9064423352471374,65.54684553452523,0.0,1,0,0,0,50.0,48.79999999999998,0.0
461,0,28.400000000001306,64.10000000000034,0.0,0.0,97.42239920438854,55.85786437626905,0.0,53.41014852406829,66.33781773386164,2.949592546314201,65.96611797525443,0.0,1,0,0,0,50.5,48.59999999999998,0.0
462,0,33.300000000001305,64.20000000000033,0.0,0.0,97.70214365931317,60.0,0.0,53.916571665058584,66.8171542747573,4.864837000631273,66.32712288099226,0.0,1,0,0,0,51.0,48.39999999999998,0.0
463,0,33.25000000000131,61.20000000000033,0.0,0.0,98.14405533370912,60.0,0.0,51.490038062792834,65.48349097612758,4.907987211698336,66.52444126959989,0.0,0,0,1,0,51.5,48.199999999999974,0.0
464,0,32.25000000000131,61.70000000000033,0.0,0.0,96.7746497954025,60.0,0.0,49.73052644928774,65.68285972160763,4.9511374227654,64.6576587219201,0.0,1,0,0,0,52.0,47.99999999999997,0.0
465,0,31.250000000001307,62.20000000000033,0.0,0.0,95.2037593258092,50.0,0.0,50.25468239927596,66.16543713754201,0.47465232173769867,64.41468123740745,0.0,1,0,0,0,52.5,47.79999999999997,0.0
466,0,31.150000000001306,62.30000000000033,0.0,0.0,94.28737065092443,35.857864376269056,0.0,51.92751544067066,66.93258467728556,6.909532088149531,64.38545008215677,0.0,1,0,0,0,53.0,47.599999999999966,0.0
467,0,30.150000000001306,62.80000000000033,0.0,0.0,94.25935065078781,35.857864376269056,0.0,53.478300677780986,67.42471592280359,6.952682299216594,64.43030771651989,0.0,1,0,0,0,53.5,47.39999999999996,0.0
468,0,29.150000000001306,63.30000000000033,0.0,0.0,94.86986015028418,45.857864376269056,0.0,55.35927035241971,68.11879590961343,2.4761971981888937,64.89972894476051,0.0,1,0,0,0,54.0,47.19999999999996,0.0
469,0,28.150000000001306,63.80000000000033,0.0,0.0,96.07738514105264,55.85786437626905,0.0,57.43144605014392,68.7601875065156,3.294794234850709,65.56412270142447,0.0,1,0,0,0,54.5,46.99999999999996,0.0
470,0,27.150000000001306,64.30000000000032,0.0,0.0,97.76030640590517,65.85786437626905,0.0,59.54727445977768,69.39514391763984,7.857579758012536,66.38377074364088,0.0,1,0,0,0,55.0,46.799999999999955,0.0
471,0,26.150000000001306,64.80000000000032,0.0,0.0,99.82055410924977,75.85786437626905,0.0,61.72695048344963,69.95893166697185,12.420365281174362,67.32664555439058,0.0,1,0,0,0,55.5,46.59999999999995,0.0
472,0,25.150000000001306,65.30000000000032,0.0,0.0,100.0,85.85786437626905,0.0,63.982350382357524,70.43042434026725,16.98315080433619,67.65529060020845,0.0,1,0,0,0,56.0,46.39999999999995,0.0
473,0,25.050000000001305,65.40000000000032,100.0,0.0,100.0,100.0,100.0,66.3217224231947,70.90191701356267,67.43412468303465,67.92533244469197,0.0,1,0,0,0,36.5,46.199999999999946,0.0
474,0,25.000000000001304,62.40000000000032,100.0,0.0,100.0,100.0,100.0,63.20442602664262,63.660818708478736,67.47727489410173,67.97934081358866,0.0,0,0,1,0,37.0,45.99999999999994,0.0
475,0,24.900000000001302,62.50000000000032,100.0,0.0,100.0,100.0,100.0,60.80387204998844,63.861223622182926,67.5204251051688,66.55967739144283,0.0,0,1,0,0,37.5,46.79999999999994,0.0
476,0,24.8000000000013,62.60000000000032,100.0,0.0,99.43989268205614,100.0,100.0,59.537682341121666,64.0759358419062,67.34782426090054,66.42939962084733,0.0,0,1,0,0,38.0,47.59999999999994,0.0
477,0,24.7000000000013,62.70000000000032,100.0,0.0,98.55436715358586,100.0,100.0,58.85368808988247,64.29064806162948,67.17522341663229,66.19208444191482,0.0,0,1,0,0,38.5,48.399999999999935,0.0
478,0,24.600000000001298,62.800000000000324,100.0,0.0,97.62006783709046,100.0,100.0,58.468496930831066,64.50536028135275,67.00262257236403,65.93872646114728,0.0,0,1,0,0,39.0,49.19999999999993,0.0
479,0,24.500000000001297,62.900000000000325,100.0,0.0,96.74974427781285,100.0,100.0,58.236661980130734,64.72007250107603,66.83002172809577,65.70641155365432,0.0,0,1,0,0,39.5,49.99999999999993,0.0
480,0,24.400000000001295,63.00000000000033,100.0,0.0,95.97925722297708,100.0,100.0,58.08353480473361,64.9347847207993,66.65742088382753,65.50693513014048,0.0,0,1,0,0,40.0,50.0,0.0
481,0,24.300000000001294,63.10000000000033,100.0,0.0,95.39147513793435,100.0,100.0,58.12877716941974,65.14949694052258,66.65742088382751,65.36755450281854,0.0,0,1,0,0,40.5,50.0,0.0
482,0,24.200000000001292,63.20000000000033,100.0,0.0,95.00807292028577,100.0,100.0,58.27582972722263,65.36420916024585,66.65742088382751,65.29539903565818,0.0,0,1,0,0,41.0,50.0,0.0
483,0,24.10000000000129,63.30000000000033,100.0,0.0,94.81282798929288,100.0,100.0,58.47513484062512,65.57892137996913,66.65742088382751,65.28513275500266,0.0,0,1,0,0,41.5,50.0,0.0
484,0,24.00000000000129,63.40000000000033,100.0,0.0,94.77682866337055,100.0,100.0,58.701257794983455,65.7936335996924,66.65742088382751,65.32724595497992,0.0,0,1,0,0,42.0,50.0,0.0
485,0,23.900000000001288,63.500000000000334,100.0,0.0,94.8697403486098,100.0,100.0,58.9411446042438,66.00834581941568,66.65742088382751,65.41176090167723,0.0,0,1,0,0,42.5,50.0,0.0
486,0,23.800000000001287,63.600000000000335,100.0,0.0,95.06432940028945,100.0,100.0,59.1880955057283,66.22305803913895,66.65742088382751,65.52971983349359,0.0,0,1,0,0,43.0,50.0,0.0
487,0,23.700000000001285,63.70000000000034,100.0,0.0,95.33783769670002,100.0,100.0,59.438671946664215,66.43777025886222,66.65742088382751,65.67363708955445,0.0,0,1,0,0,43.5,50.0,0.0
488,0,23.600000000001284,63.80000000000034,100.0,0.0,95.6719750802718,100.0,100.0,59.69110914138092,66.65248247858551,66.65742088382751,65.83749662342784,0.0,0,1,0,0,44.0,50.0,0.0
489,0,22.600000000001284,64.30000000000034,100.0,0.0,96.0523787304876,100.0,100.0,59.944501340085054,66.86719469830878,66.65742088382751,66.0165741786498,0.0,1,0,0,0,44.5,49.8,0.0
490,0,21.600000000001284,64.80000000000034,100.0,0.0,96.49955400625846,90.0,100.0,61.50519936922277,67.33599576746371,62.180935782799814,66.43343120086489,0.0,1,0,0,0,45.0,49.599999999999994,0.0
491,0,20.600000000001284,65.30000000000034,76.17887496277638,0.0,97.4259753711352,80.0,0.0,63.79418723668661,67.80748844075914,47.219321866782295,67.0079230992922,0.0,1,0,0,0,45.5,49.39999999999999,0.0
492,0,25.500000000001283,65.40000000000033,51.98283490196633,0.0,98.95857401301475,70.0,0.0,65.74998353610768,68.27898111405457,32.09268500114187,67.78180041200903,0.0,1,0,0,0,46.0,49.19999999999999,0.0
493,0,25.450000000001282,62.40000000000033,27.475266556495967,0.0,100.0,70.0,0.0,64.00064896690672,67.06790750032381,21.348560864633725,68.17830316192499,0.0,0,0,1,0,46.5,48.999999999999986,0.0
494,0,24.450000000001282,62.90000000000033,2.591678129688514,0.0,100.0,70.0,0.0,62.286607688534055,67.26831241402799,10.438927375243159,66.75491511646257,0.0,1,0,0,0,47.0,48.79999999999998,0.0
495,0,23.450000000001282,63.40000000000033,0.0,0.0,99.6033983015385,60.0,0.0,62.85785825323194,67.74210452956055,4.821686789564209,66.89306633701942,0.0,1,0,0,0,47.5,48.59999999999998,0.0
496,0,22.450000000001282,63.90000000000033,0.0,0.0,99.56556703910988,50.0,0.0,64.64968319517328,68.213597202856,0.3452016885365082,67.15004377400163,0.0,1,0,0,0,48.0,48.39999999999998,0.0
497,0,27.35000000000128,64.00000000000033,0.0,0.0,100.0,35.857864376269056,0.0,66.13065217170384,68.68508987615141,6.78008145494834,67.56343702782358,0.0,1,0,0,0,48.5,48.199999999999974,0.0
498,0,27.30000000000128,61.00000000000033,0.0,0.0,100.0,35.857864376269056,0.0,64.11948370064944,67.46902521604304,6.823231666015404,67.617338488581,0.0,0,0,1,0,49.0,47.99999999999997,0.0
499,0,26.30000000000128,61.50000000000033,0.0,0.0,99.49261036878708,35.857864376269056,0.0,62.26181758201164,67.66943012974723,6.866381877082468,66.02193590319867,0.0,1,0,0,0,49.5,47.79999999999997,0.0
500,0,25.30000000000128,62.00000000000033,0.0,0.0,98.5694758040929,25.857864376269045,0.0,62.76130608861777,68.1482132916574,11.4291674002443,65.98338996706516,0.0,1,0,0,0,50.0,47.599999999999966,0.0
501,0,30.20000000000128,62.10000000000033,0.0,0.0,98.12597046677472,15.857864376269038,0.0,64.51946614176305,68.61970596495283,15.991952923406133,66.10476460312374,0.0,1,0,0,0,50.5,47.39999999999996,0.0
502,0,29.20000000000128,62.60000000000033,0.0,0.0,98.44871287009069,15.857864376269038,0.0,62.675238026509035,67.3978992036954,16.035103134473196,66.26622523862048,0.0,1,0,0,0,51.0,47.19999999999996,0.0
503,0,29.100000000001277,62.70000000000033,0.0,0.0,98.13782198683762,9.999999999999998,0.0,63.207614389480455,67.88196252820883,18.725794414385007,66.43181690350997,0.0,1,0,0,0,51.5,46.99999999999996,0.0
504,0,28.100000000001277,63.20000000000033,0.0,0.0,98.15402412903464,9.999999999999998,0.0,63.66119895124815,68.09707284472437,18.76894462545207,66.49106922650193,0.0,1,0,0,0,52.0,46.799999999999955,0.0
505,0,27.100000000001277,63.70000000000033,0.0,0.0,98.3833645775439,19.999999999999996,0.0,64.42404471310925,68.5685655180198,14.292459524424375,66.83678774513672,0.0,1,0,0,0,52.5,46.59999999999995,0.0
506,0,26.100000000001277,64.20000000000033,0.0,0.0,98.87306614124068,30.000000000000004,0.0,65.35284544873583,69.04005819131523,9.81597442339667,67.26931727557151,0.0,1,0,0,0,53.0,46.39999999999995,0.0
507,0,31.000000000001275,64.30000000000032,0.0,0.0,99.60945592816525,40.0,0.0,66.37070052842232,69.51155086461063,5.339489322368971,67.78409892818712,0.0,1,0,0,0,53.5,46.199999999999946,0.0
508,0,30.000000000001275,64.80000000000032,0.0,0.0,100.0,40.0,0.0,64.1019932010099,68.28556795350057,5.382639533436035,67.96816636286583,0.0,1,0,0,0,54.0,45.99999999999994,0.0
509,0,29.900000000001274,64.90000000000032,0.0,0.0,100.0,25.857864376269045,0.0,64.4338051919198,68.77380742786666,11.817519299847872,68.23741694823256,0.0,1,0,0,0,54.5,45.79999999999994,0.0
510,0,28.900000000001274,65.40000000000032,0.0,0.0,100.0,25.857864376269045,0.0,64.7797634006445,68.98891774438219,11.860669510914935,68.29126706530592,0.0,1,0,0,0,55.0,45.59999999999994,0.0
511,0,27.900000000001274,65.90000000000032,0.0,0.0,100.0,35.857864376269056,0.0,65.48485497740145,69.46041041767761,7.3841844098872285,68.56051765067265,0.0,1,0,0,0,55.5,45.399999999999935,0.0
512,0,26.900000000001274,66.40000000000032,0.0,0.0,100.0,45.857864376269056,0.0,66.38266380628089,69.93190309097304,2.907699308859529,68.8297682360394,0.0,1,0,0,0,56.0,45.19999999999993,0.0
513,0,25.900000000001274,66.90000000000032,0.0,0.0,100.0,55.85786437626905,0.0,67.38388808627569,70.40339576426847,3.7262963455213445,69.09901882140613,0.0,1,0,0,0,56.5,44.99999999999993,0.0
514,0,24.900000000001274,67.40000000000032,0.0,0.0,100.0,65.85786437626905,0.0,68.440606907686,70.87488843756387,8.289081868683171,69.36826940677287,0.0,1,0,0,0,57.0,44.799999999999926,0.0
515,0,23.900000000001274,67.90000000000032,0.0,0.0,100.0,75.85786437626905,0.0,69.52710507148377,71.3463811108593,12.851867391844996,69.6375199921396,0.0,1,0,0,0,57.5,44.59999999999992,0.0
516,0,22.900000000001274,68.40000000000032,0.0,0.0,100.0,85.85786437626905,0.0,70.62958335171118,71.81787378415473,17.414652915006826,69.90677057750634,0.0,1,0,0,0,58.0,44.39999999999992,0.0
517,0,22.800000000001273,68.50000000000031,100.0,0.0,100.0,100.0,100.0,71.74063684215588,72.28936645745016,67.86562679370529,70.17602116287308,0.0,1,0,0,0,38.5,44.19999999999992,0.0
518,0,22.750000000001272,65.50000000000031,100.0,0.0,100.0,100.0,100.0,67.90220588025244,65.04903791007811,67.90877700477235,70.22987127994644,0.0,0,0,1,0,39.0,43.999999999999915,0.0
519,0,22.70000000000127,62.50000000000031,100.0,0.0,99.31061281455975,100.0,100.0,65.0456060566971,65.2494428237823,67.95192721583942,68.56662721376333,0.0,0,0,1,0,39.5,43.79999999999991,0.0
520,0,22.60000000000127,62.600000000000314,100.0,0.0,96.94283684470486,100.0,100.0,62.79120313826494,65.44984773748648,67.99507742690649,66.33194254037768,0.0,0,1,0,0,40.0,44.59999999999991,0.0
521,0,22.50000000000127,62.700000000000315,100.0,0.0,94.45785183359183,100.0,100.0,61.61572471754579,65.66455995720976,67.82247658263823,65.54652129744701,0.0,0,1,0,0,40.5,45.399999999999906,0.0
522,0,22.400000000001267,62.80000000000032,100.0,0.0,92.25267521020035,100.0,100.0,60.986848334562524,65.87927217693303,67.64987573836997,64.8555905796325,0.0,0,1,0,0,41.0,46.1999999999999,0.0
523,0,22.300000000001265,62.90000000000032,100.0,0.0,90.43101487144403,100.0,100.0,60.634890112479596,66.09398439665631,67.47727489410174,64.29417225928704,0.0,0,1,0,0,41.5,46.9999999999999,0.0
524,0,22.200000000001264,63.00000000000032,100.0,0.0,88.97596808865909,100.0,100.0,60.42322347832062,66.30869661637958,67.30467404983348,63.85655833129919,0.0,0,1,0,0,42.0,47.7999999999999,0.0
525,0,22.100000000001263,63.10000000000032,100.0,0.0,87.82947538732502,100.0,100.0,60.282631018488914,66.52340883610286,67.13207320556522,63.5231422703604,0.0,0,1,0,0,42.5,48.599999999999895,0.0
526,0,22.00000000000126,63.20000000000032,100.0,0.0,86.926843806387,100.0,100.0,60.178045979565766,66.73812105582613,66.95947236129699,63.272077440952835,0.0,0,1,0,0,43.0,49.39999999999989,0.0
527,0,21.00000000000126,63.70000000000032,100.0,0.0,86.21015324353404,100.0,100.0,60.0917029304055,66.95283327554941,66.78687151702873,63.08380438338083,0.0,1,0,0,0,43.5,49.19999999999989,0.0
528,0,20.00000000000126,64.20000000000033,100.0,0.0,85.74622482438573,90.0,100.0,61.444530891531016,67.41853984799243,62.31038641600103,63.19589392797747,0.0,1,0,0,0,44.0,48.999999999999886,0.0
529,0,24.90000000000126,64.30000000000032,76.34369693556616,0.0,85.93655794866642,75.85786437626905,0.0,63.57554117957204,67.89003252128786,45.54922645139437,63.52892580137745,0.0,1,0,0,0,44.5,48.79999999999988,0.0
530,0,23.90000000000126,64.80000000000032,52.36974001485251,0.0,86.84530242612277,75.85786437626905,0.0,61.976119484836886,66.68130234949757,35.03997722180106,63.88955769891297,0.0,1,0,0,0,45.0,48.59999999999988,0.0
531,0,22.90000000000126,65.30000000000032,27.96360690324582,0.0,87.02978180801732,71.7157287525381,0.0,62.59854041014205,67.15228908454387,22.468406670043368,64.22061277956391,0.0,1,0,0,0,45.5,48.39999999999988,0.0
532,0,27.80000000000126,65.40000000000032,3.1825587680527043,0.0,87.43629501662636,65.85786437626905,0.0,64.41103433631983,67.6237817578393,8.956366343068021,64.62664807453453,0.0,1,0,0,0,46.0,48.199999999999875,0.0
533,0,26.80000000000126,65.90000000000032,0.0,0.0,88.3924356089345,65.85786437626905,0.0,62.60565347850293,66.40977142344576,7.598678491610177,65.00328551006437,0.0,1,0,0,0,46.5,47.99999999999987,0.0
534,0,31.700000000001257,66.00000000000031,0.0,0.0,88.54075765132471,60.0,0.0,63.14918520983655,66.88603832109531,4.994287633832485,65.32213035633175,0.0,1,0,0,0,47.0,47.79999999999987,0.0
535,0,30.700000000001257,66.50000000000031,0.0,0.0,88.88590553518503,60.0,0.0,60.68494310145962,65.66599676932708,5.037437844899549,65.49243722996002,0.0,1,0,0,0,47.5,47.599999999999866,0.0
536,0,35.60000000000126,66.6000000000003,0.0,0.0,88.37646469742477,50.0,0.0,60.85283227489015,66.14829488435133,0.5609527438718472,65.58915735561618,0.0,1,0,0,0,48.0,47.399999999999864,0.0
537,0,35.55000000000126,63.60000000000031,0.0,0.0,88.1266647513535,50.0,0.0,58.21944490929489,64.92222211520837,0.6041029549389106,65.55855197881222,0.0,0,0,1,0,48.5,47.19999999999986,0.0
538,0,34.55000000000126,64.1000000000003,0.0,0.0,86.26884662852412,50.0,0.0,56.116864639471615,65.12262702891256,0.6472531660059742,63.465689751076596,0.0,1,0,0,0,49.0,46.99999999999986,0.0
539,0,34.45000000000126,64.2000000000003,0.0,0.0,84.32951744784735,40.0,0.0,56.40180589447559,65.61141829985732,5.210038689167803,63.075318105548845,0.0,1,0,0,0,49.5,46.799999999999855,0.0
540,0,33.45000000000126,64.7000000000003,0.0,0.0,83.12834357114149,40.0,0.0,57.60503379349001,65.82652861637285,5.253188900234866,62.72092069717109,0.0,1,0,0,0,50.0,46.59999999999985,0.0
541,0,32.45000000000126,65.2000000000003,0.0,0.0,82.75512427675932,50.0,0.0,58.77015129305589,66.29802128966827,0.7767037992071647,62.86263810606359,0.0,1,0,0,0,50.5,46.39999999999985,0.0
542,0,31.45000000000126,65.7000000000003,0.0,0.0,82.95092678049684,60.0,0.0,59.91481808513322,66.76951396296369,5.339489322368992,63.19768184100487,0.0,1,0,0,0,51.0,46.19999999999985,0.0
543,0,30.45000000000126,66.2000000000003,0.0,0.0,83.53972956055976,70.0,0.0,61.048510669570774,67.24100663625912,9.90227484553082,63.6662482279943,0.0,1,0,0,0,51.5,45.999999999999844,0.0
544,0,29.45000000000126,66.7000000000003,0.0,0.0,84.40102245639758,80.0,0.0,62.176314302079,67.71249930955453,14.465060368692646,64.2273936921675,0.0,1,0,0,0,52.0,45.79999999999984,0.0
545,0,28.45000000000126,67.2000000000003,100.0,0.0,85.45182791268986,90.0,100.0,63.30095781989246,68.18399198284997,63.0439400041411,64.85292643846913,0.0,1,0,0,0,52.5,45.59999999999984,0.0
546,0,28.35000000000126,67.3000000000003,100.0,0.0,86.63475137702531,100.0,100.0,64.42390556484106,68.65548465614539,67.60672552730294,65.5233465496912,0.0,1,0,0,0,33.0,45.399999999999835,0.0
547,0,28.250000000001258,67.40000000000029,100.0,0.0,86.09902773302572,100.0,100.0,60.70450671679043,61.41385325742324,67.64987573837,65.39503722630865,0.0,0,1,0,0,33.5,46.19999999999983,0.0
548,0,28.150000000001256,67.50000000000028,100.0,0.0,84.43182171174507,100.0,100.0,58.7107888015895,61.62856547714651,67.47727489410174,64.88230443846214,0.0,0,1,0,0,34.0,46.99999999999983,0.0
549,0,28.050000000001255,67.60000000000028,100.0,0.0,82.55052899140358,100.0,100.0,57.62584467466544,61.84327769686979,67.3046740498335,64.29683525436135,0.0,0,1,0,0,34.5,47.79999999999983,0.0
550,0,27.950000000001253,67.70000000000027,100.0,0.0,80.8247888552277,100.0,100.0,57.0194767332563,62.05798991659306,67.13207320556525,63.76421538060951,0.0,0,1,0,0,35.0,48.599999999999824,0.0
551,0,27.850000000001252,67.80000000000027,100.0,0.0,79.36951233968007,100.0,100.0,56.66513538889098,62.272702136316326,66.95947236129699,63.323486078148065,0.0,0,1,0,0,35.5,49.39999999999982,0.0
552,0,27.75000000000125,67.90000000000026,100.0,0.0,78.18917016658128,100.0,100.0,56.443515662399605,62.48741435603961,66.78687151702874,62.97616628390919,0.0,0,1,0,0,36.0,50.0,0.0
553,0,27.65000000000125,68.00000000000026,100.0,0.0,77.26758651235718,100.0,100.0,56.33192426954041,62.70212657576288,66.65742088382751,62.71676022856953,0.0,0,1,0,0,36.5,50.0,0.0
554,0,27.550000000001248,68.10000000000025,100.0,0.0,76.6274622524003,100.0,100.0,56.398680142155705,62.91683879548616,66.65742088382751,62.55298058122585,0.0,0,1,0,0,37.0,50.0,0.0
555,0,27.450000000001246,68.20000000000024,100.0,0.0,76.24519026271074,100.0,100.0,56.55935680684142,63.13155101520944,66.65742088382751,62.47680677295345,0.0,0,1,0,0,37.5,50.0,0.0
556,0,27.350000000001245,68.30000000000024,100.0,0.0,76.0757520919045,100.0,100.0,56.76949380476897,63.346263234932714,66.65742088382751,62.47294369231858,0.0,0,1,0,0,38.0,50.0,0.0
557,0,27.250000000001243,68.40000000000023,100.0,0.0,76.0725396863023,100.0,100.0,57.00567748001325,63.56097545465599,66.65742088382751,62.52555615723879,0.0,0,1,0,0,38.5,50.0,0.0
558,0,27.150000000001242,68.50000000000023,100.0,0.0,76.19491480977382,100.0,100.0,57.255577791494616,63.77568767437926,66.65742088382751,62.620837243420254,0.0,0,1,0,0,39.0,50.0,0.0
559,0,27.05000000000124,68.60000000000022,100.0,0.0,76.41016668340372,100.0,100.0,57.51270152373607,63.99039989410253,66.65742088382751,62.747673396459966,0.0,0,1,0,0,39.5,50.0,0.0
560,0,26.95000000000124,68.70000000000022,100.0,0.0,76.69312102775247,100.0,100.0,57.7736292357999,64.20511211382582,66.65742088382751,62.89751160314991,0.0,0,1,0,0,40.0,50.0,0.0
561,0,26.850000000001238,68.80000000000021,100.0,0.0,77.02493493190687,100.0,100.0,58.03656019022904,64.41982433354909,66.65742088382751,63.06394994575874,0.0,0,1,0,0,40.5,50.0,0.0
562,0,26.750000000001236,68.9000000000002,100.0,0.0,77.39175997919796,100.0,100.0,58.30054608715567,64.63453655327235,66.65742088382751,63.242283396245234,0.0,0,1,0,0,41.0,50.0,0.0
563,0,26.650000000001235,69.0000000000002,100.0,0.0,77.78354472488617,100.0,100.0,58.56508753526887,64.84924877299562,66.65742088382751,63.42909695558933,0.0,0,1,0,0,41.5,50.0,0.0
564,0,26.550000000001234,69.1000000000002,100.0,0.0,78.19305724661321,100.0,100.0,58.829921546362144,65.0639609927189,66.65742088382751,63.62193356329806,0.0,0,1,0,0,42.0,50.0,0.0
565,0,26.450000000001232,69.20000000000019,100.0,0.0,78.6151266753772,100.0,100.0,59.09490962624221,65.27867321244219,66.65742088382751,63.819036405994645,0.0,0,1,0,0,42.5,50.0,0.0
566,0,26.35000000000123,69.30000000000018,100.0,0.0,79.04607249058161,100.0,100.0,59.359978841442484,65.49338543216547,66.65742088382751,64.01915501923777,0.0,0,1,0,0,43.0,50.0,0.0
567,0,26.25000000000123,69.40000000000018,100.0,0.0,79.4832836065408,100.0,100.0,59.62509078392268,65.70809765188874,66.65742088382751,64.22140228129632,0.0,0,1,0,0,43.5,50.0,0.0
568,0,26.150000000001228,69.50000000000017,100.0,0.0,79.92491212049603,100.0,100.0,59.890225227336444,65.92280987161202,66.65742088382751,64.42515036340797,0.0,0,1,0,0,44.0,50.0,0.0
569,0,26.050000000001226,69.60000000000016,100.0,0.0,80.3696525872801,100.0,100.0,60.15537152013574,66.1375220913353,66.65742088382751,64.62995573789266,0.0,0,1,0,0,44.5,50.0,0.0
570,0,25.950000000001225,69.70000000000016,100.0,0.0,80.81658400396459,100.0,100.0,60.42052405302886,66.35223431105857,66.65742088382751,64.83550549211145,0.0,0,1,0,0,45.0,50.0,0.0
571,0,25.850000000001224,69.80000000000015,100.0,0.0,81.26505723658055,100.0,100.0,60.68567987206464,66.56694653078185,66.65742088382751,65.04157908146358,0.0,0,1,0,0,45.5,50.0,0.0
572,0,24.850000000001224,70.30000000000015,100.0,0.0,81.71461510424885,100.0,100.0,60.95083742164068,66.78165875050513,66.65742088382751,65.24802117780517,0.0,1,0,0,0,46.0,49.8,0.0
573,0,23.850000000001224,70.80000000000015,100.0,0.0,82.19790334321394,90.0,100.0,62.5723484579014,67.25491003946732,62.180935782799814,65.6807387824763,0.0,1,0,0,0,46.5,49.599999999999994,0.0
574,0,22.850000000001224,71.30000000000015,75.40513473664691,0.0,83.14930407046569,80.0,0.0,63.961924011200765,67.72640271276273,46.87875164066452,66.27249856767033,0.0,1,0,0,0,47.0,49.39999999999999,0.0
575,0,27.750000000001222,71.40000000000015,50.435354449707404,0.0,84.35157827235327,65.85786437626905,0.0,65.22703892417891,68.19789538605816,29.539450305656327,66.9494931317686,0.0,1,0,0,0,47.5,49.19999999999999,0.0
576,0,27.70000000000122,68.40000000000015,25.156395151778465,0.0,85.67671691802096,65.85786437626905,0.0,63.11446780484437,66.98237155252015,18.455790001540358,67.45341559798165,0.0,0,0,1,0,48.0,48.999999999999986,0.0
577,0,26.70000000000122,68.90000000000015,0.0,0.0,85.12646820412603,65.85786437626905,0.0,61.220641033550706,67.18277646622434,7.426077647341901,65.79422170435906,0.0,1,0,0,0,48.5,48.79999999999998,0.0
578,0,25.70000000000122,69.40000000000015,0.0,0.0,84.18518066778603,61.7157287525381,0.0,61.68650524518564,67.66101880156415,5.597133615158957,65.74081943475443,0.0,1,0,0,0,49.0,48.59999999999998,0.0
579,0,30.60000000000122,69.50000000000014,0.0,0.0,83.75604888824418,57.57359312880715,0.0,63.40815956438503,68.13251147485958,3.7681895829760137,65.86244920023314,0.0,1,0,0,0,49.5,48.39999999999998,0.0
580,0,29.60000000000122,70.00000000000014,0.0,0.0,84.09369980724763,57.57359312880715,0.0,61.56084718741204,66.91124554017252,3.811339794043077,66.03150083151466,0.0,1,0,0,0,50.0,48.199999999999974,0.0
581,0,29.50000000000122,70.10000000000014,0.0,0.0,83.78259040757452,47.57359312880715,0.0,62.075063127383004,67.39476803811559,1.5281495283258941,66.19346539174985,0.0,1,0,0,0,50.5,47.99999999999997,0.0
582,0,28.50000000000122,70.60000000000014,0.0,0.0,83.80630045963775,47.57359312880715,0.0,62.51890248826,67.60987835463112,1.5712997393929575,66.25522601222656,0.0,1,0,0,0,51.0,47.79999999999997,0.0
583,0,27.50000000000122,71.10000000000014,0.0,0.0,84.03826642536964,57.57359312880715,0.0,63.2765188047278,68.08137102792655,3.9407904272442678,66.60278955314047,0.0,1,0,0,0,51.5,47.599999999999966,0.0
584,0,32.400000000001214,71.20000000000013,0.0,0.0,84.52014489359765,71.7157287525381,0.0,64.20251332841188,68.55286370122197,10.375670193656102,67.03576206061202,0.0,1,0,0,0,52.0,47.39999999999996,0.0
585,0,32.35000000000122,68.20000000000013,0.0,0.0,85.22200394760884,71.7157287525381,0.0,61.91689565228217,67.32667056191083,10.418820404723167,67.32928381688608,0.0,0,0,1,0,52.5,47.19999999999996,0.0
586,0,31.350000000001216,68.70000000000013,0.0,0.0,84.17597177536669,71.7157287525381,0.0,59.93971455062066,67.52707547561502,10.46197061579023,65.49574366491684,0.0,1,0,0,0,53.0,46.99999999999996,0.0
587,0,31.250000000001215,68.80000000000013,0.0,0.0,82.87234374887512,85.85786437626905,0.0,60.35055048845487,68.01598711672797,16.89685038220206,65.31573651730194,0.0,1,0,0,0,53.5,46.799999999999955,0.0
588,0,30.250000000001215,69.30000000000013,0.0,0.0,82.18702317268395,85.85786437626905,0.0,61.68299543179009,68.2310974332435,16.940000593269126,65.13379779530558,0.0,1,0,0,0,54.0,46.59999999999995,0.0
589,0,30.150000000001214,69.40000000000012,100.0,0.0,82.23409935070691,100.0,100.0,62.917453059357264,68.70259010653893,67.3909744719676,65.41804041052876,0.0,1,0,0,0,34.5,46.39999999999995,0.0
590,0,30.050000000001212,69.50000000000011,100.0,0.0,80.9164674036505,100.0,100.0,59.27395815594809,61.45708306379136,67.43412468303465,65.01877031206755,0.0,0,1,0,0,35.0,47.199999999999946,0.0
591,0,29.95000000000121,69.60000000000011,100.0,0.0,78.75162057434258,100.0,100.0,57.32021258673761,61.67179528351464,67.2615238387664,64.32830447523257,0.0,0,1,0,0,35.5,47.99999999999994,0.0
592,0,29.85000000000121,69.7000000000001,100.0,0.0,76.57714695160945,100.0,100.0,56.25631859695104,61.88650750323792,67.08892299449816,63.63452981878362,0.0,0,1,0,0,36.0,48.79999999999994,0.0
593,0,29.750000000001208,69.8000000000001,100.0,0.0,74.69565042386192,100.0,100.0,55.661036026253285,62.10121972296119,66.9163221502299,63.04145415061757,0.0,0,1,0,0,36.5,49.59999999999994,0.0
594,0,29.650000000001207,69.90000000000009,100.0,0.0,73.17193553140686,100.0,100.0,55.31253243216037,62.31593194268447,66.74372130596164,62.57135140189396,0.0,0,1,0,0,37.0,50.0,0.0
595,0,29.550000000001205,70.00000000000009,100.0,0.0,72.0177151425016,100.0,100.0,55.174256579738554,62.530644162407754,66.65742088382751,62.22824739580376,0.0,0,1,0,0,37.5,50.0,0.0
596,0,29.450000000001204,70.10000000000008,100.0,0.0,71.22868214235382,100.0,100.0,55.226959948821346,62.74535638213102,66.65742088382751,62.01066173640667,0.0,0,1,0,0,38.0,50.0,0.0
597,0,29.350000000001202,70.20000000000007,100.0,0.0,70.75327410550878,100.0,100.0,55.38023631914969,62.96006860185429,66.65742088382751,61.90087193219888,0.0,0,1,0,0,38.5,50.0,0.0
598,0,29.2500000000012,70.30000000000007,100.0,0.0,70.52585284391263,100.0,100.0,55.58647619252222,63.17478082157757,66.65742088382751,61.87631751943467,0.0,0,1,0,0,39.0,50.0,0.0
599,0,29.1500000000012,70.40000000000006,100.0,0.0,70.48557640397476,100.0,100.0,55.82060757375443,63.38949304130084,66.65742088382751,61.916086545348456,0.0,0,1,0,0,39.5,50.0,0.0
600,0,29.050000000001198,70.50000000000006,100.0,0.0,70.5824642936326,100.0,100.0,56.06942711128246,63.60420526102412,66.65742088382751,62.00300024384993,0.0,0,1,0,0,40.0,50.0,0.0
601,0,28.950000000001197,70.60000000000005,100.0,0.0,70.7779471364725,100.0,100.0,56.32598168904049,63.8189174807474,66.65742088382751,62.12380195682478,0.0,0,1,0,0,40.5,50.0,0.0
602,0,28.850000000001195,70.70000000000005,100.0,0.0,71.0433506348599,100.0,100.0,56.586609674389976,64.03362970047066,66.65742088382751,62.26863605797678,0.0,0,1,0,0,41.0,50.0,0.0
603,0,28.750000000001194,70.80000000000004,100.0,0.0,71.357864476753,100.0,100.0,56.84938278748446,64.24834192019394,66.65742088382751,62.43034984696065,0.0,0,1,0,0,41.5,50.0,0.0
604,0,28.650000000001192,70.90000000000003,100.0,0.0,71.70663107187846,100.0,100.0,57.11328556240116,64.46305413991722,66.65742088382751,62.60383662999572,0.0,0,1,0,0,42.0,50.0,0.0
605,0,28.55000000000119,71.00000000000003,100.0,0.0,72.07916439757557,100.0,100.0,57.37778323700883,64.67776635964049,66.65742088382751,62.78549226228324,0.0,0,1,0,0,42.5,50.0,0.0
606,0,28.45000000000119,71.10000000000002,100.0,0.0,72.4681249871379,100.0,100.0,57.64259419620781,64.89247857936377,66.65742088382751,62.97279409995609,0.0,0,1,0,0,43.0,50.0,0.0
607,0,28.350000000001188,71.20000000000002,100.0,0.0,72.86840693707052,100.0,100.0,57.907570136556814,65.10719079908705,66.65742088382751,63.16398719586989,0.0,0,1,0,0,43.5,50.0,0.0
608,0,28.250000000001187,71.30000000000001,100.0,0.0,73.2764742109294,100.0,100.0,58.17263295886751,65.32190301881032,66.65742088382751,63.3578561809786,0.0,0,1,0,0,44.0,50.0,0.0
609,0,28.150000000001185,71.4,100.0,0.0,73.68988624949621,100.0,100.0,58.43774153474014,65.53661523853359,66.65742088382751,63.55356221208139,0.0,0,1,0,0,44.5,50.0,0.0
610,0,28.050000000001184,71.5,100.0,0.0,74.10696288842513,100.0,100.0,58.70287420523944,65.75132745825687,66.65742088382751,63.75052780086033,0.0,0,1,0,0,45.0,50.0,0.0
611,0,27.950000000001182,71.6,100.0,0.0,74.52654968553283,100.0,100.0,58.968019564390914,65.96603967798013,66.65742088382751,63.948356154658654,0.0,0,1,0,0,45.5,50.0,0.0
612,0,27.85000000000118,71.69999999999999,100.0,0.0,74.94785459281619,100.0,100.0,59.233171605608774,66.18075189770342,66.65742088382751,64.14677503911417,0.0,0,1,0,0,46.0,50.0,0.0
613,0,27.75000000000118,71.79999999999998,100.0,0.0,75.3703348085769,100.0,100.0,59.49832716571974,66.3954641174267,66.65742088382751,64.34559788816833,0.0,0,1,0,0,46.5,50.0,0.0
614,0,27.650000000001178,71.89999999999998,100.0,0.0,75.79361866401757,100.0,100.0,59.76348457894143,66.61017633714995,66.65742088382751,64.54469695575325,0.0,0,1,0,0,47.0,50.0,0.0
615,0,26.650000000001178,72.39999999999998,100.0,0.0,76.21745183732426,100.0,100.0,60.02864296804367,66.82488855687323,66.65742088382751,64.74398482906494,0.0,1,0,0,0,47.5,49.8,0.0
616,0,25.650000000001178,72.89999999999998,100.0,0.0,76.67538586242961,90.0,100.0,61.64029879905216,67.30201548986085,62.180935782799814,65.16944315786233,0.0,1,0,0,0,48.0,49.599999999999994,0.0
617,0,24.650000000001178,73.39999999999998,74.63139451051744,0.0,77.59702251077864,80.0,0.0,63.02458587669214,67.77350816315628,46.53818141454675,65.7542804477592,0.0,1,0,0,0,48.5,49.39999999999999,0.0
618,0,23.650000000001178,73.89999999999998,48.88787399744846,0.0,78.75871842617508,70.0,0.0,64.28686290105367,68.2450008364517,30.730404096670803,66.42162836982956,0.0,1,0,0,0,49.0,49.19999999999999,0.0
619,0,28.550000000001177,73.99999999999997,22.769438460793054,0.0,80.04324538458428,55.85786437626905,0.0,65.48366719496974,68.71649350974711,12.885509585921932,67.13119447882583,0.0,1,0,0,0,49.5,48.999999999999986,0.0
620,0,28.500000000001176,70.99999999999997,0.0,0.0,81.37772557603449,55.85786437626905,0.0,63.327197348438375,67.49784508695515,2.9064423352471374,67.64348031334127,0.0,0,0,1,0,50.0,48.79999999999998,0.0
621,0,27.500000000001176,71.49999999999997,0.0,0.0,80.83632183461734,55.85786437626905,0.0,61.404354000671944,67.69825000065933,2.949592546314201,65.97183581497046,0.0,1,0,0,0,50.5,48.59999999999998,0.0
622,0,26.500000000001176,71.99999999999997,0.0,0.0,79.90339368936375,45.857864376269056,0.0,61.86125633585124,68.17961692525311,2.2172959317865124,65.91724298246226,0.0,1,0,0,0,51.0,48.39999999999998,0.0
623,0,31.400000000001175,72.09999999999997,0.0,0.0,79.49631556986316,31.715728752538098,0.0,63.584194433008044,68.65110959854854,8.652175698198352,66.04439217689588,0.0,1,0,0,0,51.5,48.199999999999974,0.0
624,0,30.400000000001175,72.59999999999997,0.0,0.0,79.8579946194049,31.715728752538098,0.0,61.73113483459056,67.4267190746075,8.695325909265415,66.22296249336102,0.0,1,0,0,0,52.0,47.99999999999997,0.0
625,0,30.300000000001173,72.69999999999996,0.0,0.0,79.55552327889652,27.57359312880714,0.0,62.24870283409571,67.91336616180455,10.61057036358249,66.38626543337766,0.0,1,0,0,0,52.5,47.79999999999997,0.0
626,0,29.300000000001173,73.19999999999996,0.0,0.0,79.59301119647364,27.57359312880714,0.0,62.69434096879848,68.12847647832008,10.653720574649554,66.45279020348111,0.0,1,0,0,0,53.0,47.599999999999966,0.0
627,0,28.300000000001173,73.69999999999996,0.0,0.0,79.83500007456753,41.715728752538105,0.0,63.452922538789764,68.5999691516155,4.305141230371839,66.80426714534603,0.0,1,0,0,0,53.5,47.39999999999996,0.0
628,0,27.300000000001173,74.19999999999996,0.0,0.0,80.31990113301833,51.715728752538105,0.0,64.37943503441186,69.07146182491093,1.3795497805336412,67.23969835147803,0.0,1,0,0,0,54.0,47.19999999999996,0.0
629,0,26.300000000001173,74.69999999999996,0.0,0.0,81.02474701650766,61.7157287525381,0.0,65.39606220445498,69.54295449820637,5.942335303695465,67.75114594319567,0.0,1,0,0,0,54.5,46.99999999999996,0.0
630,0,25.300000000001173,75.19999999999996,0.0,0.0,81.9078944478655,75.85786437626905,0.0,66.46104648630168,70.01444717150179,12.3772150701073,68.32421734993564,0.0,1,0,0,0,55.0,46.799999999999955,0.0
631,0,24.300000000001173,75.69999999999996,0.0,0.0,82.92727250197571,85.85786437626905,0.0,67.55198004086127,70.4859398447972,16.940000593269126,68.94437219928855,0.0,1,0,0,0,55.5,46.59999999999995,0.0
632,0,24.20000000000117,75.79999999999995,100.0,0.0,84.04703536224153,100.0,100.0,68.65683842941554,70.95743251809263,67.3909744719676,69.59922161410955,0.0,1,0,0,0,36.0,46.39999999999995,0.0
633,0,24.15000000000117,72.79999999999995,100.0,0.0,83.39781765103704,100.0,100.0,64.8606533028073,63.71794530311817,67.43412468303465,69.42841013475974,0.0,0,0,1,0,36.5,46.199999999999946,0.0
634,0,24.05000000000117,72.89999999999995,100.0,0.0,80.93163981183582,100.0,100.0,62.074937393391934,63.91835021682237,67.47727489410173,67.0882667583923,0.0,0,1,0,0,37.0,46.99999999999994,0.0
635,0,23.950000000001168,72.99999999999994,100.0,0.0,78.32055742720863,100.0,100.0,60.60164642713807,64.13306243654564,67.30467404983347,66.2345035397321,0.0,0,1,0,0,37.5,47.79999999999994,0.0
636,0,23.850000000001167,73.09999999999994,100.0,0.0,76.0551224334535,100.0,100.0,59.80637716127563,64.34777465626892,67.13207320556522,65.50084450897285,0.0,0,1,0,0,38.0,48.59999999999994,0.0
637,0,23.750000000001165,73.19999999999993,100.0,0.0,74.24695109744454,100.0,100.0,59.3613857749956,64.56248687599219,66.95947236129697,64.9260736449423,0.0,0,1,0,0,38.5,49.399999999999935,0.0
638,0,23.650000000001164,73.29999999999993,100.0,0.0,72.85971919815046,100.0,100.0,59.097354073123775,64.77719909571546,66.78687151702871,64.49756915102547,0.0,0,1,0,0,39.0,50.0,0.0
639,0,23.550000000001162,73.39999999999992,100.0,0.0,71.83364550283994,100.0,100.0,58.966302800557635,64.99191131543874,66.65742088382751,64.19455848098437,0.0,0,1,0,0,39.5,50.0,0.0
640,0,23.45000000000116,73.49999999999991,100.0,0.0,71.15551341284188,100.0,100.0,59.02243201128067,65.20662353516202,66.65742088382751,64.01244918340144,0.0,0,1,0,0,40.0,50.0,0.0
641,0,23.35000000000116,73.59999999999991,100.0,0.0,70.77097741156575,100.0,100.0,59.17526193637303,65.42133575488529,66.65742088382751,63.932357493178046,0.0,0,1,0,0,40.5,50.0,0.0
642,0,23.250000000001158,73.6999999999999,100.0,0.0,70.61356926306388,100.0,100.0,59.37804914331025,65.63604797460857,66.65742088382751,63.931187290654364,0.0,0,1,0,0,41.0,50.0,0.0
643,0,23.150000000001157,73.7999999999999,100.0,0.0,70.62350532312868,100.0,100.0,59.606645156579475,65.85076019433184,66.65742088382751,63.98816519166218,0.0,0,1,0,0,41.5,50.0,0.0
644,0,23.050000000001155,73.89999999999989,100.0,0.0,70.75303636055048,100.0,100.0,59.84857445099786,66.06547241405511,66.65742088382751,64.08669948225032,0.0,0,1,0,0,42.0,50.0,0.0
645,0,22.950000000001154,73.99999999999989,100.0,0.0,70.96631751085674,100.0,100.0,60.09739195186465,66.28018463377839,66.65742088382751,64.21433493072432,0.0,0,1,0,0,42.5,50.0,0.0
646,0,22.850000000001153,74.09999999999988,100.0,0.0,71.23742315539232,100.0,100.0,60.349768020764714,66.49489685350167,66.65742088382751,64.36206300568298,0.0,0,1,0,0,43.0,50.0,0.0
647,0,21.850000000001153,74.59999999999988,100.0,0.0,71.54805023889317,100.0,100.0,60.60398250820554,66.70960907322493,66.65742088382751,64.52352383389525,0.0,1,0,0,0,43.5,49.8,0.0
648,0,20.850000000001153,75.09999999999988,100.0,0.0,71.91842098937369,90.0,100.0,62.17152133279204,67.17640095547814,62.180935782799814,64.9198455878123,0.0,1,0,0,0,44.0,49.599999999999994,0.0
649,0,19.850000000001153,75.59999999999988,76.69470178019601,0.0,72.75852081924316,80.0,0.0,64.47547311166468,67.64789362877355,47.44636868419413,65.47938694385371,0.0,1,0,0,0,44.5,49.39999999999999,0.0
650,0,18.850000000001153,76.09999999999988,53.014488536805615,0.0,74.15777188340994,70.0,0.0,66.23125831396769,68.11938630206897,32.54677863596555,66.23321995862764,0.0,1,0,0,0,45.0,49.19999999999999,0.0
651,0,23.75000000000115,76.19999999999987,28.95936026982879,0.0,75.74312632769016,60.0,0.0,67.69288773531194,68.5908789753644,17.482165638114065,67.05171943964555,0.0,1,0,0,0,45.5,48.999999999999986,0.0
652,0,23.70000000000115,73.19999999999987,4.5900324779937165,0.0,77.34196232545067,60.0,0.0,65.65474560847018,67.38256560330684,6.798889593795383,67.66080200486437,0.0,0,0,1,0,46.0,48.79999999999998,0.0
653,0,22.70000000000115,73.69999999999987,0.0,0.0,77.02721505921036,60.0,0.0,63.76752868972043,67.58297051701103,4.821686789564209,66.05483287450154,0.0,1,0,0,0,46.5,48.59999999999998,0.0
654,0,27.60000000000115,73.79999999999987,0.0,0.0,76.26483274529703,45.857864376269056,0.0,64.26776469817558,68.0540023908704,2.2172959317865124,66.0559556842764,0.0,1,0,0,0,47.0,48.39999999999998,0.0
655,0,26.60000000000115,74.29999999999987,0.0,0.0,75.99258975156937,45.857864376269056,0.0,61.80252235302132,66.83919586289234,2.2604461428535765,66.01434674520158,0.0,1,0,0,0,47.5,48.199999999999974,0.0
656,0,31.500000000001148,74.39999999999986,0.0,0.0,75.06305062586432,35.857864376269056,0.0,61.97601333427342,67.31625895412641,6.823231666015404,65.95708300405065,0.0,1,0,0,0,48.0,47.99999999999997,0.0
657,0,30.500000000001148,74.89999999999986,0.0,0.0,74.5721422916316,35.857864376269056,0.0,59.37009576146085,66.09542120877364,6.866381877082468,65.83909599277968,0.0,1,0,0,0,48.5,47.79999999999997,0.0
658,0,29.500000000001148,75.39999999999986,0.0,0.0,73.45213258167976,40.0,0.0,59.4381102817006,66.57851551738241,5.037437844899526,65.7153023845669,0.0,1,0,0,0,49.0,47.599999999999966,0.0
659,0,28.500000000001148,75.89999999999986,0.0,0.0,72.81132173264409,35.857864376269056,0.0,60.91838351882745,67.05000819067783,6.952682299216594,65.75888914450395,0.0,1,0,0,0,49.5,47.39999999999996,0.0
660,0,33.40000000000114,75.99999999999986,0.0,0.0,72.9585361298022,21.715728752538098,0.0,62.23216839666259,67.52150086397327,13.387562065628432,66.07772688389278,0.0,1,0,0,0,50.0,47.19999999999996,0.0
661,0,33.350000000001145,72.99999999999986,0.0,0.0,73.55499252116029,21.715728752538098,0.0,60.18500610283223,66.29613401078869,13.430712276695495,66.33954776226211,0.0,0,0,1,0,50.5,46.99999999999996,0.0
662,0,32.350000000001145,73.49999999999986,0.0,0.0,72.60766103787147,21.715728752538098,0.0,58.35864786284135,66.49653892449288,13.47386248776256,64.50298556925912,0.0,1,0,0,0,51.0,46.799999999999955,0.0
663,0,32.250000000001144,73.59999999999985,0.0,0.0,71.46093333299193,11.715728752538102,0.0,58.82196685175545,66.98462427947926,18.036648010924388,64.3676211463574,0.0,1,0,0,0,51.5,46.59999999999995,0.0
664,0,31.250000000001144,74.09999999999985,0.0,0.0,70.94745104479252,11.715728752538102,0.0,60.157802436781196,67.1997345959948,18.079798221991453,64.24079768525712,0.0,1,0,0,0,52.0,46.39999999999995,0.0
665,0,30.250000000001144,74.59999999999985,0.0,0.0,71.13455880056034,21.715728752538098,0.0,61.394079542034646,67.67122726929021,13.60331312096375,64.57369672170172,0.0,1,0,0,0,52.5,46.199999999999946,0.0
666,0,29.250000000001144,75.09999999999985,0.0,0.0,71.7384815503228,31.715728752538098,0.0,62.57693182421379,68.14271994258564,9.12682801993605,65.05292507443293,0.0,1,0,0,0,53.0,45.99999999999994,0.0
667,0,28.250000000001144,75.59999999999985,0.0,0.0,72.59234167694316,41.715728752538105,0.0,63.73111541109895,68.61421261588106,4.650342918908346,65.61989778856433,0.0,1,0,0,0,53.5,45.79999999999994,0.0
668,0,27.250000000001144,76.09999999999985,0.0,0.0,73.59720608508074,51.715728752538105,0.0,64.86991487422736,69.08570528917649,1.724751469070149,66.2398828789037,0.0,1,0,0,0,54.0,45.59999999999994,0.0
669,0,26.250000000001144,76.59999999999985,0.0,0.0,74.6939541004356,61.7157287525381,0.0,66.00045894723996,69.55719796247192,6.287536992231972,66.89212512317411,0.0,1,0,0,0,54.5,45.399999999999935,0.0
670,0,25.250000000001144,77.09999999999985,0.0,0.0,75.84698375592954,75.85786437626905,0.0,67.12657303340104,70.02869063576733,12.722416758643806,67.5641259031011,0.0,1,0,0,0,55.0,45.19999999999993,0.0
671,0,24.250000000001144,77.59999999999985,0.0,0.0,77.03469856981528,85.85786437626905,0.0,68.25030991106814,70.50018330906276,17.285202281805635,68.2483034415082,0.0,1,0,0,0,55.5,44.99999999999993,0.0
672,0,24.150000000001143,77.69999999999985,100.0,0.0,78.24390783174925,100.0,100.0,69.37277113704296,70.97167598235818,67.7361761605041,68.94002693659195,0.0,1,0,0,0,36.0,44.799999999999926,0.0
673,0,24.100000000001142,74.69999999999985,100.0,0.0,77.60240576241195,100.0,100.0,65.57811435048939,63.73225260913727,67.77932637157117,68.76826016175544,0.0,0,0,1,0,36.5,44.59999999999992,0.0
674,0,24.00000000000114,74.79999999999984,100.0,0.0,75.2200943151176,100.0,100.0,62.780747017514884,63.93265752284146,67.82247658263823,66.42902136779816,0.0,0,1,0,0,37.0,45.39999999999992,0.0
675,0,23.90000000000114,74.89999999999984,100.0,0.0,72.7319627928733,100.0,100.0,61.301436721885494,64.14736974256473,67.64987573836997,65.60461729529466,0.0,0,1,0,0,37.5,46.19999999999992,0.0
676,0,23.800000000001138,74.99999999999983,100.0,0.0,70.62028907188541,100.0,100.0,60.50305776509583,64.36208196228802,67.47727489410174,64.91302657183651,0.0,0,1,0,0,38.0,46.999999999999915,0.0
677,0,23.700000000001136,75.09999999999982,100.0,0.0,68.97590007259215,100.0,100.0,60.05645985804587,64.5767941820113,67.30467404983348,64.3862927025566,0.0,0,1,0,0,38.5,47.79999999999991,0.0
678,0,23.600000000001135,75.19999999999982,100.0,0.0,67.74553583721506,100.0,100.0,59.79159819942122,64.79150640173457,67.13207320556522,64.00562571062628,0.0,0,1,0,0,39.0,48.59999999999991,0.0
679,0,23.500000000001133,75.29999999999981,100.0,0.0,66.83828958385797,100.0,100.0,59.62062466813077,65.00621862145785,66.95947236129699,63.73895391599462,0.0,0,1,0,0,39.5,49.399999999999906,0.0
680,0,23.400000000001132,75.3999999999998,100.0,0.0,66.16708542946691,100.0,100.0,59.498155386986866,65.22093084118112,66.78687151702873,63.555557169920185,0.0,0,1,0,0,40.0,50.0,0.0
681,0,23.30000000000113,75.4999999999998,100.0,0.0,65.68311974464828,100.0,100.0,59.440237739100425,65.43564306090438,66.65742088382751,63.43821767682613,0.0,0,1,0,0,40.5,50.0,0.0
682,0,23.20000000000113,75.5999999999998,100.0,0.0,65.4040351340037,100.0,100.0,59.534149060579196,65.65035528062765,66.65742088382751,63.39315970247403,0.0,0,1,0,0,41.0,50.0,0.0
683,0,23.100000000001128,75.69999999999979,100.0,0.0,65.30566916316752,100.0,100.0,59.70649788548556,65.86506750035093,66.65742088382751,63.4118588018438,0.0,0,1,0,0,41.5,50.0,0.0
684,0,23.000000000001126,75.79999999999978,100.0,0.0,65.34804265068513,100.0,100.0,59.91936889775626,66.07977972007421,66.65742088382751,63.48021042201246,0.0,0,1,0,0,42.0,50.0,0.0
685,0,22.900000000001125,75.89999999999978,100.0,0.0,65.49310296594739,100.0,100.0,60.1531743813836,66.29449193979748,66.65742088382751,63.58478969226592,0.0,0,1,0,0,42.5,50.0,0.0
686,0,22.800000000001123,75.99999999999977,100.0,0.0,65.71018223930179,100.0,100.0,60.39779497938376,66.50920415952076,66.65742088382751,63.71477706666026,0.0,0,1,0,0,43.0,50.0,0.0
687,0,21.800000000001123,76.49999999999977,100.0,0.0,65.97647070775852,100.0,100.0,60.64800285479372,66.72391637924403,66.65742088382751,63.862125319175746,0.0,1,0,0,0,43.5,49.8,0.0
688,0,26.700000000001122,76.59999999999977,100.0,0.0,66.30915240887285,90.0,100.0,62.214063118606376,67.19064441974369,62.180935782799814,64.2465063830652,0.0,1,0,0,0,44.0,49.599999999999994,0.0
689,0,25.700000000001122,77.09999999999977,100.0,0.0,67.10289337361162,90.0,100.0,60.337851051793905,65.98014172512534,62.22408599386688,64.57993852668282,0.0,1,0,0,0,44.5,49.39999999999999,0.0
690,0,30.60000000000112,77.19999999999976,76.3197867566096,0.0,67.05356217117478,80.0,0.0,60.79378712133157,66.4529009829997,47.32449594563829,64.8295464156511,0.0,1,0,0,0,45.0,49.19999999999999,0.0
691,0,29.60000000000112,77.69999999999976,52.32647904611163,0.0,67.23251647472728,80.0,0.0,58.35564389031114,65.23636707100665,36.80672925420205,64.94608339824921,0.0,1,0,0,0,45.5,48.999999999999986,0.0
692,0,28.60000000000112,78.19999999999976,27.896435755548378,0.0,66.60472810595591,75.85786437626905,0.0,58.492977501987994,65.71515754625571,24.224634375572414,64.99161307902587,0.0,1,0,0,0,46.0,48.79999999999998,0.0
693,0,27.60000000000112,78.69999999999976,3.0914774413987054,0.0,66.321685992047,65.85786437626905,0.0,59.98969997561045,66.18665021955114,8.829975478475129,65.15876835642,0.0,1,0,0,0,46.5,48.59999999999998,0.0
694,0,26.60000000000112,79.19999999999976,0.0,0.0,66.71410732998837,55.85786437626905,0.0,61.3123118017025,66.65814289284656,2.992742757381264,65.56422541132696,0.0,1,0,0,0,47.0,48.39999999999998,0.0
695,0,31.50000000000112,79.29999999999976,0.0,0.0,67.4753620228432,45.857864376269056,0.0,62.541492806422625,67.12963556614199,2.2604461428535765,66.09980593011804,0.0,1,0,0,0,47.5,48.199999999999974,0.0
696,0,31.45000000000112,76.29999999999976,0.0,0.0,68.4283584462512,45.857864376269056,0.0,60.44889368619906,65.90932360108856,2.3035963539206397,66.4894229920692,0.0,0,0,1,0,48.0,47.99999999999997,0.0
697,0,30.45000000000112,76.79999999999976,0.0,0.0,67.72898339842922,45.857864376269056,0.0,58.60036779718307,66.10972851479275,2.3467465649877033,64.72538411965931,0.0,1,0,0,0,48.5,47.79999999999997,0.0
698,0,29.45000000000112,77.29999999999976,0.0,0.0,66.7499716291445,35.857864376269056,0.0,59.052117961880285,66.59275898164798,6.909532088149531,64.64515080029197,0.0,1,0,0,0,49.0,47.599999999999966,0.0
699,0,34.35000000000112,77.39999999999975,0.0,0.0,66.36052272718976,25.857864376269045,0.0,60.73078340854494,67.06425165494339,11.472317611311363,64.77391142985434,0.0,1,0,0,0,49.5,47.39999999999996,0.0
700,0,33.35000000000112,77.89999999999975,0.0,0.0,66.74148971165539,25.857864376269045,0.0,58.89957551373166,65.83819758874093,11.515467822378428,64.96232354097715,0.0,1,0,0,0,50.0,47.19999999999996,0.0
701,0,32.35000000000112,78.39999999999975,0.0,0.0,66.44049472376052,21.715728752538098,0.0,59.383260337040944,66.32650821819942,13.430712276695495,65.12244016974175,0.0,1,0,0,0,50.5,46.99999999999996,0.0
702,0,32.250000000001116,78.49999999999974,0.0,0.0,66.48403052597106,17.57359312880714,0.0,60.162258426167675,66.79800089149482,15.345956731012569,65.40468940614169,0.0,1,0,0,0,51.0,46.799999999999955,0.0
703,0,31.250000000001116,78.99999999999974,0.0,0.0,66.84146355797068,17.57359312880714,0.0,60.7481845234456,67.01311120801036,15.389106942079634,65.58475897411545,0.0,1,0,0,0,51.5,46.59999999999995,0.0
704,0,30.250000000001116,79.49999999999974,0.0,0.0,67.32943451915403,27.57359312880714,0.0,61.58204706997627,67.4846038813058,10.912621841051934,66.02455588535042,0.0,1,0,0,0,52.0,46.39999999999995,0.0
705,0,29.250000000001116,79.99999999999974,0.0,0.0,67.98209973835394,41.715728752538105,0.0,62.54895665544623,67.95609655460122,4.56404249677422,66.52273521049963,0.0,1,0,0,0,52.5,46.199999999999946,0.0
706,0,28.250000000001116,80.49999999999974,0.0,0.0,68.78208421998032,51.715728752538105,0.0,63.58726161107603,68.42758922789663,1.638451046936022,67.07313769303215,0.0,1,0,0,0,53.0,45.99999999999994,0.0
707,0,27.250000000001116,80.99999999999974,0.0,0.0,69.6978292435632,61.7157287525381,0.0,64.66387857215068,68.89908190119206,6.201236570097847,67.6645760924013,0.0,1,0,0,0,53.5,45.79999999999994,0.0
708,0,26.250000000001116,81.49999999999974,0.0,0.0,70.69855275416147,75.85786437626905,0.0,65.76105442602072,69.37057457448749,12.63611633650968,68.28613848797099,0.0,1,0,0,0,54.0,45.59999999999994,0.0
709,0,25.250000000001116,81.99999999999974,0.0,0.0,71.75911312884793,85.85786437626905,0.0,66.86926254166002,69.84206724778292,17.198901859671512,68.92891243401363,0.0,1,0,0,0,54.5,45.399999999999935,0.0
710,0,25.150000000001114,82.09999999999974,100.0,0.0,72.86064859224179,100.0,100.0,67.9833907620908,70.31355992107834,67.64987573836997,69.58621162591426,0.0,1,0,0,0,35.0,45.19999999999993,0.0
711,0,25.100000000001113,79.09999999999974,100.0,0.0,72.10921964571975,100.0,100.0,64.20537059222852,63.07391127338532,67.69302594943704,69.37320107207037,0.0,0,0,1,0,35.5,44.99999999999993,0.0
712,0,25.000000000001112,79.19999999999973,100.0,0.0,69.73144135490605,100.0,100.0,61.43757093532011,63.27431618708951,67.7361761605041,67.0144899300951,0.0,0,1,0,0,36.0,45.799999999999926,0.0
713,0,24.90000000000111,79.29999999999973,100.0,0.0,67.30356567562104,100.0,100.0,59.973535818745646,63.48902840681278,67.56357531623586,66.20314295292354,0.0,0,1,0,0,36.5,46.59999999999992,0.0
714,0,24.80000000000111,79.39999999999972,100.0,0.0,65.28349974177362,100.0,100.0,59.18304828685656,63.70374062653606,67.3909744719676,65.53703474225702,0.0,0,1,0,0,37.0,47.39999999999992,0.0
715,0,24.700000000001108,79.49999999999972,100.0,0.0,63.73986447200623,100.0,100.0,58.74052722805418,63.91845284625934,67.21837362769935,65.0406041882681,0.0,0,1,0,0,37.5,48.19999999999992,0.0
716,0,24.600000000001106,79.59999999999971,100.0,0.0,62.60520232694145,100.0,100.0,58.477771740601824,64.1331650659826,67.0457727834311,64.68982673068027,0.0,0,1,0,0,38.0,48.999999999999915,0.0
717,0,24.500000000001105,79.6999999999997,100.0,0.0,61.78160533499697,100.0,100.0,58.307886294208686,64.34787728570588,66.87317193916284,64.44983308747481,0.0,0,1,0,0,38.5,49.79999999999991,0.0
718,0,24.400000000001103,79.7999999999997,100.0,0.0,61.17985288503984,100.0,100.0,58.1859791367703,64.56258950542916,66.7005710948946,64.28884792308718,0.0,0,1,0,0,39.0,50.0,0.0
719,0,24.300000000001102,79.8999999999997,100.0,0.0,60.79540068843568,100.0,100.0,58.20733886890436,64.77730172515243,66.65742088382751,64.20525281892077,0.0,0,1,0,0,39.5,50.0,0.0
720,0,24.2000000000011,79.99999999999969,100.0,0.0,60.614029822241264,100.0,100.0,58.34220627269789,64.99201394487571,66.65742088382751,64.19398379881413,0.0,0,1,0,0,40.0,50.0,0.0
721,0,24.1000000000011,80.09999999999968,100.0,0.0,60.595276442711594,100.0,100.0,58.53571372668786,65.20672616459899,66.65742088382751,64.24062993017105,0.0,0,1,0,0,40.5,50.0,0.0
722,0,24.000000000001098,80.19999999999968,100.0,0.0,60.69589172605728,100.0,100.0,58.75951565713713,65.42143838432224,66.65742088382751,64.32978842801586,0.0,0,1,0,0,41.0,50.0,0.0
723,0,23.900000000001096,80.29999999999967,100.0,0.0,60.87984073225093,100.0,100.0,58.99896824444754,65.63615060404553,66.65742088382751,64.4486256847675,0.0,0,1,0,0,41.5,50.0,0.0
724,0,23.800000000001095,80.39999999999966,100.0,0.0,61.120117350737985,100.0,100.0,59.24650623506617,65.85086282376881,66.65742088382751,64.58752365125254,0.0,0,1,0,0,42.0,50.0,0.0
725,0,23.700000000001094,80.49999999999966,100.0,0.0,61.39762878926274,100.0,100.0,59.498221286573475,66.06557504349207,66.65742088382751,64.7396825547157,0.0,0,1,0,0,42.5,50.0,0.0
726,0,23.600000000001092,80.59999999999965,100.0,0.0,61.699361194187745,100.0,100.0,59.752094280857705,66.28028726321536,66.65742088382751,64.90046759652617,0.0,0,1,0,0,43.0,50.0,0.0
727,0,23.50000000000109,80.69999999999965,100.0,0.0,62.016661070791415,100.0,100.0,60.007082106156545,66.49499948293864,66.65742088382751,65.06679689128673,0.0,0,1,0,0,43.5,50.0,0.0
728,0,22.50000000000109,81.19999999999965,100.0,0.0,62.34387505292126,100.0,100.0,60.262645872673275,66.7097117026619,66.65742088382751,65.23665702971576,0.0,1,0,0,0,44.0,49.8,0.0
729,0,21.50000000000109,81.69999999999965,76.81170339507261,0.0,62.7111543992596,85.85786437626905,0.0,61.82715518423473,67.17785930801044,50.10225908288881,65.63408628284962,0.0,1,0,0,0,44.5,49.599999999999994,0.0
730,0,20.50000000000109,82.19999999999965,53.24849176655881,0.0,63.53097739083766,71.7157287525381,0.0,64.12542209196889,67.64935198130586,33.382074332327186,66.1926859875473,0.0,1,0,0,0,45.0,49.39999999999999,0.0
731,0,25.40000000000109,82.29999999999964,29.310365114458584,0.0,64.87489325196606,57.57359312880715,0.0,65.87815669290207,68.1208446546013,16.49686663214268,66.93793793084191,0.0,1,0,0,0,45.5,49.19999999999999,0.0
732,0,25.35000000000109,79.29999999999964,5.0599270864744135,0.0,66.34502030313865,57.57359312880715,0.0,64.02006494425103,66.91042450467695,5.865921218170484,67.51483906382128,0.0,0,0,1,0,46.0,48.999999999999986,0.0
733,0,24.35000000000109,79.79999999999964,0.0,0.0,66.04171697246497,57.57359312880715,0.0,62.249640846163416,67.11082941838113,3.6818891608418864,65.88420119623615,0.0,1,0,0,0,46.5,48.79999999999998,0.0
734,0,29.250000000001087,79.89999999999964,0.0,0.0,65.34362547660038,51.715728752538105,0.0,62.790044260211175,67.58396807010728,1.0774983030641967,65.90089025028185,0.0,1,0,0,0,47.0,48.59999999999998,0.0
735,0,28.250000000001087,80.39999999999964,0.0,0.0,65.16253085930782,51.715728752538105,0.0,60.36572291002662,66.36705476426245,1.12064851413126,65.88938949180996,0.0,1,0,0,0,47.5,48.39999999999998,0.0
736,0,27.250000000001087,80.89999999999964,0.0,0.0,64.31778917378122,41.715728752538105,0.0,60.540995467544256,66.84622463336329,4.132540386103583,65.85361296795409,0.0,1,0,0,0,48.0,48.199999999999974,0.0
737,0,32.150000000001086,80.99999999999963,0.0,0.0,63.936390550963765,35.857864376269056,0.0,62.091174677865396,67.31771730665871,6.823231666015404,65.98360207732205,0.0,1,0,0,0,48.5,47.99999999999997,0.0
738,0,32.10000000000109,77.99999999999963,0.0,0.0,64.28638463503056,35.857864376269056,0.0,60.173808478156005,66.09552383821061,6.866381877082468,66.16210363455141,0.0,0,0,1,0,49.0,47.79999999999997,0.0
739,0,31.10000000000109,78.49999999999963,0.0,0.0,63.2955601325953,35.857864376269056,0.0,58.41886339279523,66.2959287519148,6.909532088149531,64.28054868937166,0.0,1,0,0,0,49.5,47.599999999999966,0.0
740,0,31.000000000001087,78.59999999999962,0.0,0.0,62.19732225267251,30.000000000000004,0.0,58.91848607726415,66.78084072216471,9.60022336806135,64.15216273164894,0.0,1,0,0,0,50.0,47.39999999999996,0.0
741,0,30.000000000001087,79.09999999999962,0.0,0.0,61.78343537660071,30.000000000000004,0.0,60.27111565873025,66.99595103868023,9.643373579128415,64.05668745195953,0.0,1,0,0,0,50.5,47.19999999999996,0.0
742,0,29.000000000001087,79.59999999999962,0.0,0.0,62.062042373771256,40.0,0.0,61.51640471646217,67.46744371197568,5.166888478100717,64.42305791093517,0.0,1,0,0,0,51.0,46.99999999999996,0.0
743,0,28.000000000001087,80.09999999999962,0.0,0.0,62.71503797091924,50.0,0.0,62.704092970100646,67.93893638527109,0.6904033770730164,64.92396143551555,0.0,1,0,0,0,51.5,46.799999999999955,0.0
744,0,27.000000000001087,80.59999999999962,0.0,0.0,63.57058744923772,60.0,0.0,63.86087162392737,68.4104290585665,5.253188900234844,65.49765081571665,0.0,1,0,0,0,52.0,46.59999999999995,0.0
745,0,31.900000000001086,80.69999999999962,0.0,0.0,64.53580918191611,70.0,0.0,65.00106364540477,68.88192173186195,9.815974423396671,66.1107499017467,0.0,1,0,0,0,52.5,46.39999999999995,0.0
746,0,30.900000000001086,81.19999999999962,0.0,0.0,65.55177588720106,70.0,0.0,62.81850131891349,67.65584122978684,9.859124634463734,66.52907922422048,0.0,1,0,0,0,53.0,46.199999999999946,0.0
747,0,29.900000000001086,81.69999999999962,0.0,0.0,65.4978673500735,55.85786437626905,0.0,63.17604336895796,68.14417829511795,3.510545290186027,66.77596331477298,0.0,1,0,0,0,53.5,45.99999999999994,0.0
748,0,28.900000000001086,82.19999999999962,0.0,0.0,65.65524160344938,41.715728752538105,0.0,63.88735103774893,68.61567096841338,4.650342918908346,67.09876991342982,0.0,1,0,0,0,54.0,45.79999999999994,0.0
749,0,28.800000000001084,82.29999999999961,0.0,0.0,66.0568154136688,27.57359312880714,0.0,64.78849553043008,69.0871636417088,11.085222685320188,67.50932735440252,0.0,1,0,0,0,54.5,45.59999999999994,0.0
750,0,27.800000000001084,82.79999999999961,0.0,0.0,66.66697690810894,27.57359312880714,0.0,65.43996752609843,69.30227395822433,11.128372896387251,67.78183434399378,0.0,1,0,0,0,55.0,45.399999999999935,0.0
751,0,26.800000000001084,83.29999999999961,0.0,0.0,67.31682476804465,41.715728752538105,0.0,66.30900314912408,69.77376663151976,4.7797935521095365,68.28160675844711,0.0,1,0,0,0,55.5,45.19999999999993,0.0
752,0,25.800000000001084,83.79999999999961,0.0,0.0,68.06335638888726,51.715728752538105,0.0,67.2947872231662,70.24525930481518,1.85420210227134,68.81612158426067,0.0,1,0,0,0,56.0,44.99999999999993,0.0
753,0,24.800000000001084,84.29999999999961,0.0,0.0,68.90645691766409,61.7157287525381,0.0,68.34322055977262,70.7167519781106,6.416987625433164,69.38533755008564,0.0,1,0,0,0,56.5,44.799999999999926,0.0
754,0,23.800000000001084,84.79999999999961,0.0,0.0,69.8278665638725,75.85786437626905,0.0,69.42527258738245,71.18824465140602,12.851867391844996,69.98269316982505,0.0,1,0,0,0,57.0,44.59999999999992,0.0
755,0,22.800000000001084,85.29999999999961,0.0,0.0,70.806999640654,85.85786437626905,0.0,70.52536499309923,71.65973732470144,17.414652915006826,70.60079116813232,0.0,1,0,0,0,57.5,44.39999999999992,0.0
756,0,22.700000000001083,85.39999999999961,100.0,0.0,71.82641529517635,100.0,100.0,71.63513818151543,72.13122999799687,67.86562679370529,71.23336433655496,0.0,1,0,0,0,38.0,44.19999999999992,0.0
757,0,22.650000000001082,82.39999999999961,100.0,0.0,70.9708672505285,100.0,100.0,67.7985661879759,64.89155491443125,67.90877700477235,70.97918221864803,0.0,0,0,1,0,38.5,43.999999999999915,0.0
758,0,22.60000000000108,79.39999999999961,100.0,0.0,68.54722286625271,100.0,100.0,64.94506650123998,65.09195982813543,67.95192721583942,68.58726031718895,0.0,0,0,1,0,39.0,43.79999999999991,0.0
759,0,22.50000000000108,79.4999999999996,100.0,0.0,65.57349707237138,100.0,100.0,62.69424006897192,65.2923647418396,67.99507742690649,65.98903416664454,0.0,0,1,0,0,39.5,44.59999999999991,0.0
760,0,22.40000000000108,79.5999999999996,100.0,0.0,63.07298721050799,100.0,100.0,61.52057355875195,65.50707696156289,67.82247658263823,65.13603246083979,0.0,0,1,0,0,40.0,45.399999999999906,0.0
761,0,22.300000000001077,79.69999999999959,100.0,0.0,61.205653709912376,100.0,100.0,60.892615121346104,65.72178918128616,67.64987573836997,64.51249320236745,0.0,0,1,0,0,40.5,46.1999999999999,0.0
762,0,22.200000000001076,79.79999999999959,100.0,0.0,59.88444385188305,100.0,100.0,60.54112194656187,65.93650140100944,67.47727489410174,64.0868685775344,0.0,0,1,0,0,41.0,46.9999999999999,0.0
763,0,22.100000000001074,79.89999999999958,100.0,0.0,58.9689789186525,100.0,100.0,60.32969091350533,66.1512136207327,67.30467404983348,63.80828548667558,0.0,0,1,0,0,41.5,47.7999999999999,0.0
764,0,22.000000000001073,79.99999999999957,100.0,0.0,58.3329972654345,100.0,100.0,60.18921781331645,66.36592584045599,67.13207320556522,63.63098684252569,0.0,0,1,0,0,42.0,48.599999999999895,0.0
765,0,21.90000000000107,80.09999999999957,100.0,0.0,57.88094856912023,100.0,100.0,60.08469324407781,66.58063806017925,66.95947236129699,63.520345308492345,0.0,0,1,0,0,42.5,49.39999999999989,0.0
766,0,20.90000000000107,80.59999999999957,100.0,0.0,57.54633529200973,100.0,100.0,59.99838082991828,66.79535027990254,66.78687151702873,63.452262246856876,0.0,1,0,0,0,43.0,49.19999999999989,0.0
767,0,19.90000000000107,81.09999999999957,100.0,0.0,57.40637798644989,90.0,100.0,61.34906145284137,67.26040338853916,62.31038641600103,63.66744405670576,0.0,1,0,0,0,43.5,48.999999999999886,0.0
768,0,24.80000000000107,81.19999999999956,76.60161034427598,0.0,57.84992098996571,80.0,0.0,63.47691869520807,67.73189606183459,47.5348441033503,64.09408576482319,0.0,1,0,0,0,44.0,48.79999999999988,0.0
769,0,23.80000000000107,81.69999999999956,52.88478374104854,0.0,58.87846734201237,80.0,0.0,61.87817190681653,66.52381935385071,37.13877359629294,64.52001031898828,0.0,1,0,0,0,44.5,48.59999999999988,0.0
770,0,22.80000000000107,82.19999999999956,28.736564038151663,0.0,59.01018552142202,65.85786437626905,0.0,62.49861289422527,66.99415262509059,20.1610911411464,64.83364703883493,0.0,1,0,0,0,45.0,48.39999999999988,0.0
771,0,21.80000000000107,82.69999999999956,4.213429311668371,0.0,59.363830253359524,51.715728752538105,0.0,64.30783821698327,67.46564529838601,3.018385736376966,65.22770970788966,0.0,1,0,0,0,45.5,48.199999999999875,0.0
772,0,20.80000000000107,83.19999999999956,0.0,0.0,60.24425017488633,37.57359312880715,0.0,65.79814454246375,67.93713797168145,6.04778484042068,65.81267515157602,0.0,1,0,0,0,46.0,47.99999999999987,0.0
773,0,25.70000000000107,83.29999999999956,0.0,0.0,61.31916731250669,23.431457505076192,0.0,67.11731335114445,68.40863064497687,12.482664606832515,66.46812618179753,0.0,1,0,0,0,46.5,47.79999999999987,0.0
774,0,24.70000000000107,83.79999999999956,0.0,0.0,62.438488600974736,23.431457505076192,0.0,65.01101487681069,67.19677588393262,12.52581481789958,66.92694747744235,0.0,1,0,0,0,47.0,47.599999999999866,0.0
775,0,29.600000000001067,83.89999999999955,0.0,0.0,62.45053652063997,29.28932188134524,0.0,65.42925966991298,67.67088720823287,9.921423960121889,67.19721582102984,0.0,1,0,0,0,47.5,47.399999999999864,0.0
776,0,29.550000000001067,80.89999999999955,0.0,0.0,62.65861100401027,29.28932188134524,0.0,62.865857720280886,66.45300122981394,9.964574171188952,67.32580223297983,0.0,0,0,1,0,48.0,47.19999999999986,0.0
777,0,28.550000000001067,81.39999999999955,0.0,0.0,61.37469302638125,29.28932188134524,0.0,60.73692128467289,66.65340614351813,10.007724382256015,65.3282497369789,0.0,1,0,0,0,48.5,46.99999999999986,0.0
778,0,33.45000000000107,81.49999999999955,0.0,0.0,60.01522171910594,19.289321881345245,0.0,61.070930276426665,67.13401062373887,14.57050990541784,65.0992982144894,0.0,1,0,0,0,49.0,46.799999999999855,0.0
779,0,32.45000000000107,81.99999999999955,0.0,0.0,59.42383937879002,19.289321881345245,0.0,58.561162627397934,65.90963148939942,14.613660116484903,64.93725299243106,0.0,1,0,0,0,49.5,46.59999999999985,0.0
780,0,32.35000000000107,82.09999999999954,0.0,0.0,58.32566753041003,23.431457505076192,0.0,58.66819305116856,66.39626718699488,12.78471608430196,64.80338278615457,0.0,1,0,0,0,50.0,46.39999999999985,0.0
781,0,31.350000000001067,82.59999999999954,0.0,0.0,57.81349748498167,23.431457505076192,0.0,59.810532242691835,66.61137750351041,12.827866295369025,64.67016123365147,0.0,1,0,0,0,50.5,46.19999999999985,0.0
782,0,30.350000000001067,83.09999999999954,0.0,0.0,57.97913798038945,33.43145750507619,0.0,60.94297579592609,67.08287017680584,8.351381194341325,64.99616546263655,0.0,1,0,0,0,51.0,45.999999999999844,0.0
783,0,29.350000000001067,83.59999999999954,0.0,0.0,58.52289746505399,43.431457505076196,0.0,62.07010917642563,67.55436285010127,3.874896093313622,65.4597591506112,0.0,1,0,0,0,51.5,45.79999999999984,0.0
784,0,28.350000000001067,84.09999999999954,0.0,0.0,59.27766259739364,57.57359312880715,0.0,63.194393025278075,68.02585552339669,4.372292537914924,66.00013330646037,0.0,1,0,0,0,52.0,45.59999999999984,0.0
785,0,27.350000000001067,84.59999999999954,0.0,0.0,60.150215633606365,71.7157287525381,0.0,64.31714776556599,68.4973481966921,10.80717230432676,66.58336797561319,0.0,1,0,0,0,52.5,45.399999999999835,0.0
786,0,26.350000000001067,85.09999999999954,0.0,0.0,61.088541113039824,85.85786437626905,0.0,65.43908195943027,68.96884086998753,17.242052070738595,67.19053583811598,0.0,1,0,0,0,53.0,45.19999999999983,0.0
787,0,31.250000000001066,85.19999999999953,100.0,0.0,62.06360494020335,100.0,100.0,66.56057583371947,69.44033354328296,67.69302594943706,67.8110720040681,0.0,1,0,0,0,53.5,44.99999999999983,0.0
788,0,31.200000000001065,82.19999999999953,100.0,0.0,63.05258420935016,100.0,100.0,64.34599419490745,68.21403142340519,67.73617616050412,68.22408676321113,0.0,0,0,1,0,54.0,44.79999999999983,0.0
789,0,30.200000000001065,82.69999999999953,100.0,0.0,62.32219584804098,100.0,100.0,62.3665982631711,68.41443633710938,67.77932637157119,66.42667135166546,0.0,1,0,0,0,54.5,44.599999999999824,0.0
790,0,29.200000000001065,83.19999999999953,100.0,0.0,61.32966105231696,90.0,100.0,62.809035735438314,68.90345695878896,63.302841270543496,66.32963536197437,0.0,1,0,0,0,55.0,44.39999999999982,0.0
791,0,28.200000000001065,83.69999999999953,67.97856480178822,0.0,60.99984247379423,80.0,0.0,64.5513971720174,69.37494963208437,44.73177111656601,66.47470751969819,0.0,1,0,0,0,55.5,44.19999999999982,0.0
792,0,27.200000000001065,84.19999999999953,35.58221457999003,0.0,61.4732898156034,70.0,0.0,66.00582316568344,69.8464423053798,25.99567801296564,66.91323443046,0.0,1,0,0,0,56.0,43.999999999999815,0.0
793,0,27.100000000001064,84.29999999999953,2.810949334605411,0.0,62.293968020659094,55.85786437626905,0.0,67.30573796020664,70.31793497867523,5.22246771649236,67.47861416124319,0.0,1,0,0,0,56.5,43.79999999999981,0.0
794,0,26.100000000001064,84.79999999999953,0.0,0.0,63.254646316786946,55.85786437626905,0.0,68.17119708054715,70.53304529519075,4.02834782299081,67.8826886699243,0.0,1,0,0,0,57.0,43.59999999999981,0.0
795,0,25.100000000001064,85.29999999999953,0.0,0.0,64.1466781193681,65.85786437626905,0.0,69.15506194063968,71.00453796848618,8.591133346152636,68.4741357985769,0.0,1,0,0,0,57.5,43.39999999999981,0.0
796,0,24.100000000001064,85.79999999999953,0.0,0.0,65.04056439356953,75.85786437626905,0.0,70.20246539344382,71.4760306417816,13.153918869314463,69.06626041583885,0.0,1,0,0,0,58.0,43.199999999999804,0.0
797,0,23.100000000001064,86.29999999999953,0.0,0.0,65.95683290734011,85.85786437626905,0.0,71.2839647673766,71.94752331507702,17.716704392476295,69.66656187020914,0.0,1,0,0,0,58.5,42.9999999999998,0.0
798,0,23.000000000001062,86.39999999999952,100.0,0.0,66.89693408210309,100.0,100.0,72.38376060945579,72.41901598837245,68.16767827117476,70.27557003983861,0.0,1,0,0,0,39.0,42.7999999999998,0.0
799,0,22.95000000000106,83.39999999999952,100.0,0.0,65.92890750839908,100.0,100.0,68.53119220777441,65.17790629368692,68.21082848224182,69.97503652652645,0.0,0,0,1,0,39.5,42.599999999999795,0.0
800,0,22.85000000000106,83.49999999999952,100.0,0.0,63.52343505603532,100.0,100.0,65.65558574212415,65.37831120739109,68.2539786933089,67.56560281608171,0.0,0,1,0,0,40.0,43.39999999999979,0.0
801,0,22.75000000000106,83.59999999999951,100.0,0.0,61.21037771621215,100.0,100.0,64.13585574093341,65.59302342711437,68.08137784904063,66.77038098036647,0.0,0,1,0,0,40.5,44.19999999999979,0.0
802,0,22.650000000001057,83.6999999999995,100.0,0.0,59.40318529653918,100.0,100.0,63.316595256680515,65.80773564683764,67.90877700477238,66.1606824897602,0.0,0,1,0,0,41.0,44.99999999999979,0.0
803,0,22.550000000001056,83.7999999999995,100.0,0.0,58.10598224524425,100.0,100.0,62.859209586999896,66.02244786656092,67.73617616050414,65.73801996433498,0.0,0,1,0,0,41.5,45.799999999999784,0.0
804,0,22.450000000001054,83.8999999999995,100.0,0.0,57.20720659845147,100.0,100.0,62.58877478135427,66.2371600862842,67.56357531623588,65.4614786304017,0.0,0,1,0,0,42.0,46.59999999999978,0.0
805,0,22.350000000001053,83.99999999999949,100.0,0.0,56.58751548336165,100.0,100.0,62.41492206475161,66.45187230600747,67.39097447196762,65.28729010613615,0.0,0,1,0,0,42.5,47.39999999999978,0.0
806,0,22.25000000000105,84.09999999999948,100.0,0.0,56.15176156471479,100.0,100.0,62.29096534607362,66.66658452573076,67.21837362769939,65.18055959806182,0.0,0,1,0,0,43.0,48.199999999999775,0.0
807,0,22.15000000000105,84.19999999999948,100.0,0.0,55.83261151307076,100.0,100.0,62.1927857733817,66.88129674545404,67.04577278343113,65.11659295559136,0.0,0,1,0,0,43.5,48.99999999999977,0.0
808,0,21.15000000000105,84.69999999999948,100.0,0.0,55.58541313846136,100.0,100.0,62.107923125549945,67.0960089651773,66.87317193916287,65.07901421882052,0.0,1,0,0,0,44.0,48.79999999999977,0.0
809,0,26.05000000000105,84.79999999999947,100.0,0.0,55.50386006287134,90.0,100.0,63.519114831945075,67.56243284318029,62.396686838135174,65.31450499768847,0.0,1,0,0,0,44.5,48.59999999999977,0.0
810,0,25.05000000000105,85.29999999999947,100.0,0.0,55.993840635841636,90.0,100.0,61.54466021681591,66.35223431105861,62.43983704920224,65.54728283013436,0.0,1,0,0,0,45.0,48.399999999999764,0.0
811,0,24.05000000000105,85.79999999999947,75.47686527351664,0.0,55.6768995370073,80.0,0.0,61.96554609553501,66.82468940643629,47.16922588768277,65.69644626798427,0.0,1,0,0,0,45.5,48.19999999999976,0.0
812,0,23.05000000000105,86.29999999999947,50.57881552344685,0.0,55.71667034480258,65.85786437626905,0.0,63.66237393713466,67.29618207973171,29.861497533290407,65.9764319540709,0.0,1,0,0,0,46.0,47.99999999999976,0.0
813,0,22.05000000000105,86.79999999999947,25.30585074979064,0.0,56.37889041809436,55.85786437626905,0.0,65.09236580664295,67.76767475302715,14.26084047252514,66.48469769140372,0.0,1,0,0,0,46.5,47.799999999999756,0.0
814,0,26.950000000001047,86.89999999999947,0.0,0.0,57.28926916654886,41.715728752538105,0.0,66.3791688224097,68.23916742632257,4.261991019304821,67.08397434034578,0.0,1,0,0,0,47.0,47.59999999999975,0.0
815,0,26.900000000001047,83.89999999999947,0.0,0.0,58.276861868636075,41.715728752538105,0.0,64.26523438730598,67.02519084114053,4.305141230371884,67.49924884944038,0.0,0,0,1,0,47.5,47.39999999999975,0.0
816,0,25.900000000001047,84.39999999999947,0.0,0.0,57.60433371396326,41.715728752538105,0.0,62.35302053338722,67.2255957548447,4.348291441438948,65.71325132301341,0.0,1,0,0,0,48.0,47.19999999999975,0.0
817,0,30.800000000001045,84.49999999999946,0.0,0.0,56.68314866694885,27.57359312880714,0.0,62.821507355554814,67.70229084182856,10.783171207850788,65.63937213340711,0.0,1,0,0,0,48.5,46.999999999999744,0.0
818,0,29.800000000001045,84.99999999999946,0.0,0.0,56.411626810342376,27.57359312880714,0.0,60.3586981569701,66.48182110072601,10.826321418917853,65.59246385477822,0.0,1,0,0,0,49.0,46.79999999999974,0.0
819,0,34.70000000000104,85.09999999999945,0.0,0.0,55.51863049465127,33.43145750507619,0.0,60.514317651943,66.96454740508459,8.221930561140159,65.52896187000057,0.0,1,0,0,0,49.5,46.59999999999974,0.0
820,0,33.70000000000104,85.59999999999945,0.0,0.0,55.15739868037622,33.43145750507619,0.0,57.91829584885862,65.73804644660733,8.265080772207224,65.44902838724954,0.0,1,0,0,0,50.0,46.399999999999736,0.0
821,0,32.70000000000104,86.09999999999945,0.0,0.0,54.171424272670116,29.28932188134524,0.0,57.97221444741491,66.22680396834058,10.18032522652429,65.35129808994692,0.0,1,0,0,0,50.5,46.19999999999973,0.0
822,0,32.60000000000104,86.19999999999945,0.0,0.0,53.73482152211372,15.147186257614287,0.0,59.42918889629645,66.69829664163602,16.61520499293613,65.45580967958524,0.0,1,0,0,0,51.0,45.99999999999973,0.0
823,0,31.60000000000104,86.69999999999945,0.0,0.0,54.062420903143966,15.147186257614287,0.0,60.37892897658532,66.91340695815154,16.65835520400319,65.62945775480013,0.0,1,0,0,0,51.5,45.79999999999973,0.0
824,0,30.60000000000104,87.19999999999945,0.0,0.0,54.626693790647124,29.28932188134524,0.0,61.40802047517287,67.38489963144697,10.309775859725484,66.10242478803488,0.0,1,0,0,0,52.0,45.599999999999724,0.0
825,0,29.60000000000104,87.69999999999945,0.0,0.0,55.34372440486615,43.431457505076196,0.0,62.479693333911754,67.8563923047424,3.9611965154477744,66.63162699557061,0.0,1,0,0,0,52.5,45.39999999999972,0.0
826,0,28.60000000000104,88.19999999999945,0.0,0.0,56.15644853233301,57.57359312880715,0.0,63.57421609591906,68.32788497803782,4.458592960049076,67.1960571520465,0.0,1,0,0,0,53.0,45.19999999999972,0.0
827,0,27.60000000000104,88.69999999999945,0.0,0.0,57.02783351457526,71.7157287525381,0.0,64.68100051602093,68.79937765133323,10.893472726460912,67.78208231038491,0.0,1,0,0,0,53.5,44.999999999999716,0.0
828,0,26.60000000000104,89.19999999999945,0.0,0.0,57.9345914448475,85.85786437626905,0.0,65.79436475650373,69.27087032462866,17.328352492872746,68.38112942146357,0.0,1,0,0,0,54.0,44.79999999999971,0.0
829,0,26.500000000001037,89.29999999999944,100.0,0.0,58.862405960499004,100.0,100.0,66.91125984378647,69.74236299792409,67.7793263715712,68.98792815843014,0.0,1,0,0,0,34.5,44.59999999999971,0.0
830,0,26.450000000001037,86.29999999999944,100.0,0.0,57.860491953326274,100.0,100.0,63.151652730201334,62.501516403184866,67.82247658263827,68.67213835885828,0.0,0,0,1,0,35.0,44.39999999999971,0.0
831,0,26.350000000001035,86.39999999999944,100.0,0.0,55.56649040695528,100.0,100.0,60.40763023956107,62.70192131688904,67.86562679370533,66.28463293593782,0.0,0,1,0,0,35.5,45.199999999999704,0.0
832,0,26.250000000001034,86.49999999999943,100.0,0.0,53.40394589058388,100.0,100.0,58.95587882331373,62.91663353661232,67.69302594943709,65.5386049461423,0.0,0,1,0,0,36.0,45.9999999999997,0.0
833,0,26.150000000001032,86.59999999999943,100.0,0.0,51.74436948706274,100.0,100.0,58.17173726604688,63.13134575633559,67.52042510516883,64.97842001489013,0.0,0,1,0,0,36.5,46.7999999999997,0.0
834,0,26.05000000000103,86.69999999999942,100.0,0.0,50.57206518074303,100.0,100.0,57.73249464882427,63.34605797605887,67.34782426090058,64.59827857858951,0.0,0,1,0,0,37.0,47.599999999999696,0.0
835,0,25.95000000000103,86.79999999999941,100.0,0.0,49.77038574921042,100.0,100.0,57.471432861683034,63.560770195782155,67.17522341663233,64.35508033718125,0.0,0,1,0,0,37.5,48.39999999999969,0.0
836,0,25.850000000001028,86.89999999999941,100.0,0.0,49.22232953000781,100.0,100.0,57.30242241051983,63.77548241550542,67.00262257236407,64.20559402758889,0.0,0,1,0,0,38.0,49.19999999999969,0.0
837,0,25.750000000001027,86.9999999999994,100.0,0.0,48.83779011612826,100.0,100.0,57.180967290934504,63.99019463522869,66.83002172809584,64.11652598795854,0.0,0,1,0,0,38.5,49.99999999999969,0.0
838,0,25.650000000001025,87.0999999999994,100.0,0.0,48.55471118124589,100.0,100.0,57.08408008812577,64.20490685495197,66.65742088382758,64.06494685718017,0.0,0,1,0,0,39.0,50.0,0.0
839,0,25.550000000001024,87.19999999999939,100.0,0.0,48.42272217398932,100.0,100.0,57.157859055347146,64.41961907467524,66.65742088382751,64.06919435546179,0.0,0,1,0,0,39.5,50.0,0.0
840,0,25.450000000001022,87.29999999999939,100.0,0.0,48.42706682558166,100.0,100.0,57.31980715361568,64.63433129439852,66.65742088382751,64.12381614884394,0.0,0,1,0,0,40.0,50.0,0.0
841,0,25.35000000000102,87.39999999999938,100.0,0.0,48.532309291395585,100.0,100.0,57.527304968434564,64.8490435141218,66.65742088382751,64.215718950537,0.0,0,1,0,0,40.5,50.0,0.0
842,0,25.25000000000102,87.49999999999937,100.0,0.0,48.70560349683996,100.0,100.0,57.75833456419738,65.06375573384506,66.65742088382751,64.3327663749387,0.0,0,1,0,0,41.0,50.0,0.0
843,0,25.150000000001018,87.59999999999937,100.0,0.0,48.922380003343164,100.0,100.0,58.001521089933206,65.27846795356834,66.65742088382751,64.46588019324258,0.0,0,1,0,0,41.5,50.0,0.0
844,0,25.050000000001017,87.69999999999936,100.0,0.0,49.165972519163795,100.0,100.0,58.25098809850715,65.49318017329162,66.65742088382751,64.6089023318995,0.0,0,1,0,0,42.0,50.0,0.0
845,0,24.950000000001015,87.79999999999936,100.0,0.0,49.42569386424695,100.0,100.0,58.50369971445873,65.70789239301489,66.65742088382751,64.7578839556297,0.0,0,1,0,0,42.5,50.0,0.0
846,0,24.850000000001014,87.89999999999935,100.0,0.0,49.6949370362559,100.0,100.0,58.75808755138033,65.92260461273817,66.65742088382751,64.9103838251365,0.0,0,1,0,0,43.0,50.0,0.0
847,0,24.750000000001013,87.99999999999935,100.0,0.0,49.96972111850016,100.0,100.0,59.01334135339823,66.13731683246144,66.65742088382751,65.06493102066446,0.0,0,1,0,0,43.5,50.0,0.0
848,0,24.65000000000101,88.09999999999934,100.0,0.0,50.24769276807794,100.0,100.0,59.26904252814412,66.35202905218472,66.65742088382751,65.2206559991322,0.0,0,1,0,0,44.0,50.0,0.0
849,0,24.55000000000101,88.19999999999933,100.0,0.0,50.52748108703232,100.0,100.0,59.52497482347279,66.566741271908,66.65742088382751,65.37705222371812,0.0,0,1,0,0,44.5,50.0,0.0
850,0,23.55000000000101,88.69999999999933,100.0,0.0,50.808296754846424,100.0,100.0,59.781026519740436,66.78145349163127,66.65742088382751,65.53382804623362,0.0,1,0,0,0,45.0,49.8,0.0
851,0,22.55000000000101,89.19999999999933,100.0,0.0,51.124880727806044,90.0,100.0,61.34110090347025,67.2519933344028,62.180935782799814,65.91588590218822,0.0,1,0,0,0,45.5,49.599999999999994,0.0
852,0,21.55000000000101,89.69999999999933,75.92096155406655,0.0,51.885408282461,80.0,0.0,63.631731251900376,67.72348600769823,47.10579845807636,66.46197768183517,0.0,1,0,0,0,46.0,49.39999999999999,0.0
853,0,26.45000000000101,89.79999999999933,51.46700808454668,0.0,53.1235042485543,70.0,0.0,65.38036794142862,68.19497868099364,31.865638183730017,67.1845275151397,0.0,1,0,0,0,46.5,49.19999999999999,0.0
854,0,26.400000000001008,86.79999999999933,26.702309421590126,0.0,54.41700950966404,70.0,0.0,63.52496686329238,66.9821662936463,21.008335324685937,67.71548477493671,0.0,0,0,1,0,47.0,48.999999999999986,0.0
855,0,25.400000000001008,87.29999999999933,1.5615906772964792,0.0,54.00939698824235,70.0,0.0,61.76131021943035,67.18257120735049,9.985523112759422,66.019593875737,0.0,1,0,0,0,47.5,48.79999999999998,0.0
856,0,24.400000000001008,87.79999999999933,0.0,0.0,53.29074901107299,60.0,0.0,62.30045570517878,67.65810209649963,4.821686789564209,66.0180299816796,0.0,1,0,0,0,48.0,48.59999999999998,0.0
857,0,23.400000000001008,88.29999999999933,0.0,0.0,53.174420492457855,50.0,0.0,64.06813236087822,68.12959476979506,0.3452016885365082,66.23982096368566,0.0,1,0,0,0,48.5,48.39999999999998,0.0
858,0,28.300000000001006,88.39999999999932,0.0,0.0,53.779729733612854,40.0,0.0,65.53614294428174,68.60108744309048,4.907987211698336,66.72921298382367,0.0,1,0,0,0,49.0,48.199999999999974,0.0
859,0,27.300000000001006,88.89999999999932,0.0,0.0,54.64327017713613,40.0,0.0,63.5253686731401,67.38328400936554,4.9511374227654,67.1024207206099,0.0,1,0,0,0,49.5,47.99999999999997,0.0
860,0,26.300000000001006,89.39999999999932,0.0,0.0,54.492550433594516,25.857864376269045,0.0,63.979220324566576,67.8633440063465,11.386017189177238,67.31145859017366,0.0,1,0,0,0,50.0,47.79999999999997,0.0
861,0,31.200000000001005,89.49999999999932,0.0,0.0,54.63877443324442,11.715728752538102,0.0,64.74220941141414,68.33483667964192,17.820896955589074,67.63061050638896,0.0,1,0,0,0,50.5,47.599999999999966,0.0
862,0,31.150000000001004,86.49999999999932,0.0,0.0,55.030651453471606,11.715728752538102,0.0,62.365205711275394,67.11175308331372,17.864047166656135,67.82891383994233,0.0,0,0,1,0,51.0,47.39999999999996,0.0
863,0,30.150000000001004,86.99999999999932,0.0,0.0,53.968140772154115,11.715728752538102,0.0,60.336591480489645,67.3121579970179,17.9071973777232,65.8896743606419,0.0,1,0,0,0,51.5,47.19999999999996,0.0
864,0,30.050000000001003,87.09999999999931,0.0,0.0,52.83391624747664,7.573593128807143,0.0,60.72349381480229,67.79796009514791,19.822441832040262,65.7323735145654,0.0,1,0,0,0,52.0,46.99999999999996,0.0
865,0,29.050000000001003,87.59999999999931,0.0,0.0,52.46488786040702,7.573593128807143,0.0,62.04573749555785,68.01307041166345,19.865592043107327,65.64800266622088,0.0,1,0,0,0,52.5,46.799999999999955,0.0
866,0,28.050000000001003,88.09999999999931,0.0,0.0,52.79482155307444,17.57359312880714,0.0,63.27472094704582,68.48456308495888,15.389106942079634,66.03555839890821,0.0,1,0,0,0,53.0,46.59999999999995,0.0
867,0,27.050000000001003,88.59999999999931,0.0,0.0,53.44483323051891,27.57359312880714,0.0,64.45365932693478,68.9560557582543,10.912621841051934,66.54222461682676,0.0,1,0,0,0,53.5,46.39999999999995,0.0
868,0,26.050000000001003,89.09999999999931,0.0,0.0,54.238953843417896,41.715728752538105,0.0,65.60574264533594,69.42754843154972,4.56404249677422,67.10251803200508,0.0,1,0,0,0,54.0,46.199999999999946,0.0
869,0,25.050000000001003,89.59999999999931,0.0,0.0,55.09650422586569,51.715728752538105,0.0,66.7434150676294,69.89904110484514,1.638451046936022,67.68641554052437,0.0,1,0,0,0,54.5,45.99999999999994,0.0
870,0,24.050000000001003,90.09999999999931,0.0,0.0,55.98110294285789,61.7157287525381,0.0,67.87335435080047,70.37053377814055,6.201236570097847,68.28037853434883,0.0,1,0,0,0,55.0,45.79999999999994,0.0
871,0,28.950000000001,90.1999999999993,0.0,0.0,56.87670237547968,75.85786437626905,0.0,68.9991438961454,70.842026451436,12.63611633650968,68.87843521983233,0.0,1,0,0,0,55.5,45.59999999999994,0.0
872,0,27.950000000001,90.6999999999993,0.0,0.0,57.768026249314204,75.85786437626905,0.0,66.74754604709086,69.61655793102366,12.679266547576741,69.26307872579633,0.0,1,0,0,0,56.0,45.399999999999935,0.0
873,0,26.950000000001,91.1999999999993,0.0,0.0,57.53930776365614,71.7157287525381,0.0,67.12934932896827,70.10428301469199,10.850322515393803,69.44274345941297,0.0,1,0,0,0,56.5,45.19999999999993,0.0
874,0,25.950000000001,91.6999999999993,0.0,0.0,57.623819597238565,61.7157287525381,0.0,67.85367599946761,70.57577568798742,6.3738374143661005,69.7389704593781,0.0,1,0,0,0,57.0,44.99999999999993,0.0
875,0,25.850000000001,91.7999999999993,0.0,0.0,57.980890722391635,47.57359312880715,0.0,68.7618067163706,71.04726836128285,2.2185529053989104,70.13662483334983,0.0,1,0,0,0,57.5,44.799999999999926,0.0
876,0,24.850000000001,92.2999999999993,0.0,0.0,58.53674762714058,47.57359312880715,0.0,69.41702764225427,71.26237867779837,2.261703116465974,70.39643115785422,0.0,1,0,0,0,58.0,44.59999999999992,0.0
877,0,23.850000000001,92.7999999999993,0.0,0.0,59.107575016265955,57.57359312880715,0.0,70.28807500686065,71.73387135109381,4.631193804317284,70.87363056001867,0.0,1,0,0,0,58.5,44.39999999999992,0.0
878,0,22.850000000001,93.2999999999993,0.0,0.0,59.75844122284606,71.7157287525381,0.0,71.27493861665168,72.20536402438923,11.06607357072912,71.3806147735034,0.0,1,0,0,0,59.0,44.19999999999992,0.0
879,0,21.850000000001,93.7999999999993,0.0,0.0,60.488459183657994,85.85786437626905,0.0,72.32395125103886,72.67685669768464,17.500953337140952,71.91705369584615,0.0,1,0,0,0,59.5,43.999999999999915,0.0
880,0,21.750000000001,93.8999999999993,100.0,0.0,61.27915208569643,100.0,100.0,73.40631413997878,73.14834937098007,67.95192721583942,72.47607155843023,0.0,1,0,0,0,40.0,43.79999999999991,0.0
881,0,21.700000000000998,90.8999999999993,100.0,0.0,60.15104731488787,100.0,100.0,69.52661438770093,65.90778415953433,67.99507742690649,72.10922593614058,0.0,0,0,1,0,40.5,43.59999999999991,0.0
882,0,21.650000000000997,87.8999999999993,100.0,0.0,57.76236163877846,100.0,100.0,66.6234203670913,66.10818907323852,68.03822763797355,69.67866071085719,0.0,0,0,1,0,41.0,43.399999999999906,0.0
883,0,21.550000000000995,87.99999999999929,100.0,0.0,55.11608308175089,100.0,100.0,64.32146635795951,66.30859398694271,68.0813778490406,67.14636124181848,0.0,0,1,0,0,41.5,44.1999999999999,0.0
884,0,21.450000000000994,88.09999999999928,100.0,0.0,53.023555312404675,100.0,100.0,63.121897722282704,66.52330620666599,67.90877700477235,66.41526762659403,0.0,0,1,0,0,42.0,44.9999999999999,0.0
885,0,21.350000000000993,88.19999999999928,100.0,0.0,51.5686678054228,100.0,100.0,62.48081681468881,66.73801842638926,67.73617616050412,65.92307357904033,0.0,0,1,0,0,42.5,45.7999999999999,0.0
886,0,21.25000000000099,88.29999999999927,100.0,0.0,50.6092142726312,100.0,100.0,62.12267556679091,66.95273064611254,67.56357531623586,65.61649980867023,0.0,0,1,0,0,43.0,46.599999999999895,0.0
887,0,21.15000000000099,88.39999999999927,100.0,0.0,49.98398153493011,100.0,100.0,61.90787650351664,67.16744286583581,67.3909744719676,65.43514586547607,0.0,0,1,0,0,43.5,47.39999999999989,0.0
888,0,20.15000000000099,88.89999999999927,100.0,0.0,49.56824884091304,100.0,100.0,61.76569710026017,67.38215508555909,67.21837362769936,65.33228362491928,0.0,1,0,0,0,44.0,47.19999999999989,0.0
889,0,19.15000000000099,89.39999999999927,100.0,0.0,49.39954855593357,90.0,100.0,63.1102327163604,67.8473021284913,62.74188852667166,65.5335630241105,0.0,1,0,0,0,44.5,46.999999999999886,0.0
890,0,18.15000000000099,89.89999999999927,74.91576737809032,0.0,49.841402787017685,80.0,0.0,65.2638876892269,68.31879480178671,47.22430398743929,65.96359399144482,0.0,1,0,0,0,45.0,46.79999999999988,0.0
891,0,17.15000000000099,90.39999999999927,49.456619732594234,0.0,50.84980665784774,65.85786437626905,0.0,67.92970130499394,68.79028747508214,29.669602255334013,66.60588957252465,0.0,1,0,0,0,45.5,46.59999999999988,0.0
892,0,16.15000000000099,90.89999999999927,23.622557063511714,0.0,52.30376194054912,55.85786437626905,0.0,69.87966790357427,69.26178014837757,13.821971816855845,67.41511633087435,0.0,1,0,0,0,46.0,46.39999999999988,0.0
893,0,21.05000000000099,90.99999999999926,0.0,0.0,53.73234646650058,41.715728752538105,0.0,71.44549846141805,69.733272821673,4.564042496774235,68.21483763108914,0.0,1,0,0,0,46.5,46.199999999999875,0.0
894,0,21.000000000000988,87.99999999999926,0.0,0.0,55.01279471043634,41.715728752538105,0.0,69.41186213863683,68.52735534370784,4.607192707841298,68.74746991100977,0.0,0,0,1,0,47.0,45.99999999999987,0.0
895,0,20.000000000000988,88.49999999999926,0.0,0.0,54.48209607059532,41.715728752538105,0.0,67.46953383502776,68.72776025741203,4.650342918908361,67.0036868107332,0.0,1,0,0,0,47.5,45.79999999999987,0.0
896,0,24.900000000000986,88.59999999999926,0.0,0.0,53.65729533703457,27.57359312880714,0.0,67.9898365368935,69.19639623717897,11.085222685320204,66.9579946386116,0.0,1,0,0,0,48.0,45.599999999999866,0.0
897,0,23.900000000000986,89.09999999999926,0.0,0.0,53.50773627185691,27.57359312880714,0.0,65.48642279724874,67.98398560329333,11.128372896387267,66.95464533129041,0.0,1,0,0,0,48.5,45.399999999999864,0.0
898,0,28.800000000000985,89.19999999999925,0.0,0.0,52.6742369687172,21.715728752538098,0.0,65.68855092046945,68.45865280043499,13.819064176299081,66.90568344562337,0.0,1,0,0,0,49.0,45.19999999999986,0.0
899,0,27.800000000000985,89.69999999999925,0.0,0.0,52.41411736491915,21.715728752538098,0.0,63.04907064393289,67.24021094917465,13.862214387366146,66.86077543288079,0.0,1,0,0,0,49.5,44.99999999999986,0.0
900,0,32.70000000000098,89.79999999999924,0.0,0.0,51.48222238747424,7.573593128807143,0.0,63.14805398085146,67.720909363691,20.29709415377798,66.77482750414438,0.0,1,0,0,0,50.0,44.799999999999855,0.0
901,0,32.650000000000986,86.79999999999924,0.0,0.0,51.141363320193484,7.573593128807143,0.0,60.48813773352313,66.49643629505597,20.340244364845045,66.69957025811635,0.0,0,0,1,0,50.5,44.59999999999985,0.0
902,0,31.650000000000986,87.29999999999924,0.0,0.0,49.66134099999732,7.573593128807143,0.0,58.38281805849874,66.69684120876016,20.383394575912106,64.59285488358134,0.0,1,0,0,0,51.0,44.39999999999985,0.0
903,0,31.550000000000985,87.39999999999924,0.0,0.0,48.346575858684034,3.4314575050762075,0.0,58.688139144029805,67.184032779197,22.298639030229175,64.36126584389649,0.0,1,0,0,0,51.5,44.19999999999985,0.0
904,0,30.550000000000985,87.89999999999924,0.0,0.0,47.9127412172233,3.4314575050762075,0.0,59.90577381218586,67.39914309571253,22.34178924129624,64.2505092566184,0.0,1,0,0,0,52.0,43.999999999999844,0.0
905,0,29.550000000000985,88.39999999999924,0.0,0.0,48.192979622044405,13.431457505076205,0.0,62.01475815146824,67.87063576900796,17.865304140268538,64.62038973512267,0.0,1,0,0,0,52.5,43.79999999999984,0.0
906,0,28.550000000000985,88.89999999999924,0.0,0.0,49.10303489910555,23.431457505076192,0.0,63.66592041266984,68.34212844230338,13.388819039240847,65.22777166095078,0.0,1,0,0,0,53.0,43.59999999999984,0.0
907,0,27.550000000000985,89.39999999999924,0.0,0.0,50.15077946745521,33.43145750507619,0.0,65.07140733233426,68.8136211155988,8.912333938213145,65.88707567302869,0.0,1,0,0,0,53.5,43.399999999999835,0.0
908,0,26.550000000000985,89.89999999999924,0.0,0.0,51.17972801186231,43.431457505076196,0.0,66.34506056304153,69.28511378889422,4.435848837185441,66.53929177894362,0.0,1,0,0,0,54.0,43.19999999999983,0.0
909,0,25.550000000000985,90.39999999999924,0.0,0.0,52.155700404926364,57.57359312880715,0.0,67.54796952842977,69.75660646218965,4.933245281786744,67.17153078806712,0.0,1,0,0,0,54.5,42.99999999999983,0.0
910,0,24.550000000000985,90.89999999999924,0.0,0.0,53.08339709402617,71.7157287525381,0.0,68.71291588262874,70.22809913548507,11.368125048198582,67.78556522048356,0.0,1,0,0,0,55.0,42.79999999999983,0.0
911,0,23.550000000000985,91.39999999999924,0.0,0.0,53.976003414122644,85.85786437626905,0.0,69.85749083510615,70.69959180878051,17.803004814610414,68.38636721376928,0.0,1,0,0,0,55.5,42.599999999999824,0.0
912,0,28.450000000000983,91.49999999999923,100.0,0.0,54.845529266864105,100.0,100.0,70.99113413680669,71.17108448207593,68.25397869330888,68.97846565425523,0.0,1,0,0,0,56.0,42.39999999999982,0.0
913,0,27.450000000000983,91.99999999999923,100.0,0.0,55.697849050352005,100.0,100.0,68.71912093858509,69.94572859889965,68.29712890437594,69.35271280516038,0.0,1,0,0,0,56.5,42.19999999999982,0.0
914,0,26.450000000000983,92.49999999999923,100.0,0.0,55.40407954743947,90.0,100.0,69.11459879902904,70.43334104533193,63.82064380334825,69.50613717575314,0.0,1,0,0,0,57.0,41.999999999999815,0.0
915,0,26.350000000000982,92.59999999999923,65.54289178842973,0.0,55.47300249191361,75.85786437626905,0.0,69.84626348776857,70.90483371862736,42.305391280293314,69.79633143134659,0.0,1,0,0,0,57.5,41.79999999999981,0.0
916,0,25.350000000000982,93.09999999999923,30.710868553273038,0.0,55.82267822721266,75.85786437626905,0.0,70.4067896538003,71.11994403514288,27.01684536296026,69.9810335030464,0.0,1,0,0,0,58.0,41.59999999999981,0.0
917,0,24.350000000000982,93.59999999999923,0.0,0.0,56.24479635793827,85.85786437626905,0.0,71.22702215258383,71.59143670843831,18.061906081012793,70.40441626409256,0.0,1,0,0,0,58.5,41.39999999999981,0.0
918,0,24.25000000000098,93.69999999999922,100.0,0.0,56.78766381358198,100.0,100.0,72.18661761583084,72.06292938173374,68.51287995971127,70.87333311718268,0.0,1,0,0,0,39.0,41.199999999999804,0.0
919,0,24.20000000000098,90.69999999999922,100.0,0.0,55.45528546233746,100.0,100.0,68.2644541890746,64.82022364320974,68.55603017077831,70.42373925678048,0.0,0,0,1,0,39.5,40.9999999999998,0.0
920,0,24.10000000000098,90.79999999999922,100.0,0.0,53.05071452429732,100.0,100.0,65.35351264490669,65.02062855691392,68.59918038184539,67.9696868226112,0.0,0,1,0,0,40.0,41.7999999999998,0.0
921,0,24.000000000000977,90.89999999999921,100.0,0.0,50.94233223355323,100.0,100.0,63.81552792359283,65.2353407766372,68.42657953757714,67.22494570463901,0.0,0,1,0,0,40.5,42.599999999999795,0.0
922,0,23.900000000000976,90.9999999999992,100.0,0.0,49.4291420032945,100.0,100.0,62.98683673136495,65.45005299636047,68.2539786933089,66.70535262094684,0.0,0,1,0,0,41.0,43.39999999999979,0.0
923,0,23.800000000000974,91.0999999999992,100.0,0.0,48.42363850027492,100.0,100.0,62.52457899285448,65.66476521608375,68.08137784904063,66.37780623319809,0.0,0,1,0,0,41.5,44.19999999999979,0.0
924,0,23.700000000000973,91.19999999999919,100.0,0.0,47.77105769636738,100.0,100.0,62.25162719116298,65.87947743580703,67.90877700477238,66.18376272163535,0.0,0,1,0,0,42.0,44.99999999999979,0.0
925,0,23.60000000000097,91.29999999999919,100.0,0.0,47.34184250887135,100.0,100.0,62.07647415034157,66.0941896555303,67.73617616050414,66.07421349821847,0.0,0,1,0,0,42.5,45.799999999999784,0.0
926,0,23.50000000000097,91.39999999999918,100.0,0.0,47.046603038003994,100.0,100.0,61.95184566140925,66.30890187525357,67.56357531623588,66.01534433463911,0.0,0,1,0,0,43.0,46.59999999999978,0.0
927,0,23.40000000000097,91.49999999999918,100.0,0.0,46.82899058340695,100.0,100.0,61.853319040444205,66.52361409497685,67.39097447196762,65.98583975987171,0.0,0,1,0,0,43.5,47.39999999999978,0.0
928,0,23.300000000000967,91.59999999999917,100.0,0.0,46.65529060152765,100.0,100.0,61.76827710139928,66.73832631470012,67.21837362769939,65.97294630539496,0.0,0,1,0,0,44.0,48.199999999999775,0.0
929,0,23.200000000000966,91.69999999999916,100.0,0.0,46.506001138211545,100.0,100.0,61.690201585091415,66.9530385344234,67.04577278343113,65.96928681191187,0.0,0,1,0,0,44.5,48.99999999999977,0.0
930,0,22.200000000000966,92.19999999999916,100.0,0.0,46.37010339301298,100.0,100.0,61.61572504472075,67.16775075414667,66.87317193916287,65.97069311014542,0.0,1,0,0,0,45.0,48.79999999999977,0.0
931,0,21.200000000000966,92.69999999999916,100.0,0.0,46.367193310410684,90.0,100.0,63.02748960788364,67.63656686957265,62.396686838135174,66.23365938557579,0.0,1,0,0,0,45.5,48.59999999999977,0.0
932,0,20.200000000000966,93.19999999999916,75.33595347968343,0.0,46.91223293274851,80.0,0.0,65.26503193492726,68.10805954286806,47.064051808826775,66.70390295373583,0.0,1,0,0,0,46.0,48.399999999999764,0.0
933,0,25.100000000000964,93.29999999999916,50.296991935780426,0.0,47.98268945586665,65.85786437626905,0.0,66.98518066284313,68.57955221616349,29.694299586645464,67.3729001515927,0.0,1,0,0,0,46.5,48.19999999999976,0.0
934,0,25.050000000000963,90.29999999999916,24.937844453569248,0.0,49.10672999500454,65.85786437626905,0.0,65.09348068590339,67.3684635561617,18.575343575868892,67.85091332492664,0.0,0,0,1,0,47.0,47.99999999999976,0.0
935,0,24.050000000000963,90.79999999999916,0.0,0.0,48.57302978696989,65.85786437626905,0.0,63.287736394315814,67.56886846986589,7.641828702677263,66.09674090611561,0.0,1,0,0,0,47.5,47.799999999999756,0.0
936,0,23.050000000000963,91.29999999999916,0.0,0.0,47.813122316295235,60.0,0.0,63.824502793547275,68.04267563166948,5.037437844899573,66.07233673420185,0.0,1,0,0,0,48.0,47.59999999999975,0.0
937,0,22.050000000000963,91.79999999999916,0.0,0.0,47.729340671396315,45.857864376269056,0.0,65.61431769085198,68.51416830496491,2.4330469871218763,66.30447995548263,0.0,1,0,0,0,48.5,47.39999999999975,0.0
938,0,26.950000000000962,91.89999999999915,0.0,0.0,48.3657086035261,31.715728752538098,0.0,67.09420804224351,68.98566097826034,8.867926753533714,66.80987482557435,0.0,1,0,0,0,49.0,47.19999999999975,0.0
939,0,25.950000000000962,92.39999999999915,0.0,0.0,49.20734995224791,31.715728752538098,0.0,65.06926437889685,67.76958127188094,8.91107696460078,67.18201161192954,0.0,1,0,0,0,49.5,46.999999999999744,0.0
940,0,24.950000000000962,92.89999999999915,0.0,0.0,48.98192707112524,17.57359312880714,0.0,65.53605677009233,68.24791754151634,15.345956731012617,67.3604108575526,0.0,1,0,0,0,50.0,46.79999999999974,0.0
941,0,29.85000000000096,92.99999999999915,0.0,0.0,49.111296477347196,3.4314575050762075,0.0,66.30599008443502,68.71941021481177,21.780836497424442,67.67343154932342,0.0,1,0,0,0,50.5,46.59999999999974,0.0
942,0,29.80000000000096,89.99999999999915,0.0,0.0,49.49068766342471,3.4314575050762075,0.0,63.91211133891268,67.49805034582911,21.823986708491507,67.87017335783692,0.0,0,0,1,0,51.0,46.399999999999736,0.0
943,0,28.80000000000096,90.49999999999915,0.0,0.0,48.44509257145066,3.4314575050762075,0.0,61.85185448358778,67.69845525953329,21.86713691955857,65.92128134725286,0.0,1,0,0,0,51.5,46.19999999999973,0.0
944,0,28.70000000000096,90.59999999999914,0.0,0.0,47.38207768945965,0.0,0.0,62.241662181489815,68.18253363031775,23.461180781815138,65.78052623935973,0.0,1,0,0,0,52.0,45.99999999999973,0.0
945,0,27.70000000000096,91.09999999999914,0.0,0.0,47.12554705789438,0.0,0.0,63.58876820056718,68.3976439468333,23.5043309928822,65.73565745596773,0.0,1,0,0,0,52.5,45.79999999999973,0.0
946,0,26.70000000000096,91.59999999999914,0.0,0.0,47.53947843130014,3.4314575050762075,0.0,64.83109321802817,68.86913662012871,21.996587552759756,66.15699098255679,0.0,1,0,0,0,53.0,45.599999999999724,0.0
947,0,25.70000000000096,92.09999999999914,0.0,0.0,48.20837586293699,13.431457505076205,0.0,66.01719091577006,69.34062929342414,17.52010245173206,66.675358184533,0.0,1,0,0,0,53.5,45.39999999999972,0.0
948,0,30.600000000000957,92.19999999999914,0.0,0.0,48.96873241584401,23.431457505076192,0.0,67.17311604945907,69.81212196671956,13.043617350704366,67.22853243002744,0.0,1,0,0,0,54.0,45.19999999999972,0.0
949,0,29.600000000000957,92.69999999999914,0.0,0.0,49.751148343788145,23.431457505076192,0.0,64.96691455035449,68.58612400933848,13.086767561771431,67.57906060221237,0.0,1,0,0,0,54.5,44.999999999999716,0.0
950,0,29.500000000000956,92.79999999999913,0.0,0.0,49.42893566874821,9.289321881345247,0.0,65.34385324260057,69.07437852997559,19.521647328183263,67.72023620060257,0.0,1,0,0,0,55.0,44.79999999999971,0.0
951,0,28.500000000000956,93.29999999999913,0.0,0.0,49.48867432228111,9.289321881345247,0.0,65.71402722923116,69.28948884649111,19.564797539250325,67.79573156041477,0.0,1,0,0,0,55.5,44.59999999999971,0.0
952,0,27.500000000000956,93.79999999999913,0.0,0.0,49.711435231247464,19.289321881345245,0.0,66.43211341632355,69.76098151978654,15.088312438222626,68.1443104116611,0.0,1,0,0,0,56.0,44.39999999999971,0.0
953,0,26.500000000000956,94.29999999999913,0.0,0.0,50.12156971549435,29.28932188134524,0.0,67.33689538058711,70.23247419308197,10.611827337194926,68.56419893763838,0.0,1,0,0,0,56.5,44.199999999999704,0.0
954,0,25.500000000000956,94.79999999999913,0.0,0.0,50.67548195368953,43.431457505076196,0.0,68.34186156709777,70.70396686637737,4.263247992917218,69.03880566415306,0.0,1,0,0,0,57.0,43.9999999999997,0.0
955,0,24.500000000000956,95.29999999999913,0.0,0.0,51.32525604085693,57.57359312880715,0.0,69.40058836104873,71.1754595396728,4.76064443751852,69.54989500172472,0.0,1,0,0,0,57.5,43.7999999999997,0.0
956,0,23.500000000000956,95.79999999999913,0.0,0.0,52.03456745421043,71.7157287525381,0.0,70.48816403806254,71.64695221296823,11.195524203930358,70.08364274968497,0.0,1,0,0,0,58.0,43.599999999999696,0.0
957,0,22.500000000000956,96.29999999999913,0.0,0.0,52.7793313521974,85.85786437626905,0.0,71.59122053074415,72.11844488626365,17.63040397034219,70.63088282250392,0.0,1,0,0,0,58.5,43.39999999999969,0.0
958,0,22.400000000000954,96.39999999999912,100.0,0.0,53.54463594544342,100.0,100.0,72.70258430011373,72.58993755955908,68.08137784904065,71.18594016782501,0.0,1,0,0,0,39.0,43.19999999999969,0.0
959,0,22.350000000000954,93.39999999999912,100.0,0.0,52.32444684030382,100.0,100.0,68.85113954027807,65.349593965916,68.1245280601077,70.77432718264546,0.0,0,0,1,0,39.5,42.99999999999969,0.0
960,0,22.300000000000953,90.39999999999912,100.0,0.0,50.0630380705291,100.0,100.0,65.97239450619605,65.54999887962019,68.16767827117478,68.36266741623463,0.0,0,0,1,0,40.0,42.799999999999685,0.0
961,0,22.20000000000095,90.49999999999912,100.0,0.0,47.723171364584076,100.0,100.0,63.69209710619224,65.75040379332438,68.21082848224185,65.9169181302063,0.0,0,1,0,0,40.5,43.59999999999968,0.0
962,0,22.10000000000095,90.59999999999911,100.0,0.0,45.94927428406875,100.0,100.0,62.50350008781108,65.96511601304765,68.03822763797359,65.29060310359324,0.0,0,1,0,0,41.0,44.39999999999968,0.0
963,0,22.00000000000095,90.69999999999911,100.0,0.0,44.77551093823525,100.0,100.0,61.867977593603655,66.17982823277093,67.86562679370533,64.89401129662912,0.0,0,1,0,0,41.5,45.199999999999676,0.0
964,0,21.900000000000947,90.7999999999991,100.0,0.0,44.03514672472643,100.0,100.0,61.512652335230555,66.39454045249421,67.6930259494371,64.66331891893714,0.0,0,1,0,0,42.0,45.99999999999967,0.0
965,0,21.800000000000946,90.8999999999991,100.0,0.0,43.567745259350986,100.0,100.0,61.29927990154506,66.60925267221748,67.52042510516884,64.53711305436987,0.0,0,1,0,0,42.5,46.79999999999967,0.0
966,0,21.700000000000944,90.99999999999909,100.0,0.0,43.260670955370784,100.0,100.0,61.15782325381224,66.82396489194076,67.34782426090058,64.47227829691495,0.0,0,1,0,0,43.0,47.59999999999967,0.0
967,0,21.600000000000943,91.09999999999908,100.0,0.0,43.043918231515704,100.0,100.0,61.05280040217026,67.03867711166403,67.17522341663233,64.44201744022752,0.0,0,1,0,0,43.5,48.399999999999665,0.0
968,0,20.600000000000943,91.59999999999908,100.0,0.0,42.87667890447644,100.0,100.0,60.96623554942248,67.2533893313873,67.00262257236409,64.43070965395584,0.0,1,0,0,0,44.0,48.19999999999966,0.0
969,0,19.600000000000943,92.09999999999908,75.87569047605962,0.0,42.8616595632314,85.85786437626905,0.0,62.33000651141113,67.71911095010137,50.03546444408946,64.68850647972512,0.0,1,0,0,0,44.5,47.99999999999966,0.0
970,0,18.600000000000943,92.59999999999908,51.37646592853281,0.0,43.3862962416839,75.85786437626905,0.0,64.48128078027774,68.1906036233968,34.775377609441925,65.15287645941581,0.0,1,0,0,0,45.0,47.799999999999656,0.0
971,0,23.50000000000094,92.69999999999908,26.502326357419584,0.0,44.39807543314667,61.7157287525381,0.0,67.1329280145491,68.66209629669221,17.47817358192149,65.80371812041582,0.0,1,0,0,0,45.5,47.59999999999965,0.0
972,0,22.50000000000094,93.19999999999908,1.3007702186280277,0.0,45.769677031268365,61.7157287525381,0.0,65.73760416463708,67.45410213340234,6.4285831251773145,66.38145819368987,0.0,1,0,0,0,46.0,47.39999999999965,0.0
973,0,21.50000000000094,93.69999999999908,0.0,0.0,45.94957350563237,71.7157287525381,0.0,66.54142701177635,67.92435285994821,10.418820404723233,66.7138662038245,0.0,1,0,0,0,46.5,47.19999999999965,0.0
974,0,26.40000000000094,93.79999999999907,0.0,0.0,46.36666900684784,65.85786437626905,0.0,67.49221676869065,68.39584553324366,7.81442954694554,67.13707084977032,0.0,1,0,0,0,47.0,46.999999999999645,0.0
975,0,26.35000000000094,90.79999999999907,0.0,0.0,46.922413922767134,65.85786437626905,0.0,65.18474824693143,67.18257120735052,7.857579758012604,67.40251182539906,0.0,0,0,1,0,47.5,46.79999999999964,0.0
976,0,25.35000000000094,91.29999999999907,0.0,0.0,45.99192710158151,65.85786437626905,0.0,63.15783452478627,67.3829761210547,7.900729969079666,65.49194986610624,0.0,1,0,0,0,48.0,46.59999999999964,0.0
977,0,24.35000000000094,91.79999999999907,0.0,0.0,45.018250356904105,55.85786437626905,0.0,63.576787614743424,67.85896894874963,3.424244868051967,65.38161391753187,0.0,1,0,0,0,48.5,46.399999999999636,0.0
978,0,23.35000000000094,92.29999999999907,0.0,0.0,44.83988190699803,45.857864376269056,0.0,65.30348955308868,68.33046162204505,2.691948253524279,65.57656675344914,0.0,1,0,0,0,49.0,46.19999999999963,0.0
979,0,28.250000000000938,92.39999999999907,0.0,0.0,45.42086031692462,40.0,0.0,66.74951238587393,68.8019542953405,5.382639533436103,66.06300413865367,0.0,1,0,0,0,49.5,45.99999999999963,0.0
980,0,27.250000000000938,92.89999999999907,0.0,0.0,46.20590490501846,40.0,0.0,64.71199508388652,67.58368892306974,5.425789744503166,66.41703742219109,0.0,1,0,0,0,50.0,45.79999999999963,0.0
981,0,26.250000000000938,93.39999999999907,0.0,0.0,45.918755676727656,30.000000000000004,0.0,65.16643997576476,68.0642108585965,9.98857526766499,66.57023343018707,0.0,1,0,0,0,50.5,45.599999999999625,0.0
982,0,31.150000000000936,93.49999999999906,0.0,0.0,46.0288089640395,15.857864376269038,0.0,65.92974740582378,68.53570353189193,16.423455034076838,66.87590046606314,0.0,1,0,0,0,51.0,45.39999999999962,0.0
983,0,30.150000000000936,93.99999999999906,0.0,0.0,46.3956339024981,15.857864376269038,0.0,63.53822882974113,67.31215799701792,16.4666052451439,67.06939503860374,0.0,1,0,0,0,51.5,45.19999999999962,0.0
984,0,30.050000000000935,94.09999999999906,0.0,0.0,45.8205526189666,9.999999999999998,0.0,63.790354678609944,67.79796009514793,19.15729652505571,67.11206481703753,0.0,1,0,0,0,52.0,44.999999999999616,0.0
985,0,29.050000000000935,94.59999999999906,0.0,0.0,45.7467170168227,9.999999999999998,0.0,64.0935519085636,68.01307041166346,19.200446736122775,67.13640646900832,0.0,1,0,0,0,52.5,44.79999999999961,0.0
986,0,28.050000000000935,95.09999999999906,0.0,0.0,45.89190906075673,19.999999999999996,0.0,64.77569719555646,68.48456308495889,14.723961635095076,67.45556194498778,0.0,1,0,0,0,53.0,44.59999999999961,0.0
987,0,27.050000000000935,95.59999999999906,0.0,0.0,46.25253451239047,30.000000000000004,0.0,65.66119264366047,68.95605575825431,10.24747653406737,67.85741416084525,0.0,1,0,0,0,53.5,44.39999999999961,0.0
988,0,26.050000000000935,96.09999999999906,0.0,0.0,46.768195364636426,40.0,0.0,66.65580934797836,69.42754843154974,5.770991433039674,68.31877860525263,0.0,1,0,0,0,54.0,44.199999999999605,0.0
989,0,25.050000000000935,96.59999999999906,0.0,0.0,47.382931829310024,50.0,0.0,67.70898242861102,69.89904110484517,1.294506332011973,68.81817443131372,0.0,1,0,0,0,54.5,43.9999999999996,0.0
990,0,24.050000000000935,97.09999999999906,0.0,0.0,48.05723021456802,60.0,0.0,68.79357788583727,70.37053377814058,5.857291855173801,69.34043382670602,0.0,1,0,0,0,55.0,43.7999999999996,0.0
991,0,28.950000000000934,97.19999999999905,0.0,0.0,48.76606671583184,70.0,0.0,69.89503514041043,70.84202645143601,10.420077378335627,69.87595109897873,0.0,1,0,0,0,55.5,43.599999999999596,0.0
992,0,28.900000000000933,94.19999999999905,0.0,0.0,49.48951972443501,70.0,0.0,67.62068612232767,69.61655793102369,10.463227589402692,70.20634170387034,0.0,0,0,1,0,56.0,43.399999999999594,0.0
993,0,27.900000000000933,94.69999999999905,0.0,0.0,48.60934305733541,70.0,0.0,65.56007983002576,69.81696284472787,10.506377800469755,68.31628190837976,0.0,1,0,0,0,56.5,43.19999999999959,0.0
994,0,26.900000000000933,95.19999999999905,0.0,0.0,47.64998527446009,65.85786437626905,0.0,66.00608193160619,70.305149866942,8.67743376828681,68.21030743127004,0.0,1,0,0,0,57.0,42.99999999999959,0.0
995,0,26.80000000000093,95.29999999999905,0.0,0.0,47.49621871298815,61.7157287525381,0.0,67.8013661972139,70.77664254023742,6.848489736103866,68.41441960650103,0.0,1,0,0,0,57.5,42.799999999999585,0.0
996,0,25.80000000000093,95.79999999999905,0.0,0.0,48.11179633856937,61.7157287525381,0.0,68.93264924746609,70.99175285675295,6.891639947170929,68.70402652616578,0.0,1,0,0,0,58.0,42.59999999999958,0.0
997,0,24.80000000000093,96.29999999999905,0.0,0.0,48.80664468179015,75.85786437626905,0.0,70.05915988175019,71.46324553004838,13.326519713582762,69.23478594869943,0.0,1,0,0,0,58.5,42.39999999999958,0.0
998,0,23.80000000000093,96.79999999999905,0.0,0.0,49.53102544596233,85.85786437626905,0.0,71.1831095540819,71.9347382033438,17.889305236744594,69.77691293496146,0.0,1,0,0,0,59.0,42.19999999999958,0.0
999,0,23.70000000000093,96.89999999999904,100.0,0.0,50.26614571483843,100.0,100.0,72.30568496939881,72.40623087663923,68.34027911544305,70.32317375110266,0.0,1,0,0,0,39.5,41.999999999999574,0.0
1000,0,23.65000000000093,93.89999999999904,100.0,0.0,48.99052802320014,100.0,100.0,68.46637887650213,65.16370161710482,68.38342932651011,69.8848253390082,0.0,0,0,1,0,40.0,41.79999999999957,0.0
1001,0,23.550000000000928,93.99999999999903,100.0,0.0,46.794299246235454,100.0,100.0,65.59656812258464,65.364106530809,68.42657953757718,67.4856752845219,0.0,0,1,0,0,40.5,42.59999999999957,0.0
1002,0,23.450000000000927,94.09999999999903,100.0,0.0,44.94755888010069,100.0,100.0,64.07983228753231,65.57881875053226,68.25397869330894,66.82555257092199,0.0,0,1,0,0,41.0,43.399999999999565,0.0
1003,0,23.350000000000925,94.19999999999902,100.0,0.0,43.68877043469998,100.0,100.0,63.26211864192115,65.79353097025555,68.08137784904068,66.3923528444996,0.0,0,1,0,0,41.5,44.19999999999956,0.0
1004,0,23.250000000000924,94.29999999999902,100.0,0.0,42.88966522306728,100.0,100.0,62.80553209616113,66.00824318997881,67.90877700477243,66.13657016338907,0.0,0,1,0,0,42.0,44.99999999999956,0.0
1005,0,23.150000000000922,94.39999999999901,100.0,0.0,42.38772705445241,100.0,100.0,62.535510131922024,66.2229554097021,67.73617616050419,65.99548059019139,0.0,0,1,0,0,42.5,45.79999999999956,0.0
1006,0,23.05000000000092,94.499999999999,100.0,0.0,42.06215631597718,100.0,100.0,62.361870696417,66.43766762942538,67.56357531623593,65.92246090957633,0.0,0,1,0,0,43.0,46.599999999999554,0.0
1007,0,22.95000000000092,94.599999999999,100.0,0.0,41.836444541533965,100.0,100.0,62.23802416248766,66.65237984914864,67.39097447196768,65.88798229603748,0.0,0,1,0,0,43.5,47.39999999999955,0.0
1008,0,22.850000000000918,94.699999999999,100.0,0.0,41.66566869753056,100.0,100.0,62.139901513165725,66.86709206887193,67.21837362769942,65.87470647986889,0.0,0,1,0,0,44.0,48.19999999999955,0.0
1009,0,21.850000000000918,95.199999999999,100.0,0.0,41.524554834772545,100.0,100.0,62.05506827294339,67.08180428859521,67.04577278343116,65.872878853854,0.0,1,0,0,0,44.5,47.999999999999545,0.0
1010,0,20.850000000000918,95.699999999999,100.0,0.0,41.525507160271616,90.0,100.0,63.465297959471656,67.54964773144707,62.569287682403484,66.13642628741025,0.0,1,0,0,0,45.0,47.79999999999954,0.0
1011,0,19.850000000000918,96.199999999999,75.12586042888671,0.0,42.07271952188802,80.0,0.0,65.70887819775248,68.0211404047425,47.144177898133016,66.61080551656073,0.0,1,0,0,0,45.5,47.59999999999954,0.0
1012,0,18.850000000000918,96.699999999999,49.876805834186996,0.0,43.10874654667373,70.0,0.0,67.43226697453535,68.49263307803791,31.554045164239664,67.27384521203655,0.0,1,0,0,0,46.0,47.39999999999954,0.0
1013,0,17.850000000000918,97.199999999999,24.252836215900857,0.0,44.15726229264899,60.0,0.0,68.8765119068274,68.96412575133334,15.798889480723403,67.94170499197575,0.0,1,0,0,0,46.5,47.199999999999534,0.0
1014,0,16.850000000000918,97.699999999999,0.0,0.0,45.11685913069326,50.0,0.0,70.170963365592,69.43561842462876,0.6472531660060448,68.57524607425842,0.0,1,0,0,0,47.0,46.99999999999953,0.0
1015,0,21.750000000000917,97.79999999999899,0.0,0.0,45.99214067290568,35.857864376269056,0.0,71.38503302424076,69.90711109792417,7.082132932417877,69.17624524602053,0.0,1,0,0,0,47.5,46.79999999999953,0.0
1016,0,21.700000000000916,94.79999999999899,0.0,0.0,46.79972500805876,35.857864376269056,0.0,69.16218105660496,68.69924827481083,7.125283143484941,69.54057243880638,0.0,0,0,1,0,48.0,46.599999999999525,0.0
1017,0,20.700000000000916,95.29999999999899,0.0,0.0,45.97871913202956,35.857864376269056,0.0,67.1239709136774,68.89965318851503,7.168433354552004,67.66913123489446,0.0,1,0,0,0,48.5,46.39999999999952,0.0
1018,0,25.600000000000914,95.39999999999898,0.0,0.0,45.07045885212763,31.715728752538098,0.0,67.59245904475178,69.37023451343018,9.08367780886908,67.58072087064372,0.0,1,0,0,0,49.0,46.19999999999952,0.0
1019,0,24.600000000000914,95.89999999999898,0.0,0.0,44.954974805533936,31.715728752538098,0.0,65.06455732492492,68.15587853439634,9.126828019936141,67.5886440561503,0.0,1,0,0,0,49.5,45.99999999999952,0.0
1020,0,23.600000000000914,96.39999999999898,0.0,0.0,44.14490979301558,21.715728752538098,0.0,65.250991169265,68.6324910766862,13.689613543097968,67.53823264659182,0.0,1,0,0,0,50.0,45.799999999999514,0.0
1021,0,28.500000000000913,96.49999999999898,0.0,0.0,43.97917025400157,15.857864376269038,0.0,66.88137387582717,69.10398374998161,16.380304823009794,67.73715804446964,0.0,1,0,0,0,50.5,45.59999999999951,0.0
1022,0,28.450000000000912,93.49999999999898,0.0,0.0,44.531102798247026,15.857864376269038,0.0,64.93850986622785,67.8843476083445,16.42345503407686,68.00335368517617,0.0,0,0,1,0,51.0,45.39999999999951,0.0
1023,0,27.450000000000912,93.99999999999898,0.0,0.0,43.72446756003562,15.857864376269038,0.0,63.09821440688307,68.08475252204867,16.466605245143924,66.13495528642808,0.0,1,0,0,0,51.5,45.199999999999505,0.0
1024,0,32.35000000000091,94.09999999999897,0.0,0.0,42.89497385736053,19.999999999999996,0.0,63.618221479049964,68.5671071654876,14.637661212960973,66.07608009983689,0.0,1,0,0,0,52.0,44.9999999999995,0.0
1025,0,31.35000000000091,94.59999999999897,0.0,0.0,42.83587580732221,19.999999999999996,0.0,61.16766259511705,67.34097786793,14.680811424028038,66.10574092488231,0.0,1,0,0,0,52.5,44.7999999999995,0.0
1026,0,30.35000000000091,95.09999999999897,0.0,0.0,42.07230705735067,15.857864376269038,0.0,61.34461447112385,67.82936372874362,16.596055878345112,66.07244288815643,0.0,1,0,0,0,53.0,44.5999999999995,0.0
1027,0,29.35000000000091,95.59999999999897,0.0,0.0,41.9285099766832,11.715728752538102,0.0,62.92162781531284,68.30085640203905,18.51130033266218,66.27959997832873,0.0,1,0,0,0,53.5,44.399999999999494,0.0
1028,0,28.35000000000091,96.09999999999897,0.0,0.0,42.479432732106915,7.573593128807143,0.0,64.28732512808881,68.77234907533446,20.426544786979246,66.75629011529799,0.0,1,0,0,0,54.0,44.19999999999949,0.0
1029,0,27.35000000000091,96.59999999999897,0.0,0.0,43.211450748425364,3.4314575050762075,0.0,65.53962655919976,69.24384174862989,22.34178924129631,67.3032404563001,0.0,1,0,0,0,54.5,43.99999999999949,0.0
1030,0,27.25000000000091,96.69999999999897,0.0,0.0,43.971105021775884,9.289321881345247,0.0,66.73107777514907,69.7153344219253,19.737398383518627,67.86091293905338,0.0,1,0,0,0,55.0,43.799999999999486,0.0
1031,0,26.25000000000091,97.19999999999897,0.0,0.0,44.72036202103803,9.289321881345247,0.0,67.53833344050943,69.93044473844084,19.78054859458569,68.20419428853577,0.0,1,0,0,0,55.5,43.59999999999948,0.0
1032,0,25.25000000000091,97.69999999999897,0.0,0.0,45.33690302049699,19.289321881345245,0.0,68.49096530777466,70.40193741173627,15.30406349355799,68.70634258046401,0.0,1,0,0,0,56.0,43.39999999999948,0.0
1033,0,24.25000000000091,98.19999999999897,0.0,0.0,45.954091167266,29.28932188134524,0.0,69.52160858987611,70.87343008503169,10.82757839253029,69.20874194854862,0.0,1,0,0,0,56.5,43.19999999999948,0.0
1034,0,23.25000000000091,98.69999999999897,0.0,0.0,46.59769637891379,43.431457505076196,0.0,70.59411416281343,71.34492275832712,4.478999048252581,69.72139044385591,0.0,1,0,0,0,57.0,42.999999999999474,0.0
1035,0,22.25000000000091,99.19999999999897,0.0,0.0,47.26493456192581,57.57359312880715,0.0,71.68908377383676,71.81641543162254,4.976395492853884,70.2432079112376,0.0,1,0,0,0,57.5,42.79999999999947,0.0
1036,0,21.25000000000091,99.69999999999897,0.0,0.0,47.948285285083315,71.7157287525381,0.0,72.79610798094296,72.28790810491796,11.411275259265722,70.77127662093518,0.0,1,0,0,0,58.0,42.59999999999947,0.0
1037,0,26.150000000000908,99.79999999999896,0.0,0.0,48.6415267950285,85.85786437626905,0.0,73.9096008953299,72.75940077821339,17.846155025677554,71.30318269608513,0.0,1,0,0,0,58.5,42.399999999999466,0.0
1038,0,26.100000000000907,96.79999999999896,0.0,0.0,49.33683279985044,85.85786437626905,0.0,71.58060231607836,71.53435271420322,17.889305236744615,71.62553247696425,0.0,0,0,1,0,59.0,42.19999999999946,0.0
1039,0,25.100000000000907,97.29999999999896,0.0,0.0,48.401423658138285,85.85786437626905,0.0,69.43098461824837,71.73475762790741,17.93245544781168,69.71051865908058,0.0,1,0,0,0,59.5,41.99999999999946,0.0
1040,0,24.100000000000907,97.79999999999896,0.0,0.0,47.42748612283005,75.85786437626905,0.0,69.88810547306412,72.22252419371938,13.455970346783978,69.59453229739937,0.0,1,0,0,0,60.0,41.79999999999946,0.0
1041,0,23.100000000000907,98.29999999999896,0.0,0.0,47.31129377101017,65.85786437626905,0.0,71.75126602590936,72.69401686701481,8.979485245756278,69.81217152440642,0.0,1,0,0,0,60.5,41.599999999999454,0.0
1042,0,22.100000000000907,98.79999999999896,0.0,0.0,47.96954735560229,55.85786437626905,0.0,73.27051494002188,73.16550954031023,4.503000144728579,70.3310365541535,0.0,1,0,0,0,61.0,41.39999999999945,0.0
1043,0,22.000000000000906,98.89999999999895,0.0,0.0,48.7855787995839,45.857864376269056,0.0,74.60521484841922,73.63700221360564,3.7707035302008918,70.91127031232259,0.0,1,0,0,0,61.5,41.19999999999945,0.0
1044,0,21.000000000000906,99.39999999999895,0.0,0.0,49.595333552505416,45.857864376269056,0.0,75.489340269798,73.85211253012119,3.8138537412679554,71.27879630990451,0.0,1,0,0,0,62.0,40.999999999999446,0.0
1045,0,20.000000000000906,99.89999999999895,0.0,0.0,50.25166142168528,55.85786437626905,0.0,76.48322179379204,74.3236052034166,4.63245077792977,71.79691232007045,0.0,1,0,0,0,62.5,40.79999999999944,0.0
1046,0,19.000000000000906,100.0,0.0,0.0,50.89070035392754,65.85786437626905,0.0,77.53600036379316,74.79509787671202,9.195236301091597,72.3083036853481,0.0,1,0,0,0,63.0,40.59999999999944,0.0
1047,0,18.000000000000906,100.0,0.0,0.0,51.54340625585778,75.85786437626905,0.0,78.6203841197084,75.26659055000746,13.758021824253422,72.61474450708415,0.0,1,0,0,0,63.5,40.39999999999944,0.0
1048,0,17.000000000000906,100.0,0.0,0.0,52.2115400297282,85.85786437626905,0.0,79.72172777165214,75.73808322330288,18.32080734741525,72.87461950017183,0.0,1,0,0,0,64.0,40.199999999999434,0.0
1049,0,16.900000000000905,100.0,100.0,0.0,52.89080789723183,100.0,100.0,80.83217240069749,76.20957589659831,68.77178122611373,73.13882517166424,0.0,1,0,0,0,44.5,39.99999999999943,0.0
1050,0,16.850000000000904,97.0,100.0,0.0,51.5468445183556,100.0,100.0,76.85889149861552,68.97047131255181,68.81493143718077,72.6160818417285,0.0,0,0,1,0,45.0,39.79999999999943,0.0
1051,0,16.800000000000903,94.0,100.0,0.0,49.3086424114118,100.0,100.0,73.7937662339071,69.170876226256,68.85808164824785,70.19448689938824,0.0,0,0,1,0,45.5,39.599999999999426,0.0
1052,0,15.800000000000903,94.5,100.0,0.0,47.104768750557845,100.0,100.0,71.30130416572248,69.37128113996019,68.9012318593149,67.78290430607139,0.0,1,0,0,0,46.0,39.39999999999942,0.0
1053,0,14.800000000000903,95.0,100.0,0.0,45.60376063661319,90.0,100.0,71.56614331166317,69.83297707153186,64.42474675828721,67.45881505673673,0.0,1,0,0,0,46.5,39.19999999999942,0.0
1054,0,13.800000000000903,95.5,69.32105076306337,0.0,45.267425046826276,80.0,0.0,73.2898940211438,70.30446974482729,46.444586488468836,67.58996285095867,0.0,1,0,0,0,47.0,38.99999999999942,0.0
1055,0,12.800000000000903,96.0,38.26718650254031,0.0,45.80819638995622,65.85786437626905,0.0,75.85837621657372,70.77596241812272,26.427309025777557,68.06394655720048,0.0,1,0,0,0,47.5,38.799999999999415,0.0
1056,0,11.800000000000903,96.5,6.83840721843082,0.0,46.924291115412,55.85786437626905,0.0,77.75611307115861,71.24745509141812,8.11710285671338,68.76280765191541,0.0,1,0,0,0,48.0,38.59999999999941,0.0
1057,0,16.700000000000905,96.6,0.0,0.0,48.00675741819635,41.715728752538105,0.0,79.29391623406269,71.71894776471355,6.246900728389789,69.4485243619223,0.0,1,0,0,0,48.5,38.39999999999941,0.0
1058,0,15.700000000000905,97.1,0.0,0.0,48.96412089402449,41.715728752538105,0.0,77.141753343676,70.51648139810894,6.290050939456853,69.87525259535326,0.0,1,0,0,0,49.0,38.199999999999406,0.0
1059,0,14.700000000000905,97.6,0.0,0.0,48.627926588871034,31.715728752538098,0.0,77.69857392609075,70.98120432796956,10.852836462618683,70.00645561368113,0.0,1,0,0,0,49.5,37.9999999999994,0.0
1060,0,13.700000000000905,98.1,0.0,0.0,48.77717255150925,21.715728752538098,0.0,78.51681794383703,71.45269700126498,15.415621985780511,70.32740329220232,0.0,1,0,0,0,50.0,37.7999999999994,0.0
1061,0,18.600000000000904,98.19999999999999,0.0,0.0,49.175676885971804,11.715728752538102,0.0,79.47534635334995,71.92418967456041,19.97840750894234,70.74577891026654,0.0,1,0,0,0,50.5,37.5999999999994,0.0
1062,0,18.550000000000903,95.19999999999999,0.0,0.0,49.71193987150762,11.715728752538102,0.0,77.00936882778703,70.717194200124,20.021557720009405,71.00791105487025,0.0,0,0,1,0,51.0,37.399999999999395,0.0
1063,0,17.550000000000903,95.69999999999999,0.0,0.0,48.65230327478716,11.715728752538102,0.0,74.71730924238841,70.91759911382817,20.06470793107647,69.0429174516695,0.0,1,0,0,0,51.5,37.19999999999939,0.0
1064,0,22.4500000000009,95.79999999999998,0.0,0.0,47.60766822391802,1.7157287525381038,0.0,75.1501967554189,71.38731309006641,24.62749345423829,68.89612905944158,0.0,1,0,0,0,52.0,36.99999999999939,0.0
1065,0,21.4500000000009,96.29999999999998,0.0,0.0,47.498588131136955,1.7157287525381038,0.0,72.50836068538396,70.17382445970948,24.670643665305352,68.90589181352587,0.0,1,0,0,0,52.5,36.799999999999386,0.0
1066,0,26.3500000000009,96.39999999999998,0.0,0.0,46.64295415906403,0.0,0.0,72.72998114795496,70.64956965332242,25.489240701967166,68.83315482062196,0.0,1,0,0,0,53.0,36.59999999999938,0.0
1067,0,25.3500000000009,96.89999999999998,0.0,0.0,46.524427053059455,0.0,0.0,70.00956721675895,69.4300498055908,25.53239091303423,68.8392161961052,0.0,1,0,0,0,53.5,36.39999999999938,0.0
1068,0,24.3500000000009,97.39999999999998,0.0,0.0,45.63893943372481,0.0,0.0,70.15712813612957,69.91182621657842,25.575541124101296,68.7547824215282,0.0,1,0,0,0,54.0,36.19999999999938,0.0
1069,0,29.2500000000009,97.49999999999997,0.0,0.0,45.47707300097379,0.0,0.0,71.86020839694852,70.38331888987385,25.61869133516836,68.95386640139104,0.0,1,0,0,0,54.5,35.999999999999375,0.0
1070,0,29.200000000000898,94.49999999999997,0.0,0.0,46.08021019549001,0.0,0.0,69.89093989125391,69.15851887953897,25.661841546235422,69.24267881531338,0.0,0,0,1,0,55.0,35.79999999999937,0.0
1071,0,28.200000000000898,94.99999999999997,0.0,0.0,45.24107917681937,0.0,0.0,67.9476024909874,69.35892379324315,25.704991757302487,67.36033742784116,0.0,1,0,0,0,55.5,35.59999999999937,0.0
1072,0,28.100000000000897,95.09999999999997,0.0,0.0,44.391427158734814,0.0,0.0,68.47400232804928,69.84644230537985,25.748141968369552,67.28905906930436,0.0,1,0,0,0,56.0,35.399999999999366,0.0
1073,0,27.100000000000897,95.59999999999997,0.0,0.0,44.3768743752985,0.0,0.0,70.0076215468965,70.06155262189537,25.791292179436617,67.33582347113824,0.0,1,0,0,0,56.5,35.19999999999936,0.0
1074,0,26.100000000000897,96.09999999999997,0.0,0.0,44.961447661042094,0.0,0.0,71.35003281237493,70.5330452951908,25.83444239050368,67.82779568506233,0.0,1,0,0,0,57.0,34.99999999999936,0.0
1075,0,25.100000000000897,96.59999999999997,0.0,0.0,45.669250836565425,5.147186257614289,0.0,72.58983854287037,71.00453796848623,23.5512521247865,68.36816287973137,0.0,1,0,0,0,57.5,34.79999999999936,0.0
1076,0,24.100000000000897,97.09999999999997,0.0,0.0,46.38116963440865,15.147186257614287,0.0,73.77458434712496,71.47603064178165,19.074767023758795,68.9101463662212,0.0,1,0,0,0,58.0,34.599999999999355,0.0
1077,0,23.100000000000897,97.59999999999997,0.0,0.0,47.075902090634756,29.28932188134524,0.0,74.929784031103,71.94752331507706,12.726187679481084,69.4453804133248,0.0,1,0,0,0,58.5,34.39999999999935,0.0
1078,0,22.100000000000897,98.09999999999997,0.0,0.0,47.75534609495117,43.431457505076196,0.0,76.06912874971883,72.4190159883725,6.377608335203376,69.97461036242012,0.0,1,0,0,0,59.0,34.19999999999935,0.0
1079,0,21.100000000000897,98.59999999999997,0.0,0.0,48.424688850892366,57.57359312880715,0.0,77.19996541637097,72.89050866166792,6.875004779804679,70.49987333790625,0.0,1,0,0,0,59.5,33.999999999999346,0.0
1080,0,20.100000000000897,99.09999999999997,0.0,0.0,49.0880177302286,71.7157287525381,0.0,78.32623651340106,73.36200133496334,13.309884546216516,71.02277453701636,0.0,1,0,0,0,60.0,33.79999999999934,0.0
1081,0,19.100000000000897,99.59999999999997,0.0,0.0,49.74793387497428,85.85786437626905,0.0,79.45005764584903,73.83349400825877,19.74476431262835,71.54433548316437,0.0,1,0,0,0,60.5,33.59999999999934,0.0
1082,0,19.000000000000895,99.69999999999996,100.0,0.0,50.40596064338047,100.0,100.0,80.57256408441418,74.30498668155418,70.19573819132681,72.06515443131389,0.0,1,0,0,0,41.0,33.39999999999934,0.0
1083,0,18.950000000000895,96.69999999999996,100.0,0.0,49.029650307965646,100.0,100.0,76.62589562773512,67.06688120595442,70.23888840239387,71.57712787760018,0.0,0,0,1,0,41.5,33.199999999999335,0.0
1084,0,18.850000000000893,96.79999999999995,100.0,0.0,46.870189133504134,100.0,100.0,73.57200765146408,67.2672861196586,70.28203861346094,69.17678099824985,0.0,0,1,0,0,42.0,33.99999999999933,0.0
1085,0,18.75000000000089,96.89999999999995,100.0,0.0,45.14828771278213,100.0,100.0,71.96017430096614,67.48199833938187,69.9950431835856,68.551460219092,0.0,0,1,0,0,42.5,34.79999999999933,0.0
1086,0,18.65000000000089,96.99999999999994,100.0,0.0,44.04266802844687,100.0,100.0,71.09333161413902,67.69671055910516,69.70010563868122,68.16872193563698,0.0,0,1,0,0,43.0,35.599999999999326,0.0
1087,0,18.55000000000089,97.09999999999994,100.0,0.0,43.37357702540905,100.0,100.0,70.6113641456547,67.91142277882844,69.39729782198076,67.95781126072971,0.0,0,1,0,0,43.5,36.399999999999324,0.0
1088,0,18.450000000000887,97.19999999999993,100.0,0.0,42.96577464123057,100.0,100.0,70.32822995242854,68.1261349985517,69.08669071281051,67.84974972367496,0.0,0,1,0,0,44.0,37.19999999999932,0.0
1089,0,18.350000000000886,97.29999999999993,100.0,0.0,42.70378838132794,100.0,100.0,70.1478165098917,68.34084721827499,68.76835443953689,67.79908472663121,0.0,0,1,0,0,44.5,37.99999999999932,0.0
1090,0,17.350000000000886,97.79999999999993,100.0,0.0,42.52041214297928,100.0,100.0,70.02047040534683,68.55555943799826,68.44235829228077,67.77936242038925,0.0,1,0,0,0,45.0,37.799999999999315,0.0
1091,0,16.350000000000886,98.29999999999993,100.0,0.0,42.48797444106613,90.0,100.0,71.50384328555124,69.01818290333095,64.05330625323138,68.02888794469082,0.0,1,0,0,0,45.5,37.59999999999931,0.0
1092,0,15.350000000000886,98.79999999999993,68.90086466147014,0.0,43.05053476214002,80.0,0.0,73.9194714050144,69.48967557662638,46.22106007511555,68.51261821145432,0.0,1,0,0,0,46.0,37.39999999999931,0.0
1093,0,14.350000000000886,99.29999999999993,37.42681429935385,0.0,44.10600665955569,70.0,0.0,75.73518408663695,69.96116824992181,28.226749730492802,69.19036967548848,0.0,1,0,0,0,46.5,37.19999999999931,0.0
1094,0,19.250000000000888,99.39999999999992,5.577848913651145,0.0,45.10944302274336,55.85786437626905,0.0,77.22897164244907,70.43266092321723,8.231846736821538,69.84763877080557,0.0,1,0,0,0,47.0,36.999999999999304,0.0
1095,0,19.200000000000887,96.39999999999992,0.0,0.0,45.99912871947748,55.85786437626905,0.0,75.08749992555235,69.22851596808016,5.870263563392798,70.25029802625367,0.0,0,0,1,0,47.5,36.7999999999993,0.0
1096,0,18.200000000000887,96.89999999999992,0.0,0.0,45.175848600344345,55.85786437626905,0.0,72.99529922289861,69.42892088178435,5.919811921704512,68.37277141047244,0.0,1,0,0,0,48.0,36.5999999999993,0.0
1097,0,17.200000000000887,97.39999999999992,0.0,0.0,44.29754338986437,45.857864376269056,0.0,73.50070478346571,69.89578433872322,5.207816847738276,68.28846312232815,0.0,1,0,0,0,48.5,36.399999999999295,0.0
1098,0,16.200000000000887,97.89999999999992,0.0,0.0,44.28481710732787,35.857864376269056,0.0,75.43206111508607,70.36727701201866,9.695965603411093,68.54563376764344,0.0,1,0,0,0,49.0,36.19999999999929,0.0
1099,0,21.100000000000886,97.99999999999991,0.0,0.0,45.003873968461114,25.857864376269045,0.0,76.9879050778957,70.83876968531408,14.184114359083917,69.09149966576224,0.0,1,0,0,0,49.5,35.99999999999929,0.0
1100,0,20.100000000000886,98.49999999999991,0.0,0.0,45.8223233085782,25.857864376269045,0.0,74.87891801906372,69.62963368379938,14.23366271739563,69.46682379512539,0.0,1,0,0,0,50.0,35.79999999999929,0.0
1101,0,19.100000000000886,98.99999999999991,0.0,0.0,45.41813892224087,15.857864376269038,0.0,75.42541268599769,70.10102624857008,18.721811473068453,69.56956057951292,0.0,1,0,0,0,50.5,35.599999999999284,0.0
1102,0,24.000000000000885,99.09999999999991,0.0,0.0,45.55800135051679,5.85786437626904,0.0,76.2381156367359,70.57251892186551,23.20996022874127,69.88692888970206,0.0,1,0,0,0,51.0,35.39999999999928,0.0
1103,0,23.950000000000884,96.09999999999991,0.0,0.0,45.958239411007696,5.85786437626904,0.0,73.74200210866009,69.35810275774756,23.259508587052984,70.09726478157795,0.0,0,0,1,0,51.5,35.19999999999928,0.0
1104,0,22.950000000000884,96.59999999999991,0.0,0.0,44.86533725824136,5.85786437626904,0.0,71.47462567145605,69.55850767145174,23.3090569453647,68.11270880880326,0.0,1,0,0,0,52.0,34.999999999999275,0.0
1105,0,21.950000000000884,97.09999999999991,0.0,0.0,43.85865339094451,9.999999999999998,0.0,71.8732114090815,70.0356423373715,21.520076821134836,67.97677543775671,0.0,1,0,0,0,52.5,34.79999999999927,0.0
1106,0,26.850000000000882,97.1999999999999,0.0,0.0,43.78270540943585,5.85786437626904,0.0,73.73409243077961,70.50713501066693,23.408153661988127,68.20883754973161,0.0,1,0,0,0,53.0,34.59999999999927,0.0
1107,0,25.850000000000882,97.6999999999999,0.0,0.0,44.473172441846856,5.85786437626904,0.0,71.82757274800115,69.28697674539993,23.45770202029984,68.53425334558149,0.0,1,0,0,0,53.5,34.39999999999927,0.0
1108,0,24.850000000000882,98.1999999999999,0.0,0.0,44.091145835093286,1.7157287525381038,0.0,72.44393580282878,69.76939157392295,25.345778861153125,68.64529771959288,0.0,1,0,0,0,54.0,34.199999999999264,0.0
1109,0,23.850000000000882,98.6999999999999,0.0,0.0,44.26488209807706,0.0,0.0,73.2941313535971,70.24088424721836,26.156870651742793,68.9760802908923,0.0,1,0,0,0,54.5,33.99999999999926,0.0
1110,0,22.850000000000882,99.1999999999999,0.0,0.0,44.674207793604396,0.0,0.0,74.26980551505962,70.71237692051379,26.206419010054507,69.40001049767825,0.0,1,0,0,0,55.0,33.79999999999926,0.0
1111,0,21.850000000000882,99.6999999999999,0.0,0.0,45.19224198632627,0.0,0.0,75.31281369559596,71.1838695938092,26.25596736836622,69.86692200189185,0.0,1,0,0,0,55.5,33.599999999999255,0.0
1112,0,26.75000000000088,99.7999999999999,0.0,0.0,45.7636025347549,0.0,0.0,76.39195448948811,71.65536226710464,26.305515726677935,70.3549177452819,0.0,1,0,0,0,56.0,33.39999999999925,0.0
1113,0,26.70000000000088,96.7999999999999,0.0,0.0,46.37618783150126,0.0,0.0,74.02759038767566,70.43217700354867,26.35506408498965,70.64954056605465,0.0,0,0,1,0,56.5,33.19999999999925,0.0
1114,0,25.70000000000088,97.2999999999999,0.0,0.0,45.380687640180305,0.0,0.0,71.8147679567883,70.63258191725286,26.404612443301367,68.70312655348572,0.0,1,0,0,0,57.0,32.99999999999925,0.0
1115,0,25.60000000000088,97.39999999999989,0.0,0.0,44.42774250516919,5.147186257614289,0.0,72.25317988310545,71.11848568261063,24.16953050477924,68.58752408848957,0.0,1,0,0,0,57.5,32.799999999999244,0.0
1116,0,24.60000000000088,97.89999999999989,0.0,0.0,44.39000766818408,5.147186257614289,0.0,73.8007093477045,71.33359599912616,24.219078863090953,68.62497036148159,0.0,1,0,0,0,58.0,32.59999999999924,0.0
1117,0,23.60000000000088,98.39999999999989,0.0,0.0,44.97394947089546,15.147186257614287,0.0,75.15058509456023,71.80508867242158,19.830026824041564,69.11834218434524,0.0,1,0,0,0,58.5,32.39999999999924,0.0
1118,0,22.60000000000088,98.89999999999989,0.0,0.0,45.661159568036695,29.28932188134524,0.0,76.39439639643275,72.276581345717,13.602446302450595,69.65263291576053,0.0,1,0,0,0,59.0,32.199999999999235,0.0
1119,0,21.60000000000088,99.39999999999989,0.0,0.0,46.3409589689545,43.431457505076196,0.0,77.58129166040813,72.74807401901242,7.374865780859623,70.18398724154676,0.0,1,0,0,0,59.5,31.999999999999236,0.0
1120,0,20.60000000000088,99.89999999999989,0.0,0.0,46.999645086625414,57.57359312880715,0.0,78.73764478209986,73.21956669230785,7.870515953463601,70.7069756646019,0.0,1,0,0,0,60.0,31.799999999999237,0.0
1121,0,19.60000000000088,100.0,0.0,0.0,47.642327253097875,71.7157287525381,0.0,79.87760845558444,73.69105936560328,14.197193191677998,71.22362270069821,0.0,1,0,0,0,60.5,31.599999999999238,0.0
1122,0,18.60000000000088,100.0,0.0,0.0,48.275146480121165,85.85786437626905,0.0,81.00877726425432,74.1625520388987,20.523870429892394,71.52676853400158,0.0,1,0,0,0,61.0,31.39999999999924,0.0
1123,0,18.500000000000878,100.0,100.0,0.0,48.90232532716715,100.0,100.0,82.13522659450547,74.63404471219413,70.07745411656734,71.77528114892856,0.0,1,0,0,0,41.5,31.19999999999924,0.0
1124,0,18.450000000000877,97.0,100.0,0.0,47.481775594878194,100.0,100.0,78.1707049892247,67.3960518738304,70.12700247487906,71.21240417967536,0.0,0,0,1,0,42.0,30.99999999999924,0.0
1125,0,18.350000000000875,97.1,100.0,0.0,45.37545319669995,100.0,100.0,75.08201440876016,67.59645678753459,70.17655083319076,68.82521590525239,0.0,0,1,0,0,42.5,31.79999999999924,0.0
1126,0,18.250000000000874,97.19999999999999,100.0,0.0,43.74212873934447,100.0,100.0,73.45220142369625,67.81116900725787,69.87950742354852,68.22903011295745,0.0,0,1,0,0,43.0,32.59999999999924,0.0
1127,0,18.150000000000873,97.29999999999998,100.0,0.0,42.72242934355557,100.0,100.0,72.57607014290849,68.02588122698114,69.57472314630611,67.87650409943005,0.0,0,1,0,0,43.5,33.39999999999924,0.0
1128,0,18.05000000000087,97.39999999999998,100.0,0.0,42.116768214479684,100.0,100.0,72.08930402418191,68.24059344670442,69.26226677992099,67.68838543949258,0.0,0,1,0,0,44.0,34.199999999999235,0.0
1129,0,17.95000000000087,97.49999999999997,100.0,0.0,41.75050191821992,100.0,100.0,71.80369076423744,68.45530566642769,68.94220629045108,67.59532628030814,0.0,0,1,0,0,44.5,34.99999999999923,0.0
1130,0,16.95000000000087,97.99999999999997,100.0,0.0,41.514610391500824,100.0,100.0,71.62199659243645,68.67001788615097,68.61460884351457,67.55403666166698,0.0,1,0,0,0,45.0,34.79999999999923,0.0
1131,0,15.95000000000087,98.49999999999997,67.52075546190751,0.0,41.45228879543302,85.85786437626905,0.0,73.0945752913625,69.13213061745536,48.65150630191318,67.79118374865546,0.0,1,0,0,0,45.5,34.59999999999923,0.0
1132,0,14.95000000000087,98.99999999999997,34.6665959002286,0.0,42.00511315731514,75.85786437626905,0.0,75.5324518299012,69.60362329075078,30.340188315818043,68.27259453576266,0.0,1,0,0,0,46.0,34.399999999999224,0.0
1133,0,19.85000000000087,99.09999999999997,1.4375213149632629,0.0,43.04335610812777,61.7157287525381,0.0,77.36010340267106,70.0751159640462,10.057729036734377,68.94675655386837,0.0,1,0,0,0,46.5,34.19999999999922,0.0
1134,0,19.800000000000868,96.09999999999997,0.0,0.0,44.02001193587155,61.7157287525381,0.0,75.39932263354149,68.87073068816599,9.50018827694934,69.38694828049586,0.0,0,0,1,0,47.0,33.99999999999922,0.0
1135,0,18.800000000000868,96.59999999999997,0.0,0.0,43.264857671680865,61.7157287525381,0.0,73.39338074948047,69.0711356018702,9.554895744531036,67.5332015316537,0.0,1,0,0,0,47.5,33.799999999999216,0.0
1136,0,17.800000000000868,97.09999999999997,0.0,0.0,42.460784091945584,71.7157287525381,0.0,73.94391993700697,69.53823937955221,13.982861571566808,67.47504851781473,0.0,1,0,0,0,48.0,33.59999999999921,0.0
1137,0,16.800000000000868,97.59999999999997,0.0,0.0,42.5175951925113,75.85786437626905,0.0,75.90981956334399,70.00973205284762,15.849031963395893,67.75945234327901,0.0,1,0,0,0,48.5,33.39999999999921,0.0
1138,0,21.700000000000866,97.69999999999996,0.0,0.0,43.266721958538994,80.0,0.0,77.48420006279882,70.48122472614305,17.715202355224978,68.31933727740683,0.0,1,0,0,0,49.0,33.19999999999921,0.0
1139,0,20.700000000000866,98.19999999999996,0.0,0.0,44.07620718757388,80.0,0.0,75.38304207356242,69.27184840388523,17.769909822806678,68.69380122357786,0.0,1,0,0,0,49.5,32.999999999999204,0.0
1140,0,19.700000000000866,98.69999999999996,0.0,0.0,43.6347891121554,70.0,0.0,75.93585591675475,69.74348128939906,13.451358930934305,68.77995339504112,0.0,1,0,0,0,50.0,32.7999999999992,0.0
1141,0,18.700000000000866,99.19999999999996,0.0,0.0,43.78402840983257,60.0,0.0,76.75194984809401,70.21497396269449,9.13280803906193,69.10113556235478,0.0,1,0,0,0,50.5,32.5999999999992,0.0
1142,0,17.700000000000866,99.69999999999996,0.0,0.0,44.17086817772398,50.0,0.0,77.70932448360243,70.6864666359899,4.814257147189554,69.51686194442331,0.0,1,0,0,0,51.0,32.399999999999196,0.0
1143,0,16.700000000000866,100.0,0.0,0.0,44.66515023757381,40.0,0.0,78.74251281816807,71.15795930928533,9.242222974225324,69.97534096547237,0.0,1,0,0,0,51.5,32.19999999999919,0.0
1144,0,21.600000000000865,100.0,0.0,0.0,45.21201775571408,25.857864376269045,0.0,79.81638411081026,71.62945198258076,15.481651725508483,70.35002521192386,0.0,1,0,0,0,52.0,31.999999999999194,0.0
1145,0,21.550000000000864,97.0,0.0,0.0,45.803840346425226,25.857864376269045,0.0,77.41155197162279,70.417048662034,15.536359193090181,70.58551886251524,0.0,0,0,1,0,52.5,31.799999999999194,0.0
1146,0,20.550000000000864,97.5,0.0,0.0,44.776253933902375,25.857864376269045,0.0,75.13462013503566,70.61745357573818,15.59106666067188,68.62410162231966,0.0,1,0,0,0,53.0,31.599999999999195,0.0
1147,0,25.450000000000863,97.6,0.0,0.0,43.820398987882555,15.857864376269038,0.0,75.5754924980747,71.09257539808674,20.01903248770765,68.50467777444436,0.0,1,0,0,0,53.5,31.399999999999196,0.0
1148,0,24.450000000000863,98.1,0.0,0.0,43.83046043212797,15.857864376269038,0.0,72.937611951181,69.87367892161949,20.073739955289348,68.56103028378492,0.0,1,0,0,0,54.0,31.199999999999196,0.0
1149,0,29.35000000000086,98.19999999999999,0.0,0.0,43.00500379493698,11.715728752538102,0.0,73.16156490013452,70.35483196134277,21.93991034711843,68.49360006981982,0.0,1,0,0,0,54.5,30.999999999999197,0.0
1150,0,28.35000000000086,98.69999999999999,0.0,0.0,42.9744143670403,11.715728752538102,0.0,70.44206697835119,69.1299042675008,21.994617814700128,68.53374388302566,0.0,1,0,0,0,55.0,30.799999999999198,0.0
1151,0,27.35000000000086,99.19999999999999,0.0,0.0,42.111270711494996,17.57359312880714,0.0,70.59042260306167,69.61708852459877,19.487529847075137,68.45128674844264,0.0,1,0,0,0,55.5,30.5999999999992,0.0
1152,0,26.35000000000086,99.69999999999999,0.0,0.0,42.02701571019915,13.431457505076205,0.0,72.31264772994896,70.0885811978942,21.35370023890422,68.67939538660295,0.0,1,0,0,0,56.0,30.3999999999992,0.0
1153,0,26.25000000000086,99.79999999999998,0.0,0.0,42.659698687325054,19.289321881345245,0.0,73.75626822733668,70.56007387118963,18.84661227127924,69.19336824433152,0.0,1,0,0,0,56.5,30.1999999999992,0.0
1154,0,25.25000000000086,100.0,0.0,0.0,43.37298632102088,19.289321881345245,0.0,74.69884234348534,70.77518418770515,18.901319738860934,69.53011768043237,0.0,1,0,0,0,57.0,29.9999999999992,0.0
1155,0,24.25000000000086,100.0,0.0,0.0,43.93779764644083,29.28932188134524,0.0,75.72408846027093,71.24667686100058,14.58276884698856,69.86000596965717,0.0,1,0,0,0,57.5,29.7999999999992,0.0
1156,0,23.25000000000086,100.0,0.0,0.0,44.49429171434383,43.431457505076196,0.0,76.79369781981927,71.71816953429601,8.452755030868795,70.08189649185498,0.0,1,0,0,0,58.0,29.599999999999202,0.0
1157,0,22.25000000000086,100.0,0.0,0.0,45.06364548968663,57.57359312880715,0.0,77.88711327203819,72.18966220759143,8.946997107080986,70.30891455693909,0.0,1,0,0,0,58.5,29.399999999999203,0.0
1158,0,21.25000000000086,100.0,0.0,0.0,45.64410533690768,71.7157287525381,0.0,78.99330349032351,72.66115488088684,15.186425858364146,70.54036093892853,0.0,1,0,0,0,59.0,29.199999999999203,0.0
1159,0,20.25000000000086,100.0,0.0,0.0,46.231545787456525,85.85786437626905,0.0,80.10634887170968,73.13264755418227,21.425854609647303,70.77459069239848,0.0,1,0,0,0,59.5,28.999999999999204,0.0
1160,0,20.15000000000086,100.0,100.0,0.0,46.82297998469147,100.0,100.0,81.22307285361937,73.60414022747769,70.25583287096549,71.01041286991895,0.0,1,0,0,0,40.0,28.799999999999205,0.0
1161,0,20.100000000000858,97.0,100.0,0.0,45.36627770404202,100.0,100.0,77.27268365740974,66.3656179521452,70.31054033854718,70.42958290535516,0.0,0,0,1,0,40.5,28.599999999999206,0.0
1162,0,20.000000000000856,97.1,100.0,0.0,43.32001075688927,100.0,100.0,74.20186792032935,66.56602286584938,70.36524780612889,68.06025444890062,0.0,0,1,0,0,41.0,29.399999999999206,0.0
1163,0,19.900000000000855,97.19999999999999,100.0,0.0,41.7697870640282,100.0,100.0,72.58128939226711,66.78073508557266,70.06261650291921,67.49321079244203,0.0,0,1,0,0,41.5,30.199999999999207,0.0
1164,0,19.800000000000853,97.29999999999998,100.0,0.0,40.821387151969006,100.0,100.0,71.70992879362089,66.99544730529594,69.75239033259601,67.16661570177187,0.0,0,1,0,0,42.0,30.999999999999208,0.0
1165,0,19.700000000000852,97.39999999999998,100.0,0.0,40.26433273028837,100.0,100.0,71.22562729280219,67.21015952501921,69.43463579167161,66.99637611729973,0.0,0,1,0,0,42.5,31.79999999999921,0.0
1166,0,19.60000000000085,97.49999999999997,100.0,0.0,39.92817587866335,100.0,100.0,70.94128729761351,67.42487174474249,69.10941860264121,66.91439244028815,0.0,0,1,0,0,43.0,32.59999999999921,0.0
1167,0,19.50000000000085,97.59999999999997,100.0,0.0,39.7104962512916,100.0,100.0,70.76025091667455,67.63958396446576,68.7768037252118,66.87974434481896,0.0,0,1,0,0,43.5,33.39999999999921,0.0
1168,0,19.400000000000848,97.69999999999996,100.0,0.0,39.555038329431,100.0,100.0,70.63258299124624,67.85429618418904,68.43685536733678,66.86995588489147,0.0,0,1,0,0,44.0,34.19999999999921,0.0
1169,0,19.300000000000846,97.79999999999995,100.0,0.0,39.43196131903514,100.0,100.0,70.53248614418031,68.06900840391232,68.08963699605907,66.87310467332303,0.0,0,1,0,0,44.5,34.999999999999204,0.0
1170,0,18.300000000000846,98.29999999999995,100.0,0.0,39.325667806765686,100.0,100.0,70.44663299884394,68.28372062363559,67.73521134816743,66.88295902604457,0.0,1,0,0,0,45.0,34.7999999999992,0.0
1171,0,17.300000000000846,98.79999999999995,100.0,0.0,39.33305332931127,90.0,100.0,71.95289092867424,68.74755708228552,63.52524410955114,67.147520472988,0.0,1,0,0,0,45.5,34.5999999999992,0.0
1172,0,16.300000000000846,99.29999999999995,67.14584043832107,0.0,39.91557798382564,80.0,0.0,74.39249062516794,69.21904975558095,45.64451240104939,67.64186908325426,0.0,1,0,0,0,46.0,34.399999999999196,0.0
1173,0,15.300000000000846,99.79999999999995,33.91676585305572,0.0,40.94498634151417,70.0,0.0,76.22106687466128,69.69054242887638,27.60777685461506,68.31476255819715,0.0,1,0,0,0,46.5,34.19999999999919,0.0
1174,0,14.300000000000846,100.0,0.31277624420395256,0.0,41.87349380255232,60.0,0.0,77.72175724617703,70.1620351021718,9.415037470248143,68.9473427775654,0.0,1,0,0,0,47.0,33.99999999999919,0.0
1175,0,19.20000000000085,100.0,0.0,0.0,42.66855279225475,50.0,0.0,79.04649831573897,70.63352777546723,5.074922620999461,69.36963949411025,0.0,1,0,0,0,47.5,33.79999999999919,0.0
1176,0,19.150000000000848,97.0,0.0,0.0,43.38961508240362,50.0,0.0,76.79296014208825,69.42892088178435,5.13757598669081,69.65772780009145,0.0,0,0,1,0,48.0,33.599999999999184,0.0
1177,0,18.150000000000848,97.5,0.0,0.0,42.45398069938571,50.0,0.0,74.61288945564802,69.62932579548854,5.200229352382158,67.73009668811788,0.0,1,0,0,0,48.5,33.39999999999918,0.0
1178,0,17.150000000000848,98.0,0.0,0.0,41.57392395204014,40.0,0.0,75.09094090510072,70.09665119097322,9.535503322381157,67.63930781222861,0.0,1,0,0,0,49.0,33.19999999999918,0.0
1179,0,16.150000000000848,98.5,0.0,0.0,41.61397583153315,30.000000000000004,0.0,77.0369063957281,70.56814386426863,13.870777292380147,67.9168608078443,0.0,1,0,0,0,49.5,32.999999999999176,0.0
1180,0,21.050000000000846,98.6,0.0,0.0,42.35125948244041,15.857864376269038,0.0,78.60058988900262,71.03963653756408,19.975828663558104,68.47353264667512,0.0,1,0,0,0,50.0,32.79999999999917,0.0
1181,0,20.050000000000846,99.1,0.0,0.0,43.13287675625401,15.857864376269038,0.0,76.47650492509933,69.83003859750357,20.038482029249455,68.8387369105194,0.0,1,0,0,0,50.5,32.59999999999917,0.0
1182,0,19.050000000000846,99.6,0.0,0.0,42.65323864694807,11.715728752538102,0.0,77.0342025262288,70.30189310082008,21.870912796119757,68.90824535846649,0.0,1,0,0,0,51.0,32.39999999999917,0.0
1183,0,18.050000000000846,100.0,0.0,0.0,42.80919775170099,7.573593128807143,0.0,77.85291716757011,70.7733857741155,23.70334356299006,69.23219883662071,0.0,1,0,0,0,51.5,32.199999999999164,0.0
1184,0,17.050000000000846,100.0,0.0,0.0,43.194275764164466,3.4314575050762075,0.0,78.81169812194268,71.24487844741093,25.535774329860363,69.59557033773562,0.0,1,0,0,0,52.0,31.999999999999165,0.0
1185,0,16.050000000000846,100.0,0.0,0.0,43.67736404764881,0.0,0.0,79.84564111182925,71.71637112070636,27.064559299451176,69.78896233217019,0.0,1,0,0,0,52.5,31.799999999999166,0.0
1186,0,20.95000000000085,100.0,0.0,0.0,44.20749092686434,0.0,0.0,80.91991736572733,72.18786379400177,27.12721266514253,70.00118502102407,0.0,1,0,0,0,53.0,31.599999999999167,0.0
1187,0,19.95000000000085,100.0,0.0,0.0,44.780178383633384,0.0,0.0,78.49824432765843,70.97523885565235,27.189866030833876,70.23044574466117,0.0,1,0,0,0,53.5,31.399999999999167,0.0
1188,0,24.850000000000847,100.0,0.0,0.0,44.15286204031991,0.0,0.0,78.9312145409008,71.45012035725779,27.252519396525223,69.97931574850442,0.0,1,0,0,0,54.0,31.199999999999168,0.0
1189,0,23.850000000000847,100.0,0.0,0.0,44.253099729524386,0.0,0.0,76.19476006907513,70.23146420153365,27.315172762216577,70.01944333448715,0.0,1,0,0,0,54.5,30.99999999999917,0.0
1190,0,28.750000000000846,100.0,0.0,0.0,43.414530724928106,1.005050633883331,0.0,76.42945844044287,70.71237692051379,26.94840612323768,69.68374375779658,0.0,1,0,0,0,55.0,30.79999999999917,0.0
1191,0,28.700000000000845,97.0,0.0,0.0,43.401665455186,1.005050633883331,0.0,73.62109297425134,69.48768954741497,27.011059488929035,69.67859347727969,0.0,0,0,1,0,55.5,30.59999999999917,0.0
1192,0,27.700000000000845,97.5,0.0,0.0,42.11104591974938,1.005050633883331,0.0,71.17899839856881,69.68809446111915,27.07371285462038,67.60814677264418,0.0,1,0,0,0,56.0,30.39999999999917,0.0
1193,0,27.600000000000843,97.6,0.0,0.0,41.07373033823726,5.147186257614289,0.0,71.48330992458096,70.1755003360198,25.36658881913277,67.45350550036466,0.0,1,0,0,0,56.5,30.19999999999917,0.0
1194,0,26.600000000000843,98.1,0.0,0.0,41.03097831204997,5.147186257614289,0.0,72.95181973891025,70.39061065253532,25.429242184824115,67.4886433791038,0.0,1,0,0,0,57.0,29.999999999999172,0.0
1195,0,25.600000000000843,98.6,0.0,0.0,41.590226924898786,15.147186257614287,0.0,74.25929215814674,70.86210332583074,21.21927494620782,67.97438899665283,0.0,1,0,0,0,57.5,29.799999999999173,0.0
1196,0,24.600000000000843,99.1,0.0,0.0,42.223556544647884,29.28932188134524,0.0,75.48034909212413,71.33359599912617,15.239530306412561,68.48984873767513,0.0,1,0,0,0,58.0,29.599999999999174,0.0
1197,0,23.600000000000843,99.6,0.0,0.0,42.843669627598146,43.431457505076196,0.0,76.65503396395866,71.80508867242158,9.259785666617306,69.00000728446747,0.0,1,0,0,0,58.5,29.399999999999174,0.0
1198,0,22.600000000000843,100.0,0.0,0.0,43.44542058404924,57.57359312880715,0.0,77.80483477547769,72.276581345717,9.751859036978896,69.50280072491395,0.0,1,0,0,0,59.0,29.199999999999175,0.0
1199,0,21.600000000000843,100.0,0.0,0.0,44.034920303334964,71.7157287525381,0.0,78.94128236462163,72.74807401901244,15.856910408156846,69.9483943057293,0.0,1,0,0,0,59.5,28.999999999999176,0.0
1200,0,20.600000000000843,100.0,0.0,0.0,44.617335635587935,85.85786437626905,0.0,80.07056438088324,73.21956669230786,21.9619617793348,70.18200291634908,0.0,1,0,0,0,60.0,28.799999999999176,0.0
1201,0,20.500000000000842,100.0,100.0,0.0,45.195840819724665,100.0,100.0,81.19600122529872,73.6910593656033,69.67746568459924,70.4140431543348,0.0,1,0,0,0,40.5,28.599999999999177,0.0
1202,0,20.45000000000084,97.0,100.0,0.0,43.71190329311119,100.0,100.0,77.24984481759431,66.45156441769669,69.74011905029057,69.81883117305381,0.0,0,0,1,0,41.0,28.399999999999178,0.0
1203,0,20.35000000000084,97.1,100.0,0.0,41.721706052076904,100.0,100.0,74.18051604543521,66.65196933140088,69.80277241598193,67.46678026242854,0.0,0,1,0,0,41.5,29.19999999999918,0.0
1204,0,20.25000000000084,97.19999999999999,100.0,0.0,40.24467777169576,100.0,100.0,72.56070570948151,66.86668155112416,69.4731322262649,66.9254752647145,0.0,0,1,0,0,42.0,29.99999999999918,0.0
1205,0,20.150000000000837,97.29999999999998,100.0,0.0,39.3577500027197,100.0,100.0,71.6897419723262,67.08139377084741,69.1362254372047,66.6213138681278,0.0,0,1,0,0,42.5,30.79999999999918,0.0
1206,0,20.050000000000836,97.39999999999998,100.0,0.0,38.84157356009527,100.0,100.0,71.20564549710096,67.2961059905707,68.7921142196234,66.46614624964243,0.0,0,1,0,0,43.0,31.59999999999918,0.0
1207,0,19.950000000000834,97.49999999999997,100.0,0.0,38.53029471192875,100.0,100.0,70.92141142172295,67.51081821029398,68.44086003714042,66.39332079570862,0.0,0,1,0,0,43.5,32.39999999999918,0.0
1208,0,19.850000000000833,97.59999999999997,100.0,0.0,38.32757863507213,100.0,100.0,70.74042976081239,67.72553043001724,68.08252365619951,66.36412344586759,0.0,0,1,0,0,44.0,33.19999999999918,0.0
1209,0,18.850000000000833,98.09999999999997,100.0,0.0,38.181497284303916,100.0,100.0,70.61279010470868,67.94024264974053,67.71716515592593,66.3576858846285,0.0,1,0,0,0,44.5,32.999999999999176,0.0
1210,0,17.850000000000833,98.59999999999997,100.0,0.0,38.16668977635695,90.0,100.0,72.09584349817615,68.40425558738005,63.58541170944894,66.613075836553,0.0,1,0,0,0,45.0,32.79999999999917,0.0
1211,0,16.850000000000833,99.09999999999997,66.35073931314147,0.0,38.737005499044585,75.85786437626905,0.0,74.52761144695103,68.8757482606755,43.94985229036658,67.10360917055246,0.0,1,0,0,0,45.5,32.59999999999917,0.0
1212,0,15.850000000000833,99.59999999999997,32.326563602696524,0.0,39.74408268467627,65.85786437626905,0.0,76.35198504351922,69.34724093397091,25.900686771400164,67.7696637660224,0.0,1,0,0,0,46.0,32.39999999999917,0.0
1213,0,20.75000000000083,99.69999999999996,0.0,0.0,40.63604788402276,51.715728752538105,0.0,77.85042019790549,69.81873360726632,6.8061697136089245,68.38945832539173,0.0,1,0,0,0,46.5,32.199999999999164,0.0
1214,0,20.70000000000083,96.69999999999996,0.0,0.0,41.41491167645969,51.715728752538105,0.0,75.71040189151375,68.61319917982243,6.8745465819129805,68.75472832560285,0.0,0,0,1,0,47.0,31.999999999999165,0.0
1215,0,19.70000000000083,97.19999999999996,0.0,0.0,40.52731440627498,51.715728752538105,0.0,73.60326660267185,68.81360409352662,6.9429234502170365,66.84370779481111,0.0,1,0,0,0,47.5,31.799999999999166,0.0
1216,0,24.60000000000083,97.29999999999995,0.0,0.0,39.70604960901412,41.715728752538105,0.0,74.10094533851691,69.28185702277233,9.770173764206776,66.77429964566117,0.0,1,0,0,0,48.0,31.599999999999167,0.0
1217,0,23.60000000000083,97.79999999999995,0.0,0.0,39.81099258817832,41.715728752538105,0.0,71.52332545438856,68.06982943940793,9.838550632510831,66.86880296790258,0.0,1,0,0,0,48.5,31.399999999999167,0.0
1218,0,22.60000000000083,98.29999999999995,0.0,0.0,39.02284794952658,37.57359312880715,0.0,71.74866729083445,68.54411358602833,11.646678440931572,66.81272981489671,0.0,1,0,0,0,49.0,31.199999999999168,0.0
1219,0,27.500000000000828,98.39999999999995,0.0,0.0,39.02262437477516,33.43145750507619,0.0,73.51668336716865,69.01560625932375,13.454806249352309,67.07389319668337,0.0,1,0,0,0,49.5,30.99999999999917,0.0
1220,0,26.500000000000828,98.89999999999995,0.0,0.0,39.71245193462548,33.43145750507619,0.0,71.5762147682132,67.7982985133561,13.523183117656364,67.4038855369642,0.0,1,0,0,0,50.0,30.79999999999917,0.0
1221,0,31.400000000000826,98.99999999999994,0.0,0.0,39.25001504863126,29.28932188134524,0.0,72.15847620116531,68.27786282257978,15.331310926077101,67.47895039199258,0.0,1,0,0,0,50.5,30.59999999999917,0.0
1222,0,31.350000000000826,95.99999999999994,0.0,0.0,39.453609029582424,29.28932188134524,0.0,69.60476056075568,67.0545238592374,15.399687794381155,67.61317305084596,0.0,0,0,1,0,51.0,30.39999999999917,0.0
1223,0,30.350000000000826,96.49999999999994,0.0,0.0,38.34094394593488,29.28932188134524,0.0,67.35678365784435,67.25492877294158,15.468064662685212,65.60967346790568,0.0,1,0,0,0,51.5,30.19999999999917,0.0
1224,0,30.250000000000824,96.59999999999994,0.0,0.0,37.43825922948036,15.147186257614287,0.0,67.7002897270228,67.74098623808575,21.476322785886982,65.50672667900163,0.0,1,0,0,0,52.0,29.999999999999172,0.0
1225,0,29.250000000000824,97.09999999999994,0.0,0.0,37.46478784738154,15.147186257614287,0.0,69.12919489641345,67.9560965546013,21.544699654191035,65.56966097611091,0.0,1,0,0,0,52.5,29.799999999999173,0.0
1226,0,28.250000000000824,97.59999999999994,0.0,0.0,38.025196084083774,29.28932188134524,0.0,70.41541476987376,68.42758922789673,15.673195267597379,66.05687930297059,0.0,1,0,0,0,53.0,29.599999999999174,0.0
1227,0,27.250000000000824,98.09999999999994,0.0,0.0,38.63531854507383,43.431457505076196,0.0,71.6250672157496,68.89908190119213,9.801690881003719,66.56415076512053,0.0,1,0,0,0,53.5,29.399999999999174,0.0
1228,0,26.250000000000824,98.59999999999994,0.0,0.0,39.2288452411449,57.57359312880715,0.0,72.79363223962673,69.37057457448756,10.29220211283411,67.06472802407345,0.0,1,0,0,0,54.0,29.199999999999175,0.0
1229,0,25.250000000000824,99.09999999999994,0.0,0.0,39.805557677824076,71.7157287525381,0.0,73.94014903360035,69.842067247783,16.300460236035875,67.5585229461153,0.0,1,0,0,0,54.5,28.999999999999176,0.0
1230,0,24.250000000000824,99.59999999999994,0.0,0.0,40.371801887845336,85.85786437626905,0.0,75.0748343614408,70.31355992107842,22.30871835923764,68.04809531880778,0.0,1,0,0,0,55.0,28.799999999999176,0.0
1231,0,29.150000000000823,99.69999999999993,100.0,0.0,40.932164500905586,100.0,100.0,76.20317071743756,70.78505259437384,69.22145625861513,68.53529524254283,0.0,1,0,0,0,55.5,28.599999999999177,0.0
1232,0,28.150000000000823,100.0,100.0,0.0,41.51297011891586,100.0,100.0,73.87533161379778,69.55932870694735,69.28983312691919,68.82180723458173,0.0,1,0,0,0,56.0,28.399999999999178,0.0
1233,0,27.150000000000823,100.0,100.0,0.0,40.89097583142396,90.0,100.0,74.2938304215821,70.04730915762985,65.15807968044224,68.72761503366155,0.0,1,0,0,0,56.5,28.19999999999918,0.0
1234,0,27.05000000000082,100.0,57.72769377065377,0.0,40.99395722211846,75.85786437626905,0.0,75.0378485536594,70.51880183092527,41.99530834134256,68.76915444797531,0.0,1,0,0,0,57.0,27.99999999999918,0.0
1235,0,26.05000000000082,100.0,15.080472517721127,0.0,41.33861903780127,75.85786437626905,0.0,75.60500379364032,70.7339121474408,24.619061217139866,68.90818005117633,0.0,1,0,0,0,57.5,27.79999999999918,0.0
1236,0,25.05000000000082,100.0,0.0,0.0,41.66812881887547,85.85786437626905,0.0,76.42879356955075,71.20540482073623,22.718979569061975,69.04109380602242,0.0,1,0,0,0,58.0,27.59999999999918,0.0
1237,0,24.95000000000082,100.0,100.0,0.0,42.080947583992085,100.0,100.0,77.39029792997624,71.67689749403165,69.63171746843948,69.20761175266335,0.0,1,0,0,0,38.5,27.39999999999918,0.0
1238,0,24.85000000000082,100.0,100.0,0.0,40.487322211049374,100.0,100.0,73.41626430807479,64.43382375125744,69.70009433674353,68.56479401461226,0.0,0,1,0,0,39.0,28.199999999999182,0.0
1239,0,24.750000000000817,100.0,100.0,0.0,38.81868604150872,100.0,100.0,71.28845126343572,64.64853597098072,69.35489068698706,67.89171930938609,0.0,0,1,0,0,39.5,28.999999999999183,0.0
1240,0,24.650000000000816,100.0,100.0,0.0,37.7555845211355,100.0,100.0,70.1328902939371,64.86324819070398,69.00263055421114,67.46289800279312,0.0,0,1,0,0,40.0,29.799999999999184,0.0
1241,0,24.550000000000814,100.0,100.0,0.0,37.12925586948734,100.0,100.0,69.4893342870397,65.07796041042727,68.64337329585767,67.21025696559275,0.0,0,1,0,0,40.5,30.599999999999184,0.0
1242,0,24.450000000000813,100.0,100.0,0.0,36.7544847672729,100.0,100.0,69.11540905638975,65.29267263015053,68.27717760549596,67.05908623481582,0.0,0,1,0,0,41.0,31.399999999999185,0.0
1243,0,24.35000000000081,100.0,100.0,0.0,36.51612592279183,100.0,100.0,68.8834761125537,65.50738484987382,67.90410152207805,66.96293986575365,0.0,0,1,0,0,41.5,32.199999999999186,0.0
1244,0,24.25000000000081,100.0,100.0,0.0,36.35032381088892,100.0,100.0,68.72631879261056,65.72209706959708,67.52420243903958,66.89606057257278,0.0,0,1,0,0,42.0,32.99999999999919,0.0
1245,0,24.15000000000081,100.0,100.0,0.0,36.222862868604565,100.0,100.0,68.60853962519974,65.93680928932037,67.13753711324922,66.8446468865207,0.0,0,1,0,0,42.5,33.79999999999919,0.0
1246,0,24.100000000000808,97.0,100.0,0.0,36.115617094937384,100.0,100.0,68.51149768224971,66.15152150904365,66.74416167380991,66.80138735588397,0.0,0,0,1,0,43.0,33.599999999999184,0.0
1247,0,24.000000000000806,97.1,100.0,0.0,35.86746237079704,100.0,100.0,67.57872151148581,66.35192642274784,66.81987445346508,65.14412997211107,0.0,0,1,0,0,43.5,34.39999999999918,0.0
1248,0,23.000000000000806,97.6,100.0,0.0,35.466262990611625,100.0,100.0,67.06269165099616,66.5666386424711,66.42073864167897,65.03422176025634,0.0,1,0,0,0,44.0,34.19999999999918,0.0
1249,0,22.000000000000806,98.1,67.68557743469732,0.0,35.28362120315147,85.85786437626905,0.0,68.29537690999263,67.03542466535502,47.81487476992441,65.22149903634684,0.0,1,0,0,0,44.5,33.999999999999176,0.0
1250,0,21.000000000000806,98.6,34.99623984580822,0.0,35.74323196510802,75.85786437626905,0.0,70.53733069775473,67.50691733865044,30.756034058230785,65.6683107557553,0.0,1,0,0,0,45.0,33.79999999999917,0.0
1251,0,25.900000000000805,98.69999999999999,1.9319872333327055,0.0,36.653217665464396,61.7157287525381,0.0,72.25984669271728,67.97841001194587,11.851068062316257,66.29711911967392,0.0,1,0,0,0,45.5,33.59999999999917,0.0
1252,0,24.900000000000805,99.19999999999999,0.0,0.0,37.483624875292975,61.7157287525381,0.0,70.31769049705153,66.76735144448614,11.157018459134319,66.68490349154862,0.0,1,0,0,0,46.0,33.39999999999917,0.0
1253,0,23.900000000000805,99.69999999999999,0.0,0.0,37.03324529347074,57.57359312880715,0.0,70.87631779260772,67.24066657520189,9.537051247958276,66.76398784652413,0.0,1,0,0,0,46.5,33.199999999999164,0.0
1254,0,22.900000000000805,100.0,0.0,0.0,37.219914596332586,47.57359312880715,0.0,71.69553132425327,67.7121592484973,7.505426101773094,67.10050384237513,0.0,1,0,0,0,47.0,32.99999999999916,0.0
1255,0,21.900000000000805,100.0,0.0,0.0,37.60427683298323,33.43145750507619,0.0,72.65457999189644,68.18365192179273,13.374499831544123,67.41247446031156,0.0,1,0,0,0,47.5,32.79999999999916,0.0
1256,0,20.900000000000805,100.0,0.0,0.0,38.06981952605592,23.431457505076192,0.0,73.68866664141049,68.65514459508816,17.54699933917422,67.6006003989273,0.0,1,0,0,0,48.0,32.599999999999156,0.0
1257,0,25.800000000000804,100.0,0.0,0.0,38.57462244789323,9.289321881345247,0.0,74.76301998557955,69.12663726838359,23.416073068945245,67.80459140748506,0.0,1,0,0,0,48.5,32.39999999999915,0.0
1258,0,25.750000000000803,97.0,0.0,0.0,39.11840650786782,9.289321881345247,0.0,72.4362463247155,67.91255170263491,23.492680079910127,68.02433470538067,0.0,0,0,1,0,49.0,32.19999999999915,0.0
1259,0,24.750000000000803,97.5,0.0,0.0,38.209970749605766,9.289321881345247,0.0,70.27386048754835,68.1129566163391,23.56928709087501,66.10212470966557,0.0,1,0,0,0,49.5,31.99999999999915,0.0
1260,0,29.6500000000008,97.6,0.0,0.0,37.39096257461349,3.4314575050762075,0.0,70.70104005191664,68.58976068388957,26.045212376364177,66.03157220102828,0.0,1,0,0,0,50.0,31.79999999999915,0.0
1261,0,28.6500000000008,98.1,0.0,0.0,37.49803995753497,3.4314575050762075,0.0,68.12895483269408,67.3691819622204,26.121819387329065,66.12711932606513,0.0,1,0,0,0,50.5,31.599999999999152,0.0
1262,0,27.6500000000008,98.6,0.0,0.0,36.70572126603031,0.0,0.0,68.31455055783282,67.8520172471456,27.603914503060665,66.06737129184336,0.0,1,0,0,0,51.0,31.399999999999153,0.0
1263,0,26.6500000000008,99.1,0.0,0.0,36.71627047185436,0.0,0.0,70.01565927721704,68.323509920441,27.680521514025546,66.33264137420505,0.0,1,0,0,0,51.5,31.199999999999154,0.0
1264,0,31.5500000000008,99.19999999999999,0.0,0.0,37.36849912891944,0.0,0.0,71.44794834068375,68.79500259373643,27.757128524990435,66.85767703865886,0.0,1,0,0,0,52.0,30.999999999999154,0.0
1265,0,30.5500000000008,99.69999999999999,0.0,0.0,38.05484867614979,0.0,0.0,69.3526409930481,67.56989476423544,27.833735535955316,67.18772593971555,0.0,1,0,0,0,52.5,30.799999999999155,0.0
1266,0,30.4500000000008,99.79999999999998,0.0,0.0,37.51666697785844,0.0,0.0,69.82649499939787,68.05725915699244,27.910342546920205,67.23085800216124,0.0,1,0,0,0,53.0,30.599999999999156,0.0
1267,0,29.4500000000008,100.0,0.0,0.0,37.66577533858895,0.0,0.0,70.24867544013483,68.27236947350798,27.986949557885087,67.34342016702107,0.0,1,0,0,0,53.5,30.399999999999157,0.0
1268,0,28.4500000000008,100.0,0.0,0.0,37.90932451355276,0.0,0.0,70.99466920090364,68.7438621468034,28.06355656884997,67.54641390332698,0.0,1,0,0,0,54.0,30.199999999999157,0.0
1269,0,27.4500000000008,100.0,0.0,0.0,38.27742900698286,5.147186257614289,0.0,71.91442685774011,69.21535482009884,26.03193142266479,67.695430484459,0.0,1,0,0,0,54.5,29.999999999999158,0.0
1270,0,26.4500000000008,100.0,0.0,0.0,38.724396334793205,15.147186257614287,0.0,72.92742926304352,69.68684749339424,22.01264593696446,67.87637242963156,0.0,1,0,0,0,55.0,29.79999999999916,0.0
1271,0,25.4500000000008,100.0,0.0,0.0,39.21563992563891,29.28932188134524,0.0,73.99046843267729,70.15834016668967,16.296786229123203,68.07523835416484,0.0,1,0,0,0,55.5,29.59999999999916,0.0
1272,0,24.4500000000008,100.0,0.0,0.0,39.73096147205945,43.431457505076196,0.0,75.08035820597311,70.6298328399851,10.580926521281945,68.28385155069411,0.0,1,0,0,0,56.0,29.39999999999916,0.0
1273,0,23.4500000000008,100.0,0.0,0.0,40.25925551655101,57.57359312880715,0.0,76.18465648322928,71.10132551328051,11.06919146725597,68.49771629222158,0.0,1,0,0,0,56.5,29.19999999999916,0.0
1274,0,22.4500000000008,100.0,0.0,0.0,40.79451926905648,71.7157287525381,0.0,77.29668661593968,71.57281818657594,16.938265197026997,68.71440252079488,0.0,1,0,0,0,57.0,28.99999999999916,0.0
1275,0,27.350000000000797,100.0,0.0,0.0,41.33352446234517,85.85786437626905,0.0,78.41286579763744,72.04431085987136,22.80733892679802,68.93260336471238,0.0,1,0,0,0,57.5,28.799999999999162,0.0
1276,0,26.350000000000797,100.0,0.0,0.0,41.89735326740704,85.85786437626905,0.0,76.04302555257576,70.81878215437493,22.883945937762906,69.16085333822164,0.0,1,0,0,0,58.0,28.599999999999163,0.0
1277,0,25.350000000000797,100.0,0.0,0.0,41.24416819139589,75.85786437626905,0.0,76.47446320149362,71.30656742312738,18.864660452062573,68.89643003285357,0.0,1,0,0,0,58.5,28.399999999999164,0.0
1278,0,24.350000000000797,100.0,0.0,0.0,41.36025642471635,65.85786437626905,0.0,77.22542454222506,71.7780600964228,14.84537496636225,68.94342503548955,0.0,1,0,0,0,59.0,28.199999999999164,0.0
1279,0,23.350000000000797,100.0,0.0,0.0,41.70929019072416,55.85786437626905,0.0,78.14784788942981,72.2495527697182,10.826089480661922,69.0847213778011,0.0,1,0,0,0,59.5,27.999999999999165,0.0
1280,0,22.350000000000797,100.0,0.0,0.0,42.15405236527332,45.857864376269056,0.0,79.16228075084928,72.72104544301364,10.199952439243447,69.26477062971476,0.0,1,0,0,0,60.0,27.799999999999166,0.0
1281,0,21.350000000000797,100.0,0.0,0.0,42.64541936655649,35.857864376269056,0.0,80.22608752827591,73.19253811630907,14.372451946873545,69.46368651343572,0.0,1,0,0,0,60.5,27.599999999999167,0.0
1282,0,20.350000000000797,100.0,0.0,0.0,43.16101982291982,25.857864376269045,0.0,81.31638921335079,73.6640307896045,18.544951454503646,69.6724126186821,0.0,1,0,0,0,61.0,27.399999999999167,0.0
1283,0,20.250000000000796,100.0,0.0,0.0,43.689498152372344,15.857864376269038,0.0,82.42090852967834,74.13552346289991,22.717450962133746,69.88635196270785,0.0,1,0,0,0,61.5,27.199999999999168,0.0
1284,0,19.250000000000796,100.0,0.0,0.0,44.224866429721565,15.857864376269038,0.0,83.1815150159087,74.35063377941545,22.79405797309863,70.10308050517608,0.0,1,0,0,0,62.0,26.99999999999917,0.0
1285,0,18.250000000000796,100.0,0.0,0.0,44.64539492071637,25.857864376269045,0.0,84.10911411703202,74.82212645271088,18.774772487398298,70.27331944307304,0.0,1,0,0,0,62.5,26.79999999999917,0.0
1286,0,17.250000000000796,100.0,0.0,0.0,45.10353883895524,35.857864376269056,0.0,85.12632437860876,75.29361912600629,14.755487001697967,70.45878591137449,0.0,1,0,0,0,63.0,26.59999999999917,0.0
1287,0,16.250000000000796,100.0,0.0,0.0,45.598020359182584,45.857864376269056,0.0,86.19162155757975,75.7651117993017,10.736201515997639,70.65896261905499,0.0,1,0,0,0,63.5,26.39999999999917,0.0
1288,0,15.250000000000796,100.0,0.0,0.0,46.11463027514834,55.85786437626905,0.0,87.28272301821367,76.23660447259714,11.515552579345881,70.86809737516393,0.0,1,0,0,0,64.0,26.19999999999917,0.0
1289,0,20.150000000000794,100.0,0.0,0.0,46.64354257542887,65.85786437626905,0.0,88.3876715081067,76.70809714589257,15.68805208697598,71.08221239987343,0.0,1,0,0,0,64.5,25.999999999999172,0.0
1290,0,19.150000000000794,100.0,0.0,0.0,47.20511630296016,65.85786437626905,0.0,85.8608745735776,75.48440072871503,15.76465909794086,71.30954946971052,0.0,1,0,0,0,65.0,25.799999999999173,0.0
1291,0,19.050000000000793,100.0,0.0,0.0,46.49546678167744,55.85786437626905,0.0,86.35901661895535,75.97035370914858,11.745373612240533,71.02226814782796,0.0,1,0,0,0,65.5,25.599999999999174,0.0
1292,0,18.050000000000793,100.0,0.0,0.0,46.62485630903686,55.85786437626905,0.0,86.79423044661084,76.18546402566412,11.82198062320542,71.07464779911044,0.0,1,0,0,0,66.0,25.399999999999174,0.0
1293,0,17.050000000000793,100.0,0.0,0.0,46.86959064445927,65.85786437626905,0.0,87.54721815095708,76.65695669895953,15.994480130835514,71.17372149856581,0.0,1,0,0,0,66.5,25.199999999999175,0.0
1294,0,16.050000000000793,100.0,0.0,0.0,47.24024626774357,75.85786437626905,0.0,88.4707288803502,77.12844937225496,20.16697963846561,71.32377083168991,0.0,1,0,0,0,67.0,24.999999999999176,0.0
1295,0,15.050000000000793,100.0,0.0,0.0,47.68889428908103,85.85786437626905,0.0,89.4857452500872,77.59994204555039,24.33947914609571,71.5053931575908,0.0,1,0,0,0,67.5,24.799999999999176,0.0
1296,0,14.950000000000793,100.0,98.84568890797325,0.0,48.18109050423421,100.0,100.0,90.54986514829164,78.07143471884581,69.63742829624111,71.70464472484223,0.0,1,0,0,0,48.0,24.599999999999177,0.0
1297,0,14.900000000000793,97.0,100.0,0.0,46.61409524834538,100.0,100.0,86.42942919020103,70.83113950109197,70.17448217895831,71.07029149131681,0.0,0,0,1,0,48.5,24.399999999999178,0.0
1298,0,13.900000000000793,97.5,100.0,0.0,44.69004685583217,100.0,100.0,83.12611978195922,71.03154441479616,70.25108918992319,68.64395422505766,0.0,1,0,0,0,49.0,24.19999999999918,0.0
1299,0,12.900000000000793,98.0,100.0,0.0,43.32230511978774,90.0,100.0,83.1236956198239,71.49396904152938,66.23180370422287,68.34747695817482,0.0,1,0,0,0,49.5,23.99999999999918,0.0
1300,0,11.900000000000793,98.5,58.88144758018267,0.0,43.189790967948625,80.0,0.0,84.94570003865326,71.9654617148248,45.81060632192456,68.55364784474892,0.0,1,0,0,0,50.0,23.79999999999918,0.0
1301,0,10.900000000000793,99.0,17.38798013677892,0.0,43.86272524198804,70.0,0.0,86.44286385079101,72.43695438812023,25.239857877546232,69.08757789825667,0.0,1,0,0,0,50.5,23.59999999999918,0.0
1302,0,9.900000000000793,99.5,0.0,0.0,44.5488875186366,60.0,0.0,87.76571250685626,72.90844706141564,14.284624954995191,69.6268907906602,0.0,1,0,0,0,51.0,23.39999999999918,0.0
1303,0,8.900000000000793,100.0,0.0,0.0,45.17814276747241,50.0,0.0,88.99502059868584,73.37993973471106,10.265339469294863,70.1430466447863,0.0,1,0,0,0,51.5,23.199999999999182,0.0
1304,0,13.800000000000793,100.0,0.0,0.0,45.76708316142503,40.0,0.0,90.17413318626511,73.85143240800649,14.437838976924962,70.64279727316854,0.0,1,0,0,0,52.0,22.999999999999183,0.0
1305,0,12.800000000000793,100.0,0.0,0.0,46.36886142625742,40.0,0.0,87.69233474535393,72.64898840101179,14.514445987889845,70.88767743733935,0.0,1,0,0,0,52.5,22.799999999999184,0.0
1306,0,11.800000000000793,100.0,0.0,0.0,45.66308869611468,30.000000000000004,0.0,88.20942302961734,73.11368897126249,18.686945495519943,70.60047905859302,0.0,1,0,0,0,53.0,22.599999999999184,0.0
1307,0,16.70000000000079,100.0,0.0,0.0,45.80732049576871,19.999999999999996,0.0,89.00634600063884,73.58518164455793,22.85944500315004,70.659170953668,0.0,1,0,0,0,53.5,22.399999999999185,0.0
1308,0,15.700000000000792,100.0,0.0,0.0,46.21264719773133,19.999999999999996,0.0,86.3352939054231,72.37745747495997,22.936052014114924,70.82410956165685,0.0,1,0,0,0,54.0,22.199999999999186,0.0
1309,0,14.700000000000792,100.0,0.0,0.0,45.41220349639565,15.857864376269038,0.0,86.73498938140291,72.84743820781395,24.70923324722074,70.4983869550965,0.0,1,0,0,0,54.5,21.999999999999186,0.0
1310,0,13.700000000000792,100.0,0.0,0.0,45.50228825121368,21.715728752538098,0.0,87.46891731647077,73.31893088110935,22.386521983661336,70.53504492504707,0.0,1,0,0,0,55.0,21.799999999999187,0.0
1311,0,12.700000000000792,100.0,0.0,0.0,45.84139954324328,27.57359312880714,0.0,88.38220024001689,73.7904235544048,20.063810720101944,70.67303865748524,0.0,1,0,0,0,55.5,21.599999999999188,0.0
1312,0,17.60000000000079,100.0,0.0,0.0,46.27918393206663,33.43145750507619,0.0,89.39172819009275,74.26191622770021,17.74109945654254,70.85118519296428,0.0,1,0,0,0,56.0,21.39999999999919,0.0
1313,0,16.60000000000079,100.0,0.0,0.0,46.802364214158686,33.43145750507619,0.0,86.824448992431,73.05041400504186,17.81770646750742,71.0640816713795,0.0,1,0,0,0,56.5,21.19999999999919,0.0
1314,0,15.60000000000079,100.0,0.0,0.0,46.05386634249548,29.28932188134524,0.0,87.29014547782171,73.52417279095621,19.590887700613234,70.7594972548163,0.0,1,0,0,0,57.0,20.99999999999919,0.0
1315,0,14.60000000000079,100.0,0.0,0.0,46.174198245214924,19.289321881345245,0.0,88.05949070992511,73.99566546425164,23.76338720824333,70.80846362302026,0.0,1,0,0,0,57.5,20.79999999999919,0.0
1316,0,19.50000000000079,100.0,0.0,0.0,46.529903052301385,9.289321881345247,0.0,88.99177917506069,74.46715813754706,27.935886715873426,70.9532097141406,0.0,1,0,0,0,58.0,20.59999999999919,0.0
1317,0,18.50000000000079,100.0,0.0,0.0,47.015344411301236,9.289321881345247,0.0,86.38590004703298,73.2511268070569,28.012493726838308,71.1507491844641,0.0,1,0,0,0,58.5,20.399999999999192,0.0
1318,0,23.400000000000787,100.0,0.0,0.0,46.247121977605325,5.147186257614289,0.0,86.82803500470065,73.72941470080308,29.785674959944128,70.83813829989593,0.0,1,0,0,0,59.0,20.199999999999193,0.0
1319,0,22.400000000000787,100.0,0.0,0.0,46.39562827846615,5.147186257614289,0.0,83.99023595169223,72.50735215293821,29.862281970909013,70.89856960733994,0.0,1,0,0,0,59.5,19.999999999999194,0.0
1320,0,21.400000000000787,100.0,0.0,0.0,45.49707864999934,1.005050633883331,0.0,84.27681359017757,72.9916712640591,31.635463204014826,70.53292499470862,0.0,1,0,0,0,60.0,19.799999999999194,0.0
1321,0,21.300000000000786,100.0,0.0,0.0,45.533936798248796,0.0,0.0,84.95004051345302,73.46316393735451,32.12372814998884,70.54792359123799,0.0,1,0,0,0,60.5,19.599999999999195,0.0
1322,0,20.300000000000786,100.0,0.0,0.0,45.84439696914161,0.0,0.0,85.47920795155001,73.67827425387004,32.20033516095373,70.67425839270828,0.0,1,0,0,0,61.0,19.399999999999196,0.0
1323,0,19.300000000000786,100.0,0.0,0.0,46.147953199424144,1.005050633883331,0.0,86.28261280797118,74.14976692716547,31.86528423690948,70.79778379043489,0.0,1,0,0,0,61.5,19.199999999999196,0.0
1324,0,18.300000000000786,100.0,0.0,0.0,46.54316154579003,15.147186257614287,0.0,87.23317826374897,74.62125960046089,26.14942452906822,70.95860496061574,0.0,1,0,0,0,62.0,18.999999999999197,0.0
1325,0,17.300000000000786,100.0,0.0,0.0,47.00211886269723,29.28932188134524,0.0,88.26271267327255,75.0927522737563,20.433564821226966,71.14536734417065,0.0,1,0,0,0,62.5,18.799999999999198,0.0
1326,0,16.300000000000786,100.0,0.0,0.0,47.49751024235323,43.431457505076196,0.0,89.33462320577314,75.56424494705173,14.717705113385705,71.34695575217464,0.0,1,0,0,0,63.0,18.5999999999992,0.0
1327,0,21.200000000000784,100.0,0.0,0.0,48.012792709790666,57.57359312880715,0.0,90.4292735076816,76.03573762034716,15.20597005935973,71.55663839210109,0.0,1,0,0,0,63.5,18.3999999999992,0.0
1328,0,20.200000000000784,100.0,0.0,0.0,48.58000266740879,57.57359312880715,0.0,87.88097854602384,74.81175208694398,15.282577070324612,71.78745175917997,0.0,1,0,0,0,64.0,18.1999999999992,0.0
1329,0,19.200000000000784,100.0,0.0,0.0,47.84123339540432,61.7157287525381,0.0,88.38355621288943,75.29799418360317,17.055758303430427,71.48682617798988,0.0,1,0,0,0,64.5,17.9999999999992,0.0
1330,0,19.100000000000783,100.0,0.0,0.0,47.97551924399108,75.85786437626905,0.0,89.17269253259857,75.7694868568986,22.92483203320145,71.54147079141222,0.0,1,0,0,0,65.0,17.7999999999992,0.0
1331,0,18.100000000000783,100.0,0.0,0.0,48.3400461094216,75.85786437626905,0.0,89.7640589818826,75.98459717341413,23.00143904416634,71.68980682125564,0.0,1,0,0,0,65.5,17.599999999999202,0.0
1332,0,17.100000000000783,100.0,0.0,0.0,48.67288819688161,85.85786437626905,0.0,90.60084091653621,76.45608984670956,27.173938551796436,71.82524944154181,0.0,1,0,0,0,66.0,17.399999999999203,0.0
1333,0,17.00000000000078,100.0,95.29036938366852,0.0,49.083853508300166,100.0,100.0,91.56931709677853,76.92758252000498,71.05369483837701,71.99248255514838,0.0,1,0,0,0,46.5,17.199999999999203,0.0
1334,0,16.90000000000078,100.0,100.0,0.0,47.474789585958796,100.0,100.0,87.39711617997047,69.68624713125406,73.00894158465904,71.33771009078558,0.0,0,1,0,0,47.0,17.999999999999204,0.0
1335,0,16.80000000000078,100.0,100.0,0.0,45.77355943043887,100.0,100.0,85.16494476880099,69.90095935097733,72.67968208002642,70.6454326455507,0.0,0,1,0,0,47.5,18.799999999999205,0.0
1336,0,16.700000000000777,100.0,100.0,0.0,44.714082559268235,100.0,100.0,83.95442685663417,70.1156715707006,72.34345280734998,70.21430230185226,0.0,0,1,0,0,48.0,19.599999999999206,0.0
1337,0,16.600000000000776,100.0,100.0,0.0,44.09801372905578,100.0,100.0,83.28192956167479,70.33038379042388,72.00031095156817,69.9636069127043,0.0,0,1,0,0,48.5,20.399999999999206,0.0
1338,0,16.500000000000774,100.0,100.0,0.0,43.73155993988093,100.0,100.0,82.89276334209751,70.54509601014716,71.65031307374443,69.81448676447303,0.0,0,1,0,0,49.0,21.199999999999207,0.0
1339,0,16.400000000000773,100.0,100.0,0.0,43.499018571993744,100.0,100.0,82.65280422669001,70.75980822987043,71.29351511955194,69.71985927180249,0.0,0,1,0,0,49.5,21.999999999999208,0.0
1340,0,15.400000000000773,100.0,100.0,0.0,43.337373739897416,100.0,100.0,82.49142018429461,70.97452044959371,70.92997242762034,69.65408153383096,0.0,1,0,0,0,50.0,21.79999999999921,0.0
1341,0,14.400000000000773,100.0,100.0,0.0,43.29665071336351,90.0,100.0,84.16082871512286,71.43991188953176,66.98261472315852,69.63751021179105,0.0,1,0,0,0,50.5,21.59999999999921,0.0
1342,0,13.400000000000773,100.0,56.96160138424385,0.0,43.932021625483934,80.0,0.0,85.57610690248038,71.91140456282719,46.146951407669675,69.89606015013544,0.0,1,0,0,0,51.0,21.39999999999921,0.0
1343,0,12.400000000000773,100.0,100.0,0.0,44.58476399715258,90.0,100.0,86.85501429883354,72.38289723612262,67.14635575912466,70.16167901421983,0.0,1,0,0,0,51.5,21.19999999999921,0.0
1344,0,11.400000000000773,100.0,100.0,0.0,45.1940595056951,100.0,100.0,88.06074274148457,72.85438990941803,71.25745449955264,70.40961815207152,0.0,1,0,0,0,52.0,20.99999999999921,0.0
1345,0,16.30000000000077,100.0,55.836856313484574,0.0,45.77197965401844,85.85786437626905,0.0,89.22720207653933,73.32588258271348,48.31147924974226,70.64478979097818,0.0,1,0,0,0,52.5,20.799999999999212,0.0
1346,0,15.300000000000772,100.0,11.104247373865675,0.0,46.37191478840372,85.85786437626905,0.0,86.75395413279762,72.11972070774247,30.840234529969422,70.88891993456357,0.0,1,0,0,0,53.0,20.599999999999213,0.0
1347,0,14.300000000000772,100.0,100.0,0.0,45.664633214346516,90.0,100.0,87.26029030954692,72.58813914596946,67.47383783105697,70.60110756563671,0.0,1,0,0,0,53.5,20.399999999999213,0.0
1348,0,13.300000000000772,100.0,54.712111242725314,0.0,45.80499973930931,85.85786437626905,0.0,88.05144351145454,73.0596318192649,48.11573984500307,70.65822657389226,0.0,1,0,0,0,54.0,20.199999999999214,0.0
1349,0,12.300000000000772,100.0,9.049307461864203,0.0,46.17113730963167,75.85786437626905,0.0,88.9954345149481,73.53112449256032,26.2502576259079,70.80721804395576,0.0,1,0,0,0,54.5,19.999999999999215,0.0
1350,0,11.300000000000772,100.0,0.0,0.0,46.623431224579846,65.85786437626905,0.0,90.0214409582864,74.00261716585574,18.751943684701686,70.99126890557471,0.0,1,0,0,0,55.0,19.799999999999216,0.0
1351,0,10.300000000000772,100.0,0.0,0.0,47.1166120550253,55.85786437626905,0.0,91.09145832237289,74.47410983915117,14.804585980239853,71.19195778017044,0.0,1,0,0,0,55.5,19.599999999999216,0.0
1352,0,9.300000000000772,100.0,0.0,0.0,47.63091684495452,45.857864376269056,0.0,92.18509271696934,74.94560251244658,14.195150227044255,71.40124257616881,0.0,1,0,0,0,56.0,19.399999999999217,0.0
1353,0,8.300000000000772,100.0,0.0,0.0,48.15643236499442,35.857864376269056,0.0,93.29140042356714,75.41709518574201,18.306248967472246,71.61508932727659,0.0,1,0,0,0,56.5,19.199999999999218,0.0
1354,0,7.300000000000772,100.0,0.0,0.0,48.68794470112475,25.857864376269045,0.0,94.40450885123852,75.88858785903744,22.417347707900245,71.8313763481557,0.0,1,0,0,0,57.0,18.99999999999922,0.0
1355,0,12.200000000000772,100.0,0.0,0.0,49.22267212243208,15.857864376269038,0.0,95.52126666488849,76.36008053233284,26.528446448328236,72.04897167581821,0.0,1,0,0,0,57.5,18.79999999999922,0.0
1356,0,11.200000000000772,100.0,0.0,0.0,49.80148407223819,15.857864376269038,0.0,92.92539916819445,75.15389587815869,26.610316966311313,72.28450621333099,0.0,1,0,0,0,58.0,18.59999999999922,0.0
1357,0,16.100000000000772,100.0,0.0,0.0,49.04724705272115,19.999999999999996,0.0,93.46188439281644,75.62233709558888,25.023226508661264,71.97758637930463,0.0,1,0,0,0,58.5,18.39999999999922,0.0
1358,0,15.100000000000772,100.0,0.0,0.0,49.23344762852611,19.999999999999996,0.0,90.58469387540724,74.41012122404001,25.10509702664434,72.05335652627814,0.0,1,0,0,0,59.0,18.19999999999922,0.0
1359,0,14.100000000000772,100.0,0.0,0.0,48.32367736633829,15.857864376269038,0.0,90.94015483382906,74.88459365884488,26.85592852026054,71.6831459284854,0.0,1,0,0,0,59.5,17.999999999999222,0.0
1360,0,13.100000000000772,100.0,0.0,0.0,48.38210764640424,11.715728752538102,0.0,91.65034575242458,75.3560863321403,28.606760013876738,71.70692282009361,0.0,1,0,0,0,60.0,17.799999999999223,0.0
1361,0,12.100000000000772,100.0,0.0,0.0,48.70835899174083,7.573593128807143,0.0,92.55089097740154,75.82757900543574,30.35759150749293,71.83968348573384,0.0,1,0,0,0,60.5,17.599999999999223,0.0
1362,0,11.100000000000772,100.0,0.0,0.0,49.13987286197078,3.4314575050762075,0.0,93.55358365544444,76.29907167873115,32.108423001109124,72.01527837434838,0.0,1,0,0,0,61.0,17.399999999999224,0.0
1363,0,16.000000000000774,100.0,0.0,0.0,49.62199801886803,9.289321881345247,0.0,94.61109044495252,76.77056435202657,29.830026272280417,72.21146839062416,0.0,1,0,0,0,61.5,17.199999999999225,0.0
1364,0,15.000000000000774,100.0,0.0,0.0,50.17456578587043,9.289321881345247,0.0,91.99022685212879,75.55532148218877,29.91189679026349,72.43632344672481,0.0,1,0,0,0,62.0,16.999999999999226,0.0
1365,0,14.000000000000774,100.0,0.0,0.0,49.40604827675914,5.147186257614289,0.0,92.50649969334842,76.0328209152826,31.662728283879694,72.12359248783628,0.0,1,0,0,0,62.5,16.799999999999226,0.0
1366,0,13.000000000000774,100.0,0.0,0.0,49.54041944084233,1.005050633883331,0.0,93.30298508335784,76.504313588578,33.4135597774959,72.17827181848588,0.0,1,0,0,0,63.0,16.599999999999227,0.0
1367,0,12.000000000000774,100.0,0.0,0.0,49.90744371414188,0.0,0.0,94.24983743232987,76.97580626187343,33.90038813338186,72.32762411243304,0.0,1,0,0,0,63.5,16.399999999999228,0.0
1368,0,16.900000000000773,100.0,0.0,0.0,50.360840369277454,0.0,0.0,95.2773793237414,77.44729893516886,33.98225865136494,72.51212370943165,0.0,1,0,0,0,64.0,16.19999999999923,0.0
1369,0,15.900000000000773,100.0,0.0,0.0,50.900028180152724,0.0,0.0,92.62731231917378,76.22827801227068,34.064129169348014,72.7315340925614,0.0,1,0,0,0,64.5,15.999999999999229,0.0
1370,0,14.900000000000773,100.0,0.0,0.0,50.118456063066425,0.0,0.0,93.14103782130158,76.70955549842486,34.14599968733109,72.4134908538334,0.0,1,0,0,0,65.0,15.79999999999923,0.0
1371,0,13.900000000000773,100.0,0.0,0.0,50.24997185302986,0.0,0.0,93.9361562645617,77.18104817172029,34.22787020531417,72.46700825404437,0.0,1,0,0,0,65.5,15.59999999999923,0.0
1372,0,12.900000000000773,100.0,0.0,0.0,50.61609783533499,0.0,0.0,94.88227508597885,77.65254084501571,34.30974072329724,72.61599500862422,0.0,1,0,0,0,66.0,15.399999999999231,0.0
1373,0,11.900000000000773,100.0,0.0,0.0,51.069109295229225,0.0,0.0,95.90942335366361,78.12403351831115,34.391611241280316,72.8003378590611,0.0,1,0,0,0,66.5,15.199999999999232,0.0
1374,0,16.80000000000077,100.0,0.0,0.0,51.562785735857375,7.573593128807143,0.0,96.98005344068271,78.59552619160657,31.421908241272927,73.00122841110182,0.0,1,0,0,0,67.0,14.999999999999233,0.0
1375,0,15.800000000000772,100.0,0.0,0.0,52.12405887310404,7.573593128807143,0.0,94.32431126759887,77.37347827041944,31.50377875925601,73.22962592232118,0.0,1,0,0,0,67.5,14.799999999999233,0.0
1376,0,14.800000000000772,100.0,0.0,0.0,51.34257598838357,11.715728752538102,0.0,94.86378842351667,77.85778275486257,29.916688301605966,72.91161899470255,0.0,1,0,0,0,68.0,14.599999999999234,0.0
1377,0,13.800000000000772,100.0,0.0,0.0,51.48281083237352,15.857864376269038,0.0,95.672725654998,78.329275428158,28.32959784395592,72.96868441834042,0.0,1,0,0,0,68.5,14.399999999999235,0.0
1378,0,13.700000000000772,100.0,0.0,0.0,51.85494023077174,19.999999999999996,0.0,96.62625988008051,78.80076810145341,26.74250738630588,73.12011412841464,0.0,1,0,0,0,69.0,14.199999999999235,0.0
1379,0,12.700000000000772,100.0,0.0,0.0,52.31137557933713,19.999999999999996,0.0,97.30584512326786,79.01587841796895,26.82437790428896,73.3058502535324,0.0,1,0,0,0,69.5,13.999999999999236,0.0
1380,0,11.700000000000772,100.0,0.0,0.0,52.688080348523954,30.000000000000004,0.0,98.18996680705081,79.48737109126438,22.877020199827115,73.45914180810207,0.0,1,0,0,0,70.0,13.799999999999237,0.0
1381,0,10.700000000000772,100.0,0.0,0.0,53.12174952156517,40.0,0.0,99.18384632538549,79.9588637645598,18.929662495365285,73.63561374884213,0.0,1,0,0,0,70.5,13.599999999999238,0.0
1382,0,9.700000000000772,100.0,0.0,0.0,53.601224610552734,50.0,0.0,100.0,80.43035643785522,14.982304790903445,73.83072537943548,0.0,1,0,0,0,71.0,13.399999999999238,0.0
1383,0,8.700000000000772,100.0,0.0,0.0,54.027616322357204,60.0,0.0,100.0,80.90184911115064,19.09340353133144,74.00423592059273,0.0,1,0,0,0,71.5,13.199999999999239,0.0
1384,0,7.700000000000772,100.0,0.0,0.0,54.16999578448438,70.0,0.0,100.0,81.37334178444607,23.204502271759427,74.06217404846775,0.0,1,0,0,0,72.0,12.99999999999924,0.0
1385,0,6.700000000000772,100.0,0.0,0.0,54.26898917232205,80.0,0.0,100.0,81.8448344577415,27.315601012187418,74.10245718676332,0.0,1,0,0,0,72.5,12.79999999999924,0.0
1386,0,11.600000000000772,100.0,89.24645792827906,0.0,54.36135484799453,90.0,100.0,100.0,82.31632713103691,66.44708863025024,74.14004332628386,0.0,1,0,0,0,73.0,12.599999999999241,0.0
1387,0,10.600000000000772,100.0,100.0,0.0,54.50212565597219,90.0,100.0,99.45133996589328,81.0946093886258,70.74865855038004,74.19732684844236,0.0,1,0,0,0,73.5,12.399999999999242,0.0
1388,0,9.600000000000772,100.0,39.71551029926844,0.0,54.36597956535828,80.0,0.0,100.0,81.57858369429293,43.14561386833532,74.14192525126099,0.0,1,0,0,0,74.0,12.199999999999243,0.0
1389,0,8.600000000000772,100.0,0.0,0.0,54.607901182043946,70.0,0.0,100.0,82.05007636758835,23.613854861674813,74.24036982573719,0.0,1,0,0,0,74.5,11.999999999999243,0.0
1390,0,7.600000000000772,100.0,0.0,0.0,54.72210075664828,60.0,0.0,100.0,82.52156904088376,19.666497157212977,74.28684078059153,0.0,1,0,0,0,75.0,11.799999999999244,0.0
1391,0,7.500000000000773,100.0,0.0,0.0,54.81678934884801,45.857864376269056,0.0,100.0,82.99306171417919,17.38810042838426,74.32537217887895,0.0,1,0,0,0,75.5,11.599999999999245,0.0
1392,0,6.500000000000773,100.0,0.0,0.0,54.908497418436376,45.857864376269056,0.0,100.0,83.20817203069474,17.469970946367336,74.36269072035675,0.0,1,0,0,0,76.0,11.399999999999245,0.0
1393,0,5.500000000000773,100.0,0.0,0.0,54.99975017958089,55.85786437626905,0.0,100.0,83.67966470399014,18.243147735529085,74.39982398427803,0.0,1,0,0,0,76.5,11.199999999999246,0.0
1394,0,4.500000000000773,100.0,0.0,0.0,55.09093338722553,65.85786437626905,0.0,100.0,84.15115737728557,22.354246475957076,74.43692894496294,0.0,1,0,0,0,77.0,10.999999999999247,0.0
1395,0,3.5000000000007727,100.0,0.0,0.0,55.182105969788616,75.85786437626905,0.0,100.0,84.622650050581,26.465345216385067,74.4740295820093,0.0,1,0,0,0,77.5,10.799999999999248,0.0
1396,0,2.5000000000007727,100.0,0.0,0.0,55.27327692925068,85.85786437626905,0.0,100.0,85.09414272387642,30.57644395681305,74.51112955857107,0.0,1,0,0,0,78.0,10.599999999999248,0.0
1397,0,2.4000000000007726,100.0,85.12239266882841,0.0,55.36444764076575,100.0,100.0,100.0,85.56563539717186,69.75860570198475,74.54822943423642,0.0,1,0,0,0,58.5,10.399999999999249,0.0
1398,0,1.4000000000007726,100.0,100.0,0.0,53.38848955087562,100.0,100.0,100.0,78.3303230732702,75.67846247063882,73.74415761954283,0.0,1,0,0,0,59.0,10.19999999999925,0.0
1399,0,0.4000000000007726,100.0,45.907981388210686,0.0,53.10550740863149,85.85786437626905,0.0,100.0,78.78730286760543,48.83638793496185,73.62900438537037,0.0,1,0,0,0,59.5,9.99999999999925,0.0
1400,0,,,,,,,,,,,,,,,,,60.0,9.799999999999251,0.0
1401,0,,,,,,,,,,,,,,,,,60.5,9.599999999999252,0.0
1402,0,,,,,,,,,,,,,,,,,61.0,9.399999999999253,0.0
1403,0,,,,,,,,,,,,,,,,,61.5,9.199999999999253,0.0
1404,0,,,,,,,,,,,,,,,,,62.0,8.999999999999254,0.0
1405,0,,,,,,,,,,,,,,,,,62.5,8.799999999999255,0.0
1406,0,,,,,,,,,,,,,,,,,63.0,8.599999999999255,0.0
1407,0,,,,,,,,,,,,,,,,,63.5,8.399999999999256,0.0
1408,0,,,,,,,,,,,,,,,,,64.0,8.199999999999257,0.0
1409,0,,,,,,,,,,,,,,,,,64.5,7.999999999999257,0.0
1410,0,,,,,,,,,,,,,,,,,65.0,7.799999999999256,0.0
1411,0,,,,,,,,,,,,,,,,,65.5,7.599999999999256,0.0
1412,0,,,,,,,,,,,,,,,,,66.0,7.399999999999256,0.0
1413,0,,,,,,,,,,,,,,,,,66.5,7.199999999999256,0.0
1414,0,,,,,,,,,,,,,,,,,67.0,6.999999999999256,0.0
1415,0,,,,,,,,,,,,,,,,,67.5,6.7999999999992555,0.0
1416,0,,,,,,,,,,,,,,,,,68.0,6.599999999999255,0.0
1417,0,,,,,,,,,,,,,,,,,68.5,6.399999999999255,0.0
1418,0,,,,,,,,,,,,,,,,,69.0,6.199999999999255,0.0
1419,0,,,,,,,,,,,,,,,,,69.5,5.999999999999255,0.0
1420,0,,,,,,,,,,,,,,,,,70.0,5.799999999999255,0.0
1421,0,,,,,,,,,,,,,,,,,70.5,5.5999999999992545,0.0
1422,0,,,,,,,,,,,,,,,,,71.0,5.399999999999254,0.0
1423,0,,,,,,,,,,,,,,,,,71.5,5.199999999999254,0.0
1424,0,,,,,,,,,,,,,,,,,72.0,4.999999999999254,0.0
1425,0,,,,,,,,,,,,,,,,,72.5,4.799999999999254,0.0
1426,0,,,,,,,,,,,,,,,,,73.0,4.599999999999254,0.0
1427,0,,,,,,,,,,,,,,,,,73.5,4.399999999999253,0.0
1428,0,,,,,,,,,,,,,,,,,74.0,4.199999999999253,0.0
1429,0,,,,,,,,,,,,,,,,,74.5,3.999999999999253,0.0
1430,0,,,,,,,,,,,,,,,,,75.0,3.799999999999253,0.0
1431,0,,,,,,,,,,,,,,,,,75.5,3.5999999999992527,0.0
1432,0,,,,,,,,,,,,,,,,,76.0,3.3999999999992525,0.0
1433,0,,,,,,,,,,,,,,,,,76.5,3.1999999999992523,0.0
1434,0,,,,,,,,,,,,,,,,,77.0,2.999999999999252,0.0
1435,0,,,,,,,,,,,,,,,,,77.5,2.799999999999252,0.0
1436,0,,,,,,,,,,,,,,,,,78.0,2.599999999999252,0.0
1437,0,,,,,,,,,,,,,,,,,78.5,2.3999999999992516,0.0
1438,0,,,,,,,,,,,,,,,,,79.0,2.1999999999992514,0.0
1439,0,,,,,,,,,,,,,,,,,79.5,1.9999999999992515,0.0
1440,0,,,,,,,,,,,,,,,,,80.0,1.7999999999992515,0.0
1441,0,,,,,,,,,,,,,,,,,80.5,1.5999999999992516,0.0
1442,0,,,,,,,,,,,,,,,,,81.0,1.3999999999992516,0.0
1443,0,,,,,,,,,,,,,,,,,81.5,1.1999999999992517,0.0
1444,0,,,,,,,,,,,,,,,,,82.0,0.9999999999992517,0.0
1445,0,,,,,,,,,,,,,,,,,82.5,0.7999999999992518,0.0
1446,0,,,,,,,,,,,,,,,,,83.0,0.5999999999992518,0.0
1447,0,,,,,,,,,,,,,,,,,83.5,0.3999999999992518,0.0
1448,0,,,,,,,,,,,,,,,,,84.0,0.19999999999925178,0.0
1449,0,,,,,,,,,,,,,,,,,,,
1450,0,,,,,,,,,,,,,,,,,,,
1451,0,,,,,,,,,,,,,,,,,,,
1452,0,,,,,,,,,,,,,,,,,,,
1453,0,,,,,,,,,,,,,,,,,,,
1454,0,,,,,,,,,,,,,,,,,,,
1455,0,,,,,,,,,,,,,,,,,,,
1456,0,,,,,,,,,,,,,,,,,,,
1457,0,,,,,,,,,,,,,,,,,,,
1458,0,,,,,,,,,,,,,,,,,,,
1459,0,,,,,,,,,,,,,,,,,,,
1460,0,,,,,,,,,,,,,,,,,,,
1461,0,,,,,,,,,,,,,,,,,,,
1462,0,,,,,,,,,,,,,,,,,,,
1463,0,,,,,,,,,,,,,,,,,,,
1464,0,,,,,,,,,,,,,,,,,,,
1465,0,,,,,,,,,,,,,,,,,,,
1466,0,,,,,,,,,,,,,,,,,,,
1467,0,,,,,,,,,,,,,,,,,,,
1468,0,,,,,,,,,,,,,,,,,,,
1469,0,,,,,,,,,,,,,,,,,,,
1470,0,,,,,,,,,,,,,,,,,,,
1471,0,,,,,,,,,,,,,,,,,,,
1472,0,,,,,,,,,,,,,,,,,,,
1473,0,,,,,,,,,,,,,,,,,,,
1474,0,,,,,,,,,,,,,,,,,,,
1475,0,,,,,,,,,,,,,,,,,,,
1476,0,,,,,,,,,,,,,,,,,,,
1477,0,,,,,,,,,,,,,,,,,,,
1478,0,,,,,,,,,,,,,,,,,,,
1479,0,,,,,,,,,,,,,,,,,,,
1480,0,,,,,,,,,,,,,,,,,,,
1481,0,,,,,,,,,,,,,,,,,,,
1482,0,,,,,,,,,,,,,,,,,,,
1483,0,,,,,,,,,,,,,,,,,,,
1484,0,,,,,,,,,,,,,,,,,,,
1485,0,,,,,,,,,,,,,,,,,,,
1486,0,,,,,,,,,,,,,,,,,,,
1487,0,,,,,,,,,,,,,,,,,,,
1488,0,,,,,,,,,,,,,,,,,,,
1489,0,,,,,,,,,,,,,,,,,,,
1490,0,,,,,,,,,,,,,,,,,,,
1491,0,,,,,,,,,,,,,,,,,,,
1492,0,,,,,,,,,,,,,,,,,,,
1493,0,,,,,,,,,,,,,,,,,,,
1494,0,,,,,,,,,,,,,,,,,,,
1495,0,,,,,,,,,,,,,,,,,,,
1496,0,,,,,,,,,,,,,,,,,,,
1497,0,,,,,,,,,,,,,,,,,,,
1498,0,,,,,,,,,,,,,,,,,,,
1499,0,,,,,,,,,,,,,,,,,,,
1500,0,,,,,,,,,,,,,,,,,,,
1501,0,,,,,,,,,,,,,,,,,,,
1502,0,,,,,,,,,,,,,,,,,,,
1503,0,,,,,,,,,,,,,,,,,,,
1504,0,,,,,,,,,,,,,,,,,,,
1505,0,,,,,,,,,,,,,,,,,,,
1506,0,,,,,,,,,,,,,,,,,,,
1507,0,,,,,,,,,,,,,,,,,,,
