tick,plasticity_this_tick,m0_energy,m0_fatigue,m0_bonding,m0_fear_threat,m0_stress,m0_closeness_child,m0_OT,m0_CORT,m0_mot_Forage,m0_mot_Care,m0_mot_Self,m0_mot_Protect,m0_sel_Forage,m0_sel_Care,m0_sel_Self,m0_sel_Protect,m0_u_fixed_forage_child_hunger,m0_u_fixed_forage_energy_deficit,m0_u_fixed_forage_low_fear,m0_u_fixed_care_child_warmth,m0_u_fixed_care_closeness_deficit,m0_u_fixed_care_bonding,m0_u_fixed_self_fatigue,m0_u_fixed_self_fear,m0_u_fixed_self_stress,m0_u_fixed_protect_child_injury,m0_u_fixed_protect_fear,m0_u_fixed_protect_closeness_deficit,m0_u_fixed_protect_bonding,m0_u_plastic_forage_child_hunger,m0_u_plastic_forage_energy_deficit,m0_u_plastic_forage_low_fear,m0_u_plastic_care_child_warmth,m0_u_plastic_care_closeness_deficit,m0_u_plastic_care_bonding,m0_u_plastic_self_fatigue,m0_u_plastic_self_fear,m0_u_plastic_self_stress,m0_u_plastic_protect_child_injury,m0_u_plastic_protect_fear,m0_u_plastic_protect_closeness_deficit,m0_u_plastic_protect_bonding,m0_w_fixed_child_need_hunger,m0_w_fixed_child_need_warmth,m0_w_fixed_child_need_injury,m0_w_fixed_ot_closeness_gain,m0_w_fixed_ot_decay,m0_w_fixed_bonding_ot_gain,m0_w_fixed_bonding_child_need_decay,m0_w_fixed_bonding_child_absent_decay,m0_w_fixed_cort_threat_gain,m0_w_fixed_cort_child_need_gain,m0_w_fixed_cort_energy_deficit_gain,m0_w_fixed_cort_decay,m0_w_fixed_stress_cort_gain,m0_w_fixed_stress_fear_gain,m0_w_fixed_stress_child_need_gain,m0_w_fixed_stress_decay,m0_w_fixed_fear_threat_gain,m0_w_fixed_fear_decay,m0_w_plastic_child_need_hunger,m0_w_plastic_child_need_warmth,m0_w_plastic_child_need_injury,m0_w_plastic_ot_closeness_gain,m0_w_plastic_ot_decay,m0_w_plastic_bonding_ot_gain,m0_w_plastic_bonding_child_need_decay,m0_w_plastic_bonding_child_absent_decay,m0_w_plastic_cort_threat_gain,m0_w_plastic_cort_child_need_gain,m0_w_plastic_cort_energy_deficit_gain,m0_w_plastic_cort_decay,m0_w_plastic_stress_cort_gain,m0_w_plastic_stress_fear_gain,m0_w_plastic_stress_child_need_gain,m0_w_plastic_stress_decay,m0_w_plastic_fear_threat_gain,m0_w_plastic_fear_decay,c0_hunger,c0_warmth,c0_injury
1,0,99.0,2.0,99.55434873118168,18.540577740081613,0.13592448399989268,61.7157287525381,0.0,4.789571583500211,28.222914904056992,45.367626374117854,2.550561019279373,52.28311436955463,0,0,0,1,0.8276311719925821,0.6316643991220648,0.7580877400853738,0.35452596812986836,0.9706980243949033,0.8931211213221977,0.7783834970737619,0.19463870785196757,0.4667210037270342,0.04380376578722878,0.15428949206754783,0.6830489532424546,0.7447621559078171,0.8276311719925821,0.6316643991220648,0.7580877400853738,0.35452596812986836,0.9706980243949033,0.8931211213221977,0.7783834970737619,0.19463870785196757,0.4667210037270342,0.04380376578722878,0.15428949206754783,0.6830489532424546,0.7447621559078171,0.7739560485559633,0.4388784397520523,0.8585979199113825,0.6973680290593639,0.09417734788764953,0.9756223516367559,0.761139701990353,0.7860643052769538,0.12811363267554587,0.45038593789556713,0.37079802423258124,0.9267649888486018,0.6438651200806645,0.82276161327083,0.44341419882733113,0.2272387217847769,0.5545847870158348,0.06381725610417532,0.7739560485559633,0.4388784397520523,0.8585979199113825,0.6973680290593639,0.09417734788764953,0.9756223516367559,0.761139701990353,0.7860643052769538,0.12811363267554587,0.45038593789556713,0.37079802423258124,0.9267649888486018,0.6438651200806645,0.82276161327083,0.44341419882733113,0.2272387217847769,0.5545847870158348,0.06381725610417532,1.0,49.5,0.0
2,0,98.0,4.0,98.66304619354501,32.649264214724255,9.977891771686815,75.85786437626905,0.0,4.627568398368237,23.772628377907438,51.35687839537727,8.729660386966675,59.1548497751242,0,0,0,1,0.8276311719925821,0.6316643991220648,0.7580877400853738,0.35452596812986836,0.9706980243949033,0.8931211213221977,0.7783834970737619,0.19463870785196757,0.4667210037270342,0.04380376578722878,0.15428949206754783,0.6830489532424546,0.7447621559078171,0.8276311719925821,0.6316643991220648,0.7580877400853738,0.35452596812986836,0.9706980243949033,0.8931211213221977,0.7783834970737619,0.19463870785196757,0.4667210037270342,0.04380376578722878,0.15428949206754783,0.6830489532424546,0.7447621559078171,0.7739560485559633,0.4388784397520523,0.8585979199113825,0.6973680290593639,0.09417734788764953,0.9756223516367559,0.761139701990353,0.7860643052769538,0.12811363267554587,0.45038593789556713,0.37079802423258124,0.9267649888486018,0.6438651200806645,0.82276161327083,0.44341419882733113,0.2272387217847769,0.5545847870158348,0.06381725610417532,0.7739560485559633,0.4388784397520523,0.8585979199113825,0.6973680290593639,0.09417734788764953,0.9756223516367559,0.761139701990353,0.7860643052769538,0.12811363267554587,0.45038593789556713,0.37079802423258124,0.9267649888486018,0.6438651200806645,0.82276161327083,0.44341419882733113,0.2272387217847769,0.5545847870158348,0.06381725610417532,2.0,49.0,0.0
3,0,97.0,6.0,97.32609238709003,42.6088905638403,23.742098534035577,85.85786437626905,0.0,4.102936579838503,20.7408388694596,55.35420256011206,15.619319691100308,63.68859897548216,0,0,0,1,0.8276311719925821,0.6316643991220648,0.7580877400853738,0.35452596812986836,0.9706980243949033,0.8931211213221977,0.7783834970737619,0.19463870785196757,0.4667210037270342,0.04380376578722878,0.15428949206754783,0.6830489532424546,0.7447621559078171,0.8276311719925821,0.6316643991220648,0.7580877400853738,0.35452596812986836,0.9706980243949033,0.8931211213221977,0.7783834970737619,0.19463870785196757,0.4667210037270342,0.04380376578722878,0.15428949206754783,0.6830489532424546,0.7447621559078171,0.7739560485559633,0.4388784397520523,0.8585979199113825,0.6973680290593639,0.09417734788764953,0.9756223516367559,0.761139701990353,0.7860643052769538,0.12811363267554587,0.45038593789556713,0.37079802423258124,0.9267649888486018,0.6438651200806645,0.82276161327083,0.44341419882733113,0.2272387217847769,0.5545847870158348,0.06381725610417532,0.7739560485559633,0.4388784397520523,0.8585979199113825,0.6973680290593639,0.09417734788764953,0.9756223516367559,0.761139701990353,0.7860643052769538,0.12811363267554587,0.45038593789556713,0.37079802423258124,0.9267649888486018,0.6438651200806645,0.82276161327083,0.44341419882733113,0.2272387217847769,0.5545847870158348,0.06381725610417532,3.0,48.5,0.0
4,0,96.0,8.0,100.0,48.68423842005208,38.62778722129624,100.0,69.73680290593639,3.5517476492980666,19.037021791251814,62.77883290349542,22.347414227474328,71.43109522755164,0,0,0,1,0.8276311719925821,0.6316643991220648,0.7580877400853738,0.35452596812986836,0.9706980243949033,0.8931211213221977,0.7783834970737619,0.19463870785196757,0.4667210037270342,0.04380376578722878,0.15428949206754783,0.6830489532424546,0.7447621559078171,0.8276311719925821,0.6316643991220648,0.7580877400853738,0.35452596812986836,0.9706980243949033,0.8931211213221977,0.7783834970737619,0.19463870785196757,0.4667210037270342,0.04380376578722878,0.15428949206754783,0.6830489532424546,0.7447621559078171,0.7739560485559633,0.4388784397520523,0.8585979199113825,0.6973680290593639,0.09417734788764953,0.9756223516367559,0.761139701990353,0.7860643052769538,0.12811363267554587,0.45038593789556713,0.37079802423258124,0.9267649888486018,0.6438651200806645,0.82276161327083,0.44341419882733113,0.2272387217847769,0.5545847870158348,0.06381725610417532,0.7739560485559633,0.4388784397520523,0.8585979199113825,0.6973680290593639,0.09417734788764953,0.9756223516367559,0.761139701990353,0.7860643052769538,0.12811363267554587,0.45038593789556713,0.37079802423258124,0.9267649888486018,0.6438651200806645,0.82276161327083,0.44341419882733113,0.2272387217847769,0.5545847870158348,0.06381725610417532,4.0,48.0,0.0
5,0,95.0,10.0,100.0,51.123191778721235,52.69798513626276,90.0,100.0,2.9986138083633795,18.576429586604156,58.56287289914762,28.31954770671274,67.4614984981771,0,0,0,1,0.8276311719925821,0.6316643991220648,0.7580877400853738,0.35452596812986836,0.9706980243949033,0.8931211213221977,0.7783834970737619,0.19463870785196757,0.4667210037270342,0.04380376578722878,0.15428949206754783,0.6830489532424546,0.7447621559078171,0.8276311719925821,0.6316643991220648,0.7580877400853738,0.35452596812986836,0.9706980243949033,0.8931211213221977,0.7783834970737619,0.19463870785196757,0.4667210037270342,0.04380376578722878,0.15428949206754783,0.6830489532424546,0.7447621559078171,0.7739560485559633,0.4388784397520523,0.8585979199113825,0.6973680290593639,0.09417734788764953,0.9756223516367559,0.761139701990353,0.7860643052769538,0.12811363267554587,0.45038593789556713,0.37079802423258124,0.9267649888486018,0.6438651200806645,0.82276161327083,0.44341419882733113,0.2272387217847769,0.5545847870158348,0.06381725610417532,0.7739560485559633,0.4388784397520523,0.8585979199113825,0.6973680290593639,0.09417734788764953,0.9756223516367559,0.761139701990353,0.7860643052769538,0.12811363267554587,0.45038593789556713,0.37079802423258124,0.9267649888486018,0.6438651200806645,0.82276161327083,0.44341419882733113,0.2272387217847769,0.5545847870158348,0.06381725610417532,5.0,47.5,0.0
6,0,94.0,12.0,100.0,56.655180293754874,64.57094895112417,80.0,90.58226521123504,4.02644821640979,17.05837834009873,54.346912894799836,33.99755169403634,63.785414002920945,0,0,0,1,0.8276311719925821,0.6316643991220648,0.7580877400853738,0.35452596812986836,0.9706980243949033,0.8931211213221977,0.7783834970737619,0.19463870785196757,0.4667210037270342,0.04380376578722878,0.15428949206754783,0.6830489532424546,0.7447621559078171,0.8276311719925821,0.6316643991220648,0.7580877400853738,0.35452596812986836,0.9706980243949033,0.8931211213221977,0.7783834970737619,0.19463870785196757,0.4667210037270342,0.04380376578722878,0.15428949206754783,0.6830489532424546,0.7447621559078171,0.7739560485559633,0.4388784397520523,0.8585979199113825,0.6973680290593639,0.09417734788764953,0.9756223516367559,0.761139701990353,0.7860643052769538,0.12811363267554587,0.45038593789556713,0.37079802423258124,0.9267649888486018,0.6438651200806645,0.82276161327083,0.44341419882733113,0.2272387217847769,0.5545847870158348,0.06381725610417532,0.7739560485559633,0.4388784397520523,0.8585979199113825,0.6973680290593639,0.09417734788764953,0.9756223516367559,0.761139701990353,0.7860643052769538,0.12811363267554587,0.45038593789556713,0.37079802423258124,0.9267649888486018,0.6438651200806645,0.82276161327083,0.44341419882733113,0.2272387217847769,0.5545847870158348,0.06381725610417532,6.0,47.0,0.0
7,0,93.0,14.0,100.0,65.08281494844007,76.61125520684635,90.0,100.0,5.1700648518003405,14.550352186229459,58.882503930331104,40.12126506281517,68.78619090445784,0,0,0,1,0.8276311719925821,0.6316643991220648,0.7580877400853738,0.35452596812986836,0.9706980243949033,0.8931211213221977,0.7783834970737619,0.19463870785196757,0.4667210037270342,0.04380376578722878,0.15428949206754783,0.6830489532424546,0.7447621559078171,0.8276311719925821,0.6316643991220648,0.7580877400853738,0.35452596812986836,0.9706980243949033,0.8931211213221977,0.7783834970737619,0.19463870785196757,0.4667210037270342,0.04380376578722878,0.15428949206754783,0.6830489532424546,0.7447621559078171,0.7739560485559633,0.4388784397520523,0.8585979199113825,0.6973680290593639,0.09417734788764953,0.9756223516367559,0.761139701990353,0.7860643052769538,0.12811363267554587,0.45038593789556713,0.37079802423258124,0.9267649888486018,0.6438651200806645,0.82276161327083,0.44341419882733113,0.2272387217847769,0.5545847870158348,0.06381725610417532,0.7739560485559633,0.4388784397520523,0.8585979199113825,0.6973680290593639,0.09417734788764953,0.9756223516367559,0.761139701990353,0.7860643052769538,0.12811363267554587,0.45038593789556713,0.37079802423258124,0.9267649888486018,0.6438651200806645,0.82276161327083,0.44341419882733113,0.2272387217847769,0.5545847870158348,0.06381725610417532,7.0,46.5,0.0
8,0,92.0,16.0,100.0,76.22130355149562,90.06722380434782,80.0,90.58226521123504,6.322160799901569,11.115528607196282,54.66654392598332,47.0703731628475,65.64213281149924,0,0,0,1,0.8276311719925821,0.6316643991220648,0.7580877400853738,0.35452596812986836,0.9706980243949033,0.8931211213221977,0.7783834970737619,0.19463870785196757,0.4667210037270342,0.04380376578722878,0.15428949206754783,0.6830489532424546,0.7447621559078171,0.8276311719925821,0.6316643991220648,0.7580877400853738,0.35452596812986836,0.9706980243949033,0.8931211213221977,0.7783834970737619,0.19463870785196757,0.4667210037270342,0.04380376578722878,0.15428949206754783,0.6830489532424546,0.7447621559078171,0.7739560485559633,0.4388784397520523,0.8585979199113825,0.6973680290593639,0.09417734788764953,0.9756223516367559,0.761139701990353,0.7860643052769538,0.12811363267554587,0.45038593789556713,0.37079802423258124,0.9267649888486018,0.6438651200806645,0.82276161327083,0.44341419882733113,0.2272387217847769,0.5545847870158348,0.06381725610417532,0.7739560485559633,0.4388784397520523,0.8585979199113825,0.6973680290593639,0.09417734788764953,0.9756223516367559,0.761139701990353,0.7860643052769538,0.12811363267554587,0.45038593789556713,0.37079802423258124,0.9267649888486018,0.6438651200806645,0.82276161327083,0.44341419882733113,0.2272387217847769,0.5545847870158348,0.06381725610417532,8.0,46.0,0.0
9,0,91.0,18.0,100.0,83.40028190727571,100,90.0,100.0,5.893767046048211,9.034397986904402,59.20213496151458,52.342083628456734,70.52441901331564,0,0,0,1,0.8276311719925821,0.6316643991220648,0.7580877400853738,0.35452596812986836,0.9706980243949033,0.8931211213221977,0.7783834970737619,0.19463870785196757,0.4667210037270342,0.04380376578722878,0.15428949206754783,0.6830489532424546,0.7447621559078171,0.8276311719925821,0.6316643991220648,0.7580877400853738,0.35452596812986836,0.9706980243949033,0.8931211213221977,0.7783834970737619,0.19463870785196757,0.4667210037270342,0.04380376578722878,0.15428949206754783,0.6830489532424546,0.7447621559078171,0.7739560485559633,0.4388784397520523,0.8585979199113825,0.6973680290593639,0.09417734788764953,0.9756223516367559,0.761139701990353,0.7860643052769538,0.12811363267554587,0.45038593789556713,0.37079802423258124,0.9267649888486018,0.6438651200806645,0.82276161327083,0.44341419882733113,0.2272387217847769,0.5545847870158348,0.06381725610417532,0.7739560485559633,0.4388784397520523,0.8585979199113825,0.6973680290593639,0.09417734788764953,0.9756223516367559,0.761139701990353,0.7860643052769538,0.12811363267554587,0.45038593789556713,0.37079802423258124,0.9267649888486018,0.6438651200806645,0.82276161327083,0.44341419882733113,0.2272387217847769,0.5545847870158348,0.06381725610417532,9.0,45.5,0.0
10,0,90.0,20.0,100.0,95.66696543291701,100,80.0,90.58226521123504,7.489743839176762,5.213862684093545,54.986174957166796,55.08169608260977,67.48742048984427,0,0,0,1,0.8276311719925821,0.6316643991220648,0.7580877400853738,0.35452596812986836,0.9706980243949033,0.8931211213221977,0.7783834970737619,0.19463870785196757,0.4667210037270342,0.04380376578722878,0.15428949206754783,0.6830489532424546,0.7447621559078171,0.8276311719925821,0.6316643991220648,0.7580877400853738,0.35452596812986836,0.9706980243949033,0.8931211213221977,0.7783834970737619,0.19463870785196757,0.4667210037270342,0.04380376578722878,0.15428949206754783,0.6830489532424546,0.7447621559078171,0.7739560485559633,0.4388784397520523,0.8585979199113825,0.6973680290593639,0.09417734788764953,0.9756223516367559,0.761139701990353,0.7860643052769538,0.12811363267554587,0.45038593789556713,0.37079802423258124,0.9267649888486018,0.6438651200806645,0.82276161327083,0.44341419882733113,0.2272387217847769,0.5545847870158348,0.06381725610417532,0.7739560485559633,0.4388784397520523,0.8585979199113825,0.6973680290593639,0.09417734788764953,0.9756223516367559,0.761139701990353,0.7860643052769538,0.12811363267554587,0.45038593789556713,0.37079802423258124,0.9267649888486018,0.6438651200806645,0.82276161327083,0.44341419882733113,0.2272387217847769,0.5545847870158348,0.06381725610417532,10.0,45.0,0.0
11,0,89.0,22.0,100.0,100.0,100,90.0,100.0,9.233975431888094,4.105714535657554,59.52176599269805,56.74875950679387,72.09964208606537,0,0,0,1,0.8276311719925821,0.6316643991220648,0.7580877400853738,0.35452596812986836,0.9706980243949033,0.8931211213221977,0.7783834970737619,0.19463870785196757,0.4667210037270342,0.04380376578722878,0.15428949206754783,0.6830489532424546,0.7447621559078171,0.8276311719925821,0.6316643991220648,0.7580877400853738,0.35452596812986836,0.9706980243949033,0.8931211213221977,0.7783834970737619,0.19463870785196757,0.4667210037270342,0.04380376578722878,0.15428949206754783,0.6830489532424546,0.7447621559078171,0.7739560485559633,0.4388784397520523,0.8585979199113825,0.6973680290593639,0.09417734788764953,0.9756223516367559,0.761139701990353,0.7860643052769538,0.12811363267554587,0.45038593789556713,0.37079802423258124,0.9267649888486018,0.6438651200806645,0.82276161327083,0.44341419882733113,0.2272387217847769,0.5545847870158348,0.06381725610417532,0.7739560485559633,0.4388784397520523,0.8585979199113825,0.6973680290593639,0.09417734788764953,0.9756223516367559,0.761139701990353,0.7860643052769538,0.12811363267554587,0.45038593789556713,0.37079802423258124,0.9267649888486018,0.6438651200806645,0.82276161327083,0.44341419882733113,0.2272387217847769,0.5545847870158348,0.06381725610417532,11.0,44.5,0.0
12,0,88.0,24.0,100.0,100.0,100,80.0,90.58226521123504,10.98906446650012,4.478961311626422,55.305805988350265,57.83004051912401,67.89860193202087,0,0,0,1,0.8276311719925821,0.6316643991220648,0.7580877400853738,0.35452596812986836,0.9706980243949033,0.8931211213221977,0.7783834970737619,0.19463870785196757,0.4667210037270342,0.04380376578722878,0.15428949206754783,0.6830489532424546,0.7447621559078171,0.8276311719925821,0.6316643991220648,0.7580877400853738,0.35452596812986836,0.9706980243949033,0.8931211213221977,0.7783834970737619,0.19463870785196757,0.4667210037270342,0.04380376578722878,0.15428949206754783,0.6830489532424546,0.7447621559078171,0.7739560485559633,0.4388784397520523,0.8585979199113825,0.6973680290593639,0.09417734788764953,0.9756223516367559,0.761139701990353,0.7860643052769538,0.12811363267554587,0.45038593789556713,0.37079802423258124,0.9267649888486018,0.6438651200806645,0.82276161327083,0.44341419882733113,0.2272387217847769,0.5545847870158348,0.06381725610417532,0.7739560485559633,0.4388784397520523,0.8585979199113825,0.6973680290593639,0.09417734788764953,0.9756223516367559,0.761139701990353,0.7860643052769538,0.12811363267554587,0.45038593789556713,0.37079802423258124,0.9267649888486018,0.6438651200806645,0.82276161327083,0.44341419882733113,0.2272387217847769,0.5545847870158348,0.06381725610417532,12.0,44.0,0.0
13,0,87.0,26.0,100.0,100.0,100,90.0,100.0,13.303955689404527,4.852208087595291,59.84139702388154,58.91132153145417,72.09964208606537,0,0,0,1,0.8276311719925821,0.6316643991220648,0.7580877400853738,0.35452596812986836,0.9706980243949033,0.8931211213221977,0.7783834970737619,0.19463870785196757,0.4667210037270342,0.04380376578722878,0.15428949206754783,0.6830489532424546,0.7447621559078171,0.8276311719925821,0.6316643991220648,0.7580877400853738,0.35452596812986836,0.9706980243949033,0.8931211213221977,0.7783834970737619,0.19463870785196757,0.4667210037270342,0.04380376578722878,0.15428949206754783,0.6830489532424546,0.7447621559078171,0.7739560485559633,0.4388784397520523,0.8585979199113825,0.6973680290593639,0.09417734788764953,0.9756223516367559,0.761139701990353,0.7860643052769538,0.12811363267554587,0.45038593789556713,0.37079802423258124,0.9267649888486018,0.6438651200806645,0.82276161327083,0.44341419882733113,0.2272387217847769,0.5545847870158348,0.06381725610417532,0.7739560485559633,0.4388784397520523,0.8585979199113825,0.6973680290593639,0.09417734788764953,0.9756223516367559,0.761139701990353,0.7860643052769538,0.12811363267554587,0.45038593789556713,0.37079802423258124,0.9267649888486018,0.6438651200806645,0.82276161327083,0.44341419882733113,0.2272387217847769,0.5545847870158348,0.06381725610417532,13.0,43.5,0.0
14,0,86.0,28.0,100.0,100.0,100,80.0,90.58226521123504,15.100836988397397,5.225454863564161,55.62543701953374,59.99260254378432,67.89860193202087,0,0,0,1,0.8276311719925821,0.6316643991220648,0.7580877400853738,0.35452596812986836,0.9706980243949033,0.8931211213221977,0.7783834970737619,0.19463870785196757,0.4667210037270342,0.04380376578722878,0.15428949206754783,0.6830489532424546,0.7447621559078171,0.8276311719925821,0.6316643991220648,0.7580877400853738,0.35452596812986836,0.9706980243949033,0.8931211213221977,0.7783834970737619,0.19463870785196757,0.4667210037270342,0.04380376578722878,0.15428949206754783,0.6830489532424546,0.7447621559078171,0.7739560485559633,0.4388784397520523,0.8585979199113825,0.6973680290593639,0.09417734788764953,0.9756223516367559,0.761139701990353,0.7860643052769538,0.12811363267554587,0.45038593789556713,0.37079802423258124,0.9267649888486018,0.6438651200806645,0.82276161327083,0.44341419882733113,0.2272387217847769,0.5545847870158348,0.06381725610417532,0.7739560485559633,0.4388784397520523,0.8585979199113825,0.6973680290593639,0.09417734788764953,0.9756223516367559,0.761139701990353,0.7860643052769538,0.12811363267554587,0.45038593789556713,0.37079802423258124,0.9267649888486018,0.6438651200806645,0.82276161327083,0.44341419882733113,0.2272387217847769,0.5545847870158348,0.06381725610417532,14.0,43.0,0.0
15,0,85.0,30.0,100.0,100.0,100,90.0,100.0,15.5102194391646,5.598701639533028,60.16102805506501,61.07388355611448,72.09964208606537,0,0,0,1,0.8276311719925821,0.6316643991220648,0.7580877400853738,0.35452596812986836,0.9706980243949033,0.8931211213221977,0.7783834970737619,0.19463870785196757,0.4667210037270342,0.04380376578722878,0.15428949206754783,0.6830489532424546,0.7447621559078171,0.8276311719925821,0.6316643991220648,0.7580877400853738,0.35452596812986836,0.9706980243949033,0.8931211213221977,0.7783834970737619,0.19463870785196757,0.4667210037270342,0.04380376578722878,0.15428949206754783,0.6830489532424546,0.7447621559078171,0.7739560485559633,0.4388784397520523,0.8585979199113825,0.6973680290593639,0.09417734788764953,0.9756223516367559,0.761139701990353,0.7860643052769538,0.12811363267554587,0.45038593789556713,0.37079802423258124,0.9267649888486018,0.6438651200806645,0.82276161327083,0.44341419882733113,0.2272387217847769,0.5545847870158348,0.06381725610417532,0.7739560485559633,0.4388784397520523,0.8585979199113825,0.6973680290593639,0.09417734788764953,0.9756223516367559,0.761139701990353,0.7860643052769538,0.12811363267554587,0.45038593789556713,0.37079802423258124,0.9267649888486018,0.6438651200806645,0.82276161327083,0.44341419882733113,0.2272387217847769,0.5545847870158348,0.06381725610417532,15.0,42.5,0.0
16,0,84.0,32.0,100.0,100.0,100,85.85786437626905,90.58226521123504,15.02743305405169,5.971948415501896,58.50833800439762,62.15516456844462,70.35951427818618,0,0,0,1,0.8276311719925821,0.6316643991220648,0.7580877400853738,0.35452596812986836,0.9706980243949033,0.8931211213221977,0.7783834970737619,0.19463870785196757,0.4667210037270342,0.04380376578722878,0.15428949206754783,0.6830489532424546,0.7447621559078171,0.8276311719925821,0.6316643991220648,0.7580877400853738,0.35452596812986836,0.9706980243949033,0.8931211213221977,0.7783834970737619,0.19463870785196757,0.4667210037270342,0.04380376578722878,0.15428949206754783,0.6830489532424546,0.7447621559078171,0.7739560485559633,0.4388784397520523,0.8585979199113825,0.6973680290593639,0.09417734788764953,0.9756223516367559,0.761139701990353,0.7860643052769538,0.12811363267554587,0.45038593789556713,0.37079802423258124,0.9267649888486018,0.6438651200806645,0.82276161327083,0.44341419882733113,0.2272387217847769,0.5545847870158348,0.06381725610417532,0.7739560485559633,0.4388784397520523,0.8585979199113825,0.6973680290593639,0.09417734788764953,0.9756223516367559,0.761139701990353,0.7860643052769538,0.12811363267554587,0.45038593789556713,0.37079802423258124,0.9267649888486018,0.6438651200806645,0.82276161327083,0.44341419882733113,0.2272387217847769,0.5545847870158348,0.06381725610417532,16.0,42.0,0.0
17,0,83.0,34.0,100.0,100.0,100,100.0,100.0,13.92030163088046,6.345195191470766,64.85643460618802,63.236445580774785,76.30068224010991,0,0,0,1,0.8276311719925821,0.6316643991220648,0.7580877400853738,0.35452596812986836,0.9706980243949033,0.8931211213221977,0.7783834970737619,0.19463870785196757,0.4667210037270342,0.04380376578722878,0.15428949206754783,0.6830489532424546,0.7447621559078171,0.8276311719925821,0.6316643991220648,0.7580877400853738,0.35452596812986836,0.9706980243949033,0.8931211213221977,0.7783834970737619,0.19463870785196757,0.4667210037270342,0.04380376578722878,0.15428949206754783,0.6830489532424546,0.7447621559078171,0.7739560485559633,0.4388784397520523,0.8585979199113825,0.6973680290593639,0.09417734788764953,0.9756223516367559,0.761139701990353,0.7860643052769538,0.12811363267554587,0.45038593789556713,0.37079802423258124,0.9267649888486018,0.6438651200806645,0.82276161327083,0.44341419882733113,0.2272387217847769,0.5545847870158348,0.06381725610417532,0.7739560485559633,0.4388784397520523,0.8585979199113825,0.6973680290593639,0.09417734788764953,0.9756223516367559,0.761139701990353,0.7860643052769538,0.12811363267554587,0.45038593789556713,0.37079802423258124,0.9267649888486018,0.6438651200806645,0.82276161327083,0.44341419882733113,0.2272387217847769,0.5545847870158348,0.06381725610417532,17.0,41.5,0.0
18,0,82.0,36.0,100.0,100.0,100,90.0,100.0,12.767446291884708,6.718441967439633,60.64047460184024,64.31772659310494,72.09964208606537,0,0,0,1,0.8276311719925821,0.6316643991220648,0.7580877400853738,0.35452596812986836,0.9706980243949033,0.8931211213221977,0.7783834970737619,0.19463870785196757,0.4667210037270342,0.04380376578722878,0.15428949206754783,0.6830489532424546,0.7447621559078171,0.8276311719925821,0.6316643991220648,0.7580877400853738,0.35452596812986836,0.9706980243949033,0.8931211213221977,0.7783834970737619,0.19463870785196757,0.4667210037270342,0.04380376578722878,0.15428949206754783,0.6830489532424546,0.7447621559078171,0.7739560485559633,0.4388784397520523,0.8585979199113825,0.6973680290593639,0.09417734788764953,0.9756223516367559,0.761139701990353,0.7860643052769538,0.12811363267554587,0.45038593789556713,0.37079802423258124,0.9267649888486018,0.6438651200806645,0.82276161327083,0.44341419882733113,0.2272387217847769,0.5545847870158348,0.06381725610417532,0.7739560485559633,0.4388784397520523,0.8585979199113825,0.6973680290593639,0.09417734788764953,0.9756223516367559,0.761139701990353,0.7860643052769538,0.12811363267554587,0.45038593789556713,0.37079802423258124,0.9267649888486018,0.6438651200806645,0.82276161327083,0.44341419882733113,0.2272387217847769,0.5545847870158348,0.06381725610417532,18.0,41.0,0.0
19,0,81.0,38.0,100.0,100.0,100,80.0,90.58226521123504,11.611242361403665,7.091688743408501,56.42451459749244,65.39900760543509,67.89860193202087,0,0,0,1,0.8276311719925821,0.6316643991220648,0.7580877400853738,0.35452596812986836,0.9706980243949033,0.8931211213221977,0.7783834970737619,0.19463870785196757,0.4667210037270342,0.04380376578722878,0.15428949206754783,0.6830489532424546,0.7447621559078171,0.8276311719925821,0.6316643991220648,0.7580877400853738,0.35452596812986836,0.9706980243949033,0.8931211213221977,0.7783834970737619,0.19463870785196757,0.4667210037270342,0.04380376578722878,0.15428949206754783,0.6830489532424546,0.7447621559078171,0.7739560485559633,0.4388784397520523,0.8585979199113825,0.6973680290593639,0.09417734788764953,0.9756223516367559,0.761139701990353,0.7860643052769538,0.12811363267554587,0.45038593789556713,0.37079802423258124,0.9267649888486018,0.6438651200806645,0.82276161327083,0.44341419882733113,0.2272387217847769,0.5545847870158348,0.06381725610417532,0.7739560485559633,0.4388784397520523,0.8585979199113825,0.6973680290593639,0.09417734788764953,0.9756223516367559,0.761139701990353,0.7860643052769538,0.12811363267554587,0.45038593789556713,0.37079802423258124,0.9267649888486018,0.6438651200806645,0.82276161327083,0.44341419882733113,0.2272387217847769,0.5545847870158348,0.06381725610417532,19.0,40.5,0.0
20,0,80.0,40.0,100.0,100.0,100,90.0,100.0,11.245348539045603,7.464935519377372,60.960105633023716,66.48028861776524,72.09964208606537,0,0,0,1,0.8276311719925821,0.6316643991220648,0.7580877400853738,0.35452596812986836,0.9706980243949033,0.8931211213221977,0.7783834970737619,0.19463870785196757,0.4667210037270342,0.04380376578722878,0.15428949206754783,0.6830489532424546,0.7447621559078171,0.8276311719925821,0.6316643991220648,0.7580877400853738,0.35452596812986836,0.9706980243949033,0.8931211213221977,0.7783834970737619,0.19463870785196757,0.4667210037270342,0.04380376578722878,0.15428949206754783,0.6830489532424546,0.7447621559078171,0.7739560485559633,0.4388784397520523,0.8585979199113825,0.6973680290593639,0.09417734788764953,0.9756223516367559,0.761139701990353,0.7860643052769538,0.12811363267554587,0.45038593789556713,0.37079802423258124,0.9267649888486018,0.6438651200806645,0.82276161327083,0.44341419882733113,0.2272387217847769,0.5545847870158348,0.06381725610417532,0.7739560485559633,0.4388784397520523,0.8585979199113825,0.6973680290593639,0.09417734788764953,0.9756223516367559,0.761139701990353,0.7860643052769538,0.12811363267554587,0.45038593789556713,0.37079802423258124,0.9267649888486018,0.6438651200806645,0.82276161327083,0.44341419882733113,0.2272387217847769,0.5545847870158348,0.06381725610417532,20.0,40.0,0.0
21,0,79.0,42.0,100.0,100.0,100,80.0,90.58226521123504,10.937333086268996,7.838182295346239,56.744145628675916,67.56156963009539,67.89860193202087,0,0,0,1,0.8276311719925821,0.6316643991220648,0.7580877400853738,0.35452596812986836,0.9706980243949033,0.8931211213221977,0.7783834970737619,0.19463870785196757,0.4667210037270342,0.04380376578722878,0.15428949206754783,0.6830489532424546,0.7447621559078171,0.8276311719925821,0.6316643991220648,0.7580877400853738,0.35452596812986836,0.9706980243949033,0.8931211213221977,0.7783834970737619,0.19463870785196757,0.4667210037270342,0.04380376578722878,0.15428949206754783,0.6830489532424546,0.7447621559078171,0.7739560485559633,0.4388784397520523,0.8585979199113825,0.6973680290593639,0.09417734788764953,0.9756223516367559,0.761139701990353,0.7860643052769538,0.12811363267554587,0.45038593789556713,0.37079802423258124,0.9267649888486018,0.6438651200806645,0.82276161327083,0.44341419882733113,0.2272387217847769,0.5545847870158348,0.06381725610417532,0.7739560485559633,0.4388784397520523,0.8585979199113825,0.6973680290593639,0.09417734788764953,0.9756223516367559,0.761139701990353,0.7860643052769538,0.12811363267554587,0.45038593789556713,0.37079802423258124,0.9267649888486018,0.6438651200806645,0.82276161327083,0.44341419882733113,0.2272387217847769,0.5545847870158348,0.06381725610417532,21.0,39.5,0.0
22,0,78.0,44.0,100.0,100.0,100,90.0,100.0,11.024158867550964,8.496298356626097,61.27973666420719,68.64285064242556,72.09964208606537,0,0,0,1,0.8276311719925821,0.6316643991220648,0.7580877400853738,0.35452596812986836,0.9706980243949033,0.8931211213221977,0.7783834970737619,0.19463870785196757,0.4667210037270342,0.04380376578722878,0.15428949206754783,0.6830489532424546,0.7447621559078171,0.8276311719925821,0.6316643991220648,0.7580877400853738,0.35452596812986836,0.9706980243949033,0.8931211213221977,0.7783834970737619,0.19463870785196757,0.4667210037270342,0.04380376578722878,0.15428949206754783,0.6830489532424546,0.7447621559078171,0.7739560485559633,0.4388784397520523,0.8585979199113825,0.6973680290593639,0.09417734788764953,0.9756223516367559,0.761139701990353,0.7860643052769538,0.12811363267554587,0.45038593789556713,0.37079802423258124,0.9267649888486018,0.6438651200806645,0.82276161327083,0.44341419882733113,0.2272387217847769,0.5545847870158348,0.06381725610417532,0.7739560485559633,0.4388784397520523,0.8585979199113825,0.6973680290593639,0.09417734788764953,0.9756223516367559,0.761139701990353,0.7860643052769538,0.12811363267554587,0.45038593789556713,0.37079802423258124,0.9267649888486018,0.6438651200806645,0.82276161327083,0.44341419882733113,0.2272387217847769,0.5545847870158348,0.06381725610417532,22.0,39.0,0.0
23,0,77.9,43.9,100.0,100.0,100,75.85786437626905,90.58226521123504,11.139900851012241,9.154414417905954,55.251271093600266,69.72413165475571,66.15847412414166,0,0,1,0,0.8276311719925821,0.6316643991220648,0.7580877400853738,0.35452596812986836,0.9706980243949033,0.8931211213221977,0.7783834970737619,0.19463870785196757,0.4667210037270342,0.04380376578722878,0.15428949206754783,0.6830489532424546,0.7447621559078171,0.8276311719925821,0.6316643991220648,0.7580877400853738,0.35452596812986836,0.9706980243949033,0.8931211213221977,0.7783834970737619,0.19463870785196757,0.4667210037270342,0.04380376578722878,0.15428949206754783,0.6830489532424546,0.7447621559078171,0.7739560485559633,0.4388784397520523,0.8585979199113825,0.6973680290593639,0.09417734788764953,0.9756223516367559,0.761139701990353,0.7860643052769538,0.12811363267554587,0.45038593789556713,0.37079802423258124,0.9267649888486018,0.6438651200806645,0.82276161327083,0.44341419882733113,0.2272387217847769,0.5545847870158348,0.06381725610417532,0.7739560485559633,0.4388784397520523,0.8585979199113825,0.6973680290593639,0.09417734788764953,0.9756223516367559,0.761139701990353,0.7860643052769538,0.12811363267554587,0.45038593789556713,0.37079802423258124,0.9267649888486018,0.6438651200806645,0.82276161327083,0.44341419882733113,0.2272387217847769,0.5545847870158348,0.06381725610417532,23.0,38.5,0.0
24,0,77.80000000000001,43.8,100.0,98.76999098666985,100,75.85786437626905,82.05146770798522,9.556655867275941,9.976668448544507,55.41108660919201,69.50378283643755,66.04175295052504,0,0,1,0,0.8276311719925821,0.6316643991220648,0.7580877400853738,0.35452596812986836,0.9706980243949033,0.8931211213221977,0.7783834970737619,0.19463870785196757,0.4667210037270342,0.04380376578722878,0.15428949206754783,0.6830489532424546,0.7447621559078171,0.8276311719925821,0.6316643991220648,0.7580877400853738,0.35452596812986836,0.9706980243949033,0.8931211213221977,0.7783834970737619,0.19463870785196757,0.4667210037270342,0.04380376578722878,0.15428949206754783,0.6830489532424546,0.7447621559078171,0.7739560485559633,0.4388784397520523,0.8585979199113825,0.6973680290593639,0.09417734788764953,0.9756223516367559,0.761139701990353,0.7860643052769538,0.12811363267554587,0.45038593789556713,0.37079802423258124,0.9267649888486018,0.6438651200806645,0.82276161327083,0.44341419882733113,0.2272387217847769,0.5545847870158348,0.06381725610417532,0.7739560485559633,0.4388784397520523,0.8585979199113825,0.6973680290593639,0.09417734788764953,0.9756223516367559,0.761139701990353,0.7860643052769538,0.12811363267554587,0.45038593789556713,0.37079802423258124,0.9267649888486018,0.6438651200806645,0.82276161327083,0.44341419882733113,0.2272387217847769,0.5545847870158348,0.06381725610417532,24.0,38.0,0.0
25,0,77.70000000000002,43.699999999999996,100.0,95.3213123708763,100,75.85786437626905,74.32407808895806,9.198547939722316,11.557449981591901,55.57090212478375,68.98349234659172,65.71449208406023,0,0,1,0,0.8276311719925821,0.6316643991220648,0.7580877400853738,0.35452596812986836,0.9706980243949033,0.8931211213221977,0.7783834970737619,0.19463870785196757,0.4667210037270342,0.04380376578722878,0.15428949206754783,0.6830489532424546,0.7447621559078171,0.8276311719925821,0.6316643991220648,0.7580877400853738,0.35452596812986836,0.9706980243949033,0.8931211213221977,0.7783834970737619,0.19463870785196757,0.4667210037270342,0.04380376578722878,0.15428949206754783,0.6830489532424546,0.7447621559078171,0.7739560485559633,0.4388784397520523,0.8585979199113825,0.6973680290593639,0.09417734788764953,0.9756223516367559,0.761139701990353,0.7860643052769538,0.12811363267554587,0.45038593789556713,0.37079802423258124,0.9267649888486018,0.6438651200806645,0.82276161327083,0.44341419882733113,0.2272387217847769,0.5545847870158348,0.06381725610417532,0.7739560485559633,0.4388784397520523,0.8585979199113825,0.6973680290593639,0.09417734788764953,0.9756223516367559,0.761139701990353,0.7860643052769538,0.12811363267554587,0.45038593789556713,0.37079802423258124,0.9267649888486018,0.6438651200806645,0.82276161327083,0.44341419882733113,0.2272387217847769,0.5545847870158348,0.06381725610417532,25.0,37.5,0.0
26,0,77.60000000000002,43.599999999999994,100.0,89.23816776711799,100,75.85786437626905,67.32443353034543,8.794525085021792,14.038913123028939,55.73071764037548,68.10704872284276,65.13723470648385,0,0,1,0,0.8276311719925821,0.6316643991220648,0.7580877400853738,0.35452596812986836,0.9706980243949033,0.8931211213221977,0.7783834970737619,0.19463870785196757,0.4667210037270342,0.04380376578722878,0.15428949206754783,0.6830489532424546,0.7447621559078171,0.8276311719925821,0.6316643991220648,0.7580877400853738,0.35452596812986836,0.9706980243949033,0.8931211213221977,0.7783834970737619,0.19463870785196757,0.4667210037270342,0.04380376578722878,0.15428949206754783,0.6830489532424546,0.7447621559078171,0.7739560485559633,0.4388784397520523,0.8585979199113825,0.6973680290593639,0.09417734788764953,0.9756223516367559,0.761139701990353,0.7860643052769538,0.12811363267554587,0.45038593789556713,0.37079802423258124,0.9267649888486018,0.6438651200806645,0.82276161327083,0.44341419882733113,0.2272387217847769,0.5545847870158348,0.06381725610417532,0.7739560485559633,0.4388784397520523,0.8585979199113825,0.6973680290593639,0.09417734788764953,0.9756223516367559,0.761139701990353,0.7860643052769538,0.12811363267554587,0.45038593789556713,0.37079802423258124,0.9267649888486018,0.6438651200806645,0.82276161327083,0.44341419882733113,0.2272387217847769,0.5545847870158348,0.06381725610417532,26.0,37.0,0.0
27,0,77.50000000000003,43.49999999999999,100.0,83.54323276045645,100,75.85786437626905,60.98399693241915,9.081784546651788,16.38765363836157,55.890533155967226,67.28308710692727,64.59681631081028,0,0,1,0,0.8276311719925821,0.6316643991220648,0.7580877400853738,0.35452596812986836,0.9706980243949033,0.8931211213221977,0.7783834970737619,0.19463870785196757,0.4667210037270342,0.04380376578722878,0.15428949206754783,0.6830489532424546,0.7447621559078171,0.8276311719925821,0.6316643991220648,0.7580877400853738,0.35452596812986836,0.9706980243949033,0.8931211213221977,0.7783834970737619,0.19463870785196757,0.4667210037270342,0.04380376578722878,0.15428949206754783,0.6830489532424546,0.7447621559078171,0.7739560485559633,0.4388784397520523,0.8585979199113825,0.6973680290593639,0.09417734788764953,0.9756223516367559,0.761139701990353,0.7860643052769538,0.12811363267554587,0.45038593789556713,0.37079802423258124,0.9267649888486018,0.6438651200806645,0.82276161327083,0.44341419882733113,0.2272387217847769,0.5545847870158348,0.06381725610417532,0.7739560485559633,0.4388784397520523,0.8585979199113825,0.6973680290593639,0.09417734788764953,0.9756223516367559,0.761139701990353,0.7860643052769538,0.12811363267554587,0.45038593789556713,0.37079802423258124,0.9267649888486018,0.6438651200806645,0.82276161327083,0.44341419882733113,0.2272387217847769,0.5545847870158348,0.06381725610417532,27.0,36.5,0.0
28,0,77.40000000000003,43.39999999999999,100.0,78.21173287961167,100,75.85786437626905,55.24068583773536,9.41967007642701,18.61214152141072,56.05034867155896,66.50825824111041,64.09088593429685,0,0,1,0,0.8276311719925821,0.6316643991220648,0.7580877400853738,0.35452596812986836,0.9706980243949033,0.8931211213221977,0.7783834970737619,0.19463870785196757,0.4667210037270342,0.04380376578722878,0.15428949206754783,0.6830489532424546,0.7447621559078171,0.8276311719925821,0.6316643991220648,0.7580877400853738,0.35452596812986836,0.9706980243949033,0.8931211213221977,0.7783834970737619,0.19463870785196757,0.4667210037270342,0.04380376578722878,0.15428949206754783,0.6830489532424546,0.7447621559078171,0.7739560485559633,0.4388784397520523,0.8585979199113825,0.6973680290593639,0.09417734788764953,0.9756223516367559,0.761139701990353,0.7860643052769538,0.12811363267554587,0.45038593789556713,0.37079802423258124,0.9267649888486018,0.6438651200806645,0.82276161327083,0.44341419882733113,0.2272387217847769,0.5545847870158348,0.06381725610417532,0.7739560485559633,0.4388784397520523,0.8585979199113825,0.6973680290593639,0.09417734788764953,0.9756223516367559,0.761139701990353,0.7860643052769538,0.12811363267554587,0.45038593789556713,0.37079802423258124,0.9267649888486018,0.6438651200806645,0.82276161327083,0.44341419882733113,0.2272387217847769,0.5545847870158348,0.06381725610417532,28.0,36.0,0.0
29,0,77.30000000000004,43.29999999999999,100.0,73.22047469208215,100,75.85786437626905,50.038264550042605,9.761263206867403,20.72030623423243,56.21016418715071,65.77942660809609,63.617242646192224,0,0,1,0,0.8276311719925821,0.6316643991220648,0.7580877400853738,0.35452596812986836,0.9706980243949033,0.8931211213221977,0.7783834970737619,0.19463870785196757,0.4667210037270342,0.04380376578722878,0.15428949206754783,0.6830489532424546,0.7447621559078171,0.8276311719925821,0.6316643991220648,0.7580877400853738,0.35452596812986836,0.9706980243949033,0.8931211213221977,0.7783834970737619,0.19463870785196757,0.4667210037270342,0.04380376578722878,0.15428949206754783,0.6830489532424546,0.7447621559078171,0.7739560485559633,0.4388784397520523,0.8585979199113825,0.6973680290593639,0.09417734788764953,0.9756223516367559,0.761139701990353,0.7860643052769538,0.12811363267554587,0.45038593789556713,0.37079802423258124,0.9267649888486018,0.6438651200806645,0.82276161327083,0.44341419882733113,0.2272387217847769,0.5545847870158348,0.06381725610417532,0.7739560485559633,0.4388784397520523,0.8585979199113825,0.6973680290593639,0.09417734788764953,0.9756223516367559,0.761139701990353,0.7860643052769538,0.12811363267554587,0.45038593789556713,0.37079802423258124,0.9267649888486018,0.6438651200806645,0.82276161327083,0.44341419882733113,0.2272387217847769,0.5545847870158348,0.06381725610417532,29.0,35.5,0.0
30,0,77.20000000000005,43.19999999999999,100.0,69.10513069832056,100,75.85786437626905,45.325793501819,10.23876571660227,22.529009952507888,56.36997970274244,65.1690097075421,63.226718856868565,0,0,1,0,0.8276311719925821,0.6316643991220648,0.7580877400853738,0.35452596812986836,0.9706980243949033,0.8931211213221977,0.7783834970737619,0.19463870785196757,0.4667210037270342,0.04380376578722878,0.15428949206754783,0.6830489532424546,0.7447621559078171,0.8276311719925821,0.6316643991220648,0.7580877400853738,0.35452596812986836,0.9706980243949033,0.8931211213221977,0.7783834970737619,0.19463870785196757,0.4667210037270342,0.04380376578722878,0.15428949206754783,0.6830489532424546,0.7447621559078171,0.7739560485559633,0.4388784397520523,0.8585979199113825,0.6973680290593639,0.09417734788764953,0.9756223516367559,0.761139701990353,0.7860643052769538,0.12811363267554587,0.45038593789556713,0.37079802423258124,0.9267649888486018,0.6438651200806645,0.82276161327083,0.44341419882733113,0.2272387217847769,0.5545847870158348,0.06381725610417532,0.7739560485559633,0.4388784397520523,0.8585979199113825,0.6973680290593639,0.09417734788764953,0.9756223516367559,0.761139701990353,0.7860643052769538,0.12811363267554587,0.45038593789556713,0.37079802423258124,0.9267649888486018,0.6438651200806645,0.82276161327083,0.44341419882733113,0.2272387217847769,0.5545847870158348,0.06381725610417532,30.0,35.0,0.0
31,0,77.10000000000005,43.09999999999999,100.0,64.69503087443333,100,75.85786437626905,41.05713047891443,10.454945845008512,24.438485954947435,56.52979521833417,64.5187448024532,62.808224340460995,0,0,1,0,0.8276311719925821,0.6316643991220648,0.7580877400853738,0.35452596812986836,0.9706980243949033,0.8931211213221977,0.7783834970737619,0.19463870785196757,0.4667210037270342,0.04380376578722878,0.15428949206754783,0.6830489532424546,0.7447621559078171,0.8276311719925821,0.6316643991220648,0.7580877400853738,0.35452596812986836,0.9706980243949033,0.8931211213221977,0.7783834970737619,0.19463870785196757,0.4667210037270342,0.04380376578722878,0.15428949206754783,0.6830489532424546,0.7447621559078171,0.7739560485559633,0.4388784397520523,0.8585979199113825,0.6973680290593639,0.09417734788764953,0.9756223516367559,0.761139701990353,0.7860643052769538,0.12811363267554587,0.45038593789556713,0.37079802423258124,0.9267649888486018,0.6438651200806645,0.82276161327083,0.44341419882733113,0.2272387217847769,0.5545847870158348,0.06381725610417532,0.7739560485559633,0.4388784397520523,0.8585979199113825,0.6973680290593639,0.09417734788764953,0.9756223516367559,0.761139701990353,0.7860643052769538,0.12811363267554587,0.45038593789556713,0.37079802423258124,0.9267649888486018,0.6438651200806645,0.82276161327083,0.44341419882733113,0.2272387217847769,0.5545847870158348,0.06381725610417532,31.0,34.5,0.0
32,0,77.00000000000006,42.999999999999986,100.0,60.56637152045209,100,75.85786437626905,37.19047881853309,10.78762587902246,26.251741981020263,56.68961073392591,63.90652779998369,62.416436995785176,0,0,1,0,0.8276311719925821,0.6316643991220648,0.7580877400853738,0.35452596812986836,0.9706980243949033,0.8931211213221977,0.7783834970737619,0.19463870785196757,0.4667210037270342,0.04380376578722878,0.15428949206754783,0.6830489532424546,0.7447621559078171,0.8276311719925821,0.6316643991220648,0.7580877400853738,0.35452596812986836,0.9706980243949033,0.8931211213221977,0.7783834970737619,0.19463870785196757,0.4667210037270342,0.04380376578722878,0.15428949206754783,0.6830489532424546,0.7447621559078171,0.7739560485559633,0.4388784397520523,0.8585979199113825,0.6973680290593639,0.09417734788764953,0.9756223516367559,0.761139701990353,0.7860643052769538,0.12811363267554587,0.45038593789556713,0.37079802423258124,0.9267649888486018,0.6438651200806645,0.82276161327083,0.44341419882733113,0.2272387217847769,0.5545847870158348,0.06381725610417532,0.7739560485559633,0.4388784397520523,0.8585979199113825,0.6973680290593639,0.09417734788764953,0.9756223516367559,0.761139701990353,0.7860643052769538,0.12811363267554587,0.45038593789556713,0.37079802423258124,0.9267649888486018,0.6438651200806645,0.82276161327083,0.44341419882733113,0.2272387217847769,0.5545847870158348,0.06381725610417532,32.0,34.0,0.0
33,0,76.90000000000006,42.899999999999984,100.0,56.701191877830766,100,75.85786437626905,33.68797815673184,11.128837784922725,27.97491852560051,56.849426249517656,63.32993058738789,62.04965244442293,0,0,1,0,0.8276311719925821,0.6316643991220648,0.7580877400853738,0.35452596812986836,0.9706980243949033,0.8931211213221977,0.7783834970737619,0.19463870785196757,0.4667210037270342,0.04380376578722878,0.15428949206754783,0.6830489532424546,0.7447621559078171,0.8276311719925821,0.6316643991220648,0.7580877400853738,0.35452596812986836,0.9706980243949033,0.8931211213221977,0.7783834970737619,0.19463870785196757,0.4667210037270342,0.04380376578722878,0.15428949206754783,0.6830489532424546,0.7447621559078171,0.7739560485559633,0.4388784397520523,0.8585979199113825,0.6973680290593639,0.09417734788764953,0.9756223516367559,0.761139701990353,0.7860643052769538,0.12811363267554587,0.45038593789556713,0.37079802423258124,0.9267649888486018,0.6438651200806645,0.82276161327083,0.44341419882733113,0.2272387217847769,0.5545847870158348,0.06381725610417532,0.7739560485559633,0.4388784397520523,0.8585979199113825,0.6973680290593639,0.09417734788764953,0.9756223516367559,0.761139701990353,0.7860643052769538,0.12811363267554587,0.45038593789556713,0.37079802423258124,0.9267649888486018,0.6438651200806645,0.82276161327083,0.44341419882733113,0.2272387217847769,0.5545847870158348,0.06381725610417532,33.0,33.5,0.0
34,0,76.80000000000007,42.79999999999998,100.0,53.08267739435125,100,75.85786437626905,30.515333718233766,11.470674522555727,29.61376421402834,57.0092417651094,62.78668000741303,61.706275076710014,0,0,1,0,0.8276311719925821,0.6316643991220648,0.7580877400853738,0.35452596812986836,0.9706980243949033,0.8931211213221977,0.7783834970737619,0.19463870785196757,0.4667210037270342,0.04380376578722878,0.15428949206754783,0.6830489532424546,0.7447621559078171,0.8276311719925821,0.6316643991220648,0.7580877400853738,0.35452596812986836,0.9706980243949033,0.8931211213221977,0.7783834970737619,0.19463870785196757,0.4667210037270342,0.04380376578722878,0.15428949206754783,0.6830489532424546,0.7447621559078171,0.7739560485559633,0.4388784397520523,0.8585979199113825,0.6973680290593639,0.09417734788764953,0.9756223516367559,0.761139701990353,0.7860643052769538,0.12811363267554587,0.45038593789556713,0.37079802423258124,0.9267649888486018,0.6438651200806645,0.82276161327083,0.44341419882733113,0.2272387217847769,0.5545847870158348,0.06381725610417532,0.7739560485559633,0.4388784397520523,0.8585979199113825,0.6973680290593639,0.09417734788764953,0.9756223516367559,0.761139701990353,0.7860643052769538,0.12811363267554587,0.45038593789556713,0.37079802423258124,0.9267649888486018,0.6438651200806645,0.82276161327083,0.44341419882733113,0.2272387217847769,0.5545847870158348,0.06381725610417532,34.0,33.0,0.0
35,0,76.70000000000007,42.69999999999998,100.0,50.25247236811293,100,75.85786437626905,27.641480518743943,11.948194872866061,30.983099560284206,57.16905728070113,62.35000088630862,61.437703994174775,0,0,1,0,0.8276311719925821,0.6316643991220648,0.7580877400853738,0.35452596812986836,0.9706980243949033,0.8931211213221977,0.7783834970737619,0.19463870785196757,0.4667210037270342,0.04380376578722878,0.15428949206754783,0.6830489532424546,0.7447621559078171,0.8276311719925821,0.6316643991220648,0.7580877400853738,0.35452596812986836,0.9706980243949033,0.8931211213221977,0.7783834970737619,0.19463870785196757,0.4667210037270342,0.04380376578722878,0.15428949206754783,0.6830489532424546,0.7447621559078171,0.7739560485559633,0.4388784397520523,0.8585979199113825,0.6973680290593639,0.09417734788764953,0.9756223516367559,0.761139701990353,0.7860643052769538,0.12811363267554587,0.45038593789556713,0.37079802423258124,0.9267649888486018,0.6438651200806645,0.82276161327083,0.44341419882733113,0.2272387217847769,0.5545847870158348,0.06381725610417532,0.7739560485559633,0.4388784397520523,0.8585979199113825,0.6973680290593639,0.09417734788764953,0.9756223516367559,0.761139701990353,0.7860643052769538,0.12811363267554587,0.45038593789556713,0.37079802423258124,0.9267649888486018,0.6438651200806645,0.82276161327083,0.44341419882733113,0.2272387217847769,0.5545847870158348,0.06381725610417532,35.0,32.5,0.0
36,0,76.60000000000008,42.59999999999998,100.0,47.045497469129074,100,75.85786437626905,25.03827919180051,12.164376307827046,32.4812464746254,57.32887279629287,61.86238629230319,61.13337949743391,0,0,1,0,0.8276311719925821,0.6316643991220648,0.7580877400853738,0.35452596812986836,0.9706980243949033,0.8931211213221977,0.7783834970737619,0.19463870785196757,0.4667210037270342,0.04380376578722878,0.15428949206754783,0.6830489532424546,0.7447621559078171,0.8276311719925821,0.6316643991220648,0.7580877400853738,0.35452596812986836,0.9706980243949033,0.8931211213221977,0.7783834970737619,0.19463870785196757,0.4667210037270342,0.04380376578722878,0.15428949206754783,0.6830489532424546,0.7447621559078171,0.7739560485559633,0.4388784397520523,0.8585979199113825,0.6973680290593639,0.09417734788764953,0.9756223516367559,0.761139701990353,0.7860643052769538,0.12811363267554587,0.45038593789556713,0.37079802423258124,0.9267649888486018,0.6438651200806645,0.82276161327083,0.44341419882733113,0.2272387217847769,0.5545847870158348,0.06381725610417532,0.7739560485559633,0.4388784397520523,0.8585979199113825,0.6973680290593639,0.09417734788764953,0.9756223516367559,0.761139701990353,0.7860643052769538,0.12811363267554587,0.45038593789556713,0.37079802423258124,0.9267649888486018,0.6438651200806645,0.82276161327083,0.44341419882733113,0.2272387217847769,0.5545847870158348,0.06381725610417532,36.0,32.0,0.0
37,0,76.50000000000009,42.49999999999998,100.0,44.04318290859333,100,75.85786437626905,22.680240461846218,12.497056437526545,33.90942330635816,57.48868831188461,61.40243970435932,60.848476155040316,0,0,1,0,0.8276311719925821,0.6316643991220648,0.7580877400853738,0.35452596812986836,0.9706980243949033,0.8931211213221977,0.7783834970737619,0.19463870785196757,0.4667210037270342,0.04380376578722878,0.15428949206754783,0.6830489532424546,0.7447621559078171,0.8276311719925821,0.6316643991220648,0.7580877400853738,0.35452596812986836,0.9706980243949033,0.8931211213221977,0.7783834970737619,0.19463870785196757,0.4667210037270342,0.04380376578722878,0.15428949206754783,0.6830489532424546,0.7447621559078171,0.7739560485559633,0.4388784397520523,0.8585979199113825,0.6973680290593639,0.09417734788764953,0.9756223516367559,0.761139701990353,0.7860643052769538,0.12811363267554587,0.45038593789556713,0.37079802423258124,0.9267649888486018,0.6438651200806645,0.82276161327083,0.44341419882733113,0.2272387217847769,0.5545847870158348,0.06381725610417532,0.7739560485559633,0.4388784397520523,0.8585979199113825,0.6973680290593639,0.09417734788764953,0.9756223516367559,0.761139701990353,0.7860643052769538,0.12811363267554587,0.45038593789556713,0.37079802423258124,0.9267649888486018,0.6438651200806645,0.82276161327083,0.44341419882733113,0.2272387217847769,0.5545847870158348,0.06381725610417532,37.0,31.5,0.0
38,0,76.40000000000009,42.39999999999998,100.0,41.23246782527259,100,75.85786437626905,20.544275565695383,12.838268350434344,35.27209535416394,57.64850382747635,60.96839542624827,60.581754562213206,0,0,1,0,0.8276311719925821,0.6316643991220648,0.7580877400853738,0.35452596812986836,0.9706980243949033,0.8931211213221977,0.7783834970737619,0.19463870785196757,0.4667210037270342,0.04380376578722878,0.15428949206754783,0.6830489532424546,0.7447621559078171,0.8276311719925821,0.6316643991220648,0.7580877400853738,0.35452596812986836,0.9706980243949033,0.8931211213221977,0.7783834970737619,0.19463870785196757,0.4667210037270342,0.04380376578722878,0.15428949206754783,0.6830489532424546,0.7447621559078171,0.7739560485559633,0.4388784397520523,0.8585979199113825,0.6973680290593639,0.09417734788764953,0.9756223516367559,0.761139701990353,0.7860643052769538,0.12811363267554587,0.45038593789556713,0.37079802423258124,0.9267649888486018,0.6438651200806645,0.82276161327083,0.44341419882733113,0.2272387217847769,0.5545847870158348,0.06381725610417532,0.7739560485559633,0.4388784397520523,0.8585979199113825,0.6973680290593639,0.09417734788764953,0.9756223516367559,0.761139701990353,0.7860643052769538,0.12811363267554587,0.45038593789556713,0.37079802423258124,0.9267649888486018,0.6438651200806645,0.82276161327083,0.44341419882733113,0.2272387217847769,0.5545847870158348,0.06381725610417532,38.0,31.0,0.0
39,0,76.3000000000001,42.299999999999976,100.0,38.60112486626,100,75.85786437626905,18.60947017864515,13.180105088580541,36.57344295361464,57.80831934306809,60.55860044362978,60.332054409584046,0,0,1,0,0.8276311719925821,0.6316643991220648,0.7580877400853738,0.35452596812986836,0.9706980243949033,0.8931211213221977,0.7783834970737619,0.19463870785196757,0.4667210037270342,0.04380376578722878,0.15428949206754783,0.6830489532424546,0.7447621559078171,0.8276311719925821,0.6316643991220648,0.7580877400853738,0.35452596812986836,0.9706980243949033,0.8931211213221977,0.7783834970737619,0.19463870785196757,0.4667210037270342,0.04380376578722878,0.15428949206754783,0.6830489532424546,0.7447621559078171,0.7739560485559633,0.4388784397520523,0.8585979199113825,0.6973680290593639,0.09417734788764953,0.9756223516367559,0.761139701990353,0.7860643052769538,0.12811363267554587,0.45038593789556713,0.37079802423258124,0.9267649888486018,0.6438651200806645,0.82276161327083,0.44341419882733113,0.2272387217847769,0.5545847870158348,0.06381725610417532,0.7739560485559633,0.4388784397520523,0.8585979199113825,0.6973680290593639,0.09417734788764953,0.9756223516367559,0.761139701990353,0.7860643052769538,0.12811363267554587,0.45038593789556713,0.37079802423258124,0.9267649888486018,0.6438651200806645,0.82276161327083,0.44341419882733113,0.2272387217847769,0.5545847870158348,0.06381725610417532,39.0,30.5,0.0
40,0,76.2000000000001,42.199999999999974,98.61989779473151,36.137706994760634,100,75.85786437626905,16.856879631626047,13.521987585810045,37.81737966273639,57.412496143378476,60.17150723300303,59.46611947854866,0,0,1,0,0.8276311719925821,0.6316643991220648,0.7580877400853738,0.35452596812986836,0.9706980243949033,0.8931211213221977,0.7783834970737619,0.19463870785196757,0.4667210037270342,0.04380376578722878,0.15428949206754783,0.6830489532424546,0.7447621559078171,0.8276311719925821,0.6316643991220648,0.7580877400853738,0.35452596812986836,0.9706980243949033,0.8931211213221977,0.7783834970737619,0.19463870785196757,0.4667210037270342,0.04380376578722878,0.15428949206754783,0.6830489532424546,0.7447621559078171,0.7739560485559633,0.4388784397520523,0.8585979199113825,0.6973680290593639,0.09417734788764953,0.9756223516367559,0.761139701990353,0.7860643052769538,0.12811363267554587,0.45038593789556713,0.37079802423258124,0.9267649888486018,0.6438651200806645,0.82276161327083,0.44341419882733113,0.2272387217847769,0.5545847870158348,0.06381725610417532,0.7739560485559633,0.4388784397520523,0.8585979199113825,0.6973680290593639,0.09417734788764953,0.9756223516367559,0.761139701990353,0.7860643052769538,0.12811363267554587,0.45038593789556713,0.37079802423258124,0.9267649888486018,0.6438651200806645,0.82276161327083,0.44341419882733113,0.2272387217847769,0.5545847870158348,0.06381725610417532,40.0,30.0,0.0
41,0,76.10000000000011,42.09999999999997,95.24530850294772,34.388883484190664,100,75.85786437626905,15.269343414258167,13.999511287324943,38.817008037156405,56.213678616046955,59.88101994641446,57.754400423054356,0,0,1,0,0.8276311719925821,0.6316643991220648,0.7580877400853738,0.35452596812986836,0.9706980243949033,0.8931211213221977,0.7783834970737619,0.19463870785196757,0.4667210037270342,0.04380376578722878,0.15428949206754783,0.6830489532424546,0.7447621559078171,0.8276311719925821,0.6316643991220648,0.7580877400853738,0.35452596812986836,0.9706980243949033,0.8931211213221977,0.7783834970737619,0.19463870785196757,0.4667210037270342,0.04380376578722878,0.15428949206754783,0.6830489532424546,0.7447621559078171,0.7739560485559633,0.4388784397520523,0.8585979199113825,0.6973680290593639,0.09417734788764953,0.9756223516367559,0.761139701990353,0.7860643052769538,0.12811363267554587,0.45038593789556713,0.37079802423258124,0.9267649888486018,0.6438651200806645,0.82276161327083,0.44341419882733113,0.2272387217847769,0.5545847870158348,0.06381725610417532,0.7739560485559633,0.4388784397520523,0.8585979199113825,0.6973680290593639,0.09417734788764953,0.9756223516367559,0.761139701990353,0.7860643052769538,0.12811363267554587,0.45038593789556713,0.37079802423258124,0.9267649888486018,0.6438651200806645,0.82276161327083,0.44341419882733113,0.2272387217847769,0.5545847870158348,0.06381725610417532,41.0,29.5,0.0
42,0,76.00000000000011,41.99999999999997,90.02209737427273,32.19427929974342,100,75.85786437626905,13.831317147517584,14.215692967711426,39.9690416641669,54.27059312177058,59.530267625181246,55.15359902804325,0,0,1,0,0.8276311719925821,0.6316643991220648,0.7580877400853738,0.35452596812986836,0.9706980243949033,0.8931211213221977,0.7783834970737619,0.19463870785196757,0.4667210037270342,0.04380376578722878,0.15428949206754783,0.6830489532424546,0.7447621559078171,0.8276311719925821,0.6316643991220648,0.7580877400853738,0.35452596812986836,0.9706980243949033,0.8931211213221977,0.7783834970737619,0.19463870785196757,0.4667210037270342,0.04380376578722878,0.15428949206754783,0.6830489532424546,0.7447621559078171,0.7739560485559633,0.4388784397520523,0.8585979199113825,0.6973680290593639,0.09417734788764953,0.9756223516367559,0.761139701990353,0.7860643052769538,0.12811363267554587,0.45038593789556713,0.37079802423258124,0.9267649888486018,0.6438651200806645,0.82276161327083,0.44341419882733113,0.2272387217847769,0.5545847870158348,0.06381725610417532,0.7739560485559633,0.4388784397520523,0.8585979199113825,0.6973680290593639,0.09417734788764953,0.9756223516367559,0.761139701990353,0.7860643052769538,0.12811363267554587,0.45038593789556713,0.37079802423258124,0.9267649888486018,0.6438651200806645,0.82276161327083,0.44341419882733113,0.2272387217847769,0.5545847870158348,0.06381725610417532,42.0,29.0,0.0
43,0,75.90000000000012,41.89999999999997,83.08239245597206,30.139728732582345,100,75.85786437626905,12.528720380771409,14.54837311538466,41.07319320886759,51.63643532834479,59.19844913529708,51.779830391295974,0,0,1,0,0.8276311719925821,0.6316643991220648,0.7580877400853738,0.35452596812986836,0.9706980243949033,0.8931211213221977,0.7783834970737619,0.19463870785196757,0.4667210037270342,0.04380376578722878,0.15428949206754783,0.6830489532424546,0.7447621559078171,0.8276311719925821,0.6316643991220648,0.7580877400853738,0.35452596812986836,0.9706980243949033,0.8931211213221977,0.7783834970737619,0.19463870785196757,0.4667210037270342,0.04380376578722878,0.15428949206754783,0.6830489532424546,0.7447621559078171,0.7739560485559633,0.4388784397520523,0.8585979199113825,0.6973680290593639,0.09417734788764953,0.9756223516367559,0.761139701990353,0.7860643052769538,0.12811363267554587,0.45038593789556713,0.37079802423258124,0.9267649888486018,0.6438651200806645,0.82276161327083,0.44341419882733113,0.2272387217847769,0.5545847870158348,0.06381725610417532,0.7739560485559633,0.4388784397520523,0.8585979199113825,0.6973680290593639,0.09417734788764953,0.9756223516367559,0.761139701990353,0.7860643052769538,0.12811363267554587,0.45038593789556713,0.37079802423258124,0.9267649888486018,0.6438651200806645,0.82276161327083,0.44341419882733113,0.2272387217847769,0.5545847870158348,0.06381725610417532,43.0,28.5,0.0
44,0,75.80000000000013,41.79999999999997,74.54587832623821,28.216293945144766,100,75.85786437626905,11.348798722884414,14.88958502960877,42.13251837436806,48.359391076653004,58.88435617159774,47.68706910802656,0,0,1,0,0.8276311719925821,0.6316643991220648,0.7580877400853738,0.35452596812986836,0.9706980243949033,0.8931211213221977,0.7783834970737619,0.19463870785196757,0.4667210037270342,0.04380376578722878,0.15428949206754783,0.6830489532424546,0.7447621559078171,0.8276311719925821,0.6316643991220648,0.7580877400853738,0.35452596812986836,0.9706980243949033,0.8931211213221977,0.7783834970737619,0.19463870785196757,0.4667210037270342,0.04380376578722878,0.15428949206754783,0.6830489532424546,0.7447621559078171,0.7739560485559633,0.4388784397520523,0.8585979199113825,0.6973680290593639,0.09417734788764953,0.9756223516367559,0.761139701990353,0.7860643052769538,0.12811363267554587,0.45038593789556713,0.37079802423258124,0.9267649888486018,0.6438651200806645,0.82276161327083,0.44341419882733113,0.2272387217847769,0.5545847870158348,0.06381725610417532,0.7739560485559633,0.4388784397520523,0.8585979199113825,0.6973680290593639,0.09417734788764953,0.9756223516367559,0.761139701990353,0.7860643052769538,0.12811363267554587,0.45038593789556713,0.37079802423258124,0.9267649888486018,0.6438651200806645,0.82276161327083,0.44341419882733113,0.2272387217847769,0.5545847870158348,0.06381725610417532,44.0,28.0,0.0
45,0,75.70000000000013,41.69999999999997,64.52096798710645,26.41560748813677,100,75.85786437626905,10.279998957452415,15.231421767851371,43.14987785718994,44.48310819287841,58.58685753963909,42.92418083923887,0,0,1,0,0.8276311719925821,0.6316643991220648,0.7580877400853738,0.35452596812986836,0.9706980243949033,0.8931211213221977,0.7783834970737619,0.19463870785196757,0.4667210037270342,0.04380376578722878,0.15428949206754783,0.6830489532424546,0.7447621559078171,0.8276311719925821,0.6316643991220648,0.7580877400853738,0.35452596812986836,0.9706980243949033,0.8931211213221977,0.7783834970737619,0.19463870785196757,0.4667210037270342,0.04380376578722878,0.15428949206754783,0.6830489532424546,0.7447621559078171,0.7739560485559633,0.4388784397520523,0.8585979199113825,0.6973680290593639,0.09417734788764953,0.9756223516367559,0.761139701990353,0.7860643052769538,0.12811363267554587,0.45038593789556713,0.37079802423258124,0.9267649888486018,0.6438651200806645,0.82276161327083,0.44341419882733113,0.2272387217847769,0.5545847870158348,0.06381725610417532,0.7739560485559633,0.4388784397520523,0.8585979199113825,0.6973680290593639,0.09417734788764953,0.9756223516367559,0.761139701990353,0.7860643052769538,0.12811363267554587,0.45038593789556713,0.37079802423258124,0.9267649888486018,0.6438651200806645,0.82276161327083,0.44341419882733113,0.2272387217847769,0.5545847870158348,0.06381725610417532,45.0,27.5,0.0
46,0,75.60000000000014,41.599999999999966,53.10586439160383,24.729835899918974,100,75.85786437626905,9.311855919351745,15.573304265087929,44.12794979205231,40.0471238666933,58.30489423470257,37.535405100894096,0,0,1,0,0.8276311719925821,0.6316643991220648,0.7580877400853738,0.35452596812986836,0.9706980243949033,0.8931211213221977,0.7783834970737619,0.19463870785196757,0.4667210037270342,0.04380376578722878,0.15428949206754783,0.6830489532424546,0.7447621559078171,0.8276311719925821,0.6316643991220648,0.7580877400853738,0.35452596812986836,0.9706980243949033,0.8931211213221977,0.7783834970737619,0.19463870785196757,0.4667210037270342,0.04380376578722878,0.15428949206754783,0.6830489532424546,0.7447621559078171,0.7739560485559633,0.4388784397520523,0.8585979199113825,0.6973680290593639,0.09417734788764953,0.9756223516367559,0.761139701990353,0.7860643052769538,0.12811363267554587,0.45038593789556713,0.37079802423258124,0.9267649888486018,0.6438651200806645,0.82276161327083,0.44341419882733113,0.2272387217847769,0.5545847870158348,0.06381725610417532,0.7739560485559633,0.4388784397520523,0.8585979199113825,0.6973680290593639,0.09417734788764953,0.9756223516367559,0.761139701990353,0.7860643052769538,0.12811363267554587,0.45038593789556713,0.37079802423258124,0.9267649888486018,0.6438651200806645,0.82276161327083,0.44341419882733113,0.2272387217847769,0.5545847870158348,0.06381725610417532,46.0,27.0,0.0
47,0,75.50000000000014,41.499999999999964,40.38952199908658,23.709031420611932,99.56678599864584,75.85786437626905,8.434890024955287,16.050827966603343,44.878680152600936,35.08725178010364,57.97239293503137,31.61368536416633,0,0,1,0,0.8276311719925821,0.6316643991220648,0.7580877400853738,0.35452596812986836,0.9706980243949033,0.8931211213221977,0.7783834970737619,0.19463870785196757,0.4667210037270342,0.04380376578722878,0.15428949206754783,0.6830489532424546,0.7447621559078171,0.8276311719925821,0.6316643991220648,0.7580877400853738,0.35452596812986836,0.9706980243949033,0.8931211213221977,0.7783834970737619,0.19463870785196757,0.4667210037270342,0.04380376578722878,0.15428949206754783,0.6830489532424546,0.7447621559078171,0.7739560485559633,0.4388784397520523,0.8585979199113825,0.6973680290593639,0.09417734788764953,0.9756223516367559,0.761139701990353,0.7860643052769538,0.12811363267554587,0.45038593789556713,0.37079802423258124,0.9267649888486018,0.6438651200806645,0.82276161327083,0.44341419882733113,0.2272387217847769,0.5545847870158348,0.06381725610417532,0.7739560485559633,0.4388784397520523,0.8585979199113825,0.6973680290593639,0.09417734788764953,0.9756223516367559,0.761139701990353,0.7860643052769538,0.12811363267554587,0.45038593789556713,0.37079802423258124,0.9267649888486018,0.6438651200806645,0.82276161327083,0.44341419882733113,0.2272387217847769,0.5545847870158348,0.06381725610417532,47.0,26.5,0.0
48,0,75.40000000000015,41.39999999999996,26.452517773845972,22.1959860904608,99.08919263161886,75.85786437626905,7.640514452681008,16.267009646989862,45.79769975403509,29.63593277752602,57.558959213139644,25.086117984111556,0,0,1,0,0.8276311719925821,0.6316643991220648,0.7580877400853738,0.35452596812986836,0.9706980243949033,0.8931211213221977,0.7783834970737619,0.19463870785196757,0.4667210037270342,0.04380376578722878,0.15428949206754783,0.6830489532424546,0.7447621559078171,0.8276311719925821,0.6316643991220648,0.7580877400853738,0.35452596812986836,0.9706980243949033,0.8931211213221977,0.7783834970737619,0.19463870785196757,0.4667210037270342,0.04380376578722878,0.15428949206754783,0.6830489532424546,0.7447621559078171,0.7739560485559633,0.4388784397520523,0.8585979199113825,0.6973680290593639,0.09417734788764953,0.9756223516367559,0.761139701990353,0.7860643052769538,0.12811363267554587,0.45038593789556713,0.37079802423258124,0.9267649888486018,0.6438651200806645,0.82276161327083,0.44341419882733113,0.2272387217847769,0.5545847870158348,0.06381725610417532,0.7739560485559633,0.4388784397520523,0.8585979199113825,0.6973680290593639,0.09417734788764953,0.9756223516367559,0.761139701990353,0.7860643052769538,0.12811363267554587,0.45038593789556713,0.37079802423258124,0.9267649888486018,0.6438651200806645,0.82276161327083,0.44341419882733113,0.2272387217847769,0.5545847870158348,0.06381725610417532,48.0,26.0,0.0
49,0,75.30000000000015,41.29999999999996,11.367840155375493,20.779499161641148,98.27717183265858,75.85786437626905,6.920951065030255,16.599689794663107,46.68370758890552,23.72255251068658,57.05016799734675,18.042009913861925,0,0,1,0,0.8276311719925821,0.6316643991220648,0.7580877400853738,0.35452596812986836,0.9706980243949033,0.8931211213221977,0.7783834970737619,0.19463870785196757,0.4667210037270342,0.04380376578722878,0.15428949206754783,0.6830489532424546,0.7447621559078171,0.8276311719925821,0.6316643991220648,0.7580877400853738,0.35452596812986836,0.9706980243949033,0.8931211213221977,0.7783834970737619,0.19463870785196757,0.4667210037270342,0.04380376578722878,0.15428949206754783,0.6830489532424546,0.7447621559078171,0.7739560485559633,0.4388784397520523,0.8585979199113825,0.6973680290593639,0.09417734788764953,0.9756223516367559,0.761139701990353,0.7860643052769538,0.12811363267554587,0.45038593789556713,0.37079802423258124,0.9267649888486018,0.6438651200806645,0.82276161327083,0.44341419882733113,0.2272387217847769,0.5545847870158348,0.06381725610417532,0.7739560485559633,0.4388784397520523,0.8585979199113825,0.6973680290593639,0.09417734788764953,0.9756223516367559,0.761139701990353,0.7860643052769538,0.12811363267554587,0.45038593789556713,0.37079802423258124,0.9267649888486018,0.6438651200806645,0.82276161327083,0.44341419882733113,0.2272387217847769,0.5545847870158348,0.06381725610417532,49.0,25.5,0.0
50,0,75.20000000000016,41.19999999999996,0.0,19.453408541926198,97.28758261876347,75.85786437626905,6.269154248865502,16.940901708887214,47.53881037757347,19.305596773146398,56.49603516253627,12.709015448599295,0,0,1,0,0.8276311719925821,0.6316643991220648,0.7580877400853738,0.35452596812986836,0.9706980243949033,0.8931211213221977,0.7783834970737619,0.19463870785196757,0.4667210037270342,0.04380376578722878,0.15428949206754783,0.6830489532424546,0.7447621559078171,0.8276311719925821,0.6316643991220648,0.7580877400853738,0.35452596812986836,0.9706980243949033,0.8931211213221977,0.7783834970737619,0.19463870785196757,0.4667210037270342,0.04380376578722878,0.15428949206754783,0.6830489532424546,0.7447621559078171,0.7739560485559633,0.4388784397520523,0.8585979199113825,0.6973680290593639,0.09417734788764953,0.9756223516367559,0.761139701990353,0.7860643052769538,0.12811363267554587,0.45038593789556713,0.37079802423258124,0.9267649888486018,0.6438651200806645,0.82276161327083,0.44341419882733113,0.2272387217847769,0.5545847870158348,0.06381725610417532,0.7739560485559633,0.4388784397520523,0.8585979199113825,0.6973680290593639,0.09417734788764953,0.9756223516367559,0.761139701990353,0.7860643052769538,0.12811363267554587,0.45038593789556713,0.37079802423258124,0.9267649888486018,0.6438651200806645,0.82276161327083,0.44341419882733113,0.2272387217847769,0.5545847870158348,0.06381725610417532,50.0,25.0,0.0
51,0,75.10000000000016,41.09999999999996,0.0,18.21194538690694,96.2025901783883,75.85786437626905,5.678741928208759,17.282738447129812,48.36498039528735,19.465412288738133,55.92241627696633,12.59120733915844,0,0,1,0,0.8276311719925821,0.6316643991220648,0.7580877400853738,0.35452596812986836,0.9706980243949033,0.8931211213221977,0.7783834970737619,0.19463870785196757,0.4667210037270342,0.04380376578722878,0.15428949206754783,0.6830489532424546,0.7447621559078171,0.8276311719925821,0.6316643991220648,0.7580877400853738,0.35452596812986836,0.9706980243949033,0.8931211213221977,0.7783834970737619,0.19463870785196757,0.4667210037270342,0.04380376578722878,0.15428949206754783,0.6830489532424546,0.7447621559078171,0.7739560485559633,0.4388784397520523,0.8585979199113825,0.6973680290593639,0.09417734788764953,0.9756223516367559,0.761139701990353,0.7860643052769538,0.12811363267554587,0.45038593789556713,0.37079802423258124,0.9267649888486018,0.6438651200806645,0.82276161327083,0.44341419882733113,0.2272387217847769,0.5545847870158348,0.06381725610417532,0.7739560485559633,0.4388784397520523,0.8585979199113825,0.6973680290593639,0.09417734788764953,0.9756223516367559,0.761139701990353,0.7860643052769538,0.12811363267554587,0.45038593789556713,0.37079802423258124,0.9267649888486018,0.6438651200806645,0.82276161327083,0.44341419882733113,0.2272387217847769,0.5545847870158348,0.06381725610417532,51.0,24.5,0.0
52,0,75.00000000000017,40.99999999999996,0.0,17.049709003995446,95.08053823291782,75.85786437626905,5.143933074071661,17.624620944366374,49.16406405210095,19.625227804329874,55.34749448345135,12.48091742000892,0,0,1,0,0.8276311719925821,0.6316643991220648,0.7580877400853738,0.35452596812986836,0.9706980243949033,0.8931211213221977,0.7783834970737619,0.19463870785196757,0.4667210037270342,0.04380376578722878,0.15428949206754783,0.6830489532424546,0.7447621559078171,0.8276311719925821,0.6316643991220648,0.7580877400853738,0.35452596812986836,0.9706980243949033,0.8931211213221977,0.7783834970737619,0.19463870785196757,0.4667210037270342,0.04380376578722878,0.15428949206754783,0.6830489532424546,0.7447621559078171,0.7739560485559633,0.4388784397520523,0.8585979199113825,0.6973680290593639,0.09417734788764953,0.9756223516367559,0.761139701990353,0.7860643052769538,0.12811363267554587,0.45038593789556713,0.37079802423258124,0.9267649888486018,0.6438651200806645,0.82276161327083,0.44341419882733113,0.2272387217847769,0.5545847870158348,0.06381725610417532,0.7739560485559633,0.4388784397520523,0.8585979199113825,0.6973680290593639,0.09417734788764953,0.9756223516367559,0.761139701990353,0.7860643052769538,0.12811363267554587,0.45038593789556713,0.37079802423258124,0.9267649888486018,0.6438651200806645,0.82276161327083,0.44341419882733113,0.2272387217847769,0.5545847870158348,0.06381725610417532,52.0,24.0,0.0
53,0,74.90000000000018,40.899999999999956,0.0,15.961643357985805,93.96399097038221,75.85786437626905,4.659491099444028,17.96650679276337,49.93778992524477,19.785043319921616,54.78438427371975,12.377665900875472,0,0,1,0,0.8276311719925821,0.6316643991220648,0.7580877400853738,0.35452596812986836,0.9706980243949033,0.8931211213221977,0.7783834970737619,0.19463870785196757,0.4667210037270342,0.04380376578722878,0.15428949206754783,0.6830489532424546,0.7447621559078171,0.8276311719925821,0.6316643991220648,0.7580877400853738,0.35452596812986836,0.9706980243949033,0.8931211213221977,0.7783834970737619,0.19463870785196757,0.4667210037270342,0.04380376578722878,0.15428949206754783,0.6830489532424546,0.7447621559078171,0.7739560485559633,0.4388784397520523,0.8585979199113825,0.6973680290593639,0.09417734788764953,0.9756223516367559,0.761139701990353,0.7860643052769538,0.12811363267554587,0.45038593789556713,0.37079802423258124,0.9267649888486018,0.6438651200806645,0.82276161327083,0.44341419882733113,0.2272387217847769,0.5545847870158348,0.06381725610417532,0.7739560485559633,0.4388784397520523,0.8585979199113825,0.6973680290593639,0.09417734788764953,0.9756223516367559,0.761139701990353,0.7860643052769538,0.12811363267554587,0.45038593789556713,0.37079802423258124,0.9267649888486018,0.6438651200806645,0.82276161327083,0.44341419882733113,0.2272387217847769,0.5545847870158348,0.06381725610417532,53.0,23.5,0.0
54,0,74.80000000000018,40.799999999999955,0.0,14.943015075965716,92.88364813410614,75.85786437626905,4.220672585192282,18.308392886582634,50.68777627889349,19.944858835513358,54.24239766768637,12.28100361038171,0,0,1,0,0.8276311719925821,0.6316643991220648,0.7580877400853738,0.35452596812986836,0.9706980243949033,0.8931211213221977,0.7783834970737619,0.19463870785196757,0.4667210037270342,0.04380376578722878,0.15428949206754783,0.6830489532424546,0.7447621559078171,0.8276311719925821,0.6316643991220648,0.7580877400853738,0.35452596812986836,0.9706980243949033,0.8931211213221977,0.7783834970737619,0.19463870785196757,0.4667210037270342,0.04380376578722878,0.15428949206754783,0.6830489532424546,0.7447621559078171,0.7739560485559633,0.4388784397520523,0.8585979199113825,0.6973680290593639,0.09417734788764953,0.9756223516367559,0.761139701990353,0.7860643052769538,0.12811363267554587,0.45038593789556713,0.37079802423258124,0.9267649888486018,0.6438651200806645,0.82276161327083,0.44341419882733113,0.2272387217847769,0.5545847870158348,0.06381725610417532,0.7739560485559633,0.4388784397520523,0.8585979199113825,0.6973680290593639,0.09417734788764953,0.9756223516367559,0.761139701990353,0.7860643052769538,0.12811363267554587,0.45038593789556713,0.37079802423258124,0.9267649888486018,0.6438651200806645,0.82276161327083,0.44341419882733113,0.2272387217847769,0.5545847870158348,0.06381725610417532,54.0,23.0,0.0
55,0,74.70000000000019,40.69999999999995,0.0,13.989392855894259,91.86119332121791,75.85786437626905,3.823180834816763,18.650278998375395,51.41553810404254,20.104674351105093,53.72796476153583,12.190510042036006,0,0,1,0,0.8276311719925821,0.6316643991220648,0.7580877400853738,0.35452596812986836,0.9706980243949033,0.8931211213221977,0.7783834970737619,0.19463870785196757,0.4667210037270342,0.04380376578722878,0.15428949206754783,0.6830489532424546,0.7447621559078171,0.8276311719925821,0.6316643991220648,0.7580877400853738,0.35452596812986836,0.9706980243949033,0.8931211213221977,0.7783834970737619,0.19463870785196757,0.4667210037270342,0.04380376578722878,0.15428949206754783,0.6830489532424546,0.7447621559078171,0.7739560485559633,0.4388784397520523,0.8585979199113825,0.6973680290593639,0.09417734788764953,0.9756223516367559,0.761139701990353,0.7860643052769538,0.12811363267554587,0.45038593789556713,0.37079802423258124,0.9267649888486018,0.6438651200806645,0.82276161327083,0.44341419882733113,0.2272387217847769,0.5545847870158348,0.06381725610417532,0.7739560485559633,0.4388784397520523,0.8585979199113825,0.6973680290593639,0.09417734788764953,0.9756223516367559,0.761139701990353,0.7860643052769538,0.12811363267554587,0.45038593789556713,0.37079802423258124,0.9267649888486018,0.6438651200806645,0.82276161327083,0.44341419882733113,0.2272387217847769,0.5545847870158348,0.06381725610417532,55.0,22.5,0.0
56,0,74.6000000000002,40.59999999999995,0.0,13.096628189267735,90.91147388928712,75.85786437626905,3.4631238032988305,18.992165111484454,52.122493709118956,20.264489866696834,53.24533778112071,12.105791524917198,0,0,1,0,0.8276311719925821,0.6316643991220648,0.7580877400853738,0.35452596812986836,0.9706980243949033,0.8931211213221977,0.7783834970737619,0.19463870785196757,0.4667210037270342,0.04380376578722878,0.15428949206754783,0.6830489532424546,0.7447621559078171,0.8276311719925821,0.6316643991220648,0.7580877400853738,0.35452596812986836,0.9706980243949033,0.8931211213221977,0.7783834970737619,0.19463870785196757,0.4667210037270342,0.04380376578722878,0.15428949206754783,0.6830489532424546,0.7447621559078171,0.7739560485559633,0.4388784397520523,0.8585979199113825,0.6973680290593639,0.09417734788764953,0.9756223516367559,0.761139701990353,0.7860643052769538,0.12811363267554587,0.45038593789556713,0.37079802423258124,0.9267649888486018,0.6438651200806645,0.82276161327083,0.44341419882733113,0.2272387217847769,0.5545847870158348,0.06381725610417532,0.7739560485559633,0.4388784397520523,0.8585979199113825,0.6973680290593639,0.09417734788764953,0.9756223516367559,0.761139701990353,0.7860643052769538,0.12811363267554587,0.45038593789556713,0.37079802423258124,0.9267649888486018,0.6438651200806645,0.82276161327083,0.44341419882733113,0.2272387217847769,0.5545847870158348,0.06381725610417532,56.0,22.0,0.0
57,0,73.6000000000002,42.59999999999995,0.0,12.260837314012074,90.04417630073658,75.85786437626905,3.1369759880975567,19.334051224689915,52.809970889997665,20.42430538228857,52.7971317379307,12.026479511102128,1,0,0,0,0.8276311719925821,0.6316643991220648,0.7580877400853738,0.35452596812986836,0.9706980243949033,0.8931211213221977,0.7783834970737619,0.19463870785196757,0.4667210037270342,0.04380376578722878,0.15428949206754783,0.6830489532424546,0.7447621559078171,0.8276311719925821,0.6316643991220648,0.7580877400853738,0.35452596812986836,0.9706980243949033,0.8931211213221977,0.7783834970737619,0.19463870785196757,0.4667210037270342,0.04380376578722878,0.15428949206754783,0.6830489532424546,0.7447621559078171,0.7739560485559633,0.4388784397520523,0.8585979199113825,0.6973680290593639,0.09417734788764953,0.9756223516367559,0.761139701990353,0.7860643052769538,0.12811363267554587,0.45038593789556713,0.37079802423258124,0.9267649888486018,0.6438651200806645,0.82276161327083,0.44341419882733113,0.2272387217847769,0.5545847870158348,0.06381725610417532,0.7739560485559633,0.4388784397520523,0.8585979199113825,0.6973680290593639,0.09417734788764953,0.9756223516367559,0.761139701990353,0.7860643052769538,0.12811363267554587,0.45038593789556713,0.37079802423258124,0.9267649888486018,0.6438651200806645,0.82276161327083,0.44341419882733113,0.2272387217847769,0.5545847870158348,0.06381725610417532,57.0,21.5,0.0
58,0,72.6000000000002,44.59999999999995,0.0,11.478384319092136,89.26511292437867,75.85786437626905,2.84154390915129,20.027479597817603,53.73559506304413,20.58412089788031,53.52008434991394,11.952228972384832,1,0,0,0,0.8276311719925821,0.6316643991220648,0.7580877400853738,0.35452596812986836,0.9706980243949033,0.8931211213221977,0.7783834970737619,0.19463870785196757,0.4667210037270342,0.04380376578722878,0.15428949206754783,0.6830489532424546,0.7447621559078171,0.8276311719925821,0.6316643991220648,0.7580877400853738,0.35452596812986836,0.9706980243949033,0.8931211213221977,0.7783834970737619,0.19463870785196757,0.4667210037270342,0.04380376578722878,0.15428949206754783,0.6830489532424546,0.7447621559078171,0.7739560485559633,0.4388784397520523,0.8585979199113825,0.6973680290593639,0.09417734788764953,0.9756223516367559,0.761139701990353,0.7860643052769538,0.12811363267554587,0.45038593789556713,0.37079802423258124,0.9267649888486018,0.6438651200806645,0.82276161327083,0.44341419882733113,0.2272387217847769,0.5545847870158348,0.06381725610417532,0.7739560485559633,0.4388784397520523,0.8585979199113825,0.6973680290593639,0.09417734788764953,0.9756223516367559,0.761139701990353,0.7860643052769538,0.12811363267554587,0.45038593789556713,0.37079802423258124,0.9267649888486018,0.6438651200806645,0.82276161327083,0.44341419882733113,0.2272387217847769,0.5545847870158348,0.06381725610417532,58.0,21.0,0.0
59,0,71.6000000000002,46.59999999999995,0.0,10.745865327338484,88.69571225775798,80.0,2.5739348398811175,20.74665317227088,54.64414760241204,22.55644197973118,54.31775381386103,13.622844707191929,1,0,0,0,0.8276311719925821,0.6316643991220648,0.7580877400853738,0.35452596812986836,0.9706980243949033,0.8931211213221977,0.7783834970737619,0.19463870785196757,0.4667210037270342,0.04380376578722878,0.15428949206754783,0.6830489532424546,0.7447621559078171,0.8276311719925821,0.6316643991220648,0.7580877400853738,0.35452596812986836,0.9706980243949033,0.8931211213221977,0.7783834970737619,0.19463870785196757,0.4667210037270342,0.04380376578722878,0.15428949206754783,0.6830489532424546,0.7447621559078171,0.7739560485559633,0.4388784397520523,0.8585979199113825,0.6973680290593639,0.09417734788764953,0.9756223516367559,0.761139701990353,0.7860643052769538,0.12811363267554587,0.45038593789556713,0.37079802423258124,0.9267649888486018,0.6438651200806645,0.82276161327083,0.44341419882733113,0.2272387217847769,0.5545847870158348,0.06381725610417532,0.7739560485559633,0.4388784397520523,0.8585979199113825,0.6973680290593639,0.09417734788764953,0.9756223516367559,0.761139701990353,0.7860643052769538,0.12811363267554587,0.45038593789556713,0.37079802423258124,0.9267649888486018,0.6438651200806645,0.82276161327083,0.44341419882733113,0.2272387217847769,0.5545847870158348,0.06381725610417532,59.0,20.5,0.0
60,0,71.5000000000002,46.69999999999995,0.0,10.060093687682746,88.31851876365376,65.85786437626905,2.331528483025492,21.46771219683033,55.53671797291996,16.52797640912426,55.18405077199907,7.616600741965685,1,0,0,0,0.8276311719925821,0.6316643991220648,0.7580877400853738,0.35452596812986836,0.9706980243949033,0.8931211213221977,0.7783834970737619,0.19463870785196757,0.4667210037270342,0.04380376578722878,0.15428949206754783,0.6830489532424546,0.7447621559078171,0.8276311719925821,0.6316643991220648,0.7580877400853738,0.35452596812986836,0.9706980243949033,0.8931211213221977,0.7783834970737619,0.19463870785196757,0.4667210037270342,0.04380376578722878,0.15428949206754783,0.6830489532424546,0.7447621559078171,0.7739560485559633,0.4388784397520523,0.8585979199113825,0.6973680290593639,0.09417734788764953,0.9756223516367559,0.761139701990353,0.7860643052769538,0.12811363267554587,0.45038593789556713,0.37079802423258124,0.9267649888486018,0.6438651200806645,0.82276161327083,0.44341419882733113,0.2272387217847769,0.5545847870158348,0.06381725610417532,0.7739560485559633,0.4388784397520523,0.8585979199113825,0.6973680290593639,0.09417734788764953,0.9756223516367559,0.761139701990353,0.7860643052769538,0.12811363267554587,0.45038593789556713,0.37079802423258124,0.9267649888486018,0.6438651200806645,0.82276161327083,0.44341419882733113,0.2272387217847769,0.5545847870158348,0.06381725610417532,60.0,20.0,0.0
61,0,70.5000000000002,48.69999999999995,0.0,9.418086112383898,88.11062780846896,65.85786437626905,2.1119513139696364,21.837367042434156,56.15794375595127,16.687791924716,55.08392996602252,7.5556777106321515,1,0,0,0,0.8276311719925821,0.6316643991220648,0.7580877400853738,0.35452596812986836,0.9706980243949033,0.8931211213221977,0.7783834970737619,0.19463870785196757,0.4667210037270342,0.04380376578722878,0.15428949206754783,0.6830489532424546,0.7447621559078171,0.8276311719925821,0.6316643991220648,0.7580877400853738,0.35452596812986836,0.9706980243949033,0.8931211213221977,0.7783834970737619,0.19463870785196757,0.4667210037270342,0.04380376578722878,0.15428949206754783,0.6830489532424546,0.7447621559078171,0.7739560485559633,0.4388784397520523,0.8585979199113825,0.6973680290593639,0.09417734788764953,0.9756223516367559,0.761139701990353,0.7860643052769538,0.12811363267554587,0.45038593789556713,0.37079802423258124,0.9267649888486018,0.6438651200806645,0.82276161327083,0.44341419882733113,0.2272387217847769,0.5545847870158348,0.06381725610417532,0.7739560485559633,0.4388784397520523,0.8585979199113825,0.6973680290593639,0.09417734788764953,0.9756223516367559,0.761139701990353,0.7860643052769538,0.12811363267554587,0.45038593789556713,0.37079802423258124,0.9267649888486018,0.6438651200806645,0.82276161327083,0.44341419882733113,0.2272387217847769,0.5545847870158348,0.06381725610417532,61.0,19.5,0.0
62,0,69.5000000000002,50.69999999999995,0.0,8.817049698938717,87.93396236529836,75.85786437626905,1.9130533403521395,22.5328290589887,57.021544513574,21.223382960247267,56.02668737036008,11.699682774036392,1,0,0,0,0.8276311719925821,0.6316643991220648,0.7580877400853738,0.35452596812986836,0.9706980243949033,0.8931211213221977,0.7783834970737619,0.19463870785196757,0.4667210037270342,0.04380376578722878,0.15428949206754783,0.6830489532424546,0.7447621559078171,0.8276311719925821,0.6316643991220648,0.7580877400853738,0.35452596812986836,0.9706980243949033,0.8931211213221977,0.7783834970737619,0.19463870785196757,0.4667210037270342,0.04380376578722878,0.15428949206754783,0.6830489532424546,0.7447621559078171,0.7739560485559633,0.4388784397520523,0.8585979199113825,0.6973680290593639,0.09417734788764953,0.9756223516367559,0.761139701990353,0.7860643052769538,0.12811363267554587,0.45038593789556713,0.37079802423258124,0.9267649888486018,0.6438651200806645,0.82276161327083,0.44341419882733113,0.2272387217847769,0.5545847870158348,0.06381725610417532,0.7739560485559633,0.4388784397520523,0.8585979199113825,0.6973680290593639,0.09417734788764953,0.9756223516367559,0.761139701990353,0.7860643052769538,0.12811363267554587,0.45038593789556713,0.37079802423258124,0.9267649888486018,0.6438651200806645,0.82276161327083,0.44341419882733113,0.2272387217847769,0.5545847870158348,0.06381725610417532,62.0,19.0,0.0
63,0,68.5000000000002,52.69999999999995,0.0,8.254369780218303,87.90890330942723,85.85786437626905,1.732887050390166,23.25215156734102,57.87203180170472,25.75897399577853,57.02377636893797,15.847327660426949,1,0,0,0,0.8276311719925821,0.6316643991220648,0.7580877400853738,0.35452596812986836,0.9706980243949033,0.8931211213221977,0.7783834970737619,0.19463870785196757,0.4667210037270342,0.04380376578722878,0.15428949206754783,0.6830489532424546,0.7447621559078171,0.8276311719925821,0.6316643991220648,0.7580877400853738,0.35452596812986836,0.9706980243949033,0.8931211213221977,0.7783834970737619,0.19463870785196757,0.4667210037270342,0.04380376578722878,0.15428949206754783,0.6830489532424546,0.7447621559078171,0.7739560485559633,0.4388784397520523,0.8585979199113825,0.6973680290593639,0.09417734788764953,0.9756223516367559,0.761139701990353,0.7860643052769538,0.12811363267554587,0.45038593789556713,0.37079802423258124,0.9267649888486018,0.6438651200806645,0.82276161327083,0.44341419882733113,0.2272387217847769,0.5545847870158348,0.06381725610417532,0.7739560485559633,0.4388784397520523,0.8585979199113825,0.6973680290593639,0.09417734788764953,0.9756223516367559,0.761139701990353,0.7860643052769538,0.12811363267554587,0.45038593789556713,0.37079802423258124,0.9267649888486018,0.6438651200806645,0.82276161327083,0.44341419882733113,0.2272387217847769,0.5545847870158348,0.06381725610417532,63.0,18.5,0.0
64,0,68.4000000000002,52.799999999999955,41.04652547565608,7.727598549975546,88.02556534074861,100.0,71.30649124973195,23.97322149907623,58.71024248598442,48.632686305588585,58.07166152918567,40.540289491005765,1,0,0,0,0.8276311719925821,0.6316643991220648,0.7580877400853738,0.35452596812986836,0.9706980243949033,0.8931211213221977,0.7783834970737619,0.19463870785196757,0.4667210037270342,0.04380376578722878,0.15428949206754783,0.6830489532424546,0.7447621559078171,0.8276311719925821,0.6316643991220648,0.7580877400853738,0.35452596812986836,0.9706980243949033,0.8931211213221977,0.7783834970737619,0.19463870785196757,0.4667210037270342,0.04380376578722878,0.15428949206754783,0.6830489532424546,0.7447621559078171,0.7739560485559633,0.4388784397520523,0.8585979199113825,0.6973680290593639,0.09417734788764953,0.9756223516367559,0.761139701990353,0.7860643052769538,0.12811363267554587,0.45038593789556713,0.37079802423258124,0.9267649888486018,0.6438651200806645,0.82276161327083,0.44341419882733113,0.2272387217847769,0.5545847870158348,0.06381725610417532,0.7739560485559633,0.4388784397520523,0.8585979199113825,0.6973680290593639,0.09417734788764953,0.9756223516367559,0.761139701990353,0.7860643052769538,0.12811363267554587,0.45038593789556713,0.37079802423258124,0.9267649888486018,0.6438651200806645,0.82276161327083,0.44341419882733113,0.2272387217847769,0.5545847870158348,0.06381725610417532,44.0,18.0,0.0
65,0,68.30000000000021,52.899999999999956,100.0,7.234444414241503,86.53302869029997,100.0,100.0,20.79753649911994,51.815642149427894,72.5275793545915,57.57522109915277,67.49773494312038,0,1,0,0,0.8276311719925821,0.6316643991220648,0.7580877400853738,0.35452596812986836,0.9706980243949033,0.8931211213221977,0.7783834970737619,0.19463870785196757,0.4667210037270342,0.04380376578722878,0.15428949206754783,0.6830489532424546,0.7447621559078171,0.8276311719925821,0.6316643991220648,0.7580877400853738,0.35452596812986836,0.9706980243949033,0.8931211213221977,0.7783834970737619,0.19463870785196757,0.4667210037270342,0.04380376578722878,0.15428949206754783,0.6830489532424546,0.7447621559078171,0.7739560485559633,0.4388784397520523,0.8585979199113825,0.6973680290593639,0.09417734788764953,0.9756223516367559,0.761139701990353,0.7860643052769538,0.12811363267554587,0.45038593789556713,0.37079802423258124,0.9267649888486018,0.6438651200806645,0.82276161327083,0.44341419882733113,0.2272387217847769,0.5545847870158348,0.06381725610417532,0.7739560485559633,0.4388784397520523,0.8585979199113825,0.6973680290593639,0.09417734788764953,0.9756223516367559,0.761139701990353,0.7860643052769538,0.12811363267554587,0.45038593789556713,0.37079802423258124,0.9267649888486018,0.6438651200806645,0.82276161327083,0.44341419882733113,0.2272387217847769,0.5545847870158348,0.06381725610417532,45.0,18.5,0.0
66,0,68.20000000000022,52.99999999999996,100.0,6.772762022286432,84.13427046387665,100.0,100.0,20.6807716594735,52.375217648527205,72.36776383899976,56.7892658296055,67.45392379211002,0,1,0,0,0.8276311719925821,0.6316643991220648,0.7580877400853738,0.35452596812986836,0.9706980243949033,0.8931211213221977,0.7783834970737619,0.19463870785196757,0.4667210037270342,0.04380376578722878,0.15428949206754783,0.6830489532424546,0.7447621559078171,0.8276311719925821,0.6316643991220648,0.7580877400853738,0.35452596812986836,0.9706980243949033,0.8931211213221977,0.7783834970737619,0.19463870785196757,0.4667210037270342,0.04380376578722878,0.15428949206754783,0.6830489532424546,0.7447621559078171,0.7739560485559633,0.4388784397520523,0.8585979199113825,0.6973680290593639,0.09417734788764953,0.9756223516367559,0.761139701990353,0.7860643052769538,0.12811363267554587,0.45038593789556713,0.37079802423258124,0.9267649888486018,0.6438651200806645,0.82276161327083,0.44341419882733113,0.2272387217847769,0.5545847870158348,0.06381725610417532,0.7739560485559633,0.4388784397520523,0.8585979199113825,0.6973680290593639,0.09417734788764953,0.9756223516367559,0.761139701990353,0.7860643052769538,0.12811363267554587,0.45038593789556713,0.37079802423258124,0.9267649888486018,0.6438651200806645,0.82276161327083,0.44341419882733113,0.2272387217847769,0.5545847870158348,0.06381725610417532,46.0,19.0,0.0
67,0,68.10000000000022,53.09999999999996,100.0,6.340542933777547,82.07992242339924,100.0,100.0,20.78802687187859,52.92472011739662,72.20794832340802,56.118941018316185,67.41290854854388,0,1,0,0,0.8276311719925821,0.6316643991220648,0.7580877400853738,0.35452596812986836,0.9706980243949033,0.8931211213221977,0.7783834970737619,0.19463870785196757,0.4667210037270342,0.04380376578722878,0.15428949206754783,0.6830489532424546,0.7447621559078171,0.8276311719925821,0.6316643991220648,0.7580877400853738,0.35452596812986836,0.9706980243949033,0.8931211213221977,0.7783834970737619,0.19463870785196757,0.4667210037270342,0.04380376578722878,0.15428949206754783,0.6830489532424546,0.7447621559078171,0.7739560485559633,0.4388784397520523,0.8585979199113825,0.6973680290593639,0.09417734788764953,0.9756223516367559,0.761139701990353,0.7860643052769538,0.12811363267554587,0.45038593789556713,0.37079802423258124,0.9267649888486018,0.6438651200806645,0.82276161327083,0.44341419882733113,0.2272387217847769,0.5545847870158348,0.06381725610417532,0.7739560485559633,0.4388784397520523,0.8585979199113825,0.6973680290593639,0.09417734788764953,0.9756223516367559,0.761139701990353,0.7860643052769538,0.12811363267554587,0.45038593789556713,0.37079802423258124,0.9267649888486018,0.6438651200806645,0.82276161327083,0.44341419882733113,0.2272387217847769,0.5545847870158348,0.06381725610417532,47.0,19.5,0.0
68,0,68.00000000000023,53.19999999999996,100.0,5.935906881533146,80.37992875795386,100.0,100.0,20.911688195293802,53.464792389186066,72.04813280781627,55.56721607615697,67.3745107852806,0,1,0,0,0.8276311719925821,0.6316643991220648,0.7580877400853738,0.35452596812986836,0.9706980243949033,0.8931211213221977,0.7783834970737619,0.19463870785196757,0.4667210037270342,0.04380376578722878,0.15428949206754783,0.6830489532424546,0.7447621559078171,0.8276311719925821,0.6316643991220648,0.7580877400853738,0.35452596812986836,0.9706980243949033,0.8931211213221977,0.7783834970737619,0.19463870785196757,0.4667210037270342,0.04380376578722878,0.15428949206754783,0.6830489532424546,0.7447621559078171,0.7739560485559633,0.4388784397520523,0.8585979199113825,0.6973680290593639,0.09417734788764953,0.9756223516367559,0.761139701990353,0.7860643052769538,0.12811363267554587,0.45038593789556713,0.37079802423258124,0.9267649888486018,0.6438651200806645,0.82276161327083,0.44341419882733113,0.2272387217847769,0.5545847870158348,0.06381725610417532,0.7739560485559633,0.4388784397520523,0.8585979199113825,0.6973680290593639,0.09417734788764953,0.9756223516367559,0.761139701990353,0.7860643052769538,0.12811363267554587,0.45038593789556713,0.37079802423258124,0.9267649888486018,0.6438651200806645,0.82276161327083,0.44341419882733113,0.2272387217847769,0.5545847870158348,0.06381725610417532,48.0,20.0,0.0
69,0,67.90000000000023,53.29999999999996,100.0,5.557093591863809,78.97117840787078,100.0,100.0,21.036551020431794,53.996036273197724,71.88831729222453,55.11339434393709,67.33856346190932,0,1,0,0,0.8276311719925821,0.6316643991220648,0.7580877400853738,0.35452596812986836,0.9706980243949033,0.8931211213221977,0.7783834970737619,0.19463870785196757,0.4667210037270342,0.04380376578722878,0.15428949206754783,0.6830489532424546,0.7447621559078171,0.8276311719925821,0.6316643991220648,0.7580877400853738,0.35452596812986836,0.9706980243949033,0.8931211213221977,0.7783834970737619,0.19463870785196757,0.4667210037270342,0.04380376578722878,0.15428949206754783,0.6830489532424546,0.7447621559078171,0.7739560485559633,0.4388784397520523,0.8585979199113825,0.6973680290593639,0.09417734788764953,0.9756223516367559,0.761139701990353,0.7860643052769538,0.12811363267554587,0.45038593789556713,0.37079802423258124,0.9267649888486018,0.6438651200806645,0.82276161327083,0.44341419882733113,0.2272387217847769,0.5545847870158348,0.06381725610417532,0.7739560485559633,0.4388784397520523,0.8585979199113825,0.6973680290593639,0.09417734788764953,0.9756223516367559,0.761139701990353,0.7860643052769538,0.12811363267554587,0.45038593789556713,0.37079802423258124,0.9267649888486018,0.6438651200806645,0.82276161327083,0.44341419882733113,0.2272387217847769,0.5545847870158348,0.06381725610417532,49.0,20.5,0.0
70,0,67.80000000000024,53.39999999999996,100.0,5.2024551269169645,77.79901794478778,100.0,100.0,21.161501837561865,54.51901517291538,71.7285017766328,54.739536056230776,67.30491019807987,0,1,0,0,0.8276311719925821,0.6316643991220648,0.7580877400853738,0.35452596812986836,0.9706980243949033,0.8931211213221977,0.7783834970737619,0.19463870785196757,0.4667210037270342,0.04380376578722878,0.15428949206754783,0.6830489532424546,0.7447621559078171,0.8276311719925821,0.6316643991220648,0.7580877400853738,0.35452596812986836,0.9706980243949033,0.8931211213221977,0.7783834970737619,0.19463870785196757,0.4667210037270342,0.04380376578722878,0.15428949206754783,0.6830489532424546,0.7447621559078171,0.7739560485559633,0.4388784397520523,0.8585979199113825,0.6973680290593639,0.09417734788764953,0.9756223516367559,0.761139701990353,0.7860643052769538,0.12811363267554587,0.45038593789556713,0.37079802423258124,0.9267649888486018,0.6438651200806645,0.82276161327083,0.44341419882733113,0.2272387217847769,0.5545847870158348,0.06381725610417532,0.7739560485559633,0.4388784397520523,0.8585979199113825,0.6973680290593639,0.09417734788764953,0.9756223516367559,0.761139701990353,0.7860643052769538,0.12811363267554587,0.45038593789556713,0.37079802423258124,0.9267649888486018,0.6438651200806645,0.82276161327083,0.44341419882733113,0.2272387217847769,0.5545847870158348,0.06381725610417532,50.0,21.0,0.0
71,0,67.70000000000024,53.499999999999964,100.0,4.870448715712024,76.82012809792056,100.0,100.0,21.28645909878644,55.03425653695843,71.56868626104105,54.431389854623525,67.27340459320698,0,1,0,0,0.8276311719925821,0.6316643991220648,0.7580877400853738,0.35452596812986836,0.9706980243949033,0.8931211213221977,0.7783834970737619,0.19463870785196757,0.4667210037270342,0.04380376578722878,0.15428949206754783,0.6830489532424546,0.7447621559078171,0.8276311719925821,0.6316643991220648,0.7580877400853738,0.35452596812986836,0.9706980243949033,0.8931211213221977,0.7783834970737619,0.19463870785196757,0.4667210037270342,0.04380376578722878,0.15428949206754783,0.6830489532424546,0.7447621559078171,0.7739560485559633,0.4388784397520523,0.8585979199113825,0.6973680290593639,0.09417734788764953,0.9756223516367559,0.761139701990353,0.7860643052769538,0.12811363267554587,0.45038593789556713,0.37079802423258124,0.9267649888486018,0.6438651200806645,0.82276161327083,0.44341419882733113,0.2272387217847769,0.5545847870158348,0.06381725610417532,0.7739560485559633,0.4388784397520523,0.8585979199113825,0.6973680290593639,0.09417734788764953,0.9756223516367559,0.761139701990353,0.7860643052769538,0.12811363267554587,0.45038593789556713,0.37079802423258124,0.9267649888486018,0.6438651200806645,0.82276161327083,0.44341419882733113,0.2272387217847769,0.5545847870158348,0.06381725610417532,51.0,21.5,0.0
72,0,67.60000000000025,53.599999999999966,100.0,4.559630042679179,76.00034136494958,100.0,100.0,21.411416831944365,55.54225415362262,71.40887074544932,54.17768441614875,67.24390958958897,0,1,0,0,0.8276311719925821,0.6316643991220648,0.7580877400853738,0.35452596812986836,0.9706980243949033,0.8931211213221977,0.7783834970737619,0.19463870785196757,0.4667210037270342,0.04380376578722878,0.15428949206754783,0.6830489532424546,0.7447621559078171,0.8276311719925821,0.6316643991220648,0.7580877400853738,0.35452596812986836,0.9706980243949033,0.8931211213221977,0.7783834970737619,0.19463870785196757,0.4667210037270342,0.04380376578722878,0.15428949206754783,0.6830489532424546,0.7447621559078171,0.7739560485559633,0.4388784397520523,0.8585979199113825,0.6973680290593639,0.09417734788764953,0.9756223516367559,0.761139701990353,0.7860643052769538,0.12811363267554587,0.45038593789556713,0.37079802423258124,0.9267649888486018,0.6438651200806645,0.82276161327083,0.44341419882733113,0.2272387217847769,0.5545847870158348,0.06381725610417532,0.7739560485559633,0.4388784397520523,0.8585979199113825,0.6973680290593639,0.09417734788764953,0.9756223516367559,0.761139701990353,0.7860643052769538,0.12811363267554587,0.45038593789556713,0.37079802423258124,0.9267649888486018,0.6438651200806645,0.82276161327083,0.44341419882733113,0.2272387217847769,0.5545847870158348,0.06381725610417532,52.0,22.0,0.0
73,0,67.50000000000026,53.69999999999997,100.0,4.26864696450523,75.31263026230987,100.0,100.0,21.536374599664327,56.043470298989625,71.24905522985759,53.96947545573704,67.21629687617065,0,1,0,0,0.8276311719925821,0.6316643991220648,0.7580877400853738,0.35452596812986836,0.9706980243949033,0.8931211213221977,0.7783834970737619,0.19463870785196757,0.4667210037270342,0.04380376578722878,0.15428949206754783,0.6830489532424546,0.7447621559078171,0.8276311719925821,0.6316643991220648,0.7580877400853738,0.35452596812986836,0.9706980243949033,0.8931211213221977,0.7783834970737619,0.19463870785196757,0.4667210037270342,0.04380376578722878,0.15428949206754783,0.6830489532424546,0.7447621559078171,0.7739560485559633,0.4388784397520523,0.8585979199113825,0.6973680290593639,0.09417734788764953,0.9756223516367559,0.761139701990353,0.7860643052769538,0.12811363267554587,0.45038593789556713,0.37079802423258124,0.9267649888486018,0.6438651200806645,0.82276161327083,0.44341419882733113,0.2272387217847769,0.5545847870158348,0.06381725610417532,0.7739560485559633,0.4388784397520523,0.8585979199113825,0.6973680290593639,0.09417734788764953,0.9756223516367559,0.761139701990353,0.7860643052769538,0.12811363267554587,0.45038593789556713,0.37079802423258124,0.9267649888486018,0.6438651200806645,0.82276161327083,0.44341419882733113,0.2272387217847769,0.5545847870158348,0.06381725610417532,53.0,22.5,0.0
74,0,67.40000000000026,53.79999999999997,100.0,3.996233627953089,74.7355264059589,100.0,100.0,21.661332369915435,56.538337747949925,71.08923971426586,53.79963244502372,67.19044633035628,0,1,0,0,0.8276311719925821,0.6316643991220648,0.7580877400853738,0.35452596812986836,0.9706980243949033,0.8931211213221977,0.7783834970737619,0.19463870785196757,0.4667210037270342,0.04380376578722878,0.15428949206754783,0.6830489532424546,0.7447621559078171,0.8276311719925821,0.6316643991220648,0.7580877400853738,0.35452596812986836,0.9706980243949033,0.8931211213221977,0.7783834970737619,0.19463870785196757,0.4667210037270342,0.04380376578722878,0.15428949206754783,0.6830489532424546,0.7447621559078171,0.7739560485559633,0.4388784397520523,0.8585979199113825,0.6973680290593639,0.09417734788764953,0.9756223516367559,0.761139701990353,0.7860643052769538,0.12811363267554587,0.45038593789556713,0.37079802423258124,0.9267649888486018,0.6438651200806645,0.82276161327083,0.44341419882733113,0.2272387217847769,0.5545847870158348,0.06381725610417532,0.7739560485559633,0.4388784397520523,0.8585979199113825,0.6973680290593639,0.09417734788764953,0.9756223516367559,0.761139701990353,0.7860643052769538,0.12811363267554587,0.45038593789556713,0.37079802423258124,0.9267649888486018,0.6438651200806645,0.82276161327083,0.44341419882733113,0.2272387217847769,0.5545847870158348,0.06381725610417532,54.0,23.0,0.0
75,0,67.30000000000027,53.89999999999997,100.0,3.741204963065889,74.25189457531408,100.0,100.0,21.786290140351912,57.02726165688807,70.9294241986741,53.66244045666267,67.16624549544457,0,1,0,0,0.8276311719925821,0.6316643991220648,0.7580877400853738,0.35452596812986836,0.9706980243949033,0.8931211213221977,0.7783834970737619,0.19463870785196757,0.4667210037270342,0.04380376578722878,0.15428949206754783,0.6830489532424546,0.7447621559078171,0.8276311719925821,0.6316643991220648,0.7580877400853738,0.35452596812986836,0.9706980243949033,0.8931211213221977,0.7783834970737619,0.19463870785196757,0.4667210037270342,0.04380376578722878,0.15428949206754783,0.6830489532424546,0.7447621559078171,0.7739560485559633,0.4388784397520523,0.8585979199113825,0.6973680290593639,0.09417734788764953,0.9756223516367559,0.761139701990353,0.7860643052769538,0.12811363267554587,0.45038593789556713,0.37079802423258124,0.9267649888486018,0.6438651200806645,0.82276161327083,0.44341419882733113,0.2272387217847769,0.5545847870158348,0.06381725610417532,0.7739560485559633,0.4388784397520523,0.8585979199113825,0.6973680290593639,0.09417734788764953,0.9756223516367559,0.761139701990353,0.7860643052769538,0.12811363267554587,0.45038593789556713,0.37079802423258124,0.9267649888486018,0.6438651200806645,0.82276161327083,0.44341419882733113,0.2272387217847769,0.5545847870158348,0.06381725610417532,55.0,23.5,0.0
76,0,67.20000000000027,53.99999999999997,100.0,3.5024515277997015,73.84798285861712,100.0,100.0,21.911247910801965,57.510621326219805,70.76960868308237,53.55329155335997,67.14358909141235,0,1,0,0,0.8276311719925821,0.6316643991220648,0.7580877400853738,0.35452596812986836,0.9706980243949033,0.8931211213221977,0.7783834970737619,0.19463870785196757,0.4667210037270342,0.04380376578722878,0.15428949206754783,0.6830489532424546,0.7447621559078171,0.8276311719925821,0.6316643991220648,0.7580877400853738,0.35452596812986836,0.9706980243949033,0.8931211213221977,0.7783834970737619,0.19463870785196757,0.4667210037270342,0.04380376578722878,0.15428949206754783,0.6830489532424546,0.7447621559078171,0.7739560485559633,0.4388784397520523,0.8585979199113825,0.6973680290593639,0.09417734788764953,0.9756223516367559,0.761139701990353,0.7860643052769538,0.12811363267554587,0.45038593789556713,0.37079802423258124,0.9267649888486018,0.6438651200806645,0.82276161327083,0.44341419882733113,0.2272387217847769,0.5545847870158348,0.06381725610417532,0.7739560485559633,0.4388784397520523,0.8585979199113825,0.6973680290593639,0.09417734788764953,0.9756223516367559,0.761139701990353,0.7860643052769538,0.12811363267554587,0.45038593789556713,0.37079802423258124,0.9267649888486018,0.6438651200806645,0.82276161327083,0.44341419882733113,0.2272387217847769,0.5545847870158348,0.06381725610417532,56.0,24.0,0.0
77,0,67.10000000000028,54.09999999999997,100.0,3.2789346816576477,73.51268641207226,100.0,100.0,22.03620568125302,57.988771850449105,70.60979316749064,53.468445468480226,67.12237855691868,0,1,0,0,0.8276311719925821,0.6316643991220648,0.7580877400853738,0.35452596812986836,0.9706980243949033,0.8931211213221977,0.7783834970737619,0.19463870785196757,0.4667210037270342,0.04380376578722878,0.15428949206754783,0.6830489532424546,0.7447621559078171,0.8276311719925821,0.6316643991220648,0.7580877400853738,0.35452596812986836,0.9706980243949033,0.8931211213221977,0.7783834970737619,0.19463870785196757,0.4667210037270342,0.04380376578722878,0.15428949206754783,0.6830489532424546,0.7447621559078171,0.7739560485559633,0.4388784397520523,0.8585979199113825,0.6973680290593639,0.09417734788764953,0.9756223516367559,0.761139701990353,0.7860643052769538,0.12811363267554587,0.45038593789556713,0.37079802423258124,0.9267649888486018,0.6438651200806645,0.82276161327083,0.44341419882733113,0.2272387217847769,0.5545847870158348,0.06381725610417532,0.7739560485559633,0.4388784397520523,0.8585979199113825,0.6973680290593639,0.09417734788764953,0.9756223516367559,0.761139701990353,0.7860643052769538,0.12811363267554587,0.45038593789556713,0.37079802423258124,0.9267649888486018,0.6438651200806645,0.82276161327083,0.44341419882733113,0.2272387217847769,0.5545847870158348,0.06381725610417532,57.0,24.5,0.0
78,0,67.00000000000028,54.199999999999974,100.0,3.069682067329439,73.23697644175174,100.0,100.0,22.161163451704148,58.462045662923096,70.44997765189888,53.40484388849338,67.10252162053686,0,1,0,0,0.8276311719925821,0.6316643991220648,0.7580877400853738,0.35452596812986836,0.9706980243949033,0.8931211213221977,0.7783834970737619,0.19463870785196757,0.4667210037270342,0.04380376578722878,0.15428949206754783,0.6830489532424546,0.7447621559078171,0.8276311719925821,0.6316643991220648,0.7580877400853738,0.35452596812986836,0.9706980243949033,0.8931211213221977,0.7783834970737619,0.19463870785196757,0.4667210037270342,0.04380376578722878,0.15428949206754783,0.6830489532424546,0.7447621559078171,0.7739560485559633,0.4388784397520523,0.8585979199113825,0.6973680290593639,0.09417734788764953,0.9756223516367559,0.761139701990353,0.7860643052769538,0.12811363267554587,0.45038593789556713,0.37079802423258124,0.9267649888486018,0.6438651200806645,0.82276161327083,0.44341419882733113,0.2272387217847769,0.5545847870158348,0.06381725610417532,0.7739560485559633,0.4388784397520523,0.8585979199113825,0.6973680290593639,0.09417734788764953,0.9756223516367559,0.761139701990353,0.7860643052769538,0.12811363267554587,0.45038593789556713,0.37079802423258124,0.9267649888486018,0.6438651200806645,0.82276161327083,0.44341419882733113,0.2272387217847769,0.5545847870158348,0.06381725610417532,58.0,25.0,0.0
79,0,66.90000000000029,54.299999999999976,100.0,2.873783380680282,73.01345699656238,100.0,100.0,22.286121222155277,58.930753982004774,70.29016213630713,53.359966206865934,67.0839318993496,0,1,0,0,0.8276311719925821,0.6316643991220648,0.7580877400853738,0.35452596812986836,0.9706980243949033,0.8931211213221977,0.7783834970737619,0.19463870785196757,0.4667210037270342,0.04380376578722878,0.15428949206754783,0.6830489532424546,0.7447621559078171,0.8276311719925821,0.6316643991220648,0.7580877400853738,0.35452596812986836,0.9706980243949033,0.8931211213221977,0.7783834970737619,0.19463870785196757,0.4667210037270342,0.04380376578722878,0.15428949206754783,0.6830489532424546,0.7447621559078171,0.7739560485559633,0.4388784397520523,0.8585979199113825,0.6973680290593639,0.09417734788764953,0.9756223516367559,0.761139701990353,0.7860643052769538,0.12811363267554587,0.45038593789556713,0.37079802423258124,0.9267649888486018,0.6438651200806645,0.82276161327083,0.44341419882733113,0.2272387217847769,0.5545847870158348,0.06381725610417532,0.7739560485559633,0.4388784397520523,0.8585979199113825,0.6973680290593639,0.09417734788764953,0.9756223516367559,0.761139701990353,0.7860643052769538,0.12811363267554587,0.45038593789556713,0.37079802423258124,0.9267649888486018,0.6438651200806645,0.82276161327083,0.44341419882733113,0.2272387217847769,0.5545847870158348,0.06381725610417532,59.0,25.5,0.0
80,0,66.8000000000003,54.39999999999998,100.0,2.6903864106874855,72.83602065290569,100.0,100.0,22.4110789926064,59.39518816495522,70.1303466207154,53.33171737212883,67.06652852316022,0,1,0,0,0.8276311719925821,0.6316643991220648,0.7580877400853738,0.35452596812986836,0.9706980243949033,0.8931211213221977,0.7783834970737619,0.19463870785196757,0.4667210037270342,0.04380376578722878,0.15428949206754783,0.6830489532424546,0.7447621559078171,0.8276311719925821,0.6316643991220648,0.7580877400853738,0.35452596812986836,0.9706980243949033,0.8931211213221977,0.7783834970737619,0.19463870785196757,0.4667210037270342,0.04380376578722878,0.15428949206754783,0.6830489532424546,0.7447621559078171,0.7739560485559633,0.4388784397520523,0.8585979199113825,0.6973680290593639,0.09417734788764953,0.9756223516367559,0.761139701990353,0.7860643052769538,0.12811363267554587,0.45038593789556713,0.37079802423258124,0.9267649888486018,0.6438651200806645,0.82276161327083,0.44341419882733113,0.2272387217847769,0.5545847870158348,0.06381725610417532,0.7739560485559633,0.4388784397520523,0.8585979199113825,0.6973680290593639,0.09417734788764953,0.9756223516367559,0.761139701990353,0.7860643052769538,0.12811363267554587,0.45038593789556713,0.37079802423258124,0.9267649888486018,0.6438651200806645,0.82276161327083,0.44341419882733113,0.2272387217847769,0.5545847870158348,0.06381725610417532,60.0,26.0,0.0
81,0,66.7000000000003,54.49999999999998,100.0,2.5186933320974494,72.69958073529415,100.0,100.0,22.536036763057528,59.85562097541453,69.97053110512367,53.31834058074211,67.05023578268622,0,1,0,0,0.8276311719925821,0.6316643991220648,0.7580877400853738,0.35452596812986836,0.9706980243949033,0.8931211213221977,0.7783834970737619,0.19463870785196757,0.4667210037270342,0.04380376578722878,0.15428949206754783,0.6830489532424546,0.7447621559078171,0.8276311719925821,0.6316643991220648,0.7580877400853738,0.35452596812986836,0.9706980243949033,0.8931211213221977,0.7783834970737619,0.19463870785196757,0.4667210037270342,0.04380376578722878,0.15428949206754783,0.6830489532424546,0.7447621559078171,0.7739560485559633,0.4388784397520523,0.8585979199113825,0.6973680290593639,0.09417734788764953,0.9756223516367559,0.761139701990353,0.7860643052769538,0.12811363267554587,0.45038593789556713,0.37079802423258124,0.9267649888486018,0.6438651200806645,0.82276161327083,0.44341419882733113,0.2272387217847769,0.5545847870158348,0.06381725610417532,0.7739560485559633,0.4388784397520523,0.8585979199113825,0.6973680290593639,0.09417734788764953,0.9756223516367559,0.761139701990353,0.7860643052769538,0.12811363267554587,0.45038593789556713,0.37079802423258124,0.9267649888486018,0.6438651200806645,0.82276161327083,0.44341419882733113,0.2272387217847769,0.5545847870158348,0.06381725610417532,61.0,26.5,0.0
82,0,66.6000000000003,54.59999999999998,100.0,2.3579572346751076,72.5998627898523,100.0,100.0,22.660994533508653,60.312307769995755,69.81071558953194,53.31834920992932,67.03498280020368,0,1,0,0,0.8276311719925821,0.6316643991220648,0.7580877400853738,0.35452596812986836,0.9706980243949033,0.8931211213221977,0.7783834970737619,0.19463870785196757,0.4667210037270342,0.04380376578722878,0.15428949206754783,0.6830489532424546,0.7447621559078171,0.8276311719925821,0.6316643991220648,0.7580877400853738,0.35452596812986836,0.9706980243949033,0.8931211213221977,0.7783834970737619,0.19463870785196757,0.4667210037270342,0.04380376578722878,0.15428949206754783,0.6830489532424546,0.7447621559078171,0.7739560485559633,0.4388784397520523,0.8585979199113825,0.6973680290593639,0.09417734788764953,0.9756223516367559,0.761139701990353,0.7860643052769538,0.12811363267554587,0.45038593789556713,0.37079802423258124,0.9267649888486018,0.6438651200806645,0.82276161327083,0.44341419882733113,0.2272387217847769,0.5545847870158348,0.06381725610417532,0.7739560485559633,0.4388784397520523,0.8585979199113825,0.6973680290593639,0.09417734788764953,0.9756223516367559,0.761139701990353,0.7860643052769538,0.12811363267554587,0.45038593789556713,0.37079802423258124,0.9267649888486018,0.6438651200806645,0.82276161327083,0.44341419882733113,0.2272387217847769,0.5545847870158348,0.06381725610417532,62.0,27.0,0.0
83,0,66.50000000000031,54.69999999999998,100.0,2.2074788739471534,72.53324194806603,100.0,100.0,22.785952303959785,60.76548760915353,69.65090007394019,53.33047365668002,67.02070322121058,0,1,0,0,0.8276311719925821,0.6316643991220648,0.7580877400853738,0.35452596812986836,0.9706980243949033,0.8931211213221977,0.7783834970737619,0.19463870785196757,0.4667210037270342,0.04380376578722878,0.15428949206754783,0.6830489532424546,0.7447621559078171,0.8276311719925821,0.6316643991220648,0.7580877400853738,0.35452596812986836,0.9706980243949033,0.8931211213221977,0.7783834970737619,0.19463870785196757,0.4667210037270342,0.04380376578722878,0.15428949206754783,0.6830489532424546,0.7447621559078171,0.7739560485559633,0.4388784397520523,0.8585979199113825,0.6973680290593639,0.09417734788764953,0.9756223516367559,0.761139701990353,0.7860643052769538,0.12811363267554587,0.45038593789556713,0.37079802423258124,0.9267649888486018,0.6438651200806645,0.82276161327083,0.44341419882733113,0.2272387217847769,0.5545847870158348,0.06381725610417532,0.7739560485559633,0.4388784397520523,0.8585979199113825,0.6973680290593639,0.09417734788764953,0.9756223516367559,0.761139701990353,0.7860643052769538,0.12811363267554587,0.45038593789556713,0.37079802423258124,0.9267649888486018,0.6438651200806645,0.82276161327083,0.44341419882733113,0.2272387217847769,0.5545847870158348,0.06381725610417532,63.0,27.5,0.0
84,0,66.40000000000032,54.79999999999998,100.0,2.0666036293039114,72.49661584814879,100.0,100.0,22.91091007441091,61.215384297160305,69.49108455834846,53.3536197314838,67.00733492576714,0,1,0,0,0.8276311719925821,0.6316643991220648,0.7580877400853738,0.35452596812986836,0.9706980243949033,0.8931211213221977,0.7783834970737619,0.19463870785196757,0.4667210037270342,0.04380376578722878,0.15428949206754783,0.6830489532424546,0.7447621559078171,0.8276311719925821,0.6316643991220648,0.7580877400853738,0.35452596812986836,0.9706980243949033,0.8931211213221977,0.7783834970737619,0.19463870785196757,0.4667210037270342,0.04380376578722878,0.15428949206754783,0.6830489532424546,0.7447621559078171,0.7739560485559633,0.4388784397520523,0.8585979199113825,0.6973680290593639,0.09417734788764953,0.9756223516367559,0.761139701990353,0.7860643052769538,0.12811363267554587,0.45038593789556713,0.37079802423258124,0.9267649888486018,0.6438651200806645,0.82276161327083,0.44341419882733113,0.2272387217847769,0.5545847870158348,0.06381725610417532,0.7739560485559633,0.4388784397520523,0.8585979199113825,0.6973680290593639,0.09417734788764953,0.9756223516367559,0.761139701990353,0.7860643052769538,0.12811363267554587,0.45038593789556713,0.37079802423258124,0.9267649888486018,0.6438651200806645,0.82276161327083,0.44341419882733113,0.2272387217847769,0.5545847870158348,0.06381725610417532,64.0,28.0,0.0
85,0,66.30000000000032,54.899999999999984,100.0,1.9347186562268055,72.48730512327825,100.0,100.0,23.035867844862043,61.66220735571387,69.33126904275672,53.38683601465023,66.99481975825769,0,1,0,0,0.8276311719925821,0.6316643991220648,0.7580877400853738,0.35452596812986836,0.9706980243949033,0.8931211213221977,0.7783834970737619,0.19463870785196757,0.4667210037270342,0.04380376578722878,0.15428949206754783,0.6830489532424546,0.7447621559078171,0.8276311719925821,0.6316643991220648,0.7580877400853738,0.35452596812986836,0.9706980243949033,0.8931211213221977,0.7783834970737619,0.19463870785196757,0.4667210037270342,0.04380376578722878,0.15428949206754783,0.6830489532424546,0.7447621559078171,0.7739560485559633,0.4388784397520523,0.8585979199113825,0.6973680290593639,0.09417734788764953,0.9756223516367559,0.761139701990353,0.7860643052769538,0.12811363267554587,0.45038593789556713,0.37079802423258124,0.9267649888486018,0.6438651200806645,0.82276161327083,0.44341419882733113,0.2272387217847769,0.5545847870158348,0.06381725610417532,0.7739560485559633,0.4388784397520523,0.8585979199113825,0.6973680290593639,0.09417734788764953,0.9756223516367559,0.761139701990353,0.7860643052769538,0.12811363267554587,0.45038593789556713,0.37079802423258124,0.9267649888486018,0.6438651200806645,0.82276161327083,0.44341419882733113,0.2272387217847769,0.5545847870158348,0.06381725610417532,65.0,28.5,0.0
86,0,66.20000000000033,54.999999999999986,100.0,1.8112502202528535,72.50297527606358,100.0,100.0,23.160825615313172,62.10615293541223,69.17145352716497,53.429288169963826,66.98310327439837,0,1,0,0,0.8276311719925821,0.6316643991220648,0.7580877400853738,0.35452596812986836,0.9706980243949033,0.8931211213221977,0.7783834970737619,0.19463870785196757,0.4667210037270342,0.04380376578722878,0.15428949206754783,0.6830489532424546,0.7447621559078171,0.8276311719925821,0.6316643991220648,0.7580877400853738,0.35452596812986836,0.9706980243949033,0.8931211213221977,0.7783834970737619,0.19463870785196757,0.4667210037270342,0.04380376578722878,0.15428949206754783,0.6830489532424546,0.7447621559078171,0.7739560485559633,0.4388784397520523,0.8585979199113825,0.6973680290593639,0.09417734788764953,0.9756223516367559,0.761139701990353,0.7860643052769538,0.12811363267554587,0.45038593789556713,0.37079802423258124,0.9267649888486018,0.6438651200806645,0.82276161327083,0.44341419882733113,0.2272387217847769,0.5545847870158348,0.06381725610417532,0.7739560485559633,0.4388784397520523,0.8585979199113825,0.6973680290593639,0.09417734788764953,0.9756223516367559,0.761139701990353,0.7860643052769538,0.12811363267554587,0.45038593789556713,0.37079802423258124,0.9267649888486018,0.6438651200806645,0.82276161327083,0.44341419882733113,0.2272387217847769,0.5545847870158348,0.06381725610417532,66.0,29.0,0.0
87,0,66.10000000000034,55.09999999999999,100.0,1.6956612010782333,72.54157515774833,100.0,100.0,23.285783385764294,62.54740466906042,69.01163801157324,53.48023866409093,66.97213450439017,0,1,0,0,0.8276311719925821,0.6316643991220648,0.7580877400853738,0.35452596812986836,0.9706980243949033,0.8931211213221977,0.7783834970737619,0.19463870785196757,0.4667210037270342,0.04380376578722878,0.15428949206754783,0.6830489532424546,0.7447621559078171,0.8276311719925821,0.6316643991220648,0.7580877400853738,0.35452596812986836,0.9706980243949033,0.8931211213221977,0.7783834970737619,0.19463870785196757,0.4667210037270342,0.04380376578722878,0.15428949206754783,0.6830489532424546,0.7447621559078171,0.7739560485559633,0.4388784397520523,0.8585979199113825,0.6973680290593639,0.09417734788764953,0.9756223516367559,0.761139701990353,0.7860643052769538,0.12811363267554587,0.45038593789556713,0.37079802423258124,0.9267649888486018,0.6438651200806645,0.82276161327083,0.44341419882733113,0.2272387217847769,0.5545847870158348,0.06381725610417532,0.7739560485559633,0.4388784397520523,0.8585979199113825,0.6973680290593639,0.09417734788764953,0.9756223516367559,0.761139701990353,0.7860643052769538,0.12811363267554587,0.45038593789556713,0.37079802423258124,0.9267649888486018,0.6438651200806645,0.82276161327083,0.44341419882733113,0.2272387217847769,0.5545847870158348,0.06381725610417532,67.0,29.5,0.0
88,0,66.00000000000034,55.19999999999999,100.0,1.58744875594311,72.60128835219795,100.0,100.0,23.41074115621543,62.98613447052172,68.8518224959815,53.539030690858866,66.9618657311867,0,1,0,0,0.8276311719925821,0.6316643991220648,0.7580877400853738,0.35452596812986836,0.9706980243949033,0.8931211213221977,0.7783834970737619,0.19463870785196757,0.4667210037270342,0.04380376578722878,0.15428949206754783,0.6830489532424546,0.7447621559078171,0.8276311719925821,0.6316643991220648,0.7580877400853738,0.35452596812986836,0.9706980243949033,0.8931211213221977,0.7783834970737619,0.19463870785196757,0.4667210037270342,0.04380376578722878,0.15428949206754783,0.6830489532424546,0.7447621559078171,0.7739560485559633,0.4388784397520523,0.8585979199113825,0.6973680290593639,0.09417734788764953,0.9756223516367559,0.761139701990353,0.7860643052769538,0.12811363267554587,0.45038593789556713,0.37079802423258124,0.9267649888486018,0.6438651200806645,0.82276161327083,0.44341419882733113,0.2272387217847769,0.5545847870158348,0.06381725610417532,0.7739560485559633,0.4388784397520523,0.8585979199113825,0.6973680290593639,0.09417734788764953,0.9756223516367559,0.761139701990353,0.7860643052769538,0.12811363267554587,0.45038593789556713,0.37079802423258124,0.9267649888486018,0.6438651200806645,0.82276161327083,0.44341419882733113,0.2272387217847769,0.5545847870158348,0.06381725610417532,68.0,30.0,0.0
89,0,65.90000000000035,55.29999999999999,100.0,1.486142132132834,72.6804946008171,100.0,100.0,23.535698926666562,63.42250328258837,68.69200698038975,53.60507537065843,66.95225228291265,0,1,0,0,0.8276311719925821,0.6316643991220648,0.7580877400853738,0.35452596812986836,0.9706980243949033,0.8931211213221977,0.7783834970737619,0.19463870785196757,0.4667210037270342,0.04380376578722878,0.15428949206754783,0.6830489532424546,0.7447621559078171,0.8276311719925821,0.6316643991220648,0.7580877400853738,0.35452596812986836,0.9706980243949033,0.8931211213221977,0.7783834970737619,0.19463870785196757,0.4667210037270342,0.04380376578722878,0.15428949206754783,0.6830489532424546,0.7447621559078171,0.7739560485559633,0.4388784397520523,0.8585979199113825,0.6973680290593639,0.09417734788764953,0.9756223516367559,0.761139701990353,0.7860643052769538,0.12811363267554587,0.45038593789556713,0.37079802423258124,0.9267649888486018,0.6438651200806645,0.82276161327083,0.44341419882733113,0.2272387217847769,0.5545847870158348,0.06381725610417532,0.7739560485559633,0.4388784397520523,0.8585979199113825,0.6973680290593639,0.09417734788764953,0.9756223516367559,0.761139701990353,0.7860643052769538,0.12811363267554587,0.45038593789556713,0.37079802423258124,0.9267649888486018,0.6438651200806645,0.82276161327083,0.44341419882733113,0.2272387217847769,0.5545847870158348,0.06381725610417532,69.0,30.5,0.0
90,0,65.80000000000035,55.39999999999999,100.0,1.3913006190793078,72.77773905094088,100.0,100.0,23.660656697117687,63.85666177712526,68.53219146479802,53.67784150485163,66.94325233852915,0,1,0,0,0.8276311719925821,0.6316643991220648,0.7580877400853738,0.35452596812986836,0.9706980243949033,0.8931211213221977,0.7783834970737619,0.19463870785196757,0.4667210037270342,0.04380376578722878,0.15428949206754783,0.6830489532424546,0.7447621559078171,0.8276311719925821,0.6316643991220648,0.7580877400853738,0.35452596812986836,0.9706980243949033,0.8931211213221977,0.7783834970737619,0.19463870785196757,0.4667210037270342,0.04380376578722878,0.15428949206754783,0.6830489532424546,0.7447621559078171,0.7739560485559633,0.4388784397520523,0.8585979199113825,0.6973680290593639,0.09417734788764953,0.9756223516367559,0.761139701990353,0.7860643052769538,0.12811363267554587,0.45038593789556713,0.37079802423258124,0.9267649888486018,0.6438651200806645,0.82276161327083,0.44341419882733113,0.2272387217847769,0.5545847870158348,0.06381725610417532,0.7739560485559633,0.4388784397520523,0.8585979199113825,0.6973680290593639,0.09417734788764953,0.9756223516367559,0.761139701990353,0.7860643052769538,0.12811363267554587,0.45038593789556713,0.37079802423258124,0.9267649888486018,0.6438651200806645,0.82276161327083,0.44341419882733113,0.2272387217847769,0.5545847870158348,0.06381725610417532,70.0,31.0,0.0
91,0,65.70000000000036,55.49999999999999,100.0,1.302511631153626,72.89170761003797,100.0,100.0,23.785614467568813,64.28875101053222,68.37237594920629,53.75684732716601,66.93482674590129,0,1,0,0,0.8276311719925821,0.6316643991220648,0.7580877400853738,0.35452596812986836,0.9706980243949033,0.8931211213221977,0.7783834970737619,0.19463870785196757,0.4667210037270342,0.04380376578722878,0.15428949206754783,0.6830489532424546,0.7447621559078171,0.8276311719925821,0.6316643991220648,0.7580877400853738,0.35452596812986836,0.9706980243949033,0.8931211213221977,0.7783834970737619,0.19463870785196757,0.4667210037270342,0.04380376578722878,0.15428949206754783,0.6830489532424546,0.7447621559078171,0.7739560485559633,0.4388784397520523,0.8585979199113825,0.6973680290593639,0.09417734788764953,0.9756223516367559,0.761139701990353,0.7860643052769538,0.12811363267554587,0.45038593789556713,0.37079802423258124,0.9267649888486018,0.6438651200806645,0.82276161327083,0.44341419882733113,0.2272387217847769,0.5545847870158348,0.06381725610417532,0.7739560485559633,0.4388784397520523,0.8585979199113825,0.6973680290593639,0.09417734788764953,0.9756223516367559,0.761139701990353,0.7860643052769538,0.12811363267554587,0.45038593789556713,0.37079802423258124,0.9267649888486018,0.6438651200806645,0.82276161327083,0.44341419882733113,0.2272387217847769,0.5545847870158348,0.06381725610417532,71.0,31.5,0.0
92,0,65.60000000000036,55.599999999999994,100.0,1.2193889128096278,73.02120707454434,100.0,100.0,23.910572238019938,64.71890303737676,68.21256043361454,53.841653819419946,66.92693885147598,0,1,0,0,0.8276311719925821,0.6316643991220648,0.7580877400853738,0.35452596812986836,0.9706980243949033,0.8931211213221977,0.7783834970737619,0.19463870785196757,0.4667210037270342,0.04380376578722878,0.15428949206754783,0.6830489532424546,0.7447621559078171,0.8276311719925821,0.6316643991220648,0.7580877400853738,0.35452596812986836,0.9706980243949033,0.8931211213221977,0.7783834970737619,0.19463870785196757,0.4667210037270342,0.04380376578722878,0.15428949206754783,0.6830489532424546,0.7447621559078171,0.7739560485559633,0.4388784397520523,0.8585979199113825,0.6973680290593639,0.09417734788764953,0.9756223516367559,0.761139701990353,0.7860643052769538,0.12811363267554587,0.45038593789556713,0.37079802423258124,0.9267649888486018,0.6438651200806645,0.82276161327083,0.44341419882733113,0.2272387217847769,0.5545847870158348,0.06381725610417532,0.7739560485559633,0.4388784397520523,0.8585979199113825,0.6973680290593639,0.09417734788764953,0.9756223516367559,0.761139701990353,0.7860643052769538,0.12811363267554587,0.45038593789556713,0.37079802423258124,0.9267649888486018,0.6438651200806645,0.82276161327083,0.44341419882733113,0.2272387217847769,0.5545847870158348,0.06381725610417532,72.0,32.0,0.0
93,0,65.50000000000037,55.699999999999996,100.0,1.141570858270264,73.1651490010503,100.0,100.0,24.035530008471067,65.14724148486619,68.0527449180228,53.93185925589016,66.91955434082936,0,1,0,0,0.8276311719925821,0.6316643991220648,0.7580877400853738,0.35452596812986836,0.9706980243949033,0.8931211213221977,0.7783834970737619,0.19463870785196757,0.4667210037270342,0.04380376578722878,0.15428949206754783,0.6830489532424546,0.7447621559078171,0.8276311719925821,0.6316643991220648,0.7580877400853738,0.35452596812986836,0.9706980243949033,0.8931211213221977,0.7783834970737619,0.19463870785196757,0.4667210037270342,0.04380376578722878,0.15428949206754783,0.6830489532424546,0.7447621559078171,0.7739560485559633,0.4388784397520523,0.8585979199113825,0.6973680290593639,0.09417734788764953,0.9756223516367559,0.761139701990353,0.7860643052769538,0.12811363267554587,0.45038593789556713,0.37079802423258124,0.9267649888486018,0.6438651200806645,0.82276161327083,0.44341419882733113,0.2272387217847769,0.5545847870158348,0.06381725610417532,0.7739560485559633,0.4388784397520523,0.8585979199113825,0.6973680290593639,0.09417734788764953,0.9756223516367559,0.761139701990353,0.7860643052769538,0.12811363267554587,0.45038593789556713,0.37079802423258124,0.9267649888486018,0.6438651200806645,0.82276161327083,0.44341419882733113,0.2272387217847769,0.5545847870158348,0.06381725610417532,73.0,32.5,0.0
94,0,65.40000000000038,55.8,100.0,1.0687189384469673,73.32253651877316,100.0,100.0,24.160487778922203,65.57388209065867,67.89292940243107,54.027094715651394,66.91264108938985,0,1,0,0,0.8276311719925821,0.6316643991220648,0.7580877400853738,0.35452596812986836,0.9706980243949033,0.8931211213221977,0.7783834970737619,0.19463870785196757,0.4667210037270342,0.04380376578722878,0.15428949206754783,0.6830489532424546,0.7447621559078171,0.8276311719925821,0.6316643991220648,0.7580877400853738,0.35452596812986836,0.9706980243949033,0.8931211213221977,0.7783834970737619,0.19463870785196757,0.4667210037270342,0.04380376578722878,0.15428949206754783,0.6830489532424546,0.7447621559078171,0.7739560485559633,0.4388784397520523,0.8585979199113825,0.6973680290593639,0.09417734788764953,0.9756223516367559,0.761139701990353,0.7860643052769538,0.12811363267554587,0.45038593789556713,0.37079802423258124,0.9267649888486018,0.6438651200806645,0.82276161327083,0.44341419882733113,0.2272387217847769,0.5545847870158348,0.06381725610417532,0.7739560485559633,0.4388784397520523,0.8585979199113825,0.6973680290593639,0.09417734788764953,0.9756223516367559,0.761139701990353,0.7860643052769538,0.12811363267554587,0.45038593789556713,0.37079802423258124,0.9267649888486018,0.6438651200806645,0.82276161327083,0.44341419882733113,0.2272387217847769,0.5545847870158348,0.06381725610417532,74.0,33.0,0.0
95,0,65.30000000000038,55.9,100.0,1.0005162282487148,73.49245346113278,100.0,100.0,24.285445549373332,65.9989332063526,67.73311388683932,54.12702036027056,66.90616902268799,0,1,0,0,0.8276311719925821,0.6316643991220648,0.7580877400853738,0.35452596812986836,0.9706980243949033,0.8931211213221977,0.7783834970737619,0.19463870785196757,0.4667210037270342,0.04380376578722878,0.15428949206754783,0.6830489532424546,0.7447621559078171,0.8276311719925821,0.6316643991220648,0.7580877400853738,0.35452596812986836,0.9706980243949033,0.8931211213221977,0.7783834970737619,0.19463870785196757,0.4667210037270342,0.04380376578722878,0.15428949206754783,0.6830489532424546,0.7447621559078171,0.7739560485559633,0.4388784397520523,0.8585979199113825,0.6973680290593639,0.09417734788764953,0.9756223516367559,0.761139701990353,0.7860643052769538,0.12811363267554587,0.45038593789556713,0.37079802423258124,0.9267649888486018,0.6438651200806645,0.82276161327083,0.44341419882733113,0.2272387217847769,0.5545847870158348,0.06381725610417532,0.7739560485559633,0.4388784397520523,0.8585979199113825,0.6973680290593639,0.09417734788764953,0.9756223516367559,0.761139701990353,0.7860643052769538,0.12811363267554587,0.45038593789556713,0.37079802423258124,0.9267649888486018,0.6438651200806645,0.82276161327083,0.44341419882733113,0.2272387217847769,0.5545847870158348,0.06381725610417532,75.0,33.5,0.0
96,0,65.20000000000039,56.0,100.0,0.936666027874183,73.67405533268355,100.0,100.0,24.410403319824457,66.42249626884467,67.57329837124759,54.23132231917321,66.90010998552435,0,1,0,0,0.8276311719925821,0.6316643991220648,0.7580877400853738,0.35452596812986836,0.9706980243949033,0.8931211213221977,0.7783834970737619,0.19463870785196757,0.4667210037270342,0.04380376578722878,0.15428949206754783,0.6830489532424546,0.7447621559078171,0.8276311719925821,0.6316643991220648,0.7580877400853738,0.35452596812986836,0.9706980243949033,0.8931211213221977,0.7783834970737619,0.19463870785196757,0.4667210037270342,0.04380376578722878,0.15428949206754783,0.6830489532424546,0.7447621559078171,0.7739560485559633,0.4388784397520523,0.8585979199113825,0.6973680290593639,0.09417734788764953,0.9756223516367559,0.761139701990353,0.7860643052769538,0.12811363267554587,0.45038593789556713,0.37079802423258124,0.9267649888486018,0.6438651200806645,0.82276161327083,0.44341419882733113,0.2272387217847769,0.5545847870158348,0.06381725610417532,0.7739560485559633,0.4388784397520523,0.8585979199113825,0.6973680290593639,0.09417734788764953,0.9756223516367559,0.761139701990353,0.7860643052769538,0.12811363267554587,0.45038593789556713,0.37079802423258124,0.9267649888486018,0.6438651200806645,0.82276161327083,0.44341419882733113,0.2272387217847769,0.5545847870158348,0.06381725610417532,76.0,34.0,0.0
97,0,65.10000000000039,56.1,100.0,0.8768905720892556,73.86656173482251,100.0,100.0,24.535361090275583,66.8446662416072,67.41348285565586,54.33971005979562,66.89443761948712,0,1,0,0,0.8276311719925821,0.6316643991220648,0.7580877400853738,0.35452596812986836,0.9706980243949033,0.8931211213221977,0.7783834970737619,0.19463870785196757,0.4667210037270342,0.04380376578722878,0.15428949206754783,0.6830489532424546,0.7447621559078171,0.8276311719925821,0.6316643991220648,0.7580877400853738,0.35452596812986836,0.9706980243949033,0.8931211213221977,0.7783834970737619,0.19463870785196757,0.4667210037270342,0.04380376578722878,0.15428949206754783,0.6830489532424546,0.7447621559078171,0.7739560485559633,0.4388784397520523,0.8585979199113825,0.6973680290593639,0.09417734788764953,0.9756223516367559,0.761139701990353,0.7860643052769538,0.12811363267554587,0.45038593789556713,0.37079802423258124,0.9267649888486018,0.6438651200806645,0.82276161327083,0.44341419882733113,0.2272387217847769,0.5545847870158348,0.06381725610417532,0.7739560485559633,0.4388784397520523,0.8585979199113825,0.6973680290593639,0.09417734788764953,0.9756223516367559,0.761139701990353,0.7860643052769538,0.12811363267554587,0.45038593789556713,0.37079802423258124,0.9267649888486018,0.6438651200806645,0.82276161327083,0.44341419882733113,0.2272387217847769,0.5545847870158348,0.06381725610417532,77.0,34.5,0.0
98,0,64.10000000000039,58.1,100.0,0.8209298218748987,74.06924995668345,100.0,100.0,24.660318860726715,67.26553202780417,67.25366734006411,54.45191414659036,66.88912724828602,1,0,0,0,0.8276311719925821,0.6316643991220648,0.7580877400853738,0.35452596812986836,0.9706980243949033,0.8931211213221977,0.7783834970737619,0.19463870785196757,0.4667210037270342,0.04380376578722878,0.15428949206754783,0.6830489532424546,0.7447621559078171,0.8276311719925821,0.6316643991220648,0.7580877400853738,0.35452596812986836,0.9706980243949033,0.8931211213221977,0.7783834970737619,0.19463870785196757,0.4667210037270342,0.04380376578722878,0.15428949206754783,0.6830489532424546,0.7447621559078171,0.7739560485559633,0.4388784397520523,0.8585979199113825,0.6973680290593639,0.09417734788764953,0.9756223516367559,0.761139701990353,0.7860643052769538,0.12811363267554587,0.45038593789556713,0.37079802423258124,0.9267649888486018,0.6438651200806645,0.82276161327083,0.44341419882733113,0.2272387217847769,0.5545847870158348,0.06381725610417532,0.7739560485559633,0.4388784397520523,0.8585979199113825,0.6973680290593639,0.09417734788764953,0.9756223516367559,0.761139701990353,0.7860643052769538,0.12811363267554587,0.45038593789556713,0.37079802423258124,0.9267649888486018,0.6438651200806645,0.82276161327083,0.44341419882733113,0.2272387217847769,0.5545847870158348,0.06381725610417532,78.0,34.0,0.0
99,0,63.10000000000039,60.1,100.0,1.3259261249210688,74.37982125179823,90.0,100.0,25.473498337372156,67.7509979639595,63.03770733571633,55.70214332482802,62.73600850012131,1,0,0,0,0.8276311719925821,0.6316643991220648,0.7580877400853738,0.35452596812986836,0.9706980243949033,0.8931211213221977,0.7783834970737619,0.19463870785196757,0.4667210037270342,0.04380376578722878,0.15428949206754783,0.6830489532424546,0.7447621559078171,0.8276311719925821,0.6316643991220648,0.7580877400853738,0.35452596812986836,0.9706980243949033,0.8931211213221977,0.7783834970737619,0.19463870785196757,0.4667210037270342,0.04380376578722878,0.15428949206754783,0.6830489532424546,0.7447621559078171,0.7739560485559633,0.4388784397520523,0.8585979199113825,0.6973680290593639,0.09417734788764953,0.9756223516367559,0.761139701990353,0.7860643052769538,0.12811363267554587,0.45038593789556713,0.37079802423258124,0.9267649888486018,0.6438651200806645,0.82276161327083,0.44341419882733113,0.2272387217847769,0.5545847870158348,0.06381725610417532,0.7739560485559633,0.4388784397520523,0.8585979199113825,0.6973680290593639,0.09417734788764953,0.9756223516367559,0.761139701990353,0.7860643052769538,0.12811363267554587,0.45038593789556713,0.37079802423258124,0.9267649888486018,0.6438651200806645,0.82276161327083,0.44341419882733113,0.2272387217847769,0.5545847870158348,0.06381725610417532,79.0,33.5,0.0
100,0,62.10000000000039,62.1,100.0,1.241309157831764,75.24739208119001,80.0,90.58226521123504,26.065804032108527,68.43804320723041,58.82174733136853,57.053225082754274,58.52693865556273,1,0,0,0,0.8276311719925821,0.6316643991220648,0.7580877400853738,0.35452596812986836,0.9706980243949033,0.8931211213221977,0.7783834970737619,0.19463870785196757,0.4667210037270342,0.04380376578722878,0.15428949206754783,0.6830489532424546,0.7447621559078171,0.8276311719925821,0.6316643991220648,0.7580877400853738,0.35452596812986836,0.9706980243949033,0.8931211213221977,0.7783834970737619,0.19463870785196757,0.4667210037270342,0.04380376578722878,0.15428949206754783,0.6830489532424546,0.7447621559078171,0.7739560485559633,0.4388784397520523,0.8585979199113825,0.6973680290593639,0.09417734788764953,0.9756223516367559,0.761139701990353,0.7860643052769538,0.12811363267554587,0.45038593789556713,0.37079802423258124,0.9267649888486018,0.6438651200806645,0.82276161327083,0.44341419882733113,0.2272387217847769,0.5545847870158348,0.06381725610417532,0.7739560485559633,0.4388784397520523,0.8585979199113825,0.6973680290593639,0.09417734788764953,0.9756223516367559,0.761139701990353,0.7860643052769538,0.12811363267554587,0.45038593789556713,0.37079802423258124,0.9267649888486018,0.6438651200806645,0.82276161327083,0.44341419882733113,0.2272387217847769,0.5545847870158348,0.06381725610417532,80.0,33.0,0.0
101,0,62.00000000000039,62.2,100.0,1.1620922134019562,76.21695568951448,65.85786437626905,82.05146770798522,26.77757188608216,69.12324226948529,52.793281760761616,58.43809982910843,52.57825343594093,1,0,0,0,0.8276311719925821,0.6316643991220648,0.7580877400853738,0.35452596812986836,0.9706980243949033,0.8931211213221977,0.7783834970737619,0.19463870785196757,0.4667210037270342,0.04380376578722878,0.15428949206754783,0.6830489532424546,0.7447621559078171,0.8276311719925821,0.6316643991220648,0.7580877400853738,0.35452596812986836,0.9706980243949033,0.8931211213221977,0.7783834970737619,0.19463870785196757,0.4667210037270342,0.04380376578722878,0.15428949206754783,0.6830489532424546,0.7447621559078171,0.7739560485559633,0.4388784397520523,0.8585979199113825,0.6973680290593639,0.09417734788764953,0.9756223516367559,0.761139701990353,0.7860643052769538,0.12811363267554587,0.45038593789556713,0.37079802423258124,0.9267649888486018,0.6438651200806645,0.82276161327083,0.44341419882733113,0.2272387217847769,0.5545847870158348,0.06381725610417532,0.7739560485559633,0.4388784397520523,0.8585979199113825,0.6973680290593639,0.09417734788764953,0.9756223516367559,0.761139701990353,0.7860643052769538,0.12811363267554587,0.45038593789556713,0.37079802423258124,0.9267649888486018,0.6438651200806645,0.82276161327083,0.44341419882733113,0.2272387217847769,0.5545847870158348,0.06381725610417532,81.0,32.5,0.0
102,0,61.00000000000039,64.2,100.0,1.0879306770026156,77.30793154884256,65.85786437626905,74.32407808895806,27.14654629270453,69.55033061215101,52.95309727635335,58.83579921658021,52.571215909002554,1,0,0,0,0.8276311719925821,0.6316643991220648,0.7580877400853738,0.35452596812986836,0.9706980243949033,0.8931211213221977,0.7783834970737619,0.19463870785196757,0.4667210037270342,0.04380376578722878,0.15428949206754783,0.6830489532424546,0.7447621559078171,0.8276311719925821,0.6316643991220648,0.7580877400853738,0.35452596812986836,0.9706980243949033,0.8931211213221977,0.7783834970737619,0.19463870785196757,0.4667210037270342,0.04380376578722878,0.15428949206754783,0.6830489532424546,0.7447621559078171,0.7739560485559633,0.4388784397520523,0.8585979199113825,0.6973680290593639,0.09417734788764953,0.9756223516367559,0.761139701990353,0.7860643052769538,0.12811363267554587,0.45038593789556713,0.37079802423258124,0.9267649888486018,0.6438651200806645,0.82276161327083,0.44341419882733113,0.2272387217847769,0.5545847870158348,0.06381725610417532,0.7739560485559633,0.4388784397520523,0.8585979199113825,0.6973680290593639,0.09417734788764953,0.9756223516367559,0.761139701990353,0.7860643052769538,0.12811363267554587,0.45038593789556713,0.37079802423258124,0.9267649888486018,0.6438651200806645,0.82276161327083,0.44341419882733113,0.2272387217847769,0.5545847870158348,0.06381725610417532,82.0,32.0,0.0
103,0,60.00000000000039,66.2,100.0,1.0185019263647508,78.37935380767424,75.85786437626905,67.32443353034543,27.84195847730267,70.23218324815936,57.48868831188461,60.25501670731943,56.76566765176768,1,0,0,0,0.8276311719925821,0.6316643991220648,0.7580877400853738,0.35452596812986836,0.9706980243949033,0.8931211213221977,0.7783834970737619,0.19463870785196757,0.4667210037270342,0.04380376578722878,0.15428949206754783,0.6830489532424546,0.7447621559078171,0.8276311719925821,0.6316643991220648,0.7580877400853738,0.35452596812986836,0.9706980243949033,0.8931211213221977,0.7783834970737619,0.19463870785196757,0.4667210037270342,0.04380376578722878,0.15428949206754783,0.6830489532424546,0.7447621559078171,0.7739560485559633,0.4388784397520523,0.8585979199113825,0.6973680290593639,0.09417734788764953,0.9756223516367559,0.761139701990353,0.7860643052769538,0.12811363267554587,0.45038593789556713,0.37079802423258124,0.9267649888486018,0.6438651200806645,0.82276161327083,0.44341419882733113,0.2272387217847769,0.5545847870158348,0.06381725610417532,0.7739560485559633,0.4388784397520523,0.8585979199113825,0.6973680290593639,0.09417734788764953,0.9756223516367559,0.761139701990353,0.7860643052769538,0.12811363267554587,0.45038593789556713,0.37079802423258124,0.9267649888486018,0.6438651200806645,0.82276161327083,0.44341419882733113,0.2272387217847769,0.5545847870158348,0.06381725610417532,83.0,31.5,0.0
104,0,59.00000000000039,68.2,100.0,0.9535039280873355,79.54774499800824,85.85786437626905,60.98399693241915,28.561277336211113,70.91252108109921,62.02427934741588,61.70626757225911,60.96053984886274,1,0,0,0,0.8276311719925821,0.6316643991220648,0.7580877400853738,0.35452596812986836,0.9706980243949033,0.8931211213221977,0.7783834970737619,0.19463870785196757,0.4667210037270342,0.04380376578722878,0.15428949206754783,0.6830489532424546,0.7447621559078171,0.8276311719925821,0.6316643991220648,0.7580877400853738,0.35452596812986836,0.9706980243949033,0.8931211213221977,0.7783834970737619,0.19463870785196757,0.4667210037270342,0.04380376578722878,0.15428949206754783,0.6830489532424546,0.7447621559078171,0.7739560485559633,0.4388784397520523,0.8585979199113825,0.6973680290593639,0.09417734788764953,0.9756223516367559,0.761139701990353,0.7860643052769538,0.12811363267554587,0.45038593789556713,0.37079802423258124,0.9267649888486018,0.6438651200806645,0.82276161327083,0.44341419882733113,0.2272387217847769,0.5545847870158348,0.06381725610417532,0.7739560485559633,0.4388784397520523,0.8585979199113825,0.6973680290593639,0.09417734788764953,0.9756223516367559,0.761139701990353,0.7860643052769538,0.12811363267554587,0.45038593789556713,0.37079802423258124,0.9267649888486018,0.6438651200806645,0.82276161327083,0.44341419882733113,0.2272387217847769,0.5545847870158348,0.06381725610417532,84.0,31.0,0.0
105,0,58.90000000000039,68.3,100.0,0.8926539237122488,80.80103741578593,100.0,100.0,29.282347000679255,71.59144078154597,68.37237594920629,63.18560160232192,66.89593347592528,1,0,0,0,0.8276311719925821,0.6316643991220648,0.7580877400853738,0.35452596812986836,0.9706980243949033,0.8931211213221977,0.7783834970737619,0.19463870785196757,0.4667210037270342,0.04380376578722878,0.15428949206754783,0.6830489532424546,0.7447621559078171,0.8276311719925821,0.6316643991220648,0.7580877400853738,0.35452596812986836,0.9706980243949033,0.8931211213221977,0.7783834970737619,0.19463870785196757,0.4667210037270342,0.04380376578722878,0.15428949206754783,0.6830489532424546,0.7447621559078171,0.7739560485559633,0.4388784397520523,0.8585979199113825,0.6973680290593639,0.09417734788764953,0.9756223516367559,0.761139701990353,0.7860643052769538,0.12811363267554587,0.45038593789556713,0.37079802423258124,0.9267649888486018,0.6438651200806645,0.82276161327083,0.44341419882733113,0.2272387217847769,0.5545847870158348,0.06381725610417532,0.7739560485559633,0.4388784397520523,0.8585979199113825,0.6973680290593639,0.09417734788764953,0.9756223516367559,0.761139701990353,0.7860643052769538,0.12811363267554587,0.45038593789556713,0.37079802423258124,0.9267649888486018,0.6438651200806645,0.82276161327083,0.44341419882733113,0.2272387217847769,0.5545847870158348,0.06381725610417532,65.0,30.5,0.0
106,0,58.80000000000039,68.39999999999999,100.0,0.8356871996503072,80.3875429943509,100.0,100.0,26.106661981149657,64.54771497466685,68.53219146479802,63.09792200049874,66.89052764327076,0,1,0,0,0.8276311719925821,0.6316643991220648,0.7580877400853738,0.35452596812986836,0.9706980243949033,0.8931211213221977,0.7783834970737619,0.19463870785196757,0.4667210037270342,0.04380376578722878,0.15428949206754783,0.6830489532424546,0.7447621559078171,0.8276311719925821,0.6316643991220648,0.7580877400853738,0.35452596812986836,0.9706980243949033,0.8931211213221977,0.7783834970737619,0.19463870785196757,0.4667210037270342,0.04380376578722878,0.15428949206754783,0.6830489532424546,0.7447621559078171,0.7739560485559633,0.4388784397520523,0.8585979199113825,0.6973680290593639,0.09417734788764953,0.9756223516367559,0.761139701990353,0.7860643052769538,0.12811363267554587,0.45038593789556713,0.37079802423258124,0.9267649888486018,0.6438651200806645,0.82276161327083,0.44341419882733113,0.2272387217847769,0.5545847870158348,0.06381725610417532,0.7739560485559633,0.4388784397520523,0.8585979199113825,0.6973680290593639,0.09417734788764953,0.9756223516367559,0.761139701990353,0.7860643052769538,0.12811363267554587,0.45038593789556713,0.37079802423258124,0.9267649888486018,0.6438651200806645,0.82276161327083,0.44341419882733113,0.2272387217847769,0.5545847870158348,0.06381725610417532,66.0,31.0,0.0
107,0,58.70000000000039,68.49999999999999,100.0,0.7823559356072425,79.01051716307992,100.0,100.0,25.989897140069772,64.9676817817748,68.37237594920629,62.69838626851138,66.88546679602324,0,1,0,0,0.8276311719925821,0.6316643991220648,0.7580877400853738,0.35452596812986836,0.9706980243949033,0.8931211213221977,0.7783834970737619,0.19463870785196757,0.4667210037270342,0.04380376578722878,0.15428949206754783,0.6830489532424546,0.7447621559078171,0.8276311719925821,0.6316643991220648,0.7580877400853738,0.35452596812986836,0.9706980243949033,0.8931211213221977,0.7783834970737619,0.19463870785196757,0.4667210037270342,0.04380376578722878,0.15428949206754783,0.6830489532424546,0.7447621559078171,0.7739560485559633,0.4388784397520523,0.8585979199113825,0.6973680290593639,0.09417734788764953,0.9756223516367559,0.761139701990353,0.7860643052769538,0.12811363267554587,0.45038593789556713,0.37079802423258124,0.9267649888486018,0.6438651200806645,0.82276161327083,0.44341419882733113,0.2272387217847769,0.5545847870158348,0.06381725610417532,0.7739560485559633,0.4388784397520523,0.8585979199113825,0.6973680290593639,0.09417734788764953,0.9756223516367559,0.761139701990353,0.7860643052769538,0.12811363267554587,0.45038593789556713,0.37079802423258124,0.9267649888486018,0.6438651200806645,0.82276161327083,0.44341419882733113,0.2272387217847769,0.5545847870158348,0.06381725610417532,67.0,31.5,0.0
108,0,58.600000000000385,68.59999999999998,100.0,1.289813918232289,77.9216240568402,100.0,100.0,26.232790205488296,65.19592375243992,68.21256043361454,62.46806744098152,66.93362180192253,0,1,0,0,0.8276311719925821,0.6316643991220648,0.7580877400853738,0.35452596812986836,0.9706980243949033,0.8931211213221977,0.7783834970737619,0.19463870785196757,0.4667210037270342,0.04380376578722878,0.15428949206754783,0.6830489532424546,0.7447621559078171,0.8276311719925821,0.6316643991220648,0.7580877400853738,0.35452596812986836,0.9706980243949033,0.8931211213221977,0.7783834970737619,0.19463870785196757,0.4667210037270342,0.04380376578722878,0.15428949206754783,0.6830489532424546,0.7447621559078171,0.7739560485559633,0.4388784397520523,0.8585979199113825,0.6973680290593639,0.09417734788764953,0.9756223516367559,0.761139701990353,0.7860643052769538,0.12811363267554587,0.45038593789556713,0.37079802423258124,0.9267649888486018,0.6438651200806645,0.82276161327083,0.44341419882733113,0.2272387217847769,0.5545847870158348,0.06381725610417532,0.7739560485559633,0.4388784397520523,0.8585979199113825,0.6973680290593639,0.09417734788764953,0.9756223516367559,0.761139701990353,0.7860643052769538,0.12811363267554587,0.45038593789556713,0.37079802423258124,0.9267649888486018,0.6438651200806645,0.82276161327083,0.44341419882733113,0.2272387217847769,0.5545847870158348,0.06381725610417532,68.0,32.0,0.0
109,0,58.500000000000384,68.69999999999997,100.0,1.207501533085729,77.41819096043618,100.0,100.0,26.230747115463096,65.62579873937925,68.0527449180228,62.34780597657574,66.92581080371572,0,1,0,0,0.8276311719925821,0.6316643991220648,0.7580877400853738,0.35452596812986836,0.9706980243949033,0.8931211213221977,0.7783834970737619,0.19463870785196757,0.4667210037270342,0.04380376578722878,0.15428949206754783,0.6830489532424546,0.7447621559078171,0.8276311719925821,0.6316643991220648,0.7580877400853738,0.35452596812986836,0.9706980243949033,0.8931211213221977,0.7783834970737619,0.19463870785196757,0.4667210037270342,0.04380376578722878,0.15428949206754783,0.6830489532424546,0.7447621559078171,0.7739560485559633,0.4388784397520523,0.8585979199113825,0.6973680290593639,0.09417734788764953,0.9756223516367559,0.761139701990353,0.7860643052769538,0.12811363267554587,0.45038593789556713,0.37079802423258124,0.9267649888486018,0.6438651200806645,0.82276161327083,0.44341419882733113,0.2272387217847769,0.5545847870158348,0.06381725610417532,0.7739560485559633,0.4388784397520523,0.8585979199113825,0.6973680290593639,0.09417734788764953,0.9756223516367559,0.761139701990353,0.7860643052769538,0.12811363267554587,0.45038593789556713,0.37079802423258124,0.9267649888486018,0.6438651200806645,0.82276161327083,0.44341419882733113,0.2272387217847769,0.5545847870158348,0.06381725610417532,69.0,32.5,0.0
110,0,58.40000000000038,68.79999999999997,100.0,1.6878278902349282,77.03056482149033,100.0,100.0,26.482041829599424,65.86331657702596,67.89292940243107,62.341148671736995,66.97139116574384,0,1,0,0,0.8276311719925821,0.6316643991220648,0.7580877400853738,0.35452596812986836,0.9706980243949033,0.8931211213221977,0.7783834970737619,0.19463870785196757,0.4667210037270342,0.04380376578722878,0.15428949206754783,0.6830489532424546,0.7447621559078171,0.8276311719925821,0.6316643991220648,0.7580877400853738,0.35452596812986836,0.9706980243949033,0.8931211213221977,0.7783834970737619,0.19463870785196757,0.4667210037270342,0.04380376578722878,0.15428949206754783,0.6830489532424546,0.7447621559078171,0.7739560485559633,0.4388784397520523,0.8585979199113825,0.6973680290593639,0.09417734788764953,0.9756223516367559,0.761139701990353,0.7860643052769538,0.12811363267554587,0.45038593789556713,0.37079802423258124,0.9267649888486018,0.6438651200806645,0.82276161327083,0.44341419882733113,0.2272387217847769,0.5545847870158348,0.06381725610417532,0.7739560485559633,0.4388784397520523,0.8585979199113825,0.6973680290593639,0.09417734788764953,0.9756223516367559,0.761139701990353,0.7860643052769538,0.12811363267554587,0.45038593789556713,0.37079802423258124,0.9267649888486018,0.6438651200806645,0.82276161327083,0.44341419882733113,0.2272387217847769,0.5545847870158348,0.06381725610417532,70.0,33.0,0.0
111,0,58.30000000000038,68.89999999999996,100.0,1.5801153455040358,77.06018872554542,100.0,100.0,26.48061403441175,66.30187547056808,67.73311388683932,62.39025424625301,66.96116983037315,0,1,0,0,0.8276311719925821,0.6316643991220648,0.7580877400853738,0.35452596812986836,0.9706980243949033,0.8931211213221977,0.7783834970737619,0.19463870785196757,0.4667210037270342,0.04380376578722878,0.15428949206754783,0.6830489532424546,0.7447621559078171,0.8276311719925821,0.6316643991220648,0.7580877400853738,0.35452596812986836,0.9706980243949033,0.8931211213221977,0.7783834970737619,0.19463870785196757,0.4667210037270342,0.04380376578722878,0.15428949206754783,0.6830489532424546,0.7447621559078171,0.7739560485559633,0.4388784397520523,0.8585979199113825,0.6973680290593639,0.09417734788764953,0.9756223516367559,0.761139701990353,0.7860643052769538,0.12811363267554587,0.45038593789556713,0.37079802423258124,0.9267649888486018,0.6438651200806645,0.82276161327083,0.44341419882733113,0.2272387217847769,0.5545847870158348,0.06381725610417532,0.7739560485559633,0.4388784397520523,0.8585979199113825,0.6973680290593639,0.09417734788764953,0.9756223516367559,0.761139701990353,0.7860643052769538,0.12811363267554587,0.45038593789556713,0.37079802423258124,0.9267649888486018,0.6438651200806645,0.82276161327083,0.44341419882733113,0.2272387217847769,0.5545847870158348,0.06381725610417532,71.0,33.5,0.0
112,0,58.20000000000038,68.99999999999996,100.0,1.4792767198258672,77.07375453698027,100.0,100.0,26.59631595655396,66.73808428159003,67.57329837124759,62.43508355931742,66.95160079257954,0,1,0,0,0.8276311719925821,0.6316643991220648,0.7580877400853738,0.35452596812986836,0.9706980243949033,0.8931211213221977,0.7783834970737619,0.19463870785196757,0.4667210037270342,0.04380376578722878,0.15428949206754783,0.6830489532424546,0.7447621559078171,0.8276311719925821,0.6316643991220648,0.7580877400853738,0.35452596812986836,0.9706980243949033,0.8931211213221977,0.7783834970737619,0.19463870785196757,0.4667210037270342,0.04380376578722878,0.15428949206754783,0.6830489532424546,0.7447621559078171,0.7739560485559633,0.4388784397520523,0.8585979199113825,0.6973680290593639,0.09417734788764953,0.9756223516367559,0.761139701990353,0.7860643052769538,0.12811363267554587,0.45038593789556713,0.37079802423258124,0.9267649888486018,0.6438651200806645,0.82276161327083,0.44341419882733113,0.2272387217847769,0.5545847870158348,0.06381725610417532,0.7739560485559633,0.4388784397520523,0.8585979199113825,0.6973680290593639,0.09417734788764953,0.9756223516367559,0.761139701990353,0.7860643052769538,0.12811363267554587,0.45038593789556713,0.37079802423258124,0.9267649888486018,0.6438651200806645,0.82276161327083,0.44341419882733113,0.2272387217847769,0.5545847870158348,0.06381725610417532,72.0,34.0,0.0
113,0,58.10000000000038,69.09999999999995,100.0,1.3848733385477954,77.11735609240594,100.0,100.0,26.72059587485097,67.17209298590984,67.41348285565586,62.49051952789237,66.94264242452148,0,1,0,0,0.8276311719925821,0.6316643991220648,0.7580877400853738,0.35452596812986836,0.9706980243949033,0.8931211213221977,0.7783834970737619,0.19463870785196757,0.4667210037270342,0.04380376578722878,0.15428949206754783,0.6830489532424546,0.7447621559078171,0.8276311719925821,0.6316643991220648,0.7580877400853738,0.35452596812986836,0.9706980243949033,0.8931211213221977,0.7783834970737619,0.19463870785196757,0.4667210037270342,0.04380376578722878,0.15428949206754783,0.6830489532424546,0.7447621559078171,0.7739560485559633,0.4388784397520523,0.8585979199113825,0.6973680290593639,0.09417734788764953,0.9756223516367559,0.761139701990353,0.7860643052769538,0.12811363267554587,0.45038593789556713,0.37079802423258124,0.9267649888486018,0.6438651200806645,0.82276161327083,0.44341419882733113,0.2272387217847769,0.5545847870158348,0.06381725610417532,0.7739560485559633,0.4388784397520523,0.8585979199113825,0.6973680290593639,0.09417734788764953,0.9756223516367559,0.761139701990353,0.7860643052769538,0.12811363267554587,0.45038593789556713,0.37079802423258124,0.9267649888486018,0.6438651200806645,0.82276161327083,0.44341419882733113,0.2272387217847769,0.5545847870158348,0.06381725610417532,73.0,34.5,0.0
114,0,57.10000000000038,71.09999999999995,100.0,1.2964945220298465,77.18983172699845,100.0,100.0,26.845504002792033,67.6040419883004,67.25366734006411,62.556130055807266,66.93425575493204,1,0,0,0,0.8276311719925821,0.6316643991220648,0.7580877400853738,0.35452596812986836,0.9706980243949033,0.8931211213221977,0.7783834970737619,0.19463870785196757,0.4667210037270342,0.04380376578722878,0.15428949206754783,0.6830489532424546,0.7447621559078171,0.8276311719925821,0.6316643991220648,0.7580877400853738,0.35452596812986836,0.9706980243949033,0.8931211213221977,0.7783834970737619,0.19463870785196757,0.4667210037270342,0.04380376578722878,0.15428949206754783,0.6830489532424546,0.7447621559078171,0.7739560485559633,0.4388784397520523,0.8585979199113825,0.6973680290593639,0.09417734788764953,0.9756223516367559,0.761139701990353,0.7860643052769538,0.12811363267554587,0.45038593789556713,0.37079802423258124,0.9267649888486018,0.6438651200806645,0.82276161327083,0.44341419882733113,0.2272387217847769,0.5545847870158348,0.06381725610417532,0.7739560485559633,0.4388784397520523,0.8585979199113825,0.6973680290593639,0.09417734788764953,0.9756223516367559,0.761139701990353,0.7860643052769538,0.12811363267554587,0.45038593789556713,0.37079802423258124,0.9267649888486018,0.6438651200806645,0.82276161327083,0.44341419882733113,0.2272387217847769,0.5545847870158348,0.06381725610417532,74.0,34.0,0.0
115,0,56.10000000000038,73.09999999999995,100.0,1.2137557990798074,77.38579876556398,90.0,100.0,27.52304199074927,68.2904450900671,63.03770733571633,63.68975219005382,62.72536414553914,1,0,0,0,0.8276311719925821,0.6316643991220648,0.7580877400853738,0.35452596812986836,0.9706980243949033,0.8931211213221977,0.7783834970737619,0.19463870785196757,0.4667210037270342,0.04380376578722878,0.15428949206754783,0.6830489532424546,0.7447621559078171,0.8276311719925821,0.6316643991220648,0.7580877400853738,0.35452596812986836,0.9706980243949033,0.8931211213221977,0.7783834970737619,0.19463870785196757,0.4667210037270342,0.04380376578722878,0.15428949206754783,0.6830489532424546,0.7447621559078171,0.7739560485559633,0.4388784397520523,0.8585979199113825,0.6973680290593639,0.09417734788764953,0.9756223516367559,0.761139701990353,0.7860643052769538,0.12811363267554587,0.45038593789556713,0.37079802423258124,0.9267649888486018,0.6438651200806645,0.82276161327083,0.44341419882733113,0.2272387217847769,0.5545847870158348,0.06381725610417532,0.7739560485559633,0.4388784397520523,0.8585979199113825,0.6973680290593639,0.09417734788764953,0.9756223516367559,0.761139701990353,0.7860643052769538,0.12811363267554587,0.45038593789556713,0.37079802423258124,0.9267649888486018,0.6438651200806645,0.82276161327083,0.44341419882733113,0.2272387217847769,0.5545847870158348,0.06381725610417532,75.0,33.5,0.0
116,0,55.10000000000038,75.09999999999995,100.0,1.1362972344020033,77.86591340916259,80.0,90.58226521123504,28.24105183266739,68.9750429905266,58.82174733136853,64.9162001683869,58.51697359448299,1,0,0,0,0.8276311719925821,0.6316643991220648,0.7580877400853738,0.35452596812986836,0.9706980243949033,0.8931211213221977,0.7783834970737619,0.19463870785196757,0.4667210037270342,0.04380376578722878,0.15428949206754783,0.6830489532424546,0.7447621559078171,0.8276311719925821,0.6316643991220648,0.7580877400853738,0.35452596812986836,0.9706980243949033,0.8931211213221977,0.7783834970737619,0.19463870785196757,0.4667210037270342,0.04380376578722878,0.15428949206754783,0.6830489532424546,0.7447621559078171,0.7739560485559633,0.4388784397520523,0.8585979199113825,0.6973680290593639,0.09417734788764953,0.9756223516367559,0.761139701990353,0.7860643052769538,0.12811363267554587,0.45038593789556713,0.37079802423258124,0.9267649888486018,0.6438651200806645,0.82276161327083,0.44341419882733113,0.2272387217847769,0.5545847870158348,0.06381725610417532,0.7739560485559633,0.4388784397520523,0.8585979199113825,0.6973680290593639,0.09417734788764953,0.9756223516367559,0.761139701990353,0.7860643052769538,0.12811363267554587,0.45038593789556713,0.37079802423258124,0.9267649888486018,0.6438651200806645,0.82276161327083,0.44341419882733113,0.2272387217847769,0.5545847870158348,0.06381725610417532,76.0,33.0,0.0
117,0,54.10000000000038,77.09999999999995,100.0,1.0637818627837046,78.58152363604425,70.0,82.05146770798522,28.962025631261653,69.65795089267307,54.60578732702075,66.21965692929076,54.30905212559541,1,0,0,0,0.8276311719925821,0.6316643991220648,0.7580877400853738,0.35452596812986836,0.9706980243949033,0.8931211213221977,0.7783834970737619,0.19463870785196757,0.4667210037270342,0.04380376578722878,0.15428949206754783,0.6830489532424546,0.7447621559078171,0.8276311719925821,0.6316643991220648,0.7580877400853738,0.35452596812986836,0.9706980243949033,0.8931211213221977,0.7783834970737619,0.19463870785196757,0.4667210037270342,0.04380376578722878,0.15428949206754783,0.6830489532424546,0.7447621559078171,0.7739560485559633,0.4388784397520523,0.8585979199113825,0.6973680290593639,0.09417734788764953,0.9756223516367559,0.761139701990353,0.7860643052769538,0.12811363267554587,0.45038593789556713,0.37079802423258124,0.9267649888486018,0.6438651200806645,0.82276161327083,0.44341419882733113,0.2272387217847769,0.5545847870158348,0.06381725610417532,0.7739560485559633,0.4388784397520523,0.8585979199113825,0.6973680290593639,0.09417734788764953,0.9756223516367559,0.761139701990353,0.7860643052769538,0.12811363267554587,0.45038593789556713,0.37079802423258124,0.9267649888486018,0.6438651200806645,0.82276161327083,0.44341419882733113,0.2272387217847769,0.5545847870158348,0.06381725610417532,77.0,32.5,0.0
118,0,54.00000000000038,77.19999999999995,100.0,0.9958942232074602,79.48224417578011,55.85786437626905,74.32407808895806,29.683216495256147,70.33927664756168,48.57732175641382,67.5837464518398,48.3614419954603,1,0,0,0,0.8276311719925821,0.6316643991220648,0.7580877400853738,0.35452596812986836,0.9706980243949033,0.8931211213221977,0.7783834970737619,0.19463870785196757,0.4667210037270342,0.04380376578722878,0.15428949206754783,0.6830489532424546,0.7447621559078171,0.8276311719925821,0.6316643991220648,0.7580877400853738,0.35452596812986836,0.9706980243949033,0.8931211213221977,0.7783834970737619,0.19463870785196757,0.4667210037270342,0.04380376578722878,0.15428949206754783,0.6830489532424546,0.7447621559078171,0.7739560485559633,0.4388784397520523,0.8585979199113825,0.6973680290593639,0.09417734788764953,0.9756223516367559,0.761139701990353,0.7860643052769538,0.12811363267554587,0.45038593789556713,0.37079802423258124,0.9267649888486018,0.6438651200806645,0.82276161327083,0.44341419882733113,0.2272387217847769,0.5545847870158348,0.06381725610417532,0.7739560485559633,0.4388784397520523,0.8585979199113825,0.6973680290593639,0.09417734788764953,0.9756223516367559,0.761139701990353,0.7860643052769538,0.12811363267554587,0.45038593789556713,0.37079802423258124,0.9267649888486018,0.6438651200806645,0.82276161327083,0.44341419882733113,0.2272387217847769,0.5545847870158348,0.06381725610417532,78.0,32.0,0.0
119,0,53.00000000000038,79.19999999999995,100.0,0.932338986512361,80.52807739253011,55.85786437626905,67.32443353034543,30.05288099612247,70.76273886670926,48.73713727200556,67.96824583053834,48.35541094874752,1,0,0,0,0.8276311719925821,0.6316643991220648,0.7580877400853738,0.35452596812986836,0.9706980243949033,0.8931211213221977,0.7783834970737619,0.19463870785196757,0.4667210037270342,0.04380376578722878,0.15428949206754783,0.6830489532424546,0.7447621559078171,0.8276311719925821,0.6316643991220648,0.7580877400853738,0.35452596812986836,0.9706980243949033,0.8931211213221977,0.7783834970737619,0.19463870785196757,0.4667210037270342,0.04380376578722878,0.15428949206754783,0.6830489532424546,0.7447621559078171,0.7739560485559633,0.4388784397520523,0.8585979199113825,0.6973680290593639,0.09417734788764953,0.9756223516367559,0.761139701990353,0.7860643052769538,0.12811363267554587,0.45038593789556713,0.37079802423258124,0.9267649888486018,0.6438651200806645,0.82276161327083,0.44341419882733113,0.2272387217847769,0.5545847870158348,0.06381725610417532,0.7739560485559633,0.4388784397520523,0.8585979199113825,0.6973680290593639,0.09417734788764953,0.9756223516367559,0.761139701990353,0.7860643052769538,0.12811363267554587,0.45038593789556713,0.37079802423258124,0.9267649888486018,0.6438651200806645,0.82276161327083,0.44341419882733113,0.2272387217847769,0.5545847870158348,0.06381725610417532,79.0,31.5,0.0
120,0,52.00000000000038,81.19999999999995,100.0,0.8728396706341944,81.5694165198088,65.85786437626905,60.98399693241915,30.74834371978028,71.4411967884527,53.272728307536816,69.37905364312832,52.5508049409319,1,0,0,0,0.8276311719925821,0.6316643991220648,0.7580877400853738,0.35452596812986836,0.9706980243949033,0.8931211213221977,0.7783834970737619,0.19463870785196757,0.4667210037270342,0.04380376578722878,0.15428949206754783,0.6830489532424546,0.7447621559078171,0.8276311719925821,0.6316643991220648,0.7580877400853738,0.35452596812986836,0.9706980243949033,0.8931211213221977,0.7783834970737619,0.19463870785196757,0.4667210037270342,0.04380376578722878,0.15428949206754783,0.6830489532424546,0.7447621559078171,0.7739560485559633,0.4388784397520523,0.8585979199113825,0.6973680290593639,0.09417734788764953,0.9756223516367559,0.761139701990353,0.7860643052769538,0.12811363267554587,0.45038593789556713,0.37079802423258124,0.9267649888486018,0.6438651200806645,0.82276161327083,0.44341419882733113,0.2272387217847769,0.5545847870158348,0.06381725610417532,0.7739560485559633,0.4388784397520523,0.8585979199113825,0.6973680290593639,0.09417734788764953,0.9756223516367559,0.761139701990353,0.7860643052769538,0.12811363267554587,0.45038593789556713,0.37079802423258124,0.9267649888486018,0.6438651200806645,0.82276161327083,0.44341419882733113,0.2272387217847769,0.5545847870158348,0.06381725610417532,80.0,31.0,0.0
121,0,51.00000000000038,83.19999999999995,100.0,0.817137437835448,82.71885483112318,75.85786437626905,55.24068583773536,31.46766627991731,72.1183565484773,57.80831934306809,70.82541725394101,56.74655925567372,1,0,0,0,0.8276311719925821,0.6316643991220648,0.7580877400853738,0.35452596812986836,0.9706980243949033,0.8931211213221977,0.7783834970737619,0.19463870785196757,0.4667210037270342,0.04380376578722878,0.15428949206754783,0.6830489532424546,0.7447621559078171,0.8276311719925821,0.6316643991220648,0.7580877400853738,0.35452596812986836,0.9706980243949033,0.8931211213221977,0.7783834970737619,0.19463870785196757,0.4667210037270342,0.04380376578722878,0.15428949206754783,0.6830489532424546,0.7447621559078171,0.7739560485559633,0.4388784397520523,0.8585979199113825,0.6973680290593639,0.09417734788764953,0.9756223516367559,0.761139701990353,0.7860643052769538,0.12811363267554587,0.45038593789556713,0.37079802423258124,0.9267649888486018,0.6438651200806645,0.82276161327083,0.44341419882733113,0.2272387217847769,0.5545847870158348,0.06381725610417532,0.7739560485559633,0.4388784397520523,0.8585979199113825,0.6973680290593639,0.09417734788764953,0.9756223516367559,0.761139701990353,0.7860643052769538,0.12811363267554587,0.45038593789556713,0.37079802423258124,0.9267649888486018,0.6438651200806645,0.82276161327083,0.44341419882733113,0.2272387217847769,0.5545847870158348,0.06381725610417532,81.0,30.5,0.0
122,0,50.00000000000038,85.19999999999995,100.0,0.7649899686927936,83.96150665240833,85.85786437626905,50.038264550042605,32.188736215444976,72.79430099190193,62.343910378599354,72.30247842059116,60.942650898176055,1,0,0,0,0.8276311719925821,0.6316643991220648,0.7580877400853738,0.35452596812986836,0.9706980243949033,0.8931211213221977,0.7783834970737619,0.19463870785196757,0.4667210037270342,0.04380376578722878,0.15428949206754783,0.6830489532424546,0.7447621559078171,0.8276311719925821,0.6316643991220648,0.7580877400853738,0.35452596812986836,0.9706980243949033,0.8931211213221977,0.7783834970737619,0.19463870785196757,0.4667210037270342,0.04380376578722878,0.15428949206754783,0.6830489532424546,0.7447621559078171,0.7739560485559633,0.4388784397520523,0.8585979199113825,0.6973680290593639,0.09417734788764953,0.9756223516367559,0.761139701990353,0.7860643052769538,0.12811363267554587,0.45038593789556713,0.37079802423258124,0.9267649888486018,0.6438651200806645,0.82276161327083,0.44341419882733113,0.2272387217847769,0.5545847870158348,0.06381725610417532,0.7739560485559633,0.4388784397520523,0.8585979199113825,0.6973680290593639,0.09417734788764953,0.9756223516367559,0.761139701990353,0.7860643052769538,0.12811363267554587,0.45038593789556713,0.37079802423258124,0.9267649888486018,0.6438651200806645,0.82276161327083,0.44341419882733113,0.2272387217847769,0.5545847870158348,0.06381725610417532,82.0,30.0,0.0
123,0,49.900000000000375,85.09999999999995,100.0,0.7161704079436005,85.27831053200907,100.0,100.0,32.909934120028865,73.46910767689731,68.69200698038975,73.80402733107168,66.879186148986,0,0,1,0,0.8276311719925821,0.6316643991220648,0.7580877400853738,0.35452596812986836,0.9706980243949033,0.8931211213221977,0.7783834970737619,0.19463870785196757,0.4667210037270342,0.04380376578722878,0.15428949206754783,0.6830489532424546,0.7447621559078171,0.8276311719925821,0.6316643991220648,0.7580877400853738,0.35452596812986836,0.9706980243949033,0.8931211213221977,0.7783834970737619,0.19463870785196757,0.4667210037270342,0.04380376578722878,0.15428949206754783,0.6830489532424546,0.7447621559078171,0.7739560485559633,0.4388784397520523,0.8585979199113825,0.6973680290593639,0.09417734788764953,0.9756223516367559,0.761139701990353,0.7860643052769538,0.12811363267554587,0.45038593789556713,0.37079802423258124,0.9267649888486018,0.6438651200806645,0.82276161327083,0.44341419882733113,0.2272387217847769,0.5545847870158348,0.06381725610417532,0.7739560485559633,0.4388784397520523,0.8585979199113825,0.6973680290593639,0.09417734788764953,0.9756223516367559,0.761139701990353,0.7860643052769538,0.12811363267554587,0.45038593789556713,0.37079802423258124,0.9267649888486018,0.6438651200806645,0.82276161327083,0.44341419882733113,0.2272387217847769,0.5545847870158348,0.06381725610417532,83.0,29.5,0.0
124,0,49.800000000000374,84.99999999999996,100.0,0.6704663776056321,86.65389290524189,100.0,100.0,33.27959913651283,73.8864668553046,68.8518224959815,74.18970656851575,66.87484908478383,0,0,1,0,0.8276311719925821,0.6316643991220648,0.7580877400853738,0.35452596812986836,0.9706980243949033,0.8931211213221977,0.7783834970737619,0.19463870785196757,0.4667210037270342,0.04380376578722878,0.15428949206754783,0.6830489532424546,0.7447621559078171,0.8276311719925821,0.6316643991220648,0.7580877400853738,0.35452596812986836,0.9706980243949033,0.8931211213221977,0.7783834970737619,0.19463870785196757,0.4667210037270342,0.04380376578722878,0.15428949206754783,0.6830489532424546,0.7447621559078171,0.7739560485559633,0.4388784397520523,0.8585979199113825,0.6973680290593639,0.09417734788764953,0.9756223516367559,0.761139701990353,0.7860643052769538,0.12811363267554587,0.45038593789556713,0.37079802423258124,0.9267649888486018,0.6438651200806645,0.82276161327083,0.44341419882733113,0.2272387217847769,0.5545847870158348,0.06381725610417532,0.7739560485559633,0.4388784397520523,0.8585979199113825,0.6973680290593639,0.09417734788764953,0.9756223516367559,0.761139701990353,0.7860643052769538,0.12811363267554587,0.45038593789556713,0.37079802423258124,0.9267649888486018,0.6438651200806645,0.82276161327083,0.44341419882733113,0.2272387217847769,0.5545847870158348,0.06381725610417532,84.0,29.0,0.0
125,0,49.70000000000037,84.89999999999996,100.0,0.6276790530767348,87.95773910043314,100.0,100.0,33.62351963801672,74.3028288588418,69.01163801157324,74.5525254257396,66.87078880011859,0,0,1,0,0.8276311719925821,0.6316643991220648,0.7580877400853738,0.35452596812986836,0.9706980243949033,0.8931211213221977,0.7783834970737619,0.19463870785196757,0.4667210037270342,0.04380376578722878,0.15428949206754783,0.6830489532424546,0.7447621559078171,0.8276311719925821,0.6316643991220648,0.7580877400853738,0.35452596812986836,0.9706980243949033,0.8931211213221977,0.7783834970737619,0.19463870785196757,0.4667210037270342,0.04380376578722878,0.15428949206754783,0.6830489532424546,0.7447621559078171,0.7739560485559633,0.4388784397520523,0.8585979199113825,0.6973680290593639,0.09417734788764953,0.9756223516367559,0.761139701990353,0.7860643052769538,0.12811363267554587,0.45038593789556713,0.37079802423258124,0.9267649888486018,0.6438651200806645,0.82276161327083,0.44341419882733113,0.2272387217847769,0.5545847870158348,0.06381725610417532,0.7739560485559633,0.4388784397520523,0.8585979199113825,0.6973680290593639,0.09417734788764953,0.9756223516367559,0.761139701990353,0.7860643052769538,0.12811363267554587,0.45038593789556713,0.37079802423258124,0.9267649888486018,0.6438651200806645,0.82276161327083,0.44341419882733113,0.2272387217847769,0.5545847870158348,0.06381725610417532,85.0,28.5,0.0
126,0,49.60000000000037,84.79999999999997,100.0,0.5876222981953105,89.1987283979944,100.0,100.0,33.96555473967898,74.71825732447299,69.17145352716497,74.89533713194373,66.86698763167969,0,0,1,0,0.8276311719925821,0.6316643991220648,0.7580877400853738,0.35452596812986836,0.9706980243949033,0.8931211213221977,0.7783834970737619,0.19463870785196757,0.4667210037270342,0.04380376578722878,0.15428949206754783,0.6830489532424546,0.7447621559078171,0.8276311719925821,0.6316643991220648,0.7580877400853738,0.35452596812986836,0.9706980243949033,0.8931211213221977,0.7783834970737619,0.19463870785196757,0.4667210037270342,0.04380376578722878,0.15428949206754783,0.6830489532424546,0.7447621559078171,0.7739560485559633,0.4388784397520523,0.8585979199113825,0.6973680290593639,0.09417734788764953,0.9756223516367559,0.761139701990353,0.7860643052769538,0.12811363267554587,0.45038593789556713,0.37079802423258124,0.9267649888486018,0.6438651200806645,0.82276161327083,0.44341419882733113,0.2272387217847769,0.5545847870158348,0.06381725610417532,0.7739560485559633,0.4388784397520523,0.8585979199113825,0.6973680290593639,0.09417734788764953,0.9756223516367559,0.761139701990353,0.7860643052769538,0.12811363267554587,0.45038593789556713,0.37079802423258124,0.9267649888486018,0.6438651200806645,0.82276161327083,0.44341419882733113,0.2272387217847769,0.5545847870158348,0.06381725610417532,86.0,28.0,0.0
127,0,49.50000000000037,84.69999999999997,100.0,0.5501218554988563,90.39168496955496,100.0,100.0,34.30745176406278,75.13281182802575,69.33126904275672,75.22292367531432,66.86342904338053,0,0,1,0,0.8276311719925821,0.6316643991220648,0.7580877400853738,0.35452596812986836,0.9706980243949033,0.8931211213221977,0.7783834970737619,0.19463870785196757,0.4667210037270342,0.04380376578722878,0.15428949206754783,0.6830489532424546,0.7447621559078171,0.8276311719925821,0.6316643991220648,0.7580877400853738,0.35452596812986836,0.9706980243949033,0.8931211213221977,0.7783834970737619,0.19463870785196757,0.4667210037270342,0.04380376578722878,0.15428949206754783,0.6830489532424546,0.7447621559078171,0.7739560485559633,0.4388784397520523,0.8585979199113825,0.6973680290593639,0.09417734788764953,0.9756223516367559,0.761139701990353,0.7860643052769538,0.12811363267554587,0.45038593789556713,0.37079802423258124,0.9267649888486018,0.6438651200806645,0.82276161327083,0.44341419882733113,0.2272387217847769,0.5545847870158348,0.06381725610417532,0.7739560485559633,0.4388784397520523,0.8585979199113825,0.6973680290593639,0.09417734788764953,0.9756223516367559,0.761139701990353,0.7860643052769538,0.12811363267554587,0.45038593789556713,0.37079802423258124,0.9267649888486018,0.6438651200806645,0.82276161327083,0.44341419882733113,0.2272387217847769,0.5545847870158348,0.06381725610417532,87.0,27.5,0.0
128,0,49.40000000000037,84.79999999999997,100.0,0.5150145881579816,91.54857831206444,100.0,100.0,34.64933867635557,75.54654814336193,69.49108455834846,75.53914314863856,66.86009755442227,1,0,0,0,0.8276311719925821,0.6316643991220648,0.7580877400853738,0.35452596812986836,0.9706980243949033,0.8931211213221977,0.7783834970737619,0.19463870785196757,0.4667210037270342,0.04380376578722878,0.15428949206754783,0.6830489532424546,0.7447621559078171,0.8276311719925821,0.6316643991220648,0.7580877400853738,0.35452596812986836,0.9706980243949033,0.8931211213221977,0.7783834970737619,0.19463870785196757,0.4667210037270342,0.04380376578722878,0.15428949206754783,0.6830489532424546,0.7447621559078171,0.7739560485559633,0.4388784397520523,0.8585979199113825,0.6973680290593639,0.09417734788764953,0.9756223516367559,0.761139701990353,0.7860643052769538,0.12811363267554587,0.45038593789556713,0.37079802423258124,0.9267649888486018,0.6438651200806645,0.82276161327083,0.44341419882733113,0.2272387217847769,0.5545847870158348,0.06381725610417532,0.7739560485559633,0.4388784397520523,0.8585979199113825,0.6973680290593639,0.09417734788764953,0.9756223516367559,0.761139701990353,0.7860643052769538,0.12811363267554587,0.45038593789556713,0.37079802423258124,0.9267649888486018,0.6438651200806645,0.82276161327083,0.44341419882733113,0.2272387217847769,0.5545847870158348,0.06381725610417532,68.0,27.0,0.0
129,0,49.30000000000037,84.69999999999997,100.0,0.48214777028811734,90.94385867228651,100.0,100.0,31.445884203741997,68.49458296563108,69.65090007394019,75.39273220449394,66.85697867194804,0,0,1,0,0.8276311719925821,0.6316643991220648,0.7580877400853738,0.35452596812986836,0.9706980243949033,0.8931211213221977,0.7783834970737619,0.19463870785196757,0.4667210037270342,0.04380376578722878,0.15428949206754783,0.6830489532424546,0.7447621559078171,0.8276311719925821,0.6316643991220648,0.7580877400853738,0.35452596812986836,0.9706980243949033,0.8931211213221977,0.7783834970737619,0.19463870785196757,0.4667210037270342,0.04380376578722878,0.15428949206754783,0.6830489532424546,0.7447621559078171,0.7739560485559633,0.4388784397520523,0.8585979199113825,0.6973680290593639,0.09417734788764953,0.9756223516367559,0.761139701990353,0.7860643052769538,0.12811363267554587,0.45038593789556713,0.37079802423258124,0.9267649888486018,0.6438651200806645,0.82276161327083,0.44341419882733113,0.2272387217847769,0.5545847870158348,0.06381725610417532,0.7739560485559633,0.4388784397520523,0.8585979199113825,0.6973680290593639,0.09417734788764953,0.9756223516367559,0.761139701990353,0.7860643052769538,0.12811363267554587,0.45038593789556713,0.37079802423258124,0.9267649888486018,0.6438651200806645,0.82276161327083,0.44341419882733113,0.2272387217847769,0.5545847870158348,0.06381725610417532,69.0,26.5,0.0
130,0,49.200000000000365,84.59999999999998,100.0,0.45137842255158345,89.5184533842729,100.0,100.0,31.52812725961655,68.90683621592706,69.81071558953194,74.87243536403673,66.85405882799543,0,0,1,0,0.8276311719925821,0.6316643991220648,0.7580877400853738,0.35452596812986836,0.9706980243949033,0.8931211213221977,0.7783834970737619,0.19463870785196757,0.4667210037270342,0.04380376578722878,0.15428949206754783,0.6830489532424546,0.7447621559078171,0.8276311719925821,0.6316643991220648,0.7580877400853738,0.35452596812986836,0.9706980243949033,0.8931211213221977,0.7783834970737619,0.19463870785196757,0.4667210037270342,0.04380376578722878,0.15428949206754783,0.6830489532424546,0.7447621559078171,0.7739560485559633,0.4388784397520523,0.8585979199113825,0.6973680290593639,0.09417734788764953,0.9756223516367559,0.761139701990353,0.7860643052769538,0.12811363267554587,0.45038593789556713,0.37079802423258124,0.9267649888486018,0.6438651200806645,0.82276161327083,0.44341419882733113,0.2272387217847769,0.5545847870158348,0.06381725610417532,0.7739560485559633,0.4388784397520523,0.8585979199113825,0.6973680290593639,0.09417734788764953,0.9756223516367559,0.761139701990353,0.7860643052769538,0.12811363267554587,0.45038593789556713,0.37079802423258124,0.9267649888486018,0.6438651200806645,0.82276161327083,0.44341419882733113,0.2272387217847769,0.5545847870158348,0.06381725610417532,70.0,26.0,0.0
131,0,49.100000000000364,84.49999999999999,100.0,0.4225726901597104,88.56734949184352,100.0,100.0,31.850998410630062,69.31841813767488,69.97053110512367,74.50615808598263,66.85132532047213,0,0,1,0,0.8276311719925821,0.6316643991220648,0.7580877400853738,0.35452596812986836,0.9706980243949033,0.8931211213221977,0.7783834970737619,0.19463870785196757,0.4667210037270342,0.04380376578722878,0.15428949206754783,0.6830489532424546,0.7447621559078171,0.8276311719925821,0.6316643991220648,0.7580877400853738,0.35452596812986836,0.9706980243949033,0.8931211213221977,0.7783834970737619,0.19463870785196757,0.4667210037270342,0.04380376578722878,0.15428949206754783,0.6830489532424546,0.7447621559078171,0.7739560485559633,0.4388784397520523,0.8585979199113825,0.6973680290593639,0.09417734788764953,0.9756223516367559,0.761139701990353,0.7860643052769538,0.12811363267554587,0.45038593789556713,0.37079802423258124,0.9267649888486018,0.6438651200806645,0.82276161327083,0.44341419882733113,0.2272387217847769,0.5545847870158348,0.06381725610417532,0.7739560485559633,0.4388784397520523,0.8585979199113825,0.6973680290593639,0.09417734788764953,0.9756223516367559,0.761139701990353,0.7860643052769538,0.12811363267554587,0.45038593789556713,0.37079802423258124,0.9267649888486018,0.6438651200806645,0.82276161327083,0.44341419882733113,0.2272387217847769,0.5545847870158348,0.06381725610417532,71.0,25.5,0.0
132,0,49.00000000000036,84.39999999999999,100.0,0.9529910523014734,88.06472770284994,100.0,100.0,32.32712981599283,69.53881032335633,70.1303466207154,74.36086651615537,66.90165914166046,0,0,1,0,0.8276311719925821,0.6316643991220648,0.7580877400853738,0.35452596812986836,0.9706980243949033,0.8931211213221977,0.7783834970737619,0.19463870785196757,0.4667210037270342,0.04380376578722878,0.15428949206754783,0.6830489532424546,0.7447621559078171,0.8276311719925821,0.6316643991220648,0.7580877400853738,0.35452596812986836,0.9706980243949033,0.8931211213221977,0.7783834970737619,0.19463870785196757,0.4667210037270342,0.04380376578722878,0.15428949206754783,0.6830489532424546,0.7447621559078171,0.7739560485559633,0.4388784397520523,0.8585979199113825,0.6973680290593639,0.09417734788764953,0.9756223516367559,0.761139701990353,0.7860643052769538,0.12811363267554587,0.45038593789556713,0.37079802423258124,0.9267649888486018,0.6438651200806645,0.82276161327083,0.44341419882733113,0.2272387217847769,0.5545847870158348,0.06381725610417532,0.7739560485559633,0.4388784397520523,0.8585979199113825,0.6973680290593639,0.09417734788764953,0.9756223516367559,0.761139701990353,0.7860643052769538,0.12811363267554587,0.45038593789556713,0.37079802423258124,0.9267649888486018,0.6438651200806645,0.82276161327083,0.44341419882733113,0.2272387217847769,0.5545847870158348,0.06381725610417532,72.0,25.0,0.0
133,0,48.90000000000036,84.3,100.0,0.8921737782517627,88.2012279128937,100.0,100.0,32.543209531555085,69.96133647705064,70.29016213630713,74.34282980645128,66.89588791272936,0,0,1,0,0.8276311719925821,0.6316643991220648,0.7580877400853738,0.35452596812986836,0.9706980243949033,0.8931211213221977,0.7783834970737619,0.19463870785196757,0.4667210037270342,0.04380376578722878,0.15428949206754783,0.6830489532424546,0.7447621559078171,0.8276311719925821,0.6316643991220648,0.7580877400853738,0.35452596812986836,0.9706980243949033,0.8931211213221977,0.7783834970737619,0.19463870785196757,0.4667210037270342,0.04380376578722878,0.15428949206754783,0.6830489532424546,0.7447621559078171,0.7739560485559633,0.4388784397520523,0.8585979199113825,0.6973680290593639,0.09417734788764953,0.9756223516367559,0.761139701990353,0.7860643052769538,0.12811363267554587,0.45038593789556713,0.37079802423258124,0.9267649888486018,0.6438651200806645,0.82276161327083,0.44341419882733113,0.2272387217847769,0.5545847870158348,0.06381725610417532,0.7739560485559633,0.4388784397520523,0.8585979199113825,0.6973680290593639,0.09417734788764953,0.9756223516367559,0.761139701990353,0.7860643052769538,0.12811363267554587,0.45038593789556713,0.37079802423258124,0.9267649888486018,0.6438651200806645,0.82276161327083,0.44341419882733113,0.2272387217847769,0.5545847870158348,0.06381725610417532,73.0,24.5,0.0
134,0,48.80000000000036,84.2,100.0,0.8352376957556402,88.48927644454133,100.0,100.0,32.875882211833286,70.38253571368969,70.44997765189888,74.37444515584453,66.89048498779299,0,0,1,0,0.8276311719925821,0.6316643991220648,0.7580877400853738,0.35452596812986836,0.9706980243949033,0.8931211213221977,0.7783834970737619,0.19463870785196757,0.4667210037270342,0.04380376578722878,0.15428949206754783,0.6830489532424546,0.7447621559078171,0.8276311719925821,0.6316643991220648,0.7580877400853738,0.35452596812986836,0.9706980243949033,0.8931211213221977,0.7783834970737619,0.19463870785196757,0.4667210037270342,0.04380376578722878,0.15428949206754783,0.6830489532424546,0.7447621559078171,0.7739560485559633,0.4388784397520523,0.8585979199113825,0.6973680290593639,0.09417734788764953,0.9756223516367559,0.761139701990353,0.7860643052769538,0.12811363267554587,0.45038593789556713,0.37079802423258124,0.9267649888486018,0.6438651200806645,0.82276161327083,0.44341419882733113,0.2272387217847769,0.5545847870158348,0.06381725610417532,0.7739560485559633,0.4388784397520523,0.8585979199113825,0.6973680290593639,0.09417734788764953,0.9756223516367559,0.761139701990353,0.7860643052769538,0.12811363267554587,0.45038593789556713,0.37079802423258124,0.9267649888486018,0.6438651200806645,0.82276161327083,0.44341419882733113,0.2272387217847769,0.5545847870158348,0.06381725610417532,74.0,24.0,0.0
135,0,48.70000000000036,84.10000000000001,100.0,0.7819351178177413,88.9354103951259,100.0,100.0,33.21709357918263,70.80249271347898,70.60979316749064,74.4577982078957,66.885426862701,0,0,1,0,0.8276311719925821,0.6316643991220648,0.7580877400853738,0.35452596812986836,0.9706980243949033,0.8931211213221977,0.7783834970737619,0.19463870785196757,0.4667210037270342,0.04380376578722878,0.15428949206754783,0.6830489532424546,0.7447621559078171,0.8276311719925821,0.6316643991220648,0.7580877400853738,0.35452596812986836,0.9706980243949033,0.8931211213221977,0.7783834970737619,0.19463870785196757,0.4667210037270342,0.04380376578722878,0.15428949206754783,0.6830489532424546,0.7447621559078171,0.7739560485559633,0.4388784397520523,0.8585979199113825,0.6973680290593639,0.09417734788764953,0.9756223516367559,0.761139701990353,0.7860643052769538,0.12811363267554587,0.45038593789556713,0.37079802423258124,0.9267649888486018,0.6438651200806645,0.82276161327083,0.44341419882733113,0.2272387217847769,0.5545847870158348,0.06381725610417532,0.7739560485559633,0.4388784397520523,0.8585979199113825,0.6973680290593639,0.09417734788764953,0.9756223516367559,0.761139701990353,0.7860643052769538,0.12811363267554587,0.45038593789556713,0.37079802423258124,0.9267649888486018,0.6438651200806645,0.82276161327083,0.44341419882733113,0.2272387217847769,0.5545847870158348,0.06381725610417532,75.0,23.5,0.0
136,0,48.60000000000036,84.00000000000001,100.0,0.732034164147118,89.50815013819195,100.0,100.0,33.55893027737486,71.22128675256576,70.76960868308237,74.58265287630282,66.8806915332734,0,0,1,0,0.8276311719925821,0.6316643991220648,0.7580877400853738,0.35452596812986836,0.9706980243949033,0.8931211213221977,0.7783834970737619,0.19463870785196757,0.4667210037270342,0.04380376578722878,0.15428949206754783,0.6830489532424546,0.7447621559078171,0.8276311719925821,0.6316643991220648,0.7580877400853738,0.35452596812986836,0.9706980243949033,0.8931211213221977,0.7783834970737619,0.19463870785196757,0.4667210037270342,0.04380376578722878,0.15428949206754783,0.6830489532424546,0.7447621559078171,0.7739560485559633,0.4388784397520523,0.8585979199113825,0.6973680290593639,0.09417734788764953,0.9756223516367559,0.761139701990353,0.7860643052769538,0.12811363267554587,0.45038593789556713,0.37079802423258124,0.9267649888486018,0.6438651200806645,0.82276161327083,0.44341419882733113,0.2272387217847769,0.5545847870158348,0.06381725610417532,0.7739560485559633,0.4388784397520523,0.8585979199113825,0.6973680290593639,0.09417734788764953,0.9756223516367559,0.761139701990353,0.7860643052769538,0.12811363267554587,0.45038593789556713,0.37079802423258124,0.9267649888486018,0.6438651200806645,0.82276161327083,0.44341419882733113,0.2272387217847769,0.5545847870158348,0.06381725610417532,76.0,23.0,0.0
137,0,48.500000000000355,83.90000000000002,100.0,0.6853177524167354,90.1804020012452,100.0,100.0,33.90081277167833,71.63899204791099,70.9294241986741,74.74019686831218,66.87625839957664,0,0,1,0,0.8276311719925821,0.6316643991220648,0.7580877400853738,0.35452596812986836,0.9706980243949033,0.8931211213221977,0.7783834970737619,0.19463870785196757,0.4667210037270342,0.04380376578722878,0.15428949206754783,0.6830489532424546,0.7447621559078171,0.8276311719925821,0.6316643991220648,0.7580877400853738,0.35452596812986836,0.9706980243949033,0.8931211213221977,0.7783834970737619,0.19463870785196757,0.4667210037270342,0.04380376578722878,0.15428949206754783,0.6830489532424546,0.7447621559078171,0.7739560485559633,0.4388784397520523,0.8585979199113825,0.6973680290593639,0.09417734788764953,0.9756223516367559,0.761139701990353,0.7860643052769538,0.12811363267554587,0.45038593789556713,0.37079802423258124,0.9267649888486018,0.6438651200806645,0.82276161327083,0.44341419882733113,0.2272387217847769,0.5545847870158348,0.06381725610417532,0.7739560485559633,0.4388784397520523,0.8585979199113825,0.6973680290593639,0.09417734788764953,0.9756223516367559,0.761139701990353,0.7860643052769538,0.12811363267554587,0.45038593789556713,0.37079802423258124,0.9267649888486018,0.6438651200806645,0.82276161327083,0.44341419882733113,0.2272387217847769,0.5545847870158348,0.06381725610417532,77.0,22.5,0.0
138,0,48.400000000000354,83.80000000000003,100.0,0.6415826538980188,90.93094017555855,100.0,100.0,34.242698619860526,72.05567808015284,71.08923971426586,74.92352194718312,66.87210817630833,0,0,1,0,0.8276311719925821,0.6316643991220648,0.7580877400853738,0.35452596812986836,0.9706980243949033,0.8931211213221977,0.7783834970737619,0.19463870785196757,0.4667210037270342,0.04380376578722878,0.15428949206754783,0.6830489532424546,0.7447621559078171,0.8276311719925821,0.6316643991220648,0.7580877400853738,0.35452596812986836,0.9706980243949033,0.8931211213221977,0.7783834970737619,0.19463870785196757,0.4667210037270342,0.04380376578722878,0.15428949206754783,0.6830489532424546,0.7447621559078171,0.7739560485559633,0.4388784397520523,0.8585979199113825,0.6973680290593639,0.09417734788764953,0.9756223516367559,0.761139701990353,0.7860643052769538,0.12811363267554587,0.45038593789556713,0.37079802423258124,0.9267649888486018,0.6438651200806645,0.82276161327083,0.44341419882733113,0.2272387217847769,0.5545847870158348,0.06381725610417532,0.7739560485559633,0.4388784397520523,0.8585979199113825,0.6973680290593639,0.09417734788764953,0.9756223516367559,0.761139701990353,0.7860643052769538,0.12811363267554587,0.45038593789556713,0.37079802423258124,0.9267649888486018,0.6438651200806645,0.82276161327083,0.44341419882733113,0.2272387217847769,0.5545847870158348,0.06381725610417532,78.0,22.0,0.0
139,0,48.30000000000035,83.70000000000003,100.0,0.6006386093622125,91.74326032899087,100.0,100.0,34.584584713664064,72.47140989586585,71.24905522985759,75.12725218877395,66.86822280890122,0,0,1,0,0.8276311719925821,0.6316643991220648,0.7580877400853738,0.35452596812986836,0.9706980243949033,0.8931211213221977,0.7783834970737619,0.19463870785196757,0.4667210037270342,0.04380376578722878,0.15428949206754783,0.6830489532424546,0.7447621559078171,0.8276311719925821,0.6316643991220648,0.7580877400853738,0.35452596812986836,0.9706980243949033,0.8931211213221977,0.7783834970737619,0.19463870785196757,0.4667210037270342,0.04380376578722878,0.15428949206754783,0.6830489532424546,0.7447621559078171,0.7739560485559633,0.4388784397520523,0.8585979199113825,0.6973680290593639,0.09417734788764953,0.9756223516367559,0.761139701990353,0.7860643052769538,0.12811363267554587,0.45038593789556713,0.37079802423258124,0.9267649888486018,0.6438651200806645,0.82276161327083,0.44341419882733113,0.2272387217847769,0.5545847870158348,0.06381725610417532,0.7739560485559633,0.4388784397520523,0.8585979199113825,0.6973680290593639,0.09417734788764953,0.9756223516367559,0.761139701990353,0.7860643052769538,0.12811363267554587,0.45038593789556713,0.37079802423258124,0.9267649888486018,0.6438651200806645,0.82276161327083,0.44341419882733113,0.2272387217847769,0.5545847870158348,0.06381725610417532,79.0,21.5,0.0
140,0,48.20000000000035,83.60000000000004,100.0,0.5623075014024884,92.60452554965643,100.0,100.0,34.926470825455674,72.8862483905306,71.40887074544932,75.34720217661194,66.864585394981,0,0,1,0,0.8276311719925821,0.6316643991220648,0.7580877400853738,0.35452596812986836,0.9706980243949033,0.8931211213221977,0.7783834970737619,0.19463870785196757,0.4667210037270342,0.04380376578722878,0.15428949206754783,0.6830489532424546,0.7447621559078171,0.8276311719925821,0.6316643991220648,0.7580877400853738,0.35452596812986836,0.9706980243949033,0.8931211213221977,0.7783834970737619,0.19463870785196757,0.4667210037270342,0.04380376578722878,0.15428949206754783,0.6830489532424546,0.7447621559078171,0.7739560485559633,0.4388784397520523,0.8585979199113825,0.6973680290593639,0.09417734788764953,0.9756223516367559,0.761139701990353,0.7860643052769538,0.12811363267554587,0.45038593789556713,0.37079802423258124,0.9267649888486018,0.6438651200806645,0.82276161327083,0.44341419882733113,0.2272387217847769,0.5545847870158348,0.06381725610417532,0.7739560485559633,0.4388784397520523,0.8585979199113825,0.6973680290593639,0.09417734788764953,0.9756223516367559,0.761139701990353,0.7860643052769538,0.12811363267554587,0.45038593789556713,0.37079802423258124,0.9267649888486018,0.6438651200806645,0.82276161327083,0.44341419882733113,0.2272387217847769,0.5545847870158348,0.06381725610417532,80.0,21.0,0.0
141,0,48.10000000000035,83.50000000000004,100.0,0.5264225795761869,93.50473916724032,100.0,100.0,35.26835693856466,73.3002505734452,71.56868626104105,75.58010875094354,66.8611801108365,0,0,1,0,0.8276311719925821,0.6316643991220648,0.7580877400853738,0.35452596812986836,0.9706980243949033,0.8931211213221977,0.7783834970737619,0.19463870785196757,0.4667210037270342,0.04380376578722878,0.15428949206754783,0.6830489532424546,0.7447621559078171,0.8276311719925821,0.6316643991220648,0.7580877400853738,0.35452596812986836,0.9706980243949033,0.8931211213221977,0.7783834970737619,0.19463870785196757,0.4667210037270342,0.04380376578722878,0.15428949206754783,0.6830489532424546,0.7447621559078171,0.7739560485559633,0.4388784397520523,0.8585979199113825,0.6973680290593639,0.09417734788764953,0.9756223516367559,0.761139701990353,0.7860643052769538,0.12811363267554587,0.45038593789556713,0.37079802423258124,0.9267649888486018,0.6438651200806645,0.82276161327083,0.44341419882733113,0.2272387217847769,0.5545847870158348,0.06381725610417532,0.7739560485559633,0.4388784397520523,0.8585979199113825,0.6973680290593639,0.09417734788764953,0.9756223516367559,0.761139701990353,0.7860643052769538,0.12811363267554587,0.45038593789556713,0.37079802423258124,0.9267649888486018,0.6438651200806645,0.82276161327083,0.44341419882733113,0.2272387217847769,0.5545847870158348,0.06381725610417532,81.0,20.5,0.0
142,0,48.00000000000035,83.40000000000005,100.0,0.49282773499635274,94.43610430763692,100.0,100.0,35.61024305177012,73.71346981573082,71.7285017766328,75.82342329773914,66.85799214258233,0,0,1,0,0.8276311719925821,0.6316643991220648,0.7580877400853738,0.35452596812986836,0.9706980243949033,0.8931211213221977,0.7783834970737619,0.19463870785196757,0.4667210037270342,0.04380376578722878,0.15428949206754783,0.6830489532424546,0.7447621559078171,0.8276311719925821,0.6316643991220648,0.7580877400853738,0.35452596812986836,0.9706980243949033,0.8931211213221977,0.7783834970737619,0.19463870785196757,0.4667210037270342,0.04380376578722878,0.15428949206754783,0.6830489532424546,0.7447621559078171,0.7739560485559633,0.4388784397520523,0.8585979199113825,0.6973680290593639,0.09417734788764953,0.9756223516367559,0.761139701990353,0.7860643052769538,0.12811363267554587,0.45038593789556713,0.37079802423258124,0.9267649888486018,0.6438651200806645,0.82276161327083,0.44341419882733113,0.2272387217847769,0.5545847870158348,0.06381725610417532,0.7739560485559633,0.4388784397520523,0.8585979199113825,0.6973680290593639,0.09417734788764953,0.9756223516367559,0.761139701990353,0.7860643052769538,0.12811363267554587,0.45038593789556713,0.37079802423258124,0.9267649888486018,0.6438651200806645,0.82276161327083,0.44341419882733113,0.2272387217847769,0.5545847870158348,0.06381725610417532,82.0,20.0,0.0
143,0,47.90000000000035,83.30000000000005,100.0,0.46137682121684986,95.39252860319333,100.0,100.0,35.952129164982644,74.12595608251006,71.88831729222453,76.07515109899335,66.8550076217147,0,0,1,0,0.8276311719925821,0.6316643991220648,0.7580877400853738,0.35452596812986836,0.9706980243949033,0.8931211213221977,0.7783834970737619,0.19463870785196757,0.4667210037270342,0.04380376578722878,0.15428949206754783,0.6830489532424546,0.7447621559078171,0.8276311719925821,0.6316643991220648,0.7580877400853738,0.35452596812986836,0.9706980243949033,0.8931211213221977,0.7783834970737619,0.19463870785196757,0.4667210037270342,0.04380376578722878,0.15428949206754783,0.6830489532424546,0.7447621559078171,0.7739560485559633,0.4388784397520523,0.8585979199113825,0.6973680290593639,0.09417734788764953,0.9756223516367559,0.761139701990353,0.7860643052769538,0.12811363267554587,0.45038593789556713,0.37079802423258124,0.9267649888486018,0.6438651200806645,0.82276161327083,0.44341419882733113,0.2272387217847769,0.5545847870158348,0.06381725610417532,0.7739560485559633,0.4388784397520523,0.8585979199113825,0.6973680290593639,0.09417734788764953,0.9756223516367559,0.761139701990353,0.7860643052769538,0.12811363267554587,0.45038593789556713,0.37079802423258124,0.9267649888486018,0.6438651200806645,0.82276161327083,0.44341419882733113,0.2272387217847769,0.5545847870158348,0.06381725610417532,83.0,19.5,0.0
144,0,47.800000000000345,83.20000000000006,100.0,0.4319330184567238,96.36924115460431,100.0,100.0,36.29401527819566,74.53775615026856,72.04813280781627,76.33372707745886,66.85221356477963,0,0,1,0,0.8276311719925821,0.6316643991220648,0.7580877400853738,0.35452596812986836,0.9706980243949033,0.8931211213221977,0.7783834970737619,0.19463870785196757,0.4667210037270342,0.04380376578722878,0.15428949206754783,0.6830489532424546,0.7447621559078171,0.8276311719925821,0.6316643991220648,0.7580877400853738,0.35452596812986836,0.9706980243949033,0.8931211213221977,0.7783834970737619,0.19463870785196757,0.4667210037270342,0.04380376578722878,0.15428949206754783,0.6830489532424546,0.7447621559078171,0.7739560485559633,0.4388784397520523,0.8585979199113825,0.6973680290593639,0.09417734788764953,0.9756223516367559,0.761139701990353,0.7860643052769538,0.12811363267554587,0.45038593789556713,0.37079802423258124,0.9267649888486018,0.6438651200806645,0.82276161327083,0.44341419882733113,0.2272387217847769,0.5545847870158348,0.06381725610417532,0.7739560485559633,0.4388784397520523,0.8585979199113825,0.6973680290593639,0.09417734788764953,0.9756223516367559,0.761139701990353,0.7860643052769538,0.12811363267554587,0.45038593789556713,0.37079802423258124,0.9267649888486018,0.6438651200806645,0.82276161327083,0.44341419882733113,0.2272387217847769,0.5545847870158348,0.06381725610417532,84.0,19.0,0.0
145,0,47.700000000000344,83.10000000000007,100.0,0.4043682383980216,97.36249625967926,100.0,100.0,36.63590139140873,74.94891381034496,72.20794832340802,76.59791967404927,66.84959781689156,0,0,1,0,0.8276311719925821,0.6316643991220648,0.7580877400853738,0.35452596812986836,0.9706980243949033,0.8931211213221977,0.7783834970737619,0.19463870785196757,0.4667210037270342,0.04380376578722878,0.15428949206754783,0.6830489532424546,0.7447621559078171,0.8276311719925821,0.6316643991220648,0.7580877400853738,0.35452596812986836,0.9706980243949033,0.8931211213221977,0.7783834970737619,0.19463870785196757,0.4667210037270342,0.04380376578722878,0.15428949206754783,0.6830489532424546,0.7447621559078171,0.7739560485559633,0.4388784397520523,0.8585979199113825,0.6973680290593639,0.09417734788764953,0.9756223516367559,0.761139701990353,0.7860643052769538,0.12811363267554587,0.45038593789556713,0.37079802423258124,0.9267649888486018,0.6438651200806645,0.82276161327083,0.44341419882733113,0.2272387217847769,0.5545847870158348,0.06381725610417532,0.7739560485559633,0.4388784397520523,0.8585979199113825,0.6973680290593639,0.09417734788764953,0.9756223516367559,0.761139701990353,0.7860643052769538,0.12811363267554587,0.45038593789556713,0.37079802423258124,0.9267649888486018,0.6438651200806645,0.82276161327083,0.44341419882733113,0.2272387217847769,0.5545847870158348,0.06381725610417532,85.0,18.5,0.0
146,0,47.60000000000034,83.00000000000007,100.0,0.37856256696778084,98.36934420999246,100.0,100.0,36.977787504621816,75.35947005943483,72.36776383899976,76.86675647174673,66.84714899885635,0,0,1,0,0.8276311719925821,0.6316643991220648,0.7580877400853738,0.35452596812986836,0.9706980243949033,0.8931211213221977,0.7783834970737619,0.19463870785196757,0.4667210037270342,0.04380376578722878,0.15428949206754783,0.6830489532424546,0.7447621559078171,0.8276311719925821,0.6316643991220648,0.7580877400853738,0.35452596812986836,0.9706980243949033,0.8931211213221977,0.7783834970737619,0.19463870785196757,0.4667210037270342,0.04380376578722878,0.15428949206754783,0.6830489532424546,0.7447621559078171,0.7739560485559633,0.4388784397520523,0.8585979199113825,0.6973680290593639,0.09417734788764953,0.9756223516367559,0.761139701990353,0.7860643052769538,0.12811363267554587,0.45038593789556713,0.37079802423258124,0.9267649888486018,0.6438651200806645,0.82276161327083,0.44341419882733113,0.2272387217847769,0.5545847870158348,0.06381725610417532,0.7739560485559633,0.4388784397520523,0.8585979199113825,0.6973680290593639,0.09417734788764953,0.9756223516367559,0.761139701990353,0.7860643052769538,0.12811363267554587,0.45038593789556713,0.37079802423258124,0.9267649888486018,0.6438651200806645,0.82276161327083,0.44341419882733113,0.2272387217847769,0.5545847870158348,0.06381725610417532,86.0,18.0,0.0
147,0,47.50000000000034,82.90000000000008,100.0,0.35440374268014396,99.38745393138271,100.0,100.0,37.319673617834894,75.76946327793709,72.5275793545915,77.13946663051799,66.84485645766885,0,0,1,0,0.8276311719925821,0.6316643991220648,0.7580877400853738,0.35452596812986836,0.9706980243949033,0.8931211213221977,0.7783834970737619,0.19463870785196757,0.4667210037270342,0.04380376578722878,0.15428949206754783,0.6830489532424546,0.7447621559078171,0.8276311719925821,0.6316643991220648,0.7580877400853738,0.35452596812986836,0.9706980243949033,0.8931211213221977,0.7783834970737619,0.19463870785196757,0.4667210037270342,0.04380376578722878,0.15428949206754783,0.6830489532424546,0.7447621559078171,0.7739560485559633,0.4388784397520523,0.8585979199113825,0.6973680290593639,0.09417734788764953,0.9756223516367559,0.761139701990353,0.7860643052769538,0.12811363267554587,0.45038593789556713,0.37079802423258124,0.9267649888486018,0.6438651200806645,0.82276161327083,0.44341419882733113,0.2272387217847769,0.5545847870158348,0.06381725610417532,0.7739560485559633,0.4388784397520523,0.8585979199113825,0.6973680290593639,0.09417734788764953,0.9756223516367559,0.761139701990353,0.7860643052769538,0.12811363267554587,0.45038593789556713,0.37079802423258124,0.9267649888486018,0.6438651200806645,0.82276161327083,0.44341419882733113,0.2272387217847769,0.5545847870158348,0.06381725610417532,87.0,17.5,0.0
148,0,47.40000000000034,82.80000000000008,100.0,0.33178666826924696,100,100.0,100.0,37.66155973104798,76.17892939691897,72.68739487018323,77.28091380450297,66.84271022016947,0,0,1,0,0.8276311719925821,0.6316643991220648,0.7580877400853738,0.35452596812986836,0.9706980243949033,0.8931211213221977,0.7783834970737619,0.19463870785196757,0.4667210037270342,0.04380376578722878,0.15428949206754783,0.6830489532424546,0.7447621559078171,0.8276311719925821,0.6316643991220648,0.7580877400853738,0.35452596812986836,0.9706980243949033,0.8931211213221977,0.7783834970737619,0.19463870785196757,0.4667210037270342,0.04380376578722878,0.15428949206754783,0.6830489532424546,0.7447621559078171,0.7739560485559633,0.4388784397520523,0.8585979199113825,0.6973680290593639,0.09417734788764953,0.9756223516367559,0.761139701990353,0.7860643052769538,0.12811363267554587,0.45038593789556713,0.37079802423258124,0.9267649888486018,0.6438651200806645,0.82276161327083,0.44341419882733113,0.2272387217847769,0.5545847870158348,0.06381725610417532,0.7739560485559633,0.4388784397520523,0.8585979199113825,0.6973680290593639,0.09417734788764953,0.9756223516367559,0.761139701990353,0.7860643052769538,0.12811363267554587,0.45038593789556713,0.37079802423258124,0.9267649888486018,0.6438651200806645,0.82276161327083,0.44341419882733113,0.2272387217847769,0.5545847870158348,0.06381725610417532,88.0,17.0,0.0
149,0,47.30000000000034,82.70000000000009,100.0,0.3106129534883574,100,100.0,100.0,38.00344584426106,76.58790205442557,72.84721038577497,77.22398728198135,66.8407009496582,0,0,1,0,0.8276311719925821,0.6316643991220648,0.7580877400853738,0.35452596812986836,0.9706980243949033,0.8931211213221977,0.7783834970737619,0.19463870785196757,0.4667210037270342,0.04380376578722878,0.15428949206754783,0.6830489532424546,0.7447621559078171,0.8276311719925821,0.6316643991220648,0.7580877400853738,0.35452596812986836,0.9706980243949033,0.8931211213221977,0.7783834970737619,0.19463870785196757,0.4667210037270342,0.04380376578722878,0.15428949206754783,0.6830489532424546,0.7447621559078171,0.7739560485559633,0.4388784397520523,0.8585979199113825,0.6973680290593639,0.09417734788764953,0.9756223516367559,0.761139701990353,0.7860643052769538,0.12811363267554587,0.45038593789556713,0.37079802423258124,0.9267649888486018,0.6438651200806645,0.82276161327083,0.44341419882733113,0.2272387217847769,0.5545847870158348,0.06381725610417532,0.7739560485559633,0.4388784397520523,0.8585979199113825,0.6973680290593639,0.09417734788764953,0.9756223516367559,0.761139701990353,0.7860643052769538,0.12811363267554587,0.45038593789556713,0.37079802423258124,0.9267649888486018,0.6438651200806645,0.82276161327083,0.44341419882733113,0.2272387217847769,0.5545847870158348,0.06381725610417532,89.0,16.5,0.0
150,0,47.20000000000034,82.6000000000001,100.0,0.2907904870863166,100,100.0,100.0,38.34533195747412,76.99641274181421,73.00702590136672,77.16724343456237,66.83881990527777,0,0,1,0,0.8276311719925821,0.6316643991220648,0.7580877400853738,0.35452596812986836,0.9706980243949033,0.8931211213221977,0.7783834970737619,0.19463870785196757,0.4667210037270342,0.04380376578722878,0.15428949206754783,0.6830489532424546,0.7447621559078171,0.8276311719925821,0.6316643991220648,0.7580877400853738,0.35452596812986836,0.9706980243949033,0.8931211213221977,0.7783834970737619,0.19463870785196757,0.4667210037270342,0.04380376578722878,0.15428949206754783,0.6830489532424546,0.7447621559078171,0.7739560485559633,0.4388784397520523,0.8585979199113825,0.6973680290593639,0.09417734788764953,0.9756223516367559,0.761139701990353,0.7860643052769538,0.12811363267554587,0.45038593789556713,0.37079802423258124,0.9267649888486018,0.6438651200806645,0.82276161327083,0.44341419882733113,0.2272387217847769,0.5545847870158348,0.06381725610417532,0.7739560485559633,0.4388784397520523,0.8585979199113825,0.6973680290593639,0.09417734788764953,0.9756223516367559,0.761139701990353,0.7860643052769538,0.12811363267554587,0.45038593789556713,0.37079802423258124,0.9267649888486018,0.6438651200806645,0.82276161327083,0.44341419882733113,0.2272387217847769,0.5545847870158348,0.06381725610417532,90.0,16.0,0.0
151,0,46.20000000000034,84.6000000000001,100.0,0.27223303609927124,100,100.0,100.0,38.68721807068721,77.40449094075025,73.16684141695845,77.11067060442224,66.8370589039883,1,0,0,0,0.8276311719925821,0.6316643991220648,0.7580877400853738,0.35452596812986836,0.9706980243949033,0.8931211213221977,0.7783834970737619,0.19463870785196757,0.4667210037270342,0.04380376578722878,0.15428949206754783,0.6830489532424546,0.7447621559078171,0.8276311719925821,0.6316643991220648,0.7580877400853738,0.35452596812986836,0.9706980243949033,0.8931211213221977,0.7783834970737619,0.19463870785196757,0.4667210037270342,0.04380376578722878,0.15428949206754783,0.6830489532424546,0.7447621559078171,0.7739560485559633,0.4388784397520523,0.8585979199113825,0.6973680290593639,0.09417734788764953,0.9756223516367559,0.761139701990353,0.7860643052769538,0.12811363267554587,0.45038593789556713,0.37079802423258124,0.9267649888486018,0.6438651200806645,0.82276161327083,0.44341419882733113,0.2272387217847769,0.5545847870158348,0.06381725610417532,0.7739560485559633,0.4388784397520523,0.8585979199113825,0.6973680290593639,0.09417734788764953,0.9756223516367559,0.761139701990353,0.7860643052769538,0.12811363267554587,0.45038593789556713,0.37079802423258124,0.9267649888486018,0.6438651200806645,0.82276161327083,0.44341419882733113,0.2272387217847769,0.5545847870158348,0.06381725610417532,91.0,15.5,0.0
152,0,46.100000000000335,84.5000000000001,100.0,0.25485987071450683,100,90.0,100.0,39.38064644381543,78.06854660823987,68.95088141261067,78.18960294065413,62.63437013092458,0,0,1,0,0.8276311719925821,0.6316643991220648,0.7580877400853738,0.35452596812986836,0.9706980243949033,0.8931211213221977,0.7783834970737619,0.19463870785196757,0.4667210037270342,0.04380376578722878,0.15428949206754783,0.6830489532424546,0.7447621559078171,0.8276311719925821,0.6316643991220648,0.7580877400853738,0.35452596812986836,0.9706980243949033,0.8931211213221977,0.7783834970737619,0.19463870785196757,0.4667210037270342,0.04380376578722878,0.15428949206754783,0.6830489532424546,0.7447621559078171,0.7739560485559633,0.4388784397520523,0.8585979199113825,0.6973680290593639,0.09417734788764953,0.9756223516367559,0.761139701990353,0.7860643052769538,0.12811363267554587,0.45038593789556713,0.37079802423258124,0.9267649888486018,0.6438651200806645,0.82276161327083,0.44341419882733113,0.2272387217847769,0.5545847870158348,0.06381725610417532,0.7739560485559633,0.4388784397520523,0.8585979199113825,0.6973680290593639,0.09417734788764953,0.9756223516367559,0.761139701990353,0.7860643052769538,0.12811363267554587,0.45038593789556713,0.37079802423258124,0.9267649888486018,0.6438651200806645,0.82276161327083,0.44341419882733113,0.2272387217847769,0.5545847870158348,0.06381725610417532,92.0,15.0,0.0
153,0,45.100000000000335,86.5000000000001,100.0,0.23859541307444213,100,90.0,100.0,39.748277758353595,78.47584086957899,69.11069692820239,78.13334010000344,62.63282672224757,1,0,0,0,0.8276311719925821,0.6316643991220648,0.7580877400853738,0.35452596812986836,0.9706980243949033,0.8931211213221977,0.7783834970737619,0.19463870785196757,0.4667210037270342,0.04380376578722878,0.15428949206754783,0.6830489532424546,0.7447621559078171,0.8276311719925821,0.6316643991220648,0.7580877400853738,0.35452596812986836,0.9706980243949033,0.8931211213221977,0.7783834970737619,0.19463870785196757,0.4667210037270342,0.04380376578722878,0.15428949206754783,0.6830489532424546,0.7447621559078171,0.7739560485559633,0.4388784397520523,0.8585979199113825,0.6973680290593639,0.09417734788764953,0.9756223516367559,0.761139701990353,0.7860643052769538,0.12811363267554587,0.45038593789556713,0.37079802423258124,0.9267649888486018,0.6438651200806645,0.82276161327083,0.44341419882733113,0.2272387217847769,0.5545847870158348,0.06381725610417532,0.7739560485559633,0.4388784397520523,0.8585979199113825,0.6973680290593639,0.09417734788764953,0.9756223516367559,0.761139701990353,0.7860643052769538,0.12811363267554587,0.45038593789556713,0.37079802423258124,0.9267649888486018,0.6438651200806645,0.82276161327083,0.44341419882733113,0.2272387217847769,0.5545847870158348,0.06381725610417532,93.0,14.5,0.0
154,0,45.000000000000334,86.4000000000001,100.0,0.22336890849298896,100,80.0,90.58226521123504,40.443591581587974,79.13916262821809,64.89473692385461,79.21256264304616,58.43034165563284,0,0,1,0,0.8276311719925821,0.6316643991220648,0.7580877400853738,0.35452596812986836,0.9706980243949033,0.8931211213221977,0.7783834970737619,0.19463870785196757,0.4667210037270342,0.04380376578722878,0.15428949206754783,0.6830489532424546,0.7447621559078171,0.8276311719925821,0.6316643991220648,0.7580877400853738,0.35452596812986836,0.9706980243949033,0.8931211213221977,0.7783834970737619,0.19463870785196757,0.4667210037270342,0.04380376578722878,0.15428949206754783,0.6830489532424546,0.7447621559078171,0.7739560485559633,0.4388784397520523,0.8585979199113825,0.6973680290593639,0.09417734788764953,0.9756223516367559,0.761139701990353,0.7860643052769538,0.12811363267554587,0.45038593789556713,0.37079802423258124,0.9267649888486018,0.6438651200806645,0.82276161327083,0.44341419882733113,0.2272387217847769,0.5545847870158348,0.06381725610417532,0.7739560485559633,0.4388784397520523,0.8585979199113825,0.6973680290593639,0.09417734788764953,0.9756223516367559,0.761139701990353,0.7860643052769538,0.12811363267554587,0.45038593789556713,0.37079802423258124,0.9267649888486018,0.6438651200806645,0.82276161327083,0.44341419882733113,0.2272387217847769,0.5545847870158348,0.06381725610417532,94.0,14.0,0.0
155,0,44.000000000000334,88.4000000000001,100.0,0.20911411765398177,100,80.0,82.05146770798522,40.811360977085684,79.54576981675574,65.05455243944634,79.15657148900388,58.42898895341817,1,0,0,0,0.8276311719925821,0.6316643991220648,0.7580877400853738,0.35452596812986836,0.9706980243949033,0.8931211213221977,0.7783834970737619,0.19463870785196757,0.4667210037270342,0.04380376578722878,0.15428949206754783,0.6830489532424546,0.7447621559078171,0.8276311719925821,0.6316643991220648,0.7580877400853738,0.35452596812986836,0.9706980243949033,0.8931211213221977,0.7783834970737619,0.19463870785196757,0.4667210037270342,0.04380376578722878,0.15428949206754783,0.6830489532424546,0.7447621559078171,0.7739560485559633,0.4388784397520523,0.8585979199113825,0.6973680290593639,0.09417734788764953,0.9756223516367559,0.761139701990353,0.7860643052769538,0.12811363267554587,0.45038593789556713,0.37079802423258124,0.9267649888486018,0.6438651200806645,0.82276161327083,0.44341419882733113,0.2272387217847769,0.5545847870158348,0.06381725610417532,0.7739560485559633,0.4388784397520523,0.8585979199113825,0.6973680290593639,0.09417734788764953,0.9756223516367559,0.761139701990353,0.7860643052769538,0.12811363267554587,0.45038593789556713,0.37079802423258124,0.9267649888486018,0.6438651200806645,0.82276161327083,0.44341419882733113,0.2272387217847769,0.5545847870158348,0.06381725610417532,95.0,13.5,0.0
156,0,43.90000000000033,88.30000000000011,100.0,0.19576902845265898,100,70.0,74.32407808895806,41.506684912680676,80.2084483496943,60.83859243509857,80.23604838036114,54.226682422902655,0,0,1,0,0.8276311719925821,0.6316643991220648,0.7580877400853738,0.35452596812986836,0.9706980243949033,0.8931211213221977,0.7783834970737619,0.19463870785196757,0.4667210037270342,0.04380376578722878,0.15428949206754783,0.6830489532424546,0.7447621559078171,0.8276311719925821,0.6316643991220648,0.7580877400853738,0.35452596812986836,0.9706980243949033,0.8931211213221977,0.7783834970737619,0.19463870785196757,0.4667210037270342,0.04380376578722878,0.15428949206754783,0.6830489532424546,0.7447621559078171,0.7739560485559633,0.4388784397520523,0.8585979199113825,0.6973680290593639,0.09417734788764953,0.9756223516367559,0.761139701990353,0.7860643052769538,0.12811363267554587,0.45038593789556713,0.37079802423258124,0.9267649888486018,0.6438651200806645,0.82276161327083,0.44341419882733113,0.2272387217847769,0.5545847870158348,0.06381725610417532,0.7739560485559633,0.4388784397520523,0.8585979199113825,0.6973680290593639,0.09417734788764953,0.9756223516367559,0.761139701990353,0.7860643052769538,0.12811363267554587,0.45038593789556713,0.37079802423258124,0.9267649888486018,0.6438651200806645,0.82276161327083,0.44341419882733113,0.2272387217847769,0.5545847870158348,0.06381725610417532,96.0,13.0,0.0
157,0,42.90000000000033,90.30000000000011,100.0,0.18327558622663007,100,70.0,67.32443353034543,41.87445504875722,80.61445336143069,60.9984079506903,80.1802953428219,54.22549686310323,1,0,0,0,0.8276311719925821,0.6316643991220648,0.7580877400853738,0.35452596812986836,0.9706980243949033,0.8931211213221977,0.7783834970737619,0.19463870785196757,0.4667210037270342,0.04380376578722878,0.15428949206754783,0.6830489532424546,0.7447621559078171,0.8276311719925821,0.6316643991220648,0.7580877400853738,0.35452596812986836,0.9706980243949033,0.8931211213221977,0.7783834970737619,0.19463870785196757,0.4667210037270342,0.04380376578722878,0.15428949206754783,0.6830489532424546,0.7447621559078171,0.7739560485559633,0.4388784397520523,0.8585979199113825,0.6973680290593639,0.09417734788764953,0.9756223516367559,0.761139701990353,0.7860643052769538,0.12811363267554587,0.45038593789556713,0.37079802423258124,0.9267649888486018,0.6438651200806645,0.82276161327083,0.44341419882733113,0.2272387217847769,0.5545847870158348,0.06381725610417532,0.7739560485559633,0.4388784397520523,0.8585979199113825,0.6973680290593639,0.09417734788764953,0.9756223516367559,0.761139701990353,0.7860643052769538,0.12811363267554587,0.45038593789556713,0.37079802423258124,0.9267649888486018,0.6438651200806645,0.82276161327083,0.44341419882733113,0.2272387217847769,0.5545847870158348,0.06381725610417532,97.0,12.5,0.0
158,0,42.80000000000033,90.20000000000012,100.0,0.17157944120276236,100,60.0,60.98399693241915,42.5697790385885,80.61445336143069,60.9984079506903,80.1802953428219,54.22549686310323,1,0,0,0,0.8276311719925821,0.6316643991220648,0.7580877400853738,0.35452596812986836,0.9706980243949033,0.8931211213221977,0.7783834970737619,0.19463870785196757,0.4667210037270342,0.04380376578722878,0.15428949206754783,0.6830489532424546,0.7447621559078171,0.8276311719925821,0.6316643991220648,0.7580877400853738,0.35452596812986836,0.9706980243949033,0.8931211213221977,0.7783834970737619,0.19463870785196757,0.4667210037270342,0.04380376578722878,0.15428949206754783,0.6830489532424546,0.7447621559078171,0.7739560485559633,0.4388784397520523,0.8585979199113825,0.6973680290593639,0.09417734788764953,0.9756223516367559,0.761139701990353,0.7860643052769538,0.12811363267554587,0.45038593789556713,0.37079802423258124,0.9267649888486018,0.6438651200806645,0.82276161327083,0.44341419882733113,0.2272387217847769,0.5545847870158348,0.06381725610417532,0.7739560485559633,0.4388784397520523,0.8585979199113825,0.6973680290593639,0.09417734788764953,0.9756223516367559,0.761139701990353,0.7860643052769538,0.12811363267554587,0.45038593789556713,0.37079802423258124,0.9267649888486018,0.6438651200806645,0.82276161327083,0.44341419882733113,0.2272387217847769,0.5545847870158348,0.06381725610417532,98.0,12.0,0.0
159,0,42.70000000000033,90.10000000000012,100.0,0.16062971206131438,100,60.0,55.24068583773536,42.93754917863704,80.61445336143069,60.9984079506903,80.1802953428219,54.22549686310323,1,0,0,0,0.8276311719925821,0.6316643991220648,0.7580877400853738,0.35452596812986836,0.9706980243949033,0.8931211213221977,0.7783834970737619,0.19463870785196757,0.4667210037270342,0.04380376578722878,0.15428949206754783,0.6830489532424546,0.7447621559078171,0.8276311719925821,0.6316643991220648,0.7580877400853738,0.35452596812986836,0.9706980243949033,0.8931211213221977,0.7783834970737619,0.19463870785196757,0.4667210037270342,0.04380376578722878,0.15428949206754783,0.6830489532424546,0.7447621559078171,0.7739560485559633,0.4388784397520523,0.8585979199113825,0.6973680290593639,0.09417734788764953,0.9756223516367559,0.761139701990353,0.7860643052769538,0.12811363267554587,0.45038593789556713,0.37079802423258124,0.9267649888486018,0.6438651200806645,0.82276161327083,0.44341419882733113,0.2272387217847769,0.5545847870158348,0.06381725610417532,0.7739560485559633,0.4388784397520523,0.8585979199113825,0.6973680290593639,0.09417734788764953,0.9756223516367559,0.761139701990353,0.7860643052769538,0.12811363267554587,0.45038593789556713,0.37079802423258124,0.9267649888486018,0.6438651200806645,0.82276161327083,0.44341419882733113,0.2272387217847769,0.5545847870158348,0.06381725610417532,99.0,11.5,0.0
160,0,42.60000000000033,90.00000000000013,70.21201880443931,0.15037876458875754,91.8193502995978,0.0,50.038264550042605,17.714005553839648,80.61445336143069,60.9984079506903,80.1802953428219,54.22549686310323,1,0,0,0,0.8276311719925821,0.6316643991220648,0.7580877400853738,0.35452596812986836,0.9706980243949033,0.8931211213221977,0.7783834970737619,0.19463870785196757,0.4667210037270342,0.04380376578722878,0.15428949206754783,0.6830489532424546,0.7447621559078171,0.8276311719925821,0.6316643991220648,0.7580877400853738,0.35452596812986836,0.9706980243949033,0.8931211213221977,0.7783834970737619,0.19463870785196757,0.4667210037270342,0.04380376578722878,0.15428949206754783,0.6830489532424546,0.7447621559078171,0.7739560485559633,0.4388784397520523,0.8585979199113825,0.6973680290593639,0.09417734788764953,0.9756223516367559,0.761139701990353,0.7860643052769538,0.12811363267554587,0.45038593789556713,0.37079802423258124,0.9267649888486018,0.6438651200806645,0.82276161327083,0.44341419882733113,0.2272387217847769,0.5545847870158348,0.06381725610417532,0.7739560485559633,0.4388784397520523,0.8585979199113825,0.6973680290593639,0.09417734788764953,0.9756223516367559,0.761139701990353,0.7860643052769538,0.12811363267554587,0.45038593789556713,0.37079802423258124,0.9267649888486018,0.6438651200806645,0.82276161327083,0.44341419882733113,0.2272387217847769,0.5545847870158348,0.06381725610417532,100.0,11.0,0.0
161,0,42.50000000000033,89.90000000000013,59.24171426688196,0.14078200445636732,76.9905165747437,0.0,45.325793501819,15.905819306301524,80.61445336143069,60.9984079506903,80.1802953428219,54.22549686310323,1,0,0,0,0.8276311719925821,0.6316643991220648,0.7580877400853738,0.35452596812986836,0.9706980243949033,0.8931211213221977,0.7783834970737619,0.19463870785196757,0.4667210037270342,0.04380376578722878,0.15428949206754783,0.6830489532424546,0.7447621559078171,0.8276311719925821,0.6316643991220648,0.7580877400853738,0.35452596812986836,0.9706980243949033,0.8931211213221977,0.7783834970737619,0.19463870785196757,0.4667210037270342,0.04380376578722878,0.15428949206754783,0.6830489532424546,0.7447621559078171,0.7739560485559633,0.4388784397520523,0.8585979199113825,0.6973680290593639,0.09417734788764953,0.9756223516367559,0.761139701990353,0.7860643052769538,0.12811363267554587,0.45038593789556713,0.37079802423258124,0.9267649888486018,0.6438651200806645,0.82276161327083,0.44341419882733113,0.2272387217847769,0.5545847870158348,0.06381725610417532,0.7739560485559633,0.4388784397520523,0.8585979199113825,0.6973680290593639,0.09417734788764953,0.9756223516367559,0.761139701990353,0.7860643052769538,0.12811363267554587,0.45038593789556713,0.37079802423258124,0.9267649888486018,0.6438651200806645,0.82276161327083,0.44341419882733113,0.2272387217847769,0.5545847870158348,0.06381725610417532,100.0,11.0,0.0
162,0,42.400000000000325,89.80000000000014,52.730171487565215,0.13179768322311616,64.917703786984,0.0,41.05713047891443,15.812457017400945,44.825932560121714,21.229532588289054,69.66574635393728,24.166102258796723,0,0,1,0,0.8276311719925821,0.6316643991220648,0.7580877400853738,0.35452596812986836,0.9706980243949033,0.8931211213221977,0.7783834970737619,0.19463870785196757,0.4667210037270342,0.04380376578722878,0.15428949206754783,0.6830489532424546,0.7447621559078171,0.8276311719925821,0.6316643991220648,0.7580877400853738,0.35452596812986836,0.9706980243949033,0.8931211213221977,0.7783834970737619,0.19463870785196757,0.4667210037270342,0.04380376578722878,0.15428949206754783,0.6830489532424546,0.7447621559078171,0.7739560485559633,0.4388784397520523,0.8585979199113825,0.6973680290593639,0.09417734788764953,0.9756223516367559,0.761139701990353,0.7860643052769538,0.12811363267554587,0.45038593789556713,0.37079802423258124,0.9267649888486018,0.6438651200806645,0.82276161327083,0.44341419882733113,0.2272387217847769,0.5545847870158348,0.06381725610417532,0.7739560485559633,0.4388784397520523,0.8585979199113825,0.6973680290593639,0.09417734788764953,0.9756223516367559,0.761139701990353,0.7860643052769538,0.12811363267554587,0.45038593789556713,0.37079802423258124,0.9267649888486018,0.6438651200806645,0.82276161327083,0.44341419882733113,0.2272387217847769,0.5545847870158348,0.06381725610417532,100.0,11.0,0.0
163,0,42.300000000000324,89.70000000000014,47.56472827349184,0.12338671671892959,55.55295954056083,0.0,37.19047881853309,15.844679880233878,44.85729506300971,19.14988934131066,66.57477967532976,21.79921990939316,0,0,1,0,0.8276311719925821,0.6316643991220648,0.7580877400853738,0.35452596812986836,0.9706980243949033,0.8931211213221977,0.7783834970737619,0.19463870785196757,0.4667210037270342,0.04380376578722878,0.15428949206754783,0.6830489532424546,0.7447621559078171,0.8276311719925821,0.6316643991220648,0.7580877400853738,0.35452596812986836,0.9706980243949033,0.8931211213221977,0.7783834970737619,0.19463870785196757,0.4667210037270342,0.04380376578722878,0.15428949206754783,0.6830489532424546,0.7447621559078171,0.7739560485559633,0.4388784397520523,0.8585979199113825,0.6973680290593639,0.09417734788764953,0.9756223516367559,0.761139701990353,0.7860643052769538,0.12811363267554587,0.45038593789556713,0.37079802423258124,0.9267649888486018,0.6438651200806645,0.82276161327083,0.44341419882733113,0.2272387217847769,0.5545847870158348,0.06381725610417532,0.7739560485559633,0.4388784397520523,0.8585979199113825,0.6973680290593639,0.09417734788764953,0.9756223516367559,0.761139701990353,0.7860643052769538,0.12811363267554587,0.45038593789556713,0.37079802423258124,0.9267649888486018,0.6438651200806645,0.82276161327083,0.44341419882733113,0.2272387217847769,0.5545847870158348,0.06381725610417532,100.0,11.0,0.0
164,0,42.20000000000032,89.60000000000015,43.04253765866078,0.11551251501822433,48.323486895942175,0.0,33.68797815673184,15.886099973054465,44.888474054632525,17.329224050080757,64.1760757380513,19.72703694052974,0,0,1,0,0.8276311719925821,0.6316643991220648,0.7580877400853738,0.35452596812986836,0.9706980243949033,0.8931211213221977,0.7783834970737619,0.19463870785196757,0.4667210037270342,0.04380376578722878,0.15428949206754783,0.6830489532424546,0.7447621559078171,0.8276311719925821,0.6316643991220648,0.7580877400853738,0.35452596812986836,0.9706980243949033,0.8931211213221977,0.7783834970737619,0.19463870785196757,0.4667210037270342,0.04380376578722878,0.15428949206754783,0.6830489532424546,0.7447621559078171,0.7739560485559633,0.4388784397520523,0.8585979199113825,0.6973680290593639,0.09417734788764953,0.9756223516367559,0.761139701990353,0.7860643052769538,0.12811363267554587,0.45038593789556713,0.37079802423258124,0.9267649888486018,0.6438651200806645,0.82276161327083,0.44341419882733113,0.2272387217847769,0.5545847870158348,0.06381725610417532,0.7739560485559633,0.4388784397520523,0.8585979199113825,0.6973680290593639,0.09417734788764953,0.9756223516367559,0.761139701990353,0.7860643052769538,0.12811363267554587,0.45038593789556713,0.37079802423258124,0.9267649888486018,0.6438651200806645,0.82276161327083,0.44341419882733113,0.2272387217847769,0.5545847870158348,0.06381725610417532,100.0,11.0,0.0
165,0,42.10000000000032,89.50000000000016,38.97977683981208,0.10814082326406892,42.74740101796296,0.0,30.515333718233766,15.928193625115757,44.91948124617556,15.693528379671038,62.313417489006234,17.865348182945763,0,0,1,0,0.8276311719925821,0.6316643991220648,0.7580877400853738,0.35452596812986836,0.9706980243949033,0.8931211213221977,0.7783834970737619,0.19463870785196757,0.4667210037270342,0.04380376578722878,0.15428949206754783,0.6830489532424546,0.7447621559078171,0.8276311719925821,0.6316643991220648,0.7580877400853738,0.35452596812986836,0.9706980243949033,0.8931211213221977,0.7783834970737619,0.19463870785196757,0.4667210037270342,0.04380376578722878,0.15428949206754783,0.6830489532424546,0.7447621559078171,0.7739560485559633,0.4388784397520523,0.8585979199113825,0.6973680290593639,0.09417734788764953,0.9756223516367559,0.761139701990353,0.7860643052769538,0.12811363267554587,0.45038593789556713,0.37079802423258124,0.9267649888486018,0.6438651200806645,0.82276161327083,0.44341419882733113,0.2272387217847769,0.5545847870158348,0.06381725610417532,0.7739560485559633,0.4388784397520523,0.8585979199113825,0.6973680290593639,0.09417734788764953,0.9756223516367559,0.761139701990353,0.7860643052769538,0.12811363267554587,0.45038593789556713,0.37079802423258124,0.9267649888486018,0.6438651200806645,0.82276161327083,0.44341419882733113,0.2272387217847769,0.5545847870158348,0.06381725610417532,100.0,11.0,0.0
166,0,42.00000000000032,89.40000000000016,35.30681186479305,0.10123957265050947,38.44943192374347,0.0,27.641480518743943,15.97033660529555,44.950327601448514,14.21476721821343,60.8651494664035,16.18225404816485,0,0,1,0,0.8276311719925821,0.6316643991220648,0.7580877400853738,0.35452596812986836,0.9706980243949033,0.8931211213221977,0.7783834970737619,0.19463870785196757,0.4667210037270342,0.04380376578722878,0.15428949206754783,0.6830489532424546,0.7447621559078171,0.8276311719925821,0.6316643991220648,0.7580877400853738,0.35452596812986836,0.9706980243949033,0.8931211213221977,0.7783834970737619,0.19463870785196757,0.4667210037270342,0.04380376578722878,0.15428949206754783,0.6830489532424546,0.7447621559078171,0.7739560485559633,0.4388784397520523,0.8585979199113825,0.6973680290593639,0.09417734788764953,0.9756223516367559,0.761139701990353,0.7860643052769538,0.12811363267554587,0.45038593789556713,0.37079802423258124,0.9267649888486018,0.6438651200806645,0.82276161327083,0.44341419882733113,0.2272387217847769,0.5545847870158348,0.06381725610417532,0.7739560485559633,0.4388784397520523,0.8585979199113825,0.6973680290593639,0.09417734788764953,0.9756223516367559,0.761139701990353,0.7860643052769538,0.12811363267554587,0.45038593789556713,0.37079802423258124,0.9267649888486018,0.6438651200806645,0.82276161327083,0.44341419882733113,0.2272387217847769,0.5545847870158348,0.06381725610417532,100.0,11.0,0.0
167,0,41.90000000000032,89.30000000000017,31.981292150792456,0.09477874091479464,35.13936126265854,0.0,25.03827919180051,16.01248319802066,44.98102338458084,12.875889927476344,59.73718764012987,14.658352568815312,0,0,1,0,0.8276311719925821,0.6316643991220648,0.7580877400853738,0.35452596812986836,0.9706980243949033,0.8931211213221977,0.7783834970737619,0.19463870785196757,0.4667210037270342,0.04380376578722878,0.15428949206754783,0.6830489532424546,0.7447621559078171,0.8276311719925821,0.6316643991220648,0.7580877400853738,0.35452596812986836,0.9706980243949033,0.8931211213221977,0.7783834970737619,0.19463870785196757,0.4667210037270342,0.04380376578722878,0.15428949206754783,0.6830489532424546,0.7447621559078171,0.7739560485559633,0.4388784397520523,0.8585979199113825,0.6973680290593639,0.09417734788764953,0.9756223516367559,0.761139701990353,0.7860643052769538,0.12811363267554587,0.45038593789556713,0.37079802423258124,0.9267649888486018,0.6438651200806645,0.82276161327083,0.44341419882733113,0.2272387217847769,0.5545847870158348,0.06381725610417532,0.7739560485559633,0.4388784397520523,0.8585979199113825,0.6973680290593639,0.09417734788764953,0.9756223516367559,0.761139701990353,0.7860643052769538,0.12811363267554587,0.45038593789556713,0.37079802423258124,0.9267649888486018,0.6438651200806645,0.82276161327083,0.44341419882733113,0.2272387217847769,0.5545847870158348,0.06381725610417532,100.0,11.0,0.0
168,0,41.80000000000032,89.20000000000017,28.969289489493995,0.08873022173260392,32.5928911883593,0.0,22.680240461846218,16.05463005531056,45.01157820467337,11.663236775587238,58.85681766367465,13.278099914278874,0,0,1,0,0.8276311719925821,0.6316643991220648,0.7580877400853738,0.35452596812986836,0.9706980243949033,0.8931211213221977,0.7783834970737619,0.19463870785196757,0.4667210037270342,0.04380376578722878,0.15428949206754783,0.6830489532424546,0.7447621559078171,0.8276311719925821,0.6316643991220648,0.7580877400853738,0.35452596812986836,0.9706980243949033,0.8931211213221977,0.7783834970737619,0.19463870785196757,0.4667210037270342,0.04380376578722878,0.15428949206754783,0.6830489532424546,0.7447621559078171,0.7739560485559633,0.4388784397520523,0.8585979199113825,0.6973680290593639,0.09417734788764953,0.9756223516367559,0.761139701990353,0.7860643052769538,0.12811363267554587,0.45038593789556713,0.37079802423258124,0.9267649888486018,0.6438651200806645,0.82276161327083,0.44341419882733113,0.2272387217847769,0.5545847870158348,0.06381725610417532,0.7739560485559633,0.4388784397520523,0.8585979199113825,0.6973680290593639,0.09417734788764953,0.9756223516367559,0.761139701990353,0.7860643052769538,0.12811363267554587,0.45038593789556713,0.37079802423258124,0.9267649888486018,0.6438651200806645,0.82276161327083,0.44341419882733113,0.2272387217847769,0.5545847870158348,0.06381725610417532,100.0,11.0,0.0
169,0,41.700000000000315,89.10000000000018,26.241019512645213,0.08306770244811407,30.636679774844865,0.0,20.544275565695383,16.09677693197587,45.04200105760053,10.564816369410096,58.1678437941677,12.027850552549728,0,0,1,0,0.8276311719925821,0.6316643991220648,0.7580877400853738,0.35452596812986836,0.9706980243949033,0.8931211213221977,0.7783834970737619,0.19463870785196757,0.4667210037270342,0.04380376578722878,0.15428949206754783,0.6830489532424546,0.7447621559078171,0.8276311719925821,0.6316643991220648,0.7580877400853738,0.35452596812986836,0.9706980243949033,0.8931211213221977,0.7783834970737619,0.19463870785196757,0.4667210037270342,0.04380376578722878,0.15428949206754783,0.6830489532424546,0.7447621559078171,0.7739560485559633,0.4388784397520523,0.8585979199113825,0.6973680290593639,0.09417734788764953,0.9756223516367559,0.761139701990353,0.7860643052769538,0.12811363267554587,0.45038593789556713,0.37079802423258124,0.9267649888486018,0.6438651200806645,0.82276161327083,0.44341419882733113,0.2272387217847769,0.5545847870158348,0.06381725610417532,0.7739560485559633,0.4388784397520523,0.8585979199113825,0.6973680290593639,0.09417734788764953,0.9756223516367559,0.761139701990353,0.7860643052769538,0.12811363267554587,0.45038593789556713,0.37079802423258124,0.9267649888486018,0.6438651200806645,0.82276161327083,0.44341419882733113,0.2272387217847769,0.5545847870158348,0.06381725610417532,100.0,11.0,0.0
170,0,41.600000000000314,89.00000000000018,23.76970579808263,0.07776654960699735,29.136763676823737,0.0,18.60947017864515,16.138923810060135,45.072300365144706,9.569848335756644,57.62683585515467,10.89533693149756,0,0,1,0,0.8276311719925821,0.6316643991220648,0.7580877400853738,0.35452596812986836,0.9706980243949033,0.8931211213221977,0.7783834970737619,0.19463870785196757,0.4667210037270342,0.04380376578722878,0.15428949206754783,0.6830489532424546,0.7447621559078171,0.8276311719925821,0.6316643991220648,0.7580877400853738,0.35452596812986836,0.9706980243949033,0.8931211213221977,0.7783834970737619,0.19463870785196757,0.4667210037270342,0.04380376578722878,0.15428949206754783,0.6830489532424546,0.7447621559078171,0.7739560485559633,0.4388784397520523,0.8585979199113825,0.6973680290593639,0.09417734788764953,0.9756223516367559,0.761139701990353,0.7860643052769538,0.12811363267554587,0.45038593789556713,0.37079802423258124,0.9267649888486018,0.6438651200806645,0.82276161327083,0.44341419882733113,0.2272387217847769,0.5545847870158348,0.06381725610417532,0.7739560485559633,0.4388784397520523,0.8585979199113825,0.6973680290593639,0.09417734788764953,0.9756223516367559,0.761139701990353,0.7860643052769538,0.12811363267554587,0.45038593789556713,0.37079802423258124,0.9267649888486018,0.6438651200806645,0.82276161327083,0.44341419882733113,0.2272387217847769,0.5545847870158348,0.06381725610417532,100.0,11.0,0.0
171,0,41.50000000000031,88.90000000000019,21.531137070739963,0.07280370179438954,27.989610591292895,0.0,16.856879631626047,16.18107068824832,45.102484011633244,8.66858504744261,57.200228702011614,9.86946664008295,0,0,1,0,0.8276311719925821,0.6316643991220648,0.7580877400853738,0.35452596812986836,0.9706980243949033,0.8931211213221977,0.7783834970737619,0.19463870785196757,0.4667210037270342,0.04380376578722878,0.15428949206754783,0.6830489532424546,0.7447621559078171,0.8276311719925821,0.6316643991220648,0.7580877400853738,0.35452596812986836,0.9706980243949033,0.8931211213221977,0.7783834970737619,0.19463870785196757,0.4667210037270342,0.04380376578722878,0.15428949206754783,0.6830489532424546,0.7447621559078171,0.7739560485559633,0.4388784397520523,0.8585979199113825,0.6973680290593639,0.09417734788764953,0.9756223516367559,0.761139701990353,0.7860643052769538,0.12811363267554587,0.45038593789556713,0.37079802423258124,0.9267649888486018,0.6438651200806645,0.82276161327083,0.44341419882733113,0.2272387217847769,0.5545847870158348,0.06381725610417532,0.7739560485559633,0.4388784397520523,0.8585979199113825,0.6973680290593639,0.09417734788764953,0.9756223516367559,0.761139701990353,0.7860643052769538,0.12811363267554587,0.45038593789556713,0.37079802423258124,0.9267649888486018,0.6438651200806645,0.82276161327083,0.44341419882733113,0.2272387217847769,0.5545847870158348,0.06381725610417532,100.0,11.0,0.0
172,0,41.40000000000031,88.8000000000002,19.503391497173652,0.06815756931164497,27.115204829160803,0.0,15.269343414258167,16.223217566444113,45.13255937823735,7.852200622352387,56.86208076078752,8.940196109119471,0,0,1,0,0.8276311719925821,0.6316643991220648,0.7580877400853738,0.35452596812986836,0.9706980243949033,0.8931211213221977,0.7783834970737619,0.19463870785196757,0.4667210037270342,0.04380376578722878,0.15428949206754783,0.6830489532424546,0.7447621559078171,0.8276311719925821,0.6316643991220648,0.7580877400853738,0.35452596812986836,0.9706980243949033,0.8931211213221977,0.7783834970737619,0.19463870785196757,0.4667210037270342,0.04380376578722878,0.15428949206754783,0.6830489532424546,0.7447621559078171,0.7739560485559633,0.4388784397520523,0.8585979199113825,0.6973680290593639,0.09417734788764953,0.9756223516367559,0.761139701990353,0.7860643052769538,0.12811363267554587,0.45038593789556713,0.37079802423258124,0.9267649888486018,0.6438651200806645,0.82276161327083,0.44341419882733113,0.2272387217847769,0.5545847870158348,0.06381725610417532,0.7739560485559633,0.4388784397520523,0.8585979199113825,0.6973680290593639,0.09417734788764953,0.9756223516367559,0.761139701990353,0.7860643052769538,0.12811363267554587,0.45038593789556713,0.37079802423258124,0.9267649888486018,0.6438651200806645,0.82276161327083,0.44341419882733113,0.2272387217847769,0.5545847870158348,0.06381725610417532,100.0,11.0,0.0
173,0,41.30000000000031,88.7000000000002,17.66661377109829,0.06380794025544564,26.451704064322865,0.0,13.831317147517584,16.26536444464047,45.16253337508217,7.112701176530257,56.59234189590429,8.098428494106443,0,0,1,0,0.8276311719925821,0.6316643991220648,0.7580877400853738,0.35452596812986836,0.9706980243949033,0.8931211213221977,0.7783834970737619,0.19463870785196757,0.4667210037270342,0.04380376578722878,0.15428949206754783,0.6830489532424546,0.7447621559078171,0.8276311719925821,0.6316643991220648,0.7580877400853738,0.35452596812986836,0.9706980243949033,0.8931211213221977,0.7783834970737619,0.19463870785196757,0.4667210037270342,0.04380376578722878,0.15428949206754783,0.6830489532424546,0.7447621559078171,0.7739560485559633,0.4388784397520523,0.8585979199113825,0.6973680290593639,0.09417734788764953,0.9756223516367559,0.761139701990353,0.7860643052769538,0.12811363267554587,0.45038593789556713,0.37079802423258124,0.9267649888486018,0.6438651200806645,0.82276161327083,0.44341419882733113,0.2272387217847769,0.5545847870158348,0.06381725610417532,0.7739560485559633,0.4388784397520523,0.8585979199113825,0.6973680290593639,0.09417734788764953,0.9756223516367559,0.761139701990353,0.7860643052769538,0.12811363267554587,0.45038593789556713,0.37079802423258124,0.9267649888486018,0.6438651200806645,0.82276161327083,0.44341419882733113,0.2272387217847769,0.5545847870158348,0.06381725610417532,100.0,11.0,0.0
174,0,41.20000000000031,88.60000000000021,16.002818931411202,0.05973589259068395,25.951310235409466,0.0,12.528720380771409,16.307511322836856,45.19241247130755,6.442845839957081,56.375514870073374,7.335923803720998,0,0,1,0,0.8276311719925821,0.6316643991220648,0.7580877400853738,0.35452596812986836,0.9706980243949033,0.8931211213221977,0.7783834970737619,0.19463870785196757,0.4667210037270342,0.04380376578722878,0.15428949206754783,0.6830489532424546,0.7447621559078171,0.8276311719925821,0.6316643991220648,0.7580877400853738,0.35452596812986836,0.9706980243949033,0.8931211213221977,0.7783834970737619,0.19463870785196757,0.4667210037270342,0.04380376578722878,0.15428949206754783,0.6830489532424546,0.7447621559078171,0.7739560485559633,0.4388784397520523,0.8585979199113825,0.6973680290593639,0.09417734788764953,0.9756223516367559,0.761139701990353,0.7860643052769538,0.12811363267554587,0.45038593789556713,0.37079802423258124,0.9267649888486018,0.6438651200806645,0.82276161327083,0.44341419882733113,0.2272387217847769,0.5545847870158348,0.06381725610417532,0.7739560485559633,0.4388784397520523,0.8585979199113825,0.6973680290593639,0.09417734788764953,0.9756223516367559,0.761139701990353,0.7860643052769538,0.12811363267554587,0.45038593789556713,0.37079802423258124,0.9267649888486018,0.6438651200806645,0.82276161327083,0.44341419882733113,0.2272387217847769,0.5545847870158348,0.06381725610417532,100.0,11.0,0.0
175,0,41.10000000000031,88.50000000000021,14.495715883891277,0.05592371183461276,25.57707870063987,0.0,11.348798722884414,16.34965820103325,45.22220272321065,5.83607570516283,56.19962095812031,6.645218054312541,0,0,1,0,0.8276311719925821,0.6316643991220648,0.7580877400853738,0.35452596812986836,0.9706980243949033,0.8931211213221977,0.7783834970737619,0.19463870785196757,0.4667210037270342,0.04380376578722878,0.15428949206754783,0.6830489532424546,0.7447621559078171,0.8276311719925821,0.6316643991220648,0.7580877400853738,0.35452596812986836,0.9706980243949033,0.8931211213221977,0.7783834970737619,0.19463870785196757,0.4667210037270342,0.04380376578722878,0.15428949206754783,0.6830489532424546,0.7447621559078171,0.7739560485559633,0.4388784397520523,0.8585979199113825,0.6973680290593639,0.09417734788764953,0.9756223516367559,0.761139701990353,0.7860643052769538,0.12811363267554587,0.45038593789556713,0.37079802423258124,0.9267649888486018,0.6438651200806645,0.82276161327083,0.44341419882733113,0.2272387217847769,0.5545847870158348,0.06381725610417532,0.7739560485559633,0.4388784397520523,0.8585979199113825,0.6973680290593639,0.09417734788764953,0.9756223516367559,0.761139701990353,0.7860643052769538,0.12811363267554587,0.45038593789556713,0.37079802423258124,0.9267649888486018,0.6438651200806645,0.82276161327083,0.44341419882733113,0.2272387217847769,0.5545847870158348,0.06381725610417532,100.0,11.0,0.0
176,0,41.000000000000306,88.40000000000022,13.1305478058213,0.05235481399416718,25.300452440788447,0.0,10.279998957452415,16.39180507922965,45.25190980059232,5.286449573021139,56.05540060008792,6.019550158291807,0,0,1,0,0.8276311719925821,0.6316643991220648,0.7580877400853738,0.35452596812986836,0.9706980243949033,0.8931211213221977,0.7783834970737619,0.19463870785196757,0.4667210037270342,0.04380376578722878,0.15428949206754783,0.6830489532424546,0.7447621559078171,0.8276311719925821,0.6316643991220648,0.7580877400853738,0.35452596812986836,0.9706980243949033,0.8931211213221977,0.7783834970737619,0.19463870785196757,0.4667210037270342,0.04380376578722878,0.15428949206754783,0.6830489532424546,0.7447621559078171,0.7739560485559633,0.4388784397520523,0.8585979199113825,0.6973680290593639,0.09417734788764953,0.9756223516367559,0.761139701990353,0.7860643052769538,0.12811363267554587,0.45038593789556713,0.37079802423258124,0.9267649888486018,0.6438651200806645,0.82276161327083,0.44341419882733113,0.2272387217847769,0.5545847870158348,0.06381725610417532,0.7739560485559633,0.4388784397520523,0.8585979199113825,0.6973680290593639,0.09417734788764953,0.9756223516367559,0.761139701990353,0.7860643052769538,0.12811363267554587,0.45038593789556713,0.37079802423258124,0.9267649888486018,0.6438651200806645,0.82276161327083,0.44341419882733113,0.2272387217847769,0.5545847870158348,0.06381725610417532,100.0,11.0,0.0
177,0,40.900000000000304,88.30000000000022,11.893947637073147,0.04901367342121495,25.099356553521684,0.0,9.311855919351745,16.433951957426046,45.281539011422325,4.788585772458429,55.93569568444325,5.452795723495513,0,0,1,0,0.8276311719925821,0.6316643991220648,0.7580877400853738,0.35452596812986836,0.9706980243949033,0.8931211213221977,0.7783834970737619,0.19463870785196757,0.4667210037270342,0.04380376578722878,0.15428949206754783,0.6830489532424546,0.7447621559078171,0.8276311719925821,0.6316643991220648,0.7580877400853738,0.35452596812986836,0.9706980243949033,0.8931211213221977,0.7783834970737619,0.19463870785196757,0.4667210037270342,0.04380376578722878,0.15428949206754783,0.6830489532424546,0.7447621559078171,0.7739560485559633,0.4388784397520523,0.8585979199113825,0.6973680290593639,0.09417734788764953,0.9756223516367559,0.761139701990353,0.7860643052769538,0.12811363267554587,0.45038593789556713,0.37079802423258124,0.9267649888486018,0.6438651200806645,0.82276161327083,0.44341419882733113,0.2272387217847769,0.5545847870158348,0.06381725610417532,0.7739560485559633,0.4388784397520523,0.8585979199113825,0.6973680290593639,0.09417734788764953,0.9756223516367559,0.761139701990353,0.7860643052769538,0.12811363267554587,0.45038593789556713,0.37079802423258124,0.9267649888486018,0.6438651200806645,0.82276161327083,0.44341419882733113,0.2272387217847769,0.5545847870158348,0.06381725610417532,100.0,11.0,0.0
178,0,40.8000000000003,88.20000000000023,10.773807192681069,0.04588575527188687,24.95672572132959,0.0,8.434890024955287,16.476098835622437,45.31109532493031,4.337609464268534,55.83497218879082,4.9394070924501055,0,0,1,0,0.8276311719925821,0.6316643991220648,0.7580877400853738,0.35452596812986836,0.9706980243949033,0.8931211213221977,0.7783834970737619,0.19463870785196757,0.4667210037270342,0.04380376578722878,0.15428949206754783,0.6830489532424546,0.7447621559078171,0.8276311719925821,0.6316643991220648,0.7580877400853738,0.35452596812986836,0.9706980243949033,0.8931211213221977,0.7783834970737619,0.19463870785196757,0.4667210037270342,0.04380376578722878,0.15428949206754783,0.6830489532424546,0.7447621559078171,0.7739560485559633,0.4388784397520523,0.8585979199113825,0.6973680290593639,0.09417734788764953,0.9756223516367559,0.761139701990353,0.7860643052769538,0.12811363267554587,0.45038593789556713,0.37079802423258124,0.9267649888486018,0.6438651200806645,0.82276161327083,0.44341419882733113,0.2272387217847769,0.5545847870158348,0.06381725610417532,0.7739560485559633,0.4388784397520523,0.8585979199113825,0.6973680290593639,0.09417734788764953,0.9756223516367559,0.761139701990353,0.7860643052769538,0.12811363267554587,0.45038593789556713,0.37079802423258124,0.9267649888486018,0.6438651200806645,0.82276161327083,0.44341419882733113,0.2272387217847769,0.5545847870158348,0.06381725610417532,100.0,11.0,0.0
179,0,40.7000000000003,88.10000000000024,9.75915860461764,0.04295745227616735,24.85936626666863,0.0,7.640514452681008,16.518245713818835,45.34058339322335,3.9291049087498084,55.74895128417671,4.474359029562146,0,0,1,0,0.8276311719925821,0.6316643991220648,0.7580877400853738,0.35452596812986836,0.9706980243949033,0.8931211213221977,0.7783834970737619,0.19463870785196757,0.4667210037270342,0.04380376578722878,0.15428949206754783,0.6830489532424546,0.7447621559078171,0.8276311719925821,0.6316643991220648,0.7580877400853738,0.35452596812986836,0.9706980243949033,0.8931211213221977,0.7783834970737619,0.19463870785196757,0.4667210037270342,0.04380376578722878,0.15428949206754783,0.6830489532424546,0.7447621559078171,0.7739560485559633,0.4388784397520523,0.8585979199113825,0.6973680290593639,0.09417734788764953,0.9756223516367559,0.761139701990353,0.7860643052769538,0.12811363267554587,0.45038593789556713,0.37079802423258124,0.9267649888486018,0.6438651200806645,0.82276161327083,0.44341419882733113,0.2272387217847769,0.5545847870158348,0.06381725610417532,0.7739560485559633,0.4388784397520523,0.8585979199113825,0.6973680290593639,0.09417734788764953,0.9756223516367559,0.761139701990353,0.7860643052769538,0.12811363267554587,0.45038593789556713,0.37079802423258124,0.9267649888486018,0.6438651200806645,0.82276161327083,0.44341419882733113,0.2272387217847769,0.5545847870158348,0.06381725610417532,100.0,11.0,0.0
180,0,40.6000000000003,88.00000000000024,8.840066929618997,0.040216025542676295,24.797076765002547,0.0,6.920951065030255,16.560392592015226,45.370007571523814,3.5590722288710768,55.674324256552644,4.053099523414919,0,0,1,0,0.8276311719925821,0.6316643991220648,0.7580877400853738,0.35452596812986836,0.9706980243949033,0.8931211213221977,0.7783834970737619,0.19463870785196757,0.4667210037270342,0.04380376578722878,0.15428949206754783,0.6830489532424546,0.7447621559078171,0.8276311719925821,0.6316643991220648,0.7580877400853738,0.35452596812986836,0.9706980243949033,0.8931211213221977,0.7783834970737619,0.19463870785196757,0.4667210037270342,0.04380376578722878,0.15428949206754783,0.6830489532424546,0.7447621559078171,0.7739560485559633,0.4388784397520523,0.8585979199113825,0.6973680290593639,0.09417734788764953,0.9756223516367559,0.761139701990353,0.7860643052769538,0.12811363267554587,0.45038593789556713,0.37079802423258124,0.9267649888486018,0.6438651200806645,0.82276161327083,0.44341419882733113,0.2272387217847769,0.5545847870158348,0.06381725610417532,0.7739560485559633,0.4388784397520523,0.8585979199113825,0.6973680290593639,0.09417734788764953,0.9756223516367559,0.761139701990353,0.7860643052769538,0.12811363267554587,0.45038593789556713,0.37079802423258124,0.9267649888486018,0.6438651200806645,0.82276161327083,0.44341419882733113,0.2272387217847769,0.5545847870158348,0.06381725610417532,100.0,11.0,0.0
181,0,40.5000000000003,87.90000000000025,8.007532871037988,0.03764954914112727,24.761968463113046,0.0,6.269154248865502,16.602539470211628,45.3993719371157,3.2238882454153424,55.608532199548556,3.6715052222576303,0,0,1,0,0.8276311719925821,0.6316643991220648,0.7580877400853738,0.35452596812986836,0.9706980243949033,0.8931211213221977,0.7783834970737619,0.19463870785196757,0.4667210037270342,0.04380376578722878,0.15428949206754783,0.6830489532424546,0.7447621559078171,0.8276311719925821,0.6316643991220648,0.7580877400853738,0.35452596812986836,0.9706980243949033,0.8931211213221977,0.7783834970737619,0.19463870785196757,0.4667210037270342,0.04380376578722878,0.15428949206754783,0.6830489532424546,0.7447621559078171,0.7739560485559633,0.4388784397520523,0.8585979199113825,0.6973680290593639,0.09417734788764953,0.9756223516367559,0.761139701990353,0.7860643052769538,0.12811363267554587,0.45038593789556713,0.37079802423258124,0.9267649888486018,0.6438651200806645,0.82276161327083,0.44341419882733113,0.2272387217847769,0.5545847870158348,0.06381725610417532,0.7739560485559633,0.4388784397520523,0.8585979199113825,0.6973680290593639,0.09417734788764953,0.9756223516367559,0.761139701990353,0.7860643052769538,0.12811363267554587,0.45038593789556713,0.37079802423258124,0.9267649888486018,0.6438651200806645,0.82276161327083,0.44341419882733113,0.2272387217847769,0.5545847870158348,0.06381725610417532,100.0,11.0,0.0
182,0,40.4000000000003,87.80000000000025,7.253404662120416,0.03524685822138121,24.74794010081348,0.0,5.678741928208759,16.64468634840802,45.428680307081976,2.9202710005759425,55.549595760615226,3.325841066313943,0,0,1,0,0.8276311719925821,0.6316643991220648,0.7580877400853738,0.35452596812986836,0.9706980243949033,0.8931211213221977,0.7783834970737619,0.19463870785196757,0.4667210037270342,0.04380376578722878,0.15428949206754783,0.6830489532424546,0.7447621559078171,0.8276311719925821,0.6316643991220648,0.7580877400853738,0.35452596812986836,0.9706980243949033,0.8931211213221977,0.7783834970737619,0.19463870785196757,0.4667210037270342,0.04380376578722878,0.15428949206754783,0.6830489532424546,0.7447621559078171,0.7739560485559633,0.4388784397520523,0.8585979199113825,0.6973680290593639,0.09417734788764953,0.9756223516367559,0.761139701990353,0.7860643052769538,0.12811363267554587,0.45038593789556713,0.37079802423258124,0.9267649888486018,0.6438651200806645,0.82276161327083,0.44341419882733113,0.2272387217847769,0.5545847870158348,0.06381725610417532,0.7739560485559633,0.4388784397520523,0.8585979199113825,0.6973680290593639,0.09417734788764953,0.9756223516367559,0.761139701990353,0.7860643052769538,0.12811363267554587,0.45038593789556713,0.37079802423258124,0.9267649888486018,0.6438651200806645,0.82276161327083,0.44341419882733113,0.2272387217847769,0.5545847870158348,0.06381725610417532,100.0,11.0,0.0
183,0,40.300000000000296,87.70000000000026,6.570298247885995,0.03299750044339977,24.75027205115697,0.0,5.143933074071661,16.686833226604413,45.45793625490979,2.6452476226284842,55.49598356704491,3.0127237216656226,0,0,1,0,0.8276311719925821,0.6316643991220648,0.7580877400853738,0.35452596812986836,0.9706980243949033,0.8931211213221977,0.7783834970737619,0.19463870785196757,0.4667210037270342,0.04380376578722878,0.15428949206754783,0.6830489532424546,0.7447621559078171,0.8276311719925821,0.6316643991220648,0.7580877400853738,0.35452596812986836,0.9706980243949033,0.8931211213221977,0.7783834970737619,0.19463870785196757,0.4667210037270342,0.04380376578722878,0.15428949206754783,0.6830489532424546,0.7447621559078171,0.7739560485559633,0.4388784397520523,0.8585979199113825,0.6973680290593639,0.09417734788764953,0.9756223516367559,0.761139701990353,0.7860643052769538,0.12811363267554587,0.45038593789556713,0.37079802423258124,0.9267649888486018,0.6438651200806645,0.82276161327083,0.44341419882733113,0.2272387217847769,0.5545847870158348,0.06381725610417532,0.7739560485559633,0.4388784397520523,0.8585979199113825,0.6973680290593639,0.09417734788764953,0.9756223516367559,0.761139701990353,0.7860643052769538,0.12811363267554587,0.45038593789556713,0.37079802423258124,0.9267649888486018,0.6438651200806645,0.82276161327083,0.44341419882733113,0.2272387217847769,0.5545847870158348,0.06381725610417532,100.0,11.0,0.0
184,0,40.200000000000294,87.60000000000026,5.95152498406922,0.030891690506805687,24.765312666783046,0.0,4.659491099444028,16.72898010480081,45.487143126036216,2.3961252170232235,55.44651054283986,2.729088457696636,0,0,1,0,0.8276311719925821,0.6316643991220648,0.7580877400853738,0.35452596812986836,0.9706980243949033,0.8931211213221977,0.7783834970737619,0.19463870785196757,0.4667210037270342,0.04380376578722878,0.15428949206754783,0.6830489532424546,0.7447621559078171,0.8276311719925821,0.6316643991220648,0.7580877400853738,0.35452596812986836,0.9706980243949033,0.8931211213221977,0.7783834970737619,0.19463870785196757,0.4667210037270342,0.04380376578722878,0.15428949206754783,0.6830489532424546,0.7447621559078171,0.7739560485559633,0.4388784397520523,0.8585979199113825,0.6973680290593639,0.09417734788764953,0.9756223516367559,0.761139701990353,0.7860643052769538,0.12811363267554587,0.45038593789556713,0.37079802423258124,0.9267649888486018,0.6438651200806645,0.82276161327083,0.44341419882733113,0.2272387217847769,0.5545847870158348,0.06381725610417532,0.7739560485559633,0.4388784397520523,0.8585979199113825,0.6973680290593639,0.09417734788764953,0.9756223516367559,0.761139701990353,0.7860643052769538,0.12811363267554587,0.45038593789556713,0.37079802423258124,0.9267649888486018,0.6438651200806645,0.82276161327083,0.44341419882733113,0.2272387217847769,0.5545847870158348,0.06381725610417532,100.0,11.0,0.0
185,0,40.10000000000029,87.50000000000027,5.391026145182496,0.02892026758224195,24.790235880932883,0.0,4.220672585192282,16.77112698299721,45.516304052401644,2.1704644988772577,55.400259324571415,2.4721591438008392,0,0,1,0,0.8276311719925821,0.6316643991220648,0.7580877400853738,0.35452596812986836,0.9706980243949033,0.8931211213221977,0.7783834970737619,0.19463870785196757,0.4667210037270342,0.04380376578722878,0.15428949206754783,0.6830489532424546,0.7447621559078171,0.8276311719925821,0.6316643991220648,0.7580877400853738,0.35452596812986836,0.9706980243949033,0.8931211213221977,0.7783834970737619,0.19463870785196757,0.4667210037270342,0.04380376578722878,0.15428949206754783,0.6830489532424546,0.7447621559078171,0.7739560485559633,0.4388784397520523,0.8585979199113825,0.6973680290593639,0.09417734788764953,0.9756223516367559,0.761139701990353,0.7860643052769538,0.12811363267554587,0.45038593789556713,0.37079802423258124,0.9267649888486018,0.6438651200806645,0.82276161327083,0.44341419882733113,0.2272387217847769,0.5545847870158348,0.06381725610417532,0.7739560485559633,0.4388784397520523,0.8585979199113825,0.6973680290593639,0.09417734788764953,0.9756223516367559,0.761139701990353,0.7860643052769538,0.12811363267554587,0.45038593789556713,0.37079802423258124,0.9267649888486018,0.6438651200806645,0.82276161327083,0.44341419882733113,0.2272387217847769,0.5545847870158348,0.06381725610417532,100.0,11.0,0.0
186,0,40.00000000000029,87.40000000000028,4.883313600436228,0.027074655459344735,24.8228538725633,0.0,3.823180834816763,16.813273861193608,45.54542196607467,1.9660559086887008,55.3565195277143,2.239421071597546,0,0,1,0,0.8276311719925821,0.6316643991220648,0.7580877400853738,0.35452596812986836,0.9706980243949033,0.8931211213221977,0.7783834970737619,0.19463870785196757,0.4667210037270342,0.04380376578722878,0.15428949206754783,0.6830489532424546,0.7447621559078171,0.8276311719925821,0.6316643991220648,0.7580877400853738,0.35452596812986836,0.9706980243949033,0.8931211213221977,0.7783834970737619,0.19463870785196757,0.4667210037270342,0.04380376578722878,0.15428949206754783,0.6830489532424546,0.7447621559078171,0.7739560485559633,0.4388784397520523,0.8585979199113825,0.6973680290593639,0.09417734788764953,0.9756223516367559,0.761139701990353,0.7860643052769538,0.12811363267554587,0.45038593789556713,0.37079802423258124,0.9267649888486018,0.6438651200806645,0.82276161327083,0.44341419882733113,0.2272387217847769,0.5545847870158348,0.06381725610417532,0.7739560485559633,0.4388784397520523,0.8585979199113825,0.6973680290593639,0.09417734788764953,0.9756223516367559,0.761139701990353,0.7860643052769538,0.12811363267554587,0.45038593789556713,0.37079802423258124,0.9267649888486018,0.6438651200806645,0.82276161327083,0.44341419882733113,0.2272387217847769,0.5545847870158348,0.06381725610417532,100.0,11.0,0.0
187,0,39.90000000000029,87.30000000000028,4.423416076643456,0.025346825237963423,24.86147228403429,0.0,3.4631238032988305,16.85542073939,45.5744996120073,1.7808979774095561,55.31474080757626,2.028596336563949,0,0,1,0,0.8276311719925821,0.6316643991220648,0.7580877400853738,0.35452596812986836,0.9706980243949033,0.8931211213221977,0.7783834970737619,0.19463870785196757,0.4667210037270342,0.04380376578722878,0.15428949206754783,0.6830489532424546,0.7447621559078171,0.8276311719925821,0.6316643991220648,0.7580877400853738,0.35452596812986836,0.9706980243949033,0.8931211213221977,0.7783834970737619,0.19463870785196757,0.4667210037270342,0.04380376578722878,0.15428949206754783,0.6830489532424546,0.7447621559078171,0.7739560485559633,0.4388784397520523,0.8585979199113825,0.6973680290593639,0.09417734788764953,0.9756223516367559,0.761139701990353,0.7860643052769538,0.12811363267554587,0.45038593789556713,0.37079802423258124,0.9267649888486018,0.6438651200806645,0.82276161327083,0.44341419882733113,0.2272387217847769,0.5545847870158348,0.06381725610417532,0.7739560485559633,0.4388784397520523,0.8585979199113825,0.6973680290593639,0.09417734788764953,0.9756223516367559,0.761139701990353,0.7860643052769538,0.12811363267554587,0.45038593789556713,0.37079802423258124,0.9267649888486018,0.6438651200806645,0.82276161327083,0.44341419882733113,0.2272387217847769,0.5545847870158348,0.06381725610417532,100.0,11.0,0.0
188,0,39.80000000000029,87.20000000000029,4.0068304819415825,0.023729260400324536,24.904778322873195,0.0,3.1369759880975567,16.897567617586393,45.60353955997622,1.6131777290386446,55.274496580567806,1.8376215380526122,0,0,1,0,0.8276311719925821,0.6316643991220648,0.7580877400853738,0.35452596812986836,0.9706980243949033,0.8931211213221977,0.7783834970737619,0.19463870785196757,0.4667210037270342,0.04380376578722878,0.15428949206754783,0.6830489532424546,0.7447621559078171,0.8276311719925821,0.6316643991220648,0.7580877400853738,0.35452596812986836,0.9706980243949033,0.8931211213221977,0.7783834970737619,0.19463870785196757,0.4667210037270342,0.04380376578722878,0.15428949206754783,0.6830489532424546,0.7447621559078171,0.7739560485559633,0.4388784397520523,0.8585979199113825,0.6973680290593639,0.09417734788764953,0.9756223516367559,0.761139701990353,0.7860643052769538,0.12811363267554587,0.45038593789556713,0.37079802423258124,0.9267649888486018,0.6438651200806645,0.82276161327083,0.44341419882733113,0.2272387217847769,0.5545847870158348,0.06381725610417532,0.7739560485559633,0.4388784397520523,0.8585979199113825,0.6973680290593639,0.09417734788764953,0.9756223516367559,0.761139701990353,0.7860643052769538,0.12811363267554587,0.45038593789556713,0.37079802423258124,0.9267649888486018,0.6438651200806645,0.82276161327083,0.44341419882733113,0.2272387217847769,0.5545847870158348,0.06381725610417532,100.0,11.0,0.0
189,0,39.70000000000029,87.10000000000029,3.6294778137169317,0.02221492411219436,24.95175427610561,0.0,2.84154390915129,16.939714495782788,45.63254421576205,1.461252928846364,55.23545598375563,1.6646275793615597,0,0,1,0,0.8276311719925821,0.6316643991220648,0.7580877400853738,0.35452596812986836,0.9706980243949033,0.8931211213221977,0.7783834970737619,0.19463870785196757,0.4667210037270342,0.04380376578722878,0.15428949206754783,0.6830489532424546,0.7447621559078171,0.8276311719925821,0.6316643991220648,0.7580877400853738,0.35452596812986836,0.9706980243949033,0.8931211213221977,0.7783834970737619,0.19463870785196757,0.4667210037270342,0.04380376578722878,0.15428949206754783,0.6830489532424546,0.7447621559078171,0.7739560485559633,0.4388784397520523,0.8585979199113825,0.6973680290593639,0.09417734788764953,0.9756223516367559,0.761139701990353,0.7860643052769538,0.12811363267554587,0.45038593789556713,0.37079802423258124,0.9267649888486018,0.6438651200806645,0.82276161327083,0.44341419882733113,0.2272387217847769,0.5545847870158348,0.06381725610417532,0.7739560485559633,0.4388784397520523,0.8585979199113825,0.6973680290593639,0.09417734788764953,0.9756223516367559,0.761139701990353,0.7860643052769538,0.12811363267554587,0.45038593789556713,0.37079802423258124,0.9267649888486018,0.6438651200806645,0.82276161327083,0.44341419882733113,0.2272387217847769,0.5545847870158348,0.06381725610417532,100.0,11.0,0.0
190,0,39.600000000000286,87.0000000000003,3.2876632190040067,0.02079722861079163,25.001610663393933,0.0,2.5739348398811175,16.981861373979182,45.661515831615084,1.3236360034145533,55.197362201002655,1.5079213700859795,0,0,1,0,0.8276311719925821,0.6316643991220648,0.7580877400853738,0.35452596812986836,0.9706980243949033,0.8931211213221977,0.7783834970737619,0.19463870785196757,0.4667210037270342,0.04380376578722878,0.15428949206754783,0.6830489532424546,0.7447621559078171,0.8276311719925821,0.6316643991220648,0.7580877400853738,0.35452596812986836,0.9706980243949033,0.8931211213221977,0.7783834970737619,0.19463870785196757,0.4667210037270342,0.04380376578722878,0.15428949206754783,0.6830489532424546,0.7447621559078171,0.7739560485559633,0.4388784397520523,0.8585979199113825,0.6973680290593639,0.09417734788764953,0.9756223516367559,0.761139701990353,0.7860643052769538,0.12811363267554587,0.45038593789556713,0.37079802423258124,0.9267649888486018,0.6438651200806645,0.82276161327083,0.44341419882733113,0.2272387217847769,0.5545847870158348,0.06381725610417532,0.7739560485559633,0.4388784397520523,0.8585979199113825,0.6973680290593639,0.09417734788764953,0.9756223516367559,0.761139701990353,0.7860643052769538,0.12811363267554587,0.45038593789556713,0.37079802423258124,0.9267649888486018,0.6438651200806645,0.82276161327083,0.44341419882733113,0.2272387217847769,0.5545847870158348,0.06381725610417532,100.0,11.0,0.0
191,0,39.500000000000284,86.9000000000003,2.9780398162904373,0.01947000654627966,25.053734567184925,0.0,2.331528483025492,17.024008252175577,45.690456516053146,1.198979475044363,55.160015709297475,1.3659692516057234,0,0,1,0,0.8276311719925821,0.6316643991220648,0.7580877400853738,0.35452596812986836,0.9706980243949033,0.8931211213221977,0.7783834970737619,0.19463870785196757,0.4667210037270342,0.04380376578722878,0.15428949206754783,0.6830489532424546,0.7447621559078171,0.8276311719925821,0.6316643991220648,0.7580877400853738,0.35452596812986836,0.9706980243949033,0.8931211213221977,0.7783834970737619,0.19463870785196757,0.4667210037270342,0.04380376578722878,0.15428949206754783,0.6830489532424546,0.7447621559078171,0.7739560485559633,0.4388784397520523,0.8585979199113825,0.6973680290593639,0.09417734788764953,0.9756223516367559,0.761139701990353,0.7860643052769538,0.12811363267554587,0.45038593789556713,0.37079802423258124,0.9267649888486018,0.6438651200806645,0.82276161327083,0.44341419882733113,0.2272387217847769,0.5545847870158348,0.06381725610417532,0.7739560485559633,0.4388784397520523,0.8585979199113825,0.6973680290593639,0.09417734788764953,0.9756223516367559,0.761139701990353,0.7860643052769538,0.12811363267554587,0.45038593789556713,0.37079802423258124,0.9267649888486018,0.6438651200806645,0.82276161327083,0.44341419882733113,0.2272387217847769,0.5545847870158348,0.06381725610417532,100.0,11.0,0.0
192,0,39.40000000000028,86.80000000000031,2.6975759244883806,0.018227484152165758,25.107649691903696,0.0,2.1119513139696364,17.066155130371968,45.7193682430343,1.0860627679129584,55.12326132753147,1.237381983433869,0,0,1,0,0.8276311719925821,0.6316643991220648,0.7580877400853738,0.35452596812986836,0.9706980243949033,0.8931211213221977,0.7783834970737619,0.19463870785196757,0.4667210037270342,0.04380376578722878,0.15428949206754783,0.6830489532424546,0.7447621559078171,0.8276311719925821,0.6316643991220648,0.7580877400853738,0.35452596812986836,0.9706980243949033,0.8931211213221977,0.7783834970737619,0.19463870785196757,0.4667210037270342,0.04380376578722878,0.15428949206754783,0.6830489532424546,0.7447621559078171,0.7739560485559633,0.4388784397520523,0.8585979199113825,0.6973680290593639,0.09417734788764953,0.9756223516367559,0.761139701990353,0.7860643052769538,0.12811363267554587,0.45038593789556713,0.37079802423258124,0.9267649888486018,0.6438651200806645,0.82276161327083,0.44341419882733113,0.2272387217847769,0.5545847870158348,0.06381725610417532,0.7739560485559633,0.4388784397520523,0.8585979199113825,0.6973680290593639,0.09417734788764953,0.9756223516367559,0.761139701990353,0.7860643052769538,0.12811363267554587,0.45038593789556713,0.37079802423258124,0.9267649888486018,0.6438651200806645,0.82276161327083,0.44341419882733113,0.2272387217847769,0.5545847870158348,0.06381725610417532,100.0,11.0,0.0
193,0,39.30000000000028,86.70000000000032,2.4435253781944906,0.0170642561278922,25.162985487688353,0.0,1.9130533403521395,17.108302008568373,45.748252860543964,0.9837802567913961,55.08697820395614,1.120901143433867,0,0,1,0,0.8276311719925821,0.6316643991220648,0.7580877400853738,0.35452596812986836,0.9706980243949033,0.8931211213221977,0.7783834970737619,0.19463870785196757,0.4667210037270342,0.04380376578722878,0.15428949206754783,0.6830489532424546,0.7447621559078171,0.8276311719925821,0.6316643991220648,0.7580877400853738,0.35452596812986836,0.9706980243949033,0.8931211213221977,0.7783834970737619,0.19463870785196757,0.4667210037270342,0.04380376578722878,0.15428949206754783,0.6830489532424546,0.7447621559078171,0.7739560485559633,0.4388784397520523,0.8585979199113825,0.6973680290593639,0.09417734788764953,0.9756223516367559,0.761139701990353,0.7860643052769538,0.12811363267554587,0.45038593789556713,0.37079802423258124,0.9267649888486018,0.6438651200806645,0.82276161327083,0.44341419882733113,0.2272387217847769,0.5545847870158348,0.06381725610417532,0.7739560485559633,0.4388784397520523,0.8585979199113825,0.6973680290593639,0.09417734788764953,0.9756223516367559,0.761139701990353,0.7860643052769538,0.12811363267554587,0.45038593789556713,0.37079802423258124,0.9267649888486018,0.6438651200806645,0.82276161327083,0.44341419882733113,0.2272387217847769,0.5545847870158348,0.06381725610417532,100.0,11.0,0.0
194,0,39.20000000000028,86.60000000000032,2.213400638579968,0.01597526212435126,25.21945327958828,0.0,1.732887050390166,17.150448886764764,45.77711209863424,0.8911304413025519,55.05107207481546,1.0153868087557958,0,0,1,0,0.8276311719925821,0.6316643991220648,0.7580877400853738,0.35452596812986836,0.9706980243949033,0.8931211213221977,0.7783834970737619,0.19463870785196757,0.4667210037270342,0.04380376578722878,0.15428949206754783,0.6830489532424546,0.7447621559078171,0.8276311719925821,0.6316643991220648,0.7580877400853738,0.35452596812986836,0.9706980243949033,0.8931211213221977,0.7783834970737619,0.19463870785196757,0.4667210037270342,0.04380376578722878,0.15428949206754783,0.6830489532424546,0.7447621559078171,0.7739560485559633,0.4388784397520523,0.8585979199113825,0.6973680290593639,0.09417734788764953,0.9756223516367559,0.761139701990353,0.7860643052769538,0.12811363267554587,0.45038593789556713,0.37079802423258124,0.9267649888486018,0.6438651200806645,0.82276161327083,0.44341419882733113,0.2272387217847769,0.5545847870158348,0.06381725610417532,0.7739560485559633,0.4388784397520523,0.8585979199113825,0.6973680290593639,0.09417734788764953,0.9756223516367559,0.761139701990353,0.7860643052769538,0.12811363267554587,0.45038593789556713,0.37079802423258124,0.9267649888486018,0.6438651200806645,0.82276161327083,0.44341419882733113,0.2272387217847769,0.5545847870158348,0.06381725610417532,100.0,11.0,0.0
195,0,39.10000000000028,86.50000000000033,2.004948436625677,0.014955764730030203,25.276827811003844,0.0,1.5696883437955687,17.192595764961162,45.805947576950025,0.8072061397187268,55.01546927831387,0.9198063968816325,0,0,1,0,0.8276311719925821,0.6316643991220648,0.7580877400853738,0.35452596812986836,0.9706980243949033,0.8931211213221977,0.7783834970737619,0.19463870785196757,0.4667210037270342,0.04380376578722878,0.15428949206754783,0.6830489532424546,0.7447621559078171,0.8276311719925821,0.6316643991220648,0.7580877400853738,0.35452596812986836,0.9706980243949033,0.8931211213221977,0.7783834970737619,0.19463870785196757,0.4667210037270342,0.04380376578722878,0.15428949206754783,0.6830489532424546,0.7447621559078171,0.7739560485559633,0.4388784397520523,0.8585979199113825,0.6973680290593639,0.09417734788764953,0.9756223516367559,0.761139701990353,0.7860643052769538,0.12811363267554587,0.45038593789556713,0.37079802423258124,0.9267649888486018,0.6438651200806645,0.82276161327083,0.44341419882733113,0.2272387217847769,0.5545847870158348,0.06381725610417532,0.7739560485559633,0.4388784397520523,0.8585979199113825,0.6973680290593639,0.09417734788764953,0.9756223516367559,0.761139701990353,0.7860643052769538,0.12811363267554587,0.45038593789556713,0.37079802423258124,0.9267649888486018,0.6438651200806645,0.82276161327083,0.44341419882733113,0.2272387217847769,0.5545847870158348,0.06381725610417532,100.0,11.0,0.0
196,0,39.00000000000028,86.40000000000033,1.8161277102127813,0.014001328862020074,25.334932971688705,0.0,1.4218592585667449,17.234742643157553,45.83476081177494,0.7311856062813896,54.980112125282034,0.8332245575278558,0,0,1,0,0.8276311719925821,0.6316643991220648,0.7580877400853738,0.35452596812986836,0.9706980243949033,0.8931211213221977,0.7783834970737619,0.19463870785196757,0.4667210037270342,0.04380376578722878,0.15428949206754783,0.6830489532424546,0.7447621559078171,0.8276311719925821,0.6316643991220648,0.7580877400853738,0.35452596812986836,0.9706980243949033,0.8931211213221977,0.7783834970737619,0.19463870785196757,0.4667210037270342,0.04380376578722878,0.15428949206754783,0.6830489532424546,0.7447621559078171,0.7739560485559633,0.4388784397520523,0.8585979199113825,0.6973680290593639,0.09417734788764953,0.9756223516367559,0.761139701990353,0.7860643052769538,0.12811363267554587,0.45038593789556713,0.37079802423258124,0.9267649888486018,0.6438651200806645,0.82276161327083,0.44341419882733113,0.2272387217847769,0.5545847870158348,0.06381725610417532,0.7739560485559633,0.4388784397520523,0.8585979199113825,0.6973680290593639,0.09417734788764953,0.9756223516367559,0.761139701990353,0.7860643052769538,0.12811363267554587,0.45038593789556713,0.37079802423258124,0.9267649888486018,0.6438651200806645,0.82276161327083,0.44341419882733113,0.2272387217847769,0.5545847870158348,0.06381725610417532,100.0,11.0,0.0
197,0,38.900000000000276,86.30000000000034,1.6450896190396718,0.013107802472233757,25.393630760025165,0.0,1.2879523245254292,17.27688952135395,45.863553222627516,0.6623244850681852,54.944955318473596,0.7547940164424859,0,0,1,0,0.8276311719925821,0.6316643991220648,0.7580877400853738,0.35452596812986836,0.9706980243949033,0.8931211213221977,0.7783834970737619,0.19463870785196757,0.4667210037270342,0.04380376578722878,0.15428949206754783,0.6830489532424546,0.7447621559078171,0.8276311719925821,0.6316643991220648,0.7580877400853738,0.35452596812986836,0.9706980243949033,0.8931211213221977,0.7783834970737619,0.19463870785196757,0.4667210037270342,0.04380376578722878,0.15428949206754783,0.6830489532424546,0.7447621559078171,0.7739560485559633,0.4388784397520523,0.8585979199113825,0.6973680290593639,0.09417734788764953,0.9756223516367559,0.761139701990353,0.7860643052769538,0.12811363267554587,0.45038593789556713,0.37079802423258124,0.9267649888486018,0.6438651200806645,0.82276161327083,0.44341419882733113,0.2272387217847769,0.5545847870158348,0.06381725610417532,0.7739560485559633,0.4388784397520523,0.8585979199113825,0.6973680290593639,0.09417734788764953,0.9756223516367559,0.761139701990353,0.7860643052769538,0.12811363267554587,0.45038593789556713,0.37079802423258124,0.9267649888486018,0.6438651200806645,0.82276161327083,0.44341419882733113,0.2272387217847769,0.5545847870158348,0.06381725610417532,100.0,11.0,0.0
198,0,38.800000000000274,86.20000000000034,1.4901594416810118,0.012271298484900273,25.45281274518707,0.0,1.1666563903958909,17.31903639955035,45.89232613843657,0.5999485216234104,54.90996318241594,0.6837472814534437,0,0,1,0,0.8276311719925821,0.6316643991220648,0.7580877400853738,0.35452596812986836,0.9706980243949033,0.8931211213221977,0.7783834970737619,0.19463870785196757,0.4667210037270342,0.04380376578722878,0.15428949206754783,0.6830489532424546,0.7447621559078171,0.8276311719925821,0.6316643991220648,0.7580877400853738,0.35452596812986836,0.9706980243949033,0.8931211213221977,0.7783834970737619,0.19463870785196757,0.4667210037270342,0.04380376578722878,0.15428949206754783,0.6830489532424546,0.7447621559078171,0.7739560485559633,0.4388784397520523,0.8585979199113825,0.6973680290593639,0.09417734788764953,0.9756223516367559,0.761139701990353,0.7860643052769538,0.12811363267554587,0.45038593789556713,0.37079802423258124,0.9267649888486018,0.6438651200806645,0.82276161327083,0.44341419882733113,0.2272387217847769,0.5545847870158348,0.06381725610417532,0.7739560485559633,0.4388784397520523,0.8585979199113825,0.6973680290593639,0.09417734788764953,0.9756223516367559,0.761139701990353,0.7860643052769538,0.12811363267554587,0.45038593789556713,0.37079802423258124,0.9267649888486018,0.6438651200806645,0.82276161327083,0.44341419882733113,0.2272387217847769,0.5545847870158348,0.06381725610417532,100.0,11.0,0.0
