generation,fitness,accepted,num_threats_active,mean_child_survival,mean_child_ttd_norm,mean_mother_ttd_norm,mean_child_injury,std_child_survival,mean_u_drift_end,std_u_drift_end,mean_overall_deficit_episode,std_overall_deficit_episode,mean_overall_deficit_end,std_overall_deficit_end,mean_local_deficit_episode,std_local_deficit_episode,mean_local_deficit_end,std_local_deficit_end,mutation_sigma
0,0.77196,True,0,0.0,0.37729999999999997,0.9410999999999999,0.0,0.0,0.0,0.0,1.8783814089971405,0.20123111367552243,1.649791666665804,0.34128842732100295,0.386198593554312,0.15955275796682142,0.0796999999999999,0.2390999999999997,0.0
1,0.8105199999999999,True,0,0.0,0.3684,1.0,0.0,0.0,0.0,0.0,1.8041832790853298,0.12686137058702945,1.5326000000009625,0.0549894535365736,0.297989452319114,0.07101934236832459,0.0,0.0,0.05
2,0.7739,False,0,0.0,0.32799999999999996,0.9650000000000001,0.0,0.0,0.0,0.0,1.808951371433169,0.2865748154626434,1.6571872691582061,0.3444462243113779,0.28436092812347086,0.16731269976595192,0.07950000000000013,0.2385000000000004,0.05
3,0.73163,False,0,0.0,0.3859,0.8798,0.0,0.0,0.0,0.0,1.928651259148214,0.27615008942708524,1.9083589582621425,0.8030758639319381,0.444036728436301,0.2322435686998294,0.2331999999999998,0.4942875276597616,0.05
4,0.7575499999999998,False,0,0.0,0.3414,0.9359,0.0,0.0,0.0,0.0,1.7981508929854697,0.15544894075288987,1.6632555555555555,0.33273688136757923,0.32298119972043926,0.16949850641682768,0.07990000000000017,0.23970000000000044,0.05
5,0.7666499999999999,False,0,0.0,0.35819999999999996,0.9417,0.0,0.0,0.0,0.0,1.8429083907402792,0.17656912638813577,1.6392018280785101,0.3399316085991017,0.33033461002961273,0.17771152516316002,0.09120000000000059,0.23803898840316104,0.05
6,0.74352,False,0,0.0,0.39239999999999997,0.8939999999999999,0.0,0.0,0.0,0.0,1.9184967625066576,0.18750083007897897,1.7679266639367213,0.4498126672961232,0.4097344417296506,0.20016780984589735,0.15950000000000036,0.3190000783698971,0.05
7,0.7903,False,0,0.0,0.301,1.0,0.0,0.0,0.0,0.0,1.7324614959925533,0.1288093202800018,1.5550666666666675,0.058546050251064706,0.24132072597103313,0.11505932618986084,0.012200000000000571,0.036600000000001714,0.05
8,0.7294199999999998,False,0,0.0,0.3671,0.8846999999999999,0.0,0.0,0.0,0.0,1.8729818180667503,0.18480419323825475,2.0486667685527005,1.0312006320245195,0.4160804925575012,0.21207356944215175,0.3284000000000005,0.621119988408037,0.05
9,0.80062,False,0,0.0,0.33540000000000003,1.0,0.0,0.0,0.0,0.0,1.7566112834189256,0.09365978789097247,1.5202888888888897,0.05761053144463754,0.27227047148488365,0.05583073292288654,0.013600000000000478,0.04080000000000143,0.05
10,0.6742499999999999,False,0,0.0,0.333,0.8205,0.0,0.0,0.0,0.0,1.9170688862693557,0.2817241071883595,1.8778889691398128,0.5357187089691918,0.43226793822616927,0.27176005933261693,0.2401000000000006,0.3654538137713167,0.05
11,0.6342499999999999,False,0,0.0,0.3413,0.7597999999999999,0.0,0.0,0.0,0.0,1.9225297046731853,0.2662932135274625,2.2326203864040597,0.91726651681662,0.5024614527613801,0.2928904307680425,0.4687000000000001,0.6207017077469662,0.05
12,0.63283,False,0,0.0,0.33049999999999996,0.7624000000000001,0.0,0.0,0.0,0.0,1.9194472258389215,0.28930274868310546,2.1013100316462774,0.8283944164077574,0.4797213343839566,0.278377687538555,0.3965000000000002,0.5297494218968061,0.05
13,0.73397,False,0,0.0,0.3811,0.8852,0.0,0.0,0.0,0.0,1.9226589416755129,0.20894453004468963,1.743303693243384,0.4599171900939227,0.4395156832320907,0.22245604700990623,0.15970000000000004,0.31940007827175004,0.05
14,0.78464,False,0,0.0,0.39180000000000004,0.9530000000000001,0.0,0.0,0.0,0.0,1.8375572576433137,0.13963299198376955,1.631411111111111,0.33979030952110006,0.3400884063368572,0.11973471423822114,0.07980000000000018,0.23940000000000053,0.05
15,0.8038599999999999,False,0,0.0,0.3462,1.0,0.0,0.0,0.0,0.0,1.7716206694740255,0.1297219731257586,1.5516,0.06964222856859198,0.2780448366563513,0.07756387286236376,0.0,0.0,0.05
16,0.71698,False,0,0.0,0.3513,0.8737,0.0,0.0,0.0,0.0,1.8777859351902368,0.2135915266210791,1.754810216132983,0.4518634493408285,0.4044690316168638,0.2198272218424866,0.15950000000000034,0.31900070532837455,0.05
17,0.6867399999999999,False,0,0.0,0.39540000000000003,0.8116,0.0,0.0,0.0,0.0,1.983440955459649,0.14645500634076355,1.8502196134363083,0.5231067077156268,0.49684486126201016,0.20146783801427404,0.24070000000000036,0.3650739788042965,0.05
18,0.80887,False,0,0.0,0.36289999999999994,1.0,0.0,0.0,0.0,0.0,1.8222608757438468,0.10658593060723702,1.555161284722308,0.06125695609823897,0.31852294843770323,0.04644501435628834,0.0,0.0,0.05
19,0.5546599999999999,False,0,0.0,0.38539999999999996,0.6272,0.0,0.0,0.0,0.0,2.090849337313883,0.21054225838244608,2.491619973236208,0.8781772722756688,0.6603850474333235,0.24228038108726724,0.6427999999999997,0.6037343455527439,0.05
20,0.74485,False,0,0.0,0.36719999999999997,0.9067000000000001,0.0,0.0,0.0,0.0,1.9154490446736123,0.2506817295892157,1.7464666666865358,0.45160668673022586,0.40492790691621244,0.19369981117742838,0.16500000000000076,0.31643419537085454,0.05
21,0.6382599999999999,False,0,0.0,0.36819999999999997,0.754,0.0,0.0,0.0,0.0,1.9803522439665866,0.24083283111183915,1.996430578158249,0.5372540122465898,0.5381886871212204,0.25529552765836394,0.3194999999999999,0.3913065933510448,0.05
22,0.6915,False,0,0.0,0.3765,0.8265,0.0,0.0,0.0,0.0,1.874086268358917,0.1909490986958498,1.867124823847067,0.5071680795767649,0.42512122877657177,0.22690638823341724,0.2391000000000006,0.36523210428438607,0.05
23,0.7977399999999999,False,0,0.0,0.3258,1.0,0.0,0.0,0.0,0.0,1.7443298291004328,0.16435210107772716,1.5281001703686392,0.036079253635113336,0.25534871804158904,0.12219358731270219,0.0,0.0,0.05
24,0.75202,False,0,0.0,0.32180000000000003,0.9364000000000001,0.0,0.0,0.0,0.0,1.7930318603959123,0.150080975104864,1.6687554238176154,0.3307609596531129,0.3183811800956501,0.18763452143892467,0.07990000000000005,0.23970000000000014,0.05
25,0.80416,False,0,0.0,0.3472,1.0,0.0,0.0,0.0,0.0,1.7716080227451378,0.11454262856285025,1.5590988007556363,0.06650615861152556,0.2839296193135715,0.06405581847798456,0.016500000000000882,0.04533265930871619,0.05
26,0.55792,False,0,0.0,0.3419,0.6505,0.0,0.0,0.0,0.0,1.953045827341151,0.18975665745718193,2.2235027037823785,0.5278988931278864,0.542936589565624,0.24216508768380376,0.478300000000001,0.3905322137801191,0.05
27,0.75925,False,0,0.0,0.3452,0.9367000000000001,0.0,0.0,0.0,0.0,1.82088547444758,0.15728938976562407,1.65315555555556,0.3401300992920865,0.33178775589242004,0.15877374383079912,0.0799000000000002,0.23970000000000058,0.05
28,0.70736,False,0,0.0,0.32530000000000003,0.8711,0.0,0.0,0.0,0.0,1.810965049979507,0.17212831624580952,1.9104873233406636,0.7839826718806293,0.39248908761083867,0.2225064554395048,0.23889999999999995,0.5094868889382728,0.05
29,0.76705,False,0,0.0,0.36069999999999997,0.9412,0.0,0.0,0.0,0.0,1.8160677454518226,0.12980238051296156,1.6190111520449342,0.34358416764579874,0.3434552576112459,0.1394798992053989,0.07980000000000022,0.23940000000000064,0.05
30,0.7238000000000001,False,0,0.0,0.33320000000000005,0.8912000000000001,0.0,0.0,0.0,0.0,1.8211893903970016,0.17903164394426832,1.7329135530743986,0.4567126770863237,0.3682455711739546,0.1959392096761212,0.15980000000000036,0.3196000000000007,0.05
31,0.8111499999999999,True,0,0.0,0.3705,1.0,0.0,0.0,0.0,0.0,1.7689167284288743,0.10162531687611823,1.5385,0.0439596405808783,0.30695402948286626,0.07618625280445873,0.0,0.0,0.05
32,0.6671699999999998,False,0,0.0,0.3458,0.8049,0.0,0.0,0.0,0.0,1.8965934073450044,0.20237835660678832,1.8968843446424875,0.5014136950156585,0.43782980187263415,0.23920957123011669,0.23960000000000042,0.36599540980728223,0.05
33,0.75411,False,0,0.0,0.31779999999999997,0.9410999999999999,0.0,0.0,0.0,0.0,1.7957772358560706,0.13050854195229594,1.6578563687377705,0.33640175457904653,0.3144623561615079,0.1421169524296791,0.07990000000000017,0.2397000000000005,0.05
34,0.7287399999999998,False,0,0.0,0.3618,0.8859999999999999,0.0,0.0,0.0,0.0,1.9031005106292156,0.1817556579818588,1.7467555555555552,0.4548281042816544,0.424728386299027,0.19193217381642458,0.1595999999999997,0.31920031328305365,0.05
35,0.8067099999999999,False,0,0.0,0.3557,1.0,0.0,0.0,0.0,0.0,1.8057589685247257,0.1514322855546616,1.5137000000000003,0.03080925185719374,0.2837650075433151,0.1157922241985,0.0,0.0,0.05
36,0.73795,False,0,0.0,0.40790000000000004,0.8794000000000001,0.0,0.0,0.0,0.0,1.9916128869710796,0.20369347872332955,1.8951585657627863,0.7989503595726227,0.47290840328434625,0.20821758352688474,0.24179999999999988,0.5171933487584695,0.05
37,0.8017299999999999,False,0,0.0,0.33909999999999996,1.0,0.0,0.0,0.0,0.0,1.7732640688540162,0.06167722408168972,1.5113000000020826,0.01740143672477123,0.3012086688627617,0.02857494488485732,0.0,0.0,0.05
38,0.78358,False,0,0.0,0.38500000000000006,0.9544,0.0,0.0,0.0,0.0,1.8046349786589855,0.10576031757501823,1.7858949018029222,0.6754457942197172,0.33154420669667306,0.13560971136918515,0.1703000000000012,0.45083967216739107,0.05
39,0.72044,False,0,0.0,0.3584,0.8756,0.0,0.0,0.0,0.0,1.8392837224246654,0.1375634429970095,1.742346094368406,0.4542906514210994,0.39631905533909373,0.19594755268636518,0.15960000000000035,0.3192000000000007,0.05
40,0.6975299999999999,False,0,0.0,0.377,0.8349,0.0,0.0,0.0,0.0,1.941454808707808,0.21335507322286124,1.9010514329303212,0.49478445994018794,0.44938993218816475,0.2206378121206951,0.23970000000000047,0.36614779802697234,0.05
41,0.7731499999999999,False,0,0.0,0.38570000000000004,0.9391999999999999,0.0,0.0,0.0,0.0,1.8697773322526878,0.19831578511341708,1.6256554188542942,0.34206734160892316,0.35419757102570737,0.16512379186275059,0.08470000000000066,0.23852968368737765,0.05
42,0.7580699999999999,False,0,0.0,0.32120000000000004,0.9452999999999999,0.0,0.0,0.0,0.0,1.8317299342229965,0.25258475144509784,1.63038559029127,0.34430757680592705,0.3268732326083177,0.20167215309369638,0.07999999999999996,0.23999999999999988,0.05
43,0.65465,False,0,0.0,0.2973,0.8078,0.0,0.0,0.0,0.0,1.8518933977082803,0.21277123510752682,1.8701660130485802,0.5190560869246964,0.40149846137422757,0.255190520540397,0.23950000000000063,0.36584265743622724,0.05
44,0.7607599999999999,False,0,0.0,0.3493,0.9371,0.0,0.0,0.0,0.0,1.8047479826969082,0.1460823733358218,1.6267551563541898,0.3424118053633432,0.3126401848338757,0.16602160238655816,0.08740000000000084,0.23825163168381552,0.05
45,0.76391,False,0,0.0,0.35910000000000003,0.9374,0.0,0.0,0.0,0.0,1.8436408797191675,0.18041786118245656,1.6389111111111112,0.33797357556143043,0.35667337179596326,0.159136941423682,0.07980000000000007,0.23940000000000022,0.05
46,0.7064199999999999,False,0,0.0,0.3203,0.8718999999999999,0.0,0.0,0.0,0.0,1.831139606929798,0.19075929850364276,1.7577215397562025,0.4481250893721262,0.3768154218559245,0.21898341943944902,0.15940000000000049,0.31880125470267623,0.05
47,0.76871,False,0,0.0,0.37649999999999995,0.9368000000000001,0.0,0.0,0.0,0.0,1.9179812058670902,0.23387411601281408,1.656611111129486,0.3347734972056275,0.372063302309673,0.15083455119481534,0.07980000000000023,0.23940000000000067,0.05
48,0.6758399999999999,False,0,0.0,0.3446,0.8177999999999999,0.0,0.0,0.0,0.0,1.8860332168929237,0.20583877757866798,2.2139989401475235,1.191447582740686,0.430361721924276,0.2378588945453238,0.39030000000000026,0.62767030358302,0.05
49,0.75164,False,0,0.0,0.38539999999999996,0.9086000000000001,0.0,0.0,0.0,0.0,1.9816858856268253,0.38145243813044855,1.8129000000000015,0.4730013584142541,0.43270578919042746,0.24293716350002306,0.21210000000000112,0.3318163498081441,0.05
50,0.7487699999999999,False,0,0.0,0.3609,0.915,0.0,0.0,0.0,0.0,1.859401541162796,0.24138659729260367,1.7721779513941365,0.4430957149239913,0.37732764980490596,0.19749119349509592,0.16790000000000094,0.31645835429010294,0.05
51,0.7575000000000001,False,0,0.0,0.31020000000000003,0.9492,0.0,0.0,0.0,0.0,1.7610421138174317,0.16911322224048958,1.6778000000000002,0.33037306185583587,0.2942534138723099,0.15816707910544311,0.07999999999999997,0.23999999999999994,0.05
52,0.76902,False,0,0.0,0.36750000000000005,0.9410999999999999,0.0,0.0,0.0,0.0,1.8394986154414006,0.1646593498129538,1.6797697987874383,0.34148701874520215,0.3180305984631056,0.15182449477995383,0.11420000000000163,0.23423697402417126,0.05
53,0.8035,False,0,0.0,0.345,1.0,0.0,0.0,0.0,0.0,1.7806580412780857,0.14270782443009247,1.5432444444528575,0.07707819982434413,0.28537524678162035,0.07532938101784385,0.010800000000000438,0.03240000000000132,0.05
54,0.8008299999999999,False,0,0.0,0.33609999999999995,1.0,0.0,0.0,0.0,0.0,1.7679079706159513,0.09822731786463322,1.544341932519204,0.05272080343612346,0.28864488648961484,0.07598244883756554,0.0008000000000002956,0.002400000000000887,0.05
55,0.5958199999999999,False,0,0.0,0.38330000000000003,0.6869,0.0,0.0,0.0,0.0,2.0133539777661857,0.1733561598135117,2.3110170651373405,0.9838555586271345,0.599863634168448,0.2406668173955195,0.48460000000000053,0.5209748938288676,0.05
56,0.8065,False,0,0.0,0.35500000000000004,1.0,0.0,0.0,0.0,0.0,1.8191292240727321,0.16248159568912807,1.5703,0.05123485141971235,0.30616844804536936,0.09764949341324915,0.0,0.0,0.05
57,0.78143,False,0,0.0,0.35309999999999997,0.9650000000000001,0.0,0.0,0.0,0.0,1.838661829682555,0.19255291043448175,1.6580111111111115,0.33563882870331696,0.3191494071009617,0.13270915689252868,0.0798000000000004,0.2394000000000012,0.05
58,0.72087,False,0,0.0,0.354,0.8781000000000001,0.0,0.0,0.0,0.0,1.841370751294909,0.1860579482509055,1.7361355092189996,0.4616950426479723,0.37869295069755715,0.19479834853023717,0.15980000000000089,0.3191008617976464,0.05
59,0.7578399999999998,False,0,0.0,0.3384,0.9376,0.0,0.0,0.0,0.0,1.8056758126410681,0.1313908358811914,1.6298334255642366,0.3418270392264061,0.3338335374195477,0.15773951586262716,0.08290000000000039,0.23886751558133654,0.05
60,0.7297200000000001,False,0,0.0,0.3702,0.8838000000000001,0.0,0.0,0.0,0.0,1.875468668003957,0.2196857344710516,1.7413468704414654,0.4430050501525255,0.3910365925651383,0.20501992407282288,0.1596000000000004,0.31920000000000076,0.05
61,0.7189399999999999,False,0,0.0,0.3527,0.8759,0.0,0.0,0.0,0.0,1.8312633441559658,0.1280652435322745,1.7387103639713153,0.45478962440840776,0.379722550309269,0.18882196987418018,0.15940000000000015,0.3188012547026755,0.05
62,0.8163699999999999,True,0,0.0,0.3879,1.0,0.0,0.0,0.0,0.0,1.7724674485319085,0.07864009134182721,1.5129444444828568,0.02320213122998862,0.28859348489041364,0.06334288634920557,0.005400000000000361,0.01620000000000108,0.05
63,0.80014,False,0,0.0,0.3338,1.0,0.0,0.0,0.0,0.0,1.762706634057372,0.06940042648268753,1.548100003470728,0.05441039160193507,0.24068375924439192,0.03374171993354009,0.0,0.0,0.05
64,0.8037399999999999,False,0,0.0,0.3458,1.0,0.0,0.0,0.0,0.0,1.7755848516337533,0.09857382399221466,1.5480000000000427,0.06673979322723057,0.2462206220064212,0.07438148274631169,0.0,0.0,0.05
65,0.7893399999999999,False,0,0.0,0.29779999999999995,1.0,0.0,0.0,0.0,0.0,1.7140347100384368,0.06072833200175305,1.5805724093974118,0.08974860673041622,0.2213290514100144,0.07097026663370959,0.02160000000000059,0.06480000000000177,0.05
66,0.80455,False,0,0.0,0.3485,1.0,0.0,0.0,0.0,0.0,1.7191215446975199,0.05342949520747686,1.5511888888888896,0.06309189946243442,0.2373026055735991,0.03248919048200387,0.011800000000000452,0.03540000000000136,0.05
67,0.8039799999999999,False,0,0.0,0.3466,1.0,0.0,0.0,0.0,0.0,1.7470301776377206,0.1012648945253802,1.5393000000000001,0.05711050691422729,0.2737329795198905,0.07058510448555773,0.0,0.0,0.05
68,0.7820499999999999,False,0,0.0,0.2735,1.0,0.0,0.0,0.0,0.0,1.6871857569908186,0.0755771432558224,1.5346,0.08239320360320994,0.2007286777496554,0.08089384217664183,0.0,0.0,0.05
69,0.79237,False,0,0.0,0.30790000000000006,1.0,0.0,0.0,0.0,0.0,1.7342802639176036,0.11353959648100284,1.5591923411820583,0.06627996092005922,0.246441920654998,0.0987456684491699,0.0,0.0,0.05
70,0.76162,False,0,0.0,0.3566,0.9352,0.0,0.0,0.0,0.0,1.8388240000490765,0.14678504255016933,1.6818578015539398,0.33264865466304205,0.34397052927940575,0.14378900275036788,0.10130000000000114,0.23929314657967182,0.05
71,0.7687899999999999,False,0,0.0,0.36439999999999995,0.9420999999999999,0.0,0.0,0.0,0.0,1.8139608026747225,0.1517801125978704,1.6367777726531738,0.3374133151260544,0.32457962391079836,0.14524347636549764,0.07950000000000024,0.2385000000000007,0.05
72,0.7501899999999999,False,0,0.0,0.31989999999999996,0.9346,0.0,0.0,0.0,0.0,1.7936645782067706,0.1352653849734227,1.6322755292436835,0.33898119758995154,0.33255900409365446,0.16844054412686502,0.07960000000000009,0.2388000000000003,0.05
73,0.80509,False,0,0.0,0.3503,1.0,0.0,0.0,0.0,0.0,1.7794645580689412,0.08010512565515376,1.5461000000000074,0.057046384635671445,0.27948587639686506,0.037524456473991184,0.0080000000000004,0.0240000000000012,0.05
74,0.79885,False,0,0.0,0.3295,1.0,0.0,0.0,0.0,0.0,1.7186182819885751,0.09475094369395569,1.5145000000132343,0.01817828373681631,0.24151618344214842,0.08991668104175932,0.0,0.0,0.05
75,0.7672699999999999,False,0,0.0,0.35419999999999996,0.9442999999999999,0.0,0.0,0.0,0.0,1.8403626142917389,0.17260022269300934,1.6306555555522073,0.34050129873117174,0.3384841990367651,0.17975805995053085,0.07990000000000022,0.23970000000000063,0.05
76,0.77905,False,0,0.0,0.4021,0.9406000000000001,0.0,0.0,0.0,0.0,1.901222853355663,0.12091306180647245,1.6555149908818874,0.3324885325766421,0.3711690135345742,0.14659897284919834,0.08150000000000034,0.23856036971802339,0.05
77,0.79009,False,0,0.0,0.3003,1.0,0.0,0.0,0.0,0.0,1.7245248390304933,0.06669766099381237,1.5226222222222225,0.03118183231733916,0.2181278517537883,0.06793777903629047,0.0006000000000002928,0.001800000000000878,0.05
78,0.7061099999999999,False,0,0.0,0.323,0.8703,0.0,0.0,0.0,0.0,1.8308866481181483,0.1755668207249511,1.7357361110856329,0.4687347194120467,0.3625476801596245,0.20112912950828093,0.1598000000000003,0.3196000000000006,0.05
79,0.80431,False,0,0.0,0.3477,1.0,0.0,0.0,0.0,0.0,1.767381073988697,0.10759510240439557,1.5127000000000002,0.018346934348822397,0.27264749575481967,0.08150216161128752,0.0,0.0,0.05
80,0.69014,False,0,0.0,0.3673,0.8285,0.0,0.0,0.0,0.0,1.9311360042355143,0.2554877534060103,1.8598479169836157,0.5206186329566749,0.43346389773147803,0.22487412233152249,0.23940000000000072,0.36569036082456535,0.05
81,0.7370200000000001,False,0,0.0,0.3355,0.9091000000000001,0.0,0.0,0.0,0.0,1.8467916709752181,0.24942309672906124,1.758100000000003,0.44839281844118595,0.3336850702911451,0.19240455556059743,0.16800000000000095,0.31597848027990866,0.05
82,0.7587099999999999,False,0,0.0,0.34130000000000005,0.9376,0.0,0.0,0.0,0.0,1.841422489704192,0.19669392194978744,1.6525614755727354,0.33643536159514403,0.32332215681473986,0.18149607868656892,0.07960000000000018,0.23880000000000054,0.05
83,0.79975,False,0,0.0,0.3325,1.0,0.0,0.0,0.0,0.0,1.751831465384901,0.08272287838433123,1.5096,0.028800000000000023,0.25940534081743294,0.048578410747377856,0.0,0.0,0.05
84,0.79831,False,0,0.0,0.3277,1.0,0.0,0.0,0.0,0.0,1.726772628226766,0.07256397493517476,1.5150000000000001,0.018638669480410874,0.24710334335016476,0.0577887928193472,0.0,0.0,0.05
85,0.8046099999999999,False,0,0.0,0.3487,1.0,0.0,0.0,0.0,0.0,1.7778091647938996,0.07850111280687566,1.5355812500000008,0.03792696569147713,0.26987855814026024,0.05249642444933866,0.0016000000000004773,0.004800000000001432,0.05
86,0.7768099999999999,False,0,0.0,0.3867,0.944,0.0,0.0,0.0,0.0,1.8182814509301501,0.16734259237397445,1.6605222222222227,0.3383571239583023,0.3423335285159365,0.14815830255107845,0.07990000000000021,0.23970000000000058,0.05
87,0.8065,False,0,0.0,0.35500000000000004,1.0,0.0,0.0,0.0,0.0,1.7646150797612055,0.1283521149973598,1.570934448656513,0.09831915391801431,0.26739097011547724,0.07204821281644254,0.020000000000000566,0.060000000000001705,0.05
88,0.7975599999999999,False,0,0.0,0.32520000000000004,1.0,0.0,0.0,0.0,0.0,1.751107255154333,0.09187964526283567,1.5484444444445433,0.06242631211640427,0.25820474159553053,0.09077832492732864,0.007200000000000387,0.021600000000001156,0.05
89,0.7906,False,0,0.0,0.30200000000000005,1.0,0.0,0.0,0.0,0.0,1.6980064065615548,0.10103891358076715,1.518800000001604,0.03092507073646197,0.21297007549067132,0.09209387355627643,0.0,0.0,0.05
90,0.75249,False,0,0.0,0.32499999999999996,0.9357,0.0,0.0,0.0,0.0,1.756804313495032,0.12665423223832728,1.6666111111106185,0.334141694826094,0.292711095748486,0.14444850100493617,0.07980000000000029,0.23940000000000086,0.05
91,0.7531,False,0,0.0,0.31629999999999997,0.9403,0.0,0.0,0.0,0.0,1.7529366501388548,0.12030631725295937,1.6408111111109918,0.3378564274293368,0.2879064189447125,0.16411699531459228,0.07980000000000027,0.23940000000000078,0.05
92,0.79258,False,0,0.0,0.30860000000000004,1.0,0.0,0.0,0.0,0.0,1.714599724924288,0.08283010480596556,1.5429012238290576,0.05066981127612562,0.2074972670425291,0.07364632531720057,0.0,0.0,0.05
93,0.7732,False,0,0.0,0.37,0.9460000000000001,0.0,0.0,0.0,0.0,1.821085823056947,0.15595745632032362,1.6609000000000027,0.349897863227771,0.32467441091824123,0.1429745365540265,0.10780000000000185,0.24474386611312848,0.05
94,0.78715,False,0,0.0,0.29050000000000004,1.0,0.0,0.0,0.0,0.0,1.7069534072259067,0.11625915778995026,1.5420666666818437,0.07647552985658498,0.21862108837359698,0.11766952338841523,0.015800000000000508,0.04740000000000153,0.05
95,0.7211000000000001,False,0,0.0,0.3375,0.8855000000000001,0.0,0.0,0.0,0.0,1.824352379896721,0.17430027479463064,1.7416666666666671,0.45495754244995124,0.36292383344621737,0.2014151293217927,0.15970000000000018,0.3194000782717503,0.05
96,0.79504,False,0,0.0,0.3168,1.0,0.0,0.0,0.0,0.0,1.7690912535335368,0.16401624608069487,1.533100000010523,0.04947211338284975,0.26919992055460895,0.11284918389071419,0.0,0.0,0.05
97,0.74915,False,0,0.0,0.3141,0.9356,0.0,0.0,0.0,0.0,1.7692542995429086,0.1764236307164736,1.6408111111111157,0.3373519905907697,0.28296117335174725,0.17037684794466795,0.07980000000000029,0.23940000000000083,0.05
98,0.72329,False,0,0.0,0.34130000000000005,0.8870000000000001,0.0,0.0,0.0,0.0,1.9102990591074682,0.21099958229656512,1.7529000000000008,0.45243740294127766,0.3759291522758005,0.20000980450159958,0.15970000000000045,0.3194000782717508,0.05
99,0.80977,False,0,0.0,0.36590000000000006,1.0,0.0,0.0,0.0,0.0,1.818581657567854,0.14779118254826498,1.5196000001198138,0.046759384431850515,0.2800600182041249,0.08847360419299945,0.0,0.0,0.05
100,0.7959999999999999,False,0,0.0,0.32,1.0,0.0,0.0,0.0,0.0,1.72381251085565,0.10738336090441916,1.5061,0.01307249019888711,0.24134455291996443,0.0678526310369347,0.0,0.0,0.05
101,0.8008,False,0,0.0,0.33599999999999997,1.0,0.0,0.0,0.0,0.0,1.7289959473922978,0.09338921141265014,1.5456000000206125,0.04573445095707514,0.24214098770583842,0.08853286951320562,0.0,0.0,0.05
102,0.7959999999999999,False,0,0.0,0.32000000000000006,1.0,0.0,0.0,0.0,0.0,1.7389917681981157,0.11134194270919634,1.5344889219495994,0.05341826217576423,0.26167326637173594,0.074928151311788,0.011800000000000565,0.035400000000001694,0.05
103,0.7403899999999999,False,0,0.0,0.27859999999999996,0.9382999999999999,0.0,0.0,0.0,0.0,1.7471460150173947,0.15356432534419462,1.6779730410272564,0.33049036908238294,0.2724476614188935,0.17242065671318127,0.07980000000000034,0.23940000000000106,0.05
104,0.76925,False,0,0.0,0.3426,0.9521000000000001,0.0,0.0,0.0,0.0,1.8147648065494066,0.11652565380714144,1.638911111111112,0.3389524122613358,0.3106215548775842,0.11804471633923087,0.08020000000000058,0.23926963869241819,0.05
105,0.6698099999999999,False,0,0.0,0.32520000000000004,0.8174999999999999,0.0,0.0,0.0,0.0,1.8359156136193147,0.21898266605438887,1.8748776404005003,0.508328355280492,0.41520446476658124,0.24570998379079118,0.2395000000000001,0.3658423840945716,0.05
106,0.77077,False,0,0.0,0.37100000000000005,0.9420999999999999,0.0,0.0,0.0,0.0,1.8287099876413797,0.13971140121406983,1.615055555555556,0.3451666666666677,0.3415639181688487,0.13894110714721383,0.0799000000000002,0.23970000000000058,0.05
107,0.7948299999999999,False,0,0.0,0.3161,1.0,0.0,0.0,0.0,0.0,1.7248321583495394,0.0756235836864002,1.6057555555555574,0.15410449236768606,0.23738931618892156,0.05672932616926735,0.045600000000001216,0.10720373127834934,0.05
108,0.77392,False,0,0.0,0.3731,0.9457000000000001,0.0,0.0,0.0,0.0,1.8427319008403864,0.19963305097475428,1.6524888888888902,0.33728952723911565,0.3192153749225328,0.1585694479257566,0.09270000000000081,0.23850620537000822,0.05
109,0.80041,False,0,0.0,0.3347,1.0,0.0,0.0,0.0,0.0,1.7451551765819346,0.05242658042410636,1.5453003327980679,0.05326017666580408,0.264619508996766,0.04439988557518446,0.0,0.0,0.05
110,0.7706799999999999,False,0,0.0,0.377,0.9394,0.0,0.0,0.0,0.0,1.8703377163604475,0.15860853275962067,1.6305556493518458,0.3438012326228101,0.34618977192466277,0.1480235847921733,0.07960000000000036,0.23880000000000107,0.05
111,0.79174,False,0,0.0,0.3058,1.0,0.0,0.0,0.0,0.0,1.7172769785975255,0.0794172011358915,1.5280002350622581,0.0335684019646242,0.23439032451340552,0.06057335776499524,0.0,0.0,0.05
112,0.8165499999999999,True,0,0.0,0.38849999999999996,1.0,0.0,0.0,0.0,0.0,1.8064002472092018,0.05831646365210992,1.5355000000000003,0.06768936400942235,0.30237686133199315,0.038182161971181974,0.0,0.0,0.05
113,0.76699,False,0,0.0,0.35070000000000007,0.9454,0.0,0.0,0.0,0.0,1.8173840193908977,0.1654152267006386,1.6424888836503317,0.34327858202221956,0.3064598824895458,0.1685398768735853,0.07990000000000037,0.2397000000000011,0.05
114,0.79648,False,0,0.0,0.3216,1.0,0.0,0.0,0.0,0.0,1.75615705063584,0.11361281978308198,1.5172888888902967,0.027785207898797234,0.26706808940604343,0.09449752599598892,0.006400000000000375,0.019200000000001126,0.05
115,0.70031,False,0,0.0,0.30040000000000006,0.8717,0.0,0.0,0.0,0.0,1.8659775610157325,0.23082394130537393,1.7439219683377138,0.4536087069443044,0.3477097846006341,0.23151855282023623,0.15960000000000069,0.31920000000000137,0.05
116,0.7550699999999999,False,0,0.0,0.31120000000000003,0.9452999999999999,0.0,0.0,0.0,0.0,1.7993029565643481,0.21364420011363427,1.6405998635009955,0.33990963956761633,0.299507262360475,0.18716682586899636,0.07970000000000028,0.2391000000000008,0.05
117,0.7906,False,0,0.0,0.302,1.0,0.0,0.0,0.0,0.0,1.717154186162086,0.08030750755340507,1.5205,0.03550844969862812,0.23487579315789323,0.08737413325927083,0.0,0.0,0.05
118,0.8020299999999999,False,0,0.0,0.34009999999999996,1.0,0.0,0.0,0.0,0.0,1.7990884132477305,0.13324918117442353,1.5472000000366921,0.06003798804260794,0.2953844830644129,0.06080124268142012,0.0,0.0,0.05
119,0.78652,False,0,0.0,0.28840000000000005,1.0,0.0,0.0,0.0,0.0,1.6929060613784404,0.07704366762706626,1.5437666666669176,0.055486544915916286,0.1904374164968176,0.08023270807725869,0.012200000000000457,0.036600000000001374,0.05
120,0.8133999999999999,False,0,0.0,0.37799999999999995,1.0,0.0,0.0,0.0,0.0,1.7960120302094538,0.056625395421168616,1.5301054713673077,0.03471028801870938,0.3019392342011139,0.03531068635564908,0.0017000000000004152,0.005100000000001246,0.05
121,0.7997799999999999,False,0,0.0,0.33260000000000006,1.0,0.0,0.0,0.0,0.0,1.7637987696438842,0.1250963435585297,1.5129000000000001,0.019086382580258607,0.27723513936036415,0.10081200664623248,0.0,0.0,0.05
122,0.7991799999999999,False,0,0.0,0.33059999999999995,1.0,0.0,0.0,0.0,0.0,1.7522669030165823,0.12766666720700895,1.5274000000055978,0.04638146182984443,0.26432717904673064,0.08953375297970141,0.0,0.0,0.05
123,0.80077,False,0,0.0,0.3359,1.0,0.0,0.0,0.0,0.0,1.7543848583275756,0.09730431056494644,1.5225,0.04516027014976772,0.2630358260384574,0.05304763121443557,0.0,0.0,0.05
124,0.8000799999999999,False,0,0.0,0.3336,1.0,0.0,0.0,0.0,0.0,1.7363177677489539,0.06264456052278734,1.5115,0.01768756625429284,0.25327761905315277,0.05779375966397904,0.0,0.0,0.05
125,0.7606,False,0,0.0,0.3287,0.9457000000000001,0.0,0.0,0.0,0.0,1.808944926723448,0.23577229931423035,1.6457919325351908,0.33654834619779306,0.28420964874669147,0.18216466250181332,0.08290000000000072,0.2388675155813375,0.05
126,0.8003499999999999,False,0,0.0,0.33449999999999996,1.0,0.0,0.0,0.0,0.0,1.7124889854960013,0.06696091934027011,1.546848090280766,0.062091249901411065,0.25632576147640546,0.04964085793787249,0.013800000000000623,0.04140000000000187,0.05
127,0.79435,False,0,0.0,0.3145,1.0,0.0,0.0,0.0,0.0,1.7291261277715233,0.06238967120758691,1.5339222222222229,0.049962530404740024,0.25097627861537075,0.04885852754497163,0.009400000000000418,0.028200000000001252,0.05
128,0.77115,False,0,0.0,0.3872,0.9357,0.0,0.0,0.0,0.0,1.8916891449218536,0.2210289713610944,1.627126907027872,0.34114783345356675,0.36843766284898605,0.1532798233184446,0.07980000000000023,0.23940000000000067,0.05
129,0.81238,False,0,0.0,0.37460000000000004,1.0,0.0,0.0,0.0,0.0,1.8485476421421771,0.11183244613165577,1.5187494801839194,0.032844144244721096,0.3211530591470501,0.057210878124579305,0.0,0.0,0.05
130,0.7585899999999999,False,0,0.0,0.35350000000000004,0.9321999999999999,0.0,0.0,0.0,0.0,1.8298044461749357,0.13316705948701618,1.641131541315879,0.3444513143143153,0.35528010235690377,0.16998660553426603,0.08130000000000032,0.23796052193588746,0.05
131,0.80089,False,0,0.0,0.3363,1.0,0.0,0.0,0.0,0.0,1.7528050524989873,0.09107358373437295,1.5385723958333342,0.05715371679970998,0.2793933200948691,0.05438439180639287,0.012200000000000457,0.036600000000001374,0.05
132,0.7586099999999999,False,0,0.0,0.3832,0.9195,0.0,0.0,0.0,0.0,1.879293561555793,0.23982159645879667,1.7426666615259783,0.4612845515271044,0.36829072984010663,0.18240740660071528,0.15940000000000037,0.318801254702676,0.05
133,0.8014899999999999,False,0,0.0,0.3383,1.0,0.0,0.0,0.0,0.0,1.735406897103521,0.08398465141876466,1.5171,0.017426703646989544,0.2520511148801354,0.05797969191242467,0.0,0.0,0.05
134,0.7678299999999999,False,0,0.0,0.33740000000000003,0.9522999999999999,0.0,0.0,0.0,0.0,1.7978082166182663,0.19927987412306358,1.667055634805903,0.3333422246546361,0.3070341471195156,0.171265569062575,0.07990000000000021,0.23970000000000058,0.05
135,0.7698499999999999,False,0,0.0,0.3852,0.9347,0.0,0.0,0.0,0.0,1.9006369877628255,0.18688842226128452,1.6609612847711372,0.3355157077423974,0.3773022947671473,0.15758486099057453,0.09320000000000078,0.2358799694760025,0.05
136,0.7265999999999999,False,0,0.0,0.3577,0.8846999999999999,0.0,0.0,0.0,0.0,1.8513000405473263,0.1727299206011838,1.7652157180682473,0.44962803501430004,0.38218927815033615,0.18301843565152248,0.1593000000000003,0.31860007846828975,0.05
137,0.8086599999999999,False,0,0.0,0.3622,1.0,0.0,0.0,0.0,0.0,1.8143705256805593,0.09564448894288376,1.5589111111175742,0.0609677874984528,0.3104453258840534,0.05344274931751172,0.010500000000000797,0.03150000000000239,0.05
138,0.7903899999999999,False,0,0.0,0.3013,1.0,0.0,0.0,0.0,0.0,1.6885952569399456,0.06977021077361018,1.5140999999999998,0.03193258523827974,0.20765428101837907,0.07596525000810479,0.0,0.0,0.05
139,0.71362,False,0,0.0,0.3268,0.8794000000000001,0.0,0.0,0.0,0.0,1.8179961981735482,0.17520925640460777,1.7704111111111143,0.44498758215438505,0.35479365526125284,0.18368002729208618,0.1598000000000004,0.3196000000000008,0.05
140,0.7961199999999999,False,0,0.0,0.32039999999999996,1.0,0.0,0.0,0.0,0.0,1.7184847553328755,0.11531039422139511,1.55080000000003,0.06316929633933309,0.23794502875390527,0.06716161707942367,0.0,0.0,0.05
141,0.74999,False,0,0.0,0.32459999999999994,0.9323,0.0,0.0,0.0,0.0,1.772059257775733,0.1089877674736732,1.6289965277517353,0.35039421854127745,0.308501645710615,0.14006072327188074,0.07980000000000013,0.23940000000000045,0.05
142,0.74678,False,0,0.0,0.3062,0.9356,0.0,0.0,0.0,0.0,1.779589197879745,0.18394732219866197,1.645011111111112,0.34065336079690006,0.26821571354856427,0.16020935874383638,0.09500000000000089,0.23867509296112277,0.05
143,0.67865,False,0,0.0,0.3584,0.8159000000000001,0.0,0.0,0.0,0.0,1.8835673861193534,0.16571339734333268,1.8614795658574543,0.5169501898685365,0.431065843831132,0.21166692735371034,0.23950000000000043,0.3658423840945722,0.05
144,0.81253,False,0,0.0,0.37510000000000004,1.0,0.0,0.0,0.0,0.0,1.8033763771591498,0.17661264485430225,1.5235000000226095,0.046355690114012235,0.3069763332879506,0.10692233981261771,0.0,0.0,0.05
145,0.76698,False,0,0.0,0.36,0.9414,0.0,0.0,0.0,0.0,1.8640237071829755,0.23190836067529152,1.6433555555555557,0.3379101853057019,0.34522645023815657,0.1780022157611737,0.07990000000000017,0.2397000000000005,0.05
146,0.72509,False,0,0.0,0.3529,0.8846,0.0,0.0,0.0,0.0,1.8756666092242873,0.21348166785165562,1.7537694466058322,0.45292608693763814,0.3787643900872141,0.19978078238061037,0.16430000000000078,0.3173918871048856,0.05
147,0.6827300000000001,False,0,0.0,0.3293,0.8342,0.0,0.0,0.0,0.0,1.8742008187523642,0.26077914712034594,1.8450222222222235,0.527030281885864,0.3891031859316766,0.23781030677262524,0.23960000000000078,0.3659951365797104,0.05
148,0.7491899999999999,False,0,0.0,0.31329999999999997,0.9359999999999999,0.0,0.0,0.0,0.0,1.7902183554341213,0.13299136785308627,1.6290555555555557,0.3415416112602125,0.3150484979328185,0.16753028626233804,0.07989999999999994,0.23969999999999983,0.05
149,0.8110299999999999,False,0,0.0,0.3701,1.0,0.0,0.0,0.0,0.0,1.8308887041497688,0.1346784772093021,1.528100000000001,0.03398661501238602,0.3327598706816546,0.0835772858223888,0.0,0.0,0.05
150,0.7636000000000001,False,0,0.0,0.3611,0.9361,0.0,0.0,0.0,0.0,1.8051127367563917,0.15135003987068044,1.648296981643727,0.33567216048893933,0.3363884446990218,0.15685065488224811,0.07950000000000018,0.23850000000000052,0.05
151,0.5849399999999999,False,0,0.0,0.3412,0.6894,0.0,0.0,0.0,0.0,1.9912598311691099,0.20383641133470784,2.091207663068053,0.562361215460153,0.54330468335301,0.2520753389453135,0.3992000000000001,0.3992009018025887,0.05
152,0.8086,False,0,0.0,0.362,1.0,0.0,0.0,0.0,0.0,1.799782146590293,0.12579668462906443,1.5292,0.03449869562751617,0.29553071579495044,0.08139437767715661,0.0,0.0,0.05
153,0.76363,False,0,0.0,0.3311,0.9490000000000001,0.0,0.0,0.0,0.0,1.801985240274957,0.12031135064439125,1.6400111111111113,0.3380461852074859,0.32723821663823066,0.12466209102191127,0.07980000000000018,0.23940000000000056,0.05
154,0.76724,False,0,0.0,0.373,0.9362,0.0,0.0,0.0,0.0,1.8579070062630856,0.17339393895107663,1.6718390624999926,0.33486366531795947,0.35489413288074717,0.14900796259194624,0.08800000000000065,0.23822720247696366,0.05
155,0.7669999999999999,False,0,0.0,0.36239999999999994,0.9404,0.0,0.0,0.0,0.0,1.8095440197067263,0.11406190776987514,1.6532555555551032,0.3355380755183443,0.34697619401691693,0.1472415706189502,0.09060000000000046,0.23798831904108247,0.05
156,0.75726,False,0,0.0,0.3367,0.9375,0.0,0.0,0.0,0.0,1.8316095863539796,0.22587928354470668,1.6452555555555555,0.3411143975592685,0.343857319681961,0.1785076788118086,0.07990000000000017,0.23970000000000044,0.05
157,0.71137,False,0,0.0,0.33049999999999996,0.8746,0.0,0.0,0.0,0.0,1.8372785707679817,0.16584126390533843,1.772547311155178,0.4445195432684223,0.3494967562781369,0.19852744059217983,0.15960000000000032,0.3192003132830549,0.05
158,0.74795,False,0,0.0,0.30589999999999995,0.9374,0.0,0.0,0.0,0.0,1.7674781655051324,0.1696238511943013,1.6238555555555536,0.34260386746211174,0.28052852974664444,0.17148423643349514,0.07990000000000028,0.23970000000000077,0.05
159,0.80011,False,0,0.0,0.3337,1.0,0.0,0.0,0.0,0.0,1.7652401679758145,0.08849559576749647,1.5422777777777787,0.08776993284212734,0.2516997264245627,0.07579720102331358,0.02100000000000058,0.06300000000000175,0.05
160,0.71071,False,0,0.0,0.3199,0.8782,0.0,0.0,0.0,0.0,1.8429851027225415,0.20032870719287157,1.7639580628495555,0.44894910457232773,0.34442501287859206,0.22450991217635302,0.15940000000000037,0.31880031367613254,0.05
161,0.7998099999999999,False,0,0.0,0.33270000000000005,1.0,0.0,0.0,0.0,0.0,1.7873683508458285,0.14168798944779523,1.5089000000000001,0.017868687696638495,0.2940088943907768,0.07784254959585869,0.0,0.0,0.05
162,0.77196,False,0,0.0,0.3787,0.9405000000000001,0.0,0.0,0.0,0.0,1.8240840358627914,0.17863780434467433,1.6413534722219907,0.33997256598880937,0.3257464394022323,0.17648199760029795,0.07980000000000022,0.23940000000000064,0.05
163,0.81346,False,0,0.0,0.3782,1.0,0.0,0.0,0.0,0.0,1.808298258916612,0.07898586695016807,1.5145,0.032240502477473905,0.3121322788210768,0.054845579545239456,0.0,0.0,0.05
164,0.7490500000000001,False,0,0.0,0.3119,0.9364000000000001,0.0,0.0,0.0,0.0,1.7728941711066188,0.17632013035484684,1.617446527774441,0.34397126486189955,0.30647884319002194,0.17462096904425142,0.08180000000000051,0.23880778881770218,0.05
165,0.7033699999999999,False,0,0.0,0.30219999999999997,0.8753,0.0,0.0,0.0,0.0,1.7944478936058275,0.19704960368034494,1.7452222218638884,0.45290741903440873,0.34588683236566126,0.20723240442130908,0.1596000000000001,0.31920000000000015,0.05
166,0.80392,False,0,0.0,0.3464,1.0,0.0,0.0,0.0,0.0,1.7400393989932859,0.09034519286927027,1.5304354166666672,0.040269948957783644,0.2621806680438797,0.0578500151529802,0.0020000000000003127,0.006000000000000937,0.05
167,0.7523,False,0,0.0,0.3694,0.9164,0.0,0.0,0.0,0.0,1.909565743481738,0.27289208176255525,1.7592110747837175,0.4479391168452081,0.4000707853957641,0.19744240740455438,0.15980000000000052,0.31960000000000105,0.05
168,0.80704,False,0,0.0,0.3568,1.0,0.0,0.0,0.0,0.0,1.7881769595259844,0.13458031386558508,1.5141,0.022033837613997218,0.2668174253769591,0.08179026306227886,0.0,0.0,0.05
169,0.76866,False,0,0.0,0.3628,0.9426,0.0,0.0,0.0,0.0,1.8615269214809689,0.21070704312254523,1.6491777093284328,0.3377321341958749,0.34599228947925387,0.1658244551027666,0.09460000000000085,0.23789754097089796,0.05
170,0.7251799999999999,False,0,0.0,0.3735,0.8759,0.0,0.0,0.0,0.0,1.8416517987500385,0.16302728398898028,1.7525888911141814,0.4499432329066573,0.388518036001635,0.18371877385544694,0.17610000000000145,0.3121917519730465,0.05
171,0.76722,False,0,0.0,0.3615,0.9410999999999999,0.0,0.0,0.0,0.0,1.824753258371222,0.14198697155265896,1.6671555874083015,0.33237256898054063,0.32812244149308933,0.141592616084451,0.07990000000000025,0.23970000000000075,0.05
172,0.78757,False,0,0.0,0.2919,1.0,0.0,0.0,0.0,0.0,1.7133389417451554,0.07977995016981348,1.5198666666670397,0.034792144708096766,0.2065626591885655,0.07380207628060582,0.00680000000000038,0.020400000000001143,0.05
173,0.79657,False,0,0.0,0.32189999999999996,1.0,0.0,0.0,0.0,0.0,1.741696620339478,0.09746629595831319,1.5087,0.01772032731074682,0.248705909616496,0.06424387900436593,0.0,0.0,0.05
174,0.8047,False,0,0.0,0.34900000000000003,1.0,0.0,0.0,0.0,0.0,1.747523078237176,0.063441060573158,1.5338000000000036,0.06176860043743982,0.26309999331050204,0.04048561141942175,0.0,0.0,0.05
175,0.6174900000000001,False,0,0.0,0.3594,0.7281000000000001,0.0,0.0,0.0,0.0,1.951354053716825,0.268543337846366,2.0723290630486693,0.5723866677684318,0.48195692128041695,0.2354763098565255,0.39920000000000133,0.39920040080140334,0.05
176,0.7553,False,0,0.0,0.322,0.9410000000000001,0.0,0.0,0.0,0.0,1.7960488701717279,0.1496069026872129,1.646544506644562,0.341367177939746,0.29763524423792365,0.17983973889233154,0.07950000000000017,0.23850000000000052,0.05
177,0.8173299999999999,True,0,0.0,0.3911,1.0,0.0,0.0,0.0,0.0,1.8438427536682014,0.17407370732804128,1.524000000000331,0.051708800025644146,0.3076856004215924,0.10297357175633517,0.0,0.0,0.05
178,0.80011,False,0,0.0,0.3337,1.0,0.0,0.0,0.0,0.0,1.7533251325466903,0.08808122417497215,1.565202951664396,0.08193200008438185,0.24317649804514993,0.03748649535353334,0.0,0.0,0.05
179,0.7957,False,0,0.0,0.31900000000000006,1.0,0.0,0.0,0.0,0.0,1.7611570742174425,0.12571441377324863,1.5730444708203863,0.07982826863411405,0.23486669880662464,0.11433232947738094,0.004500000000000469,0.013500000000001407,0.05
180,0.78601,False,0,0.0,0.28670000000000007,1.0,0.0,0.0,0.0,0.0,1.714838804858342,0.07577640434493463,1.5617,0.07103527292831364,0.20833465535703413,0.09465324388733846,0.0,0.0,0.05
181,0.68842,False,0,0.0,0.37370000000000003,0.8233,0.0,0.0,0.0,0.0,1.8931453635767634,0.19920829123888903,1.8466065050369131,0.5193517762584168,0.4311051648716816,0.22735043619437573,0.2405000000000014,0.36412367404496,0.05
182,0.71005,False,0,0.0,0.2967000000000001,0.8872,0.0,0.0,0.0,0.0,1.8348944517114023,0.2943323687983568,1.7640611111111035,0.44814355903678826,0.2987595097142153,0.2217056077899506,0.15940000000000085,0.3188012547026769,0.05
183,0.80038,False,0,0.0,0.3346,1.0,0.0,0.0,0.0,0.0,1.7345476017313728,0.09908648926356997,1.541088897524947,0.06518438820840507,0.23597557000848912,0.06868376892960658,0.0046000000000003495,0.01380000000000105,0.05
184,0.7087600000000001,False,0,0.0,0.32530000000000003,0.8731,0.0,0.0,0.0,0.0,1.8024672917602511,0.1970729548271734,1.7592667363701089,0.4473078536647019,0.3460360990290413,0.20125766383085952,0.15970000000000023,0.3194000782717504,0.05
185,0.80116,False,0,0.0,0.3372,1.0,0.0,0.0,0.0,0.0,1.763661712474968,0.0770852694588654,1.5550000000000002,0.05019362509323272,0.24981727522621383,0.05175958305526385,0.0,0.0,0.05
186,0.7217499999999999,False,0,0.0,0.3315,0.8889999999999999,0.0,0.0,0.0,0.0,1.8769880420071055,0.22678327746520807,1.74478888888889,0.4564066749763474,0.3547562673702282,0.2160443148145774,0.1596000000000008,0.3192003132830559,0.05
187,0.75182,False,0,0.0,0.3216,0.9362,0.0,0.0,0.0,0.0,1.7830522452381037,0.22327260029751894,1.664255555555556,0.33499003136080374,0.257972984027574,0.15247154082662345,0.0799000000000004,0.23970000000000122,0.05
188,0.80482,False,0,0.0,0.34940000000000004,1.0,0.0,0.0,0.0,0.0,1.7541206965740066,0.12474873972473148,1.5565168402871359,0.07039914438756485,0.259601419051302,0.09148412355500621,0.0075000000000005965,0.022500000000001786,0.05
189,0.79735,False,0,0.0,0.32450000000000007,1.0,0.0,0.0,0.0,0.0,1.7379401760371516,0.0990238151213346,1.5428119532274496,0.03407164001400501,0.23887763488040661,0.0866141937266591,0.0,0.0,0.05
190,0.8093199999999999,False,0,0.0,0.36439999999999995,1.0,0.0,0.0,0.0,0.0,1.7729576876012245,0.06897293826208466,1.501679166666667,0.005037500000001228,0.26027397743464625,0.03934503810904398,0.0014000000000003042,0.004200000000000912,0.05
191,0.8008,False,0,0.0,0.336,1.0,0.0,0.0,0.0,0.0,1.7625997645556997,0.11467256708578058,1.5064,0.013417898494175604,0.2764758580626454,0.09753132653134994,0.0,0.0,0.05
192,0.7601699999999999,False,0,0.0,0.3422,0.9393,0.0,0.0,0.0,0.0,1.7716854562695008,0.14290921830558742,1.6341111111111117,0.34046416029362897,0.280942312836033,0.15120400216292537,0.07980000000000047,0.23940000000000144,0.05
193,0.7893399999999999,False,0,0.0,0.2978,1.0,0.0,0.0,0.0,0.0,1.7152686691862473,0.08047431794846324,1.5299,0.049115068970734414,0.21652411276807837,0.04117418026277872,0.0,0.0,0.05
194,0.7130700000000001,False,0,0.0,0.33920000000000006,0.8733000000000001,0.0,0.0,0.0,0.0,1.7902752399317154,0.13812661783573946,1.7586888888708678,0.4485235113040532,0.3295587226995368,0.17454298685842454,0.16520000000000118,0.3163658641509873,0.05
195,0.7492300000000001,False,0,0.0,0.3125,0.9364000000000001,0.0,0.0,0.0,0.0,1.8275968564860423,0.16598531815903683,1.6525604166666674,0.33582489857587505,0.2978056400681732,0.18390309250498854,0.08700000000000063,0.23827547083155715,0.05
196,0.79984,False,0,0.0,0.3328,1.0,0.0,0.0,0.0,0.0,1.7392671920989344,0.05706562721061167,1.5394999999999999,0.051086691026137124,0.25107079728611537,0.033224948902290254,0.0,0.0,0.05
197,0.7909599999999999,False,0,0.0,0.30319999999999997,1.0,0.0,0.0,0.0,0.0,1.7325346896904559,0.06102689277896347,1.5259,0.04150048192491263,0.25871389609289847,0.041774962397745,0.0,0.0,0.05
198,0.8061099999999999,False,0,0.0,0.35369999999999996,1.0,0.0,0.0,0.0,0.0,1.7497916647310512,0.08509487568755598,1.5209173630608457,0.022058613672291366,0.2469872909914638,0.049507186251385844,0.004200000000000344,0.01260000000000103,0.05
199,0.77792,False,0,0.0,0.37709999999999994,0.9497,0.0,0.0,0.0,0.0,1.8457225320921427,0.13923714287152067,1.6660222222222232,0.3425161537147646,0.33386642126401866,0.1412729135179229,0.10230000000000075,0.24164521513988305,0.05
200,0.79279,False,0,0.0,0.3093,1.0,0.0,0.0,0.0,0.0,1.7359188403391652,0.09656823207139523,1.5429901041666667,0.07180398554175793,0.22590961141511706,0.05740622355451966,0.0,0.0,0.05
201,0.72177,False,0,0.0,0.31920000000000004,0.8943,0.0,0.0,0.0,0.0,1.8202142838268482,0.23953239544993699,1.7543222222222141,0.4498939613061489,0.32908854728874054,0.22247702816099474,0.15960000000000024,0.31920000000000043,0.05
202,0.80551,False,0,0.0,0.3517,1.0,0.0,0.0,0.0,0.0,1.8019508658222303,0.06921283647096035,1.5041,0.012299999999999976,0.2759319879970826,0.040261375568037654,0.0,0.0,0.05
203,0.77977,False,0,0.0,0.26589999999999997,1.0,0.0,0.0,0.0,0.0,1.6957353747176724,0.08866559991539576,1.5182,0.03170110408171931,0.20328293648620543,0.0936641499382099,0.0,0.0,0.05
204,0.79621,False,0,0.0,0.32070000000000004,1.0,0.0,0.0,0.0,0.0,1.7333454994003414,0.08065165302721013,1.523391844007704,0.05261502389240535,0.2465813757966368,0.06840068194129477,0.0,0.0,0.05
205,0.80485,False,0,0.0,0.34950000000000003,1.0,0.0,0.0,0.0,0.0,1.7691408002018114,0.07623025896005553,1.5163,0.048900000000000006,0.2735145077066955,0.08304783823415184,0.0,0.0,0.05
206,0.71813,False,0,0.0,0.34930000000000005,0.8762000000000001,0.0,0.0,0.0,0.0,1.85404452385749,0.17989631229975397,1.7478196195075646,0.4521048605015198,0.36562891978613465,0.18515021401046933,0.15980000000000044,0.3196000000000009,0.05
207,0.7913199999999999,False,0,0.0,0.30439999999999995,1.0,0.0,0.0,0.0,0.0,1.7588146318682802,0.18849850605159207,1.539694943576389,0.05678464541522794,0.22682628269306587,0.15519195215481496,0.0,0.0,0.05
208,0.7479199999999999,False,0,0.0,0.2981,0.9407,0.0,0.0,0.0,0.0,1.7888367284524087,0.1515050107120161,1.6357333333333828,0.34405945222689943,0.2814142190976607,0.16954965872230154,0.07970000000000019,0.23910000000000056,0.05
209,0.7505799999999999,False,0,0.0,0.32749999999999996,0.9319,0.0,0.0,0.0,0.0,1.777584560137003,0.15658747615201438,1.6331546887511643,0.34042700083843713,0.30510163315408406,0.1858749617240615,0.07990000000000004,0.23970000000000008,0.05
210,0.7715599999999999,False,0,0.0,0.3685,0.9442999999999999,0.0,0.0,0.0,0.0,1.849508913556558,0.1373309328240944,1.643255558967591,0.3381719298255999,0.3222673239193957,0.13432671621712955,0.07990000000000039,0.2397000000000012,0.05
211,0.7907799999999999,False,0,0.0,0.3026,1.0,0.0,0.0,0.0,0.0,1.6694812904618304,0.06665097190474184,1.522200000000113,0.04862674161438201,0.20461138561939665,0.06408346293091927,0.0,0.0,0.05
212,0.77545,False,0,0.0,0.38239999999999996,0.9439,0.0,0.0,0.0,0.0,1.8580768127845402,0.18611735946888075,1.6310946180754242,0.3403766342441657,0.32558761626861626,0.17007008092086615,0.07990000000000026,0.23970000000000075,0.05
213,0.74383,False,0,0.0,0.2777,0.9436,0.0,0.0,0.0,0.0,1.7190202304148134,0.13953889061103758,1.6487111111153048,0.33544155973785555,0.23922218024027866,0.1884584655298184,0.07980000000000012,0.2394000000000004,0.05
214,0.7673,False,0,0.0,0.3655,0.9395,0.0,0.0,0.0,0.0,1.8084926905729735,0.16599817895670654,1.626647395833432,0.3413142442596778,0.3206736427551386,0.14635942519853395,0.07980000000000033,0.23940000000000097,0.05
215,0.82006,True,0,0.0,0.4002,1.0,0.0,0.0,0.0,0.0,1.8008878131354797,0.17855313346470247,1.52,0.024766913412857843,0.28739891289837594,0.10914975812225018,0.0,0.0,0.05
216,0.8134899999999999,False,0,0.0,0.3783,1.0,0.0,0.0,0.0,0.0,1.8085040067894014,0.08588443017916106,1.5478000010172575,0.06429432342612021,0.2973559804369,0.0545056070364697,0.004400000000000346,0.013200000000001039,0.05
217,0.7529499999999999,False,0,0.0,0.2919999999999999,0.9504999999999999,0.0,0.0,0.0,0.0,1.7254221381593642,0.1797349266855879,1.6244111111111112,0.3419541051076894,0.24029968958604714,0.16878045795591917,0.07980000000000023,0.23940000000000067,0.05
218,0.7896399999999999,False,0,0.0,0.2988,1.0,0.0,0.0,0.0,0.0,1.7515265134120057,0.09169424927155798,1.5999946180555566,0.15881542587796724,0.23082802323786716,0.07643808761893528,0.03310000000000084,0.09930000000000251,0.05
219,0.7839999999999999,False,0,0.0,0.28,1.0,0.0,0.0,0.0,0.0,1.7459790970277933,0.10688517965450649,1.5093,0.016180543872194135,0.20307659277471984,0.0974676775504526,0.0,0.0,0.05
220,0.74971,False,0,0.0,0.3078,0.9391,0.0,0.0,0.0,0.0,1.7374106786232129,0.13963793809999503,1.635855555555556,0.3403599222391908,0.2524130817952834,0.14143515658203845,0.07990000000000044,0.23970000000000138,0.05
221,0.79333,False,0,0.0,0.31110000000000004,1.0,0.0,0.0,0.0,0.0,1.711430746985571,0.0916437454145652,1.5094111130608456,0.01935197857826454,0.2187767161403861,0.0654004650107185,0.004200000000000344,0.01260000000000103,0.05
222,0.7616299999999999,False,0,0.0,0.3494,0.9382999999999999,0.0,0.0,0.0,0.0,1.8098230886016347,0.14724238036484863,1.6319777815072207,0.34014523246997924,0.31787209432535346,0.1395324388841883,0.08390000000000065,0.23866480678977453,0.05
223,0.77525,False,0,0.0,0.3318,0.9653,0.0,0.0,0.0,0.0,1.8157569810872154,0.11523602634630281,1.6602965277777784,0.3422676376798615,0.2811636794376272,0.09916897156887945,0.07980000000000055,0.23940000000000167,0.05
224,0.78409,False,0,0.0,0.28030000000000005,1.0,0.0,0.0,0.0,0.0,1.702695203125512,0.10462000150336268,1.5480594767358578,0.050848543177368026,0.18350549386250753,0.08618808676662856,0.011200000000000442,0.03360000000000132,0.05
225,0.80299,False,0,0.0,0.3433,1.0,0.0,0.0,0.0,0.0,1.804115719390411,0.16353985535899512,1.521765451388889,0.02768709046775913,0.25264052913659807,0.11259165458927847,0.0,0.0,0.05
226,0.7438299999999999,False,0,0.0,0.28259999999999996,0.9414999999999999,0.0,0.0,0.0,0.0,1.7719555990055724,0.1577209748503605,1.6771555555555573,0.3434490031689992,0.24567151366798662,0.16894561677033038,0.10590000000000103,0.24369097233997145,0.05
227,0.7756,False,0,0.0,0.25200000000000006,1.0,0.0,0.0,0.0,0.0,1.6958575521205304,0.09290158310995446,1.5552,0.06668703022327503,0.1668075127684771,0.08332703862082268,0.0,0.0,0.05
228,0.79813,False,0,0.0,0.3271,1.0,0.0,0.0,0.0,0.0,1.7487489597371497,0.09487870264263311,1.5294890625000004,0.04011342685635529,0.22425566384326973,0.07872542802152596,0.002800000000000324,0.008400000000000973,0.05
229,0.7091799999999999,False,0,0.0,0.30290000000000006,0.8833,0.0,0.0,0.0,0.0,1.8256139444490564,0.22790954269159597,1.743369477498274,0.46052174090753734,0.3077791482647139,0.22805192581340067,0.16060000000000102,0.3192087718092985,0.05
230,0.8020299999999999,False,0,0.0,0.34009999999999996,1.0,0.0,0.0,0.0,0.0,1.7230942947781869,0.0417996418378376,1.5567000196668854,0.09344843293745761,0.22966670281644125,0.0253655860911378,0.025900000000001228,0.06685274863459478,0.05
231,0.78469,False,0,0.0,0.2823,1.0,0.0,0.0,0.0,0.0,1.698293106218204,0.09793820114461387,1.5309157986111146,0.05926133790235643,0.20115226462619384,0.10258393919078604,0.0,0.0,0.05
232,0.7808499999999999,False,0,0.0,0.2695,1.0,0.0,0.0,0.0,0.0,1.714425833353228,0.1322512201367034,1.5277000001828185,0.044274259054536,0.20209047215907683,0.1315189903289762,0.0,0.0,0.05
233,0.7816,False,0,0.0,0.2720000000000001,1.0,0.0,0.0,0.0,0.0,1.7233006482645294,0.11065859914911923,1.5467000000000002,0.06731277739032968,0.18918932536499553,0.08150774573418694,0.0,0.0,0.05
234,0.7462,False,0,0.0,0.294,0.9400000000000001,0.0,0.0,0.0,0.0,1.7561031299773409,0.22323813106659077,1.645183506944452,0.34047837798326236,0.23780390250098904,0.16542034024314062,0.08870000000000086,0.2379176538216543,0.05
235,0.7861899999999999,False,0,0.0,0.2873,1.0,0.0,0.0,0.0,0.0,1.6805660253933514,0.06614410875352723,1.5281223958333339,0.03830897460117616,0.18993955880102326,0.04836909177640696,0.0029000000000004036,0.00870000000000121,0.05
236,0.75088,False,0,0.0,0.311,0.9394,0.0,0.0,0.0,0.0,1.763742953768589,0.15696126501621674,1.636544444444445,0.343011144943654,0.26137123109067206,0.14787025218534985,0.07980000000000027,0.23940000000000078,0.05
237,0.6996100000000001,False,0,0.0,0.2892,0.8755000000000001,0.0,0.0,0.0,0.0,1.8431858561039334,0.21190523150456628,1.773211111110987,0.44111087727367276,0.34035475227693385,0.24243774229696113,0.16780000000000067,0.3164859554545829,0.05
238,0.7618499999999999,False,0,0.0,0.33659999999999995,0.9440999999999999,0.0,0.0,0.0,0.0,1.8306454169990747,0.18958299406568604,1.638955555555556,0.33871855901651343,0.28802675603696437,0.16920347863732518,0.07990000000000036,0.23970000000000108,0.05
239,0.8027799999999999,False,0,0.0,0.3426,1.0,0.0,0.0,0.0,0.0,1.757840407438676,0.08018444321738215,1.53130000000245,0.06281727470127288,0.2560809253366755,0.06435805719082242,0.0,0.0,0.05
240,0.78982,False,0,0.0,0.2994,1.0,0.0,0.0,0.0,0.0,1.724611931022995,0.10395645026169055,1.539622285577986,0.0354473314026743,0.2203758705945574,0.1093861837941266,0.0,0.0,0.05
241,0.79543,False,0,0.0,0.3181,1.0,0.0,0.0,0.0,0.0,1.7459414639440822,0.11103402698189622,1.540500002330955,0.06096925892438504,0.22642165071339884,0.08963399838786802,0.0,0.0,0.05
242,0.7610199999999999,False,0,0.0,0.3378,0.9423999999999999,0.0,0.0,0.0,0.0,1.8472236105034288,0.205626752666457,1.6466444446066806,0.34333589644018214,0.2965623668071755,0.1604064069949338,0.07980000000000034,0.239400000000001,0.05
243,0.7948,False,0,0.0,0.316,1.0,0.0,0.0,0.0,0.0,1.7250790368451994,0.07515085572125997,1.5402000001065432,0.05352158465948227,0.2018815201591063,0.07564793190996978,0.0012000000000003013,0.003600000000000904,0.05
244,0.80446,False,0,0.0,0.3482,1.0,0.0,0.0,0.0,0.0,1.7687181515626218,0.15697700646721482,1.5143,0.03131149948501351,0.23042035935556898,0.12182268323994516,0.0,0.0,0.05
245,0.7697499999999998,False,0,0.0,0.34729999999999994,0.9507999999999999,0.0,0.0,0.0,0.0,1.817605264986526,0.17792847838692252,1.6678111111111118,0.3340331211861829,0.29707004480367166,0.1635515428754276,0.09050000000000061,0.23827179858304728,0.05
246,0.79126,False,0,0.0,0.30419999999999997,1.0,0.0,0.0,0.0,0.0,1.7618066676254631,0.11113654146788372,1.5431000001064803,0.04966376974751314,0.2085037155317062,0.07677741511711249,0.0,0.0,0.05
247,0.7479799999999999,False,0,0.0,0.29619999999999996,0.9416,0.0,0.0,0.0,0.0,1.7419766864435768,0.16149655202935165,1.6605444443441404,0.3337410076272551,0.24685975235393592,0.16771119385919542,0.07980000000000048,0.23940000000000147,0.05
248,0.7779999999999999,False,0,0.0,0.26,1.0,0.0,0.0,0.0,0.0,1.7050686169124283,0.06298886888333832,1.531033333333334,0.05890000000000171,0.16940179281652087,0.06377757707790876,0.012800000000000467,0.038400000000001405,0.05
249,0.8044,False,0,0.0,0.348,1.0,0.0,0.0,0.0,0.0,1.7792682109419993,0.1391022387893189,1.5374362982855903,0.045115447377043726,0.2475801793687819,0.07766347790382369,0.0,0.0,0.05
250,0.7878999999999999,False,0,0.0,0.29300000000000004,1.0,0.0,0.0,0.0,0.0,1.691395457412583,0.035282361416434115,1.5212492340829638,0.04251033818680857,0.1829402207700631,0.030938572578098657,0.0,0.0,0.05
251,0.7643599999999999,False,0,0.0,0.3592000000000001,0.938,0.0,0.0,0.0,0.0,1.844253535373151,0.15031574756270805,1.6192111111111114,0.3435154225876276,0.3241019259560671,0.13165376197201675,0.07980000000000029,0.23940000000000086,0.05
252,0.7533999999999998,False,0,0.0,0.3236,0.9376,0.0,0.0,0.0,0.0,1.7466429206089387,0.14322633099693816,1.6351222222222226,0.3375870603760374,0.26038432573555237,0.16614044326115185,0.07960000000000036,0.23880000000000107,0.05
253,0.7543900000000001,False,0,0.0,0.3297,0.9364000000000001,0.0,0.0,0.0,0.0,1.8176795296524737,0.15208714990286368,1.6428504808976754,0.341248806818593,0.30381439983816233,0.1693716061974352,0.08120000000000059,0.2389697888855417,0.05
254,0.80521,False,0,0.0,0.3507,1.0,0.0,0.0,0.0,0.0,1.774985798991637,0.08946503024486935,1.5608000510427686,0.06255049161898342,0.28089520145563585,0.05172268629564943,0.0,0.0,0.05
255,0.75316,False,0,0.0,0.32700000000000007,0.9358000000000001,0.0,0.0,0.0,0.0,1.8459466506705262,0.21493314804141925,1.6533078125000014,0.33512929718386814,0.29261636947609004,0.14847883253300526,0.08980000000000082,0.23794192568776223,0.05
256,0.76477,False,0,0.0,0.3608,0.9379,0.0,0.0,0.0,0.0,1.7951332043305555,0.13512130413534615,1.6341168660481777,0.3417291166452637,0.29747357362771876,0.14242210081318235,0.07960000000000035,0.23880000000000104,0.05
257,0.79219,False,0,0.0,0.30729999999999996,1.0,0.0,0.0,0.0,0.0,1.6985922771926467,0.07629607701997486,1.5133284722222222,0.01777705891830039,0.20909429465054585,0.05664859829845669,0.0,0.0,0.05
258,0.79177,False,0,0.0,0.30589999999999995,1.0,0.0,0.0,0.0,0.0,1.71356446404659,0.058569537108931986,1.5232777777785027,0.0356757776538991,0.21017375198987454,0.03334240525066843,0.006600000000000506,0.019800000000001514,0.05
259,0.79723,False,0,0.0,0.3241,1.0,0.0,0.0,0.0,0.0,1.7229000186999137,0.09923646278047715,1.513314944510991,0.029684516348044677,0.20978801572927136,0.07482601022364933,0.0028000000000010204,0.0056000000000011926,0.05
260,0.80146,False,0,0.0,0.33819999999999995,1.0,0.0,0.0,0.0,0.0,1.7488893097808824,0.08350281007076703,1.5175,0.031225790622496676,0.25517269568238915,0.04923332406105053,0.0,0.0,0.05
261,0.7887099999999999,False,0,0.0,0.29569999999999996,1.0,0.0,0.0,0.0,0.0,1.7022160205849217,0.0729903282960502,1.5359000036750394,0.05506987293243769,0.21646891364089238,0.08353990932218243,0.0,0.0,0.05
262,0.79546,False,0,0.0,0.3181999999999999,1.0,0.0,0.0,0.0,0.0,1.7401874500447096,0.10965073145143572,1.5638888888888904,0.08347064243282541,0.25345197958100657,0.09572557182905798,0.030600000000001005,0.06147552358459622,0.05
263,0.80587,False,0,0.0,0.3529,1.0,0.0,0.0,0.0,0.0,1.7919010745381,0.10755854285414763,1.5627000118577237,0.0685814179248838,0.26832119818432176,0.06415331784649374,0.0,0.0,0.05
264,0.7783,False,0,0.0,0.261,1.0,0.0,0.0,0.0,0.0,1.6725958966830177,0.07239670052206398,1.5304002289600258,0.03484353414490802,0.15555323380899316,0.07634287921776536,0.0,0.0,0.05
265,0.7869999999999999,False,0,0.0,0.29000000000000004,1.0,0.0,0.0,0.0,0.0,1.7318418502950124,0.07568237426585217,1.5145,0.032240502477473905,0.19971567484319824,0.06372708880636882,0.0,0.0,0.05
266,0.80209,False,0,0.0,0.34030000000000005,1.0,0.0,0.0,0.0,0.0,1.7609349654500002,0.0701671281813452,1.5166,0.019930880562584245,0.25328323953293524,0.04382015465879948,0.0,0.0,0.05
267,0.7777,False,0,0.0,0.259,1.0,0.0,0.0,0.0,0.0,1.7106729884584637,0.11296093483195965,1.5545696217854827,0.10651161329049519,0.18476041955635314,0.09149226375686535,0.02580000000000065,0.07740000000000195,0.05
268,0.7317499999999999,False,0,0.0,0.33660000000000007,0.9010999999999999,0.0,0.0,0.0,0.0,1.8240298267898205,0.19254210475658542,1.7441196438242108,0.45358407951532803,0.31619810035522605,0.20386428664184247,0.15980000000000044,0.3196000000000009,0.05
269,0.7827999999999999,False,0,0.0,0.27599999999999997,1.0,0.0,0.0,0.0,0.0,1.7515597599750532,0.10040687841924743,1.5199455773152446,0.029170668724337157,0.19256477255922658,0.0842993939435194,0.0020000000000003127,0.006000000000000938,0.05
270,0.76308,False,0,0.0,0.33720000000000006,0.9456,0.0,0.0,0.0,0.0,1.8106080896869847,0.17799873558737875,1.6580472222222238,0.34229025704721094,0.2807171757392618,0.16585322550889142,0.07960000000000043,0.2388000000000013,0.05
271,0.7561,False,0,0.0,0.31579999999999997,0.9448000000000001,0.0,0.0,0.0,0.0,1.8007456433210016,0.17749147530161327,1.6482284727683496,0.33751601080024535,0.27737665019716595,0.15147210051308146,0.07980000000000051,0.23940000000000153,0.05
272,0.79609,False,0,0.0,0.32030000000000003,1.0,0.0,0.0,0.0,0.0,1.7343295572672404,0.09300899713750853,1.547400000013376,0.057663159841865576,0.23122073151164863,0.05004709681293834,0.0,0.0,0.05
273,0.79594,False,0,0.0,0.3198,1.0,0.0,0.0,0.0,0.0,1.7582104575089954,0.12363453342375164,1.5246111112197247,0.033628113385735035,0.24638637564486893,0.09986759944234583,0.00510000000000045,0.015300000000001349,0.05
274,0.80257,False,0,0.0,0.3419,1.0,0.0,0.0,0.0,0.0,1.7172021266021704,0.07030599286205129,1.5207000000003532,0.03293948997761467,0.22789274719315267,0.038512972757689085,0.0,0.0,0.05
275,0.7611600000000001,False,0,0.0,0.3238,0.9486000000000001,0.0,0.0,0.0,0.0,1.8033813296280272,0.11116000104776858,1.6382909724561912,0.34049610721744733,0.28308995026493977,0.11810968586721393,0.08190000000000067,0.23910769540104823,0.05
276,0.79624,False,0,0.0,0.32080000000000003,1.0,0.0,0.0,0.0,0.0,1.7446117089440771,0.09722696958520827,1.5486000784979994,0.07133756862714317,0.23504782546343495,0.09454615879553632,0.0,0.0,0.05
277,0.7888,False,0,0.0,0.296,1.0,0.0,0.0,0.0,0.0,1.7355093144654739,0.07937361031475276,1.5474000000366783,0.05928608615052562,0.20555977381030197,0.06919573484181755,0.0,0.0,0.05
278,0.72576,False,0,0.0,0.37170000000000003,0.8775000000000001,0.0,0.0,0.0,0.0,1.8740362658271974,0.20208206119682787,1.7653220997724444,0.4437785823803714,0.35207315699523795,0.18526417757025013,0.15960000000000077,0.3192000000000016,0.05
279,0.80701,False,0,0.0,0.3567,1.0,0.0,0.0,0.0,0.0,1.7421346954458194,0.05726546463772047,1.5306888888888928,0.04263259055908357,0.2732249849410543,0.04366048259690924,0.008200000000000401,0.024600000000001204,0.05
280,0.7863399999999999,False,0,0.0,0.2878,1.0,0.0,0.0,0.0,0.0,1.7046458352963492,0.058710870689463575,1.5639835069444452,0.07676703812595964,0.20182582128264062,0.07059853230215242,0.007500000000000483,0.022500000000001446,0.05
281,0.8080299999999999,False,0,0.0,0.3601,1.0,0.0,0.0,0.0,0.0,1.7506613988039983,0.04756249684334916,1.5662000000005087,0.07461072309055791,0.2515533157247077,0.03322545745717432,0.0,0.0,0.05
282,0.71767,False,0,0.0,0.341,0.8791,0.0,0.0,0.0,0.0,1.8583189226543464,0.2502254061995081,1.731244434709211,0.46249980300300886,0.3371016318294393,0.21959037430836387,0.15950000000000095,0.3190000783698982,0.05
283,0.7709999999999999,False,0,0.0,0.3517,0.9507,0.0,0.0,0.0,0.0,1.8147439303489405,0.16650574348829125,1.700900048844105,0.32884924106141133,0.32378664859627115,0.14254702514496845,0.10590000000000158,0.23927701519368821,0.05
284,0.8026,False,0,0.0,0.34199999999999997,1.0,0.0,0.0,0.0,0.0,1.7287044602149213,0.13632261788915373,1.5318,0.06410740986812691,0.2250914564540048,0.07969702853857125,0.0,0.0,0.05
285,0.7512099999999999,False,0,0.0,0.3226,0.9349000000000001,0.0,0.0,0.0,0.0,1.7337210898120514,0.15658583503388765,1.6258777779207274,0.3418187103189536,0.27605567190391433,0.16584632755037002,0.08480000000000074,0.23820025188903662,0.05
286,0.7843,False,0,0.0,0.281,1.0,0.0,0.0,0.0,0.0,1.710499044944703,0.10589587142052397,1.5291723958345318,0.031169559531284263,0.19181286572804523,0.08301319306681482,0.0020000000000007677,0.006000000000002302,0.05
287,0.7251799999999998,False,0,0.0,0.34900000000000003,0.8863999999999999,0.0,0.0,0.0,0.0,1.9053176694292522,0.25369441226129036,1.7447057427161305,0.4568702074760816,0.3386138187298103,0.20633508385434654,0.15960000000000096,0.3192000000000019,0.05
288,0.8070999999999999,False,0,0.0,0.35700000000000004,1.0,0.0,0.0,0.0,0.0,1.773802781071081,0.0772850883669388,1.5211999999999999,0.05140778151214075,0.23509193126206424,0.046803171526000026,0.0,0.0,0.05
289,0.79891,False,0,0.0,0.3297,1.0,0.0,0.0,0.0,0.0,1.7268896952043487,0.0757927824675265,1.5376000001580603,0.05055729459843083,0.23186269775581633,0.052226846749933775,0.0,0.0,0.05
290,0.71951,False,0,0.0,0.3448,0.8801,0.0,0.0,0.0,0.0,1.8264832741937753,0.15178275372961186,1.7657230988674701,0.4448520947618091,0.3411537188737202,0.1718563284705732,0.15960000000000063,0.31920000000000126,0.05
291,0.71403,False,0,0.0,0.32280000000000003,0.8817,0.0,0.0,0.0,0.0,1.8070820719523923,0.1829256842070742,1.7379888888753392,0.4568779922686586,0.3173960540098497,0.21863067075339077,0.165500000000001,0.31719843946652787,0.05
292,0.79975,False,0,0.0,0.3325,1.0,0.0,0.0,0.0,0.0,1.7500927856160835,0.09165181106067603,1.5169000761037634,0.03017122218925921,0.24002532459768222,0.048327398598218115,0.0,0.0,0.05
293,0.8006199999999999,False,0,0.0,0.3354,1.0,0.0,0.0,0.0,0.0,1.7314441478742253,0.03621783181324485,1.5542015625000007,0.08694646353919792,0.2518666489215003,0.025174452098585546,0.01730000000000061,0.05190000000000183,0.05
294,0.7826799999999999,False,0,0.0,0.2756,1.0,0.0,0.0,0.0,0.0,1.6914156664805187,0.07512807987354278,1.5131000000000001,0.020042205467462944,0.1784244682527513,0.08499851592989545,0.0,0.0,0.05
295,0.71017,False,0,0.0,0.32020000000000004,0.8773,0.0,0.0,0.0,0.0,1.8259116873007883,0.22279924103773202,1.7535138686759644,0.4547451737559572,0.3255238889299787,0.22593236357107577,0.15960000000000077,0.3192000000000016,0.05
296,0.79681,False,0,0.0,0.3227000000000001,1.0,0.0,0.0,0.0,0.0,1.7586178028895578,0.12108482973056857,1.5208,0.050243009464003986,0.22890474542855502,0.11269314631525676,0.0,0.0,0.05
297,0.79777,False,0,0.0,0.3259000000000001,1.0,0.0,0.0,0.0,0.0,1.713166945664291,0.06610983799377983,1.5244482638888894,0.04112698989666116,0.21168012332920538,0.03884430092942667,0.0018000000000003096,0.00540000000000093,0.05
298,0.7893699999999999,False,0,0.0,0.2979,1.0,0.0,0.0,0.0,0.0,1.7042496287725695,0.10831837887621837,1.5330000182575716,0.03969887267751687,0.2056680780645745,0.07790526898974476,0.0,0.0,0.05
299,0.7989999999999999,False,0,0.0,0.33,1.0,0.0,0.0,0.0,0.0,1.7176490974133292,0.12140472178721713,1.5293004386795892,0.050810191305116915,0.21794960914184291,0.0795510511987635,0.0,0.0,0.05
300,0.7857999999999999,False,0,0.0,0.28600000000000003,1.0,0.0,0.0,0.0,0.0,1.737287808100973,0.08744936515248497,1.5134,0.018353201355621823,0.203777893768687,0.09048829739317142,0.0,0.0,0.05
301,0.7911699999999999,False,0,0.0,0.30390000000000006,1.0,0.0,0.0,0.0,0.0,1.7342481843600979,0.10742255644702797,1.5041000000196945,0.012299999993435179,0.20074884811174587,0.08249421088734323,0.0,0.0,0.05
302,0.79309,False,0,0.0,0.31029999999999996,1.0,0.0,0.0,0.0,0.0,1.7088226669249669,0.0847182337694549,1.544303815703922,0.0695746735562106,0.21214317694613322,0.044509778926817435,0.0,0.0,0.05
303,0.78928,False,0,0.0,0.2976,1.0,0.0,0.0,0.0,0.0,1.7376854594716822,0.10456060754660157,1.554894631618924,0.08106511954146688,0.22407699452271695,0.11240811682460398,0.0004000000000002899,0.0012000000000008696,0.05
304,0.6657999999999998,False,0,0.0,0.3298,0.8097999999999999,0.0,0.0,0.0,0.0,1.9253471927779429,0.2419846325061251,1.8758220805380472,0.5081886362468044,0.3934031634978337,0.21871434608878892,0.2396000000000012,0.365995136579711,0.05
305,0.73548,False,0,0.0,0.36069999999999997,0.8961,0.0,0.0,0.0,0.0,1.8594835976576647,0.1881355343189654,1.739966666666635,0.4558941128142675,0.35089343635051323,0.20146648578913662,0.15970000000000056,0.3194000782717511,0.05
306,0.7485200000000001,False,0,0.0,0.3106,0.9362,0.0,0.0,0.0,0.0,1.762036770936452,0.19048379646460503,1.6310197916404618,0.3413188480963692,0.27423218597251486,0.1930752664309772,0.08160000000000087,0.23853393888501512,0.05
307,0.7957,False,0,0.0,0.319,1.0,0.0,0.0,0.0,0.0,1.7200627806250466,0.050751858582232495,1.5620702256944443,0.05388483839118895,0.19664974756063797,0.032484297320515075,0.0,0.0,0.05
308,0.7783,False,0,0.0,0.261,1.0,0.0,0.0,0.0,0.0,1.6603986523335195,0.09229642230054985,1.525362500038189,0.03303721620101912,0.15521167592711954,0.07927367936189757,0.0016000000000003071,0.004800000000000921,0.05
309,0.8086599999999999,False,0,0.0,0.36219999999999997,1.0,0.0,0.0,0.0,0.0,1.7876157888317867,0.07960810348279222,1.5296999999999998,0.055281190291092706,0.29411347029947815,0.04172295306156176,0.0,0.0,0.05
310,0.7941999999999999,False,0,0.0,0.31399999999999995,1.0,0.0,0.0,0.0,0.0,1.755072039670702,0.12427467790035439,1.5219999999999998,0.04250411744760738,0.2252810155586356,0.09665107035889993,0.0,0.0,0.05
311,0.8013699999999999,False,0,0.0,0.3379,1.0,0.0,0.0,0.0,0.0,1.7858423307454754,0.17516094011736336,1.5308000001948578,0.0502509706059873,0.25737072567920427,0.06374964223680313,0.0,0.0,0.05
312,0.79711,False,0,0.0,0.3237,1.0,0.0,0.0,0.0,0.0,1.7089919944556082,0.06427541887458714,1.520483506944445,0.0324414619758793,0.23455247824255654,0.0474264175159999,0.0,0.0,0.05
313,0.80065,False,0,0.0,0.3355,1.0,0.0,0.0,0.0,0.0,1.7527024846426582,0.11741439432035128,1.5110491319444452,0.01982054533050057,0.23569462501804872,0.10718218596067049,0.0,0.0,0.05
314,0.75293,False,0,0.0,0.32459999999999994,0.9365,0.0,0.0,0.0,0.0,1.7771620169028808,0.1422864622483085,1.6244111111111112,0.34193655844322973,0.29626617716162906,0.15374890308757844,0.0798000000000001,0.23940000000000028,0.05
315,0.80806,False,0,0.0,0.3602,1.0,0.0,0.0,0.0,0.0,1.7661941169160733,0.12511798717509823,1.5556446180555572,0.06607444665126973,0.23371507158542598,0.06640097091189444,0.017000000000001122,0.04249470555257629,0.05
316,0.8050599999999999,False,0,0.0,0.35019999999999996,1.0,0.0,0.0,0.0,0.0,1.7470803508973436,0.11172220028961756,1.5571638888888901,0.12268010346219374,0.23484371059730869,0.06644971883508853,0.029400000000000703,0.08820000000000211,0.05
317,0.78754,False,0,0.0,0.29180000000000006,1.0,0.0,0.0,0.0,0.0,1.7033990279924258,0.06767265503490515,1.5127000000027324,0.027320505127112357,0.20074417220025711,0.054407732291229076,0.006200000000000373,0.018600000000001116,0.05
318,0.7673500000000001,False,0,0.0,0.33020000000000005,0.9547000000000001,0.0,0.0,0.0,0.0,1.7771108289153528,0.19237731467544855,1.6629111111124442,0.33327286784908394,0.2633487086828757,0.1436056646125974,0.07980000000000052,0.23940000000000158,0.05
319,0.8033499999999999,False,0,0.0,0.3444999999999999,1.0,0.0,0.0,0.0,0.0,1.7592711051147962,0.09274832616291742,1.5237006277359082,0.03909092956375948,0.2438755561863471,0.06524952701196192,0.0,0.0,0.05
320,0.80074,False,0,0.0,0.3358,1.0,0.0,0.0,0.0,0.0,1.7056721023667312,0.07201674607654203,1.5363,0.05579435455312667,0.21844048860356838,0.03540645795511774,0.0,0.0,0.05
321,0.7088800000000001,False,0,0.0,0.3264,0.8728000000000001,0.0,0.0,0.0,0.0,1.8043896892600237,0.18278402104496513,1.7439666666666587,0.45398404021002514,0.3502344586733539,0.2189501072004053,0.15970000000000031,0.31940007827175054,0.05
322,0.8015199999999999,False,0,0.0,0.3384,1.0,0.0,0.0,0.0,0.0,1.7895897773647793,0.0852605697876184,1.5204,0.018532134253776568,0.26703759189061815,0.04838708792979225,0.0,0.0,0.05
323,0.7529699999999999,False,0,0.0,0.33219999999999994,0.9333,0.0,0.0,0.0,0.0,1.7853074857784983,0.1356303410016933,1.6398223626826511,0.3391663025359089,0.3052978700918708,0.14492202909097573,0.0855000000000006,0.23717556788168617,0.05
324,0.74891,False,0,0.0,0.30490000000000006,0.9391999999999999,0.0,0.0,0.0,0.0,1.8006871691304773,0.18289977834910412,1.6579777777646896,0.33884772715215566,0.30669248845523966,0.19134209445391676,0.07980000000000012,0.2394000000000004,0.05
325,0.79219,False,0,0.0,0.3073,1.0,0.0,0.0,0.0,0.0,1.7464474637633038,0.13150410106376298,1.5127530436197918,0.02725080322497757,0.2094267440422118,0.09937356801379578,0.0,0.0,0.05
326,0.76785,False,0,0.0,0.3699,0.9384,0.0,0.0,0.0,0.0,1.8359831519902585,0.1443747557589825,1.6346582469410371,0.34007190934017917,0.31758390001057524,0.14613935895210978,0.07990000000000042,0.23970000000000127,0.05
327,0.80107,False,0,0.0,0.3369,1.0,0.0,0.0,0.0,0.0,1.7721387042329393,0.1423655351036291,1.547333333333334,0.06527837824783096,0.2628589509209394,0.10708337267098389,0.014600000000000491,0.04380000000000146,0.05
328,0.76034,False,0,0.0,0.3297,0.9449,0.0,0.0,0.0,0.0,1.805534244927874,0.21033673126046293,1.6426111121283646,0.33768951033084205,0.29199313072402566,0.1460693446015145,0.08420000000000069,0.23829469150612748,0.05
329,0.76776,False,0,0.0,0.36469999999999997,0.9405000000000001,0.0,0.0,0.0,0.0,1.841234333022983,0.21506659168578668,1.6620168402777793,0.3497759209478075,0.3255932996063381,0.16682869580311538,0.10220000000000104,0.2415950330615277,0.05
330,0.7753499999999999,False,0,0.0,0.3753,0.9468,0.0,0.0,0.0,0.0,1.882980422402865,0.16224114924511251,1.6340101525148012,0.3388657706713794,0.3262362698049944,0.13259644163999604,0.07980000000000055,0.23940000000000167,0.05
331,0.76789,False,0,0.0,0.3495,0.9471999999999999,0.0,0.0,0.0,0.0,1.7846310505430665,0.16026749327576556,1.6444555555555567,0.34702475255936743,0.28943837300890213,0.1331165428490921,0.09150000000000089,0.23835572155918694,0.05
332,0.8008599999999999,False,0,0.0,0.33619999999999994,1.0,0.0,0.0,0.0,0.0,1.7610912253147888,0.15079788887814594,1.5611000000021593,0.06272232457785387,0.2590726859462474,0.06253618084577306,0.0,0.0,0.05
333,0.78158,False,0,0.0,0.36130000000000007,0.9617000000000001,0.0,0.0,0.0,0.0,1.8340705836852507,0.3324853020425663,1.665088888862281,0.39456877156318093,0.2895825676699631,0.15290595204077978,0.07960000000000049,0.23880000000000148,0.05
334,0.7562000000000001,False,0,0.0,0.3215,0.9425000000000001,0.0,0.0,0.0,0.0,1.7826941203854172,0.16719247174526558,1.6249228298611116,0.34172042532336905,0.2880979964144018,0.1545233350808751,0.08220000000000052,0.23870726842725232,0.05
335,0.78085,False,0,0.0,0.378,0.9535,0.0,0.0,0.0,0.0,1.8577470806087841,0.10911576643975837,1.6316111111111113,0.34002948401572575,0.32042561242539996,0.10160306287972845,0.07980000000000022,0.23940000000000064,0.05
336,0.79765,False,0,0.0,0.3255,1.0,0.0,0.0,0.0,0.0,1.7443271537177167,0.07545442445847014,1.543500001017253,0.04886358596715311,0.2299778012375929,0.07076547656386757,0.004400000000000346,0.013200000000001039,0.05
337,0.71835,False,0,0.0,0.3344000000000001,0.8829,0.0,0.0,0.0,0.0,1.8282914870491935,0.18694596162256322,1.7577279515020774,0.4468604011530234,0.3420429657850913,0.18995916310078514,0.165700000000001,0.3168974755342818,0.05
338,0.7551800000000001,False,0,0.0,0.3181,0.9425000000000001,0.0,0.0,0.0,0.0,1.7728450702985121,0.1139589112048814,1.6302444525771675,0.34465854851376904,0.2677946090429167,0.1307290283037558,0.07950000000000043,0.23850000000000127,0.05
339,0.7987899999999999,False,0,0.0,0.3293,1.0,0.0,0.0,0.0,0.0,1.7640983113883955,0.08440369522570576,1.5417999999999998,0.07193997497914505,0.2562050220849101,0.05112836517200372,0.0,0.0,0.05
340,0.78919,False,0,0.0,0.2973,1.0,0.0,0.0,0.0,0.0,1.714286420356857,0.06025548893063421,1.5303,0.054648055775114265,0.2042943272533385,0.050274225129810245,0.0,0.0,0.05
341,0.7906,False,0,0.0,0.302,1.0,0.0,0.0,0.0,0.0,1.7304469115564025,0.07702993510845281,1.5576222224381053,0.05353188046731758,0.20423216343122616,0.0688697750407311,0.00490000000000046,0.01470000000000138,0.05
342,0.8008,False,0,0.0,0.33599999999999997,1.0,0.0,0.0,0.0,0.0,1.75769253103227,0.06892264186934405,1.5297006623056457,0.028137125398243458,0.2252343257481994,0.036216155556097585,0.0,0.0,0.05
343,0.75135,False,0,0.0,0.317,0.9375,0.0,0.0,0.0,0.0,1.7616571478488137,0.1386654672278989,1.6318309098985473,0.3414392611443209,0.2590469705745532,0.13838068514349314,0.084800000000001,0.23851448593324595,0.05
344,0.79576,False,0,0.0,0.31920000000000004,1.0,0.0,0.0,0.0,0.0,1.7270782666916265,0.08934879877493937,1.5345,0.04219063877212579,0.22099284727802188,0.0906808052581224,0.0,0.0,0.05
345,0.7940799999999999,False,0,0.0,0.3136,1.0,0.0,0.0,0.0,0.0,1.744275916621286,0.08602965104706223,1.5144,0.028622368874710577,0.22517526534030127,0.077961718500241,0.0,0.0,0.05
346,0.76336,False,0,0.0,0.3393,0.9451,0.0,0.0,0.0,0.0,1.777292079134368,0.22565787129367912,1.6463111111111115,0.3359617438538713,0.27052092650973336,0.14836349187290146,0.07980000000000051,0.23940000000000153,0.05
347,0.79687,False,0,0.0,0.3229,1.0,0.0,0.0,0.0,0.0,1.72560366205975,0.06948350279335018,1.5627,0.08835049518819924,0.23303463574841352,0.048236001271020124,0.0,0.0,0.05
348,0.8005899999999999,False,0,0.0,0.3353,1.0,0.0,0.0,0.0,0.0,1.75325345739746,0.04830676563818992,1.5201,0.03332701606804907,0.24886870244475806,0.036601740078610494,0.0,0.0,0.05
349,0.7558399999999998,False,0,0.0,0.3301,0.9382999999999999,0.0,0.0,0.0,0.0,1.760272879009031,0.14095858964237798,1.689166666671563,0.347769741652004,0.275787558711107,0.14683116203346083,0.11290000000000104,0.2489652385374326,0.05
350,0.7864,False,0,0.0,0.28800000000000003,1.0,0.0,0.0,0.0,0.0,1.661131766782161,0.03483520489711725,1.5168999999999997,0.01648908730039351,0.16792391995095166,0.041854073238772764,0.0,0.0,0.05
351,0.7676699999999999,False,0,0.0,0.37629999999999997,0.9353999999999999,0.0,0.0,0.0,0.0,1.8398147058849923,0.1395683335057695,1.6482057291666679,0.33727489020210666,0.3283687322921827,0.13907201173301278,0.08650000000000084,0.23831376376533597,0.05
352,0.72435,False,0,0.0,0.3551,0.8826,0.0,0.0,0.0,0.0,1.8625657923784886,0.18465667120062002,1.7388648067498056,0.45571906644261784,0.3562457717613138,0.2158682274247275,0.15970000000000054,0.31940007827175104,0.05
353,0.7843899999999999,False,0,0.0,0.2813,1.0,0.0,0.0,0.0,0.0,1.72130994982454,0.1057036310211629,1.5639000000047718,0.0799955623830976,0.19873348861182993,0.09426558627926548,0.0,0.0,0.05
354,0.77482,False,0,0.0,0.367,0.9496,0.0,0.0,0.0,0.0,1.872265910724807,0.25325966573172265,1.6540926269577387,0.33820358267394696,0.30771854077705524,0.19853158492972356,0.07980000000000043,0.23940000000000125,0.05
355,0.71424,False,0,0.0,0.3396,0.8748000000000001,0.0,0.0,0.0,0.0,1.8515601567259048,0.25489056954763356,1.7529999279446156,0.4522258093028488,0.3605426063808897,0.2310945754274817,0.15940000000000046,0.3188003136761327,0.05
356,0.80941,False,0,0.0,0.36469999999999997,1.0,0.0,0.0,0.0,0.0,1.795826417220466,0.09545842940521876,1.519595138888889,0.025428771792908807,0.2886207227574022,0.05380460761610771,0.0,0.0,0.05
357,0.7612699999999999,False,0,0.0,0.3601,0.9332,0.0,0.0,0.0,0.0,1.8532755146302946,0.14405219104035538,1.621055519193477,0.34363248394594775,0.34036480949626546,0.14677084262349285,0.08430000000000051,0.23859423714750574,0.05
358,0.7897,False,0,0.0,0.299,1.0,0.0,0.0,0.0,0.0,1.702277898323341,0.051985280454204044,1.5187000000000002,0.033814346067904365,0.19718573019004565,0.03765212668834517,0.0,0.0,0.05
359,0.8009799999999999,False,0,0.0,0.3366,1.0,0.0,0.0,0.0,0.0,1.7833572408866345,0.12488463889240622,1.5256555555555695,0.03640012379577837,0.2659748251288809,0.05563489964580235,0.007800000000000395,0.023400000000001187,0.05
360,0.8027799999999999,False,0,0.0,0.34259999999999996,1.0,0.0,0.0,0.0,0.0,1.7700822958532307,0.12235956023369102,1.5198751741436627,0.02732372057668955,0.2527563427372081,0.05316545493204953,0.006200000000000373,0.018600000000001116,0.05
361,0.7916799999999999,False,0,0.0,0.3056,1.0,0.0,0.0,0.0,0.0,1.7077215761523186,0.1414736923108323,1.5225,0.04024239058505348,0.18714749079727627,0.09367177525096888,0.0,0.0,0.05
362,0.75411,False,0,0.0,0.32899999999999996,0.9362999999999999,0.0,0.0,0.0,0.0,1.757760185086092,0.1444877892437333,1.648548263888874,0.3412193725460265,0.2632612697577798,0.17693708298093563,0.0815000000000007,0.2385603697180244,0.05
363,0.73722,False,0,0.0,0.26639999999999997,0.9390000000000001,0.0,0.0,0.0,0.0,1.7182834032776095,0.1299141259845734,1.6486777780568456,0.3379438642506059,0.23110187682619987,0.17019328280209964,0.09620000000000167,0.23670352764587274,0.05
364,0.7948299999999999,False,0,0.0,0.31609999999999994,1.0,0.0,0.0,0.0,0.0,1.740435348328252,0.05636472785437354,1.5186000000027324,0.027608694289450376,0.23482502938433444,0.05641136760925856,0.006200000000000373,0.018600000000001116,0.05
365,0.7693699999999999,False,0,0.0,0.3521,0.9481999999999999,0.0,0.0,0.0,0.0,1.8165780417087973,0.1527588302865624,1.63924444441824,0.33887332124005537,0.27911175982326697,0.13372873503642715,0.08840000000000085,0.23732138546705106,0.05
366,0.78562,False,0,0.0,0.2854,1.0,0.0,0.0,0.0,0.0,1.6892694786564904,0.07370845002866792,1.5222000000000002,0.04862674161405431,0.20682294545803953,0.07924293772518745,0.0,0.0,0.05
367,0.76208,False,0,0.0,0.3355,0.9449,0.0,0.0,0.0,0.0,1.7865238161317432,0.12076740211268461,1.6499555555554966,0.33710924045460683,0.2986574498630125,0.12828225862998335,0.07990000000000039,0.2397000000000012,0.05
368,0.79462,False,0,0.0,0.3154,1.0,0.0,0.0,0.0,0.0,1.7121548328285683,0.07418232578520187,1.5090999999999999,0.020378665314490004,0.2301669765572565,0.08722750056915726,0.0,0.0,0.05
369,0.7363999999999999,False,0,0.0,0.36889999999999995,0.8939,0.0,0.0,0.0,0.0,1.8984296980362032,0.25179054946838547,1.7544719013741634,0.44872392975092756,0.359272025598524,0.18645345930736992,0.16450000000000103,0.3173179005350955,0.05
370,0.7792,False,0,0.0,0.264,1.0,0.0,0.0,0.0,0.0,1.699122738951226,0.0845154942766509,1.518400210655729,0.0332486495089427,0.15680078259071378,0.07563007383552882,0.0,0.0,0.05
371,0.7511899999999999,False,0,0.0,0.30900000000000005,0.9407,0.0,0.0,0.0,0.0,1.766250300794931,0.15552702708525346,1.6990612847222248,0.3361436128774157,0.25352931972324483,0.14490018662184825,0.10260000000000118,0.24179793216651116,0.05
372,0.79813,False,0,0.0,0.3271,1.0,0.0,0.0,0.0,0.0,1.7691730340502307,0.09561419882959823,1.5177777780532842,0.028844795868073647,0.2495263009101322,0.09362674000060994,0.004800000000000353,0.014400000000001058,0.05
373,0.7936,False,0,0.0,0.31199999999999994,1.0,0.0,0.0,0.0,0.0,1.7248337240721259,0.10579742256602727,1.5409000000000002,0.04735282462535893,0.19787905771013664,0.07737356937318836,0.0,0.0,0.05
374,0.7834,False,0,0.0,0.27799999999999997,1.0,0.0,0.0,0.0,0.0,1.6847495598397586,0.10762344229114311,1.540894618055582,0.03921326505818252,0.16866721910637034,0.06897823884273073,0.0001000000000003638,0.0003000000000010914,0.05
375,0.78472,False,0,0.0,0.28240000000000004,1.0,0.0,0.0,0.0,0.0,1.6955325063809863,0.10057217884472552,1.511202462249332,0.029732092930794617,0.18108679278379433,0.0669038367543489,0.0,0.0,0.05
376,0.8038599999999999,False,0,0.0,0.3462,1.0,0.0,0.0,0.0,0.0,1.7482689485471965,0.11800406819291866,1.53956994534881,0.06188136368491439,0.22995491635036439,0.0577413427630924,0.0,0.0,0.05
377,0.8034699999999999,False,0,0.0,0.34490000000000004,1.0,0.0,0.0,0.0,0.0,1.773642831928996,0.14349451336285357,1.5518000000000076,0.06395279509138392,0.2675165272727874,0.11356036499761485,0.0,0.0,0.05
378,0.7938999999999999,False,0,0.0,0.31300000000000006,1.0,0.0,0.0,0.0,0.0,1.7524541000863807,0.1522422627232829,1.5686333333371798,0.20225992352945382,0.20826929519755738,0.09344465062414946,0.04700000000000095,0.14100000000000287,0.05
379,0.79108,False,0,0.0,0.3036,1.0,0.0,0.0,0.0,0.0,1.6856689880118751,0.0630556506094589,1.5,0.0,0.18961942147761035,0.03973381764544374,0.0,0.0,0.05
380,0.72551,False,0,0.0,0.35219999999999996,0.8855000000000001,0.0,0.0,0.0,0.0,1.8863651793031895,0.19426223898366754,1.7774697734301796,0.43916891478373815,0.35749206807247297,0.1842558511358292,0.16750000000000112,0.3165704502950343,0.05
381,0.80482,False,0,0.0,0.3494,1.0,0.0,0.0,0.0,0.0,1.7552692034127042,0.12708652380463642,1.5099,0.014962954253756166,0.24333937045563095,0.09242347862467999,0.0,0.0,0.05
382,0.80587,False,0,0.0,0.3529,1.0,0.0,0.0,0.0,0.0,1.7787656067680693,0.07918770412795302,1.5126000000000002,0.019262398604535137,0.26941579494077106,0.05537929631374656,0.0,0.0,0.05
383,0.7996599999999999,False,0,0.0,0.3322,1.0,0.0,0.0,0.0,0.0,1.7324623968968023,0.0985674762162784,1.5459057292050793,0.062149600530538356,0.21694985761189556,0.0810709659849607,0.011400000000000446,0.03420000000000134,0.05
384,0.7894,False,0,0.0,0.29800000000000004,1.0,0.0,0.0,0.0,0.0,1.7778672235432538,0.10320271820486125,1.5382001379330954,0.05321255439496443,0.22113059529457782,0.06566669157664587,0.0,0.0,0.05
385,0.8068,False,0,0.0,0.356,1.0,0.0,0.0,0.0,0.0,1.7986837159279307,0.1349069767485693,1.5623111116409325,0.07417463211904299,0.276289257902642,0.10142171840286718,0.023000000000000898,0.055391335062446284,0.05
386,0.79699,False,0,0.0,0.3233,1.0,0.0,0.0,0.0,0.0,1.7285129280672162,0.04547204207733619,1.547,0.045499450546132976,0.25137436550645276,0.021933290739192222,0.0,0.0,0.05
387,0.74979,False,0,0.0,0.3034,0.9410999999999999,0.0,0.0,0.0,0.0,1.789581391028534,0.19418967441208207,1.6536277777777464,0.34226488713114833,0.25910705381582033,0.16969859510729912,0.09290000000000083,0.23797665851927693,0.05
388,0.7602599999999999,False,0,0.0,0.3516,0.9353999999999999,0.0,0.0,0.0,0.0,1.7999373329531891,0.15350838657061364,1.6553111111111114,0.3351138513003215,0.31957823248703254,0.1578387036053726,0.07980000000000027,0.23940000000000078,0.05
389,0.7727899999999999,False,0,0.0,0.395,0.9347,0.0,0.0,0.0,0.0,1.8814492152620315,0.15978636800266155,1.6398994064395738,0.3402941083826635,0.36674723935907444,0.15729190632822942,0.07990000000000017,0.23970000000000044,0.05
390,0.7947099999999999,False,0,0.0,0.3157,1.0,0.0,0.0,0.0,0.0,1.7285360965105547,0.08194481844967234,1.5620000000000074,0.07485051770029544,0.22385962189411304,0.07637585036913869,0.0,0.0,0.05
391,0.8019999999999999,False,0,0.0,0.34,1.0,0.0,0.0,0.0,0.0,1.7433828635409738,0.12148039157967921,1.5152,0.024395901295094582,0.2064499832367689,0.07612401842969786,0.0,0.0,0.05
392,0.7869999999999999,False,0,0.0,0.29,1.0,0.0,0.0,0.0,0.0,1.7196165207344738,0.08098470749557993,1.525,0.04779330497046631,0.19829464664711793,0.07512416905323872,0.0,0.0,0.05
393,0.7805799999999999,False,0,0.0,0.26860000000000006,1.0,0.0,0.0,0.0,0.0,1.6721732590959075,0.06799849580866846,1.5148000000000001,0.022968674319603196,0.17156491042332572,0.08389419283437693,0.0,0.0,0.05
394,0.7561899999999999,False,0,0.0,0.3,0.9517,0.0,0.0,0.0,0.0,1.771865326671751,0.16932440809429258,1.6364909722222234,0.34684288128534907,0.23925830383328422,0.15304701935915307,0.08190000000000067,0.2391076954010482,0.05
395,0.77599,False,0,0.0,0.2533,1.0,0.0,0.0,0.0,0.0,1.6875981923584988,0.08962443481666388,1.5066,0.01980000000000002,0.15887284856336317,0.09763653646070547,0.0,0.0,0.05
396,0.79294,False,0,0.0,0.30979999999999996,1.0,0.0,0.0,0.0,0.0,1.693985202384799,0.0755683654089585,1.5141918402946546,0.015195210376785995,0.20102296311386608,0.06228333392631059,0.0,0.0,0.05
397,0.78775,False,0,0.0,0.2925,1.0,0.0,0.0,0.0,0.0,1.7198982959121445,0.07933482710182965,1.5549000000010902,0.08435810571723873,0.21123890105863094,0.05846380194121962,0.0,0.0,0.05
398,0.7963,False,0,0.0,0.321,1.0,0.0,0.0,0.0,0.0,1.7243117683956637,0.06186253550483424,1.5123000000000002,0.01878856034931891,0.21068173673222912,0.06592531128726023,0.0,0.0,0.05
399,0.78499,False,0,0.0,0.2833,1.0,0.0,0.0,0.0,0.0,1.6919421916723163,0.06311177372449948,1.5170000000000001,0.051000000000000364,0.210802564993763,0.07892971404911338,0.0,0.0,0.05
400,0.80809,False,0,0.0,0.3603,1.0,0.0,0.0,0.0,0.0,1.7681098256361518,0.13037449552714242,1.5041,0.012299999999999976,0.23585419653457515,0.050620811871516194,0.0,0.0,0.05
401,0.79123,False,0,0.0,0.3041,1.0,0.0,0.0,0.0,0.0,1.7321122563918905,0.1293340848615554,1.5934424988764284,0.07587356085797753,0.2205122392202281,0.10252507469685591,0.0038000000000003387,0.011400000000001015,0.05
402,0.8079999999999999,False,0,0.0,0.36,1.0,0.0,0.0,0.0,0.0,1.7770028361389663,0.06233517380196907,1.5137791666666671,0.018072923751199448,0.26654170544058853,0.04755404909310609,0.0014000000000003042,0.004200000000000912,0.05
403,0.747,False,0,0.0,0.2955,0.9405000000000001,0.0,0.0,0.0,0.0,1.7508581225094364,0.1644880923138023,1.6402555555555558,0.34038564566940693,0.24134803297236526,0.16421017015196093,0.07990000000000044,0.23970000000000136,0.05
404,0.76857,False,0,0.0,0.35690000000000005,0.945,0.0,0.0,0.0,0.0,1.8583350234242757,0.17659909361838866,1.6443579444779293,0.3364585147189313,0.3333283325037562,0.165794321652209,0.07990000000000023,0.2397000000000007,0.05
405,0.7431299999999998,False,0,0.0,0.291,0.9369,0.0,0.0,0.0,0.0,1.7348671650923397,0.15751646547198198,1.6417555592855095,0.3373086381516263,0.23585341981028707,0.16305598575779015,0.09140000000000123,0.2367784618583381,0.05
406,0.7156399999999999,False,0,0.0,0.3417,0.8759,0.0,0.0,0.0,0.0,1.8598259272202315,0.1807346503311543,1.7508965900740954,0.4582829179925585,0.36936934598639276,0.19556098846003309,0.15980000000000044,0.31960000000000083,0.05
407,0.7686,False,0,0.0,0.3507,0.9477,0.0,0.0,0.0,0.0,1.8665419414289208,0.18899372843226225,1.6446564714961596,0.3386646876997521,0.30974300415237,0.1424579528706732,0.09060000000000083,0.2379883190410835,0.05
408,0.7582899999999999,False,0,0.0,0.3175,0.9471999999999999,0.0,0.0,0.0,0.0,1.7589713911655338,0.16203249156452137,1.6290555555555617,0.35018773536492226,0.2583163307639458,0.16710211270687816,0.07990000000000037,0.2397000000000011,0.05
409,0.8076399999999999,False,0,0.0,0.3588,1.0,0.0,0.0,0.0,0.0,1.7827790747736008,0.09119030597030084,1.5300999999999998,0.04359002179398401,0.26487271396616874,0.04878126757175896,0.0,0.0,0.05
410,0.80125,False,0,0.0,0.3375,1.0,0.0,0.0,0.0,0.0,1.745875182349581,0.057742013311696254,1.5333,0.04959042246240698,0.24402089822815992,0.03957772448746625,0.0,0.0,0.05
411,0.7921,False,0,0.0,0.30700000000000005,1.0,0.0,0.0,0.0,0.0,1.7733083185727097,0.13937176099137957,1.540000000000001,0.06567038906539428,0.2285688455645662,0.08411698550171343,0.0,0.0,0.05
412,0.7549399999999999,False,0,0.0,0.325,0.9391999999999999,0.0,0.0,0.0,0.0,1.7730246271595127,0.1484044560312568,1.667555555567675,0.33184039001363036,0.24914692080439232,0.14324933865705122,0.0799000000000004,0.23970000000000122,0.05
413,0.8000799999999999,False,0,0.0,0.3336,1.0,0.0,0.0,0.0,0.0,1.7212078645683306,0.07002244786005751,1.5221000000027327,0.027746891724105337,0.2318030204393192,0.04912818937799315,0.0062000000000005,0.0186000000000015,0.05
414,0.79909,False,0,0.0,0.3303,1.0,0.0,0.0,0.0,0.0,1.7536023016123128,0.07365057431245109,1.5689793402777785,0.07825372520259954,0.2572353065158547,0.04751922943769948,0.010500000000000512,0.03150000000000154,0.05
415,0.7549800000000001,False,0,0.0,0.3263,0.9387000000000001,0.0,0.0,0.0,0.0,1.7748644584054905,0.13232203450994393,1.655511111111204,0.3354878967845062,0.268473119622492,0.13873362060850233,0.0798000000000004,0.2394000000000012,0.05
416,0.7448599999999999,False,0,0.0,0.2928,0.9385999999999999,0.0,0.0,0.0,0.0,1.7698047189435524,0.23702607511654777,1.6478111111111118,0.3375834859705098,0.25257954575870045,0.17791485925387254,0.07980000000000047,0.23940000000000144,0.05
417,0.7696499999999998,False,0,0.0,0.3584,0.9459,0.0,0.0,0.0,0.0,1.8077437779375252,0.14174343458030797,1.6310488838439086,0.3405528546063844,0.3117562522098346,0.1427014071140945,0.07990000000000042,0.23970000000000127,0.05
418,0.80314,False,0,0.0,0.3438,1.0,0.0,0.0,0.0,0.0,1.7206686760105456,0.06298329052326537,1.54,0.03996498467408692,0.2416311774374847,0.04478776366397355,0.0,0.0,0.05
419,0.8102799999999999,False,0,0.0,0.3676,1.0,0.0,0.0,0.0,0.0,1.7792096751137252,0.10952329326170716,1.5237000338130786,0.04061053016012079,0.2623666909910005,0.06069253324063418,0.0,0.0,0.05
420,0.75767,False,0,0.0,0.3306,0.9407,0.0,0.0,0.0,0.0,1.799078412652674,0.15002901229609314,1.6464444444444446,0.3382184041250402,0.3247810748774668,0.15546515195754654,0.07950000000000003,0.2385000000000001,0.05
421,0.78952,False,0,0.0,0.2984,1.0,0.0,0.0,0.0,0.0,1.7257890949228905,0.10729543118475128,1.5532,0.06917485092141507,0.21150934066521382,0.1021565792337951,0.0,0.0,0.05
422,0.7427699999999999,False,0,0.0,0.273,0.9440999999999999,0.0,0.0,0.0,0.0,1.7380716434885586,0.14589111275968092,1.6226916666666675,0.3486404866884147,0.22132183005028455,0.15191915303009124,0.07970000000000046,0.23910000000000134,0.05
423,0.7667299999999999,False,0,0.0,0.3678,0.9376999999999999,0.0,0.0,0.0,0.0,1.8407774441102827,0.1189327845886299,1.6422777750834556,0.3390340528607997,0.3528470642082865,0.15637230619211867,0.07980000000000012,0.23940000000000036,0.05
424,0.7825,False,0,0.0,0.345,0.97,0.0,0.0,0.0,0.0,1.7645382927833275,0.10886075131026783,1.6355002495659736,0.33989474777614714,0.27701891359820024,0.11612467096558923,0.08260000000000099,0.2389356398698206,0.05
425,0.8038299999999999,False,0,0.0,0.3461,1.0,0.0,0.0,0.0,0.0,1.757107137165589,0.10939253336044424,1.5242557291666674,0.04723546991749958,0.2560449920184255,0.06735783106410367,0.007700000000000472,0.023100000000001415,0.05
426,0.7996,False,0,0.0,0.332,1.0,0.0,0.0,0.0,0.0,1.744781184877736,0.09601750257073892,1.5359612864072727,0.04181573274357486,0.24265271598972654,0.10191873589174698,0.0,0.0,0.05
427,0.7945,False,0,0.0,0.31500000000000006,1.0,0.0,0.0,0.0,0.0,1.7228619745037013,0.07601814281664074,1.5482585069444705,0.06464778269639826,0.21536757680572288,0.03010495377860786,0.0,0.0,0.05
428,0.80185,False,0,0.0,0.3395,1.0,0.0,0.0,0.0,0.0,1.7348225264589554,0.11070517570427094,1.5219791666666673,0.02690375883744365,0.22973966844525298,0.06430539784667595,0.001400000000000432,0.004200000000001296,0.05
429,0.8043699999999999,False,0,0.0,0.3479,1.0,0.0,0.0,0.0,0.0,1.7232510011650155,0.05797744934307285,1.525522222222223,0.04001484446774615,0.2296588592014389,0.047729141153516216,0.009400000000000418,0.028200000000001252,0.05
430,0.7679999999999999,False,0,0.0,0.3508,0.9468,0.0,0.0,0.0,0.0,1.7836528551515205,0.12213148985777954,1.6701556348058986,0.3307866136981766,0.29293145397510434,0.12646641471113115,0.07990000000000036,0.23970000000000108,0.05
431,0.79099,False,0,0.0,0.3033,1.0,0.0,0.0,0.0,0.0,1.7364037348777637,0.060581702734934094,1.5302000000000853,0.037134350674441985,0.2159092403713089,0.056296506638088537,0.0,0.0,0.05
432,0.7574099999999999,False,0,0.0,0.3253,0.9426,0.0,0.0,0.0,0.0,1.7547425153907823,0.1430076452377313,1.6316466145833346,0.33962825989950496,0.2774320157154508,0.14591703935429146,0.08200000000000082,0.23875678000844391,0.05
433,0.72973,False,0,0.0,0.307,0.9109,0.0,0.0,0.0,0.0,1.786783902150944,0.17321946017081927,1.7472222222222236,0.45188388107489647,0.2627437633771854,0.1739897865450085,0.15960000000000094,0.31920000000000187,0.05
434,0.7923699999999999,False,0,0.0,0.3079,1.0,0.0,0.0,0.0,0.0,1.6992951030324739,0.0707969354256717,1.529095746527778,0.031120384636305086,0.19946476539139357,0.05925884608946737,0.0,0.0,0.05
435,0.78913,False,0,0.0,0.29710000000000003,1.0,0.0,0.0,0.0,0.0,1.7039925677294705,0.12070996459950141,1.5237,0.038809921411927635,0.21579263649530986,0.10866838764483398,0.0,0.0,0.05
436,0.8009799999999999,False,0,0.0,0.3366,1.0,0.0,0.0,0.0,0.0,1.7845445107461917,0.15611080455536094,1.527200000786584,0.04523892351781647,0.24251124528539178,0.11742891711178095,0.0,0.0,0.05
437,0.75694,False,0,0.0,0.3144,0.9466000000000001,0.0,0.0,0.0,0.0,1.7524845984618556,0.12270944547279333,1.6346285590277794,0.33868732957267234,0.2576820225644318,0.141469882590794,0.0848000000000011,0.23696657992214945,0.05
438,0.71217,False,0,0.0,0.3236,0.8786999999999999,0.0,0.0,0.0,0.0,1.8206117681311238,0.19475670538552575,1.7592085069444476,0.451715547129181,0.31401827241327496,0.16898542425223093,0.1630000000000011,0.3174189660370041,0.05
439,0.8014899999999999,False,0,0.0,0.3383,1.0,0.0,0.0,0.0,0.0,1.7331735573258562,0.09468143505719619,1.5233000000000074,0.0419000000000156,0.2530079184107428,0.09084944997277897,0.0080000000000004,0.0240000000000012,0.05
440,0.74986,False,0,0.0,0.3139,0.9367000000000001,0.0,0.0,0.0,0.0,1.7696186788463666,0.15594540945484814,1.631455555552679,0.34014709398978027,0.2658231463741617,0.15317652269006332,0.07990000000000046,0.23970000000000138,0.05
441,0.7807,False,0,0.0,0.269,1.0,0.0,0.0,0.0,0.0,1.7092136767435229,0.08312774484583942,1.5046,0.013800000000000012,0.2059007874072293,0.09575175099136186,0.0,0.0,0.05
442,0.71307,False,0,0.0,0.3196,0.8817,0.0,0.0,0.0,0.0,1.8617088841800786,0.22226877806453343,1.749522222222223,0.450882279262657,0.3134329060654747,0.1939529880768107,0.1596000000000008,0.3192000000000016,0.05
443,0.79555,False,0,0.0,0.31850000000000006,1.0,0.0,0.0,0.0,0.0,1.6986917891237887,0.07373936622127059,1.5208,0.050243009464004056,0.21140557433158452,0.05351598647965338,0.0,0.0,0.05
444,0.8128599999999999,False,0,0.0,0.3762,1.0,0.0,0.0,0.0,0.0,1.7854430289122898,0.1175848866969838,1.5216999999999998,0.05964905699170782,0.26857927886163147,0.06335183825836882,0.0,0.0,0.05
445,0.7893699999999999,False,0,0.0,0.2979,1.0,0.0,0.0,0.0,0.0,1.6848032984685908,0.06930297972070405,1.5036,0.010800000000000011,0.19105341996673547,0.05209010074521873,0.0,0.0,0.05
446,0.7915,False,0,0.0,0.30500000000000005,1.0,0.0,0.0,0.0,0.0,1.703278063507545,0.07774475669906578,1.5263000000000002,0.03873770772774251,0.1999151891054415,0.06139323669763032,0.0,0.0,0.05
447,0.7549999999999999,False,0,0.0,0.32449999999999996,0.9395,0.0,0.0,0.0,0.0,1.8059895779884152,0.16833981738414378,1.7062501736111173,0.37147205658251914,0.2891983221448109,0.1637722468943312,0.12820000000000176,0.2529801573246428,0.05
448,0.79519,False,0,0.0,0.3173,1.0,0.0,0.0,0.0,0.0,1.7209583592042272,0.08677347308960888,1.5419972225698326,0.05371400743969492,0.23544451393020344,0.06697156724274722,0.0,0.0,0.05
449,0.81409,False,0,0.0,0.38029999999999997,1.0,0.0,0.0,0.0,0.0,1.782985034199935,0.11647940070319455,1.5145000000000002,0.0275218095335319,0.26086847049476836,0.06490995476521737,0.0,0.0,0.05
450,0.79807,False,0,0.0,0.3269,1.0,0.0,0.0,0.0,0.0,1.7321584180416398,0.0708427810349308,1.5261625108136077,0.03240739503802295,0.22336228157246815,0.06146645745840641,0.0016000000000004062,0.004800000000001218,0.05
451,0.7839999999999999,False,0,0.0,0.28,1.0,0.0,0.0,0.0,0.0,1.687471440181508,0.09230305803130294,1.5207057292050814,0.03171502159960705,0.16872105768864235,0.0726083280409468,0.006300000000000863,0.01612482558045318,0.05
452,0.7949799999999999,False,0,0.0,0.3166,1.0,0.0,0.0,0.0,0.0,1.7336950278706766,0.09884889609877942,1.5220335069444464,0.038109783396775974,0.21557376057416536,0.09587504979352103,0.0010000000000004975,0.0030000000000014924,0.05
453,0.71745,False,0,0.0,0.33419999999999994,0.8817,0.0,0.0,0.0,0.0,1.8292727837402167,0.24876451025555948,1.7297424863787085,0.4594850073492778,0.34388661037502055,0.19324641182978305,0.15960000000000069,0.31920000000000137,0.05
454,0.75231,False,0,0.0,0.31460000000000005,0.9399000000000001,0.0,0.0,0.0,0.0,1.7898391256538388,0.1630667162913279,1.6319111111111115,0.34232337538259666,0.2632968931191778,0.16509378351291196,0.07980000000000034,0.239400000000001,0.05
455,0.80092,False,0,0.0,0.3364,1.0,0.0,0.0,0.0,0.0,1.7136712184319562,0.12250082578778564,1.5384447085998016,0.0661966360252046,0.20524139223986393,0.10180326511356667,0.0,0.0,0.05
456,0.7481,False,0,0.0,0.382,0.905,0.0,0.0,0.0,0.0,1.8919726339499596,0.2512420120078359,1.7548275623498426,0.4453460970035624,0.37043455116347496,0.21189776816419076,0.1596000000000008,0.31920031328305587,0.05
457,0.79894,False,0,0.0,0.3298,1.0,0.0,0.0,0.0,0.0,1.7262421063472917,0.13286273877127286,1.555444458007813,0.039892352777374476,0.23082434389168077,0.09674819381453738,0.0036000000000003356,0.010800000000001007,0.05
458,0.80512,False,0,0.0,0.3504,1.0,0.0,0.0,0.0,0.0,1.7837852673137966,0.12434984943898336,1.5455335839907334,0.05494043438818397,0.2698547128764835,0.07025249403505684,0.0038000000000003387,0.011400000000001015,0.05
459,0.76555,False,0,0.0,0.3578,0.9403,0.0,0.0,0.0,0.0,1.8258147762611892,0.14007259850896941,1.6361111100444816,0.3388447990437632,0.3240334043099826,0.13551329455892758,0.07980000000000037,0.23940000000000106,0.05
460,0.79528,False,0,0.0,0.3176,1.0,0.0,0.0,0.0,0.0,1.7334598669436516,0.11901786043477057,1.5439999999999998,0.057619441163551735,0.22732213574347077,0.08721504465029173,0.0,0.0,0.05
461,0.8038,False,0,0.0,0.346,1.0,0.0,0.0,0.0,0.0,1.7069292626059611,0.08073285199217364,1.54,0.05210374266787369,0.2163621201407142,0.061580997698171096,0.0,0.0,0.05
462,0.7556799999999998,False,0,0.0,0.3066999999999999,0.9480999999999999,0.0,0.0,0.0,0.0,1.738029284627284,0.17677509132431576,1.622045572201896,0.34166903288179634,0.24644806810748307,0.16919921881441974,0.08180000000000079,0.2381570070352763,0.05
463,0.7927,False,0,0.0,0.309,1.0,0.0,0.0,0.0,0.0,1.7322873074376397,0.08061628587498149,1.553266686393394,0.05401335227521284,0.21041077407595316,0.05487856813346445,0.02190000000000126,0.040304962473622724,0.05
464,0.7933899999999999,False,0,0.0,0.31129999999999997,1.0,0.0,0.0,0.0,0.0,1.7700344695059793,0.1242600472327239,1.5213,0.0327873451197257,0.225085463286366,0.08478490676225992,0.0,0.0,0.05
465,0.71364,False,0,0.0,0.3348,0.8760000000000001,0.0,0.0,0.0,0.0,1.781593581829895,0.17503930286633965,1.76219652777778,0.45616767640572475,0.31742886960279515,0.19821708981499234,0.1753000000000014,0.3145911791516111,0.05
466,0.7950699999999999,False,0,0.0,0.3169,1.0,0.0,0.0,0.0,0.0,1.7223739057904983,0.0843797739510632,1.5278300816959807,0.03558134719005777,0.22395144927045413,0.04212883111789856,0.0,0.0,0.05
467,0.7571699999999999,False,0,0.0,0.3504,0.9315,0.0,0.0,0.0,0.0,1.8199792729138324,0.18805786787171905,1.771911111111112,0.4444947299330709,0.34085768749975204,0.1808627602502674,0.15980000000000077,0.3196000000000016,0.05
468,0.8151999999999999,False,0,0.0,0.384,1.0,0.0,0.0,0.0,0.0,1.8146028517714492,0.13344032546726523,1.5095,0.015609292104384458,0.2660543376540391,0.0682996565702319,0.0,0.0,0.05
469,0.79465,False,0,0.0,0.3155,1.0,0.0,0.0,0.0,0.0,1.7562291182600904,0.11317146632557654,1.5292555555671945,0.043160282660326024,0.2321402744936461,0.08443688694105916,0.008800000000000408,0.026400000000001228,0.05
470,0.7984,False,0,0.0,0.32799999999999996,1.0,0.0,0.0,0.0,0.0,1.7612809235202005,0.056121901644178226,1.5177999999999998,0.03143501232702161,0.24687182140516112,0.03321704830763835,0.0,0.0,0.05
471,0.7494699999999999,False,0,0.0,0.3,0.9420999999999999,0.0,0.0,0.0,0.0,1.7863025503008614,0.1297207188032754,1.6273555555553063,0.34155917658672413,0.2504258702987249,0.1486816612906937,0.07990000000000047,0.23970000000000144,0.05
472,0.8076399999999999,False,0,0.0,0.35880000000000006,1.0,0.0,0.0,0.0,0.0,1.7377836743867103,0.05986465548509779,1.5407117187500003,0.029037628901339492,0.24626782858242618,0.051640924372891486,0.002400000000000318,0.007200000000000954,0.05
473,0.8034399999999999,False,0,0.0,0.3448,1.0,0.0,0.0,0.0,0.0,1.7511712185519823,0.06689888461190674,1.526566720845965,0.032108551316927525,0.24758898415255254,0.037404952129261586,0.003200000000000514,0.009600000000001543,0.05
474,0.8047,False,0,0.0,0.34900000000000003,1.0,0.0,0.0,0.0,0.0,1.799717079640341,0.13524850694361887,1.5404,0.06299555539877398,0.2687629028792905,0.07910817051923046,0.0,0.0,0.05
475,0.7837,False,0,0.0,0.279,1.0,0.0,0.0,0.0,0.0,1.6922860669374415,0.051085399775156665,1.5082,0.01639999999999997,0.18558593995366834,0.043273603202212595,0.0,0.0,0.05
476,0.79768,False,0,0.0,0.3256,1.0,0.0,0.0,0.0,0.0,1.7437233897538438,0.045479746359868685,1.5374000572349005,0.05519644160953005,0.2483541875293913,0.024425463776068423,0.0,0.0,0.05
477,0.75662,False,0,0.0,0.32780000000000004,0.9404,0.0,0.0,0.0,0.0,1.8164593826057398,0.13534815352276217,1.6407444932725714,0.33887359954929686,0.3060355805275691,0.13214338499986486,0.09250000000000111,0.2372126682957731,0.05
478,0.7938099999999999,False,0,0.0,0.31270000000000003,1.0,0.0,0.0,0.0,0.0,1.7164041406096544,0.05068936278943065,1.51443333333346,0.03205552474494131,0.217911826722149,0.03234419075579837,0.00740000000000039,0.022200000000001167,0.05
479,0.77128,False,0,0.0,0.3678,0.9442,0.0,0.0,0.0,0.0,1.849459827353184,0.19144232190931265,1.6410555555555564,0.3396376582313724,0.30922346389901123,0.15032453445736446,0.07990000000000057,0.23970000000000172,0.05
480,0.80701,False,0,0.0,0.3567,1.0,0.0,0.0,0.0,0.0,1.7216455894065557,0.08747617230760395,1.5289889165242554,0.03829738606665981,0.24163524381198154,0.03777052497975854,0.008200000000000401,0.024600000000001204,0.05
481,0.7938999999999999,False,0,0.0,0.313,1.0,0.0,0.0,0.0,0.0,1.7393579594033437,0.07047373987282908,1.5378082464104408,0.04032599879707495,0.21748990373564148,0.06691468543622396,0.0,0.0,0.05
482,0.67189,False,0,0.0,0.35150000000000003,0.8092,0.0,0.0,0.0,0.0,1.8919361165184387,0.1626312253869356,1.8611879002672356,0.5232944533927848,0.41681714867988584,0.21308233063317547,0.23910000000000098,0.3652323780827777,0.05
483,0.8037399999999999,False,0,0.0,0.3458,1.0,0.0,0.0,0.0,0.0,1.7430605491329243,0.05590045019466408,1.525,0.04728001692047075,0.2397482754241859,0.047016004525623746,0.0,0.0,0.05
484,0.79258,False,0,0.0,0.30860000000000004,1.0,0.0,0.0,0.0,0.0,1.7223334249665174,0.11190400697184094,1.5137012188487586,0.03003682133442113,0.21485877949667898,0.10929681441587,2.842170943040401e-16,8.526512829121203e-16,0.05
485,0.7593799999999999,False,0,0.0,0.33490000000000003,0.9413,0.0,0.0,0.0,0.0,1.8074550210468658,0.17605607106603613,1.701677777776886,0.32137250586994937,0.2893390190518562,0.15355379617335474,0.09200000000000105,0.2384118285656157,0.05
486,0.7844199999999999,False,0,0.0,0.2814,1.0,0.0,0.0,0.0,0.0,1.7253530226883904,0.10546134828904352,1.5688676422860894,0.06602288055769745,0.19987577794272773,0.08524633053425226,0.012200000000000457,0.036600000000001374,0.05
487,0.7967799999999999,False,0,0.0,0.3226,1.0,0.0,0.0,0.0,0.0,1.738528469569811,0.07064637171072112,1.5219444444445434,0.03162989092639299,0.2338220135980773,0.07136014432774013,0.007200000000000387,0.02160000000000116,0.05
488,0.75751,False,0,0.0,0.3324,0.9397,0.0,0.0,0.0,0.0,1.827056963526573,0.14964557174516727,1.672655555555881,0.34020177182894035,0.2957845557696966,0.15578349662170582,0.0799000000000004,0.23970000000000122,0.05
489,0.76701,False,0,0.0,0.358,0.9423,0.0,0.0,0.0,0.0,1.811056317375911,0.10115133419223715,1.6237000000012263,0.34414678554317185,0.2933960722411629,0.11834543551496257,0.07970000000000038,0.23910000000000112,0.05
490,0.7857999999999999,False,0,0.0,0.2860000000000001,1.0,0.0,0.0,0.0,0.0,1.711507502782927,0.09193833871079948,1.5509446180555564,0.061771868318428284,0.18298453640408124,0.0917941936457834,0.0097000000000005,0.0291000000000015,0.05
491,0.7587499999999999,False,0,0.0,0.34540000000000004,0.9359,0.0,0.0,0.0,0.0,1.8324056011713428,0.18670415730706394,1.6365778633859425,0.33925513211869,0.2953235421152494,0.15317486843102535,0.08480000000000082,0.2382002518890366,0.05
492,0.79204,False,0,0.0,0.3068,1.0,0.0,0.0,0.0,0.0,1.7227250678492663,0.04471879133932985,1.5482279513888901,0.05345168135666806,0.22545455574768933,0.026029780900686986,0.01230000000000082,0.03002682134359352,0.05
493,0.8031999999999999,False,0,0.0,0.344,1.0,0.0,0.0,0.0,0.0,1.758663684938509,0.05996796138683917,1.5091,0.016170652429633104,0.23552761841465183,0.03504895543789993,0.0,0.0,0.05
494,0.78343,False,0,0.0,0.2781,1.0,0.0,0.0,0.0,0.0,1.7106615758472485,0.10676947144527232,1.551244444444445,0.08230542036963626,0.1978600792441245,0.10436119472229582,0.01800000000000054,0.054000000000001616,0.05
495,0.75683,False,0,0.0,0.32010000000000005,0.944,0.0,0.0,0.0,0.0,1.7580735497622915,0.17682060757982054,1.6295555555555556,0.3418228586075936,0.27762285605994774,0.20161658832681986,0.0799000000000001,0.23970000000000027,0.05
496,0.7744,False,0,0.0,0.248,1.0,0.0,0.0,0.0,0.0,1.6703405826282391,0.07950866508144383,1.5537777777801156,0.05441976765411758,0.1521379416107534,0.07741708001898995,0.008400000000000516,0.025200000000001548,0.05
497,0.7918,False,0,0.0,0.306,1.0,0.0,0.0,0.0,0.0,1.7113356701112532,0.06360227615778803,1.5307,0.08016988212539669,0.2138900301948031,0.06972714494611158,0.0,0.0,0.05
498,0.79804,False,0,0.0,0.32680000000000003,1.0,0.0,0.0,0.0,0.0,1.7342331811735896,0.10997025616598102,1.5429000010172529,0.034567181470146854,0.21718864246792385,0.06863752018695857,0.004400000000000346,0.013200000000001039,0.05
499,0.75446,False,0,0.0,0.315,0.9428000000000001,0.0,0.0,0.0,0.0,1.8044938843444744,0.1958769989941033,1.6470111111111116,0.33651369627071503,0.24891925023120284,0.16563371211295436,0.07980000000000045,0.2394000000000013,0.05
500,0.5721699999999998,False,1,0.0,0.18249999999999997,0.9346,68.4,0.0,0.0,0.0,1.7478598302952917,0.22584328563061337,1.8213585794809473,0.8899771634871999,0.24986460554611414,0.2500305675730797,0.17983106438487256,0.5394931931546176,0.05
501,0.4958999999999999,False,1,0.0,0.1512,0.8722,80.0,0.0,0.0,0.0,1.8025094190313937,0.3232172737236234,1.996716914933193,0.9238970617611586,0.30573646056081294,0.36524549162470826,0.3376388203789356,0.6760899908464292,0.05
502,0.5782999999999999,False,1,0.0,0.176,1.0,87.25,0.0,0.0,0.0,1.7466192584389002,0.18464782674112523,1.5247000000003312,0.0443622587349774,0.20932819918392967,0.1391991096898294,7.182107664859229e-190,0.0,0.05
503,0.5999199999999999,False,1,0.0,0.2183,0.9349000000000001,60.0,0.0,0.0,0.0,1.8108689437432548,0.24019681413389166,1.7308594902319654,0.6259416538564869,0.29887055057484574,0.2560224468498226,0.16430000798841615,0.4929000239652484,0.05
504,0.55836,False,1,0.0,0.2162,0.9339999999999999,80.15,0.0,0.0,0.0,1.8476742565228654,0.2534947463120712,1.881999071951843,1.0090794041001017,0.3169885836149246,0.2553750645641174,0.1892000020097849,0.5056555804702484,0.05
505,0.49688000000000004,False,1,0.0,0.1992,0.8816,90.0,0.0,0.0,0.0,1.8724778899285497,0.41010099534874744,1.874453406150213,0.7510450119632718,0.34737055806997874,0.3809736303096385,0.28313621790557686,0.6151821297375615,0.05
506,0.58299,False,1,0.0,0.1513,1.0,81.2,0.0,0.0,0.0,1.6861356497707507,0.08829248581277332,1.5299,0.05081426964938095,0.17848661227956525,0.09090876623813621,2.2662777208340286e-219,0.0,0.05
507,0.5355199999999999,False,1,0.0,0.25060000000000004,0.8141999999999999,54.8,0.0,0.0,0.0,1.9556971971155073,0.36904219028882856,2.264740605531196,1.1756086848366913,0.44233747722252403,0.3686266975544797,0.41590358679556605,0.6477944206189974,0.05
508,0.5402899999999999,False,1,0.0,0.1343,1.0,100.0,0.0,0.0,0.0,1.6873446126626468,0.1800833566520944,1.5133,0.020376702382868532,0.15973362418622217,0.13109219304914926,9.733737215035775e-210,0.0,0.05
509,0.5169799999999999,False,1,0.0,0.2238,0.8712,80.0,0.0,0.0,0.0,1.8801041904454756,0.3637089787943368,2.06297679643911,1.0185470508548429,0.37128208124293227,0.3600980303721199,0.29908934109886953,0.6092464863938031,0.05
510,0.55378,False,1,0.0,0.1996,0.877,60.0,0.0,0.0,0.0,1.8246079532593238,0.2995944809903865,1.7457666666649794,0.45294148492071473,0.32044809349125913,0.29902811884678243,0.159700000000001,0.319400078271752,0.05
511,0.5165400000000001,False,1,0.0,0.1439,0.9341000000000002,90.25,0.0,0.0,0.0,1.7758661518594288,0.31835116183804885,1.6590049041451445,0.37518158168269167,0.24926192179098655,0.31196992472962004,0.10427387998512924,0.27719663971209707,0.05
512,0.5452999999999999,False,1,0.0,0.1684,0.9353999999999999,80.0,0.0,0.0,0.0,1.7626540056083406,0.2335011956422005,1.8030963055703133,0.8456095790039362,0.2510562659629786,0.2520534122626985,0.1997963055703134,0.5993889167109402,0.05
513,0.5434500000000001,False,1,0.0,0.1439,0.9364000000000001,77.6,0.0,0.0,0.0,1.7246865281870707,0.262670356636883,1.7832550637867441,0.7696258779185235,0.22108575193926278,0.2822376921995219,0.21168835337821568,0.635065060134647,0.05
514,0.5501499999999998,False,1,0.0,0.16469999999999999,0.9381999999999999,78.0,0.0,0.0,0.0,1.751959121021932,0.3098510802779511,1.7453225561202892,0.6332595745357753,0.22766314709562135,0.27261631640077083,0.1634847138095906,0.4904541414287718,0.05
515,0.5660099999999999,False,1,0.0,0.13369999999999999,1.0,87.05,0.0,0.0,0.0,1.685024294276126,0.1987500478182655,1.5025,0.007499999999999975,0.16565065918539995,0.162121038898466,9.405293622837222e-172,0.0,0.05
516,0.48027,False,1,0.0,0.2002,0.8003,70.0,0.0,0.0,0.0,1.906364634013681,0.35704383456868344,2.391726921525044,1.3419023005001898,0.4192202767423668,0.4141440004622028,0.4953698496279225,0.7784933814806089,0.05
517,0.57701,False,1,0.0,0.2327,0.937,74.35,0.0,0.0,0.0,1.8396770607594264,0.2728751590608731,1.9085002417728298,1.0000538033880093,0.3114486783625845,0.24224524952825605,0.2518802152435726,0.6085079018347013,0.05
518,0.5788599999999999,False,1,0.0,0.1302,1.0,80.1,0.0,0.0,0.0,1.6674839531536694,0.12173300943621834,1.5208,0.01953867958691168,0.1500271327093409,0.10738020746632908,3.9568403320506906e-207,0.0,0.05
519,0.5603099999999999,False,1,0.0,0.15739999999999998,0.9337,70.25,0.0,0.0,0.0,1.8011531147749786,0.3820883737878192,1.6551540245814145,0.3375740131614399,0.25097647035994614,0.290722565358537,0.07990000472437789,0.2397000141731337,0.05
520,0.5528099999999999,False,1,0.0,0.1697,0.9359999999999999,76.65,0.0,0.0,0.0,1.7582657440844733,0.2767408825116821,1.7820350324573293,0.7557657759366717,0.2453958469195891,0.2783946930507036,0.17073503245732935,0.512205097371988,0.05
521,0.61493,False,1,0.0,0.18309999999999998,1.0,70.0,0.0,0.0,0.0,1.6915363899695037,0.13523296405946358,1.5412335106743722,0.036754020638866035,0.1873999823173227,0.12582740289602679,0.007100000000000989,0.01434189666676111,0.05
522,0.5146,False,1,0.0,0.1631,0.9440999999999999,97.6,0.0,0.0,0.0,1.7241524828243808,0.2549343511935744,1.728385722850471,0.5652270561863976,0.22348072492293194,0.2700701483143807,0.17328930081828237,0.48807656473387195,0.05
523,0.5094799999999999,False,1,0.0,0.2293,0.8867,90.0,0.0,0.0,0.0,1.8988008300570587,0.4230424728976221,2.049952068691966,1.0458374259023984,0.359559937336316,0.36620262291903205,0.42060189830799477,0.8412106850295186,0.05
524,0.5896499999999998,False,1,0.0,0.24209999999999993,0.9385999999999999,70.0,0.0,0.0,0.0,1.7673420090047696,0.16112619420541893,1.7855211245953708,0.7550593637657174,0.289418591821245,0.20373931458015512,0.16482112459537085,0.4944633737861125,0.05
525,0.58056,False,1,0.0,0.13520000000000001,1.0,80.0,0.0,0.0,0.0,1.6788549846279228,0.13636992244338328,1.5254233506944448,0.04391772228731233,0.15902076039999172,0.12092930271543346,0.0022000000000003154,0.006600000000000947,0.05
526,0.5210299999999999,False,1,0.0,0.21799999999999997,0.8289,62.3,0.0,0.0,0.0,1.865815631546625,0.31933908735744904,2.0769953347702463,0.8789033733741006,0.36642271092969125,0.32715137302301905,0.4215318346061433,0.6857098041354213,0.05
527,0.5336,False,1,0.0,0.2284,0.8084,50.4,0.0,0.0,0.0,1.9519671605605704,0.41505285815356685,2.328172549401077,1.232423831423321,0.4450983170374193,0.4082644286631898,0.5631399401813102,0.8647731711242744,0.05
528,0.59651,False,1,0.0,0.1217,1.0,70.0,0.0,0.0,0.0,1.630253326706852,0.04565163496011973,1.540511111586013,0.06061459393273935,0.12882240846444154,0.06738178244084819,0.011400000000000446,0.03420000000000134,0.05
529,0.5067299999999999,False,1,0.0,0.1869,0.8678000000000001,78.4,0.0,0.0,0.0,1.8080016755212065,0.2733107580029982,1.905995228335792,0.6879239263020447,0.31264992314710816,0.31123288428731266,0.2825301124428042,0.504689509458061,0.05
530,0.6082399999999999,False,1,0.0,0.1668,1.0,70.9,0.0,0.0,0.0,1.6977075180594539,0.15344595884509607,1.5350111111111118,0.05716274038995239,0.18075310984236526,0.1327612929197784,0.013200000000000472,0.03960000000000142,0.05
531,0.57953,False,1,0.0,0.2428,0.8667,50.0,0.0,0.0,0.0,1.932002184546055,0.3585291963288482,1.9256406916683393,0.8056609443652648,0.41727704285282863,0.35969925813126097,0.29499727857247726,0.6633411776772856,0.05
532,0.57466,False,1,0.0,0.16440000000000002,0.9321999999999999,63.6,0.0,0.0,0.0,1.7344549996423613,0.27219708668310866,1.8180973582907936,0.7999316417798654,0.22348892990081795,0.2793689040323949,0.16708484511578026,0.5012545353473408,0.05
533,0.56524,False,1,0.0,0.1508,1.0,90.0,0.0,0.0,0.0,1.740489307716567,0.17452291652688587,1.5379,0.07497659634846064,0.19100945330640115,0.13509356440636072,3.212084276700566e-208,0.0,0.05
534,0.56634,False,1,0.0,0.17140000000000002,0.9356,70.0,0.0,0.0,0.0,1.7147103977961855,0.20750544102382784,1.8048661884239532,0.8298797804463829,0.22628633130350528,0.2587794202006069,0.168021449187677,0.504064347563031,0.05
535,0.55836,False,1,0.0,0.2813,0.8691000000000001,67.2,0.0,0.0,0.0,2.009743103036068,0.44967953008591904,1.8424888944727473,0.7102046620922172,0.4656380941684078,0.36229600708902315,0.2568295291419184,0.5520917240764638,0.05
536,0.56741,False,1,0.0,0.1597,1.0,90.25,0.0,0.0,0.0,1.7269545968176054,0.12928169246933455,1.628344444444447,0.2148472121483154,0.20145652192982894,0.11835066127264603,0.07640000000000166,0.15301189496245388,0.05
537,0.5478700000000001,False,1,0.0,0.1858,0.9339000000000001,80.8,0.0,0.0,0.0,1.8072458762018981,0.33700993847997596,1.835434132728959,0.7467114197413838,0.29342162964733165,0.3367295483423329,0.21440676944935597,0.5718703570568006,0.05
538,0.46971,False,1,0.0,0.2622,0.7525000000000001,67.85,0.0,0.0,0.0,2.1039094566900727,0.5142432637716522,2.5596917448603786,1.2566472711166685,0.5776353846090979,0.49529164138117465,0.7648029551295151,0.9438907250946192,0.05
539,0.49537999999999993,False,1,0.0,0.2476,0.8019999999999999,70.15,0.0,0.0,0.0,1.9211341930772357,0.32084866481734764,2.396517365723631,1.3182397256908636,0.43531366218052775,0.36979862544895536,0.6123467377884408,0.9229916650416925,0.05
540,0.54687,False,1,0.0,0.17959999999999998,0.8756999999999999,60.0,0.0,0.0,0.0,1.7867145266213966,0.2978314809738541,1.8639197815757278,0.7146606039328741,0.2900748665700496,0.32472064142571594,0.250929894587455,0.5276569962623358,0.05
541,0.5239999999999999,False,1,0.0,0.2611,0.8080999999999999,60.0,0.0,0.0,0.0,1.9289227072260655,0.3279054427047839,2.3595598503688655,1.1463720633201016,0.45509943661669794,0.36167350195344594,0.6690842603671732,0.9555381691331271,0.05
542,0.54279,False,1,0.0,0.2645,0.7832,42.4,0.0,0.0,0.0,2.029181968932806,0.49112079013234544,2.2606743525328294,1.0005668682690145,0.48599118244471134,0.4160258014714221,0.44004673493741064,0.5968182664506406,0.05
543,0.5791999999999999,False,1,0.0,0.20599999999999996,1.0,91.3,0.0,0.0,0.0,1.7542535170585007,0.14950887830720896,1.5441281012793,0.0640054996462023,0.22656527376133156,0.12723208091254032,0.012000000000000455,0.036000000000001364,0.05
544,0.50768,False,1,0.0,0.262,0.7444000000000001,46.0,0.0,0.0,0.0,1.9635553746164796,0.3784498470158205,2.475381671558588,1.2585963418951764,0.5043847144043238,0.40748123676697834,0.5775697461944299,0.7548758629506572,0.05
545,0.5743799999999999,False,1,0.0,0.11460000000000001,1.0,80.0,0.0,0.0,0.0,1.6412535029699924,0.10469825175951879,1.5088,0.0229686743196032,0.13364313205109365,0.1051042610175465,7.604366146754291e-212,0.0,0.05
546,0.5988299999999999,False,1,0.0,0.20590000000000003,0.9347999999999999,58.65,0.0,0.0,0.0,1.8013203990982884,0.24290970529291053,1.6544333032988212,0.33459214033066187,0.29608938437093946,0.27043932526499276,0.0795090716175368,0.2385272148526104,0.05
547,0.5441199999999999,False,1,0.0,0.1647,0.9353,80.0,0.0,0.0,0.0,1.730652284726066,0.23334001934216503,1.8157954335676583,0.8658722600049426,0.23504272254108707,0.270054639027741,0.18048307280583156,0.5414492184174947,0.05
548,0.5810699999999998,False,1,0.0,0.16640000000000002,0.9324999999999999,60.8,0.0,0.0,0.0,1.7503979388815523,0.28634190989104324,1.8738190945741084,0.9877316298513624,0.25548100062943824,0.30897952914389754,0.20150294863900617,0.6045088459170185,0.05
549,0.5614299999999999,False,1,0.0,0.1381,1.0,90.0,0.0,0.0,0.0,1.6694897464570535,0.1221137920849879,1.5196000000046124,0.035378524571704484,0.15300521534910536,0.1152064278832165,2.842170943040401e-16,8.526512829121202e-16,0.05
550,0.55033,False,1,0.0,0.2056,0.8695,60.0,0.0,0.0,0.0,1.817159734331255,0.33781883442585897,2.0591939155021235,1.0721474305018919,0.32474328048339857,0.35626869892904445,0.29504162691438196,0.6147156316844526,0.05
551,0.53839,False,1,0.0,0.21939999999999998,0.8751000000000001,70.0,0.0,0.0,0.0,1.8946337065612073,0.40971165661302494,1.9464144303148945,0.9029332449846066,0.365589100899469,0.36816143286607234,0.1955000045942858,0.38061194876843063,0.05
552,0.5076100000000001,False,1,0.0,0.19180000000000003,0.8121,59.2,0.0,0.0,0.0,1.9487826509908168,0.48165131132691436,2.16708544547065,1.0449653879083585,0.39612739569182426,0.41926114982202656,0.43572244353902007,0.7122802410915495,0.05
553,0.5822199999999998,False,1,0.0,0.153,0.9376,60.0,0.0,0.0,0.0,1.7524290438772874,0.2858553321076861,1.760953216316659,0.6852219537453684,0.23093936342558924,0.2702048135087709,0.16870737181666137,0.5061221154499842,0.05
554,0.5528799999999999,False,1,0.0,0.19590000000000002,0.8773,60.0,0.0,0.0,0.0,1.8096941715759225,0.3003632070661134,2.0767959585209255,1.0595330555747895,0.30759236032970927,0.3214765837667395,0.4217959585209258,0.8435920271360109,0.05
555,0.5043699999999999,False,1,0.0,0.20259999999999997,0.8497,75.6,0.0,0.0,0.0,2.000591511122051,0.48508640346935233,2.2918869279609915,1.3235766776073983,0.43784028091616467,0.42030338945572415,0.47004209204122105,0.7813726454060488,0.05
556,0.5165500000000001,False,1,0.0,0.24489999999999998,0.8844000000000001,88.0,0.0,0.0,0.0,1.9470748286338881,0.3216400330349552,2.172672973656149,1.3550985931515314,0.3957850150374884,0.31063197723874914,0.36854581376277434,0.7403017066209768,0.05
557,0.5146799999999998,False,1,0.0,0.2091,0.9315,100.05,0.0,0.0,0.0,1.809240081693534,0.1982311463500951,1.8360842493243037,0.7136739831188005,0.29584296219951856,0.23590219945917054,0.24097157571319214,0.5975009517617024,0.05
558,0.48378999999999983,False,1,0.0,0.2008,0.8164999999999999,74.0,0.0,0.0,0.0,1.93311308765889,0.41397387123228113,2.182085693195524,1.1093161988483073,0.4098581540112929,0.41760011529350466,0.44484409741290476,0.7410523924940435,0.05
559,0.5637700000000001,False,1,0.0,0.2621,0.8702000000000002,62.0,0.0,0.0,0.0,1.9191900251994451,0.3253582754464518,2.069784703165435,1.091974244994143,0.410703155874239,0.33236201624166717,0.3729840391370428,0.718415626319721,0.05
560,0.5668,False,1,0.0,0.156,1.0,90.0,0.0,0.0,0.0,1.6925231242918737,0.12097593955949805,1.5054000981656301,0.015226277578160037,0.17220847196797112,0.11315990828234536,1.5947511706696513e-205,0.0,0.05
561,0.5377599999999999,False,1,0.0,0.11019999999999999,1.0,97.65,0.0,0.0,0.0,1.664188627751503,0.10433646873029935,1.5276111130608458,0.03145941130216559,0.12928958350696473,0.09486526736153691,0.004200000000000344,0.01260000000000103,0.05
562,0.5144600000000001,False,1,0.0,0.207,0.8268000000000001,63.2,0.0,0.0,0.0,1.8977445448679298,0.46507580839858453,2.1203461358076274,0.969561122455871,0.3917662098641557,0.4297710087161502,0.42615491057998545,0.6961678840786601,0.05
563,0.5329599999999998,False,1,0.0,0.22569999999999996,0.8714999999999999,72.4,0.0,0.0,0.0,1.897170195619124,0.31674739978181043,2.012698149604934,0.9607183018564075,0.3886392618538157,0.34741700629043415,0.3866434901903646,0.7522156059855036,0.05
564,0.5842999999999998,False,1,0.0,0.17039999999999997,0.9353999999999999,60.8,0.0,0.0,0.0,1.7049036186916644,0.1788881358467858,1.7454503010725078,0.6682677550120689,0.22736849659041533,0.2438144735350945,0.17613349216191151,0.5126002812160823,0.05
565,0.49235000000000007,False,1,0.0,0.14279999999999998,0.8713000000000001,80.2,0.0,0.0,0.0,1.843580992090003,0.4222556490189138,1.8847906439716666,0.7723761200665489,0.31213383017036284,0.40388397355591094,0.25983808535452296,0.565775056201365,0.05
566,0.5486000000000001,False,1,0.0,0.194,0.8720000000000001,60.0,0.0,0.0,0.0,1.8581844773331615,0.3026288480463455,1.75285555469504,0.4520511863826141,0.34475795876013243,0.32056516943727553,0.1596000000000013,0.31920031328305687,0.05
567,0.5539499999999999,False,1,0.0,0.2217,0.9432,86.4,0.0,0.0,0.0,1.8967720340116005,0.3546374274449322,1.8747042096474242,0.9651722126952654,0.3355877889347322,0.30061385896141724,0.19301926220389792,0.5790577866116937,0.05
568,0.5252500000000001,False,1,0.0,0.2558,0.8693000000000002,80.0,0.0,0.0,0.0,1.908295105640653,0.3070771653377515,2.053117408074777,1.062229774514135,0.398758794853434,0.31389023149992296,0.3649619676666017,0.7151798180931244,0.05
569,0.52689,False,1,0.0,0.2781,0.7477999999999999,40.0,0.0,0.0,0.0,2.1119614364686354,0.45696670007134116,2.5585681365473008,1.291283628420568,0.5965783082566153,0.4478730903578092,0.7230641425857348,0.8940483028893913,0.05
570,0.57212,False,1,0.0,0.2742,0.8657999999999999,58.1,0.0,0.0,0.0,2.0236331084348906,0.3098231404155837,1.827275903949435,0.6774483852384422,0.4652618860708294,0.30433654745519795,0.25608133008475703,0.5555723330527265,0.05
571,0.53648,False,1,0.0,0.20779999999999998,0.8202,50.0,0.0,0.0,0.0,1.9594967764876732,0.4760314307584582,2.319845592993432,1.1876783505762312,0.4287970065320721,0.45463291611281653,0.5616427427263212,0.876043684594856,0.05
572,0.5549399999999999,False,1,0.0,0.15549999999999997,0.9417,75.45,0.0,0.0,0.0,1.7082928107644553,0.22813127713009532,1.9322948250049632,1.1700360318942467,0.21375129154571523,0.25386502245875925,0.16838958208745056,0.5051687462623518,0.05
573,0.5321699999999999,False,1,0.0,0.22970000000000002,0.8058,50.4,0.0,0.0,0.0,1.9435157898785111,0.37454474148562455,2.1238208765308433,0.9946858004454385,0.4515975325674745,0.4069926009303888,0.48467552691968435,0.8051320528405028,0.05
574,0.5339999999999998,False,1,0.0,0.2113,0.8722999999999999,70.0,0.0,0.0,0.0,1.841795416548015,0.3168017956729332,2.0294957167744547,1.1889829241915393,0.3450517470079311,0.32568765392168053,0.31112270475095244,0.7085089977702568,0.05
575,0.54448,False,1,0.0,0.1578,0.9391999999999999,80.15,0.0,0.0,0.0,1.7185143461210164,0.20939602944824898,1.6369555860887872,0.33918561583361495,0.21620581226859853,0.23030223844880823,0.07990000000373651,0.23970000001120947,0.05
576,0.4267399999999999,False,1,0.0,0.2117,0.6789,56.0,0.0,0.0,0.0,2.0376209440196136,0.4416970017512406,2.7119655810123127,1.4473556716450264,0.544766662118423,0.46282653131188717,0.6792650462344374,0.7937351870734458,0.05
577,0.56231,False,1,0.0,0.17850000000000002,0.9358000000000001,73.15,0.0,0.0,0.0,1.7553932916691763,0.246067494861783,1.8482875356072754,0.8573864018287026,0.26378187046035345,0.2721851135717941,0.10180000000000036,0.286588834395201,0.05
578,0.5178900000000001,False,1,0.0,0.2384,0.8091000000000002,60.0,0.0,0.0,0.0,1.8928156911458185,0.3256060189155497,2.2454416976480642,1.0188492811661276,0.430798344683465,0.37143893116725324,0.47008493238309085,0.7640080135025625,0.05
579,0.55307,False,1,0.0,0.1971,0.8701999999999999,57.6,0.0,0.0,0.0,1.8015765963089792,0.2683279477606529,2.042671472266214,1.028531624028706,0.30682513510930154,0.29410404323129014,0.4167102963248707,0.8211833517308279,0.05
580,0.4957999999999999,False,1,0.0,0.2312,0.8092,70.0,0.0,0.0,0.0,1.9810749090893196,0.3700721571888172,1.9679578675350964,0.7822014847980884,0.45430334093665675,0.37063099752188494,0.32100164421686483,0.5335359435396476,0.05
581,0.45755999999999986,False,1,0.0,0.21339999999999998,0.8022,84.0,0.0,0.0,0.0,1.9393449130596156,0.42422760454883535,2.2026768557684644,0.9666316336691967,0.42492862237399,0.4090687256769572,0.5350825132303267,0.788097267112873,0.05
582,0.5595399999999999,False,1,0.0,0.1318,1.0,90.0,0.0,0.0,0.0,1.6482025362233081,0.06257244560377562,1.5640444444444452,0.0651655669131426,0.1375610955267941,0.0767792332072841,0.012600000000000463,0.03780000000000139,0.05
583,0.55178,False,1,0.0,0.1957,0.9341000000000002,80.4,0.0,0.0,0.0,1.8215961154305478,0.30885974930332283,1.9193453415606938,0.964573482805129,0.28498272871976693,0.2780972979317244,0.1862951862338977,0.4842017950534995,0.05
584,0.50294,False,1,0.0,0.2549,0.7521,50.0,0.0,0.0,0.0,1.9514042285372486,0.41977635621594644,2.647252092844006,1.339117799518438,0.47940592567512574,0.4136376873385126,0.6594401790403361,0.8208506418055505,0.05
585,0.5694400000000002,False,1,0.0,0.19829999999999998,0.9335000000000001,71.75,0.0,0.0,0.0,1.8568421716122223,0.3204716904833218,1.7688083129055836,0.6577664023402986,0.30800236147917565,0.30859383955682756,0.1848133819532074,0.5036759075831577,0.05
586,0.48109000000000013,False,1,0.0,0.16430000000000003,0.8620000000000001,85.8,0.0,0.0,0.0,1.951903213951669,0.7351865252896962,2.2126148871890385,1.3926813986472852,0.3673389972044105,0.5075805433815168,0.363891420944189,0.7322392049450391,0.05
587,0.52534,False,1,0.0,0.2693,0.8065,60.0,0.0,0.0,0.0,2.048306158476849,0.3889994197203961,2.1771947280181596,1.0712307564943868,0.5133941602440427,0.383420121291614,0.35761735304959996,0.594070909098788,0.05
588,0.54977,False,1,0.0,0.15560000000000002,0.9357,75.95,0.0,0.0,0.0,1.7470770633777808,0.22796774065661743,1.7532080672850534,0.6639631093823625,0.23737429661389817,0.26297084767789325,0.17119096110132126,0.5135728833039638,0.05
589,0.52477,False,1,0.0,0.1769,0.931,90.0,0.0,0.0,0.0,1.7827495082954776,0.23784290653987394,1.943513879667822,0.973316675835384,0.2664584795492876,0.2432170152662513,0.2994026641139574,0.6934528014391858,0.05
590,0.45247000000000004,False,1,0.0,0.19629999999999997,0.7554000000000001,67.6,0.0,0.0,0.0,2.036114332648176,0.5635346431094854,2.289527529784455,1.0677358200747245,0.4882113114335251,0.5070295199693784,0.5299874243110055,0.7293938801489206,0.05
591,0.5607599999999999,False,1,0.0,0.182,0.9368000000000001,74.8,0.0,0.0,0.0,1.817976527786488,0.28989326570575663,1.8557699264056957,0.8854261379258237,0.2891150054665759,0.29765050692433775,0.17390010014723148,0.5217003004416944,0.05
592,0.48497,False,1,0.0,0.2153,0.7434,50.0,0.0,0.0,0.0,1.9984106824056294,0.4708968446451828,2.4668330784268204,1.257726063813082,0.46579061553929463,0.4256506212641347,0.6282889062075917,0.789559936942036,0.05
593,0.5968999999999999,False,1,0.0,0.1968,0.9398,60.0,0.0,0.0,0.0,1.7669486421246163,0.2779401267512062,1.7765479988555282,0.7440804736178915,0.2601970099141388,0.26372653065395774,0.19019662875134585,0.5639547438805178,0.05
594,0.58065,False,1,0.0,0.14350000000000002,1.0,81.2,0.0,0.0,0.0,1.6623496338329367,0.08268445469975831,1.5410222222222232,0.09545856576430556,0.1449594550811946,0.08739434212277353,0.022000000000000595,0.0660000000000018,0.05
595,0.6014499999999999,False,1,0.0,0.2164,0.9379,60.0,0.0,0.0,0.0,1.75980804190024,0.2357945949304883,1.7902277901255423,0.7335506968558099,0.26390343883203815,0.23289013982289603,0.22526062026273902,0.6307198999380519,0.05
596,0.5604099999999999,False,1,0.0,0.1347,1.0,90.0,0.0,0.0,0.0,1.7124147466722,0.1756455248752411,1.5339000000000012,0.070106276466521,0.17171714818983314,0.1384067279623626,3.114748894314193e-208,0.0,0.05
597,0.5931299999999999,False,1,0.0,0.2439,0.9428000000000001,70.0,0.0,0.0,0.0,1.9192911330474154,0.41225350114157294,1.7783034563871187,0.7674727678499196,0.34373366241776027,0.30089149724109066,0.17390344331118424,0.5217103299335527,0.05
598,0.5495200000000001,False,1,0.0,0.19449999999999998,0.8731000000000002,60.0,0.0,0.0,0.0,1.824146399645405,0.36113207400603164,1.8649171283338457,0.7511762558604747,0.3216412617032339,0.33760862526310353,0.23730805581951614,0.5010809690663323,0.05
599,0.57621,False,1,0.0,0.18750000000000003,0.9428000000000001,70.0,0.0,0.0,0.0,1.8156056258497295,0.2795761182156736,1.7529463153847122,0.6975795284531665,0.28196781948049,0.26616731742130156,0.17034615499788489,0.5110384649936547,0.05
600,0.54304,False,1,0.0,0.1513,0.9395,80.0,0.0,0.0,0.0,1.7338914077915129,0.3293642550798807,1.7625623963314947,0.6497318510641547,0.22267246290103163,0.30826612408575804,0.15809352916371502,0.47428058749114504,0.05
601,0.5615299999999999,False,1,0.0,0.24619999999999997,0.8170999999999999,42.15,0.0,0.0,0.0,1.9649001797252559,0.38430733740866424,2.2530202427019557,1.109954467781445,0.42578226921976814,0.37289752403519427,0.5235786978918663,0.8000820768000524,0.05
602,0.55871,False,1,0.0,0.1441,0.9364000000000001,70.0,0.0,0.0,0.0,1.7522532863299891,0.38035643487176024,1.6380888889058576,0.3350515781689277,0.23610998366922561,0.33855040272209425,0.08016654491700403,0.2404996347510121,0.05
603,0.5259199999999999,False,1,0.0,0.0864,1.0,100.0,0.0,0.0,0.0,1.6109333083587547,0.034578803049699874,1.5614666666666677,0.062188101755884496,0.09662543193632141,0.04956312888980025,0.013100000000000592,0.03930000000000177,0.05
604,0.5465799999999998,False,1,0.0,0.1638,0.9391999999999999,80.0,0.0,0.0,0.0,1.7308611343176605,0.2579109627459409,1.7671603290821156,0.733621695279796,0.23004855707679553,0.26765522121180385,0.1743603280648627,0.5085835301661566,0.05
605,0.5940899999999999,False,1,0.0,0.1803,1.0,80.0,0.0,0.0,0.0,1.71514580619287,0.11938466326836292,1.5358666668097183,0.040483247679966625,0.2017616634367596,0.10836061661660121,0.005000000000000356,0.015000000000001066,0.05
606,0.5358199999999999,False,1,0.0,0.1599,0.9254999999999999,80.0,0.0,0.0,0.0,1.7542605058356286,0.2181606603872672,1.945313860139036,0.8961327259483737,0.24439827789807628,0.2616694709999886,0.25299610725960364,0.5071914045794065,0.05
607,0.47773,False,1,0.0,0.19149999999999998,0.8004,70.0,0.0,0.0,0.0,1.9568356804089746,0.513764907678125,2.1235144802811363,0.9297037222953197,0.4314340731255559,0.46591217026801124,0.4263997485653056,0.6408946278607067,0.05
608,0.5640799999999999,False,1,0.0,0.23789999999999994,0.8753,60.0,0.0,0.0,0.0,1.8555651851999855,0.2853447654365507,1.8354078356906947,0.6644043448434075,0.36806351325260517,0.32487048077042263,0.24571454329104903,0.5278078437909847,0.05
609,0.60758,False,1,0.0,0.28030000000000005,0.8907,50.0,0.0,0.0,0.0,1.9145896247980965,0.29307018871170837,1.9301374185489493,0.8217678001540671,0.40864658250443575,0.2899817370724276,0.30238186299339354,0.6836571527767085,0.05
610,0.48861,False,1,0.0,0.2747,0.808,79.7,0.0,0.0,0.0,2.1092023738568955,0.44854656515444036,2.3154639819253364,1.2429926833482274,0.5324117106768075,0.3996578665952178,0.5042466724299494,0.7717697395099884,0.05
611,0.5907199999999999,False,1,0.0,0.19840000000000002,1.0,84.4,0.0,0.0,0.0,1.7497514415377498,0.17548327716327342,1.5084,0.020953281365934023,0.22952862184282777,0.14458532365095367,4.487685802245723e-191,0.0,0.05
612,0.52124,False,1,0.0,0.1648,0.874,70.0,0.0,0.0,0.0,1.7949312668011355,0.2829339033262547,1.8780820664784659,0.7263516461413557,0.2969706609487598,0.3095995139415312,0.250915732465819,0.5416135178421486,0.05
613,0.5550299999999999,False,1,0.0,0.14609999999999998,1.0,94.4,0.0,0.0,0.0,1.687140801506763,0.20831900968797085,1.6008444654065392,0.15605331794968377,0.16361145385708808,0.1561591926327366,0.04040000000000123,0.11002926883334548,0.05
614,0.56209,False,1,0.0,0.2217,0.9364000000000001,79.95,0.0,0.0,0.0,1.8260111686746758,0.2583107102957129,1.7259815758131931,0.5811804887253806,0.3139964623099929,0.2693854809035799,0.16172369817409354,0.48517109452228074,0.05
615,0.5652999999999999,False,1,0.0,0.15099999999999997,1.0,90.0,0.0,0.0,0.0,1.6698696716808688,0.09617559697181656,1.5593,0.061836963056088094,0.16748432729326795,0.10090209704039044,3.125384726012222e-214,0.0,0.05
616,0.57468,False,1,0.0,0.26239999999999997,0.9378,80.25,0.0,0.0,0.0,1.9135186303298983,0.2968236907237229,1.6732782058259161,0.33283192831699054,0.3653760749231062,0.25280203453874983,0.08480008087638179,0.23820049404258026,0.05
617,0.5672499999999999,False,1,0.0,0.20999999999999996,0.9355,75.3,0.0,0.0,0.0,1.8556601315887271,0.29855499155684045,1.7381944973649652,0.6623848850529981,0.30684112144708364,0.2687767290885027,0.17305724238550393,0.5017148737936814,0.05
618,0.56972,False,1,0.0,0.1927,0.9313,70.0,0.0,0.0,0.0,1.808855518337375,0.2764479316601984,1.7776071682857117,0.6761039911500197,0.2936810724358874,0.2883391036829389,0.17809362434914944,0.4974433685885613,0.05
619,0.54038,False,1,0.0,0.2209,0.8773,70.0,0.0,0.0,0.0,1.8668679057472821,0.3539839591426568,2.297236722823156,1.542276529852795,0.3692360759215819,0.3713496058789255,0.44101512579882945,0.8579888285193131,0.05
620,0.5900699999999999,False,1,0.0,0.1825,0.9446,62.95,0.0,0.0,0.0,1.7639304497191062,0.22850177001268193,1.7576214968310009,0.7277596262001464,0.24793390731435974,0.24856946517475267,0.17002149683100104,0.5100644904930032,0.05
621,0.5220400000000001,False,1,0.0,0.144,0.9412,90.0,0.0,0.0,0.0,1.7623798553188608,0.30270200103753614,1.7679584206048928,0.7620989784634385,0.23563842625092,0.2917865903731939,0.17330167563742796,0.4950904789144832,0.05
622,0.5305399999999999,False,1,0.0,0.2077,0.8689,70.0,0.0,0.0,0.0,1.8424531625386442,0.3254194711770892,1.9236432158868202,0.8742625637564443,0.33600121860756305,0.3361073200227754,0.3091347594323907,0.6669212282718614,0.05
623,0.55411,False,1,0.0,0.24180000000000001,0.9371,87.2,0.0,0.0,0.0,1.8665561869411658,0.30134904604441676,1.7169924650723698,0.620556810864514,0.33682265983448145,0.28136713079366826,0.1699243458120089,0.5097730374360266,0.05
624,0.56111,False,1,0.0,0.19490000000000002,0.9352,76.0,0.0,0.0,0.0,1.7594907280736376,0.2213031951383789,1.8076612448339382,0.8039150952181535,0.2670985802305124,0.26041585501097037,0.16506123906950632,0.49518371720851895,0.05
625,0.5029400000000002,False,1,0.0,0.09829999999999998,0.9335000000000001,90.0,0.0,0.0,0.0,1.7109729596771541,0.26458060203013023,1.8164052301984193,0.8336372656732359,0.1927298946161088,0.2825059936281631,0.19519982704495248,0.522347414550346,0.05
626,0.5600200000000001,False,1,0.0,0.25980000000000003,0.8704000000000001,63.6,0.0,0.0,0.0,1.926524542440545,0.33900552352229196,1.9633157943292503,0.9053572529013034,0.4128988543687475,0.33453565715343686,0.32182127331491484,0.6436599640702744,0.05
627,0.4952599999999998,False,1,0.0,0.18039999999999998,0.8661999999999999,82.6,0.0,0.0,0.0,1.850118445162416,0.35957290033769784,2.0152022995351535,0.9824418874386579,0.3440488104626074,0.37363801340303854,0.29549148537402575,0.6110697213998043,0.05
628,0.4897599999999999,False,1,0.0,0.261,0.7567999999999999,59.15,0.0,0.0,0.0,2.048057601302248,0.38573012861224254,2.628009270223005,1.4091789416678773,0.5139693862179393,0.39765481009040626,0.6827518214447539,0.8785385908207443,0.05
629,0.5328099999999999,False,1,0.0,0.2113,0.8705999999999999,70.0,0.0,0.0,0.0,1.8645223410136063,0.352349222447519,2.120555873247636,1.1747170825848081,0.3604025024978673,0.36057511026450595,0.31740180583934297,0.6957957502427937,0.05
630,0.56747,False,1,0.0,0.19709999999999997,0.9262,70.0,0.0,0.0,0.0,1.8260946903078117,0.26093310699803857,1.9136422307924204,0.7795396325537398,0.30979950442638227,0.28229884794253834,0.27508667523686475,0.6075737017081457,0.05
631,0.6122599999999999,False,1,0.0,0.17420000000000002,1.0,70.0,0.0,0.0,0.0,1.6953998414681561,0.1689966110458943,1.5306036160719858,0.043357047252499885,0.17914959241230427,0.13215376539906568,1.7200273439068776e-176,0.0,0.05
632,0.5455,False,1,0.0,0.22559999999999997,0.8686,65.1,0.0,0.0,0.0,1.9202594391450023,0.31618705425771015,2.0740281018209332,1.0813852048734738,0.389951005930547,0.33395831159288797,0.36196579381361493,0.7240841355901163,0.05
633,0.49499000000000004,False,1,0.0,0.19839999999999997,0.8701000000000001,86.8,0.0,0.0,0.0,1.8106565895937379,0.26809427082221454,2.2312593555374294,1.381669465941239,0.33102538865914427,0.32095444904015613,0.4013780126477117,0.716952639484746,0.05
634,0.5335599999999998,False,1,0.0,0.2354,0.8681999999999999,72.4,0.0,0.0,0.0,1.881641122432064,0.2806320171372904,2.0503444618901536,1.0256779439951587,0.3932409626865714,0.32314761978881434,0.31698581324432124,0.6285895338672631,0.05
635,0.59202,False,1,0.0,0.22810000000000002,0.9347,65.35,0.0,0.0,0.0,1.8151116099874955,0.22041100799709226,1.8118278238923708,0.7096523472830067,0.3076932046040273,0.249123699957823,0.20031770030936666,0.5273469603321407,0.05
636,0.6208199999999999,False,1,0.0,0.2876,0.8802,40.8,0.0,0.0,0.0,2.0055473578513174,0.42730447912411185,2.05904509622581,1.0616811239759294,0.44665024429960454,0.36240558129714223,0.2905172382252606,0.6262749621813973,0.05
637,0.5361899999999999,False,1,0.0,0.15510000000000002,0.9338000000000001,82.0,0.0,0.0,0.0,1.7179877481395505,0.24328450700782422,1.8643944651448987,0.9835805961173173,0.2303616053416969,0.26977186344860515,0.2045246388940523,0.6135739166821569,0.05
638,0.49795999999999996,False,1,0.0,0.24029999999999996,0.8061,69.2,0.0,0.0,0.0,1.9744552064470142,0.3834238391219271,2.0983665883537665,0.9320165755860307,0.4692953797084737,0.4107904781846718,0.4397411999319381,0.7196585554149854,0.05
639,0.4729300000000001,False,1,0.0,0.174,0.8099000000000001,73.1,0.0,0.0,0.0,1.8869753679459174,0.4489587332149515,2.2905751947480595,1.1816272200095657,0.3866375092890741,0.45758745452116756,0.5990418614147265,0.9195157961915865,0.05
640,0.5917699999999999,False,1,0.0,0.19419999999999998,0.9393,62.0,0.0,0.0,0.0,1.7676100990708967,0.24833322198334642,1.650544444444445,0.3400383001303773,0.27306378464641207,0.25096653421049725,0.0798000000000004,0.23940000000000114,0.05
641,0.6071,False,1,0.0,0.157,1.0,70.0,0.0,0.0,0.0,1.6782368613179937,0.08717219584896692,1.5983333333337075,0.25181390836179735,0.16481615273897612,0.0942329707906069,0.06580000000000129,0.17590554283478663,0.05
642,0.5943999999999999,False,1,0.0,0.19990000000000002,0.9349000000000001,60.0,0.0,0.0,0.0,1.7657252139823587,0.22209243876715296,1.8124371643365453,0.8799325169871668,0.26219460926363797,0.2402145460613522,0.1257000000000004,0.37146791247697275,0.05
643,0.5578799999999999,False,1,0.0,0.2526,0.8029999999999999,40.0,0.0,0.0,0.0,1.9648509054322034,0.34784846235783,2.4336847290359276,1.4220946493871773,0.45847360951914434,0.37471193529565827,0.5455918477816974,0.8338383502977489,0.05
644,0.4964799999999999,False,1,0.0,0.1837,0.8030999999999999,60.4,0.0,0.0,0.0,1.8575929461300096,0.334978492811709,2.1484126147563636,1.062749432130011,0.3816184937654718,0.40674555655077116,0.3708182142352085,0.625342972845677,0.05
645,0.53285,False,1,0.0,0.1894,0.8809000000000001,70.3,0.0,0.0,0.0,1.8196850206761468,0.3019942163985389,1.878288186474671,0.747514979929288,0.31204718287089095,0.3110192566046011,0.24830202746328559,0.5347483854580561,0.05
646,0.5224799999999999,False,1,0.0,0.21390000000000003,0.8112999999999999,54.8,0.0,0.0,0.0,1.8930404125788178,0.39298400593419575,2.1218044315035325,0.9756550455118798,0.3929731986639612,0.39411980927543533,0.3358006604395497,0.5503945535134823,0.05
647,0.5137399999999999,False,1,0.0,0.20250000000000004,0.8756999999999999,80.0,0.0,0.0,0.0,1.8388289323778906,0.32209550708477175,1.7459888889868496,0.45168829665664917,0.33302531525268797,0.3258519325082535,0.15930000000994116,0.31860070623374204,0.05
648,0.5545099999999998,False,1,0.0,0.19770000000000001,0.9359999999999999,80.0,0.0,0.0,0.0,1.7728909647309572,0.20650780865053603,1.617259613049285,0.2582828688194534,0.2770132998202926,0.2494968843935044,0.08064928419627206,0.24194785258881618,0.05
649,0.5210600000000001,False,1,0.0,0.1461,0.9389,90.0,0.0,0.0,0.0,1.7369306744763684,0.2609968068367115,1.648588885698392,0.33914356794688244,0.2266900572443978,0.27267796615833034,0.09360000000026861,0.23837751571903293,0.05
650,0.61668,False,1,0.0,0.1949,0.9403,50.0,0.0,0.0,0.0,1.7587925544952465,0.29425562437888103,1.7981839411379545,0.8051694425171577,0.27063623333728,0.30280917153980147,0.22658394012070207,0.6652145146905423,0.05
651,0.53099,False,1,0.0,0.213,0.8707,71.2,0.0,0.0,0.0,1.8292600639158425,0.2898158350574301,2.0188491300896017,0.9540904840385446,0.34415984993244136,0.3419731997690935,0.36022577410552337,0.725877645340148,0.05
652,0.53274,False,1,0.0,0.13820000000000002,0.9304,80.0,0.0,0.0,0.0,1.7603512912719879,0.3076203670774258,1.7650168312354082,0.44421613106652724,0.2395027954947721,0.2976380086005033,0.16500000000038303,0.3171214278482054,0.05
653,0.54497,False,1,0.0,0.24440000000000003,0.8774999999999998,71.3,0.0,0.0,0.0,1.9242539832260046,0.3538408892520578,1.8948659560112333,0.748018121225109,0.387346817470671,0.34340844462950343,0.2578804485250125,0.5611559660627369,0.05
654,0.5855199999999999,False,1,0.0,0.18639999999999998,1.0,85.2,0.0,0.0,0.0,1.7283866361270661,0.10758355016134932,1.520000045347214,0.031122455808832036,0.210579075260455,0.10223210688331244,2.4333172151246028e-210,0.0,0.05
655,0.61052,False,1,0.0,0.17040000000000002,1.0,70.3,0.0,0.0,0.0,1.69634104770169,0.11430006488833883,1.54360000000025,0.05010229535719667,0.1818721695636576,0.11889243702595811,6.226155988919141e-201,0.0,0.05
656,0.5608899999999999,False,1,0.0,0.17629999999999996,1.0,96.0,0.0,0.0,0.0,1.7100063783816826,0.15770883652776155,1.5229000025952018,0.04539483081685414,0.19279340022787717,0.1125942029404351,1.0206407486217906e-203,0.0,0.05
657,0.5067299999999999,False,1,0.0,0.2265,0.8074,63.2,0.0,0.0,0.0,1.934430836254665,0.3705201978060566,2.1416653321963897,1.0054023824237286,0.4282208155588541,0.38604976099233507,0.4773493887061891,0.7913306284145334,0.05
658,0.53982,False,1,0.0,0.18109999999999998,0.8707,62.0,0.0,0.0,0.0,1.831733134590054,0.3682007290344514,2.101165583799335,1.2210374496542602,0.31607704384784086,0.35298263165787325,0.37875696089376804,0.7696254557712162,0.05
659,0.5235899999999999,False,1,0.0,0.1829,0.8695999999999999,70.0,0.0,0.0,0.0,1.9028740451719213,0.3817456504004166,1.8180992613715177,0.44328528996981637,0.36555792373141804,0.37395493087108794,0.19500035344552458,0.31930679128906253,0.05
660,0.5236199999999999,False,1,0.0,0.2618,0.8734,83.15,0.0,0.0,0.0,1.9662728874770117,0.3947373056129808,2.0101873703407573,1.0204577759887572,0.42644588805965133,0.35729421768099207,0.37618737034075733,0.7581642465924543,0.05
661,0.44942000000000004,False,1,0.0,0.2988,0.6854,60.0,0.0,0.0,0.0,2.233102191018653,0.5344313647192107,2.77900104396345,1.278198763185495,0.671779358148151,0.465486906909944,0.9080756309166548,0.9136758378829134,0.05
662,0.52481,False,1,0.0,0.22400000000000003,0.8823000000000001,80.0,0.0,0.0,0.0,1.870982303454022,0.398115134812378,2.0000107974919548,0.9458484636397546,0.3555241141327568,0.3523437449041509,0.3378107975346336,0.680891197074887,0.05
663,0.52199,False,1,0.0,0.207,0.8766999999999999,76.9,0.0,0.0,0.0,1.8855119844227743,0.33473752057435013,2.165979302056649,1.2494747429217214,0.3631862085629092,0.33799140951125195,0.3884551918998703,0.7808916912410027,0.05
664,0.5337299999999998,False,1,0.0,0.19859999999999997,0.9344999999999999,90.0,0.0,0.0,0.0,1.7751883290306942,0.24200835257524825,1.7416183609247913,0.6453043011309431,0.27672644434769855,0.2745686039426325,0.16935587591256301,0.508067627737689,0.05
665,0.5208499999999999,False,1,0.0,0.19979999999999998,0.8703,74.15,0.0,0.0,0.0,1.8743817999846286,0.32983710491289525,1.9444594145517133,0.970803341216891,0.35788232340955284,0.35397032546921475,0.25156528287567764,0.5433642442199187,0.05
666,0.56874,False,1,0.0,0.18749999999999997,0.9327,70.2,0.0,0.0,0.0,1.7911191396094857,0.2901738824329673,1.7804040159908872,0.6458104546622058,0.2756795181912385,0.282421211747508,0.20298977860900416,0.5206656303360537,0.05
667,0.50461,False,1,0.0,0.09220000000000002,0.9385,90.0,0.0,0.0,0.0,1.6936724263999348,0.30448941162459026,1.6680199949247019,0.3339833433419537,0.16952788189336948,0.28220883993177337,0.07990031046163817,0.23970093138491455,0.05
668,0.5438599999999999,False,1,0.0,0.26389999999999997,0.8067,50.0,0.0,0.0,0.0,1.910972413807663,0.32796902011368156,2.2469829355596325,1.215469689510666,0.43299598537457806,0.34299939653638706,0.5010782428473103,0.8202837374990689,0.05
669,0.48994,False,1,0.0,0.22549999999999998,0.8157,74.35,0.0,0.0,0.0,1.999243750265924,0.45450438722019676,2.3155490384364277,1.25422532071905,0.45542674516868703,0.43260467582120954,0.5446576762752153,0.8370105629327158,0.05
670,0.5719599999999999,False,1,0.0,0.1242,1.0,82.65,0.0,0.0,0.0,1.6735149226063157,0.14145047849641967,1.5032,0.008646386528486889,0.1461464603238304,0.11448501919488169,9.213676582652103e-206,0.0,0.05
671,0.5848899999999999,False,1,0.0,0.20429999999999998,0.9480000000000001,70.0,0.0,0.0,0.0,1.7849337099936697,0.37774126204797426,1.765154657087122,0.7524015674706231,0.27108112824284725,0.3011012684658953,0.18255234002837667,0.5476570200851301,0.05
672,0.59832,False,1,0.0,0.1944,1.0,80.0,0.0,0.0,0.0,1.730433033309503,0.1428655234303079,1.5238999999999998,0.03123283528596149,0.2124315610674014,0.12156454907840479,1.2705181599936122e-208,0.0,0.05
673,0.53547,False,1,0.0,0.134,0.9361,80.0,0.0,0.0,0.0,1.7696769195680395,0.3193870073172395,1.644765865557313,0.2718562568954757,0.22519992572463168,0.29511771868798065,0.07983294138554836,0.23949882415664503,0.05
674,0.46763,False,1,0.0,0.2049,0.8088000000000001,80.0,0.0,0.0,0.0,1.9590902234860503,0.4813117133423024,2.359849125519302,1.2108532387686752,0.4321824259800845,0.4607801432299374,0.5728909016374365,0.8168684497431835,0.05
675,0.50732,False,1,0.0,0.2052,0.8718,82.25,0.0,0.0,0.0,1.930323088077199,0.49421715567725893,2.2197358233084636,1.4310886412984936,0.3765847589467491,0.40240989655584597,0.4170253374734381,0.8349327329784979,0.05
676,0.47134999999999994,False,1,0.0,0.21989999999999998,0.7974,76.4,0.0,0.0,0.0,1.938796380090018,0.46752675959516743,2.290238493614103,1.1266845568703456,0.42926888026936866,0.421836194352421,0.562580174060391,0.8576523939954259,0.05
677,0.5602099999999999,False,1,0.0,0.17709999999999998,0.9324,72.8,0.0,0.0,0.0,1.7862407666752003,0.24693912159591044,1.8958693054633904,1.087513661505793,0.2670553631892113,0.26395531332808037,0.2434703471300499,0.7041484458861165,0.05
678,0.5135699999999999,False,1,0.0,0.12719999999999998,0.9362999999999999,90.0,0.0,0.0,0.0,1.7232649150357038,0.28883453571163026,1.627798955423875,0.3527545199682937,0.20794310278116152,0.27772304288425964,0.08232926057014786,0.2469877817104436,0.05
679,0.55201,False,1,0.0,0.1736,0.9429000000000001,80.05,0.0,0.0,0.0,1.7658770468517921,0.2883104373789056,1.8014896559686484,0.7770113895542645,0.24664668294256037,0.2962197359321554,0.1647183031123413,0.4941549093370239,0.05
680,0.5404099999999998,False,1,0.0,0.1347,1.0,100.0,0.0,0.0,0.0,1.6691634690846886,0.11385083053878926,1.5367000000000002,0.058237530854252414,0.15591382769007353,0.10060212862324269,1.4852277704805349e-214,0.0,0.05
681,0.53697,False,1,0.0,0.203,0.8801,70.0,0.0,0.0,0.0,1.8218190683570907,0.34430045662847325,2.0553954424987326,1.0664410576453205,0.3268485155056795,0.35874830037133937,0.3901300911780851,0.7816744406189612,0.05
682,0.6013299999999999,False,1,0.0,0.19010000000000002,1.0,77.85,0.0,0.0,0.0,1.7735562834549494,0.17750095833868096,1.5128,0.01781460075331465,0.23112354801020357,0.13876764837079436,9.093922246350302e-179,0.0,0.05
683,0.5472999999999999,False,1,0.0,0.199,0.932,82.4,0.0,0.0,0.0,1.7944981369320705,0.2668928986296451,1.7957325442926955,0.801895964512942,0.2792994040994317,0.27176171821805717,0.16191164238990016,0.4857349271697005,0.05
684,0.57468,False,1,0.0,0.195,0.9374,70.0,0.0,0.0,0.0,1.7486130853999047,0.18321748641909155,1.7994350607835568,0.7756619883128996,0.24523697107345988,0.23130607928340094,0.12590000000000048,0.34904339271786816,0.05
685,0.52935,False,1,0.0,0.1637,0.9422,89.65,0.0,0.0,0.0,1.7521007137752398,0.23220020663926086,1.6753273090055032,0.33054758055924743,0.23518203050562586,0.2611207728107331,0.1152882283851108,0.24902030942481515,0.05
686,0.5840799999999999,False,1,0.0,0.21559999999999996,1.0,90.3,0.0,0.0,0.0,1.7920168633732783,0.17949365084379973,1.5356002280481333,0.05187168018120535,0.24737591128726524,0.11332396287558072,3.4219706349223544e-211,0.0,0.05
687,0.5923999999999999,False,1,0.0,0.15499999999999997,1.0,77.05,0.0,0.0,0.0,1.7146380457875288,0.15859966654938945,1.5513555555565848,0.07431318112410182,0.17867217774295197,0.11986315496742239,0.017800000000000538,0.05340000000000161,0.05
688,0.52124,False,1,0.0,0.1739,0.8701000000000001,70.0,0.0,0.0,0.0,1.7941478402707325,0.3120405795901932,1.7662777777543326,0.44510624958017037,0.2947069810755646,0.3208196170762298,0.16060000000000083,0.3192087718092982,0.05
689,0.49311999999999995,False,1,0.0,0.20859999999999998,0.8692,88.95,0.0,0.0,0.0,1.869561997301307,0.3028738284377876,1.8884890802610954,0.750118077127113,0.36311812585170455,0.33373942343962165,0.26117797066058823,0.5696017468785787,0.05
690,0.5400799999999999,False,1,0.0,0.2017,0.9330999999999999,86.8,0.0,0.0,0.0,1.8250840302239688,0.23165851921497657,1.792943156443855,0.8356340461452219,0.3070713007808926,0.2649293261275384,0.22984314391893226,0.6895294317567968,0.05
691,0.6391,False,1,0.0,0.198,1.0,60.15,0.0,0.0,0.0,1.7414336877866643,0.16007134691361333,1.5703223103784978,0.09420568733028466,0.2187874494308665,0.11969713390098712,0.003100000000000534,0.009300000000001604,0.05
692,0.5038499999999999,False,1,0.0,0.2487,0.7372,43.4,0.0,0.0,0.0,2.0500874699459777,0.461624180698093,2.3172174920317787,1.020114513056703,0.5176706230416352,0.4245172174598367,0.5762104670634669,0.7446268398363526,0.05
693,0.57013,False,1,0.0,0.1671,1.0,90.0,0.0,0.0,0.0,1.6933087927987465,0.09609507556447858,1.5383028246455723,0.05576500727074859,0.18902064551389502,0.1003690387667222,4.1431656891344276e-206,0.0,0.05
694,0.5809799999999999,False,1,0.0,0.26349999999999996,0.8759,55.6,0.0,0.0,0.0,1.9110365054592955,0.30983193711198315,2.1998773404397687,1.3262141942103323,0.40664738942746137,0.31957183553776264,0.442441522702242,0.8851395513031654,0.05
695,0.42701,False,1,0.0,0.2325,0.6818000000000001,60.0,0.0,0.0,0.0,2.073258462957889,0.4794413249152218,2.7949675789148922,1.302731715388836,0.5739218063680641,0.48671813803163994,1.0001667559520442,1.0088506690671624,0.05
696,0.5946299999999999,False,1,0.0,0.18209999999999998,1.0,80.0,0.0,0.0,0.0,1.6778427124049808,0.11660034475039642,1.5256000000009624,0.05353914456044715,0.18021749180063812,0.10742203282267358,9.324533578061537e-207,0.0,0.05
697,0.5871199999999999,False,1,0.0,0.2104,1.0,88.0,0.0,0.0,0.0,1.7191112796994052,0.13458770832699704,1.5769000000000002,0.07062216365985971,0.2106669224246574,0.11857443533580533,1.0350526925541321e-172,0.0,0.05
698,0.54033,False,1,0.0,0.2611,0.804,50.4,0.0,0.0,0.0,1.9842441604953134,0.37016343332110146,2.4686315389977453,1.53919087935746,0.47152252790395527,0.36870820664537934,0.5323406328438594,0.8096434581263623,0.05
699,0.5196899999999999,False,1,0.0,0.25129999999999997,0.807,60.3,0.0,0.0,0.0,1.9799116390783165,0.3573553079603545,2.2481384991909907,1.1312285764850099,0.45193198415438385,0.36179965438408507,0.5647501964354318,0.8733130785526989,0.05
700,0.5455199999999999,False,1,0.0,0.17659999999999998,0.9321999999999999,80.0,0.0,0.0,0.0,1.7665875064777203,0.22299480328359547,1.690356886054174,0.33558639780738875,0.2637713708164114,0.257625928210845,0.07960000000000028,0.23880000000000084,0.05
701,0.48582000000000003,False,1,0.0,0.1576,0.8672000000000001,84.25,0.0,0.0,0.0,1.9009963506963277,0.5253787447968695,2.015632027256303,1.0950326474628256,0.34902640600094775,0.4299529125958938,0.29069869661715886,0.5942371157863874,0.05
702,0.5690199999999999,False,1,0.0,0.1634,1.0,90.0,0.0,0.0,0.0,1.6662391835653243,0.112856963325096,1.525994618055606,0.0327987643250113,0.16268497531230902,0.10585349647778462,2.0215872788386398e-175,0.0,0.05
703,0.5602900000000001,False,1,0.0,0.1552,0.9339000000000001,70.0,0.0,0.0,0.0,1.7273401303240377,0.26135429984099506,1.7787852763703953,0.7688577755890738,0.21778444515437384,0.2789199885708414,0.17936334317559044,0.5380900295267714,0.05
704,0.5740299999999999,False,1,0.0,0.26630000000000004,0.8712,57.85,0.0,0.0,0.0,1.940402033946636,0.36294185139659857,1.9905937641870626,0.9228573376580431,0.4308254309205616,0.3494151475395098,0.3555166031162065,0.7114397229114897,0.05
705,0.5639399999999999,False,1,0.0,0.23169999999999996,0.9349000000000001,80.0,0.0,0.0,0.0,1.8225586279400372,0.2394180791748671,1.7064948612685291,0.6059412232496766,0.3169533732908839,0.2444876729164047,0.17765734688073417,0.5329720406422026,0.05
706,0.47474,False,1,0.0,0.22579999999999995,0.746,57.6,0.0,0.0,0.0,1.9589010443067145,0.4069532789984105,2.39101992821047,1.1342783314608307,0.4669247614383088,0.4093619379229489,0.6779969542460146,0.8953491557732247,0.05
707,0.5905999999999999,False,1,0.0,0.18839999999999998,0.9343999999999999,60.0,0.0,0.0,0.0,1.7540021977205746,0.22904806775475106,1.7918514170874134,0.8244959112125916,0.25905384617908006,0.2646679624264343,0.08499999999999999,0.255,0.05
708,0.54375,False,1,0.0,0.22920000000000001,0.9357,90.0,0.0,0.0,0.0,1.8042420499700338,0.18627122061416157,1.741529739850431,0.5622390816026888,0.30059683108168644,0.2236240384786446,0.1880754166119551,0.49939878206282734,0.05
709,0.5266899999999999,False,1,0.0,0.1689,0.8766,68.8,0.0,0.0,0.0,1.9191990861347084,0.48679641556234715,2.08002857896469,0.9294593652076143,0.3471646407386035,0.4005308701759335,0.40502331369874583,0.7300262424821601,0.05
710,0.46443999999999996,False,1,0.0,0.1986,0.8088000000000001,80.65,0.0,0.0,0.0,2.011144578417156,0.5130567865527448,2.395742828607362,1.3086189154720982,0.46460443154063674,0.487544177253407,0.5428707206125734,0.8347566836039878,0.05
711,0.56178,False,1,0.0,0.2577,0.8641,60.2,0.0,0.0,0.0,1.9565642166213233,0.34488539713883887,1.9516976457589272,0.8656614936103599,0.421129364572825,0.31186808488070594,0.29419059882619875,0.6241817332206887,0.05
712,0.5593299999999999,False,1,0.0,0.16899999999999998,0.9369,73.6,0.0,0.0,0.0,1.723830448271079,0.2390005246077945,1.803735215707632,0.7677524730017345,0.2375695700862613,0.2707711929028234,0.16581889987716514,0.49745669963149536,0.05
713,0.49984000000000006,False,1,0.0,0.2488,0.806,69.5,0.0,0.0,0.0,1.9595714626028276,0.3897123323741343,2.198739311010051,1.1507443581570416,0.43703324081059247,0.3595124760699795,0.41750313242525544,0.6822622884412992,0.05
714,0.4801699999999999,False,1,0.0,0.17909999999999998,0.8092,70.0,0.0,0.0,0.0,1.8307118433114493,0.3366836813920757,2.3207593175316266,1.2886161463795063,0.3400947862930881,0.3709984324146212,0.5428185475398302,0.8316858135231935,0.05
715,0.49171999999999993,False,1,0.0,0.2293,0.8789,96.15,0.0,0.0,0.0,1.9982694310629452,0.4588247308819217,2.0453847164357146,1.041735513261423,0.4206226166007864,0.39282510542678,0.3900461397822059,0.7688629571326652,0.05
716,0.5561599999999999,False,1,0.0,0.2,0.9378,80.15,0.0,0.0,0.0,1.809613903142879,0.21238707073651256,1.6517111111137848,0.3354501055796443,0.2904410356258476,0.22985141467980805,0.07980000000000038,0.23940000000000114,0.05
717,0.5526499999999998,False,1,0.0,0.19429999999999997,0.9347999999999999,80.0,0.0,0.0,0.0,1.7975869160390652,0.27347645471013515,1.8099471846943356,0.7984031536753853,0.2689069589401782,0.267914090939801,0.088,0.264,0.05
718,0.5137400000000001,False,1,0.0,0.2171,0.8123000000000001,60.0,0.0,0.0,0.0,1.9337080085950742,0.45610600637071147,2.3532046092011276,1.2886576660781828,0.4239017699659545,0.4290848165764692,0.5171104579916103,0.792629228210463,0.05
719,0.5536,False,1,0.0,0.19970000000000002,0.8766999999999999,60.0,0.0,0.0,0.0,1.8217280908872255,0.3637807892669822,1.999582983460261,0.9689440546370074,0.3187279618949861,0.3459423726908724,0.32921919833467755,0.6590237085730853,0.05
720,0.52446,False,1,0.0,0.2733,0.7491,40.95,0.0,0.0,0.0,2.0926660275110653,0.44201747504002864,2.4622543792061293,1.203687258657191,0.5581714898547561,0.43605422445953246,0.7168289034601873,0.9514910279136889,0.05
721,0.55141,False,1,0.0,0.09670000000000001,1.0,88.8,0.0,0.0,0.0,1.6485615552552684,0.11795109296279961,1.5217117187500007,0.0322990588827587,0.12667755464003486,0.11362840441896822,0.002400000000000318,0.007200000000000955,0.05
722,0.51939,False,1,0.0,0.2824,0.7981,62.0,0.0,0.0,0.0,2.020576910204107,0.3675199469013316,2.3055983620523475,1.2228563015689886,0.5214520482295184,0.3806563908988707,0.5851366150661923,0.901890509747785,0.05
723,0.5564799999999999,False,1,0.0,0.2121,0.8755,60.0,0.0,0.0,0.0,1.8546276305134686,0.35073201827869466,1.7535108190136621,0.44950418215978893,0.3515728779212362,0.3467310335672274,0.159800000260589,0.31960000052117804,0.05
724,0.5731700000000001,False,1,0.0,0.1839,0.9400000000000001,70.0,0.0,0.0,0.0,1.7790279490419791,0.30229432215675595,1.8136132568712937,0.7096459320854486,0.26127509214832817,0.2998960099790785,0.2072247151304519,0.5161898719566917,0.05
725,0.6027499999999999,False,1,0.0,0.25470000000000004,0.8661999999999999,40.0,0.0,0.0,0.0,1.868343507628003,0.26922567342387665,1.848970728179293,0.6798093649844866,0.3956785305755924,0.3199220119198318,0.23460473790955674,0.49827607460521633,0.05
726,0.5759399999999999,False,1,0.0,0.11980000000000002,1.0,80.0,0.0,0.0,0.0,1.645147643078347,0.11275345318165793,1.5505,0.05776201173781954,0.13258413417425446,0.10562027697646885,2.4917986998795975e-207,0.0,0.05
727,0.5451900000000001,False,1,0.0,0.20750000000000002,0.8682000000000001,62.4,0.0,0.0,0.0,1.8867221633186475,0.3963161681189207,2.1210871379166663,1.252419474658025,0.3695357008387271,0.3845554692302479,0.4130398431083366,0.8261337923884962,0.05
728,0.5538099999999999,False,1,0.0,0.1984,0.9347,80.0,0.0,0.0,0.0,1.8249480001615517,0.3019203230117925,1.836637065911822,0.9374052863149634,0.3006869240964464,0.2981783051013912,0.17909963247609414,0.5372988974282824,0.05
729,0.51021,False,1,0.0,0.2551,0.7464000000000001,44.4,0.0,0.0,0.0,1.9777516302325435,0.3317125928570872,2.3823368391142115,1.221383740412819,0.5057472555349223,0.38077556766629583,0.5310145400051305,0.7324422238949745,0.05
730,0.55206,False,1,0.0,0.1739,0.9347,77.2,0.0,0.0,0.0,1.762657261888387,0.28105270204494376,1.812631804960942,0.8148666150656899,0.2513542954661704,0.27856226725212363,0.22114291607204942,0.636565052232549,0.05
731,0.57421,False,1,0.0,0.1862,0.9405000000000001,70.0,0.0,0.0,0.0,1.7522954444678978,0.2890885769033889,1.7654999742194089,0.7211927982801594,0.2511758084892302,0.2788483079945629,0.1915888631082975,0.5378415857996444,0.05
732,0.5369999999999999,False,1,0.0,0.17229999999999998,0.8773,64.4,0.0,0.0,0.0,1.8033912621822772,0.33935854718071107,2.024936610537903,0.9886632984676177,0.2857102398612328,0.3487654204424388,0.3666046359190497,0.6983531478141913,0.05
733,0.46720999999999996,False,1,0.0,0.30179999999999996,0.6900999999999999,53.2,0.0,0.0,0.0,2.2093115217777046,0.48177976853886967,2.6549162609485486,1.1797554956943512,0.6710270605696389,0.4583197302594934,0.7888386985278089,0.8487567180511635,0.05
734,0.5582199999999999,False,1,0.0,0.1274,1.0,90.0,0.0,0.0,0.0,1.659065678172346,0.0882539732269645,1.5362258128590056,0.044498880440890086,0.1459159406268164,0.09878611646638381,4.941372798274914e-209,0.0,0.05
735,0.5227200000000001,False,1,0.0,0.274,0.7436,40.0,0.0,0.0,0.0,2.064168114766579,0.4125847234583421,2.4812191148568994,1.2843952863974992,0.5503531594673345,0.4032793295340763,0.641557553278548,0.8412956057895101,0.05
736,0.52052,False,1,0.0,0.2057,0.8703,75.2,0.0,0.0,0.0,1.8780927833120913,0.32386459088409597,2.09627085302838,1.17905965039068,0.35251057042528744,0.33455881234440626,0.35963122083368726,0.7201478892166912,0.05
737,0.5644499999999999,False,1,0.0,0.258,0.8724999999999999,61.85,0.0,0.0,0.0,1.963709140453712,0.32555397360228217,2.1019622323448766,1.1301609691616064,0.4212807249063514,0.30422818865868745,0.4372671459362252,0.8825877127064867,0.05
738,0.5715299999999999,False,1,0.0,0.18519999999999998,0.9371,70.0,0.0,0.0,0.0,1.7584985398879034,0.25200432000676043,1.8718315674959292,0.8550679074103857,0.24508047673115083,0.25061704245294375,0.1421000000000013,0.33794805813911694,0.05
739,0.5479099999999999,False,1,0.0,0.15969999999999998,1.0,100.0,0.0,0.0,0.0,1.7141047332314674,0.1691071127459198,1.5646482638888894,0.0753335840199666,0.1890876032209144,0.14077961319257076,0.0018000000000003096,0.00540000000000093,0.05
740,0.5717,False,1,0.0,0.26839999999999997,0.8124,38.75,0.0,0.0,0.0,2.038484844012201,0.4621109668019272,2.2201415605271264,1.195706958727364,0.48900342101280686,0.40360315932980695,0.35516367641598084,0.5750951372178559,0.05
741,0.5144399999999999,False,1,0.0,0.16770000000000002,0.8919,80.1,0.0,0.0,0.0,1.9218206278265246,0.529042702644053,1.862099031375466,0.7492805154475879,0.3270945631085449,0.3961605146355197,0.2419060010754155,0.5181129978072149,0.05
742,0.5715399999999999,False,1,0.0,0.1718,1.0,90.0,0.0,0.0,0.0,1.7194553439220404,0.1465638382114822,1.5327888888888928,0.04412408009743786,0.1995137893634011,0.12595129270630004,0.008200000000000401,0.024600000000001204,0.05
743,0.62081,False,1,0.0,0.20270000000000002,1.0,70.0,0.0,0.0,0.0,1.7393861569577875,0.13853970955010714,1.5490000000000008,0.06345076831686133,0.2302135691203869,0.11209843732408409,2.5516018776040837e-204,0.0,0.05
744,0.48353,False,1,0.0,0.1693,0.8182,70.0,0.0,0.0,0.0,1.8451885271977655,0.33673862846857044,1.8526113828657962,0.5243945867287618,0.3488377109653836,0.3640576910908983,0.2392000038836858,0.36538413257886204,0.05
745,0.47834,False,1,0.0,0.17170000000000002,0.8029,67.6,0.0,0.0,0.0,1.8585805509220268,0.364857015326634,2.2765217540487286,1.2376028102146037,0.35882299738006873,0.3838367546341358,0.45014982305172824,0.7586379470295286,0.05
746,0.50568,False,1,0.0,0.19839999999999997,0.8678000000000001,80.65,0.0,0.0,0.0,1.9823907203695874,0.5041501303367947,2.048661395692214,1.1339688419674276,0.40343187398229424,0.44399758838168163,0.2713391737954166,0.5762969812125873,0.05
747,0.47268999999999994,False,1,0.0,0.22479999999999997,0.7575000000000001,62.5,0.0,0.0,0.0,2.0670881849560616,0.4695110774548355,2.3210664589149066,1.1583197795807054,0.5192623786356171,0.44900556822731974,0.5602999931268975,0.7906208350471915,0.05
748,0.5574,False,1,0.0,0.127,1.0,90.35,0.0,0.0,0.0,1.664937637728387,0.09785454972590413,1.5119,0.018206866836443847,0.14719471700005352,0.09245089858592434,9.693421137612674e-220,0.0,0.05
749,0.5857699999999999,False,1,0.0,0.1529,1.0,80.05,0.0,0.0,0.0,1.7065790577066244,0.1708679528345862,1.5206000000000004,0.03608933360426653,0.16895891918988798,0.140438046828434,6.024796892300085e-183,0.0,0.05
750,0.5340999999999999,False,1,0.0,0.2156,0.8705999999999999,70.0,0.0,0.0,0.0,1.9099841321389686,0.40760013611385526,1.9437008156570599,0.9609856707261183,0.3781224912889723,0.3678436558568396,0.25135277751722207,0.5429600603611746,0.05
751,0.5292399999999998,False,1,0.0,0.20919999999999997,0.8664,70.0,0.0,0.0,0.0,1.893963459099194,0.40919603357703455,2.280478680488107,1.5604676596079272,0.378348999409547,0.37172557971260645,0.40738454867692253,0.8149364088167727,0.05
752,0.59578,False,1,0.0,0.23359999999999997,0.9349999999999999,64.4,0.0,0.0,0.0,1.825247147445506,0.2289523184345735,1.63957000980342,0.3372514846019878,0.3113983341562446,0.23648298848838295,0.0798000072873366,0.23940002186200982,0.05
753,0.5309599999999999,False,1,0.0,0.21340000000000003,0.8732,72.15,0.0,0.0,0.0,1.900392357090339,0.4371172015800167,2.0643028179588887,0.9966646655361214,0.37363651085475935,0.386637836779849,0.35146632493530466,0.7053348993831423,0.05
754,0.53691,False,1,0.0,0.29100000000000004,0.7623,42.0,0.0,0.0,0.0,2.077435001834071,0.42990024813540606,2.276576952508358,1.0434754778540871,0.5653901605209389,0.4165525518320903,0.5028757717113381,0.7106788415376213,0.05
755,0.6235999999999999,False,1,0.0,0.21400000000000002,1.0,70.3,0.0,0.0,0.0,1.7600138332135782,0.17363147085469052,1.525338368331062,0.02652033202341011,0.232161656763827,0.13117194116776792,0.0020000000000003127,0.006000000000000937,0.05
756,0.5187400000000001,False,1,0.0,0.22139999999999999,0.8656,76.8,0.0,0.0,0.0,1.9012162678037494,0.3109934435568674,1.873369042169718,0.6767597386530014,0.3849950831566636,0.33169510025889826,0.24231379335345488,0.5187212696796345,0.05
757,0.5426099999999999,False,1,0.0,0.1564,0.9367000000000001,80.0,0.0,0.0,0.0,1.7390867228163376,0.2628049977667764,1.8137884500725814,0.8172392982521399,0.23004993788222272,0.27075428109092925,0.18904503335702522,0.5384089393096133,0.05
758,0.4371999999999999,False,1,0.0,0.2023,0.7423,71.55,0.0,0.0,0.0,2.030213599225982,0.5265164175693822,2.820546640073606,1.8120272443779342,0.5104152471405999,0.4915851629694192,0.6086730902248976,0.7978904319094612,0.05
759,0.616,False,1,0.0,0.18700000000000003,1.0,70.05,0.0,0.0,0.0,1.7364265770144822,0.15134871073389905,1.5207000000761386,0.0482701773464731,0.21088616735466256,0.12470909447369727,2.6419218262655934e-198,0.0,0.05
760,0.5671599999999999,False,1,0.0,0.2426,0.9353999999999999,80.2,0.0,0.0,0.0,1.8624058824117882,0.23636154909671406,1.791321684790955,0.8162098545031969,0.3409892417209734,0.26081697443610363,0.22182168479095482,0.6654650543728644,0.05
761,0.49742,False,1,0.0,0.24359999999999998,0.8061999999999999,70.0,0.0,0.0,0.0,2.0137908870021435,0.543168710469473,2.2870896436546864,1.1657916474149461,0.48277088704634064,0.4641874733345418,0.5614218265916483,0.8520844244960157,0.05
762,0.5159200000000002,False,1,0.0,0.20350000000000001,0.9341000000000002,99.5,0.0,0.0,0.0,1.8569466269559634,0.29272693967270597,1.8161204546553187,0.8563372847025758,0.3172212618212974,0.305742482315423,0.11680000000000054,0.3221368653228003,0.05
763,0.46100999999999986,False,1,0.0,0.2644,0.6927,51.6,0.0,0.0,0.0,2.1174537017813706,0.49392233328875745,2.782360019554805,1.3890843702092817,0.5939711491894893,0.4694388432273406,0.8957648142280968,0.9642901460002271,0.05
764,0.5258499999999999,False,1,0.0,0.1888,0.8703,70.0,0.0,0.0,0.0,1.7821926158588242,0.2807768274126244,2.0269705001920015,0.9902957651551861,0.3001372332990429,0.32676404542436854,0.34135923405050966,0.6827648275089357,0.05
765,0.59086,False,1,0.0,0.1846,0.9364000000000001,60.0,0.0,0.0,0.0,1.7944029165221203,0.3070153500048125,1.6400235187945504,0.33317752965408837,0.2617655262936419,0.2696404644056174,0.08038459408020927,0.24115378224062783,0.05
766,0.6039699999999999,False,1,0.0,0.1935,0.9376,55.2,0.0,0.0,0.0,1.7836038952351152,0.2560522382214055,1.7904990086696972,0.7078792007611525,0.26544831994794443,0.27480877705000845,0.18129890038146954,0.5438967011444087,0.05
767,0.40829999999999994,False,1,0.0,0.24420000000000003,0.7372,90.5,0.0,0.0,0.0,2.0107896322064494,0.42111087526701746,2.638275173579745,1.3704296984657063,0.5149788196714373,0.42482914670676103,0.7644524925531616,0.9620572786997296,0.05
768,0.55913,False,1,0.0,0.2186,0.8765000000000001,60.0,0.0,0.0,0.0,1.840292210043883,0.36093544139916195,1.830714332833154,0.6791880589136814,0.3508013404610004,0.36597602937155244,0.25810836025702333,0.526688597826135,0.05
769,0.5691899999999999,False,1,0.0,0.22369999999999995,0.9343999999999999,76.0,0.0,0.0,0.0,1.7510147227896204,0.19585366765992474,1.9533425993704785,1.2521106157311777,0.2793477090143206,0.23130065169172592,0.1853641756527112,0.5560925269581336,0.05
770,0.5081499999999999,False,1,0.0,0.2051,0.8666,80.0,0.0,0.0,0.0,1.8724033922073968,0.32194539679873485,2.008086030523438,0.9611903658450403,0.3660771874719543,0.35673502896370846,0.3625817363528479,0.7355945686060792,0.05
771,0.5593699999999999,False,1,0.0,0.24720000000000003,0.8703,62.0,0.0,0.0,0.0,1.8995738360612475,0.2949950755483251,1.9180540068026182,0.9164705195233337,0.40941225166593764,0.310475841879676,0.2579118795566159,0.5612414350089034,0.05
772,0.4801699999999999,False,1,0.0,0.1763,0.8103999999999999,70.0,0.0,0.0,0.0,1.9218509009911238,0.45472489564378465,2.097410875943825,0.9463610192668034,0.3959061410741489,0.4449516264986508,0.42382711570529724,0.6950879759767461,0.05
773,0.5771099999999999,False,1,0.0,0.23290000000000002,0.9372,74.4,0.0,0.0,0.0,1.7896188577386596,0.2603702655694042,1.7751089942955178,0.7570398207314887,0.2993753168586232,0.256748878205462,0.2044955335905024,0.587048996210449,0.05
774,0.5577399999999999,False,1,0.0,0.1722,0.9343999999999999,74.0,0.0,0.0,0.0,1.7564844025623103,0.22202512810924824,1.780322059804229,0.7373165034330786,0.24209359950159773,0.24701991611860177,0.18100981596842516,0.5162752865221085,0.05
775,0.54665,False,1,0.0,0.1809,0.9353999999999999,81.2,0.0,0.0,0.0,1.7505742995612947,0.22512099901419008,1.9139994506966918,1.1000044050619575,0.25712301410864563,0.2540650115473189,0.232236751147426,0.6352919685608102,0.05
776,0.51847,False,1,0.0,0.22760000000000002,0.8717,80.0,0.0,0.0,0.0,1.8653867301443863,0.3407519848779621,2.04612957533081,1.0296240700213701,0.3782589709874663,0.35656810754912976,0.3995698746657929,0.797268907793471,0.05
777,0.5126000000000001,False,1,0.0,0.23010000000000003,0.8051,60.0,0.0,0.0,0.0,1.9599278344802211,0.3438928962402359,1.8779464525807446,0.5053298834619703,0.45799219319424217,0.37145032199151895,0.23963453444975266,0.36604783687973735,0.05
778,0.4749499999999999,False,1,0.0,0.20469999999999997,0.8162,78.9,0.0,0.0,0.0,1.9269837443613629,0.44890682108150354,2.2001642531929737,1.0875668912850491,0.4034682502892391,0.42511695494783786,0.47333451246421926,0.7905048566561887,0.05
779,0.5818199999999998,False,1,0.0,0.21309999999999998,0.9407,70.3,0.0,0.0,0.0,1.8387909109974252,0.3199741894387204,1.7958216415522759,0.8000398334640456,0.29046259297445604,0.2540878014929033,0.11499999999999999,0.34500000000000003,0.05
780,0.50549,False,1,0.0,0.09630000000000001,0.9380000000000001,90.0,0.0,0.0,0.0,1.664071876621038,0.18206939814956127,1.6564006264375375,0.3388983769121077,0.16470162957788717,0.23347304363804142,0.08150000000003452,0.23921423452639484,0.05
781,0.55217,False,1,0.0,0.2519,0.9390000000000001,90.35,0.0,0.0,0.0,1.9091707220688001,0.3107970481853665,1.7951599366131235,0.7907540513655161,0.3615803023216436,0.28076107149774426,0.22953146439089406,0.662357308411638,0.05
782,0.4162,False,1,0.0,0.20929999999999999,0.6763,60.0,0.0,0.0,0.0,2.009451244760952,0.42695367529200673,2.652790754207982,1.225121614621223,0.5316764326110721,0.4598583613682166,0.7368395983974335,0.7978022872611937,0.05
783,0.57726,False,1,0.0,0.24420000000000003,0.8800000000000001,56.0,0.0,0.0,0.0,1.9112508941703097,0.33238446889677126,2.095140730183233,1.1731441346107752,0.3762312734346469,0.3259298247446286,0.41952121520927455,0.8514060880141222,0.05
784,0.5474999999999999,False,1,0.0,0.14329999999999998,0.9493,80.0,0.0,0.0,0.0,1.7377736733700062,0.3345105051569456,1.639640582457599,0.3389679392696877,0.20935687304860587,0.28357583273534664,0.07990062314694671,0.2397018694408401,0.05
785,0.5843999999999999,False,1,0.0,0.24900000000000003,0.8709999999999999,50.0,0.0,0.0,0.0,1.8680248129158474,0.31987258055971013,2.069064847780933,1.0375485372603117,0.39382881656272545,0.34275392554503775,0.38712095009078495,0.7640499092436368,0.05
786,0.4738899999999999,False,1,0.0,0.27,0.6897,44.95,0.0,0.0,0.0,2.181967667056486,0.4184203102667122,2.3965684671392316,1.0264033823996201,0.6466289770169708,0.416879561806498,0.5827050990869802,0.6655214734378164,0.05
787,0.5374599999999999,False,1,0.0,0.2189,0.9327,90.55,0.0,0.0,0.0,1.8954597089599716,0.3865169546951997,1.810284660452312,0.8248366537163924,0.3296802510909808,0.29322004940804963,0.23468466045231193,0.7040539813569358,0.05
788,0.5937199999999998,False,1,0.0,0.20020000000000002,0.9347999999999999,60.35,0.0,0.0,0.0,1.7484223943871775,0.21303448859532417,1.7790298061389263,0.6773282267376171,0.26766817530344234,0.2462666141929748,0.15394052285454077,0.46182156856362233,0.05
789,0.6728799999999999,False,1,0.0,0.2615,0.9349000000000001,30.0,0.0,0.0,0.0,1.8250116965164849,0.2706189675345956,1.80572820215137,0.7888363611284106,0.3347294697139595,0.2631459098040622,0.21256153548470333,0.6376846064541101,0.05
790,0.50163,False,1,0.0,0.25520000000000004,0.7511000000000001,50.35,0.0,0.0,0.0,2.0355384080331715,0.4148080840184489,2.602264088787229,1.322977212123446,0.5207267907854309,0.4191406194152262,0.7958560841608909,0.9923139684324622,0.05
791,0.45363999999999993,False,1,0.0,0.20919999999999997,0.7584000000000001,70.0,0.0,0.0,0.0,2.059224083306191,0.5713338945311496,2.396977932503914,1.09576356432681,0.48572653802317234,0.47322925859856674,0.5749755344997636,0.7667168348516024,0.05
792,0.5877899999999999,False,1,0.0,0.1593,1.0,80.0,0.0,0.0,0.0,1.7214958317586517,0.15805459467588176,1.554923350694493,0.06726543421356612,0.18662229817189796,0.1262385125530098,0.0022000000000003154,0.006600000000000947,0.05
793,0.6039199999999999,False,1,0.0,0.1464,1.0,70.0,0.0,0.0,0.0,1.6603962845330114,0.08623331487235669,1.5254,0.04472404275107519,0.15103035690368982,0.10989183647686558,5.800691027444619e-190,0.0,0.05
794,0.54187,False,1,0.0,0.23959999999999998,0.8817,73.6,0.0,0.0,0.0,1.8763664801546507,0.3250245405805282,2.149718611099595,1.288087504357623,0.3649212481460043,0.3277799570263106,0.4071881257700552,0.8143795136502445,0.05
795,0.5335,False,1,0.0,0.13840000000000002,0.9314,80.0,0.0,0.0,0.0,1.7162254840153999,0.2561924324861339,1.7352637258829682,0.6193274884627581,0.2151209655516207,0.287455469786231,0.16077775633542396,0.4823332690062718,0.05
796,0.5126599999999999,False,1,0.0,0.1996,0.8754,80.0,0.0,0.0,0.0,1.8596272047555928,0.4240746750625547,2.040145098668115,1.004927783331585,0.3205838570191622,0.3531786882364092,0.3953320285930254,0.7943225996949772,0.05
797,0.54467,False,1,0.0,0.1907,0.8678000000000001,60.0,0.0,0.0,0.0,1.8315603297048866,0.3279572539405695,2.1284939071317694,1.1740036714888775,0.32978780202018043,0.34832956649217445,0.3625428822065293,0.7204367426278644,0.05
798,0.53688,False,1,0.0,0.2355,0.8809000000000001,75.2,0.0,0.0,0.0,1.8712661297799595,0.3682396272165126,2.0243230244229964,0.9673551667449242,0.35400829099754444,0.34384477116974016,0.37456224260437143,0.7509391875555192,0.05
799,0.4845799999999999,False,1,0.0,0.26539999999999997,0.8288,87.6,0.0,0.0,0.0,1.9858820343597365,0.4762146636480143,2.473472164864514,1.5720796611663923,0.44758328018504434,0.41305688070105095,0.5498574739646432,0.842663664769208,0.05
800,0.5540799999999999,False,1,0.0,0.15940000000000001,0.9358000000000001,74.4,0.0,0.0,0.0,1.7423042787813856,0.2470332347024417,1.8157997850336145,0.8643752160596786,0.2333596936783299,0.25448960790933967,0.18466682652821778,0.5540004795846533,0.05
801,0.55931,False,1,0.0,0.2648,0.8121,44.3,0.0,0.0,0.0,1.9562881883903374,0.388404918288729,2.209738340378531,1.091959417964097,0.4559947635449966,0.3788244124862792,0.35749909447107414,0.5937476077554019,0.05
802,0.6010699999999999,False,1,0.0,0.1369,1.0,70.0,0.0,0.0,0.0,1.648201417975122,0.07709097947710213,1.526668229166667,0.04985243872643198,0.14293449069043032,0.09465173395248716,1.4321485640025602e-220,0.0,0.05
803,0.55536,False,1,0.0,0.22820000000000001,0.933,83.1,0.0,0.0,0.0,1.7869373918430789,0.19392114233402752,1.7399933890706365,0.5944432884494609,0.30035995724598835,0.2416885546449538,0.17510149784861734,0.4619140675586976,0.05
804,0.49577,False,1,0.0,0.2654,0.7464999999999999,53.2,0.0,0.0,0.0,2.1404870538268264,0.5445132879095644,2.4373527627193528,1.2310671835384188,0.5689667514579998,0.46520837320774333,0.6508162717102258,0.838852895232161,0.05
805,0.49598999999999993,False,1,0.0,0.23420000000000002,0.8629,89.15,0.0,0.0,0.0,2.0331375477994533,0.6361017129643303,2.4745482372172063,1.881179561335995,0.4638723125952846,0.4766194386976734,0.3804021409353058,0.7620622768470634,0.05
806,0.5785899999999998,False,1,0.0,0.2177,0.8783999999999998,50.8,0.0,0.0,0.0,1.899876177779987,0.4055173786319894,1.8860777535593929,0.748703195954431,0.3760583162715102,0.39740458079131763,0.2715859305500211,0.5978493622149724,0.05
807,0.5273699999999999,False,1,0.0,0.18080000000000002,0.8759,70.0,0.0,0.0,0.0,1.9398786516498796,0.542265954543884,1.8904369296680297,0.7477625377671904,0.36991992571646237,0.44498061465653366,0.2604491789304145,0.5387642517094876,0.05
808,0.49663,False,1,0.0,0.14079999999999998,0.8777000000000001,80.0,0.0,0.0,0.0,1.7684134557292157,0.35203825540235734,1.7512225752210857,0.4499146045644774,0.25292609438316116,0.336401673149278,0.16180000859746219,0.3181665773449673,0.05
809,0.54104,False,1,0.0,0.156,0.9352,80.2,0.0,0.0,0.0,1.762616568468206,0.25838221432888425,1.80159482633237,0.8394600782002271,0.2396730641228709,0.26587479699401056,0.20428210125636373,0.6128463037690911,0.05
810,0.6211500000000001,False,1,0.0,0.2189,0.9364000000000001,50.0,0.0,0.0,0.0,1.7815035872255542,0.23051073244423548,1.734591724749547,0.6041386655735433,0.27993955388155883,0.25592377205138017,0.1627864818320346,0.4883594454961037,0.05
811,0.4776999999999999,False,1,0.0,0.24829999999999997,0.8023,79.2,0.0,0.0,0.0,1.9887760182004104,0.3820662658582659,2.5251981760196562,1.6113245250062038,0.47150202492502996,0.3953630523138788,0.5515027318830971,0.846319839527906,0.05
812,0.5606299999999999,False,1,0.0,0.1484,0.9372999999999999,70.0,0.0,0.0,0.0,1.7110732423259016,0.23366311344648347,1.6533111111111995,0.33550609201291615,0.2127734497311886,0.25387039032815645,0.07980000000000027,0.2394000000000008,0.05
813,0.6434599999999999,False,1,0.0,0.22380000000000005,0.9376,40.0,0.0,0.0,0.0,1.8092970882119972,0.2423159085459549,1.652680418360929,0.3370402820584791,0.2959086911169709,0.25265428694800074,0.07950041516684629,0.2385012455005389,0.05
814,0.62584,False,1,0.0,0.2354,0.9366,50.2,0.0,0.0,0.0,1.84175858425474,0.22791128581117262,1.8117427013201204,0.7178552331039579,0.31786142054562083,0.22643820355078378,0.21016851638043216,0.6027052345162534,0.05
815,0.6188199999999999,False,1,0.0,0.24139999999999998,1.0,76.8,0.0,0.0,0.0,1.747413894959471,0.12592837033293527,1.5303142225597606,0.034316484798738146,0.24074719447999549,0.1210596493347857,0.006400000000000375,0.019200000000001126,0.05
816,0.48796000000000006,False,1,0.0,0.2836,0.7574000000000001,63.65,0.0,0.0,0.0,2.043400691940496,0.42091770576611165,2.573347589685446,1.2899313651977018,0.5368296325610695,0.4064213952226724,0.7464472088529415,0.9157425969374964,0.05
817,0.4949499999999999,False,1,0.0,0.1535,0.8699999999999999,80.05,0.0,0.0,0.0,1.857494259350431,0.4103437681088571,1.8595367902149864,0.7034063932851758,0.3130929626521638,0.3759621147289665,0.24710266824265323,0.5315279362603038,0.05
818,0.53244,False,1,0.0,0.1832,0.8724000000000001,66.6,0.0,0.0,0.0,1.852742517878918,0.43402236559129764,2.062346603088133,1.1008932941253036,0.3377185195434093,0.40718295379756414,0.34076222942626816,0.6818711010477474,0.05
819,0.5727499999999999,False,1,0.0,0.211,0.9414999999999999,74.8,0.0,0.0,0.0,1.8328852520109393,0.3711657605559946,1.635055555555556,0.3398623332403227,0.30630946015310434,0.3018576209163084,0.07990000000000022,0.23970000000000066,0.05
820,0.56658,False,1,0.0,0.15760000000000002,1.0,90.35,0.0,0.0,0.0,1.7072305876028793,0.16450758560497747,1.5214,0.050026393034077465,0.18427343772534296,0.13895913396770634,7.662478477709614e-174,0.0,0.05
821,0.5222100000000001,False,1,0.0,0.18699999999999997,0.9373000000000001,95.0,0.0,0.0,0.0,1.7784360691404248,0.2591644116074017,1.9436927189456028,1.2831408227914236,0.2662273720146396,0.25607452693711236,0.19298223311057722,0.5789466993317317,0.05
822,0.5254099999999999,False,1,0.0,0.11939999999999998,0.9417,84.8,0.0,0.0,0.0,1.7494384461102954,0.4340841777547348,1.7838390772340325,0.6979379692639636,0.20967044362665793,0.36069927271445407,0.17144115332844476,0.48074632209958795,0.05
823,0.54231,False,1,0.0,0.1951,0.9414,87.6,0.0,0.0,0.0,1.8068824688050564,0.32102289446182986,1.9376005148670945,1.209201543664542,0.2737860855192909,0.3006867587691311,0.19721100070211933,0.5916330021063579,0.05
824,0.54348,False,1,0.0,0.1614,0.9358000000000001,80.0,0.0,0.0,0.0,1.7324697723443379,0.24849376501389636,1.8008143479309537,0.7321398644327359,0.23863650179604695,0.2793700869342533,0.21717241325375394,0.5753920973486814,0.05
825,0.5680599999999999,False,1,0.0,0.23259999999999997,0.8834,60.05,0.0,0.0,0.0,1.8484129709243136,0.3044650417389997,2.0450348502731295,1.0938891015951206,0.3463265409505069,0.33785211833304907,0.3777480269682563,0.7565154780150324,0.05
826,0.4941899999999999,False,1,0.0,0.275,0.7446999999999999,54.8,0.0,0.0,0.0,2.0658099192494244,0.41178834979589696,2.2184740818040902,0.956149530975244,0.5395073245915114,0.37548959744630844,0.5496854281079068,0.7675916444190227,0.05
827,0.49612,False,1,0.0,0.1684,0.808,60.0,0.0,0.0,0.0,1.8404522523411786,0.34076037854583197,2.1833676317926214,0.9998320618695055,0.34440521233695,0.38270381891442823,0.34657043576076446,0.5606691123500702,0.05
828,0.5152599999999999,False,1,0.0,0.1775,0.8783,76.4,0.0,0.0,0.0,1.7748677181522634,0.31962077401349986,2.0574513288692815,0.9790799533914157,0.28813297787278747,0.34964452528864837,0.36320199372555606,0.7314448405030696,0.05
829,0.4711299999999999,False,1,0.0,0.29460000000000003,0.7474999999999999,70.25,0.0,0.0,0.0,2.050379920964557,0.3611780457932106,2.4775828492293943,1.2842088271286682,0.5766518127692739,0.3836961721979719,0.6610096925841656,0.8732542742375833,0.05
830,0.54642,False,1,0.0,0.2602,0.8028000000000001,46.8,0.0,0.0,0.0,1.9773169549395948,0.33486041514756565,2.3973029517856004,1.3201140468196955,0.47415572163730546,0.36985128932837,0.5147375871807778,0.7643466656772822,0.05
831,0.55587,False,1,0.0,0.20469999999999997,0.8778,60.0,0.0,0.0,0.0,1.804204756834818,0.30800147814374174,2.040644326460944,1.0468264178741389,0.309425257548995,0.3106076754702057,0.2832343728541654,0.5797766980375585,0.05
832,0.58401,False,1,0.0,0.2393,0.8746,50.0,0.0,0.0,0.0,1.8798478310341327,0.3161913468161252,1.840371406023089,0.704637339323655,0.3727712143856869,0.33665405221066874,0.24332959595921239,0.5182086561777952,0.05
833,0.56861,False,1,0.0,0.1688,0.9400999999999999,70.05,0.0,0.0,0.0,1.7808797692909444,0.2812741056780934,1.9082096773790522,0.9456811597959398,0.24961445155384268,0.2695150638194932,0.2601358479065219,0.6235833481755761,0.05
834,0.5361,False,1,0.0,0.2,0.8710000000000001,66.8,0.0,0.0,0.0,1.8031786887234507,0.2585239252799798,1.9773054384169668,1.067137368274921,0.31926023909093415,0.3128291840850258,0.24540000085999109,0.5272919897264197,0.05
835,0.48009,False,1,0.0,0.2205,0.7342,50.0,0.0,0.0,0.0,1.9768321750109883,0.3886452512668619,2.4293100957009597,1.1155391787101137,0.5008318352666474,0.4271699964467431,0.6059916322447714,0.7528893564135423,0.05
836,0.51477,False,1,0.0,0.2185,0.8705999999999999,80.1,0.0,0.0,0.0,1.9207675337552916,0.4193246184972231,1.9900334347500195,0.9699043309413086,0.37800071725249884,0.36151120053963004,0.38032819183250666,0.764506673741463,0.05
837,0.6362599999999998,False,1,0.0,0.2222,1.0,65.2,0.0,0.0,0.0,1.7457191349868324,0.16007915215252866,1.5251279516061156,0.026453097041275374,0.24324133660173505,0.12272808942553382,0.005000000000000356,0.015000000000001068,0.05
838,0.68528,False,1,0.0,0.21760000000000002,1.0,40.0,0.0,0.0,0.0,1.7208273274262385,0.11555360322405396,1.5261791687965398,0.0374639467050168,0.21247130698756203,0.112028961780976,0.0014000000000003042,0.004200000000000912,0.05
839,0.49446,False,1,0.0,0.24180000000000001,0.7455999999999999,50.0,0.0,0.0,0.0,1.9596064670735032,0.35310879934739325,2.217707785872007,0.9531174626486822,0.4826684920868468,0.3847860097063086,0.5181339201236002,0.708972738429222,0.05
840,0.56703,False,1,0.0,0.2183,0.9422,79.0,0.0,0.0,0.0,1.8207097559930048,0.2826576290860549,1.786530456270213,0.7928806102960478,0.29904189098991096,0.25311455883199724,0.1520703709931431,0.45421463555681585,0.05
841,0.4729,False,1,0.0,0.1718,0.8088000000000001,72.4,0.0,0.0,0.0,1.93238335601592,0.4869034542423509,2.2986190225639658,1.2013690796738483,0.39830247116975803,0.4519367938434363,0.5081323156225789,0.7868035794698077,0.05
842,0.46207,False,1,0.0,0.19319999999999998,0.7933,75.6,0.0,0.0,0.0,1.9646116787062013,0.39564570320573805,2.6200988828627283,1.5852596751312804,0.4324678474139906,0.4025922389691836,0.6550197892524526,0.8925708623741037,0.05
843,0.55481,False,1,0.0,0.1861,0.9414,80.0,0.0,0.0,0.0,1.742564901530971,0.2848603937456411,1.8658014679838686,0.9499640543755097,0.25159063564956563,0.2852557602817011,0.18536393319403077,0.5560917995820923,0.05
844,0.5884400000000001,False,1,0.0,0.26539999999999997,0.8126000000000001,30.0,0.0,0.0,0.0,1.9721245319417933,0.40109611101002207,2.108744472064582,0.958546900224107,0.4509307916827888,0.3745615392302888,0.47073868955528797,0.7845296314791543,0.05
845,0.5350999999999999,False,1,0.0,0.1762,0.9391999999999999,87.6,0.0,0.0,0.0,1.7611632923203557,0.28983590292015204,1.8277433803426184,0.8370359788604396,0.24947356929033954,0.2890049609990854,0.1947211581203959,0.5311409796671321,0.05
846,0.5126,False,1,0.0,0.1703,0.8753,75.6,0.0,0.0,0.0,1.8509949720929257,0.3855897823869953,1.8273097396004747,0.6694625256078464,0.32413280796480837,0.3734376169815992,0.2376502924985456,0.5025446596234837,0.05
847,0.5047999999999999,False,1,0.0,0.17409999999999998,0.8751,80.0,0.0,0.0,0.0,1.825175331196002,0.33967071012791955,1.8516449540930886,0.6844795903006325,0.3181099639686213,0.35345136142569294,0.2417004791499843,0.5169276191802588,0.05
848,0.53021,False,1,0.0,0.11739999999999999,0.9357,80.0,0.0,0.0,0.0,1.7076291452593844,0.24982426113328507,1.6414555555555563,0.33769888131950543,0.19630449552767193,0.2564298449442447,0.07990000000000033,0.23970000000000105,0.05
849,0.49612,False,1,0.0,0.1615,0.8681000000000001,80.0,0.0,0.0,0.0,1.8020560042152822,0.3226485906717523,2.0351560377139917,1.0568144558325128,0.31347915808244486,0.36474759051399186,0.3662184033008456,0.7351456619932372,0.05
850,0.5149800000000001,False,1,0.0,0.22579999999999995,0.8682000000000001,80.25,0.0,0.0,0.0,1.8537482879398919,0.2752920129971652,1.8964304432399441,0.7718886936462224,0.36506035749985405,0.3152667136830488,0.28768017230282383,0.5705856160446796,0.05
851,0.52933,False,1,0.0,0.1752,0.8811,70.0,0.0,0.0,0.0,1.8621090628942987,0.4394275108841689,2.0170723404450106,0.9871743110222146,0.3179172042923821,0.38274201381400247,0.3766723404450009,0.7533826137664922,0.05
852,0.51059,False,1,0.0,0.25040000000000007,0.8221,70.0,0.0,0.0,0.0,1.989519571396519,0.41953940032413894,2.352608033605942,1.200579719060748,0.4702014626727851,0.4245616421416247,0.5490290295551599,0.8528706805728304,0.05
853,0.5571600000000001,False,1,0.0,0.2044,0.8512000000000001,50.0,0.0,0.0,0.0,1.844810758558599,0.3242053895511164,2.132594786801797,1.003191396956459,0.35406334531706596,0.337393677707592,0.4335815005560769,0.7084452526414239,0.05
854,0.5035699999999999,False,1,0.0,0.1819,0.8699999999999999,80.0,0.0,0.0,0.0,1.8243561076059387,0.3299986441972638,1.8433850152762354,0.7169724354721266,0.31080843974060723,0.33489455390347284,0.2388740808006314,0.5094181555241686,0.05
855,0.50817,False,1,0.0,0.20189999999999997,0.82,63.2,0.0,0.0,0.0,1.9372687985038461,0.4350445238105867,2.0104022457414343,0.8409067073629174,0.4214925239769192,0.42088191523862617,0.38270224269053166,0.6916353766694242,0.05
856,0.48510999999999993,False,1,0.0,0.20069999999999996,0.807,70.0,0.0,0.0,0.0,1.9742833999507183,0.5522602005011152,2.286072864273359,1.3071746876229078,0.41817169797655646,0.4509191071017925,0.4396331993452337,0.7251195238931037,0.05
857,0.5051499999999998,False,1,0.0,0.2343,0.8497999999999999,80.0,0.0,0.0,0.0,1.9679453950745711,0.3162793821145606,1.9925950269578756,0.7734895751462675,0.4410582168768545,0.3455309514611686,0.31520103315704345,0.5201752756078939,0.05
858,0.5827399999999999,False,1,0.0,0.24,0.9422,74.4,0.0,0.0,0.0,1.8292676226768123,0.25081026172969284,1.7610826468084384,0.7832479404253149,0.3040884426858271,0.260729885935456,0.21458264680843825,0.6437479404253148,0.05
859,0.49783000000000005,False,1,0.0,0.20329999999999998,0.8652000000000001,84.4,0.0,0.0,0.0,1.8899243610842755,0.35738549876367687,2.0658422476242158,1.0718615471582924,0.37212063271933926,0.37305471625796927,0.37990534310673285,0.7609757020310716,0.05
860,0.58449,False,1,0.0,0.1493,1.0,80.15,0.0,0.0,0.0,1.673352993517081,0.11025696503312876,1.5458,0.03986176112516858,0.1678245622754093,0.10511901539745336,1.9470018537427453e-205,0.0,0.05
861,0.4849199999999999,False,1,0.0,0.28250000000000003,0.7430999999999999,60.0,0.0,0.0,0.0,2.061242395235727,0.3792299534379157,2.5196486359865125,1.19337279055691,0.5507308025057847,0.3940949729944119,0.637612233654538,0.8187681187618533,0.05
862,0.42433999999999994,False,1,0.0,0.1886,0.7368,74.0,0.0,0.0,0.0,1.9407715098012386,0.417459697424682,2.6830452809583507,1.4207426254173068,0.45726452693169567,0.4511407316474821,0.7060312600651366,0.9235747333673087,0.05
863,0.48835999999999996,False,1,0.0,0.22159999999999996,0.8034000000000001,70.25,0.0,0.0,0.0,1.9435339125900206,0.4034015295426745,2.1207992423622626,1.014140072527783,0.43980155960345446,0.39637724157326,0.4825040723165793,0.812198227593284,0.05
864,0.53643,False,1,0.0,0.1758,0.9367000000000001,86.0,0.0,0.0,0.0,1.743806927847383,0.19836829987712745,1.656177777777779,0.34377808374618485,0.2501643333104364,0.21910613157615616,0.10190000000000096,0.24144666077624818,0.05
865,0.5749699999999999,False,1,0.0,0.2399,0.944,78.9,0.0,0.0,0.0,1.8072240823606123,0.26711623345011615,1.6587534708495617,0.334730281219936,0.297290034354471,0.23503061574184156,0.0798000000009827,0.23940000000294806,0.05
866,0.5519599999999999,False,1,0.0,0.19339999999999996,0.9342,80.0,0.0,0.0,0.0,1.7673748954483444,0.22576848860282372,1.791394843363614,0.7512313932825575,0.27056338222618853,0.2539807197555909,0.17310005183905333,0.5120088370714193,0.05
867,0.53949,False,1,0.0,0.1848,0.9395,86.8,0.0,0.0,0.0,1.8283715701894927,0.3442667012555939,1.7360590289847977,0.6623282449472668,0.2923585709536079,0.320373746740463,0.1865614081759652,0.5432221372217754,0.05
868,0.5247700000000001,False,1,0.0,0.1761,0.8742000000000001,70.0,0.0,0.0,0.0,1.7887969152704049,0.3102945232333535,2.0956930103138953,1.0360930495787146,0.29277660770247854,0.32505679729002784,0.35203069170757406,0.7091288752751775,0.05
869,0.5727699999999999,False,1,0.0,0.25680000000000003,0.9369,80.05,0.0,0.0,0.0,1.8286275475665257,0.1716077501465522,1.639800000001408,0.3375395058723471,0.3249460216681026,0.20934418393152507,0.08620000000000053,0.2380326868310321,0.05
870,0.5501,False,1,0.0,0.1914,0.9334,80.35,0.0,0.0,0.0,1.7707280895098694,0.22830794233764082,1.645498002204055,0.3409865693241587,0.25637208277056633,0.23038570726329466,0.07980054080466588,0.23940162241399762,0.05
871,0.5564199999999999,False,1,0.0,0.22129999999999997,0.9469,86.4,0.0,0.0,0.0,1.8088119109809149,0.3092677783746795,1.7206560208458797,0.5432138064774485,0.2766307190997905,0.2350711026925594,0.16522551938976351,0.460180003968887,0.05
872,0.55306,False,1,0.0,0.23240000000000002,0.9362,86.0,0.0,0.0,0.0,1.8917328265879418,0.29453117816390556,1.7523711492172183,0.6670911987433267,0.33974712661366646,0.2820846175303332,0.16061073908555384,0.48183221725666153,0.05
873,0.58777,False,1,0.0,0.1379,1.0,76.8,0.0,0.0,0.0,1.677945898528367,0.14156991367861615,1.5221,0.03612049279841014,0.1522830789328466,0.12947416895872746,1.2049573727829142e-182,0.0,0.05
874,0.5066399999999999,False,1,0.0,0.25799999999999995,0.8131999999999999,70.0,0.0,0.0,0.0,2.0283438136057326,0.5113245186624891,2.3291242310209817,1.266849826516067,0.45871164864107106,0.42014324129935626,0.6098865968562579,0.9340225081844326,0.05
875,0.57759,False,1,0.0,0.1883,1.0,89.45,0.0,0.0,0.0,1.756704509474534,0.18829557168703015,1.5658444444444461,0.11538200856821348,0.2175975159744028,0.13841405880591165,0.036800000000001096,0.08388659010831448,0.05
876,0.5272999999999999,False,1,0.0,0.091,1.0,100.0,0.0,0.0,0.0,1.62052417524737,0.05761709251772623,1.5431112847222228,0.041840649263926194,0.10866818823052667,0.0636215878473656,0.0037000000000004148,0.011100000000001243,0.05
877,0.5478199999999999,False,1,0.0,0.2525,0.8070999999999999,46.45,0.0,0.0,0.0,2.066523765007255,0.40943882671208337,2.2253332819558507,1.1227697806969827,0.48224051145920344,0.38406624192196925,0.4031994731111979,0.6520849207636443,0.05
878,0.5573299999999999,False,1,0.0,0.1507,0.9315999999999999,70.0,0.0,0.0,0.0,1.741464175768249,0.2945969209637445,1.7238208716886547,0.6415350679285488,0.22043748503955599,0.27928384195629735,0.15805543474076694,0.4741663042223008,0.05
879,0.5312600000000001,False,1,0.0,0.0882,1.0,97.6,0.0,0.0,0.0,1.6419899594869967,0.13300333769909406,1.5285000000001112,0.047430475435418916,0.1124925437835832,0.1092471227845541,1.7534458830512514e-193,0.0,0.05
880,0.57327,False,1,0.0,0.19449999999999998,0.9356,70.0,0.0,0.0,0.0,1.824451202529449,0.3317297287733116,1.7562524477341679,0.7114541453363538,0.2998924836071176,0.30411137175929664,0.16790013412785404,0.5037004023835621,0.05
881,0.5133099999999999,False,1,0.0,0.2153,0.8695999999999999,80.0,0.0,0.0,0.0,1.8466415202232327,0.3512806563152174,2.0637720022627546,1.130170964022292,0.354811393920399,0.3693285485923074,0.3416230147677408,0.6834631365633043,0.05
882,0.53026,False,1,0.0,0.10220000000000003,1.0,100.2,0.0,0.0,0.0,1.6634995667128305,0.1606738058141032,1.5730222224379786,0.0851335159719004,0.133939761439193,0.10638601029490431,0.013900000000000603,0.041700000000001805,0.05
883,0.6123799999999999,False,1,0.0,0.2326,0.938,57.0,0.0,0.0,0.0,1.804449815614372,0.30888517295401297,1.8347616629218286,0.9454292071180117,0.3113174942801043,0.29182267877917956,0.19245068890092065,0.577352066702761,0.05
884,0.57375,False,1,0.0,0.16399999999999998,0.9345000000000001,64.8,0.0,0.0,0.0,1.7527051750810412,0.23225370844205756,1.6282829226171542,0.35108445146097716,0.23365754410724643,0.25139108118078196,0.0809047129116401,0.2427141387349203,0.05
885,0.55783,False,1,0.0,0.18219999999999997,0.9451,79.2,0.0,0.0,0.0,1.808557123281674,0.37619037651367687,1.6245114970902517,0.3427305888486725,0.2644870951727358,0.28403901240544116,0.07980000080938564,0.23940000242815687,0.05
886,0.51488,False,1,0.0,0.2468,0.8012,60.0,0.0,0.0,0.0,1.9356645780662174,0.3770037452152527,2.3095259791112257,1.20267050789117,0.46190134484650286,0.40069409296382075,0.559950685710249,0.8576387259770387,0.05
887,0.54683,False,1,0.0,0.2172,0.9361,86.8,0.0,0.0,0.0,1.7859145178125295,0.23838002226232588,1.8308829722222302,0.7754092743805667,0.29480449117322605,0.2590688556575896,0.2098829710933588,0.6296489132800764,0.05
888,0.5114,False,1,0.0,0.2602,0.8122,67.6,0.0,0.0,0.0,2.008074613752675,0.432642844275742,2.0880141672146166,0.946585981719652,0.470324930273064,0.3893248839082147,0.4538784198199048,0.754237210105595,0.05
889,0.45239,False,1,0.0,0.1732,0.7669,68.2,0.0,0.0,0.0,1.9196750601163717,0.38799487651300507,2.295926574235142,1.0988176229131192,0.4134691350274598,0.3988873797197358,0.5025164966738028,0.6803038455370095,0.05
890,0.5802699999999998,False,1,0.0,0.2531,0.8061999999999999,30.0,0.0,0.0,0.0,1.8949291045875476,0.28757991086709,2.3779021822564603,1.28360394121992,0.40803614627710993,0.33150401818117986,0.5294511550824186,0.8100670264111423,0.05
891,0.50649,False,1,0.0,0.21580000000000005,0.8025,60.0,0.0,0.0,0.0,1.8636561890664207,0.32230794102263854,2.1590365006493872,0.9997254183356165,0.39416057780782154,0.3688371399963913,0.5151649918634168,0.7934908464494371,0.05
892,0.5718299999999998,False,1,0.0,0.2125,0.8754,52.35,0.0,0.0,0.0,1.831136998284125,0.2948648099781235,2.1706188317826927,1.349476908165658,0.3378514629476549,0.3280031126994898,0.37836356743698507,0.7669791673602583,0.05
893,0.5364600000000002,False,1,0.0,0.1914,0.9312000000000001,86.4,0.0,0.0,0.0,1.7874377417774963,0.27984623272294296,1.7912838485158094,0.7949772396954369,0.28384683893732676,0.292605055582542,0.11140000000000058,0.3262649843302217,0.05
894,0.52747,False,1,0.0,0.261,0.8111,59.3,0.0,0.0,0.0,1.9982519563263073,0.4052293187296949,2.5505713374756462,1.7273918546350953,0.4730712701325702,0.380619011315689,0.5458013052132775,0.8369036907300168,0.05
895,0.63862,False,1,0.0,0.1954,1.0,60.0,0.0,0.0,0.0,1.6901397254366965,0.09758919422575357,1.5381,0.05534518949285472,0.18066420110776868,0.10014687506107374,4.958332298098404e-189,0.0,0.05
896,0.5099200000000002,False,1,0.0,0.24830000000000002,0.8129000000000002,66.8,0.0,0.0,0.0,1.94061659264896,0.3245170690347714,2.151389092401625,1.0298977244990457,0.44072582463144727,0.37139065216544703,0.434321750786105,0.7095857571044754,0.05
897,0.4918,False,1,0.0,0.21880000000000002,0.8088000000000001,70.0,0.0,0.0,0.0,1.9887351122324106,0.4940458095450389,2.486923577375822,1.6911250353632086,0.44755913301721834,0.42723345573576,0.48970646980131305,0.8153133099393602,0.05
898,0.4714299999999998,False,1,0.0,0.21080000000000002,0.8116999999999999,80.0,0.0,0.0,0.0,1.9377420638176144,0.39053777810926893,2.099205893985802,0.9666689106247128,0.41941795051809533,0.38350347639986376,0.4249611232093339,0.6919939935033862,0.05
899,0.5138499999999999,False,1,0.0,0.1488,0.8703,70.0,0.0,0.0,0.0,1.7928636397785644,0.32368373224863517,1.9836776316994917,0.9105134138342388,0.2721954786645117,0.33425918955461054,0.3122332446453229,0.6244739677105253,0.05
900,0.5487199999999999,False,1,0.0,0.16240000000000002,1.0,100.0,0.0,0.0,0.0,1.6663336803603066,0.08583432193979416,1.5437333333333343,0.05309839922257652,0.17112935644142324,0.08920609805589681,0.011200000000000713,0.032938731001665486,0.05
901,0.5063399999999998,False,1,0.0,0.18109999999999998,0.8742999999999999,80.0,0.0,0.0,0.0,1.8060986566678459,0.30094912952865704,2.004455410481898,0.9172727773254865,0.31090834606831125,0.33522996939306565,0.34050713809465505,0.6825238071541625,0.05
902,0.4901,False,1,0.0,0.2164,0.8234,75.6,0.0,0.0,0.0,1.9339164983273396,0.4612596824794747,2.2568163874102773,1.156092307372647,0.40712013295944943,0.4166767586631846,0.5671874871466025,0.8668109674381989,0.05
903,0.54254,False,1,0.0,0.2383,0.8775000000000001,71.6,0.0,0.0,0.0,1.8981899858503524,0.3221097458350804,2.040052718965815,1.0058600404747213,0.3948354691521036,0.3600444009353992,0.42265155642627306,0.8439903355201904,0.05
904,0.5753099999999999,False,1,0.0,0.22370000000000007,0.942,75.6,0.0,0.0,0.0,1.864856076401043,0.40022316739988567,1.7924114413500756,0.8074419228132288,0.31198116025390654,0.319281032889792,0.23938921912785313,0.7181676573835594,0.05
905,0.5514799999999999,False,1,0.0,0.2184,0.8667999999999999,60.4,0.0,0.0,0.0,1.8167811046850666,0.26232273447104887,2.043220818442863,1.0416144546331636,0.3531131746598755,0.3235241756151506,0.36710555497919617,0.7386787355073418,0.05
906,0.5320599999999999,False,1,0.0,0.2453,0.8840999999999999,80.2,0.0,0.0,0.0,1.9940707369111468,0.48270069368384333,2.089905737007187,1.1170025791480958,0.42907636166466834,0.4211324177249559,0.40236971903533086,0.788136770008154,0.05
907,0.47320999999999996,False,1,0.0,0.1809,0.8122,74.8,0.0,0.0,0.0,1.8609532247668696,0.38764001169786844,2.1777142152859277,1.0849008114157173,0.3818042076651381,0.4250358029550867,0.490028504332508,0.8156937402808244,0.05
908,0.5325899999999999,False,1,0.0,0.20859999999999998,0.8703,69.6,0.0,0.0,0.0,1.8709376761234409,0.3477268187487948,2.0405082569938564,1.0283012256424156,0.35483003808181296,0.3543542943651926,0.357236181381048,0.7147189500810402,0.05
909,0.47931,False,1,0.0,0.2204,0.8097000000000001,76.8,0.0,0.0,0.0,1.9536718389980023,0.3941262177065942,2.3173340924546997,1.2907989608653065,0.43613189040740147,0.3919822428239398,0.3941143279322916,0.6590439347541603,0.05
910,0.47162999999999994,False,1,0.0,0.2359,0.7418,59.2,0.0,0.0,0.0,1.9575341388232073,0.3729030844703845,2.3468485579028324,1.0575032630756491,0.48808387390854113,0.4055536488499082,0.6650610135601938,0.8783285402054509,0.05
911,0.5028799999999999,False,1,0.0,0.2612,0.8065999999999999,70.05,0.0,0.0,0.0,1.9249183987314555,0.2977878567203569,2.0683348686347856,0.8405472807276265,0.4320238959067618,0.3093508393323484,0.3964863435451081,0.6388869931484951,0.05
912,0.48012999999999983,False,1,0.0,0.25479999999999997,0.7436999999999999,58.45,0.0,0.0,0.0,1.9968107696277504,0.36430810825873705,2.4220799130179165,1.157398888930497,0.49896806088132967,0.38523931096661895,0.594968001917844,0.7619997862620614,0.05
913,0.5456099999999999,False,1,0.0,0.1619,0.9391999999999999,80.2,0.0,0.0,0.0,1.7249803443301879,0.22768845649537317,1.6501024711335242,0.3356738266664594,0.22878508052489574,0.2381263858827854,0.07980000020968758,0.23940000062906275,0.05
914,0.49058,False,1,0.0,0.24939999999999998,0.7468,53.5,0.0,0.0,0.0,2.095451894935401,0.528315480574133,2.4342499462829172,1.124520975643395,0.55068503387245,0.46535543700379906,0.6402167869937143,0.824011297997754,0.05
915,0.55879,False,1,0.0,0.1213,1.0,88.8,0.0,0.0,0.0,1.6620616028089572,0.1194607401177593,1.5833717013888902,0.16318167543582957,0.1435588974004993,0.11712498985390958,0.039400000000000844,0.11820000000000253,0.05
916,0.47519999999999984,False,1,0.0,0.17909999999999998,0.8180999999999999,75.6,0.0,0.0,0.0,1.8707464876666287,0.4004969883771479,2.219114210995424,1.1891072451940568,0.36937654342888626,0.4139740318647164,0.47482966197684606,0.7929639512549197,0.05
917,0.5876599999999998,False,1,0.0,0.2347,0.8825,50.25,0.0,0.0,0.0,1.93623891257177,0.40440421180751496,2.035792346770357,1.1946861658581724,0.38607989667437914,0.35580221578138443,0.30713345430646133,0.6823950160417716,0.05
918,0.5133099999999999,False,1,0.0,0.24780000000000002,0.8831,89.6,0.0,0.0,0.0,1.9113111664203868,0.3526016960100227,2.160776868238481,1.211152724452412,0.39259822585318105,0.34712240318562276,0.35681020157181403,0.7138598657420748,0.05
919,0.5254800000000001,False,1,0.0,0.24280000000000004,0.8672000000000001,77.2,0.0,0.0,0.0,1.9890246678506416,0.5096207102964527,1.9096889226472438,0.7575704137754242,0.4221829058431332,0.42162724640769345,0.287262977615919,0.6204026341988632,0.05
920,0.5271600000000001,False,1,0.0,0.257,0.8078,57.7,0.0,0.0,0.0,2.0223530491399817,0.43949588156083796,2.2271368588738616,1.2200676113305795,0.48773579838909564,0.4199085802509787,0.47444491470954864,0.7984789887107708,0.05
921,0.56817,False,1,0.0,0.2666,0.9317,82.0,0.0,0.0,0.0,1.9050904154573503,0.2823599518742793,1.730867107611002,0.6557980079611352,0.38123671468532877,0.2864303699571867,0.1704862708886937,0.5087977365511539,0.05
922,0.5301399999999998,False,1,0.0,0.2164,0.8645999999999999,70.0,0.0,0.0,0.0,1.9247469835462758,0.35846534783910305,1.921924009766533,0.8481093901415583,0.3906544479217994,0.35934080147795394,0.29156424886683086,0.6535361712947902,0.05
923,0.56812,False,1,0.0,0.1604,1.0,90.0,0.0,0.0,0.0,1.7170664953677606,0.1389498370700312,1.511913368055556,0.015536231534340379,0.18906136288683426,0.11635330948119588,0.0011000000000005344,0.003300000000001603,0.05
924,0.5165899999999999,False,1,0.0,0.2218,0.8714999999999999,80.0,0.0,0.0,0.0,1.8703469996644013,0.33967267445419536,1.883216927495376,0.7175626439350228,0.3742060829136966,0.34816295003374137,0.24870006797979985,0.5356519445330755,0.05
925,0.5048999999999999,False,1,0.0,0.19469999999999998,0.8107,60.5,0.0,0.0,0.0,1.9606692054586545,0.4877481917818643,2.3631427836217442,1.296806683573861,0.41774296868448524,0.43742273672944965,0.637939832232853,0.9840945175900608,0.05
926,0.5252,False,1,0.0,0.1948,0.8788,74.2,0.0,0.0,0.0,1.8145363099539928,0.2798362323477548,1.9596616191674148,0.9084501904790545,0.31956906520321715,0.3351940732908861,0.25760578917984606,0.5597073673047076,0.05
927,0.4767600000000001,False,1,0.0,0.22970000000000002,0.8135,80.8,0.0,0.0,0.0,1.8950718527022477,0.3665566412910623,2.1716481247052295,0.9928817338236916,0.41233424300146926,0.3967029069386769,0.5204750754016794,0.8079132400996004,0.05
928,0.5511499999999999,False,1,0.0,0.2011,0.8725999999999999,60.0,0.0,0.0,0.0,1.886776527287888,0.4323136627482747,2.0032277049276432,1.0080350918516228,0.3606713744105029,0.3923325334209887,0.34761975645724685,0.6958436004779641,0.05
929,0.5282499999999999,False,1,0.0,0.20379999999999998,0.8673,70.0,0.0,0.0,0.0,1.843385806889156,0.31034610711589267,2.0332033398593574,1.0026425543139013,0.3600270377441711,0.360673111477038,0.3623704322739962,0.7247719654359474,0.05
930,0.6313199999999998,False,1,0.0,0.21389999999999998,0.9324999999999999,42.8,0.0,0.0,0.0,1.7441360186181356,0.1900737340788689,1.7746979683270248,0.7959219243188125,0.25809135389950566,0.23377617940348497,0.16238244308094385,0.48714732924283155,0.05
931,0.5547899999999999,False,1,0.0,0.1843,1.0,100.25,0.0,0.0,0.0,1.73727332025008,0.1256072733098201,1.550566669470506,0.056141107611298834,0.21461561327788176,0.10721563150051082,0.010400000000000433,0.031200000000001296,0.05
932,0.42477999999999994,False,1,0.0,0.24910000000000002,0.6685,58.95,0.0,0.0,0.0,2.155374013202602,0.4355759106049909,2.8507442957841596,1.3855602264370503,0.6420466716767809,0.46495125318826647,0.8947347764159164,0.9018178537137994,0.05
933,0.5567699999999999,False,1,0.0,0.20729999999999998,0.9353999999999999,80.1,0.0,0.0,0.0,1.8644226203836318,0.314864356794393,1.802451376203161,0.8157409829513316,0.31452532869422223,0.2769137810721178,0.1668157125842751,0.5004471377528252,0.05
934,0.5219699999999999,False,1,0.0,0.188,0.8651,70.0,0.0,0.0,0.0,1.8261507057654378,0.32389336430989835,2.098557737582872,1.1689856864827688,0.32651717693899673,0.34944105219923643,0.3254278640750444,0.6511525656135025,0.05
935,0.54931,False,1,0.0,0.2233,0.9466000000000001,90.15,0.0,0.0,0.0,1.860350364743232,0.2977524145643831,1.6559666708569734,0.33409143206272335,0.3252666039500919,0.2975060765300871,0.07970000040580491,0.2391000012174147,0.05
936,0.5751499999999999,False,1,0.0,0.22679999999999997,0.8673,50.0,0.0,0.0,0.0,1.8878472231759627,0.3974904284489138,2.1507529933948604,1.1940668067982492,0.39116966006765974,0.3934539632815942,0.4119570586707094,0.803715791923746,0.05
937,0.56761,False,1,0.0,0.1587,1.0,90.0,0.0,0.0,0.0,1.676278854429586,0.09111548540090032,1.5260000318527225,0.03590825890892581,0.1624386873735627,0.08888537113924076,3.768358931783429e-217,0.0,0.05
938,0.4867599999999999,False,1,0.0,0.22949999999999998,0.7993,70.8,0.0,0.0,0.0,1.98290899437693,0.4159132659500444,2.6510493887465074,1.7545642621152924,0.47605570090752664,0.42154265283877546,0.604412895828994,0.933365797715921,0.05
939,0.5484,False,1,0.0,0.1599,0.9309000000000001,75.6,0.0,0.0,0.0,1.7425919353701063,0.23045118950006285,1.7961317464241813,0.7997088882144389,0.2469109573551113,0.2749807361567778,0.16659998018502853,0.4981355044332977,0.05
940,0.6373399999999999,False,1,0.0,0.20779999999999998,1.0,62.5,0.0,0.0,0.0,1.7610718958511575,0.11464336326416065,1.5256,0.03184713487898088,0.2351558879934706,0.09570712660249615,1.985162208250693e-211,0.0,0.05
941,0.51637,False,1,0.0,0.1377,0.9358000000000001,90.0,0.0,0.0,0.0,1.7357971787563407,0.2779437242212556,1.7562388523490764,0.7551488324733889,0.22104285434716084,0.28566610998452324,0.19013885234907651,0.5704165570472295,0.05
942,0.5340699999999999,False,1,0.0,0.20149999999999996,0.9346,90.3,0.0,0.0,0.0,1.9476906868276642,0.45123335086252075,1.7302179706992291,0.6053410657865274,0.34176518997059874,0.3335444660216587,0.17061177490729004,0.5045446278945204,0.05
943,0.5242,False,1,0.0,0.1873,0.8663000000000001,69.2,0.0,0.0,0.0,1.8327981768160615,0.3450778581879546,2.077118209347819,1.1464501725392395,0.32529157770760564,0.35940641850216676,0.3707182093478193,0.746533220948797,0.05
944,0.48897,False,1,0.0,0.22489999999999996,0.745,50.0,0.0,0.0,0.0,1.968139508570174,0.3486506842999643,2.152181994426625,0.8691184638932866,0.4642503535138842,0.367923409426481,0.4674263812840068,0.7020054955160598,0.05
945,0.5638000000000001,False,1,0.0,0.1806,0.9326000000000001,71.6,0.0,0.0,0.0,1.7448396145592633,0.2552676595182033,1.78835857514532,0.8478309494960888,0.25113927887680454,0.2737130415254344,0.10800000000000001,0.324,0.05
946,0.5466399999999999,False,1,0.0,0.1557,0.9359,77.6,0.0,0.0,0.0,1.774027981682255,0.39540733235920356,1.7937190065215958,0.7881004784787574,0.24368695584624103,0.3285437481425502,0.1322000000000004,0.3700750734648309,0.05
947,0.61418,False,1,0.0,0.18060000000000004,1.0,70.0,0.0,0.0,0.0,1.6927281375555245,0.1183165316342741,1.540988888889552,0.08203333333425604,0.17948304133632384,0.10919530565849721,0.017200000000000628,0.05160000000000189,0.05
948,0.53766,False,1,0.0,0.2602,0.804,51.6,0.0,0.0,0.0,1.9257548948273928,0.31423417489025085,2.334728358738823,1.262947416190981,0.44737231239769654,0.36022560102501044,0.6066748869244236,0.9304290743591648,0.05
949,0.5501599999999999,False,1,0.0,0.21289999999999995,0.8946999999999999,70.0,0.0,0.0,0.0,1.81578964967257,0.2631191790971558,1.9277224039441996,0.8452386805531809,0.3278035684073325,0.2924140009611486,0.18780000000000036,0.3808563508726097,0.05
950,0.5305,False,1,0.0,0.20350000000000001,0.8675,68.9,0.0,0.0,0.0,1.8381795611030367,0.3229189062848849,2.0122163893808613,1.1236324609271449,0.33774805297516275,0.34277303757589345,0.29482750324114315,0.6624614402464901,0.05
951,0.58195,False,1,0.0,0.2472,0.9376999999999999,74.3,0.0,0.0,0.0,1.8477148615854002,0.26484381124075623,1.8609007108856048,0.8756119276765624,0.3378444721378097,0.26090080686408157,0.16830047326175418,0.5049014197852626,0.05
952,0.5325799999999999,False,1,0.0,0.23399999999999999,0.8754,75.2,0.0,0.0,0.0,1.8846523608182735,0.2922942747800325,1.9850232798031713,0.8560021357672575,0.3749329152214864,0.31631930819224596,0.24030000000000085,0.3986948833381241,0.05
953,0.5228600000000001,False,1,0.0,0.1605,0.8713000000000001,67.6,0.0,0.0,0.0,1.8332735586113078,0.39171813595617594,1.753294651240278,0.4562129636080343,0.32202364519565907,0.4130113085848766,0.16057026923478707,0.3211508000285633,0.05
954,0.5973899999999999,False,1,0.0,0.19129999999999997,1.0,80.0,0.0,0.0,0.0,1.7473279808611681,0.11115068375737035,1.548322222222263,0.06270549329122689,0.22975928564742162,0.10802410651295939,0.007600000000000393,0.022800000000001173,0.05
955,0.50845,False,1,0.0,0.17529999999999996,0.8798,80.0,0.0,0.0,0.0,1.8779393084780012,0.4199934237339235,1.9113896353331057,0.8476809452831681,0.334771848219379,0.37505256690849986,0.2692669919188796,0.5915521644006442,0.05
956,0.5548999999999998,False,1,0.0,0.1377,0.9337,70.0,0.0,0.0,0.0,1.7073527305287477,0.25368570982088806,1.8610632933714015,0.8745318851478374,0.20571247859393024,0.2632026072980631,0.22542423087140145,0.6587955572886749,0.05
957,0.5185299999999999,False,1,0.0,0.1517,0.8766,70.3,0.0,0.0,0.0,1.8453789183684115,0.37157736893323123,1.954731370695442,0.8590169490757847,0.2893312763089053,0.31808329136454705,0.3453285929176635,0.6994268053177449,0.05
958,0.66819,False,1,0.0,0.22729999999999997,1.0,50.0,0.0,0.0,0.0,1.8024512799531647,0.23459869201006284,1.5222000000016038,0.04844336900393767,0.260428839272491,0.16597021824481342,7.562214644505334e-174,0.0,0.05
959,0.43403,False,1,0.0,0.22150000000000003,0.7444,76.75,0.0,0.0,0.0,2.0313059662338873,0.5171863490925369,2.4886842386977994,1.2139970973475587,0.4967190262676426,0.4762122003938658,0.6705666027163042,0.8112967950011457,0.05
960,0.47980999999999996,False,1,0.0,0.2109,0.8122,76.0,0.0,0.0,0.0,1.8923989791805873,0.3468558840465193,2.090631361911363,0.8972981436773451,0.4037151240672605,0.37428655879708844,0.40119776648697314,0.6495076619078518,0.05
961,0.5879399999999999,False,1,0.0,0.25409999999999994,0.9333,70.8,0.0,0.0,0.0,1.8361355622162123,0.209745147299214,1.7608924526072496,0.7006227481590888,0.32573520599071737,0.23890756078405442,0.16345911927391615,0.4903773578217484,0.05
962,0.5250099999999999,False,1,0.0,0.21739999999999998,0.9247,93.75,0.0,0.0,0.0,1.9726348694509688,0.5748381263681084,1.867796989226946,1.0320345237378499,0.37292123838764346,0.37903264838471357,0.16104924974559834,0.483147749236795,0.05
963,0.56087,False,1,0.0,0.1597,0.9328,70.0,0.0,0.0,0.0,1.7496490468179797,0.24765448027960835,1.7899538477561088,0.7219924877343061,0.25079594055376175,0.283609944912852,0.20235367414499744,0.5729169341094457,0.05
964,0.52691,False,1,0.0,0.0897,1.0,100.0,0.0,0.0,0.0,1.631820362548704,0.09249002036412501,1.5348000222438738,0.053992246875404486,0.11806516380025725,0.09290164894711207,1.3832261463197508e-223,0.0,0.05
965,0.5059,False,1,0.0,0.2846,0.7436,50.0,0.0,0.0,0.0,2.064103996949803,0.29958166947900866,2.2580381285818305,1.0073100902176306,0.5554173044488165,0.3319439585540444,0.5842812015988926,0.8100972915599648,0.05
966,0.56722,False,1,0.0,0.1706,0.9372,70.0,0.0,0.0,0.0,1.7442247383527931,0.2698611234782039,1.790704033428242,0.727553348165985,0.24457151429055096,0.29266517715884754,0.20231514453794547,0.5859228796384636,0.05
967,0.48146999999999984,False,1,0.0,0.16979999999999998,0.8728999999999999,90.25,0.0,0.0,0.0,1.8673760283071648,0.47256588452487824,1.8852370050025662,0.8056055166006572,0.31829346885116877,0.3693642484766641,0.23972589389543528,0.5118347498739911,0.05
968,0.52574,False,1,0.0,0.22220000000000004,0.8844,80.0,0.0,0.0,0.0,1.9098104423858566,0.3863750787271498,1.9300041664940584,0.8294655519269889,0.3745013408757199,0.34999627468762357,0.2757391773983594,0.5562405529178158,0.05
969,0.52628,False,1,0.0,0.21539999999999998,0.8228,57.15,0.0,0.0,0.0,1.8947558734732954,0.3838874742381116,2.0874932697010284,0.9174726076693206,0.3950741551706871,0.3961002236067923,0.46487501948948734,0.7775205464600293,0.05
970,0.5236099999999999,False,1,0.0,0.2557,0.819,63.2,0.0,0.0,0.0,1.9570609710318148,0.43742862789136217,2.2031505824914275,1.151487783347304,0.4515524199510459,0.40664029798254386,0.4695535276422785,0.7688121932891001,0.05
971,0.63439,False,1,0.0,0.18130000000000002,1.0,60.0,0.0,0.0,0.0,1.6905303370038822,0.10954599755937199,1.530400248913065,0.05341981505966046,0.19816696433462158,0.10965538956918196,2.030005154053e-213,0.0,0.05
972,0.52383,False,1,0.0,0.14950000000000002,0.9414,90.0,0.0,0.0,0.0,1.755456401595462,0.2970544659756257,1.631898492295607,0.3401895335669233,0.2280844632018108,0.2677388120874903,0.07980004645581032,0.239400139367431,0.05
973,0.59416,False,1,0.0,0.1999,0.8717,38.0,0.0,0.0,0.0,1.7979247850682327,0.3260081744796283,2.081575645072937,1.1075637451566271,0.3252541459711549,0.3671740988648244,0.3814117398014808,0.7673819327373552,0.05
974,0.5415699999999999,False,1,0.0,0.2223,0.8783999999999998,70.0,0.0,0.0,0.0,1.8882128834292289,0.4055689031770051,1.9925348350245524,1.1079732803986095,0.3832001987984034,0.3807602483310008,0.3051612239134404,0.6864936130016486,0.05
975,0.49715999999999994,False,1,0.0,0.1561,0.8718999999999999,80.0,0.0,0.0,0.0,1.793458014576709,0.3290183715604439,2.1350537885085403,1.0315718345944582,0.30227683051371723,0.35702013621626066,0.4075537493549074,0.715001143017374,0.05
976,0.58721,False,1,0.0,0.24270000000000005,0.9349999999999999,70.05,0.0,0.0,0.0,1.8307330031312419,0.22814297698615796,1.671203713650182,0.34578433123833435,0.31387319236510536,0.22487985173039665,0.10590000000000174,0.24324985097631968,0.05
977,0.5137799999999999,False,1,0.0,0.2212,0.8106,60.0,0.0,0.0,0.0,1.9573328254178475,0.41537194329348925,2.104901820635944,0.9561177864759745,0.45291806884164554,0.43293903943740913,0.34820014082167305,0.5830567382172711,0.05
978,0.5643099999999999,False,1,0.0,0.2017,0.938,76.4,0.0,0.0,0.0,1.903097709456987,0.40494643128442614,1.648633333333335,0.3396658308789246,0.33858459635106153,0.3227007375901367,0.07970000000000017,0.23910000000000053,0.05
979,0.5381099999999999,False,1,0.0,0.225,0.8722999999999999,70.0,0.0,0.0,0.0,1.93363083618896,0.46890427469620133,2.1563176031505025,1.2600092648525514,0.38666800220295666,0.3896300094460507,0.37946370110572153,0.7593121171825343,0.05
980,0.5428899999999998,False,1,0.0,0.15289999999999998,0.9385999999999999,80.0,0.0,0.0,0.0,1.753115799211703,0.3101156705447558,1.7768277041473468,0.7045812243951487,0.23637323434791008,0.29397356544381753,0.186427699442107,0.559283098326321,0.05
981,0.5476499999999999,False,1,0.0,0.1837,0.9321999999999999,80.0,0.0,0.0,0.0,1.7508880551732933,0.21508477529681078,1.7873843641703098,0.7188560954981029,0.253751782167479,0.2545029895306244,0.1684889312523452,0.48066782921333523,0.05
982,0.53996,False,1,0.0,0.13319999999999999,1.0,100.0,0.0,0.0,0.0,1.6657925037026597,0.1351999350358744,1.539122222222223,0.048353110896130085,0.14934795866916092,0.11989160169497043,0.009400000000000418,0.028200000000001252,0.05
983,0.4487,False,1,0.0,0.1837,0.7627,70.15,0.0,0.0,0.0,1.9872739512076234,0.49201234348722145,2.2461918214528986,0.9558755722753579,0.45533209847720224,0.4648016058178251,0.5057185039126326,0.6863048884620251,0.05
984,0.54887,False,1,0.0,0.1826,0.9347,80.1,0.0,0.0,0.0,1.7883222520813824,0.21655735852698293,1.6353013888888868,0.34115220063607626,0.2688928145104577,0.23740288795001,0.08130000000000046,0.23926974317702643,0.05
985,0.5499699999999998,False,1,0.0,0.2069,0.869,60.2,0.0,0.0,0.0,1.9569233376360078,0.6142568589677144,2.1415425654929736,1.2365512808120596,0.3822593464731433,0.44511029419791664,0.32472457166162905,0.6495764496598514,0.05
986,0.5017899999999998,False,1,0.0,0.2903,0.7489999999999999,54.8,0.0,0.0,0.0,2.050675732933391,0.3613269600522813,2.451906448489274,1.2093197197540633,0.538420722773947,0.37512318465287475,0.6901236961498441,0.9186476248325012,0.05
987,0.6045599999999999,False,1,0.0,0.2152,1.0,80.0,0.0,0.0,0.0,1.739667889711279,0.13128350872770522,1.5397003693368716,0.033281400039052576,0.2232437439422851,0.10928572415868462,9.923710613674487e-208,0.0,0.05
988,0.49848,False,1,0.0,0.1986,0.799,60.2,0.0,0.0,0.0,1.9471510281226077,0.5560692271833958,2.3077845896056663,1.2645063354474921,0.42204784782899984,0.4789626328011637,0.5621114556119291,0.8619828855358559,0.05
989,0.53095,False,1,0.0,0.18239999999999998,0.8739000000000001,67.75,0.0,0.0,0.0,1.8346269306991403,0.35311772200781544,1.887924553997023,0.8185616190064676,0.31472079446997286,0.3389282795497242,0.29652073455257827,0.6619960410189816,0.05
990,0.5350399999999998,False,1,0.0,0.21869999999999998,0.8748999999999999,71.5,0.0,0.0,0.0,1.931023355976265,0.42546773586329656,2.0878452612289173,1.1881962166838373,0.37449694928336913,0.38041520372937776,0.34752365826526,0.6984781711658758,0.05
991,0.6297999999999999,False,1,0.0,0.22199999999999998,1.0,68.4,0.0,0.0,0.0,1.7578743998730821,0.13478054462378714,1.5011000761032105,0.003299974640063549,0.24281664260341757,0.11250606605046594,1.7201632166791021e-190,0.0,0.05
992,0.4928999999999998,False,1,0.0,0.21030000000000001,0.8242999999999998,73.6,0.0,0.0,0.0,1.9624370030214178,0.4621008085163156,2.067831787016633,0.9054731477605144,0.42323376056354356,0.41080304803573575,0.42026242400347247,0.6829810388809064,0.05
993,0.5286099999999999,False,1,0.0,0.26280000000000003,0.8070999999999999,57.6,0.0,0.0,0.0,2.0285401944736545,0.3514809725589528,2.2171639644464074,1.0654314875013593,0.5029933070720138,0.37125600693307925,0.5665295710579819,0.8709825659069615,0.05
994,0.5497699999999999,False,1,0.0,0.26339999999999997,0.8724999999999999,70.0,0.0,0.0,0.0,1.9160863173336065,0.35785515552347835,2.237895691719182,1.4485354052026405,0.4089460059868374,0.358974607426134,0.4217956888793511,0.8343848061553759,0.05
995,0.5160899999999999,False,1,0.0,0.1363,0.9359999999999999,90.0,0.0,0.0,0.0,1.7133590498731024,0.23546217769972805,1.619011111110638,0.3435841818230648,0.20699092628081237,0.24986234749953173,0.07980000000000063,0.23940000000000192,0.05
996,0.5381,False,1,0.0,0.205,0.874,67.6,0.0,0.0,0.0,1.8416816857629825,0.30502045461692706,1.9056134972390335,0.8359741960415361,0.3451849678974537,0.34992780877782087,0.2920003035808465,0.6546549724077211,0.05
997,0.5506699999999999,False,1,0.0,0.1877,0.8628,54.8,0.0,0.0,0.0,1.8572215528705953,0.38505594835473755,2.029002227612475,0.9814283336270881,0.342486357966067,0.37831910135028585,0.3154306020648018,0.6265806624950115,0.05
998,0.5524699999999999,False,1,0.0,0.1581,0.9512,80.4,0.0,0.0,0.0,1.8011505105228856,0.4519328190286693,1.6189444854245891,0.3433844313760691,0.24924411700192262,0.3602389698089179,0.07950000148996439,0.23850000446989314,0.05
999,0.5227799999999998,False,1,0.0,0.17250000000000001,0.8728999999999999,70.0,0.0,0.0,0.0,1.8076708139693363,0.33203531250086715,1.8986282212780694,0.7929193600490044,0.32350562150007606,0.3733061731226534,0.2863171101659383,0.6389022462623066,0.05
1000,0.5438299999999998,False,1,0.0,0.1621,0.9359999999999999,80.0,0.0,0.0,0.0,1.713875701699402,0.2301455924963699,1.7903197727479576,0.76174916799721,0.23578441373463432,0.27301984520441247,0.2181194060626673,0.654358218188002,0.05
1001,0.55322,False,1,0.0,0.2855,0.7981,45.55,0.0,0.0,0.0,2.0764690602980758,0.39072315445602823,2.500422104053295,1.4387036853952193,0.5556537963698978,0.3949353657763788,0.46457344240896303,0.6992363891824686,0.05
1002,0.5162200000000001,False,1,0.0,0.1767,0.9303000000000001,94.0,0.0,0.0,0.0,1.7476178394918995,0.26790259658833754,1.8845792322802701,1.0628214981224686,0.25893837567564393,0.27747103253008626,0.22199671828557746,0.6659901548567324,0.05
1003,0.5086299999999999,False,1,0.0,0.1222,0.9320999999999999,90.25,0.0,0.0,0.0,1.7111104787667457,0.24119387176792723,1.749530260145913,0.6671762492205568,0.19902831009691252,0.27019102278668095,0.16010011686504264,0.480300350595128,0.05
1004,0.56131,False,1,0.0,0.1377,1.0,90.0,0.0,0.0,0.0,1.642294619944548,0.06963378619758101,1.5194,0.03484594667963551,0.137798887619644,0.07154052361775275,2.8155888343961845e-208,0.0,0.05
1005,0.53488,False,1,0.0,0.2763,0.8137000000000001,58.8,0.0,0.0,0.0,1.9760820767633664,0.34666367786359176,2.0101754444143234,0.7662593757975891,0.4744538573712477,0.3639019250360622,0.35119416457998287,0.5932133868524374,0.05
1006,0.49881,False,1,0.0,0.25329999999999997,0.7395999999999999,47.45,0.0,0.0,0.0,2.1199139119572417,0.48842039423594585,2.531276728948251,1.2137468652287278,0.5565400680184879,0.4462971415677236,0.6209544995561316,0.7400686644754217,0.05
1007,0.6081199999999999,False,1,0.0,0.16339999999999996,1.0,70.45,0.0,0.0,0.0,1.7163125541799253,0.14082202717886988,1.5212258680555562,0.03213109726255198,0.1853973236043681,0.1173519444325243,0.0016000000000004348,0.004800000000001304,0.05
1008,0.49491999999999986,False,1,0.0,0.20759999999999995,0.8751999999999999,90.0,0.0,0.0,0.0,1.8508203830649912,0.34450402779028794,2.1541863594351325,1.264134619721234,0.3434216491000354,0.34349466453660904,0.3093776459036378,0.672120279361444,0.05
1009,0.49653,False,1,0.0,0.1554,0.8713000000000001,80.0,0.0,0.0,0.0,1.8143972466938503,0.3379197210433379,1.8932200629306237,0.7063230299352928,0.2972470953162452,0.34743814101760206,0.24995788526814358,0.5392017372851176,0.05
1010,0.5502699999999999,False,1,0.0,0.1733,0.9404,80.0,0.0,0.0,0.0,1.7529695212144678,0.22848665735426482,1.8992775768178103,1.0516040863912015,0.24059288733240836,0.24764341340468216,0.1914886873991022,0.559300900567629,0.05
1011,0.4199599999999999,False,1,0.0,0.2714,0.6721999999999999,66.0,0.0,0.0,0.0,2.1416527624957618,0.5047194585944743,2.698278935681971,1.1689672057612779,0.6348319424715794,0.4808656341035592,0.8497821509287764,0.8505867718965456,0.05
1012,0.5826,False,1,0.0,0.2577,0.8647,50.0,0.0,0.0,0.0,1.9006628387898559,0.34020729956634876,2.0681939106629956,1.0396723468838327,0.3997968542397431,0.34603018957816606,0.3353371065174767,0.670712644163912,0.05
1013,0.6245899999999999,False,1,0.0,0.23699999999999996,0.9347,50.4,0.0,0.0,0.0,1.8372873936062182,0.2715057975094785,1.8016757061830984,0.7727822556250471,0.32137634492623324,0.2621877326806558,0.22428681729420932,0.6345031905564061,0.05
1014,0.5508599999999999,False,1,0.0,0.193,0.9328,80.0,0.0,0.0,0.0,1.7557740557606512,0.24159607319913876,1.7839816739998973,0.7348694295997582,0.2682878059101982,0.278083018043079,0.1988816739960522,0.5966450219881566,0.05
1015,0.6042299999999999,False,1,0.0,0.1981,1.0,77.6,0.0,0.0,0.0,1.7448178266399617,0.16459135122254612,1.5057000000000003,0.016444147895223922,0.21757071809237108,0.12916571390468945,0.00020000000000028705,0.0006000000000008612,0.05
1016,0.5269499999999999,False,1,0.0,0.16820000000000002,0.8807,70.0,0.0,0.0,0.0,1.8474630915392278,0.4547443464977713,2.0530551613655423,1.012827463546585,0.30105547085823775,0.3771334521129231,0.39444348963785075,0.7960467326229511,0.05
1017,0.5502699999999999,False,1,0.0,0.1768,0.9389,80.0,0.0,0.0,0.0,1.742638833119491,0.27623519322846485,1.7658928721781275,0.6958448125737299,0.228956584859744,0.2412711312657279,0.1856927342450324,0.5570782027350972,0.05
1018,0.5459799999999999,False,1,0.0,0.1571,0.9994999999999999,100.4,0.0,0.0,0.0,1.7542858453725434,0.16744440361266358,1.642883333333335,0.33955026214788,0.21827634906844923,0.1284546013456153,0.08090000000000128,0.2393852334627208,0.05
1019,0.40251999999999993,False,1,0.0,0.2986,0.6192,60.25,0.0,0.0,0.0,2.3636218442571253,0.6269708778796317,3.114356481979269,1.577681567667972,0.7769296811038251,0.5097296461226126,1.0071015150665061,0.8792224791060548,0.05
1020,0.4849199999999999,False,1,0.0,0.2164,0.8,70.0,0.0,0.0,0.0,1.9433690265980748,0.4014746890342779,2.2488990970324223,1.1390946852914365,0.4633187027075415,0.4315055187731043,0.5329705009646644,0.8155315410841164,0.05
1021,0.5610499999999999,False,1,0.0,0.28440000000000004,0.8709,66.95,0.0,0.0,0.0,2.0173171087597987,0.36845916214104635,2.1832056479361177,1.353422519503117,0.46577661197203357,0.3432593560602225,0.35777767626066914,0.7155556456957248,0.05
1022,0.5443499999999999,False,1,0.0,0.14540000000000003,0.9439,80.0,0.0,0.0,0.0,1.725754926286933,0.2722252519667536,1.7897363587863473,0.7968302670843369,0.21465513815756707,0.2742527911825756,0.1928314606408836,0.5784943819226508,0.05
1023,0.5777799999999998,False,1,0.0,0.21070000000000003,0.9350999999999999,70.0,0.0,0.0,0.0,1.7794904734861485,0.22017417138805448,1.6512400182818603,0.3346530071822408,0.2966166001829694,0.2622449217850428,0.08580000682573735,0.23807303442973154,0.05
1024,0.5973099999999999,False,1,0.0,0.19170000000000004,1.0,80.1,0.0,0.0,0.0,1.725286496841126,0.13213070127199897,1.5338625000000004,0.04643000275953023,0.21156304385487412,0.10799088593029146,0.0016000000000003071,0.004800000000000921,0.05
1025,0.57345,False,1,0.0,0.26599999999999996,0.8195,40.0,0.0,0.0,0.0,1.9993310886891151,0.4097842513248196,2.3673829736660346,1.2830345948327164,0.45812414021933867,0.35917389601063077,0.5687761290264083,0.8765140736134766,0.05
1026,0.49056999999999995,False,1,0.0,0.201,0.8721,90.1,0.0,0.0,0.0,1.9188874122495043,0.47847371693228297,2.113217807922518,1.1962959113254876,0.37646902119741094,0.4092247960775362,0.41695596778278315,0.835772100589708,0.05
1027,0.5409299999999999,False,1,0.0,0.1311,1.0,99.2,0.0,0.0,0.0,1.6839016593674168,0.1556860165188502,1.536300001525879,0.057019384374061725,0.15684231728365336,0.127571777689962,4.9848139136890616e-207,0.0,0.05
1028,0.5785499999999999,False,1,0.0,0.1285,1.0,80.0,0.0,0.0,0.0,1.6417089145055286,0.09213777053398627,1.5493625000031634,0.07452957571959984,0.13764479498863424,0.10626225463612399,0.0016000000000003071,0.004800000000000921,0.05
1029,0.5169599999999999,False,1,0.0,0.23679999999999998,0.8655999999999999,80.0,0.0,0.0,0.0,1.9011106501882906,0.4043295115201924,2.055985310588953,1.0980783143004442,0.39683449085300027,0.3831574510500724,0.3541784367732371,0.7084011381245644,0.05
1030,0.5521399999999999,False,1,0.0,0.183,0.9411999999999999,80.8,0.0,0.0,0.0,1.7934540665872714,0.23224777485238246,1.7624909405310294,0.7818171788186464,0.2674924704270277,0.24533655136679972,0.17247288972265268,0.5174186691679581,0.05
1031,0.47589000000000004,False,1,0.0,0.2557,0.7464000000000001,61.65,0.0,0.0,0.0,1.9969896860615894,0.3439266022025004,2.1939968130338765,0.9033870184050229,0.4803600574888952,0.35769579816197183,0.4904495043309379,0.6592175700118496,0.05
1032,0.5127,False,1,0.0,0.2015,0.8175000000000001,60.0,0.0,0.0,0.0,1.9180433252372127,0.4003484356867247,2.061091048185313,0.8946917516910097,0.3980486145190573,0.3962125048990978,0.4538650538793966,0.7509544776152811,0.05
1033,0.5253300000000001,False,1,0.0,0.2158,0.8717,74.8,0.0,0.0,0.0,1.8579665613496026,0.30216290205411617,1.8724728476113313,0.731965886299483,0.35332350584811656,0.3222957680304452,0.255414017320084,0.550184316702043,0.05
1034,0.4941899999999999,False,1,0.0,0.15889999999999999,0.8666,80.05,0.0,0.0,0.0,1.8236769161624011,0.341464133786685,2.0110518301315308,0.9978191512538548,0.3059323060915914,0.35766298991049095,0.36884507456636145,0.7413815152636973,0.05
1035,0.49122,False,1,0.0,0.15019999999999997,0.8698,81.35,0.0,0.0,0.0,1.8265794728415545,0.4046270075211385,2.0510924332626645,1.021072275506028,0.2918992263366425,0.3656649243567886,0.3755732921529669,0.7314089798884538,0.05
1036,0.49704000000000004,False,1,0.0,0.21059999999999998,0.8198000000000001,70.0,0.0,0.0,0.0,1.9568164238378807,0.5272784637187186,2.2751642468903466,1.1637680329906575,0.418746107796248,0.45676840503101224,0.5756671735021911,0.8881114756658994,0.05
1037,0.56214,False,1,0.0,0.2123,0.9315,76.8,0.0,0.0,0.0,1.7755796692276895,0.231948732531755,1.9035667849713174,1.0329963578440178,0.29144484495512957,0.26537652540185913,0.2220730563697168,0.5902753324663677,0.05
1038,0.5382499999999999,False,1,0.0,0.1275,1.0,100.0,0.0,0.0,0.0,1.662371951604424,0.10443427046772652,1.5379999999999998,0.05693329430131372,0.1427322239778201,0.0900173987650338,1.8130221785576938e-218,0.0,0.05
1039,0.45438999999999985,False,1,0.0,0.1664,0.8061,79.9,0.0,0.0,0.0,1.9277066009766184,0.4337129249709264,2.224705766003191,1.1542257511369736,0.38958619059326527,0.4211175487319437,0.399402630648539,0.6588500375607161,0.05
1040,0.54948,False,1,0.0,0.1526,1.0,98.15,0.0,0.0,0.0,1.7054638769639108,0.13896325438522944,1.5720556280242342,0.06288585427995905,0.17728993637309776,0.11243060562676147,0.011500000000000654,0.03450000000000196,0.05
1041,0.5279399999999999,False,1,0.0,0.17999999999999997,0.9342,90.0,0.0,0.0,0.0,1.8385295890194129,0.4431877548433359,1.7207669892243387,0.5835644950935772,0.29304462053785985,0.3627366418905747,0.16085259415547953,0.4825577824664386,0.05
1042,0.55596,False,1,0.0,0.1972,0.9390000000000001,80.25,0.0,0.0,0.0,1.7935241515032536,0.23843953784554714,1.8577309750754658,1.0055261001485867,0.28462355044395227,0.2615936592998784,0.18449649782831068,0.553489493484932,0.05
1043,0.44756000000000007,False,1,0.0,0.2358,0.7386,70.1,0.0,0.0,0.0,2.124333883628304,0.5186688525158931,2.495179599389905,1.1837585067274046,0.5696181015948202,0.4660521795541069,0.7619692450021631,0.9157646568347994,0.05
1044,0.6026100000000001,False,1,0.0,0.24769999999999998,0.8690000000000001,40.0,0.0,0.0,0.0,1.9176023150310804,0.32291282003722355,2.1259110967849164,1.0220587559714893,0.4124989586793066,0.33778917338356496,0.42602807575773144,0.6940534468121533,0.05
1045,0.53382,False,1,0.0,0.2509,0.8515,68.75,0.0,0.0,0.0,2.1190831563874077,0.6083125614112608,2.349858568020616,1.190755740095952,0.5173913670150783,0.44515595154463167,0.5431811845413158,0.7679453305336076,0.05
1046,0.5425,False,1,0.0,0.15930000000000002,0.9353,80.0,0.0,0.0,0.0,1.7578662240890133,0.251267528615485,1.6372555406030584,0.33926875896313075,0.23732162073072435,0.2347948666934182,0.07990000007451346,0.23970000022354038,0.05
1047,0.58212,False,1,0.0,0.2304,0.8710000000000001,48.35,0.0,0.0,0.0,1.8921653396007083,0.34695404320191164,1.7104185444402933,0.40374757372479275,0.3877055339961589,0.35474617570717737,0.1597000122487881,0.31940010275014663,0.05
1048,0.5326,False,1,0.0,0.1658,0.9378,86.8,0.0,0.0,0.0,1.814392350618092,0.42076077663482014,1.7934128093772657,0.7781277098955747,0.25838675971274827,0.32464211059566345,0.218546093882474,0.6450421740887212,0.05
1049,0.5183499999999999,False,1,0.0,0.13240000000000002,0.9408999999999998,90.0,0.0,0.0,0.0,1.6784796501357804,0.18371348661356326,1.6319793402777787,0.339645032941163,0.1881261222785275,0.2098430070134548,0.07980000000000047,0.23940000000000144,0.05
1050,0.46375,False,1,0.0,0.20189999999999997,0.8034000000000001,79.6,0.0,0.0,0.0,2.0277996907713423,0.6034832518092205,2.3632900200002127,1.1072545328830272,0.4385718761391077,0.4750878487554404,0.6530327153257136,0.8656019087193789,0.05
1051,0.49807999999999986,False,1,0.0,0.23569999999999997,0.8150999999999999,71.6,0.0,0.0,0.0,1.9236511472824958,0.33277076243306564,2.063982869863801,0.9548427911496399,0.42130372475438316,0.3468080161140259,0.3407162028672396,0.5823243306856285,0.05
1052,0.5600499999999999,False,1,0.0,0.2098,0.8822999999999999,60.25,0.0,0.0,0.0,1.8787644511690242,0.44093796159679166,2.073972373301205,1.084368166886498,0.35446994139969046,0.3887274771671596,0.4011417483675424,0.7880391387317245,0.05
1053,0.5426399999999999,False,1,0.0,0.23170000000000002,0.8759,70.0,0.0,0.0,0.0,1.904244187139738,0.38217615040597785,2.0765055036309974,1.0764654215437395,0.3794931976995621,0.34670416218312805,0.3339792464640932,0.6681997994266756,0.05
1054,0.61479,False,1,0.0,0.1773,1.0,69.2,0.0,0.0,0.0,1.7372737761037467,0.1833526147511505,1.5254613035413993,0.03526582796080455,0.2035975747645738,0.15829397946782225,0.0007000000000003723,0.0021000000000011166,0.05
1055,0.5876899999999999,False,1,0.0,0.2252,0.8699,44.4,0.0,0.0,0.0,1.8777306705179473,0.2907091031961372,2.0195979745940997,1.0049375477495446,0.3503736696579681,0.3082912305026842,0.3885877388355302,0.7836444297767243,0.05
1056,0.63381,False,1,0.0,0.1927,1.0,62.0,0.0,0.0,0.0,1.710392449248587,0.10968604490957128,1.5387001740996236,0.050829420144579605,0.19445369153468295,0.10257253516607256,1.1265947222397692e-202,0.0,0.05
1057,0.57388,False,1,0.0,0.1306,1.0,82.65,0.0,0.0,0.0,1.6745955675780888,0.13087203692897695,1.5231,0.03372076511587483,0.155084956674606,0.11036981270133914,3.6462592570607535e-205,0.0,0.05
1058,0.5951099999999999,False,1,0.0,0.18370000000000003,1.0,80.0,0.0,0.0,0.0,1.689659318528874,0.10470611401873411,1.5063,0.013296992141082115,0.1835154963103046,0.09690038168165348,4.813614524478221e-202,0.0,0.05
1059,0.49571999999999994,False,1,0.0,0.22890000000000002,0.8215,74.0,0.0,0.0,0.0,2.012492916727188,0.5375671248143357,2.1361319986816203,0.949345464924614,0.45008522869228945,0.45330415050026773,0.47837117208503077,0.7939374461377883,0.05
1060,0.5592199999999999,False,1,0.0,0.19669999999999996,0.9362999999999999,77.6,0.0,0.0,0.0,1.7670045215516155,0.22469659130071798,1.7277823308786133,0.6397348260560608,0.25955171765036633,0.257592646738611,0.17256773956290947,0.5177032186887284,0.05
1061,0.49171,False,1,0.0,0.19969999999999996,0.875,90.35,0.0,0.0,0.0,1.882097419591362,0.3363708874634386,2.161034932738962,1.3061131863703312,0.3590969646685086,0.3576202589912208,0.3718267887279306,0.7459968416089768,0.05
1062,0.58755,False,1,0.0,0.1955,0.9349999999999999,62.8,0.0,0.0,0.0,1.7554019247112347,0.22249646789418526,1.7481276200655678,0.6824146849019587,0.2733749215739075,0.2712463296487995,0.18973437215104058,0.5692031164531217,0.05
1063,0.54398,False,1,0.0,0.22010000000000002,0.8745,67.1,0.0,0.0,0.0,1.9246743440524319,0.4022822783339739,2.0160797619226023,1.0063776453352735,0.36720664344534837,0.3608665287772157,0.3869797619226019,0.774750508464435,0.05
1064,0.57294,False,1,0.0,0.19060000000000002,0.9368000000000001,70.0,0.0,0.0,0.0,1.7606636415905712,0.27321521782574626,1.7763492499753881,0.7355149708537828,0.25395125098749916,0.2665787383024109,0.21084071726054407,0.6325221517816323,0.05
1065,0.5802,False,1,0.0,0.25830000000000003,0.9433,78.8,0.0,0.0,0.0,1.9493646637652031,0.2564709951497327,1.6749109832103226,0.33368681210984064,0.3778094708920654,0.23930751979589734,0.07980000000071812,0.23940000000215433,0.05
1066,0.51834,False,1,0.0,0.13820000000000005,0.9384,90.0,0.0,0.0,0.0,1.7390488355303073,0.29041111324794383,1.637505527728992,0.32378719312320225,0.21302092461011965,0.27145103276744487,0.07993467106819103,0.23980401320457306,0.05
1067,0.50566,False,1,0.0,0.2063,0.8190999999999999,64.8,0.0,0.0,0.0,1.9456974645693186,0.3533934088393039,2.0193984583252087,0.8472035115587309,0.41987813011005687,0.3687345155752518,0.3743540138807743,0.6698382230793861,0.05
1068,0.5494700000000001,False,1,0.0,0.27059999999999995,0.8207000000000001,53.1,0.0,0.0,0.0,2.157593895772399,0.5207840958936862,2.2523222104786194,1.14543159955774,0.52939900789952,0.4002719200971094,0.4254920569454467,0.6936782563446311,0.05
1069,0.5191399999999999,False,1,0.0,0.2205,0.8756999999999999,80.0,0.0,0.0,0.0,1.8738250212914067,0.29981568099691475,1.9754494849560025,0.8960930372446652,0.3600755066381454,0.31989948020479814,0.3705836612273939,0.7379159944110296,0.05
1070,0.52566,False,1,0.0,0.17170000000000002,0.9344999999999999,90.0,0.0,0.0,0.0,1.7778497876590644,0.2425571889740198,1.7960060606823274,0.8440841340164783,0.2534894179357179,0.2395538911522912,0.1130000000000003,0.3323868228435055,0.05
1071,0.5622899999999998,False,1,0.0,0.18629999999999997,0.9359999999999999,74.4,0.0,0.0,0.0,1.8341812673468785,0.33362783603836804,1.636526174624446,0.3519419006046314,0.28406533162157266,0.3014479765230323,0.09821570477441316,0.2946471143232395,0.05
1072,0.51129,False,1,0.0,0.23809999999999998,0.7998000000000001,60.0,0.0,0.0,0.0,1.9220120039708959,0.32169949087454697,2.3122834363560973,1.2037809462310503,0.4529383815300152,0.3803257915484029,0.5106328213485228,0.78018710623819,0.05
1073,0.50762,False,1,0.0,0.25,0.7436,43.95,0.0,0.0,0.0,2.0671668713060845,0.43841976254895804,2.409934843316188,1.0800814358073332,0.5455777839505745,0.42817176740828483,0.516472679771679,0.5797944134318388,0.05
1074,0.53752,False,1,0.0,0.2096,0.8712,67.6,0.0,0.0,0.0,1.861938885235655,0.3275090638339664,2.0519148128183717,1.0109304315918755,0.3575113726928928,0.3405242758210246,0.36350873605566414,0.7155414552409193,0.05
1075,0.51728,False,1,0.0,0.1927,0.8701000000000001,74.8,0.0,0.0,0.0,1.8348890800310316,0.3335862728772743,2.0534265482116387,1.0942989104208127,0.3408747147371477,0.35096647720463786,0.3945105947741233,0.7890279258192939,0.05
1076,0.47647000000000006,False,1,0.0,0.1998,0.8099000000000001,75.2,0.0,0.0,0.0,1.8267085272689385,0.3082316317823321,2.2434863098623685,1.0981626687331,0.36701167547872215,0.37618085809221463,0.5110521573089775,0.781152923516221,0.05
1077,0.54732,False,1,0.0,0.2632,0.8768,72.7,0.0,0.0,0.0,2.010921917212802,0.4608273505308536,2.0357839369803936,0.9157712348935092,0.4336151474608859,0.37583485194271427,0.37268589408851716,0.6611223854187723,0.05
1078,0.5209699999999999,False,1,0.0,0.2015,0.9436,100.0,0.0,0.0,0.0,1.8534636521302104,0.4362314852598191,1.7683721284244207,0.763020231196842,0.3086356363528502,0.3525992155218993,0.19773879509108766,0.593216385273263,0.05
1079,0.5837699999999999,False,1,0.0,0.1459,1.0,80.0,0.0,0.0,0.0,1.6508409638472297,0.10434898788511637,1.5441,0.040947405290201244,0.14983428731497686,0.10940266892148132,6.168101590440086e-197,0.0,0.05
1080,0.50278,False,1,0.0,0.154,0.9334,98.4,0.0,0.0,0.0,1.7581563354146337,0.30076691000520067,1.754678652102161,0.6754184730441176,0.24797868007092347,0.31237577559808527,0.18629604865267457,0.5340357294200354,0.05
1081,0.51791,False,1,0.0,0.1417,0.9339999999999999,89.2,0.0,0.0,0.0,1.7725989029523135,0.3125198823872857,1.7443850090976976,0.47406671685716967,0.23834595809251807,0.30725256479918106,0.11296622453254587,0.24469886099247912,0.05
1082,0.5681900000000001,False,1,0.0,0.205,0.9387000000000001,75.2,0.0,0.0,0.0,1.7950658040678402,0.33149098525501686,1.7803762269347252,0.7101204728347654,0.29092622409520574,0.3181148824136042,0.20987098401721266,0.629612952051638,0.05
1083,0.6444999999999999,False,1,0.0,0.217,1.0,60.3,0.0,0.0,0.0,1.7219106234413843,0.09419926732139612,1.5152000784979927,0.030808656467217175,0.22783901584070515,0.0969903113421234,9.74727076127234e-211,0.0,0.05
1084,0.5190199999999999,False,1,0.0,0.16160000000000002,0.8722000000000001,70.0,0.0,0.0,0.0,1.8326392513088066,0.3634253619273487,1.9075844468460865,0.8357716326999316,0.3009697421560646,0.3488936639423887,0.20390000000003722,0.4195532028242,0.05
1085,0.5469700000000001,False,1,0.0,0.19619999999999999,0.9323,82.25,0.0,0.0,0.0,1.7599212130061705,0.18879593713819232,1.7536395225232835,0.6750070763894406,0.264219004364762,0.2431434638907518,0.17168314745107677,0.5150494423532304,0.05
1086,0.5456999999999999,False,1,0.0,0.19999999999999998,0.866,60.25,0.0,0.0,0.0,1.8780593892202728,0.3470336955311102,2.129881114558411,1.2444742437255567,0.3411254554641582,0.33901700011402075,0.3467017635152755,0.6936392727119264,0.05
1087,0.53448,False,1,0.0,0.2685,0.8199,60.0,0.0,0.0,0.0,2.007406938436439,0.40616887811515057,2.125215660790835,0.9792177097198296,0.48343810362783596,0.4007635909254753,0.4438408189197333,0.7277181358037477,0.05
1088,0.5801299999999999,False,1,0.0,0.1351,1.0,80.2,0.0,0.0,0.0,1.6715705413090063,0.09788189585408037,1.5395,0.04049506142729012,0.1629794027767964,0.10148476345989613,1.0301246478061829e-217,0.0,0.05
1089,0.5851899999999999,False,1,0.0,0.2291,0.9378,70.0,0.0,0.0,0.0,1.8466516069309773,0.27860270647020663,1.7964878143465857,0.8116317003651844,0.3168592917841765,0.2595018026352801,0.18731003656880607,0.534517129801381,0.05
1090,0.45453999999999994,False,1,0.0,0.25189999999999996,0.7301,66.05,0.0,0.0,0.0,2.1679406644764057,0.5730763636077809,2.2733940925293084,1.0342397867570776,0.5961826711144851,0.47409063530487844,0.6085954818138047,0.8580102025775139,0.05
1091,0.60929,False,1,0.0,0.1643,1.0,70.0,0.0,0.0,0.0,1.728833499768783,0.17380262459726092,1.5348,0.05287305551980137,0.20062961646017863,0.14563111829886555,5.3028840629653754e-207,0.0,0.05
1092,0.5506899999999999,False,1,0.0,0.10229999999999999,1.0,90.0,0.0,0.0,0.0,1.6407960298566242,0.09377622673779754,1.5338,0.06746376805367456,0.11611109620476082,0.09089960824772259,6.0834929393470055e-211,0.0,0.05
1093,0.54648,False,1,0.0,0.10259999999999998,1.0,92.15,0.0,0.0,0.0,1.6527094471399006,0.13245524848629112,1.515066715494792,0.01894314375530057,0.12006152419935501,0.09291670407039264,0.0032000000000003298,0.00960000000000099,0.05
1094,0.5414399999999998,False,1,0.0,0.1623,0.9324999999999999,80.0,0.0,0.0,0.0,1.7219745761630196,0.2442150084137663,1.8395471492426012,0.8829463184653896,0.2341794486685135,0.2649249289513719,0.18608092783212066,0.513512482072343,0.05
1095,0.49537999999999993,False,1,0.0,0.1711,0.8634999999999999,80.2,0.0,0.0,0.0,1.8460884677521676,0.3294188020842222,2.038433666504505,1.0012083649513512,0.33540254631079564,0.3425890624422391,0.32922278783584635,0.6587033448070617,0.05
1096,0.5037999999999999,False,1,0.0,0.191,0.8379999999999999,70.05,0.0,0.0,0.0,1.8426559317054383,0.2672980224281933,2.055683102695214,0.84879420434004,0.34857035013201204,0.31101901918536573,0.3869866962579375,0.6959915392700623,0.05
1097,0.52392,False,1,0.0,0.2109,0.8695,74.0,0.0,0.0,0.0,1.8550141356780927,0.2783712740027836,2.111880935721525,1.0014462657774013,0.3529815490869511,0.3196176982742585,0.47461426840952337,0.8633828070349483,0.05
1098,0.5873299999999999,False,1,0.0,0.2771,0.8059999999999998,30.0,0.0,0.0,0.0,1.9455157007583146,0.3151709183811651,2.2060450972051724,1.0345177964586567,0.4584498316564982,0.3580684577116373,0.4808936512635514,0.734729083934367,0.05
1099,0.47941,False,1,0.0,0.18870000000000003,0.804,70.0,0.0,0.0,0.0,1.881862168624399,0.38466292100634003,2.182225741819742,1.1032142937391747,0.40826852218982157,0.43610591875324617,0.43905307321373616,0.7064808907374166,0.05
1100,0.56484,False,1,0.0,0.2113,0.8695,53.6,0.0,0.0,0.0,1.8637248968211377,0.3638676352702666,1.8753921037893122,0.6982023780007893,0.3439962445954344,0.34365645160321023,0.24270000046246426,0.5197511051284334,0.05
1101,0.53757,False,1,0.0,0.2525,0.8186,55.6,0.0,0.0,0.0,1.9728088439616254,0.4431067796410968,2.2594972327508174,1.1307709322749566,0.4517214898613974,0.42403746950905,0.5305495685857275,0.8122054943030123,0.05
1102,0.52717,False,1,0.0,0.1778,0.8769,70.0,0.0,0.0,0.0,1.8237103259983285,0.3790108655158703,2.038463166519511,1.0060400090560686,0.2988347274252375,0.3478173573802492,0.40461536378513224,0.8094805043493465,0.05
1103,0.53494,False,1,0.0,0.1821,0.9433,90.0,0.0,0.0,0.0,1.7835505422386078,0.34064659176077355,1.7703319069291386,0.7192990245395614,0.25949855133225125,0.3002703273132169,0.16941026168215814,0.4983110626586818,0.05
1104,0.5495299999999999,False,1,0.0,0.21739999999999998,0.8793,65.6,0.0,0.0,0.0,1.8982804754664673,0.3377141500924875,2.0392426760080937,1.0681190306364738,0.37427856572925433,0.35649852182595976,0.3969093426747604,0.7938208658638827,0.05
1105,0.54975,False,1,0.0,0.25470000000000004,0.8922000000000001,75.6,0.0,0.0,0.0,1.9301538218786185,0.38464223064726805,1.977131759665306,1.0737353504134581,0.384092254729973,0.3538609239548666,0.28459787564084876,0.6331501131048398,0.05
1106,0.54942,False,1,0.0,0.1814,0.866,55.6,0.0,0.0,0.0,1.8876601708237288,0.4352798135593698,1.9227642608640587,0.8501313357639836,0.35403976103478424,0.41127054583970685,0.26441288495816423,0.562693620630071,0.05
1107,0.58392,False,1,0.0,0.20719999999999997,0.9458,70.15,0.0,0.0,0.0,1.7953250321583518,0.2844320444018141,1.7667427430738427,0.7899383322591994,0.27800265270288715,0.26048783253241503,0.22464274307384285,0.6739282292215286,0.05
1108,0.55043,False,1,0.0,0.2057,0.8775999999999999,62.8,0.0,0.0,0.0,1.9080379248044395,0.37545760111693627,1.89393603994712,0.7430990310498328,0.3825101533026561,0.3868115388473853,0.25850062102616406,0.5522362797402416,0.05
1109,0.52318,False,1,0.0,0.1584,0.9328,88.65,0.0,0.0,0.0,1.7513345734975292,0.32538453628683467,1.862261865394777,1.0433729548269606,0.24025561821084024,0.3007260557978734,0.18355330494146208,0.5453474452459389,0.05
1110,0.5158299999999999,False,1,0.0,0.1978,0.8807,80.0,0.0,0.0,0.0,1.8989465269174755,0.5009662818592272,2.060477508365648,1.0752389638247226,0.351840109434941,0.40990160987615426,0.42737750836176075,0.8550671410641046,0.05
1111,0.5669299999999999,False,1,0.0,0.20270000000000002,0.9516,80.0,0.0,0.0,0.0,1.7889709249581518,0.3309673178242605,1.6357111151582313,0.33952133525242956,0.2630194889382017,0.28820036990150055,0.07980000002632982,0.23940000007898946,0.05
1112,0.5941299999999999,False,1,0.0,0.23479999999999998,0.9367000000000001,66.0,0.0,0.0,0.0,1.8532945318236655,0.26666612106684495,1.730340745207318,0.6567304858517521,0.3209787487153047,0.23652430439345679,0.160989301136013,0.4678356335486243,0.05
1113,0.47671,False,1,0.0,0.1266,0.8679,84.4,0.0,0.0,0.0,1.7499315317628663,0.2674974325866511,1.9029023804515326,0.8317480530748739,0.2545628576488187,0.3215892661728625,0.23815731737154736,0.5076730166490213,0.05
1114,0.5717499999999998,False,1,0.0,0.193,0.9294999999999998,68.4,0.0,0.0,0.0,1.807639989971202,0.3043139227779475,1.8882263328932851,0.7477002346893175,0.29599728619847643,0.28871006403780997,0.28017076377436073,0.5510733359046568,0.05
1115,0.52086,False,1,0.0,0.1975,0.8023,50.0,0.0,0.0,0.0,1.872685448435411,0.329800049166857,2.2466764422378493,1.1165764903361226,0.3981834521445217,0.39000225723308246,0.5180139320094159,0.7914826790408411,0.05
1116,0.5679099999999999,False,1,0.0,0.1597,1.0,90.0,0.0,0.0,0.0,1.7093378357600941,0.12967574911772664,1.5352111111111117,0.05496848592097703,0.17635618256006266,0.11574947079254698,0.013200000000000472,0.03960000000000142,0.05
1117,0.4713699999999999,False,1,0.0,0.2266,0.7396999999999999,57.2,0.0,0.0,0.0,2.1744364834885297,0.6406660960498447,2.519157111848455,1.2421023658309662,0.5708587186247815,0.5222485107997249,0.7957987283987922,0.9781306138189163,0.05
1118,0.52027,False,1,0.0,0.15209999999999996,0.9352,90.0,0.0,0.0,0.0,1.8099513612858515,0.3751233429198174,1.8086440686769998,0.8541036448946118,0.2692224332096741,0.348760282018965,0.24584406867699976,0.7375322060309993,0.05
1119,0.56624,False,1,0.0,0.2584,0.8695999999999999,60.0,0.0,0.0,0.0,1.9398859985894987,0.33186325570448627,2.037011749734454,0.9815472711732702,0.39957968949499467,0.3150141376962136,0.35407411063742467,0.7084000264552238,0.05
1120,0.50478,False,1,0.0,0.2433,0.8637,86.4,0.0,0.0,0.0,1.9158989869531813,0.3154079941936861,2.2468520789942645,1.5322367858503223,0.4065286381623183,0.3390340931800722,0.3772515496144696,0.7562154310232937,0.05
1121,0.50698,False,1,0.0,0.1537,0.9440999999999999,100.0,0.0,0.0,0.0,1.7939687771685686,0.4972852670269975,2.0216490590221525,1.5010644317504014,0.24591813474850496,0.37920840604328143,0.19999999692848447,0.5999999907854534,0.05
1122,0.55345,False,1,0.0,0.21599999999999997,0.8695,60.0,0.0,0.0,0.0,1.919680944619443,0.5641115605534383,2.0038989095743096,0.9549795587444336,0.3721569565860802,0.41691548256303546,0.36579174517879276,0.7386350413943941,0.05
1123,0.53121,False,1,0.0,0.18530000000000002,0.9366,90.0,0.0,0.0,0.0,1.7759155559501398,0.2580601330941814,1.7356848664884148,0.6888764286117728,0.2562249930558354,0.2596544651932327,0.1640611925236089,0.4921835775708268,0.05
1124,0.5603899999999999,False,1,0.0,0.21600000000000003,0.9367000000000001,80.05,0.0,0.0,0.0,1.8047523679881525,0.24637954844823678,1.7723128011141178,0.7349830185423839,0.27387296460143484,0.2423527872801934,0.19465724555856181,0.5839717366756854,0.05
1125,0.5325999999999997,False,1,0.0,0.19949999999999998,0.9324999999999999,90.0,0.0,0.0,0.0,1.818622925409621,0.2805824508569765,1.846428971823687,0.8637454720459564,0.30135840588121726,0.2862042576674546,0.16235536342313878,0.4870660902694164,0.05
1126,0.45728999999999986,False,1,0.0,0.18989999999999999,0.8016,80.4,0.0,0.0,0.0,1.9047241397249486,0.4363438021492739,2.305812141948225,1.2167391731973034,0.4057835606503626,0.43298368475205146,0.5199746335695059,0.8000530417614459,0.05
1127,0.56032,False,1,0.0,0.188,0.9306000000000001,73.75,0.0,0.0,0.0,1.788056688903581,0.2873191434125187,1.7965196024215584,0.8742729940695687,0.2569997700461161,0.2571443785472886,0.19948626908822506,0.5984588072646753,0.05
1128,0.50162,False,1,0.0,0.16839999999999997,0.873,80.0,0.0,0.0,0.0,1.9104347416079452,0.5644647749877478,1.8789320855727314,0.8007673728512767,0.35217329794964813,0.4553481253322517,0.2996316382861169,0.6736088083615354,0.05
1129,0.57456,False,1,0.0,0.20099999999999998,0.9328,69.35,0.0,0.0,0.0,1.827637981354514,0.27937413682267104,1.909202289727211,0.9800194319904819,0.2978257655614698,0.29831277494593816,0.21194466645393542,0.5333265968310437,0.05
1130,0.55597,False,1,0.0,0.2,0.9371,80.0,0.0,0.0,0.0,1.8079157596219335,0.22608406559800084,1.6838555580784178,0.3312596305636843,0.30055474273057636,0.25940547539529174,0.08010000000022108,0.23963407520700686,0.05
1131,0.5397299999999998,False,1,0.0,0.15729999999999997,0.9321999999999999,80.0,0.0,0.0,0.0,1.7536163173634118,0.2366166245573928,1.7615764580936168,0.7190172512685418,0.24667626146924054,0.2677158934390876,0.17635256210500097,0.5290576863150028,0.05
1132,0.5783399999999999,False,1,0.0,0.28659999999999997,0.8747999999999999,60.0,0.0,0.0,0.0,1.917787938967089,0.282509959262218,1.9526168759603189,0.8463073845993542,0.41669570382398324,0.29088816945140683,0.33419303415787316,0.6684344132809574,0.05
1133,0.5603999999999999,False,1,0.0,0.1376,0.9416,70.0,0.0,0.0,0.0,1.7227555057397779,0.30219635403293027,1.7451524555436826,0.6867934224633568,0.216420092448902,0.2996381864675789,0.18108870080508005,0.5432661024152402,0.05
1134,0.52934,False,1,0.0,0.1743,0.9395,90.3,0.0,0.0,0.0,1.7925201100037707,0.24815769063800702,1.8595770294976248,0.837116305243289,0.25078609743855695,0.25128072479143726,0.2076543869062883,0.5750150365988375,0.05
1135,0.5954499999999999,False,1,0.0,0.20339999999999997,0.9349000000000001,60.0,0.0,0.0,0.0,1.8476357616700547,0.2759182631410121,1.7912129343577745,0.7721854181170928,0.3049664335047743,0.2563943409684872,0.18690182324666318,0.5294796254181842,0.05
1136,0.5064699999999999,False,1,0.0,0.19319999999999998,0.8693,80.0,0.0,0.0,0.0,1.9050426585642568,0.47275517318732846,2.130529528478996,1.2067256455213897,0.3740669837805868,0.42876209591322184,0.41322428556148305,0.8266742832493813,0.05
1137,0.5320299999999998,False,1,0.0,0.20600000000000002,0.8738999999999999,70.75,0.0,0.0,0.0,1.8962773529693067,0.4442797974422468,2.0275608962097103,1.0116341672163656,0.3540992629805326,0.37507494859028073,0.378455166025791,0.757572495841382,0.05
1138,0.5576499999999999,False,1,0.0,0.1537,0.9391999999999999,72.95,0.0,0.0,0.0,1.789464612319166,0.3665950012836166,1.8093160030859523,0.7198440754907184,0.24783445974180948,0.34451268362973003,0.2025382198736836,0.5947283358275919,0.05
1139,0.54121,False,1,0.0,0.1729,0.9562000000000002,90.0,0.0,0.0,0.0,1.7496511204548664,0.3142854886361104,1.64393888888889,0.3363418642698157,0.22598683842702844,0.23650608210687454,0.08080000000000079,0.23908525676001155,0.05
1140,0.50717,False,1,0.0,0.2166,0.8077,61.6,0.0,0.0,0.0,1.883609502682883,0.3529871482915052,2.2957352096832073,1.200099928225427,0.39650974276795087,0.3709434776854856,0.5760575320352339,0.890218807300436,0.05
1141,0.5149299999999999,False,1,0.0,0.155,0.9349000000000001,93.0,0.0,0.0,0.0,1.7470486006826427,0.2627528399136703,1.8025364201057108,0.9039485428779038,0.22947646655877224,0.2475334429802899,0.20193642010571064,0.605809260317132,0.05
1142,0.56156,False,1,0.0,0.16899999999999998,0.9368000000000001,72.45,0.0,0.0,0.0,1.7754309346196446,0.34102333691265074,1.88213901996733,1.0125804710290898,0.2390762401702437,0.2974975102500127,0.16563755823699483,0.4969126747109845,0.05
1143,0.5442799999999999,False,1,0.0,0.1476,1.0,100.0,0.0,0.0,0.0,1.6717509263821104,0.12397484263998122,1.5268233506944449,0.02042109078773821,0.1651503943723208,0.1144458015437107,0.0022000000000003154,0.006600000000000947,0.05
1144,0.58839,False,1,0.0,0.16130000000000003,1.0,80.0,0.0,0.0,0.0,1.6591458276153073,0.09260812494249114,1.5707333333333344,0.18165674590648898,0.1658123023199188,0.0914944691015184,0.042500000000000884,0.12750000000000264,0.05
1145,0.57653,False,1,0.0,0.20420000000000002,0.9361,70.0,0.0,0.0,0.0,1.8026519595960409,0.30735684226893,1.6270416718532779,0.276149373698334,0.2870133608095998,0.30816659510579125,0.08080000038745253,0.23941503828401464,0.05
1146,0.52908,False,1,0.0,0.22920000000000001,0.8816,78.4,0.0,0.0,0.0,1.8566069800700622,0.35484209297582053,2.086547219481187,0.9910467490508131,0.34285140121009405,0.32346900481917634,0.373376651797174,0.6399323359981236,0.05
1147,0.58153,False,1,0.0,0.1391,1.0,80.1,0.0,0.0,0.0,1.6825178485467507,0.10691662495168765,1.5233,0.03190626897648798,0.15974629448208763,0.09365831931752235,1.2306054417482018e-212,0.0,0.05
1148,0.55451,False,1,0.0,0.2298,0.8651,60.0,0.0,0.0,0.0,1.8571071710604135,0.2806191083860512,1.9750206778657642,0.9499405563039777,0.3744551349028198,0.30979821868001,0.2735532595133305,0.5370116657313977,0.05
1149,0.62827,False,1,0.0,0.22790000000000005,1.0,70.05,0.0,0.0,0.0,1.8054995298191479,0.18366249115055103,1.574517516491436,0.061358898602469715,0.2703970843326729,0.15496593311584464,0.01860000000000083,0.04002049474956713,0.05
1150,0.41140000000000004,False,1,0.0,0.251,0.681,70.3,0.0,0.0,0.0,2.2291268674561366,0.5448249623077384,2.9491639145655917,1.8415378028196345,0.6632916595889206,0.4969157762472392,0.7642217278832075,0.8725309204596007,0.05
1151,0.5222699999999999,False,1,0.0,0.26430000000000003,0.8614,80.0,0.0,0.0,0.0,1.9144414096708733,0.35641863500269877,1.9694955131839673,0.8886651738706153,0.4050188406195939,0.32326197253897454,0.33904142613580285,0.6782905901473624,0.05
1152,0.5920300000000001,False,1,0.0,0.24009999999999998,1.0,90.0,0.0,0.0,0.0,1.758085015276928,0.12275484034674519,1.526906807867686,0.037278488802246906,0.2511349337382655,0.11112636446672661,9.871032815995412e-179,0.0,0.05
1153,0.51789,False,1,0.0,0.2056,0.8803000000000001,80.0,0.0,0.0,0.0,1.815052723652735,0.26426944978754574,1.8239333333333352,0.44482193468875697,0.3271292219641,0.2959712396167435,0.1977000000000014,0.3207416561658323,0.05
1154,0.45809999999999995,False,1,0.0,0.182,0.805,80.0,0.0,0.0,0.0,1.9220850104176619,0.44351182211823553,2.5861647550409295,1.5426001557528914,0.39703659363012045,0.42303984122578925,0.5972326719500274,0.829872795485329,0.05
1155,0.47730999999999996,False,1,0.0,0.26149999999999995,0.7417999999999999,60.2,0.0,0.0,0.0,2.023208521845409,0.339085230760938,2.45201364079169,1.2102864517575174,0.5328559460284082,0.3728871882808992,0.7347528423186215,0.9783016113704847,0.05
1156,0.5193099999999999,False,1,0.0,0.2404,0.8696999999999999,80.8,0.0,0.0,0.0,1.9175572533480452,0.3532654985910964,1.8679616977226694,0.7418023043405448,0.3779446220588215,0.30795401890684954,0.2396000038607316,0.5115003869215768,0.05
1157,0.5702400000000001,False,1,0.0,0.1893,0.9335000000000001,70.0,0.0,0.0,0.0,1.789660587756363,0.2865618344662918,1.8182797581575465,0.7172729970028201,0.28683606658680794,0.3065787422196179,0.22700198037976843,0.5679405060959122,0.05
1158,0.5675300000000001,False,1,0.0,0.2575,0.8774000000000001,61.95,0.0,0.0,0.0,1.9286835598011591,0.40028077918946803,1.8763372812834191,0.7302481222971365,0.3961841119685454,0.34546622807477384,0.2655053396495717,0.5812404222922456,0.05
1159,0.52611,False,1,0.0,0.1779,0.9332,90.25,0.0,0.0,0.0,1.7750231287455898,0.25253574422828284,1.8379213870279034,0.8695399351471145,0.25939024800320726,0.2552065900549764,0.16663771509609093,0.4999131452882728,0.05
1160,0.54521,False,1,0.0,0.24339999999999998,0.9317,90.0,0.0,0.0,0.0,1.8215796263085835,0.23775518944820154,1.7692352849319968,0.719640392146274,0.3164976239749136,0.25752277070724283,0.18668409596882554,0.5600522879064765,0.05
1161,0.51339,False,1,0.0,0.1336,0.9333,90.0,0.0,0.0,0.0,1.7281659031248058,0.28906868689466103,1.7926376794427532,0.8041996629166723,0.21658680835167,0.29069091629208793,0.2140043461094201,0.6420130383282603,0.05
1162,0.6174,False,1,0.0,0.2564,0.8664,33.0,0.0,0.0,0.0,1.8677869542029863,0.23481203345010065,2.125803053741497,1.2259975880571297,0.377155887367585,0.28653722880729865,0.3849894774906458,0.7714089926440767,0.05
1163,0.51773,False,1,0.0,0.21960000000000002,0.8745,80.15,0.0,0.0,0.0,1.9555024985780203,0.4639693829061125,2.158359256302005,1.2525412905417375,0.3860842020888109,0.3915779842617502,0.2798406171541081,0.5993081039992451,0.05
1164,0.48195,False,1,0.0,0.18059999999999998,0.8111,70.0,0.0,0.0,0.0,1.870271140130263,0.34850336868873527,2.107995809527682,0.9564711198337643,0.38064476430267546,0.40040487102046907,0.43514289612476187,0.7126859488216506,0.05
1165,0.53037,False,1,0.0,0.16920000000000002,0.8853,70.05,0.0,0.0,0.0,1.8340110765276942,0.34083514177191726,2.0643605917709382,1.062402848633777,0.3044461012457057,0.3486281863185103,0.31715392311341456,0.6343419005989347,0.05
1166,0.5237799999999999,False,1,0.0,0.1847,0.8701000000000001,70.35,0.0,0.0,0.0,1.8525072092718236,0.39097952929480057,1.8809250251864995,0.7745756295021826,0.3165367228958759,0.33814468424984545,0.27862502518599236,0.6177383360229747,0.05
1167,0.52224,False,1,0.0,0.2411,0.8713000000000001,80.0,0.0,0.0,0.0,1.8923337558778162,0.34183009972844663,1.906175694972962,0.7635423203765824,0.38908093247954273,0.34236927056176564,0.2559584072594105,0.5274661203468283,0.05
1168,0.53631,False,1,0.0,0.2186,0.8679,68.4,0.0,0.0,0.0,1.8723289954457247,0.29910887861050156,2.0092380808248573,0.9378786129997513,0.37046497904942777,0.3506741679200406,0.38372778364718535,0.7714376059193259,0.05
1169,0.57811,False,1,0.0,0.2427,0.883,56.4,0.0,0.0,0.0,1.87862655417072,0.33550945515177444,2.0701203324336044,1.0809753545234628,0.3538509293620579,0.3138554206011581,0.3495484228494249,0.6991916265996381,0.05
1170,0.47138,False,1,0.0,0.16519999999999999,0.8026,70.0,0.0,0.0,0.0,1.9376300012089516,0.48978949844730835,2.124056812216188,0.8963344248323452,0.39885072928525966,0.45419349389053115,0.41078364689424396,0.6653409391241734,0.05
1171,0.5221,False,1,0.0,0.1783,0.8683,69.6,0.0,0.0,0.0,1.8263457647514882,0.32202214232001375,2.071556302285628,1.1078773549829026,0.3181812591326165,0.3471808182192485,0.3426003867026907,0.6852863220450209,0.05
1172,0.56879,False,1,0.0,0.225,0.9367000000000001,77.2,0.0,0.0,0.0,1.797988413972881,0.25236128079018244,1.848541591623846,0.9235353946775066,0.2920503736208983,0.2588542288192036,0.2075106212869978,0.6225318638609935,0.05
1173,0.5629,False,1,0.0,0.19770000000000001,0.8897,59.6,0.0,0.0,0.0,1.8539995308744142,0.3457942325548534,1.7372677427948826,0.4560922656699949,0.3201062476142099,0.33217883184217123,0.16150000000557546,0.31854458087855936,0.05
1174,0.4912899999999999,False,1,0.0,0.1912,0.8599,84.0,0.0,0.0,0.0,1.8881589981747091,0.45986245234772855,2.1610293368543574,0.9698220055234232,0.344330536769783,0.3767255450754485,0.4229965414532417,0.6886481401522372,0.05
1175,0.594,False,1,0.0,0.181,1.0,80.15,0.0,0.0,0.0,1.718008231581522,0.1505793171532747,1.5413000000006623,0.0608572920869465,0.19676655567273046,0.1126908978802913,5.103203751266894e-204,0.0,0.05
1176,0.55989,False,1,0.0,0.1576,0.9323,70.0,0.0,0.0,0.0,1.7259006906488044,0.24371483296251806,1.8201610010425413,0.8730002684676068,0.22286056688908623,0.26911830885735905,0.20723872318079203,0.6217161695423761,0.05
1177,0.5700799999999999,False,1,0.0,0.1857,0.9350999999999999,70.1,0.0,0.0,0.0,1.8293341941307015,0.32426249115163497,1.7938578813102601,0.7763428817327493,0.2799312246874724,0.2670519740735135,0.21559552895674988,0.635534100569125,0.05
1178,0.5172399999999998,False,1,0.0,0.1581,0.8722999999999999,70.4,0.0,0.0,0.0,1.8116988282110729,0.34456327495247197,1.8960232833328696,0.8443146919559553,0.3023691177891349,0.35711486196195985,0.2859010853833567,0.6377435488889585,0.05
1179,0.4797999999999999,False,1,0.0,0.17010000000000003,0.8170999999999999,71.6,0.0,0.0,0.0,1.8773412560318583,0.38282910430888234,1.9772181958792836,0.6771964351156996,0.36806915259780093,0.391490822240217,0.3494036245808003,0.5423407937789589,0.05
1180,0.5122800000000001,False,1,0.0,0.11520000000000001,0.9396000000000001,90.0,0.0,0.0,0.0,1.7315866813766678,0.3422381571733782,1.8722341339205535,0.8197379260150334,0.19495686240981241,0.29033720574772914,0.13700000000000095,0.28893078755992874,0.05
1181,0.5409899999999999,False,1,0.0,0.20299999999999999,0.8686999999999999,64.0,0.0,0.0,0.0,1.8507840702061003,0.31686481341827144,2.0099629248173905,0.9619896699759943,0.3353087301410006,0.3290488111698999,0.3701519111423174,0.7421198373175363,0.05
1182,0.5666599999999999,False,1,0.0,0.24600000000000005,0.9338000000000001,80.4,0.0,0.0,0.0,1.8905929592616082,0.33244883661562535,1.8621214062849494,0.9542627773142861,0.3542246162453344,0.31526610742829286,0.2320795692913138,0.6962387078739415,0.05
1183,0.4702299999999999,False,1,0.0,0.1497,0.8635999999999999,89.6,0.0,0.0,0.0,1.8252470481600436,0.3479961570213874,2.0101095331191963,0.9922789041460265,0.32875189206830513,0.39730039541359985,0.4406854710333251,0.8819916805517317,0.05
1184,0.5429399999999999,False,1,0.0,0.16379999999999997,0.9339999999999999,80.0,0.0,0.0,0.0,1.7210202767777318,0.22204839056104378,1.7833869103304294,0.6935803389264443,0.22168193303927214,0.24374867397845346,0.21575357699709602,0.5399502093002878,0.05
1185,0.4685599999999999,False,1,0.0,0.2742,0.741,66.2,0.0,0.0,0.0,2.186798247837266,0.5601569708088945,2.520317110865604,1.358102504777806,0.5965031034499794,0.4389537432567568,0.625322610170661,0.8228892234633337,0.05
1186,0.53261,False,1,0.0,0.18009999999999998,0.8844,70.25,0.0,0.0,0.0,1.867826238087109,0.42577395660230566,1.904418947867327,0.8006367811029016,0.32407450241237656,0.3705445972967422,0.17590000000000033,0.35363722937496334,0.05
1187,0.5361799999999999,False,1,0.0,0.19580000000000003,0.9391999999999999,90.0,0.0,0.0,0.0,1.7606775021899899,0.18590572422604104,1.6346555572301973,0.3417839815850653,0.25214612274568143,0.20732896706719942,0.07990000000000032,0.23970000000000094,0.05
1188,0.5754999999999999,False,1,0.0,0.185,1.0,90.0,0.0,0.0,0.0,1.7206744744484364,0.11849339789459232,1.543455555629731,0.04042690253547867,0.20570650181304453,0.11339307251093605,0.005200000000000358,0.015600000000001073,0.05
1189,0.5232699999999999,False,1,0.0,0.18409999999999999,0.9372,94.0,0.0,0.0,0.0,1.7757307566124783,0.32760373765640033,1.7165260444122996,0.6127966259106824,0.263724443775794,0.3068334985925377,0.1694419632281567,0.5056648482066521,0.05
1190,0.5186999999999999,False,1,0.0,0.2102,0.9332,98.8,0.0,0.0,0.0,1.7644078620051347,0.20839573921719012,1.7634568014077345,0.7122526304100232,0.2716524201762169,0.23841632762770362,0.18558232224106092,0.5567469667231827,0.05
1191,0.5363800000000001,False,1,0.0,0.1578,0.9352,82.8,0.0,0.0,0.0,1.7177317624711286,0.22908146390082595,1.7661575657665545,0.7517809619741849,0.2143285910483459,0.23381911126620014,0.16590098228388325,0.4977029468516498,0.05
1192,0.56193,False,1,0.0,0.21010000000000004,1.0,100.55,0.0,0.0,0.0,1.760203720982394,0.1463366156668842,1.5422000000027325,0.06773595795616513,0.23385193040649188,0.10721869661804972,0.006200000000000458,0.018600000000001372,0.05
1193,0.5138599999999999,False,1,0.0,0.21339999999999998,0.8712,80.0,0.0,0.0,0.0,1.839009813509073,0.25993499431153066,1.8861886723014982,0.7517514128872407,0.34981225658464243,0.3240486911058686,0.260004563533137,0.5662281033263543,0.05
1194,0.49431999999999987,False,1,0.0,0.1499,0.8705,80.0,0.0,0.0,0.0,1.8097289676344068,0.33877178555146614,1.9397875037509682,0.6713586429760081,0.29399311923591626,0.3478261597006163,0.29980074142955543,0.48272808135602674,0.05
1195,0.5758099999999999,False,1,0.0,0.21200000000000002,0.9393,72.65,0.0,0.0,0.0,1.8145277398675925,0.2486178928007158,1.6606418205673719,0.33333706803595486,0.28471959449443196,0.24786898050786446,0.09000239958646393,0.23717039837689274,0.05
1196,0.52145,False,1,0.0,0.27569999999999995,0.8722,85.9,0.0,0.0,0.0,1.9737141809032461,0.3315700846137948,2.1118015097248244,1.238043107549563,0.44771299470875386,0.3283557434192549,0.38046043969222454,0.7581793831814592,0.05
1197,0.4906599999999999,False,1,0.0,0.20029999999999998,0.8150999999999999,70.0,0.0,0.0,0.0,1.897999294926701,0.3667990310629741,2.3505628162946306,1.3886388800172698,0.4080329011560579,0.39812268218884944,0.4725285188667504,0.7867448502401961,0.05
1198,0.56239,False,1,0.0,0.265,0.8647,61.2,0.0,0.0,0.0,1.985106843625045,0.2986968644502726,2.1493708372244185,1.215098536252471,0.4364432114792038,0.30808854716992906,0.2868711668432324,0.5929072695108973,0.05
1199,0.5036499999999999,False,1,0.0,0.23929999999999998,0.8068,66.45,0.0,0.0,0.0,2.0280902767317004,0.3872105349780106,2.2929726545026723,1.3414218657428638,0.48102907157547364,0.3989170884515521,0.48602036174422886,0.8157015084994531,0.05
1200,0.59728,False,1,0.0,0.2616,0.9,55.6,0.0,0.0,0.0,1.9112056104883712,0.35638484217115285,1.7511769738570397,0.44798574229592064,0.39338568644545835,0.31588623343283,0.16992850795815023,0.3186103643168325,0.05
1201,0.5596,False,1,0.0,0.1769,0.9339000000000001,73.6,0.0,0.0,0.0,1.7629913673658901,0.2447774332707679,1.765535818237441,0.7102609355091636,0.24739965704506023,0.27796914732096156,0.20729841023838974,0.6218952307151693,0.05
1202,0.49126,False,1,0.0,0.1947,0.8755000000000001,90.0,0.0,0.0,0.0,1.9185851190183865,0.44023854336136475,2.0107928985017214,1.0106090446393863,0.35970155702381756,0.38144020170449633,0.3684500258433584,0.7462246430599301,0.05
1203,0.5607199999999999,False,1,0.0,0.19710000000000003,0.9347,76.35,0.0,0.0,0.0,1.7818098895974195,0.22374055062825607,1.7952343100104156,0.6517954853529722,0.2759256133213797,0.2508126944515322,0.1968128956876352,0.4837408695378388,0.05
1204,0.53979,False,1,0.0,0.20620000000000002,0.8759,67.6,0.0,0.0,0.0,1.925255682376326,0.47702945234977945,1.896317628459677,0.840934321332426,0.35186917340200946,0.37559626357057835,0.2745616383891563,0.6022791959992225,0.05
1205,0.5377699999999999,False,1,0.0,0.12589999999999996,1.0,100.0,0.0,0.0,0.0,1.6999136428275903,0.19434059576215498,1.5550000000000428,0.06797205308075979,0.15836747672579798,0.13678655517875954,7.182120787050351e-190,0.0,0.05
1206,0.5495699999999999,False,1,0.0,0.259,0.8741,70.0,0.0,0.0,0.0,1.9741717995369708,0.3618857285279581,2.168134700274467,0.9024462766841708,0.44180973807691215,0.3485878262640318,0.45053564866599627,0.7032474302896874,0.05
1207,0.6657099999999999,False,1,0.0,0.2876,0.8849,20.0,0.0,0.0,0.0,1.890700666720004,0.32552698917583345,1.9156584831189296,0.8831188707037257,0.407456677438425,0.30404378675779753,0.25165277587433527,0.5437692949697384,0.05
1208,0.56099,False,1,0.0,0.1815,0.9362,74.4,0.0,0.0,0.0,1.7602488450823301,0.21649853272706274,1.8073855863184058,0.8017794202234115,0.25082152551208914,0.25352489956397084,0.2035855862776812,0.6107567588330436,0.05
1209,0.5184099999999999,False,1,0.0,0.23499999999999996,0.8112999999999999,60.0,0.0,0.0,0.0,1.93852146832197,0.3593675467099058,2.1797043579848276,1.0783645301497826,0.4351232579691316,0.3763101369033418,0.4349615291928979,0.7106780918369016,0.05
1210,0.52818,False,1,0.0,0.2097,0.8661,70.5,0.0,0.0,0.0,1.9586643586246892,0.4735323002723066,2.0483963056710364,1.1124894886529264,0.3894761960740004,0.40062175212726614,0.3554667610889898,0.7123920398541367,0.05
1211,0.48751999999999984,False,1,0.0,0.16599999999999998,0.8625999999999999,83.05,0.0,0.0,0.0,1.9189066193909377,0.5620915665093317,2.1432297039778723,1.2130416845253593,0.34260813458336825,0.43980555165830637,0.3826171533907956,0.7657527663546907,0.05
1212,0.58585,False,1,0.0,0.2676,0.8431000000000001,42.3,0.0,0.0,0.0,1.9600755966549521,0.31186716143759596,2.355465543668126,1.5294598615867911,0.43733021104564845,0.3085278080422804,0.4390661689442116,0.7233876287771885,0.05
1213,0.48902,False,1,0.0,0.13269999999999998,0.8703000000000001,80.0,0.0,0.0,0.0,1.7944380584388437,0.32469908702698663,2.0119118744698072,0.9207890487790019,0.27782276224562075,0.3466469027887226,0.369285697194102,0.726838498458607,0.05
1214,0.57853,False,1,0.0,0.2589,0.9338000000000001,76.4,0.0,0.0,0.0,1.9057353533769699,0.2999908855997007,1.733445545728103,0.638562645616165,0.37339605281264815,0.2902471966296103,0.17081109351364565,0.5064617138930191,0.05
1215,0.5969800000000001,False,1,0.0,0.2002,0.9396000000000001,60.4,0.0,0.0,0.0,1.7814181602448111,0.20828342333216737,1.6399111111111118,0.3376313308263269,0.2718021302420897,0.218829935658602,0.07980000000000037,0.23940000000000108,0.05
1216,0.5530299999999999,False,1,0.0,0.11010000000000002,1.0,90.0,0.0,0.0,0.0,1.6263249595778533,0.07125435947640389,1.5435003937509357,0.0487882941417098,0.11744036222172424,0.07385032420536282,3.4793026677796997e-220,0.0,0.05
1217,0.5377,False,1,0.0,0.15239999999999998,0.9314,80.0,0.0,0.0,0.0,1.773311911948209,0.3088749920779524,1.7693561636628217,0.7071872455015186,0.2546123799424472,0.30139201761715,0.16680022263509925,0.5004006679052977,0.05
1218,0.51096,False,1,0.0,0.1983,0.8741,80.2,0.0,0.0,0.0,1.8480900774295872,0.3584625561944308,2.0740206414113933,1.0787689516202619,0.34595309901287974,0.36872045066512676,0.37482122444862853,0.7473791034527637,0.05
1219,0.5147199999999998,False,1,0.0,0.23690000000000003,0.8074999999999999,60.8,0.0,0.0,0.0,1.9186344193559595,0.3503130821211532,2.1397547674604653,1.0074077456363997,0.43342147835698175,0.37595934733844427,0.4341455233018411,0.7155971971085815,0.05
1220,0.6282,False,1,0.0,0.24659999999999999,0.9346,50.0,0.0,0.0,0.0,1.8197433258883273,0.2279950373479113,1.8870988296059106,1.1103442576991203,0.3020071293971297,0.22322248644768497,0.17323209047056634,0.5196962714116989,0.05
1221,0.6294,False,1,0.0,0.22599999999999998,1.0,69.2,0.0,0.0,0.0,1.812353952548588,0.2641190538602573,1.5263000000017697,0.045984888825330285,0.2774332027626042,0.19401705644074008,2.170662721744965e-166,0.0,0.05
1222,0.5109999999999999,False,1,0.0,0.21389999999999998,0.8669,80.0,0.0,0.0,0.0,1.8641731735393208,0.3076700459363224,2.067473096757432,0.9747462230766493,0.36171155893813733,0.3409403445555522,0.41432545362310663,0.7899900644148637,0.05
1223,0.5486699999999999,False,1,0.0,0.19249999999999998,0.9016,70.1,0.0,0.0,0.0,1.8304526758125164,0.34682971109729227,1.742711111111112,0.4545797331900773,0.30890734756372895,0.2998467771630126,0.15980000000000052,0.31960000000000105,0.05
1224,0.5593599999999999,False,1,0.0,0.21349999999999997,0.8793,60.1,0.0,0.0,0.0,1.978286542176021,0.5391470415143639,1.978162848170491,0.9854419937349084,0.3954927048432409,0.43489846732871107,0.2906822829139755,0.5917520611289908,0.05
1225,0.4641799999999999,False,1,0.0,0.22350000000000003,0.7958999999999999,80.0,0.0,0.0,0.0,2.030087338585216,0.4775591878384691,2.3838423967018083,1.388943666896923,0.4710550634206627,0.40871095307013366,0.5405274698593254,0.8305405679357153,0.05
1226,0.5181899999999999,False,1,0.0,0.1517,0.9324,90.0,0.0,0.0,0.0,1.7502379879708865,0.3130067671540729,1.9044092474833927,1.109971163868257,0.23921904993187693,0.29826777616669387,0.16529980331474942,0.49589940994424825,0.05
1227,0.6359499999999999,False,1,0.0,0.18649999999999997,1.0,60.0,0.0,0.0,0.0,1.702730034102648,0.10329251411808901,1.5424008334348662,0.06535999834511187,0.18992683500835633,0.10650805677701308,3.682487193756365e-201,0.0,0.05
1228,0.5310799999999999,False,1,0.0,0.2116,0.868,70.0,0.0,0.0,0.0,1.8595343489940828,0.3268075285573819,1.880384231756397,0.7102101513709658,0.3409121788229943,0.3164198672874112,0.24932839082483538,0.5367104808391887,0.05
1229,0.48946999999999985,False,1,0.0,0.1412,0.8673,80.0,0.0,0.0,0.0,1.783319770662088,0.3125811904299158,1.7726733630181026,0.4421634475686045,0.2925618127959123,0.3544235259005507,0.15973448125686854,0.31946910403925705,0.05
1230,0.49771999999999983,False,1,0.0,0.24810000000000004,0.8046999999999999,70.0,0.0,0.0,0.0,1.9319005207206785,0.3027476416308507,2.127814218047971,1.0088676260640865,0.4463797053729979,0.3477372717006754,0.45262400780778494,0.7448041055326073,0.05
1231,0.45635999999999993,False,1,0.0,0.2587,0.7045,57.2,0.0,0.0,0.0,2.0838176538589197,0.48414472682378623,2.4105346778251646,0.9880610241925026,0.5686548601184501,0.45343198351779107,0.7068568829975618,0.7998313370953263,0.05
1232,0.55399,False,1,0.0,0.18359999999999999,0.9413,80.0,0.0,0.0,0.0,1.8267738611490842,0.42364598631771333,1.7953452614003715,0.743984161243855,0.26543139454680176,0.3174030640621532,0.18487941122599533,0.5424170847481771,0.05
1233,0.5149799999999999,False,1,0.0,0.244,0.8093999999999999,62.4,0.0,0.0,0.0,1.9287900991949414,0.31969596865357663,2.169959132286665,1.0876327165360609,0.4420964109024726,0.35517095436183865,0.29494381916835893,0.4608358375221158,0.05
1234,0.5224599999999998,False,1,0.0,0.20729999999999998,0.8700999999999999,74.4,0.0,0.0,0.0,1.8832846837956183,0.4205165634974606,2.0239560092081157,0.9658652785457235,0.3670757963898542,0.3755517016489964,0.38480799108061026,0.7582786262451767,0.05
1235,0.5447599999999999,False,1,0.0,0.1679,0.9417,82.4,0.0,0.0,0.0,1.74936507827133,0.2984301313366718,1.7707612378126723,0.7203881593084789,0.23104198018322034,0.2714692162013864,0.16485855076062533,0.4945756522818761,0.05
1236,0.53393,False,1,0.0,0.1131,1.0,100.0,0.0,0.0,0.0,1.6631040949960958,0.10562543019640704,1.5569777777819724,0.05629568761809816,0.1339851813065021,0.08459329590045567,0.01290000000000056,0.03870000000000168,0.05
1237,0.6334499999999998,False,1,0.0,0.29860000000000003,0.8871,38.55,0.0,0.0,0.0,1.9352662209338998,0.32249480520154433,2.110951985913446,1.2291596369360016,0.42691469911363206,0.3094090444845131,0.3618313027370449,0.723663364362444,0.05
1238,0.49923000000000006,False,1,0.0,0.24159999999999998,0.8085000000000001,69.6,0.0,0.0,0.0,1.9419451723376824,0.3119181304480651,1.945810808835316,0.6978437324083544,0.43726013672842257,0.33839313983720054,0.3190725591910867,0.5287236989671327,0.05
1239,0.6517,False,1,0.0,0.23899999999999996,1.0,60.0,0.0,0.0,0.0,1.8335391349274157,0.23120001198590043,1.5148,0.030886242892265173,0.27736026604431013,0.1698136523342344,5.959269543739786e-170,0.0,0.05
1240,0.4806499999999999,False,1,0.0,0.2687,0.7612,66.4,0.0,0.0,0.0,2.0101393963156724,0.39844416993895815,2.25836161746997,0.9435880304122918,0.5206459155581138,0.40474628012259173,0.5256766497647956,0.7283533551625008,0.05
1241,0.52166,False,1,0.0,0.20140000000000002,0.8672000000000001,72.9,0.0,0.0,0.0,1.8367777671679062,0.29903653785003026,2.1611908569222953,1.230758813137789,0.34056970740437276,0.3265562150974831,0.3561210073977811,0.7152843133735549,0.05
1242,0.6007699999999999,False,1,0.0,0.1359,1.0,70.0,0.0,0.0,0.0,1.654453296429002,0.07229033788153207,1.5270000000020558,0.03690528417833565,0.1426879257165084,0.0972064440088733,7.035841425973199e-217,0.0,0.05
1243,0.57811,False,1,0.0,0.29450000000000004,0.8808,63.4,0.0,0.0,0.0,1.9651534648093718,0.30175371617996843,1.9943497836781474,0.9546595773173767,0.43760298820403926,0.2979122108929697,0.32946815908444577,0.6443352196736684,0.05
1244,0.50722,False,1,0.0,0.17970000000000003,0.9333,100.0,0.0,0.0,0.0,1.7682639579657848,0.2521966236136447,1.7493346417473141,0.7007168439206568,0.2623555384921064,0.26849778745230046,0.18347012902796617,0.5504103870838984,0.05
1245,0.5651,False,1,0.0,0.19490000000000002,0.9239,70.05,0.0,0.0,0.0,1.810287674052298,0.20963774620191106,1.917386277316761,0.8460654262846938,0.2983100958023888,0.22916119579621336,0.2354311422387571,0.500311542266494,0.05
1246,0.52175,False,1,0.0,0.17200000000000001,0.9425000000000001,94.8,0.0,0.0,0.0,1.7560109852635484,0.3501783333541524,1.7309069848175742,0.6494450421524643,0.22307911958536053,0.2842568091383711,0.16522934190971245,0.49568802572913734,0.05
1247,0.5585699999999999,False,1,0.0,0.1999,0.9339999999999999,77.6,0.0,0.0,0.0,1.7735006861641458,0.22623491585278196,1.5924540968928378,0.25967941355834434,0.2768858194516665,0.25872662309469824,0.08015195108613993,0.2404558532584198,0.05
1248,0.53512,False,1,0.0,0.21350000000000002,0.8731,70.05,0.0,0.0,0.0,1.9111914721432164,0.30401982725413157,1.743825718978843,0.40268784535460367,0.38660972338429567,0.33432410487329295,0.1597212706604958,0.31944263422588387,0.05
1249,0.6079699999999999,False,1,0.0,0.21349999999999997,0.9496,60.4,0.0,0.0,0.0,1.770184685139165,0.24071626919446287,1.6463222222222225,0.33811129167118337,0.26547344864516564,0.2385028493946221,0.07960000000000016,0.2388000000000005,0.05
1250,0.57286,False,1,0.0,0.1852,0.9390000000000001,70.0,0.0,0.0,0.0,1.7713346572918667,0.27874237171988664,1.6407111111111115,0.3392385853315903,0.26437733916109174,0.2758063969815328,0.07980000000000029,0.23940000000000086,0.05
1251,0.5143699999999999,False,1,0.0,0.19240000000000002,0.8815,80.2,0.0,0.0,0.0,1.8365169866297275,0.3483630382799329,2.04320301777343,1.115820230951017,0.3208324530658766,0.3485354550186848,0.3416771758861415,0.6852365533585516,0.05
1252,0.5181299999999999,False,1,0.0,0.24830000000000002,0.8051999999999999,60.0,0.0,0.0,0.0,1.9630415258392655,0.3479019496426528,2.3067571120150494,1.2807470102843708,0.44928558544133096,0.34826850275501353,0.466798512850629,0.7825937219333695,0.05
1253,0.5781599999999999,False,1,0.0,0.19419999999999998,1.0,90.05,0.0,0.0,0.0,1.7213998219479063,0.14132278642416232,1.5233,0.03107104761671226,0.20161743415054084,0.13059140298838987,2.587621210757779e-173,0.0,0.05
1254,0.5909099999999999,False,1,0.0,0.2042,0.9355,62.6,0.0,0.0,0.0,1.8127749547069647,0.23993435637800872,1.6617942508609027,0.33414065702814955,0.2948264312246102,0.2694425276872964,0.08890000060342677,0.2382160591920409,0.05
1255,0.48055000000000003,False,1,0.0,0.22920000000000001,0.8157,79.6,0.0,0.0,0.0,1.9153376895117955,0.36498314136850785,2.304365029290621,1.206020639675256,0.40957691428889964,0.38657093705705,0.6344650292906205,0.9799255326710775,0.05
1256,0.53757,False,1,0.0,0.2476,0.8177,54.55,0.0,0.0,0.0,1.9544479743030467,0.4002795784282867,2.318337233204711,1.1895180217054488,0.44032449136458596,0.3775024404230087,0.48669219284551835,0.7804321366153699,0.05
1257,0.5969,False,1,0.0,0.123,1.0,70.0,0.0,0.0,0.0,1.629071412701047,0.07494812802741792,1.5590224832216906,0.06866978254313155,0.13415202771150314,0.09731920752919804,0.014800000000000493,0.04440000000000147,0.05
1258,0.4872899999999999,False,1,0.0,0.20820000000000002,0.8069,70.0,0.0,0.0,0.0,1.8991746042553952,0.36136278868470756,2.148722069942155,0.9907470346876623,0.41365130228314867,0.3926227865861765,0.4225719761995913,0.6874091603389667,0.05
1259,0.61125,False,1,0.0,0.19350000000000003,1.0,73.4,0.0,0.0,0.0,1.7495585822075033,0.14108751214709261,1.5258,0.02801356814117045,0.2252628141154281,0.10416786840085948,9.733588729013651e-210,0.0,0.05
1260,0.5205600000000001,False,1,0.0,0.1367,0.9335000000000001,86.95,0.0,0.0,0.0,1.7662671992167465,0.4238067295305129,1.8338391604618416,0.9689603494341136,0.23339562286034132,0.3447257310847805,0.20821693450969309,0.6114337834866075,0.05
1261,0.5433399999999999,False,1,0.0,0.23149999999999996,0.8797,70.95,0.0,0.0,0.0,1.9352181690546792,0.37657341287734364,1.9937366558649774,0.9253395690502904,0.37924544255533443,0.35169967459466434,0.34077162667280314,0.6845644947310913,0.05
1262,0.53265,False,1,0.0,0.1692,0.8667,62.4,0.0,0.0,0.0,1.793747024938447,0.33358488068780234,1.8800235581966678,0.6655125276650447,0.2993290137832932,0.36247573047536463,0.23498205458715477,0.49865680228237097,0.05
1263,0.5743,False,1,0.0,0.181,1.0,90.0,0.0,0.0,0.0,1.6935882574508572,0.11991283947626084,1.5141,0.031133422555189805,0.1896407468374524,0.1144873860555461,7.497298240373914e-196,0.0,0.05
1264,0.50141,False,1,0.0,0.2527,0.808,70.0,0.0,0.0,0.0,1.9699406800807875,0.42365266663827583,2.1092024026345286,0.9820426299474889,0.45367078269087396,0.39378488552394314,0.3674619210022928,0.599651980553169,0.05
1265,0.5399299999999999,False,1,0.0,0.1558,0.9376999999999999,81.6,0.0,0.0,0.0,1.79626796864062,0.2869921283117678,1.7523303574187377,0.6237002063175393,0.25424349735044915,0.2844475155775436,0.17565715330776416,0.47580305255621735,0.05
1266,0.5430599999999999,False,1,0.0,0.1649,0.9337,80.0,0.0,0.0,0.0,1.781794680782608,0.2866599698712842,1.879891949019888,0.7730217302502657,0.25708546175701374,0.25193755291955855,0.2584646092961903,0.5636324206783251,0.05
1267,0.5015299999999999,False,1,0.0,0.256,0.8069,70.05,0.0,0.0,0.0,2.0136571255512115,0.3655332231276023,2.014898260666861,0.8367631708352187,0.48730162509742964,0.3624891821627011,0.271700948497448,0.4232500564601327,0.05
1268,0.56419,False,1,0.0,0.1473,1.0,90.0,0.0,0.0,0.0,1.6687075493254202,0.0871473321290441,1.5257,0.05040446408801501,0.1579682341153293,0.09568380330796399,6.37900468534844e-205,0.0,0.05
1269,0.56294,False,1,0.0,0.2327,0.8759,60.0,0.0,0.0,0.0,1.8546360249788343,0.3189970779684623,2.014209023179043,0.9632676080545073,0.3493367876259037,0.3189977033991349,0.33700613854098566,0.674035188033864,0.05
1270,0.57825,False,1,0.0,0.2488,0.8783,55.6,0.0,0.0,0.0,1.866179932450661,0.2863554543203919,2.0847036601883615,1.1392809210315709,0.36168859410500753,0.3128480824584874,0.3714799378742871,0.7448116897459799,0.05
1271,0.50403,False,1,0.0,0.15410000000000001,0.9339999999999999,98.0,0.0,0.0,0.0,1.7238742697483769,0.23743680127567152,1.7693649843195225,0.7988052415171139,0.22712446903630132,0.260311990356042,0.19566498431952212,0.5869949529585663,0.05
1272,0.57487,False,1,0.0,0.1829,1.0,90.0,0.0,0.0,0.0,1.733393843890201,0.1224494069985719,1.55090016622544,0.04352133182230179,0.2162403271955761,0.12461091027035702,4.0827479471796957e-203,0.0,0.05
1273,0.53521,False,1,0.0,0.24689999999999998,0.8782,76.8,0.0,0.0,0.0,1.9337790845646148,0.3775913801650211,1.8920498002949657,0.7833069039692163,0.38765685285091084,0.3277347926553497,0.29247193028628526,0.6460147566218876,0.05
1274,0.54689,False,1,0.0,0.25549999999999995,0.8722,70.15,0.0,0.0,0.0,1.8941688329040982,0.30782895960093826,2.0813174741586433,1.0938216967403276,0.3831179793703462,0.3067375447903398,0.3071655795723758,0.6143708532886538,0.05
1275,0.55908,False,1,0.0,0.1633,0.9367000000000001,72.8,0.0,0.0,0.0,1.7199905661586452,0.2050994975693564,1.7346547416015514,0.5400818219537014,0.22973401974351843,0.2642732826077571,0.15417412769696703,0.4625223830909011,0.05
1276,0.47372,False,1,0.0,0.1328,0.8724000000000001,88.4,0.0,0.0,0.0,1.7494337945349538,0.3229344043272962,2.052456091422762,1.0827592874320633,0.24110514455570398,0.3230079168630108,0.2814518996211147,0.5855379329948925,0.05
1277,0.5480099999999999,False,1,0.0,0.2064,0.8626999999999999,58.9,0.0,0.0,0.0,2.0010659798683976,0.5518883080243596,2.1592881228379293,1.3126182635851151,0.41198109582728526,0.427653483302199,0.3476714341549744,0.6962143214498976,0.05
1278,0.50938,False,1,0.0,0.21790000000000004,0.8743000000000001,84.0,0.0,0.0,0.0,1.9481188811092705,0.4003035481707551,1.7501471315163735,0.4534965681188642,0.39413785881781005,0.36845610503775883,0.1596001686958008,0.31920065120304214,0.05
1279,0.51942,False,1,0.0,0.1611,0.8737,70.25,0.0,0.0,0.0,1.8802471327855728,0.45036769390403436,2.0381036618243487,0.9789502618245464,0.3284446442626996,0.407110501246235,0.36045328427983847,0.6788894804123087,0.05
1280,0.51483,False,1,0.0,0.14450000000000002,0.9314,90.25,0.0,0.0,0.0,1.8045061122066997,0.5112220175831983,2.003805768500937,1.3772329704591535,0.2457840828251719,0.35013993738410754,0.21198941447222092,0.5970411603575929,0.05
1281,0.5296299999999999,False,1,0.0,0.21550000000000002,0.8714000000000001,72.5,0.0,0.0,0.0,1.867541043931023,0.31140529335805944,1.8870664694781525,0.8003597470099979,0.36584414872670445,0.3284256676531109,0.2943109139225969,0.6610155717055975,0.05
1282,0.5363100000000001,False,1,0.0,0.1713,0.9396000000000001,86.4,0.0,0.0,0.0,1.745578979059711,0.24566452518003307,1.785161155495107,0.8024708526546726,0.24387499343635036,0.2653436205423868,0.21238924591092773,0.6371677377327832,0.05
1283,0.60087,False,1,0.0,0.21189999999999998,0.9390000000000001,60.0,0.0,0.0,0.0,1.8287984802017871,0.36189695585939125,1.7986738254986192,0.8074265705574489,0.29668743045400486,0.3178817339244219,0.08960000000000039,0.2635098480133142,0.05
1284,0.58029,False,1,0.0,0.2293,0.943,74.3,0.0,0.0,0.0,1.869584986058776,0.39036511144872355,2.0678157263679235,1.51059325647387,0.3248076556453442,0.3153764813435214,0.1999999976153855,0.5999999928461565,0.05
1285,0.59781,False,1,0.0,0.19269999999999995,1.0,80.0,0.0,0.0,0.0,1.7132632758885733,0.11337456031881209,1.5688945211728587,0.08137165855582827,0.2105922232016498,0.09829946929673974,0.0026000000000008894,0.0078000000000026685,0.05
1286,0.5734699999999999,False,1,0.0,0.20029999999999998,0.9334,70.0,0.0,0.0,0.0,1.841325304297158,0.2995675580018046,1.8051593626543834,0.7728036233140212,0.29380364749166066,0.2745011702957907,0.18795936265438368,0.5638780879631511,0.05
1287,0.5979999999999998,False,1,0.0,0.2788,0.9347999999999999,70.0,0.0,0.0,0.0,1.8829727597038617,0.18551224531144034,1.630000001460808,0.3430338219398435,0.37716528798246624,0.21512050569911653,0.08010000011738685,0.23896964277562294,0.05
1288,0.49138000000000004,False,1,0.0,0.2446,0.74,50.0,0.0,0.0,0.0,2.0805200191171442,0.5601401647782493,2.4173698229861635,1.1333036620864285,0.5314656692407469,0.4650324913113326,0.7115535798140339,0.9124563774271781,0.05
1289,0.44772,False,1,0.0,0.20670000000000002,0.8013,87.6,0.0,0.0,0.0,1.9129118365749598,0.40398725521130174,2.169054734199726,1.0290416194813217,0.4124761726580016,0.41018898482911414,0.41367630263872995,0.6451491000202205,0.05
1290,0.59364,False,1,0.0,0.17879999999999996,1.0,80.0,0.0,0.0,0.0,1.7102777378050344,0.12412887398860656,1.5311000355960793,0.0376761565138645,0.20131790982465123,0.12419117165115666,5.2639636522694436e-192,0.0,0.05
1291,0.48517999999999983,False,1,0.0,0.21469999999999997,0.8010999999999999,70.0,0.0,0.0,0.0,1.8853795097277313,0.38088514633777054,2.1866562531672766,1.1219671810182825,0.40234388949121647,0.3883409810205259,0.46137197540309344,0.7623242762318403,0.05
1292,0.51215,False,1,0.0,0.23500000000000004,0.8195,66.0,0.0,0.0,0.0,1.9734199426291255,0.4097657200136543,2.389764810637657,1.3582813539403937,0.4524471513826094,0.41502398559136633,0.574727789225442,0.8784994250652544,0.05
1293,0.5113200000000001,False,1,0.0,0.17109999999999997,0.8777000000000001,77.2,0.0,0.0,0.0,1.8102952965775543,0.30736019148525884,1.7572984212836733,0.44907360794193274,0.2994150002065027,0.3279383487582679,0.16480000491785907,0.3174447451727814,0.05
1294,0.48854,False,1,0.0,0.19880000000000003,0.813,70.1,0.0,0.0,0.0,1.9401931479713128,0.41694326504856405,2.3125339954283453,1.1754147933437837,0.40594189288965543,0.391212341627733,0.5482646900061892,0.8172200856912304,0.05
1295,0.55593,False,1,0.0,0.2189,0.8718,60.0,0.0,0.0,0.0,1.8303674359321391,0.3180165020384554,1.8637055634667754,0.7425634726165187,0.35080709118301084,0.3585642418902064,0.2684497511902649,0.5893087631278578,0.05
1296,0.6105299999999999,False,1,0.0,0.2741,0.8699999999999999,40.35,0.0,0.0,0.0,1.967464018787584,0.3315923421756569,1.965581577768757,0.8864808008221368,0.4235870629809225,0.31947761225906185,0.33028768187005375,0.6607248698358917,0.05
1297,0.5160800000000001,False,1,0.0,0.2233,0.8137000000000001,60.25,0.0,0.0,0.0,1.9443531640938552,0.38835504513808256,2.2263696124857613,1.1870592411547785,0.4139136175029063,0.3723248333996705,0.4484158555198465,0.7377104847112598,0.05
1298,0.5204999999999999,False,1,0.0,0.24630000000000002,0.8722999999999999,82.0,0.0,0.0,0.0,1.889492240363337,0.3169313829372883,2.0103511296048073,0.9675594339369397,0.3834221049197495,0.3256287930466008,0.2626598822856864,0.5355805990921376,0.05
1299,0.5625199999999999,False,1,0.0,0.2534,0.9349999999999999,84.0,0.0,0.0,0.0,1.8252194762417737,0.2079042518472323,1.770349545791485,0.6741605749717853,0.31778893086109095,0.223189321601048,0.17604881431268427,0.5281464429380528,0.05
1300,0.56252,False,1,0.0,0.15540000000000004,0.937,70.0,0.0,0.0,0.0,1.692896117419938,0.20369391184293012,1.675511110772653,0.3324853136386596,0.21500757029496845,0.24448596293180047,0.07980000000001836,0.23940000000005504,0.05
1301,0.5056399999999999,False,1,0.0,0.29159999999999997,0.7527999999999999,54.4,0.0,0.0,0.0,2.0106310810141608,0.37238777922183525,2.429491636053238,1.1287299232668844,0.5364853372529585,0.3958156986833814,0.6784924699894115,0.8334352792022333,0.05
1302,0.6042899999999999,False,1,0.0,0.2324,0.9350999999999999,60.0,0.0,0.0,0.0,1.8108507455324794,0.25209607556146735,1.7641901660776191,0.7643938357485803,0.3018907786575249,0.24431541901361628,0.200640165981436,0.601920497944308,0.05
1303,0.5323500000000001,False,1,0.0,0.18420000000000003,0.9387000000000001,90.0,0.0,0.0,0.0,1.8015127582374906,0.29071892704814367,1.635867602097625,0.33596919910940237,0.27726651861548657,0.29068457638044426,0.07980011656247016,0.2394003496874105,0.05
1304,0.46621999999999997,False,1,0.0,0.31429999999999997,0.7359,71.6,0.0,0.0,0.0,2.14241212569718,0.40782011143004326,2.4887865706716035,1.2106623089487172,0.6333440823274974,0.41577448822914376,0.6968653816230969,0.8594417249376001,0.05
1305,0.5785699999999999,False,1,0.0,0.2311,0.8772,52.4,0.0,0.0,0.0,1.918057020512968,0.4604822523559568,1.8753932281125683,0.7332399593578761,0.38549237843097783,0.3785467592687463,0.262686753934981,0.5735379180559688,0.05
1306,0.5542699999999999,False,1,0.0,0.21630000000000002,0.8994,70.1,0.0,0.0,0.0,1.9612585127655844,0.42850513885644786,1.755123840957761,0.4485811518696978,0.38303467306216776,0.33435228401807393,0.15930001365352303,0.31860073358517554,0.05
1307,0.5722,False,1,0.0,0.17400000000000002,1.0,90.0,0.0,0.0,0.0,1.7309277079153613,0.2124155737437014,1.5271000000000001,0.03820327211116871,0.20280972852504014,0.16773814166226203,1.4027579728923555e-192,0.0,0.05
1308,0.6104299999999999,False,1,0.0,0.1681,1.0,70.0,0.0,0.0,0.0,1.6785939728665595,0.09501837989401975,1.5467,0.04323204829753042,0.1771359168498886,0.1148694290873991,2.9193919844405494e-201,0.0,0.05
1309,0.53954,False,1,0.0,0.2121,0.8053000000000001,43.9,0.0,0.0,0.0,1.9210535280518393,0.4032790333145163,2.163783648272889,1.033466297864917,0.4049432623882739,0.3819100941951423,0.41120010430145565,0.6687485597069533,0.05
1310,0.5142399999999999,False,1,0.0,0.13429999999999997,0.9344999999999999,90.1,0.0,0.0,0.0,1.7631270505123744,0.31210611672679583,1.7534662939343115,0.6564010376819382,0.23106314058038455,0.3054471945563438,0.1721376915227379,0.48673155201594914,0.05
1311,0.4952000000000001,False,1,0.0,0.17729999999999999,0.8693000000000002,83.25,0.0,0.0,0.0,1.8270143608405232,0.3357244540674936,1.9259732719934548,0.8762232287952857,0.34084759764576356,0.3839038963651757,0.25613996932136834,0.5469136803985623,0.05
1312,0.5376000000000001,False,1,0.0,0.11280000000000001,0.9768000000000001,90.0,0.0,0.0,0.0,1.6613367610569747,0.1093026827962512,1.6341540798611125,0.33914110256670027,0.14534399306817475,0.10355355125276182,0.07980000000000084,0.2394000000000025,0.05
1313,0.5559799999999999,False,1,0.0,0.1907,0.9410999999999999,80.0,0.0,0.0,0.0,1.8171112564120186,0.3817663821823491,1.774717840982769,0.6764656963093438,0.29399841357120304,0.3345182176618979,0.19106075662947067,0.553471429903021,0.05
1314,0.5617399999999999,False,1,0.0,0.22820000000000001,0.8764,60.1,0.0,0.0,0.0,1.9302457613799207,0.40385706803180865,2.0333337998450185,1.1021724701271072,0.38733956820904447,0.3786868401803249,0.24925450442308902,0.5369572853850252,0.05
1315,0.5363299999999998,False,1,0.0,0.2004,0.8802999999999999,70.0,0.0,0.0,0.0,1.9121277322966148,0.407951536634531,1.7528486424499523,0.4509300499234886,0.36289315368834946,0.3693794225346523,0.1599029072863579,0.3198065310603348,0.05
1316,0.5672200000000001,False,1,0.0,0.18580000000000002,0.9364000000000001,72.0,0.0,0.0,0.0,1.7841613904253932,0.2766626483483558,1.7891619757095003,0.7938548448024351,0.2646579255820289,0.2971498062177552,0.20008419792922125,0.5747232738212871,0.05
1317,0.46401000000000003,False,1,0.0,0.21060000000000004,0.8019000000000001,80.25,0.0,0.0,0.0,1.9019269280337554,0.3372123372358393,2.1884148911080348,1.0132356517316194,0.4179956280567899,0.39832909157632734,0.4974645312230054,0.7606845581479142,0.05
1318,0.5591999999999999,False,1,0.0,0.149,1.0,92.75,0.0,0.0,0.0,1.730656118899803,0.21413096421820552,1.5607000001165392,0.06735733087106278,0.18554027046496238,0.16945727976480165,1.1982663177884861e-182,0.0,0.05
1319,0.55089,False,1,0.0,0.209,0.9397,84.8,0.0,0.0,0.0,1.8266399603964127,0.20345278409132642,1.6315111111111116,0.3405458298411877,0.29460755501724034,0.21598507104874257,0.07980000000000034,0.239400000000001,0.05
1320,0.5185900000000001,False,1,0.0,0.2298,0.8055000000000001,57.1,0.0,0.0,0.0,1.9912731669320354,0.3445922795542641,2.1167886594700698,0.8153487571928267,0.4412339126161052,0.30300629290219516,0.4310096632885809,0.6106252037548474,0.05
1321,0.54113,False,1,0.0,0.2778,0.8257000000000001,60.1,0.0,0.0,0.0,1.9590926703493206,0.3792512853746662,2.327683087792921,1.2213707140738048,0.46320201274410316,0.3766490186120845,0.5881992681316737,0.8998779319872832,0.05
1322,0.54048,False,1,0.0,0.1613,0.9407,83.2,0.0,0.0,0.0,1.767104922784032,0.3364154514043694,1.7625676548718439,0.7155869811771519,0.23705162880372904,0.3096904745964349,0.18092488415188496,0.5427746524556549,0.05
1323,0.56013,False,1,0.0,0.2178,0.9387000000000001,81.15,0.0,0.0,0.0,1.8642862900031492,0.3431224230968537,1.6514687622220525,0.3339684518661177,0.32211934283295723,0.2983001276694224,0.07985553921049,0.23956661763147,0.05
1324,0.6055799999999999,False,1,0.0,0.2186,1.0,80.0,0.0,0.0,0.0,1.774283160722905,0.19137683049878962,1.5378000131742655,0.04936763092002034,0.24326334843618197,0.13728912667028262,2.3534373423941198e-185,0.0,0.05
1325,0.5059299999999999,False,1,0.0,0.13360000000000002,0.8654999999999999,70.0,0.0,0.0,0.0,1.7719569269391644,0.2970591694606599,1.8455344309666302,0.7301522353885507,0.2686406599851184,0.3254886635190824,0.234215823064589,0.49153501845298775,0.05
1326,0.54989,False,1,0.0,0.2071,0.8728,61.6,0.0,0.0,0.0,1.8235050804121997,0.3132020226201138,1.9040961239702086,0.8383956479218148,0.34432335569513384,0.3553732215912001,0.28402178044919607,0.6325167058225739,0.05
1327,0.53854,False,1,0.0,0.21789999999999998,0.9330999999999999,90.0,0.0,0.0,0.0,1.8193071627430346,0.24477331247158512,1.8864807061870763,0.9827770594312224,0.3029749370508055,0.2565696340660993,0.18835795861544485,0.49377530926055235,0.05
1328,0.51354,False,1,0.0,0.2171,0.8303,66.4,0.0,0.0,0.0,1.8870221598939179,0.3047064538759619,2.1460812200986714,1.0156701121317773,0.377259527669624,0.3270452222473577,0.4437701089872735,0.7303904484852516,0.05
1329,0.56071,False,1,0.0,0.13570000000000002,1.0,90.0,0.0,0.0,0.0,1.6615290606847286,0.11557115337209613,1.532265451388889,0.03615740299122544,0.1513010216283752,0.11181986521946621,1.4498418511439133e-202,0.0,0.05
1330,0.50286,False,1,0.0,0.1964,0.8342,70.0,0.0,0.0,0.0,1.8445775029940392,0.28059024803105026,2.082024220142708,0.9101443967678541,0.3413985166262884,0.31436983718324546,0.39556359265491625,0.637127377119002,0.05
1331,0.55658,False,1,0.0,0.20859999999999998,0.9400000000000001,82.0,0.0,0.0,0.0,1.8190613739527492,0.33307485232539547,1.7647856636898929,0.7442401217530036,0.2951249731353217,0.3009025448599192,0.21720714392797208,0.6516214317839163,0.05
1332,0.55081,False,1,0.0,0.10270000000000001,1.0,90.0,0.0,0.0,0.0,1.6245389175582283,0.06562553733735217,1.5571444444444453,0.08003422184707563,0.11985425392643163,0.08859082734527014,0.016200000000000513,0.04860000000000154,0.05
1333,0.5345199999999999,False,1,0.0,0.18129999999999996,0.8779,67.2,0.0,0.0,0.0,1.8397858721622924,0.42112914702439425,1.9810364500836404,0.906256645066873,0.3193216292460575,0.38669678758313075,0.36247743892603396,0.679711904344558,0.05
1334,0.55958,False,1,0.0,0.2625,0.8229,47.6,0.0,0.0,0.0,1.9738908380179967,0.39746176396193944,1.994883058515677,0.8263034927047157,0.46070179348554097,0.3826706982425522,0.3513373345497162,0.6078468911344284,0.05
1335,0.53348,False,1,0.0,0.20750000000000002,0.8739000000000001,70.25,0.0,0.0,0.0,1.8611608401900916,0.30930280832679397,1.9204187126896464,0.8463886100136833,0.3469103872211453,0.3155671570608633,0.19754144035893034,0.39565682676742847,0.05
1336,0.57195,False,1,0.0,0.1305,1.0,83.6,0.0,0.0,0.0,1.7097080684987769,0.15441835171250176,1.548956284983177,0.0635888634829527,0.1787630107334634,0.11854534480076862,0.011700000000000828,0.03510000000000154,0.05
1337,0.5472299999999999,False,1,0.0,0.176,0.9359,80.35,0.0,0.0,0.0,1.7828903702580496,0.23358478637905553,1.7796771134248306,0.7279186874332005,0.2651149994515369,0.2577936541833488,0.18597711342483042,0.5579313402744912,0.05
1338,0.4789,False,1,0.0,0.25450000000000006,0.7464999999999999,60.0,0.0,0.0,0.0,2.034142675954268,0.38822720077739975,2.2702844599229772,1.0236760608949833,0.536643852300822,0.4147478199615955,0.43450191472633737,0.5947162481961741,0.05
1339,0.5521999999999999,False,1,0.0,0.2001,0.9320999999999999,80.15,0.0,0.0,0.0,1.818593059087359,0.3435245624294948,1.8228848330262228,0.8120197837578323,0.29852947028731847,0.31910546659218725,0.16838483302622187,0.5051544990786656,0.05
1340,0.5763600000000001,False,1,0.0,0.2222,0.8710000000000001,50.0,0.0,0.0,0.0,1.8601532030264742,0.31096353153666306,1.8804439680582736,0.7691104618590859,0.3351715221853779,0.300555891656328,0.270388412502718,0.5946331300577827,0.05
1341,0.55835,False,1,0.0,0.1295,1.0,90.25,0.0,0.0,0.0,1.680322943904318,0.141698250173697,1.5274640696207684,0.06854292228157328,0.15510729103518742,0.10818745957979356,4.107841051314078e-207,0.0,0.05
1342,0.45968999999999993,False,1,0.0,0.202,0.7987000000000001,80.0,0.0,0.0,0.0,2.0433423298747444,0.5576891326727418,2.4969030287161513,1.6452032296486916,0.4572323191586438,0.4431683767212464,0.3999997316927142,0.6535589950799846,0.05
1343,0.50801,False,1,0.0,0.1869,0.8742000000000001,80.0,0.0,0.0,0.0,1.812148306065327,0.3149945868084357,2.0527872558729454,0.9709748153850518,0.3286382034555294,0.3629030042303134,0.36591214569306507,0.6876740753128248,0.05
1344,0.5999099999999999,False,1,0.0,0.16770000000000002,1.0,75.2,0.0,0.0,0.0,1.68749604078163,0.12437904584262287,1.532300159782847,0.03826529645893267,0.17755689481534084,0.12188886017977357,1.0488839650022344e-200,0.0,0.05
1345,0.5342800000000001,False,1,0.0,0.2218,0.8682000000000001,70.0,0.0,0.0,0.0,1.962009329918006,0.45544995272639816,1.873109258318631,0.6242432500347181,0.3882544049489969,0.36406753501610545,0.1877000032604526,0.37171550120252067,0.05
1346,0.5604899999999999,False,1,0.0,0.1561,0.9338,70.0,0.0,0.0,0.0,1.7290723565323556,0.2300682406398543,1.783230210240682,0.7594642287791605,0.22769830490493392,0.2654766688386689,0.1745217849340361,0.5071178386289057,0.05
1347,0.4653,False,1,0.0,0.1308,0.8657999999999999,90.0,0.0,0.0,0.0,1.811812263286012,0.3868935468702743,2.0291600689194627,1.0120081654278767,0.2936129934459325,0.4020206725165455,0.39945988955774586,0.8001216107693375,0.05
1348,0.50528,False,1,0.0,0.25410000000000005,0.8095000000000001,68.8,0.0,0.0,0.0,2.0388102393531478,0.45459477586778224,2.059471500989715,0.8405015083901214,0.4894779455617525,0.43464165757862006,0.37705266150414063,0.6672997062085112,0.05
1349,0.5119100000000001,False,1,0.0,0.124,0.9353,90.0,0.0,0.0,0.0,1.6919479427743405,0.2500983881692032,1.802773114380632,0.8473884168446054,0.18446652921206572,0.24217696507185776,0.18427454378592326,0.5435544066011955,0.05
1350,0.6030899999999999,False,1,0.0,0.2577,0.8654,40.0,0.0,0.0,0.0,1.9120683458803183,0.2554015377971033,1.991223292480567,0.9451724339201417,0.41018630368991876,0.3110496740214415,0.3369028829376526,0.6751582668538978,0.05
1351,0.5382699999999999,False,1,0.0,0.2395,0.8766,73.6,0.0,0.0,0.0,1.975812370850592,0.4224502200540021,2.073851068582923,1.142519336759884,0.4263674307870574,0.387314030246953,0.3540977251074159,0.7084190220485868,0.05
1352,0.5433699999999999,False,1,0.0,0.2163,0.8744,66.8,0.0,0.0,0.0,1.8600567342824916,0.3790865812717556,1.9663198019554944,1.0143689950375485,0.3376853124199426,0.3365731256700652,0.2583244248915702,0.5315906384902035,0.05
1353,0.55229,False,1,0.0,0.1743,1.0,100.0,0.0,0.0,0.0,1.722169642973705,0.18285921539202113,1.5708555555555566,0.07278147658115804,0.19472499748135844,0.1526425020733972,0.016000000000000698,0.04800000000000209,0.05
1354,0.56931,False,1,0.0,0.1986,0.9419000000000001,74.8,0.0,0.0,0.0,1.7938483263071945,0.2546880582450563,1.6287555555555564,0.3419601081347887,0.26717133595492715,0.2397139969909347,0.07990000000000032,0.23970000000000094,0.05
1355,0.5650999999999999,False,1,0.0,0.153,1.0,90.4,0.0,0.0,0.0,1.7312395123921491,0.14138487591952664,1.5082000000035272,0.01639999999823637,0.19274559980575387,0.11124538134818099,3.451905755842147e-224,0.0,0.05
1356,0.5343899999999998,False,1,0.0,0.1416,0.9312999999999999,80.0,0.0,0.0,0.0,1.7496118208920373,0.2633350401616276,1.8750051495462405,1.0723662849098292,0.2271112309619911,0.27351997331301814,0.1802554486209149,0.528875267446908,0.05
1357,0.5210899999999999,False,1,0.0,0.2949,0.8065999999999999,66.0,0.0,0.0,0.0,2.0796906472219128,0.4011016292494887,2.231731923841634,1.1551944275292718,0.5155157689547618,0.3537867214773658,0.3853161445513862,0.6142214127931722,0.05
1358,0.58189,False,1,0.0,0.1413,1.0,80.25,0.0,0.0,0.0,1.690847108898971,0.18077997446210387,1.5227000000932556,0.049751482645459776,0.15653321043804158,0.13366514198870535,3.1654376119877316e-201,0.0,0.05
1359,0.52887,False,1,0.0,0.2678,0.7968999999999999,54.65,0.0,0.0,0.0,1.9855965541891483,0.3220422848326184,2.3339582355614787,1.2336504943520648,0.4882732034794309,0.3506051710039409,0.5730500902122408,0.8825387975121567,0.05
1360,0.4879499999999999,False,1,0.0,0.1628,0.8673,84.0,0.0,0.0,0.0,1.8257790486687722,0.35671634425781007,2.001332444252757,0.9307567285168816,0.31271965651299316,0.3653009424343184,0.3448487965519264,0.6705978120998636,0.05
1361,0.5862799999999999,False,1,0.0,0.24580000000000002,0.9321999999999999,70.0,0.0,0.0,0.0,1.8423606011250986,0.3610933813527674,1.7756990949485043,0.6980053219697342,0.3200446560813137,0.2912398703942743,0.20886576150923014,0.6265972845276905,0.05
1362,0.5139,False,1,0.0,0.20270000000000002,0.8696999999999999,77.85,0.0,0.0,0.0,1.9491559705488974,0.43249818411825075,1.876069720352185,0.7905048577058996,0.3934813543122255,0.38391884094585044,0.23911418250051542,0.5100549645089077,0.05
1363,0.4843299999999999,False,1,0.0,0.1988,0.8067,70.0,0.0,0.0,0.0,1.8778565821158217,0.34656094244423175,2.2477836737506665,1.1724197405984602,0.3928375613573395,0.3889503844314745,0.3575065831760224,0.5956962338733066,0.05
1364,0.5528599999999999,False,1,0.0,0.20539999999999997,0.8732,60.0,0.0,0.0,0.0,1.855410055569887,0.344014789717519,2.03255558451865,1.1667361690008153,0.35349328021771037,0.3647654038008376,0.29587807987951253,0.6627739964602204,0.05
1365,0.59912,False,1,0.0,0.1544,1.0,73.6,0.0,0.0,0.0,1.7178762183853358,0.1363716831370768,1.5689333333360065,0.07797290127895479,0.19686527581323293,0.11288093969126038,0.012800000000000467,0.038400000000001405,0.05
1366,0.5660499999999999,False,1,0.0,0.20350000000000001,0.931,73.35,0.0,0.0,0.0,1.9026307694297782,0.5056261307095113,1.8779256447897104,1.0033284987663182,0.33180650956307456,0.3643957133820484,0.19369188978587548,0.5684599809095489,0.05
1367,0.4857899999999999,False,1,0.0,0.1951,0.8688,90.45,0.0,0.0,0.0,1.9562529409413028,0.5667445734135746,1.9473059100051198,0.9397652475596895,0.38512754760921614,0.44243384409367886,0.28727728867152963,0.6411203559525824,0.05
1368,0.5444599999999999,False,1,0.0,0.24570000000000003,0.8724999999999999,70.0,0.0,0.0,0.0,1.8647928264827,0.289239995727043,1.9401651544134015,0.8335411932640173,0.3728356182934268,0.31701423207344714,0.3222880284556743,0.644983482660375,0.05
1369,0.5234699999999999,False,1,0.0,0.1917,0.8688,71.1,0.0,0.0,0.0,1.9054466834721147,0.47928859180514805,1.889480742435833,0.7073288510403091,0.35650764030935117,0.39053476499686,0.2501040362851129,0.5225271043615991,0.05
1370,0.48639999999999994,False,1,0.0,0.1676,0.8676,85.6,0.0,0.0,0.0,1.8218394589059805,0.35737790689996274,2.0253711675789687,1.0510865861153602,0.3242940583582182,0.37522987749990144,0.3378652498755298,0.6760710701690801,0.05
1371,0.5777,False,1,0.0,0.22410000000000002,0.9311,70.65,0.0,0.0,0.0,1.865788803802245,0.34274853551583123,1.8416651276060645,0.9420471869372768,0.33509720345315996,0.3016802928004812,0.197322342364938,0.5754934638473117,0.05
1372,0.55734,False,1,0.0,0.23339999999999997,0.8676,60.0,0.0,0.0,0.0,1.8810822336335289,0.3133445745951729,1.9131706900798666,0.7947194505360927,0.38267791991472455,0.3455616752959088,0.29505720427723314,0.6490548914846348,0.05
1373,0.51498,False,1,0.0,0.21269999999999997,0.8731,80.0,0.0,0.0,0.0,1.8864450870530547,0.37369858276239554,1.8827090732908751,0.7889735228977812,0.3700777433560649,0.3654302751987128,0.28496117292550005,0.6187003922717919,0.05
1374,0.52347,False,1,0.0,0.2218,0.8699,76.0,0.0,0.0,0.0,1.8462104308046499,0.26118837048845084,1.9650702833134965,0.8924902481279046,0.3533600963554132,0.3052137548306746,0.33164086973510826,0.664947545478772,0.05
1375,0.49842999999999993,False,1,0.0,0.16119999999999998,0.8721,80.2,0.0,0.0,0.0,1.7843484961999543,0.28323262294111223,2.0889020259390176,1.1522051707452627,0.30495838762574884,0.3431129146464869,0.3208635090415656,0.6417270203474768,0.05
1376,0.5146499999999999,False,1,0.0,0.1731,0.8736,74.4,0.0,0.0,0.0,1.8265016351667402,0.38436539884760157,1.9100221912226008,0.7894143310586211,0.3176725626043719,0.3682336708664477,0.24960326760992074,0.5381192360840973,0.05
1377,0.53172,False,1,0.0,0.17729999999999999,0.9339000000000001,87.6,0.0,0.0,0.0,1.7694385636012293,0.23625519735142872,1.744722162561926,0.6569629024390555,0.2735084843082443,0.26881976148845305,0.17383108123838303,0.5069963196035737,0.05
1378,0.61576,False,1,0.0,0.2364,0.9372,55.6,0.0,0.0,0.0,1.8627792618697037,0.2631723411810416,1.7810960648928618,0.6258027959456526,0.33000829366624795,0.27353269943222097,0.17944365293332892,0.5134977954739877,0.05
1379,0.55384,False,1,0.0,0.1867,0.9329000000000001,77.6,0.0,0.0,0.0,1.8118435947639653,0.26074804526824297,1.7199948601126043,0.6147386880722774,0.2894363440942965,0.26367102604905124,0.1545826637011168,0.4637479911033505,0.05
1380,0.55294,False,1,0.0,0.11179999999999998,1.0,90.3,0.0,0.0,0.0,1.6512252398652136,0.11900483755443339,1.5347001223075507,0.05044428712206136,0.13861822198058094,0.10520018387471976,4.9832850597809115e-207,0.0,0.05
1381,0.5319999999999999,False,1,0.0,0.1618,0.9398,87.2,0.0,0.0,0.0,1.7912138385932752,0.3387959365511008,1.7794798290032046,0.7526398500550717,0.2658911424139504,0.31486937391819697,0.18622826478634516,0.5586847943590354,0.05
1382,0.5203800000000001,False,1,0.0,0.15089999999999998,0.8753,68.8,0.0,0.0,0.0,1.7548660309091317,0.2633468290617111,1.9008114656655244,0.8384672220683792,0.26468648648007337,0.3298909312944417,0.24450000253023024,0.5110928065228194,0.05
1383,0.5307,False,1,0.0,0.1896,0.8666,66.4,0.0,0.0,0.0,1.8098486658713615,0.3114445959837728,1.9047443177116823,0.8507968490935022,0.324752643151787,0.33547940268659104,0.24580287888772162,0.5145616145188795,0.05
1384,0.5508500000000001,False,1,0.0,0.24450000000000002,0.873,66.8,0.0,0.0,0.0,1.9315358377048408,0.3005308060988212,1.8866171873048472,0.7788054992260117,0.40738043420891257,0.31958584709157195,0.2535128178481234,0.5487923851822807,0.05
1385,0.52939,False,1,0.0,0.221,0.9347,95.6,0.0,0.0,0.0,1.9265009267493034,0.49297987179429387,1.6438279773674072,0.33726742837170237,0.3479129436942092,0.3479335631409517,0.07980000000582074,0.2394000000174622,0.05
1386,0.5757399999999999,False,1,0.0,0.1858,1.0,90.0,0.0,0.0,0.0,1.709250714109121,0.1296989808196655,1.5336,0.04029689814365371,0.1990311945687425,0.11879269549485834,8.561755156185122e-197,0.0,0.05
1387,0.5954899999999999,False,1,0.0,0.21070000000000003,0.9353999999999999,61.25,0.0,0.0,0.0,1.8123650426564226,0.28051085372286894,1.8742900453794242,0.935397615908887,0.2887164085690393,0.2877153248722061,0.21315146912857763,0.5923891543060966,0.05
1388,0.6008699999999999,False,1,0.0,0.2029,1.0,80.0,0.0,0.0,0.0,1.7557892907833481,0.16670495878312208,1.5545000397880588,0.05691268138048885,0.22696166847535454,0.1337966196332215,5.765528518992457e-206,0.0,0.05
1389,0.52931,False,1,0.0,0.18270000000000003,0.9349999999999999,90.0,0.0,0.0,0.0,1.783036938752223,0.32251968491416927,1.7511074449446788,0.6298364356125021,0.27144067982556536,0.31065348975226087,0.20981692437716548,0.5805555363487447,0.05
1390,0.52752,False,1,0.0,0.3027,0.7393,40.4,0.0,0.0,0.0,2.0295971861328637,0.3372665327860019,2.5608446085464447,1.4079583576944468,0.5516044505661973,0.3521610704164246,0.6612143803319435,0.8759856370014695,0.05
1391,0.51821,False,1,0.0,0.21719999999999998,0.8195,60.3,0.0,0.0,0.0,1.9789857320060797,0.5392704872836861,2.1604014111149428,1.0597651907424321,0.43136598919970703,0.43210133125715616,0.36290197590748186,0.6073943381134874,0.05
1392,0.57742,False,1,0.0,0.19140000000000001,1.0,90.0,0.0,0.0,0.0,1.7158004187074947,0.08195604054102505,1.5079,0.02369999999999999,0.2095073372561344,0.07341224133528619,4.5325647991908114e-219,0.0,0.05
1393,0.58958,False,1,0.0,0.16660000000000003,1.0,80.2,0.0,0.0,0.0,1.7064602046014006,0.16612707446849373,1.536093923611112,0.0560271290910519,0.1884670202866839,0.13457961225913506,0.011800000000000452,0.03540000000000136,0.05
1394,0.52848,False,1,0.0,0.16709999999999997,0.9414999999999999,90.35,0.0,0.0,0.0,1.7377179200924675,0.30559004787251454,1.8273431200974604,0.9268200409139351,0.2290622917490988,0.2853722631347123,0.21325220805126474,0.6008227760466092,0.05
1395,0.55898,False,1,0.0,0.263,0.8724000000000001,65.3,0.0,0.0,0.0,1.9068062461093565,0.2959976925783095,2.054340039318973,0.9071586861097996,0.4013077907877361,0.31298187727412935,0.37203583274170376,0.6574453827785705,0.05
1396,0.5545599999999999,False,1,0.0,0.1866,0.9304,76.35,0.0,0.0,0.0,1.8514571085949811,0.46250616293330205,1.8727352765254566,1.0503367313352128,0.29948072775413437,0.3404815764147065,0.17289669675619865,0.518690090268596,0.05
1397,0.5646599999999999,False,1,0.0,0.1893,0.8741,52.0,0.0,0.0,0.0,1.8187214100447602,0.341247874336095,1.9348617589667207,0.7683788352827143,0.3189494940166463,0.3609011297533307,0.27950693511013774,0.5004383255202619,0.05
1398,0.5582499999999999,False,1,0.0,0.21550000000000002,0.944,83.6,0.0,0.0,0.0,1.838024943845408,0.3261770125239408,1.7846355806428342,0.8051523438773257,0.2870531494026881,0.24469392239913962,0.19404063983416936,0.5768083119118429,0.05
1399,0.47362999999999994,False,1,0.0,0.30760000000000004,0.6305,30.0,0.0,0.0,0.0,2.119999405826012,0.38440956229709905,2.7321416797297804,0.9833495602884513,0.6530137670374877,0.4055273831094127,0.9290802658526065,0.7950131931016788,0.05
1400,0.51454,False,1,0.0,0.14679999999999999,0.9349999999999999,92.0,0.0,0.0,0.0,1.7215514648803303,0.28680889536358567,1.7945010283908644,0.7910085132620185,0.21993306185569778,0.30497868732830813,0.19033852839086424,0.5663642994708027,0.05
1401,0.48573999999999995,False,1,0.0,0.20839999999999997,0.8046,70.0,0.0,0.0,0.0,2.037924136970893,0.5859551165611433,2.179553979247158,1.0342210860401877,0.4682493881960343,0.47245693613256284,0.46454723004852694,0.7558209236302347,0.05
1402,0.61976,False,1,0.0,0.1992,1.0,70.0,0.0,0.0,0.0,1.7168187404632735,0.13247718297104547,1.6427333333333358,0.19814494756847945,0.2054050218976638,0.10860518813053004,0.07390000000000171,0.14788945195652395,0.05
1403,0.53457,False,1,0.0,0.1888,0.9399000000000001,90.0,0.0,0.0,0.0,1.7763700854627178,0.2152733095723303,1.7726012284976758,0.7236489299745229,0.26489817048793224,0.24993147027867055,0.19519115122964703,0.5399025677990179,0.05
1404,0.5943299999999999,False,1,0.0,0.1811,1.0,80.0,0.0,0.0,0.0,1.6973803720072482,0.12223331797579254,1.5173000000159662,0.040139880411475655,0.19040432060153298,0.12209854372031557,6.637991969004057e-196,0.0,0.05
1405,0.60057,False,1,0.0,0.264,0.9451,70.1,0.0,0.0,0.0,1.8869253618374984,0.24498815859121592,1.6454254352227966,0.34010735925643576,0.35856683469152556,0.22578594693637272,0.07970282961363089,0.23910848884089267,0.05
1406,0.51788,False,1,0.0,0.2002,0.8826,80.0,0.0,0.0,0.0,1.8629270022263351,0.41198522868781107,2.0650214389004775,1.0979419817755063,0.31856536385040546,0.35055880207216833,0.36775909940858564,0.7378085346521741,0.05
1407,0.60104,False,1,0.0,0.2479,0.9361,64.3,0.0,0.0,0.0,1.8442671105577713,0.29603352162795066,1.8852517472210757,0.9559579387103824,0.3311400491345591,0.2716600832306466,0.21572952499885334,0.6107687271024383,0.05
1408,0.5540599999999999,False,1,0.0,0.19129999999999997,0.9381,80.0,0.0,0.0,0.0,1.7984033710701888,0.28073253200119025,1.8019539477822792,0.813729924750261,0.28528183528962414,0.29097058370874035,0.1707539125744777,0.5122617377234331,0.05
1409,0.50609,False,1,0.0,0.19380000000000003,0.8695,80.35,0.0,0.0,0.0,1.875333162768706,0.32908120163239485,2.0910075216757997,1.1530568155501206,0.35042492056777436,0.3619580261308017,0.3634111469929998,0.7367911356361637,0.05
1410,0.49373,False,1,0.0,0.2765,0.7034,40.8,0.0,0.0,0.0,2.0736199158859465,0.43426791079889004,2.634376784581239,1.3178061698777082,0.5760535871134895,0.4323852247747941,0.7081447689437707,0.7986694347770711,0.05
1411,0.5591999999999999,False,1,0.0,0.22080000000000002,0.9328,80.0,0.0,0.0,0.0,1.8192019134795356,0.2733948247526447,1.8335363825788562,0.7914926170810496,0.3095572196763228,0.2775518979377124,0.22776966708406401,0.6125106837233752,0.05
1412,0.50672,False,1,0.0,0.1987,0.8673,80.0,0.0,0.0,0.0,1.8596338018273104,0.34602275791008597,2.117274556718738,1.1894009216380372,0.354437008711319,0.35059824939977835,0.3550277895579342,0.7103611376829408,0.05
1413,0.5510899999999999,False,1,0.0,0.2143,0.9339999999999999,83.5,0.0,0.0,0.0,1.7996127648469122,0.2346247762394222,1.858214054998315,0.9102443976897578,0.2805995327731767,0.23887445171756128,0.16960000000281666,0.47608658877144244,0.05
1414,0.5676599999999999,False,1,0.0,0.2615,0.8703,60.0,0.0,0.0,0.0,1.864558012875627,0.2667549837524203,1.881457534333783,0.6881657929319821,0.3750372736394,0.27734406148526214,0.24931308988813788,0.5379687148745317,0.05
1415,0.5816399999999999,False,1,0.0,0.1948,1.0,88.4,0.0,0.0,0.0,1.7073873494505414,0.1341468530507935,1.5212000000096555,0.030740201685872586,0.20431135943637252,0.12952608505994834,5.044551566228238e-177,0.0,0.05
1416,0.5939700000000001,False,1,0.0,0.24710000000000001,0.8672000000000001,43.6,0.0,0.0,0.0,1.8744328110008575,0.317260261653748,2.097224744030788,1.1275255635885106,0.37606762663960497,0.32244910495965073,0.36126873210209554,0.7237127630727124,0.05
1417,0.56314,False,1,0.0,0.14379999999999998,1.0,90.0,0.0,0.0,0.0,1.6530015796474449,0.11035088192523568,1.5251000014735792,0.05238788404416155,0.13837291664388143,0.09714341201796169,4.488825490747368e-191,0.0,0.05
1418,0.51163,False,1,0.0,0.12190000000000001,0.9358000000000001,90.0,0.0,0.0,0.0,1.7568831395811564,0.2966230152147356,1.7902670727216716,0.8313606221518126,0.22816506439770973,0.30400544174924654,0.17727801022167136,0.5225673809194183,0.05
1419,0.5538699999999998,False,1,0.0,0.18949999999999997,0.9385999999999999,80.0,0.0,0.0,0.0,1.7548848753314084,0.3445690820931323,1.8419785759151899,0.905370421371779,0.2501764400874661,0.30292827340740824,0.19907681632328827,0.5972304489698648,0.05
1420,0.5299699999999998,False,1,0.0,0.2125,0.8785999999999999,74.4,0.0,0.0,0.0,1.9357956474706335,0.464879629491731,2.076014724777126,0.9824561326939067,0.3939157229251785,0.4238690577021106,0.38267187370037575,0.695651340508062,0.05
1421,0.6598499999999999,False,1,0.0,0.19949999999999998,1.0,50.0,0.0,0.0,0.0,1.7284277168069213,0.13086766702150757,1.5137,0.01938581955966781,0.21415643749376642,0.13037166175409062,2.1549990329418886e-189,0.0,0.05
1422,0.49375,False,1,0.0,0.2082,0.8447000000000001,80.0,0.0,0.0,0.0,1.8921431900928192,0.33745661452134285,2.2022484849438775,1.1739903202147886,0.3743313892220638,0.34065126404399865,0.4560160736818304,0.7530689373858009,0.05
1423,0.56953,False,1,0.0,0.1661,1.0,90.15,0.0,0.0,0.0,1.7119184679575425,0.17950153597559906,1.5175013888914113,0.017976901811889594,0.1818572414932203,0.1392360618028624,0.0020000000000007104,0.004381780460042533,0.05
1424,0.5007999999999999,False,1,0.0,0.1699,0.8718999999999999,80.25,0.0,0.0,0.0,1.8554973508392547,0.303677242160748,1.8777274057055315,0.7167911944865013,0.33651402704456235,0.351416324585109,0.283796101216785,0.5976904728680916,0.05
1425,0.4836499999999999,False,1,0.0,0.14209999999999998,0.8666,82.8,0.0,0.0,0.0,1.7896158908638085,0.35085105845512177,1.976109839827442,0.9195550851709764,0.29292235347690926,0.38404767428836684,0.18243805379732064,0.36487742236134924,0.05
1426,0.4957299999999999,False,1,0.0,0.23820000000000002,0.8061,70.0,0.0,0.0,0.0,1.9250952856233607,0.33464537214530626,2.151760319620677,1.0510819221702863,0.4225055863148975,0.34723920008784603,0.4144991104743389,0.6730007511818353,0.05
1427,0.5423899999999999,False,1,0.0,0.12159999999999997,0.9513,80.0,0.0,0.0,0.0,1.7156789309925013,0.20622100470845228,1.761261376953751,0.452678661413029,0.18663480696993928,0.19441154778931433,0.159700000000001,0.31940007827175204,0.05
1428,0.5125900000000001,False,1,0.0,0.1871,0.8658000000000001,74.8,0.0,0.0,0.0,1.843742176608983,0.3601947450224643,2.1935952360226207,1.4053195534254792,0.3141573624565371,0.3466570944414376,0.37578867148410044,0.7535239109665816,0.05
1429,0.5324799999999998,False,1,0.0,0.21259999999999998,0.869,69.8,0.0,0.0,0.0,1.8874443363414959,0.3824440903623276,1.911195602069112,0.7852931290023393,0.3699431480701802,0.35910222521623963,0.2816400465135564,0.6257071582399877,0.05
1430,0.6156499999999998,False,1,0.0,0.2116,0.9320999999999999,50.15,0.0,0.0,0.0,1.8140177702148628,0.21564988311594815,1.7127984426522254,0.6057960929441853,0.2993614477217018,0.24178973156535488,0.17023478353648405,0.5107043506094521,0.05
1431,0.53447,False,1,0.0,0.1149,1.0,100.0,0.0,0.0,0.0,1.6387658404167218,0.06093181758286992,1.5360000000000007,0.06234260180647105,0.12825088922376734,0.07699362979282331,0.013400000000000476,0.04020000000000143,0.05
1432,0.5239,False,1,0.0,0.20270000000000002,0.8717,73.55,0.0,0.0,0.0,1.9377476529908892,0.47505663752818883,2.087815109021994,1.1646587829939536,0.3746937948435427,0.3947322916790108,0.2860223332092664,0.6027079816186718,0.05
1433,0.4688199999999999,False,1,0.0,0.1996,0.8001999999999999,75.6,0.0,0.0,0.0,1.9634745128532696,0.44568877835639265,2.3269481789982103,1.2550729172878712,0.4454668735922681,0.45475843248612574,0.5723866300756149,0.877547012129023,0.05
1434,0.55564,False,1,0.0,0.29410000000000003,0.8663000000000001,69.5,0.0,0.0,0.0,2.0380128205572356,0.426344323279539,2.0421402025387194,1.0458993221800634,0.4733955804321015,0.34876426276794537,0.342649374702912,0.6833228998847776,0.05
1435,0.5361099999999999,False,1,0.0,0.2037,0.8739999999999999,68.4,0.0,0.0,0.0,1.8926411969193286,0.4082330718322674,2.0687172612122278,1.0643518162897896,0.36254359466280284,0.38186212844142897,0.408373442043869,0.8215024438722818,0.05
1436,0.5348499999999999,False,1,0.0,0.22359999999999997,0.9400999999999999,95.15,0.0,0.0,0.0,1.8312802403343162,0.28531232448614324,1.8214461384772445,0.7839778229865149,0.3036205061858957,0.2707885610875879,0.22044613843372146,0.6613384153011644,0.05
1437,0.53643,False,1,0.0,0.19430000000000003,0.8762000000000001,67.6,0.0,0.0,0.0,1.9683774878039426,0.5332151612859984,1.8879429164085344,0.8466512251573168,0.3752336994891207,0.40323370685137494,0.30348209831814865,0.6867696865555756,0.05
1438,0.5140800000000001,False,1,0.0,0.11490000000000003,0.9423,90.0,0.0,0.0,0.0,1.6954571762720945,0.22192402566689148,1.6443000000000005,0.3391371551452319,0.17850482544659355,0.2220224295447767,0.07970000000000035,0.23910000000000106,0.05
1439,0.5508799999999999,False,1,0.0,0.24569999999999997,0.9340999999999999,88.35,0.0,0.0,0.0,1.850071584481249,0.21964615523054049,1.8297176150311423,0.9426553895871171,0.3246579527080558,0.2329650002536462,0.1628774566927537,0.48863237007826105,0.05
1440,0.5424900000000001,False,1,0.0,0.1687,0.9884000000000001,100.0,0.0,0.0,0.0,1.7479371586042596,0.2197283339795573,1.639211111111257,0.3419274793156174,0.21727742411735207,0.17884055891891773,0.07980000000000088,0.23940000000000264,0.05
1441,0.6241399999999999,False,1,0.0,0.2158,1.0,70.3,0.0,0.0,0.0,1.7806417252276017,0.15693563675628716,1.5002,0.0006000000000000005,0.25538968405931817,0.127244048201944,1.369880829656981e-195,0.0,0.05
1442,0.4803200000000001,False,1,0.0,0.2293,0.8169000000000001,80.15,0.0,0.0,0.0,1.9184887993323554,0.39208539887543203,2.083285529813826,0.9184503535259544,0.41899044563206483,0.3952360740606145,0.45249726620102315,0.7450709646612643,0.05
1443,0.55786,False,1,0.0,0.1262,1.0,90.0,0.0,0.0,0.0,1.6627700663747327,0.13578397325344277,1.5154645453559037,0.017779182390138162,0.14815668180203853,0.12071826367349868,0.004200000000000629,0.008411896337926491,0.05
1444,0.5272400000000002,False,1,0.0,0.22939999999999997,0.8716000000000002,75.85,0.0,0.0,0.0,1.8719061613175316,0.30125696200349517,2.066291603685241,1.0697629460563558,0.37565460868675055,0.3268321314185818,0.43434055274419114,0.8609669051339763,0.05
1445,0.5384499999999999,False,1,0.0,0.1479,0.9343999999999999,80.0,0.0,0.0,0.0,1.728333029626284,0.28133731359350184,1.7902612848137074,0.7667110011539937,0.23642054913072635,0.3051038973628621,0.17280000009148336,0.5154069850932386,0.05
1446,0.5572299999999999,False,1,0.0,0.1359,0.9378,70.0,0.0,0.0,0.0,1.6941857420682527,0.21091550978025342,1.7794186363057207,0.7594659874775014,0.20422511952089897,0.25312114980682837,0.19058530297238727,0.5342099110762485,0.05
1447,0.5043799999999999,False,1,0.0,0.19229999999999997,0.8667,80.0,0.0,0.0,0.0,1.8890289163686027,0.3937829370043003,2.15314874285564,1.5150344250789036,0.3761719168875307,0.3863618731332699,0.2795999866153095,0.620633059017054,0.05
1448,0.5310999999999999,False,1,0.0,0.2056,0.8705999999999999,70.0,0.0,0.0,0.0,1.9193704850628213,0.4008894449321032,1.9070850132510593,0.8921777872258189,0.39045615742752066,0.3917502344260403,0.31557069871521615,0.7215107656617746,0.05
1449,0.5462400000000001,False,1,0.0,0.1887,0.9349000000000001,82.4,0.0,0.0,0.0,1.7794603310687698,0.27385915855712684,1.8218544349272938,0.8436222854245358,0.27083537023564774,0.2851952085877457,0.1270000000000008,0.324740203855328,0.05
1450,0.5629299999999999,False,1,0.0,0.248,0.9359,83.3,0.0,0.0,0.0,1.8649199664883234,0.271824662587322,1.9893336862362474,1.1500615690175389,0.3460778510363952,0.2534805663943597,0.23130035290291345,0.5017546907456892,0.05
1451,0.49404000000000003,False,1,0.0,0.2577,0.7319000000000001,47.8,0.0,0.0,0.0,2.0833295103664806,0.42134543897815174,2.532862133944604,1.3482302246720292,0.5757435429505693,0.4399926095367859,0.6716156315733743,0.8886617282208991,0.05
1452,0.51804,False,1,0.0,0.2631,0.7503,43.05,0.0,0.0,0.0,2.055728766131212,0.48876698141300445,2.4658023411753973,1.263009342927303,0.522336548031722,0.4174171069686226,0.5771736337376774,0.7464152100211223,0.05
1453,0.5522899999999998,False,1,0.0,0.18819999999999998,0.9369,80.0,0.0,0.0,0.0,1.7349777375308115,0.21843294252296697,1.752929457549098,0.7175504606329978,0.24727175511278743,0.24023226650340573,0.15512373593472223,0.46337466074645395,0.05
1454,0.5895699999999999,False,1,0.0,0.23290000000000002,1.0,90.15,0.0,0.0,0.0,1.7970031481881925,0.16576048433190393,1.5151,0.02385979882563971,0.25552970476004694,0.12017989921831733,2.739761650281369e-195,0.0,0.05
1455,0.4950399999999998,False,1,0.0,0.23170000000000002,0.8119,71.4,0.0,0.0,0.0,1.9599589811665736,0.3354576147622785,2.2703453893385097,1.1393627777842723,0.433133187174178,0.35153412539899814,0.5342761150130299,0.8212801207111196,0.05
1456,0.5884100000000001,False,1,0.0,0.1818,0.9341000000000002,60.0,0.0,0.0,0.0,1.750682999269383,0.25555497636116853,1.7936499454160475,0.7520068476299234,0.25996093301578976,0.2962935059664461,0.20344991356264006,0.6103497406879203,0.05
1457,0.46169999999999994,False,1,0.0,0.3124,0.6834,55.2,0.0,0.0,0.0,2.1231003166773954,0.40264274522767357,2.6490624704413057,1.2081754220221108,0.6447036055072706,0.41312376412806573,0.7869341712484822,0.8062099974796314,0.05
1458,0.51186,False,1,0.0,0.2029,0.8737,80.3,0.0,0.0,0.0,1.8488724573676922,0.34212049522175025,2.0889955981653743,1.1656779334252907,0.33141775638945864,0.3360201204591915,0.3533823586352218,0.7078888641658244,0.05
1459,0.55414,False,1,0.0,0.11580000000000001,1.0,90.3,0.0,0.0,0.0,1.64382695271111,0.08344351321779998,1.5603032814113726,0.05838553449856986,0.12799798967861162,0.0829098224623137,9.971315609785545e-220,0.0,0.05
1460,0.54401,False,1,0.0,0.18140000000000003,0.9317,81.3,0.0,0.0,0.0,1.7947171408738722,0.29724375673115017,1.7932842804772597,0.8240834519478364,0.2627278830707091,0.25791340845754,0.15830000080500636,0.47490000241501906,0.05
1461,0.60149,False,1,0.0,0.20529999999999998,1.0,80.05,0.0,0.0,0.0,1.7534883018232055,0.12843515778128173,1.5220253833452866,0.03141951448080767,0.23536263442797822,0.09496445316771142,0.0022000000000003154,0.006600000000000947,0.05
1462,0.5306599999999999,False,1,0.0,0.1786,0.8724000000000001,66.8,0.0,0.0,0.0,1.7773427909773165,0.27424455906686,1.9064307109900234,0.7444249457493901,0.2986053556535425,0.31923677352784285,0.2789745477955744,0.5796966593968323,0.05
1463,0.6105900000000001,False,1,0.0,0.18370000000000003,0.9364000000000001,50.0,0.0,0.0,0.0,1.7944363251594933,0.27444479438390146,1.6780888887200227,0.33413833412885346,0.2782220343052594,0.291016132574239,0.07990000000000035,0.23970000000000108,0.05
1464,0.5381199999999999,False,1,0.0,0.24420000000000003,0.8078,50.3,0.0,0.0,0.0,2.028741429196555,0.46476786522794283,1.999509438994334,0.8177795558544498,0.4702728427364062,0.4001542960422542,0.33690952236674176,0.5730921885992193,0.05
1465,0.5292199999999999,False,1,0.0,0.1956,0.8722000000000001,70.0,0.0,0.0,0.0,1.8056555133028667,0.2839261107572452,1.8691915381126747,0.6988041170355883,0.3025785363149777,0.28898170704033593,0.24873332708578055,0.5153677839234869,0.05
1466,0.55097,False,1,0.0,0.2395,0.8736,66.2,0.0,0.0,0.0,1.908293278773769,0.3209767026980017,1.9027854649415592,0.8604313245561888,0.3816709066455005,0.31185335468436365,0.18790000000000054,0.38101665317935995,0.05
1467,0.51231,False,1,0.0,0.123,0.9362999999999999,90.0,0.0,0.0,0.0,1.7449843827500655,0.33350675924684187,1.6492841791267256,0.31308343433774,0.2195935318987022,0.3101211904194845,0.09150048597215407,0.23835716404740792,0.05
1468,0.52689,False,1,0.0,0.1883,0.9380000000000001,93.1,0.0,0.0,0.0,1.7802575809881311,0.223626695806264,1.765748668534427,0.6534403715015011,0.26417265536749707,0.24405936722735982,0.1628440118985322,0.4885320356955966,0.05
1469,0.42045999999999983,False,1,0.0,0.23349999999999999,0.7333,81.45,0.0,0.0,0.0,2.156835725370577,0.5713326931938383,2.6207806102722166,1.322662275171258,0.577539122116522,0.49066158123069464,0.7014481323064004,0.8669269195983581,0.05
1470,0.5306,False,1,0.0,0.21610000000000001,0.8661,70.25,0.0,0.0,0.0,1.8391934241415442,0.2564391440550433,1.9537976331959008,0.9767214205775955,0.3510812265219828,0.3110432921056034,0.2450000036513559,0.5258952464844109,0.05
1471,0.5208299999999999,False,1,0.0,0.1716,0.8705,70.0,0.0,0.0,0.0,1.8178716099114223,0.33377132199630205,2.0149628635385683,1.019395458226217,0.321822502092775,0.3666668249767152,0.42798650047145603,0.8662925071048401,0.05
1472,0.48529000000000005,False,1,0.0,0.2293,0.8030000000000002,72.8,0.0,0.0,0.0,1.9307518262832726,0.36734307929422044,2.389700620038953,1.2746383412154956,0.42532660915580633,0.3970483790960301,0.39049695372846316,0.617028755519036,0.05
1473,0.5436099999999999,False,1,0.0,0.2354,0.8756999999999999,70.0,0.0,0.0,0.0,1.9302914725010833,0.319682694420798,1.9154718382795501,0.844989936163352,0.37749587289354286,0.30047573921625254,0.2518746160573276,0.5441984596327202,0.05
1474,0.5030499999999999,False,1,0.0,0.1748,0.8722999999999999,80.0,0.0,0.0,0.0,1.8562863534302063,0.3600261075256545,1.8230988961774663,0.621986310952579,0.3334956403032449,0.35745253863898235,0.24141349915178206,0.5078130450961623,0.05
1475,0.6013899999999999,False,1,0.0,0.26610000000000006,0.9347999999999999,66.4,0.0,0.0,0.0,1.8680966988022323,0.30211736087349156,1.784780203728157,0.8238233026736171,0.3550429791581343,0.28826308191403144,0.1975801874521154,0.5927405623563462,0.05
1476,0.5192399999999999,False,1,0.0,0.15510000000000002,0.9333,90.3,0.0,0.0,0.0,1.8117080594855888,0.3242192135295823,1.7791205213314918,0.7586572933009373,0.2634924693454271,0.3046433477830967,0.208676076887034,0.6004787070248961,0.05
1477,0.4915299999999999,False,1,0.0,0.21690000000000004,0.8168,72.65,0.0,0.0,0.0,1.902411982670324,0.33935121188313766,2.019977080977937,0.8880059547326452,0.4021971975085421,0.3603759821527662,0.36251041465928263,0.6383003542141958,0.05
1478,0.5241799999999999,False,1,0.0,0.22279999999999997,0.8412,65.75,0.0,0.0,0.0,1.8573328129276703,0.2670395064959501,1.9727296597225732,0.734136226975828,0.3701899567880332,0.2986890168414703,0.32365505454875587,0.5400959562736923,0.05
1479,0.6036299999999999,False,1,0.0,0.2121,1.0,80.0,0.0,0.0,0.0,1.7576019109978536,0.14234231336289785,1.5296362982855904,0.030570735111966372,0.24484058677809836,0.12584888310923845,1.0702193960191793e-197,0.0,0.05
1480,0.5575899999999999,False,1,0.0,0.20600000000000002,0.9376999999999999,80.3,0.0,0.0,0.0,1.8198732984006427,0.26157342071198725,1.644981367173541,0.33620074658911203,0.2923622778351163,0.25828514938953345,0.0831001563845606,0.23871722583766972,0.05
1481,0.57986,False,1,0.0,0.14219999999999997,0.9960000000000001,80.0,0.0,0.0,0.0,1.6796379320197794,0.12250565117460838,1.6374555556484243,0.33954760914103166,0.17267963587831076,0.11277833267852555,0.07990000000000086,0.23970000000000255,0.05
1482,0.5509599999999999,False,1,0.0,0.21270000000000003,0.8684999999999998,60.4,0.0,0.0,0.0,1.8664293484795504,0.3459587034207033,2.1339743628768746,1.2368529910441428,0.3598499383605458,0.34244371130637813,0.34296308000316156,0.6845607207686276,0.05
1483,0.60625,False,1,0.0,0.22149999999999997,1.0,80.1,0.0,0.0,0.0,1.764468973573014,0.18807407712208532,1.5410234277509987,0.05391725461408086,0.2434616262701989,0.13772453778100746,0.0058000000000003665,0.0174000000000011,0.05
1484,0.59761,False,1,0.0,0.2092,0.9355,60.0,0.0,0.0,0.0,1.7534045013509296,0.21047688981219964,1.8115380592228754,0.8095421298310369,0.2693133904426127,0.23052244031408287,0.1864380592228754,0.5593141776686261,0.05
1485,0.4647499999999999,False,1,0.0,0.2487,0.7362,62.6,0.0,0.0,0.0,2.0432531897867134,0.4490142084209642,2.672645693345618,1.449803510364593,0.5309316584418403,0.42495910846772184,0.6926682295883916,0.848753839192326,0.05
1486,0.59866,False,1,0.0,0.2012,1.0,80.85,0.0,0.0,0.0,1.763333742066067,0.17349816849058156,1.6087897569542666,0.1717807008218308,0.2306797014225103,0.1301704551493386,0.05960000000000165,0.12344974686082041,0.05
1487,0.5227199999999999,False,1,0.0,0.23850000000000002,0.8010999999999999,54.8,0.0,0.0,0.0,1.933214562286718,0.38322322061466885,2.2142269159078167,1.0672856582074235,0.4409903327705374,0.40528774690479025,0.4837629999748169,0.7420139369262337,0.05
1488,0.55363,False,1,0.0,0.1923,0.9372,80.05,0.0,0.0,0.0,1.7962602884144139,0.2237044953996394,1.7516967673850534,0.7316818764509742,0.2711843287644208,0.23221163551060767,0.18556121407959544,0.5566836422387863,0.05
1489,0.54905,False,1,0.0,0.21580000000000005,0.9353,85.2,0.0,0.0,0.0,1.841623871286401,0.37221862894028157,1.7769705779889935,0.7150533703903391,0.3086901834513254,0.3174356884096951,0.2023588592389936,0.5991193086264943,0.05
1490,0.52322,False,1,0.0,0.1456,0.9342,87.2,0.0,0.0,0.0,1.7965040093898483,0.4706659496473701,1.7788624462665097,0.8050962586899199,0.25226580497596474,0.3766538056542806,0.09200000000000028,0.27599999999999986,0.05
1491,0.61101,False,1,0.0,0.24010000000000004,0.9414,60.0,0.0,0.0,0.0,1.8292603168494839,0.17319755900087924,1.645155555663371,0.3374269896312021,0.3212364200696779,0.20004385841630895,0.0799000000000002,0.23970000000000058,0.05
1492,0.5117400000000001,False,1,0.0,0.24290000000000003,0.8841000000000001,90.0,0.0,0.0,0.0,1.9300796366333635,0.4094043914671025,1.8832921766635806,0.8032228702341327,0.39416152304028756,0.35476719548072544,0.2811546765602083,0.6243609502408637,0.05
1493,0.42315,False,1,0.0,0.2638,0.6743,64.0,0.0,0.0,0.0,2.101609395993139,0.4046219795587478,2.605517774498482,1.164465829950061,0.5995230000285583,0.41769582512317704,0.795277679957475,0.8537319288379698,0.05
1494,0.5372699999999999,False,1,0.0,0.20549999999999996,0.9366,90.0,0.0,0.0,0.0,1.7782825669028468,0.23077972479674494,1.754588684582097,0.6517416143126237,0.270698040061388,0.23135911886985183,0.17496729842681885,0.4865800214150636,0.05
1495,0.5762499999999999,False,1,0.0,0.1715,1.0,87.6,0.0,0.0,0.0,1.7504788143519605,0.1370972941828952,1.6217000000000013,0.2503429847229635,0.20961405896581517,0.11467210514231882,0.060200000000000906,0.18060000000000273,0.05
1496,0.5142399999999999,False,1,0.0,0.20900000000000002,0.8702,78.8,0.0,0.0,0.0,1.844578130749165,0.271873029380668,1.873152100224622,0.8081740738353316,0.36165155518139824,0.33138922930285003,0.29847634745384666,0.6726872725665287,0.05
1497,0.5997799999999999,False,1,0.0,0.2104,0.9478,63.4,0.0,0.0,0.0,1.7994077885519517,0.31323484151585834,1.7921054590819026,0.8305307191213765,0.2684668512709253,0.27906337960112454,0.22960545908190255,0.6874840782805406,0.05
1498,0.57642,False,1,0.0,0.22030000000000002,0.8719000000000001,50.0,0.0,0.0,0.0,1.866269117773926,0.2690625453387116,1.9855646274617798,0.80077532145546,0.36955398996325595,0.3308496021255706,0.3358390118837153,0.5700720610539568,0.05
1499,0.5052699999999999,False,1,0.0,0.11200000000000002,0.9311,90.05,0.0,0.0,0.0,1.7519586816468293,0.4010487173824815,1.9636185074222368,1.2093001693310756,0.22052462170702114,0.35679215839356815,0.22891706998351968,0.6325414792676111,0.05
1500,0.4599599999999999,False,2,0.0,0.1946,0.8044,80.75,0.0,0.0,0.0,2.0649613113049705,0.5667883914598146,2.1825429522449227,1.0921472760597521,0.49863645809586776,0.5170710713822065,0.4779479140222582,0.7951773242941286,0.05
1501,0.58211,False,2,0.0,0.1727,1.0,84.85,0.0,0.0,0.0,1.7213375301568044,0.10108271149978264,1.5141,0.031133422555189805,0.21113579045656383,0.0925690987026407,5.635623354240975e-225,0.0,0.05
1502,0.48959,False,2,0.0,0.12840000000000001,0.9301,100.0,0.0,0.0,0.0,1.8080561053385662,0.40773175208554835,1.737457044054207,0.6796920046078317,0.25383709410856004,0.33357139015498644,0.1744570440542069,0.5233711321626207,0.05
1503,0.44423,False,2,0.0,0.1366,0.7955,76.8,0.0,0.0,0.0,1.9137331003152631,0.4914621319285721,2.433517447653389,1.3532406855948609,0.39896404765235793,0.4942698249906984,0.6232174476533894,0.9527469350941783,0.05
1504,0.4693999999999999,False,2,0.0,0.1072,0.8991999999999999,96.1,0.0,0.0,0.0,1.911074036792499,0.6254492262868329,2.0998691049975036,1.0596406027974816,0.3046968484828043,0.4277019163150597,0.3822617253514916,0.6993354518220486,0.05
1505,0.5135200000000001,False,2,0.0,0.22319999999999998,0.8038000000000001,58.05,0.0,0.0,0.0,2.030923874623301,0.4990545560261924,2.3167756265724795,1.20537804758459,0.49380487848459154,0.4523772115295565,0.5393632537320034,0.8569931329600047,0.05
1506,0.50362,False,2,0.0,0.14240000000000003,0.9349999999999999,96.8,0.0,0.0,0.0,1.7602650527835568,0.3334296817995369,1.8068717427382566,0.8666548826802647,0.24385170754674207,0.32565016161289045,0.17666063162184698,0.5102955350487073,0.05
1507,0.5229199999999999,False,2,0.0,0.1963,0.8629,70.0,0.0,0.0,0.0,1.9197474848637974,0.4504102120133599,2.1489373440809962,1.2748965423896876,0.4015047911994709,0.4400534476742525,0.409032100679838,0.8187133973292998,0.05
1508,0.53938,False,2,0.0,0.1978,0.8742000000000001,65.95,0.0,0.0,0.0,1.8732442687744613,0.3490169224614313,2.138520969446414,1.2209471940551564,0.3638075372539479,0.3743983284439162,0.4397813527681622,0.8694877995507981,0.05
1509,0.54118,False,2,0.0,0.1086,1.0,95.7,0.0,0.0,0.0,1.6647891346486425,0.13283684667559054,1.543100975619423,0.10331384370861112,0.1462406070667906,0.11488789838581956,0.02420000000000063,0.07260000000000189,0.05
1510,0.5255299999999998,False,2,0.0,0.11460000000000001,0.9324999999999999,80.8,0.0,0.0,0.0,1.7806941580692883,0.40356200679706355,1.7543861960332567,0.763158588099769,0.24186787579778163,0.36415321718175425,0.20138619603325628,0.6041585880997687,0.05
1511,0.5239600000000001,False,2,0.0,0.1916,0.8664000000000002,70.0,0.0,0.0,0.0,1.9463024736905403,0.48986596036696334,1.992814015840589,0.9562676657393051,0.4059238016048797,0.44567129009676815,0.285845804548159,0.5851709710326488,0.05
1512,0.62813,False,2,0.0,0.14719999999999997,0.9961,56.65,0.0,0.0,0.0,1.7039060085647755,0.11636211314032485,1.6931666666666758,0.3343139141733103,0.19142400463915393,0.1162682411504934,0.10210000000000148,0.24154521315894745,0.05
1513,0.5707199999999999,False,2,0.0,0.13540000000000002,1.0,84.95,0.0,0.0,0.0,1.6800617262526543,0.09901620996004995,1.536488894653321,0.04791377228923595,0.17218825399082166,0.10070528309004362,0.010000000000000427,0.03000000000000128,0.05
1514,0.58632,False,2,0.0,0.1564,1.0,80.3,0.0,0.0,0.0,1.7696874128860145,0.19835038290819737,1.5292329214202038,0.049761498296295725,0.22272369946352702,0.1618366914038066,2.6128403176501574e-201,0.0,0.05
1515,0.6108999999999999,False,2,0.0,0.1921,0.9381,51.7,0.0,0.0,0.0,1.8281433057296361,0.3279272164039124,1.8404342592966967,0.8521315344531457,0.3120003763293203,0.3068160696021842,0.21070580863281146,0.6321174258984343,0.05
1516,0.54353,False,2,0.0,0.20509999999999998,0.933,85.55,0.0,0.0,0.0,1.8940414883392862,0.3061089674310376,1.792649406370583,0.7771190649554355,0.3482322891404134,0.29717507012216143,0.1918494063705825,0.5755482191117476,0.05
1517,0.51292,False,2,0.0,0.1304,0.9339999999999999,90.0,0.0,0.0,0.0,1.74221791017171,0.2615161248667632,1.6458765042603265,0.2560212326180629,0.21916997392724502,0.25761174326862996,0.11161921852841841,0.23637357076677223,0.05
1518,0.57466,False,2,0.0,0.1517,0.9844999999999999,80.0,0.0,0.0,0.0,1.7596727277880977,0.1297151219550932,1.626600000038414,0.3421586564283237,0.22462604232200598,0.11402802157518399,0.08530000000000136,0.23844414440283784,0.05
1519,0.5793200000000001,False,2,0.0,0.14340000000000003,1.0,81.85,0.0,0.0,0.0,1.7043553999009045,0.1294777708101199,1.5267,0.032787345119725725,0.17583084925958237,0.1209711254939432,4.981455834088236e-202,0.0,0.05
1520,0.5437999999999998,False,2,0.0,0.146,1.0,100.0,0.0,0.0,0.0,1.718228599166962,0.16687444847916325,1.5331007314792058,0.029168368629662343,0.18260795054160023,0.1383977939988784,1.4708983399407424e-186,0.0,0.05
1521,0.5354099999999999,False,2,0.0,0.1127,1.0,99.2,0.0,0.0,0.0,1.6911870354442118,0.16426274898433407,1.5185,0.03192882710028668,0.15922052755399824,0.15105609005918805,4.0825629996859277e-203,0.0,0.05
1522,0.5115999999999998,False,2,0.0,0.1542,0.9321999999999999,93.6,0.0,0.0,0.0,1.7615515908856587,0.27151240409404354,1.7741559560910134,0.7191988899874404,0.24807608882790708,0.26787000832150076,0.17801269234636727,0.5104896081505902,0.05
1523,0.56781,False,2,0.0,0.1518,0.9591000000000001,74.55,0.0,0.0,0.0,1.772156301504522,0.17399708143594442,1.632155555555703,0.3406479381674774,0.23929662574551194,0.15047006685843017,0.07990000000000082,0.2397000000000024,0.05
1524,0.5112599999999999,False,2,0.0,0.14200000000000002,0.9358000000000001,93.2,0.0,0.0,0.0,1.7789850956011342,0.39170892424335846,1.8014821306990274,0.7819586759780552,0.25806344419773475,0.35604163640809366,0.19228213069902753,0.5768463920970827,0.05
1525,0.5019499999999999,False,2,0.0,0.12029999999999999,0.9328,93.55,0.0,0.0,0.0,1.7522255125393407,0.3376316449967401,1.7869911569263217,0.8273968159542463,0.21603193583417105,0.2876471566802159,0.20637032359298782,0.6141272542650091,0.05
1526,0.53614,False,2,0.0,0.1546,0.9328,81.6,0.0,0.0,0.0,1.7908109917907638,0.33976669076326715,1.8725962891588135,1.0905754264754997,0.2753181551451484,0.34934314680561057,0.21889104624130082,0.6566731387239024,0.05
1527,0.5159999999999998,False,2,0.0,0.1524,0.9343999999999999,91.9,0.0,0.0,0.0,1.815827447928515,0.31549348492526375,1.7880888054904012,0.7658940211919847,0.270206120636545,0.29736012397939393,0.1830554721570678,0.5135480007801285,0.05
1528,0.5762699999999998,False,2,0.0,0.2365,0.9216,69.9,0.0,0.0,0.0,2.0347678819183455,0.5566319954237471,1.9335334314278192,0.95291697849834,0.42297769859974227,0.3793363287039412,0.2911860087953738,0.6524810766805401,0.05
1529,0.5416799999999999,False,2,0.0,0.1617,0.9330999999999999,80.0,0.0,0.0,0.0,1.8024875420310615,0.2621916633131315,1.646154598662557,0.33561080499479595,0.2715106590024708,0.2710427524861902,0.07970000000000031,0.23910000000000092,0.05
1530,0.5999399999999997,False,2,0.0,0.20079999999999995,0.9629999999999999,67.2,0.0,0.0,0.0,1.8272988618913488,0.19218858047806614,1.6499555555555567,0.3405255350190389,0.29061441072455996,0.1479141255930727,0.07990000000000094,0.23970000000000283,0.05
1531,0.5713699999999999,False,2,0.0,0.1906,0.9347,70.05,0.0,0.0,0.0,1.865284429396653,0.36821477042039746,1.8088675034048045,0.7495322796550152,0.30986937620233046,0.32710750741066136,0.1732024735122855,0.5196074205368565,0.05
1532,0.5996999999999999,False,2,0.0,0.178,1.0,76.85,0.0,0.0,0.0,1.7463535381183661,0.13005866014356435,1.5579001469794123,0.0602835167036431,0.22608275877813416,0.12310976386153052,1.856535593153109e-215,0.0,0.05
1533,0.5118699999999999,False,2,0.0,0.1849,0.866,74.9,0.0,0.0,0.0,1.9318519257791036,0.42622909675285975,2.180111540516001,1.3315585827043792,0.3941495702217762,0.4138129052539533,0.3450677213476423,0.6902061957637942,0.05
1534,0.5912999999999999,False,2,0.0,0.17099999999999999,1.0,80.0,0.0,0.0,0.0,1.728168813906326,0.14580326324889656,1.5145,0.032240502477473905,0.20663147132017304,0.11265910760731429,9.96756749821967e-207,0.0,0.05
1535,0.45704999999999985,False,2,0.0,0.1679,0.8093999999999999,79.95,0.0,0.0,0.0,2.0427563229904844,0.6518849927608205,2.3950287997522772,1.2886683670362955,0.4634810564447636,0.5720594218480413,0.5098313495119878,0.8299667912064109,0.05
1536,0.5780800000000001,False,2,0.0,0.1822,0.9326000000000001,64.7,0.0,0.0,0.0,1.8657638298487202,0.3675932938292541,2.0296727773629115,1.4119786583757539,0.32227242663781,0.33384982036104793,0.19999999373621705,0.5999999812086512,0.05
1537,0.5310899999999998,False,2,0.0,0.1075,0.9411999999999999,80.0,0.0,0.0,0.0,1.6953788608051528,0.2357931508774168,1.6234111111111118,0.34231130893124656,0.18773732814180547,0.26954092610254127,0.0798000000000004,0.23940000000000114,0.05
1538,0.5045099999999999,False,2,0.0,0.1004,0.9337,89.6,0.0,0.0,0.0,1.7306510278798921,0.30057014156218304,1.7942473455715109,0.8537397772761572,0.2060529086728425,0.3111921959055127,0.22603895942607574,0.6734631465357815,0.05
1539,0.5001399999999999,False,2,0.0,0.14789999999999998,0.8641,74.55,0.0,0.0,0.0,1.8826442594433712,0.5183247855557924,2.0962197682494157,1.1504628688743348,0.33259963428514455,0.4289604385920907,0.33472184376878433,0.6701508098126613,0.05
1540,0.5919099999999999,False,2,0.0,0.2182,0.9395,65.6,0.0,0.0,0.0,1.8874635695035837,0.38182203469561704,1.8156866345454887,0.8493655695590256,0.3437444373333482,0.3381900866059498,0.24557552343317987,0.7091689160196927,0.05
1541,0.5546399999999999,False,2,0.0,0.21810000000000002,0.8703,60.0,0.0,0.0,0.0,1.9467235923779291,0.3866895495128891,2.129806472638349,1.233444034772371,0.40778953534891044,0.3743449765231034,0.38234286657521155,0.7674500529739016,0.05
1542,0.5417699999999999,False,2,0.0,0.1797,0.9298,81.5,0.0,0.0,0.0,1.9024368802270897,0.373405549131373,1.8181143838894473,0.859622049173533,0.3357836389093987,0.3320285003055578,0.17954361391543391,0.5326578766707321,0.05
1543,0.5509899999999999,False,2,0.0,0.16849999999999998,0.8712,54.7,0.0,0.0,0.0,1.909763268448374,0.4859830579850164,2.038359217111096,1.0189484845247456,0.35689569957946504,0.42819861511019996,0.3713601574819104,0.7462555472168738,0.05
1544,0.53749,False,2,0.0,0.1365,0.9412,81.15,0.0,0.0,0.0,1.7774540760306887,0.37609510924188294,1.8000824187482067,0.8131420344746506,0.24398165589526152,0.3435283562732954,0.2302825530802041,0.6898482390785311,0.05
1545,0.5324500000000001,False,2,0.0,0.2279,0.8634000000000001,70.15,0.0,0.0,0.0,2.039051108799433,0.5050835860116604,2.098628110140558,1.4139381684892378,0.4516160700906494,0.3879160196375767,0.28149432583246375,0.6201644525252488,0.05
1546,0.58002,False,2,0.0,0.15560000000000002,0.9321999999999999,59.6,0.0,0.0,0.0,1.7896888676144342,0.2585209505022604,1.8262738902217894,0.8943706907154205,0.27477276458592514,0.27912383580999806,0.20916135640871109,0.6274840692261332,0.05
1547,0.5006999999999999,False,2,0.0,0.09200000000000001,0.933,90.0,0.0,0.0,0.0,1.6983217816147005,0.2726103030521532,1.7308897080704622,0.6162317432121615,0.1854302933595928,0.2895646959233593,0.17651007189800527,0.4939534730269526,0.05
1548,0.5554299999999999,False,2,0.0,0.1503,0.9332,71.45,0.0,0.0,0.0,1.8332625663021656,0.2883952012300785,1.7710775770405214,0.7571554610995278,0.280836309639628,0.2921602846880411,0.17880889352431859,0.5265026590807111,0.05
1549,0.4705599999999999,False,2,0.0,0.1453,0.8671,90.0,0.0,0.0,0.0,1.842052724099418,0.3874189394640232,2.0210660889844134,0.9836262592163226,0.32053251326532173,0.393647514496816,0.28825012430647834,0.5712947812022137,0.05
1550,0.5288999999999998,False,2,0.0,0.1177,0.9337,80.0,0.0,0.0,0.0,1.7465276896880169,0.31440285903054704,1.7778596948013117,0.8335790844033788,0.21819260778331756,0.3007257509096628,0.1808596948011449,0.5425790844034346,0.05
1551,0.51925,False,2,0.0,0.19340000000000002,0.8699,73.85,0.0,0.0,0.0,1.9138206051327924,0.3521805820431866,1.898244719908332,0.8146447512383115,0.3794895932506967,0.3603436818471,0.18370000000011316,0.37139629777387234,0.05
1552,0.45870000000000005,False,2,0.0,0.15740000000000004,0.8724000000000001,99.6,0.0,0.0,0.0,1.9364355090754017,0.6180197358672522,2.052680255280457,1.0344890104635167,0.3689673889810321,0.5007561095513886,0.4227802552804568,0.8461350287834855,0.05
1553,0.5437299999999999,False,2,0.0,0.18639999999999998,0.9833000000000001,100.25,0.0,0.0,0.0,1.8655706705028916,0.30271131778720217,1.6306555555555569,0.34313340619130545,0.29167351855503443,0.23641438820966737,0.07990000000000103,0.23970000000000308,0.05
1554,0.5248299999999999,False,2,0.0,0.1776,0.9315,90.25,0.0,0.0,0.0,1.827885978446362,0.40491543116399314,1.8427793673870696,0.980859191364293,0.29450779259480236,0.3579636967550239,0.1744793673870693,0.5234381021612078,0.05
1555,0.49489999999999995,False,2,0.0,0.12350000000000001,0.9295,96.4,0.0,0.0,0.0,1.7891347961500397,0.36444550876531123,1.8901912367918157,1.0381678784828232,0.24669668924758587,0.3339878734107693,0.20039089152447684,0.5820962473998016,0.05
1556,0.60843,False,2,0.0,0.18009999999999998,1.0,72.8,0.0,0.0,0.0,1.7604984564509152,0.16713204900106224,1.6441951514138133,0.32779568050424784,0.23213803831892413,0.14339376371310172,0.07700000000000101,0.23100000000000306,0.05
1557,0.50247,False,2,0.0,0.14989999999999998,0.8710000000000001,76.1,0.0,0.0,0.0,1.886471287217023,0.5487415110826419,2.112051508274802,1.1774269040117507,0.3490360343822731,0.48537782338414276,0.4046494092658165,0.7937178335871057,0.05
1558,0.5823799999999999,False,2,0.0,0.1486,1.0,81.1,0.0,0.0,0.0,1.702520992895396,0.1036439145734036,1.5239,0.03731340241789811,0.1818199262583655,0.10165638414333587,2.2304521554090356e-222,0.0,0.05
1559,0.5343499999999999,False,2,0.0,0.2072,0.8756999999999999,70.4,0.0,0.0,0.0,1.9338323386745568,0.40065084366591125,2.0436672745606415,1.0308068432161064,0.39323043191989304,0.3855006292631048,0.33091609763442786,0.6641381570206359,0.05
1560,0.5569899999999999,False,2,0.0,0.12329999999999999,1.0,90.0,0.0,0.0,0.0,1.680539268835971,0.13265286350284722,1.5163,0.019965219758369762,0.15797642791264058,0.12559704664561167,8.224115132230909e-210,0.0,0.05
1561,0.5186299999999999,False,2,0.0,0.0991,0.931,81.4,0.0,0.0,0.0,1.7554770362980125,0.31422231422094293,1.8026866833799442,0.7925704732635067,0.21924982939157153,0.32306626868293287,0.084,0.252,0.05
1562,0.5269299999999999,False,2,0.0,0.16599999999999998,0.9319000000000001,87.6,0.0,0.0,0.0,1.8166456267012552,0.3350480134740297,1.8158210258005358,0.8380376382693776,0.28789122223165614,0.3290443867035641,0.23551666609935387,0.7065499982980615,0.05
1563,0.5069600000000001,False,2,0.0,0.1157,0.9275,88.5,0.0,0.0,0.0,1.8540559357154944,0.6065247388362767,1.7947962298795581,0.8249944918629268,0.27111037083677203,0.43595390932781947,0.1703962298795576,0.5111886896386728,0.05
1564,0.6364599999999999,False,2,0.0,0.1882,1.0,60.0,0.0,0.0,0.0,1.7377792698380925,0.1284313917556131,1.5109,0.02885290280023831,0.21739181742279962,0.13340282880854348,5.011861074548717e-177,0.0,0.05
1565,0.5158799999999999,False,2,0.0,0.16419999999999998,0.9306000000000001,92.4,0.0,0.0,0.0,1.8161771144146737,0.3038299778161167,1.754553632123771,0.6677994036283309,0.28284194943473956,0.305959358599746,0.20282718113044393,0.6084815433913318,0.05
1566,0.4813500000000001,False,2,0.0,0.18610000000000002,0.7916000000000001,64.3,0.0,0.0,0.0,2.09010574186972,0.6722351001562603,2.5033669960535265,1.5560283712275413,0.5049003282210467,0.5346823037011058,0.5738049036539146,0.8802354736811387,0.05
1567,0.5202799999999999,False,2,0.0,0.1502,0.9286,87.4,0.0,0.0,0.0,1.9194381105084524,0.6296997993845688,2.0502801952432637,1.5639754555447807,0.3239845617178983,0.4325548869505273,0.21260828565842185,0.5963804381826755,0.05
1568,0.4843099999999999,False,2,0.0,0.1518,0.8641,83.05,0.0,0.0,0.0,1.8617163762672924,0.38321495110002574,2.066321633753466,1.0668703237861639,0.3336150832800016,0.39197219591368543,0.3468042106740219,0.7081217634419891,0.05
1569,0.4256,False,2,0.0,0.2116,0.7376,77.1,0.0,0.0,0.0,2.125430713251918,0.6394396169482659,2.6435234322303547,1.4781215847837514,0.5680621982876444,0.5633344315889923,0.7590718601077862,0.9358754787944464,0.05
1570,0.5748099999999998,False,2,0.0,0.2008,0.9350999999999999,70.0,0.0,0.0,0.0,1.8317654113865856,0.2102894350950396,1.6381472222222233,0.34508866906041386,0.31965385346646913,0.24760387313960905,0.07959999999999999,0.23879999999999998,0.05
1571,0.53374,False,2,0.0,0.2012,0.8794000000000001,71.1,0.0,0.0,0.0,1.944673459023979,0.39331964515221085,1.9702523676865653,0.8252200618841942,0.4035552407371412,0.3859290606340718,0.3411301454643425,0.6607935555788161,0.05
1572,0.6023399999999999,False,2,0.0,0.1598,1.0,72.8,0.0,0.0,0.0,1.7380310149600304,0.15635004590908821,1.5215003327157894,0.04039185855311994,0.20184927222953614,0.1423954488560712,1.6286037818223747e-202,0.0,0.05
1573,0.43759000000000003,False,2,0.0,0.2279,0.7365999999999999,73.2,0.0,0.0,0.0,2.034305051068858,0.43091127997430967,2.630662083185115,1.4056760195517795,0.538139585883531,0.4599881593132613,0.8050011117984195,0.9949568833305026,0.05
1574,0.5143499999999999,False,2,0.0,0.1347,0.9342,90.0,0.0,0.0,0.0,1.7644815905723548,0.3016318063779221,1.7027791980328388,0.31998378444985653,0.2482058020538685,0.31467764195978964,0.08309491786279762,0.2492847535883928,0.05
1575,0.50885,False,2,0.0,0.1723,0.8648,74.1,0.0,0.0,0.0,2.016301498670065,0.5744511054533793,2.025626503779887,0.9484748143131152,0.4291983910267715,0.47935811464396966,0.336487453604061,0.6779026447329485,0.05
1576,0.5651699999999998,False,2,0.0,0.1315,0.9795999999999999,80.0,0.0,0.0,0.0,1.7079246531583596,0.1754614095689747,1.6487567642105962,0.3366588413320149,0.19710854702969943,0.15811883496219448,0.07990000000000087,0.2397000000000026,0.05
1577,0.5552699999999999,False,2,0.0,0.20990000000000003,0.932,80.05,0.0,0.0,0.0,1.8966548685628528,0.32583337323357503,1.7609175369800796,0.7136887263965573,0.3540044757197478,0.30767905448483596,0.1789171992652186,0.5288000115085644,0.05
1578,0.5971799999999999,False,2,0.0,0.19060000000000002,1.0,80.0,0.0,0.0,0.0,1.7441917957025492,0.1485714923106935,1.5148,0.032117907777437824,0.2188844689555766,0.12152290985341269,4.98367346192353e-207,0.0,0.05
1579,0.56026,False,2,0.0,0.20539999999999997,0.9352,78.0,0.0,0.0,0.0,1.8167051223766664,0.25292629125161387,1.7979391333411676,0.6967195060290704,0.2963575068859056,0.27019887441197676,0.20889125680184098,0.5202739855094124,0.05
1580,0.5473699999999999,False,2,0.0,0.1823,0.9324,80.0,0.0,0.0,0.0,1.822596061371497,0.31260885742789263,1.856970682484406,0.911261742456156,0.3023743745904462,0.29495704788569366,0.21138386887761668,0.5812413325621923,0.05
1581,0.5457499999999998,False,2,0.0,0.1602,0.9407,80.4,0.0,0.0,0.0,1.8101708694069465,0.3343879033606354,1.812718251719502,0.8393863699974172,0.2806835781728343,0.3262382912307291,0.23642936230079387,0.6940902599013804,0.05
1582,0.53367,False,2,0.0,0.1196,0.9397,80.0,0.0,0.0,0.0,1.7237142461284847,0.2103049220843685,1.633411111119237,0.340083533852835,0.2138773714020255,0.22544893000842478,0.07980000000000019,0.23940000000000056,0.05
1583,0.5325,False,2,0.0,0.19729999999999998,0.9333,90.0,0.0,0.0,0.0,1.836212204407983,0.28278080820284063,1.778383436010164,0.7576095869376158,0.3165597765972912,0.29391029359351156,0.17635010223399777,0.5290503067019934,0.05
1584,0.5052399999999999,False,2,0.0,0.0985,0.9367000000000001,90.0,0.0,0.0,0.0,1.7052453809899895,0.32114338553410965,1.770286943018715,0.7876431375153331,0.18473089253645503,0.30344749024212786,0.1740869430187149,0.5222608290561447,0.05
1585,0.53381,False,2,0.0,0.1082,0.9345000000000001,76.4,0.0,0.0,0.0,1.7302653800663204,0.32046592834953597,1.6390551950490768,0.33652062441060865,0.2158031469597022,0.3222332296392398,0.08952260150896132,0.23863960641042495,0.05
1586,0.47268999999999994,False,2,0.0,0.1192,0.8699,86.0,0.0,0.0,0.0,1.818164314778858,0.4425750951864241,1.9142978704873541,0.7805102885447462,0.30761747832939224,0.452442347633522,0.30367981493188756,0.6827433269715633,0.05
1587,0.51591,False,2,0.0,0.1629,0.8672000000000001,70.0,0.0,0.0,0.0,1.874567908776776,0.4223250851892753,2.0815722820418783,1.081638451035546,0.3453579170322132,0.40946879137468406,0.3420435647759106,0.6853635830692517,0.05
1588,0.47131000000000006,False,2,0.0,0.1718,0.8751000000000001,96.4,0.0,0.0,0.0,1.8691604140537326,0.44345848636230234,2.1248645108656232,1.1974411860382035,0.3435664189041601,0.4218967687583136,0.40794417242656306,0.8175891203580324,0.05
1589,0.57661,False,2,0.0,0.1908,0.9410999999999999,69.7,0.0,0.0,0.0,1.848467460404948,0.4544673709693865,1.8069404610316468,0.754551695091323,0.30308896838037513,0.33316670329962833,0.21384046103164653,0.5743432157609456,0.05
1590,0.49746000000000007,False,2,0.0,0.22220000000000004,0.812,68.8,0.0,0.0,0.0,2.1032803751830005,0.5586118759207138,2.255551465468174,0.9929530065228147,0.5380450679537837,0.5015024365383146,0.5315492858602763,0.7336771003907077,0.05
1591,0.56507,False,2,0.0,0.12890000000000001,1.0,86.8,0.0,0.0,0.0,1.7411052475920996,0.19175299582210445,1.5272999999999999,0.02861835075611445,0.19590759264255028,0.14854743579344687,9.505406259255323e-213,0.0,0.05
1592,0.57689,False,2,0.0,0.22260000000000005,0.9493,77.2,0.0,0.0,0.0,1.8587652069830956,0.2612481219598814,1.6260111111111115,0.3418229577492488,0.32793375089773946,0.24524529257433328,0.0798000000000001,0.23940000000000028,0.05
1593,0.5448,False,2,0.0,0.11800000000000002,1.0,95.3,0.0,0.0,0.0,1.6980571064099965,0.16109794055914758,1.5355,0.03914141029651335,0.15807174615392733,0.11653939800398859,5.4032759718963165e-226,0.0,0.05
1594,0.57266,False,2,0.0,0.1532,0.932,62.85,0.0,0.0,0.0,1.808047229079498,0.3595164232558482,1.8479469396279078,0.9887805981163744,0.27438575095763856,0.31712133792737696,0.1819190376087165,0.5457571128261495,0.05
1595,0.52003,False,2,0.0,0.123,0.9319,84.6,0.0,0.0,0.0,1.8004902145473047,0.35846275140177203,1.76358643702816,0.7380037603764021,0.26044044048342924,0.34912688967440975,0.18671654683109357,0.5601496404932806,0.05
1596,0.5932399999999999,False,2,0.0,0.1808,1.0,80.5,0.0,0.0,0.0,1.8171603493474215,0.2098674236761547,1.5122,0.02598768939324924,0.25406391874132705,0.16765288677802975,5.601930573532053e-173,0.0,0.05
1597,0.48162999999999995,False,2,0.0,0.1369,0.8978000000000002,93.95,0.0,0.0,0.0,1.8764073732153554,0.42361218448483373,2.0332396151642973,1.140610891926125,0.29207193147286653,0.34639444702690525,0.29587944143749506,0.6506302627137059,0.05
1598,0.56011,False,2,0.0,0.181,0.9333,73.75,0.0,0.0,0.0,1.851288842154561,0.3353144148316573,1.7856879654238553,0.7476894658344946,0.31781197358109875,0.32693146743822415,0.16738796542384723,0.5021638962715418,0.05
1599,0.53551,False,2,0.0,0.19280000000000003,0.8681000000000001,65.0,0.0,0.0,0.0,1.8688958641398306,0.352347086109181,1.8779984677578596,0.7246637679624663,0.3499222120491596,0.35614628815162713,0.2246769467918901,0.42910474537662435,0.05
1600,0.5988699999999999,False,2,0.0,0.16890000000000002,1.0,75.9,0.0,0.0,0.0,1.7429288558645655,0.1272229641294484,1.5042,0.006968500556073729,0.21716260042992158,0.11696132326684285,3.535147300011409e-213,0.0,0.05
1601,0.5246899999999999,False,2,0.0,0.1799,0.8715999999999999,69.7,0.0,0.0,0.0,1.923545443492405,0.5046728182524496,2.1502745502291347,1.2586767109931196,0.3830931980680544,0.4386465139111433,0.38067400115923,0.7637325690657627,0.05
1602,0.49871999999999994,False,2,0.0,0.17099999999999999,0.8666,79.6,0.0,0.0,0.0,1.9234667767064817,0.5020927848738088,1.9705476009998002,0.8845975819524944,0.3796305280078314,0.4354753005162903,0.3765263214737231,0.7553959449210856,0.05
1603,0.5338599999999999,False,2,0.0,0.19649999999999998,0.9333,89.2,0.0,0.0,0.0,1.8454643670593562,0.31748074378315805,1.8205457007615073,0.8227858544265415,0.31350451361827214,0.3060990297841723,0.20794570076150737,0.623837102284522,0.05
1604,0.52655,False,2,0.0,0.1971,0.8666,69.6,0.0,0.0,0.0,1.92048371032666,0.4373200861826417,1.8608943380241254,0.6918711967577593,0.39204397396013413,0.4086735007012009,0.24306206518372445,0.5210382823127533,0.05
1605,0.57572,False,2,0.0,0.17239999999999997,1.0,88.0,0.0,0.0,0.0,1.737142986937719,0.1502924934925755,1.5353944444453442,0.0894812293235094,0.21857189825253465,0.12686001757037654,0.021100000000000705,0.06330000000000212,0.05
1606,0.4839800000000001,False,2,0.0,0.1356,0.8710000000000001,83.2,0.0,0.0,0.0,1.8465597731847185,0.4850895341025258,2.1192735689268565,1.094440184628414,0.31824009093661576,0.4413024248109947,0.36727355712472376,0.7358423491165166,0.05
1607,0.48214999999999997,False,2,0.0,0.1683,0.8657999999999999,87.2,0.0,0.0,0.0,1.9755602176877023,0.5739431742233112,2.381402027935297,1.7664102218016289,0.38663902359040464,0.45728734037060215,0.4055092857079477,0.8111121282087184,0.05
1608,0.53977,False,2,0.0,0.1988,0.8718999999999999,65.1,0.0,0.0,0.0,1.9864349483387067,0.5900824852141447,2.124995526494514,1.2747993565121005,0.4198338458286458,0.4778261139372489,0.3989955264945135,0.796175280628998,0.05
1609,0.56514,False,2,0.0,0.22890000000000002,0.8661,54.9,0.0,0.0,0.0,1.9859250128948638,0.4562178460456299,2.2059655895877444,1.1723362884856763,0.45625849901008186,0.4173194290771668,0.47849786689085166,0.8568703224633876,0.05
1610,0.51752,False,2,0.0,0.125,0.9326000000000001,86.4,0.0,0.0,0.0,1.7496848806234317,0.2929558954217338,1.9053698203865654,1.092394423709063,0.23317138826861372,0.31057388172341144,0.2131645774690527,0.6394937324071581,0.05
1611,0.48175,False,2,0.0,0.22949999999999998,0.799,73.2,0.0,0.0,0.0,2.013324511442404,0.3890924294272386,2.33879481037563,1.1807548365485985,0.5083937672195681,0.4154367267556762,0.5835170324170832,0.8448610366881348,0.05
1612,0.53769,False,2,0.0,0.21390000000000003,0.9336,90.0,0.0,0.0,0.0,1.936342414923446,0.415395865969605,1.9848153146001746,1.4119545446620672,0.3679746469325977,0.3591966254485702,0.2029988683406474,0.5990633796417631,0.05
1613,0.4692099999999999,False,2,0.0,0.2008,0.8041,76.95,0.0,0.0,0.0,2.05690358715498,0.5842042587773939,2.2972393521208256,1.2231082323505396,0.4893400424729083,0.5039169312648586,0.5704863219003148,0.8838231469262973,0.05
1614,0.48688999999999993,False,2,0.0,0.20020000000000002,0.7998999999999999,66.55,0.0,0.0,0.0,2.1393951172902463,0.6637817525888519,2.4792504216216873,1.3625156786645696,0.5341470298161912,0.5437207645611652,0.6350603174550181,0.9035570950344862,0.05
1615,0.5249399999999999,False,2,0.0,0.14450000000000002,0.9337,86.0,0.0,0.0,0.0,1.7953850124691937,0.316766095114032,1.8056112343175836,0.787437774749195,0.2546734109349558,0.2987016031361369,0.21123873389987374,0.6337162016996213,0.05
1616,0.47035999999999983,False,2,0.0,0.2043,0.8700999999999999,100.0,0.0,0.0,0.0,1.9439011649945876,0.4181855893945133,2.227722316289701,1.5508810655981227,0.39496303168703994,0.39102056134074636,0.3721092316593089,0.7468270179090323,0.05
1617,0.52599,False,2,0.0,0.1514,0.9391,88.4,0.0,0.0,0.0,1.818292404530185,0.42518654975680686,1.7942953327112565,0.702266249409953,0.2779545956705016,0.37981068846927046,0.19659533271125645,0.5897859981337694,0.05
1618,0.50815,False,2,0.0,0.2036,0.8100999999999999,60.0,0.0,0.0,0.0,1.953263685104299,0.39942290314373485,2.1735922650500767,1.087950602351543,0.44462373687607426,0.42771949446598284,0.49253554744156214,0.8089799243360425,0.05
1619,0.54834,False,2,0.0,0.1477,0.9739000000000001,88.85,0.0,0.0,0.0,1.7439051755916541,0.1440577321146134,1.633158506944453,0.33988818366223394,0.20829432167673798,0.12512915240254655,0.08030000000000122,0.23923797775437153,0.05
1620,0.5559599999999999,False,2,0.0,0.1012,1.0,87.2,0.0,0.0,0.0,1.6773189447101005,0.14849310031450966,1.5155999999999998,0.031913006752733314,0.14990804215429088,0.12056083274308255,3.6259582823488376e-218,0.0,0.05
1621,0.5282299999999999,False,2,0.0,0.2,0.8689,70.0,0.0,0.0,0.0,1.8773284033465907,0.3538517049585956,1.7371117696101304,0.4564133365571898,0.3811519603306755,0.37209265598114816,0.16180000620180168,0.31767966238058254,0.05
1622,0.56943,False,2,0.0,0.14609999999999998,1.0,87.2,0.0,0.0,0.0,1.7038678802066616,0.16129987251944555,1.5259117618878684,0.037546507983528724,0.18550423918307915,0.14300093393798036,4.4888254904878225e-191,0.0,0.05
1623,0.5095,False,2,0.0,0.19380000000000003,0.8678000000000001,78.05,0.0,0.0,0.0,1.9185811864488322,0.41282164871327515,1.9425908820970903,1.0049374452107627,0.36440551812601407,0.36679310540583565,0.2943797709859973,0.6614119227820601,0.05
1624,0.56607,False,2,0.0,0.18689999999999998,0.932,71.2,0.0,0.0,0.0,1.8233333749422038,0.3383286183929617,1.8038235837750989,0.783601895551021,0.2978474149897363,0.31984197252405694,0.22247879413233412,0.6515935545341834,0.05
1625,0.5574999999999999,False,2,0.0,0.2642,0.8642,63.35,0.0,0.0,0.0,1.9827280925826796,0.2885117581462465,1.9506446103318873,0.8570375521180698,0.4572407938063435,0.3141485012404307,0.3451337734939159,0.6946716003614807,0.05
1626,0.57261,False,2,0.0,0.1805,0.9318,66.9,0.0,0.0,0.0,1.8131421202913995,0.2811935037971523,1.7619306744290513,0.7273803447397594,0.2960064643841769,0.2918861559191756,0.16802972152827036,0.504089164584811,0.05
1627,0.5386299999999999,False,2,0.0,0.13599999999999998,0.9249,74.8,0.0,0.0,0.0,1.8055160383365165,0.38234464588156897,1.8986992161812892,0.8247394744060363,0.2733615958361348,0.35566527853820634,0.2844436606257332,0.6334926952630011,0.05
1628,0.50325,False,2,0.0,0.1554,0.8689,75.8,0.0,0.0,0.0,1.891359672166465,0.38356648725491843,1.8728691858628461,0.7799082452062266,0.3466485636176445,0.37668284702031823,0.2893528312330184,0.6473632900025187,0.05
1629,0.5219799999999999,False,2,0.0,0.19680000000000003,0.8642,71.0,0.0,0.0,0.0,2.0125771793173834,0.5551629376674209,2.0524316495040873,0.9255115715102501,0.4128753235751688,0.42217875286251455,0.3997522668487026,0.7336991724044738,0.05
1630,0.5183599999999999,False,2,0.0,0.14500000000000002,0.9328,89.05,0.0,0.0,0.0,1.82861520817444,0.4616763704777412,1.778215157259936,0.779480175219506,0.2743469368639498,0.3670046091001806,0.19747331645215732,0.592419949356472,0.05
1631,0.50609,False,2,0.0,0.16960000000000003,0.8653000000000001,75.25,0.0,0.0,0.0,1.9898033226972678,0.5857810721668149,1.8781438298585371,0.7913765743979743,0.39569370236520474,0.4507326094813949,0.2668025263959911,0.5778019941808199,0.05
1632,0.5652699999999999,False,2,0.0,0.15089999999999998,1.0,90.0,0.0,0.0,0.0,1.74434203102869,0.19025595293383238,1.5284999999999997,0.03776837301234992,0.20271545770424604,0.150655343546251,4.030698832199466e-207,0.0,0.05
1633,0.48672,False,2,0.0,0.1931,0.8696999999999999,90.0,0.0,0.0,0.0,1.8908921614228729,0.390887901102798,2.273741818757729,1.4768543552925022,0.36508719817647883,0.3827076223320365,0.3871813112312191,0.7748487913647163,0.05
1634,0.52083,False,2,0.0,0.1522,0.9151,82.7,0.0,0.0,0.0,1.8731237698190255,0.3954325956204235,1.9096796738009783,0.8454060292972514,0.3043464801996412,0.33644789006957476,0.2643522494757955,0.5780867681965189,0.05
1635,0.5057299999999999,False,2,0.0,0.15199999999999997,0.8859,80.0,0.0,0.0,0.0,1.8658496767792105,0.498952810335989,1.8427988943388312,0.6573665702388695,0.31811694762765386,0.42414338214316694,0.2402568905053734,0.5130887349087014,0.05
1636,0.5348399999999999,False,2,0.0,0.19939999999999997,0.9346,89.6,0.0,0.0,0.0,1.9143598333708691,0.3236941179088063,1.795398918248712,0.8133796958677936,0.35155727172394846,0.3099296103480146,0.222895529367029,0.6686865881010869,0.05
1637,0.48618999999999996,False,2,0.0,0.10490000000000002,0.9166000000000001,93.45,0.0,0.0,0.0,1.7772194040799767,0.3242875257777734,2.046985124094828,1.0026806680903497,0.23574363727265285,0.3053217009235331,0.30056293353272007,0.5343045257144658,0.05
1638,0.53776,False,2,0.0,0.1406,0.9374,80.3,0.0,0.0,0.0,1.7650763672912138,0.271198704731333,1.8010833710854262,0.8425137219198358,0.2350102117584449,0.2674139525609219,0.20010420441875923,0.5956605710560795,0.05
1639,0.5595600000000001,False,2,0.0,0.1678,0.9846,90.0,0.0,0.0,0.0,1.781067992068833,0.2200055120155616,1.6688555555556153,0.3330966976720207,0.2417665922409365,0.18622528061304228,0.07990000000000087,0.2397000000000026,0.05
1640,0.5291599999999999,False,2,0.0,0.1189,0.9337,80.05,0.0,0.0,0.0,1.7381694045811493,0.2804974932442456,1.7989802978727851,0.7650914905866161,0.22421904524243635,0.29566485112483026,0.20311281045521756,0.6093384313656527,0.05
1641,0.5196099999999999,False,2,0.0,0.162,0.9362999999999999,92.2,0.0,0.0,0.0,1.8378467047529488,0.42522650287538155,1.7942350194419092,0.8159182202758911,0.28545681547573293,0.35609337159252175,0.21733501944190897,0.652005058325727,0.05
1642,0.56718,False,2,0.0,0.1296,1.0,85.85,0.0,0.0,0.0,1.7142594405435383,0.1938232753901255,1.5210777798705641,0.026277489423888006,0.1799850825701656,0.1619588995044116,0.009200000000000699,0.018486752013267542,0.05
1643,0.5678799999999999,False,2,0.0,0.12259999999999997,1.0,84.45,0.0,0.0,0.0,1.7263114547006082,0.25246403130480477,1.509035416666667,0.013926400195163427,0.17428090748486064,0.17699007860862453,0.0020000000000003127,0.006000000000000937,0.05
1644,0.5294399999999999,False,2,0.0,0.11040000000000001,0.9376,80.0,0.0,0.0,0.0,1.7419855509561697,0.3449308198353543,1.8047606907991198,0.8153371917133034,0.22107350607362206,0.3432076020134008,0.22396069079912007,0.6718820723973601,0.05
1645,0.45238,False,2,0.0,0.1863,0.8097000000000001,85.15,0.0,0.0,0.0,2.082265609899317,0.662993216189363,2.2064970993744306,1.1222473350245137,0.4978725546061484,0.551698006066483,0.45916986856943787,0.7568994732002575,0.05
1646,0.56993,False,2,0.0,0.1657,0.9146000000000001,60.0,0.0,0.0,0.0,1.8476080169076532,0.3683082563384317,1.9841570845866048,1.082562994644459,0.3025584421871361,0.33661309375941256,0.28673024437327455,0.6400526754302895,0.05
1647,0.53077,False,2,0.0,0.20309999999999997,0.8712,70.0,0.0,0.0,0.0,1.9990933713575174,0.5726720626944256,1.9677049207415884,1.0214227794864765,0.4246032719841641,0.46730125873068984,0.282903939268516,0.6294097666182238,0.05
1648,0.5025200000000001,False,2,0.0,0.15560000000000002,0.9372,100.1,0.0,0.0,0.0,1.825100145334904,0.3430617303723545,1.87834593042246,0.994399257376908,0.27062477157383175,0.2970510983580945,0.10230000000000042,0.30590130761407336,0.05
1649,0.53487,False,2,0.0,0.1169,1.0,100.1,0.0,0.0,0.0,1.6860356560524281,0.13275850861278024,1.5399000221358405,0.03822423947766284,0.15337320313562647,0.10039919664160384,5.940911053299973e-214,0.0,0.05
1650,0.52085,False,2,0.0,0.0695,1.0,100.0,0.0,0.0,0.0,1.6183637810903164,0.08023241903779615,1.5241,0.03254059003767447,0.09248052229999663,0.0698925659684874,1.218503646487838e-241,0.0,0.05
1651,0.5228700000000001,False,2,0.0,0.1627,0.9348000000000001,90.15,0.0,0.0,0.0,1.8349478159575834,0.2696244873676272,1.663151389766466,0.3395886627271944,0.2980460448462735,0.27633838657790905,0.0913000000876729,0.23679444698633656,0.05
1652,0.59123,False,2,0.0,0.14609999999999998,1.0,76.3,0.0,0.0,0.0,1.7091612181036275,0.1263876356692794,1.5301000000000002,0.040068566233395296,0.193607973001696,0.11845127994594971,1.741668664796903e-225,0.0,0.05
1653,0.50907,False,2,0.0,0.14350000000000002,0.9236000000000001,90.25,0.0,0.0,0.0,1.8402650927379576,0.34926199807710717,1.7537185667089894,0.4524120013926509,0.2822000447466452,0.3235368328522095,0.15983616418011662,0.3196723385882682,0.05
1654,0.5560799999999999,False,2,0.0,0.1386,0.9349999999999999,70.0,0.0,0.0,0.0,1.7744749072096664,0.30152434968065034,1.704197015350562,0.5993763662835382,0.25209726628774526,0.3076158420594527,0.17507546986189138,0.525226409585674,0.05
1655,0.5678799999999999,False,2,0.0,0.1596,1.0,90.0,0.0,0.0,0.0,1.7131559520897564,0.12991315479404913,1.5493666666853656,0.09369423673926938,0.1906183483727819,0.12139797682000467,0.02030000000000055,0.06090000000000166,0.05
1656,0.5799,False,2,0.0,0.158,1.0,83.75,0.0,0.0,0.0,1.7306524748966843,0.13286832632865342,1.527966666666667,0.046003007148083815,0.20170527028010649,0.09609844896098607,0.0008000000000002956,0.002400000000000887,0.05
1657,0.53592,False,2,0.0,0.12140000000000002,1.0,100.25,0.0,0.0,0.0,1.6674020034874526,0.10276753100905481,1.5320555555557476,0.0377948409181088,0.15376218450427587,0.09534343339904662,0.0070000000000003835,0.021000000000001153,0.05
1658,0.50081,False,2,0.0,0.18380000000000002,0.8881,88.0,0.0,0.0,0.0,1.8691211799743854,0.38695495964268617,1.9836638181126898,1.0218316753327552,0.342089895345035,0.3588985992501089,0.25328693833944693,0.5481818171105092,0.05
1659,0.5233399999999999,False,2,0.0,0.1656,0.9338000000000001,90.0,0.0,0.0,0.0,1.7576626434544356,0.28075663740352824,1.7918829520600223,0.7969050984453294,0.25291941287111863,0.3015341130609449,0.09720000000000042,0.262371034986715,0.05
1660,0.5444599999999999,False,2,0.0,0.1482,1.0,100.0,0.0,0.0,0.0,1.7082758499680608,0.15753055569789595,1.5296999999999998,0.034102932425232886,0.1815031199303981,0.13511726536268098,8.561755199949695e-197,0.0,0.05
1661,0.5096799999999999,False,2,0.0,0.20459999999999998,0.859,76.5,0.0,0.0,0.0,2.071937227035139,0.6633370312907925,2.398633560067529,1.6958816500083849,0.4620345795904994,0.4974157115960426,0.39127140577883884,0.7827861730800916,0.05
1662,0.5357899999999999,False,2,0.0,0.1346,0.9362999999999999,80.0,0.0,0.0,0.0,1.716200906494977,0.26089525845581074,1.6387555555555557,0.34066103061221775,0.21513804380756243,0.2720834958465692,0.0796000000000002,0.23880000000000062,0.05
1663,0.59417,False,2,0.0,0.2021,0.9452,64.05,0.0,0.0,0.0,1.8607378083807276,0.3684843495878549,1.7502216583324206,0.7037830254698526,0.3094590394804934,0.31095848084762095,0.16311740221464582,0.4651488005139014,0.05
1664,0.5268999999999999,False,2,0.0,0.19890000000000002,0.9299,91.85,0.0,0.0,0.0,1.928252143365554,0.3920930996433382,1.9444712843822693,1.2298784419641609,0.3518065910934274,0.3075269934051271,0.19491572875253846,0.5676256125704099,0.05
1665,0.5646300000000002,False,2,0.0,0.1726,0.9335000000000001,70.3,0.0,0.0,0.0,1.8262942941917388,0.3137601707041331,1.7670891917251477,0.70724281207329,0.29056555277569895,0.3102223781968012,0.21173747309082208,0.6352124192724663,0.05
1666,0.5423399999999999,False,2,0.0,0.1854,0.9296,82.0,0.0,0.0,0.0,1.9300706737548114,0.5449410992508817,1.8339831002392295,0.9746735679480697,0.3495712775944695,0.4028620613579488,0.22165820565723787,0.6649746169717137,0.05
1667,0.49862,False,2,0.0,0.25760000000000005,0.7482,51.2,0.0,0.0,0.0,2.240590862326581,0.6590356057483451,2.5142953994578834,1.3343804433712227,0.613471248367588,0.5056349573628002,0.600167752243243,0.7810326528376816,0.05
1668,0.5255399999999999,False,2,0.0,0.1553,0.9414999999999999,90.05,0.0,0.0,0.0,1.834043185424982,0.3970777318911811,1.6226170183712738,0.3429351417406142,0.2716378841879837,0.31258759394059416,0.07980000000000056,0.23940000000000172,0.05
1669,0.61191,False,2,0.0,0.19970000000000002,1.0,74.0,0.0,0.0,0.0,1.8283901957753639,0.13592899362145894,1.5405,0.049350278621300626,0.26465899222504075,0.10945336565481455,2.5248871982138502e-213,0.0,0.05
1670,0.5570900000000001,False,2,0.0,0.18180000000000002,0.9335000000000001,75.45,0.0,0.0,0.0,1.8856834206135027,0.3273118939857208,1.8129234961724063,0.8592738015705906,0.33521423964461017,0.3131046971316562,0.10600000000000001,0.318,0.05
1671,0.53239,False,2,0.0,0.1326,0.9333,80.35,0.0,0.0,0.0,1.7718399605152737,0.3146969579978827,1.8228454757546537,0.7375173881582692,0.25616456082023453,0.3182443700143821,0.23458467728158477,0.567249358076928,0.05
1672,0.5601099999999999,False,2,0.0,0.13369999999999999,1.0,90.0,0.0,0.0,0.0,1.7044795322556858,0.1622391865839898,1.577478276909724,0.1286631133230888,0.1756047340573582,0.13477819447818276,0.030300000000001083,0.08259788132876275,0.05
1673,0.5631,False,2,0.0,0.21400000000000002,0.9390000000000001,79.2,0.0,0.0,0.0,1.8855005844817476,0.27552204719617757,1.6498557282748165,0.33810604450980675,0.34178217341251543,0.26362431825371924,0.07990000000000005,0.23970000000000014,0.05
1674,0.56968,False,2,0.0,0.16560000000000002,1.0,90.0,0.0,0.0,0.0,1.7288648839816545,0.18309862731481072,1.5459023048294915,0.04089424691030672,0.19818414182963842,0.13146218251035963,1.3698808291730004e-195,0.0,0.05
1675,0.48855,False,2,0.0,0.20270000000000002,0.7962,64.8,0.0,0.0,0.0,2.0177109028513205,0.5381395192086091,2.264593764699833,1.1414279236597404,0.4621776543102388,0.46660502849640934,0.5447641595433355,0.8354890336862892,0.05
1676,0.5766800000000001,False,2,0.0,0.1613,0.9547000000000001,70.0,0.0,0.0,0.0,1.7557468140788095,0.22514453735757664,1.6575111111111114,0.33252441180226894,0.24148959615622195,0.22087810679778758,0.07980000000000019,0.23940000000000056,0.05
1677,0.4891200000000001,False,2,0.0,0.15889999999999999,0.8655000000000002,82.2,0.0,0.0,0.0,1.9758707294482296,0.560706748311806,2.1493949549941496,1.3198182705299573,0.3939987366218019,0.47181186529538593,0.39829495499414946,0.7973316460801911,0.05
1678,0.5161999999999999,False,2,0.0,0.0998,0.9538,90.7,0.0,0.0,0.0,1.709356961443547,0.1711363415308221,1.6583112977267416,0.33229385548955614,0.1766395407371253,0.1526543379500222,0.08600000000000108,0.23805209513886028,0.05
1679,0.56395,False,2,0.0,0.1465,1.0,90.0,0.0,0.0,0.0,1.7087029611367317,0.1521660452199957,1.6305455631574017,0.18955962058852946,0.18744844870896288,0.137139147523191,0.06470000000000148,0.14069402972408193,0.05
1680,0.5374199999999998,False,2,0.0,0.23329999999999998,0.8658999999999999,69.35,0.0,0.0,0.0,2.0133309551357192,0.4063062052244687,2.112355508530938,1.186921878390164,0.4371165694016967,0.3625129769119436,0.40825550853093767,0.8165393038916764,0.05
1681,0.53444,False,2,0.0,0.11480000000000001,1.0,100.0,0.0,0.0,0.0,1.6817950508556847,0.14564935987150776,1.5264,0.03123203483604615,0.15786305154556252,0.13256469415169173,2.923498260583818e-217,0.0,0.05
1682,0.5944699999999998,False,2,0.0,0.15130000000000002,0.9763999999999999,67.2,0.0,0.0,0.0,1.7750287178499402,0.14274964887538097,1.6223111111111124,0.3429770060319927,0.23344583816058914,0.12326951302438528,0.079800000000001,0.23940000000000297,0.05
1683,0.51643,False,2,0.0,0.1379,0.9338,89.3,0.0,0.0,0.0,1.80131151840901,0.42718289944139093,1.8551526063751844,0.9303530204961874,0.26449190190636607,0.3587116100511972,0.20611721518880716,0.6183516455664214,0.05
1684,0.49403,False,2,0.0,0.1117,0.9436,100.0,0.0,0.0,0.0,1.7565629616975904,0.36283347143783173,1.7782521076518705,0.7611277617117586,0.20441259879622925,0.30061158493026674,0.093,0.279,0.05
1685,0.55765,False,2,0.0,0.1265,1.0,90.15,0.0,0.0,0.0,1.6933353072650754,0.1524769817104919,1.5171233506944448,0.030903138229527418,0.16350421073595955,0.1302943330412641,0.0022000000000003154,0.006600000000000947,0.05
1686,0.5633699999999999,False,2,0.0,0.1759,1.0,94.7,0.0,0.0,0.0,1.7413656375347497,0.1344925640209808,1.512600001525879,0.027052540759564005,0.2113384492293732,0.11367293841955596,8.165112995634809e-203,0.0,0.05
1687,0.5387,False,2,0.0,0.129,1.0,100.0,0.0,0.0,0.0,1.7170003734371526,0.19911602982788718,1.5514,0.06048834598499116,0.18034913741416136,0.14701628681549794,5.225680627725621e-201,0.0,0.05
1688,0.57978,False,2,0.0,0.1326,1.0,80.0,0.0,0.0,0.0,1.704103079665656,0.16775320232700733,1.5526888888888906,0.11760302339273311,0.17942787175335398,0.13991881232682385,0.02800000000000068,0.08400000000000203,0.05
1689,0.5604999999999999,False,2,0.0,0.13679999999999998,0.9318,66.4,0.0,0.0,0.0,1.7828603463367585,0.3677701648513877,1.758129247043288,0.7472294005839942,0.2540505645980133,0.3601691258909086,0.21259591370995495,0.6377877411298648,0.05
1690,0.5638099999999999,False,2,0.0,0.10869999999999999,1.0,84.4,0.0,0.0,0.0,1.663610266516224,0.110438790290562,1.5170918406653944,0.021713879550790294,0.14151422216428866,0.09575161610710319,0.001300000000000381,0.003900000000001143,0.05
1691,0.47619,False,2,0.0,0.1466,0.8753,90.25,0.0,0.0,0.0,1.8968765793140474,0.48244011217097105,1.9748193679834807,1.040924640779739,0.32876134408732005,0.4033255537332079,0.19150000000000045,0.38779047177567433,0.05
1692,0.49185,False,2,0.0,0.1999,0.8024000000000001,64.9,0.0,0.0,0.0,2.044781927257449,0.5423598487396043,2.2857548256016846,1.1475710094443021,0.4896202507566608,0.4696027434699534,0.32100000000000145,0.39949167700967186,0.05
1693,0.5188999999999999,False,2,0.0,0.1492,0.9321999999999999,89.2,0.0,0.0,0.0,1.7755148605236457,0.2894590134484433,1.9570993555636271,1.3483336020822216,0.2514730118867977,0.27580458494877547,0.19995977223027625,0.5998793166908287,0.05
1694,0.5808599999999999,False,2,0.0,0.1627,0.9315,60.0,0.0,0.0,0.0,1.7965708942270393,0.33131127876086314,1.8066796781167334,0.7777744041361041,0.2765935947340771,0.324746672170987,0.21141096659196354,0.581318116165998,0.05
1695,0.5183800000000001,False,2,0.0,0.17,0.8684000000000001,70.25,0.0,0.0,0.0,1.9011189066335046,0.4072165208932154,1.958397058796494,0.9524265875463347,0.378444040966095,0.4171999546754491,0.2951201137749282,0.6632806285263344,0.05
1696,0.5226,False,2,0.0,0.18439999999999998,0.9334,93.05,0.0,0.0,0.0,1.836451978912962,0.29982777155252505,1.7914100951691636,0.7174370632646553,0.29650545074574314,0.2755538434628013,0.16800411333324078,0.5003564213424897,0.05
1697,0.5604999999999999,False,2,0.0,0.1891,0.9381,76.45,0.0,0.0,0.0,1.8558707412859057,0.30829546084870163,1.7777166159793083,0.6880850338622674,0.3093546698652724,0.29458089362207346,0.1852204079621152,0.5556612238863455,0.05
1698,0.5874999999999999,False,2,0.0,0.10400000000000001,1.0,71.85,0.0,0.0,0.0,1.6681322183109017,0.14384880365014388,1.5439,0.05959437892956011,0.1281184798304748,0.10279869804644684,4.4268525801743745e-219,0.0,0.05
1699,0.49929,False,2,0.0,0.1613,0.875,80.8,0.0,0.0,0.0,1.8965913587900824,0.513810902247185,2.0794459361331237,1.0558262298832835,0.35410736594403286,0.4487510720768334,0.40955704724423414,0.7941701596857402,0.05
1700,0.5165499999999998,False,2,0.0,0.1411,0.9346,90.0,0.0,0.0,0.0,1.7523404620027114,0.3374554736273995,1.8082683368688617,0.7343313872967788,0.2358953983702678,0.31886738027277306,0.18200609106293408,0.5192607781469336,0.05
1701,0.5595699999999999,False,2,0.0,0.13190000000000002,1.0,90.0,0.0,0.0,0.0,1.706808848853975,0.15775975197334552,1.5069625000000006,0.01289331827924878,0.17203499999779231,0.1319932750985239,0.0016000000000003071,0.004800000000000921,0.05
1702,0.5698899999999998,False,2,0.0,0.1669,0.9346,67.2,0.0,0.0,0.0,1.7988737675054924,0.3266331014882883,1.710881020980023,0.6326430629400687,0.2843409839869344,0.3321885496922159,0.1648123923997551,0.4944371771992653,0.05
1703,0.5545499999999999,False,2,0.0,0.1125,1.0,89.6,0.0,0.0,0.0,1.7040998810976724,0.1860932495519623,1.5351222222224148,0.047622990868732375,0.1633083931828262,0.14699582554527393,0.017400000000000814,0.03562078045186707,0.05
1704,0.5481999999999999,False,2,0.0,0.1076,0.9656,80.0,0.0,0.0,0.0,1.6816992303006757,0.11915876470834942,1.650559011237918,0.3348313833415781,0.159756608450011,0.1079648117360061,0.07980000000000101,0.239400000000003,0.05
1705,0.58444,False,2,0.0,0.1268,1.0,76.8,0.0,0.0,0.0,1.6775673522531567,0.12264816821329995,1.545201957607269,0.05553534539594354,0.15925587026372437,0.1090067119950806,7.046570438851767e-219,0.0,0.05
1706,0.55813,False,2,0.0,0.1271,1.0,90.0,0.0,0.0,0.0,1.6948982977642255,0.1408767219042625,1.5225000000000002,0.029230976719911365,0.15682017693581116,0.12264648858251773,5.801671030067801e-217,0.0,0.05
1707,0.5283699999999999,False,2,0.0,0.1782,0.9362999999999999,90.25,0.0,0.0,0.0,1.8163285832454512,0.3011817326238664,1.6307236326197103,0.3423336865359546,0.29656812165863966,0.3110113652543638,0.08120000274496562,0.23896979711918057,0.05
1708,0.5764799999999999,False,2,0.0,0.1216,1.0,80.0,0.0,0.0,0.0,1.6575969577500735,0.11735325021977765,1.5290777777777804,0.042569276871162985,0.14308495681743783,0.11408097586991156,0.008400000000000815,0.025200000000001072,0.05
1709,0.55099,False,2,0.0,0.1723,1.0,100.35,0.0,0.0,0.0,1.7625332500737856,0.1417562689832401,1.5189555556297307,0.024407102951188114,0.21735894288318222,0.096739177353609,0.005200000000000358,0.015600000000001073,0.05
1710,0.61239,False,2,0.0,0.1857,0.9244,45.2,0.0,0.0,0.0,1.835844314447351,0.29766904040905645,1.8886585658770028,0.8016192451010848,0.3003494290028635,0.28613403306791796,0.2764474547658912,0.611522214978729,0.05
1711,0.53461,False,2,0.0,0.18189999999999998,0.9352,87.3,0.0,0.0,0.0,1.8509019864764908,0.29117015706566857,1.746745181423589,0.6460181704775794,0.30583123184526323,0.2940247609349137,0.17919916473555425,0.5309643106536065,0.05
1712,0.5074799999999999,False,2,0.0,0.1521,0.9305,94.75,0.0,0.0,0.0,1.8094480355115166,0.33370078913269957,1.75782510917197,0.6921096513844043,0.2761847372090501,0.32084129466881134,0.16807493013266414,0.5042247903979925,0.05
1713,0.5959199999999999,False,2,0.0,0.20590000000000003,0.9344999999999999,60.0,0.0,0.0,0.0,1.811656419108894,0.25452653141450704,1.8167227027001516,0.8583443428775608,0.30502114047008977,0.2730211978369136,0.124,0.37200000000000005,0.05
1714,0.50493,False,2,0.0,0.198,0.8989,91.85,0.0,0.0,0.0,1.9099055556484206,0.26259992162793494,1.8591490593534334,0.7276981220787492,0.35798164710436214,0.25822496730925387,0.26103794824232185,0.5692201054146825,0.05
1715,0.53087,False,2,0.0,0.10289999999999999,1.0,100.0,0.0,0.0,0.0,1.685598877007044,0.15939267619448996,1.5257237847222254,0.03730701477535348,0.14629218114795695,0.1273453096700315,0.012300000000000862,0.026578374668141058,0.05
1716,0.5590299999999999,False,2,0.0,0.1301,1.0,90.0,0.0,0.0,0.0,1.714228408629636,0.19417687686048316,1.5259,0.04087162830130459,0.18275642519047522,0.15352164092593762,4.757370202938683e-213,0.0,0.05
1717,0.5496099999999999,False,2,0.0,0.16240000000000002,0.9347,76.7,0.0,0.0,0.0,1.791745482613712,0.2893787209744306,1.809219254188362,0.7943314447134985,0.2741945467452854,0.29546028338588504,0.21151925271074695,0.6345577581322409,0.05
1718,0.5504,False,2,0.0,0.13600000000000004,1.0,95.2,0.0,0.0,0.0,1.7018608918804923,0.1364370772895451,1.5087000000000002,0.014255174499107322,0.17730947850899287,0.12315014893243618,9.967194809005536e-207,0.0,0.05
1719,0.54192,False,2,0.0,0.11139999999999997,1.0,95.75,0.0,0.0,0.0,1.6937033653872515,0.15894019936698742,1.5126003055678474,0.027053359256562614,0.14857854410470844,0.10941208302543663,4.3222129474456474e-225,0.0,0.05
1720,0.53349,False,2,0.0,0.16670000000000001,0.9364000000000001,86.0,0.0,0.0,0.0,1.8370232417324175,0.3067594755582041,1.6399012279828393,0.341864274525255,0.29142575242156404,0.2916299163225248,0.07970000000000026,0.23910000000000076,0.05
1721,0.60122,False,2,0.0,0.18539999999999998,1.0,77.2,0.0,0.0,0.0,1.7591278714174337,0.18180562755180216,1.5891555555555565,0.16480748364885522,0.229764502788191,0.1583059049930242,0.037600000000000786,0.11280000000000236,0.05
1722,0.53476,False,2,0.0,0.1182,1.0,100.35,0.0,0.0,0.0,1.6902822049434785,0.1584537204843731,1.5634000000001307,0.09433048287823219,0.1574341067257591,0.12958735838800872,5.103203742225389e-204,0.0,0.05
1723,0.50006,False,2,0.0,0.2015,0.8653000000000001,83.05,0.0,0.0,0.0,1.9996496086952043,0.5438114688206013,2.078686902060528,1.0545858671982937,0.4353354276097436,0.45979941260197443,0.3843975431131012,0.7673827538133002,0.05
1724,0.57844,False,2,0.0,0.248,0.8732,53.6,0.0,0.0,0.0,1.95530169239398,0.42779877066161165,2.0665429869133414,1.08918118485157,0.42493386769154273,0.38482399680119245,0.40609471193599384,0.8181605032249972,0.05
1725,0.53889,False,2,0.0,0.1482,0.9359,80.35,0.0,0.0,0.0,1.7993608736261133,0.30413763007559785,1.7986509827788115,0.8265274192857769,0.26533193219026174,0.3132657347828711,0.21675098277881144,0.6502529483364343,0.05
1726,0.54742,False,2,0.0,0.1204,1.0,94.35,0.0,0.0,0.0,1.6995529229780568,0.14874066992417515,1.5929179687500035,0.11992327471288271,0.16231697274194806,0.12633401465332178,0.054500000000002324,0.07875690445923114,0.05
1727,0.5529299999999999,False,2,0.0,0.1441,1.0,95.15,0.0,0.0,0.0,1.7498135634236482,0.18467469584011229,1.5211000000000001,0.039029347932036995,0.20496958058472098,0.152261572355634,1.4164235654918249e-219,0.0,0.05
1728,0.5252399999999999,False,2,0.0,0.13809999999999997,0.9313,84.05,0.0,0.0,0.0,1.8174211340021187,0.3875489939015683,1.9754783828204219,1.2551149080450672,0.27300932592627636,0.33903706248653886,0.22014057355521932,0.660421720665658,0.05
1729,0.5264599999999999,False,2,0.0,0.1056,0.9353999999999999,80.0,0.0,0.0,0.0,1.70257492919121,0.27141823078694854,1.6566328883461747,0.3339049845084051,0.190614894896628,0.2803971100933809,0.08980203462594404,0.23771083669333087,0.05
1730,0.49812999999999985,False,2,0.0,0.178,0.8638999999999999,80.0,0.0,0.0,0.0,1.9326413705699668,0.46444792546981106,1.8804818828037475,0.8024681619248267,0.38832608166738136,0.4295285433624042,0.26302302182652587,0.5744543907352252,0.05
1731,0.52922,False,2,0.0,0.1169,0.9345000000000001,80.0,0.0,0.0,0.0,1.8009028518227432,0.5002243070958042,1.7677384879888636,0.6581200171915355,0.24397966847731772,0.38421091385447553,0.16172613641416975,0.48517840924250927,0.05
1732,0.54828,False,2,0.0,0.1809,0.8773,60.05,0.0,0.0,0.0,1.898193853015681,0.4014521625280043,2.080448612757703,1.126865539110705,0.36445883340449325,0.39651311291335706,0.44141510578411813,0.8847756067033963,0.05
1733,0.5328499999999998,False,2,0.0,0.1381,0.9305999999999999,80.0,0.0,0.0,0.0,1.8664138456374395,0.4720706143160629,1.7888283599873653,0.7644387657152341,0.29475696842001564,0.39424955496155145,0.24119793216587287,0.6760159689482693,0.05
1734,0.56036,False,2,0.0,0.17570000000000002,0.9355,73.6,0.0,0.0,0.0,1.8490944669423488,0.3255619055705337,1.7980335598355297,0.7901901339280335,0.30501140937416704,0.3190350691444556,0.18840020692538167,0.529550466152334,0.05
1735,0.5317099999999999,False,2,0.0,0.10570000000000002,1.0,100.0,0.0,0.0,0.0,1.6355998776992233,0.08909218611180457,1.5302791666666669,0.02884732349658554,0.12880175841977762,0.09843293811436694,0.0014000000000003042,0.004200000000000912,0.05
1736,0.48593,False,2,0.0,0.19480000000000003,0.8107,70.0,0.0,0.0,0.0,1.9506819651904201,0.3989005651087924,2.0469556157499627,0.9661130575801914,0.42606524977812155,0.4063461441776873,0.33817561083259307,0.5759281143152102,0.05
1737,0.47238,False,2,0.0,0.16090000000000002,0.8013,68.4,0.0,0.0,0.0,1.9603593336760519,0.5538969649150778,2.201584443205653,1.048665767940653,0.4398553503245496,0.5357996925673991,0.5231835658795065,0.8002982248779653,0.05
1738,0.51354,False,2,0.0,0.2731,0.7423,44.0,0.0,0.0,0.0,2.1860116939896,0.4663804390978411,2.530596967567237,1.2613517928307456,0.6304998772807693,0.4482778884626775,0.7201455440941187,0.9299782184733303,0.05
1739,0.56748,False,2,0.0,0.1517,0.9330999999999999,65.6,0.0,0.0,0.0,1.796555285038456,0.34143276365107617,1.867730619218553,1.0190599668449818,0.25714538146547594,0.3042278374944724,0.17905095631424645,0.5371528689427393,0.05
1740,0.55867,False,2,0.0,0.19890000000000002,0.938,78.8,0.0,0.0,0.0,1.8289443290529703,0.31648694786581044,1.7210302206235348,0.4129674124918107,0.2984020991929361,0.2975128578927418,0.15374133173464438,0.34664256941655053,0.05
1741,0.4781599999999999,False,2,0.0,0.1941,0.7998999999999999,70.0,0.0,0.0,0.0,2.018293799368394,0.5117948409387683,2.2858282270136643,1.1653395317409954,0.4591428823241358,0.465612706426682,0.6034669422172672,0.9227558154335699,0.05
1742,0.47963999999999996,False,2,0.0,0.20070000000000002,0.7939,68.15,0.0,0.0,0.0,2.069031100813327,0.5359401463318656,2.348707755594128,1.1899387778083736,0.48888415192270074,0.44930024656099504,0.559083057239854,0.7933314490878828,0.05
1743,0.56796,False,2,0.0,0.18050000000000002,0.9343,70.1,0.0,0.0,0.0,1.8565038289996572,0.3863329495362077,1.9891718620442205,1.4266330393049023,0.3062418836639841,0.34006232864898406,0.1999998383158214,0.5999995149474643,0.05
1744,0.6029899999999999,False,2,0.0,0.1433,1.0,70.0,0.0,0.0,0.0,1.7083079468010076,0.13455042949679724,1.5212778700102105,0.026984935540875228,0.19076277739835204,0.13407525287431,0.003000000000000412,0.009000000000001238,0.05
1745,0.5830899999999999,False,2,0.0,0.1463,1.0,80.4,0.0,0.0,0.0,1.7161402346980121,0.1862872377416317,1.5340889492512964,0.04199141660065973,0.19103207506041242,0.1393664806605739,0.006400000000000489,0.019200000000001462,0.05
1746,0.56533,False,2,0.0,0.16899999999999998,0.9329000000000001,69.2,0.0,0.0,0.0,1.8382918480301698,0.3585652711417067,1.750787313429432,0.7206532342314915,0.307661212879284,0.34176937307010385,0.18719825092943196,0.5615947527882958,0.05
1747,0.5701899999999999,False,2,0.0,0.17860000000000004,0.9362999999999999,69.4,0.0,0.0,0.0,1.8351544717491017,0.2893115296779758,1.6306555555556006,0.3420325536814737,0.29449498035566174,0.290274085396124,0.07960000000000297,0.23880000000000892,0.05
1748,0.56149,False,2,0.0,0.1383,1.0,90.0,0.0,0.0,0.0,1.6849073068730718,0.11625352231426597,1.5345,0.024948947873607796,0.16607959302153746,0.11867201105326808,6.286388640212626e-213,0.0,0.05
1749,0.5936999999999999,False,2,0.0,0.12400000000000003,1.0,71.75,0.0,0.0,0.0,1.7060289196835943,0.15057588239288422,1.6180555555555578,0.22068410051977932,0.1736266296578674,0.12502075997142778,0.06810000000000146,0.15609128739298977,0.05
1750,0.60947,False,2,0.0,0.1911,0.9892,70.15,0.0,0.0,0.0,1.8108218189487395,0.23385697104077646,1.6270602864967465,0.3416787517247668,0.272112784526603,0.17898939710023248,0.07990000000000085,0.23970000000000252,0.05
1751,0.5287,False,2,0.0,0.2304,0.8004,50.35,0.0,0.0,0.0,2.072561178323542,0.4370640385001749,2.3428066177410485,1.2608434062613292,0.5122569096280315,0.4315901481171928,0.5347732844077148,0.8192713628601808,0.05
1752,0.5550599999999999,False,2,0.0,0.1842,0.9339999999999999,77.0,0.0,0.0,0.0,1.815284770850313,0.2719469212426242,1.7830274374025952,0.7941001079742583,0.2938541211452036,0.27317669967081176,0.205660721907803,0.6063905561753477,0.05
1753,0.56399,False,2,0.0,0.15430000000000002,1.0,91.15,0.0,0.0,0.0,1.72242764537966,0.14282869370714574,1.519,0.033787571679539226,0.1957773582781797,0.12326147896576814,2.612840326408893e-201,0.0,0.05
1754,0.5366599999999999,False,2,0.0,0.1232,1.0,100.15,0.0,0.0,0.0,1.7049277053665777,0.1605279694175919,1.5359000122918023,0.04185560387583022,0.1663231373103023,0.12918139203296333,4.866794342972364e-210,0.0,0.05
1755,0.5252499999999999,False,2,0.0,0.1376,0.9350999999999999,85.3,0.0,0.0,0.0,1.7549779937143934,0.2836887540889851,1.7196224628473125,0.412062166321434,0.24515405256591172,0.2889390686690434,0.1440103843267832,0.29018236410676973,0.05
1756,0.5932299999999999,False,2,0.0,0.11309999999999998,1.0,70.35,0.0,0.0,0.0,1.66109350735554,0.12266265797415087,1.502900000000427,0.006007495318144199,0.1473285781190401,0.12483210772961051,6.070478970317171e-213,0.0,0.05
1757,0.62554,False,2,0.0,0.1518,1.0,60.0,0.0,0.0,0.0,1.7238433234820196,0.12172255115611325,1.5123000000000004,0.018788560349318605,0.208958823633504,0.12197121732138223,1.4504178024674274e-217,0.0,0.05
1758,0.54848,False,2,0.0,0.09660000000000002,1.0,90.25,0.0,0.0,0.0,1.6548391538816165,0.10198774143064783,1.5339,0.052215802205845686,0.13361590158495945,0.09309868991007104,5.0321466769307985e-235,0.0,0.05
1759,0.47306999999999994,False,2,0.0,0.1525,0.8676,90.0,0.0,0.0,0.0,1.8692453911805647,0.5072007553208713,2.2675822490760438,1.4957478174678531,0.3445252072373612,0.47084021960148337,0.38582144687304876,0.7622082595223182,0.05
1760,0.5709599999999999,False,2,0.0,0.1673,0.9771000000000001,81.6,0.0,0.0,0.0,1.7527150553300495,0.16717966991006986,1.6481946182648357,0.34044496934067153,0.22313998821173725,0.13277086153690834,0.07980000000000084,0.23940000000000253,0.05
1761,0.54901,False,2,0.0,0.16369999999999998,1.0,100.05,0.0,0.0,0.0,1.793365968415436,0.19337453641448624,1.5371556788868381,0.04902602192933722,0.23836387106357856,0.15141619180911878,0.010600000000000435,0.03180000000000131,0.05
1762,0.5189099999999998,False,2,0.0,0.17250000000000001,0.9347999999999999,93.6,0.0,0.0,0.0,1.816563896403098,0.3339923677608813,1.7703008955282944,0.6624243970301635,0.2806659369169351,0.3092626174357268,0.19453127719723265,0.5422716600647556,0.05
1763,0.51379,False,2,0.0,0.1237,0.9334,88.35,0.0,0.0,0.0,1.7752377508809425,0.34712728545271726,1.7895299917993295,0.7742375540185717,0.24544370160751444,0.34572462716162533,0.2152580822151499,0.6457742466454496,0.05
1764,0.58288,False,2,0.0,0.1456,1.0,80.4,0.0,0.0,0.0,1.7382876626810695,0.15455573320653937,1.5083,0.01387119317146148,0.20096207290437662,0.14218200980735274,2.6128426496314072e-201,0.0,0.05
1765,0.4900399999999999,False,2,0.0,0.0723,0.9285,90.8,0.0,0.0,0.0,1.7700446318248084,0.5450599258464226,1.7970580223357029,0.813438023345753,0.2027400330025591,0.40334025438926435,0.21987375689859273,0.6596212706957783,0.05
1766,0.5574099999999999,False,2,0.0,0.1708,0.9350999999999999,74.2,0.0,0.0,0.0,1.7748317207699487,0.3028471876562039,1.8176035649372129,0.8466095233609038,0.25878881277769683,0.2951607370732822,0.15587856493720778,0.46763569481162326,0.05
1767,0.5620499999999999,False,2,0.0,0.2306,0.9430999999999999,83.65,0.0,0.0,0.0,1.9523150134361025,0.3539637240947743,1.8374473093280366,0.9425693184055466,0.36819202397510653,0.299491522938479,0.19817015682634448,0.5945104704790334,0.05
1768,0.58866,False,2,0.0,0.18419999999999997,1.0,83.3,0.0,0.0,0.0,1.8294319755835164,0.1964753279792093,1.5733000011627039,0.07874141337748627,0.2612271245224146,0.15207035936322733,8.427192322141533e-206,0.0,0.05
1769,0.5061499999999999,False,2,0.0,0.1062,0.9347,90.0,0.0,0.0,0.0,1.716207393952494,0.3021985103572045,1.819688399226592,0.8033487085059471,0.2037077777623019,0.30287502496102564,0.2201874074264826,0.6605622222794478,0.05
1770,0.5329699999999999,False,2,0.0,0.1099,1.0,100.0,0.0,0.0,0.0,1.6826835199795482,0.14745942132020118,1.5346,0.04466587063967292,0.1540152803850257,0.13392894780042858,1.385387441656778e-222,0.0,0.05
1771,0.5848899999999999,False,2,0.0,0.21630000000000002,1.0,90.0,0.0,0.0,0.0,1.8270160811194747,0.16733317235832065,1.601348617797429,0.10803784225285208,0.2659747986955994,0.12810577186611924,0.0018000000000003096,0.00540000000000093,0.05
1772,0.5208699999999999,False,2,0.0,0.16599999999999998,0.9301,90.0,0.0,0.0,0.0,1.8370894190222231,0.3507827559266845,1.633028508786251,0.34004356836805927,0.29419924222050603,0.3109437006244974,0.07980000000137358,0.2394000000041207,0.05
1773,0.5329900000000001,False,2,0.0,0.1874,0.9291,86.8,0.0,0.0,0.0,1.8965274261083973,0.4571382623914692,1.8587452773420765,0.9359921470221094,0.3473573803273161,0.37684546239554995,0.21601100845265792,0.6480330253579738,0.05
1774,0.5708099999999999,False,2,0.0,0.13069999999999998,1.0,84.2,0.0,0.0,0.0,1.7019833789988617,0.15551893731346553,1.5518,0.049543516225637484,0.1689877963796414,0.1329608792166107,3.0347212609662575e-202,0.0,0.05
1775,0.46705999999999986,False,2,0.0,0.12029999999999999,0.8671,88.0,0.0,0.0,0.0,1.7866448486769309,0.3906018222478645,2.0747879175488473,1.0775958601431341,0.2796671895139569,0.4038175051774363,0.41007590509943564,0.7903969797520433,0.05
1776,0.5215699999999999,False,2,0.0,0.15689999999999998,0.9349999999999999,90.0,0.0,0.0,0.0,1.7737518003418593,0.31581622631817163,1.7641333328265638,0.5848856659369402,0.25186853532975917,0.27552147821991047,0.1365999997214769,0.31802113057604214,0.05
1777,0.4639000000000001,False,2,0.0,0.2153,0.8053000000000001,82.2,0.0,0.0,0.0,2.123556104531508,0.5865335816568166,2.4001838931781534,1.3911369011576078,0.4947320801167221,0.4553985550394985,0.5624232636000192,0.8574457240569298,0.05
1778,0.58849,False,2,0.0,0.16310000000000005,0.9408,59.5,0.0,0.0,0.0,1.7709734352775564,0.2830251256739049,1.6409555559566826,0.34141525177662424,0.2573882985581513,0.2754873752952711,0.07960000006435394,0.23880000019306188,0.05
1779,0.5347299999999999,False,2,0.0,0.1795,0.9324,85.9,0.0,0.0,0.0,1.8861709700938558,0.39020325141907963,2.1125940493645072,1.475048344525644,0.3395608000770058,0.35557020311067855,0.27779991755810524,0.6191569074452749,0.05
1780,0.55269,False,2,0.0,0.1443,1.0,95.3,0.0,0.0,0.0,1.7204184034642886,0.1481487950804908,1.5284494801839195,0.05825590545617418,0.184830193650175,0.11706033755985727,1.9467177432346587e-209,0.0,0.05
1781,0.50906,False,2,0.0,0.22949999999999998,0.7443000000000001,40.4,0.0,0.0,0.0,2.189718978572956,0.6382550159356748,2.7894861001123226,1.63272391060498,0.6135853543852643,0.5584273279713737,0.7856021353504191,0.9703062669453131,0.05
1782,0.53198,False,2,0.0,0.1992,0.9306000000000001,89.6,0.0,0.0,0.0,1.8446122230364679,0.2828444759391673,1.782965459567741,0.7483909458047857,0.3215473042381835,0.2763962097743769,0.2154935499835616,0.6464806499506849,0.05
1783,0.49913,False,2,0.0,0.1504,0.9343,100.0,0.0,0.0,0.0,1.820365643017844,0.3959740420799969,1.8309078398858234,0.9094921400946021,0.2636895765259229,0.33096009137548077,0.18545653356574074,0.5490754457295398,0.05
1784,0.5544899999999998,False,2,0.0,0.19820000000000002,0.9369,80.4,0.0,0.0,0.0,1.8409602350945804,0.33791825860964114,1.9159424849865103,0.9787856449348306,0.3069851894670884,0.3145069836280933,0.21507080074795412,0.5037821022417571,0.05
1785,0.5210200000000001,False,2,0.0,0.2541,0.8777000000000001,84.8,0.0,0.0,0.0,2.023295427409299,0.470454021136195,2.0775807069201457,1.0922157967066575,0.47087012984189736,0.41066621994282265,0.2903413506333362,0.5881489594083855,0.05
1786,0.5274300000000001,False,2,0.0,0.1689,0.9368000000000001,89.5,0.0,0.0,0.0,1.8712996482809552,0.45207829527758653,2.0339555504373044,1.5228923652398736,0.30646489921845393,0.3792744772168489,0.20579999487148268,0.5983165897723606,0.05
1787,0.45154000000000005,False,2,0.0,0.2485,0.7417,71.1,0.0,0.0,0.0,2.3135235966490546,0.725676801433478,2.5881952191099895,1.2865181197159272,0.6595733198785418,0.5504891525637504,0.6639701354675014,0.853283627847133,0.05
1788,0.48278999999999983,False,2,0.0,0.1628,0.8324999999999999,74.4,0.0,0.0,0.0,1.9773153694540646,0.5332336889568455,2.1645671394134363,1.0410930114596149,0.40848826295228136,0.4563063826838657,0.43652236225320157,0.7157322040309297,0.05
1789,0.52535,False,2,0.0,0.0845,1.0,100.0,0.0,0.0,0.0,1.6388686196807012,0.13758249671064118,1.5055,0.007927799190191431,0.11256864410754557,0.11657352241224682,1.6722178023554345e-199,0.0,0.05
1790,0.5663199999999999,False,2,0.0,0.11739999999999999,1.0,84.45,0.0,0.0,0.0,1.7097820513371034,0.15870462442994163,1.5244,0.03245365926979577,0.16064374749453944,0.12580706750299317,2.4333971682223792e-210,0.0,0.05
1791,0.5025,False,2,0.0,0.1783,0.8673,79.05,0.0,0.0,0.0,1.8936511720594822,0.41246714813690394,2.2441739502107554,1.512807194075014,0.3726036154360924,0.4112760758079179,0.38869678075485303,0.7778012167629361,0.05
1792,0.5612199999999999,False,2,0.0,0.1214,1.0,87.6,0.0,0.0,0.0,1.7060825644181214,0.1524059526537163,1.5401000007007692,0.06376746867743752,0.16661687908163628,0.13018966662748044,1.9467177363839234e-209,0.0,0.05
1793,0.6005599999999999,False,2,0.0,0.15819999999999998,1.0,73.45,0.0,0.0,0.0,1.784941030617849,0.2200743886077657,1.522400757842594,0.04012178488476717,0.22350781446994877,0.15321049143813645,2.8675515921310144e-213,0.0,0.05
1794,0.54902,False,2,0.0,0.1363,0.9349000000000001,73.15,0.0,0.0,0.0,1.7788666208142287,0.2835916837366107,1.7646003887310253,0.6898755258064365,0.24256764943922934,0.2807314889251603,0.18323372206435865,0.549701166193076,0.05
1795,0.46550999999999987,False,2,0.0,0.2448,0.8030999999999999,85.05,0.0,0.0,0.0,2.12019626010362,0.5070778805756844,2.280469065204999,1.1809987278015068,0.534548651082189,0.45417939995925355,0.5915330574221676,0.9119176272018876,0.05
1796,0.51112,False,2,0.0,0.12160000000000001,0.9352,90.0,0.0,0.0,0.0,1.7645321016522473,0.3852916036891009,1.8020278395967242,0.8271344725592974,0.23855288512860828,0.37396557932768454,0.092,0.276,0.05
1797,0.5135099999999999,False,2,0.0,0.1568,0.9361,94.4,0.0,0.0,0.0,1.77425834754563,0.3134787697308926,1.838452656088873,0.9224637590984518,0.25943560779737507,0.32557499391057115,0.19874279552993307,0.5598916884333686,0.05
1798,0.5557599999999999,False,2,0.0,0.1692,0.8959999999999999,61.1,0.0,0.0,0.0,1.8842199626843201,0.28415734077108273,1.976396425545148,0.7874836596026175,0.3369425014814408,0.28062336984025943,0.331447735511801,0.5591383953534327,0.05
1799,0.5090599999999998,False,2,0.0,0.14250000000000002,0.9403,95.95,0.0,0.0,0.0,1.8459834405547433,0.48014688688137586,1.7772687526140687,0.7142792771882147,0.28236560241931385,0.3951946220628263,0.2112383422524562,0.6337150267573686,0.05
1800,0.55513,False,2,0.0,0.18239999999999998,0.9343,76.8,0.0,0.0,0.0,1.7922122242347112,0.3036220363875065,1.8046240051757387,0.7900727912822898,0.28096970885117317,0.306572543704405,0.09030000000000067,0.2665948424107261,0.05
1801,0.59626,False,2,0.0,0.1867,0.9435,60.1,0.0,0.0,0.0,1.821735434123329,0.2596375572823485,1.7834707458920718,0.6877215924370865,0.3030718620256535,0.2761479390146502,0.1777040082876943,0.5331120248630828,0.05
1802,0.6074399999999999,False,2,0.0,0.1808,1.0,73.4,0.0,0.0,0.0,1.7771804840692702,0.16288490589601243,1.5395333425839748,0.043936621016133534,0.2375125408140486,0.13926897254393092,0.0038000000000003387,0.011400000000001015,0.05
1803,0.48580999999999996,False,2,0.0,0.12449999999999999,0.8698,80.2,0.0,0.0,0.0,1.8579470350893863,0.4020731238153745,1.7515859353534449,0.4506111436052631,0.3172610811595425,0.3998507748428347,0.15960296706871163,0.31920593420637167,0.05
1804,0.49378,False,2,0.0,0.17450000000000002,0.8609,80.6,0.0,0.0,0.0,1.9634035584760472,0.5144299322543147,2.2553186545145425,1.558488544077922,0.3940736791101456,0.4319807506579519,0.41766331342846746,0.8362598835991406,0.05
1805,0.5036399999999999,False,2,0.0,0.19369999999999998,0.8658999999999999,80.3,0.0,0.0,0.0,1.9441409313283853,0.36763280124451536,1.746832088296457,0.45126023007002486,0.39281825559384753,0.3561149996453774,0.16242967534139585,0.31796724188022035,0.05
1806,0.57228,False,2,0.0,0.2263,0.8657,50.8,0.0,0.0,0.0,1.9962828361722345,0.4456861428779675,2.092584693024698,1.1529729709678251,0.4536327245800974,0.4332796706415002,0.41913052897306946,0.8408436324895004,0.05
1807,0.5222699999999999,False,2,0.0,0.0956,0.9337,80.0,0.0,0.0,0.0,1.7244862867438453,0.3222201437556737,1.6538703390340117,0.3395957411085026,0.20838051969239518,0.3239766160770797,0.09610010203179271,0.23922674063822177,0.05
1808,0.46974999999999983,False,2,0.0,0.1638,0.8693,93.95,0.0,0.0,0.0,1.9632346882380005,0.5761649674662964,2.25927298349992,1.553036889357581,0.38963292574445235,0.5009489231009474,0.41935725474738045,0.8398307167300325,0.05
1809,0.43420000000000003,False,2,0.0,0.203,0.7310000000000001,69.2,0.0,0.0,0.0,2.1149058946973627,0.6263236409280954,2.599255476131595,1.2962262660639956,0.5642287208361856,0.5493873859641611,0.733836155030674,0.9365677724950927,0.05
1810,0.5393399999999999,False,2,0.0,0.1451,0.9323,78.4,0.0,0.0,0.0,1.848399604029766,0.44705891941629206,1.8941688682293178,1.135754220458795,0.28973031582374287,0.3728228416793719,0.21717660540495748,0.6515298162148725,0.05
1811,0.5517,False,2,0.0,0.10300000000000001,1.0,89.6,0.0,0.0,0.0,1.6525349498988517,0.07543008230030006,1.52400001695421,0.03467275636448603,0.12824282983150379,0.08355460000872221,3.220574341544403e-233,0.0,0.05
1812,0.5822600000000001,False,2,0.0,0.16699999999999998,0.9348000000000001,61.1,0.0,0.0,0.0,1.8318993787899758,0.31839440110683936,1.7774083558613292,0.751520783254629,0.29915372156733483,0.306882489461993,0.2161972447502179,0.6011913570417518,0.05
1813,0.57587,False,2,0.0,0.2166,0.8727,50.0,0.0,0.0,0.0,2.0029217378280078,0.4900214323876568,1.8253766551651918,0.6408609878643134,0.44883175213854704,0.4347965419478819,0.23865993752735815,0.5087952724982405,0.05
1814,0.46943999999999997,False,2,0.0,0.1759,0.8661,94.8,0.0,0.0,0.0,1.9976455301898537,0.6217999492238798,2.2169085812468756,1.4044746427821544,0.4044481453990212,0.472628993066347,0.4128085812468757,0.8296283571089261,0.05
1815,0.51528,False,2,0.0,0.1629,0.8663000000000001,70.0,0.0,0.0,0.0,1.843624765617409,0.37710894907523845,2.0192757785936357,1.0116994016578005,0.3235174633459804,0.3803062599471776,0.3758333266453397,0.751847767458428,0.05
1816,0.51986,False,2,0.0,0.20060000000000003,0.8684000000000001,74.1,0.0,0.0,0.0,1.8690913620408227,0.28470269301394796,2.014440466348276,0.9111038540675865,0.37162435911746905,0.33304278864989567,0.34425468879163,0.6645748624805244,0.05
1817,0.5266299999999999,False,2,0.0,0.18660000000000002,0.8675,68.3,0.0,0.0,0.0,1.9962601974165366,0.5858053812422817,2.2593549717090085,1.595834648410554,0.4289249322606684,0.4701972533819324,0.3696791374723339,0.7246760431067771,0.05
1818,0.4900599999999999,False,2,0.0,0.15150000000000002,0.8763,84.4,0.0,0.0,0.0,1.7786017177803366,0.31740860785906033,2.041286620778061,1.0019901070087214,0.29213436233450985,0.37293930260584635,0.3597301840892742,0.7197990866033358,0.05
1819,0.6252099999999999,False,2,0.0,0.1507,1.0,60.0,0.0,0.0,0.0,1.7360875223571406,0.13810453924013072,1.5145,0.03306130668924024,0.21184099013134583,0.13187118342297122,1.548903963066147e-211,0.0,0.05
1820,0.5016299999999999,False,2,0.0,0.1822,0.8671,80.0,0.0,0.0,0.0,1.8815154389023507,0.3821334699017808,2.091487454302256,1.0850093031211763,0.3658697611203521,0.39222429585643304,0.20760000000000067,0.406033299127054,0.05
1821,0.5084299999999999,False,2,0.0,0.196,0.9289,100.3,0.0,0.0,0.0,1.9340810839659723,0.5173633141780225,2.0567210397179916,1.6001420670978534,0.3416647195740832,0.37128249303995214,0.19997673430010598,0.599930202900318,0.05
1822,0.5514399999999999,False,2,0.0,0.1766,0.9318,76.9,0.0,0.0,0.0,1.9192900263542132,0.3536718922955274,1.807771767884347,0.8526927296697613,0.3398904801650712,0.32204790029710695,0.19942698716374244,0.5936289693421983,0.05
1823,0.5465899999999999,False,2,0.0,0.0893,1.0,90.1,0.0,0.0,0.0,1.6411415337799642,0.0958456425728769,1.5304000000000002,0.03993544791285041,0.12051507286552773,0.09472559852333111,0.0012000000000003013,0.003600000000000904,0.05
1824,0.5573499999999999,False,2,0.0,0.1654,0.9379,74.4,0.0,0.0,0.0,1.8062980855436241,0.24203174877413483,1.6346555555555564,0.3400021911694107,0.273825505497612,0.25470618540098533,0.08110000000000053,0.2393267431776071,0.05
1825,0.5187999999999999,False,2,0.0,0.1712,0.9332,92.9,0.0,0.0,0.0,1.8449381468601662,0.32120417038776156,1.8498768234334633,0.8313012893903523,0.2916000679563031,0.3016710774527867,0.22670442759971018,0.6282829392500653,0.05
1826,0.59676,False,2,0.0,0.20500000000000002,0.9338000000000001,59.2,0.0,0.0,0.0,1.840614526439899,0.26218811112351315,1.8006242901283849,0.8746003262675007,0.31543253017070555,0.26554416479027765,0.18609946373949565,0.5582983912184869,0.05
1827,0.6198699999999999,False,2,0.0,0.19990000000000002,1.0,70.05,0.0,0.0,0.0,1.756484092171649,0.0875621387015374,1.5680000217022878,0.07443118676044981,0.2402149943575272,0.0779780019866156,5.366950343854837e-213,0.0,0.05
1828,0.47051,False,2,0.0,0.1732,0.8425,85.6,0.0,0.0,0.0,1.8666838113853843,0.3142924946564034,2.1077510884011326,0.8482267642764254,0.3629609338206029,0.34666009847390544,0.4344399772900209,0.6595661791918127,0.05
1829,0.5803199999999998,False,2,0.0,0.1532,0.9347999999999999,60.0,0.0,0.0,0.0,1.8098186733066828,0.32930121018297376,1.6483000016447655,0.3376379915109827,0.281236056171984,0.31478377187017675,0.07970000012674056,0.23910000038022167,0.05
1830,0.48832,False,2,0.0,0.21889999999999996,0.8055,70.6,0.0,0.0,0.0,1.9991785640557531,0.4397846716403071,2.112718300494641,1.003472947583221,0.4787402313485706,0.44303116747400717,0.4698473091874735,0.7936992526860541,0.05
1831,0.5259099999999999,False,2,0.0,0.1614,0.9347,88.4,0.0,0.0,0.0,1.8117378246418414,0.36901638444922963,1.8004603755558182,0.8581118325233978,0.2805564326435708,0.34921652142047677,0.22886037555581798,0.686581126667454,0.05
1832,0.5506199999999999,False,2,0.0,0.1394,1.0,95.6,0.0,0.0,0.0,1.725391757984855,0.18828926533821183,1.5489223396301277,0.03298101023505506,0.19379819616433894,0.15468754053931136,0.0031000000000004206,0.00930000000000126,0.05
1833,0.5994799999999999,False,2,0.0,0.13160000000000002,1.0,70.0,0.0,0.0,0.0,1.6570685334534816,0.08078663107659273,1.5331972222222228,0.047626732251961054,0.1546603345021939,0.09469860606694604,0.0004000000000002899,0.0012000000000008696,0.05
1834,0.54309,False,2,0.0,0.16549999999999998,0.9342,80.25,0.0,0.0,0.0,1.8269783954692425,0.4161096498078459,1.976716560373606,1.2762369692049256,0.2948746516535861,0.3800572889400152,0.2072173470086931,0.6216520410260793,0.05
1835,0.5032699999999999,False,2,0.0,0.1912,0.8703,81.65,0.0,0.0,0.0,1.9552383526831971,0.4996936091824528,2.1581068173908253,1.1043318818806673,0.4024984816686838,0.43985419817698035,0.45274205638784937,0.7835487931314703,0.05
1836,0.53252,False,2,0.0,0.11039999999999998,1.0,100.3,0.0,0.0,0.0,1.6766778439969556,0.1574950600014536,1.5152,0.045599999999999974,0.14002417509039541,0.11081158114651637,1.8565334502159488e-215,0.0,0.05
1837,0.5363499999999999,False,2,0.0,0.1499,0.8734,60.0,0.0,0.0,0.0,1.8073342595377653,0.3417286673605305,2.073893988603675,1.1186358195251618,0.30887301031190023,0.3721549871403289,0.3894939886036747,0.7852006271055357,0.05
1838,0.5147499999999999,False,2,0.0,0.1617,0.8751999999999999,73.2,0.0,0.0,0.0,1.919348937812871,0.5107162619672683,1.7497074279244251,0.4507509657276548,0.38244060585286366,0.47904638650440884,0.16736129792180238,0.3351458188682656,0.05
1839,0.45624999999999993,False,2,0.0,0.1741,0.8046,79.6,0.0,0.0,0.0,1.9317122886964238,0.46950037683215334,2.0366293942814186,0.9071499698951301,0.4215879391759382,0.4643120963584477,0.33024723499233105,0.5561852717811968,0.05
1840,0.5618099999999999,False,2,0.0,0.1605,0.9338,70.0,0.0,0.0,0.0,1.7634337815454466,0.2495472390548586,1.7721848374530886,0.7181989338144668,0.2653283060251043,0.2869287724651711,0.1789954887895274,0.5369864663685823,0.05
1841,0.45963,False,2,0.0,0.24900000000000003,0.8079000000000001,90.3,0.0,0.0,0.0,2.088365929525314,0.46152324900682623,2.5302308994816567,1.5571699580169838,0.5292302039561755,0.4388880109803593,0.6217339537670918,0.9530246302368164,0.05
1842,0.59088,False,2,0.0,0.1696,1.0,80.0,0.0,0.0,0.0,1.7344858435316184,0.14007297971717464,1.50972578125,0.016482762232273632,0.21862105238054702,0.1355278980783924,9.733590078318285e-210,0.0,0.05
1843,0.53948,False,2,0.0,0.1316,1.0,100.0,0.0,0.0,0.0,1.6731387624733158,0.12946197315646463,1.5188858506944451,0.030490191824345113,0.1605564211179357,0.11551881002088991,0.0038000000000006223,0.007717512552631125,0.05
1844,0.55219,False,2,0.0,0.1493,1.0,96.3,0.0,0.0,0.0,1.7548155954127354,0.2037341843703519,1.5468,0.049981596613153566,0.20573580144369003,0.16535789759056843,5.54876085708882e-207,0.0,0.05
1845,0.61144,False,2,0.0,0.13480000000000003,1.0,64.5,0.0,0.0,0.0,1.6769128107355207,0.1013404006074384,1.5170000000000001,0.027792085204244754,0.16590016539530134,0.10673020457756173,4.554241622648153e-219,0.0,0.05
1846,0.5259999999999999,False,2,0.0,0.16460000000000002,0.9346,88.8,0.0,0.0,0.0,1.7974708973381095,0.32884605142901846,1.817167484565888,0.77654660932666,0.28131346673086566,0.33156894700148476,0.21278380389319204,0.578104183449384,0.05
1847,0.5764999999999999,False,2,0.0,0.155,1.0,85.0,0.0,0.0,0.0,1.7240993778537987,0.14114851635975975,1.5181000004951435,0.04339228185603661,0.19763380619993243,0.11878054144332831,1.8130221883649881e-218,0.0,0.05
1848,0.54637,False,2,0.0,0.10969999999999999,0.9358000000000001,70.8,0.0,0.0,0.0,1.7309474171308872,0.2776409942063714,1.6539349392369274,0.3352856007869295,0.21753271862039414,0.29675993362421504,0.08200000000007267,0.23908199430342675,0.05
1849,0.5452299999999999,False,2,0.0,0.08410000000000001,1.0,90.0,0.0,0.0,0.0,1.6287231535376268,0.08415738072653693,1.515461376953125,0.024317749229952956,0.11467800049680617,0.08822034752213566,2.70161357502404e-226,0.0,0.05
1850,0.6034599999999999,False,2,0.0,0.2029,0.9376999999999999,56.9,0.0,0.0,0.0,1.8265397833599342,0.24796373538883415,1.654877777774702,0.33568219261424415,0.3009138154409237,0.24076048551114224,0.0798000000000046,0.23940000000001377,0.05
1851,0.46931999999999996,False,2,0.0,0.195,0.7926,72.0,0.0,0.0,0.0,2.0214385506640156,0.48815265514093864,2.4749101800719893,1.3781074610362476,0.4810306465441313,0.465694502695331,0.6156147480354086,0.935046396738556,0.05
1852,0.48690999999999995,False,2,0.0,0.19419999999999998,0.8025,66.55,0.0,0.0,0.0,2.0558080247361765,0.5734943149587516,2.091690169536551,0.9890619167708482,0.49088344310507515,0.48317557912340486,0.3413931449955904,0.5840335273015987,0.05
1853,0.5447199999999999,False,2,0.0,0.08240000000000001,1.0,90.0,0.0,0.0,0.0,1.6420523908206701,0.0992132570197311,1.5110999999999999,0.01704963342714437,0.12324894631055314,0.09833098946336565,8.051435841205251e-234,0.0,0.05
1854,0.5635399999999999,False,2,0.0,0.1458,1.0,90.1,0.0,0.0,0.0,1.69596462117616,0.14021467557349565,1.5590000000000006,0.06547213147591956,0.18100887335349092,0.1205258252678467,6.229496762377153e-208,0.0,0.05
1855,0.5828,False,2,0.0,0.22410000000000002,0.9281,67.05,0.0,0.0,0.0,1.969052953235663,0.44243759854066667,1.8863039678897215,1.0300701459182793,0.3893686487554655,0.36733860393733236,0.20227965267386078,0.6068389580215824,0.05
1856,0.5272699999999999,False,2,0.0,0.0929,1.0,100.3,0.0,0.0,0.0,1.6564142148265504,0.11706232208121185,1.5208625000000005,0.023142388732583254,0.1303440531931736,0.09239198435299857,0.0016000000000003071,0.004800000000000921,0.05
1857,0.56236,False,2,0.0,0.18719999999999998,1.0,96.9,0.0,0.0,0.0,1.7418941998112945,0.12376256898100811,1.5299,0.04567373424628209,0.22710064081640655,0.10395902330383922,2.805515935678121e-192,0.0,0.05
1858,0.55375,False,2,0.0,0.1125,1.0,90.0,0.0,0.0,0.0,1.681796167629375,0.148296443501625,1.552972414652523,0.06615920100756248,0.1515934712555147,0.13150461951894604,0.005300000000000438,0.015900000000001312,0.05
1859,0.50615,False,2,0.0,0.17229999999999998,0.8778,80.0,0.0,0.0,0.0,1.862848180267561,0.439418391611059,1.875898473951283,0.7487527105115298,0.3406847064188619,0.4244089472745354,0.3028095855753524,0.6334809737751514,0.05
1860,0.56883,False,2,0.0,0.194,0.9319,70.85,0.0,0.0,0.0,1.8795515462303953,0.35063466465706056,1.872346121694901,1.0069222373263504,0.32437150353673105,0.3101467937806099,0.15937106201643825,0.4781131860493148,0.05
1861,0.5210199999999999,False,2,0.0,0.11759999999999997,0.9352,84.45,0.0,0.0,0.0,1.741599396983884,0.26491125693669354,1.8849199013178761,0.8031707488535968,0.22525983843028058,0.2908900418185677,0.24125486378677588,0.5552316858604497,0.05
1862,0.49141999999999997,False,2,0.0,0.16699999999999998,0.8606,80.55,0.0,0.0,0.0,1.8881414198342248,0.404653723445345,1.9961213307781385,0.9247671192188789,0.3529215234925618,0.3835887423767643,0.36965316088747363,0.7483219247749225,0.05
1863,0.47996000000000005,False,2,0.0,0.1724,0.8072000000000001,68.4,0.0,0.0,0.0,1.897465518915555,0.3850147620040577,2.04477394511568,0.9231256432575179,0.3977531761344658,0.4168813822038675,0.3856565148428135,0.6995377177522476,0.05
1864,0.5038199999999999,False,2,0.0,0.2387,0.8663000000000001,87.1,0.0,0.0,0.0,2.0004609663919237,0.4822358456955465,2.1366375148612735,1.2883341299526059,0.46147663513815146,0.44724252381223717,0.2855696864040378,0.6130014644555054,0.05
1865,0.51462,False,2,0.0,0.1305,0.9271,86.75,0.0,0.0,0.0,1.9123400616197728,0.7168121983332486,1.8397897964253853,0.9658800954837471,0.3065297326954375,0.4626941213959106,0.17272660198094064,0.518179805942822,0.05
1866,0.48735000000000006,False,2,0.0,0.20729999999999998,0.8108000000000001,71.2,0.0,0.0,0.0,2.0521667886316,0.5495411417857639,2.344269183475877,1.2651538609961401,0.4880242739456221,0.5030019499882249,0.4691963800539537,0.7759919246116235,0.05
1867,0.45443,False,2,0.0,0.22199999999999998,0.8059000000000001,88.15,0.0,0.0,0.0,2.156273058013869,0.648583369908562,2.542967127984115,1.54843186403007,0.5237010482438111,0.5007868603497356,0.5835557126402998,0.891715844916951,0.05
1868,0.538,False,2,0.0,0.12699999999999997,1.0,100.05,0.0,0.0,0.0,1.6743542709767731,0.10717234248550968,1.5183444444445433,0.03175988035267498,0.15739547835803971,0.09389457795401678,0.007200000000000387,0.021600000000001156,0.05
1869,0.53288,False,2,0.0,0.1096,1.0,100.0,0.0,0.0,0.0,1.6751185606062862,0.13364542913766833,1.5256444444465147,0.03928760053517445,0.14316956757097452,0.11077274917151364,0.006300000000000467,0.0189000000000014,0.05
1870,0.47933999999999993,False,2,0.0,0.2231,0.7613,60.25,0.0,0.0,0.0,2.0613912275857063,0.4861047800426082,2.2336514911698697,0.971732450760215,0.5342710511700387,0.4632282737108854,0.5605514911698692,0.8009850832703869,0.05
1871,0.49088,False,2,0.0,0.20719999999999997,0.8686,89.65,0.0,0.0,0.0,2.0148964754016263,0.46832403986327714,2.137816271324731,1.2484554455031855,0.444204465294397,0.4315093818795177,0.3036456522237646,0.621764221874798,0.05
1872,0.5804900000000002,False,2,0.0,0.2545,0.8632000000000002,50.05,0.0,0.0,0.0,1.9805946013038724,0.3417340229236438,2.2517248792768205,1.435586732324918,0.46477687894689756,0.35360442709615914,0.4086737294703376,0.7711050448493924,0.05
1873,0.5453899999999999,False,2,0.0,0.16490000000000002,0.9376,80.2,0.0,0.0,0.0,1.7814690911293656,0.3133053847826562,1.9208836309505926,1.1976594412750248,0.26492317179731667,0.29972361111730317,0.2159670741957235,0.6353355779358446,0.05
1874,0.5246899999999999,False,2,0.0,0.08230000000000001,1.0,100.0,0.0,0.0,0.0,1.634777932789207,0.07792972294638818,1.5288083333333353,0.04038024217774873,0.11198358953685739,0.07962195423684089,1.5128777246324495e-242,0.0,0.05
1875,0.5395699999999999,False,2,0.0,0.1319,1.0,100.0,0.0,0.0,0.0,1.6984839862629286,0.13009516366721258,1.5122,0.025083062014036452,0.17629174386961444,0.12215906514841136,3.802183083019173e-212,0.0,0.05
1876,0.5192899999999999,False,2,0.0,0.1841,0.7978,47.2,0.0,0.0,0.0,1.9544545609591382,0.43035171613605083,2.2245206991820243,1.076491150962121,0.43824903882231797,0.4410468148759505,0.5114314325821715,0.8504061684981323,0.05
1877,0.49032999999999993,False,2,0.0,0.1587,0.8666,81.95,0.0,0.0,0.0,2.007855037115059,0.6450244676435698,2.1436650792990712,1.1385778293213074,0.4225242512442778,0.5200569676083845,0.3745213644136638,0.6547248253884688,0.05
1878,0.64077,False,2,0.0,0.19990000000000002,1.0,59.6,0.0,0.0,0.0,1.7580174929159296,0.11180332915141675,1.5247,0.029782713106767163,0.23583926650716774,0.11089051054027162,1.112436680332908e-202,0.0,0.05
1879,0.53058,False,2,0.0,0.18050000000000002,0.8769,68.7,0.0,0.0,0.0,1.8943952329721376,0.5046746292479494,1.9635873444685739,0.8463609214968325,0.35791061181230077,0.4357963937253175,0.3764696704844744,0.7216990044211917,0.05
1880,0.54416,False,2,0.0,0.1472,1.0,100.0,0.0,0.0,0.0,1.7004742804869455,0.11814778599471724,1.5280222222222222,0.04176340769408338,0.18085319609115702,0.1045064310519895,2.9704555363471547e-214,0.0,0.05
1881,0.5432300000000001,False,2,0.0,0.1696,0.9335000000000001,80.55,0.0,0.0,0.0,1.8641601120843014,0.39887328661185417,1.8120535453069155,0.8996975748352406,0.3136145771025479,0.35471201418862464,0.191293244685412,0.5659249715426553,0.05
1882,0.5418999999999999,False,2,0.0,0.15889999999999999,0.9369,80.8,0.0,0.0,0.0,1.8508105924400966,0.34526095170067905,1.78046409203774,0.747069093096347,0.2917977053833573,0.31605477489047007,0.20086395292844622,0.6025918587853386,0.05
1883,0.53431,False,2,0.0,0.2044,0.8756999999999999,70.0,0.0,0.0,0.0,1.92491840533181,0.43805730254081837,2.0165889174854095,1.00112611188991,0.3858060841605203,0.406333388744408,0.4018843677433274,0.8087109683562824,0.05
1884,0.5263399999999999,False,2,0.0,0.2173,0.8404999999999999,63.6,0.0,0.0,0.0,1.9565308931661065,0.3860940713190853,2.0039525869921695,0.8177784040009527,0.4265684319308594,0.37231106484563964,0.33194924155167094,0.5603808323064821,0.05
1885,0.6087699999999999,False,2,0.0,0.1746,0.9376999999999999,50.0,0.0,0.0,0.0,1.7944925964373375,0.2708062333224268,1.7351183069459897,0.6871337210370908,0.2833886495756456,0.2853239516434832,0.15967583009731304,0.4790274902919391,0.05
1886,0.49912999999999985,False,2,0.0,0.25129999999999997,0.7562,52.8,0.0,0.0,0.0,2.055093850680037,0.44306373413564604,2.5212094663506206,1.3683639049632517,0.5419084084348615,0.4466768705358013,0.6460564877682111,0.8585867450621592,0.05
1887,0.60613,False,2,0.0,0.1641,1.0,71.55,0.0,0.0,0.0,1.7656773984805139,0.14625767174825197,1.5243000000003248,0.03319954818951776,0.22603511865449333,0.11836697258688432,7.054858798133662e-207,0.0,0.05
1888,0.44606,False,2,0.0,0.1412,0.8630000000000001,100.2,0.0,0.0,0.0,1.8860298109147808,0.5491566465539562,2.2176178295475135,1.4210342166302772,0.35324887705950797,0.501292935915077,0.40947071401776125,0.8192232171538021,0.05
1889,0.50074,False,2,0.0,0.1609,0.9320999999999999,100.0,0.0,0.0,0.0,1.7741580652017526,0.25892440449823284,1.751835209034411,0.7273657725304363,0.2607482286385586,0.2848244713412172,0.19721210402302,0.59163631206906,0.05
1890,0.58264,False,2,0.0,0.1853,0.9335000000000001,63.2,0.0,0.0,0.0,1.8354727921725427,0.3147034383943964,1.8383419370401595,0.8785549781460249,0.32118389029086786,0.31870560707849305,0.12453333333333402,0.3434548393408754,0.05
1891,0.57406,False,2,0.0,0.1802,1.0,90.0,0.0,0.0,0.0,1.7700775180509514,0.1917774148337161,1.53446360744396,0.04741668133520879,0.22966652202820897,0.15592558362566963,8.97765098428561e-191,0.0,0.05
1892,0.5535,False,2,0.0,0.1927,0.9327,78.6,0.0,0.0,0.0,1.8536974360576508,0.3444124129547396,1.742530818107295,0.7265930048366152,0.31416497585846,0.3026970911204186,0.1802308181072952,0.5406924543218856,0.05
1893,0.5131999999999999,False,2,0.0,0.1564,0.8764,73.6,0.0,0.0,0.0,1.8295701447928434,0.4066238380139727,2.028160783281107,1.0416312422015792,0.31209603050822,0.3990135938625808,0.3838231470273564,0.7737000840123744,0.05
1894,0.5714399999999998,False,2,0.0,0.1929,0.9350999999999999,70.5,0.0,0.0,0.0,1.8431723476942028,0.27187728846548753,1.7377000000000025,0.3994125904467826,0.3257332723972186,0.27012337485814736,0.16170000000000181,0.2794687996896992,0.05
1895,0.54953,False,2,0.0,0.14010000000000003,1.0,96.25,0.0,0.0,0.0,1.7367715460589401,0.16665983849876037,1.5398999999999998,0.04314498812144925,0.1921237362549721,0.1407129213573037,2.5516018728734095e-204,0.0,0.05
1896,0.46833999999999987,False,2,0.0,0.20299999999999999,0.7962,74.95,0.0,0.0,0.0,2.043296376988411,0.4858553519006715,2.5105949838293475,1.5190572446726434,0.5055369624278045,0.4801208231933166,0.5512084779709173,0.8442966048276123,0.05
1897,0.5558,False,2,0.0,0.11400000000000002,1.0,89.2,0.0,0.0,0.0,1.6849757267772365,0.14444104344557981,1.5426024736984858,0.051126549230467194,0.16010864102262362,0.1350099739532154,3.945659096821404e-213,0.0,0.05
1898,0.5726,False,2,0.0,0.242,0.866,53.1,0.0,0.0,0.0,1.9586654400855772,0.36994495518736054,2.028887714545553,1.0476248491881723,0.4429944173474783,0.358231943508921,0.396221151541754,0.7927662435902341,0.05
1899,0.5345799999999999,False,2,0.0,0.1668,0.8602000000000001,58.8,0.0,0.0,0.0,1.9085359384427583,0.4931540026615319,1.8294391907242484,0.6748842642744123,0.3663706420991146,0.422691546754412,0.2422006519557433,0.5096713579453243,0.05
1900,0.5385099999999999,False,2,0.0,0.1341,0.9404,80.0,0.0,0.0,0.0,1.7473820756160923,0.25149430617622565,1.6312310546875008,0.33983818174869385,0.2330746162601672,0.24577929418774155,0.07980000000000043,0.23940000000000125,0.05
1901,0.59685,False,2,0.0,0.21350000000000002,1.0,83.6,0.0,0.0,0.0,1.8044122161736673,0.1819997957739719,1.51,0.030000000000000023,0.2641448801144816,0.13868129135611873,6.538479836921919e-202,0.0,0.05
1902,0.48319999999999985,False,2,0.0,0.19519999999999996,0.8642,90.15,0.0,0.0,0.0,2.0126862036927555,0.593129948866487,2.2689878802776553,1.5917016075002126,0.4363149802534408,0.48769335974716543,0.41011642235821755,0.8037635925679606,0.05
1903,0.5457099999999999,False,2,0.0,0.0857,1.0,90.0,0.0,0.0,0.0,1.6373467094274285,0.09046919194082238,1.5489000000047255,0.062436287522064024,0.11321865377917237,0.09163484963733455,1.1150389275941056e-214,0.0,0.05
1904,0.58751,False,2,0.0,0.1597,1.0,80.2,0.0,0.0,0.0,1.7144914636859006,0.18482238109240595,1.5559,0.0513934820770105,0.19087575440004906,0.13944004757270534,2.0902724051478558e-200,0.0,0.05
1905,0.5073200000000001,False,2,0.0,0.16570000000000001,0.8643000000000001,73.7,0.0,0.0,0.0,1.9095693440483736,0.4446134583100999,2.1232372508763677,1.2029301536959478,0.36198186103150376,0.4135781204217711,0.38761652259721807,0.7777679880000988,0.05
1906,0.47055999999999976,False,2,0.0,0.1929,0.8036999999999999,74.95,0.0,0.0,0.0,2.061233889442267,0.5630545386878961,2.245531099325932,1.0499511735557137,0.492559577588702,0.49501683244549727,0.5274694722210354,0.7572777043841133,0.05
1907,0.5451199999999999,False,2,0.0,0.1524,1.0,100.3,0.0,0.0,0.0,1.7409031535413546,0.14985090188330613,1.5181,0.022730816087417515,0.2041345245597949,0.12412215076523789,2.8328498482624223e-220,0.0,0.05
1908,0.4996399999999999,False,2,0.0,0.1189,0.9330999999999999,94.6,0.0,0.0,0.0,1.7563053752306785,0.32506330802902095,1.7448746627494942,0.669121269191633,0.24165503098455257,0.35247921846489944,0.17192800615722525,0.5157840184716758,0.05
1909,0.49326,False,2,0.0,0.18180000000000002,0.8016,61.2,0.0,0.0,0.0,1.936356558141401,0.4066991098876761,2.226042013506661,1.129259944782191,0.4248126590280165,0.4240368235411355,0.38222323184775203,0.6496284313434247,0.05
1910,0.5559399999999999,False,2,0.0,0.11979999999999999,1.0,90.0,0.0,0.0,0.0,1.6811134046955576,0.18427347968069668,1.5096000000045098,0.01566014048191812,0.1498027464364325,0.12576031733455428,7.909523749428838e-189,0.0,0.05
1911,0.5305300000000001,False,2,0.0,0.1926,0.8755000000000001,70.05,0.0,0.0,0.0,1.9157378337784876,0.43520873926662584,2.0489738460035523,1.0369424000893552,0.3722720191849852,0.4044473653911944,0.410073506230586,0.8249579733123549,0.05
1912,0.5079599999999999,False,2,0.0,0.1654,0.9411999999999999,100.25,0.0,0.0,0.0,1.8657475575707978,0.4661254137226586,1.7741245401503207,0.8203755421270407,0.28645981003860643,0.32728819946267734,0.10500000000000001,0.315,0.05
1913,0.522,False,2,0.0,0.12269999999999999,0.9217000000000001,80.0,0.0,0.0,0.0,1.764558121274257,0.2561268780222805,1.9043002819157095,0.8622101498761668,0.2406841706008219,0.27692778090327175,0.30732137566570866,0.6904265005244766,0.05
1914,0.6034599999999999,False,2,0.0,0.18719999999999998,1.0,76.35,0.0,0.0,0.0,1.8068522231597104,0.16006688552980944,1.535468923886617,0.04051657129894709,0.25990388251646906,0.11849334635281468,1.1884722876791318e-213,0.0,0.05
1915,0.5887499999999999,False,2,0.0,0.16249999999999998,1.0,80.0,0.0,0.0,0.0,1.721257875566888,0.12722335853504385,1.5506000000000886,0.0825617344780218,0.20544915873865874,0.12159231901205522,0.01790000000000052,0.05370000000000155,0.05
1916,0.49172000000000005,False,2,0.0,0.17919999999999997,0.8708,85.8,0.0,0.0,0.0,1.9205307997826175,0.5051939693096297,2.149135141106036,1.2712627993762382,0.38159692803144896,0.4590662571529098,0.27745542107635535,0.5685970113994708,0.05
1917,0.5190699999999999,False,2,0.0,0.14670000000000002,0.9358000000000001,90.0,0.0,0.0,0.0,1.8228879393231838,0.35775046448912484,1.7788198333947691,0.7684085400508943,0.26687060424986936,0.30183533127876394,0.18111983339476917,0.5433595001843076,0.05
1918,0.5271699999999999,False,2,0.0,0.0929,1.0,100.35,0.0,0.0,0.0,1.655936263385008,0.12835570825210008,1.5264000000203952,0.03645874379244484,0.12636611934297012,0.10289941008490391,4.4263236315330824e-222,0.0,0.05
1919,0.52928,False,2,0.0,0.19999999999999998,0.8704000000000001,70.0,0.0,0.0,0.0,1.8670020357434758,0.34382664897537574,2.020091484127511,1.0090137515223485,0.36195108858499364,0.3690858709629044,0.3738894834472755,0.7490351443494365,0.05
1920,0.53755,False,2,0.0,0.19849999999999998,0.9400000000000001,90.0,0.0,0.0,0.0,1.8763893263248757,0.33424839370105086,1.8619177345789963,0.7926035585027215,0.32356174492799805,0.2968742750499877,0.2801399568012182,0.6571043853597012,0.05
1921,0.5219999999999999,False,2,0.0,0.186,0.866,70.0,0.0,0.0,0.0,1.9136302127604385,0.42486223149567215,2.2581445493642947,1.4937213812772765,0.38881164205913415,0.41686254507650605,0.4222949990795346,0.8105983034769765,0.05
1922,0.58554,False,2,0.0,0.1518,1.0,80.0,0.0,0.0,0.0,1.7067093450034565,0.10521092299195713,1.5416666668097183,0.0503070572357874,0.1886219008117965,0.10505864466008052,0.005000000000000356,0.015000000000001068,0.05
1923,0.5400799999999999,False,2,0.0,0.1336,1.0,100.0,0.0,0.0,0.0,1.7831168482373614,0.24564879729322267,1.5205,0.037781609282824376,0.2162756147422611,0.17949893560281488,8.165126006556035e-203,0.0,0.05
1924,0.5747199999999999,False,2,0.0,0.13340000000000002,0.982,76.35,0.0,0.0,0.0,1.7503113095711238,0.22885058311386364,1.6436677951388916,0.3390860609693601,0.20540708385250023,0.1859296658434738,0.09300000000000178,0.2372547154431313,0.05
1925,0.57866,False,2,0.0,0.1932,1.0,89.65,0.0,0.0,0.0,1.7932575691821242,0.14025851650883073,1.5155,0.01546124186474033,0.2504148772428582,0.11794807701046021,1.5573741936034717e-208,0.0,0.05
1926,0.5403099999999998,False,2,0.0,0.17739999999999995,0.9257,80.45,0.0,0.0,0.0,1.9068295608397698,0.5265104754763418,1.8148861754728245,0.8853732028726097,0.32203485789919367,0.3726479650108635,0.21318617547282423,0.6395585264184728,0.05
1927,0.62857,False,2,0.0,0.2089,1.0,67.05,0.0,0.0,0.0,1.8289716092600439,0.21956811044991045,1.536200022040473,0.04418328856810601,0.2743097421774675,0.15633950195723784,1.3064201617401646e-200,0.0,0.05
1928,0.47296000000000005,False,2,0.0,0.1308,0.8676,86.8,0.0,0.0,0.0,1.927700275720951,0.6498467539665461,2.1141014802107767,1.1415115334056956,0.36041827417520467,0.5331284579835297,0.3419185397845148,0.6737483838124658,0.05
1929,0.58014,False,2,0.0,0.11779999999999999,1.0,77.6,0.0,0.0,0.0,1.6578655138593459,0.10157362566661923,1.542222271124523,0.04283862971576002,0.14141825569771144,0.10308822657134838,0.008400000000000801,0.017385051049682215,0.05
1930,0.5602,False,2,0.0,0.18,0.931,72.75,0.0,0.0,0.0,1.8454411809305378,0.3638042504583837,1.7869480853454278,0.7497194606479478,0.3023164534245996,0.3126043232665391,0.2033479112451652,0.6100437337354957,0.05
1931,0.5179199999999999,False,2,0.0,0.1263,0.9429000000000001,90.0,0.0,0.0,0.0,1.773452507184274,0.41471325781668306,1.8440658369717595,0.822403754437987,0.22892630776847014,0.33402189510289154,0.2258646430418237,0.5671747738451054,0.05
1932,0.43739000000000006,False,2,0.0,0.20309999999999997,0.7958000000000001,90.3,0.0,0.0,0.0,2.0908939052660647,0.6292306944022034,2.64035102897241,1.5821116894174243,0.5017185477589898,0.5204716270562186,0.6183302064156191,0.8671079049576159,0.05
1933,0.59379,False,2,0.0,0.24409999999999998,0.8658000000000001,42.75,0.0,0.0,0.0,2.0166200223860655,0.45026139408460025,2.036171544270771,1.0515111379967617,0.4730850844331259,0.4122044459741156,0.321579712226165,0.7228782072836618,0.05
1934,0.59539,False,2,0.0,0.1981,0.9388,60.6,0.0,0.0,0.0,1.8558029430856267,0.3509072649641499,1.8012521370080354,0.8765722445970184,0.31945262088786036,0.31942906155788503,0.1675223684927754,0.5025671054783262,0.05
1935,0.5762699999999998,False,2,0.0,0.1369,1.0,82.4,0.0,0.0,0.0,1.7036876016039166,0.10442712426168006,1.5313222222222225,0.044258847200933225,0.1866701984945029,0.10462962116218154,4.562688954336812e-225,0.0,0.05
1936,0.46846999999999994,False,2,0.0,0.20069999999999996,0.8148,81.05,0.0,0.0,0.0,2.05374679220846,0.6323150208042515,2.398325013101419,1.3977490997822226,0.4573582159976216,0.509647158503339,0.5729411407795961,0.8604690876196989,0.05
1937,0.6044799999999999,False,2,0.0,0.18860000000000002,1.0,76.05,0.0,0.0,0.0,1.7957115968515729,0.17002304377660338,1.5353999999999999,0.04334789498926104,0.24489990219511465,0.13855502994664592,1.1410973810293654e-207,0.0,0.05
1938,0.5620499999999999,False,2,0.0,0.1135,1.0,86.0,0.0,0.0,0.0,1.6874769755135646,0.15808772183606754,1.542400121635861,0.07443018903306267,0.148537985816227,0.11675258667521986,1.4164235734285554e-220,0.0,0.05
1939,0.48769999999999997,False,2,0.0,0.1877,0.7957000000000001,62.8,0.0,0.0,0.0,1.97811360478554,0.4296218991493561,2.4133498049128908,1.3299258457483039,0.45139117681318436,0.4374995904220012,0.626031102669818,0.9538446271697876,0.05
1940,0.5884999999999999,False,2,0.0,0.1695,0.9395,60.0,0.0,0.0,0.0,1.786155422204328,0.2770296353809903,1.639474422298271,0.3380447802844117,0.27813529620388194,0.2864138722141222,0.08640004572771645,0.2380149261699869,0.05
1941,0.58721,False,2,0.0,0.21069999999999997,1.0,88.0,0.0,0.0,0.0,1.7938909796631255,0.11259363714412686,1.5406002941818753,0.058524139906707115,0.2532671185999035,0.09991328044565713,4.771299326537674e-213,0.0,0.05
1942,0.5389099999999998,False,2,0.0,0.20950000000000002,0.8667999999999999,65.35,0.0,0.0,0.0,1.9150921258478733,0.33644263902961113,2.083519136049979,1.0611478434141108,0.3953591407735396,0.3564673302074752,0.4191191360499789,0.8394131281194527,0.05
1943,0.48484,False,2,0.0,0.10300000000000001,0.9342,100.0,0.0,0.0,0.0,1.7573292834353318,0.40728919151517046,1.7657190986445586,0.7201181960585611,0.22610959353116694,0.3722243187975349,0.1933190986445586,0.5799572959336758,0.05
1944,0.53135,False,2,0.0,0.1045,1.0,100.0,0.0,0.0,0.0,1.6701081534194906,0.12100189505759201,1.6183111117209301,0.12669521915727416,0.14553723195650065,0.11773358832800733,0.036500000000001184,0.09153933580707481,0.05
1945,0.5420799999999999,False,2,0.0,0.1395,0.9359,77.45,0.0,0.0,0.0,1.7769670002103595,0.31223358089994696,1.627211111110234,0.3411264688879851,0.25532292776737187,0.30347836085046254,0.07980000000000098,0.23940000000000292,0.05
1946,0.5644399999999999,False,2,0.0,0.2612,0.8724000000000001,62.3,0.0,0.0,0.0,2.091875691474301,0.40374844095016393,2.0941619153585007,1.0063373658404287,0.491028328260165,0.356961864373741,0.4469378447539992,0.8101232176823673,0.05
1947,0.5766799999999999,False,2,0.0,0.1516,1.0,84.4,0.0,0.0,0.0,1.7235628280767692,0.12808459406005462,1.5128791666666745,0.03341740673538462,0.20548767837748802,0.12481155687857015,0.009400000000000703,0.023900627606823613,0.05
1948,0.5513199999999999,False,2,0.0,0.1364,1.0,94.8,0.0,0.0,0.0,1.7024990775867217,0.16851619646332536,1.5323999999999998,0.063473143927176,0.17996371926036583,0.1384282787611435,1.3376267254938904e-198,0.0,0.05
1949,0.54692,False,2,0.0,0.09140000000000001,1.0,90.25,0.0,0.0,0.0,1.6732159708217,0.13938954398758072,1.5290000000045096,0.05291880574280474,0.1324525819874896,0.11065824566459649,2.766452302556957e-223,0.0,0.05
1950,0.5233999999999999,False,2,0.0,0.078,1.0,100.0,0.0,0.0,0.0,1.6384028646596527,0.12773663951229963,1.552033357302351,0.056698927127057076,0.1125615919567442,0.10911739638436001,0.012700000000000983,0.02700388860886692,0.05
1951,0.49227,False,2,0.0,0.1787,0.8687999999999999,84.75,0.0,0.0,0.0,1.8864187821761504,0.38787299288568394,2.240999475827082,1.446984411744659,0.3672252680747576,0.4015588529186661,0.4047229338444141,0.7951319465437404,0.05
1952,0.55552,False,2,0.0,0.11839999999999999,1.0,90.0,0.0,0.0,0.0,1.6890006436521632,0.18299605093901464,1.5181999999999998,0.02844573781781725,0.1610199053945561,0.15256440709193136,2.805515924812772e-192,0.0,0.05
1953,0.49687000000000003,False,2,0.0,0.13140000000000002,0.8695,75.6,0.0,0.0,0.0,1.8113960322960239,0.41176528364469367,1.8867384229782487,0.7784659791793858,0.30232544893488883,0.41315643629856647,0.278182867422935,0.6161293268518918,0.05
1954,0.62712,False,2,0.0,0.14140000000000003,1.0,57.65,0.0,0.0,0.0,1.699012573431877,0.13001848526201693,1.528066666666668,0.04016100928346972,0.1851502680970613,0.13302573842075224,0.008600000000000406,0.025800000000001218,0.05
1955,0.5102099999999999,False,2,0.0,0.1981,0.8614,76.1,0.0,0.0,0.0,2.047067875876933,0.6335799933752924,1.9683874313899694,0.9120474011444119,0.4605296767701789,0.48818934124770247,0.3622842842467212,0.7219498778773664,0.05
1956,0.49576,False,2,0.0,0.1306,0.9304,97.35,0.0,0.0,0.0,1.933225769091105,0.7021214336163838,1.760519643247612,0.7557160156527981,0.3049700982941176,0.4514786385555314,0.19216448510211856,0.5764934553063557,0.05
1957,0.52688,False,2,0.0,0.08960000000000001,1.0,100.0,0.0,0.0,0.0,1.6644789154616806,0.21072205237685557,1.5482888888888897,0.11864052146435475,0.1296870866522212,0.15441830682394203,0.02800000000000067,0.08400000000000199,0.05
1958,0.5210500000000001,False,2,0.0,0.13999999999999999,0.9335000000000001,87.2,0.0,0.0,0.0,1.7726381955756487,0.32536380325390835,1.6992422620864864,0.5930748078224529,0.2510569648382033,0.31759351017184834,0.1572099887403805,0.47162996622114156,0.05
1959,0.52969,False,2,0.0,0.1981,0.8718,70.0,0.0,0.0,0.0,1.8640674290211579,0.3210480509022633,1.9172189006755738,0.8072461679183245,0.3603247273390815,0.34174371398304726,0.25130035581602156,0.5426500112479488,0.05
1960,0.5626199999999999,False,2,0.0,0.0754,1.0,80.0,0.0,0.0,0.0,1.6356568998970258,0.08954244533168676,1.5185,0.02337627001897432,0.11208929471482147,0.0940681230965185,5.528121753034845e-231,0.0,0.05
1961,0.5592199999999999,False,2,0.0,0.1314,1.0,90.1,0.0,0.0,0.0,1.745308552467139,0.20995092638932822,1.5424000000000018,0.061535680706403924,0.19396042636792102,0.1520804734846729,4.506237626673783e-213,0.0,0.05
1962,0.5416899999999999,False,2,0.0,0.15589999999999998,0.9356,80.0,0.0,0.0,0.0,1.6972934411410823,0.20561766551165336,1.7796344686785806,0.7664350395046416,0.2234841452723141,0.261129184050189,0.19671224272643195,0.5769266665080132,0.05
1963,0.6077899999999999,False,2,0.0,0.2503,0.931,59.5,0.0,0.0,0.0,1.9004358545614692,0.31972316227168224,1.8802670684904244,0.9800550991183823,0.37702582395538375,0.29779167845746657,0.21639567972250734,0.649187039167522,0.05
1964,0.5405399999999999,False,2,0.0,0.2278,0.925,87.65,0.0,0.0,0.0,1.9416398045428174,0.3849962946044019,1.8265085809742871,0.9363206982627634,0.3697498524866504,0.3128213174927197,0.20797524764095368,0.623925742922861,0.05
1965,0.5254899999999999,False,2,0.0,0.09419999999999999,0.9389,80.0,0.0,0.0,0.0,1.7141363465793806,0.26247545676953626,1.6733111121322395,0.33112398448726466,0.17814441020269958,0.23428418255483266,0.08420000000000072,0.23829469150612756,0.05
1966,0.5588599999999999,False,2,0.0,0.1312,1.0,90.25,0.0,0.0,0.0,1.70618081078216,0.14464004680959724,1.533500000571526,0.06632985861173703,0.17017260131541367,0.11983156045492317,3.880768642444225e-210,0.0,0.05
1967,0.5613299999999999,False,2,0.0,0.1603,0.9332,70.0,0.0,0.0,0.0,1.7894596409497137,0.2875602159985683,1.7623970374727231,0.7553588658878095,0.26197098943081865,0.28179190978754814,0.16011757072886487,0.4803527121865946,0.05
1968,0.5529999999999998,False,2,0.0,0.1698,0.9298,74.4,0.0,0.0,0.0,1.7982604510399276,0.37164371777973804,1.755619280609696,0.6456049816028498,0.27749159187567046,0.31511111997781066,0.1635918309303068,0.486126745878193,0.05
1969,0.6015299999999999,False,2,0.0,0.14010000000000003,1.0,70.25,0.0,0.0,0.0,1.6865428670667153,0.1166185630790502,1.513600000000486,0.03160759402401242,0.17612027890108517,0.12318729047786255,1.5573745016466316e-208,0.0,0.05
1970,0.5098100000000001,False,2,0.0,0.16659999999999997,0.9429000000000001,100.1,0.0,0.0,0.0,1.8464444039859291,0.39013655669275105,1.6496111111111116,0.33851152122195316,0.2976888095549229,0.32869144924932314,0.07980000000000032,0.23940000000000095,0.05
1971,0.5405499999999999,False,2,0.0,0.2125,0.865,64.35,0.0,0.0,0.0,2.007019083423305,0.4543933134326901,2.1004547415372823,1.230997984382494,0.4326641951942305,0.4170347571282069,0.3177408222576936,0.6512690554804639,0.05
1972,0.51672,False,2,0.0,0.1593,0.9279,90.3,0.0,0.0,0.0,1.8850977346007898,0.5840543693621143,1.816252258318078,0.9194730387986233,0.31391484606947057,0.4231246656710733,0.17281891734475413,0.5184567520342624,0.05
1973,0.5549899999999999,False,2,0.0,0.1885,0.9132,70.4,0.0,0.0,0.0,1.8557493656472583,0.3374728339663164,1.880564204149259,0.7661048689547779,0.32206147134031016,0.3169870137517997,0.2788086448400851,0.6178610923853551,0.05
1974,0.5403999999999999,False,2,0.0,0.136,1.0,100.2,0.0,0.0,0.0,1.761871513735764,0.1503110853122584,1.5236,0.028945465966192366,0.2108629301470938,0.12468689414366926,7.426138816249155e-215,0.0,0.05
1975,0.5113400000000001,False,2,0.0,0.12840000000000001,0.9326000000000001,90.0,0.0,0.0,0.0,1.7040853469003405,0.2186488422022906,1.777452273887692,0.7063882369624086,0.21014216325786253,0.2729064929100332,0.15759244141799264,0.4727773242539779,0.05
1976,0.49609,False,2,0.0,0.1433,0.933,100.0,0.0,0.0,0.0,1.7816187991152526,0.3551142675070885,1.8246874667124113,0.8262237075109847,0.2650382343229995,0.3469171717375135,0.12150000000000076,0.3174798418797639,0.05
1977,0.5495099999999999,False,2,0.0,0.1739,0.9391999999999999,80.05,0.0,0.0,0.0,1.7996684652153612,0.2970782701587816,1.8355896395353728,0.8522767601328312,0.26966174639610924,0.26584025051980276,0.25145483170498534,0.6722781693494917,0.05
1978,0.52912,False,2,0.0,0.20550000000000002,0.8731,71.85,0.0,0.0,0.0,1.9549247515559611,0.4692560634978637,1.9762616590991429,1.0908585179392154,0.40021221955697533,0.4134033507556062,0.2574690076501878,0.5542479929458265,0.05
1979,0.48771,False,2,0.0,0.1526,0.8678999999999999,82.8,0.0,0.0,0.0,1.880766580881274,0.4422009822220128,2.084093775331108,1.1640357001823478,0.3479412800361784,0.43210025095898413,0.4068270636192242,0.8000492677766609,0.05
1980,0.57512,False,2,0.0,0.1672,0.9328,64.0,0.0,0.0,0.0,1.8049988019813767,0.39210834282853246,1.8928739321546426,0.7713628431392285,0.2850855683004322,0.3527261607919293,0.27390934882102214,0.6029812962071925,0.05
1981,0.5260999999999999,False,2,0.0,0.1282,0.9321999999999999,82.45,0.0,0.0,0.0,1.7669814504940575,0.284383960153275,1.7912561590445404,0.7453259601609915,0.2459842869734576,0.305826952458594,0.23097725560804294,0.6319631202573307,0.05
1982,0.5959199999999999,False,2,0.0,0.1985,0.9400999999999999,60.85,0.0,0.0,0.0,1.8279375366648467,0.31413441340124915,1.6422288776582117,0.32227317768932495,0.30844069653093537,0.2989491073339784,0.08554094756780498,0.25662284270341496,0.05
1983,0.42766999999999994,False,2,0.0,0.16960000000000003,0.8067,93.95,0.0,0.0,0.0,1.9716608666845084,0.540477202451701,2.302548730003223,1.266195424828848,0.4242666761390783,0.4980629062552895,0.5304152527708055,0.8150750701580302,0.05
1984,0.5454699999999999,False,2,0.0,0.0849,1.0,90.0,0.0,0.0,0.0,1.6507716566004453,0.14451185003903474,1.5163000010232097,0.03309395849265763,0.12311121836466606,0.1320308515321131,0.004400000000000346,0.013200000000001039,0.05
1985,0.58173,False,2,0.0,0.1101,1.0,75.65,0.0,0.0,0.0,1.680078674294755,0.10638418973161975,1.5589,0.10624730584819551,0.15909529270974637,0.11128340290226425,4.063411240812793e-225,0.0,0.05
1986,0.551,False,2,0.0,0.1163,0.9373000000000001,70.0,0.0,0.0,0.0,1.7084281236840824,0.2213491144104668,1.7020682300637877,0.32157058681892,0.19966742416589117,0.23398097296595147,0.09870000000000109,0.2361169413659262,0.05
1987,0.65526,False,2,0.0,0.1842,1.0,50.0,0.0,0.0,0.0,1.719706365668944,0.1134497413253323,1.5289897248056463,0.04431035592835747,0.2110958290918708,0.11536689931654084,0.0035000000000004116,0.010500000000001236,0.05
1988,0.4570000000000001,False,2,0.0,0.16150000000000003,0.8655000000000002,98.65,0.0,0.0,0.0,2.022667165609581,0.664944202132249,2.30920430711767,1.4594363725397252,0.3931840201934119,0.48236871265238923,0.4559099532429536,0.8239060334286131,0.05
1989,0.49716000000000005,False,2,0.0,0.1378,0.9316000000000001,98.15,0.0,0.0,0.0,1.8231011217628705,0.38834984727609445,1.9369126621569968,0.9852711008124276,0.2649316196572943,0.3201446795896463,0.3044115336847739,0.7049147992427927,0.05
1990,0.531,False,2,0.0,0.2254,0.8624,70.15,0.0,0.0,0.0,2.033501344850406,0.48184216154780435,2.1404947807736536,1.2656755478605777,0.45166187936860247,0.4055809979154275,0.4200642560540874,0.8405329191328392,0.05
1991,0.5203,False,2,0.0,0.09480000000000001,0.9837999999999999,98.4,0.0,0.0,0.0,1.686588722508801,0.20472482776542955,1.6753571279631732,0.3292417057736357,0.15561100873290812,0.16726332389850898,0.07990000000000085,0.23970000000000252,0.05
1992,0.52799,False,2,0.0,0.163,0.9347,87.6,0.0,0.0,0.0,1.8191527265151817,0.326330335233223,1.7783005336590936,0.7692487698077837,0.2809472674617577,0.30014289633711677,0.1843005336590935,0.5529016009772805,0.05
1993,0.59841,False,2,0.0,0.1597,1.0,74.75,0.0,0.0,0.0,1.7627712867516128,0.1570541366253162,1.52591953125,0.05344419252339342,0.22081587690018392,0.13316526580069626,2.3365684747877862e-220,0.0,0.05
1994,0.52535,False,2,0.0,0.19529999999999997,0.9308,92.4,0.0,0.0,0.0,1.8712579596338532,0.38117227929974445,1.7964003673785722,0.8273968883377345,0.31946797717801323,0.32187850406693896,0.21020667307410248,0.6306200192223074,0.05
1995,0.6196599999999999,False,2,0.0,0.2152,1.0,72.45,0.0,0.0,0.0,1.7968996059673052,0.12199929348731388,1.554033340454102,0.06508924612828369,0.2639246462681907,0.10656632266047678,0.0038000000000003387,0.011400000000001015,0.05
1996,0.54209,False,2,0.0,0.1403,1.0,100.0,0.0,0.0,0.0,1.7377164040404658,0.19530225751205965,1.630841406250002,0.22460782114064634,0.19371175599577886,0.14958709927057262,0.057600000000001525,0.16031419151154652,0.05
1997,0.5784999999999999,False,2,0.0,0.1724,0.9843999999999999,81.15,0.0,0.0,0.0,1.8259171531714604,0.243298904189976,1.6425555555555569,0.3378573992414917,0.2609096071561877,0.19077137762427385,0.07990000000000086,0.23970000000000255,0.05
1998,0.58043,False,2,0.0,0.20380000000000004,0.9287000000000001,65.4,0.0,0.0,0.0,1.9172125510640299,0.4378794740295444,1.798027692457632,0.7851104840779447,0.3425673597838374,0.32880833307318674,0.19176605250931092,0.5752981575279327,0.05
1999,0.56421,False,2,0.0,0.17409999999999998,0.9334,70.7,0.0,0.0,0.0,1.7845008896608097,0.3267749003232213,1.7927908181044436,0.730999005994381,0.2771481716704379,0.32216285150504204,0.18704514373224454,0.5611354311967336,0.05
2000,0.52874,False,2,0.0,0.09580000000000001,1.0,100.0,0.0,0.0,0.0,1.6252682637623572,0.06281029246961824,1.5472444452195497,0.05613202710091132,0.11832692945785217,0.06911952176610653,0.004500000000000469,0.013500000000001407,0.05
2001,0.5253099999999998,False,2,0.0,0.1521,0.9343999999999999,87.2,0.0,0.0,0.0,1.7746579635346258,0.2777367884269977,1.8697237884242468,1.0487009233684907,0.25668066633815856,0.2985722227798777,0.20602965654367025,0.6009556473642472,0.05
2002,0.5610900000000001,False,2,0.0,0.1497,0.9384,70.35,0.0,0.0,0.0,1.783144784001395,0.30621282505176434,1.6456444240653156,0.33667356139118304,0.2561881571227713,0.2914128092612828,0.08630000001997662,0.23833172266501604,0.05
2003,0.55152,False,2,0.0,0.17840000000000003,0.9400000000000001,80.0,0.0,0.0,0.0,1.814113862385728,0.3648046243361681,1.644850234740265,0.4124427027886333,0.2856251111010073,0.32236630873969435,0.11315023467679446,0.3394507040303834,0.05
2004,0.56244,False,2,0.0,0.14479999999999998,1.0,90.5,0.0,0.0,0.0,1.709500075289116,0.17204236690829194,1.5460980903287411,0.04796980170686827,0.18684944728722455,0.13645861566526393,3.986881735527338e-206,0.0,0.05
2005,0.5633899999999998,False,2,0.0,0.1473,1.0,90.4,0.0,0.0,0.0,1.731047920928468,0.13324755156731932,1.5137,0.021236996021094853,0.19935873354913305,0.11907371510996975,5.386057117721064e-201,0.0,0.05
2006,0.5742599999999999,False,2,0.0,0.1142,1.0,80.0,0.0,0.0,0.0,1.6465110739856534,0.09382802165705044,1.5123000000000009,0.01878856034931846,0.13731776361362616,0.10587510247096701,6.26085036078585e-213,0.0,0.05
2007,0.5162500000000001,False,2,0.0,0.127,0.9335000000000001,87.65,0.0,0.0,0.0,1.7314395669528087,0.27290143152381996,1.8138609144095796,0.8333184091792629,0.22778977423239583,0.3044137916122649,0.215960912606457,0.647882737819371,0.05
2008,0.5358799999999999,False,2,0.0,0.17729999999999999,0.9337,85.45,0.0,0.0,0.0,1.8306765242665963,0.31939360920299426,1.8583264213924857,0.7994177076884968,0.29934005682130227,0.3042057803334745,0.21899788000146742,0.5723914674813354,0.05
2009,0.59751,False,2,0.0,0.1423,0.9926,70.0,0.0,0.0,0.0,1.7388706970346923,0.17124695973639287,1.6540333333333617,0.33981257016112015,0.21082673649602318,0.15459826960420334,0.10440000000000176,0.2371679573635554,0.05
2010,0.5336299999999999,False,2,0.0,0.1964,0.9362999999999999,90.35,0.0,0.0,0.0,1.8512828543244801,0.33410253920008537,1.7871888605734054,0.6200168581646355,0.31519557999134773,0.3175201716239294,0.18415552705930288,0.5093690627300719,0.05
2011,0.5508799999999999,False,2,0.0,0.19119999999999998,0.9336,80.0,0.0,0.0,0.0,1.8203399101530828,0.3408923103439847,1.782332334449374,0.7669912614353355,0.30017418764510495,0.31461407145455184,0.21611383926469574,0.6483415177940872,0.05
2012,0.45038999999999996,False,2,0.0,0.13119999999999998,0.8169000000000001,80.4,0.0,0.0,0.0,1.8755152021680537,0.39364769615097317,2.2153109136049713,1.189048419473778,0.3499172388525309,0.38989254605810403,0.46602305776126307,0.7703406419173174,0.05
2013,0.5486199999999999,False,2,0.0,0.2299,0.9115,79.2,0.0,0.0,0.0,1.9630739790657974,0.3162052911873771,1.9395118891674028,0.6631480436104372,0.395212455022763,0.28102818862939444,0.3087336510305858,0.5206466764077288,0.05
2014,0.5408999999999999,False,2,0.0,0.143,1.0,101.0,0.0,0.0,0.0,1.7415644454723265,0.17406053025650742,1.5057222222222226,0.01221588219400374,0.19258722591016042,0.12285990520580277,0.0006000000000002928,0.001800000000000878,0.05
2015,0.46246999999999994,False,2,0.0,0.182,0.8000999999999999,76.1,0.0,0.0,0.0,2.0663730416424557,0.566897788438964,2.2559522587202556,1.2929227971364752,0.4934685067173595,0.5004859157800471,0.4437967031646998,0.7304517818930191,0.05
2016,0.60332,False,2,0.0,0.1794,1.0,75.25,0.0,0.0,0.0,1.789204478213619,0.18901730735050418,1.6655750000000011,0.309301835793133,0.2411630136452914,0.13892173555835724,0.07280000000000085,0.21840000000000256,0.05
2017,0.5559399999999999,False,2,0.0,0.11980000000000002,1.0,90.0,0.0,0.0,0.0,1.6914167461226952,0.14949001607881193,1.5414,0.04983813800695208,0.1608320062854538,0.11330491027061311,7.082117890573022e-221,0.0,0.05
2018,0.5314699999999999,False,2,0.0,0.1049,1.0,100.0,0.0,0.0,0.0,1.6687181788599184,0.15005615334155012,1.538000000002488,0.06736913240173355,0.13999067300529983,0.13328492455386504,4.596557294510336e-188,0.0,0.05
2019,0.52731,False,2,0.0,0.1516,0.9339000000000001,85.95,0.0,0.0,0.0,1.7756298240991115,0.2841214460611475,1.8039301047397214,0.8023752192670351,0.2595934937002661,0.28542671279483917,0.20992385473972122,0.6297715642191637,0.05
2020,0.51782,False,2,0.0,0.05940000000000001,1.0,100.0,0.0,0.0,0.0,1.6128033649815177,0.0994721452820612,1.5186,0.025056735621385266,0.08676753514969701,0.08776249482273434,6.083492927224779e-211,0.0,0.05
2021,0.5799399999999999,False,2,0.0,0.20129999999999998,0.9315,66.25,0.0,0.0,0.0,1.8780464835634205,0.3044004938238335,1.8473663428857712,0.8662374610306388,0.34611210159686945,0.2880588528778739,0.23915846088410647,0.7174753826523195,0.05
2022,0.48556000000000005,False,2,0.0,0.1295,0.9113,95.6,0.0,0.0,0.0,1.807817107216589,0.38793744224162835,1.8576877340163702,0.6857311426689663,0.27404952089617096,0.3678963071791582,0.24738179736352728,0.5308551746337755,0.05
2023,0.5678300000000001,False,2,0.0,0.1461,1.0,88.0,0.0,0.0,0.0,1.6928332614088533,0.11344803661481163,1.5588000000000002,0.09008973304433757,0.17838430246622922,0.10644848317813796,9.505453929230635e-213,0.0,0.05
2024,0.5721399999999999,False,2,0.0,0.13979999999999998,1.0,84.9,0.0,0.0,0.0,1.7348652114942371,0.1590420884223697,1.5276,0.04129455169874107,0.18822322764177235,0.12127733638161822,9.135131737274742e-219,0.0,0.05
2025,0.5461100000000001,False,2,0.0,0.13299999999999998,0.9483,78.8,0.0,0.0,0.0,1.7749048350441459,0.3637481166629553,1.650988888888889,0.3397043175076436,0.23078713025016664,0.2846747471472498,0.07990000000000021,0.2397000000000006,0.05
2026,0.56475,False,2,0.0,0.1095,1.0,84.05,0.0,0.0,0.0,1.6994667820396714,0.17931906299213052,1.5540317708333335,0.05035700382739881,0.16130903130462307,0.14342698252975059,5.794043036007766e-217,0.0,0.05
2027,0.5538099999999998,False,2,0.0,0.2169,0.8661999999999999,58.8,0.0,0.0,0.0,1.9301164827337467,0.31103382403574636,1.842272691767017,0.6994580584692055,0.4064183370039916,0.3396134243323927,0.26208024598839236,0.5720622566107224,0.05
2028,0.58722,False,2,0.0,0.17130000000000004,0.9369,60.0,0.0,0.0,0.0,1.7767933938691782,0.30416736176365056,1.758174099795059,0.7004727275334389,0.2724908646459695,0.3009529610358894,0.17564173100593608,0.5269251930178082,0.05
2029,0.5434699999999999,False,2,0.0,0.17509999999999998,0.8822000000000001,63.3,0.0,0.0,0.0,1.8869183389557889,0.42273541815741966,1.8792394441618616,0.7972764545024557,0.3516746276035091,0.39760884843085237,0.30408388860630586,0.6884455300141855,0.05
2030,0.5119299999999999,False,2,0.0,0.1508,0.8667,70.0,0.0,0.0,0.0,1.8333376471825837,0.38715467795833447,2.036204942436945,1.0097716669299113,0.3169680322796732,0.3739325852050156,0.3753493868037616,0.7482131577798318,0.05
2031,0.56865,False,2,0.0,0.1645,1.0,90.35,0.0,0.0,0.0,1.7460565301132995,0.18222371731555398,1.5200003255208339,0.038029056200976435,0.20292327362898802,0.13675578877355474,0.0026000000000004206,0.007800000000001261,0.05
2032,0.5455999999999999,False,2,0.0,0.122,1.0,95.5,0.0,0.0,0.0,1.707754887299356,0.16507301230321508,1.5330000000000004,0.047868570064291446,0.16522311648421473,0.1361309804342737,0.0012000000000003013,0.003600000000000904,0.05
2033,0.5738,False,2,0.0,0.15,1.0,85.6,0.0,0.0,0.0,1.697264449112168,0.14001656164850018,1.550533333333334,0.07591284476292749,0.1803599927133213,0.13386610618259778,0.018200000000000542,0.054600000000001626,0.05
2034,0.5103,False,2,0.0,0.10200000000000001,0.9279999999999999,84.95,0.0,0.0,0.0,1.784697134837505,0.49267044409841154,1.8939912642788925,1.1023321367096235,0.2276589409275999,0.36022293982596854,0.17403487279152235,0.5221046183745671,0.05
2035,0.4694,False,2,0.0,0.22360000000000002,0.7336,55.6,0.0,0.0,0.0,2.0560961378342113,0.4918229854342914,2.505293966221063,1.2313196223462846,0.5372381768671122,0.4798853322392518,0.7514467729653772,0.9280399650505722,0.05
2036,0.54514,False,2,0.0,0.1078,1.0,93.6,0.0,0.0,0.0,1.6673629388927114,0.1072872076831797,1.5234259602864584,0.03184497395651154,0.14150608954435834,0.09769297453441622,4.1223351977667057e-231,0.0,0.05
2037,0.49685000000000007,False,2,0.0,0.21880000000000002,0.8013,64.85,0.0,0.0,0.0,2.107894930825398,0.5793059613788755,2.2029444967861,0.9840102395925123,0.5360980867806502,0.4940104174881746,0.5634222745621361,0.8406587323548868,0.05
2038,0.49218000000000006,False,2,0.0,0.12869999999999998,0.9341000000000002,100.15,0.0,0.0,0.0,1.7980506247231278,0.34251123237272396,1.7944382105832783,0.8011128437378103,0.24161392321541406,0.31023985086869027,0.22060279391661167,0.6551688502956085,0.05
2039,0.5478299999999998,False,2,0.0,0.1346,0.9344999999999999,73.35,0.0,0.0,0.0,1.7568789256767232,0.27104471619959625,1.7849274524582028,0.7952749059125869,0.23555049726287253,0.2810463653998856,0.19752745245820283,0.5925823573746084,0.05
2040,0.50776,False,2,0.0,0.1552,0.876,76.0,0.0,0.0,0.0,1.8045514517153745,0.31941918960539006,1.894746859099153,0.8490136041194744,0.29977508312213563,0.3476849590464283,0.24491262671269923,0.5186384284331154,0.05
2041,0.57422,False,2,0.0,0.16069999999999998,0.9343,64.0,0.0,0.0,0.0,1.7962060513574545,0.2893765088790658,1.9148398880271422,0.8434242789650885,0.27544746703934425,0.297860493235202,0.2928092631220563,0.656815330714567,0.05
2042,0.5446599999999999,False,2,0.0,0.1062,1.0,93.6,0.0,0.0,0.0,1.658603213218838,0.11641789978318869,1.517944458007813,0.01904689372838703,0.14265007591030096,0.1116158134163628,0.0036000000000003356,0.010800000000001007,0.05
2043,0.5621,False,2,0.0,0.184,0.9349999999999999,73.8,0.0,0.0,0.0,1.8216763370512985,0.2803857396994122,1.6278901839585025,0.34649723005230226,0.29801369780209475,0.2933162355176762,0.07990149191809191,0.23970447575427575,0.05
2044,0.4838899999999999,False,2,0.0,0.06590000000000001,0.9315999999999999,94.0,0.0,0.0,0.0,1.7223323981104048,0.42013073041731325,1.8659639562165278,0.878157570752388,0.181373792811025,0.3581835326038486,0.24255267149430143,0.6357255408503316,0.05
2045,0.53466,False,2,0.0,0.1467,0.9335000000000001,81.4,0.0,0.0,0.0,1.7975092431877324,0.40820437485047206,1.7743034694535722,0.7185246421865161,0.26510527792697647,0.36345785450234414,0.2098666622873666,0.6295999868620998,0.05
2046,0.5438799999999999,False,2,0.0,0.0806,1.0,90.15,0.0,0.0,0.0,1.6786742682410463,0.16232476121464687,1.5251000000041937,0.05190462406943607,0.13665013851297503,0.11996438339461615,4.915333897255496e-238,0.0,0.05
2047,0.50127,False,2,0.0,0.1675,0.8705999999999999,79.2,0.0,0.0,0.0,1.9576693904784697,0.558191620385815,2.0181125499679466,0.9772250011507673,0.398787865824252,0.48613609229769245,0.34107403260644703,0.7429779526885267,0.05
2048,0.5397799999999999,False,2,0.0,0.1286,1.0,99.4,0.0,0.0,0.0,1.7130623974096442,0.13093860681325825,1.521300500806223,0.03957887279888324,0.17710423607961076,0.11997993864075787,1.8565347096578e-215,0.0,0.05
2049,0.5773299999999999,False,2,0.0,0.16570000000000001,0.9315999999999999,62.25,0.0,0.0,0.0,1.8302221548376179,0.31397480322904403,1.8158634722838496,0.8069275845414366,0.2934201488964706,0.3228179918761648,0.20534008089926498,0.6087222485287368,0.05
2050,0.47123,False,2,0.0,0.16140000000000002,0.8623000000000001,90.4,0.0,0.0,0.0,1.9432094241464863,0.5149684399368328,2.4625894595657325,1.6347218745505976,0.39058089227581483,0.4585250409942768,0.4999456403973735,0.837378477923179,0.05
2051,0.53596,False,2,0.0,0.148,0.9318,80.35,0.0,0.0,0.0,1.8131574898726721,0.38108256592797596,1.7959122752488104,0.7920064511857935,0.27490922321636696,0.34543239237072376,0.22567891140849533,0.677036734225486,0.05
2052,0.6175299999999999,False,2,0.0,0.15209999999999999,1.0,64.05,0.0,0.0,0.0,1.7302462836677936,0.14918553575353505,1.581633333333335,0.1271926413936442,0.20032126658649987,0.13834304416054105,0.04060000000000115,0.0929173826579313,0.05
2053,0.5301600000000001,False,2,0.0,0.1624,0.9312000000000001,85.2,0.0,0.0,0.0,1.83658454380747,0.30719020548149345,1.8427152748409772,0.8973661522969841,0.28098247418345357,0.29482426828562114,0.16762819476619076,0.5028845842985722,0.05
2054,0.5123199999999999,False,2,0.0,0.1305,0.9330999999999999,90.0,0.0,0.0,0.0,1.778230712612897,0.3226348849237846,1.6675220115083982,0.335167106946131,0.24015470887373613,0.2958890649829605,0.08400000135369272,0.23832918816853446,0.05
2055,0.5061899999999999,False,2,0.0,0.118,0.9297000000000001,90.0,0.0,0.0,0.0,1.7834716482124169,0.4269703096692355,1.8518953791095079,0.9409332796151925,0.2288968649007995,0.3511063053008171,0.17002231531737264,0.510066945952118,0.05
2056,0.56053,False,2,0.0,0.17009999999999997,0.985,90.0,0.0,0.0,0.0,1.808947931820097,0.24399708995642522,1.6586111111111124,0.3349508172851687,0.25460548781801323,0.1652348044580278,0.07980000000000086,0.23940000000000256,0.05
2057,0.56093,False,2,0.0,0.1903,0.9362,75.75,0.0,0.0,0.0,1.856403616447805,0.29193820756031674,1.7847695375109276,0.7152992094600358,0.31722586225212207,0.2632517499845825,0.15093082578786132,0.452792477363584,0.05
2058,0.5821400000000001,False,2,0.0,0.2245,0.9387000000000001,71.15,0.0,0.0,0.0,1.9808587577026326,0.36161636544262094,1.8803600536099871,0.786975682175542,0.4080853407605021,0.32589043337330054,0.2698547307552535,0.5833238333685354,0.05
2059,0.53366,False,2,0.0,0.11220000000000001,1.0,100.0,0.0,0.0,0.0,1.662812883650694,0.10397314663454135,1.509225,0.016222072154937574,0.1523990951814521,0.10919359158856894,5.113231830680266e-235,0.0,0.05
2060,0.5002899999999999,False,2,0.0,0.1555,0.9052,90.0,0.0,0.0,0.0,1.8017958248897628,0.2674403378760754,1.895231054005293,0.8032110665149501,0.2879460354690075,0.2760620138683207,0.23244764810351404,0.49260687734387715,0.05
2061,0.57152,False,2,0.0,0.1807,0.9323,67.65,0.0,0.0,0.0,1.8802419101157013,0.3948439041500262,1.89803388522515,1.1622061648066973,0.3257039078062512,0.35841556502517385,0.17076589192696207,0.508973074702344,0.05
2062,0.5648500000000001,False,2,0.0,0.14950000000000002,1.0,90.0,0.0,0.0,0.0,1.729725231560975,0.15259689163354753,1.5176979166666669,0.01927888626786215,0.1982373211804635,0.1319305318817867,1.2166985942797704e-210,0.0,0.05
2063,0.5924699999999999,False,2,0.0,0.2122,0.9323,61.9,0.0,0.0,0.0,1.9507945482658862,0.4295326829285584,1.810691913335225,0.7797968067302233,0.370568128244072,0.32931111799837753,0.21436686218883608,0.5699797719099906,0.05
2064,0.54964,False,2,0.0,0.1672,0.8564,50.0,0.0,0.0,0.0,1.8742117315348903,0.32735419646057057,2.0333675455586113,0.9122149347256228,0.35914834824875796,0.35350578703117164,0.36275797982479197,0.6065531916595329,0.05
2065,0.53165,False,2,0.0,0.1055,1.0,100.0,0.0,0.0,0.0,1.6442569593563898,0.09316592032761968,1.5126000000000002,0.02132228880772416,0.12596789709490075,0.09483309180925399,1.594751172277498e-205,0.0,0.05
2066,0.534,False,2,0.0,0.15739999999999998,0.9314,82.6,0.0,0.0,0.0,1.8244865563099146,0.40435327781135855,1.7879882648065464,0.8075784024576937,0.2843683962935884,0.32751201824862347,0.19375526457982645,0.5812657937394794,0.05
2067,0.53495,False,2,0.0,0.1456,0.9361,82.0,0.0,0.0,0.0,1.7711204493697508,0.30131391220040804,1.8308477576209121,0.8521278979867383,0.23623365857542328,0.27105734308262075,0.21434775762091213,0.6430432728627364,0.05
2068,0.6026799999999999,False,2,0.0,0.1816,1.0,75.9,0.0,0.0,0.0,1.7302724937557508,0.08007315711501918,1.6663666671964876,0.2798538595943589,0.2198173338562519,0.07842458926395457,0.07330000000000121,0.20502587641563938,0.05
2069,0.5219599999999999,False,2,0.0,0.12999999999999998,0.9347999999999999,85.7,0.0,0.0,0.0,1.7490790318535754,0.2809896938749427,1.6285574071195015,0.3414698774702923,0.23802258965835482,0.3147690396969849,0.07988951302103993,0.23966853906311975,0.05
2070,0.49085999999999996,False,2,0.0,0.1086,0.9324,97.2,0.0,0.0,0.0,1.784757415959924,0.4763232229270869,2.010853266488742,1.1915718104504012,0.2490583065721997,0.40958334304880056,0.23849369746682222,0.5853325560363339,0.05
2071,0.62018,False,2,0.0,0.16860000000000003,1.0,65.2,0.0,0.0,0.0,1.7321889297966062,0.11282640623311199,1.5386000125249226,0.04390716380133637,0.21571881864132716,0.11489077891484352,5.176372121719434e-207,0.0,0.05
2072,0.5775,False,2,0.0,0.184,1.0,88.85,0.0,0.0,0.0,1.7620466451021835,0.15014203363156803,1.510677778053284,0.022062563246990893,0.22893244453457698,0.11117454140518672,0.004800000000000353,0.014400000000001058,0.05
2073,0.48131,False,2,0.0,0.153,0.8483,79.2,0.0,0.0,0.0,1.8809138085500225,0.39004521301925904,1.8703817309757098,0.5114345002453182,0.34048682153666454,0.3591082017941924,0.23950117454005157,0.365844180386587,0.05
2074,0.5281899999999999,False,2,0.0,0.1869,0.9315999999999999,90.0,0.0,0.0,0.0,1.8290596470136342,0.3189164928012903,1.9614927508088207,1.310941675755147,0.30503510329564715,0.302460598248818,0.19997900094686136,0.599937002840584,0.05
2075,0.5133300000000001,False,2,0.0,0.1369,0.9318,90.0,0.0,0.0,0.0,1.770581998488145,0.3196362679663673,1.7602772324599627,0.7182824651675997,0.24398787634880975,0.31946732290364627,0.185866121070079,0.5417874002152561,0.05
2076,0.57865,False,2,0.0,0.15350000000000003,1.0,83.7,0.0,0.0,0.0,1.7418562468304617,0.1669545764120949,1.5347000000000004,0.03328978822401873,0.20173875105217576,0.13704930649227673,1.3064201608265392e-201,0.0,0.05
2077,0.5719,False,2,0.0,0.098,1.0,78.75,0.0,0.0,0.0,1.673346891351115,0.15018253529006637,1.5383,0.03957031715819319,0.14250569116629727,0.12764275773679373,2.003694790607865e-219,0.0,0.05
2078,0.57962,False,2,0.0,0.16440000000000002,1.0,84.85,0.0,0.0,0.0,1.7524113088362996,0.17369997237596044,1.5164000000000002,0.026299049412478775,0.22717400616618674,0.14585825503975605,4.9471750893321784e-207,0.0,0.05
2079,0.5731799999999999,False,2,0.0,0.11159999999999999,1.0,80.15,0.0,0.0,0.0,1.6724707417449636,0.11365535614491298,1.5289397588941789,0.050321821117998246,0.1497913525511793,0.11092478468556982,0.00020000000000028705,0.0006000000000008612,0.05
2080,0.52766,False,2,0.0,0.18000000000000002,0.9338000000000001,90.0,0.0,0.0,0.0,1.867514408394469,0.32305912729411373,1.786241763482296,0.7783488868875922,0.3169789121731686,0.3066968913167897,0.2273556359851531,0.6820669079554593,0.05
2081,0.6090899999999999,False,2,0.0,0.23970000000000002,0.8783999999999998,38.85,0.0,0.0,0.0,2.0624152901323938,0.5530384074320831,2.066706854635995,1.3213018082350083,0.4710656852984142,0.45280417919955646,0.30952143532924536,0.7039762726683209,0.05
2082,0.54282,False,2,0.0,0.2004,0.933,85.2,0.0,0.0,0.0,1.8651141691601318,0.3701101068551015,1.790977139011559,0.8220415072103229,0.33672520586540644,0.3534687279392059,0.1954165484068981,0.5697780196538802,0.05
2083,0.5617,False,2,0.0,0.197,1.0,98.7,0.0,0.0,0.0,1.7844290165393495,0.13255379982026227,1.5184888888902968,0.029598723699556222,0.24688625858922603,0.11003432282744474,0.006400000000000375,0.019200000000001126,0.05
2084,0.5005099999999998,False,2,0.0,0.09420000000000002,0.9324999999999999,90.25,0.0,0.0,0.0,1.7385123976052341,0.3529929641409779,1.7668193460214847,0.8004580380644544,0.21214809668327864,0.352948523910596,0.2128193460214848,0.6384580380644543,0.05
2085,0.5518700000000001,False,2,0.0,0.1458,0.9339000000000001,72.8,0.0,0.0,0.0,1.8023486480337805,0.32031345162530217,1.9043552485476958,1.1521564007490772,0.26779024542707974,0.3214292235500916,0.17596771396351638,0.5279031418905491,0.05
2086,0.5750799999999999,False,2,0.0,0.18460000000000001,1.0,90.15,0.0,0.0,0.0,1.802777536035317,0.198394363354981,1.5506473958333402,0.06228257354417135,0.25050890333352027,0.14479687239785463,7.354491674293884e-187,0.0,0.05
2087,0.4560099999999999,False,2,0.0,0.2017,0.7939999999999999,80.15,0.0,0.0,0.0,2.1002632582828795,0.5658556298549183,2.488166820273297,1.6000779881696632,0.508826995227405,0.48178197140406054,0.550406328176008,0.8440413649913102,0.05
2088,0.6117199999999999,False,2,0.0,0.22729999999999997,0.9379,56.5,0.0,0.0,0.0,1.8922347884011175,0.34382660909779,1.7826436856095236,0.720588158694807,0.34271038625183603,0.2799602867344271,0.19677858140088045,0.5388114583712945,0.05
2089,0.5398000000000001,False,2,0.0,0.2171,0.9341000000000002,89.6,0.0,0.0,0.0,1.8565735283607254,0.35834330877908677,1.7883915741303391,0.791006699313542,0.34570414191654164,0.3276195195636091,0.19279155217284777,0.5783746565185433,0.05
2090,0.59867,False,2,0.0,0.15089999999999998,1.0,73.3,0.0,0.0,0.0,1.7259839849130478,0.13568020465097508,1.5528000000000024,0.07754972598275757,0.19808317355456778,0.1201671090417936,2.629119258383457e-207,0.0,0.05
2091,0.54889,False,2,0.0,0.1649,0.9336,77.05,0.0,0.0,0.0,1.8276988527835016,0.32504950836800167,1.8166613039898174,0.8739323671667938,0.3007473275333627,0.33692927217516216,0.2424529618482636,0.7273588855447907,0.05
2092,0.5286599999999999,False,2,0.0,0.2535,0.8753,80.05,0.0,0.0,0.0,2.0659164456851995,0.4974290161281331,2.192363059603264,1.4695733815694825,0.48744571290739946,0.42991481785960145,0.3815136908439262,0.7641461300054379,0.05
2093,0.46902999999999995,False,2,0.0,0.2185,0.7984,77.7,0.0,0.0,0.0,2.168435071951083,0.6908727497767593,2.3569137550494696,1.3124199060670156,0.543597753654464,0.532815618351533,0.5817261167127517,0.8902486524179375,0.05
2094,0.4774599999999999,False,2,0.0,0.2065,0.7933,69.9,0.0,0.0,0.0,2.0942924588379865,0.6634990616895224,2.4356120093349114,1.4193785475775014,0.5069436729979044,0.5111199089357601,0.5624712061583993,0.8584058517427605,0.05
2095,0.59165,False,2,0.0,0.1405,1.0,75.25,0.0,0.0,0.0,1.7131619381858818,0.12869971465050042,1.5302277778139257,0.03456154342378326,0.18514583336289883,0.11734413211867578,0.0010000000000004263,0.003000000000001279,0.05
2096,0.5233699999999999,False,2,0.0,0.21199999999999997,0.8671,73.6,0.0,0.0,0.0,1.9718305956816014,0.5962675342553664,2.2744836264702837,1.5894236829146884,0.40734856243307016,0.4519723281706997,0.4014731406352577,0.8029530382345452,0.05
2097,0.5990099999999999,False,2,0.0,0.1327,1.0,70.4,0.0,0.0,0.0,1.6929048310908932,0.11152852854707326,1.5449791666666708,0.07452362426048464,0.16828349611451685,0.10684714937351666,0.0014000000000003042,0.004200000000000912,0.05
2098,0.4789199999999999,False,2,0.0,0.19029999999999997,0.8589,89.7,0.0,0.0,0.0,1.9557171658410262,0.37818715065769704,1.8765555656300879,0.7463064818229055,0.39622690740349703,0.3680341316346831,0.25296627052050263,0.5443133479006897,0.05
2099,0.5487700000000001,False,2,0.0,0.22950000000000004,0.8716000000000002,65.1,0.0,0.0,0.0,2.055539629451087,0.5179512062846162,2.080155961751138,1.13388350351585,0.45893281451551743,0.43803417538173,0.36322380719284314,0.726733804126774,0.05
2100,0.49739999999999995,False,2,0.0,0.18050000000000002,0.8724999999999999,83.75,0.0,0.0,0.0,1.8543317052625876,0.3578581301753855,2.1104687057605815,1.156010598075919,0.338561159894068,0.3724600931354267,0.43266346182581594,0.8545189569791787,0.05
2101,0.5046399999999999,False,2,0.0,0.1651,0.9312999999999999,98.4,0.0,0.0,0.0,1.8244131533950132,0.27656602806770236,1.8666254635664525,0.9154808309925927,0.2866684900285924,0.3083779380132906,0.18997366936691215,0.5699210081007364,0.05
2102,0.5685099999999998,False,2,0.0,0.1784,0.9407,71.75,0.0,0.0,0.0,1.8727071312355235,0.4393649016828949,1.8567499711119297,1.0301645993297512,0.31193292735871236,0.3720656297064445,0.17678608222304054,0.5303582466691217,0.05
2103,0.49830999999999986,False,2,0.0,0.1829,0.8932,90.9,0.0,0.0,0.0,2.0340293855147853,0.6329543339869247,1.776900000005892,0.440011148709786,0.39666750707699544,0.40901386303259235,0.16710000000004643,0.3164580382926906,0.05
2104,0.56763,False,2,0.0,0.1769,0.9328,69.2,0.0,0.0,0.0,1.8083648935867902,0.23472474232807633,1.774135362782697,0.8137763423000868,0.29155008073442257,0.25776743290774434,0.16678859446639208,0.5003657833991763,0.05
2105,0.4768799999999999,False,2,0.0,0.25910000000000005,0.7535,64.15,0.0,0.0,0.0,2.2338781129501983,0.5519942833017063,2.2371238286392403,0.9504485442494238,0.6216705685318793,0.48672805053063356,0.5560985071967544,0.7775628893744163,0.05
2106,0.49441,False,2,0.0,0.1916,0.8569000000000001,81.45,0.0,0.0,0.0,2.1112159741449883,0.7230225399182741,2.2790133582990824,1.4691681432771626,0.47739059486456703,0.5233994222033529,0.32005028352294923,0.6696961983428302,0.05
2107,0.5574399999999999,False,2,0.0,0.1248,1.0,90.0,0.0,0.0,0.0,1.6854194418329218,0.10434775701012418,1.5657603556154294,0.045640128933140615,0.1654263411630331,0.09746862857614512,0.004300000000000466,0.012900000000001398,0.05
2108,0.5914499999999999,False,2,0.0,0.11550000000000002,1.0,71.6,0.0,0.0,0.0,1.6805515268060849,0.1779172464613941,1.5366000000000395,0.06661618829695529,0.15274286105803553,0.12356122728039583,0.022300000000000864,0.0474932626800914,0.05
2109,0.5196999999999999,False,2,0.0,0.1552,0.9332,90.05,0.0,0.0,0.0,1.8219952319540909,0.3436677609636357,1.8837796810314977,0.8559430260317837,0.28433559124608,0.33508043543276256,0.24836304853816027,0.6823665965444873,0.05
2110,0.5647899999999998,False,2,0.0,0.1173,0.9969999999999999,84.15,0.0,0.0,0.0,1.712006830288529,0.16948243255344972,1.6281555555555567,0.3420614889493184,0.1702013645345737,0.13146973094276035,0.07990000000000085,0.23970000000000252,0.05
2111,0.58641,False,2,0.0,0.1467,1.0,78.8,0.0,0.0,0.0,1.7097074618546408,0.14272390031375706,1.548233333333334,0.07376555203254961,0.18902286722065195,0.1363083148171229,0.0092000000000004,0.027600000000001203,0.05
2112,0.5885499999999999,False,2,0.0,0.1285,1.0,75.0,0.0,0.0,0.0,1.6718164843221246,0.11669239476272164,1.5473000305175786,0.053499653946735594,0.15858893234989607,0.1026066037028685,0.0012000000000003013,0.003600000000000904,0.05
2113,0.6174499999999999,False,2,0.0,0.22479999999999997,0.9403,54.1,0.0,0.0,0.0,1.8754378378613528,0.2734097704719076,1.7845465321176277,0.7744969481067416,0.34494068301647707,0.2742742865995733,0.1616284641145373,0.4649079167816392,0.05
2114,0.5566199999999999,False,2,0.0,0.1264,1.0,90.65,0.0,0.0,0.0,1.7293789544931415,0.18175535780362004,1.5563494801839195,0.06572835690428717,0.1738423956623964,0.13935078554658661,3.266051969612038e-202,0.0,0.05
2115,0.59562,False,2,0.0,0.1504,1.0,74.75,0.0,0.0,0.0,1.7573855480564078,0.19728650842125803,1.5267,0.036532314462678114,0.19986955370538295,0.15033622380946252,4.409010675428553e-193,0.0,0.05
2116,0.5364099999999999,False,2,0.0,0.1337,0.933,78.4,0.0,0.0,0.0,1.7588232851836243,0.28920683403515257,1.8728169091885423,1.0145514224514034,0.23588593476208217,0.2976343452522119,0.20868673956363953,0.6260602186909185,0.05
2117,0.4863400000000001,False,2,0.0,0.0782,0.9364000000000001,96.3,0.0,0.0,0.0,1.7272844607832245,0.3961008547974451,1.7895134741473497,0.7627337121208485,0.19388837635277856,0.36639995956882904,0.21311241994516417,0.6393372598354925,0.05
2118,0.4314699999999999,False,2,0.0,0.1679,0.7449999999999999,70.2,0.0,0.0,0.0,2.124100826783347,0.7416286860345949,2.391226232485505,1.2905979449264995,0.5163816921654453,0.5470272835943357,0.5525922914522088,0.7672219752840197,0.05
2119,0.5227,False,2,0.0,0.15230000000000002,0.9323,87.8,0.0,0.0,0.0,1.864574835877195,0.4850941091544455,1.9195091506555955,1.2085350681884253,0.30203147049486095,0.3948677660997385,0.21680162419989077,0.6339135082023457,0.05
2120,0.49265,False,2,0.0,0.15189999999999998,0.9244,100.0,0.0,0.0,0.0,1.8415157825817103,0.367830564343041,1.85921419579661,0.7405692921955408,0.29932869593116085,0.33690884260331555,0.26705482079660936,0.5799391590988773,0.05
2121,0.5351699999999999,False,2,0.0,0.2021,0.8712,67.65,0.0,0.0,0.0,1.9117970788220588,0.38637519415138183,2.1548459456777795,1.3201677562272096,0.3900344049156853,0.3940545600042014,0.41370025068116334,0.8283789803426231,0.05
2122,0.5019499999999999,False,2,0.0,0.24630000000000002,0.7978,65.2,0.0,0.0,0.0,2.1974070948604143,0.5565126785298808,2.3031778324453454,1.3215757559096712,0.5822137366793043,0.46710856860801314,0.5036664358762918,0.8412178681047637,0.05
2123,0.47741999999999996,False,2,0.0,0.2008,0.8154,76.8,0.0,0.0,0.0,1.956626268648833,0.47374333992812506,2.097784950926623,0.9246729730270855,0.43969611291226024,0.47212315205403566,0.43919287093342285,0.7175528844578971,0.05
2124,0.55747,False,2,0.0,0.1772,0.9353,75.2,0.0,0.0,0.0,1.8157820228901194,0.3194166700480429,1.8343448695166973,0.9456344436918843,0.28615644494344844,0.3034571059192719,0.22741361945658292,0.6822408583697488,0.05
2125,0.48479999999999995,False,2,0.0,0.0961,0.9371,100.0,0.0,0.0,0.0,1.705060748408074,0.29902398057690455,1.8410666444671595,0.8144974422062053,0.18411882745589736,0.30071032382570106,0.19260831659804029,0.5778249497941209,0.05
2126,0.5988899999999999,False,2,0.0,0.1303,1.0,70.1,0.0,0.0,0.0,1.684416806917501,0.10718879299857532,1.5491111111111124,0.06852136730814713,0.1673551216672491,0.10431041929120796,0.011400000000000446,0.03420000000000134,0.05
2127,0.5299099999999999,False,2,0.0,0.17919999999999997,0.9324999999999999,88.3,0.0,0.0,0.0,1.8384200409051945,0.28801138633512824,1.7885619485008633,0.8229367731689713,0.299128261569757,0.2748956487234461,0.122,0.36599999999999994,0.05
2128,0.50387,False,2,0.0,0.16130000000000003,0.9364000000000001,100.0,0.0,0.0,0.0,1.8006778259106446,0.31547326815582216,1.7765708469269703,0.6039119887848051,0.2757195131193013,0.31407075764368136,0.16680418025922514,0.5004125407776754,0.05
2129,0.5369899999999999,False,2,0.0,0.209,0.8696999999999999,67.25,0.0,0.0,0.0,1.9779927951605434,0.493070838883454,2.0662702694851314,1.1221850942490923,0.4099788865560347,0.3991568501032339,0.37003429041268654,0.7474458853792426,0.05
2130,0.51258,False,2,0.0,0.2048,0.9292,99.65,0.0,0.0,0.0,1.9241430722996729,0.39254046742311266,1.8108516146484863,0.7617557290287272,0.3541663459691959,0.3302789644353007,0.18925191918690168,0.5644302984953863,0.05
2131,0.53213,False,2,0.0,0.1619,0.9358000000000001,85.75,0.0,0.0,0.0,1.8493237725171958,0.41953674420290366,1.8364894645599559,0.8384745259465922,0.30425577286278416,0.38671727818769064,0.2166868870672864,0.6500606612018592,0.05
2132,0.5901599999999999,False,2,0.0,0.1924,0.9321999999999999,60.05,0.0,0.0,0.0,1.94245010246058,0.4822484302572507,1.6441495713851122,0.3405716671174164,0.3592648027944001,0.39598078559962196,0.08394947224179528,0.2518484167253858,0.05
2133,0.4724999999999999,False,2,0.0,0.1647,0.8027000000000001,69.4,0.0,0.0,0.0,1.927005662604098,0.3892630392537929,2.001672416338471,0.8398071413591447,0.41279473353033624,0.4191553896368482,0.3597502050000664,0.6313015409304831,0.05
2134,0.61863,False,2,0.0,0.17409999999999998,1.0,66.8,0.0,0.0,0.0,1.767116236743027,0.191089623270183,1.5227354166666671,0.03137808480021002,0.22627050525734407,0.149448958062107,0.0020000000000003127,0.006000000000000937,0.05
2135,0.55323,False,2,0.0,0.1731,0.898,63.65,0.0,0.0,0.0,1.8627550071869958,0.30405858871279606,1.93257644785789,0.9361957317627567,0.318246245891581,0.30528193150649696,0.23196619565477977,0.4913426452832427,0.05
2136,0.5864699999999999,False,2,0.0,0.1559,1.0,80.15,0.0,0.0,0.0,1.7489374211201583,0.18426324117139556,1.5417333333532022,0.034565493411030414,0.21253748166683195,0.14327571943504114,0.005600000000000363,0.016800000000001092,0.05
2137,0.4967999999999999,False,2,0.0,0.1421,0.9311,98.8,0.0,0.0,0.0,1.7774321085316693,0.3669597904092939,1.78567429852941,0.7803118992472199,0.25378163107307394,0.33492362445217566,0.2161637564092617,0.648491269227785,0.05
2138,0.5149900000000001,False,2,0.0,0.13520000000000001,0.9349000000000001,90.0,0.0,0.0,0.0,1.7383716919224703,0.2664985281288887,1.763583135684502,0.7442543788869777,0.23409468504919903,0.28536727802211187,0.20448313568450177,0.6134494070535054,0.05
2139,0.54758,False,2,0.0,0.1586,1.0,100.0,0.0,0.0,0.0,1.7539513737451238,0.16841350112522546,1.5734222222222234,0.1089147678998006,0.20922824015341485,0.13568797533292148,0.026500000000000877,0.07950000000000264,0.05
2140,0.50415,False,2,0.0,0.2448,0.8143,69.65,0.0,0.0,0.0,2.055594665990718,0.44002050480251725,1.9897156108735374,0.8136782217752456,0.5132899623803266,0.4327778572771105,0.35061528036238815,0.6075160531415396,0.05
2141,0.5437399999999999,False,2,0.0,0.14419999999999997,0.9343999999999999,76.8,0.0,0.0,0.0,1.7960025678158686,0.39629206706281045,2.0609771496881657,1.5485273703436866,0.26822766455536107,0.347998473528218,0.19999999718647293,0.5999999915594187,0.05
2142,0.4592299999999999,False,2,0.0,0.1768,0.7997,76.8,0.0,0.0,0.0,2.0209406594835713,0.5734535013870051,2.0848240271106677,0.968926228673666,0.46116776618857125,0.4959691946137454,0.3946267901580792,0.6603906942172505,0.05
2143,0.58551,False,2,0.0,0.22069999999999998,1.0,90.35,0.0,0.0,0.0,1.8380736446138688,0.1588951764469239,1.5209,0.03416562600041158,0.2863035011060123,0.12130806355799992,3.344435615480144e-199,0.0,0.05
2144,0.55903,False,2,0.0,0.13210000000000002,1.0,90.3,0.0,0.0,0.0,1.6839181866554767,0.09851830512056564,1.5480000276353623,0.053756888815922575,0.16104510905258307,0.09330544162737749,3.458065379464037e-224,0.0,0.05
2145,0.5311699999999999,False,2,0.0,0.10389999999999999,1.0,100.0,0.0,0.0,0.0,1.6718351178403492,0.11054148102388693,1.5493111111111124,0.13728633500016893,0.14317460552981703,0.10582210657529623,0.03210000000000102,0.0963000000000021,0.05
2146,0.5588000000000001,False,2,0.0,0.15389999999999998,0.9329000000000001,70.2,0.0,0.0,0.0,1.8381270385038841,0.4566639131879807,1.8732007401062518,1.0525611280227682,0.2930915209173908,0.40293343373892715,0.20100768032822353,0.5983709325403497,0.05
2147,0.5829500000000001,False,2,0.0,0.19569999999999999,0.9352,65.2,0.0,0.0,0.0,1.8219242335579593,0.2813502036801046,1.646109662591423,0.3377124328322636,0.2931111343775844,0.2697156057912712,0.0799000729257894,0.23970021877736822,0.05
2148,0.56455,False,2,0.0,0.1165,1.0,85.2,0.0,0.0,0.0,1.6823012966384006,0.12651223928442717,1.5086096354166667,0.01622018425413085,0.15489338468326264,0.1087530461941323,5.532754645408879e-223,0.0,0.05
2149,0.63367,False,2,0.0,0.19790000000000002,1.0,62.85,0.0,0.0,0.0,1.8186280163260882,0.1985268196389798,1.537133333333335,0.07023927008254591,0.2703380132790159,0.15340575014112737,0.024400000000001042,0.05016612402807511,0.05
2150,0.5144399999999999,False,2,0.0,0.1899,0.8671,74.75,0.0,0.0,0.0,1.877490319836724,0.33257050535424926,1.752269358916149,0.45521335782940175,0.36819811184830975,0.3497824168537772,0.15960001401924456,0.31920002803849074,0.05
2151,0.53411,False,2,0.0,0.1955,0.9368000000000001,90.15,0.0,0.0,0.0,1.9173967929101217,0.3706769483419814,1.8778782176713187,0.7382488267480087,0.3541125282800829,0.3376065590984437,0.2531171040917542,0.568529079671472,0.05
2152,0.5265199999999999,False,2,0.0,0.17470000000000002,0.8773,70.0,0.0,0.0,0.0,1.8877971201980077,0.43365441014242556,2.0033032469610683,0.9425914070168848,0.36086022214709235,0.41168586164620863,0.3898365837397681,0.7893249422888851,0.05
2153,0.5148299999999999,False,2,0.0,0.1363,0.9342,90.0,0.0,0.0,0.0,1.7692319525418214,0.3154202906023184,1.8930651577387754,0.7609601423613305,0.249908011965197,0.3278333890590547,0.2727651356029339,0.635559224150994,0.05
2154,0.63764,False,2,0.0,0.1928,1.0,60.1,0.0,0.0,0.0,1.7822550435782063,0.15690387700485192,1.5177,0.026769572278988678,0.24470516401669382,0.129541272772342,5.261912166228374e-211,0.0,0.05
2155,0.58362,False,2,0.0,0.2144,1.0,90.35,0.0,0.0,0.0,1.8472591272113537,0.17245551331164802,1.532,0.038468168659295476,0.2859441762308367,0.12998352600763702,2.551602481442682e-204,0.0,0.05
2156,0.4910899999999999,False,2,0.0,0.192,0.8067,65.6,0.0,0.0,0.0,1.9260941077780598,0.43557997184335157,2.388996579103503,1.3781213278101432,0.4071138572946079,0.42807966241563866,0.5271533022015105,0.8087773532281685,0.05
2157,0.49114,False,2,0.0,0.1722,0.8714000000000001,85.25,0.0,0.0,0.0,1.9212862288318338,0.49914024719269284,1.9003329505407478,0.7974842375493589,0.3594328692619714,0.41083445834243754,0.3073106360876191,0.6880267655492,0.05
2158,0.5299200000000001,False,2,0.0,0.1243,0.9319,79.85,0.0,0.0,0.0,1.7766544312280037,0.419741941580523,1.889319363444142,1.053625705765669,0.24269844767697837,0.3515598264555221,0.17611052649659498,0.5283315794897849,0.05
2159,0.5228799999999999,False,2,0.0,0.183,0.9394,94.8,0.0,0.0,0.0,1.846429213640116,0.41064043440261666,1.781551866310889,0.7703117167539394,0.29686362841883807,0.3434634099299454,0.22388519964422215,0.6716555989326665,0.05
2160,0.4998299999999998,False,2,0.0,0.179,0.8658999999999999,80.0,0.0,0.0,0.0,1.9353303547727365,0.5168524332464687,1.8917280223998691,0.8488635698925456,0.37778359754446333,0.42800451094547715,0.2636668746016088,0.5749646732105193,0.05
2161,0.5249499999999999,False,2,0.0,0.20220000000000002,0.8686999999999999,71.9,0.0,0.0,0.0,1.972156058519463,0.4968794803968432,2.0997397990928897,1.1437438837841984,0.4140045930249074,0.4413041971332417,0.4440620213151115,0.8603102688331049,0.05
2162,0.56929,False,2,0.0,0.2003,0.932,71.6,0.0,0.0,0.0,1.9430567008373785,0.44065148535005105,1.8484307687194215,1.0020342029637384,0.3672674339204514,0.3715484356029587,0.211857905926377,0.635573717779131,0.05
2163,0.56541,False,2,0.0,0.1407,1.0,88.4,0.0,0.0,0.0,1.7140386134635441,0.14229493622043465,1.5077000000000074,0.023099999999997487,0.1874836998536143,0.13577111261637173,1.133166364677173e-218,0.0,0.05
2164,0.4771499999999999,False,2,0.0,0.1633,0.8688,90.0,0.0,0.0,0.0,1.8500685124976228,0.349138860016205,1.916200245707876,0.8465157223927936,0.3414800311814443,0.3739534291570566,0.19590000000000024,0.40002911144065545,0.05
2165,0.55267,False,2,0.0,0.10890000000000002,1.0,90.0,0.0,0.0,0.0,1.6601398416806723,0.09167314876075276,1.5510888888888896,0.08244489068462788,0.14221850402118613,0.09276329159956839,0.015400000000000502,0.046200000000001504,0.05
2166,0.47082999999999986,False,2,0.0,0.1594,0.8763,95.2,0.0,0.0,0.0,1.9915095483205216,0.719672118426107,2.2380403801308946,1.4548254046328988,0.3825002567719862,0.517868309277639,0.4085730694758209,0.8166233499489004,0.05
2167,0.5658399999999999,False,2,0.0,0.22080000000000002,1.0,100.2,0.0,0.0,0.0,1.8130743850875881,0.10909169920058474,1.5517000000000027,0.05411663330252885,0.27186469689543424,0.07501617469673495,1.3377742470843638e-198,0.0,0.05
2168,0.5117499999999999,False,2,0.0,0.1345,0.9339999999999999,91.2,0.0,0.0,0.0,1.7808364560965004,0.33290427504989084,1.794052525784446,0.7909545447486213,0.2558196631645019,0.3344976414706572,0.2143525257576918,0.6430575772730753,0.05
2169,0.54589,False,2,0.0,0.1353,1.0,97.35,0.0,0.0,0.0,1.7399443847555154,0.2027503411311113,1.5339,0.053283111770992174,0.189410824155989,0.15818802383629604,8.76723556540938e-194,0.0,0.05
2170,0.54586,False,2,0.0,0.1279,0.9307000000000001,72.0,0.0,0.0,0.0,1.792146601385845,0.3551201257126432,1.8746384573655916,1.0993455653002493,0.25442525506935365,0.3360237720925544,0.21579988111474577,0.6473996433442373,0.05
2171,0.54029,False,2,0.0,0.15089999999999998,0.9366,80.3,0.0,0.0,0.0,1.7931946629155366,0.34817388023526274,1.7802857247896988,0.8305365956150589,0.2652201054589093,0.33237590646640147,0.21279325197165178,0.630420365048114,0.05
2172,0.5687800000000001,False,2,0.0,0.16260000000000002,1.0,90.0,0.0,0.0,0.0,1.7385739424893263,0.18469188270124862,1.5695029514718877,0.06503450510899979,0.20330303127646038,0.14238665626171879,0.02170000000000124,0.04732451795845518,0.05
2173,0.5867399999999999,False,2,0.0,0.1558,1.0,80.0,0.0,0.0,0.0,1.7024914102298108,0.14234274975372,1.5621,0.058000775856879724,0.19122802246486917,0.1395747967245499,1.275800936958091e-204,0.0,0.05
2174,0.6170899999999999,False,2,0.0,0.1773,1.0,68.05,0.0,0.0,0.0,1.761976756450591,0.1439897372852032,1.5107,0.022118092141954742,0.22518650744958935,0.11715243164346109,1.4671685266801694e-201,0.0,0.05
2175,0.5427,False,2,0.0,0.10800000000000001,1.0,94.85,0.0,0.0,0.0,1.7225010781257697,0.18836048276207748,1.5323660841729967,0.04509874913809912,0.1735206330036402,0.14478007493104328,2.9213736225389427e-220,0.0,0.05
2176,0.54816,False,2,0.0,0.1779,0.9297000000000001,78.0,0.0,0.0,0.0,1.8654598708262036,0.4387137308763489,1.799445155142075,0.7695858083280471,0.31444115766860564,0.3620862905000777,0.2111451551173155,0.6334354653519465,0.05
2177,0.45089999999999997,False,2,0.0,0.2493,0.7373,70.0,0.0,0.0,0.0,2.227515932242837,0.6038016136380285,2.6172595658471463,1.364118410537479,0.6303246979589616,0.5125216785743331,0.8156187799162675,1.0021425135719977,0.05
2178,0.5428199999999999,False,2,0.0,0.15289999999999998,0.9385,80.0,0.0,0.0,0.0,1.7588774010269723,0.33480834677501425,1.7906680240745523,0.7765156022402304,0.24161269520878262,0.31072979342743406,0.18960185688677827,0.5688055706603348,0.05
2179,0.56961,False,2,0.0,0.0987,1.0,80.0,0.0,0.0,0.0,1.6672277947637593,0.12995604222842097,1.5572000000001878,0.10140394469663506,0.1432317554461438,0.11108305905836038,2.5764971649097183e-232,0.0,0.05
2180,0.55763,False,2,0.0,0.1261,1.0,90.1,0.0,0.0,0.0,1.7091451689786237,0.18010424448893478,1.5078749999999999,0.015766756958867662,0.1748111301827401,0.14342975451460074,9.507778368752368e-213,0.0,0.05
2181,0.6059599999999999,False,2,0.0,0.29769999999999996,0.8055,23.6,0.0,0.0,0.0,2.168261813620732,0.5387412004244816,2.4591485457380307,1.4927418663449201,0.5669617954186846,0.41379154084800696,0.6047906518797955,0.928097232894953,0.05
2182,0.57729,False,2,0.0,0.1755,0.9352,65.0,0.0,0.0,0.0,1.7682476020341802,0.2563573904173858,1.8118049400411866,0.8573749951525991,0.2679231949569086,0.27775854189283317,0.10610000000000037,0.3179668064436914,0.05
2183,0.54669,False,2,0.0,0.1572,0.9329000000000001,76.75,0.0,0.0,0.0,1.8388773702933445,0.35353345956816384,1.872350289787714,1.0638248217790882,0.3037307741774594,0.3419909527062646,0.18964504687020153,0.5689351406106047,0.05
2184,0.53699,False,2,0.0,0.19429999999999997,0.867,64.1,0.0,0.0,0.0,1.9602762614122446,0.5062212747397312,2.2256958977179684,1.5130493787548098,0.41002451959396896,0.41729816921697405,0.3966684325782073,0.7750004465690224,0.05
2185,0.56047,False,2,0.0,0.13490000000000002,1.0,90.0,0.0,0.0,0.0,1.762480408498606,0.20983714842664566,1.5389,0.053371246940651526,0.19749795213032106,0.14875427073068442,2.275136153238115e-219,0.0,0.05
2186,0.53155,False,2,0.0,0.20549999999999996,0.8780000000000001,72.35,0.0,0.0,0.0,1.9384206726970832,0.4691292081104299,1.7987917409581193,0.5824239200831636,0.3939958816384091,0.4216346810311745,0.24286831618593072,0.5200401924830286,0.05
2187,0.5566599999999999,False,2,0.0,0.1222,1.0,90.0,0.0,0.0,0.0,1.6831472483070393,0.11628990248943953,1.533222222232488,0.04133091391935875,0.1571161480903395,0.10508198419964244,0.0058000000000003665,0.0174000000000011,0.05
2188,0.5563699999999999,False,2,0.0,0.1429,1.0,93.25,0.0,0.0,0.0,1.7404817789097886,0.16187756060970082,1.5531000000000001,0.052079650536461936,0.19913572505570898,0.1314155462072041,6.379004706861358e-205,0.0,0.05
2189,0.5053200000000001,False,2,0.0,0.1766,0.8682000000000001,77.7,0.0,0.0,0.0,2.0569203700890055,0.5999869068496338,1.896807052775393,0.8104402840955792,0.43025833963416354,0.45307828063382577,0.30417425977639423,0.6886999020866357,0.05
2190,0.5667099999999999,False,2,0.0,0.1682,0.9375,70.0,0.0,0.0,0.0,1.8080358601897022,0.34449851123946884,1.7417983204764487,0.6463588405256669,0.2699806992079818,0.30119311304641433,0.17796037637544032,0.5001764706092265,0.05
2191,0.5502099999999998,False,2,0.0,0.15120000000000003,0.9324999999999999,73.95,0.0,0.0,0.0,1.787229945526119,0.2712611915731992,1.8446611421307195,0.9874631557545857,0.26359067936702313,0.2822954015979468,0.19455589921320676,0.5836676976396203,0.05
2192,0.4821,False,2,0.0,0.18109999999999998,0.8111,70.0,0.0,0.0,0.0,1.934128250989873,0.4140034199310713,2.0376785514344626,0.8608401768911359,0.42241024737070154,0.4426940258424286,0.41318966254557343,0.7024196741173221,0.05
2193,0.5314399999999999,False,2,0.0,0.12040000000000002,0.9315999999999999,78.4,0.0,0.0,0.0,1.7501398043142355,0.32875114932739197,1.7804416554100282,0.8005349783558404,0.2355751116899354,0.33190337480931215,0.2151416554100282,0.6454249662300846,0.05
2194,0.5361999999999999,False,2,0.0,0.1494,0.9294,79.6,0.0,0.0,0.0,1.8235441302405082,0.44199628526119933,1.7794117812010364,0.7758490925489492,0.28632509320874605,0.38209972280408017,0.22294511453436958,0.6688353436031086,0.05
2195,0.5708099999999999,False,2,0.0,0.1905,0.9338,70.0,0.0,0.0,0.0,1.8146154546978526,0.28118105890862766,1.8636248964313107,0.7980205636078372,0.3072071985335257,0.3037005811266423,0.1939556864653902,0.49841067817517126,0.05
2196,0.59236,False,2,0.0,0.1182,1.0,71.55,0.0,0.0,0.0,1.6866272924585957,0.1208474635313462,1.5812000000037065,0.07601289364452252,0.1600499975470941,0.11440153078268245,2.1701187502139884e-213,0.0,0.05
2197,0.51091,False,2,0.0,0.17450000000000002,0.8817999999999999,79.35,0.0,0.0,0.0,1.9656225346983849,0.5510852398449944,1.8849105972320768,0.7794092205947808,0.3775559577133748,0.4412745992522287,0.28472170762520116,0.634265692239477,0.05
2198,0.4567199999999999,False,2,0.0,0.16599999999999998,0.8106,80.25,0.0,0.0,0.0,1.973151810025869,0.5483008250439825,2.082666897787365,1.0012320487919635,0.4390949308150889,0.5051370423924342,0.36589596276240133,0.6447116785063343,0.05
2199,0.59615,False,2,0.0,0.1505,1.0,74.5,0.0,0.0,0.0,1.7698597496519095,0.14589696907423955,1.5434128472238373,0.04865348778705234,0.21864103201282498,0.12538732239629763,0.005600000000000563,0.01680000000000169,0.05
2200,0.5159699999999999,False,2,0.0,0.11839999999999999,0.9315,85.8,0.0,0.0,0.0,1.7978680897789787,0.3410323636395453,1.7754870918437367,0.7121374404105772,0.24142629221209444,0.3204213175879504,0.19863149124296395,0.5700479350056825,0.05
2201,0.5368899999999999,False,2,0.0,0.1263,1.0,100.5,0.0,0.0,0.0,1.6995302999096107,0.14837373303744586,1.5304003971417743,0.04651765370717134,0.16385070716267996,0.1231652088417483,1.993438973539746e-206,0.0,0.05
2202,0.49333999999999995,False,2,0.0,0.1894,0.8705999999999999,86.45,0.0,0.0,0.0,1.9061232930926397,0.425309384366805,2.1193268888569072,1.2548523852615956,0.36860483117754084,0.3912674033847764,0.36194209620138007,0.7242278000919528,0.05
2203,0.5305599999999999,False,2,0.0,0.19499999999999998,0.8667999999999999,67.35,0.0,0.0,0.0,1.89635107928308,0.4467875442196528,2.076878250978633,1.1066125024009916,0.37934462540988123,0.42877433398059644,0.3405916670463923,0.6688511258630051,0.05
2204,0.50944,False,2,0.0,0.2145,0.8657,80.45,0.0,0.0,0.0,2.07482438640669,0.6214684652079285,2.3148251323997284,1.593499674041134,0.4715702182201228,0.492777906459896,0.4032473546219374,0.787398663229227,0.05
2205,0.5752799999999999,False,2,0.0,0.1176,1.0,80.0,0.0,0.0,0.0,1.6801099801373904,0.1273805626244494,1.5186,0.03273896760742465,0.15514328844241576,0.1069818517961184,9.966459163255156e-231,0.0,0.05
2206,0.59195,False,2,0.0,0.1754,0.9439,60.7,0.0,0.0,0.0,1.8215382014990062,0.41654302152060907,1.7915331538801778,0.7908375582219075,0.27240675864934066,0.31946165199523885,0.21576648720931732,0.647299461627952,0.05
2207,0.57051,False,2,0.0,0.1666,0.9349000000000001,66.95,0.0,0.0,0.0,1.7749465093525785,0.2608592203648555,1.7907051696400107,0.7731305803146653,0.24798137361219624,0.26583756958423105,0.186382533158332,0.559147599474996,0.05
2208,0.5919899999999999,False,2,0.0,0.17329999999999998,1.0,80.0,0.0,0.0,0.0,1.7357713053947628,0.12020526902554465,1.6269666666666922,0.2298985500896624,0.22047074856949805,0.1112810922021945,0.05270000000000095,0.15810000000000282,0.05
2209,0.54419,False,2,0.0,0.14730000000000001,1.0,100.0,0.0,0.0,0.0,1.7166538475357247,0.16480633643812817,1.5245666780746538,0.03245133956385685,0.18614721917566726,0.1418938849078211,0.0008000000000002956,0.002400000000000887,0.05
2210,0.50346,False,2,0.0,0.1378,0.9316000000000001,95.0,0.0,0.0,0.0,1.8256139572291914,0.38377039459403245,1.8769300567925717,0.7480228528496158,0.2843737237594993,0.35704292394309145,0.2488078271095196,0.5350396798651117,0.05
2211,0.5292199999999999,False,2,0.0,0.1232,0.9358000000000001,81.4,0.0,0.0,0.0,1.7847112602499666,0.2983267565543612,1.7126555555562804,0.39799902428861733,0.24897356205682164,0.3003892076142823,0.1383000000000704,0.28074687887863076,0.05
2212,0.5952999999999999,False,2,0.0,0.209,1.0,83.7,0.0,0.0,0.0,1.7805466666512761,0.11633706854484682,1.5416111111111117,0.05775181574827254,0.2530710216560821,0.1069059140333806,0.013200000000000472,0.03960000000000142,0.05
2213,0.53016,False,2,0.0,0.18319999999999997,0.9359999999999999,90.0,0.0,0.0,0.0,1.8386687113301927,0.4024122940813141,1.895226186158307,1.0197602396324068,0.296729005989363,0.3266947871178053,0.2013231653087753,0.5897490651056114,0.05
2214,0.5473299999999999,False,2,0.0,0.1581,1.0,100.05,0.0,0.0,0.0,1.7040269713187546,0.12960906022937335,1.5691354166666678,0.1130799889377997,0.18900454690056984,0.10899835131650794,0.02190000000000068,0.06570000000000203,0.05
2215,0.57885,False,2,0.0,0.1295,1.0,80.0,0.0,0.0,0.0,1.702608417889012,0.11552956523312419,1.6492444464029443,0.3160280174088212,0.1786523374725986,0.10923431552322357,0.08000000000000121,0.22634663682061007,0.05
2216,0.58193,False,2,0.0,0.1411,1.0,80.2,0.0,0.0,0.0,1.7137365424876052,0.1293170008988973,1.521278126949735,0.03352972021715921,0.19150395101182233,0.11507249252927469,0.0028000000000004232,0.00840000000000127,0.05
2217,0.5473399999999999,False,2,0.0,0.13379999999999997,1.0,96.4,0.0,0.0,0.0,1.694784904254283,0.14594427064654725,1.5337,0.03226468657836302,0.17341680334782414,0.12845780294068884,1.6330252081475683e-202,0.0,0.05
2218,0.52809,False,2,0.0,0.09430000000000001,1.0,100.1,0.0,0.0,0.0,1.703049809111625,0.1878921748840584,1.5741057291667186,0.15133270322783218,0.16016978152997835,0.15656460785093884,0.03650000000000101,0.10950000000000303,0.05
2219,0.58173,False,2,0.0,0.13909999999999997,1.0,80.0,0.0,0.0,0.0,1.674818616951507,0.09915893388384754,1.5171,0.039568800841066655,0.16743754857438925,0.10821930952469337,5.184540103976417e-219,0.0,0.05
2220,0.5190899999999998,False,2,0.0,0.1686,0.8693,70.0,0.0,0.0,0.0,1.856010113710537,0.4026091779999159,2.0686817774089574,1.022299442494158,0.3271890002561043,0.37352271411917565,0.40549581891316516,0.76998503790066,0.05
2221,0.5028900000000001,False,2,0.0,0.15360000000000001,0.8743000000000001,77.6,0.0,0.0,0.0,1.8878232787457538,0.4636696826714263,1.8799038186991517,0.8093853171233663,0.34979167292192537,0.4337354770384598,0.29855234963748684,0.6706977970721086,0.05
2222,0.56473,False,2,0.0,0.13309999999999997,1.0,87.6,0.0,0.0,0.0,1.678084131500471,0.10927983988715757,1.5134,0.018353201355621823,0.1621927672692156,0.10973465432019555,2.3206683891852574e-216,0.0,0.05
2223,0.5972099999999999,False,2,0.0,0.1987,1.0,81.2,0.0,0.0,0.0,1.808148876437596,0.1787211988130378,1.6101111111182387,0.1882167780940283,0.2543708472230811,0.12935354084220713,0.041100000000000865,0.1233000000000026,0.05
2224,0.5752999999999999,False,2,0.0,0.14200000000000002,0.9349999999999999,60.9,0.0,0.0,0.0,1.8106890343959372,0.2955218224155609,1.6306555551708084,0.34066425356887253,0.271608917683119,0.2933907123480421,0.07990000000000358,0.23970000000001074,0.05
2225,0.5083599999999999,False,2,0.0,0.2298,0.8735999999999999,86.05,0.0,0.0,0.0,1.9535886099271529,0.39136712354777653,2.1413326688112138,1.2357510448898572,0.4315275415395356,0.38875362782153156,0.3429892676969211,0.6863616404207408,0.05
2226,0.5414599999999998,False,2,0.0,0.1142,1.0,96.4,0.0,0.0,0.0,1.6855756175808394,0.13288717928178492,1.5229661486731636,0.04182941275695558,0.16551988943476656,0.12604340085502785,1.7713939841477441e-221,0.0,0.05
2227,0.5052699999999999,False,2,0.0,0.17,0.9350999999999999,100.15,0.0,0.0,0.0,1.8320006369025694,0.37679624901383096,1.7893372341258496,0.8277008142316697,0.2905171088428927,0.3478643310035083,0.17078445634807138,0.5123533690442141,0.05
2228,0.51037,False,2,0.0,0.1709,0.931,96.3,0.0,0.0,0.0,1.8533981652529292,0.3595457135605297,1.8411609174700778,0.8608796992657953,0.2939057234714495,0.32263761596944773,0.2091297631153104,0.6197605596379029,0.05
2229,0.51991,False,2,0.0,0.1283,0.9366,87.1,0.0,0.0,0.0,1.7545888348668157,0.2380827964566832,1.629091666666667,0.3467601125057503,0.229224142415393,0.24607599982236625,0.07970000000000019,0.23910000000000056,0.05
2230,0.52199,False,2,0.0,0.14909999999999998,0.9328,87.85,0.0,0.0,0.0,1.8009694149637785,0.35317824455270574,1.7878660166648561,0.7836225141579263,0.268291965666349,0.3343812556674916,0.2015880652759669,0.588612183154852,0.05
2231,0.52571,False,2,0.0,0.2003,0.9326000000000001,93.6,0.0,0.0,0.0,1.9329934513698075,0.4796304619053299,2.0143333126302676,1.5157528641106557,0.35848057432125546,0.3811381192767375,0.19999997929693378,0.5999999378908013,0.05
2232,0.5431900000000001,False,2,0.0,0.1418,0.9335000000000001,76.4,0.0,0.0,0.0,1.7725836601935305,0.35342078750536693,1.7891130222102205,0.7568601224043009,0.2586802751097856,0.36432673339110916,0.16591579998799796,0.497747399963994,0.05
2233,0.5622999999999999,False,2,0.0,0.16329999999999997,0.9333,70.0,0.0,0.0,0.0,1.7718416256022191,0.26639469010333927,1.7568814169008173,0.7286441389649251,0.2697198728632091,0.29470749612703706,0.18465428088764474,0.5539628426629343,0.05
2234,0.5401499999999999,False,2,0.0,0.11150000000000002,1.0,96.65,0.0,0.0,0.0,1.669886335951587,0.09807518736464875,1.532519618065037,0.055737752401301924,0.14804096115039023,0.09478494784688545,0.00030000000000036665,0.0009000000000010998,0.05
2235,0.5267199999999999,False,2,0.0,0.2367,0.8742999999999999,78.15,0.0,0.0,0.0,1.9795223450002524,0.4829253565657844,2.1667105516326943,1.2469104167962184,0.43478309525863573,0.43021566584093673,0.40565335138761505,0.7982854156403166,0.05
2236,0.56468,False,2,0.0,0.23170000000000002,0.8661,55.55,0.0,0.0,0.0,1.9961032055972385,0.49162341824791267,2.142491833924241,1.2588303465417303,0.4512019909771447,0.41903267719145987,0.38562346720245916,0.7746732270222907,0.05
2237,0.60059,False,2,0.0,0.1597,0.9374,51.75,0.0,0.0,0.0,1.8047045960699049,0.29972764196371676,1.8893546374866745,0.7621190918032261,0.2711982734110546,0.30311818585152384,0.2617990819311184,0.5794471659674068,0.05
2238,0.50307,False,2,0.0,0.1905,0.8656,80.0,0.0,0.0,0.0,1.9239782406677979,0.4970128804946394,2.109435027317968,1.1554563308626642,0.3866484662860107,0.432341538558527,0.31925801279714516,0.7013950190604145,0.05
2239,0.5240900000000001,False,2,0.0,0.13319999999999999,0.9339000000000001,84.8,0.0,0.0,0.0,1.761802759038445,0.3426197034274839,1.7911791426922394,0.7581102031241452,0.24443460942608158,0.3439006045707604,0.19507914269223883,0.5852374280767165,0.05
2240,0.5199499999999999,False,2,0.0,0.1893,0.9158,88.95,0.0,0.0,0.0,1.8536339218378077,0.2563027372956825,1.9757030745111532,0.9524485656233047,0.32375647852600553,0.28653994630149077,0.24571043287124458,0.5276338500017974,0.05
2241,0.53637,False,2,0.0,0.11510000000000001,0.9812000000000001,92.5,0.0,0.0,0.0,1.6936584465510673,0.15272199861755978,1.6220555555555571,0.3434679752174905,0.1666879985522046,0.11949311084142823,0.07990000000000087,0.2397000000000026,0.05
2242,0.52004,False,2,0.0,0.1345,0.9347,87.3,0.0,0.0,0.0,1.8097249888099125,0.4473881454323397,1.822046495643006,0.8346614994701601,0.2719508024828941,0.3959696568416988,0.2236046804643672,0.6708140413931017,0.05
2243,0.5013,False,2,0.0,0.1496,0.8806,80.0,0.0,0.0,0.0,1.8457093897292562,0.30427367411782874,1.8681000000000012,0.505014463672597,0.32017143707003093,0.3226868317614105,0.237300000000001,0.36253470178729247,0.05
2244,0.5668799999999999,False,2,0.0,0.1774,0.9338,70.0,0.0,0.0,0.0,1.815223410593346,0.30970253178449947,1.7561981986096782,0.694765718586672,0.2940267219679734,0.31538924399395096,0.2139153169412998,0.6410795614672984,0.05
2245,0.5110899999999999,False,2,0.0,0.0977,0.9374,87.2,0.0,0.0,0.0,1.7394095833760512,0.27381534448446837,1.6415111111111116,0.3394027695821012,0.19544826513712338,0.25009596128956535,0.07980000000000032,0.23940000000000095,0.05
2246,0.5434999999999999,False,2,0.0,0.099,1.0,93.1,0.0,0.0,0.0,1.6592345742653083,0.10639291009142005,1.5274000002204537,0.0323239854184564,0.1343696829341913,0.10057293645203498,2.5209881235790774e-235,0.0,0.05
2247,0.5418399999999999,False,2,0.0,0.1398,1.0,100.05,0.0,0.0,0.0,1.756635011518465,0.20014483415045478,1.5550612847523808,0.05930132081247382,0.1979006157547219,0.15007807871841194,1.9466972111644983e-209,0.0,0.05
2248,0.5416300000000001,False,2,0.0,0.23489999999999997,0.8148,49.6,0.0,0.0,0.0,2.0813531346472858,0.5678086409431011,2.177537209685948,1.1120989461974844,0.5064964828686229,0.47535152971569433,0.5004149874637258,0.8366642558980134,0.05
2249,0.52699,False,2,0.0,0.18929999999999997,0.866,68.0,0.0,0.0,0.0,1.8920220011841953,0.35913643764681663,2.0019678947379305,0.981015752855675,0.3712321783512545,0.3721472858899038,0.42455080718504623,0.8499092778341337,0.05
2250,0.5199499999999999,False,2,0.0,0.1602,0.9027,80.0,0.0,0.0,0.0,1.8004628306440378,0.26587598426010156,1.806554188770562,0.46355101903029566,0.2801926802607435,0.2740882489692907,0.20551671228788573,0.3260160885591766,0.05
2251,0.48304999999999987,False,2,0.0,0.19039999999999999,0.8589,87.65,0.0,0.0,0.0,2.0386529268701525,0.5960801940664019,2.2975476909551107,1.5957460273519015,0.4291605755520778,0.44785767776400115,0.3743594627767322,0.7509101480586226,0.05
2252,0.57909,False,2,0.0,0.22350000000000003,0.8892,55.2,0.0,0.0,0.0,1.9347566328422896,0.3262076517034864,1.850979671894309,0.7035674931966276,0.3974293679355141,0.31886969248966224,0.27154679116902425,0.5978188403351316,0.05
2253,0.49146999999999996,False,2,0.0,0.2303,0.8204,75.95,0.0,0.0,0.0,2.0124528999026605,0.4727838426784302,2.1571116655724025,1.0439995463538756,0.46851970792719033,0.43023005570139056,0.45857425544525815,0.7574096644094086,0.05
2254,0.53226,False,2,0.0,0.12610000000000002,0.9349000000000001,80.0,0.0,0.0,0.0,1.7543461049510636,0.2976476711900662,1.6335555561507575,0.34096102919961885,0.23500208491641006,0.3074035245747651,0.07990000005121903,0.23970000015365708,0.05
2255,0.56702,False,2,0.0,0.1975,0.8721,51.35,0.0,0.0,0.0,1.9752018941468663,0.4267130335865438,1.9521502542027442,0.8962336104275963,0.4157146592541068,0.3982777861940979,0.3531088755923918,0.708322676141124,0.05
2256,0.5382199999999999,False,2,0.0,0.13040000000000002,1.0,100.45,0.0,0.0,0.0,1.7091196245829618,0.13034694997410817,1.5401,0.05170193419979566,0.1747010781089314,0.12051080861244598,5.940911059491936e-214,0.0,0.05
2257,0.49666,False,2,0.0,0.12010000000000001,0.9329000000000001,96.2,0.0,0.0,0.0,1.767721210507244,0.3899869658543479,1.7417221599710058,0.6836831748673391,0.23974490283087416,0.35697737714173483,0.1772221599710057,0.5316664799130172,0.05
2258,0.5807699999999999,False,2,0.0,0.1359,1.0,80.0,0.0,0.0,0.0,1.7052835981394996,0.12968144740689752,1.5326666666670399,0.05052985915983664,0.18136656508344445,0.09777755487292668,0.00680000000000038,0.020400000000001143,0.05
2259,0.5771999999999999,False,2,0.0,0.161,1.0,85.55,0.0,0.0,0.0,1.7693976106528893,0.16930289686968583,1.5305,0.030170349683091187,0.22327236776401174,0.1293552012621985,3.041746466236889e-211,0.0,0.05
2260,0.49577,False,2,0.0,0.1923,0.8064,63.2,0.0,0.0,0.0,2.0382571073896845,0.561785770475889,2.187068469403795,1.0635722061560757,0.4932115502313813,0.5162409428715274,0.39329793650170203,0.6506309134678828,0.05
2261,0.5811299999999999,False,2,0.0,0.1381,1.0,80.15,0.0,0.0,0.0,1.668903116210931,0.11782874669078901,1.5376000000143932,0.05867231035972376,0.16740922426921717,0.09750156376067586,9.109670472541982e-227,0.0,0.05
2262,0.49434999999999985,False,2,0.0,0.1537,0.8632,78.0,0.0,0.0,0.0,1.9640385691998041,0.6137757209303908,2.3275476912755253,1.5899468090031141,0.3869821936536722,0.4955465257950978,0.3347691770641231,0.6706184111835672,0.05
2263,0.5496399999999999,False,2,0.0,0.14679999999999999,1.0,97.2,0.0,0.0,0.0,1.710736346714316,0.13863299277476132,1.564801883008745,0.064160899630498,0.18755906852686277,0.12160623615679943,1.0451347579360734e-200,0.0,0.05
2264,0.5893499999999999,False,2,0.0,0.1911,0.9315999999999999,60.05,0.0,0.0,0.0,1.8675493310700706,0.33453320273913856,1.7975721233801774,0.783338505432203,0.31311582915662084,0.29366535200870797,0.19422192186879444,0.5826657656063833,0.05
2265,0.57902,False,2,0.0,0.13040000000000002,1.0,80.05,0.0,0.0,0.0,1.7081089983648987,0.14259987970539664,1.5177000004658932,0.04623429601204067,0.18057059120866362,0.12891321005657458,4.752728872549617e-213,0.0,0.05
2266,0.5722599999999999,False,2,0.0,0.1502,0.9359999999999999,64.0,0.0,0.0,0.0,1.767613716900934,0.3113352764752936,1.8682092403490085,1.0798204068743618,0.24403966557378745,0.2860783190376637,0.16510399743149567,0.4926510994119764,0.05
2267,0.47784000000000004,False,2,0.0,0.0833,0.9335000000000001,100.3,0.0,0.0,0.0,1.7709233355168332,0.481943417712213,1.884127174068577,0.9464355125108068,0.2210685352993857,0.40862143315901106,0.16709384070430328,0.4413043363290125,0.05
2268,0.56389,False,2,0.0,0.20790000000000003,0.9356,76.7,0.0,0.0,0.0,1.8633845369875028,0.2585138696879852,1.8102018721563913,0.7100997128294413,0.3435245443277769,0.2736478349000018,0.2186796499341687,0.5784126179385204,0.05
2269,0.56797,False,2,0.0,0.18150000000000002,0.9336,70.0,0.0,0.0,0.0,1.7936787807070427,0.20633111230138776,1.7565772823810797,0.7229841779851838,0.28317559950751664,0.24743483424192053,0.2194081495798866,0.6582244487396598,0.05
2270,0.54226,False,2,0.0,0.07619999999999999,1.0,90.3,0.0,0.0,0.0,1.6403195997470665,0.11250806708417027,1.5236197916670398,0.0306243194554639,0.10832452936834706,0.09480124160463489,0.00680000000000038,0.020400000000001143,0.05
2271,0.519,False,2,0.0,0.2064,0.8724000000000001,76.8,0.0,0.0,0.0,1.9346175974441906,0.4276711952515716,2.1317438124015595,1.1123204959328858,0.3870378031496279,0.4110696880910294,0.41044012399869406,0.7793080083038635,0.05
2272,0.54227,False,2,0.0,0.1729,0.9,69.8,0.0,0.0,0.0,1.9486192595152627,0.5039187709687034,1.9867874602686535,1.0507547772353436,0.36206239770867266,0.4061973082818608,0.19850000000000176,0.3659746575925727,0.05
2273,0.57158,False,2,0.0,0.19519999999999998,0.8656,46.45,0.0,0.0,0.0,1.9189261004807299,0.4382615740802928,2.048368787808257,1.0681188985946772,0.3951258255167201,0.41752545147965975,0.40419392513458546,0.8086374975733364,0.05
2274,0.5014399999999999,False,2,0.0,0.11099999999999999,0.9342,92.9,0.0,0.0,0.0,1.7707556439849668,0.4168251781366513,1.8084258105920625,0.7702096818858427,0.22525095736249182,0.3472686386526291,0.23562581059206247,0.6466445691196059,0.05
2275,0.5355800000000001,False,2,0.0,0.13740000000000002,0.9348000000000001,80.0,0.0,0.0,0.0,1.803022135558221,0.41478810562366636,1.641562341432584,0.3367733670406547,0.2724783408496103,0.3735801530848063,0.08392407732930207,0.23746818312185097,0.05
2276,0.58131,False,2,0.0,0.1597,1.0,83.3,0.0,0.0,0.0,1.7201901252081153,0.1346207071322889,1.5168000000027326,0.02817019702412791,0.19104993926721922,0.11370600087177234,0.006200000000000458,0.018600000000001372,0.05
2277,0.50525,False,2,0.0,0.20929999999999999,0.8757999999999999,85.3,0.0,0.0,0.0,1.9502657524669242,0.375117652177984,2.0280042480777394,1.0205608111878384,0.4042009755721751,0.3883587502336409,0.4101645715405905,0.8203339642429116,0.05
2278,0.51759,False,2,0.0,0.1285,0.9312000000000001,86.4,0.0,0.0,0.0,1.8704208170799799,0.6326574593978957,2.024577135299414,1.536373231129985,0.28772110475086765,0.4504203688774523,0.19999998279772152,0.5999999483931646,0.05
2279,0.45848999999999984,False,2,0.0,0.1647,0.7973999999999999,74.55,0.0,0.0,0.0,2.0921930784540894,0.6759382536785737,2.148343342684435,1.1130464911923248,0.47902992284278,0.5278126423913322,0.3462867520649182,0.5504794207492134,0.05
2280,0.51167,False,2,0.0,0.21870000000000003,0.8658000000000001,80.0,0.0,0.0,0.0,1.9931529004913284,0.5082383988398285,2.056595645150952,1.0123466697376364,0.43342013751402986,0.42840549620824275,0.3826591171335799,0.7654403326619933,0.05
2281,0.54344,False,2,0.0,0.153,0.9402000000000001,80.3,0.0,0.0,0.0,1.7618990497810896,0.24606004420915323,1.6502603886851734,0.3375048924521518,0.24921271171939435,0.2568284720258004,0.07990000000000032,0.23970000000000094,0.05
2282,0.59049,False,2,0.0,0.2118,0.9344999999999999,63.6,0.0,0.0,0.0,1.868947133366489,0.3426607116167755,1.8249923314363499,0.9001491127572078,0.34593755814440563,0.3194641250824384,0.18600064943671712,0.5283656462341595,0.05
2283,0.5762299999999999,False,2,0.0,0.2165,0.8744,50.4,0.0,0.0,0.0,1.9006705630408185,0.3346677625657624,1.950222468285989,0.9734363843283578,0.38690572609482043,0.32542294187203896,0.2556028288658012,0.5380426009046173,0.05
2284,0.5374399999999999,False,2,0.0,0.1248,1.0,100.0,0.0,0.0,0.0,1.7024394698831458,0.19954073762232782,1.5133060546875001,0.018213556770869187,0.16404864042615816,0.14869817223421844,1.7123509724092314e-196,0.0,0.05
2285,0.5450299999999999,False,2,0.0,0.1501,1.0,100.0,0.0,0.0,0.0,1.7045533231778198,0.11851749042360392,1.549122772969866,0.04751387086997052,0.1803309082045261,0.10340199578681372,0.004000000000000441,0.012000000000001322,0.05
2286,0.57947,False,2,0.0,0.16040000000000001,0.9305,60.0,0.0,0.0,0.0,1.864855210350828,0.4839845080703842,1.667904179371122,0.3444463525884184,0.31129348313255867,0.3874100761213375,0.08157239876513069,0.24173208927427173,0.05
2287,0.57855,False,2,0.0,0.1902,0.9307000000000001,65.0,0.0,0.0,0.0,1.8761640417996772,0.41477243186862184,1.9148457976905475,0.981267003309748,0.3329050232071163,0.3554143140509116,0.2512902421334931,0.6277436717707741,0.05
2288,0.51884,False,2,0.0,0.06280000000000001,1.0,100.0,0.0,0.0,0.0,1.626944619918298,0.14155651414733436,1.5228000000000002,0.02540393670280259,0.09348246734208018,0.11140468600491858,1.6330252012815766e-202,0.0,0.05
2289,0.5595999999999999,False,2,0.0,0.132,1.0,90.0,0.0,0.0,0.0,1.6888777992368158,0.1552634574757244,1.5376233506944448,0.06695667684376994,0.1654728762754138,0.138994387455233,0.0022000000000003154,0.006600000000000947,0.05
2290,0.5706199999999999,False,2,0.0,0.15869999999999998,0.9362999999999999,66.2,0.0,0.0,0.0,1.7888525262563928,0.26344905847109834,1.6427555555557638,0.3416321023167578,0.26091013876094454,0.2703474121792606,0.07960000000000188,0.23880000000000562,0.05
2291,0.5004,False,2,0.0,0.17529999999999998,0.8683,80.0,0.0,0.0,0.0,1.9064146952658496,0.48678657553806914,2.256781377917421,1.6140523956401989,0.3730115499420414,0.4343671841418298,0.36499563015008485,0.7341755700582016,0.05
2292,0.5156999999999999,False,2,0.0,0.1217,0.9337,87.2,0.0,0.0,0.0,1.7532565520161776,0.36501902112122536,1.8467494594981422,0.8830278160258882,0.2320991875721182,0.32533596907864254,0.1759881747758936,0.5276312752282613,0.05
2293,0.56556,False,2,0.0,0.15219999999999997,1.0,90.05,0.0,0.0,0.0,1.776120631056595,0.20904952627750145,1.5761446180562184,0.07348111790018727,0.21909647592727516,0.1616639148081274,0.006100000000000449,0.018300000000001346,0.05
2294,0.5201499999999999,False,2,0.0,0.131,0.9385,88.05,0.0,0.0,0.0,1.7778504034454485,0.3100692986560191,1.6512557583279086,0.33740085997002955,0.24530627077393158,0.2971717068176232,0.07990000000000025,0.23970000000000075,0.05
2295,0.5705,False,2,0.0,0.19290000000000002,0.9329000000000001,70.2,0.0,0.0,0.0,1.8515780619009299,0.30193129790344675,1.8109455411519786,0.8340428840603988,0.3154216909056414,0.29626232842571665,0.21104554115197854,0.6331366234559356,0.05
2296,0.5337100000000001,False,2,0.0,0.1948,0.9361,90.0,0.0,0.0,0.0,1.8609635526731132,0.31647967216608885,1.800270683606609,0.8139986087579694,0.3146002455547473,0.27950542882297763,0.22897060109644843,0.6869118032893453,0.05
2297,0.4922099999999999,False,2,0.0,0.1982,0.7825,57.5,0.0,0.0,0.0,2.117228269530867,0.6695191125750364,2.4420273749521684,1.4574758401347165,0.5161548647928356,0.5153599689982181,0.5226597692921361,0.8056569786187495,0.05
2298,0.55069,False,2,0.0,0.1343,1.0,94.8,0.0,0.0,0.0,1.7148093580783468,0.15323814937985172,1.5199,0.030011497796677868,0.17996685536446588,0.1340554555122371,1.993438961789441e-206,0.0,0.05
2299,0.5476,False,2,0.0,0.1706,0.9366,79.6,0.0,0.0,0.0,1.821700660757945,0.37200686191062643,1.7848268370683584,0.8035062208479447,0.2796259409758051,0.3307850286123199,0.20563671371870468,0.616910141156114,0.05
2300,0.5604899999999999,False,2,0.0,0.1363,1.0,90.2,0.0,0.0,0.0,1.7076886600489776,0.15668892567357162,1.6083777777957942,0.2101605100909338,0.1795062877907022,0.12604050918779586,0.04980000000000094,0.14940000000000284,0.05
2301,0.45832999999999996,False,2,0.0,0.25339999999999996,0.7343,65.85,0.0,0.0,0.0,2.2372383619170018,0.5828393129725536,2.697738232696966,1.3124223866350282,0.6374168556584402,0.4844666000579278,0.8166610152975254,0.8982381285534562,0.05
2302,0.49495,False,2,0.0,0.23369999999999996,0.8012,68.0,0.0,0.0,0.0,2.0973665790522356,0.5006991320336402,2.414975757806828,1.3508149620698846,0.5191303097803363,0.4347624596480912,0.5997985751151005,0.9174221563882686,0.05
2303,0.58815,False,2,0.0,0.16049999999999998,1.0,80.0,0.0,0.0,0.0,1.7231696462977564,0.15572489476666326,1.534,0.03977687770552135,0.19877557377285818,0.12973274267331286,1.621379107123695e-213,0.0,0.05
2304,0.50197,False,2,0.0,0.0897,0.9358000000000001,90.0,0.0,0.0,0.0,1.692512835579804,0.27120848794503594,1.6265555555566322,0.34271737627702104,0.18069787580444902,0.2918548839919811,0.0799000000000821,0.23970000000024624,0.05
2305,0.56464,False,2,0.0,0.1488,1.0,90.0,0.0,0.0,0.0,1.718559335577496,0.12773302172458686,1.5345,0.0630606850581247,0.19327851255866899,0.10375209483285151,2.1106356101431324e-228,0.0,0.05
2306,0.4847699999999999,False,2,0.0,0.142,0.8661000000000001,82.05,0.0,0.0,0.0,1.861775595670051,0.4258930973122423,2.066692176187507,1.0785203035036908,0.32242115790553294,0.4081272877688949,0.27208389338574024,0.5584313705785938,0.05
2307,0.51227,False,2,0.0,0.11399999999999999,0.9400999999999999,90.0,0.0,0.0,0.0,1.754059658027489,0.4778431987667323,1.7754372401963756,0.7538217786032434,0.20863568249182016,0.37041922665999993,0.2094372401963755,0.6283117205891265,0.05
2308,0.51162,False,2,0.0,0.17440000000000003,0.873,75.9,0.0,0.0,0.0,1.9551902100982896,0.5381885097580764,2.1591313364793523,1.3080570804143588,0.39198441708885085,0.4654976839313316,0.42784067519264524,0.8561104206963512,0.05
2309,0.52116,False,2,0.0,0.14110000000000003,0.9379,88.85,0.0,0.0,0.0,1.8088543034845386,0.39783829913347796,1.817015113193922,0.8884622785130702,0.2600596565816555,0.3419969171884739,0.2189150700536538,0.6567452101609613,0.05
2310,0.5877899999999999,False,2,0.0,0.1403,1.0,77.15,0.0,0.0,0.0,1.721859434392758,0.14693912166594575,1.5399168402777785,0.058358498294491336,0.19530849469358763,0.1207360319604797,0.009300000000000494,0.027900000000001486,0.05
2311,0.57342,False,2,0.0,0.16210000000000002,0.9367000000000001,65.45,0.0,0.0,0.0,1.7909484528552995,0.3256719044573602,1.7635487745585638,0.7095392833720258,0.27726204345350414,0.31638550360455236,0.18100433011411923,0.5430129903423576,0.05
2312,0.55495,False,2,0.0,0.1165,1.0,90.0,0.0,0.0,0.0,1.6952683586604476,0.16948233328724718,1.5207000000000004,0.0237825566329608,0.1602358403535481,0.13097746188761283,0.0004000000000002899,0.0012000000000008696,0.05
2313,0.5070499999999999,False,2,0.0,0.1406,0.8641,70.0,0.0,0.0,0.0,1.9082542009058243,0.5152354851236983,2.093157710710182,1.1409104894225166,0.3568864753388774,0.4625651773387956,0.38173319208384865,0.7647220237060748,0.05
2314,0.4969300000000001,False,2,0.0,0.18,0.8679,82.3,0.0,0.0,0.0,1.9724064305700064,0.5182248637625759,2.0574291576094947,1.0042678137630245,0.4076678963009998,0.4605833084571338,0.3609558734117473,0.6721856347490595,0.05
2315,0.5204399999999999,False,2,0.0,0.2165,0.8626999999999999,74.2,0.0,0.0,0.0,2.030202275682676,0.6413448764126104,2.00873726437422,1.1021654381099055,0.4364386468888589,0.45248534671777757,0.24618170881952794,0.5288957677294451,0.05
2316,0.5068199999999999,False,2,0.0,0.1939,0.8695,80.0,0.0,0.0,0.0,1.937998848710706,0.4297735177869711,1.8760314688523585,0.7873458454202856,0.3940569081750432,0.40004241407998165,0.287801342191531,0.6435400692684637,0.05
2317,0.52813,False,2,0.0,0.0971,1.0,100.5,0.0,0.0,0.0,1.660148671414209,0.12518444512987034,1.5328666666666673,0.049573110991075316,0.13361637449576153,0.10304461014848021,0.010400000000000433,0.031200000000001296,0.05
2318,0.49253999999999987,False,2,0.0,0.1385,0.8676999999999999,78.2,0.0,0.0,0.0,1.8811621011859043,0.4849413593414889,2.0926066855516425,1.092329833246485,0.3181518954037077,0.42215899038012067,0.3667434911071978,0.7339722514463952,0.05
2319,0.5003900000000001,False,2,0.0,0.1665,0.9292,100.0,0.0,0.0,0.0,1.8183062765409326,0.29918190347089146,2.0205088887861082,1.3696136814933715,0.2895232533460986,0.2999416996488137,0.19999840295108245,0.5999952088532473,0.05
2320,0.5614600000000001,False,2,0.0,0.1382,1.0,90.0,0.0,0.0,0.0,1.7001465055693497,0.13741458108121424,1.5472000000000001,0.04993155315028765,0.1782699598742981,0.12695366852123655,3.626804655345252e-213,0.0,0.05
2321,0.51353,False,2,0.0,0.04510000000000001,1.0,100.0,0.0,0.0,0.0,1.5918132325037515,0.034842109599007395,1.5190778700086809,0.03086048240049897,0.07048949204854803,0.03137311979997519,0.0030000000000003266,0.009000000000000981,0.05
2322,0.5787,False,2,0.0,0.121,1.0,78.8,0.0,0.0,0.0,1.7143245513600298,0.22174869038634512,1.5391001468976842,0.05489908075290182,0.17564796810126398,0.16632653874176623,1.464982015566669e-206,0.0,0.05
2323,0.5579599999999999,False,2,0.0,0.1782,0.932,73.95,0.0,0.0,0.0,1.8017901278207096,0.27901103796378457,1.755838946100224,0.7155431634604102,0.28882205812622175,0.29201284285107876,0.1618051445519836,0.47944546929502035,0.05
2324,0.53267,False,2,0.0,0.1319,0.933,80.0,0.0,0.0,0.0,1.7773414726359307,0.385872276007537,1.832598155220428,0.8480468212834612,0.24680630192627256,0.3368572858686652,0.1742440290878168,0.5160998681372528,0.05
2325,0.5518799999999999,False,2,0.0,0.1276,1.0,93.2,0.0,0.0,0.0,1.689972402989841,0.1357109039492849,1.513300837357839,0.02048104350592443,0.1653698499274732,0.12031649649041945,9.73358871613025e-210,0.0,0.05
2326,0.57645,False,2,0.0,0.1365,1.0,82.25,0.0,0.0,0.0,1.7367542217934653,0.1453352277957019,1.5161623046875001,0.030061914874626016,0.203253984915552,0.13309793531354494,4.24992577291002e-207,0.0,0.05
2327,0.6080899999999999,False,2,0.0,0.18030000000000002,1.0,73.0,0.0,0.0,0.0,1.7257031251438764,0.11222919469407204,1.539366667815439,0.046104339601795725,0.21291112104790583,0.11164326062102549,0.008600000000000507,0.025800000000001516,0.05
2328,0.49791999999999986,False,2,0.0,0.19469999999999998,0.8633,82.4,0.0,0.0,0.0,2.0035658445625346,0.622020904115964,2.163001348634484,1.3872870561661421,0.42596196640260703,0.4914249784824754,0.368154522843683,0.730243623365366,0.05
2329,0.50019,False,2,0.0,0.22149999999999997,0.8562,82.8,0.0,0.0,0.0,2.03758461289832,0.3789673624937291,2.1467561820338834,0.9687701968504507,0.4814857831426226,0.3859720296385986,0.4944709389783249,0.79924594342081,0.05
2330,0.5845799999999999,False,2,0.0,0.14859999999999998,1.0,80.0,0.0,0.0,0.0,1.7358831816139084,0.170282606501917,1.537483506944445,0.05428454337633299,0.20253082489900956,0.14872869686445547,0.005700000000000443,0.017100000000001333,0.05
2331,0.5265599999999999,False,2,0.0,0.0902,1.0,100.25,0.0,0.0,0.0,1.659580286391942,0.11824021466299924,1.5457000000000074,0.046305615210263384,0.12840105811496727,0.09130348474306121,0.0080000000000004,0.0240000000000012,0.05
2332,0.5537,False,2,0.0,0.13099999999999998,1.0,92.8,0.0,0.0,0.0,1.7073300443280182,0.1700238778914239,1.5469000000062416,0.0686198950844387,0.17344333439664955,0.14869327521710676,4.280877590416626e-197,0.0,0.05
2333,0.5089799999999999,False,2,0.0,0.1885,0.8749,80.0,0.0,0.0,0.0,1.9144100992483242,0.4114111736968527,2.0616528563116967,1.0537285188846268,0.3697124042651775,0.3741102893839728,0.4295528563116965,0.8626141935929332,0.05
2334,0.55843,False,2,0.0,0.12810000000000002,1.0,90.0,0.0,0.0,0.0,1.7164097003011587,0.2225937335598194,1.5116189492963255,0.02038834395681332,0.17637781751269357,0.17675319898721928,0.004000000000000469,0.012000000000001409,0.05
2335,0.5813,False,2,0.0,0.19960000000000003,0.8696000000000002,43.65,0.0,0.0,0.0,1.8503414635151567,0.29280596832178474,1.9085187543003932,0.8635607974938662,0.35440465036096647,0.33965606464873827,0.313063198672218,0.7137802923782549,0.05
2336,0.5845999999999999,False,2,0.0,0.14899999999999997,1.0,80.05,0.0,0.0,0.0,1.7060356417350373,0.12543806226987161,1.5396625000000006,0.06821656804801919,0.18831418846482803,0.12242825240938082,0.0016000000000002928,0.004800000000000878,0.05
2337,0.4942199999999999,False,2,0.0,0.1328,0.8674,76.4,0.0,0.0,0.0,1.8508235876241503,0.4514043518876461,1.9268528757204522,0.9095758451500906,0.32409959366666513,0.4344744003447923,0.24819908130449178,0.5349705751020456,0.05
2338,0.49528,False,2,0.0,0.2299,0.7333000000000001,43.5,0.0,0.0,0.0,2.1203588222303216,0.47632312293616097,2.612875572137237,1.3451117626997755,0.5787505604621828,0.47597019709550326,0.7616484438541082,0.9443820158789809,0.05
2339,0.4882700000000001,False,2,0.0,0.1839,0.8620000000000001,85.15,0.0,0.0,0.0,1.9495720020891203,0.5164587448650376,2.1005631102686415,1.2021025331131403,0.3995554294700926,0.4555965910143458,0.3490144607878494,0.7453086882078269,0.05
2340,0.5735899999999998,False,2,0.0,0.2,0.9347,70.35,0.0,0.0,0.0,1.8923131241156028,0.411973630379006,1.8704731821945324,0.8501603056025457,0.34067604414827957,0.3540686914373541,0.09930000000000083,0.2550019803844667,0.05
2341,0.5123099999999999,False,2,0.0,0.1833,0.9296,96.7,0.0,0.0,0.0,1.8585670689690954,0.4285421581701999,1.8580781739189227,1.008117422806701,0.31732669134712815,0.37057912261202897,0.19080626433474351,0.5724187930042305,0.05
2342,0.5621099999999999,False,2,0.0,0.2077,1.0,100.1,0.0,0.0,0.0,1.8119665505409632,0.1549635367535602,1.53,0.05096665576629481,0.26297430238984915,0.12016946335107095,9.514740034873395e-213,0.0,0.05
2343,0.5281299999999999,False,2,0.0,0.1502,0.9330999999999999,85.05,0.0,0.0,0.0,1.7966915673748656,0.3470835131981903,1.7870743242132285,0.7835557870492359,0.26356017873998533,0.33260010308125837,0.2211076575465616,0.618067327981757,0.05
2344,0.4892099999999999,False,2,0.0,0.1485,0.8638,80.0,0.0,0.0,0.0,1.8268144530966168,0.38717244536505285,2.0048655513691593,0.9567042476786458,0.317984140254536,0.404133715848307,0.3802936414011103,0.7611495972629543,0.05
2345,0.5355700000000001,False,2,0.0,0.1665,0.9326000000000001,83.6,0.0,0.0,0.0,1.7785683294242625,0.23683440281447754,1.8735020198196186,1.001721599434032,0.2723697449955357,0.26591582230493027,0.19780793479086328,0.5934238043725899,0.05
2346,0.5568500000000001,False,2,0.0,0.19,0.9335000000000001,76.8,0.0,0.0,0.0,1.8694942505577785,0.334139640166087,1.6618719979346317,0.33882658490570383,0.3337812060454985,0.31192916034556817,0.08170074941137814,0.23785936835728405,0.05
2347,0.49166999999999994,False,2,0.0,0.15040000000000003,0.8664999999999999,80.0,0.0,0.0,0.0,1.8242626923874383,0.35323272540682604,2.106358659284883,1.1171288401778052,0.2986811863914359,0.3522023523431669,0.34489707762725713,0.6905286770712886,0.05
2348,0.49148,False,2,0.0,0.1762,0.8705999999999999,85.4,0.0,0.0,0.0,1.892272235144517,0.43010184638191834,1.932280429289611,0.9189126234259443,0.3596065877584974,0.40558557675227247,0.31709153439299176,0.725183626728407,0.05
2349,0.5368299999999999,False,2,0.0,0.1132,0.9320999999999999,74.8,0.0,0.0,0.0,1.758875034760079,0.38323346077757925,1.8059123715963985,0.8674899716401874,0.23116653455303027,0.3487071172404952,0.18835841989005642,0.5650752596701692,0.05
2350,0.5710599999999999,False,2,0.0,0.18619999999999998,0.9359999999999999,70.0,0.0,0.0,0.0,1.8299842362036185,0.33485371304594463,1.609722524604593,0.2719502122455949,0.30406662495941017,0.29715012988578465,0.08324439499179576,0.2497331849753873,0.05
2351,0.5303899999999999,False,2,0.0,0.1504,0.8680999999999999,61.2,0.0,0.0,0.0,1.8656980861751655,0.3982473238380811,1.9110351974526687,0.9030687831294372,0.3357404671446928,0.4126859089170425,0.3167796415196504,0.7242999407505014,0.05
2352,0.42155999999999993,False,2,0.0,0.2622,0.739,87.2,0.0,0.0,0.0,2.103072477945169,0.3739853149941905,2.686746416060075,1.4705563895745186,0.5785365207423592,0.4110229707567614,0.8259545483264834,1.0136342960336764,0.05
2353,0.6824,False,2,0.0,0.20800000000000002,1.0,40.0,0.0,0.0,0.0,1.7693688795321134,0.1168252810801196,1.5154555813259554,0.020043907255091382,0.25192501889670854,0.11683690935772692,0.0034000000000003324,0.010200000000000998,0.05
2354,0.5851,False,2,0.0,0.181,1.0,84.6,0.0,0.0,0.0,1.7958926038648424,0.17399745648539905,1.528619097222223,0.050149451093938216,0.24340305662887024,0.13356413057071495,0.005300000000000438,0.015900000000001312,0.05
2355,0.5224099999999999,False,2,0.0,0.14289999999999997,0.9432,90.35,0.0,0.0,0.0,1.7280047657844548,0.22931459650296535,1.770690649040922,0.7161742406730129,0.21760514633298916,0.25071019767590774,0.19868489148654608,0.5960546744596373,0.05
2356,0.52752,False,2,0.0,0.1306,0.9352,83.15,0.0,0.0,0.0,1.7625428288547265,0.2625082739127599,1.7622973378102436,0.6871429570615584,0.2331405355179524,0.2708099512825153,0.17338482377101094,0.5201544713130328,0.05
2357,0.49063,False,2,0.0,0.1378,0.8707,80.1,0.0,0.0,0.0,1.8551777050843576,0.4394004269079324,1.8867086831033018,0.796931295682519,0.3227054418209803,0.42871895224219947,0.27319777952828983,0.6023648118539785,0.05
2358,0.52373,False,2,0.0,0.07910000000000002,1.0,100.0,0.0,0.0,0.0,1.6224820002361493,0.0718973984166401,1.530172396850586,0.040068702056646886,0.10273555918154345,0.07966055309696618,2.061230487162286e-231,0.0,0.05
2359,0.53925,False,2,0.0,0.1313,0.9358000000000001,77.6,0.0,0.0,0.0,1.7422204740464846,0.25527569556208596,1.6427555555556548,0.3380896250521355,0.22902159006000314,0.264732396227704,0.0870000000000007,0.23797016619736244,0.05
2360,0.5893799999999999,False,2,0.0,0.1993,0.9337,62.0,0.0,0.0,0.0,1.822793630844678,0.3080495434875663,1.8027337604503295,0.847225202411883,0.30665818393348554,0.3044940953762503,0.088,0.264,0.05
2361,0.5571600000000001,False,2,0.0,0.1763,0.9341000000000002,74.8,0.0,0.0,0.0,1.7917448285425386,0.2736076345905382,1.839462681664531,0.6625102118259524,0.2814383525787665,0.28060082180811075,0.2427183540998905,0.519800059262416,0.05
2362,0.5277999999999998,False,2,0.0,0.0998,0.9398,80.0,0.0,0.0,0.0,1.7189958873628637,0.31470708427482247,1.8536903303787322,0.8998411218175945,0.20334417807980665,0.3219356003793097,0.22879255271912324,0.58694862268045,0.05
2363,0.48051,False,2,0.0,0.19849999999999998,0.7958000000000001,68.05,0.0,0.0,0.0,2.0719245609764547,0.5660284572501065,2.288018935977991,1.310329265545163,0.49570196672727124,0.4913660753607959,0.4636300471155799,0.7726854007242361,0.05
2364,0.58839,False,2,0.0,0.16229999999999997,1.0,80.15,0.0,0.0,0.0,1.7141633051847094,0.1002957039637415,1.5572444444444458,0.0989065502331001,0.20005520935104815,0.08739315588420597,0.02260000000000089,0.06582431161812652,0.05
2365,0.51696,False,2,0.0,0.1587,0.8705,70.0,0.0,0.0,0.0,1.8539333095680317,0.38216695522969374,2.0670912526709024,1.0778494751144079,0.3340962287761795,0.388311221645962,0.42319125267090263,0.8464708835698251,0.05
2366,0.6100199999999999,False,2,0.0,0.2185,0.9320999999999999,54.0,0.0,0.0,0.0,1.950655384671417,0.37204837366266613,1.9225099666437786,0.8355033418709437,0.3894251012910752,0.33374246144251674,0.29902098550952166,0.6395895684184072,0.05
2367,0.54623,False,2,0.0,0.1481,1.0,99.1,0.0,0.0,0.0,1.7492407203700886,0.19341512058585053,1.5648390627493245,0.07207959144249841,0.20583512886275343,0.1388471494205463,2.1404371429628024e-197,0.0,0.05
2368,0.5769,False,2,0.0,0.12300000000000003,1.0,80.0,0.0,0.0,0.0,1.656909771603911,0.0991850977655421,1.5861333333333345,0.16774293825176195,0.15080023843579504,0.10635198514266904,0.038000000000000825,0.11400000000000245,0.05
2369,0.59026,False,2,0.0,0.1692,1.0,80.25,0.0,0.0,0.0,1.7263474803418095,0.12078706257202755,1.533510603841146,0.0649935516978303,0.21172737401310354,0.09722985407448499,1.4504177423751043e-217,0.0,0.05
2370,0.5493999999999999,False,2,0.0,0.098,1.0,90.0,0.0,0.0,0.0,1.6604117498274853,0.1254023476739847,1.5396999999999998,0.05638271011577929,0.13325200132713916,0.11591852910325362,7.399435378764116e-207,0.0,0.05
2371,0.49434999999999985,False,2,0.0,0.2117,0.8732,90.2,0.0,0.0,0.0,1.9071030926798997,0.3202494313372186,1.9562771789147955,0.7314258877644803,0.3996158752652005,0.3663071866412335,0.33114677259699465,0.5509428118866225,0.05
2372,0.54548,False,2,0.0,0.1815,0.8689,58.6,0.0,0.0,0.0,1.866792867773145,0.3250491130524822,1.9032374868742739,0.8210185984081283,0.3586549034761714,0.369510216559051,0.3023088679881284,0.6725057793885689,0.05
2373,0.5209299999999999,False,2,0.0,0.1593,0.9342,90.4,0.0,0.0,0.0,1.8169893409456794,0.3692411686524918,1.778954958915475,0.7107937373398365,0.27984533741725687,0.33305855120755956,0.20506082710907297,0.5620324641261389,0.05
2374,0.5164299999999998,False,2,0.0,0.1396,0.9324999999999999,89.1,0.0,0.0,0.0,1.8437889002846002,0.44399326729658867,1.8401820688394135,0.8202607199325755,0.2896646887328877,0.38829957747408556,0.16800455716855878,0.5040136715056763,0.05
2375,0.48055000000000003,False,2,0.0,0.19259999999999997,0.8291000000000001,78.8,0.0,0.0,0.0,1.9372107579798843,0.3586034183864881,2.0294080079170707,0.8708498557912631,0.41260222454993417,0.3771242299682748,0.3935649561978089,0.6848197203436175,0.05
2376,0.50596,False,2,0.0,0.1558,0.8705999999999999,75.1,0.0,0.0,0.0,1.8755461163956935,0.4131992125517898,1.8825211309331287,0.8245469191569998,0.3423780062620555,0.38532579014297486,0.29323501982154854,0.658208705511785,0.05
2377,0.5378099999999999,False,2,0.0,0.09770000000000001,1.0,95.75,0.0,0.0,0.0,1.668092676659591,0.14689152269304895,1.523300000040874,0.045534712148417006,0.1333478303931905,0.11929824442575301,7.800815810930224e-219,0.0,0.05
2378,0.5273,False,2,0.0,0.1779,0.9349000000000001,90.25,0.0,0.0,0.0,1.8284817886225384,0.3072919548218926,1.6365284722222224,0.3387714158366711,0.29513256273841876,0.284901865791727,0.07980000000000018,0.23940000000000047,0.05
2379,0.4892799999999998,False,2,0.0,0.2334,0.7988,69.95,0.0,0.0,0.0,2.076651246044873,0.4921695415164516,2.3177436210189675,1.3782417174773252,0.539979028957952,0.4680351287894119,0.4169202071967935,0.716292752049955,0.05
2380,0.5555399999999999,False,2,0.0,0.19809999999999997,0.9382999999999999,80.35,0.0,0.0,0.0,1.888835159072555,0.28205909355356923,1.6586555555555562,0.33492420535597983,0.32346992492272375,0.2452316628633461,0.07990000000000044,0.23970000000000136,0.05
2381,0.50568,False,2,0.0,0.12260000000000001,0.9349999999999999,92.8,0.0,0.0,0.0,1.7901325907594878,0.3812529513381676,1.8275587243627747,0.7941166884394012,0.25339741581631126,0.3636431517152978,0.2253864058971075,0.6761592176913226,0.05
2382,0.57486,False,2,0.0,0.20750000000000002,0.9323,70.0,0.0,0.0,0.0,1.852610629695866,0.28092865674568956,1.9034583997200614,0.8649639472945118,0.3256961906800767,0.29119901035199736,0.24994112259625506,0.6185719895237264,0.05
2383,0.5313199999999999,False,2,0.0,0.2152,0.8688,70.7,0.0,0.0,0.0,1.9202702607298676,0.3646479257910233,2.062074455525329,1.0470775989331298,0.39982892480508675,0.38060288193253855,0.31016420918639503,0.6697057655314086,0.05
2384,0.5061299999999999,False,2,0.0,0.18469999999999998,0.8736,80.4,0.0,0.0,0.0,1.9136517818349112,0.4708767245899952,2.0644674266653285,1.0353474548767305,0.35942226051169,0.4079293203240091,0.3932447296987135,0.7949018868337029,0.05
2385,0.5538799999999999,False,2,0.0,0.13340000000000002,0.9347999999999999,70.25,0.0,0.0,0.0,1.7467372422718885,0.265484523119028,1.8004755392166854,0.8317717652448771,0.23927436950765504,0.3026801985525316,0.1760768704019262,0.5282306112057785,0.05
2386,0.5162899999999999,False,2,0.0,0.10770000000000002,0.9304,83.65,0.0,0.0,0.0,1.8439139938565348,0.5836704506293228,1.8075197030726258,0.7917359910018014,0.2635597604831003,0.43097799225086314,0.24472247966451924,0.6515336132036073,0.05
2387,0.5745899999999999,False,2,0.0,0.18230000000000002,1.0,90.05,0.0,0.0,0.0,1.756511005967121,0.13074644251525858,1.5302612849986743,0.03662708367534834,0.22083970543791293,0.09979733060730514,0.0080000000000004,0.024000000000001197,0.05
2388,0.46743999999999986,False,2,0.0,0.1379,0.8690999999999999,91.15,0.0,0.0,0.0,1.9071004505505567,0.4345461227051993,1.9557529726042937,0.9202982439691484,0.3394540295705838,0.3834117870803321,0.23720002121325737,0.505137819526284,0.05
2389,0.5201,False,2,0.0,0.1917,0.8647,71.35,0.0,0.0,0.0,1.9613453405011008,0.5055035340746824,2.270023985886366,1.4911805292802813,0.40838939573778016,0.44703651442265746,0.37759852242938213,0.7552277167090189,0.05
2390,0.5039899999999999,False,2,0.0,0.11989999999999998,0.8686,70.0,0.0,0.0,0.0,1.7714088779737533,0.35186381821856133,1.9908031248146092,0.9196275972826069,0.27386922313432127,0.38604295231005115,0.38510774011160304,0.7720300405994918,0.05
2391,0.5609799999999998,False,2,0.0,0.22519999999999998,0.9346,80.4,0.0,0.0,0.0,1.8930773008700985,0.30596190311580884,1.805499683954931,0.7415894059901589,0.3535848719480087,0.2988448442486918,0.19549968395493078,0.5864990518647923,0.05
2392,0.5336799999999999,False,2,0.0,0.1323,0.9347,80.15,0.0,0.0,0.0,1.7820937641427217,0.32696794129539264,1.7766012070041204,0.7568577531255194,0.2555875205215622,0.32239450449359514,0.20642204033745343,0.6146136278217766,0.05
2393,0.5055,False,2,0.0,0.1578,0.8728,76.4,0.0,0.0,0.0,1.8732246525136411,0.40749850105614943,1.968618213871224,1.0144358619826594,0.34562534400721556,0.40260480664142556,0.30214915901059064,0.6830028259738186,0.05
2394,0.5964,False,2,0.0,0.133,1.0,71.75,0.0,0.0,0.0,1.7226505502279352,0.16069191543875397,1.542275,0.044569391122159144,0.17826928080722118,0.12184410004978967,3.389723735729249e-207,0.0,0.05
2395,0.5422899999999999,False,2,0.0,0.16909999999999997,0.9318,80.35,0.0,0.0,0.0,1.8446413136772506,0.29857444532331606,1.8477986983315926,0.8109933665396424,0.30445995398628367,0.30362755342469167,0.18719513382062486,0.4857305197644348,0.05
2396,0.60286,False,2,0.0,0.1702,0.932,50.3,0.0,0.0,0.0,1.8568072180395376,0.45582761394132826,1.8914959336428847,0.9378956715690904,0.3020481744369561,0.34520268340640836,0.2128187811411923,0.5185151676080695,0.05
2397,0.45788999999999996,False,2,0.0,0.22080000000000002,0.8065000000000001,86.45,0.0,0.0,0.0,2.0819699939101866,0.5475772611099524,2.3965301213580386,1.5325272129963075,0.5111356002622518,0.4804122628692746,0.47989741349060244,0.7959448640165083,0.05
2398,0.51246,False,2,0.0,0.2189,0.8657,79.6,0.0,0.0,0.0,2.076512902757078,0.5609555271637463,2.314026361789119,1.6462645420413888,0.4623861028295108,0.4421670140834718,0.411898883080717,0.8000483055371312,0.05
2399,0.6108099999999999,False,2,0.0,0.13940000000000002,0.9856999999999999,60.5,0.0,0.0,0.0,1.7357297942806493,0.2123467058914491,1.6400444444458535,0.3384514524697318,0.20374842472738147,0.1745181593816555,0.08630000000000133,0.23833172260528254,0.05
2400,0.5806699999999999,False,2,0.0,0.18080000000000002,0.9349000000000001,64.0,0.0,0.0,0.0,1.8199973772258122,0.36060930462195334,1.777963557480963,0.7534783590366367,0.271014307068,0.2994373130763563,0.21979164789678354,0.6593749436903505,0.05
2401,0.5177499999999999,False,2,0.0,0.1618,0.8703,70.0,0.0,0.0,0.0,1.8074996642278272,0.3387764598488745,1.9065567863585955,0.8517950149019475,0.3086862892797323,0.36748137653140095,0.27946424374445084,0.5830113868709054,0.05
2402,0.5707899999999999,False,2,0.0,0.17030000000000003,1.0,90.15,0.0,0.0,0.0,1.7282130107438807,0.14054436251138133,1.5474000220404733,0.0573606354130245,0.2024773253146927,0.11648595306940435,3.713193350325693e-215,0.0,0.05
2403,0.4541599999999999,False,2,0.0,0.17209999999999998,0.8429,93.75,0.0,0.0,0.0,2.163363003207789,0.6824590384176854,2.3351813406546884,1.364054032973045,0.48080303077029585,0.49607076743867895,0.4762057154557862,0.7890596155795548,0.05
2404,0.6322199999999999,False,2,0.0,0.1894,1.0,62.3,0.0,0.0,0.0,1.7680448956140613,0.15942664127530656,1.5343666703965941,0.04741813243815174,0.2325988449433049,0.13755416533332948,0.004700000000000813,0.011950313803412285,0.05
2405,0.5519799999999999,False,2,0.0,0.10659999999999999,1.0,90.0,0.0,0.0,0.0,1.644101416155889,0.08203359503426687,1.5355888923009244,0.04548735289992715,0.13261645125488372,0.09081585481225828,0.010000000000000554,0.030000000000001664,0.05
2406,0.49523999999999996,False,2,0.0,0.1779,0.8061,61.2,0.0,0.0,0.0,1.9628042948931388,0.4561394319564107,2.4381163181395413,1.5273625041696142,0.4377705913758205,0.4635667434746918,0.5597790959285881,0.8568731617117763,0.05
2407,0.5518199999999999,False,2,0.0,0.1898,0.9353999999999999,79.95,0.0,0.0,0.0,1.9039624827006858,0.5227864454785421,1.8607024857532894,1.0021322946616442,0.3315126700709159,0.3741390256279185,0.20330248575235071,0.6099074572570521,0.05
2408,0.5999400000000001,False,2,0.0,0.22440000000000002,0.9326000000000001,60.1,0.0,0.0,0.0,1.8557953408549062,0.2849306739620673,1.7787329148785134,0.7738592240879308,0.34743552678916306,0.284105773695547,0.21883291487851317,0.6564987446355396,0.05
2409,0.5086,False,2,0.0,0.197,0.8720000000000001,80.45,0.0,0.0,0.0,1.9428067520096046,0.4817810731839913,2.1441320570302898,1.2050811975229025,0.37305740375848695,0.39035851371580205,0.3854744181414002,0.7722648251569026,0.05
2410,0.57362,False,2,0.0,0.16140000000000002,1.0,87.4,0.0,0.0,0.0,1.7793298208005386,0.21372450061504886,1.5249000000000001,0.05099107765089891,0.22550923110981783,0.16667983628355165,7.012578762639941e-193,0.0,0.05
2411,0.50434,False,2,0.0,0.1248,0.869,70.7,0.0,0.0,0.0,1.8368572988806116,0.41002332621570853,1.9478263005629413,0.8904924891800737,0.31523708816790463,0.411108742178026,0.2919651202781723,0.6354819719976976,0.05
2412,0.5952599999999999,False,2,0.0,0.1842,1.0,80.0,0.0,0.0,0.0,1.7512069410625155,0.125588587300725,1.5355000000002426,0.0636321459647927,0.22486369468709982,0.11955725274762051,7.971588333272811e-207,0.0,0.05
2413,0.5062300000000001,False,2,0.0,0.2306,0.8085000000000001,64.45,0.0,0.0,0.0,2.083420540651712,0.5175631345900286,2.21388713637216,1.1316446323851457,0.49922304560288266,0.4497052162851248,0.3828319981107525,0.6316423769353433,0.05
2414,0.58285,False,2,0.0,0.14750000000000002,1.0,80.7,0.0,0.0,0.0,1.7490580566432126,0.21452564779562328,1.5014170138888905,0.004194635426691401,0.20414177171258158,0.15476342808347812,0.0012000000000003013,0.003600000000000904,0.05
2415,0.5491199999999998,False,2,0.0,0.2076,0.9481999999999999,88.45,0.0,0.0,0.0,1.8496418046815974,0.21342483149837801,1.6591519097222232,0.3340544086346901,0.304135130768339,0.1789908927480551,0.07980000000000056,0.23940000000000175,0.05
2416,0.5692999999999999,False,2,0.0,0.1622,0.9372,67.7,0.0,0.0,0.0,1.8344105362696426,0.3116389131337843,1.6271038572655605,0.3411301417542266,0.2790581124917388,0.28756613223293104,0.07980270636512063,0.23940811909536192,0.05
2417,0.58083,False,2,0.0,0.20010000000000003,1.0,89.6,0.0,0.0,0.0,1.756675611992378,0.14781900225268435,1.5493,0.04703838857784139,0.23631968969456132,0.13157931180900992,2.4099198269561164e-182,0.0,0.05
2418,0.5334299999999998,False,2,0.0,0.1689,0.9067999999999999,76.0,0.0,0.0,0.0,1.834031496132867,0.2663163058635984,1.9191006851520391,0.9103414575998603,0.30573419115770967,0.26768494314212726,0.24091654615996103,0.5151580974262389,0.05
2419,0.51484,False,2,0.0,0.1305,0.9367000000000001,90.0,0.0,0.0,0.0,1.7565494363176828,0.3271320207560265,1.7903606362936304,0.7367759782664838,0.23912382880391872,0.33152054354624744,0.23468285851585238,0.6353208652733623,0.05
2420,0.5050499999999999,False,2,0.0,0.1071,0.9276,88.2,0.0,0.0,0.0,1.8227267017970779,0.5601914944262633,1.778168692672009,0.7406584271190676,0.25082885648335523,0.4037602816980574,0.2188329538741413,0.6429001890603664,0.05
2421,0.52256,False,2,0.0,0.1692,0.932,90.3,0.0,0.0,0.0,1.8289902968362508,0.30858492684369326,1.6462906357402196,0.39183729605900836,0.30204184660724753,0.31168934848333235,0.10346438144413186,0.31039314433239557,0.05
2422,0.5242799999999999,False,2,0.0,0.11810000000000001,0.9555,90.0,0.0,0.0,0.0,1.6747681616804275,0.153035911638691,1.6397111111111122,0.33828485038500095,0.15933820750949426,0.1254148973090232,0.07980000000000086,0.23940000000000256,0.05
2423,0.54751,False,2,0.0,0.15739999999999998,0.9437000000000001,80.15,0.0,0.0,0.0,1.8325013817844056,0.3928975041397773,1.7339485090483002,0.6745235163406931,0.27109883668854406,0.3166902480037793,0.1685332912755771,0.5055998738267313,0.05
2424,0.53645,False,2,0.0,0.1469,0.9324,80.15,0.0,0.0,0.0,1.796050946234414,0.339155222305856,1.8329158524061349,0.8696833397046864,0.2673228743500048,0.3133022272775273,0.1721594868081424,0.5164784604244272,0.05
2425,0.50017,False,2,0.0,0.11710000000000001,0.9352,94.8,0.0,0.0,0.0,1.8333693669730409,0.6080288958528364,1.7932776421441745,0.7799912218469325,0.2583676443229244,0.4249494996418155,0.22057764214416936,0.661732926432508,0.05
2426,0.57185,False,2,0.0,0.16939999999999997,0.9329000000000001,66.0,0.0,0.0,0.0,1.813374714623158,0.3390185041809525,1.78757563223975,0.7753062391727793,0.2839789129727,0.32189248322992975,0.20917563223974983,0.6275268967192495,0.05
2427,0.596,False,2,0.0,0.2,1.0,82.0,0.0,0.0,0.0,1.8021667025894132,0.2368628447181317,1.5074000000007097,0.020900717693151712,0.2551774587671903,0.18455316647133393,0.0004000000000002899,0.0012000000000008696,0.05
2428,0.5404199999999999,False,2,0.0,0.1932,0.9757999999999999,100.3,0.0,0.0,0.0,1.8516272863834864,0.18294166972207093,1.6834555555555657,0.3270792989135508,0.27651350852172973,0.13712049162426623,0.07990000000000085,0.23970000000000252,0.05
2429,0.53816,False,2,0.0,0.23279999999999998,0.8676,69.5,0.0,0.0,0.0,2.020379358928949,0.47548211121816536,2.1262112174324868,1.1957456978377212,0.4619225024088328,0.43162941135088234,0.4440581450855031,0.8721316964462358,0.05
2430,0.5266299999999999,False,2,0.0,0.1412,0.9340999999999999,84.8,0.0,0.0,0.0,1.820898789533754,0.42766393226855137,1.8784631690888207,1.019839393409815,0.275560009302116,0.378679985064302,0.20040886061090712,0.6012265818327214,0.05
2431,0.52602,False,2,0.0,0.1361,0.9217000000000001,80.0,0.0,0.0,0.0,1.7511340808220264,0.27671976590048675,1.9104201777015668,0.8673810551487611,0.2460801878273795,0.2967072786210436,0.24860906659045479,0.5355734698810494,0.05
2432,0.5769799999999999,False,2,0.0,0.18460000000000001,1.0,89.2,0.0,0.0,0.0,1.7490563931827103,0.12350570029827151,1.5216000000000853,0.025024787711453472,0.21799337204695668,0.10388077489707395,1.2391297409432974e-214,0.0,0.05
2433,0.49398000000000003,False,2,0.0,0.1305,0.9269000000000001,97.0,0.0,0.0,0.0,1.8593117993578776,0.5918314082038667,1.8411684171896265,0.9906206723694408,0.27578885488191085,0.41135605892073823,0.2131365015035402,0.6394095045106206,0.05
2434,0.45813999999999994,False,2,0.0,0.213,0.7552,67.2,0.0,0.0,0.0,2.032388823679477,0.4990700387125977,2.4124544584600476,1.1563795564869135,0.49417939757519713,0.4598546070507403,0.5842650105853935,0.7886604469656985,0.05
2435,0.5123999999999999,False,2,0.0,0.1507,0.9337,93.2,0.0,0.0,0.0,1.8168788276152772,0.4111266735616336,1.8889007943166454,1.0821308788335349,0.28236456152933725,0.3643118749270744,0.1999955513991325,0.5999866541973975,0.05
2436,0.5287000000000001,False,2,0.0,0.15789999999999998,0.9329000000000001,85.85,0.0,0.0,0.0,1.7759305614911718,0.25714430081471246,1.7972578314875833,0.8075252043773375,0.25772212665019323,0.2787747534278928,0.11299999999999999,0.33899999999999997,0.05
2437,0.64515,False,2,0.0,0.21749999999999997,1.0,60.05,0.0,0.0,0.0,1.8098368649339438,0.12481984366639597,1.5480001676085768,0.06872286261414448,0.27124651580412157,0.1091583835416944,3.231853621675335e-205,0.0,0.05
2438,0.54623,False,2,0.0,0.175,0.9339000000000001,80.0,0.0,0.0,0.0,1.8276205293995798,0.4120932997596203,1.8547947850890025,0.9972695588189749,0.2899583355172324,0.3394415953342304,0.19973533718300546,0.5992060115490163,0.05
2439,0.43218999999999996,False,2,0.0,0.25270000000000004,0.7323999999999999,78.15,0.0,0.0,0.0,2.3618136775558023,0.753193519488711,2.7082922413318444,1.639572643388478,0.6729291666577166,0.5328238393138174,0.7132261999412632,0.9460269477961043,0.05
2440,0.57807,False,2,0.0,0.12689999999999999,1.0,80.0,0.0,0.0,0.0,1.6607139802398834,0.11962112600626204,1.5328704861111122,0.044101583337772136,0.1529838732133319,0.11898088978381384,0.011200000000000713,0.028116898833265222,0.05
2441,0.5877499999999999,False,2,0.0,0.1655,1.0,80.95,0.0,0.0,0.0,1.77548419610861,0.15943773432882755,1.5390279513888898,0.0826735259477474,0.2261342491504911,0.1279494336226453,0.015400000000000687,0.04620000000000206,0.05
2442,0.48461999999999983,False,2,0.0,0.1873,0.8668999999999999,89.2,0.0,0.0,0.0,1.9608801879601578,0.6158308279714936,2.256980692179299,1.6110587740855054,0.40320899764261053,0.47599685687202054,0.36697020626235927,0.7376471803995631,0.05
2443,0.5311699999999999,False,2,0.0,0.17770000000000002,0.8698,65.5,0.0,0.0,0.0,1.9065650049766638,0.4165238826969712,1.9904920013753542,0.9668848281492243,0.37946401536485685,0.4102056929339934,0.3549679590803724,0.7107799904582021,0.05
2444,0.6043099999999999,False,2,0.0,0.21469999999999997,1.0,80.05,0.0,0.0,0.0,1.8188228702300688,0.1623034139499985,1.5159612884521485,0.020666798577121614,0.27469076952398525,0.1247277897407833,7.530999479836612e-184,0.0,0.05
2445,0.5083299999999998,False,2,0.0,0.2043,0.8671999999999999,80.0,0.0,0.0,0.0,1.8874865675778008,0.3617261462369807,2.1288347310990723,1.006839796522527,0.3822938047377952,0.3774413819309871,0.40934340290984866,0.6895300351672896,0.05
2446,0.5564499999999999,False,2,0.0,0.12149999999999998,1.0,90.0,0.0,0.0,0.0,1.6875856336113846,0.16086242132622972,1.520504749796128,0.03580249898933575,0.16457178761616995,0.1531392000122155,0.008400000000000404,0.025200000000001208,0.05
2447,0.48054999999999987,False,2,0.0,0.17570000000000002,0.8581999999999999,86.45,0.0,0.0,0.0,1.9696437928002102,0.4777178816036291,2.3144482042805636,1.4164507625682936,0.4155115017733143,0.44653753221083686,0.5000540724741608,0.8357532077639503,0.05
2448,0.5635800000000001,False,2,0.0,0.1671,0.9335000000000001,70.0,0.0,0.0,0.0,1.7738960571239957,0.28806698376061135,1.9228555104502458,1.199905226304366,0.2716280562898016,0.2998422022574198,0.231388843783152,0.6941665313494558,0.05
2449,0.51492,False,2,0.0,0.1282,0.9378,90.0,0.0,0.0,0.0,1.7351527656195045,0.2659490881789989,1.6342222223652745,0.3396145091071052,0.22115396382800873,0.2695998275360993,0.08490000000000067,0.23849966456999566,0.05
2450,0.6224399999999999,False,2,0.0,0.2098,1.0,70.25,0.0,0.0,0.0,1.8090511208654523,0.16545213209642626,1.5043,0.009798469268207167,0.26363878616300457,0.1369104797642862,6.114467574510396e-208,0.0,0.05
2451,0.56236,False,2,0.0,0.1601,0.9369,70.75,0.0,0.0,0.0,1.8214042506064956,0.3013536647832764,1.6948347074859746,0.35744760435164386,0.2796773320230041,0.26972583681927875,0.12380000086067673,0.25874651912405305,0.05
2452,0.5512299999999999,False,2,0.0,0.22079999999999997,0.9347,84.65,0.0,0.0,0.0,1.9501711067055045,0.4542260694577573,1.8549444438444394,0.6837691316856049,0.38402048190687726,0.3670869646090449,0.2021999994846971,0.45974292671282907,0.05
2453,0.5268399999999999,False,2,0.0,0.13310000000000002,0.9372999999999999,84.6,0.0,0.0,0.0,1.7713781216269577,0.31950073221332764,1.774989135900757,0.7469762802564129,0.23822719507594597,0.3124280496119598,0.19338909688488118,0.5801672906546435,0.05
2454,0.4865299999999999,False,2,0.0,0.1755,0.8674,86.65,0.0,0.0,0.0,1.927531852846411,0.4991334319220087,2.0726359289307648,1.1039893993437775,0.384458352950655,0.461941044707486,0.4006578536380185,0.8013889873842157,0.05
2455,0.5887399999999999,False,2,0.0,0.1628,1.0,80.05,0.0,0.0,0.0,1.727336202138984,0.11026951342773028,1.520466715494792,0.025763582204154502,0.20360041127489784,0.10649780877157423,0.0032000000000003298,0.00960000000000099,0.05
2456,0.6040399999999999,False,2,0.0,0.14679999999999999,1.0,70.0,0.0,0.0,0.0,1.6872215501656656,0.08464853563478962,1.5400000158743565,0.04840663232516336,0.1862636652296404,0.0920516620117017,1.179044232587735e-236,0.0,0.05
2457,0.50501,False,2,0.0,0.2145,0.8128,64.15,0.0,0.0,0.0,2.0867586737430757,0.5529008520942993,2.154279464894077,1.056867628952089,0.5212392698429951,0.49715324120658305,0.4991016813952272,0.8333841373320098,0.05
2458,0.49988999999999995,False,2,0.0,0.21949999999999997,0.8032,64.1,0.0,0.0,0.0,2.0442725178706818,0.5088238851147735,2.232581471392695,1.0945841199924098,0.49021428171070536,0.46289541434726195,0.5707320493301398,0.8805191436968189,0.05
2459,0.56724,False,2,0.0,0.23720000000000002,0.9334,78.65,0.0,0.0,0.0,1.946197581532345,0.31740108874113476,1.857085364678532,0.8075629368446842,0.3876847566184722,0.2854423589762529,0.27198536467853135,0.6600446085006068,0.05
2460,0.56407,False,2,0.0,0.1439,1.0,89.55,0.0,0.0,0.0,1.728976981370836,0.1827694671948346,1.5178,0.022457960726655447,0.19382938406148195,0.13986070453970192,6.609461114903932e-199,0.0,0.05
2461,0.5344299999999998,False,2,0.0,0.2526,0.8714999999999999,75.7,0.0,0.0,0.0,1.9727715082119797,0.3063346212528957,2.1388934170822127,1.1107329341640768,0.45182392550791395,0.33478112892090733,0.2644000000000009,0.45703636616794546,0.05
2462,0.53116,False,2,0.0,0.1062,1.0,100.35,0.0,0.0,0.0,1.6575327796876587,0.10099433545118701,1.5418000032224968,0.06091929373432474,0.13344603341764483,0.09677251063760003,1.4164242538525058e-220,0.0,0.05
2463,0.51818,False,2,0.0,0.15300000000000002,0.9283999999999999,88.8,0.0,0.0,0.0,1.9282816208512403,0.5667964622758934,1.7668981484422317,0.6764423106021361,0.3326208148305018,0.42638830807371164,0.17209814788372102,0.516294443651163,0.05
2464,0.5571700000000002,False,2,0.0,0.1443,0.9364000000000001,70.8,0.0,0.0,0.0,1.8026572177020532,0.33398718168757513,1.6482057008651096,0.3365638375568936,0.2647495575903345,0.3215949056204639,0.08079650788982318,0.24238952366946956,0.05
2465,0.57616,False,2,0.0,0.18719999999999998,1.0,90.0,0.0,0.0,0.0,1.7726549373301244,0.14650011777566727,1.5468178864351259,0.05536535835334544,0.23222225225567322,0.12118690026873807,4.300507966685768e-213,0.0,0.05
2466,0.5137099999999999,False,2,0.0,0.0761,0.9343999999999999,81.6,0.0,0.0,0.0,1.69767967932215,0.25957274469540803,1.7587847097065439,0.44839840442856654,0.18330927819012327,0.2920435288122605,0.16680007232346247,0.31654770778065283,0.05
2467,0.5494999999999999,False,2,0.0,0.16499999999999998,1.0,100.0,0.0,0.0,0.0,1.7413010956589474,0.15490737734123375,1.5359,0.07071131451189407,0.21042096584570857,0.12530809652623354,2.4333971795159883e-210,0.0,0.05
2468,0.52563,False,2,0.0,0.0984,0.9373000000000001,80.0,0.0,0.0,0.0,1.6931824432899287,0.24653337604632128,1.6497111111111114,0.3350018175738434,0.18473211010542925,0.26721257142419114,0.07980000000000025,0.23940000000000075,0.05
2469,0.52083,False,2,0.0,0.1779,0.8678000000000001,70.0,0.0,0.0,0.0,1.8771979932991876,0.396418397326844,2.0285489082970902,0.9764400977716866,0.3600789793309503,0.39670019191617384,0.3836489082970888,0.7728160476061264,0.05
2470,0.55185,False,2,0.0,0.0955,1.0,88.4,0.0,0.0,0.0,1.6696476066466108,0.10785934162109757,1.591700000000333,0.1562940568996908,0.13756062660453808,0.10464975700534002,0.047500000000001194,0.10509543282179538,0.05
2471,0.54677,False,2,0.0,0.1989,0.873,62.0,0.0,0.0,0.0,1.899525402766536,0.3849758473056488,2.0226617698473195,0.9633583474256167,0.3728334919038572,0.38325024129746693,0.34935652692980684,0.700222380640454,0.05
2472,0.58705,False,2,0.0,0.1765,1.0,82.95,0.0,0.0,0.0,1.7851851559460883,0.19660734186426418,1.515500001577225,0.04650000473167506,0.23679180562511998,0.1616658074028976,3.424806561904072e-196,0.0,0.05
2473,0.5650200000000001,False,2,0.0,0.17400000000000002,0.9326000000000001,70.0,0.0,0.0,0.0,1.8482268690035297,0.4475350359612332,1.8907856135806504,1.053121526183406,0.30120426203018685,0.3392953715320404,0.230663529253219,0.6797194070962034,0.05
2474,0.5648,False,2,0.0,0.139,1.0,88.45,0.0,0.0,0.0,1.6952393933151964,0.11266570953313357,1.5295,0.04427245193119542,0.17630012183880317,0.09928357399615112,8.502262665882917e-231,0.0,0.05
2475,0.5118999999999999,False,2,0.0,0.1699,0.8749,75.75,0.0,0.0,0.0,1.9663479968843398,0.5487623830454622,2.1212389360967783,1.1682965783458146,0.3947185106844292,0.47037619708858674,0.4374700314488633,0.8530513005905709,0.05
2476,0.57117,False,2,0.0,0.10389999999999999,1.0,80.0,0.0,0.0,0.0,1.6990539685204147,0.17872770405725122,1.5429000028295137,0.05369255559996675,0.16501307922646394,0.15669051548690877,2.4640631539546134e-207,0.0,0.05
2477,0.5500999999999999,False,2,0.0,0.095,1.0,89.2,0.0,0.0,0.0,1.6502812371405167,0.0966598462197613,1.534505505784678,0.03969785959293599,0.13669903599020955,0.09765512045063048,8.244674680946752e-231,0.0,0.05
2478,0.47877999999999993,False,2,0.0,0.2783,0.7426999999999999,62.3,0.0,0.0,0.0,2.1660494940671082,0.4738018894758598,2.5705586761248544,1.4327576019842811,0.6305804595815884,0.46415002049799925,0.6913867875068374,0.9155348277665244,0.05
2479,0.5685899999999999,False,2,0.0,0.15630000000000002,1.0,89.15,0.0,0.0,0.0,1.748061691571764,0.12282941975589808,1.5438447614139987,0.053098339817918075,0.21162278632161283,0.1172435074341656,0.010800000000000438,0.03240000000000131,0.05
2480,0.5946999999999999,False,2,0.0,0.183,1.0,80.1,0.0,0.0,0.0,1.7829888554525326,0.17255722864661727,1.529800121127959,0.0322021424057647,0.2439133401031251,0.14152488619088954,7.604339581916963e-212,0.0,0.05
2481,0.4825799999999999,False,2,0.0,0.12110000000000001,0.8675,80.5,0.0,0.0,0.0,1.842463911802945,0.4844213088726784,2.1629817212699436,1.3487390408272508,0.31294977755574427,0.44706359755770275,0.401065992517405,0.8021405426336593,0.05
2482,0.5752099999999999,False,2,0.0,0.15290000000000004,0.9321999999999999,61.6,0.0,0.0,0.0,1.8085510478848654,0.3383102521301275,1.8131683868885191,0.8064468301598744,0.2827011903049814,0.326201739880376,0.21595588680397143,0.6478676604119143,0.05
2483,0.48791999999999996,False,2,0.0,0.11070000000000002,0.9353,100.0,0.0,0.0,0.0,1.715497430746737,0.2876795295849696,1.7839414691571585,0.7420212134641946,0.2119675785534551,0.3095259923284447,0.20531609429957348,0.6159482828987205,0.05
2484,0.53638,False,2,0.0,0.1476,0.9339999999999999,80.85,0.0,0.0,0.0,1.8132018819235522,0.41175504967156934,1.8361399518888493,0.7837225472208724,0.2736879350693423,0.37482652502965574,0.16219500297674755,0.48658500893024265,0.05
2485,0.5390699999999999,False,2,0.0,0.1862,0.9362999999999999,86.1,0.0,0.0,0.0,1.9301636462298828,0.4107570093427874,1.6278111111111115,0.34080354230031895,0.35528773615570397,0.33837643840472353,0.07980000000000033,0.23940000000000097,0.05
2486,0.6002399999999999,False,2,0.0,0.1968,1.0,79.4,0.0,0.0,0.0,1.7619025251142406,0.10985744652684598,1.5682666666666676,0.13254448309907385,0.23780018183639492,0.07576767370445357,0.028400000000000685,0.08520000000000205,0.05
2487,0.5685899999999999,False,2,0.0,0.0953,1.0,80.0,0.0,0.0,0.0,1.655466406344135,0.12967710765557108,1.5254999999999999,0.03526542215825582,0.12297969697922,0.12075306821396506,1.5040924068069363e-212,0.0,0.05
2488,0.5284500000000001,False,2,0.0,0.2016,0.8691000000000001,70.2,0.0,0.0,0.0,1.9068069376473045,0.3707282429518949,1.7651345973304515,0.4429047583646817,0.37886881384616206,0.3655040589471553,0.1598000418686107,0.31960008373723486,0.05
2489,0.5523,False,2,0.0,0.175,1.0,100.1,0.0,0.0,0.0,1.7763100308674815,0.19494234593302484,1.5340777854071745,0.041513451103045086,0.22575878449514913,0.1440649262143764,0.008400000000000404,0.025200000000001208,0.05
2490,0.56229,False,2,0.0,0.1103,1.0,85.4,0.0,0.0,0.0,1.718039357606856,0.1746563567814922,1.521,0.04708715323737464,0.16844117851592563,0.13470059358578507,2.1612669967015938e-225,0.0,0.05
2491,0.5532199999999999,False,2,0.0,0.22480000000000003,0.8654,60.0,0.0,0.0,0.0,1.9740978376021119,0.4139945553818914,1.9461445540337081,0.9717794641614634,0.44434871021543654,0.408429182371979,0.2780919192538257,0.5941981194224352,0.05
2492,0.5613299999999999,False,2,0.0,0.13510000000000003,1.0,89.6,0.0,0.0,0.0,1.670785361639077,0.08855716699888003,1.5206,0.026635314903338373,0.15448072631502968,0.09209513720742991,2.3211333309543005e-219,0.0,0.05
2493,0.56995,False,2,0.0,0.1665,1.0,90.0,0.0,0.0,0.0,1.7392889505870968,0.11284650724918527,1.5392000000044308,0.06006463186427359,0.2077253079897236,0.10102424929440777,8.908614481826311e-220,0.0,0.05
2494,0.4886899999999999,False,2,0.0,0.19290000000000002,0.8725999999999999,90.0,0.0,0.0,0.0,1.9089273764879209,0.4611288559811642,2.058556361075575,1.0633186630625697,0.3791479478470344,0.43090877067970296,0.43285636107557474,0.8676097147790862,0.05
2495,0.4878800000000001,False,2,0.0,0.1835,0.8469000000000001,80.0,0.0,0.0,0.0,1.9552264396887291,0.4392908239477422,2.239276292635227,1.2216636618689998,0.4158883221419011,0.4146125729891981,0.4835358781672682,0.7921880130923229,0.05
2496,0.5299499999999999,False,2,0.0,0.1452,0.9337,83.6,0.0,0.0,0.0,1.7827653129399166,0.41337004764482693,1.8004880584793685,0.8058938750941022,0.26560720823759526,0.3875909041416979,0.19884773795109598,0.5965432138532879,0.05
2497,0.56572,False,2,0.0,0.1524,1.0,90.0,0.0,0.0,0.0,1.7321786105508372,0.1434020555009617,1.5226000000000002,0.029933927239839415,0.20743366956323653,0.13031666483844262,4.7527341462186855e-213,0.0,0.05
2498,0.50158,False,2,0.0,0.1587,0.8771000000000001,80.0,0.0,0.0,0.0,1.8539208192510526,0.39080654752719096,2.141026369800072,1.1295667827405116,0.33359850398747604,0.39470353133781305,0.4364892170222934,0.7795325114627186,0.05
2499,0.48334,False,2,0.0,0.1935,0.8007,67.6,0.0,0.0,0.0,1.9962963469264317,0.3901909997402914,2.1423641331169883,1.0013369047731129,0.46690831724251103,0.41318248509055633,0.4729530220058771,0.7848022278696861,0.05
2500,0.50143,False,2,0.0,0.20340000000000003,0.8743000000000001,85.8,0.0,0.0,0.0,1.942664610720568,0.46305358183842216,1.970898959870232,1.0587128781782424,0.40280116868409993,0.41059823214622515,0.31409894614782696,0.7171411378389488,0.05
2501,0.5710299999999999,False,2,0.0,0.21809999999999996,1.0,97.2,0.0,0.0,0.0,1.877690985050993,0.16861579061401036,1.5282,0.03326800264518448,0.30423142987667695,0.12435576220829986,1.6330253011338805e-202,0.0,0.05
2502,0.49872999999999995,False,2,0.0,0.15100000000000002,0.9319,99.45,0.0,0.0,0.0,1.8694420041124882,0.483128773494708,1.9677346678191028,1.322913865712417,0.3006463961287924,0.397401953331915,0.19963466781910216,0.5989040034573065,0.05
2503,0.55928,False,2,0.0,0.1383,0.9397,70.0,0.0,0.0,0.0,1.7452735001662543,0.23117810889640852,1.6552111111118666,0.3349027404419915,0.22807809435331947,0.25208947434006945,0.07980000000000022,0.23940000000000064,0.05
2504,0.5761900000000001,False,2,0.0,0.18960000000000002,0.9303000000000001,65.95,0.0,0.0,0.0,1.838761781143106,0.26880487734140995,1.7851555968140236,0.7381869823778366,0.3192032618211856,0.296092330703135,0.17639360367072304,0.5228781634415499,0.05
2505,0.5129299999999999,False,2,0.0,0.12110000000000001,0.938,90.0,0.0,0.0,0.0,1.7369197101249423,0.2783547771169114,1.7248746511983495,0.6474105043495082,0.21020752570715437,0.27478420548366156,0.1696496511983493,0.5089489535950479,0.05
2506,0.5633599999999999,False,2,0.0,0.13119999999999998,1.0,88.0,0.0,0.0,0.0,1.7003255781707138,0.14407774495912237,1.5263354166666672,0.04626585356101376,0.1708554768130785,0.13316718776240793,0.0020000000000003127,0.006000000000000937,0.05
2507,0.5205599999999999,False,2,0.0,0.1455,0.9393,90.3,0.0,0.0,0.0,1.7808185107955292,0.26041847381457334,1.6480555555924563,0.34044553325343396,0.24971936060611516,0.24629313790738808,0.07990000000000036,0.23970000000000105,0.05
2508,0.56177,False,2,0.0,0.23079999999999998,0.8649000000000001,56.45,0.0,0.0,0.0,1.9312335280525286,0.3670967680523347,2.0316164050792755,1.009842838440391,0.42674710327408205,0.3682193377004271,0.4154497384126091,0.8095686719561068,0.05
2509,0.58368,False,2,0.0,0.17159999999999997,0.933,60.45,0.0,0.0,0.0,1.848874510943365,0.3094133212082958,1.7994988019277713,0.8120792195325851,0.30335936903865257,0.2924228896040186,0.1979984764069376,0.5853800894820865,0.05
2510,0.5235099999999999,False,2,0.0,0.12489999999999998,0.9332,83.6,0.0,0.0,0.0,1.781801800210145,0.4471608640979826,1.8902536660882656,1.110949005081246,0.23922291446755314,0.3656220629815516,0.22909743058538884,0.6872922917561664,0.05
2511,0.5127399999999999,False,2,0.0,0.1851,0.8703,76.0,0.0,0.0,0.0,2.0430156982979755,0.6851912888393614,2.1670523121432224,1.2825671594219579,0.4470066495850052,0.5181551359280852,0.41411041425772677,0.8295323836390959,0.05
2512,0.6870199999999999,False,2,0.0,0.257,0.9875999999999999,40.7,0.0,0.0,0.0,1.8955943525626195,0.10397087488670097,1.6789279513889899,0.3374323061373662,0.34818145020158664,0.06277461176546363,0.10460000000000184,0.23765487581785744,0.05
2513,0.4889499999999999,False,2,0.0,0.2344,0.7409,50.0,0.0,0.0,0.0,2.0889032788626536,0.5057915717072442,2.3956154270844916,1.0898343989147512,0.5593657802245233,0.483792516401716,0.6545206110739844,0.8598055558791731,0.05
2514,0.49185999999999996,False,2,0.0,0.14209999999999998,0.8669,78.8,0.0,0.0,0.0,1.8505447801116657,0.44905050697179505,2.021749070349272,0.972746321315106,0.321474309113733,0.4251534819312018,0.3720500185945713,0.7422128181295865,0.05
2515,0.52966,False,2,0.0,0.1419,0.8707,61.2,0.0,0.0,0.0,1.8876655040861003,0.4665805039887742,2.258113735364012,1.2810791628483933,0.3529900680683807,0.438490691001937,0.5158862702242766,0.8733004844918164,0.05
2516,0.5463699999999999,False,2,0.0,0.15410000000000001,0.9342,76.9,0.0,0.0,0.0,1.8094992836454982,0.35694371980349127,1.8328094301472824,0.9984282904418466,0.2787911242452604,0.34163515021077173,0.20556561097892337,0.61669683293677,0.05
2517,0.45595,False,2,0.0,0.10640000000000001,0.8629,90.0,0.0,0.0,0.0,1.7740021107153932,0.3646559242322378,1.9975272344282202,0.8020379049009944,0.27699521479137246,0.40466043196082924,0.3907559609958942,0.7153112758392962,0.05
2518,0.57477,False,2,0.0,0.1169,1.0,80.15,0.0,0.0,0.0,1.6843191582116877,0.1466008468627194,1.5559001284223766,0.07000215230642695,0.15316631845800802,0.11785349517108354,1.1881822748889481e-213,0.0,0.05
2519,0.5522199999999999,False,2,0.0,0.25379999999999997,0.8603999999999999,63.1,0.0,0.0,0.0,2.053557961952667,0.5314116969885688,2.050328734269782,1.0570579525210215,0.4800853191791168,0.43528569779698123,0.3943327159490081,0.8008137934694806,0.05
2520,0.5515599999999999,False,2,0.0,0.09720000000000001,1.0,88.8,0.0,0.0,0.0,1.6734210816277009,0.1441591212248811,1.529588888890298,0.03531460195553843,0.14427281895262728,0.1295886489951069,0.006400000000000375,0.019200000000001126,0.05
2521,0.5241799999999999,False,2,0.0,0.0806,1.0,100.0,0.0,0.0,0.0,1.6272366501496638,0.09285870831238249,1.5099,0.016342888361608514,0.10670329102681611,0.0851287567984082,3.541058951632177e-221,0.0,0.05
2522,0.53891,False,2,0.0,0.1613,0.9306000000000001,80.45,0.0,0.0,0.0,1.7987600804076842,0.3324940903901075,1.9137858653912059,1.0809900138645476,0.28067338531842423,0.322452351316358,0.2011179410317306,0.5348991834844359,0.05
2523,0.51544,False,2,0.0,0.11579999999999999,0.933,86.2,0.0,0.0,0.0,1.7306023454765966,0.2666521476531478,1.7780249154130274,0.7752824081757251,0.2165377135968764,0.29206795468274943,0.16742491541302734,0.5022747462390821,0.05
2524,0.56629,False,2,0.0,0.1193,1.0,84.75,0.0,0.0,0.0,1.6987152906458065,0.14413093388552498,1.5315000000000003,0.07168995745569944,0.16937116545434736,0.13231501593037054,5.202656363485533e-219,0.0,0.05
2525,0.5670499999999999,False,2,0.0,0.0935,1.0,80.5,0.0,0.0,0.0,1.6350391108316433,0.07692691687410104,1.5498000001436325,0.0726468170687433,0.11805782007243981,0.08741953515578683,3.691844280755394e-225,0.0,0.05
2526,0.5360299999999999,False,2,0.0,0.1408,0.9347,80.25,0.0,0.0,0.0,1.7752787091938902,0.3222260517423958,1.6556222222026797,0.3372672793053112,0.24526118655303236,0.28542336675884417,0.07990000000000036,0.23970000000000108,0.05
2527,0.53807,False,2,0.0,0.155,0.9301,79.75,0.0,0.0,0.0,1.893778232612138,0.5163058564395312,1.8974163718499664,1.1663508903931625,0.31680144755245954,0.3880264334651268,0.16073921934827454,0.4822176580448235,0.05
2528,0.6004499999999999,False,2,0.0,0.18550000000000003,1.0,77.6,0.0,0.0,0.0,1.7714240995154644,0.17904229762306414,1.5802222222224231,0.1920999161316173,0.23612368706869127,0.15427275001346358,0.045400000000000926,0.1362000000000028,0.05
2529,0.49473,False,2,0.0,0.1975,0.8004,62.4,0.0,0.0,0.0,2.064035633139273,0.6488719332134473,2.401271677851522,1.4025249510862918,0.4930789472894393,0.5473124709098701,0.5992042740182096,0.921059264197796,0.05
2530,0.53922,False,2,0.0,0.1014,1.0,95.6,0.0,0.0,0.0,1.6793176996144097,0.15535186339956314,1.5318000000000005,0.05026489828896621,0.14597613305027565,0.13634252428350288,6.50111906641614e-219,0.0,0.05
2531,0.5281899999999998,False,2,0.0,0.1137,0.9343999999999999,80.0,0.0,0.0,0.0,1.7270988698732304,0.26390482779457675,1.680722396221381,0.3343908357267504,0.2144753835952141,0.2728853873710397,0.10410000076908595,0.23950467859174726,0.05
2532,0.5655699999999999,False,2,0.0,0.12719999999999998,0.9362999999999999,64.0,0.0,0.0,0.0,1.7188751106495492,0.22841788966639054,1.641444427170579,0.33994059683788963,0.22150889220579692,0.2636460579784839,0.07980000087796484,0.23940000263389452,0.05
2533,0.61525,False,2,0.0,0.18550000000000003,1.0,70.2,0.0,0.0,0.0,1.7531627098060718,0.16001988941216422,1.5181,0.02278354669492876,0.23633006112071184,0.13506305397705054,1.2758009147663846e-204,0.0,0.05
2534,0.5328499999999999,False,2,0.0,0.2666,0.8591,74.25,0.0,0.0,0.0,2.1431422786179692,0.5542672779393102,2.12834320720507,1.1967123342349675,0.5336765980756555,0.43430077874428463,0.4524379632703048,0.8943490939153553,0.05
2535,0.50732,False,2,0.0,0.1391,0.9417,96.8,0.0,0.0,0.0,1.765335845766503,0.37683335655876926,1.7815532909802614,0.7927629958496671,0.23427630309339337,0.3359372935349936,0.092,0.276,0.05
2536,0.54257,False,2,0.0,0.21600000000000003,0.8701000000000001,65.65,0.0,0.0,0.0,1.9646688754700024,0.43727708607871324,1.8562487095212414,0.7519975768332111,0.41538436236428344,0.39350836163297226,0.26110903225252297,0.5690890236622826,0.05
2537,0.52439,False,2,0.0,0.17790000000000003,0.9306000000000001,90.2,0.0,0.0,0.0,1.8846137088613055,0.42184935327891804,1.7098654506647648,0.5876610414295482,0.3220163180922166,0.3481795619204078,0.1045999996679678,0.31379999900390343,0.05
2538,0.5346499999999998,False,2,0.0,0.1155,1.0,100.0,0.0,0.0,0.0,1.6819486976169575,0.14287571393634577,1.5479640625384128,0.05596149031235541,0.15512530387264503,0.12713071448298938,0.010000000000000427,0.03000000000000128,0.05
2539,0.5360699999999998,False,2,0.0,0.09290000000000001,1.0,95.9,0.0,0.0,0.0,1.6552455464359859,0.13516209423707845,1.5507000010172531,0.053533260865754786,0.12631561994549517,0.09224830384811276,0.004400000000000346,0.013200000000001039,0.05
2540,0.5730999999999999,False,2,0.0,0.177,1.0,90.0,0.0,0.0,0.0,1.7433389354909508,0.1450493746437789,1.544500703575689,0.05534739140988169,0.21873463443615532,0.12785855094569512,2.9789325818372105e-203,0.0,0.05
2541,0.5212699999999999,False,2,0.0,0.1466,0.9347,88.5,0.0,0.0,0.0,1.8699119948336247,0.5633333967552141,1.9517924994619473,1.29668200142859,0.27162513000674604,0.3706400000409262,0.20953756918247687,0.5934868331704546,0.05
2542,0.5078299999999999,False,2,0.0,0.15969999999999998,0.8695999999999999,74.4,0.0,0.0,0.0,1.8042284793567425,0.3043166807661417,2.0330736464735315,0.9703244647709545,0.3206379963043782,0.3592876188896526,0.36472236833047134,0.7390521463543267,0.05
2543,0.5532699999999999,False,2,0.0,0.14689999999999998,1.0,95.4,0.0,0.0,0.0,1.6859511520261559,0.1065124016063776,1.6044555555555569,0.25500046211529553,0.1807002477399154,0.10184525666185963,0.06030000000000089,0.18090000000000264,0.05
2544,0.54487,False,2,0.0,0.0829,1.0,90.0,0.0,0.0,0.0,1.633327225447486,0.07496335621395382,1.537900018819173,0.05958936303394349,0.1141407937160384,0.08044721147666614,3.220574344912982e-233,0.0,0.05
2545,0.54711,False,2,0.0,0.1672,0.9395,80.35,0.0,0.0,0.0,1.8661620985239733,0.42413772640256686,1.824495729091765,0.7992173331118226,0.2969289775976524,0.35409701571217966,0.10500000000000001,0.315,0.05
2546,0.5503100000000001,False,2,0.0,0.2547,0.8690000000000001,67.2,0.0,0.0,0.0,1.9508686495357979,0.3395763821049538,2.001061430893558,0.9682929507666853,0.43874771580466776,0.3581724515579428,0.3356232847495766,0.6724904597014078,0.05
2547,0.58849,False,2,0.0,0.1623,1.0,80.1,0.0,0.0,0.0,1.752564434666032,0.16092445752231269,1.5682444444828567,0.09682093437790024,0.215669487030752,0.11791440421174909,0.005400000000000361,0.01620000000000108,0.05
2548,0.5051899999999999,False,2,0.0,0.0979,0.9376,90.25,0.0,0.0,0.0,1.6967743371389763,0.26424172818359526,1.6325064236111622,0.3406556242958698,0.18095559149540846,0.26381762299527134,0.07980000000000044,0.23940000000000128,0.05
2549,0.52955,False,2,0.0,0.0985,1.0,100.0,0.0,0.0,0.0,1.6493222679424009,0.11079605464805761,1.5318999999999998,0.045357358829632044,0.1268413533901589,0.10277211677833649,1.245899355238277e-207,0.0,0.05
2550,0.5139599999999999,False,2,0.0,0.22769999999999996,0.8594999999999999,78.0,0.0,0.0,0.0,2.1136895041661794,0.588276828607608,1.991107017957098,0.9576351051764277,0.4887045641874826,0.44420585347599006,0.3195513065484654,0.6406275784796864,0.05
2551,0.62175,False,2,0.0,0.16749999999999998,1.0,64.25,0.0,0.0,0.0,1.7410543492188904,0.17216678927082651,1.5271000001165602,0.03567478125969311,0.20729313429920296,0.13155674652530336,9.500856481574563e-213,0.0,0.05
2552,0.54478,False,2,0.0,0.17880000000000001,0.8742000000000001,60.4,0.0,0.0,0.0,1.9445288606169648,0.5845003524973154,1.9162590582464916,0.847546950628061,0.37353260230028684,0.4415457694741017,0.2988933522565541,0.6742705494971395,0.05
2553,0.5712599999999999,False,2,0.0,0.1042,1.0,80.0,0.0,0.0,0.0,1.6607688285630107,0.09484449665768323,1.5123000000000002,0.01878856034931891,0.14310945439465916,0.10742817349878184,1.812623235863765e-213,0.0,0.05
2554,0.51641,False,2,0.0,0.1802,0.8655000000000002,71.75,0.0,0.0,0.0,1.900665451280878,0.4298733616071361,2.034610636019136,0.963846521966516,0.3716011592024201,0.40443445406632017,0.28461328348561316,0.5405092319985042,0.05
2555,0.59512,False,2,0.0,0.1767,0.9333,55.6,0.0,0.0,0.0,1.795336874864001,0.3245200130447617,1.8166311864150593,0.8350891589065825,0.27977736716674245,0.3167020152936752,0.2242288646313578,0.6726865938940735,0.05
2556,0.51857,False,2,0.0,0.0619,1.0,100.0,0.0,0.0,0.0,1.6123477435681728,0.061466096946493076,1.5052000000001131,0.012375782803476416,0.09268571138461003,0.05889832115480169,4.9142064674371646e-238,0.0,0.05
2557,0.5469700000000001,False,2,0.0,0.1723,0.9364000000000001,80.1,0.0,0.0,0.0,1.830120027023764,0.3442866103530526,1.6257333336088773,0.34230061218590224,0.2907856393689051,0.3043256995474445,0.08470000000000241,0.23852968368738284,0.05
2558,0.5634399999999999,False,2,0.0,0.20179999999999998,0.9339999999999999,75.45,0.0,0.0,0.0,1.9334848997392442,0.4223364033335791,1.95871721054757,1.2149975669138908,0.3775219713397525,0.3791506942257371,0.21537925956721143,0.5965738991263189,0.05
2559,0.4979899999999999,False,2,0.0,0.13309999999999997,0.9298,96.4,0.0,0.0,0.0,1.816025001356446,0.39308662357181173,1.8284693239846959,0.7563177103335105,0.26592361242142387,0.3517467536327441,0.1913693239846957,0.574107971954087,0.05
2560,0.43233999999999995,False,2,0.0,0.22630000000000003,0.6704999999999999,52.45,0.0,0.0,0.0,2.1253742240674827,0.5107879360376306,2.6852125513664773,1.3905652855950057,0.6193966977237967,0.49456224468959115,0.7628389799529591,0.8837189543076331,0.05
2561,0.51267,False,2,0.0,0.21569999999999995,0.8708,80.8,0.0,0.0,0.0,1.9299333888592947,0.42456105656694704,2.091164749222115,1.3289227124039624,0.4092418288488083,0.40903850818111803,0.2808595444366723,0.6216789163869911,0.05
2562,0.52304,False,2,0.0,0.16999999999999998,0.9321999999999999,90.25,0.0,0.0,0.0,1.8595761561032007,0.4550398535393081,1.7364999992071861,0.6873018599794618,0.31140678326878607,0.3745264722790402,0.1499999993724455,0.44999999811733654,0.05
2563,0.6315,False,2,0.0,0.20600000000000002,1.0,65.15,0.0,0.0,0.0,1.8182723264979312,0.18546423173912863,1.5315277777777783,0.032605491187153404,0.2761113279600483,0.1407030331690947,0.0010000000000002984,0.003000000000000895,0.05
2564,0.5729699999999999,False,2,0.0,0.11290000000000003,1.0,80.45,0.0,0.0,0.0,1.6852425458614202,0.13242521749153047,1.553966666666668,0.05620269863034633,0.15032088795933926,0.11586065712374562,0.008600000000000406,0.025800000000001218,0.05
2565,0.58378,False,2,0.0,0.1346,1.0,78.3,0.0,0.0,0.0,1.7094635606912258,0.13466298130406587,1.5288779513888946,0.055028711258499195,0.17718346021704134,0.12810178392939148,0.0037000000000004148,0.011100000000001243,0.05
2566,0.5269499999999999,False,2,0.0,0.1768,0.9343,90.05,0.0,0.0,0.0,1.8152830936158644,0.29739694782754356,1.7470514372035815,0.6641455743150959,0.2980851816605628,0.31490928999930357,0.1618429900224931,0.4855289700674794,0.05
2567,0.50803,False,2,0.0,0.20919999999999997,0.8661,80.5,0.0,0.0,0.0,1.9309709493075817,0.371726189589904,2.1275635343504886,1.2236460389640722,0.39510749741863493,0.3612882169589032,0.3282582914329754,0.6565185293305956,0.05
2568,0.5312599999999998,False,2,0.0,0.2004,0.9311999999999999,90.35,0.0,0.0,0.0,1.9035424015680564,0.47040992696344075,1.7903799378754932,0.7771422483883988,0.33875201089153817,0.3603227572043091,0.2150812338235161,0.5974536919384998,0.05
2569,0.56348,False,2,0.0,0.09860000000000001,1.0,83.05,0.0,0.0,0.0,1.6936068287021644,0.18468532250808942,1.6004446180555583,0.12401587320108558,0.13635999470724233,0.1321298502935114,0.03930000000000121,0.08357278265081516,0.05
2570,0.52604,False,2,0.0,0.16799999999999998,0.8772,69.2,0.0,0.0,0.0,1.8554479673880078,0.39896079336705254,2.0394081126374917,1.0070541957658463,0.3422606424698666,0.40021902339755583,0.35341505007448815,0.6754262109560492,0.05
2571,0.5567499999999999,False,2,0.0,0.1625,1.0,96.0,0.0,0.0,0.0,1.7319666247006507,0.13846741585927932,1.5356444587138953,0.04472338543749352,0.20619634858676766,0.128629678008299,0.007200000000000387,0.021600000000001156,0.05
2572,0.50323,False,2,0.0,0.1968,0.8737,83.7,0.0,0.0,0.0,1.854619382514319,0.33708512362693704,1.9701139637413756,0.9169112941941773,0.3545806662321259,0.37459966224693686,0.35495384779606737,0.7120949831469421,0.05
2573,0.6266099999999999,False,2,0.0,0.21280000000000002,0.9330999999999999,45.2,0.0,0.0,0.0,1.9194570138705394,0.32854317229384605,1.7864999667990014,0.8418981424743524,0.35493783803530576,0.29628634511074525,0.16599996679900078,0.49799990039700237,0.05
2574,0.52325,False,2,0.0,0.1485,0.933,87.2,0.0,0.0,0.0,1.7913708187160755,0.3024685966145077,1.7737992896581016,0.7884307108125784,0.2614828112108841,0.31506450388815027,0.200862484102546,0.6025874523076381,0.05
2575,0.5300100000000001,False,2,0.0,0.1284,0.9707000000000001,94.0,0.0,0.0,0.0,1.674408222792882,0.12444785773568492,1.6319111111111124,0.3404369153504594,0.16778456308695072,0.10701921939504021,0.07980000000000084,0.23940000000000253,0.05
2576,0.5503699999999999,False,2,0.0,0.13889999999999997,1.0,95.65,0.0,0.0,0.0,1.7358089619745776,0.17602747499799073,1.559400000000118,0.0605692991541312,0.19168911561186464,0.14611015728740975,3.189502341973122e-205,0.0,0.05
2577,0.54622,False,2,0.0,0.14340000000000003,1.0,98.4,0.0,0.0,0.0,1.7014128531193446,0.1330682947020999,1.5374,0.04234902596282473,0.1661126448838046,0.12285854115306934,1.2758009404588175e-204,0.0,0.05
2578,0.48948,False,2,0.0,0.1319,0.8713000000000001,80.0,0.0,0.0,0.0,1.8472037453894423,0.454898819361409,2.0578371590099267,1.0688692087991265,0.31214405663388495,0.41879201851746506,0.4326266898275934,0.8666043696044838,0.05
2579,0.60891,False,2,0.0,0.1948,0.9350999999999999,52.05,0.0,0.0,0.0,1.924178237453199,0.33994742603774025,1.8345201796461825,0.8770191478573062,0.3493954884107979,0.3094021072977134,0.16517000603507098,0.49053040462500913,0.05
2580,0.5760300000000002,False,2,0.0,0.1526,0.9335000000000001,61.6,0.0,0.0,0.0,1.7910588323717804,0.2416954671030025,1.787231207866887,0.6619965483052105,0.2543574411863127,0.25506587993441404,0.19697250002691166,0.5023107921259132,0.05
2581,0.5695899999999999,False,2,0.0,0.15960000000000002,0.9312999999999999,65.1,0.0,0.0,0.0,1.8114733335229434,0.4033624512415015,1.886749685063822,1.0396040108359565,0.2822307365926636,0.34492157115847816,0.20532059205479727,0.6119722342445578,0.05
2582,0.5083799999999999,False,2,0.0,0.1681,0.8674999999999999,74.65,0.0,0.0,0.0,1.8963157925119134,0.4091964050277067,1.899127569464568,0.8277693816490428,0.36625657736761663,0.40862129657825835,0.30104239229544694,0.6753519667151102,0.05
2583,0.5546899999999998,False,2,0.0,0.13979999999999998,0.9324999999999999,70.0,0.0,0.0,0.0,1.7716778212451516,0.3286456902898498,1.8393375405398906,0.9484949423529486,0.25910144942573404,0.3225364068814241,0.18880420720655727,0.5664126216196718,0.05
2584,0.54382,False,2,0.0,0.1354,1.0,98.4,0.0,0.0,0.0,1.663639888953163,0.0992781876432477,1.5575000468783908,0.05568531547643539,0.15249991379827516,0.09060022115672399,9.505456146073679e-213,0.0,0.05
2585,0.6267599999999999,False,2,0.0,0.2112,0.943,48.35,0.0,0.0,0.0,1.8726727993335675,0.3253117201602478,1.827959680728022,0.8209256640596652,0.3290319063432273,0.28928004619996533,0.20565964869253447,0.6169789460776035,0.05
2586,0.5873999999999999,False,2,0.0,0.139,1.0,77.15,0.0,0.0,0.0,1.7131792698175308,0.11818824200902985,1.5714000107672697,0.07034516310710238,0.1861015412443891,0.10739801933767418,6.199942031694009e-225,0.0,0.05
2587,0.5335399999999999,False,2,0.0,0.1058,0.9339999999999999,76.0,0.0,0.0,0.0,1.7541065757460028,0.34349407471936344,1.9119308025272197,1.146814872973559,0.22939058434463724,0.34006512444882037,0.22485361977276064,0.6745608593182819,0.05
2588,0.5270200000000002,False,2,0.0,0.1618,0.9274000000000001,85.35,0.0,0.0,0.0,1.8667769170736066,0.5592547037578744,1.8470875733188987,1.007145179141479,0.30221574277543495,0.39522805902614216,0.20441566373471903,0.6132469912041572,0.05
2589,0.47456999999999994,False,2,0.0,0.12010000000000001,0.8642,83.2,0.0,0.0,0.0,1.8919869860253953,0.5867357491062681,2.079862153443469,1.0245765478113,0.33988926431683586,0.4983006305755425,0.2971237019572778,0.5575531434022577,0.05
2590,0.57711,False,2,0.0,0.1927,1.0,90.35,0.0,0.0,0.0,1.7526504163100711,0.14514616356257748,1.5177,0.030535389304870524,0.22977543457560837,0.10857980883184738,3.0411295134586322e-211,0.0,0.05
2591,0.55086,False,2,0.0,0.12469999999999999,0.9335000000000001,70.0,0.0,0.0,0.0,1.7218973801188606,0.27353573303673073,1.7404815431426937,0.6906272412134352,0.22060424692110853,0.3165551649150783,0.20458662368803524,0.6137598710641058,0.05
2592,0.60401,False,2,0.0,0.22920000000000001,0.9365,60.15,0.0,0.0,0.0,1.8894693307266457,0.3527706945201038,1.6649641503747916,0.3950717361704287,0.3467953249173113,0.31601478306775604,0.08169870295606715,0.2450961088682014,0.05
2593,0.4868899999999998,False,2,0.0,0.2063,0.8059999999999998,69.6,0.0,0.0,0.0,1.9938413731220987,0.47406359036820334,2.1356680305465052,0.9921408171433453,0.4757764322510331,0.47486815189743936,0.35078621016537365,0.5695303809171136,0.05
2594,0.47217,False,2,0.0,0.2057,0.8048,76.45,0.0,0.0,0.0,2.041702485176426,0.5166240482547384,2.556459427928182,1.5571425487267718,0.47820030008177206,0.4747419739176546,0.56761206116471,0.8494411864293397,0.05
2595,0.53803,False,2,0.0,0.1809,0.9368000000000001,86.0,0.0,0.0,0.0,1.7918174047003177,0.2530462308688947,1.6456555556251053,0.3381533199291083,0.2778531032142346,0.2639918817159478,0.07990000000000008,0.23970000000000025,0.05
2596,0.5863799999999999,False,2,0.0,0.20459999999999998,0.9349999999999999,64.75,0.0,0.0,0.0,1.8291569276149768,0.19653086569055106,1.7539290450262264,0.7531603606337879,0.31936536847524455,0.2461804047671049,0.20107904502622623,0.6032371350786787,0.05
2597,0.5311499999999999,False,2,0.0,0.141,0.9315,81.6,0.0,0.0,0.0,1.7586264464624648,0.2936906145135647,1.7796343787987141,0.6895892907013724,0.2488600950992282,0.3071490955557451,0.18743419968803754,0.5623025990641126,0.05
2598,0.53352,False,2,0.0,0.11240000000000001,1.0,100.1,0.0,0.0,0.0,1.6840381359085979,0.20183320954995757,1.580133333333335,0.20346160981047076,0.15121646952296594,0.1581470556224815,0.047900000000001226,0.14370000000000271,0.05
2599,0.5436799999999999,False,2,0.0,0.08059999999999999,1.0,90.25,0.0,0.0,0.0,1.6367217991335437,0.10562756493561051,1.5375999999999999,0.05356715411518517,0.1149434936055708,0.09574668681942702,4.381479244938932e-237,0.0,0.05
2600,0.5527200000000001,False,2,0.0,0.12469999999999999,0.9373000000000001,70.4,0.0,0.0,0.0,1.7661558051400061,0.31787978287276625,1.7980229401837715,0.8211512376393748,0.2437941689498214,0.3188737065919103,0.1339000000000003,0.3954072457606207,0.05
2601,0.53631,False,2,0.0,0.1429,0.9362,80.95,0.0,0.0,0.0,1.8036414829303329,0.3287627389056928,1.8232958628520581,0.8779161071137783,0.26323883684474525,0.31984261544124676,0.17764062901560612,0.4932868769344073,0.05
2602,0.58597,False,2,0.0,0.1705,0.9336,59.35,0.0,0.0,0.0,1.8105200804469526,0.32309698571570156,1.8048793541508545,0.8030401185299122,0.27991165367710913,0.31619668570229453,0.1663847130481692,0.48890817380782936,0.05
2603,0.47802,False,2,0.0,0.22549999999999998,0.7291000000000001,50.0,0.0,0.0,0.0,2.187220248884711,0.6265569275175515,2.7341124054112047,1.6761537563536477,0.5928653807430724,0.5188522344008448,0.6390695944817167,0.8278330258914651,0.05
2604,0.5076999999999999,False,2,0.0,0.2406,0.8135999999999999,67.0,0.0,0.0,0.0,2.08160568488884,0.5129308315203961,2.3648880501378575,1.3007101548921838,0.5181643820484756,0.4634080500478949,0.5630536276347642,0.8706401385783888,0.05
2605,0.56901,False,2,0.0,0.1317,1.0,85.25,0.0,0.0,0.0,1.6970328878520622,0.14057796373561984,1.5280279771592884,0.037324812502795686,0.17683114936377936,0.13275425661043935,1.1408895793690295e-213,0.0,0.05
2606,0.5055099999999999,False,2,0.0,0.1406,0.8619,70.0,0.0,0.0,0.0,1.9345158126225723,0.5921226123766907,2.0633747460492713,1.1100167908768568,0.3726425985766652,0.4994775807821719,0.37670022271877074,0.7545071371415688,0.05
2607,0.5034000000000001,False,2,0.0,0.1059,0.9309000000000001,90.0,0.0,0.0,0.0,1.7401565555482101,0.36131463613042963,1.7761970488307786,0.742282058335917,0.22623127291266792,0.35557061557276587,0.18781075215012122,0.5634322564503637,0.05
2608,0.5065799999999999,False,2,0.0,0.19590000000000002,0.8623,77.9,0.0,0.0,0.0,2.0695251082079285,0.6415815067598296,1.9974791477083016,0.9489724231747045,0.4517074519702712,0.46915926452093093,0.3357791583758819,0.6763071356101457,0.05
2609,0.5568,False,2,0.0,0.1569,0.9329000000000001,71.65,0.0,0.0,0.0,1.75238500085907,0.24045693356660464,1.7597219773128132,0.7287330570177273,0.24975497181328654,0.27641253352700285,0.18052197731281322,0.5415659319384396,0.05
2610,0.48367000000000004,False,2,0.0,0.1578,0.8649000000000001,84.55,0.0,0.0,0.0,1.9527791039839428,0.539088890858698,2.071574316569425,1.0912569582050378,0.3692723793744794,0.4375311692424773,0.4543474068472026,0.9087545767056365,0.05
2611,0.55219,False,2,0.0,0.11629999999999999,1.0,91.35,0.0,0.0,0.0,1.6794947806518035,0.12874015124312357,1.5236,0.04821037232795449,0.1495607990807307,0.11861961163726925,5.225680652631791e-201,0.0,0.05
2612,0.50615,False,2,0.0,0.17770000000000002,0.8682000000000001,77.45,0.0,0.0,0.0,1.9400234620204202,0.49545184999683123,2.079246903790396,1.1002428417608372,0.38868252263367725,0.4403213928276713,0.4514357926792843,0.8738287317649239,0.05
2613,0.4890699999999999,False,2,0.0,0.1758,0.7958999999999999,60.4,0.0,0.0,0.0,2.033377870048617,0.5503511643654189,2.5651180975820056,1.6208882318724154,0.48511247122889173,0.5001702203004531,0.6421701234631818,0.9956257313017574,0.05
2614,0.53332,False,2,0.0,0.1172,0.9338000000000001,77.75,0.0,0.0,0.0,1.759741245034819,0.34281186782908085,1.8372915498933367,0.8614325648958022,0.23391211973732123,0.3182221664021357,0.22039154989333673,0.6611746496800103,0.05
2615,0.5236299999999999,False,2,0.0,0.18309999999999998,0.8699999999999999,70.15,0.0,0.0,0.0,1.8990567754614123,0.3748758693184632,1.8792489307695597,0.7769496842795066,0.3679471763752661,0.3735090347073789,0.2849933752140033,0.6311563678247345,0.05
2616,0.50959,False,2,0.0,0.2031,0.8708,80.45,0.0,0.0,0.0,1.8910964125860523,0.3749753200630628,2.0151288596665937,0.9582417140981792,0.37138415956125426,0.36464918214568465,0.26058441522238385,0.4913803089351718,0.05
2617,0.5206700000000001,False,2,0.0,0.19099999999999998,0.8621000000000001,70.05,0.0,0.0,0.0,1.9503548878577965,0.5057725896006043,1.96285098862479,0.9123884296246788,0.40558527804278255,0.44295608181681817,0.3592513731004089,0.7224285693572613,0.05
2618,0.49240999999999996,False,2,0.0,0.2028,0.8721,89.45,0.0,0.0,0.0,2.095279274511607,0.6952587717996056,2.24815682147353,1.3158049016373958,0.4651366748020328,0.5022387331661912,0.4410790436957514,0.7957260086341791,0.05
2619,0.6169299999999999,False,2,0.0,0.2091,1.0,72.9,0.0,0.0,0.0,1.8392498318345154,0.18197399193836147,1.5485777777777814,0.07714505816966223,0.2885704652138126,0.13598780801343366,0.02540000000000093,0.05431795283329628,0.05
2620,0.6329499999999999,False,2,0.0,0.19849999999999998,1.0,63.3,0.0,0.0,0.0,1.7948710351587736,0.14085245496381804,1.5713000826411825,0.18845373862914433,0.2586801704908014,0.12017845838895198,0.04400000000000091,0.13200000000000273,0.05
2621,0.57607,False,2,0.0,0.19349999999999998,0.9346,68.1,0.0,0.0,0.0,1.8879741694339185,0.31494658922157104,1.782428906991056,0.7525955355219249,0.32782522330446584,0.29953098782282184,0.1855282840192035,0.5565848520576105,0.05
2622,0.45294999999999985,False,2,0.0,0.1899,0.8023999999999999,82.85,0.0,0.0,0.0,2.098340325172717,0.6667163284735463,2.6284707544697303,1.6599167363550287,0.5042959592761526,0.5548807559479747,0.6025866243007152,0.9223681872638914,0.05
2623,0.5199499999999999,False,2,0.0,0.1398,0.8673,64.55,0.0,0.0,0.0,1.9130293756781263,0.5563657441911067,1.8942928552115117,0.8557521511171674,0.3557529960940754,0.46058770620266487,0.16650000000000031,0.3334220298660549,0.05
2624,0.5546800000000001,False,2,0.0,0.11560000000000001,1.0,90.0,0.0,0.0,0.0,1.6850115323003745,0.1428126847837536,1.5130000000000001,0.028128277586798648,0.1536842990395201,0.11965790965490421,3.626045226969587e-218,0.0,0.05
2625,0.5417299999999999,False,2,0.0,0.1565,0.9353999999999999,80.0,0.0,0.0,0.0,1.7610122842758087,0.29068416037194283,1.8611611306767304,1.0389572181661213,0.24876639353888202,0.3028407144402797,0.18201666204074735,0.5321973202982858,0.05
2626,0.5328399999999998,False,2,0.0,0.17629999999999998,0.9324999999999999,86.4,0.0,0.0,0.0,1.8390029722431964,0.42944734775498006,1.7781172256476037,0.7375423466753089,0.30393776064116457,0.36851030532103096,0.16562260759204728,0.49254973912581523,0.05
2627,0.59714,False,2,0.0,0.1718,1.0,77.2,0.0,0.0,0.0,1.7872347441909333,0.2215096749067928,1.5321612849398185,0.04700955609036299,0.2419078568479745,0.16935654836154396,3.3444300584025703e-199,0.0,0.05
2628,0.49968999999999997,False,2,0.0,0.165,0.8727,80.35,0.0,0.0,0.0,1.928988691007903,0.49561242865890287,1.8720179216300825,0.6951555276925557,0.3521278048141331,0.3991338649960519,0.28303411328653505,0.5766982503924816,0.05
2629,0.58906,False,2,0.0,0.16519999999999999,1.0,80.25,0.0,0.0,0.0,1.796675444261399,0.22770222552343872,1.5059,0.01769999999999998,0.23297205943647192,0.14891018784648988,7.081741078304851e-221,0.0,0.05
2630,0.4798899999999999,False,2,0.0,0.1749,0.8036,67.55,0.0,0.0,0.0,2.0067228604880403,0.521195179856185,2.179056911160157,1.07039741909766,0.44900694647298084,0.46889457614460983,0.4984346889365274,0.8158600971444602,0.05
2631,0.45541999999999994,False,2,0.0,0.1869,0.7995,80.15,0.0,0.0,0.0,1.9993192886574556,0.5055341287500404,2.3125150068247553,1.2407551691008378,0.45462778005909027,0.48425745529529063,0.5571377341762285,0.8517543953109014,0.05
2632,0.54221,False,2,0.0,0.1417,1.0,100.15,0.0,0.0,0.0,1.6926482924003046,0.15590783779923026,1.5376,0.06006030302953859,0.1712311931553421,0.13170697477998028,6.229496696986972e-208,0.0,0.05
2633,0.5479699999999998,False,2,0.0,0.21950000000000003,0.8635999999999999,61.2,0.0,0.0,0.0,1.962020260113357,0.3739220810437806,2.119422737835615,1.2521013853310703,0.42547467081743545,0.36440290960222427,0.4005900292485486,0.7898000914279386,0.05
2634,0.54079,False,2,0.0,0.1143,1.0,96.75,0.0,0.0,0.0,1.698777223870967,0.1484967379993695,1.5298111111111117,0.04392150827201886,0.15498244266740482,0.11416550810209704,0.00960000000000042,0.02880000000000126,0.05
2635,0.5569899999999999,False,2,0.0,0.1233,1.0,90.0,0.0,0.0,0.0,1.693561460521518,0.1517631093016669,1.5324095303816334,0.043640913432245534,0.16029834587861863,0.12036996669383616,3.6751970107091374e-207,0.0,0.05
2636,0.52784,False,2,0.0,0.2083,0.9385,95.8,0.0,0.0,0.0,1.9149291429207231,0.3135209133844838,1.799267405200192,0.7842461949142628,0.34067587086076595,0.28258525966067943,0.20286726152378365,0.6086017845713511,0.05
2637,0.53306,False,2,0.0,0.1569,0.8657,60.0,0.0,0.0,0.0,1.8470042130563211,0.394967356668245,1.9932022305449355,0.9504827175030165,0.3408960470699245,0.40711248370444253,0.3468742177814247,0.6940749836090538,0.05
2638,0.5805699999999999,False,2,0.0,0.1385,0.9986,80.0,0.0,0.0,0.0,1.7170994735276444,0.15312590646458715,1.6592666666666687,0.3397335964299272,0.19122684232932866,0.13866130653854813,0.0994000000000014,0.24033776232627554,0.05
2639,0.58789,False,2,0.0,0.19530000000000003,1.0,85.35,0.0,0.0,0.0,1.761998499916497,0.13548522157500595,1.5215,0.050299602384114364,0.23922996174308203,0.12991167193501124,1.4364241588037676e-189,0.0,0.05
2640,0.5785699999999999,False,2,0.0,0.1326,0.9856999999999999,75.6,0.0,0.0,0.0,1.7057214987595646,0.14849412312600682,1.6608333333333476,0.3350714029303786,0.18276435364572077,0.13781073483777237,0.08040000000000116,0.23920668886969113,0.05
2641,0.5288799999999999,False,2,0.0,0.20249999999999999,0.8689,70.05,0.0,0.0,0.0,1.9393150092131688,0.5250762051748114,2.0537337493799717,1.2984719385495342,0.40297799709760096,0.4309545705890135,0.27960981439305094,0.6200787566938196,0.05
2642,0.57019,False,2,0.0,0.16730000000000003,1.0,90.0,0.0,0.0,0.0,1.7394587678797986,0.1401917434031361,1.5470000000493151,0.0695974138244322,0.21121696828704958,0.11551789782575485,2.9704555635821897e-214,0.0,0.05
2643,0.55894,False,2,0.0,0.14780000000000001,1.0,92.7,0.0,0.0,0.0,1.7449567615920372,0.17871605099717716,1.5261,0.030276888875840607,0.19832538157099933,0.1466280246763451,2.6128403256315453e-201,0.0,0.05
2644,0.4575299999999999,False,2,0.0,0.19310000000000002,0.8109999999999999,84.05,0.0,0.0,0.0,2.003635367288555,0.5185794721116387,2.409018414779409,1.3583247682658972,0.43859604853942713,0.46526753609966515,0.5965069272106593,0.9229257501598147,0.05
2645,0.5376699999999999,False,2,0.0,0.1464,0.9344999999999999,80.2,0.0,0.0,0.0,1.7559894408448329,0.2319286607480021,1.6357339969105198,0.33935007078754187,0.2261929009762707,0.22049235594919814,0.0804000000000005,0.23920668886968913,0.05
2646,0.49782000000000004,False,2,0.0,0.1835,0.8611000000000001,80.0,0.0,0.0,0.0,1.9955771677375342,0.494078867145187,2.1347059452986583,1.2470579642559056,0.4104795855337933,0.4207084715306301,0.3574545736901668,0.748901821681248,0.05
2647,0.5310499999999999,False,2,0.0,0.1202,0.9357,80.0,0.0,0.0,0.0,1.7343650662534824,0.3154207118096258,1.652799936666656,0.33836944402773583,0.2207918235843982,0.3223299441087679,0.08530009486887467,0.23813220115342337,0.05
2648,0.53912,False,2,0.0,0.1689,0.8715000000000002,60.8,0.0,0.0,0.0,1.8802404957721293,0.3566696935040202,2.0342850851083596,0.9591074666177214,0.35967926669751416,0.3730145379740376,0.3530063638333107,0.7091709230753737,0.05
2649,0.5729099999999998,False,2,0.0,0.1968,0.9420999999999999,72.8,0.0,0.0,0.0,1.815959947241716,0.34263389660286114,1.7623832274396918,0.7403629868091923,0.29506866550249045,0.30692131757291896,0.21328322743969202,0.6398496823190752,0.05
2650,0.60303,False,2,0.0,0.2101,1.0,80.0,0.0,0.0,0.0,1.8138873058009573,0.179688181745373,1.5173999999999999,0.03216582036883246,0.2680313798583032,0.14488108248584647,5.225680994315203e-201,0.0,0.05
2651,0.5810699999999999,False,2,0.0,0.1369,1.0,80.0,0.0,0.0,0.0,1.6867922862158689,0.14221413968899116,1.5572555555555563,0.07938785941327918,0.17091572805638028,0.12073464772961578,0.01960000000000056,0.058800000000001684,0.05
2652,0.47400999999999993,False,2,0.0,0.24369999999999997,0.741,58.9,0.0,0.0,0.0,2.169025082409534,0.5428155845959934,2.592776173477012,1.312728102560173,0.598001167489296,0.5064372831430989,0.629798638722574,0.8062333397876955,0.05
2653,0.53869,False,2,0.0,0.1618,0.9295,80.25,0.0,0.0,0.0,1.887959770097524,0.5188357048667832,1.9520026190140978,1.2571974136753352,0.3190995371018443,0.4012394836925824,0.2091155232333537,0.6273465697000611,0.05
2654,0.59503,False,2,0.0,0.2294,0.9353,64.25,0.0,0.0,0.0,1.861902577170905,0.3022281299510089,1.8691322770708436,1.061062158499547,0.3339353919501125,0.28874989945722535,0.19775975338626997,0.5932792601588098,0.05
2655,0.53982,False,2,0.0,0.15059999999999998,0.9352,80.0,0.0,0.0,0.0,1.799082956454944,0.30180032653317623,1.6396111111523903,0.3469507571157389,0.2723541372566189,0.3098974628380766,0.07980000000444068,0.2394000000133221,0.05
2656,0.5107899999999999,False,2,0.0,0.13119999999999998,0.9319,90.45,0.0,0.0,0.0,1.8741623099141713,0.6071383693193337,1.9335422672272369,1.1411022840080705,0.2818153317848908,0.423227081769993,0.1900198671765433,0.5568539843818985,0.05
2657,0.5634399999999999,False,2,0.0,0.2815,0.8716999999999999,65.6,0.0,0.0,0.0,2.0414181880544113,0.4070324566364493,2.0772288245827206,1.0373010013688584,0.5033637685838032,0.3904435325166674,0.43667864948811586,0.8733729876262978,0.05
2658,0.5016699999999998,False,2,0.0,0.1464,0.8825,80.0,0.0,0.0,0.0,1.8529036684412894,0.47917886951844996,1.892689501404759,0.8028819091433967,0.30352446251127696,0.40755260791885883,0.30183336791921006,0.6541665740759997,0.05
2659,0.5180899999999999,False,2,0.0,0.14579999999999999,0.9244999999999999,86.4,0.0,0.0,0.0,1.9493307167922906,0.6213122838556779,2.036881821362754,1.1899313385315349,0.3335565911919339,0.41067514671320166,0.28651103917288917,0.6422453352794919,0.05
2660,0.5039899999999999,False,2,0.0,0.09480000000000001,0.9365,90.0,0.0,0.0,0.0,1.7096212211747992,0.31230281227149714,1.7888122376962066,0.7288280203699197,0.18735086167990853,0.297543950624744,0.17803835622163122,0.527482106166681,0.05
2661,0.5526200000000001,False,2,0.0,0.1958,0.9364000000000001,80.8,0.0,0.0,0.0,1.8632327405503257,0.28406158841629764,1.6667741476618434,0.3501263924042361,0.32090388512829293,0.3006368821085064,0.08351396596627102,0.24329699566624913,0.05
2662,0.49275999999999986,False,2,0.0,0.1119,0.9337,97.2,0.0,0.0,0.0,1.7417447022407415,0.2751964229928938,1.7720430141248797,0.755442431797492,0.21449788287659696,0.2915102186637481,0.2171096568119356,0.6513289704358068,0.05
2663,0.5115699999999999,False,2,0.0,0.21739999999999998,0.8045,58.4,0.0,0.0,0.0,2.0595962963078494,0.5148753323471045,2.2494061460038606,1.2394365221894115,0.4966096389503655,0.44934880944537603,0.5098341233287397,0.8510385933059248,0.05
2664,0.58529,False,2,0.0,0.19390000000000002,0.9736,77.2,0.0,0.0,0.0,1.803932550401452,0.14362117350607964,1.6359111111111126,0.3390315685071921,0.26034352234265346,0.10829010372323618,0.07980000000000084,0.2394000000000025,0.05
2665,0.6088399999999999,False,2,0.0,0.1528,1.0,68.5,0.0,0.0,0.0,1.7614623897816046,0.16789082493406385,1.5370000193172055,0.06553776446088438,0.21039031500741306,0.13202886048517368,4.608862115377124e-219,0.0,0.05
2666,0.53599,False,2,0.0,0.0533,1.0,90.0,0.0,0.0,0.0,1.5945104527873366,0.03372669471230547,1.5302,0.06591175919363708,0.0715776378948513,0.04391871620100051,5.720889242045113e-248,0.0,0.05
2667,0.5718799999999999,False,2,0.0,0.1824,0.9388,70.0,0.0,0.0,0.0,1.9348247760788655,0.5472335925423563,1.64688684590099,0.33736500342974973,0.34388268972178687,0.39711045421051616,0.0799220123706575,0.2397660371119725,0.05
2668,0.5166999999999999,False,2,0.0,0.21069999999999997,0.8007,53.5,0.0,0.0,0.0,2.046129411269025,0.4815713244656454,2.4234625185168253,1.258563363150695,0.5146449099153412,0.47056094390476216,0.6044017200437564,0.8410249523719565,0.05
2669,0.54608,False,2,0.0,0.1873,0.9307000000000001,80.8,0.0,0.0,0.0,1.8462404294973371,0.32517128915943244,1.7568973083623494,0.6641621009743268,0.3073297369532221,0.28954215374518216,0.17100404828132487,0.48756705100481035,0.05
2670,0.58514,False,2,0.0,0.18180000000000002,1.0,84.7,0.0,0.0,0.0,1.7785722656837344,0.20255598593967297,1.5129585117135407,0.019867331593164037,0.23158615392365212,0.15539130562076237,2.0886385557242698e-200,0.0,0.05
2671,0.51142,False,2,0.0,0.18109999999999998,0.8657,74.45,0.0,0.0,0.0,1.9356645442727107,0.421757249767062,1.9236815464569925,0.8496443963879367,0.39096721616486463,0.3981562079715554,0.19870524681398966,0.4040087798324996,0.05
2672,0.5619099999999999,False,2,0.0,0.1648,0.9320999999999999,70.0,0.0,0.0,0.0,1.793601380389985,0.31538668407652215,1.787668179510749,0.6876365458966797,0.27420756895310106,0.3179215429622294,0.16710983880220165,0.48037529563227693,0.05
2673,0.5341499999999999,False,2,0.0,0.1085,1.0,99.2,0.0,0.0,0.0,1.6561843152814881,0.11099163222038173,1.5382,0.03369213558087405,0.13151422045082944,0.10193602115022338,5.940916748653814e-214,0.0,0.05
2674,0.59836,False,2,0.0,0.17920000000000003,1.0,77.7,0.0,0.0,0.0,1.8150385823095392,0.16097520852729028,1.533600000003845,0.04654288345835798,0.2495164319289494,0.12725792670206465,9.733588680984921e-210,0.0,0.05
2675,0.4861899999999998,False,2,0.0,0.186,0.8036999999999999,66.1,0.0,0.0,0.0,1.986817498955073,0.46833255851064187,2.1231536879392663,0.8162303424203705,0.44757753652220195,0.4270199418664494,0.39669001181259883,0.5481751814352182,0.05
2676,0.6127099999999999,False,2,0.0,0.18070000000000003,1.0,70.75,0.0,0.0,0.0,1.7521823827457426,0.12381960482544568,1.587128569841387,0.0960931863970924,0.23482468709105145,0.10142991829516837,0.01890000000000053,0.05670000000000158,0.05
2677,0.4458399999999999,False,2,0.0,0.1629,0.7990999999999999,81.2,0.0,0.0,0.0,2.068895782196434,0.685308111494829,2.591489820987836,1.7576992283855977,0.4791747036111359,0.5606880017813707,0.46435854992969733,0.7523867561873008,0.05
2678,0.5543699999999999,False,2,0.0,0.19980000000000003,0.9349000000000001,80.0,0.0,0.0,0.0,1.8819005675927223,0.2970727803862707,1.7763270048834159,0.7676074570862054,0.32952259408256684,0.2952110494160431,0.22046033535463794,0.6613810060639138,0.05
2679,0.5877899999999999,False,2,0.0,0.19329999999999997,1.0,85.1,0.0,0.0,0.0,1.8256959596664732,0.17837185583174484,1.5156835069444488,0.023142265957578307,0.26572694770917077,0.135163846602606,0.001500000000000668,0.003008321791299584,0.05
2680,0.57063,False,2,0.0,0.19010000000000002,1.0,93.2,0.0,0.0,0.0,1.7671465928693024,0.15950768541415017,1.5321000792503425,0.03731345105618366,0.23333061194852633,0.14471302115694595,1.6331248748976635e-202,0.0,0.05
2681,0.5739599999999999,False,2,0.0,0.18860000000000002,0.9334,68.0,0.0,0.0,0.0,1.8183689434030317,0.26169358405607424,1.8086967622888825,0.7864724943912806,0.2953927382133778,0.2607430957991124,0.11090524291751269,0.3327157287525381,0.05
2682,0.5165799999999998,False,2,0.0,0.1338,0.9332,88.4,0.0,0.0,0.0,1.785565821732984,0.3202838556803282,1.8574883259055066,0.9535624680366929,0.26169289862688627,0.3301969065459988,0.19422924769928948,0.5826877430978684,0.05
2683,0.5549399999999999,False,2,0.0,0.13269999999999998,0.9359,70.0,0.0,0.0,0.0,1.7649864347393733,0.3058625626275592,1.6239556969152655,0.3425349896416796,0.2320423059377835,0.27004232582776444,0.0799000345572955,0.23970010367188652,0.05
2684,0.50091,False,2,0.0,0.085,0.9362999999999999,90.0,0.0,0.0,0.0,1.6808666012117244,0.2449618613302288,1.6331111111111114,0.3400930264893227,0.17346034100870378,0.2715353608121162,0.07980000000000018,0.23940000000000047,0.05
2685,0.6222799999999999,False,2,0.0,0.1436,1.0,60.4,0.0,0.0,0.0,1.6982055848942843,0.14858440588709929,1.5041,0.012299999999999976,0.18013458370747723,0.1274203732687449,3.4995400400407058e-217,0.0,0.05
2686,0.5902799999999999,False,2,0.0,0.1676,1.0,80.0,0.0,0.0,0.0,1.800038216814793,0.18772757118780667,1.5874555555555576,0.1922809059426467,0.2534996072842652,0.15298582294183846,0.05640000000000134,0.1355309558735596,0.05
2687,0.56277,False,2,0.0,0.1449,1.0,90.35,0.0,0.0,0.0,1.7587984981905804,0.20770978219816036,1.526200000638433,0.02911903283261701,0.21194836262708844,0.16903786293520232,0.009700000000000814,0.019432189789111837,0.05
2688,0.5954099999999999,False,2,0.0,0.1207,1.0,70.4,0.0,0.0,0.0,1.691447321685922,0.16005287302754778,1.5103,0.030899999999999997,0.16788126290020916,0.14328663155153826,1.946717741306556e-209,0.0,0.05
2689,0.52207,False,2,0.0,0.2145,0.8656,74.1,0.0,0.0,0.0,1.9841708105672893,0.5603304430054338,2.214347691584634,1.3999024581657087,0.4328911027448279,0.4588098199169638,0.38050511373649265,0.7536260935736331,0.05
2690,0.5313699999999999,False,2,0.0,0.1669,0.932,85.55,0.0,0.0,0.0,1.8029202303238563,0.2728278399896565,1.7542657294235948,0.7101286662582513,0.28294321908376696,0.29838062852689307,0.17558079266171997,0.52674237798516,0.05
2691,0.51613,False,2,0.0,0.2359,0.8657999999999999,80.35,0.0,0.0,0.0,2.0170181577983453,0.3500337112221554,2.1400056747492466,1.1895706833857438,0.4526637096498187,0.3432492753442029,0.4142782096095113,0.8113812596524164,0.05
2692,0.5611999999999999,False,2,0.0,0.1685,0.9375,72.8,0.0,0.0,0.0,1.7780108825252312,0.21735303825819638,1.6311555555555557,0.34040024807407127,0.2586409268812843,0.23552376224049731,0.07990000000000014,0.23970000000000038,0.05
2693,0.5303500000000001,False,2,0.0,0.1948,0.8663000000000001,67.25,0.0,0.0,0.0,1.8604349466077377,0.32549925393807877,2.0782924895672705,1.086419461330253,0.35801226835922123,0.36464486415749897,0.40249767347673926,0.8171798108743255,0.05
2694,0.4514799999999998,False,2,0.0,0.21439999999999998,0.7928,83.9,0.0,0.0,0.0,2.1963964539969782,0.6809775057779559,2.5666645567524493,1.6572822917144676,0.5871104089145698,0.5597010656794974,0.6331692054847242,0.9692823621843529,0.05
2695,0.58658,False,2,0.0,0.1896,1.0,85.15,0.0,0.0,0.0,1.7329385460644686,0.12040814055631648,1.5,1.4043333874306804e-16,0.2164692017656511,0.11753978262077235,4.082563007057185e-203,0.0,0.05
2696,0.5543199999999999,False,2,0.0,0.18239999999999998,1.0,100.2,0.0,0.0,0.0,1.7571957421245656,0.12706212691799926,1.5218,0.04427821134598821,0.22701419503611403,0.10472756319149099,4.5646461957031504e-222,0.0,0.05
2697,0.5674999999999999,False,2,0.0,0.1653,0.9312999999999999,67.0,0.0,0.0,0.0,1.865044041868686,0.4856325048873022,1.9217198417357966,1.1171136944573896,0.30487452252670105,0.3794128732695418,0.1740198417357958,0.5220595252073874,0.05
2698,0.5243099999999998,False,2,0.0,0.1728,0.8600999999999999,64.8,0.0,0.0,0.0,2.0002034501953756,0.5670514134687112,2.049443024952766,0.9698354614351188,0.42111067368024335,0.4809499889171394,0.33917667285147146,0.5784446865982633,0.05
2699,0.5141,False,2,0.0,0.2384,0.8013999999999999,59.2,0.0,0.0,0.0,1.9978234136867727,0.40341778947838447,2.2781712294081715,1.236825393086341,0.4985671665614901,0.4204127236380577,0.5051699487065623,0.8535302044814039,0.05
2700,0.53431,False,2,0.0,0.15150000000000002,0.8698,60.0,0.0,0.0,0.0,1.9084267259914487,0.5381554013437322,1.8663302806657995,0.8029893642724126,0.35530743142314913,0.4488948031705992,0.29608337736243745,0.6490603696400975,0.05
2701,0.5338099999999999,False,2,0.0,0.135,0.9333,80.0,0.0,0.0,0.0,1.754007955873691,0.33188524829818755,1.7859131246498792,0.7427387647200724,0.2331639970060139,0.32399582012197925,0.2034412150656996,0.6103236451970988,0.05
2702,0.5007999999999999,False,2,0.0,0.2153,0.8083,64.8,0.0,0.0,0.0,2.053745444284501,0.45903459643718625,2.013897955889166,0.8093886041441989,0.468597379862993,0.414350449978195,0.3772547587551166,0.6344118818212521,0.05
2703,0.5361499999999999,False,2,0.0,0.12050000000000001,1.0,100.0,0.0,0.0,0.0,1.6959733831513641,0.1647541721997534,1.514100000000068,0.031133422555377453,0.1579700283514821,0.1297165068637396,7.252531331199754e-218,0.0,0.05
2704,0.54036,False,2,0.0,0.12919999999999998,1.0,99.2,0.0,0.0,0.0,1.7177875041523272,0.1124257725282355,1.5673999999999997,0.07690409611977768,0.18786854100142214,0.09916476317344063,1.3508067873901342e-226,0.0,0.05
2705,0.55301,False,2,0.0,0.20330000000000004,0.9316000000000001,80.05,0.0,0.0,0.0,1.9379314873283637,0.5738228042341939,2.012930579763913,1.462699482093154,0.35398237623504963,0.3845104123380724,0.19999998962417803,0.599999968872534,0.05
2706,0.6073099999999999,False,2,0.0,0.1758,0.9350999999999999,50.0,0.0,0.0,0.0,1.803896646423775,0.3274920608144201,1.8457126954822474,0.8260277366458256,0.28959218024010513,0.31981408822651636,0.26377934575630513,0.6842941518553283,0.05
2707,0.5473799999999999,False,2,0.0,0.1931,0.8684999999999998,59.25,0.0,0.0,0.0,1.9720394960301952,0.5034837348979117,2.1497423695712583,1.181737670354818,0.41288875889599314,0.44797534781561477,0.38933704769976324,0.7835888970545447,0.05
2708,0.56307,False,2,0.0,0.14489999999999997,1.0,90.2,0.0,0.0,0.0,1.7410534068784247,0.17150008115522744,1.64189739583334,0.2507710913826163,0.20505925523511107,0.13845149264384626,0.08650000000000227,0.17960804547681386,0.05
2709,0.5321199999999999,False,2,0.0,0.12610000000000002,0.9347,80.0,0.0,0.0,0.0,1.7742803002714211,0.3632555389704706,1.7679995812613178,0.7478943273546316,0.2209730090112867,0.2871815132805235,0.1781995812612064,0.5345987437836192,0.05
2710,0.6126199999999999,False,2,0.0,0.1937,0.9353,50.1,0.0,0.0,0.0,1.8919825842032894,0.3724056312801673,1.8210925380155345,0.9090574534914214,0.3439853966146283,0.3351071249002462,0.20407222545268566,0.5825367441023956,0.05
2711,0.49475999999999987,False,2,0.0,0.2252,0.868,90.2,0.0,0.0,0.0,2.0143466018674934,0.47650960299989437,2.0466505153396026,1.0197993851454985,0.44099633668254523,0.40262654147089005,0.39655051533575747,0.7986212378767904,0.05
2712,0.5074799999999999,False,2,0.0,0.11810000000000001,0.9315,90.0,0.0,0.0,0.0,1.710981922282118,0.22848673340547931,1.8723106165837131,0.9558903078494879,0.2046076016791051,0.26057280888823897,0.16300382990575324,0.4719328752749634,0.05
2713,0.58993,False,2,0.0,0.1641,1.0,79.65,0.0,0.0,0.0,1.7621730245196185,0.17255758269171548,1.5178000364515518,0.031435107644909525,0.2108012025731017,0.13486990460905735,1.1555339804775347e-206,0.0,0.05
2714,0.55598,False,2,0.0,0.16999999999999998,0.9404,76.65,0.0,0.0,0.0,1.8810156892421332,0.4177961863172523,1.9858598879438645,1.2574379378818052,0.3231502757868532,0.36986101759758994,0.21383766572003812,0.5956860149951989,0.05
2715,0.50763,False,2,0.0,0.1137,0.9336,90.0,0.0,0.0,0.0,1.7283699154935868,0.30823146805687696,1.7144855483058095,0.6197202069743709,0.2088988656560428,0.31065712927256023,0.15992394247949357,0.4797718274384807,0.05
2716,0.5367299999999998,False,2,0.0,0.14379999999999998,0.9337,80.0,0.0,0.0,0.0,1.7868040549437254,0.33571336501014537,1.8169356916802717,0.815450200787046,0.2537995843473004,0.32471159160392066,0.18073005026145525,0.536547423718242,0.05
2717,0.5954999999999999,False,2,0.0,0.137,1.0,72.8,0.0,0.0,0.0,1.7136939763184416,0.13624906453368105,1.5051999999999999,0.01237578280352397,0.1839551690875215,0.11960607397489366,1.856534706716074e-215,0.0,0.05
2718,0.55314,False,2,0.0,0.1558,1.0,96.8,0.0,0.0,0.0,1.7246969064360655,0.1657119834905044,1.5176000007248422,0.04218815209796962,0.20226271090768355,0.1370579965095698,1.2458954072373102e-207,0.0,0.05
2719,0.49698,False,2,0.0,0.15120000000000003,0.9246000000000001,97.8,0.0,0.0,0.0,1.9571109956473187,0.7022756935304093,1.8683154441138619,0.9754325176582783,0.3345647904918968,0.46568562073317116,0.2150821107805279,0.6452463323415838,0.05
2720,0.4867,False,2,0.0,0.17969999999999997,0.8807,91.85,0.0,0.0,0.0,1.9661067902213862,0.4993877673397604,1.8935748678728896,0.7719636144208188,0.3844785203777751,0.3759647486306044,0.2416722001258314,0.5170116434105821,0.05
2721,0.5367199999999999,False,2,0.0,0.17739999999999997,0.9349999999999999,85.5,0.0,0.0,0.0,1.827482372207887,0.3199016929147652,1.872345828608386,0.9546066466264806,0.29340002886907207,0.28843819275138977,0.22267114124642912,0.6680134237392872,0.05
2722,0.49202999999999997,False,2,0.0,0.16829999999999998,0.8642,81.7,0.0,0.0,0.0,2.0193624655696043,0.5785726566101862,2.2682800280694173,1.4709017875721144,0.41806442397333043,0.47386656970844854,0.31041576731230336,0.6515508682608451,0.05
2723,0.5713699999999999,False,2,0.0,0.18840000000000004,0.9355,70.0,0.0,0.0,0.0,1.8511858853570076,0.293205979918662,1.7696181099193187,0.7846445582045234,0.3066406472967039,0.26699918991481597,0.127,0.381,0.05
2724,0.5188299999999999,False,2,0.0,0.1467,0.9366,90.4,0.0,0.0,0.0,1.7954897460890435,0.3217904143443774,1.8291755793462539,0.8322628245459528,0.27376614571221947,0.329539305866403,0.2317755793462501,0.6953267380387504,0.05
2725,0.53214,False,2,0.0,0.144,0.9272,80.05,0.0,0.0,0.0,1.9188853080468866,0.7121798775166983,1.7286115929504433,0.5828412966073984,0.31713987338917005,0.45627844122733435,0.10629997446056949,0.31327426003615283,0.05
2726,0.5231999999999999,False,2,0.0,0.1962,0.8661999999999999,71.0,0.0,0.0,0.0,1.9150633307582403,0.43577640663443795,2.2003141009271037,1.3275585893262065,0.37479615148693923,0.4023768260347198,0.3864807675895767,0.7800429828017785,0.05
2727,0.56314,False,2,0.0,0.1548,1.0,91.65,0.0,0.0,0.0,1.7824206132780038,0.2312237395353725,1.5981563022299388,0.21644844660170293,0.22366236565678546,0.16758672460484067,0.05820000000000192,0.1532800052192102,0.05
2728,0.5513799999999999,False,2,0.0,0.1917,0.9340999999999999,80.0,0.0,0.0,0.0,1.7963497812802038,0.2795314785273696,1.844530719965229,0.9656518504990071,0.28612740374332224,0.2874434631374399,0.17918690079687027,0.5375607023906108,0.05
2729,0.5227799999999999,False,2,0.0,0.19770000000000001,0.8651,71.05,0.0,0.0,0.0,1.9824212622933666,0.3981039916677088,2.0170278029264237,1.0144996116373481,0.41589069432767706,0.3739957340557199,0.34969398981092253,0.6957366586291389,0.05
2730,0.57132,False,2,0.0,0.1944,1.0,93.5,0.0,0.0,0.0,1.7637643899537323,0.16758628089582628,1.561000000000001,0.11663961591157898,0.23326896899663954,0.1428608446275964,0.02780000000000068,0.08340000000000206,0.05
2731,0.4917600000000001,False,2,0.0,0.1596,0.8634000000000001,80.25,0.0,0.0,0.0,1.8697940747276263,0.41346977280937336,1.931697848939585,0.8666300233583643,0.3387834808500779,0.3922065160603254,0.30324361590225957,0.6830383312073005,0.05
2732,0.5628199999999999,False,2,0.0,0.1654,1.0,93.4,0.0,0.0,0.0,1.756450970266566,0.14020069469597898,1.5058,0.012781236246936337,0.21384809163405955,0.10561460923252547,2.2662863699687186e-219,0.0,0.05
2733,0.56085,False,2,0.0,0.1385,1.0,90.35,0.0,0.0,0.0,1.7124536308317986,0.12167292244754818,1.5298000000077971,0.05590849666674602,0.1739945824498813,0.10984101809646732,0.013400000000000476,0.04020000000000143,0.05
2734,0.47646,False,2,0.0,0.18020000000000003,0.833,80.35,0.0,0.0,0.0,2.043938403963206,0.6923289654964805,2.22612391153536,1.1509287460072957,0.4375970870698197,0.4745978662105367,0.4793056969436112,0.7696418189433029,0.05
2735,0.57404,False,2,0.0,0.11879999999999999,1.0,80.8,0.0,0.0,0.0,1.6862265640324519,0.0995352533239353,1.526200011528863,0.03990190097804056,0.15913124145830232,0.09182344383146455,9.25333676255634e-243,0.0,0.05
2736,0.50125,False,2,0.0,0.15789999999999998,0.8724000000000001,78.4,0.0,0.0,0.0,1.877949859844291,0.4342658109736815,2.212922337369457,1.1781212912840116,0.34362240777278374,0.41174990659731403,0.484511226255614,0.8613152703050521,0.05
2737,0.5335099999999999,False,2,0.0,0.1496,0.9019,71.35,0.0,0.0,0.0,1.8935157981446697,0.4724353176528652,1.973652908692619,1.0321878773190392,0.32747937311674924,0.3800202474010707,0.2797369701917106,0.6206251267894087,0.05
2738,0.5241800000000001,False,2,0.0,0.1513,0.9377000000000001,88.8,0.0,0.0,0.0,1.776535076317184,0.2671913275572718,1.6440950348642143,0.33715062955819386,0.24807655075175786,0.24546558674656474,0.07960000000000023,0.23880000000000068,0.05
2739,0.5364399999999999,False,2,0.0,0.1342,0.9374,80.0,0.0,0.0,0.0,1.7272399296400736,0.26428116787545297,1.7405523165685914,0.6621216009622503,0.22012579401663285,0.2883856781410449,0.16682020850125184,0.5004606255037556,0.05
2740,0.5437,False,2,0.0,0.21609999999999996,0.8681000000000001,64.4,0.0,0.0,0.0,1.9114791303812209,0.3207664084400528,1.89156072781336,0.7328492892830375,0.39391389211686145,0.3477929000774541,0.2641719208595523,0.5682792027554291,0.05
2741,0.5371499999999999,False,2,0.0,0.1424,0.9349000000000001,80.0,0.0,0.0,0.0,1.7961285909601579,0.2993749053053324,1.7506612602326086,0.6663568719842825,0.2595473726725773,0.30451372652936826,0.18912792689927432,0.5393269427464928,0.05
2742,0.55646,False,2,0.0,0.1232,1.0,90.25,0.0,0.0,0.0,1.6846233204516579,0.14110992353017845,1.522213563781315,0.030931133689298593,0.16240391641005586,0.1299980810533882,0.0026000000000003212,0.007800000000000964,0.05
2743,0.5487599999999999,False,2,0.0,0.13989999999999997,0.9327,73.05,0.0,0.0,0.0,1.8256944658692347,0.4595628056878216,1.7966240981308883,0.8167325368058924,0.2831317418580842,0.3985046608642491,0.1840790460475541,0.5442841744288673,0.05
2744,0.5422899999999999,False,2,0.0,0.22199999999999998,0.8687000000000001,66.2,0.0,0.0,0.0,1.948495301252247,0.3615289907276555,2.166875829722314,1.2510633339307358,0.4207065233252781,0.36790985509613483,0.3395873530802938,0.6496326204244712,0.05
2745,0.573,False,2,0.0,0.11000000000000001,1.0,80.0,0.0,0.0,0.0,1.6742623783042994,0.1310372614581421,1.5452279515583287,0.06877495490769303,0.15394646306459375,0.113058908392504,2.6382945457752653e-229,0.0,0.05
2746,0.4971399999999999,False,2,0.0,0.2828,0.665,26.6,0.0,0.0,0.0,2.316004041782582,0.5539301072811845,2.9044909044213756,1.3954427746463174,0.7533842860146907,0.5034783131712175,0.9723089576951877,0.9772581807292062,0.05
2747,0.5863,False,2,0.0,0.22150000000000003,0.9335000000000001,66.8,0.0,0.0,0.0,1.9127466511464444,0.37810919708642593,1.745529358759066,0.6591066201908925,0.3650982355236908,0.3208125164854309,0.18272935875906537,0.5481880762771961,0.05
2748,0.56616,False,2,0.0,0.1498,0.9326000000000001,65.8,0.0,0.0,0.0,1.844516477011504,0.5101745162670255,1.893754323836936,1.0233644890466154,0.2879178378740975,0.39455491560067835,0.2310804020783833,0.6747811237650213,0.05
2749,0.52638,False,2,0.0,0.1232,0.9336,82.05,0.0,0.0,0.0,1.7468469699020424,0.2893144058763306,1.7584523578513829,0.7003928702322092,0.2242819660188402,0.2855183017166838,0.17816033120710334,0.53448099362131,0.05
2750,0.54332,False,2,0.0,0.18049999999999997,0.9311,81.3,0.0,0.0,0.0,1.8049243232022707,0.28545219399031146,1.8091070644025309,0.7956912780610399,0.2949967488610415,0.28743235093798003,0.19218471857190897,0.5765541557157269,0.05
2751,0.5318299999999999,False,2,0.0,0.12069999999999999,0.9366,80.0,0.0,0.0,0.0,1.7350464279789892,0.25728529306714976,1.6582904303498005,0.34123518546676834,0.22497466422022608,0.28732889183740556,0.0801492132440966,0.24044763973228978,0.05
2752,0.55901,False,2,0.0,0.22490000000000002,0.9192,75.95,0.0,0.0,0.0,1.9077154527032565,0.3305303538776391,1.8909482606528834,0.7655771216736811,0.36116131234076704,0.3026834791776048,0.27648746116256173,0.5974517437425299,0.05
2753,0.57278,False,2,0.0,0.15760000000000002,1.0,87.25,0.0,0.0,0.0,1.7595390728147315,0.1601387698098811,1.5383000856081654,0.07192249214837138,0.21227787468616882,0.12663726191102176,0.017000000000000653,0.051000000000001953,0.05
2754,0.5462999999999999,False,2,0.0,0.1685,0.9344999999999999,79.2,0.0,0.0,0.0,1.8096059333425027,0.3145503747043323,1.624630886699883,0.3340569339047741,0.2839858046955213,0.3128901594588671,0.08240325926270867,0.23866902763532832,0.05
2755,0.5390199999999998,False,2,0.0,0.20589999999999997,0.8614999999999998,62.9,0.0,0.0,0.0,2.0140442511619248,0.5941925883055043,1.9807649269563086,0.9412670312352798,0.4176782437085224,0.436516433816395,0.3339525649025779,0.668605484573209,0.05
2756,0.5925199999999999,False,2,0.0,0.10840000000000001,1.0,70.0,0.0,0.0,0.0,1.6468815077791459,0.08286102333481873,1.5155,0.017895530168173242,0.14038239957222978,0.0989703303457453,2.451044872519106e-225,0.0,0.05
2757,0.5492900000000001,False,2,0.0,0.1173,1.0,92.95,0.0,0.0,0.0,1.698046398417023,0.170065241367921,1.555900000000045,0.05401564588160212,0.1625697975927448,0.1375601344595082,3.1895024204812026e-205,0.0,0.05
2758,0.55341,False,2,0.0,0.1137,1.0,90.35,0.0,0.0,0.0,1.6766118724514754,0.12810113231299883,1.5600000001964687,0.06969935460687501,0.14857749330216974,0.10343322898802632,2.7016107847658493e-226,0.0,0.05
2759,0.57251,False,2,0.0,0.21800000000000003,0.8673,50.0,0.0,0.0,0.0,1.938527252475008,0.36305132768842013,2.0397369855879917,1.050242934178532,0.4298785622880105,0.3933436850737352,0.37314155958110906,0.7352538680880741,0.05
2760,0.52628,False,2,0.0,0.16269999999999998,0.9281,86.1,0.0,0.0,0.0,1.8039885994917906,0.2574603703985853,1.9929638802123573,1.0985231498134298,0.2807975286187557,0.26512697010960745,0.27494687971236764,0.580056810046403,0.05
2761,0.5899899999999999,False,2,0.0,0.2343,1.0,90.15,0.0,0.0,0.0,1.839829330928812,0.18061967161849982,1.5163559262487696,0.03216657634647842,0.28558281741776553,0.1274521091538997,0.0034000000000003324,0.010200000000000998,0.05
2762,0.6423099999999999,False,2,0.0,0.17970000000000003,1.0,55.8,0.0,0.0,0.0,1.7878596523344061,0.1935082379506341,1.5464,0.05633684407206354,0.23940047805109704,0.15618426020043494,5.6126585863762235e-189,0.0,0.05
2763,0.5937299999999999,False,2,0.0,0.19649999999999998,0.9353999999999999,60.0,0.0,0.0,0.0,1.8066797082999155,0.2720043471112434,1.8320312779649683,0.8572658147758233,0.3131595349222037,0.3002710063387561,0.23770905574274598,0.6540983290955866,0.05
2764,0.49995,False,2,0.0,0.10969999999999999,0.9362,94.15,0.0,0.0,0.0,1.745307593466157,0.36950286978313357,1.639389148920484,0.33915212295947283,0.21192148622294765,0.3060514828808141,0.07960000015433892,0.23880000046301678,0.05
2765,0.5430300000000001,False,2,0.0,0.17229999999999998,0.9312000000000001,80.25,0.0,0.0,0.0,1.8288537020590838,0.37399801877872707,1.9527628018151741,1.346036467016733,0.28955595545302315,0.3233731595628323,0.20009134389596897,0.5909996597805102,0.05
2766,0.5483,False,2,0.0,0.127,1.0,94.9,0.0,0.0,0.0,1.715630476599447,0.14004510482394367,1.5277,0.04203105994380819,0.17192209446400294,0.10354958826411814,1.648922412010235e-230,0.0,0.05
2767,0.55648,False,2,0.0,0.1226,1.0,90.15,0.0,0.0,0.0,1.7021158707977624,0.14967147164111647,1.5041,0.012299999999999976,0.162765990836632,0.1253558398955037,8.354636257057966e-215,0.0,0.05
2768,0.54958,False,2,0.0,0.09860000000000001,1.0,90.0,0.0,0.0,0.0,1.6450963260396585,0.10133890087602604,1.5656390625000007,0.09963646725928328,0.12505614201280288,0.09876455083234374,0.0029000000000004036,0.008700000000001212,0.05
2769,0.55814,False,2,0.0,0.16360000000000002,0.9318,71.6,0.0,0.0,0.0,1.8039807029297077,0.3092532301945317,1.729644396771151,0.6443142958330923,0.2704534063331408,0.28966006218648116,0.16913444874837194,0.5074033462451158,0.05
2770,0.57324,False,2,0.0,0.11080000000000001,1.0,80.0,0.0,0.0,0.0,1.6500522045631403,0.08672203804759196,1.535188888888893,0.04659815208544676,0.13627650385109327,0.09411905541142686,0.008200000000000401,0.024600000000001204,0.05
2771,0.5503699999999999,False,2,0.0,0.18180000000000002,0.9369,80.0,0.0,0.0,0.0,1.81188186695304,0.33764694555752045,2.001132639713977,1.366965719247176,0.2872380435387102,0.31512445342881906,0.19999930638062463,0.599997919141874,0.05
2772,0.64333,False,2,0.0,0.14509999999999995,1.0,50.1,0.0,0.0,0.0,1.6942370569310854,0.13166550789643336,1.5352000000000001,0.0396580382772522,0.17905958499712699,0.12711915726762305,6.631541981666898e-207,0.0,0.05
2773,0.56046,False,2,0.0,0.14220000000000002,1.0,91.1,0.0,0.0,0.0,1.6938623867039897,0.1526478903091774,1.5523000000000002,0.07895701362133759,0.1732120574282506,0.12332143103712419,2.9706368377122708e-214,0.0,0.05
2774,0.5464099999999998,False,2,0.0,0.1398,0.9320999999999999,74.0,0.0,0.0,0.0,1.7656239458214624,0.28270381243885984,1.7540257604748413,0.6208199234351932,0.2456478814042217,0.30755993357174,0.18348164963379707,0.5504449489013913,0.05
2775,0.5047499999999998,False,2,0.0,0.10900000000000001,0.9315,90.0,0.0,0.0,0.0,1.7613680953917232,0.3827311175549334,1.8247417490757418,0.8390791923458685,0.23588205193256723,0.356883415155705,0.2254792490757415,0.6711213674913186,0.05
2776,0.4987999999999999,False,2,0.0,0.1834,0.8744,84.15,0.0,0.0,0.0,1.9437113441438636,0.46119308122767666,1.8813183187908469,0.7782223959662468,0.3767498962596311,0.40791606762374993,0.2487937527833731,0.5362237613916253,0.05
2777,0.5279600000000001,False,2,0.0,0.1928,0.8716000000000002,70.0,0.0,0.0,0.0,1.908538123045411,0.4293774247790289,1.9934967225095022,0.8797286203801881,0.3726905872677522,0.39906439636077007,0.34612615386563894,0.6922780108119908,0.05
2778,0.5610399999999999,False,2,0.0,0.196,0.9332,75.5,0.0,0.0,0.0,1.8760087055452797,0.2850801372530704,1.8072021990011211,0.8068512994252375,0.3411737020537736,0.30603805753848373,0.2522688656677875,0.68449394464424,0.05
2779,0.5102499999999999,False,2,0.0,0.14880000000000002,0.8703,71.8,0.0,0.0,0.0,1.8735768731267306,0.40409164286825944,1.9063507321337945,0.6968449353240365,0.33736170450864755,0.38180809335322224,0.29432629931528076,0.5597464584074309,0.05
2780,0.56751,False,2,0.0,0.22329999999999997,0.9336,76.5,0.0,0.0,0.0,1.819245185136071,0.2094677103978523,1.8077010548517436,0.7507193182190175,0.3232425322695589,0.24769871189980466,0.23173438818507663,0.6442609512776012,0.05
2781,0.53399,False,2,0.0,0.1849,0.9315999999999999,86.8,0.0,0.0,0.0,1.8622062921140874,0.27285032708825674,1.7369666670100359,0.45664257655760676,0.3132070941745403,0.2737831110372088,0.15970000001967516,0.3194000783110695,0.05
2782,0.52063,False,2,0.0,0.1341,0.93,85.3,0.0,0.0,0.0,1.7907047674674583,0.31110355357607106,1.8824085021595256,0.7865508475762856,0.26330110078240443,0.3174557084275999,0.26434183549285845,0.6157613424303471,0.05
2783,0.5597099999999998,False,2,0.0,0.16290000000000002,0.9311999999999999,70.5,0.0,0.0,0.0,1.813545803814915,0.3454717892540517,1.768590588673839,0.6654809678312715,0.28416426799973304,0.31236907580509576,0.19206261228414906,0.5593855887343863,0.05
2784,0.5181200000000001,False,2,0.0,0.12789999999999999,0.9425000000000001,90.0,0.0,0.0,0.0,1.7637239827883697,0.32293040509756105,1.7563187742525828,0.7176847279567206,0.22870406644492544,0.28889730586095685,0.18921877425258254,0.5676563227577477,0.05
2785,0.5739899999999999,False,2,0.0,0.1133,1.0,80.0,0.0,0.0,0.0,1.6701917128587305,0.12009658303554899,1.5527000000006204,0.07012139473930384,0.152615572022215,0.11338588455384116,2.3642974456568013e-219,0.0,0.05
2786,0.55751,False,2,0.0,0.14020000000000002,0.9405000000000001,71.45,0.0,0.0,0.0,1.8124351033961736,0.3707476464847357,1.6555111324655534,0.3361721616184052,0.26570774978872713,0.3381763919731567,0.0798000000000004,0.23940000000000114,0.05
2787,0.50671,False,2,0.0,0.1617,0.866,74.0,0.0,0.0,0.0,1.8644599737719474,0.3739211059747429,2.0424633098803344,1.0379026768515685,0.33431537046354604,0.37795054822027013,0.3558077764292559,0.7192380172264666,0.05
2788,0.62544,False,2,0.0,0.1718,1.0,63.05,0.0,0.0,0.0,1.767769590900809,0.16941110289849037,1.5405000000000482,0.0503035784016581,0.23546507156208069,0.13024995985410232,1.0702193948212219e-197,0.0,0.05
2789,0.4842700000000001,False,2,0.0,0.2272,0.7373000000000001,50.0,0.0,0.0,0.0,2.1272795438700265,0.554082451283982,2.2641733148889154,0.9840660748954815,0.5759170807193311,0.49278073754430085,0.5582002337790947,0.7802901119614949,0.05
2790,0.47851999999999995,False,2,0.0,0.23879999999999998,0.8093999999999999,79.85,0.0,0.0,0.0,2.045883585484973,0.45790441524055586,2.211600656898098,1.1051829924577223,0.5005569544750771,0.4302661052628814,0.37082921194608776,0.6175866510403957,0.05
2791,0.5218100000000001,False,2,0.0,0.23049999999999998,0.8718,78.8,0.0,0.0,0.0,1.9424341521106556,0.3575572116330849,2.077768066934028,0.9465143156909765,0.41263352430243805,0.3540330205943453,0.41055800952316374,0.7069203893073226,0.05
2792,0.56626,False,2,0.0,0.1202,1.0,84.9,0.0,0.0,0.0,1.7277769690465976,0.1713891300157721,1.5572555555555563,0.10333875792213412,0.18401914973555403,0.14420771450085018,0.02500000000000064,0.07500000000000191,0.05
2793,0.56656,False,2,0.0,0.1552,1.0,90.0,0.0,0.0,0.0,1.7297054576576367,0.13492291726598313,1.576883937316479,0.06998858552781963,0.20097185578178972,0.11364958747016643,0.006000000000000569,0.01800000000000171,0.05
2794,0.5323599999999999,False,2,0.0,0.1248,0.9356,80.0,0.0,0.0,0.0,1.7300014520774076,0.2779989436710056,1.8577012963322033,1.0102483281177634,0.21601823284630672,0.2896518051423595,0.1755124483023097,0.5042783780934129,0.05
2795,0.572,False,2,0.0,0.189,1.0,92.35,0.0,0.0,0.0,1.7903906703987853,0.1434624631662274,1.5255000090829913,0.03925113091954982,0.23989981596123142,0.1143007418265121,1.5838541942894427e-214,0.0,0.05
2796,0.57861,False,2,0.0,0.1957,1.0,90.05,0.0,0.0,0.0,1.8102287732245326,0.21473523474693618,1.5154999999999998,0.035903342462784676,0.2566871984647614,0.15220225762190515,6.849404132787534e-196,0.0,0.05
2797,0.54665,False,2,0.0,0.1558,0.9343,77.05,0.0,0.0,0.0,1.8070940767858734,0.4031884464336473,1.7716749849341302,0.7809740585220097,0.2793336830974945,0.3634639793785098,0.19805358402521933,0.594160752075658,0.05
2798,0.5145799999999999,False,2,0.0,0.1983,0.8786999999999999,80.0,0.0,0.0,0.0,1.8907823180742178,0.3887434371609777,1.867342543689856,0.7813969657689781,0.37404446335808683,0.3784388570307633,0.308381932318599,0.7011946301660951,0.05
2799,0.52508,False,2,0.0,0.17419999999999997,0.9336,90.35,0.0,0.0,0.0,1.799637113317445,0.28104903284144334,1.634849444812799,0.3452817826399722,0.2872110445921913,0.29747537475414476,0.07960024907478344,0.23880074722435032,0.05
2800,0.5119199999999999,False,2,0.0,0.17930000000000001,0.8629,72.95,0.0,0.0,0.0,1.9614385067102105,0.5896862179634714,2.157959470945489,1.2453545972534388,0.3858256494174645,0.4617353185171805,0.3708887130464388,0.7419372008268528,0.05
2801,0.5519499999999999,False,2,0.0,0.2048,0.9292999999999999,80.0,0.0,0.0,0.0,1.887714759684051,0.3195493909152075,1.7164996862317317,0.649499058695195,0.3449567079311419,0.3142495436223799,0.18633301956506498,0.558999058695195,0.05
2802,0.57035,False,2,0.0,0.12250000000000001,1.0,83.2,0.0,0.0,0.0,1.7116361696603355,0.15482893063323586,1.5375000075658174,0.04802158342726472,0.16535152310525686,0.11996877731381557,0.014200000000000884,0.03200562450570367,0.05
2803,0.54528,False,2,0.0,0.18,0.9324,80.7,0.0,0.0,0.0,1.8236054626255611,0.37034782354711476,1.9665202446143628,1.3665526696006012,0.2978213821785284,0.3339976025310515,0.19999927294431166,0.599997818832935,0.05
2804,0.60195,False,2,0.0,0.1405,1.0,70.1,0.0,0.0,0.0,1.7019453391874624,0.1426423601280194,1.5564777783075985,0.11365536006274292,0.17585859121846492,0.12144870516492857,0.03170000000000111,0.08093707432320725,0.05
2805,0.6059899999999999,False,2,0.0,0.15330000000000002,1.0,70.0,0.0,0.0,0.0,1.7147725164663157,0.115919556306435,1.5362000081327225,0.04260001065272688,0.20139462499305635,0.11098201060655014,7.25208872425607e-218,0.0,0.05
2806,0.47948999999999997,False,2,0.0,0.15960000000000002,0.8783,91.6,0.0,0.0,0.0,1.9237909012148535,0.5583480575158118,2.2591896885804252,1.5581131014539562,0.35670015700099456,0.46860441761817545,0.3759072052824612,0.7537419377681914,0.05
2807,0.54484,False,2,0.0,0.16130000000000003,0.9355,79.2,0.0,0.0,0.0,1.8257311181569211,0.34301919738698305,1.7509262505449121,0.41665750081763625,0.29385879113829755,0.3261116950936762,0.14880075026759693,0.2986163686957715,0.05
2808,0.49702,False,2,0.0,0.1867,0.8743000000000001,85.5,0.0,0.0,0.0,1.9740549272045933,0.5465812559744054,2.054030254448274,1.0570617684720205,0.3998837831696792,0.4516849421433624,0.3658933675539792,0.7375291740384354,0.05
2809,0.5561999999999999,False,2,0.0,0.128,1.0,91.1,0.0,0.0,0.0,1.7347986347444508,0.19896772246222394,1.5184222222222228,0.05526666666666868,0.1780988244387541,0.1442350512392415,0.01300000000000047,0.03900000000000141,0.05
2810,0.57762,False,2,0.0,0.2277,0.9353,72.7,0.0,0.0,0.0,1.880489678939091,0.3463684946386037,1.792477152604451,0.7823779751654494,0.3479859568654063,0.29650284528904025,0.22832576371553878,0.6404913973883609,0.05
2811,0.52564,False,2,0.0,0.2286,0.8088000000000001,54.55,0.0,0.0,0.0,2.1125511751882877,0.534710315449069,2.0120217207726396,0.7869614291504521,0.5442696978101086,0.4779672862958782,0.3638665043631554,0.624586225254772,0.05
2812,0.5483299999999999,False,2,0.0,0.1743,0.9372,80.0,0.0,0.0,0.0,1.8384856729094312,0.4688207331984784,1.7083999997009882,0.49861767892114633,0.2887728508764902,0.3499628384186552,0.10999999987185582,0.275281673549849,0.05
2813,0.5669499999999998,False,2,0.0,0.13249999999999998,1.0,86.4,0.0,0.0,0.0,1.7691973093557851,0.23041221302465556,1.5269111873096897,0.03337175051438671,0.2063829214476532,0.16656211440318713,0.003300000000000452,0.009900000000001356,0.05
2814,0.4715399999999999,False,2,0.0,0.20860000000000004,0.7908,72.3,0.0,0.0,0.0,2.1569551960085795,0.6894419793656447,2.6008849423486593,1.7346688390829128,0.5297695143701608,0.531324984132374,0.47744395352700264,0.7641158876684282,0.05
2815,0.5861,False,2,0.0,0.15500000000000003,1.0,80.2,0.0,0.0,0.0,1.7345907545122503,0.15930697409241426,1.623144444444446,0.23207788204250548,0.20539839644463412,0.13838001243493642,0.054000000000000915,0.16200000000000275,0.05
2816,0.5711999999999999,False,2,0.0,0.136,1.0,84.8,0.0,0.0,0.0,1.701256203135546,0.15766008742027088,1.5230000000000086,0.05668509504272518,0.17582222271209832,0.1469532932485202,2.842170943040401e-16,8.526512829121203e-16,0.05
2817,0.6110800000000001,False,2,0.0,0.1981,0.9335000000000001,50.9,0.0,0.0,0.0,1.8386854246135804,0.31605838838782524,1.8232391878036929,0.8189159205102344,0.31775281120670046,0.30448225008657737,0.24396677839784758,0.7044247407937727,0.05
2818,0.53772,False,2,0.0,0.2105,0.9330999999999999,89.3,0.0,0.0,0.0,1.8759616199756088,0.33821627457951037,2.022532572628839,1.2776185447457462,0.341280651121272,0.30699063869068155,0.238382885266881,0.5982062721240051,0.05
2819,0.5977,False,2,0.0,0.17400000000000002,1.0,77.25,0.0,0.0,0.0,1.7724934296368737,0.17800630623384725,1.527522222245586,0.04612000054634164,0.23004911025289448,0.1504380068143728,3.677245835949737e-187,0.0,0.05
2820,0.56868,False,2,0.0,0.09360000000000002,1.0,79.7,0.0,0.0,0.0,1.6703925323395894,0.13934048115635336,1.5264,0.03123203483604615,0.13764694406981579,0.11620655391411042,5.423824365955251e-225,0.0,0.05
2821,0.54699,False,2,0.0,0.1779,0.9346,80.3,0.0,0.0,0.0,1.8389237086267958,0.3432690004143774,1.751954142115057,0.6892191421178729,0.30434417713455403,0.3242142254898305,0.17814207409358943,0.5344262222807683,0.05
2822,0.4951799999999999,False,2,0.0,0.162,0.8734,82.4,0.0,0.0,0.0,1.9054096286987459,0.5183499709448087,2.1151442614540703,1.1093019403679312,0.3545153571087704,0.4427175781373203,0.4468979718062046,0.8509422170620732,0.05
2823,0.55694,False,2,0.0,0.20919999999999997,0.9334,79.6,0.0,0.0,0.0,1.9025238941212723,0.2803057277493417,1.7551274852043712,0.7004075700963637,0.3440018448388641,0.26957248527079875,0.17836741304424925,0.5351022391327478,0.05
2824,0.52105,False,2,0.0,0.2061,0.8686,74.4,0.0,0.0,0.0,1.9770983647725267,0.5060170506294678,1.8523085323191602,0.6914431560084121,0.4148157348197657,0.4265836302733786,0.2623384920699371,0.5446445821757577,0.05
2825,0.53548,False,2,0.0,0.1196,1.0,100.2,0.0,0.0,0.0,1.7250122457996917,0.20026831936522452,1.5314638021575087,0.03946035733045986,0.17850663638949346,0.15015334887760598,0.004400000000000531,0.013200000000001594,0.05
2826,0.59756,False,2,0.0,0.1972,1.0,80.8,0.0,0.0,0.0,1.7799694421259062,0.1839443084974973,1.5569041704707676,0.07781098611261253,0.24243257455988304,0.1447389150449872,2.1414836553186052e-197,0.0,0.05
2827,0.49451,False,2,0.0,0.16499999999999998,0.8643000000000001,80.0,0.0,0.0,0.0,1.8734820089521587,0.40574587530572714,2.1047352497873044,1.0701144694370617,0.33602471376197274,0.36915334563266483,0.4132796684532238,0.8242348118489284,0.05
2828,0.5109699999999999,False,2,0.0,0.1749,0.868,74.55,0.0,0.0,0.0,1.9629800183230857,0.5663098997776664,2.2988718802436847,1.5433894003785256,0.39591836900321103,0.4859087278363092,0.29897068530981674,0.6391473063059533,0.05
2829,0.5618899999999999,False,2,0.0,0.21259999999999998,0.9343,77.95,0.0,0.0,0.0,1.8619295041054496,0.2890097162065885,1.740074700292323,0.6235218929328279,0.3345425009467553,0.29135159758867224,0.18344626920606047,0.48851311716454887,0.05
2830,0.5592,False,2,0.0,0.14340000000000003,0.9374,70.0,0.0,0.0,0.0,1.773288074302671,0.31497967505858687,1.7953567873642353,0.8200758267675419,0.2502300069438916,0.30333792389171976,0.20596789794552733,0.602726412434284,0.05
2831,0.49576,False,2,0.0,0.1746,0.8704000000000001,82.95,0.0,0.0,0.0,1.8695931758639426,0.3688787221378947,2.1724778832657288,1.4816176869705486,0.3488163774466583,0.3934986026330513,0.3536707675370123,0.7147824794791856,0.05
2832,0.5365699999999999,False,2,0.0,0.19690000000000002,0.869,65.4,0.0,0.0,0.0,1.9097395145028586,0.3819752389626729,2.086746541652344,1.1532363988155876,0.39279551852615596,0.3912248324984456,0.4081975833190107,0.8172272027527248,0.05
2833,0.5151199999999999,False,2,0.0,0.1247,0.9403,90.25,0.0,0.0,0.0,1.760887470094055,0.2576682716474933,1.6339555555558767,0.3401523449539821,0.22199123057022105,0.24080819515460639,0.07990000000000036,0.23970000000000108,0.05
2834,0.5668399999999999,False,2,0.0,0.1656,0.9328,67.9,0.0,0.0,0.0,1.835913794805305,0.36331855450582395,1.8459311186372518,1.0195765917892017,0.30509504956551053,0.356265845880685,0.20468729946889277,0.6140618984066784,0.05
2835,0.5657000000000001,False,2,0.0,0.18660000000000002,0.9306000000000001,70.85,0.0,0.0,0.0,1.8449550822923366,0.2850248339604224,1.8065116163111377,0.8324491957587953,0.31378181048325937,0.27132081517967227,0.2067149148480742,0.6201447445442226,0.05
2836,0.5700599999999999,False,2,0.0,0.25969999999999993,0.8634999999999999,56.15,0.0,0.0,0.0,2.1250731937677663,0.5357306196691567,2.3007467457836226,1.5963723132139627,0.5221256215011205,0.4265556649422154,0.39365910744690485,0.7874458503074943,0.05
2837,0.5176499999999999,False,2,0.0,0.20939999999999998,0.8669,76.0,0.0,0.0,0.0,1.9880960755111872,0.507543107757867,2.044453393569051,1.0789911312225997,0.4315055877779992,0.4290618720851969,0.438928219957914,0.8802654471185346,0.05
2838,0.54312,False,2,0.0,0.18230000000000002,0.9339000000000001,82.65,0.0,0.0,0.0,1.8158070316311885,0.28514719664728183,1.8502486747407978,0.9133584279928668,0.2874521891359818,0.2905027454972478,0.19486062950811217,0.5845818885243366,0.05
2839,0.58064,False,2,0.0,0.17650000000000002,0.9307000000000001,61.9,0.0,0.0,0.0,1.9041400170889051,0.4616384456911651,1.8555707262791103,1.0371559589580555,0.33136397555309427,0.39845207712712943,0.20783601158522808,0.6235080347556843,0.05
2840,0.5601099999999999,False,2,0.0,0.13369999999999999,1.0,90.0,0.0,0.0,0.0,1.6917247027658988,0.12028710322357791,1.5275000010899364,0.04650645415352345,0.16303480606463383,0.10681854573170466,3.66974503404029e-224,0.0,0.05
2841,0.56524,False,2,0.0,0.1376,0.9368000000000001,65.9,0.0,0.0,0.0,1.7754494134830747,0.3106462102451987,1.7968823897123614,0.845501746830331,0.24430383246782209,0.3206058990272693,0.21614589657232167,0.6484376897169649,0.05
2842,0.5509499999999998,False,2,0.0,0.1737,0.9411999999999999,80.0,0.0,0.0,0.0,1.8594129204267105,0.45766682735463343,1.884324144839009,1.052221299094267,0.3084449386877336,0.3757358995570607,0.17996334583612167,0.5247359572050112,0.05
2843,0.59097,False,2,0.0,0.1419,1.0,75.8,0.0,0.0,0.0,1.7084907583595388,0.16779444955327805,1.5490555813259554,0.04081890680734253,0.18199299581162787,0.13021337242341913,0.0034000000000003324,0.010200000000000998,0.05
2844,0.5474899999999999,False,2,0.0,0.15860000000000002,0.9263,74.25,0.0,0.0,0.0,1.8885948876362924,0.4507629258628107,1.8405440752673532,0.9466086222404746,0.3159650465434928,0.35752049386483203,0.15251568868292173,0.45754706604876516,0.05
2845,0.5496899999999999,False,2,0.0,0.10029999999999999,1.0,90.2,0.0,0.0,0.0,1.647463354288109,0.1288603424631257,1.5123000000000002,0.01878856034931891,0.12919572755912231,0.11249767789617353,2.3763017548847957e-213,0.0,0.05
2846,0.47836999999999996,False,2,0.0,0.2599,0.735,57.05,0.0,0.0,0.0,2.229366466902056,0.5497129522916596,2.6496629871322215,1.5208949801237654,0.6320094226089781,0.474918241635621,0.6186781570914037,0.8097197130887362,0.05
2847,0.52248,False,2,0.0,0.13,0.9314,84.25,0.0,0.0,0.0,1.873994385263326,0.5096916413771917,1.867676505801501,0.9921362293242345,0.29445080841790794,0.398660849906348,0.22467650475993003,0.6594933310514781,0.05
2848,0.5283300000000001,False,2,0.0,0.12309999999999999,0.933,80.85,0.0,0.0,0.0,1.783265893556584,0.3650314628753358,1.7844285981687396,0.7696848737267182,0.2506336973817782,0.3432978314876569,0.2108285981687395,0.6324857945062184,0.05
2849,0.5689299999999999,False,2,0.0,0.16309999999999997,1.0,90.0,0.0,0.0,0.0,1.749906818941539,0.18000948434793893,1.5266222222222225,0.04931864646245747,0.21218510011983693,0.13924750857084517,0.0006000000000002928,0.001800000000000878,0.05
2850,0.45283,False,2,0.0,0.207,0.7979,83.9,0.0,0.0,0.0,2.0531986565876843,0.5467697628441524,2.4039226808502567,1.5329390895061301,0.4882471731066567,0.45838176247671564,0.49133475607703436,0.8182964677880048,0.05
2851,0.5054299999999999,False,2,0.0,0.22809999999999997,0.8140000000000001,66.4,0.0,0.0,0.0,2.0680481985639108,0.563018070064765,2.335671582469002,1.2560101566101167,0.5148972798570034,0.49974828973573826,0.5076964486097626,0.8200390481231785,0.05
2852,0.5732099999999999,False,2,0.0,0.1507,1.0,86.0,0.0,0.0,0.0,1.752793422982228,0.17754230119036157,1.5501000004450483,0.06478649516223417,0.20714139058449618,0.13815130490195426,2.485134904572772e-213,0.0,0.05
2853,0.4956999999999999,False,2,0.0,0.22680000000000003,0.8747999999999999,92.35,0.0,0.0,0.0,1.9713918147380203,0.43193675908788265,2.043918307951248,0.9808457706175222,0.4264775690211368,0.4043303356941501,0.33498341711528995,0.6536415923298015,0.05
2854,0.49646999999999997,False,2,0.0,0.20529999999999998,0.8694,86.85,0.0,0.0,0.0,2.035963085443299,0.5447093485307812,2.2681850978757945,1.5542144348922493,0.4420650089857435,0.44320310660971673,0.42187985495828134,0.8452044292529706,0.05
2855,0.5195199999999999,False,2,0.0,0.16069999999999998,0.9312999999999999,90.3,0.0,0.0,0.0,1.8501563509739103,0.39715802831996744,1.957038049185758,1.325779808783658,0.30255541239225303,0.3561328450595637,0.19936613052047766,0.5980983915614321,0.05
2856,0.5886499999999999,False,2,0.0,0.18849999999999997,1.0,83.95,0.0,0.0,0.0,1.8238699065174355,0.18476883487213047,1.54360000002498,0.061175485334938585,0.26312954724239224,0.14635771709111067,5.103203765095297e-204,0.0,0.05
2857,0.5275999999999998,False,2,0.0,0.23509999999999995,0.8641,73.9,0.0,0.0,0.0,2.0635849105596837,0.5338088239187176,2.1400648808360736,1.2784707473546517,0.47413354526481033,0.42834649559485416,0.3507766040321382,0.7561054723098449,0.05
2858,0.5074299999999999,False,2,0.0,0.1789,0.8768,80.0,0.0,0.0,0.0,1.9042684484616654,0.42371298537160207,1.763022222592364,0.44462658230466096,0.36747336180859635,0.3978060463446133,0.15960000021471893,0.319200313711819,0.05
2859,0.61274,False,2,0.0,0.1768,1.0,70.15,0.0,0.0,0.0,1.7706493552705027,0.1453289272448238,1.523500082641181,0.03900593088444615,0.23328546024489055,0.12212687818936306,8.692298651081594e-214,0.0,0.05
2860,0.51006,False,2,0.0,0.185,0.8808,81.0,0.0,0.0,0.0,1.9575812972708433,0.4669460565305612,2.0947591724591867,1.1254118507648119,0.37921425133862874,0.4125211912149866,0.30583497484842204,0.6394467706163034,0.05
2861,0.5700599999999999,False,2,0.0,0.22690000000000002,0.8667,52.35,0.0,0.0,0.0,1.8993303844116802,0.28287328027095243,1.902652408306409,0.8055418389595709,0.4066347290806537,0.32401166213090304,0.2774929256214996,0.5822157056720815,0.05
2862,0.50231,False,2,0.0,0.143,0.8723000000000001,75.6,0.0,0.0,0.0,1.7836969400799165,0.30590984323525156,1.7444785330601498,0.45189831634699723,0.28461871015355344,0.3381975954657394,0.159600558998047,0.31920111799854134,0.05
2863,0.50496,False,2,0.0,0.1285,0.8663000000000001,70.0,0.0,0.0,0.0,1.8004361525002555,0.3626572002733753,2.0143783683740475,1.0125243685845946,0.3009305489864538,0.4051764506055844,0.3993691322453537,0.808448400126337,0.05
2864,0.5791799999999999,False,2,0.0,0.1306,1.0,80.0,0.0,0.0,0.0,1.6822667203752648,0.14111392444565257,1.529323350694445,0.04696119882934017,0.16748244228540138,0.14103694578460754,0.0022000000000003154,0.006600000000000947,0.05
2865,0.4376500000000001,False,2,0.0,0.22880000000000003,0.6643000000000001,48.0,0.0,0.0,0.0,2.1600130454629936,0.5800257902323952,2.6824972785000485,1.193062780748912,0.618728704192159,0.5258473468607338,0.8804933923297756,0.8935807656451732,0.05
2866,0.6134299999999999,False,2,0.0,0.17809999999999998,1.0,70.0,0.0,0.0,0.0,1.7264377670379492,0.12621048130217483,1.521,0.042009522729971584,0.21295925513934214,0.11955190027360041,4.0371157609471155e-207,0.0,0.05
2867,0.46609999999999985,False,2,0.0,0.141,0.8629999999999999,90.15,0.0,0.0,0.0,1.8784875002894061,0.4383523549418018,1.8758104522765315,0.7400009991740392,0.34486448455603846,0.43116084807780775,0.2810305024808701,0.6242106837846454,0.05
2868,0.5755699999999999,False,2,0.0,0.1895,0.9346,67.75,0.0,0.0,0.0,1.845814109132148,0.2758283563549791,1.8050402066887448,0.7898603943562995,0.31799350360805423,0.2813470352149004,0.23250687327410832,0.6527777152651275,0.05
2869,0.58944,False,2,0.0,0.13279999999999997,1.0,75.2,0.0,0.0,0.0,1.6822962170871194,0.1081808808529249,1.5288,0.036504246328338284,0.16810236205983775,0.11205121898429249,1.813023075202388e-218,0.0,0.05
2870,0.55702,False,2,0.0,0.19369999999999998,0.9333,77.2,0.0,0.0,0.0,1.8540278149569818,0.3141692073337573,1.8401896208430517,0.839873553529996,0.31973799726606217,0.30728649315974904,0.23860802361599576,0.7098443572750347,0.05
2871,0.5008800000000001,False,2,0.0,0.14650000000000002,0.9339000000000001,98.4,0.0,0.0,0.0,1.829184878919919,0.3330109894851565,1.86015542183507,0.7218519330726267,0.2819696479864711,0.31810985393827046,0.2731581135247702,0.6022555350074557,0.05
2872,0.4903399999999999,False,2,0.0,0.1216,0.9318,99.2,0.0,0.0,0.0,1.765750290534887,0.33173058421566753,1.9171108373894168,1.1706903806571864,0.24216864040722816,0.334100527610534,0.19157750405608304,0.5747325121682492,0.05
2873,0.52867,False,2,0.0,0.1223,0.9314,80.0,0.0,0.0,0.0,1.7321332109727323,0.27292968800701833,1.7761977682411054,0.7196432067231257,0.21687046588296935,0.27170614903627754,0.16690754025547444,0.5007226207664233,0.05
2874,0.53364,False,2,0.0,0.163,0.8662000000000001,60.8,0.0,0.0,0.0,1.9104230211364228,0.4522785750877691,1.905101783892858,0.8196468791862149,0.37135875319800415,0.4348602904061361,0.29188763226499415,0.6312896090989327,0.05
2875,0.48845999999999984,False,2,0.0,0.20250000000000004,0.8062999999999999,68.35,0.0,0.0,0.0,1.999249727879062,0.531508114880334,2.4159756412428712,1.364364568984189,0.4757634214654295,0.5046183783200056,0.6307740339895342,0.9660232887985457,0.05
2876,0.5925600000000001,False,2,0.0,0.22269999999999998,0.9335000000000001,63.85,0.0,0.0,0.0,1.8622807267746964,0.2963825501515838,1.7984864540660936,0.7678516658837382,0.3467639035114969,0.2976442080188802,0.2016864540265444,0.6050593620796332,0.05
2877,0.5789099999999999,False,2,0.0,0.12969999999999998,1.0,80.0,0.0,0.0,0.0,1.6824446064048832,0.10773404896674842,1.5187000000000002,0.023841350632881515,0.16236974710929064,0.09250351794678716,1.0119222616717372e-234,0.0,0.05
2878,0.5891299999999999,False,2,0.0,0.1651,1.0,80.2,0.0,0.0,0.0,1.7296701475785785,0.15984891556084824,1.5341888894187083,0.034723495525692066,0.20512973189626468,0.11042970871951664,0.0046000000000003495,0.01380000000000105,0.05
2879,0.53592,False,2,0.0,0.23970000000000002,0.8713,72.95,0.0,0.0,0.0,2.0667143316863577,0.5088239729039449,2.0510498646959863,1.0093599273073541,0.4741301882365573,0.43063336216668463,0.44794979653997613,0.8542329665153447,0.05
2880,0.54362,False,2,0.0,0.11939999999999999,1.0,96.1,0.0,0.0,0.0,1.6915511591718047,0.13037713549622254,1.5197085074742636,0.023854226347615436,0.15384065786765716,0.10380149979585435,4.532555457940583e-219,0.0,0.05
2881,0.5383499999999999,False,2,0.0,0.229,0.8714999999999999,70.2,0.0,0.0,0.0,1.9745336104266304,0.36811619540173884,1.8874026939593918,0.7853250290121607,0.4279051992581988,0.3574888341997377,0.2812471384038362,0.6207602735775668,0.05
2882,0.4418499999999999,False,2,0.0,0.2186,0.7341,68.8,0.0,0.0,0.0,2.123908330415286,0.5677284033980033,2.733123135696272,1.7247333392925313,0.5722100196226603,0.49924286734545453,0.694035372338744,0.9179584837894386,0.05
2883,0.58241,False,2,0.0,0.1417,1.0,80.05,0.0,0.0,0.0,1.7738102194337244,0.2533859013511718,1.5240549395667184,0.031606732549643586,0.21360777655679977,0.17113942713435026,3.231855604105934e-211,0.0,0.05
2884,0.5401400000000001,False,2,0.0,0.1414,0.9396000000000001,80.0,0.0,0.0,0.0,1.7477297144146409,0.2691274493392511,1.6590196180562782,0.34206542519402766,0.23338679858735967,0.2690291799038187,0.08710000000000055,0.23765960952589363,0.05
2885,0.51451,False,2,0.0,0.185,0.8713000000000001,75.45,0.0,0.0,0.0,1.9611503004937716,0.45541771737056863,1.8917525851089863,0.8095525610433696,0.39481220037896614,0.4222640231140329,0.2915290859827507,0.6506500277013743,0.05
2886,0.5428999999999999,False,2,0.0,0.1869,0.8629,58.6,0.0,0.0,0.0,1.9142243809897959,0.3863873145139367,2.120667449985976,1.1749849388470157,0.39823630928685627,0.38799222043442483,0.3470176066872884,0.6940827115148595,0.05
2887,0.49259000000000003,False,2,0.0,0.1265,0.9352,100.0,0.0,0.0,0.0,1.811396963786637,0.45800089388386106,1.7727984110924404,0.7106041048423306,0.27049342014015004,0.41217264219345817,0.20476507775910707,0.6142952332773212,0.05
2888,0.48642,False,2,0.0,0.24339999999999998,0.8030000000000002,74.35,0.0,0.0,0.0,2.234069705972283,0.6310240780006762,2.4858796162008305,1.5663228666921765,0.5852117399291367,0.49177635334795355,0.6157475314699339,0.9316236024890271,0.05
2889,0.56587,False,2,0.0,0.1509,1.0,89.7,0.0,0.0,0.0,1.7569115578038108,0.20554073645946955,1.560322222222223,0.08960035342192348,0.21081312471216043,0.1657459266269908,0.01660000000000052,0.04980000000000156,0.05
2890,0.55746,False,2,0.0,0.1272,1.0,90.35,0.0,0.0,0.0,1.687016199981175,0.15520712368938064,1.522551041666667,0.023884865708139077,0.15993080986418923,0.13768847003072576,6.390633778214965e-183,0.0,0.05
2891,0.5372499999999999,False,2,0.0,0.1255,1.0,100.2,0.0,0.0,0.0,1.7138788599195731,0.13769072774733768,1.5298949435763889,0.03886022774533473,0.1750661678497833,0.11078540788907545,2.702932736851118e-226,0.0,0.05
2892,0.5767399999999999,False,2,0.0,0.1701,0.9292999999999999,62.4,0.0,0.0,0.0,1.8370395669009345,0.4486301288780725,1.7946476836113543,0.85774715569755,0.29873758895303715,0.3780230284057787,0.19037577402717495,0.571127322081525,0.05
2893,0.5463200000000001,False,2,0.0,0.1578,0.9364000000000001,78.25,0.0,0.0,0.0,1.8495648777797382,0.43239596187090223,1.6422181623776662,0.3365612887587748,0.29498359352343057,0.34705927603683406,0.08150000298023213,0.23921424346520986,0.05
2894,0.57129,False,2,0.0,0.1863,1.0,92.3,0.0,0.0,0.0,1.8020958561978264,0.17934868093494405,1.5115,0.021091467469097507,0.24023617136592454,0.13000327791929003,2.3763640709507433e-213,0.0,0.05
2895,0.5679799999999999,False,2,0.0,0.1816,1.0,93.25,0.0,0.0,0.0,1.741070945932068,0.14646967576396014,1.559647923787436,0.057201406321495354,0.21036107287758918,0.11743921158075209,0.015200000000000786,0.03482757528166587,0.05
2896,0.5289299999999999,False,2,0.0,0.1729,0.8798,69.4,0.0,0.0,0.0,1.9352084490245267,0.43673195163304235,2.0341224609478026,1.250704612686988,0.3672706723732566,0.3603359435295577,0.24977616210005077,0.5385453308171891,0.05
2897,0.6006199999999999,False,2,0.0,0.13540000000000002,1.0,70.0,0.0,0.0,0.0,1.6890003539269913,0.13595797926950076,1.5398,0.04062462307517448,0.1725690679031091,0.12846003287022972,1.958127286702883e-219,0.0,0.05
2898,0.5492999999999999,False,2,0.0,0.151,1.0,98.0,0.0,0.0,0.0,1.7244181046625056,0.13824297498397575,1.5184000000000002,0.023191377708105275,0.20016339276259484,0.12413503607735016,2.4917999000178394e-207,0.0,0.05
2899,0.56914,False,2,0.0,0.1638,1.0,90.0,0.0,0.0,0.0,1.7309561877446225,0.17751895781254642,1.5473777780532845,0.06873876481226891,0.20226135153191885,0.1560344382535846,0.004800000000000353,0.014400000000001058,0.05
2900,0.5214,False,2,0.0,0.17770000000000002,0.8687000000000001,70.0,0.0,0.0,0.0,1.8989436795036099,0.36484508104407776,1.7616745196065318,0.4456457286456152,0.37058435868967443,0.36066910062995455,0.1597916319779502,0.3195860021069342,0.05
2901,0.51081,False,2,0.0,0.13130000000000003,0.9305999999999999,90.0,0.0,0.0,0.0,1.8642502472120093,0.5429953054370061,1.8974119975247838,1.059711908352353,0.29341530741671074,0.4324143939511572,0.22603340187791546,0.6781002056337463,0.05
2902,0.6231199999999999,False,2,0.0,0.2104,1.0,70.0,0.0,0.0,0.0,1.8083586895696342,0.16275418685654003,1.6601907463815497,0.3345981650614895,0.2748578194104764,0.13685589454970878,0.09450000000000136,0.23774408509992687,0.05
2903,0.59914,False,2,0.0,0.1328,1.0,70.35,0.0,0.0,0.0,1.7289953179060167,0.20186838227172807,1.5652996355586597,0.08830826929278193,0.1890603429205337,0.15799815062367478,0.03260000000000103,0.06532411499592067,0.05
2904,0.5183000000000001,False,2,0.0,0.11610000000000001,0.9341000000000002,85.2,0.0,0.0,0.0,1.8227610976577318,0.40097179566263286,1.8110254619220527,0.8760950472690768,0.2593635338062858,0.3562008251108306,0.17967073983787335,0.53901221951362,0.05
2905,0.5191100000000001,False,2,0.0,0.2045,0.8618,72.75,0.0,0.0,0.0,2.022973395740732,0.5114035075401431,2.2908884809584644,1.5857662719362857,0.4479817080281168,0.43842157636777274,0.3869018298956969,0.7705183622055601,0.05
2906,0.5790799999999999,False,2,0.0,0.2001,0.8844999999999998,50.05,0.0,0.0,0.0,1.9337028092473592,0.4623171926648305,2.0813212852386194,1.0346508386750455,0.3872735198604771,0.41847823962209374,0.41298820985059,0.7655969352739661,0.05
2907,0.5729399999999999,False,2,0.0,0.10980000000000001,1.0,80.0,0.0,0.0,0.0,1.6510753303685266,0.09021956496928082,1.607377777891306,0.1328348850170192,0.1364660864280422,0.10190816783461065,0.030000000000000925,0.09000000000000277,0.05
2908,0.5465499999999999,False,2,0.0,0.0885,1.0,90.0,0.0,0.0,0.0,1.6456818858539144,0.10276395947904014,1.5684007937855593,0.06407868188687368,0.12060457930501489,0.09699480402594562,4.8667943567759394e-210,0.0,0.05
2909,0.5691600000000001,False,2,0.0,0.19830000000000003,0.9361,72.8,0.0,0.0,0.0,1.8259157992391626,0.34596628976437055,1.7812802300191286,0.7243759926936552,0.3160449013343276,0.33734958119749525,0.195057834185795,0.54478304814745,0.05
2910,0.55469,False,2,0.0,0.1173,1.0,90.25,0.0,0.0,0.0,1.6514155089791742,0.08113813385289857,1.5617006331658085,0.06418144986527598,0.136697854254521,0.08746211169036859,5.401650839329795e-224,0.0,0.05
2911,0.5334599999999999,False,2,0.0,0.1366,0.9324,80.1,0.0,0.0,0.0,1.7565138223735601,0.30859573154213044,1.812186453346183,0.8315512398033857,0.2386167454390468,0.3127618568832596,0.2092663817215405,0.6218223033370972,0.05
2912,0.5041099999999998,False,2,0.0,0.1423,0.9346,96.4,0.0,0.0,0.0,1.7742059163024364,0.3083753357532472,1.7971404994090492,0.7506577502493578,0.24959846808367794,0.3016816308480743,0.1771404994089812,0.5314214982269437,0.05
2913,0.5337099999999999,False,2,0.0,0.16299999999999998,0.9333,84.25,0.0,0.0,0.0,1.7920522607085663,0.2731413235096607,1.7452875304474211,0.723613347087961,0.2636564196017288,0.27611962408231355,0.20658753044742123,0.6197625913422637,0.05
2914,0.53258,False,2,0.0,0.1086,1.0,100.0,0.0,0.0,0.0,1.6817989788909948,0.13941484811508353,1.5114,0.03419999999999997,0.15257646458438087,0.11647372778700117,6.599158112588701e-230,0.0,0.05
2915,0.44225999999999993,False,2,0.0,0.2238,0.7366,70.25,0.0,0.0,0.0,2.1489191676353565,0.5535916087275449,2.5578474902442525,1.3230332650302976,0.5777910594355701,0.49847386248174086,0.6729549543445345,0.8866957615449397,0.05
2916,0.5094099999999999,False,2,0.0,0.1179,0.9332,89.6,0.0,0.0,0.0,1.7385281382528561,0.33816637496164864,1.7779538674253008,0.8172545411361171,0.2246663859227827,0.33568727341648774,0.21595386742530084,0.6478616022759026,0.05
2917,0.52763,False,2,0.0,0.09210000000000002,1.0,100.0,0.0,0.0,0.0,1.6236743168306451,0.09071424541195426,1.542133340454102,0.057623723103908654,0.10932733049425795,0.08475807079370859,0.0038000000000003387,0.011400000000001015,0.05
2918,0.49817999999999996,False,2,0.0,0.17620000000000002,0.8795999999999999,85.2,0.0,0.0,0.0,1.8563908911476361,0.3547845940130978,1.9255325652293933,0.860057647065769,0.34179448740115903,0.36972922022817384,0.3044546982189894,0.6761266048292971,0.05
2919,0.52072,False,2,0.0,0.15749999999999997,0.9311,89.15,0.0,0.0,0.0,1.896595519502989,0.5412785951941195,2.020715431482384,1.4923485860570371,0.30865243589263625,0.4026312555730782,0.1999997027298458,0.5999991081895375,0.05
2920,0.57481,False,2,0.0,0.1827,1.0,90.0,0.0,0.0,0.0,1.7298363263637708,0.11780647730680047,1.5349447301122887,0.048490380005408916,0.2101067321490258,0.09389179900424756,0.0027000000000007704,0.00810000000000231,0.05
2921,0.55604,False,2,0.0,0.2344,0.8686,61.15,0.0,0.0,0.0,1.9923783949137632,0.41531699864106514,2.0699763222353416,1.0199661680706753,0.43498214645806,0.37948367291163865,0.40560612740815527,0.8040440285054825,0.05
2922,0.52452,False,2,0.0,0.18610000000000002,0.8627,67.6,0.0,0.0,0.0,1.9564034548199536,0.513086053828486,1.9593208031825706,0.8890027736205736,0.41303798227038274,0.4637694929324276,0.33218562038202837,0.6647316821941357,0.05
2923,0.48002,False,2,0.0,0.1366,0.8672000000000001,84.0,0.0,0.0,0.0,1.8511140514498632,0.4311200327379912,2.2586594588476943,1.5353900495212658,0.3232490919313429,0.41646212629187107,0.39493662694413006,0.7506549375473058,0.05
2924,0.54714,False,2,0.0,0.1687,0.9379,80.0,0.0,0.0,0.0,1.7921595568725166,0.2849936310099211,1.7320666666666693,0.38727617414673254,0.27383603412869484,0.2704619682299512,0.15210000000000162,0.27168969432056306,0.05
2925,0.5374099999999999,False,2,0.0,0.1375,0.9378,80.15,0.0,0.0,0.0,1.7515903651768407,0.19243381901807768,1.645455669702936,0.33973635385058526,0.2344438969548388,0.22492467152054796,0.07960000000000028,0.23880000000000084,0.05
2926,0.57357,False,2,0.0,0.1941,0.9362,70.0,0.0,0.0,0.0,1.7858928614928113,0.25690916768659955,1.7752886145830824,0.7071691706903673,0.26670388458198796,0.2500871398138629,0.18708858611041443,0.5612657583312434,0.05
2927,0.5244099999999999,False,2,0.0,0.192,0.8703,71.2,0.0,0.0,0.0,1.9263913660392393,0.4637216526527837,1.8796806297564241,0.7179350151587052,0.39224511199240497,0.43121361073047354,0.2548914796916447,0.5395390050153239,0.05
2928,0.5837699999999999,False,2,0.0,0.1459,1.0,80.0,0.0,0.0,0.0,1.718511127895671,0.10934731133248858,1.5808333333336129,0.16375138676271203,0.20089162347958683,0.1086760434233542,0.038000000000000825,0.11400000000000245,0.05
2929,0.57443,False,2,0.0,0.1491,1.0,85.15,0.0,0.0,0.0,1.7364835211236542,0.16936697281269256,1.5227,0.04360974661701211,0.1990817012357336,0.13228864340516625,6.0834536956159395e-211,0.0,0.05
2930,0.5173699999999999,False,2,0.0,0.18530000000000002,0.8654,72.0,0.0,0.0,0.0,1.8953957268357602,0.3651047523485011,1.8965150948942497,0.7591457412819345,0.3802311225319072,0.3833633803059396,0.24905386260706477,0.5366028008400614,0.05
2931,0.53375,False,2,0.0,0.1968,0.9362999999999999,90.35,0.0,0.0,0.0,1.843725710541128,0.2851715564268223,1.7480458567742185,0.6776580916232534,0.30676657274218144,0.26363972221548204,0.17130217568742312,0.5139065270622694,0.05
2932,0.50532,False,2,0.0,0.1486,0.9342,96.6,0.0,0.0,0.0,1.7723544455671845,0.2615947174163987,1.9662890068331627,1.241167830418847,0.25073682828246857,0.27159973222096495,0.2295610554442728,0.5929670344892394,0.05
2933,0.55379,False,2,0.0,0.16829999999999998,0.9349999999999999,75.6,0.0,0.0,0.0,1.83664206909197,0.3758448449039349,1.6302126733691935,0.3452479589749363,0.29760388090005846,0.32539213999878247,0.08390000000397571,0.23771262062764267,0.05
2934,0.58996,False,2,0.0,0.1948,0.8736,40.0,0.0,0.0,0.0,1.8705852293195389,0.39085846130628027,1.9063053937156886,0.8464866970176101,0.35796914023305065,0.39121353439240425,0.23963129623172524,0.512054354726907,0.05
2935,0.50272,False,2,0.0,0.1787,0.8703,80.05,0.0,0.0,0.0,1.926792805306799,0.46038603794833,2.2532018813581094,1.534589675849709,0.3743155761193632,0.41799412176894646,0.3720190284746628,0.7466640921462581,0.05
2936,0.5268099999999999,False,2,0.0,0.193,0.8683,69.45,0.0,0.0,0.0,1.90272179994581,0.3786421729255885,1.9607260210029136,0.9126086716386111,0.380860436625046,0.378061115893845,0.23772279676200223,0.5065218349399936,0.05
2937,0.5370799999999998,False,2,0.0,0.1671,0.9724999999999999,96.9,0.0,0.0,0.0,1.8624408428169865,0.31541998280115113,1.6533556189748988,0.33660002371073483,0.280719666593448,0.23836153474218444,0.07990000000000089,0.23970000000000266,0.05
2938,0.54526,False,2,0.0,0.19990000000000002,0.8647,60.0,0.0,0.0,0.0,1.8914054901319826,0.3875486845883759,2.011044945027508,0.9688691133385061,0.3808956211092186,0.3998202205205265,0.35643921586084104,0.6998500301885017,0.05
2939,0.48622000000000004,False,2,0.0,0.1983,0.7859,61.7,0.0,0.0,0.0,2.198763145106124,0.7987228349760656,2.469188412423303,1.4741447989348315,0.5477055291210704,0.5900201617054052,0.5897951224423543,0.884610379030099,0.05
2940,0.44966999999999996,False,2,0.0,0.158,0.8261,88.0,0.0,0.0,0.0,1.9330079971886867,0.4762491158127991,2.205831966138581,1.1247637710746283,0.3752074813134879,0.41474672042252864,0.44802293836080304,0.728820259438018,0.05
2941,0.4690599999999999,False,2,0.0,0.20790000000000003,0.8056999999999999,78.65,0.0,0.0,0.0,2.0240184485799353,0.44890366815650673,2.3355271974770617,1.1903852684617953,0.4912005629112678,0.467043010505058,0.4939884711208321,0.8059573937849476,0.05
2942,0.5846199999999999,False,2,0.0,0.1664,1.0,82.65,0.0,0.0,0.0,1.7648125334397051,0.16447776548518914,1.5300967013906424,0.02198346478321709,0.22484316786466735,0.12101275160606095,0.0014000000000003042,0.004200000000000912,0.05
2943,0.48429999999999995,False,2,0.0,0.12979999999999997,0.8698,81.75,0.0,0.0,0.0,1.8536133540184256,0.41025361341535377,1.8817539509312387,0.777304185626159,0.3182110887898681,0.40632919881132906,0.2793761473830614,0.6085747480788507,0.05
2944,0.59919,False,2,0.0,0.1513,1.0,73.1,0.0,0.0,0.0,1.7362567982786221,0.13817828933070886,1.5242999999999998,0.04929918863429699,0.2012341487514549,0.1204130448466123,3.574236826729034e-207,0.0,0.05
2945,0.5689899999999999,False,2,0.0,0.1911,0.9318,70.3,0.0,0.0,0.0,1.869445971286316,0.3519742181928695,1.7713782841207237,0.7009725902617803,0.3262515435057217,0.3137391193004436,0.20006193009209955,0.5428449944656644,0.05
2946,0.4904299999999999,False,2,0.0,0.20909999999999998,0.867,89.6,0.0,0.0,0.0,1.9320439957477535,0.38921536638766036,2.012132302595078,0.9656749448172174,0.40896747535348743,0.4061346452959611,0.3969625582075749,0.7888497755908955,0.05
2947,0.58378,False,2,0.0,0.1696,1.0,83.55,0.0,0.0,0.0,1.756474282470035,0.1374463538905231,1.5471001984583006,0.05819031349725733,0.22582536066062783,0.12406907068615204,4.866966326209483e-210,0.0,0.05
2948,0.5684699999999999,False,2,0.0,0.1711,0.9102,60.0,0.0,0.0,0.0,1.8426985651109462,0.3574551648473158,1.862258845014113,0.7181406986052222,0.31529341755827706,0.33804912552161237,0.2587481809130878,0.5471484066887728,0.05
2949,0.5533999999999999,False,2,0.0,0.18530000000000002,0.9193,72.85,0.0,0.0,0.0,1.906597218236815,0.35852534601873476,1.8739708227636758,0.8134852438947747,0.34104872187180885,0.3103805023583431,0.2825597116525642,0.6284547844078582,0.05
2950,0.50525,False,2,0.0,0.17880000000000001,0.8633000000000001,76.35,0.0,0.0,0.0,1.955885675467861,0.5463820096725417,2.275005968969814,1.2925603267887316,0.39199283203546464,0.4427932420732119,0.48871708008092424,0.8129645391268345,0.05
2951,0.5348499999999999,False,2,0.0,0.1832,0.8696999999999999,64.45,0.0,0.0,0.0,1.9914109994667188,0.500397083178424,1.8661122821174108,0.7126400767633686,0.40770502222060667,0.4359199567702064,0.2528568448042309,0.5468493539819148,0.05
2952,0.5406599999999999,False,2,0.0,0.1499,0.9367000000000001,80.0,0.0,0.0,0.0,1.845178815389192,0.4961313419684062,1.8197308382206383,0.9050506914043767,0.28957298170685036,0.3984525758371059,0.18323079324959593,0.5496923797487877,0.05
2953,0.50971,False,2,0.0,0.1305,0.9008,80.0,0.0,0.0,0.0,1.7641768270979619,0.26902479373842997,1.903837011545471,0.8064681884412178,0.2513828923997892,0.27103570388438597,0.262837010566082,0.5540875751123678,0.05
2954,0.5739099999999999,False,2,0.0,0.16770000000000002,1.0,88.2,0.0,0.0,0.0,1.7841430863439989,0.1774113732586357,1.5296001391093053,0.04185284577706662,0.2356693136703017,0.12249790187847398,7.252088753327437e-218,0.0,0.05
2955,0.53308,False,2,0.0,0.0961,0.9775,90.0,0.0,0.0,0.0,1.6839263805824902,0.1498107580380393,1.6295038194444462,0.34082915998549684,0.1537522635342378,0.12270153589460257,0.08170000000000119,0.23916021826382666,0.05
2956,0.5767599999999999,False,2,0.0,0.1652,1.0,86.4,0.0,0.0,0.0,1.7423781914042107,0.20251463949025264,1.5553972222606347,0.05747613844597447,0.21154061587991096,0.15966574145899948,0.005400000000000361,0.01620000000000108,0.05
2957,0.5471299999999999,False,2,0.0,0.17450000000000002,0.9353999999999999,80.0,0.0,0.0,0.0,1.8004122040528068,0.31012505048449257,1.6438555555424081,0.3368275341347653,0.2827789443624992,0.3107646952076568,0.07990000000035549,0.23970000000106645,0.05
2958,0.4926099999999999,False,2,0.0,0.13279999999999997,0.9330999999999999,100.2,0.0,0.0,0.0,1.8686398792637124,0.4714941806810862,1.9376775500842307,0.8853570513517816,0.3005316870592313,0.41862710544493476,0.27717999981203156,0.6340002294357486,0.05
2959,0.5339999999999999,False,2,0.0,0.1797,0.8727,65.4,0.0,0.0,0.0,1.958089160023174,0.5500087975432382,1.8801546054526,0.7898736633512274,0.3980798961754227,0.4522901724974666,0.2800359943364805,0.6212600938145759,0.05
2960,0.5194000000000001,False,2,0.0,0.18350000000000002,0.8625,69.7,0.0,0.0,0.0,2.030108010143242,0.6169623434885375,2.1169984270018483,1.239576522741605,0.4249508870144272,0.46289393752175706,0.31439123286925946,0.6661618142372587,0.05
2961,0.5053599999999999,False,2,0.0,0.17350000000000002,0.8693,77.6,0.0,0.0,0.0,1.8953504574323652,0.39318185349118634,1.9243955027143134,0.8650850832505584,0.370373324350738,0.39854667607440647,0.31541779727323216,0.6987347473035626,0.05
2962,0.53726,False,2,0.0,0.22890000000000002,0.8707,70.45,0.0,0.0,0.0,2.064152323321166,0.5492808389479424,2.1425416626729934,1.1840460662751142,0.4682380573438382,0.4301481810838591,0.469974798450661,0.8815421866824121,0.05
2963,0.59276,False,2,0.0,0.223,0.9378,65.3,0.0,0.0,0.0,1.8991681315836864,0.22397079459574273,1.6407555555555564,0.3396005234912876,0.3538283336876084,0.2277367938285316,0.07960000000000032,0.23880000000000096,0.05
2964,0.60635,False,2,0.0,0.15449999999999997,1.0,70.0,0.0,0.0,0.0,1.7201018119963165,0.1483740907758589,1.5576222222222231,0.12362225617672147,0.192873362497998,0.13647065567955208,0.029200000000000698,0.08760000000000209,0.05
2965,0.5634199999999999,False,2,0.0,0.1764,1.0,94.75,0.0,0.0,0.0,1.7939303474951047,0.18799238897859835,1.591822222243343,0.06857642759965081,0.23757399107615745,0.14315846773075008,0.017400000000000814,0.03604497191010302,0.05
2966,0.5317299999999999,False,2,0.0,0.16019999999999998,0.9271,82.65,0.0,0.0,0.0,1.877504457296667,0.46991574515294926,1.8130300171695697,0.7696451791944308,0.30009366070841303,0.3612024068000166,0.219510623144773,0.6015440476150669,0.05
2967,0.55133,False,2,0.0,0.13540000000000002,0.9343,71.65,0.0,0.0,0.0,1.8126232642081366,0.42717382452466707,1.7520471078847675,0.7141040091856019,0.2610222676939392,0.37308703783669006,0.17764710788476762,0.5329413236543029,0.05
2968,0.5076099999999999,False,2,0.0,0.10499999999999998,0.9372999999999999,90.0,0.0,0.0,0.0,1.7013232112677694,0.2563862008498326,1.8786007237611293,1.090539579282435,0.1971933146228199,0.28442300151674427,0.2014902379261041,0.6044707137783123,0.05
2969,0.51971,False,2,0.0,0.20790000000000003,0.8122,55.6,0.0,0.0,0.0,1.9811440817526438,0.4463139873421329,2.309760721249102,1.2081587350416818,0.44273085880410423,0.4295768614346619,0.5789970487788176,0.889141479759775,0.05
2970,0.52904,False,2,0.0,0.1719,0.8661000000000001,64.4,0.0,0.0,0.0,1.8721350327454567,0.36969740067158996,1.9008234955467664,0.8340249765793245,0.3502361033994691,0.3758910623217423,0.2813720922532587,0.604947883662455,0.05
2971,0.5878499999999999,False,2,0.0,0.15949999999999998,1.0,80.0,0.0,0.0,0.0,1.7298958597055225,0.16219798444574643,1.5406000000998785,0.05335203860071463,0.20403115211602266,0.1130935094439285,0.00020000000000028705,0.0006000000000008612,0.05
2972,0.48127000000000003,False,2,0.0,0.2152,0.8033000000000001,72.8,0.0,0.0,0.0,2.019256897097883,0.4098958686625913,2.21710907700911,1.1581907161378355,0.48328543696524695,0.4135811552097172,0.47239827437029014,0.7851239400946287,0.05
2973,0.5557699999999999,False,2,0.0,0.2486,0.8707,64.15,0.0,0.0,0.0,2.075463902497998,0.4070987277208924,2.0325225123917035,0.8899489513663168,0.4936929049903127,0.38705065838444874,0.39096695377889235,0.7152899528905546,0.05
2974,0.5942699999999999,False,2,0.0,0.1769,1.0,79.4,0.0,0.0,0.0,1.7499273206679402,0.13653412551899483,1.5381,0.05486246439962396,0.21652784247807605,0.12124918617312701,1.0451361290088931e-200,0.0,0.05
2975,0.5961799999999999,False,2,0.0,0.1236,1.0,70.45,0.0,0.0,0.0,1.661226580066111,0.08231590849684056,1.5469446180555566,0.05959520003141016,0.15669235847198137,0.08763686946979796,0.01410000000000083,0.031522848856029705,0.05
2976,0.56165,False,2,0.0,0.14150000000000001,1.0,90.4,0.0,0.0,0.0,1.722770161333004,0.16705278710629629,1.5517000000000014,0.07458022526112693,0.19842410660518287,0.1459397343248191,1.337774244428068e-198,0.0,0.05
2977,0.59138,False,2,0.0,0.18889999999999998,0.9353,60.0,0.0,0.0,0.0,1.8248519078917647,0.2684135329453977,1.7301406750252943,0.4056641222915272,0.3110151337416002,0.2740391113155001,0.15750234754109171,0.28311774449817884,0.05
2978,0.5935,False,2,0.0,0.147,1.0,75.3,0.0,0.0,0.0,1.6990473498439098,0.1118823865520964,1.557100000000486,0.06460719774222456,0.18257754940285437,0.11085914547420878,3.89632278255336e-208,0.0,0.05
2979,0.51582,False,2,0.0,0.2428,0.8614,80.0,0.0,0.0,0.0,2.047578845492272,0.3999015289041542,2.05427476373186,1.096079996034936,0.4794597228087752,0.38406604868181765,0.3723883608588055,0.7454706080538471,0.05
2980,0.5626,False,2,0.0,0.142,1.0,90.0,0.0,0.0,0.0,1.7034545309602298,0.13966777904493552,1.5428048755115937,0.04515038080611453,0.18391640931413067,0.12357492117084229,0.004400000000000346,0.013200000000001039,0.05
2981,0.5303499999999999,False,2,0.0,0.2186,0.8651,70.4,0.0,0.0,0.0,1.9005546459830112,0.33231649330951457,2.0301960158093513,1.025812394480007,0.3858773275634152,0.34074822499756086,0.3405225486164256,0.6810853242505345,0.05
2982,0.57897,False,2,0.0,0.2004,0.9435,70.8,0.0,0.0,0.0,1.8795040283113456,0.41229808467915663,1.8124056672423834,0.8538734402921005,0.32756365983949987,0.350357575574709,0.20064806682355713,0.6019442004706714,0.05
2983,0.56101,False,2,0.0,0.18190000000000003,0.9402000000000001,75.85,0.0,0.0,0.0,1.846202005650618,0.3930640395008209,1.6379111097347938,0.3404684379153755,0.29307587015367204,0.3103765930359471,0.07980000293992134,0.23940000881976406,0.05
2984,0.5962199999999999,False,2,0.0,0.18739999999999998,1.0,80.0,0.0,0.0,0.0,1.748114123776111,0.14160627658758054,1.531200000011888,0.04220379130756258,0.23085534213332473,0.1290074237166053,1.2848337107008443e-207,0.0,0.05
2985,0.5079699999999999,False,2,0.0,0.19070000000000004,0.8728,80.1,0.0,0.0,0.0,1.9909145737582157,0.5281729374350754,2.1288309636286646,1.0169433402527015,0.4197059914686525,0.47521957737753656,0.4847173872328813,0.8393141507995129,0.05
2986,0.5884799999999999,False,2,0.0,0.1852,0.9346,60.65,0.0,0.0,0.0,1.7962922936878982,0.24098653834467243,1.7358489037290235,0.666505829221951,0.28106655935116764,0.25744226945357074,0.17444890372902314,0.5233467111870694,0.05
2987,0.47417,False,2,0.0,0.18669999999999998,0.8008,71.2,0.0,0.0,0.0,1.984391175342073,0.46444932853272886,2.3515215121644975,1.2231109578298478,0.442019830117187,0.4531731938364087,0.6015094420467978,0.9137328332100961,0.05
2988,0.57229,False,2,0.0,0.1253,1.0,82.65,0.0,0.0,0.0,1.7267001692087498,0.16041255632962415,1.6386556340535492,0.2965572384386961,0.18667902041159007,0.13170234517823518,0.07090000000000084,0.2127000000000025,0.05
2989,0.5665600000000001,False,2,0.0,0.174,0.9348000000000001,70.0,0.0,0.0,0.0,1.7792354398889274,0.2618033242804916,1.805956679955239,0.7626214758551529,0.27567763092119046,0.2962281384623185,0.1998198743996835,0.5994596231990504,0.05
2990,0.60386,False,2,0.0,0.2162,0.938,58.8,0.0,0.0,0.0,1.8497476600600127,0.2915943898840042,1.674051627245964,0.37768857551980267,0.32737366807675394,0.2712869430371941,0.101612486681245,0.3018493867571253,0.05
2991,0.5285099999999999,False,2,0.0,0.1691,0.9404,90.25,0.0,0.0,0.0,1.8813768893407095,0.41809291005948085,1.9838453655642703,0.8099206596028211,0.31242080417007967,0.3408462351647898,0.3340453650749118,0.6481762859597213,0.05
2992,0.5896299999999999,False,2,0.0,0.1351,1.0,75.45,0.0,0.0,0.0,1.7327599717913782,0.18420423062775987,1.5212624131944446,0.049508233984587695,0.1958850908361799,0.1546517652186499,1.0450935842069905e-200,0.0,0.05
2993,0.5904599999999999,False,2,0.0,0.1682,1.0,80.0,0.0,0.0,0.0,1.7541524543379503,0.18119046952838863,1.5195000000008032,0.03153807223079012,0.2159204345700998,0.14670552502036227,1.8709013493497049e-177,0.0,0.05
2994,0.55761,False,2,0.0,0.1719,0.9402000000000001,76.05,0.0,0.0,0.0,1.8059324559977874,0.2821087205315418,1.7853225108173771,0.8195016895716153,0.2815946983182943,0.2841231310504196,0.178222510817377,0.5346675324521311,0.05
2995,0.5085299999999998,False,2,0.0,0.1612,0.9320999999999999,96.15,0.0,0.0,0.0,1.8262800894453437,0.29297821233560795,1.74137412690382,0.6481514322363663,0.2942279873374804,0.3079881781976384,0.17158972386689555,0.5147691716006867,0.05
2996,0.57203,False,2,0.0,0.16409999999999997,0.937,66.55,0.0,0.0,0.0,1.8033799981146903,0.2588325119694226,1.8513226530811362,0.896769078599679,0.2594100052120697,0.2589797053745669,0.17376604148633215,0.49904343791129535,0.05
2997,0.51481,False,2,0.0,0.20070000000000002,0.8640000000000001,75.1,0.0,0.0,0.0,1.9677539153731913,0.47762530588315993,2.268834078185887,1.5193297150425222,0.4187979785412196,0.42371079235680315,0.42972814082392974,0.862149408904197,0.05
2998,0.57189,False,2,0.0,0.13630000000000003,0.93,60.0,0.0,0.0,0.0,1.8293148646810071,0.4371185334793065,1.7707451279708473,0.7621798280145955,0.2844813896764692,0.3772755473362571,0.19997038204250922,0.5999111461275277,0.05
2999,0.57045,False,2,0.0,0.1758,0.9323,67.45,0.0,0.0,0.0,1.8226407405180833,0.23636258431089643,1.772557407626617,0.6193833507892814,0.2987241895116681,0.27274326179131125,0.19844901703251047,0.48950076540059273,0.05
3000,0.47541999999999995,False,2,0.0,0.21150000000000002,0.7371,52.0,0.0,0.0,0.0,2.1504868358224165,0.5999414950040114,2.557158756435149,1.2693833769571248,0.595671761361586,0.5453429697728308,0.7963521308907222,0.9772265366288453,0.05
