condition,run_id,tick,mother_alive,child_alive,mother_energy,child_hunger,child_warmth,deficit,eta,selected_motivation
fixed,0,1,1,1,99.0,0.5,49.8,0.1409614974422723,,Care
fixed,0,10,1,1,94.50000000000003,5.0,50.0,0.6045184776331712,,Care
fixed,0,20,1,1,93.50000000000009,10.0,50.0,0.695404982777702,,Care
fixed,0,30,1,1,92.50000000000014,15.0,50.0,0.788496382223752,,Care
fixed,0,40,1,1,91.5000000000002,20.0,50.0,0.8817552227882042,,Care
fixed,0,50,1,1,90.50000000000026,25.0,50.0,0.9750267783313837,,Care
fixed,0,60,1,1,89.50000000000031,30.0,50.0,1.0682992994120943,,Care
fixed,0,70,1,1,88.50000000000037,35.0,50.0,1.161571893812843,,Care
fixed,0,80,1,1,87.50000000000043,40.0,50.0,1.2548444937812966,,Care
fixed,0,90,1,1,86.50000000000048,45.0,50.0,1.3481170941725449,,Care
fixed,0,100,1,1,85.50000000000054,50.0,50.0,1.441389694595899,,Care
fixed,0,110,1,1,84.5000000000006,55.0,50.0,1.534662295021691,,Care
fixed,0,120,1,1,83.50000000000065,60.0,50.0,1.6279348954476682,,Care
fixed,0,130,1,1,82.50000000000071,65.0,50.0,1.72120749587366,,Care
fixed,0,140,1,1,81.50000000000077,70.0,50.0,1.8144800962996521,,Care
fixed,0,150,1,1,80.50000000000082,75.0,50.0,1.9077526967256448,,Care
fixed,0,160,1,1,75.90000000000086,60.0,50.0,1.7996371508760292,,Care
fixed,0,170,1,1,74.90000000000092,65.0,50.0,1.8606543508708606,,Care
fixed,0,180,1,1,73.90000000000097,70.0,50.0,1.9664954266245969,,Care
fixed,0,190,1,1,69.300000000001,55.0,50.0,1.8689685003167025,,Care
fixed,0,200,1,1,68.30000000000106,60.0,50.0,1.9305963226764362,,Care
fixed,0,210,1,1,67.30000000000112,65.0,50.0,2.036483767269889,,Care
fixed,0,220,1,1,59.10000000000112,50.0,47.99999999999997,2.122418288778395,,Forage
fixed,0,230,1,1,58.1000000000011,55.0,50.0,2.082672856285533,,Care
fixed,0,240,1,1,52.600000000001096,60.0,48.999999999999986,1.8337732998308767,,Forage
fixed,0,250,1,1,47.10000000000109,45.0,49.99999999999996,2.2151492875483347,,Care
fixed,0,260,1,1,44.30000000000108,50.0,49.599999999999994,2.192629433650227,,Forage
fixed,0,270,1,1,41.500000000001066,35.0,50.0,2.1352168421674853,,Care
fixed,0,280,1,1,40.50000000000105,40.0,50.0,2.2157631345371387,,Care
fixed,0,290,1,1,39.600000000001046,45.0,49.599999999999994,2.3082841682192963,,Forage
fixed,0,300,1,1,39.100000000001074,50.0,47.599999999999966,2.3514431060673133,,Forage
fixed,0,310,1,1,36.35000000000107,35.0,50.0,2.146374904780449,,Care
fixed,0,320,1,1,35.35000000000105,40.0,50.0,2.2061885146196607,,Care
fixed,0,330,1,1,34.80000000000108,45.0,48.199999999999974,2.2501288658034513,,Forage
fixed,0,340,1,1,34.300000000001106,50.0,46.199999999999946,2.2958121476290207,,Forage
fixed,0,350,1,1,33.800000000001134,55.0,44.19999999999992,2.342243410143748,,Forage
fixed,0,360,1,1,25.650000000001135,60.0,42.19999999999989,2.4761537590014133,,Forage
fixed,0,370,1,1,25.100000000001128,45.0,40.19999999999986,2.403955535908706,,Forage
fixed,0,380,1,1,24.60000000000112,50.0,38.19999999999983,2.53873123052164,,Forage
fixed,0,390,1,1,24.100000000001113,55.0,36.199999999999804,2.684334203421995,,Forage
fixed,0,400,1,1,23.600000000001106,60.0,34.199999999999775,2.830759367516661,,Forage
fixed,0,410,1,1,19.2000000000011,45.0,32.19999999999975,2.76990677286417,,Forage
fixed,0,420,1,1,18.700000000001094,50.0,30.199999999999754,2.858769088911076,,Forage
fixed,0,430,1,1,18.200000000001086,55.0,28.19999999999976,3.0008849945951233,,Forage
fixed,0,440,1,1,17.70000000000108,60.0,26.19999999999977,3.147045361214114,,Forage
fixed,0,450,1,1,17.200000000001072,65.0,24.199999999999775,3.2935128521239783,,Forage
fixed,0,460,1,1,9.050000000001072,70.0,22.199999999999783,3.3650786437626836,,Forage
fixed,0,470,1,1,13.500000000001066,75.0,20.19999999999979,3.5109999999999935,,Forage
fixed,0,480,1,1,13.000000000001059,80.0,18.199999999999797,3.605999999999993,,Forage
fixed,0,490,1,1,12.500000000001052,85.0,16.199999999999804,3.7009999999999934,,Forage
fixed,0,500,1,1,12.000000000001044,90.0,14.199999999999811,3.795999999999993,,Forage
fixed,0,510,1,1,5.700000000001045,75.0,12.199999999999818,3.7709999999999932,,Forage
fixed,0,520,1,1,5.2000000000010465,80.0,10.199999999999825,3.8439999999999928,,Forage
fixed,0,530,1,1,4.700000000001048,85.0,8.199999999999832,3.938999999999993,,Forage
fixed,0,540,1,1,4.20000000000105,90.0,6.1999999999998305,4.033999999999993,,Forage
fixed,0,550,1,1,3.700000000001052,95.0,4.199999999999829,4.1289999999999925,,Forage
fixed,0,560,0,0,0.0,100.0,2.199999999999827,1.9795786437626903,,Forage
fixed,1,1,1,1,99.0,0.5,49.8,0.3415435304940624,,Care
fixed,1,10,1,1,92.70000000000002,5.0,50.0,0.6205584218956598,,Care
fixed,1,20,1,1,91.70000000000007,10.0,50.0,0.7125946824347107,,Care
fixed,1,30,1,1,90.70000000000013,15.0,50.0,0.8074200540559757,,Care
fixed,1,40,1,1,89.70000000000019,20.0,50.0,0.9022673300603332,,Care
fixed,1,50,1,1,88.70000000000024,25.0,50.0,0.9971147689056042,,Care
fixed,1,60,1,1,87.7000000000003,30.0,50.0,1.0919622089614114,,Care
fixed,1,70,1,1,86.70000000000036,35.0,50.0,1.1868096490262174,,Care
fixed,1,80,1,1,85.70000000000041,40.0,50.0,1.2816570890910906,,Care
fixed,1,90,1,1,84.70000000000047,45.0,50.0,1.3765045291559639,,Care
fixed,1,100,1,1,83.70000000000053,50.0,50.0,1.5036556445171019,,Care
fixed,1,110,1,1,82.70000000000059,55.0,50.0,1.7622173051100336,,Care
fixed,1,120,1,1,81.70000000000064,60.0,50.0,2.159092039775867,,Care
fixed,1,130,1,1,75.30000000000067,65.0,48.59999999999998,2.405401786040504,,Forage
fixed,1,140,1,1,66.20000000000067,50.0,46.59999999999995,2.395338136173695,,Forage
fixed,1,150,1,1,58.95000000000068,35.0,44.59999999999992,2.8144766558939938,,Forage
fixed,1,160,1,1,50.80000000000068,40.0,42.599999999999895,2.6988206239526384,,Forage
fixed,1,170,1,1,44.550000000000686,25.0,40.599999999999866,2.778479312566761,,Forage
fixed,1,180,1,1,43.80000000000069,30.0,43.59999999999984,2.376585632617364,,Care
fixed,1,190,1,1,42.80000000000068,35.0,50.0,1.9846904163572154,,Care
fixed,1,200,1,1,41.800000000000665,40.0,50.0,1.9135158256704146,,Care
fixed,1,210,1,1,40.80000000000065,45.0,50.0,2.020867985271805,,Care
fixed,1,220,1,1,39.80000000000064,50.0,50.0,2.160554066467071,,Care
fixed,1,230,1,1,32.50000000000063,55.0,48.39999999999998,2.7595924915748937,,Forage
fixed,1,240,1,1,31.000000000000625,40.0,46.39999999999995,2.661837096245089,,Forage
fixed,1,250,1,1,30.500000000000618,45.0,44.39999999999992,2.670316205385959,,Forage
fixed,1,260,1,1,32.100000000000634,50.0,42.39999999999989,2.807941353362189,,Forage
fixed,1,270,1,1,31.600000000000634,55.0,40.399999999999864,2.8466366673614294,,Forage
fixed,1,280,1,1,31.100000000000627,60.0,38.399999999999835,2.985126379954253,,Forage
fixed,1,290,1,1,30.60000000000062,65.0,36.39999999999981,3.125629688882596,,Forage
fixed,1,300,1,1,30.100000000000612,70.0,34.39999999999978,3.2661330988856645,,Forage
fixed,1,310,1,1,21.95000000000061,75.0,32.39999999999975,3.7173208634991344,,Forage
fixed,1,320,1,1,20.450000000000603,60.0,30.399999999999753,3.743414317505094,,Forage
fixed,1,330,1,1,19.950000000000596,65.0,28.39999999999976,3.8809691457511293,,Forage
fixed,1,340,1,1,19.45000000000059,70.0,26.399999999999768,4.021450628583264,,Forage
fixed,1,350,1,1,18.950000000000582,75.0,24.399999999999775,4.161953876334192,,Forage
fixed,1,360,1,1,9.900000000000581,80.0,22.399999999999782,4.327989723237194,,Forage
fixed,1,370,1,1,0.8000000000005816,85.0,20.39999999999979,4.597926112503014,,Forage
fixed,1,380,1,1,0.2500000000005815,70.0,18.399999999999796,4.463497315624249,,Forage
fixed,1,390,0,1,0.0,75.0,16.399999999999803,4.579577713705966,,Forage
fixed,1,400,0,1,0.0,80.0,14.39999999999981,4.669577713705967,,Forage
fixed,1,410,0,1,0.0,85.0,12.399999999999817,4.759577713705966,,Forage
fixed,1,420,0,1,0.0,90.0,10.399999999999824,4.8495777137059655,,Forage
fixed,1,430,0,1,0.0,95.0,8.399999999999832,4.939577713705965,,Forage
fixed,1,440,0,0,0.0,100.0,6.399999999999831,3.157577713705962,,Forage
fixed,2,1,1,1,99.95,0.5,49.8,0.13474516069296702,,Forage
fixed,2,10,1,1,99.50000000000003,5.0,47.99999999999997,0.24199437670364368,,Forage
fixed,2,20,1,1,99.00000000000006,10.0,45.99999999999994,0.3720508189102624,,Forage
fixed,2,30,1,1,98.50000000000009,15.0,43.999999999999915,0.5114893799421338,,Forage
fixed,2,40,1,1,98.00000000000011,20.0,41.999999999999886,0.6601701380090188,,Forage
fixed,2,50,1,1,97.50000000000014,25.0,39.99999999999986,0.818083355339311,,Forage
fixed,2,60,1,1,89.35000000000015,30.0,37.99999999999983,1.043385641675902,,Forage
fixed,2,70,1,1,83.85000000000018,15.0,39.9999999999998,1.0403741663592936,,Care
fixed,2,80,1,1,83.30000000000021,20.0,38.99999999999977,1.041690449887747,,Forage
fixed,2,90,1,1,82.80000000000024,25.0,36.999999999999744,1.1564059629608545,,Forage
fixed,2,100,1,1,82.25000000000027,30.0,35.999999999999716,1.2459062265021523,,Forage
fixed,2,110,1,1,75.90000000000029,15.0,34.99999999999969,1.1941362882310393,,Care
fixed,2,120,1,1,75.15000000000033,20.0,37.99999999999966,1.1331266243632365,,Forage
fixed,2,130,1,1,74.65000000000036,25.0,35.99999999999963,1.254067155985725,,Forage
fixed,2,140,1,1,74.10000000000039,30.0,34.9999999999996,1.3508703316230837,,Forage
fixed,2,150,1,1,73.60000000000042,35.0,32.999999999999574,1.4731596293304312,,Forage
fixed,2,160,1,1,65.45000000000043,40.0,30.999999999999567,1.3581781822967098,,Forage
fixed,2,170,1,1,62.750000000000426,25.0,33.99999999999956,1.5082762888386338,,Forage
fixed,2,180,1,1,62.20000000000045,30.0,32.99999999999953,1.5650454293207585,,Forage
fixed,2,190,1,1,61.70000000000048,35.0,30.999999999999524,1.6865657332755213,,Forage
fixed,2,200,1,1,61.20000000000051,40.0,28.99999999999953,1.8091288228890616,,Forage
fixed,2,210,1,1,53.000000000000504,45.0,27.999999999999538,1.880863234256345,,Forage
fixed,2,220,1,1,46.6000000000005,30.0,28.999999999999545,1.9524613240606339,,Care
fixed,2,230,1,1,46.05000000000052,35.0,27.999999999999552,1.9580137688504617,,Forage
fixed,2,240,1,1,45.50000000000055,40.0,26.99999999999956,2.0492514944110534,,Forage
fixed,2,250,1,1,45.000000000000576,45.0,24.999999999999567,2.1650218684992786,,Forage
fixed,2,260,1,1,35.95000000000058,50.0,22.999999999999574,2.401916661168316,,Forage
fixed,2,270,1,1,26.850000000000577,55.0,20.99999999999958,2.656259254308074,,Forage
fixed,2,280,1,1,26.100000000000566,40.0,22.999999999999588,2.3908935328189997,,Forage
fixed,2,290,1,1,25.55000000000056,45.0,21.999999999999595,2.43772655591263,,Forage
fixed,2,300,1,1,25.05000000000055,50.0,19.999999999999602,2.5518639223494484,,Forage
fixed,2,310,1,1,27.600000000000545,55.0,17.99999999999961,2.427134650242834,,Forage
fixed,2,320,1,1,27.100000000000538,60.0,15.999999999999616,2.6730145854921603,,Forage
fixed,2,330,1,1,26.60000000000053,65.0,13.999999999999623,2.9288498221251507,,Forage
fixed,2,340,1,1,26.100000000000524,70.0,11.99999999999963,3.1939169899008113,,Forage
fixed,2,350,1,1,25.600000000000517,75.0,9.999999999999638,3.4682158885076118,,Forage
fixed,2,360,1,1,17.450000000000514,80.0,7.999999999999644,3.9520892303647024,,Forage
fixed,2,370,1,1,10.250000000000513,65.0,5.999999999999642,3.561384294107114,,Forage
fixed,2,380,1,1,9.400000000000514,70.0,10.999999999999647,3.212060298948515,,Forage
fixed,2,390,1,1,8.850000000000508,75.0,9.999999999999654,3.2688407187469144,,Forage
fixed,2,400,1,1,8.3500000000005,80.0,7.99999999999966,3.384750579735236,,Forage
fixed,2,410,1,1,0.20000000000049978,85.0,5.999999999999658,3.495862921019361,,Forage
fixed,2,420,0,1,0.0,90.0,3.9999999999996563,3.512742052176457,,Forage
fixed,2,430,0,1,0.0,95.0,1.9999999999996547,3.6027420521764575,,Forage
fixed,2,440,0,0,0.0,100.0,0.0,1.6927420521764505,,Forage
fixed,3,1,1,1,99.0,0.5,49.8,0.35814939504252785,,Care
fixed,3,10,1,1,97.60000000000002,5.0,47.99999999999997,0.3825075203532417,,Forage
fixed,3,20,1,1,97.10000000000005,10.0,45.99999999999994,0.8785528488092872,,Forage
fixed,3,30,1,1,96.60000000000008,15.0,43.999999999999915,1.5523994295685226,,Forage
fixed,3,40,1,1,96.10000000000011,20.0,41.999999999999886,1.7085170073612945,,Forage
fixed,3,50,1,1,95.60000000000014,25.0,39.99999999999986,1.8659295622140588,,Forage
fixed,3,60,1,1,87.45000000000014,30.0,37.99999999999983,2.1819693719946205,,Forage
fixed,3,70,1,1,85.95000000000017,15.0,35.9999999999998,2.104071821091342,,Forage
fixed,3,80,1,1,85.4500000000002,20.0,33.99999999999977,2.1954448724774633,,Forage
fixed,3,90,1,1,84.95000000000023,25.0,31.999999999999748,2.499979724555335,,Forage
fixed,3,100,1,1,84.45000000000026,30.0,29.999999999999755,2.6516207690275535,,Forage
fixed,3,110,1,1,76.30000000000027,35.0,27.999999999999762,2.750197022668243,,Forage
fixed,3,120,1,1,75.7500000000003,20.0,25.99999999999977,2.7940797352627014,,Forage
fixed,3,130,1,1,75.25000000000033,25.0,23.999999999999776,2.95325798205967,,Forage
fixed,3,140,1,1,74.75000000000036,30.0,21.999999999999783,3.1255605768903147,,Forage
fixed,3,150,1,1,74.25000000000038,35.0,19.99999999999979,3.302626205381817,,Forage
fixed,3,160,1,1,67.9500000000004,20.0,17.999999999999797,3.4073247560179594,,Forage
fixed,3,170,1,1,67.45000000000043,25.0,15.999999999999805,3.552524711108866,,Forage
fixed,3,180,1,1,66.95000000000046,30.0,13.999999999999812,3.6504999999999987,,Forage
fixed,3,190,1,1,66.45000000000049,35.0,11.999999999999819,3.745499999999999,,Forage
fixed,3,200,1,1,65.95000000000051,40.0,9.999999999999826,3.8404999999999982,,Forage
fixed,3,210,1,1,59.65000000000052,25.0,7.999999999999832,3.8154999999999983,,Forage
fixed,3,220,1,1,59.150000000000546,30.0,5.99999999999983,3.888499999999998,,Forage
fixed,3,230,1,1,58.650000000000574,35.0,3.9999999999998286,3.983499999999998,,Forage
fixed,3,240,1,1,58.1500000000006,40.0,1.999999999999827,4.078499999999997,,Forage
fixed,3,250,1,0,57.65000000000063,45.0,0.0,2.6158373056791655,,Forage
fixed,3,260,1,0,58.300000000000644,45.0,0.0,2.5254685226819493,,Forage
fixed,3,270,1,0,57.80000000000067,45.0,0.0,2.477722629147231,,Forage
fixed,3,280,1,0,57.3000000000007,45.0,0.0,2.4752078664913593,,Forage
fixed,3,290,1,0,56.80000000000073,45.0,0.0,2.4884951923659093,,Forage
fixed,3,300,1,0,56.30000000000076,45.0,0.0,2.5072647540949538,,Forage
fixed,3,310,1,0,59.80000000000078,45.0,0.0,2.431281352038525,,Forage
fixed,3,320,1,0,59.30000000000081,45.0,0.0,2.403919513784734,,Forage
fixed,3,330,1,0,58.800000000000836,45.0,0.0,2.4077792694603835,,Forage
fixed,3,340,1,0,58.300000000000864,45.0,0.0,2.422963599136111,,Forage
fixed,3,350,1,0,57.80000000000089,45.0,0.0,2.442255220307082,,Forage
fixed,3,360,1,0,55.6000000000009,45.0,0.0,2.5722814507603204,,Forage
fixed,3,370,1,0,55.100000000000925,45.0,0.0,2.5631836919995177,,Forage
fixed,3,380,1,0,54.60000000000095,45.0,0.0,2.581331729936469,,Forage
fixed,3,390,1,0,54.10000000000098,45.0,0.0,2.601697257688824,,Forage
fixed,3,400,1,0,53.60000000000101,45.0,0.0,2.6228675214122954,,Forage
fixed,3,410,1,0,52.35000000000102,45.0,0.0,2.714345838042221,,Forage
fixed,3,420,1,0,51.850000000001046,45.0,0.0,2.708375465706257,,Forage
fixed,3,430,1,0,51.350000000001074,45.0,0.0,2.7235894720468132,,Forage
fixed,3,440,1,0,50.8500000000011,45.0,0.0,2.7428901510715,,Forage
fixed,3,450,1,0,50.35000000000113,45.0,0.0,2.76367394728917,,Forage
fixed,3,460,1,0,50.05000000000114,45.0,0.0,2.799488202853029,,Forage
fixed,3,470,1,0,49.55000000000117,45.0,0.0,2.804499999794184,,Forage
fixed,3,480,1,0,49.0500000000012,45.0,0.0,2.8094999999177506,,Forage
fixed,3,490,1,0,48.550000000001226,45.0,0.0,2.8144999999671265,,Forage
fixed,3,500,1,0,48.050000000001255,45.0,0.0,2.8194999999868564,,Forage
fixed,3,510,1,0,39.00000000000126,45.0,0.0,2.9549999999947403,,Forage
fixed,3,520,1,0,43.45000000000128,45.0,0.0,2.8654999999978905,,Forage
fixed,3,530,1,0,42.95000000000131,45.0,0.0,2.870499999999149,,Forage
fixed,3,540,1,0,42.45000000000134,45.0,0.0,2.8754999999996516,,Forage
fixed,3,550,1,0,41.95000000000137,45.0,0.0,2.8804999999998526,,Forage
fixed,3,560,1,0,38.80000000000137,45.0,0.0,2.952999999999933,,Forage
fixed,3,570,1,0,38.3000000000014,45.0,0.0,2.9169999999999647,,Forage
fixed,3,580,1,0,37.800000000001425,45.0,0.0,2.921999999999977,,Forage
fixed,3,590,1,0,37.300000000001454,45.0,0.0,2.926999999999982,,Forage
fixed,3,600,1,0,36.80000000000148,45.0,0.0,2.931999999999984,,Forage
fixed,3,610,1,0,33.650000000001484,45.0,0.0,3.0044999999999846,,Forage
fixed,3,620,1,0,33.15000000000151,45.0,0.0,2.9684999999999846,,Forage
fixed,3,630,1,0,32.65000000000154,45.0,0.0,2.9734999999999845,,Forage
fixed,3,640,1,0,32.15000000000157,45.0,0.0,2.9784999999999844,,Forage
fixed,3,650,1,0,31.650000000001572,45.0,0.0,2.9834999999999843,,Forage
fixed,3,660,1,0,33.250000000001585,45.0,0.0,2.9674999999999843,,Forage
fixed,3,670,1,0,32.75000000000161,45.0,0.0,2.972499999999984,,Forage
fixed,3,680,1,0,32.25000000000164,45.0,0.0,2.9774999999999836,,Forage
fixed,3,690,1,0,31.750000000001652,45.0,0.0,2.9824999999999835,,Forage
fixed,3,700,1,0,31.250000000001645,45.0,0.0,2.9874999999999834,,Forage
fixed,3,710,1,0,30.95000000000164,45.0,0.0,2.9904999999999835,,Forage
fixed,3,720,1,0,30.450000000001634,45.0,0.0,2.995499999999984,,Forage
fixed,3,730,1,0,29.950000000001626,45.0,0.0,3.0004999999999837,,Forage
fixed,3,740,1,0,29.45000000000162,45.0,0.0,3.0054999999999836,,Forage
fixed,3,750,1,0,28.950000000001612,45.0,0.0,3.010499999999984,,Forage
fixed,3,760,1,0,25.80000000000161,45.0,0.0,3.0829999999999838,,Forage
fixed,3,770,1,0,25.300000000001603,45.0,0.0,3.0469999999999837,,Forage
fixed,3,780,1,0,24.800000000001596,45.0,0.0,3.051999999999984,,Forage
fixed,3,790,1,0,24.30000000000159,45.0,0.0,3.056999999999984,,Forage
fixed,3,800,1,0,23.80000000000158,45.0,0.0,3.0619999999999843,,Forage
fixed,3,810,1,0,22.550000000001578,45.0,0.0,3.0854999999999846,,Forage
fixed,3,820,1,0,22.05000000000157,45.0,0.0,3.0794999999999844,,Forage
fixed,3,830,1,0,21.550000000001564,45.0,0.0,3.0844999999999843,,Forage
fixed,3,840,1,0,21.050000000001557,45.0,0.0,3.089499999999984,,Forage
fixed,3,850,1,0,20.55000000000155,45.0,0.0,3.0944999999999845,,Forage
fixed,3,860,1,0,19.300000000001546,45.0,0.0,3.117999999999985,,Forage
fixed,3,870,1,0,18.80000000000154,45.0,0.0,3.1119999999999846,,Forage
fixed,3,880,1,0,18.300000000001532,45.0,0.0,3.116999999999985,,Forage
fixed,3,890,1,0,17.800000000001525,45.0,0.0,3.121999999999985,,Forage
fixed,3,900,1,0,17.300000000001518,45.0,0.0,3.1269999999999847,,Forage
fixed,3,910,1,0,18.900000000001516,45.0,0.0,3.1109999999999847,,Forage
fixed,3,920,1,0,18.40000000000151,45.0,0.0,3.115999999999985,,Forage
fixed,3,930,1,0,17.9000000000015,45.0,0.0,3.120999999999985,,Forage
fixed,3,940,1,0,17.400000000001494,45.0,0.0,3.1259999999999852,,Forage
fixed,3,950,1,0,16.900000000001487,45.0,0.0,3.130999999999985,,Forage
fixed,3,960,1,0,18.50000000000148,45.0,0.0,3.114999999999985,,Forage
fixed,3,970,1,0,18.000000000001474,45.0,0.0,3.119999999999985,,Forage
fixed,3,980,1,0,17.500000000001467,45.0,0.0,3.1249999999999853,,Forage
fixed,3,990,1,0,17.00000000000146,45.0,0.0,3.1299999999999852,,Forage
fixed,3,1000,1,0,16.500000000001453,45.0,0.0,3.1349999999999856,,Forage
fixed,4,1,1,1,99.0,0.5,49.8,0.03247610175884421,,Care
fixed,4,10,1,1,95.40000000000003,5.0,50.0,0.6111763955216825,,Care
fixed,4,20,1,1,94.40000000000009,10.0,50.0,0.7172838626839948,,Care
fixed,4,30,1,1,93.40000000000015,15.0,50.0,0.8375100670224682,,Care
fixed,4,40,1,1,92.4000000000002,20.0,50.0,0.971453914444659,,Care
fixed,4,50,1,1,91.40000000000026,25.0,50.0,1.1173468051012372,,Care
fixed,4,60,1,1,90.40000000000032,30.0,50.0,1.2731730041815,,Care
fixed,4,70,1,1,89.40000000000038,35.0,50.0,1.4370741888839644,,Care
fixed,4,80,1,1,88.40000000000043,40.0,50.0,1.607466137956851,,Care
fixed,4,90,1,1,87.40000000000049,45.0,50.0,1.7830451433945136,,Care
fixed,4,100,1,1,86.40000000000055,50.0,50.0,1.9627567369002854,,Care
fixed,4,110,1,1,85.70000000000059,55.0,48.999999999999986,2.050714234585732,,Self
fixed,4,120,1,1,85.20000000000061,60.0,46.99999999999996,2.160000000000001,,Self
fixed,4,130,1,1,84.70000000000064,65.0,44.99999999999993,2.2500000000000013,,Self
fixed,4,140,1,1,84.15000000000067,70.0,43.9999999999999,2.320000000000002,,Self
fixed,4,150,1,1,83.55000000000071,75.0,43.99999999999987,2.3700000000000028,,Self
fixed,4,160,1,1,82.95000000000074,80.0,43.999999999999844,2.420000000000003,,Self
fixed,4,170,1,1,82.35000000000078,85.0,43.999999999999815,2.4700000000000037,,Self
fixed,4,180,1,1,73.25000000000078,90.0,41.99999999999979,2.432078643762687,,Forage
fixed,4,190,1,1,71.55000000000082,75.0,43.99999999999976,2.454499999999997,,Self
fixed,4,200,1,1,70.00000000000085,80.0,43.99999999999973,2.524999999999997,,Forage
fixed,4,210,1,1,60.90000000000086,85.0,41.9999999999997,2.510578643762688,,Forage
fixed,4,220,1,1,59.20000000000086,70.0,43.99999999999967,2.527999999999998,,Self
fixed,4,230,1,1,52.95000000000087,75.0,42.999999999999645,2.2733427124746175,,Forage
fixed,4,240,1,1,44.75000000000087,60.0,40.999999999999616,2.704499999999999,,Forage
fixed,4,250,1,1,42.10000000000087,65.0,43.99999999999959,2.51857864376269,,Forage
fixed,4,260,1,1,34.85000000000087,50.0,41.99999999999956,2.6295,,Self
fixed,4,270,1,1,34.15000000000088,55.0,43.99999999999953,2.6285000000000007,,Self
fixed,4,280,1,1,27.900000000000887,60.0,42.9999999999995,2.4981067811865487,,Forage
fixed,4,290,1,1,18.800000000000885,65.0,40.999999999999474,2.7351572875253827,,Forage
fixed,4,300,1,1,17.150000000000876,50.0,41.999999999999446,2.7885000000000026,,Forage
fixed,4,310,1,1,14.000000000000876,55.0,39.99999999999942,2.951000000000003,,Forage
fixed,4,320,1,1,13.500000000000869,60.0,37.99999999999939,3.0050000000000034,,Forage
fixed,4,330,1,1,13.000000000000862,65.0,35.99999999999936,3.1017465488273004,,Forage
fixed,4,340,1,1,12.500000000000854,70.0,33.99999999999933,3.3686913387521713,,Forage
fixed,4,350,1,1,12.000000000000847,75.0,31.999999999999307,3.796721370579357,,Forage
fixed,4,360,1,1,3.8500000000008465,80.0,29.999999999999314,4.224927627490672,,Forage
fixed,4,370,0,1,0.0,85.0,27.99999999999932,4.151000000000013,,Forage
fixed,4,380,0,1,0.0,90.0,25.99999999999933,4.241000000000013,,Forage
fixed,4,390,0,1,0.0,95.0,23.999999999999336,4.331000000000014,,Forage
fixed,4,400,0,0,0.0,100.0,21.999999999999343,2.8609999999999998,,Forage
fixed,5,1,1,1,99.0,0.5,49.8,0.34208716220815794,,Care
fixed,5,10,1,1,92.70000000000002,5.0,50.0,0.6334237995556704,,Care
fixed,5,20,1,1,91.70000000000007,10.0,50.0,0.7392820623483463,,Care
fixed,5,30,1,1,90.70000000000013,15.0,50.0,0.8512560120765882,,Care
fixed,5,40,1,1,89.70000000000019,20.0,50.0,0.963433452063581,,Care
fixed,5,50,1,1,88.70000000000024,25.0,50.0,1.0756174310189135,,Care
fixed,5,60,1,1,87.7000000000003,30.0,50.0,1.2406177466386097,,Care
fixed,5,70,1,1,86.70000000000036,35.0,50.0,1.5905122277565038,,Care
fixed,5,80,1,1,84.80000000000041,40.0,49.599999999999994,2.052090649682329,,Forage
fixed,5,90,1,1,82.90000000000046,25.0,50.0,1.894576425655107,,Care
fixed,5,100,1,1,81.90000000000052,30.0,50.0,2.0376848338661486,,Care
fixed,5,110,1,1,79.15000000000056,15.0,50.0,1.7654521889145813,,Care
fixed,5,120,1,1,78.15000000000062,20.0,50.0,1.5135492643589268,,Care
fixed,5,130,1,1,77.15000000000067,25.0,50.0,1.496405797790575,,Care
fixed,5,140,1,1,76.15000000000073,30.0,50.0,1.6715649382615783,,Care
fixed,5,150,1,1,75.15000000000079,35.0,50.0,2.0376619492038777,,Care
fixed,5,160,1,1,70.55000000000082,20.0,50.0,2.3384112986491425,,Care
fixed,5,170,1,1,69.55000000000088,25.0,50.0,2.2034413422852186,,Care
fixed,5,180,1,1,68.80000000000092,30.0,48.999999999999986,2.346458290159627,,Forage
fixed,5,190,1,1,68.30000000000095,35.0,46.99999999999996,2.5435833127589498,,Forage
fixed,5,200,1,1,67.80000000000098,40.0,44.99999999999993,2.637299611409733,,Forage
fixed,5,210,1,1,61.50000000000099,25.0,42.9999999999999,2.6698832380946382,,Forage
fixed,5,220,1,1,61.000000000001016,30.0,40.99999999999987,2.6633356279381384,,Forage
fixed,5,230,1,1,60.500000000001044,35.0,38.999999999999844,2.8259690389395695,,Forage
fixed,5,240,1,1,60.00000000000107,40.0,36.999999999999815,2.993555931410554,,Forage
fixed,5,250,1,1,59.5000000000011,45.0,34.99999999999979,3.1613019993571814,,Forage
fixed,5,260,1,1,51.3500000000011,50.0,32.99999999999976,3.088273405942031,,Forage
fixed,5,270,1,1,48.90000000000112,35.0,30.99999999999975,3.2643113502859364,,Forage
fixed,5,280,1,1,48.40000000000115,40.0,28.99999999999976,3.412042518386684,,Forage
fixed,5,290,1,1,47.90000000000118,45.0,26.999999999999766,3.579150535848066,,Forage
fixed,5,300,1,1,47.40000000000121,50.0,24.999999999999773,3.7468812155963693,,Forage
fixed,5,310,1,1,39.25000000000121,55.0,22.99999999999978,3.7041854249492303,,Forage
fixed,5,320,1,1,34.90000000000122,40.0,20.999999999999787,3.8985759891616034,,Forage
fixed,5,330,1,1,34.40000000000125,45.0,18.999999999999794,4.025999999999992,,Forage
fixed,5,340,1,1,33.90000000000128,50.0,16.9999999999998,4.120999999999991,,Forage
fixed,5,350,1,1,33.400000000001306,55.0,14.999999999999808,4.21599999999999,,Forage
fixed,5,360,1,1,29.000000000001304,40.0,12.999999999999815,4.149999999999991,,Forage
fixed,5,370,1,1,28.500000000001297,45.0,10.999999999999822,4.244999999999991,,Forage
fixed,5,380,1,1,28.00000000000129,50.0,8.99999999999983,4.339999999999991,,Forage
fixed,5,390,1,1,27.500000000001283,55.0,6.999999999999831,4.43499999999999,,Forage
fixed,5,400,1,1,27.000000000001275,60.0,4.9999999999998295,4.5299999999999905,,Forage
fixed,5,410,1,1,18.850000000001273,65.0,2.9999999999998277,4.318235931288062,,Forage
fixed,5,420,1,1,16.400000000001267,50.0,0.9999999999998272,4.615999999999991,,Forage
fixed,5,430,1,0,15.90000000000126,52.5,0.0,2.629936472263865,,Self
fixed,5,440,1,0,15.400000000001253,52.5,0.0,2.547946284579374,,Self
fixed,5,450,1,0,14.900000000001246,52.5,0.0,2.553498982876801,,Self
fixed,5,460,1,0,14.400000000001238,52.5,0.0,2.561544334018234,,Self
fixed,5,470,1,0,13.900000000001231,52.5,0.0,2.569646375244557,,Self
fixed,5,480,1,0,13.400000000001224,52.5,0.0,2.5777485278134327,,Self
fixed,5,490,1,0,12.900000000001217,52.5,0.0,2.5858505589968646,,Self
fixed,5,500,1,0,12.40000000000121,52.5,0.0,2.593952577149438,,Self
fixed,5,510,1,0,11.900000000001203,52.5,0.0,2.6020545942161895,,Self
fixed,5,520,1,0,11.400000000001196,52.5,0.0,2.6101566111993093,,Self
fixed,5,530,1,0,10.900000000001189,52.5,0.0,2.6182586281761804,,Self
fixed,5,540,1,0,10.400000000001182,52.5,0.0,2.626360645152591,,Self
fixed,5,550,1,0,9.900000000001175,52.5,0.0,2.6344626621289673,,Self
fixed,5,560,1,0,9.400000000001167,52.5,0.0,2.6425646791053414,,Self
fixed,5,570,1,0,8.90000000000116,52.5,0.0,2.650666696081715,,Self
fixed,5,580,1,0,8.400000000001153,52.5,0.0,2.658768713058089,,Self
fixed,5,590,1,0,7.900000000001148,52.5,0.0,2.6668707300344625,,Self
fixed,5,600,1,0,7.40000000000115,52.5,0.0,2.674972747010836,,Self
fixed,5,610,1,0,6.900000000001151,52.5,0.0,2.68307476398721,,Self
fixed,5,620,1,0,6.400000000001153,52.5,0.0,2.6911767809635836,,Self
fixed,5,630,1,0,5.900000000001155,52.5,0.0,2.6992787979399573,,Self
fixed,5,640,1,0,5.400000000001157,52.5,0.0,2.707380814916331,,Self
fixed,5,650,1,0,4.9000000000011585,52.5,0.0,2.7154828318927047,,Self
fixed,5,660,1,0,4.40000000000116,52.5,0.0,2.7235848488690784,,Self
fixed,5,670,1,0,3.900000000001162,52.5,0.0,2.731686865845452,,Self
fixed,5,680,1,0,3.400000000001164,52.5,0.0,2.7397888828218253,,Self
fixed,5,690,1,0,2.9000000000011656,52.5,0.0,2.7478908997981994,,Self
fixed,5,700,1,0,2.4000000000011674,52.5,0.0,2.7559929167745727,,Self
fixed,5,710,1,0,1.9000000000011688,52.5,0.0,2.7640949337509464,,Self
fixed,5,720,1,0,1.4000000000011683,52.5,0.0,2.77219695072732,,Self
fixed,5,730,1,0,0.9000000000011679,52.5,0.0,2.7802989677036942,,Self
fixed,5,740,1,0,0.40000000000116753,52.5,0.0,2.7884009846800675,,Self
fixed,6,1,1,1,99.0,0.5,49.8,0.4981889045618927,,Care
fixed,6,10,1,1,90.9,5.0,48.99999999999997,0.6280484629279203,,Care
fixed,6,20,1,1,89.90000000000006,10.0,50.0,0.676337846636561,,Care
fixed,6,30,1,1,88.90000000000012,15.0,50.0,0.7464496083442093,,Care
fixed,6,40,1,1,87.90000000000018,20.0,50.0,0.8165613700621612,,Care
fixed,6,50,1,1,86.90000000000023,25.0,50.0,0.8866731317801132,,Care
fixed,6,60,1,1,85.90000000000029,30.0,50.0,0.9567848934980652,,Care
fixed,6,70,1,1,84.90000000000035,35.0,50.0,1.026896655216017,,Care
fixed,6,80,1,1,83.9000000000004,40.0,50.0,1.097008416933969,,Care
fixed,6,90,1,1,82.90000000000046,45.0,50.0,1.167120178651921,,Care
fixed,6,100,1,1,81.90000000000052,50.0,50.0,1.237231940369873,,Care
fixed,6,110,1,1,80.90000000000057,55.0,50.0,1.3073437020878251,,Care
fixed,6,120,1,1,79.90000000000063,60.0,50.0,1.3784554638057707,,Care
fixed,6,130,1,1,78.90000000000069,65.0,50.0,1.4595890556854458,,Care
fixed,6,140,1,1,77.90000000000074,70.0,50.0,1.5408583601698758,,Care
fixed,6,150,1,1,76.9000000000008,75.0,50.0,1.6221276646544656,,Care
fixed,6,160,1,1,75.90000000000086,80.0,50.0,1.7033969691390554,,Care
fixed,6,170,1,1,74.90000000000092,85.0,50.0,1.7846662736236452,,Care
fixed,6,180,1,1,73.90000000000097,90.0,50.0,1.865935578108235,,Care
fixed,6,190,1,1,72.90000000000103,95.0,50.0,1.9472048825928248,,Care
fixed,6,200,1,0,71.00000000000108,100.0,49.8,1.6819431439965729,,Forage
fixed,6,210,1,0,72.80000000000109,100.0,49.8,1.8666494039182857,,Forage
fixed,6,220,1,0,68.7000000000011,100.0,49.8,1.9515676826061314,,Forage
fixed,6,230,1,0,72.20000000000113,100.0,49.8,1.8409031035514887,,Forage
fixed,6,240,1,0,71.70000000000115,100.0,49.8,1.7464818715222168,,Forage
fixed,6,250,1,0,71.20000000000118,100.0,49.8,1.6520606429055356,,Forage
fixed,6,260,1,0,62.150000000001185,100.0,49.8,1.7856474696637017,,Forage
fixed,6,270,1,0,66.6000000000012,100.0,49.8,1.6493853400601417,,Forage
fixed,6,280,1,0,66.10000000000123,100.0,49.8,1.6549641110153896,,Forage
fixed,6,290,1,0,65.60000000000126,100.0,49.8,1.6605428823987085,,Forage
fixed,6,300,1,0,65.10000000000129,100.0,49.8,1.6661216537820271,,Forage
fixed,6,310,1,0,61.95000000000129,100.0,49.8,1.7467084805401936,,Forage
fixed,6,320,1,0,61.45000000000132,100.0,49.8,1.706846684933953,,Forage
fixed,6,330,1,0,60.950000000001346,100.0,49.8,1.7124254562635755,,Forage
fixed,6,340,1,0,60.450000000001374,100.0,49.8,1.7180042276468943,,Forage
fixed,6,350,1,0,59.9500000000014,100.0,49.8,1.7235829990302132,,Forage
fixed,6,360,1,0,58.70000000000141,100.0,49.8,1.7493652780829376,,Forage
fixed,6,370,1,0,58.20000000000144,100.0,49.8,1.7431086988726747,,Forage
fixed,6,380,1,0,57.70000000000147,100.0,49.8,1.7486874702551485,,Forage
fixed,6,390,1,0,57.200000000001495,100.0,49.8,1.7542662416384673,,Forage
fixed,6,400,1,0,56.70000000000152,100.0,49.8,1.7598450130217862,,Forage
fixed,6,410,1,0,58.30000000000154,100.0,49.8,1.7419946728007305,,Forage
fixed,6,420,1,0,57.80000000000157,100.0,49.8,1.7475717159784852,,Forage
fixed,6,430,1,0,57.300000000001596,100.0,49.8,1.7531504873618027,,Forage
fixed,6,440,1,0,56.800000000001624,100.0,49.8,1.7587292587451213,,Forage
fixed,6,450,1,0,56.30000000000165,100.0,49.8,1.76430803012844,,Forage
fixed,6,460,1,0,58.85000000000167,100.0,49.8,1.7358565130290262,,Forage
fixed,6,470,1,0,58.3500000000017,100.0,49.8,1.7414350674568313,,Forage
fixed,6,480,1,0,57.85000000000173,100.0,49.8,1.74701383884015,,Forage
fixed,6,490,1,0,57.35000000000176,100.0,49.8,1.7525926102234686,,Forage
fixed,6,500,1,0,56.850000000001785,100.0,49.8,1.7581713816067877,,Forage
fixed,6,510,1,0,57.5000000000018,100.0,49.8,1.7509327304788074,,Forage
fixed,6,520,1,0,57.000000000001826,100.0,49.8,1.7564977501918047,,Forage
fixed,6,530,1,0,56.500000000001855,100.0,49.8,1.7620765215751102,,Forage
fixed,6,540,1,0,56.00000000000188,100.0,49.8,1.767655292958429,,Forage
fixed,6,550,1,0,55.50000000000191,100.0,49.8,1.773234064341748,,Forage
fixed,6,560,1,0,56.150000000001924,100.0,49.8,1.7659954132137676,,Forage
fixed,6,570,1,0,55.65000000000195,100.0,49.8,1.7715604329267651,,Forage
fixed,6,580,1,0,55.15000000000198,100.0,49.8,1.7771392043100704,,Forage
fixed,6,590,1,0,54.65000000000201,100.0,49.8,1.7827179756933893,,Forage
fixed,6,600,1,0,54.15000000000204,100.0,49.8,1.7882967470767082,,Forage
fixed,6,610,1,0,55.75000000000205,100.0,49.8,1.7704464068556525,,Forage
fixed,6,620,1,0,55.25000000000208,100.0,49.8,1.7760234500334073,,Forage
fixed,6,630,1,0,54.75000000000211,100.0,49.8,1.7816022214167244,,Forage
fixed,6,640,1,0,54.25000000000214,100.0,49.8,1.7871809928000433,,Forage
fixed,6,650,1,0,53.75000000000217,100.0,49.8,1.7927597641833621,,Forage
fixed,6,660,1,0,50.60000000000217,100.0,49.8,1.8733465909415283,,Forage
fixed,6,670,1,0,50.1000000000022,100.0,49.8,1.8334847953352877,,Forage
fixed,6,680,1,0,49.600000000002225,100.0,49.8,1.8390635666649102,,Forage
fixed,6,690,1,0,49.100000000002254,100.0,49.8,1.844642338048229,,Forage
fixed,6,700,1,0,48.60000000000228,100.0,49.8,1.850221109431548,,Forage
fixed,6,710,1,0,39.550000000002285,100.0,49.8,1.993807936189714,,Forage
fixed,6,720,1,0,44.00000000000231,100.0,49.8,1.901545806586154,,Forage
fixed,6,730,1,0,43.50000000000234,100.0,49.8,1.9071245775414027,,Forage
fixed,6,740,1,0,43.000000000002366,100.0,49.8,1.9127033489247214,,Forage
fixed,6,750,1,0,42.500000000002395,100.0,49.8,1.91828212030804,,Forage
fixed,6,760,1,0,41.2500000000024,100.0,49.8,1.9440643993607647,,Forage
fixed,6,770,1,0,40.75000000000243,100.0,49.8,1.9378078201505016,,Forage
fixed,6,780,1,0,40.25000000000246,100.0,49.8,1.9433865915329758,,Forage
fixed,6,790,1,0,39.75000000000249,100.0,49.8,1.9489653629162946,,Forage
fixed,6,800,1,0,39.250000000002515,100.0,49.8,1.9545441342996133,,Forage
fixed,6,810,1,0,41.800000000002534,100.0,49.8,1.9260926172001993,,Forage
fixed,6,820,1,0,41.30000000000256,100.0,49.8,1.9316711716280044,,Forage
fixed,6,830,1,0,40.80000000000259,100.0,49.8,1.9372499430113232,,Forage
fixed,6,840,1,0,40.30000000000262,100.0,49.8,1.9428287143946419,,Forage
fixed,6,850,1,0,39.80000000000265,100.0,49.8,1.9484074857779607,,Forage
fixed,6,860,1,0,40.45000000000266,100.0,49.8,1.9411688346499805,,Forage
fixed,6,870,1,0,39.95000000000269,100.0,49.8,1.9467338543629777,,Forage
fixed,6,880,1,0,39.45000000000272,100.0,49.8,1.9523126257462833,,Forage
fixed,6,890,1,0,38.950000000002746,100.0,49.8,1.9578913971296021,,Forage
fixed,6,900,1,0,38.450000000002774,100.0,49.8,1.963470168512921,,Forage
fixed,6,910,1,0,38.150000000002784,100.0,49.8,1.9669261715309108,,Forage
fixed,6,920,1,0,37.65000000000281,100.0,49.8,1.9723962027263373,,Forage
fixed,6,930,1,0,37.15000000000284,100.0,49.8,1.97797497410955,,Forage
fixed,6,940,1,0,36.65000000000287,100.0,49.8,1.983553745492869,,Forage
fixed,6,950,1,0,36.1500000000029,100.0,49.8,1.9891325168761878,,Forage
fixed,6,960,1,0,36.80000000000291,100.0,49.8,1.9818938657482075,,Forage
fixed,6,970,1,0,36.30000000000294,100.0,49.8,1.987458885461205,,Forage
fixed,6,980,1,0,35.80000000000297,100.0,49.8,1.9930376568445103,,Forage
fixed,6,990,1,0,35.300000000002996,100.0,49.8,1.9986164282278291,,Forage
fixed,6,1000,1,0,34.800000000003024,100.0,49.8,2.0041951996111482,,Forage
fixed,7,1,1,1,99.0,0.5,49.8,0.24300135109242832,,Care
fixed,7,10,1,1,93.60000000000002,5.0,50.0,0.5884881456717131,,Care
fixed,7,20,1,1,92.60000000000008,10.0,50.0,0.6512726805078382,,Care
fixed,7,30,1,1,91.60000000000014,15.0,50.0,0.7140751552950351,,Care
fixed,7,40,1,1,90.6000000000002,20.0,50.0,0.7768776306834362,,Care
fixed,7,50,1,1,89.60000000000025,25.0,50.0,0.8396801060718633,,Care
fixed,7,60,1,1,88.6000000000003,30.0,50.0,0.9024825814602904,,Care
fixed,7,70,1,1,87.60000000000036,35.0,50.0,0.9652850568487176,,Care
fixed,7,80,1,1,86.60000000000042,40.0,50.0,1.0280875322371448,,Care
fixed,7,90,1,1,85.60000000000048,45.0,50.0,1.0908900076255719,,Care
fixed,7,100,1,1,84.60000000000053,50.0,50.0,1.153692483013999,,Care
fixed,7,110,1,1,83.60000000000059,55.0,50.0,1.216494958402426,,Care
fixed,7,120,1,1,82.60000000000065,60.0,50.0,1.2792974337908531,,Care
fixed,7,130,1,1,81.6000000000007,65.0,50.0,1.34209990917928,,Care
fixed,7,140,1,1,80.60000000000076,70.0,50.0,1.4049023845677073,,Care
fixed,7,150,1,1,79.60000000000082,75.0,50.0,1.4718457752641863,,Care
fixed,7,160,1,1,78.60000000000088,80.0,50.0,1.5455989442501314,,Care
fixed,7,170,1,1,77.60000000000093,85.0,50.0,1.619360004699186,,Care
fixed,7,180,1,1,76.60000000000099,90.0,50.0,1.6931210654888664,,Care
fixed,7,190,1,1,75.60000000000105,95.0,50.0,1.766882126278561,,Care
fixed,7,200,1,0,74.6500000000011,100.0,49.8,0.8513634136122956,,Care
fixed,7,210,1,0,73.40000000000111,100.0,49.8,1.7349407079871144,,Forage
fixed,7,220,1,0,81.10000000000113,100.0,49.8,1.7524643863169767,,Forage
fixed,7,230,1,0,80.60000000000116,100.0,49.8,1.6519422659427863,,Forage
fixed,7,240,1,0,80.10000000000119,100.0,49.8,1.5519980110195206,,Forage
fixed,7,250,1,0,79.60000000000122,100.0,49.8,1.5042582314311874,,Forage
fixed,7,260,1,0,81.20000000000124,100.0,49.8,1.5000531007113849,,Forage
fixed,7,270,1,0,80.70000000000127,100.0,49.8,1.5000000022123736,,Forage
fixed,7,280,1,0,80.2000000000013,100.0,49.8,1.4999999999973719,,Forage
fixed,7,290,1,0,79.70000000000132,100.0,49.8,1.5031628988101353,,Forage
fixed,7,300,1,0,79.20000000000135,100.0,49.8,1.5086416628453905,,Forage
fixed,7,310,1,0,80.80000000000138,100.0,49.8,1.5000604287432333,,Forage
fixed,7,320,1,0,80.3000000000014,100.0,49.8,1.5000000026082663,,Forage
fixed,7,330,1,0,79.80000000000143,100.0,49.8,1.5020704576541273,,Forage
fixed,7,340,1,0,79.30000000000146,100.0,49.8,1.5075458044527736,,Forage
fixed,7,350,1,0,78.80000000000149,100.0,49.8,1.5130250969830872,,Forage
fixed,7,360,1,0,69.75000000000149,100.0,49.8,1.6548218829840906,,Forage
fixed,7,370,1,0,74.20000000000152,100.0,49.8,1.5634360367430824,,Forage
fixed,7,380,1,0,73.70000000000155,100.0,49.8,1.5689138825919993,,Forage
fixed,7,390,1,0,73.20000000000158,100.0,49.8,1.5743931752301834,,Forage
fixed,7,400,1,0,72.70000000000161,100.0,49.8,1.5798724679308145,,Forage
fixed,7,410,1,0,73.35000000000163,100.0,49.8,1.5729701017774258,,Forage
fixed,7,420,1,0,72.85000000000166,100.0,49.8,1.5782286896477027,,Forage
fixed,7,430,1,0,72.35000000000169,100.0,49.8,1.5837079728216688,,Forage
fixed,7,440,1,0,71.85000000000171,100.0,49.8,1.5891872655218913,,Forage
fixed,7,450,1,0,71.35000000000174,100.0,49.8,1.5946665582225252,,Forage
fixed,7,460,1,0,62.300000000001745,100.0,49.8,1.7364633442235358,,Forage
fixed,7,470,1,0,66.75000000000178,100.0,49.8,1.6450774979825278,,Forage
fixed,7,480,1,0,66.2500000000018,100.0,49.8,1.6505553438314444,,Forage
fixed,7,490,1,0,65.75000000000183,100.0,49.8,1.6560346364696286,,Forage
fixed,7,500,1,0,65.25000000000186,100.0,49.8,1.6615139291702596,,Forage
fixed,7,510,1,0,66.85000000000188,100.0,49.8,1.644061295651003,,Forage
fixed,7,520,1,0,66.35000000000191,100.0,49.8,1.6494594887294913,,Forage
fixed,7,530,1,0,65.85000000000194,100.0,49.8,1.6549387779296492,,Forage
fixed,7,540,1,0,65.35000000000197,100.0,49.8,1.6604180706301317,,Forage
fixed,7,550,1,0,64.850000000002,100.0,49.8,1.6658973633307654,,Forage
fixed,7,560,1,0,67.40000000000202,100.0,49.8,1.6379829687397414,,Forage
fixed,7,570,1,0,66.90000000000205,100.0,49.8,1.643432264552961,,Forage
fixed,7,580,1,0,66.40000000000208,100.0,49.8,1.648911555958855,,Forage
fixed,7,590,1,0,65.90000000000211,100.0,49.8,1.6543908486594328,,Forage
fixed,7,600,1,0,65.40000000000214,100.0,49.8,1.6598701413600665,,Forage
fixed,7,610,1,0,67.00000000000215,100.0,49.8,1.6424175078408099,,Forage
fixed,7,620,1,0,66.50000000000217,100.0,49.8,1.6478157009192982,,Forage
fixed,7,630,1,0,66.0000000000022,100.0,49.8,1.653294990119456,,Forage
fixed,7,640,1,0,65.50000000000223,100.0,49.8,1.6587742828199388,,Forage
fixed,7,650,1,0,65.00000000000226,100.0,49.8,1.6642535755205725,,Forage
fixed,7,660,1,0,63.75000000000227,100.0,49.8,1.6905858946871082,,Forage
fixed,7,670,1,0,63.250000000002295,100.0,49.8,1.6834311709466405,,Forage
fixed,7,680,1,0,62.75000000000232,100.0,49.8,1.6889103926764886,,Forage
fixed,7,690,1,0,62.25000000000235,100.0,49.8,1.694389685374059,,Forage
fixed,7,700,1,0,61.75000000000238,100.0,49.8,1.6998689780746927,,Forage
fixed,7,710,1,0,64.3000000000024,100.0,49.8,1.6719545834836687,,Forage
fixed,7,720,1,0,63.80000000000243,100.0,49.8,1.6774038792968882,,Forage
fixed,7,730,1,0,63.300000000002456,100.0,49.8,1.682883170702782,,Forage
fixed,7,740,1,0,62.800000000002484,100.0,49.8,1.6883624634033598,,Forage
fixed,7,750,1,0,62.30000000000251,100.0,49.8,1.6938417561039936,,Forage
fixed,7,760,1,0,62.950000000002525,100.0,49.8,1.686939389950605,,Forage
fixed,7,770,1,0,62.450000000002554,100.0,49.8,1.6921979778208818,,Forage
fixed,7,780,1,0,61.95000000000258,100.0,49.8,1.697677260994848,,Forage
fixed,7,790,1,0,61.45000000000261,100.0,49.8,1.7031565536950706,,Forage
fixed,7,800,1,0,60.95000000000264,100.0,49.8,1.7086358463957043,,Forage
fixed,7,810,1,0,51.90000000000264,100.0,49.8,1.850432632396715,,Forage
fixed,7,820,1,0,56.350000000002666,100.0,49.8,1.7590467861557069,,Forage
fixed,7,830,1,0,55.850000000002694,100.0,49.8,1.764524632004624,,Forage
fixed,7,840,1,0,55.35000000000272,100.0,49.8,1.770003924642808,,Forage
fixed,7,850,1,0,54.85000000000275,100.0,49.8,1.7754832173434392,,Forage
fixed,7,860,1,0,51.70000000000275,100.0,49.8,1.8542800033444498,,Forage
fixed,7,870,1,0,51.20000000000278,100.0,49.8,1.8154825836781443,,Forage
fixed,7,880,1,0,50.70000000000281,100.0,49.8,1.8209613467815613,,Forage
fixed,7,890,1,0,50.20000000000284,100.0,49.8,1.8264406394593362,,Forage
fixed,7,900,1,0,49.700000000002866,100.0,49.8,1.8319199321599688,,Forage
fixed,7,910,1,0,51.30000000000288,100.0,49.8,1.8144672986407122,,Forage
fixed,7,920,1,0,50.80000000000291,100.0,49.8,1.8198654917192008,,Forage
fixed,7,930,1,0,50.30000000000294,100.0,49.8,1.8253447809193584,,Forage
fixed,7,940,1,0,49.80000000000297,100.0,49.8,1.8308240736198411,,Forage
fixed,7,950,1,0,49.300000000002996,100.0,49.8,1.8363033663204749,,Forage
fixed,7,960,1,0,40.250000000003,100.0,49.8,1.9781001523214856,,Forage
fixed,7,970,1,0,44.70000000000302,100.0,49.8,1.8867143060804774,,Forage
fixed,7,980,1,0,44.20000000000305,100.0,49.8,1.8921921519293945,,Forage
fixed,7,990,1,0,43.70000000000308,100.0,49.8,1.8976714445675784,,Forage
fixed,7,1000,1,0,43.20000000000311,100.0,49.8,1.9031507372682097,,Forage
fixed,8,1,1,1,99.0,0.5,49.8,0.2737575482392625,,Care
fixed,8,10,1,1,97.20000000000005,5.0,50.0,0.5822344728481186,,Care
fixed,8,20,1,1,96.2000000000001,10.0,50.0,0.6634928891848284,,Care
fixed,8,30,1,1,95.20000000000016,15.0,50.0,0.7465382092395576,,Care
fixed,8,40,1,1,94.20000000000022,20.0,50.0,0.8299615551240191,,Care
fixed,8,50,1,1,93.20000000000027,25.0,50.0,0.9134648676477812,,Care
fixed,8,60,1,1,92.20000000000033,30.0,50.0,0.9969850961138467,,Care
fixed,8,70,1,1,91.20000000000039,35.0,50.0,1.0805089029359176,,Care
fixed,8,80,1,1,90.20000000000044,40.0,50.0,1.164033466714443,,Care
fixed,8,90,1,1,89.2000000000005,45.0,50.0,1.247558190617638,,Care
fixed,8,100,1,1,88.20000000000056,50.0,50.0,1.3310829483932038,,Care
fixed,8,110,1,1,87.20000000000061,55.0,50.0,1.4146077133340462,,Care
fixed,8,120,1,1,86.20000000000067,60.0,50.0,1.498132479790613,,Care
fixed,8,130,1,1,85.20000000000073,65.0,50.0,1.5816572465678127,,Care
fixed,8,140,1,1,84.20000000000078,70.0,50.0,1.665182013412838,,Care
fixed,8,150,1,1,83.20000000000084,75.0,50.0,1.7487067802722112,,Care
fixed,8,160,1,1,82.2000000000009,80.0,50.0,1.8322315471346193,,Care
fixed,8,170,1,1,81.20000000000095,85.0,50.0,1.9157563139976697,,Care
fixed,8,180,1,1,80.20000000000101,90.0,50.0,1.9992810808608557,,Care
fixed,8,190,1,1,79.20000000000107,95.0,50.0,2.090986712710814,,Care
fixed,8,200,1,0,78.25000000000112,100.0,49.8,1.7216838802667058,,Care
fixed,8,210,1,0,74.15000000000113,100.0,49.8,1.8874398363506417,,Forage
fixed,8,220,1,0,75.95000000000114,100.0,49.8,1.8472455905947105,,Forage
fixed,8,230,1,0,76.60000000000116,100.0,49.8,1.7980989962440868,,Forage
fixed,8,240,1,0,76.10000000000119,100.0,49.8,1.699267889230672,,Forage
fixed,8,250,1,0,75.60000000000122,100.0,49.8,1.6038087228377669,,Forage
fixed,8,260,1,0,66.55000000000122,100.0,49.8,1.7318126520369033,,Forage
fixed,8,270,1,0,71.00000000000125,100.0,49.8,1.5999111806167088,,Forage
fixed,8,280,1,0,70.50000000000128,100.0,49.8,1.6031919503805285,,Forage
fixed,8,290,1,0,70.00000000000131,100.0,49.8,1.6086054287888234,,Forage
fixed,8,300,1,0,69.50000000000134,100.0,49.8,1.6140470574863217,,Forage
fixed,8,310,1,0,60.45000000000134,100.0,49.8,1.7522415389709243,,Forage
fixed,8,320,1,0,64.90000000000136,100.0,49.8,1.6643803765032943,,Forage
fixed,8,330,1,0,64.40000000000138,100.0,49.8,1.6696696731218357,,Forage
fixed,8,340,1,0,63.90000000000141,100.0,49.8,1.6750849552795908,,Forage
fixed,8,350,1,0,63.40000000000144,100.0,49.8,1.680526965537726,,Forage
fixed,8,360,1,0,63.10000000000145,100.0,49.8,1.6851233194659472,,Forage
fixed,8,370,1,0,62.60000000000148,100.0,49.8,1.6895422489658065,,Forage
fixed,8,380,1,0,62.10000000000151,100.0,49.8,1.6947560624434899,,Forage
fixed,8,390,1,0,61.600000000001536,100.0,49.8,1.700155452433059,,Forage
fixed,8,400,1,0,61.100000000001565,100.0,49.8,1.705594100910869,,Forage
fixed,8,410,1,0,61.75000000000158,100.0,49.8,1.699960466843261,,Forage
fixed,8,420,1,0,61.250000000001606,100.0,49.8,1.704270998949596,,Forage
fixed,8,430,1,0,60.750000000001634,100.0,49.8,1.7094722266953446,,Forage
fixed,8,440,1,0,60.25000000000166,100.0,49.8,1.71486895557619,,Forage
fixed,8,450,1,0,59.75000000000169,100.0,49.8,1.720307041129885,,Forage
fixed,8,460,1,0,61.35000000000171,100.0,49.8,1.7044040988356297,,Forage
fixed,8,470,1,0,60.850000000001735,100.0,49.8,1.7086439779278804,,Forage
fixed,8,480,1,0,60.350000000001764,100.0,49.8,1.7138344552448674,,Forage
fixed,8,490,1,0,59.85000000000179,100.0,49.8,1.7192289105120866,,Forage
fixed,8,500,1,0,59.35000000000182,100.0,49.8,1.724666515111319,,Forage
fixed,8,510,1,0,61.90000000000184,100.0,49.8,1.6984732180226387,,Forage
fixed,8,520,1,0,61.40000000000187,100.0,49.8,1.7026615500173112,,Forage
fixed,8,530,1,0,60.900000000001896,100.0,49.8,1.7078428246762503,,Forage
fixed,8,540,1,0,60.400000000001924,100.0,49.8,1.7132353334411237,,Forage
fixed,8,550,1,0,59.90000000000195,100.0,49.8,1.7186725262821567,,Forage
fixed,8,560,1,0,59.60000000000196,100.0,49.8,1.7232678611460484,,Forage
fixed,8,570,1,0,59.10000000000199,100.0,49.8,1.7276865750755954,,Forage
fixed,8,580,1,0,58.60000000000202,100.0,49.8,1.7329003429520757,,Forage
fixed,8,590,1,0,58.10000000000205,100.0,49.8,1.7382997232952808,,Forage
fixed,8,600,1,0,57.600000000002076,100.0,49.8,1.743738369732523,,Forage
fixed,8,610,1,0,60.150000000002095,100.0,49.8,1.7175452930316424,,Forage
fixed,8,620,1,0,59.65000000000212,100.0,49.8,1.7217336716465974,,Forage
fixed,8,630,1,0,59.15000000000215,100.0,49.8,1.726914956167474,,Forage
fixed,8,640,1,0,58.65000000000218,100.0,49.8,1.732307467018517,,Forage
fixed,8,650,1,0,58.15000000000221,100.0,49.8,1.7377446603008528,,Forage
fixed,8,660,1,0,57.85000000000222,100.0,49.8,1.7423399952580967,,Forage
fixed,8,670,1,0,57.35000000000225,100.0,49.8,1.7467587092073913,,Forage
fixed,8,680,1,0,56.850000000002275,100.0,49.8,1.751972477088049,,Forage
fixed,8,690,1,0,56.350000000002304,100.0,49.8,1.7573718574321378,,Forage
fixed,8,700,1,0,55.85000000000233,100.0,49.8,1.762810503869567,,Forage
fixed,8,710,1,0,55.55000000000234,100.0,49.8,1.7674061462235944,,Forage
fixed,8,720,1,0,55.05000000000237,100.0,49.8,1.7718249251988334,,Forage
fixed,8,730,1,0,54.5500000000024,100.0,49.8,1.777038706834916,,Forage
fixed,8,740,1,0,54.05000000000243,100.0,49.8,1.7824380900887933,,Forage
fixed,8,750,1,0,53.550000000002456,100.0,49.8,1.7878767371417514,,Forage
fixed,8,760,1,0,56.100000000002474,100.0,49.8,1.761683660571118,,Forage
fixed,8,770,1,0,55.6000000000025,100.0,49.8,1.7658720392136251,,Forage
fixed,8,780,1,0,55.10000000000253,100.0,49.8,1.7710533237403299,,Forage
fixed,8,790,1,0,54.60000000000256,100.0,49.8,1.776445834592606,,Forage
fixed,8,800,1,0,54.10000000000259,100.0,49.8,1.7818830278752027,,Forage
fixed,8,810,1,0,55.7000000000026,100.0,49.8,1.7659798968321567,,Forage
fixed,8,820,1,0,55.20000000000263,100.0,49.8,1.770219735996962,,Forage
fixed,8,830,1,0,54.70000000000266,100.0,49.8,1.7754102048677973,,Forage
fixed,8,840,1,0,54.20000000000269,100.0,49.8,1.7808046583483388,,Forage
fixed,8,850,1,0,53.70000000000272,100.0,49.8,1.7862422625696217,,Forage
fixed,8,860,1,0,56.250000000002736,100.0,49.8,1.7600489654009912,,Forage
fixed,8,870,1,0,55.750000000002764,100.0,49.8,1.7642372973787512,,Forage
fixed,8,880,1,0,55.25000000000279,100.0,49.8,1.7694185720341125,,Forage
fixed,8,890,1,0,54.75000000000282,100.0,49.8,1.7748110807982291,,Forage
fixed,8,900,1,0,54.25000000000285,100.0,49.8,1.780248273639102,,Forage
fixed,8,910,1,0,53.000000000002856,100.0,49.8,1.8059885195744232,,Forage
fixed,8,920,1,0,52.500000000002885,100.0,49.8,1.7995971631793153,,Forage
fixed,8,930,1,0,52.00000000000291,100.0,49.8,1.8048256022885476,,Forage
fixed,8,940,1,0,51.50000000000294,100.0,49.8,1.8102280830766593,,Forage
fixed,8,950,1,0,51.00000000000297,100.0,49.8,1.8156673853738705,,Forage
fixed,8,960,1,0,52.600000000002986,100.0,49.8,1.7997647004664863,,Forage
fixed,8,970,1,0,52.100000000003014,100.0,49.8,1.8040046340057105,,Forage
fixed,8,980,1,0,51.60000000000304,100.0,49.8,1.8091951228402734,,Forage
fixed,8,990,1,0,51.10000000000307,100.0,49.8,1.8145895805438919,,Forage
fixed,8,1000,1,0,50.6000000000031,100.0,49.8,1.820027185658514,,Forage
fixed,9,1,1,1,99.0,0.5,49.8,0.1746712909551291,,Care
fixed,9,10,1,1,96.30000000000004,5.0,50.0,0.5774888417687121,,Care
fixed,9,20,1,1,95.3000000000001,10.0,50.0,0.6432315567205041,,Care
fixed,9,30,1,1,94.30000000000015,15.0,50.0,0.7089742816456932,,Care
fixed,9,40,1,1,93.30000000000021,20.0,50.0,0.7747170065708826,,Care
fixed,9,50,1,1,92.30000000000027,25.0,50.0,0.8404597314960719,,Care
fixed,9,60,1,1,91.30000000000032,30.0,50.0,0.9062024564212612,,Care
fixed,9,70,1,1,90.30000000000038,35.0,50.0,0.9719451813464505,,Care
fixed,9,80,1,1,81.20000000000039,40.0,48.199999999999974,1.0515061506394128,,Forage
fixed,9,90,1,1,72.10000000000039,45.0,46.199999999999946,2.189805859827366,,Forage
fixed,9,100,1,1,71.30000000000044,30.0,49.19999999999992,1.0779132000875438,,Forage
fixed,9,110,1,1,63.15000000000044,35.0,47.19999999999989,1.2802074795166751,,Forage
fixed,9,120,1,1,55.00000000000044,20.0,45.19999999999986,1.972049143272957,,Forage
fixed,9,130,1,1,54.40000000000046,25.0,45.19999999999983,1.2567694169404262,,Forage
fixed,9,140,1,1,53.850000000000485,30.0,44.199999999999804,1.249167988394852,,Forage
fixed,9,150,1,1,53.35000000000051,35.0,42.199999999999775,1.3151802489849693,,Forage
fixed,9,160,1,1,45.200000000000514,40.0,40.19999999999975,1.5009541438333645,,Forage
fixed,9,170,1,1,44.45000000000052,25.0,42.19999999999972,1.2933170910530303,,Forage
fixed,9,180,1,1,43.95000000000055,30.0,40.19999999999969,1.394329310800112,,Forage
fixed,9,190,1,1,43.45000000000058,35.0,38.19999999999966,1.495341655627458,,Forage
fixed,9,200,1,1,42.9000000000006,40.0,37.19999999999963,1.576740162516709,,Forage
fixed,9,210,1,1,38.3500000000006,25.0,38.199999999999605,1.4608382768980401,,Care
fixed,9,220,1,1,37.75000000000062,30.0,38.19999999999958,1.496997397781986,,Forage
fixed,9,230,1,1,37.25000000000065,35.0,36.19999999999955,1.5980097419315933,,Forage
fixed,9,240,1,1,36.70000000000067,40.0,35.19999999999952,1.6794082492627145,,Forage
fixed,9,250,1,1,36.2000000000007,45.0,33.19999999999949,1.7804205935511064,,Forage
fixed,9,260,1,1,34.950000000000706,50.0,31.19999999999948,1.757649080809453,,Forage
fixed,9,270,1,1,34.450000000000735,55.0,29.199999999999488,2.6314190692395796,,Forage
fixed,9,280,1,1,33.95000000000076,60.0,27.199999999999495,2.732431414060197,,Forage
fixed,9,290,1,1,33.45000000000079,65.0,25.199999999999502,2.8334437588875456,,Forage
fixed,9,300,1,1,32.95000000000082,70.0,23.19999999999951,2.934456103714895,,Forage
fixed,9,310,1,1,24.80000000000082,75.0,21.199999999999516,3.2119235054029045,,Forage
fixed,9,320,1,1,22.200000000000813,60.0,22.199999999999523,2.3250817780898347,,Care
fixed,9,330,1,1,21.650000000000805,65.0,21.19999999999953,2.3913166315447403,,Forage
fixed,9,340,1,1,21.150000000000798,70.0,19.199999999999537,2.4923289762540657,,Forage
fixed,9,350,1,1,20.60000000000079,75.0,18.199999999999545,2.573727483585187,,Forage
fixed,9,360,1,1,12.45000000000079,80.0,16.19999999999955,3.1319810149452465,,Forage
fixed,9,370,1,1,8.100000000000787,65.0,14.199999999999559,2.9767466717515356,,Forage
fixed,9,380,1,1,7.450000000000789,70.0,15.199999999999566,2.7107560307560536,,Forage
fixed,9,390,1,1,6.950000000000791,75.0,13.199999999999573,2.811768371991888,,Forage
fixed,9,400,1,1,6.450000000000792,80.0,11.19999999999958,2.9127807168192366,,Forage
fixed,9,410,1,1,3.7000000000007938,65.0,14.199999999999587,2.7300768181358652,,Care
fixed,9,420,1,1,3.100000000000795,70.0,14.199999999999594,2.7746774563730785,,Forage
fixed,9,430,1,1,2.600000000000797,75.0,12.199999999999601,2.8756897981268428,,Forage
fixed,9,440,1,1,2.1000000000007986,80.0,10.199999999999608,2.9767021429541916,,Forage
fixed,9,450,1,1,1.6000000000007986,85.0,8.199999999999616,3.0777144877815408,,Forage
fixed,9,460,0,1,0.0,90.0,6.199999999999614,3.054096834992445,,Forage
fixed,9,470,0,1,0.0,95.0,4.199999999999612,3.1440968349924447,,Forage
fixed,9,480,0,0,0.0,100.0,2.1999999999996103,1.2780968349924369,,Forage
fixed,10,1,1,1,99.0,0.5,49.8,0.3171489160636563,,Care
fixed,10,10,1,1,97.20000000000005,5.0,50.0,0.5889766298492847,,Care
fixed,10,20,1,1,96.2000000000001,10.0,50.0,0.6707351302275744,,Care
fixed,10,30,1,1,95.20000000000016,15.0,50.0,0.7525133065000812,,Care
fixed,10,40,1,1,94.20000000000022,20.0,50.0,0.8342915107053017,,Care
fixed,10,50,1,1,93.20000000000027,25.0,50.0,0.9160697149501984,,Care
fixed,10,60,1,1,92.20000000000033,30.0,50.0,0.9978479191951515,,Care
fixed,10,70,1,1,91.20000000000039,35.0,50.0,1.0796261234401046,,Care
fixed,10,80,1,1,90.20000000000044,40.0,50.0,1.1614043276850579,,Care
fixed,10,90,1,1,89.2000000000005,45.0,50.0,1.2431825319300112,,Care
fixed,10,100,1,1,88.20000000000056,50.0,50.0,1.3249607361749645,,Care
fixed,10,110,1,1,87.20000000000061,55.0,50.0,1.4067389404199178,,Care
fixed,10,120,1,1,86.20000000000067,60.0,50.0,1.488517144664871,,Care
fixed,10,130,1,1,83.40000000000072,65.0,49.39999999999999,1.4507191772198278,,Forage
fixed,10,140,1,1,82.40000000000077,50.0,50.0,1.3732211075973644,,Care
fixed,10,150,1,1,81.40000000000083,55.0,50.0,1.454739310178084,,Care
fixed,10,160,1,1,80.40000000000089,60.0,50.0,1.5365171451900883,,Care
fixed,10,170,1,1,76.70000000000093,65.0,49.39999999999999,1.4371072006520718,,Forage
fixed,10,180,1,1,73.00000000000097,50.0,50.0,1.5282647597143217,,Care
fixed,10,190,1,1,72.00000000000102,55.0,50.0,1.6185267199481819,,Care
fixed,10,200,1,1,70.10000000000107,60.0,49.8,1.729888786054409,,Forage
fixed,10,210,1,1,65.50000000000111,45.0,50.0,1.604380860647657,,Care
fixed,10,220,1,1,64.50000000000117,50.0,50.0,1.6911758541315458,,Care
fixed,10,230,1,1,63.50000000000119,55.0,50.0,1.785533050812139,,Care
fixed,10,240,1,1,56.20000000000118,60.0,48.39999999999998,1.8755625825864137,,Forage
fixed,10,250,1,1,50.85000000000119,45.0,47.39999999999995,1.9193226636393623,,Care
fixed,10,260,1,1,49.850000000001174,50.0,50.0,1.9307576580969645,,Care
fixed,10,270,1,1,40.75000000000117,55.0,47.99999999999997,2.1121963998980284,,Forage
fixed,10,280,1,1,37.200000000001175,40.0,48.99999999999994,2.020938371031663,,Care
fixed,10,290,1,1,36.30000000000117,45.0,49.599999999999994,2.0614488810872036,,Forage
fixed,10,300,1,1,35.8000000000012,50.0,47.599999999999966,2.0940420085215075,,Forage
fixed,10,310,1,1,27.6500000000012,55.0,45.59999999999994,2.4984843795168064,,Forage
fixed,10,320,1,1,26.750000000001187,40.0,49.8,2.0275176340980803,,Forage
fixed,10,330,1,1,26.25000000000118,45.0,47.79999999999997,2.055980847404593,,Forage
fixed,10,340,1,1,25.750000000001172,50.0,45.79999999999994,2.089246394695322,,Forage
fixed,10,350,1,1,25.250000000001165,55.0,43.79999999999991,2.1455184722879124,,Forage
fixed,10,360,1,1,22.100000000001163,60.0,41.79999999999988,2.5881244704944186,,Forage
fixed,10,370,1,1,21.600000000001156,65.0,39.799999999999855,3.286900731789143,,Forage
fixed,10,380,1,1,21.10000000000115,70.0,37.79999999999983,3.420118770437032,,Forage
fixed,10,390,1,1,20.600000000001142,75.0,35.7999999999998,3.5533907793871844,,Forage
fixed,10,400,1,1,20.100000000001135,80.0,33.79999999999977,3.686662866150693,,Forage
fixed,10,410,1,1,11.950000000001134,85.0,31.79999999999975,3.9620420333327777,,Forage
fixed,10,420,1,1,11.400000000001128,70.0,29.799999999999756,2.9209940459211228,,Forage
fixed,10,430,1,1,10.900000000001121,75.0,27.799999999999763,3.0434920769002107,,Forage
fixed,10,440,1,1,10.400000000001114,80.0,25.79999999999977,3.1658192963329936,,Forage
fixed,10,450,1,1,9.900000000001107,85.0,23.799999999999777,3.288146511390822,,Forage
fixed,10,460,1,1,5.500000000001108,70.0,21.799999999999784,3.4552502378974745,,Forage
fixed,10,470,1,1,5.000000000001109,75.0,19.79999999999979,3.3074222292838464,,Forage
fixed,10,480,1,1,4.500000000001111,80.0,17.799999999999798,3.429749375202267,,Forage
fixed,10,490,1,1,4.000000000001113,85.0,15.799999999999805,3.5520765902582125,,Forage
fixed,10,500,1,1,3.5000000000011147,90.0,13.799999999999812,3.6744038053159276,,Forage
fixed,10,510,0,1,0.0,95.0,11.79999999999982,3.7111866961310778,,Forage
fixed,10,520,0,0,0.0,100.0,9.799999999999827,1.9971866961310738,,Forage
fixed,11,1,1,1,99.0,0.5,49.8,0.2574202199084164,,Care
fixed,11,10,1,1,92.70000000000002,5.0,50.0,0.6120217838248977,,Care
fixed,11,20,1,1,91.70000000000007,10.0,50.0,0.688643737137996,,Care
fixed,11,30,1,1,90.70000000000013,15.0,50.0,0.7696556791812077,,Care
fixed,11,40,1,1,89.70000000000019,20.0,50.0,0.8506690631385949,,Care
fixed,11,50,1,1,88.70000000000024,25.0,50.0,0.9316824474463914,,Care
fixed,11,60,1,1,87.7000000000003,30.0,50.0,1.0126958317542731,,Care
fixed,11,70,1,1,86.70000000000036,35.0,50.0,1.0937092160621544,,Care
fixed,11,80,1,1,85.70000000000041,40.0,50.0,1.1747226003700364,,Care
fixed,11,90,1,1,84.70000000000047,45.0,50.0,1.2557359846779177,,Care
fixed,11,100,1,1,83.70000000000053,50.0,50.0,1.3367493689857994,,Care
fixed,11,110,1,1,82.70000000000059,55.0,50.0,1.4177627532936812,,Care
fixed,11,120,1,1,81.70000000000064,60.0,50.0,1.4987761376015625,,Care
fixed,11,130,1,1,80.7000000000007,65.0,50.0,1.5797895219094442,,Care
fixed,11,140,1,1,79.70000000000076,70.0,50.0,1.6638740806843775,,Care
fixed,11,150,1,1,78.70000000000081,75.0,50.0,1.7564524327032425,,Care
fixed,11,160,1,1,77.70000000000087,80.0,50.0,1.849114958939213,,Care
fixed,11,170,1,1,76.70000000000093,85.0,50.0,1.9417775075735246,,Care
fixed,11,180,1,1,75.70000000000098,90.0,50.0,2.0344400562132776,,Care
fixed,11,190,1,1,74.70000000000104,95.0,50.0,2.127102604853032,,Care
fixed,11,200,1,0,73.7500000000011,100.0,49.8,1.4706953327291685,,Care
fixed,11,210,1,0,76.50000000000111,100.0,49.8,1.7906739342946207,,Forage
fixed,11,220,1,0,80.20000000000113,100.0,49.8,1.7597227188278608,,Forage
fixed,11,230,1,0,79.70000000000115,100.0,49.8,1.6592457753733765,,Forage
fixed,11,240,1,0,79.20000000000118,100.0,49.8,1.5650654357428624,,Forage
fixed,11,250,1,0,78.70000000000121,100.0,49.8,1.5148900167004054,,Forage
fixed,11,260,1,0,80.30000000000123,100.0,49.8,1.5003453104662794,,Forage
fixed,11,270,1,0,79.80000000000126,100.0,49.8,1.502095145218156,,Forage
fixed,11,280,1,0,79.30000000000129,100.0,49.8,1.5079005229971676,,Forage
fixed,11,290,1,0,78.80000000000132,100.0,49.8,1.5137251002681125,,Forage
fixed,11,300,1,0,78.30000000000135,100.0,49.8,1.5195496824328598,,Forage
fixed,11,310,1,0,77.05000000000136,100.0,49.8,1.5489572151422424,,Forage
fixed,11,320,1,0,76.55000000000139,100.0,49.8,1.5399369486230599,,Forage
fixed,11,330,1,0,76.05000000000142,100.0,49.8,1.545760302478132,,Forage
fixed,11,340,1,0,75.55000000000145,100.0,49.8,1.5515848843455817,,Forage
fixed,11,350,1,0,75.05000000000148,100.0,49.8,1.5574094665114453,,Forage
fixed,11,360,1,0,74.75000000000149,100.0,49.8,1.5628225867025638,,Forage
fixed,11,370,1,0,74.25000000000152,100.0,49.8,1.5667293334283214,,Forage
fixed,11,380,1,0,73.75000000000155,100.0,49.8,1.5725533802729654,,Forage
fixed,11,390,1,0,73.25000000000158,100.0,49.8,1.5783779623088474,,Forage
fixed,11,400,1,0,72.7500000000016,100.0,49.8,1.5842025444747518,,Forage
fixed,11,410,1,0,72.45000000000162,100.0,49.8,1.5896156646658701,,Forage
fixed,11,420,1,0,71.95000000000165,100.0,49.8,1.593522411391628,,Forage
fixed,11,430,1,0,71.45000000000168,100.0,49.8,1.5993464582362722,,Forage
fixed,11,440,1,0,70.95000000000171,100.0,49.8,1.605171040272154,,Forage
fixed,11,450,1,0,70.45000000000174,100.0,49.8,1.6109956224380584,,Forage
fixed,11,460,1,0,70.15000000000175,100.0,49.8,1.6164087426291767,,Forage
fixed,11,470,1,0,69.65000000000178,100.0,49.8,1.6203154893549345,,Forage
fixed,11,480,1,0,69.15000000000181,100.0,49.8,1.6261395361995783,,Forage
fixed,11,490,1,0,68.65000000000184,100.0,49.8,1.6319641182354605,,Forage
fixed,11,500,1,0,68.15000000000187,100.0,49.8,1.637788700401365,,Forage
fixed,11,510,1,0,68.80000000000189,100.0,49.8,1.6311117604458432,,Forage
fixed,11,520,1,0,68.30000000000192,100.0,49.8,1.6360415595456637,,Forage
fixed,11,530,1,0,67.80000000000194,100.0,49.8,1.6418659079743114,,Forage
fixed,11,540,1,0,67.30000000000197,100.0,49.8,1.6476904900834697,,Forage
fixed,11,550,1,0,66.800000000002,100.0,49.8,1.653515072249392,,Forage
fixed,11,560,1,0,63.650000000002,100.0,49.8,1.73612189851529,,Forage
fixed,11,570,1,0,63.15000000000203,100.0,49.8,1.696040998980601,,Forage
fixed,11,580,1,0,62.65000000000206,100.0,49.8,1.7018591058025978,,Forage
fixed,11,590,1,0,62.15000000000209,100.0,49.8,1.7076836863929836,,Forage
fixed,11,600,1,0,61.650000000002116,100.0,49.8,1.7135082685585372,,Forage
fixed,11,610,1,0,64.20000000000213,100.0,49.8,1.6839861494147912,,Forage
fixed,11,620,1,0,63.70000000000216,100.0,49.8,1.6896275271032084,,Forage
fixed,11,630,1,0,63.20000000000219,100.0,49.8,1.695452063855166,,Forage
fixed,11,640,1,0,62.70000000000222,100.0,49.8,1.7012766460100717,,Forage
fixed,11,650,1,0,62.20000000000225,100.0,49.8,1.7071012281760052,,Forage
fixed,11,660,1,0,61.90000000000226,100.0,49.8,1.7125143483671237,,Forage
fixed,11,670,1,0,61.40000000000229,100.0,49.8,1.7164210950928813,,Forage
fixed,11,680,1,0,60.900000000002315,100.0,49.8,1.7222451419375253,,Forage
fixed,11,690,1,0,60.40000000000234,100.0,49.8,1.728069723973407,,Forage
fixed,11,700,1,0,59.90000000000237,100.0,49.8,1.733894306139312,,Forage
fixed,11,710,1,0,62.45000000000239,100.0,49.8,1.7043721869955661,,Forage
fixed,11,720,1,0,61.95000000000242,100.0,49.8,1.7100135646839834,,Forage
fixed,11,730,1,0,61.45000000000245,100.0,49.8,1.7158381014359407,,Forage
fixed,11,740,1,0,60.950000000002476,100.0,49.8,1.7216626835908464,,Forage
fixed,11,750,1,0,60.450000000002504,100.0,49.8,1.7274872657567801,,Forage
fixed,11,760,1,0,61.10000000000252,100.0,49.8,1.7208103258012586,,Forage
fixed,11,770,1,0,60.600000000002545,100.0,49.8,1.7257401249010789,,Forage
fixed,11,780,1,0,60.100000000002574,100.0,49.8,1.7315644733297268,,Forage
fixed,11,790,1,0,59.6000000000026,100.0,49.8,1.7373890554388849,,Forage
fixed,11,800,1,0,59.10000000000263,100.0,49.8,1.743213637604807,,Forage
fixed,11,810,1,0,55.95000000000263,100.0,49.8,1.8258204638707052,,Forage
fixed,11,820,1,0,55.45000000000266,100.0,49.8,1.785739564336016,,Forage
fixed,11,830,1,0,54.95000000000269,100.0,49.8,1.7915576711580128,,Forage
fixed,11,840,1,0,54.45000000000272,100.0,49.8,1.7973822517483986,,Forage
fixed,11,850,1,0,53.950000000002746,100.0,49.8,1.8032068339139522,,Forage
fixed,11,860,1,0,51.75000000000275,100.0,49.8,1.86131366017985,,Forage
fixed,11,870,1,0,51.25000000000278,100.0,49.8,1.8346623985383186,,Forage
fixed,11,880,1,0,50.75000000000281,100.0,49.8,1.8404841604617534,,Forage
fixed,11,890,1,0,50.250000000002835,100.0,49.8,1.8463087419420479,,Forage
fixed,11,900,1,0,49.75000000000286,100.0,49.8,1.8521333241078177,,Forage
fixed,11,910,1,0,48.50000000000287,100.0,49.8,1.8815408568172005,,Forage
fixed,11,920,1,0,48.0000000000029,100.0,49.8,1.872520590298018,,Forage
fixed,11,930,1,0,47.50000000000293,100.0,49.8,1.87834394415309,,Forage
fixed,11,940,1,0,47.000000000002956,100.0,49.8,1.8841685260205399,,Forage
fixed,11,950,1,0,46.500000000002984,100.0,49.8,1.8899931081864036,,Forage
fixed,11,960,1,0,48.100000000003,100.0,49.8,1.8717606476763273,,Forage
fixed,11,970,1,0,47.60000000000303,100.0,49.8,1.8771791299561542,,Forage
fixed,11,980,1,0,47.10000000000306,100.0,49.8,1.8830036096121843,,Forage
fixed,11,990,1,0,46.600000000003085,100.0,49.8,1.8888281917532213,,Forage
fixed,11,1000,1,0,46.100000000003114,100.0,49.8,1.8946527739191512,,Forage
fixed,12,1,1,1,99.95,0.5,49.8,0.053102568127386424,,Forage
fixed,12,10,1,1,99.50000000000003,5.0,47.99999999999997,0.2270606338119567,,Forage
fixed,12,20,1,1,99.00000000000006,10.0,45.99999999999994,0.5551754470430325,,Forage
fixed,12,30,1,1,98.50000000000009,15.0,43.999999999999915,1.0244154580782654,,Forage
fixed,12,40,1,1,98.00000000000011,20.0,41.999999999999886,1.4775679027538595,,Forage
fixed,12,50,1,1,97.50000000000014,25.0,39.99999999999986,1.5869435691925777,,Forage
fixed,12,60,1,1,92.15000000000016,10.0,37.99999999999983,1.8868177493261156,,Forage
fixed,12,70,1,1,91.65000000000019,15.0,35.9999999999998,1.8805498020332967,,Forage
fixed,12,80,1,1,91.15000000000022,20.0,33.99999999999977,2.0302112453692702,,Forage
fixed,12,90,1,1,90.65000000000025,25.0,31.999999999999748,2.237184639714343,,Forage
fixed,12,100,1,1,90.15000000000028,30.0,29.999999999999755,2.3465603061287057,,Forage
fixed,12,110,1,1,82.00000000000028,35.0,27.999999999999762,2.3555146163300837,,Forage
fixed,12,120,1,1,81.45000000000032,20.0,25.99999999999977,2.3195521509832524,,Forage
fixed,12,130,1,1,80.95000000000034,25.0,23.999999999999776,2.42884718457726,,Forage
fixed,12,140,1,1,80.45000000000037,30.0,21.999999999999783,2.538222733036222,,Forage
fixed,12,150,1,1,79.9500000000004,35.0,19.99999999999979,2.6480983993023166,,Forage
fixed,12,160,1,1,71.80000000000041,40.0,17.999999999999797,2.6295434634167822,,Forage
fixed,12,170,1,1,65.55000000000042,25.0,15.999999999999805,2.830143086894495,,Forage
fixed,12,180,1,1,65.05000000000045,30.0,13.999999999999812,2.8995670680377925,,Forage
fixed,12,190,1,1,64.55000000000048,35.0,11.999999999999819,3.014619378731117,,Forage
fixed,12,200,1,1,64.05000000000051,40.0,9.999999999999826,3.1296769953633254,,Forage
fixed,12,210,1,1,55.90000000000051,45.0,7.999999999999832,3.227379175539363,,Forage
fixed,12,220,1,1,55.350000000000534,30.0,5.99999999999983,3.2015268378637947,,Forage
fixed,12,230,1,1,54.85000000000056,35.0,3.9999999999998286,3.3165118886091913,,Forage
fixed,12,240,1,1,54.35000000000059,40.0,1.999999999999827,3.431569406828493,,Forage
fixed,12,250,1,0,53.85000000000062,45.0,0.0,1.894900746164867,,Forage
fixed,12,260,1,0,54.50000000000063,45.0,0.0,1.7905145321310982,,Forage
fixed,12,270,1,0,54.00000000000066,45.0,0.0,1.7952492461269356,,Forage
fixed,12,280,1,0,53.50000000000069,45.0,0.0,1.8009298180399833,,Forage
fixed,12,290,1,0,53.00000000000072,45.0,0.0,1.80661177398031,,Forage
fixed,12,300,1,0,52.500000000000746,45.0,0.0,1.8122937319457078,,Forage
fixed,12,310,1,0,53.15000000000076,45.0,0.0,1.8057140228633217,,Forage
fixed,12,320,1,0,52.65000000000079,45.0,0.0,1.810590325152234,,Forage
fixed,12,330,1,0,52.150000000000816,45.0,0.0,1.8162711042509754,,Forage
fixed,12,340,1,0,51.650000000000844,45.0,0.0,1.8219530604944507,,Forage
fixed,12,350,1,0,51.15000000000087,45.0,0.0,1.827635018460292,,Forage
fixed,12,360,1,0,48.95000000000088,45.0,0.0,1.8839286019420942,,Forage
fixed,12,370,1,0,48.450000000000905,45.0,0.0,1.858325821021526,,Forage
fixed,12,380,1,0,47.950000000000934,45.0,0.0,1.8639995614990508,,Forage
fixed,12,390,1,0,47.45000000000096,45.0,0.0,1.8696815074438091,,Forage
fixed,12,400,1,0,46.95000000000099,45.0,0.0,1.8753634653945814,,Forage
fixed,12,410,1,0,47.600000000001,45.0,0.0,1.868783756312174,,Forage
fixed,12,420,1,0,47.10000000000103,45.0,0.0,1.8736600586010863,,Forage
fixed,12,430,1,0,46.60000000000106,45.0,0.0,1.8793408376998277,,Forage
fixed,12,440,1,0,46.10000000000109,45.0,0.0,1.885022793943303,,Forage
fixed,12,450,1,0,45.60000000000112,45.0,0.0,1.8907047519091442,,Forage
fixed,12,460,1,0,43.40000000000112,45.0,0.0,1.9469983353909464,,Forage
fixed,12,470,1,0,42.90000000000115,45.0,0.0,1.9213955544703782,,Forage
fixed,12,480,1,0,42.40000000000118,45.0,0.0,1.9270692949479031,,Forage
fixed,12,490,1,0,41.90000000000121,45.0,0.0,1.9327512408926615,,Forage
fixed,12,500,1,0,41.400000000001235,45.0,0.0,1.9384331988434338,,Forage
fixed,12,510,1,0,39.20000000000124,45.0,0.0,1.994726782325214,,Forage
fixed,12,520,1,0,38.70000000000127,45.0,0.0,1.9691240014046456,,Forage
fixed,12,530,1,0,38.200000000001296,45.0,0.0,1.9747977418821705,,Forage
fixed,12,540,1,0,37.700000000001324,45.0,0.0,1.9804796878269286,,Forage
fixed,12,550,1,0,37.20000000000135,45.0,0.0,1.9861616457777012,,Forage
fixed,12,560,1,0,34.050000000001354,45.0,0.0,2.0669552292594813,,Forage
fixed,12,570,1,0,33.55000000000138,45.0,0.0,2.0276557251745415,,Forage
fixed,12,580,1,0,33.05000000000141,45.0,0.0,2.0333219200130817,,Forage
fixed,12,590,1,0,32.55000000000144,45.0,0.0,2.039003854917268,,Forage
fixed,12,600,1,0,32.05000000000147,45.0,0.0,2.0446858128518866,,Forage
fixed,12,610,1,0,32.70000000000148,45.0,0.0,2.0381061037694552,,Forage
fixed,12,620,1,0,32.20000000000151,45.0,0.0,2.0429824060583677,,Forage
fixed,12,630,1,0,31.700000000001516,45.0,0.0,2.048663185157109,,Forage
fixed,12,640,1,0,31.20000000000151,45.0,0.0,2.054345141400585,,Forage
fixed,12,650,1,0,30.700000000001502,45.0,0.0,2.060027099366427,,Forage
fixed,12,660,1,0,31.350000000001497,45.0,0.0,2.0534473902840418,,Forage
fixed,12,670,1,0,30.85000000000149,45.0,0.0,2.0583236925729542,,Forage
fixed,12,680,1,0,30.350000000001483,45.0,0.0,2.064004471671696,,Forage
fixed,12,690,1,0,29.850000000001476,45.0,0.0,2.0696864279151717,,Forage
fixed,12,700,1,0,29.35000000000147,45.0,0.0,2.0753683858810135,,Forage
fixed,12,710,1,0,29.050000000001464,45.0,0.0,2.080312473935375,,Forage
fixed,12,720,1,0,28.550000000001457,45.0,0.0,2.0844617656285624,,Forage
fixed,12,730,1,0,28.05000000000145,45.0,0.0,2.0901414798865057,,Forage
fixed,12,740,1,0,27.550000000001443,45.0,0.0,2.0958234345719355,,Forage
fixed,12,750,1,0,27.050000000001436,45.0,0.0,2.101505392535498,,Forage
fixed,12,760,1,0,24.850000000001433,45.0,0.0,2.1577989760172964,,Forage
fixed,12,770,1,0,24.350000000001426,45.0,0.0,2.1321961950967285,,Forage
fixed,12,780,1,0,23.85000000000142,45.0,0.0,2.137869935574254,,Forage
fixed,12,790,1,0,23.350000000001412,45.0,0.0,2.1435518815190124,,Forage
fixed,12,800,1,0,22.850000000001405,45.0,0.0,2.149233839469786,,Forage
fixed,12,810,1,0,23.5000000000014,45.0,0.0,2.142654130387378,,Forage
fixed,12,820,1,0,23.000000000001393,45.0,0.0,2.147530432676291,,Forage
fixed,12,830,1,0,22.500000000001386,45.0,0.0,2.153211211775033,,Forage
fixed,12,840,1,0,22.00000000000138,45.0,0.0,2.1588931680185084,,Forage
fixed,12,850,1,0,21.50000000000137,45.0,0.0,2.16457512598435,,Forage
fixed,12,860,1,0,20.25000000000137,45.0,0.0,2.1926994411090224,,Forage
fixed,12,870,1,0,19.750000000001364,45.0,0.0,2.184466274159896,,Forage
fixed,12,880,1,0,19.250000000001357,45.0,0.0,2.1901439431267353,,Forage
fixed,12,890,1,0,18.75000000000135,45.0,0.0,2.195825894819552,,Forage
fixed,12,900,1,0,18.250000000001343,45.0,0.0,2.201507852778735,,Forage
fixed,12,910,1,0,17.950000000001342,45.0,0.0,2.2064519408330865,,Forage
fixed,12,920,1,0,17.450000000001335,45.0,0.0,2.2106012325262743,,Forage
fixed,12,930,1,0,16.950000000001328,45.0,0.0,2.2162809467842175,,Forage
fixed,12,940,1,0,16.45000000000132,45.0,0.0,2.221962901469647,,Forage
fixed,12,950,1,0,15.950000000001314,45.0,0.0,2.2276448594332092,,Forage
fixed,12,960,1,0,17.550000000001308,45.0,0.0,2.209890016813083,,Forage
fixed,12,970,1,0,17.0500000000013,45.0,0.0,2.215145177298955,,Forage
fixed,12,980,1,0,16.550000000001294,45.0,0.0,2.2208265107862264,,Forage
fixed,12,990,1,0,16.050000000001287,45.0,0.0,2.226508467840868,,Forage
fixed,12,1000,1,0,15.55000000000128,45.0,0.0,2.2321904258078966,,Forage
fixed,13,1,1,1,99.95,0.5,49.8,0.07849866280163287,,Forage
fixed,13,10,1,1,99.50000000000003,5.0,47.99999999999997,0.33348269742578635,,Forage
fixed,13,20,1,1,99.00000000000006,10.0,45.99999999999994,0.8634880262426528,,Forage
fixed,13,30,1,1,98.50000000000009,15.0,43.999999999999915,1.5710931138191744,,Forage
fixed,13,40,1,1,98.00000000000011,20.0,41.999999999999886,1.7649607064727775,,Forage
fixed,13,50,1,1,97.50000000000014,25.0,39.99999999999986,1.9636621575782665,,Forage
fixed,13,60,1,1,89.35000000000015,30.0,37.99999999999983,2.2998396652394795,,Forage
fixed,13,70,1,1,86.90000000000018,15.0,35.9999999999998,2.5737842841712943,,Forage
fixed,13,80,1,1,86.4000000000002,20.0,33.99999999999977,2.7689219173214563,,Forage
fixed,13,90,1,1,85.90000000000023,25.0,31.999999999999748,2.9726188051912072,,Forage
fixed,13,100,1,1,85.40000000000026,30.0,29.999999999999755,3.1790696575491375,,Forage
fixed,13,110,1,1,77.25000000000027,35.0,27.999999999999762,3.258500000000002,,Forage
fixed,13,120,1,1,76.7000000000003,20.0,25.99999999999977,3.213000000000002,,Forage
fixed,13,130,1,1,76.20000000000033,25.0,23.999999999999776,3.308000000000001,,Forage
fixed,13,140,1,1,75.70000000000036,30.0,21.999999999999783,3.403000000000001,,Forage
fixed,13,150,1,1,75.20000000000039,35.0,19.99999999999979,3.498,,Forage
fixed,13,160,1,1,66.15000000000039,40.0,17.999999999999797,3.606342712474619,,Forage
fixed,13,170,1,1,57.050000000000395,45.0,15.999999999999805,3.8090786437626907,,Forage
fixed,13,180,1,1,56.50000000000042,30.0,13.999999999999812,3.7569999999999992,,Forage
fixed,13,190,1,1,56.00000000000045,35.0,11.999999999999819,3.8499999999999996,,Forage
fixed,13,200,1,1,55.500000000000476,40.0,9.999999999999826,3.9449999999999985,,Forage
fixed,13,210,1,1,46.45000000000048,45.0,7.999999999999832,3.9704999999999986,,Forage
fixed,13,220,1,1,37.35000000000048,50.0,5.99999999999983,4.2974999999999985,,Forage
fixed,13,230,1,1,36.8000000000005,35.0,3.9999999999998286,4.203999999999998,,Forage
fixed,13,240,1,1,36.30000000000053,40.0,1.999999999999827,4.296999999999998,,Forage
fixed,13,250,1,0,35.80000000000056,45.0,0.0,2.9361116865600803,,Forage
fixed,13,260,1,0,34.550000000000566,45.0,0.0,2.9654997995465693,,Forage
fixed,13,270,1,0,34.050000000000594,45.0,0.0,2.959499999996497,,Forage
fixed,13,280,1,0,33.55000000000062,45.0,0.0,2.964499999999994,,Forage
fixed,13,290,1,0,33.05000000000065,45.0,0.0,2.9694999999999934,,Forage
fixed,13,300,1,0,32.55000000000068,45.0,0.0,2.9744999999999933,,Forage
fixed,13,310,1,0,34.150000000000695,45.0,0.0,2.958499999999993,,Forage
fixed,13,320,1,0,33.65000000000072,45.0,0.0,2.9634999999999927,,Forage
fixed,13,330,1,0,33.15000000000075,45.0,0.0,2.9684999999999926,,Forage
fixed,13,340,1,0,32.65000000000078,45.0,0.0,2.9734999999999925,,Forage
fixed,13,350,1,0,32.15000000000081,45.0,0.0,2.978499999999992,,Forage
fixed,13,360,1,0,35.65000000000083,45.0,0.0,2.943499999999992,,Forage
fixed,13,370,1,0,35.15000000000086,45.0,0.0,2.9484999999999912,,Forage
fixed,13,380,1,0,34.65000000000089,45.0,0.0,2.953499999999991,,Forage
fixed,13,390,1,0,34.150000000000915,45.0,0.0,2.958499999999991,,Forage
fixed,13,400,1,0,33.650000000000944,45.0,0.0,2.9634999999999905,,Forage
fixed,13,410,1,0,32.40000000000095,45.0,0.0,2.9869999999999903,,Forage
fixed,13,420,1,0,31.900000000000972,45.0,0.0,2.98099999999999,,Forage
fixed,13,430,1,0,31.400000000000965,45.0,0.0,2.9859999999999904,,Forage
fixed,13,440,1,0,30.900000000000958,45.0,0.0,2.9909999999999903,,Forage
fixed,13,450,1,0,30.40000000000095,45.0,0.0,2.9959999999999907,,Forage
fixed,13,460,1,0,29.150000000000947,45.0,0.0,3.0194999999999905,,Forage
fixed,13,470,1,0,28.65000000000094,45.0,0.0,3.0134999999999907,,Forage
fixed,13,480,1,0,28.150000000000933,45.0,0.0,3.0184999999999906,,Forage
fixed,13,490,1,0,27.650000000000926,45.0,0.0,3.0234999999999905,,Forage
fixed,13,500,1,0,27.15000000000092,45.0,0.0,3.028499999999991,,Forage
fixed,13,510,1,0,28.750000000000913,45.0,0.0,3.012499999999991,,Forage
fixed,13,520,1,0,28.250000000000906,45.0,0.0,3.0174999999999907,,Forage
fixed,13,530,1,0,27.7500000000009,45.0,0.0,3.022499999999991,,Forage
fixed,13,540,1,0,27.25000000000089,45.0,0.0,3.027499999999991,,Forage
fixed,13,550,1,0,26.750000000000885,45.0,0.0,3.0324999999999913,,Forage
fixed,13,560,1,0,29.30000000000088,45.0,0.0,3.0069999999999912,,Forage
fixed,13,570,1,0,28.80000000000087,45.0,0.0,3.011999999999991,,Forage
fixed,13,580,1,0,28.300000000000864,45.0,0.0,3.0169999999999915,,Forage
fixed,13,590,1,0,27.800000000000857,45.0,0.0,3.0219999999999914,,Forage
fixed,13,600,1,0,27.30000000000085,45.0,0.0,3.0269999999999913,,Forage
fixed,13,610,1,0,28.900000000000844,45.0,0.0,3.0109999999999917,,Forage
fixed,13,620,1,0,28.400000000000837,45.0,0.0,3.0159999999999916,,Forage
fixed,13,630,1,0,27.90000000000083,45.0,0.0,3.020999999999992,,Forage
fixed,13,640,1,0,27.400000000000823,45.0,0.0,3.025999999999992,,Forage
fixed,13,650,1,0,26.900000000000816,45.0,0.0,3.0309999999999917,,Forage
fixed,13,660,1,0,29.45000000000081,45.0,0.0,3.0054999999999916,,Forage
fixed,13,670,1,0,28.950000000000802,45.0,0.0,3.010499999999992,,Forage
fixed,13,680,1,0,28.450000000000795,45.0,0.0,3.015499999999992,,Forage
fixed,13,690,1,0,27.950000000000788,45.0,0.0,3.020499999999992,,Forage
fixed,13,700,1,0,27.45000000000078,45.0,0.0,3.025499999999992,,Forage
fixed,13,710,1,0,28.100000000000776,45.0,0.0,3.018999999999992,,Forage
fixed,13,720,1,0,27.60000000000077,45.0,0.0,3.0239999999999925,,Forage
fixed,13,730,1,0,27.10000000000076,45.0,0.0,3.0289999999999924,,Forage
fixed,13,740,1,0,26.600000000000755,45.0,0.0,3.0339999999999927,,Forage
fixed,13,750,1,0,26.100000000000747,45.0,0.0,3.0389999999999926,,Forage
fixed,13,760,1,0,25.800000000000743,45.0,0.0,3.0419999999999927,,Forage
fixed,13,770,1,0,25.300000000000736,45.0,0.0,3.0469999999999926,,Forage
fixed,13,780,1,0,24.80000000000073,45.0,0.0,3.0519999999999925,,Forage
fixed,13,790,1,0,24.300000000000722,45.0,0.0,3.056999999999993,,Forage
fixed,13,800,1,0,23.800000000000715,45.0,0.0,3.0619999999999927,,Forage
fixed,13,810,1,0,22.55000000000071,45.0,0.0,3.085499999999993,,Forage
fixed,13,820,1,0,22.050000000000704,45.0,0.0,3.079499999999993,,Forage
fixed,13,830,1,0,21.550000000000697,45.0,0.0,3.084499999999993,,Forage
fixed,13,840,1,0,21.05000000000069,45.0,0.0,3.089499999999993,,Forage
fixed,13,850,1,0,20.550000000000683,45.0,0.0,3.0944999999999934,,Forage
fixed,13,860,1,0,20.25000000000068,45.0,0.0,3.097499999999993,,Forage
fixed,13,870,1,0,19.75000000000067,45.0,0.0,3.1024999999999934,,Forage
fixed,13,880,1,0,19.250000000000664,45.0,0.0,3.1074999999999933,,Forage
fixed,13,890,1,0,18.750000000000657,45.0,0.0,3.1124999999999936,,Forage
fixed,13,900,1,0,18.25000000000065,45.0,0.0,3.1174999999999935,,Forage
fixed,13,910,1,0,16.050000000000647,45.0,0.0,3.1654999999999935,,Forage
fixed,13,920,1,0,15.55000000000064,45.0,0.0,3.1444999999999936,,Forage
fixed,13,930,1,0,15.050000000000633,45.0,0.0,3.1494999999999935,,Forage
fixed,13,940,1,0,14.550000000000626,45.0,0.0,3.154499999999994,,Forage
fixed,13,950,1,0,14.050000000000619,45.0,0.0,3.1594999999999938,,Forage
fixed,13,960,1,0,14.700000000000616,45.0,0.0,3.152999999999994,,Forage
fixed,13,970,1,0,14.200000000000609,45.0,0.0,3.1579999999999937,,Forage
fixed,13,980,1,0,13.700000000000601,45.0,0.0,3.162999999999994,,Forage
fixed,13,990,1,0,13.200000000000594,45.0,0.0,3.167999999999994,,Forage
fixed,13,1000,1,0,12.700000000000587,45.0,0.0,3.1729999999999943,,Forage
fixed,14,1,1,1,99.0,0.5,49.8,0.09927202089058576,,Care
fixed,14,10,1,1,94.50000000000003,5.0,50.0,0.5821636869576358,,Care
fixed,14,20,1,1,93.50000000000009,10.0,50.0,0.6433256500298142,,Care
fixed,14,30,1,1,92.50000000000014,15.0,50.0,0.7048191702920208,,Care
fixed,14,40,1,1,91.5000000000002,20.0,50.0,0.7663127237622716,,Care
fixed,14,50,1,1,90.50000000000026,25.0,50.0,0.827806277234862,,Care
fixed,14,60,1,1,89.50000000000031,30.0,50.0,0.8892998307074527,,Care
fixed,14,70,1,1,88.50000000000037,35.0,50.0,0.9507933841800434,,Care
fixed,14,80,1,1,87.50000000000043,40.0,50.0,1.0122869376526342,,Care
fixed,14,90,1,1,86.50000000000048,45.0,50.0,1.073780491125225,,Care
fixed,14,100,1,1,85.50000000000054,50.0,50.0,1.1352740445978156,,Care
fixed,14,110,1,1,84.5000000000006,55.0,50.0,1.1967675980704062,,Care
fixed,14,120,1,1,83.50000000000065,60.0,50.0,1.258261151542997,,Care
fixed,14,130,1,1,82.50000000000071,65.0,50.0,1.3197547050155878,,Care
fixed,14,140,1,1,77.00000000000074,70.0,48.79999999999998,1.2490726178591232,,Forage
fixed,14,150,1,1,73.30000000000078,55.0,50.0,1.3560917591241375,,Care
fixed,14,160,1,1,72.30000000000084,60.0,50.0,1.4300040377916088,,Care
fixed,14,170,1,1,71.30000000000089,65.0,50.0,1.5045721783767463,,Care
fixed,14,180,1,1,63.1000000000009,50.0,47.99999999999997,1.7303213775396002,,Forage
fixed,14,190,1,1,62.10000000000088,55.0,50.0,1.5738902029273483,,Care
fixed,14,200,1,1,61.10000000000087,60.0,50.0,1.648440064868839,,Care
fixed,14,210,1,1,55.60000000000086,65.0,48.999999999999986,1.4375585922196443,,Forage
fixed,14,220,1,1,48.30000000000086,50.0,47.99999999999996,2.026047991378303,,Care
fixed,14,230,1,1,47.30000000000084,55.0,50.0,1.8553952906324258,,Care
fixed,14,240,1,1,44.50000000000083,60.0,49.599999999999994,1.8640177338608783,,Forage
fixed,14,250,1,1,35.40000000000083,65.0,47.599999999999966,2.7361263387978054,,Forage
fixed,14,260,1,1,26.30000000000083,50.0,45.59999999999994,2.3545620066946924,,Forage
fixed,14,270,1,1,27.900000000000823,55.0,43.59999999999991,2.904164947686726,,Forage
fixed,14,280,1,1,27.400000000000816,60.0,41.59999999999988,2.9079307302760014,,Forage
fixed,14,290,1,1,26.90000000000081,65.0,39.59999999999985,2.9119663215362794,,Forage
fixed,14,300,1,1,26.4000000000008,70.0,37.599999999999824,2.916001935030224,,Forage
fixed,14,310,1,1,18.2500000000008,75.0,35.599999999999795,3.38518865819316,,Forage
fixed,14,320,1,1,12.000000000000798,60.0,33.59999999999977,2.824595446477249,,Forage
fixed,14,330,1,1,11.50000000000079,65.0,31.59999999999975,2.5464922564129013,,Forage
fixed,14,340,1,1,11.000000000000783,70.0,29.599999999999756,2.590527783912668,,Forage
fixed,14,350,1,1,10.500000000000776,75.0,27.599999999999763,2.694563397402066,,Forage
fixed,14,360,1,1,2.350000000000776,80.0,25.59999999999977,3.789676770144729,,Forage
fixed,14,370,1,1,1.8000000000007765,65.0,23.599999999999778,2.7973389981344527,,Forage
fixed,14,380,1,1,1.300000000000776,70.0,21.599999999999785,2.901370835750752,,Forage
fixed,14,390,1,1,0.8000000000007756,75.0,19.599999999999792,3.0054064489636265,,Forage
fixed,14,400,1,1,0.3000000000007754,80.0,17.5999999999998,3.1094420624591033,,Forage
fixed,14,410,0,1,0.0,85.0,15.599999999999806,3.20924918515821,,Forage
fixed,14,420,0,1,0.0,90.0,13.599999999999813,3.29924918515821,,Forage
fixed,14,430,0,1,0.0,95.0,11.59999999999982,3.38924918515821,,Forage
fixed,14,440,0,0,0.0,100.0,9.599999999999827,1.6712491851582063,,Forage
fixed,15,1,1,1,99.95,0.5,49.8,0.5109239282321072,,Forage
fixed,15,10,1,1,99.50000000000003,5.0,47.99999999999997,0.6869516600174421,,Forage
fixed,15,20,1,1,99.00000000000006,10.0,45.99999999999994,1.0104288279501155,,Forage
fixed,15,30,1,1,98.50000000000009,15.0,43.999999999999915,1.4602920144639902,,Forage
fixed,15,40,1,1,98.00000000000011,20.0,41.999999999999886,2.0012131576110526,,Forage
fixed,15,50,1,1,97.50000000000014,25.0,39.99999999999986,2.1291600812843283,,Forage
fixed,15,60,1,1,89.35000000000015,30.0,37.99999999999983,2.0152642925240802,,Forage
fixed,15,70,1,1,87.85000000000018,15.0,35.9999999999998,1.6547349907178244,,Forage
fixed,15,80,1,1,87.30000000000021,20.0,34.99999999999977,1.2424341274958848,,Care
fixed,15,90,1,1,86.60000000000025,25.0,36.999999999999744,1.2161762346436253,,Forage
fixed,15,100,1,1,86.10000000000028,30.0,34.999999999999716,1.3413817592143595,,Forage
fixed,15,110,1,1,83.35000000000032,15.0,37.99999999999969,1.1026156821837512,,Care
fixed,15,120,1,1,82.70000000000036,20.0,38.99999999999966,1.0875813888124248,,Forage
fixed,15,130,1,1,82.20000000000039,25.0,36.99999999999963,1.213427383711614,,Forage
fixed,15,140,1,1,81.70000000000041,30.0,34.9999999999996,1.3413562988276844,,Forage
fixed,15,150,1,1,81.20000000000044,35.0,32.999999999999574,1.46930310211503,,Forage
fixed,15,160,1,1,73.05000000000045,40.0,30.999999999999567,2.063904600876793,,Forage
fixed,15,170,1,1,70.60000000000048,25.0,28.999999999999574,2.269489126299974,,Forage
fixed,15,180,1,1,70.1000000000005,30.0,26.99999999999958,2.2181389193575276,,Forage
fixed,15,190,1,1,69.60000000000053,35.0,24.999999999999588,2.2984152955908135,,Forage
fixed,15,200,1,1,69.10000000000056,40.0,22.999999999999595,2.504986731363477,,Forage
fixed,15,210,1,1,64.70000000000059,25.0,20.999999999999602,2.9807166810049104,,Forage
fixed,15,220,1,1,64.20000000000061,30.0,18.99999999999961,3.0884669568033494,,Forage
fixed,15,230,1,1,63.70000000000064,35.0,16.999999999999616,3.2255026295931444,,Forage
fixed,15,240,1,1,63.20000000000067,40.0,14.999999999999623,3.362925469245714,,Forage
fixed,15,250,1,1,62.7000000000007,45.0,12.99999999999963,3.5003512091939823,,Forage
fixed,15,260,1,1,53.6500000000007,50.0,10.999999999999638,3.6883234714971973,,Forage
fixed,15,270,1,1,44.5500000000007,55.0,8.999999999999645,4.009672566440921,,Forage
fixed,15,280,1,1,44.000000000000725,40.0,6.9999999999996465,3.955905397439288,,Forage
fixed,15,290,1,1,43.50000000000075,45.0,4.999999999999645,4.0890229054543825,,Forage
fixed,15,300,1,1,43.00000000000078,50.0,2.999999999999643,4.2264288173003575,,Forage
fixed,15,310,1,1,34.85000000000078,55.0,0.9999999999996425,4.442822303092099,,Forage
fixed,15,320,1,0,34.55000000000079,57.5,0.0,2.484964317707532,,Forage
fixed,15,330,1,0,34.05000000000082,57.5,0.0,2.369986178280209,,Forage
fixed,15,340,1,0,33.55000000000085,57.5,0.0,2.3784466137085696,,Forage
fixed,15,350,1,0,33.05000000000088,57.5,0.0,2.387919692889031,,Forage
fixed,15,360,1,0,35.6000000000009,57.5,0.0,2.346804577992106,,Forage
fixed,15,370,1,0,35.100000000000925,57.5,0.0,2.349134877637515,,Forage
fixed,15,380,1,0,34.60000000000095,57.5,0.0,2.35853639834339,,Forage
fixed,15,390,1,0,34.10000000000098,57.5,0.0,2.368014688625857,,Forage
fixed,15,400,1,0,33.60000000000101,57.5,0.0,2.3774935226164464,,Forage
fixed,15,410,1,0,37.10000000000103,57.5,0.0,2.316426272147376,,Forage
fixed,15,420,1,0,36.60000000000106,57.5,0.0,2.3206728320051084,,Forage
fixed,15,430,1,0,36.10000000000109,57.5,0.0,2.3300997156097623,,Forage
fixed,15,440,1,0,35.60000000000112,57.5,0.0,2.339578186764005,,Forage
fixed,15,450,1,0,35.100000000001145,57.5,0.0,2.349057019304906,,Forage
fixed,15,460,1,0,34.800000000001155,57.5,0.0,2.372252266467382,,Forage
fixed,15,470,1,0,34.300000000001184,57.5,0.0,2.3645114864195467,,Forage
fixed,15,480,1,0,33.80000000000121,57.5,0.0,2.373704233929199,,Forage
fixed,15,490,1,0,33.30000000000124,57.5,0.0,2.38318083899412,,Forage
fixed,15,500,1,0,32.80000000000127,57.5,0.0,2.3926596593736056,,Forage
fixed,15,510,1,0,35.35000000000129,57.5,0.0,2.351544162167583,,Forage
fixed,15,520,1,0,34.850000000001316,57.5,0.0,2.353874341965356,,Forage
fixed,15,530,1,0,34.350000000001344,57.5,0.0,2.3632758289231934,,Forage
fixed,15,540,1,0,33.85000000000137,57.5,0.0,2.3727541097224853,,Forage
fixed,15,550,1,0,33.3500000000014,57.5,0.0,2.382232941048421,,Forage
fixed,15,560,1,0,34.95000000000142,57.5,0.0,2.3618142488706306,,Forage
fixed,15,570,1,0,34.450000000001445,57.5,0.0,2.3614984455389223,,Forage
fixed,15,580,1,0,33.950000000001474,57.5,0.0,2.3708592123202505,,Forage
fixed,15,590,1,0,33.4500000000015,57.5,0.0,2.380337179575113,,Forage
fixed,15,600,1,0,32.95000000000153,57.5,0.0,2.3898160088854636,,Forage
fixed,15,610,1,0,23.900000000001533,57.5,0.0,2.5669986350765996,,Forage
fixed,15,620,1,0,28.350000000001526,57.5,0.0,2.4787323578670537,,Forage
fixed,15,630,1,0,27.85000000000152,57.5,0.0,2.486515829800302,,Forage
fixed,15,640,1,0,27.35000000000151,57.5,0.0,2.4959790658102246,,Forage
fixed,15,650,1,0,26.850000000001504,57.5,0.0,2.5054577938409803,,Forage
fixed,15,660,1,0,26.5500000000015,57.5,0.0,2.52865304036293,,Forage
fixed,15,670,1,0,26.050000000001493,57.5,0.0,2.520912260311039,,Forage
fixed,15,680,1,0,25.550000000001486,57.5,0.0,2.5301050078205676,,Forage
fixed,15,690,1,0,25.05000000000148,57.5,0.0,2.5395816128854602,,Forage
fixed,15,700,1,0,24.55000000000147,57.5,0.0,2.5490604332649385,,Forage
fixed,15,710,1,0,21.40000000000147,57.5,0.0,2.6632430594026286,,Forage
fixed,15,720,1,0,20.900000000001462,57.5,0.0,2.6193604837460946,,Forage
fixed,15,730,1,0,20.400000000001455,57.5,0.0,2.6277444095127733,,Forage
fixed,15,740,1,0,19.900000000001448,57.5,0.0,2.63721366157156,,Forage
fixed,15,750,1,0,19.40000000000144,57.5,0.0,2.6466924318197824,,Forage
fixed,15,760,1,0,19.10000000000144,57.5,0.0,2.6698876786026737,,Forage
fixed,15,770,1,0,18.600000000001433,57.5,0.0,2.6621468985522965,,Forage
fixed,15,780,1,0,18.100000000001426,57.5,0.0,2.6713396460618335,,Forage
fixed,15,790,1,0,17.60000000000142,57.5,0.0,2.6808162511267266,,Forage
fixed,15,800,1,0,17.100000000001412,57.5,0.0,2.6902950715062044,,Forage
fixed,15,810,1,0,18.700000000001406,57.5,0.0,2.669876379263026,,Forage
fixed,15,820,1,0,18.2000000000014,57.5,0.0,2.6695605759309458,,Forage
fixed,15,830,1,0,17.700000000001392,57.5,0.0,2.6789213427122727,,Forage
fixed,15,840,1,0,17.200000000001385,57.5,0.0,2.688399309967136,,Forage
fixed,15,850,1,0,16.700000000001378,57.5,0.0,2.697878139277487,,Forage
fixed,15,860,1,0,19.25000000000137,57.5,0.0,2.656762642124909,,Forage
fixed,15,870,1,0,18.750000000001364,57.5,0.0,2.6590928219229863,,Forage
fixed,15,880,1,0,18.250000000001357,57.5,0.0,2.6684943088808257,,Forage
fixed,15,890,1,0,17.75000000000135,57.5,0.0,2.6779725896801185,,Forage
fixed,15,900,1,0,17.250000000001343,57.5,0.0,2.687451421006055,,Forage
fixed,15,910,1,0,17.90000000000134,57.5,0.0,2.688542696230432,,Forage
fixed,15,920,1,0,17.400000000001334,57.5,0.0,2.68479219686916,,Forage
fixed,15,930,1,0,16.900000000001327,57.5,0.0,2.694087997393003,,Forage
fixed,15,940,1,0,16.40000000000132,57.5,0.0,2.703565448991389,,Forage
fixed,15,950,1,0,15.900000000001313,57.5,0.0,2.7130442749476638,,Forage
fixed,15,960,1,0,15.60000000000131,57.5,0.0,2.7362395220697637,,Forage
fixed,15,970,1,0,15.100000000001303,57.5,0.0,2.7284987420213387,,Forage
fixed,15,980,1,0,14.600000000001296,57.5,0.0,2.737691489530887,,Forage
fixed,15,990,1,0,14.10000000000129,57.5,0.0,2.7471680945957795,,Forage
fixed,15,1000,1,0,13.600000000001282,57.5,0.0,2.7566469149752577,,Forage
fixed,16,1,1,1,99.0,0.5,49.8,0.2759533463931964,,Care
fixed,16,10,1,1,97.20000000000005,5.0,50.0,0.5775739486758333,,Care
fixed,16,20,1,1,96.2000000000001,10.0,50.0,0.6471308621827173,,Care
fixed,16,30,1,1,95.20000000000016,15.0,50.0,0.7166879388117503,,Care
fixed,16,40,1,1,94.20000000000022,20.0,50.0,0.7862450154407876,,Care
fixed,16,50,1,1,93.20000000000027,25.0,50.0,0.8558020920698247,,Care
fixed,16,60,1,1,92.20000000000033,30.0,50.0,0.925359168698862,,Care
fixed,16,70,1,1,91.20000000000039,35.0,50.0,0.9949162453278991,,Care
fixed,16,80,1,1,83.0000000000004,40.0,48.199999999999974,1.6598159621174342,,Forage
fixed,16,90,1,1,82.00000000000045,25.0,50.0,0.9278036106696768,,Care
fixed,16,100,1,1,81.00000000000051,30.0,50.0,0.9973591686989047,,Care
fixed,16,110,1,1,80.00000000000057,35.0,50.0,1.066916245327899,,Care
fixed,16,120,1,1,71.80000000000058,40.0,48.199999999999974,1.7513597747323684,,Forage
fixed,16,130,1,1,65.4500000000006,25.0,48.199999999999946,1.2424947201077845,,Care
fixed,16,140,1,1,64.65000000000065,30.0,49.19999999999999,1.2400404528446929,,Forage
fixed,16,150,1,1,64.15000000000067,35.0,47.19999999999996,1.2566655837153669,,Forage
fixed,16,160,1,1,56.000000000000675,40.0,45.19999999999993,2.2078727660734523,,Forage
fixed,16,170,1,1,49.650000000000674,25.0,45.1999999999999,1.4283679720758333,,Care
fixed,16,180,1,1,49.00000000000069,30.0,46.199999999999875,1.391103161792151,,Forage
fixed,16,190,1,1,48.50000000000072,35.0,44.19999999999985,1.4397423311189026,,Forage
fixed,16,200,1,1,48.000000000000746,40.0,42.19999999999982,1.5563820482237256,,Forage
fixed,16,210,1,1,43.45000000000074,25.0,43.19999999999979,1.445026571288136,,Care
fixed,16,220,1,1,42.80000000000076,30.0,44.19999999999976,1.4484529757803046,,Forage
fixed,16,230,1,1,42.300000000000786,35.0,42.19999999999973,1.5650921450265844,,Forage
fixed,16,240,1,1,41.800000000000814,40.0,40.199999999999704,1.6817318621314072,,Forage
fixed,16,250,1,1,41.30000000000084,45.0,38.199999999999676,1.7983715792362445,,Forage
fixed,16,260,1,1,33.150000000000844,50.0,36.19999999999965,2.993467404882457,,Forage
fixed,16,270,1,1,26.85000000000084,35.0,35.19999999999962,1.989506744791561,,Care
fixed,16,280,1,1,26.20000000000083,40.0,36.19999999999959,1.9707574679629998,,Forage
fixed,16,290,1,1,25.700000000000824,45.0,34.19999999999956,2.08739663775022,,Forage
fixed,16,300,1,1,25.200000000000816,50.0,32.199999999999534,2.2040363548550435,,Forage
fixed,16,310,1,1,23.950000000000813,55.0,30.19999999999954,2.9848025082986545,,Forage
fixed,16,320,1,1,23.450000000000806,60.0,28.199999999999548,3.0877196682954704,,Forage
fixed,16,330,1,1,22.9500000000008,65.0,26.199999999999555,3.2043593852268475,,Forage
fixed,16,340,1,1,22.45000000000079,70.0,24.199999999999562,3.320999102331685,,Forage
fixed,16,350,1,1,21.950000000000784,75.0,22.19999999999957,3.4376388194365215,,Forage
fixed,16,360,1,1,14.700000000000783,60.0,20.199999999999577,3.8280063065832612,,Forage
fixed,16,370,1,1,13.95000000000078,65.0,23.199999999999584,2.753572625831615,,Forage
fixed,16,380,1,1,13.450000000000774,70.0,21.19999999999959,2.864009458385595,,Forage
fixed,16,390,1,1,12.950000000000767,75.0,19.199999999999598,2.9806491749327373,,Forage
fixed,16,400,1,1,12.45000000000076,80.0,17.199999999999605,3.0972888920375743,,Forage
fixed,16,410,1,1,4.300000000000759,85.0,15.199999999999612,4.0852779364972385,,Forage
fixed,16,420,0,1,0.0,90.0,13.19999999999962,4.278866338669963,,Forage
fixed,16,430,0,1,0.0,95.0,11.199999999999626,4.368866338669964,,Forage
fixed,16,440,0,0,0.0,100.0,9.199999999999633,2.642866338669956,,Forage
fixed,17,1,1,1,99.0,0.5,49.8,0.0931288524999965,,Care
fixed,17,10,1,1,96.30000000000004,5.0,50.0,0.59847851475831,,Care
fixed,17,20,1,1,95.3000000000001,10.0,50.0,0.6971362051005511,,Care
fixed,17,30,1,1,94.30000000000015,15.0,50.0,0.7985833924151304,,Care
fixed,17,40,1,1,93.30000000000021,20.0,50.0,0.9004852246155797,,Care
fixed,17,50,1,1,92.30000000000027,25.0,50.0,1.0024611567400659,,Care
fixed,17,60,1,1,91.30000000000032,30.0,50.0,1.1044491659799291,,Care
fixed,17,70,1,1,90.30000000000038,35.0,50.0,1.2064391435985422,,Care
fixed,17,80,1,1,89.30000000000044,40.0,50.0,1.3084294420317524,,Care
fixed,17,90,1,1,88.3000000000005,45.0,50.0,1.4104197927526665,,Care
fixed,17,100,1,1,87.30000000000055,50.0,50.0,1.512410151995649,,Care
fixed,17,110,1,1,86.30000000000061,55.0,50.0,1.6144005126275944,,Care
fixed,17,120,1,1,85.30000000000067,60.0,50.0,1.7163908734859183,,Care
fixed,17,130,1,1,84.30000000000072,65.0,50.0,1.797438264651368,,Care
fixed,17,140,1,1,79.70000000000076,70.0,48.999999999999986,2.0130629009160375,,Forage
fixed,17,150,1,1,75.25000000000078,55.0,48.99999999999996,1.714589713281038,,Care
fixed,17,160,1,1,74.25000000000084,60.0,50.0,1.767275448039983,,Care
fixed,17,170,1,1,69.65000000000087,45.0,48.79999999999998,2.115540499464727,,Forage
fixed,17,180,1,1,68.70000000000093,50.0,50.0,1.6942771446927158,,Care
fixed,17,190,1,1,67.70000000000098,55.0,50.0,1.7910961746395035,,Care
fixed,17,200,1,1,61.300000000001,60.0,48.59999999999998,2.4175978793660087,,Forage
fixed,17,210,1,1,54.950000000001,25.0,46.59999999999995,2.1511696297270073,,Self
fixed,17,220,1,1,53.95000000000098,30.0,50.0,1.6138898509427078,,Care
fixed,17,230,1,1,52.95000000000097,35.0,50.0,1.7041872631576758,,Care
fixed,17,240,1,1,51.950000000000955,40.0,50.0,1.8164928938173222,,Care
fixed,17,250,1,1,51.20000000000096,45.0,48.999999999999986,1.886354008333441,,Forage
fixed,17,260,1,1,43.05000000000096,50.0,46.99999999999996,2.733554283160676,,Forage
fixed,17,270,1,1,40.400000000000965,35.0,48.99999999999993,1.8994977522758667,,Care
fixed,17,280,1,1,39.90000000000099,40.0,46.9999999999999,1.9028328254034819,,Forage
fixed,17,290,1,1,39.40000000000102,45.0,44.99999999999987,1.9446299253823935,,Forage
fixed,17,300,1,1,38.90000000000105,50.0,42.999999999999844,2.0504270253899914,,Forage
fixed,17,310,1,1,34.40000000000105,35.0,42.999999999999815,1.941949422803467,,Care
fixed,17,320,1,1,33.750000000001066,40.0,43.99999999999979,1.9665342409876627,,Forage
fixed,17,330,1,1,33.250000000001094,45.0,41.99999999999976,2.0723313341076284,,Forage
fixed,17,340,1,1,32.75000000000112,50.0,39.99999999999973,2.1781284341152265,,Forage
fixed,17,350,1,1,32.25000000000115,55.0,37.9999999999997,2.2839255341228237,,Forage
fixed,17,360,1,1,24.100000000001153,60.0,35.99999999999967,3.1658012778931126,,Forage
fixed,17,370,1,1,21.600000000001145,45.0,34.999999999999645,2.3436340270960665,,Forage
fixed,17,380,1,1,21.10000000000114,50.0,32.999999999999616,2.449098387811316,,Forage
fixed,17,390,1,1,20.60000000000113,55.0,30.99999999999961,2.554895487815037,,Forage
fixed,17,400,1,1,20.100000000001124,60.0,28.999999999999616,2.660692587822634,,Forage
fixed,17,410,1,1,18.850000000001124,65.0,26.999999999999623,3.46783240030485,,Forage
fixed,17,420,1,1,18.350000000001117,70.0,24.99999999999963,3.562629500312448,,Forage
fixed,17,430,1,1,17.85000000000111,75.0,22.999999999999638,3.668426600320045,,Forage
fixed,17,440,1,1,17.350000000001103,80.0,20.999999999999645,3.774223700327642,,Forage
fixed,17,450,1,1,16.850000000001096,85.0,18.999999999999652,3.88002080033524,,Forage
fixed,17,460,1,1,8.700000000001095,90.0,16.99999999999966,4.320475187868218,,Forage
fixed,17,470,1,1,8.15000000000109,75.0,14.999999999999666,4.25912097970894,,Forage
fixed,17,480,1,1,7.650000000001088,80.0,12.999999999999673,4.364918077786977,,Forage
fixed,17,490,1,1,7.15000000000109,85.0,10.99999999999968,4.470715177794575,,Forage
fixed,17,500,1,1,6.650000000001092,90.0,8.999999999999687,4.5765122778021725,,Forage
fixed,17,510,1,1,0.35000000000109205,75.0,6.999999999999689,4.539947070219509,,Forage
fixed,17,520,0,1,0.0,80.0,4.999999999999687,4.615795749648983,,Forage
fixed,17,530,0,1,0.0,85.0,2.9999999999996856,4.705795749648983,,Forage
fixed,17,540,0,1,0.0,90.0,0.9999999999996851,4.795795749648983,,Forage
fixed,18,1,1,1,99.0,0.5,49.8,0.07653588515883862,,Care
fixed,18,10,1,1,95.40000000000003,5.0,50.0,0.5863754216310197,,Care
fixed,18,20,1,1,94.40000000000009,10.0,50.0,0.6564664570479357,,Care
fixed,18,30,1,1,93.40000000000015,15.0,50.0,0.7265678253527864,,Care
fixed,18,40,1,1,92.4000000000002,20.0,50.0,0.7966691975154985,,Care
fixed,18,50,1,1,91.40000000000026,25.0,50.0,0.8667705696798637,,Care
fixed,18,60,1,1,90.40000000000032,30.0,50.0,0.9368719418442295,,Care
fixed,18,70,1,1,89.40000000000038,35.0,50.0,1.0069733140085955,,Care
fixed,18,80,1,1,88.40000000000043,40.0,50.0,1.0770746861729612,,Care
fixed,18,90,1,1,87.40000000000049,45.0,50.0,1.1471760583373272,,Care
fixed,18,100,1,1,86.40000000000055,50.0,50.0,1.2172774305016931,,Care
fixed,18,110,1,1,82.70000000000059,55.0,49.39999999999999,1.2811593544281974,,Forage
fixed,18,120,1,1,74.5000000000006,40.0,47.39999999999996,2.081167331595647,,Forage
fixed,18,130,1,1,69.15000000000062,25.0,45.399999999999935,1.9757851252838026,,Forage
fixed,18,140,1,1,68.50000000000065,30.0,46.399999999999906,1.3198244132811556,,Care
fixed,18,150,1,1,67.50000000000071,35.0,50.0,1.1844212381168466,,Care
fixed,18,160,1,1,66.50000000000077,40.0,50.0,1.2660189060413345,,Care
fixed,18,170,1,1,64.60000000000082,45.0,49.8,1.364632967396759,,Forage
fixed,18,180,1,1,57.35000000000082,30.0,47.79999999999997,2.283004426097104,,Forage
fixed,18,190,1,1,56.85000000000085,35.0,45.79999999999994,1.6981564239298275,,Forage
fixed,18,200,1,1,56.25000000000087,40.0,45.79999999999991,1.3796313618515472,,Care
fixed,18,210,1,1,51.70000000000086,25.0,46.79999999999988,1.4268003484689613,,Forage
fixed,18,220,1,1,50.70000000000085,30.0,50.0,1.2247273256762736,,Care
fixed,18,230,1,1,49.80000000000084,35.0,49.599999999999994,1.2918220454630815,,Forage
fixed,18,240,1,1,49.30000000000087,40.0,47.599999999999966,1.3894730580182018,,Forage
fixed,18,250,1,1,48.8000000000009,45.0,45.59999999999994,1.5021282354434684,,Forage
fixed,18,260,1,1,40.6500000000009,50.0,43.59999999999991,2.598105432251715,,Forage
fixed,18,270,1,1,40.100000000000925,35.0,41.59999999999988,2.2714003258058137,,Forage
fixed,18,280,1,1,39.60000000000095,40.0,39.59999999999985,2.2999466265980986,,Forage
fixed,18,290,1,1,39.10000000000098,45.0,37.599999999999824,2.6020992726181826,,Forage
fixed,18,300,1,1,38.60000000000101,50.0,35.599999999999795,2.913646292319559,,Forage
fixed,18,310,1,1,34.20000000000102,35.0,33.59999999999977,2.831626678881501,,Forage
fixed,18,320,1,1,33.70000000000105,40.0,31.59999999999975,2.9434508111936344,,Forage
fixed,18,330,1,1,33.200000000001076,45.0,29.599999999999756,3.0561057901312685,,Forage
fixed,18,340,1,1,32.700000000001104,50.0,27.599999999999763,3.168760947742314,,Forage
fixed,18,350,1,1,32.20000000000113,55.0,25.59999999999977,3.2814161054298583,,Forage
fixed,18,360,1,1,24.050000000001134,60.0,23.599999999999778,3.0608366991151077,,Forage
fixed,18,370,1,1,19.70000000000113,45.0,21.599999999999785,3.4108169465595912,,Forage
fixed,18,380,1,1,19.200000000001122,50.0,19.599999999999792,3.5113721240349496,,Forage
fixed,18,390,1,1,18.700000000001115,55.0,17.5999999999998,3.624027248381502,,Forage
fixed,18,400,1,1,18.200000000001108,60.0,15.599999999999806,3.7366824060547943,,Forage
fixed,18,410,1,1,19.800000000001102,65.0,13.599999999999813,3.5255930827686255,,Forage
fixed,18,420,1,1,19.300000000001095,70.0,11.59999999999982,3.6378162503527394,,Forage
fixed,18,430,1,1,18.800000000001088,75.0,9.599999999999827,3.750471218175153,,Forage
fixed,18,440,1,1,18.30000000000108,80.0,7.599999999999832,3.8631263757813556,,Forage
fixed,18,450,1,1,17.800000000001074,85.0,5.59999999999983,3.975781533468899,,Forage
fixed,18,460,1,1,9.650000000001073,90.0,3.5999999999998282,4.08003077339951,,Forage
fixed,18,470,1,1,6.250000000001075,75.0,1.5999999999998271,4.382186977214522,,Forage
fixed,18,480,1,0,5.7500000000010765,79.0,0.0,2.3588903288681524,,Forage
fixed,18,490,1,0,5.250000000001078,79.0,0.0,2.3603380670779823,,Forage
fixed,18,500,1,0,4.75000000000108,79.0,0.0,2.366091765042819,,Forage
fixed,19,1,1,1,99.0,0.5,49.8,0.13985225692793807,,Care
fixed,19,10,1,1,94.50000000000003,5.0,50.0,0.5869108720607973,,Care
fixed,19,20,1,1,93.50000000000009,10.0,50.0,0.6426764201023286,,Care
fixed,19,30,1,1,92.50000000000014,15.0,50.0,0.7032235878182439,,Care
fixed,19,40,1,1,91.5000000000002,20.0,50.0,0.7637716290254677,,Care
fixed,19,50,1,1,90.50000000000026,25.0,50.0,0.8243196715572547,,Care
fixed,19,60,1,1,89.50000000000031,30.0,50.0,0.8848677140910501,,Care
fixed,19,70,1,1,88.50000000000037,35.0,50.0,0.9454157566248489,,Care
fixed,19,80,1,1,87.50000000000043,40.0,50.0,1.0059637991586476,,Care
fixed,19,90,1,1,86.50000000000048,45.0,50.0,1.0665118416924462,,Care
fixed,19,100,1,1,85.50000000000054,50.0,50.0,1.1270598842262447,,Care
fixed,19,110,1,1,84.5000000000006,55.0,50.0,1.1876079267600435,,Care
fixed,19,120,1,1,83.50000000000065,60.0,50.0,1.2481559692938422,,Care
fixed,19,130,1,1,82.50000000000071,65.0,50.0,1.3094615698030148,,Care
fixed,19,140,1,1,81.50000000000077,70.0,50.0,1.3731740827379002,,Care
fixed,19,150,1,1,80.50000000000082,75.0,50.0,1.43935051004153,,Care
fixed,19,160,1,1,79.50000000000088,80.0,50.0,1.5133815960468806,,Care
fixed,19,170,1,1,78.50000000000094,85.0,50.0,1.596380257026452,,Care
fixed,19,180,1,1,77.500000000001,90.0,50.0,1.68187387809263,,Care
fixed,19,190,1,1,76.50000000000105,95.0,50.0,1.769831460605336,,Care
fixed,19,200,1,0,74.6000000000011,100.0,49.8,1.5155738670631291,,Forage
fixed,19,210,1,0,70.50000000000111,100.0,49.8,1.878953125611733,,Forage
fixed,19,220,1,0,72.30000000000112,100.0,49.8,1.8987401451821544,,Forage
fixed,19,230,1,0,75.80000000000115,100.0,49.8,1.7878698939013118,,Forage
fixed,19,240,1,0,75.30000000000118,100.0,49.8,1.693748395304405,,Forage
fixed,19,250,1,0,74.8000000000012,100.0,49.8,1.5997110164541917,,Forage
fixed,19,260,1,0,73.55000000000122,100.0,49.8,1.6197038369070293,,Forage
fixed,19,270,1,0,73.05000000000125,100.0,49.8,1.582586852447017,,Forage
fixed,19,280,1,0,72.55000000000128,100.0,49.8,1.5885433957472408,,Forage
fixed,19,290,1,0,72.0500000000013,100.0,49.8,1.5945061352398562,,Forage
fixed,19,300,1,0,71.55000000000133,100.0,49.8,1.600468884128385,,Forage
fixed,19,310,1,0,73.15000000000136,100.0,49.8,1.581991609348947,,Forage
fixed,19,320,1,0,72.65000000000138,100.0,49.8,1.5873517517242157,,Forage
fixed,19,330,1,0,72.15000000000141,100.0,49.8,1.593313586832787,,Forage
fixed,19,340,1,0,71.65000000000144,100.0,49.8,1.5992763343499068,,Forage
fixed,19,350,1,0,71.15000000000147,100.0,49.8,1.6052390832506043,,Forage
fixed,19,360,1,0,73.7000000000015,100.0,49.8,1.5751549287504987,,Forage
fixed,19,370,1,0,73.20000000000152,100.0,49.8,1.5807923068910998,,Forage
fixed,19,380,1,0,72.70000000000155,100.0,49.8,1.586754562401241,,Forage
fixed,19,390,1,0,72.20000000000158,100.0,49.8,1.5927173105558583,,Forage
fixed,19,400,1,0,71.70000000000161,100.0,49.8,1.5986800594575223,,Forage
fixed,19,410,1,0,75.20000000000164,100.0,49.8,1.5571216076989036,,Forage
fixed,19,420,1,0,74.70000000000167,100.0,49.8,1.562903840191756,,Forage
fixed,19,430,1,0,74.2000000000017,100.0,49.8,1.568866315359248,,Forage
fixed,19,440,1,0,73.70000000000172,100.0,49.8,1.5748290638469538,,Forage
fixed,19,450,1,0,73.20000000000175,100.0,49.8,1.5807918127491232,,Forage
fixed,19,460,1,0,75.75000000000178,100.0,49.8,1.5507076582490198,,Forage
fixed,19,470,1,0,75.2500000000018,100.0,49.8,1.5563450363896212,,Forage
fixed,19,480,1,0,74.75000000000183,100.0,49.8,1.562307291899762,,Forage
fixed,19,490,1,0,74.25000000000186,100.0,49.8,1.5682700400543794,,Forage
fixed,19,500,1,0,73.75000000000189,100.0,49.8,1.5742327889560435,,Forage
fixed,19,510,1,0,73.4500000000019,100.0,49.8,1.5799619649046812,,Forage
fixed,19,520,1,0,72.95000000000194,100.0,49.8,1.5837764504803975,,Forage
fixed,19,530,1,0,72.45000000000196,100.0,49.8,1.5897359410517593,,Forage
fixed,19,540,1,0,71.95000000000199,100.0,49.8,1.59569868501362,,Forage
fixed,19,550,1,0,71.45000000000202,100.0,49.8,1.6016614339089263,,Forage
fixed,19,560,1,0,69.25000000000203,100.0,49.8,1.66137936280394,,Forage
fixed,19,570,1,0,68.75000000000206,100.0,49.8,1.633872142351465,,Forage
fixed,19,580,1,0,68.25000000000209,100.0,49.8,1.6398230448779683,,Forage
fixed,19,590,1,0,67.75000000000212,100.0,49.8,1.6457857758169072,,Forage
fixed,19,600,1,0,67.25000000000215,100.0,49.8,1.6517485246924655,,Forage
fixed,19,610,1,0,69.80000000000217,100.0,49.8,1.6216643701923221,,Forage
fixed,19,620,1,0,69.3000000000022,100.0,49.8,1.627301748332923,,Forage
fixed,19,630,1,0,68.80000000000223,100.0,49.8,1.6332640038430641,,Forage
fixed,19,640,1,0,68.30000000000226,100.0,49.8,1.6392267519976813,,Forage
fixed,19,650,1,0,67.80000000000229,100.0,49.8,1.6451895008993453,,Forage
fixed,19,660,1,0,65.60000000000228,100.0,49.8,1.7049074297943687,,Forage
fixed,19,670,1,0,65.10000000000231,100.0,49.8,1.677400209341894,,Forage
fixed,19,680,1,0,64.60000000000234,100.0,49.8,1.6833511118683973,,Forage
fixed,19,690,1,0,64.10000000000237,100.0,49.8,1.6893138428073362,,Forage
fixed,19,700,1,0,63.600000000002396,100.0,49.8,1.6952765916828945,,Forage
fixed,19,710,1,0,61.4000000000024,100.0,49.8,1.754994520577878,,Forage
fixed,19,720,1,0,60.90000000000243,100.0,49.8,1.7274873001254032,,Forage
fixed,19,730,1,0,60.40000000000246,100.0,49.8,1.7334382026519064,,Forage
fixed,19,740,1,0,59.900000000002485,100.0,49.8,1.7394009335908454,,Forage
fixed,19,750,1,0,59.400000000002514,100.0,49.8,1.7453636824664036,,Forage
fixed,19,760,1,0,61.95000000000253,100.0,49.8,1.7152795279662603,,Forage
fixed,19,770,1,0,61.45000000000256,100.0,49.8,1.7209169061068612,,Forage
fixed,19,780,1,0,60.95000000000259,100.0,49.8,1.7268791616170023,,Forage
fixed,19,790,1,0,60.45000000000262,100.0,49.8,1.7328419097716194,,Forage
fixed,19,800,1,0,59.950000000002646,100.0,49.8,1.7388046586732835,,Forage
fixed,19,810,1,0,63.45000000000267,100.0,49.8,1.6972462069146652,,Forage
fixed,19,820,1,0,62.950000000002696,100.0,49.8,1.7030284394075175,,Forage
fixed,19,830,1,0,62.450000000002724,100.0,49.8,1.7089909145750095,,Forage
fixed,19,840,1,0,61.95000000000275,100.0,49.8,1.7149536630627153,,Forage
fixed,19,850,1,0,61.45000000000278,100.0,49.8,1.7209164119648845,,Forage
fixed,19,860,1,0,63.0500000000028,100.0,49.8,1.702439137185467,,Forage
fixed,19,870,1,0,62.550000000002825,100.0,49.8,1.707799279560736,,Forage
fixed,19,880,1,0,62.05000000000285,100.0,49.8,1.7137611146693073,,Forage
fixed,19,890,1,0,61.55000000000288,100.0,49.8,1.719723862186427,,Forage
fixed,19,900,1,0,61.05000000000291,100.0,49.8,1.7256866110871243,,Forage
fixed,19,910,1,0,61.70000000000292,100.0,49.8,1.7190699505254683,,Forage
fixed,19,920,1,0,61.20000000000295,100.0,49.8,1.7238995074256,,Forage
fixed,19,930,1,0,60.70000000000298,100.0,49.8,1.72986053792882,,Forage
fixed,19,940,1,0,60.20000000000301,100.0,49.8,1.7358232842258356,,Forage
fixed,19,950,1,0,59.70000000000304,100.0,49.8,1.7417860331246826,,Forage
fixed,19,960,1,0,62.250000000003055,100.0,49.8,1.7117018786245746,,Forage
fixed,19,970,1,0,61.750000000003084,100.0,49.8,1.7173392567651757,,Forage
fixed,19,980,1,0,61.25000000000311,100.0,49.8,1.7233015122753166,,Forage
fixed,19,990,1,0,60.75000000000314,100.0,49.8,1.729264260429934,,Forage
fixed,19,1000,1,0,60.25000000000317,100.0,49.8,1.7352270093315978,,Forage
fixed,20,1,1,1,99.95,0.5,49.8,0.1770207536604788,,Forage
fixed,20,10,1,1,99.50000000000003,5.0,47.99999999999997,0.3830305398785914,,Forage
fixed,20,20,1,1,99.00000000000006,10.0,45.99999999999994,0.819594304607021,,Forage
fixed,20,30,1,1,98.50000000000009,15.0,43.999999999999915,1.4662961483999741,,Forage
fixed,20,40,1,1,98.00000000000011,20.0,41.999999999999886,1.6313791258573447,,Forage
fixed,20,50,1,1,97.50000000000014,25.0,39.99999999999986,1.7546011790619054,,Forage
fixed,20,60,1,1,88.45000000000014,30.0,37.99999999999983,1.7815315639838558,,Forage
fixed,20,70,1,1,84.05000000000017,15.0,35.9999999999998,1.638939752811235,,Forage
fixed,20,80,1,1,83.20000000000022,20.0,40.99999999999977,1.0341103134715015,,Forage
fixed,20,90,1,1,82.65000000000025,25.0,39.999999999999744,1.1040189487368042,,Forage
fixed,20,100,1,1,82.10000000000028,30.0,38.999999999999716,1.1946733789738198,,Forage
fixed,20,110,1,1,77.6000000000003,15.0,38.99999999999969,1.206386961769739,,Care
fixed,20,120,1,1,76.95000000000034,20.0,39.99999999999966,1.0863340998957145,,Forage
fixed,20,130,1,1,76.40000000000038,25.0,38.99999999999963,1.1730413659089527,,Forage
fixed,20,140,1,1,75.8500000000004,30.0,37.9999999999996,1.273325697627044,,Forage
fixed,20,150,1,1,75.30000000000044,35.0,36.999999999999574,1.3782172432222,,Forage
fixed,20,160,1,1,67.15000000000045,40.0,34.999999999999545,2.487683050486564,,Forage
fixed,20,170,1,1,66.60000000000048,25.0,32.99999999999952,1.7561827818535607,,Forage
fixed,20,180,1,1,65.85000000000052,30.0,35.99999999999949,1.4786829330927151,,Care
fixed,20,190,1,1,65.35000000000055,35.0,33.99999999999946,1.5920687309886368,,Forage
fixed,20,200,1,1,64.80000000000058,40.0,32.99999999999943,1.6948342934321752,,Forage
fixed,20,210,1,1,60.40000000000059,25.0,30.999999999999424,1.9746736039112025,,Forage
fixed,20,220,1,1,59.650000000000595,30.0,33.9999999999994,1.6227270492621804,,Forage
fixed,20,230,1,1,59.10000000000062,35.0,32.999999999999375,1.7097121401736401,,Forage
fixed,20,240,1,1,58.550000000000644,40.0,31.999999999999368,1.8117249501654729,,Care
fixed,20,250,1,1,58.05000000000067,45.0,29.999999999999375,1.9342429882910754,,Forage
fixed,20,260,1,1,49.900000000000674,50.0,27.999999999999382,3.087050677073509,,Forage
fixed,20,270,1,1,49.3500000000007,35.0,25.99999999999939,2.806545870847918,,Forage
fixed,20,280,1,1,48.850000000000726,40.0,23.999999999999396,2.86204229025754,,Forage
fixed,20,290,1,1,48.350000000000755,45.0,21.999999999999403,3.1357755777984075,,Forage
fixed,20,300,1,1,47.85000000000078,50.0,19.99999999999941,3.3991698495391853,,Forage
fixed,20,310,1,1,43.45000000000079,35.0,17.999999999999417,3.3499517937057215,,Forage
fixed,20,320,1,1,42.95000000000082,40.0,15.999999999999424,3.4410715099243845,,Forage
fixed,20,330,1,1,42.45000000000085,45.0,13.999999999999432,3.5590011895353015,,Forage
fixed,20,340,1,1,41.95000000000088,50.0,11.999999999999439,3.6853639455156166,,Forage
fixed,20,350,1,1,41.450000000000905,55.0,9.999999999999446,3.8143775621677363,,Forage
fixed,20,360,1,1,33.30000000000091,60.0,7.999999999999452,3.927548652015971,,Forage
fixed,20,370,1,1,32.60000000000092,45.0,8.999999999999456,3.8490162950276425,,Forage
fixed,20,380,1,1,32.05000000000094,50.0,7.999999999999463,3.9336769225863737,,Forage
fixed,20,390,1,1,31.500000000000938,55.0,6.999999999999461,4.0334184985052035,,Forage
fixed,20,400,1,1,30.95000000000093,60.0,5.999999999999459,4.138277127895709,,Forage
fixed,20,410,1,1,28.25000000000092,45.0,7.999999999999457,3.9734553136457973,,Forage
fixed,20,420,1,1,27.700000000000912,50.0,6.999999999999456,4.029412502629734,,Forage
fixed,20,430,1,1,27.150000000000905,55.0,5.999999999999455,4.122117755693429,,Forage
fixed,20,440,1,1,26.600000000000897,60.0,4.999999999999453,4.224898031373923,,Forage
fixed,20,450,1,1,26.10000000000089,65.0,2.999999999999451,4.3493867387149985,,Forage
fixed,20,460,1,1,18.850000000000886,70.0,1.9999999999994496,4.323340666713356,,Forage
fixed,20,470,1,1,17.200000000000877,55.0,2.9999999999994484,4.362009257853533,,Forage
fixed,20,480,1,1,16.65000000000087,60.0,1.9999999999994469,4.443248982249694,,Forage
fixed,20,490,1,1,16.10000000000086,65.0,0.9999999999994473,4.541915217626494,,Forage
fixed,20,500,1,0,15.600000000000854,67.5,0.0,2.660362079794942,,Forage
fixed,20,510,1,0,18.15000000000085,67.5,0.0,2.437514485079814,,Forage
fixed,20,520,1,0,17.650000000000844,67.5,0.0,2.378361273803724,,Forage
fixed,20,530,1,0,17.150000000000837,67.5,0.0,2.3645089805496182,,Forage
fixed,20,540,1,0,16.65000000000083,67.5,0.0,2.3648570346581037,,Forage
fixed,20,550,1,0,16.150000000000823,67.5,0.0,2.3696525130813164,,Forage
fixed,20,560,1,0,13.950000000000822,67.5,0.0,2.4269821947524464,,Forage
fixed,20,570,1,0,13.450000000000815,67.5,0.0,2.406405152540313,,Forage
fixed,20,580,1,0,12.950000000000808,67.5,0.0,2.412637843918739,,Forage
fixed,20,590,1,0,12.4500000000008,67.5,0.0,2.4192719881661136,,Forage
fixed,20,600,1,0,11.950000000000793,67.5,0.0,2.4260321312859854,,Forage
fixed,20,610,1,0,9.750000000000792,67.5,0.0,2.48397472565637,,Forage
fixed,20,620,1,0,9.250000000000785,67.5,0.0,2.463588425569641,,Forage
fixed,20,630,1,0,8.750000000000778,67.5,0.0,2.4698802830694384,,Forage
fixed,20,640,1,0,8.250000000000771,67.5,0.0,2.476532699245001,,Forage
fixed,20,650,1,0,7.750000000000768,67.5,0.0,2.4832984514479266,,Forage
fixed,20,660,1,0,5.550000000000769,67.5,0.0,2.5412427535337794,,Forage
fixed,20,670,1,0,5.050000000000771,67.5,0.0,2.5208569673979744,,Forage
fixed,20,680,1,0,4.5500000000007725,67.5,0.0,2.5271489770340483,,Forage
fixed,20,690,1,0,4.050000000000774,67.5,0.0,2.5338014371498927,,Forage
fixed,20,700,1,0,3.550000000000776,67.5,0.0,2.540567201564876,,Forage
fixed,21,1,1,1,99.95,0.5,49.8,0.12983324367157736,,Forage
fixed,21,10,1,1,99.50000000000003,5.0,47.99999999999997,0.30427804450796175,,Forage
fixed,21,20,1,1,99.00000000000006,10.0,45.99999999999994,0.6122545216541841,,Forage
fixed,21,30,1,1,98.50000000000009,15.0,43.999999999999915,1.0390827077431106,,Forage
fixed,21,40,1,1,98.00000000000011,20.0,41.999999999999886,1.5846006133919344,,Forage
fixed,21,50,1,1,97.50000000000014,25.0,39.99999999999986,1.7357897188570957,,Forage
fixed,21,60,1,1,89.35000000000015,30.0,37.99999999999983,1.1424660743355468,,Forage
fixed,21,70,1,1,88.80000000000018,15.0,35.9999999999998,1.0832191615638556,,Forage
fixed,21,80,1,1,88.30000000000021,20.0,33.99999999999977,1.2059698491171114,,Forage
fixed,21,90,1,1,87.80000000000024,25.0,31.999999999999748,1.3300365017107194,,Forage
fixed,21,100,1,1,87.30000000000027,30.0,29.999999999999755,1.454267958522407,,Forage
fixed,21,110,1,1,79.15000000000028,35.0,27.999999999999762,1.6495109524802136,,Forage
fixed,21,120,1,1,78.40000000000032,20.0,29.99999999999977,1.3331089014371447,,Forage
fixed,21,130,1,1,77.90000000000035,25.0,27.999999999999776,1.4618954866703207,,Forage
fixed,21,140,1,1,77.40000000000038,30.0,25.999999999999783,1.5923096108290218,,Forage
fixed,21,150,1,1,76.9000000000004,35.0,23.99999999999979,1.722927328972944,,Forage
fixed,21,160,1,1,70.55000000000042,20.0,22.999999999999797,1.6707427601445342,,Care
fixed,21,170,1,1,69.75000000000047,25.0,26.999999999999805,1.5935118020240662,,Forage
fixed,21,180,1,1,69.2500000000005,30.0,24.99999999999981,1.7230433230356066,,Forage
fixed,21,190,1,1,68.75000000000053,35.0,22.99999999999982,1.8535517069857366,,Forage
fixed,21,200,1,1,68.25000000000055,40.0,20.999999999999826,1.984181229950475,,Forage
fixed,21,210,1,1,63.700000000000564,25.0,21.999999999999833,1.8374181546306179,,Care
fixed,21,220,1,1,63.000000000000576,30.0,23.99999999999984,1.8301820622995857,,Forage
fixed,21,230,1,1,62.500000000000604,35.0,21.999999999999847,1.959974049360984,,Forage
fixed,21,240,1,1,62.00000000000063,40.0,19.999999999999854,2.090513897388974,,Forage
fixed,21,250,1,1,61.50000000000066,45.0,17.99999999999986,2.22114736082277,,Forage
fixed,21,260,1,1,55.15000000000066,30.0,16.99999999999987,2.159532202889008,,Care
fixed,21,270,1,1,54.35000000000066,35.0,20.999999999999876,2.080069045711457,,Forage
fixed,21,280,1,1,53.85000000000069,40.0,18.999999999999883,2.205888943734712,,Forage
fixed,21,290,1,1,53.35000000000072,45.0,16.99999999999989,2.331718686429796,,Forage
fixed,21,300,1,1,52.85000000000075,50.0,14.999999999999897,2.45754842912557,,Forage
fixed,21,310,1,1,44.70000000000075,55.0,12.999999999999904,2.56214572380565,,Forage
fixed,21,320,1,1,41.95000000000074,40.0,16.99999999999991,2.425828057634555,,Forage
fixed,21,330,1,1,41.45000000000077,45.0,14.999999999999918,2.5022786206371412,,Forage
fixed,21,340,1,1,40.9500000000008,50.0,12.999999999999925,2.6281083632362052,,Forage
fixed,21,350,1,1,40.45000000000083,55.0,10.999999999999932,2.75393810593198,,Forage
fixed,21,360,1,1,37.70000000000082,40.0,13.99999999999994,2.5204657545818385,,Care
fixed,21,370,1,1,37.10000000000084,45.0,13.999999999999947,2.571558601133338,,Forage
fixed,21,380,1,1,36.60000000000087,50.0,11.999999999999954,2.697388330291523,,Forage
fixed,21,390,1,1,36.1000000000009,55.0,9.999999999999961,2.823218072987296,,Forage
fixed,21,400,1,1,35.600000000000925,60.0,7.999999999999967,2.9490478156830706,,Forage
fixed,21,410,1,1,27.450000000000927,65.0,5.999999999999965,3.4581181979412716,,Forage
fixed,21,420,1,1,26.600000000000914,50.0,9.999999999999968,2.8669994079558467,,Forage
fixed,21,430,1,1,26.100000000000907,55.0,7.999999999999974,2.974778007101519,,Forage
fixed,21,440,1,1,25.6000000000009,60.0,5.9999999999999725,3.1006077497937072,,Forage
fixed,21,450,1,1,25.100000000000893,65.0,3.9999999999999707,3.226437492489482,,Forage
fixed,21,460,1,1,16.95000000000089,70.0,1.9999999999999691,3.7373757427714653,,Forage
fixed,21,470,1,1,14.150000000000894,55.0,6.999999999999968,3.1862171209984664,,Care
fixed,21,480,1,1,13.650000000000887,60.0,4.999999999999966,3.2458877173510348,,Forage
fixed,21,490,1,1,13.15000000000088,65.0,2.9999999999999645,3.3717174595448003,,Forage
fixed,21,500,1,1,12.650000000000873,70.0,0.999999999999964,3.497547202240575,,Forage
fixed,21,510,1,0,12.35000000000087,72.5,0.0,2.1556904268006924,,Forage
fixed,21,520,1,0,11.850000000000863,72.5,0.0,2.2716916778899128,,Forage
fixed,21,530,1,0,11.350000000000856,72.5,0.0,2.278264632337309,,Forage
fixed,21,540,1,0,10.850000000000849,72.5,0.0,2.283286463072283,,Forage
fixed,21,550,1,0,10.350000000000842,72.5,0.0,2.288286765997774,,Forage
fixed,21,560,1,0,1.300000000000841,72.5,0.0,2.423786770201191,,Forage
fixed,21,570,1,0,5.750000000000843,72.5,0.0,2.334286770259518,,Forage
fixed,21,580,1,0,5.250000000000845,72.5,0.0,2.3392867702603275,,Forage
fixed,21,590,1,0,4.750000000000846,72.5,0.0,2.3442867702603385,,Forage
fixed,21,600,1,0,4.250000000000848,72.5,0.0,2.3492867702603384,,Forage
fixed,21,610,1,0,4.9000000000008495,72.5,0.0,2.3427867702603384,,Forage
fixed,21,620,1,0,4.400000000000851,72.5,0.0,2.3477867702603383,,Forage
fixed,21,630,1,0,3.900000000000853,72.5,0.0,2.3527867702603387,,Forage
fixed,21,640,1,0,3.400000000000855,72.5,0.0,2.357786770260339,,Forage
fixed,21,650,1,0,2.9000000000008566,72.5,0.0,2.362786770260339,,Forage
fixed,22,1,1,1,99.0,0.5,49.8,0.11587883255014678,,Care
fixed,22,10,1,1,95.40000000000003,5.0,50.0,0.5818034746439158,,Care
fixed,22,20,1,1,94.40000000000009,10.0,50.0,0.6418982172712923,,Care
fixed,22,30,1,1,93.40000000000015,15.0,50.0,0.7034261400822991,,Care
fixed,22,40,1,1,92.4000000000002,20.0,50.0,0.7649834022100441,,Care
fixed,22,50,1,1,91.40000000000026,25.0,50.0,0.8265412376826717,,Care
fixed,22,60,1,1,90.40000000000032,30.0,50.0,0.8880990843560952,,Care
fixed,22,70,1,1,89.40000000000038,35.0,50.0,0.9496569312483357,,Care
fixed,22,80,1,1,88.40000000000043,40.0,50.0,1.011214778144851,,Care
fixed,22,90,1,1,87.40000000000049,45.0,50.0,1.0727726250414498,,Care
fixed,22,100,1,1,86.40000000000055,50.0,50.0,1.1343304719380503,,Care
fixed,22,110,1,1,85.4000000000006,55.0,50.0,1.1958883188346505,,Care
fixed,22,120,1,1,81.70000000000064,60.0,49.19999999999999,1.0475848946343072,,Forage
fixed,22,130,1,1,79.8000000000007,45.0,50.0,1.1324724794938048,,Care
fixed,22,140,1,1,78.80000000000075,50.0,50.0,1.2049895215083102,,Care
fixed,22,150,1,1,77.80000000000081,55.0,50.0,1.2800920515198149,,Care
fixed,22,160,1,1,71.40000000000083,40.0,49.99999999999997,1.2625030764727312,,Care
fixed,22,170,1,1,70.40000000000089,45.0,50.0,1.3221148213788805,,Care
fixed,22,180,1,1,61.30000000000089,50.0,47.99999999999997,1.1577268315378988,,Forage
fixed,22,190,1,1,57.8000000000009,35.0,47.99999999999994,1.4819966180960147,,Forage
fixed,22,200,1,1,57.30000000000093,40.0,45.999999999999915,1.5048244314692079,,Forage
fixed,22,210,1,1,49.15000000000093,45.0,43.999999999999886,1.4399582482533295,,Forage
fixed,22,220,1,1,46.550000000000935,30.0,44.99999999999986,1.5988688625252734,,Forage
fixed,22,230,1,1,46.05000000000096,35.0,42.99999999999983,1.61926505057293,,Forage
fixed,22,240,1,1,45.55000000000099,40.0,40.9999999999998,1.6943931598925162,,Forage
fixed,22,250,1,1,45.05000000000102,45.0,38.99999999999977,1.824719008276028,,Forage
fixed,22,260,1,1,40.500000000001016,30.0,39.999999999999744,1.7588385167180998,,Care
fixed,22,270,1,1,39.900000000001036,35.0,39.999999999999716,1.7584283192684589,,Forage
fixed,22,280,1,1,39.400000000001064,40.0,37.99999999999969,1.8860370290539004,,Forage
fixed,22,290,1,1,38.85000000000109,45.0,36.99999999999966,1.99075014540051,,Forage
fixed,22,300,1,1,38.35000000000112,50.0,34.99999999999963,2.1115550884022367,,Forage
fixed,22,310,1,1,30.20000000000112,55.0,32.9999999999996,2.4903154235848604,,Forage
fixed,22,320,1,1,29.50000000000111,40.0,33.999999999999574,2.169303839186404,,Forage
fixed,22,330,1,1,29.0000000000011,45.0,31.99999999999955,2.294982850151481,,Forage
fixed,22,340,1,1,28.500000000001094,50.0,29.999999999999556,2.425220506425064,,Forage
fixed,22,350,1,1,28.000000000001087,55.0,27.999999999999563,2.555548495736113,,Forage
fixed,22,360,1,1,21.650000000001082,40.0,26.99999999999957,2.569163624861198,,Care
fixed,22,370,1,1,20.950000000001072,45.0,28.999999999999577,2.518349261214907,,Forage
fixed,22,380,1,1,20.450000000001065,50.0,26.999999999999584,2.642769660475128,,Forage
fixed,22,390,1,1,19.950000000001058,55.0,24.99999999999959,2.77298265302875,,Forage
fixed,22,400,1,1,19.45000000000105,60.0,22.9999999999996,2.903310160503388,,Forage
fixed,22,410,1,1,22.000000000001044,65.0,20.999999999999606,3.348998313820414,,Forage
fixed,22,420,1,1,21.500000000001037,70.0,18.999999999999613,3.8811280645829833,,Forage
fixed,22,430,1,1,21.00000000000103,75.0,16.99999999999962,4.011401771490106,,Forage
fixed,22,440,1,1,20.500000000001023,80.0,14.999999999999627,4.14173046501534,,Forage
fixed,22,450,1,1,20.000000000001016,85.0,12.999999999999634,4.272060232983569,,Forage
fixed,22,460,1,1,11.850000000001016,90.0,10.999999999999641,4.633743111816594,,Forage
fixed,22,470,1,1,11.050000000001015,75.0,13.999999999999648,3.530164336294824,,Forage
fixed,22,480,1,1,10.550000000001008,80.0,11.999999999999655,3.6269991482383475,,Forage
fixed,22,490,1,1,10.000000000001002,85.0,10.999999999999662,3.722508620555985,,Forage
fixed,22,500,1,1,9.500000000000995,90.0,8.99999999999967,3.8319139389297585,,Forage
fixed,22,510,1,1,4.950000000000996,75.0,9.999999999999673,3.733884663757346,,Care
fixed,22,520,1,1,4.350000000000998,80.0,9.99999999999968,3.7577751538282542,,Forage
fixed,22,530,1,1,3.8500000000009997,85.0,7.9999999999996865,3.8626791284073185,,Forage
fixed,22,540,1,1,3.3500000000010015,90.0,5.999999999999685,3.9675893399868176,,Forage
fixed,22,550,1,1,2.8500000000010033,95.0,3.999999999999683,4.072499552388405,,Forage
fixed,22,560,0,0,0.0,100.0,1.9999999999996814,2.004212181143908,,Forage
fixed,23,1,1,1,99.95,0.5,49.8,0.2550844699963312,,Forage
fixed,23,10,1,1,99.50000000000003,5.0,47.99999999999997,0.5615589089297919,,Forage
fixed,23,20,1,1,99.00000000000006,10.0,45.99999999999994,1.2752395950723776,,Forage
fixed,23,30,1,1,98.50000000000009,15.0,43.999999999999915,1.5644469213619663,,Forage
fixed,23,40,1,1,98.00000000000011,20.0,41.999999999999886,1.6736044012464175,,Forage
fixed,23,50,1,1,97.50000000000014,25.0,39.99999999999986,1.7828101818029458,,Forage
fixed,23,60,1,1,90.25000000000016,10.0,37.99999999999983,1.854787729032542,,Forage
fixed,23,70,1,1,89.75000000000018,15.0,35.9999999999998,1.017241941337762,,Forage
fixed,23,80,1,1,89.25000000000021,20.0,33.99999999999977,1.1246514864036037,,Forage
fixed,23,90,1,1,88.75000000000024,25.0,31.999999999999748,1.2332967695716257,,Forage
fixed,23,100,1,1,88.25000000000027,30.0,29.999999999999755,1.3423298946530564,,Forage
fixed,23,110,1,1,80.10000000000028,35.0,27.999999999999762,1.3808182901354202,,Forage
fixed,23,120,1,1,79.55000000000031,20.0,25.99999999999977,1.3244877470673941,,Forage
fixed,23,130,1,1,79.05000000000034,25.0,23.999999999999776,1.4423585361241749,,Forage
fixed,23,140,1,1,78.55000000000037,30.0,21.999999999999783,1.5634007654689595,,Forage
fixed,23,150,1,1,78.0500000000004,35.0,19.99999999999979,1.6854602330444148,,Forage
fixed,23,160,1,1,71.75000000000041,20.0,17.999999999999797,1.6947075767130921,,Forage
fixed,23,170,1,1,71.25000000000044,25.0,15.999999999999805,1.817011895701134,,Forage
fixed,23,180,1,1,70.75000000000047,30.0,13.999999999999812,1.9547215915391072,,Forage
fixed,23,190,1,1,70.2500000000005,35.0,11.999999999999819,2.0824195243535586,,Forage
fixed,23,200,1,1,69.75000000000053,40.0,9.999999999999826,2.206723339262986,,Forage
fixed,23,210,1,1,60.70000000000053,45.0,7.999999999999832,3.040075726269476,,Forage
fixed,23,220,1,1,51.60000000000053,50.0,5.99999999999983,3.657995898357946,,Forage
fixed,23,230,1,1,51.05000000000055,35.0,3.9999999999998286,2.5421149197634785,,Forage
fixed,23,240,1,1,50.55000000000058,40.0,1.999999999999827,2.6516320436846805,,Forage
fixed,23,250,1,0,50.05000000000061,45.0,0.0,1.195037628127705,,Forage
fixed,23,260,1,0,50.70000000000062,45.0,0.0,1.611841954433264,,Forage
fixed,23,270,1,0,50.20000000000065,45.0,0.0,1.9045150086281672,,Forage
fixed,23,280,1,0,49.70000000000068,45.0,0.0,2.007917924289235,,Forage
fixed,23,290,1,0,49.200000000000706,45.0,0.0,2.046513896313528,,Forage
fixed,23,300,1,0,48.700000000000735,45.0,0.0,2.062983870801148,,Forage
fixed,23,310,1,0,52.200000000000756,45.0,0.0,2.0318998255925775,,Forage
fixed,23,320,1,0,51.700000000000784,45.0,0.0,2.0382367685770397,,Forage
fixed,23,330,1,0,51.20000000000081,45.0,0.0,2.0436932132090377,,Forage
fixed,23,340,1,0,50.70000000000084,45.0,0.0,2.0488490476047465,,Forage
fixed,23,350,1,0,50.20000000000087,45.0,0.0,2.0539022509007947,,Forage
fixed,23,360,1,0,52.75000000000089,45.0,0.0,2.0284204149954252,,Forage
fixed,23,370,1,0,52.25000000000092,45.0,0.0,2.033426616384404,,Forage
fixed,23,380,1,0,51.750000000000945,45.0,0.0,2.038428733595641,,Forage
fixed,23,390,1,0,51.25000000000097,45.0,0.0,2.043429456431031,,Forage
fixed,23,400,1,0,50.750000000001,45.0,0.0,2.0484297032136816,,Forage
fixed,23,410,1,0,50.45000000000101,45.0,0.0,2.0514297874675482,,Forage
fixed,23,420,1,0,49.95000000000104,45.0,0.0,2.056429816232593,,Forage
fixed,23,430,1,0,49.45000000000107,45.0,0.0,2.061429826053244,,Forage
fixed,23,440,1,0,48.9500000000011,45.0,0.0,2.066429829406104,,Forage
fixed,23,450,1,0,48.450000000001125,45.0,0.0,2.0714298305508017,,Forage
fixed,23,460,1,0,50.05000000000114,45.0,0.0,2.0554298309416112,,Forage
fixed,23,470,1,0,49.55000000000117,45.0,0.0,2.0604298310750373,,Forage
fixed,23,480,1,0,49.0500000000012,45.0,0.0,2.06542983112059,,Forage
fixed,23,490,1,0,48.550000000001226,45.0,0.0,2.070429831136142,,Forage
fixed,23,500,1,0,48.050000000001255,45.0,0.0,2.0754298311414514,,Forage
fixed,23,510,1,0,49.65000000000127,45.0,0.0,2.0594298311432637,,Forage
fixed,23,520,1,0,49.1500000000013,45.0,0.0,2.0644298311438822,,Forage
fixed,23,530,1,0,48.65000000000133,45.0,0.0,2.0694298311440935,,Forage
fixed,23,540,1,0,48.150000000001356,45.0,0.0,2.0744298311441653,,Forage
fixed,23,550,1,0,47.650000000001384,45.0,0.0,2.0794298311441897,,Forage
fixed,23,560,1,0,47.350000000001394,45.0,0.0,2.0824298311441978,,Forage
fixed,23,570,1,0,46.85000000000142,45.0,0.0,2.0874298311442008,,Forage
fixed,23,580,1,0,46.35000000000145,45.0,0.0,2.092429831144201,,Forage
fixed,23,590,1,0,45.85000000000148,45.0,0.0,2.0974298311442015,,Forage
fixed,23,600,1,0,45.35000000000151,45.0,0.0,2.1024298311442013,,Forage
fixed,23,610,1,0,44.100000000001515,45.0,0.0,2.1259298311442008,,Forage
fixed,23,620,1,0,43.60000000000154,45.0,0.0,2.119929831144201,,Forage
fixed,23,630,1,0,43.10000000000157,45.0,0.0,2.1249298311442004,,Forage
fixed,23,640,1,0,42.6000000000016,45.0,0.0,2.1299298311442003,,Forage
fixed,23,650,1,0,42.10000000000163,45.0,0.0,2.1349298311442,,Forage
fixed,23,660,1,0,39.90000000000163,45.0,0.0,2.1829298311442003,,Forage
fixed,23,670,1,0,39.40000000000166,45.0,0.0,2.1619298311441995,,Forage
fixed,23,680,1,0,38.90000000000169,45.0,0.0,2.1669298311441993,,Forage
fixed,23,690,1,0,38.40000000000172,45.0,0.0,2.1719298311441992,,Forage
fixed,23,700,1,0,37.90000000000175,45.0,0.0,2.1769298311441987,,Forage
fixed,23,710,1,0,39.50000000000176,45.0,0.0,2.1609298311441987,,Forage
fixed,23,720,1,0,39.00000000000179,45.0,0.0,2.1659298311441986,,Forage
fixed,23,730,1,0,38.50000000000182,45.0,0.0,2.170929831144198,,Forage
fixed,23,740,1,0,38.00000000000185,45.0,0.0,2.175929831144198,,Forage
fixed,23,750,1,0,37.500000000001876,45.0,0.0,2.1809298311441974,,Forage
fixed,23,760,1,0,39.10000000000189,45.0,0.0,2.1649298311441973,,Forage
fixed,23,770,1,0,38.60000000000192,45.0,0.0,2.1699298311441972,,Forage
fixed,23,780,1,0,38.10000000000195,45.0,0.0,2.1749298311441967,,Forage
fixed,23,790,1,0,37.60000000000198,45.0,0.0,2.1799298311441966,,Forage
fixed,23,800,1,0,37.100000000002005,45.0,0.0,2.1849298311441965,,Forage
fixed,23,810,1,0,39.650000000002024,45.0,0.0,2.159429831144196,,Forage
fixed,23,820,1,0,39.15000000000205,45.0,0.0,2.164429831144196,,Forage
fixed,23,830,1,0,38.65000000000208,45.0,0.0,2.1694298311441953,,Forage
fixed,23,840,1,0,38.15000000000211,45.0,0.0,2.174429831144195,,Forage
fixed,23,850,1,0,37.65000000000214,45.0,0.0,2.179429831144195,,Forage
fixed,23,860,1,0,38.30000000000215,45.0,0.0,2.1729298311441947,,Forage
fixed,23,870,1,0,37.80000000000218,45.0,0.0,2.1779298311441946,,Forage
fixed,23,880,1,0,37.30000000000221,45.0,0.0,2.182929831144194,,Forage
fixed,23,890,1,0,36.800000000002235,45.0,0.0,2.187929831144194,,Forage
fixed,23,900,1,0,36.300000000002264,45.0,0.0,2.192929831144194,,Forage
fixed,23,910,1,0,35.05000000000227,45.0,0.0,2.2164298311441932,,Forage
fixed,23,920,1,0,34.5500000000023,45.0,0.0,2.2104298311441934,,Forage
fixed,23,930,1,0,34.05000000000233,45.0,0.0,2.215429831144193,,Forage
fixed,23,940,1,0,33.550000000002356,45.0,0.0,2.220429831144193,,Forage
fixed,23,950,1,0,33.050000000002385,45.0,0.0,2.2254298311441927,,Forage
fixed,23,960,1,0,35.6000000000024,45.0,0.0,2.199929831144192,,Forage
fixed,23,970,1,0,35.10000000000243,45.0,0.0,2.204929831144192,,Forage
fixed,23,980,1,0,34.60000000000246,45.0,0.0,2.2099298311441915,,Forage
fixed,23,990,1,0,34.10000000000249,45.0,0.0,2.2149298311441914,,Forage
fixed,23,1000,1,0,33.60000000000252,45.0,0.0,2.2199298311441913,,Forage
fixed,24,1,1,1,99.95,0.5,49.8,0.26858416084830045,,Forage
fixed,24,10,1,1,99.50000000000003,5.0,47.99999999999997,0.4131027906372182,,Forage
fixed,24,20,1,1,99.00000000000006,10.0,45.99999999999994,0.6686770999885117,,Forage
fixed,24,30,1,1,98.50000000000009,15.0,43.999999999999915,1.0134509939807252,,Forage
fixed,24,40,1,1,98.00000000000011,20.0,41.999999999999886,1.4463288346022476,,Forage
fixed,24,50,1,1,97.50000000000014,25.0,39.99999999999986,1.845040489399835,,Forage
fixed,24,60,1,1,92.15000000000016,10.0,37.99999999999983,1.0029509837193569,,Forage
fixed,24,70,1,1,91.65000000000019,15.0,35.9999999999998,1.0640809237609528,,Forage
fixed,24,80,1,1,91.15000000000022,20.0,33.99999999999977,1.1794244114587584,,Forage
fixed,24,90,1,1,90.65000000000025,25.0,31.999999999999748,1.2994733936173035,,Forage
fixed,24,100,1,1,90.15000000000028,30.0,29.999999999999755,1.4198774607801168,,Forage
fixed,24,110,1,1,82.00000000000028,35.0,27.999999999999762,1.5767234055642316,,Forage
fixed,24,120,1,1,81.45000000000032,20.0,25.99999999999977,1.403824557670156,,Forage
fixed,24,130,1,1,80.95000000000034,25.0,23.999999999999776,1.5133252713209517,,Forage
fixed,24,140,1,1,80.45000000000037,30.0,21.999999999999783,1.6329232873921327,,Forage
fixed,24,150,1,1,79.9500000000004,35.0,19.99999999999979,1.7537935291457258,,Forage
fixed,24,160,1,1,71.80000000000041,40.0,17.999999999999797,2.2690532129083567,,Forage
fixed,24,170,1,1,67.45000000000043,25.0,15.999999999999805,2.0185985163129274,,Forage
fixed,24,180,1,1,66.95000000000046,30.0,13.999999999999812,2.1259457893919915,,Forage
fixed,24,190,1,1,66.45000000000049,35.0,11.999999999999819,2.256181320444936,,Forage
fixed,24,200,1,1,65.95000000000051,40.0,9.999999999999826,2.387372293544915,,Forage
fixed,24,210,1,1,57.800000000000516,45.0,7.999999999999832,3.101999639958266,,Forage
fixed,24,220,1,1,55.350000000000534,30.0,5.99999999999983,2.5095949490498466,,Forage
fixed,24,230,1,1,54.85000000000056,35.0,3.9999999999998286,2.60723605081829,,Forage
fixed,24,240,1,1,54.35000000000059,40.0,1.999999999999827,2.704956766692016,,Forage
fixed,24,250,1,0,53.85000000000062,45.0,0.0,1.5531630919014503,,Forage
fixed,24,260,1,0,55.450000000000635,45.0,0.0,2.0575678979600456,,Forage
fixed,24,270,1,0,54.950000000000664,45.0,0.0,2.0423426957128785,,Forage
fixed,24,280,1,0,54.45000000000069,45.0,0.0,2.0501545304132254,,Forage
fixed,24,290,1,0,53.95000000000072,45.0,0.0,2.060745007752766,,Forage
fixed,24,300,1,0,53.45000000000075,45.0,0.0,2.07156209651302,,Forage
fixed,24,310,1,0,54.10000000000076,45.0,0.0,2.077272882307315,,Forage
fixed,24,320,1,0,53.60000000000079,45.0,0.0,2.070071235097668,,Forage
fixed,24,330,1,0,53.10000000000082,45.0,0.0,2.0792782548315896,,Forage
fixed,24,340,1,0,52.60000000000085,45.0,0.0,2.089991458270974,,Forage
fixed,24,350,1,0,52.100000000000875,45.0,0.0,2.1008181191267865,,Forage
fixed,24,360,1,0,51.800000000000885,45.0,0.0,2.128158003560177,,Forage
fixed,24,370,1,0,51.300000000000914,45.0,0.0,2.1202256336708545,,Forage
fixed,24,380,1,0,50.80000000000094,45.0,0.0,2.1291468592510787,,Forage
fixed,24,390,1,0,50.30000000000097,45.0,0.0,2.139838163288881,,Forage
fixed,24,400,1,0,49.800000000001,45.0,0.0,2.1506631818675093,,Forage
fixed,24,410,1,0,53.30000000000102,45.0,0.0,2.090040262064057,,Forage
fixed,24,420,1,0,52.80000000000105,45.0,0.0,2.0868376458325084,,Forage
fixed,24,430,1,0,52.30000000000108,45.0,0.0,2.096572355798273,,Forage
fixed,24,440,1,0,51.800000000001106,45.0,0.0,2.1073255815129928,,Forage
fixed,24,450,1,0,51.300000000001134,45.0,0.0,2.1181552428751527,,Forage
fixed,24,460,1,0,54.800000000001155,45.0,0.0,2.057532671035272,,Forage
fixed,24,470,1,0,54.300000000001184,45.0,0.0,2.054330080882314,,Forage
fixed,24,480,1,0,53.80000000000121,45.0,0.0,2.064064792802573,,Forage
fixed,24,490,1,0,53.30000000000124,45.0,0.0,2.074818018663775,,Forage
fixed,24,500,1,0,52.80000000000127,45.0,0.0,2.085647680036913,,Forage
fixed,24,510,1,0,52.50000000000128,45.0,0.0,2.112987789350024,,Forage
fixed,24,520,1,0,52.00000000000131,45.0,0.0,2.1050554363146086,,Forage
fixed,24,530,1,0,51.500000000001336,45.0,0.0,2.1139766631579713,,Forage
fixed,24,540,1,0,51.000000000001364,45.0,0.0,2.124667967290441,,Forage
fixed,24,550,1,0,50.50000000000139,45.0,0.0,2.135492985876163,,Forage
fixed,24,560,1,0,53.05000000000141,45.0,0.0,2.0968985498736212,,Forage
fixed,24,570,1,0,52.55000000000144,45.0,0.0,2.092399821584073,,Forage
fixed,24,580,1,0,52.05000000000147,45.0,0.0,2.1020011692838185,,Forage
fixed,24,590,1,0,51.550000000001496,45.0,0.0,2.1127443247007136,,Forage
fixed,24,600,1,0,51.050000000001525,45.0,0.0,2.123573231174819,,Forage
fixed,24,610,1,0,51.70000000000154,45.0,0.0,2.129284910299245,,Forage
fixed,24,620,1,0,51.200000000001566,45.0,0.0,2.122083330196981,,Forage
fixed,24,630,1,0,50.700000000001594,45.0,0.0,2.131290354963523,,Forage
fixed,24,640,1,0,50.20000000000162,45.0,0.0,2.1420035587801483,,Forage
fixed,24,650,1,0,49.70000000000165,45.0,0.0,2.152830219664235,,Forage
fixed,24,660,1,0,40.650000000001654,45.0,0.0,2.3305734425324425,,Forage
fixed,24,670,1,0,45.10000000000168,45.0,0.0,2.256953980955736,,Forage
fixed,24,680,1,0,44.60000000000171,45.0,0.0,2.2636999145079075,,Forage
fixed,24,690,1,0,44.100000000001735,45.0,0.0,2.274216904396684,,Forage
fixed,24,700,1,0,43.600000000001764,45.0,0.0,2.2850288353211434,,Forage
fixed,24,710,1,0,47.100000000001785,45.0,0.0,2.2244049345976813,,Forage
fixed,24,720,1,0,46.60000000000181,45.0,0.0,2.2212022448497057,,Forage
fixed,24,730,1,0,46.10000000000184,45.0,0.0,2.230936949305686,,Forage
fixed,24,740,1,0,45.60000000000187,45.0,0.0,2.241690174607468,,Forage
fixed,24,750,1,0,45.1000000000019,45.0,0.0,2.2525198359386795,,Forage
fixed,24,760,1,0,45.75000000000191,45.0,0.0,2.258231571637178,,Forage
fixed,24,770,1,0,45.25000000000194,45.0,0.0,2.251029995774932,,Forage
fixed,24,780,1,0,44.75000000000197,45.0,0.0,2.2602370208592473,,Forage
fixed,24,790,1,0,44.250000000002,45.0,0.0,2.270950224699688,,Forage
fixed,24,800,1,0,43.750000000002025,45.0,0.0,2.2817768855855602,,Forage
fixed,24,810,1,0,43.450000000002035,45.0,0.0,2.3091167700212036,,Forage
fixed,24,820,1,0,42.95000000000206,45.0,0.0,2.30118440013205,,Forage
fixed,24,830,1,0,42.45000000000209,45.0,0.0,2.310105625712287,,Forage
fixed,24,840,1,0,41.95000000000212,45.0,0.0,2.3207969297500903,,Forage
fixed,24,850,1,0,41.45000000000215,45.0,0.0,2.331621948328718,,Forage
fixed,24,860,1,0,42.10000000000216,45.0,0.0,2.337333336065965,,Forage
fixed,24,870,1,0,41.60000000000219,45.0,0.0,2.330131734125301,,Forage
fixed,24,880,1,0,41.10000000000222,45.0,0.0,2.339338757255136,,Forage
fixed,24,890,1,0,40.60000000000225,45.0,0.0,2.350051960949096,,Forage
fixed,24,900,1,0,40.100000000002275,45.0,0.0,2.360878621823989,,Forage
fixed,24,910,1,0,41.70000000000229,45.0,0.0,2.344460463926713,,Forage
fixed,24,920,1,0,41.20000000000232,45.0,0.0,2.3385600462271565,,Forage
fixed,24,930,1,0,40.70000000000235,45.0,0.0,2.3479891662663435,,Forage
fixed,24,940,1,0,40.200000000002376,45.0,0.0,2.358719274233504,,Forage
fixed,24,950,1,0,39.700000000002404,45.0,0.0,2.369547202559318,,Forage
fixed,24,960,1,0,40.35000000000242,45.0,0.0,2.3752588083745447,,Forage
fixed,24,970,1,0,39.850000000002446,45.0,0.0,2.3680572227780257,,Forage
fixed,24,980,1,0,39.350000000002474,45.0,0.0,2.3772642471327936,,Forage
fixed,24,990,1,0,38.8500000000025,45.0,0.0,2.387977450918558,,Forage
fixed,24,1000,1,0,38.35000000000253,45.0,0.0,2.398804111800332,,Forage
fixed,25,1,1,1,99.0,0.5,49.8,0.0778092096884628,,Care
fixed,25,10,1,1,95.40000000000003,5.0,50.0,0.6167386715114486,,Care
fixed,25,20,1,1,94.40000000000009,10.0,50.0,0.7296335147620946,,Care
fixed,25,30,1,1,93.40000000000015,15.0,50.0,0.8454011706645704,,Care
fixed,25,40,1,1,92.4000000000002,20.0,50.0,0.9614197464183496,,Care
fixed,25,50,1,1,91.40000000000026,25.0,50.0,1.077460236332627,,Care
fixed,25,60,1,1,90.40000000000032,30.0,50.0,1.1935026401266866,,Care
fixed,25,70,1,1,89.40000000000038,35.0,50.0,1.3095452110700112,,Care
fixed,25,80,1,1,88.40000000000043,40.0,50.0,1.4255877966113668,,Care
fixed,25,90,1,1,87.40000000000049,45.0,50.0,1.5416303834276461,,Care
fixed,25,100,1,1,86.40000000000055,50.0,50.0,1.6907339580844394,,Care
fixed,25,110,1,1,78.20000000000056,55.0,48.199999999999974,2.4576338453283473,,Forage
fixed,25,120,1,1,69.10000000000056,40.0,46.199999999999946,2.4479787602720564,,Forage
fixed,25,130,1,1,60.00000000000057,45.0,44.19999999999992,2.6561376437715656,,Forage
fixed,25,140,1,1,55.65000000000058,30.0,42.19999999999989,2.7755367882195516,,Forage
fixed,25,150,1,1,55.15000000000061,35.0,40.19999999999986,2.688378453627564,,Forage
fixed,25,160,1,1,47.00000000000061,40.0,38.19999999999983,3.137813438567117,,Forage
fixed,25,170,1,1,46.450000000000635,25.0,36.199999999999804,2.7303626283212608,,Forage
fixed,25,180,1,1,45.950000000000664,30.0,34.199999999999775,2.897729565938519,,Forage
fixed,25,190,1,1,45.45000000000069,35.0,32.19999999999975,3.2656207938289428,,Forage
fixed,25,200,1,1,44.95000000000072,40.0,30.199999999999754,3.4499830268458034,,Forage
fixed,25,210,1,1,36.80000000000072,45.0,28.19999999999976,3.424532881971023,,Forage
fixed,25,220,1,1,32.450000000000735,30.0,26.19999999999977,3.614036441737899,,Forage
fixed,25,230,1,1,31.95000000000076,35.0,24.199999999999775,3.7229808685882553,,Forage
fixed,25,240,1,1,31.450000000000752,40.0,22.199999999999783,3.901972012793976,,Forage
fixed,25,250,1,1,30.950000000000745,45.0,20.19999999999979,4.0364999999999975,,Forage
fixed,25,260,1,1,30.65000000000074,50.0,18.199999999999797,3.7951854249492345,,Forage
fixed,25,270,1,1,30.150000000000734,55.0,16.199999999999804,3.8901854249492347,,Forage
fixed,25,280,1,1,29.650000000000727,60.0,14.199999999999811,3.985185424949235,,Forage
fixed,25,290,1,1,29.15000000000072,65.0,12.199999999999818,4.080185424949234,,Forage
fixed,25,300,1,1,28.650000000000713,70.0,10.199999999999825,4.175185424949235,,Forage
fixed,25,310,1,1,20.50000000000071,75.0,8.199999999999832,4.521999999999997,,Forage
fixed,25,320,1,1,19.000000000000703,60.0,6.1999999999998305,4.585999999999997,,Forage
fixed,25,330,1,1,18.500000000000696,65.0,4.199999999999829,4.6809999999999965,,Forage
fixed,25,340,1,1,18.00000000000069,70.0,2.199999999999827,4.775999999999996,,Forage
fixed,25,350,1,1,17.500000000000682,75.0,0.19999999999982732,4.870999999999997,,Forage
fixed,25,360,1,0,17.20000000000068,75.5,0.0,2.3427528668646707,,Forage
fixed,25,370,1,0,16.700000000000674,75.5,0.0,2.2641705410664312,,Forage
fixed,25,380,1,0,16.200000000000667,75.5,0.0,2.262743808607534,,Forage
fixed,25,390,1,0,15.70000000000066,75.5,0.0,2.268073745283133,,Forage
fixed,25,400,1,0,15.200000000000653,75.5,0.0,2.2739938158694235,,Forage
fixed,25,410,1,0,15.850000000000648,75.5,0.0,2.269031983878204,,Forage
fixed,25,420,1,0,15.350000000000641,75.5,0.0,2.2724414868030554,,Forage
fixed,25,430,1,0,14.850000000000634,75.5,0.0,2.2781934792251977,,Forage
fixed,25,440,1,0,14.350000000000627,75.5,0.0,2.2841504102660926,,Forage
fixed,25,450,1,0,13.85000000000062,75.5,0.0,2.2901252396827627,,Forage
fixed,25,460,1,0,11.650000000000619,75.5,0.0,2.346245157058819,,Forage
fixed,25,470,1,0,11.150000000000611,75.5,0.0,2.322786980704284,,Forage
fixed,25,480,1,0,10.650000000000604,75.5,0.0,2.3284088821214617,,Forage
fixed,25,490,1,0,10.150000000000597,75.5,0.0,2.334354451622591,,Forage
fixed,25,500,1,0,9.65000000000059,75.5,0.0,2.340328288775777,,Forage
fixed,25,510,1,0,13.150000000000585,75.5,0.0,2.3005232758276,,Forage
fixed,25,520,1,0,12.650000000000578,75.5,0.0,2.304646160891434,,Forage
fixed,25,530,1,0,12.15000000000057,75.5,0.0,2.3104608110066165,,Forage
fixed,25,540,1,0,11.650000000000563,75.5,0.0,2.31642321427595,,Forage
fixed,25,550,1,0,11.150000000000556,75.5,0.0,2.3223985216113334,,Forage
fixed,25,560,1,0,8.000000000000556,75.5,0.0,2.403018480726563,,Forage
fixed,25,570,1,0,7.500000000000558,75.5,0.0,2.3664916195518675,,Forage
fixed,25,580,1,0,7.0000000000005596,75.5,0.0,2.372044266996029,,Forage
fixed,25,590,1,0,6.500000000000561,75.5,0.0,2.377983788168311,,Forage
fixed,25,600,1,0,6.000000000000563,75.5,0.0,2.3839570970888824,,Forage
fixed,26,1,1,1,99.95,0.5,49.8,0.1778533646619743,,Forage
fixed,26,10,1,1,99.50000000000003,5.0,47.99999999999997,0.4454968998072156,,Forage
fixed,26,20,1,1,99.00000000000006,10.0,45.99999999999994,1.033586417214894,,Forage
fixed,26,30,1,1,98.50000000000009,15.0,43.999999999999915,1.5244245647677774,,Forage
fixed,26,40,1,1,98.00000000000011,20.0,41.999999999999886,1.6465636295872026,,Forage
fixed,26,50,1,1,97.50000000000014,25.0,39.99999999999986,1.7687026944091264,,Forage
fixed,26,60,1,1,91.20000000000016,10.0,37.99999999999983,2.041763126350888,,Forage
fixed,26,70,1,1,90.70000000000019,15.0,35.9999999999998,2.0403012287191302,,Forage
fixed,26,80,1,1,90.20000000000022,20.0,33.99999999999977,2.162270333468943,,Forage
fixed,26,90,1,1,89.70000000000024,25.0,31.999999999999748,2.2844093052310366,,Forage
fixed,26,100,1,1,89.20000000000027,30.0,29.999999999999755,2.4065483700083257,,Forage
fixed,26,110,1,1,81.05000000000028,35.0,27.999999999999762,2.4282660785929195,,Forage
fixed,26,120,1,1,80.50000000000031,20.0,25.99999999999977,2.344390541345504,,Forage
fixed,26,130,1,1,80.00000000000034,25.0,23.999999999999776,2.465801766262373,,Forage
fixed,26,140,1,1,79.50000000000037,30.0,21.999999999999783,2.596020247090948,,Forage
fixed,26,150,1,1,79.0000000000004,35.0,19.99999999999979,2.727923561883551,,Forage
fixed,26,160,1,1,70.8500000000004,40.0,17.999999999999797,2.5974777896250543,,Forage
fixed,26,170,1,1,68.40000000000043,25.0,15.999999999999805,2.8748385563797045,,Forage
fixed,26,180,1,1,67.90000000000046,30.0,13.999999999999812,3.004017597003059,,Forage
fixed,26,190,1,1,67.40000000000049,35.0,11.999999999999819,3.1359224318188383,,Forage
fixed,26,200,1,1,66.90000000000052,40.0,9.999999999999826,3.2678290317640184,,Forage
fixed,26,210,1,1,57.85000000000052,45.0,7.999999999999832,3.4211826551175974,,Forage
fixed,26,220,1,1,48.75000000000052,50.0,5.99999999999983,3.7841822448176874,,Forage
fixed,26,230,1,1,48.20000000000054,35.0,3.9999999999998286,3.695050159913231,,Forage
fixed,26,240,1,1,47.70000000000057,40.0,1.999999999999827,3.8242948386177176,,Forage
fixed,26,250,1,0,47.2000000000006,45.0,0.0,2.4708243025537033,,Forage
fixed,26,260,1,0,45.000000000000604,45.0,0.0,2.214727997974335,,Forage
fixed,26,270,1,0,44.50000000000063,45.0,0.0,2.1657314366780342,,Forage
fixed,26,280,1,0,44.00000000000066,45.0,0.0,2.176460204076383,,Forage
fixed,26,290,1,0,43.50000000000069,45.0,0.0,2.1872161135711026,,Forage
fixed,26,300,1,0,43.00000000000072,45.0,0.0,2.1979331556509676,,Forage
fixed,26,310,1,0,45.550000000000736,45.0,0.0,2.1514778327999244,,Forage
fixed,26,320,1,0,45.050000000000765,45.0,0.0,2.1596763320201045,,Forage
fixed,26,330,1,0,44.55000000000079,45.0,0.0,2.1702838986152133,,Forage
fixed,26,340,1,0,44.05000000000082,45.0,0.0,2.1808600429162546,,Forage
fixed,26,350,1,0,43.55000000000085,45.0,0.0,2.1914043604281197,,Forage
fixed,26,360,1,0,41.350000000000854,45.0,0.0,2.2944437693580055,,Forage
fixed,26,370,1,0,40.85000000000088,45.0,0.0,2.245679491835473,,Forage
fixed,26,380,1,0,40.35000000000091,45.0,0.0,2.2560682898276276,,Forage
fixed,26,390,1,0,39.85000000000094,45.0,0.0,2.2664973036838814,,Forage
fixed,26,400,1,0,39.35000000000097,45.0,0.0,2.27690031690945,,Forage
fixed,26,410,1,0,37.15000000000097,45.0,0.0,2.379803983444617,,Forage
fixed,26,420,1,0,36.650000000001,45.0,0.0,2.3309093064806503,,Forage
fixed,26,430,1,0,36.15000000000103,45.0,0.0,2.3411728376807854,,Forage
fixed,26,440,1,0,35.65000000000106,45.0,0.0,2.3514815153683406,,Forage
fixed,26,450,1,0,35.150000000001086,45.0,0.0,2.3617689289743797,,Forage
fixed,26,460,1,0,35.8000000000011,45.0,0.0,2.358072073422494,,Forage
fixed,26,470,1,0,35.30000000000113,45.0,0.0,2.3598252377899867,,Forage
fixed,26,480,1,0,34.800000000001155,45.0,0.0,2.3700462535832503,,Forage
fixed,26,490,1,0,34.300000000001184,45.0,0.0,2.380256518891544,,Forage
fixed,26,500,1,0,33.80000000000121,45.0,0.0,2.3904493616125353,,Forage
fixed,26,510,1,0,34.450000000001225,45.0,0.0,2.3866616575625716,,Forage
fixed,26,520,1,0,33.95000000000125,45.0,0.0,2.388327549317623,,Forage
fixed,26,530,1,0,33.45000000000128,45.0,0.0,2.398464727633736,,Forage
fixed,26,540,1,0,32.95000000000131,45.0,0.0,2.4085944553898893,,Forage
fixed,26,550,1,0,32.45000000000134,45.0,0.0,2.418709930595478,,Forage
fixed,26,560,1,0,32.15000000000135,45.0,0.0,2.439924611061641,,Forage
fixed,26,570,1,0,31.650000000001352,45.0,0.0,2.435008805451442,,Forage
fixed,26,580,1,0,31.150000000001345,45.0,0.0,2.445069313627847,,Forage
fixed,26,590,1,0,30.650000000001338,45.0,0.0,2.455133150078803,,Forage
fixed,26,600,1,0,30.15000000000133,45.0,0.0,2.4651853316860195,,Forage
fixed,26,610,1,0,30.800000000001326,45.0,0.0,2.4612625030831308,,Forage
fixed,26,620,1,0,30.30000000000132,45.0,0.0,2.462798588919679,,Forage
fixed,26,630,1,0,29.80000000000131,45.0,0.0,2.472811070605063,,Forage
fixed,26,640,1,0,29.300000000001305,45.0,0.0,2.482821009911701,,Forage
fixed,26,650,1,0,28.800000000001297,45.0,0.0,2.4928214116581815,,Forage
fixed,26,660,1,0,19.750000000001297,45.0,0.0,2.6828383138799667,,Forage
fixed,26,670,1,0,24.20000000000129,45.0,0.0,2.5834080664317893,,Forage
fixed,26,680,1,0,23.700000000001282,45.0,0.0,2.5930954801006916,,Forage
fixed,26,690,1,0,23.200000000001275,45.0,0.0,2.6030611569981383,,Forage
fixed,26,700,1,0,22.700000000001268,45.0,0.0,2.6130191980718585,,Forage
fixed,26,710,1,0,23.350000000001263,45.0,0.0,2.6090059344746646,,Forage
fixed,26,720,1,0,22.850000000001256,45.0,0.0,2.6104551449266746,,Forage
fixed,26,730,1,0,22.35000000000125,45.0,0.0,2.620384170727533,,Forage
fixed,26,740,1,0,21.85000000000124,45.0,0.0,2.630313939054797,,Forage
fixed,26,750,1,0,21.350000000001234,45.0,0.0,2.6402373254299785,,Forage
fixed,26,760,1,0,22.95000000000123,45.0,0.0,2.6137376648173105,,Forage
fixed,26,770,1,0,22.45000000000122,45.0,0.0,2.6190458270398893,,Forage
fixed,26,780,1,0,21.950000000001214,45.0,0.0,2.6289479849563038,,Forage
fixed,26,790,1,0,21.450000000001207,45.0,0.0,2.6388482429391766,,Forage
fixed,26,800,1,0,20.9500000000012,45.0,0.0,2.6487432785841802,,Forage
fixed,26,810,1,0,20.650000000001196,45.0,0.0,2.6697461962053097,,Forage
fixed,26,820,1,0,20.15000000000119,45.0,0.0,2.6646269629425507,,Forage
fixed,26,830,1,0,19.65000000000118,45.0,0.0,2.674492050577549,,Forage
fixed,26,840,1,0,19.150000000001175,45.0,0.0,2.684368158430536,,Forage
fixed,26,850,1,0,18.650000000001167,45.0,0.0,2.694240000620809,,Forage
fixed,26,860,1,0,19.300000000001162,45.0,0.0,2.690143930936621,,Forage
fixed,26,870,1,0,18.800000000001155,45.0,0.0,2.691513594630088,,Forage
fixed,26,880,1,0,18.30000000000115,45.0,0.0,2.7013662047105353,,Forage
fixed,26,890,1,0,17.80000000000114,45.0,0.0,2.711222565114803,,Forage
fixed,26,900,1,0,17.300000000001134,45.0,0.0,2.7210754329745575,,Forage
fixed,26,910,1,0,18.900000000001132,45.0,0.0,2.6945080295241253,,Forage
fixed,26,920,1,0,18.400000000001125,45.0,0.0,2.69975111533322,,Forage
fixed,26,930,1,0,17.900000000001118,45.0,0.0,2.7095907583073653,,Forage
fixed,26,940,1,0,17.40000000000111,45.0,0.0,2.7194309619971735,,Forage
fixed,26,950,1,0,16.900000000001103,45.0,0.0,2.729268307144761,,Forage
fixed,26,960,1,0,19.450000000001097,45.0,0.0,2.6819679130757073,,Forage
fixed,26,970,1,0,18.95000000000109,45.0,0.0,2.6893546039066476,,Forage
fixed,26,980,1,0,18.450000000001083,45.0,0.0,2.699182315683857,,Forage
fixed,26,990,1,0,17.950000000001076,45.0,0.0,2.709009301014551,,Forage
fixed,26,1000,1,0,17.45000000000107,45.0,0.0,2.718833947185073,,Forage
fixed,27,1,1,1,99.0,0.5,49.8,0.3744941056548253,,Care
fixed,27,10,1,1,98.10000000000005,5.0,50.0,0.587181388680978,,Care
fixed,27,20,1,1,97.10000000000011,10.0,50.0,0.7616760466798796,,Care
fixed,27,30,1,1,96.10000000000016,15.0,50.0,1.043208463361209,,Care
fixed,27,40,1,1,95.5000000000002,20.0,48.39999999999998,1.4311961296800797,,Forage
fixed,27,50,1,1,95.00000000000023,25.0,46.39999999999995,1.9825420708766957,,Forage
fixed,27,60,1,1,86.85000000000024,30.0,44.39999999999992,1.9406326316086928,,Forage
fixed,27,70,1,1,80.60000000000025,15.0,42.39999999999989,2.0461311201390355,,Forage
fixed,27,80,1,1,80.10000000000028,20.0,40.399999999999864,2.0699067773530113,,Forage
fixed,27,90,1,1,79.6000000000003,25.0,38.399999999999835,2.1971458996584436,,Forage
fixed,27,100,1,1,79.10000000000034,30.0,36.39999999999981,2.342014913023553,,Forage
fixed,27,110,1,1,76.60000000000036,15.0,34.39999999999978,2.2628818592670585,,Forage
fixed,27,120,1,1,76.10000000000039,20.0,32.39999999999975,2.3746183806611834,,Forage
fixed,27,130,1,1,75.60000000000042,25.0,30.399999999999753,2.5164725403267703,,Forage
fixed,27,140,1,1,75.10000000000045,30.0,28.39999999999976,2.6642999573893658,,Forage
fixed,27,150,1,1,74.60000000000048,35.0,26.399999999999768,2.8133120432832515,,Forage
fixed,27,160,1,1,66.45000000000049,40.0,24.399999999999775,2.7072187041521145,,Forage
fixed,27,170,1,1,64.00000000000051,25.0,22.399999999999782,3.074275844683247,,Forage
fixed,27,180,1,1,63.50000000000054,30.0,20.39999999999979,3.2130759572486833,,Forage
fixed,27,190,1,1,63.00000000000057,35.0,18.399999999999796,3.3602976676492418,,Forage
fixed,27,200,1,1,62.5000000000006,40.0,16.399999999999803,3.5091896244819245,,Forage
fixed,27,210,1,1,58.100000000000605,25.0,14.39999999999981,3.4898227729988385,,Forage
fixed,27,220,1,1,57.600000000000634,30.0,12.399999999999817,3.5992459291970285,,Forage
fixed,27,230,1,1,57.10000000000066,35.0,10.399999999999824,3.740638210461359,,Forage
fixed,27,240,1,1,56.60000000000069,40.0,8.399999999999832,3.868702368561498,,Forage
fixed,27,250,1,1,56.10000000000072,45.0,6.399999999999831,3.969667076541775,,Forage
fixed,27,260,1,1,47.95000000000072,50.0,4.399999999999829,4.088131560606758,,Forage
fixed,27,270,1,1,47.400000000000745,35.0,2.399999999999827,4.0308058725561535,,Forage
fixed,27,280,1,1,46.90000000000077,40.0,0.3999999999998273,4.131770356228827,,Forage
fixed,27,290,1,0,46.4000000000008,41.0,0.0,2.535693492819613,,Forage
fixed,27,300,1,0,45.90000000000083,41.0,0.0,2.506056265018427,,Forage
fixed,27,310,1,0,48.45000000000085,41.0,0.0,2.453118728054124,,Forage
fixed,27,320,1,0,47.95000000000088,41.0,0.0,2.441489952656265,,Forage
fixed,27,330,1,0,47.450000000000905,41.0,0.0,2.4509874281679016,,Forage
fixed,27,340,1,0,46.950000000000934,41.0,0.0,2.464665628016066,,Forage
fixed,27,350,1,0,46.45000000000096,41.0,0.0,2.4791695417838273,,Forage
fixed,27,360,1,0,43.30000000000096,41.0,0.0,2.617224078566429,,Forage
fixed,27,370,1,0,42.80000000000099,41.0,0.0,2.5912412590342786,,Forage
fixed,27,380,1,0,42.30000000000102,41.0,0.0,2.6021237289476855,,Forage
fixed,27,390,1,0,41.80000000000105,41.0,0.0,2.61607116523213,,Forage
fixed,27,400,1,0,41.30000000000108,41.0,0.0,2.6306264479127863,,Forage
fixed,27,410,1,0,32.25000000000108,41.0,0.0,2.831690417371768,,Forage
fixed,27,420,1,0,36.700000000001104,41.0,0.0,2.7686241871076023,,Forage
fixed,27,430,1,0,36.20000000000113,41.0,0.0,2.7736677924851656,,Forage
fixed,27,440,1,0,35.70000000000116,41.0,0.0,2.778667793086579,,Forage
fixed,27,450,1,0,35.20000000000119,41.0,0.0,2.783667793310457,,Forage
fixed,27,460,1,0,34.9000000000012,41.0,0.0,2.786667793393816,,Forage
fixed,27,470,1,0,34.40000000000123,41.0,0.0,2.791667793424853,,Forage
fixed,27,480,1,0,33.900000000001256,41.0,0.0,2.7966677934364093,,Forage
fixed,27,490,1,0,33.400000000001285,41.0,0.0,2.8016677934407115,,Forage
fixed,27,500,1,0,32.90000000000131,41.0,0.0,2.8066677934423137,,Forage
fixed,27,510,1,0,35.45000000000133,41.0,0.0,2.78116779344291,,Forage
fixed,27,520,1,0,34.95000000000136,41.0,0.0,2.7861677934431315,,Forage
fixed,27,530,1,0,34.45000000000139,41.0,0.0,2.791167793443214,,Forage
fixed,27,540,1,0,33.95000000000142,41.0,0.0,2.7961677934432445,,Forage
fixed,27,550,1,0,33.450000000001445,41.0,0.0,2.801167793443256,,Forage
fixed,27,560,1,0,34.10000000000146,41.0,0.0,2.79466779344326,,Forage
fixed,27,570,1,0,33.60000000000149,41.0,0.0,2.799667793443261,,Forage
fixed,27,580,1,0,33.100000000001515,41.0,0.0,2.8046677934432616,,Forage
fixed,27,590,1,0,32.60000000000154,41.0,0.0,2.8096677934432615,,Forage
fixed,27,600,1,0,32.10000000000157,41.0,0.0,2.8146677934432613,,Forage
fixed,27,610,1,0,33.70000000000159,41.0,0.0,2.7986677934432613,,Forage
fixed,27,620,1,0,33.200000000001616,41.0,0.0,2.803667793443261,,Forage
fixed,27,630,1,0,32.700000000001644,41.0,0.0,2.8086677934432607,,Forage
fixed,27,640,1,0,32.20000000000167,41.0,0.0,2.8136677934432606,,Forage
fixed,27,650,1,0,31.70000000000168,41.0,0.0,2.8186677934432605,,Forage
fixed,27,660,1,0,35.200000000001694,41.0,0.0,2.7836677934432603,,Forage
fixed,27,670,1,0,34.70000000000172,41.0,0.0,2.7886677934432598,,Forage
fixed,27,680,1,0,34.20000000000175,41.0,0.0,2.7936677934432597,,Forage
fixed,27,690,1,0,33.70000000000178,41.0,0.0,2.7986677934432596,,Forage
fixed,27,700,1,0,33.20000000000181,41.0,0.0,2.803667793443259,,Forage
fixed,27,710,1,0,34.80000000000182,41.0,0.0,2.787667793443259,,Forage
fixed,27,720,1,0,34.30000000000185,41.0,0.0,2.7926677934432584,,Forage
fixed,27,730,1,0,33.80000000000188,41.0,0.0,2.7976677934432583,,Forage
fixed,27,740,1,0,33.30000000000191,41.0,0.0,2.8026677934432582,,Forage
fixed,27,750,1,0,32.80000000000194,41.0,0.0,2.8076677934432577,,Forage
fixed,27,760,1,0,32.50000000000195,41.0,0.0,2.810667793443258,,Forage
fixed,27,770,1,0,32.000000000001975,41.0,0.0,2.8156677934432572,,Forage
fixed,27,780,1,0,31.500000000001968,41.0,0.0,2.8206677934432576,,Forage
fixed,27,790,1,0,31.00000000000196,41.0,0.0,2.8256677934432575,,Forage
fixed,27,800,1,0,30.500000000001954,41.0,0.0,2.830667793443258,,Forage
fixed,27,810,1,0,21.450000000001953,41.0,0.0,2.9661677934432578,,Forage
fixed,27,820,1,0,25.900000000001945,41.0,0.0,2.8766677934432576,,Forage
fixed,27,830,1,0,25.40000000000194,41.0,0.0,2.881667793443258,,Forage
fixed,27,840,1,0,24.90000000000193,41.0,0.0,2.886667793443258,,Forage
fixed,27,850,1,0,24.400000000001924,41.0,0.0,2.8916677934432578,,Forage
fixed,27,860,1,0,21.250000000001922,41.0,0.0,2.964167793443258,,Forage
fixed,27,870,1,0,20.750000000001915,41.0,0.0,2.928167793443258,,Forage
fixed,27,880,1,0,20.250000000001908,41.0,0.0,2.9331677934432583,,Forage
fixed,27,890,1,0,19.7500000000019,41.0,0.0,2.938167793443258,,Forage
fixed,27,900,1,0,19.250000000001894,41.0,0.0,2.943167793443258,,Forage
fixed,27,910,1,0,21.800000000001887,41.0,0.0,2.9176677934432584,,Forage
fixed,27,920,1,0,21.30000000000188,41.0,0.0,2.9226677934432583,,Forage
fixed,27,930,1,0,20.800000000001873,41.0,0.0,2.9276677934432587,,Forage
fixed,27,940,1,0,20.300000000001866,41.0,0.0,2.9326677934432586,,Forage
fixed,27,950,1,0,19.80000000000186,41.0,0.0,2.9376677934432585,,Forage
fixed,27,960,1,0,21.400000000001853,41.0,0.0,2.9216677934432584,,Forage
fixed,27,970,1,0,20.900000000001846,41.0,0.0,2.926667793443259,,Forage
fixed,27,980,1,0,20.40000000000184,41.0,0.0,2.9316677934432587,,Forage
fixed,27,990,1,0,19.900000000001832,41.0,0.0,2.936667793443259,,Forage
fixed,27,1000,1,0,19.400000000001825,41.0,0.0,2.941667793443259,,Forage
fixed,28,1,1,1,99.0,0.5,49.8,0.17408663237570324,,Care
fixed,28,10,1,1,96.30000000000004,5.0,50.0,0.5779856743069819,,Care
fixed,28,20,1,1,95.3000000000001,10.0,50.0,0.643709259268478,,Care
fixed,28,30,1,1,94.30000000000015,15.0,50.0,0.7159443398322289,,Care
fixed,28,40,1,1,93.30000000000021,20.0,50.0,0.8198991045922102,,Care
fixed,28,50,1,1,92.30000000000027,25.0,50.0,0.958129592067878,,Care
fixed,28,60,1,1,91.30000000000032,30.0,50.0,1.1306358020240288,,Care
fixed,28,70,1,1,85.80000000000035,35.0,48.999999999999986,1.0130582297688024,,Forage
fixed,28,80,1,1,76.70000000000036,40.0,46.99999999999996,1.4164384700755075,,Forage
fixed,28,90,1,1,72.35000000000038,25.0,44.99999999999993,2.117024378530472,,Forage
fixed,28,100,1,1,71.8500000000004,30.0,42.9999999999999,2.1345823504028862,,Forage
fixed,28,110,1,1,63.700000000000415,35.0,40.99999999999987,2.2279185593704733,,Forage
fixed,28,120,1,1,63.15000000000044,20.0,38.999999999999844,2.22100234268203,,Forage
fixed,28,130,1,1,62.65000000000047,25.0,36.999999999999815,2.332985261322015,,Forage
fixed,28,140,1,1,62.150000000000496,30.0,34.99999999999979,2.445027969223897,,Forage
fixed,28,150,1,1,61.650000000000524,35.0,32.99999999999976,2.557070789121197,,Forage
fixed,28,160,1,1,53.500000000000526,40.0,30.99999999999975,2.6698084236874715,,Forage
fixed,28,170,1,1,47.25000000000053,25.0,28.99999999999976,2.7840530066053772,,Forage
fixed,28,180,1,1,46.75000000000056,30.0,26.999999999999766,2.851779543900529,,Forage
fixed,28,190,1,1,46.25000000000059,35.0,24.999999999999773,2.963817653349782,,Forage
fixed,28,200,1,1,45.75000000000062,40.0,22.99999999999978,3.075860464760723,,Forage
fixed,28,210,1,1,37.60000000000062,45.0,20.999999999999787,3.2057553868368496,,Forage
fixed,28,220,1,1,35.400000000000624,50.0,18.999999999999794,3.3513634267246526,,Forage
fixed,28,230,1,1,34.90000000000065,55.0,16.9999999999998,3.397401315037419,,Forage
fixed,28,240,1,1,34.40000000000068,60.0,14.999999999999808,3.5094093910124804,,Forage
fixed,28,250,1,1,33.90000000000071,65.0,12.999999999999815,3.621452144542477,,Forage
fixed,28,260,1,1,28.550000000000708,50.0,10.999999999999822,3.729148317262676,,Forage
fixed,28,270,1,1,28.0500000000007,55.0,8.99999999999983,3.8295945757695535,,Forage
fixed,28,280,1,1,27.550000000000693,60.0,6.999999999999831,3.9416277253742944,,Forage
fixed,28,290,1,1,27.050000000000686,65.0,4.9999999999998295,4.053670527585139,,Forage
fixed,28,300,1,1,26.55000000000068,70.0,2.9999999999998277,4.165713347655277,,Forage
fixed,28,310,1,1,18.400000000000677,75.0,0.9999999999998272,4.112765557272629,,Forage
fixed,28,320,1,0,18.100000000000676,77.5,0.0,2.3804338080415803,,Forage
fixed,28,330,1,0,17.60000000000067,77.5,0.0,2.3455749354553124,,Forage
fixed,28,340,1,0,17.100000000000662,77.5,0.0,2.3523238037042646,,Forage
fixed,28,350,1,0,16.600000000000655,77.5,0.0,2.359104436409565,,Forage
fixed,28,360,1,0,16.300000000000654,77.5,0.0,2.369335154198414,,Forage
fixed,28,370,1,0,15.800000000000647,77.5,0.0,2.3699724849781414,,Forage
fixed,28,380,1,0,15.30000000000064,77.5,0.0,2.376734270718101,,Forage
fixed,28,390,1,0,14.800000000000633,77.5,0.0,2.38351492660425,,Forage
fixed,28,400,1,0,14.300000000000626,77.5,0.0,2.390295618271018,,Forage
fixed,28,410,1,0,11.150000000000626,77.5,0.0,2.4820856995179446,,Forage
fixed,28,420,1,0,10.650000000000619,77.5,0.0,2.4399135573974826,,Forage
fixed,28,430,1,0,10.150000000000611,77.5,0.0,2.4465755943901115,,Forage
fixed,28,440,1,0,9.650000000000604,77.5,0.0,2.4533560518154096,,Forage
fixed,28,450,1,0,9.150000000000597,77.5,0.0,2.4601367431166437,,Forage
fixed,28,460,1,0,6.000000000000597,77.5,0.0,2.5519268243629014,,Forage
fixed,28,470,1,0,5.500000000000599,77.5,0.0,2.5097546822424386,,Forage
fixed,28,480,1,0,5.0000000000006,77.5,0.0,2.5164167192350666,,Forage
fixed,28,490,1,0,4.500000000000602,77.5,0.0,2.523197176660365,,Forage
fixed,28,500,1,0,4.000000000000604,77.5,0.0,2.5299778679615987,,Forage
fixed,29,1,1,1,99.95,0.5,49.8,0.1711978219073884,,Forage
fixed,29,10,1,1,99.50000000000003,5.0,47.99999999999997,0.3953563004042055,,Forage
fixed,29,20,1,1,99.00000000000006,10.0,45.99999999999994,0.8670099301018354,,Forage
fixed,29,30,1,1,98.50000000000009,15.0,43.999999999999915,1.4842640223762202,,Forage
fixed,29,40,1,1,98.00000000000011,20.0,41.999999999999886,1.5930904514908455,,Forage
fixed,29,50,1,1,97.50000000000014,25.0,39.99999999999986,1.7019168806054707,,Forage
fixed,29,60,1,1,89.35000000000015,30.0,37.99999999999983,1.951743309720096,,Forage
fixed,29,70,1,1,87.85000000000018,15.0,35.9999999999998,2.017154809169309,,Forage
fixed,29,80,1,1,87.35000000000021,20.0,33.99999999999977,2.1259806659688745,,Forage
fixed,29,90,1,1,86.85000000000024,25.0,31.999999999999748,2.2348070950832035,,Forage
fixed,29,100,1,1,86.35000000000026,30.0,29.999999999999755,2.343633524197828,,Forage
fixed,29,110,1,1,78.20000000000027,35.0,27.999999999999762,2.419561941846189,,Forage
fixed,29,120,1,1,71.95000000000029,20.0,25.99999999999977,2.4557196672628008,,Forage
fixed,29,130,1,1,71.45000000000032,25.0,23.999999999999776,2.5277351682101004,,Forage
fixed,29,140,1,1,70.95000000000034,30.0,21.999999999999783,2.642507751338918,,Forage
fixed,29,150,1,1,70.45000000000037,35.0,19.99999999999979,2.7572803348599315,,Forage
fixed,29,160,1,1,62.300000000000374,40.0,17.999999999999797,2.7843944033341117,,Forage
fixed,29,170,1,1,56.05000000000038,25.0,15.999999999999805,2.945102664592313,,Forage
fixed,29,180,1,1,55.55000000000041,30.0,13.999999999999812,3.0171181656883355,,Forage
fixed,29,190,1,1,55.05000000000044,35.0,11.999999999999819,3.131890748817153,,Forage
fixed,29,200,1,1,54.550000000000466,40.0,9.999999999999826,3.246663332338166,,Forage
fixed,29,210,1,1,46.40000000000047,45.0,7.999999999999832,3.356620113286966,,Forage
fixed,29,220,1,1,40.150000000000475,30.0,5.99999999999983,3.4344856620705473,,Forage
fixed,29,230,1,1,39.6500000000005,35.0,3.9999999999998286,3.506501163166571,,Forage
fixed,29,240,1,1,39.15000000000053,40.0,1.999999999999827,3.621273746295388,,Forage
fixed,29,250,1,0,38.65000000000056,45.0,0.0,2.0388541339808,,Forage
fixed,29,260,1,0,40.250000000000576,45.0,0.0,1.971896868322133,,Forage
fixed,29,270,1,0,39.750000000000604,45.0,0.0,1.9784439134381857,,Forage
fixed,29,280,1,0,39.25000000000063,45.0,0.0,1.9843915555272416,,Forage
fixed,29,290,1,0,38.75000000000066,45.0,0.0,1.9903377126676265,,Forage
fixed,29,300,1,0,38.25000000000069,45.0,0.0,1.996283867078544,,Forage
fixed,29,310,1,0,41.75000000000071,45.0,0.0,1.9546623940675,,Forage
fixed,29,320,1,0,41.25000000000074,45.0,0.0,1.9606069406410453,,Forage
fixed,29,330,1,0,40.75000000000077,45.0,0.0,1.966553095046602,,Forage
fixed,29,340,1,0,40.250000000000796,45.0,0.0,1.9724992494529912,,Forage
fixed,29,350,1,0,39.750000000000824,45.0,0.0,1.9784454038593806,,Forage
fixed,29,360,1,0,39.450000000000834,45.0,0.0,1.9825307353751493,,Forage
fixed,29,370,1,0,38.95000000000086,45.0,0.0,1.9879592511778201,,Forage
fixed,29,380,1,0,38.45000000000089,45.0,0.0,1.993905405315993,,Forage
fixed,29,390,1,0,37.95000000000092,45.0,0.0,1.9998515597223823,,Forage
fixed,29,400,1,0,37.45000000000095,45.0,0.0,2.0057977141287715,,Forage
fixed,29,410,1,0,38.10000000000096,45.0,0.0,1.9981895172432758,,Forage
fixed,29,420,1,0,37.60000000000099,45.0,0.0,2.004013867869947,,Forage
fixed,29,430,1,0,37.10000000000102,45.0,0.0,2.0099600222132437,,Forage
fixed,29,440,1,0,36.600000000001046,45.0,0.0,2.015906176619633,,Forage
fixed,29,450,1,0,36.100000000001074,45.0,0.0,2.021852331026022,,Forage
fixed,29,460,1,0,36.75000000000109,45.0,0.0,2.0142441341405264,,Forage
fixed,29,470,1,0,36.250000000001116,45.0,0.0,2.020068484767198,,Forage
fixed,29,480,1,0,35.750000000001144,45.0,0.0,2.0260146391104943,,Forage
fixed,29,490,1,0,35.25000000000117,45.0,0.0,2.0319607935168835,,Forage
fixed,29,500,1,0,34.7500000000012,45.0,0.0,2.0379069479232728,,Forage
fixed,29,510,1,0,36.35000000000122,45.0,0.0,2.0189079202205775,,Forage
fixed,29,520,1,0,35.850000000001245,45.0,0.0,2.0248254082440633,,Forage
fixed,29,530,1,0,35.35000000000127,45.0,0.0,2.0307715626356044,,Forage
fixed,29,540,1,0,34.8500000000013,45.0,0.0,2.0367177170419937,,Forage
fixed,29,550,1,0,34.35000000000133,45.0,0.0,2.042663871448383,,Forage
fixed,29,560,1,0,36.90000000000135,45.0,0.0,2.012345244099306,,Forage
fixed,29,570,1,0,36.40000000000138,45.0,0.0,2.0182846383856865,,Forage
fixed,29,580,1,0,35.900000000001405,45.0,0.0,2.0242307927885745,,Forage
fixed,29,590,1,0,35.400000000001434,45.0,0.0,2.0301769471949638,,Forage
fixed,29,600,1,0,34.90000000000146,45.0,0.0,2.036123101601353,,Forage
fixed,29,610,1,0,32.70000000000147,45.0,0.0,2.09706802848629,,Forage
fixed,29,620,1,0,32.200000000001495,45.0,0.0,2.068232340244334,,Forage
fixed,29,630,1,0,31.700000000001502,45.0,0.0,2.074178489802249,,Forage
fixed,29,640,1,0,31.200000000001495,45.0,0.0,2.0801246442086363,,Forage
fixed,29,650,1,0,30.700000000001488,45.0,0.0,2.086070798615026,,Forage
fixed,29,660,1,0,28.500000000001485,45.0,0.0,2.147015725499963,,Forage
fixed,29,670,1,0,28.000000000001478,45.0,0.0,2.1181800372580075,,Forage
fixed,29,680,1,0,27.50000000000147,45.0,0.0,2.1241261868159222,,Forage
fixed,29,690,1,0,27.000000000001464,45.0,0.0,2.13007234122231,,Forage
fixed,29,700,1,0,26.500000000001457,45.0,0.0,2.1360184956287,,Forage
fixed,29,710,1,0,30.00000000000145,45.0,0.0,2.094397022617649,,Forage
fixed,29,720,1,0,29.500000000001442,45.0,0.0,2.100341569191195,,Forage
fixed,29,730,1,0,29.000000000001435,45.0,0.0,2.1062877235967514,,Forage
fixed,29,740,1,0,28.500000000001428,45.0,0.0,2.112233878003141,,Forage
fixed,29,750,1,0,28.00000000000142,45.0,0.0,2.118180032409531,,Forage
fixed,29,760,1,0,27.700000000001417,45.0,0.0,2.1222653639253,,Forage
fixed,29,770,1,0,27.20000000000141,45.0,0.0,2.127693879727971,,Forage
fixed,29,780,1,0,26.700000000001403,45.0,0.0,2.1336400338661443,,Forage
fixed,29,790,1,0,26.200000000001396,45.0,0.0,2.139586188272534,,Forage
fixed,29,800,1,0,25.70000000000139,45.0,0.0,2.1455323426789237,,Forage
fixed,29,810,1,0,25.400000000001384,45.0,0.0,2.1496176741946926,,Forage
fixed,29,820,1,0,24.900000000001377,45.0,0.0,2.155046189997364,,Forage
fixed,29,830,1,0,24.40000000000137,45.0,0.0,2.160992344135537,,Forage
fixed,29,840,1,0,23.900000000001363,45.0,0.0,2.166938498541927,,Forage
fixed,29,850,1,0,23.400000000001356,45.0,0.0,2.172884652948317,,Forage
fixed,29,860,1,0,14.350000000001355,45.0,0.0,2.321329579833254,,Forage
fixed,29,870,1,0,18.80000000000135,45.0,0.0,2.227589361135262,,Forage
fixed,29,880,1,0,18.300000000001344,45.0,0.0,2.2335354278935373,,Forage
fixed,29,890,1,0,17.800000000001337,45.0,0.0,2.2394815822998817,,Forage
fixed,29,900,1,0,17.30000000000133,45.0,0.0,2.2454277367062714,,Forage
fixed,29,910,1,0,16.050000000001326,45.0,0.0,2.2734844873791586,,Forage
fixed,29,920,1,0,15.550000000001319,45.0,0.0,2.2662392782689893,,Forage
fixed,29,930,1,0,15.050000000001312,45.0,0.0,2.272185431535026,,Forage
fixed,29,940,1,0,14.550000000001305,45.0,0.0,2.2781315859414146,,Forage
fixed,29,950,1,0,14.050000000001297,45.0,0.0,2.2840777403478048,,Forage
fixed,29,960,1,0,12.800000000001296,45.0,0.0,2.312134491020692,,Forage
fixed,29,970,1,0,12.300000000001289,45.0,0.0,2.3048892819105227,,Forage
fixed,29,980,1,0,11.800000000001281,45.0,0.0,2.3108354351765588,,Forage
fixed,29,990,1,0,11.300000000001274,45.0,0.0,2.3167815895829484,,Forage
fixed,29,1000,1,0,10.800000000001267,45.0,0.0,2.3227277439893377,,Forage
outcome_eta0.001,0,1,1,1,99.95,0.5,49.8,0.13706100060275744,0.001,Forage
outcome_eta0.001,0,10,1,1,99.50000000000003,5.0,47.99999999999997,0.39314822437166247,0.001,Forage
outcome_eta0.001,0,20,1,1,99.00000000000006,10.0,45.99999999999994,0.9363418981727293,0.001,Forage
outcome_eta0.001,0,30,1,1,98.50000000000009,15.0,43.999999999999915,1.5299197650467955,0.001,Forage
outcome_eta0.001,0,40,1,1,98.00000000000011,20.0,41.999999999999886,1.6703825493877993,0.001,Forage
outcome_eta0.001,0,50,1,1,97.50000000000014,25.0,39.99999999999986,1.8108483380691993,0.001,Forage
outcome_eta0.001,0,60,1,1,89.35000000000015,30.0,37.99999999999983,2.0779700138889865,0.001,Forage
outcome_eta0.001,0,70,1,1,87.6000000000002,15.0,40.9999999999998,1.266548959023027,0.001,Care
outcome_eta0.001,0,80,1,1,86.60000000000025,20.0,48.99999999999977,0.8985121579105554,0.001,Care
outcome_eta0.001,0,90,1,1,85.6000000000003,25.0,50.0,0.9116470633510609,0.001,Care
outcome_eta0.001,0,100,1,1,84.60000000000036,30.0,50.0,0.992443191609476,0.001,Care
outcome_eta0.001,0,110,1,1,83.60000000000042,35.0,50.0,1.0764454330107132,0.001,Care
outcome_eta0.001,0,120,1,1,82.60000000000048,40.0,50.0,1.1606399652020407,0.001,Care
outcome_eta0.001,0,130,1,1,81.60000000000053,45.0,50.0,1.2448460302812072,0.001,Care
outcome_eta0.001,0,140,1,1,80.60000000000059,50.0,50.0,1.3290527870601783,0.001,Care
outcome_eta0.001,0,150,1,1,79.60000000000065,55.0,50.0,1.4173519840514661,0.001,Care
outcome_eta0.001,0,160,1,1,78.6000000000007,60.0,50.0,1.5128811301493688,0.001,Care
outcome_eta0.001,0,170,1,1,77.60000000000076,65.0,50.0,1.608684246745356,0.001,Care
outcome_eta0.001,0,180,1,1,76.60000000000082,70.0,50.0,1.7045038066669453,0.001,Care
outcome_eta0.001,0,190,1,1,73.80000000000086,75.0,49.39999999999999,2.138948468046723,0.001,Forage
outcome_eta0.001,0,200,1,1,71.00000000000091,60.0,50.0,1.6577687111813204,0.001,Care
outcome_eta0.001,0,210,1,1,70.00000000000097,65.0,50.0,1.7379934732404045,0.001,Care
outcome_eta0.001,0,220,1,1,69.00000000000102,70.0,50.0,1.8316790765634046,0.001,Care
outcome_eta0.001,0,230,1,1,64.40000000000106,75.0,48.999999999999986,2.3432077519042434,0.001,Forage
outcome_eta0.001,0,240,1,1,59.80000000000105,60.0,50.0,1.8921220667723513,0.001,Care
outcome_eta0.001,0,250,1,1,58.800000000001035,65.0,50.0,1.9662545791328565,0.001,Care
outcome_eta0.001,0,260,1,1,57.80000000000102,70.0,50.0,2.0614991932297775,0.001,Care
outcome_eta0.001,0,270,1,1,53.20000000000101,55.0,49.59999999999998,2.009291963882179,0.001,Care
outcome_eta0.001,0,280,1,1,52.200000000001,60.0,50.0,2.0298153418972067,0.001,Care
outcome_eta0.001,0,290,1,1,51.20000000000098,65.0,50.0,2.123001703830288,0.001,Care
outcome_eta0.001,0,300,1,1,50.20000000000097,70.0,50.0,2.2201792888846317,0.001,Care
outcome_eta0.001,0,310,1,1,46.50000000000096,55.0,50.0,2.0895281973661834,0.001,Care
outcome_eta0.001,0,320,1,1,45.500000000000945,60.0,50.0,2.1643546790245636,0.001,Care
outcome_eta0.001,0,330,1,1,44.50000000000093,65.0,50.0,2.260667927284784,0.001,Care
outcome_eta0.001,0,340,1,1,39.000000000000924,70.0,48.79999999999998,3.0369987107804914,0.001,Forage
outcome_eta0.001,0,350,1,1,33.50000000000092,55.0,50.0,2.374351057595171,0.001,Care
outcome_eta0.001,0,360,1,1,27.10000000000091,60.0,48.59999999999998,3.2190260726593185,0.001,Forage
outcome_eta0.001,0,370,1,1,24.3000000000009,45.0,50.0,2.413269489341646,0.001,Care
outcome_eta0.001,0,380,1,1,23.300000000000885,50.0,50.0,2.500828922581738,0.001,Care
outcome_eta0.001,0,390,1,1,22.80000000000088,55.0,47.99999999999997,2.5575532785358006,0.001,Forage
outcome_eta0.001,0,400,1,1,22.30000000000087,60.0,45.99999999999994,2.6147434237383473,0.001,Forage
outcome_eta0.001,0,410,1,1,17.750000000000863,45.0,46.999999999999915,2.4952383029423797,0.001,Care
outcome_eta0.001,0,420,1,1,17.150000000000855,50.0,46.999999999999886,2.4273955968296352,0.001,Forage
outcome_eta0.001,0,430,1,1,16.650000000000848,55.0,44.99999999999986,2.460472076519973,0.001,Forage
outcome_eta0.001,0,440,1,1,16.15000000000084,60.0,42.99999999999983,2.4988381872938916,0.001,Forage
outcome_eta0.001,0,450,1,1,15.650000000000833,65.0,40.9999999999998,2.6301701424778425,0.001,Forage
outcome_eta0.001,0,460,1,1,16.30000000000083,70.0,38.99999999999977,3.341934436364538,0.001,Forage
outcome_eta0.001,0,470,1,1,15.800000000000821,75.0,36.999999999999744,3.4984646532120363,0.001,Forage
outcome_eta0.001,0,480,1,1,15.300000000000814,80.0,34.999999999999716,3.6649288922451553,0.001,Forage
outcome_eta0.001,0,490,1,1,14.800000000000807,85.0,32.99999999999969,3.8230407598716365,0.001,Forage
outcome_eta0.001,0,500,1,1,14.3000000000008,90.0,30.99999999999968,3.9448154757528058,0.001,Forage
outcome_eta0.001,0,510,1,1,6.1500000000008,95.0,28.999999999999687,4.262065967319828,0.001,Forage
outcome_eta0.001,0,520,1,1,3.7000000000008013,80.0,26.999999999999694,3.522999999999998,0.001,Forage
outcome_eta0.001,0,530,1,1,3.200000000000803,85.0,24.9999999999997,3.6179999999999977,0.001,Forage
outcome_eta0.001,0,540,1,1,2.700000000000805,90.0,22.99999999999971,3.712999999999998,0.001,Forage
outcome_eta0.001,0,550,1,1,2.2000000000008066,95.0,20.999999999999716,3.8079999999999976,0.001,Forage
outcome_eta0.001,0,560,0,0,0.0,100.0,18.999999999999723,2.812451813469365,0.001,Forage
outcome_eta0.001,1,1,1,1,99.95,0.5,49.8,0.33518723100893666,0.001,Forage
outcome_eta0.001,1,10,1,1,99.50000000000003,5.0,47.99999999999997,0.5324701598471133,0.001,Forage
outcome_eta0.001,1,20,1,1,99.00000000000006,10.0,45.99999999999994,0.8932597997316488,0.001,Forage
outcome_eta0.001,1,30,1,1,98.50000000000009,15.0,43.999999999999915,1.3439917038296634,0.001,Forage
outcome_eta0.001,1,40,1,1,98.00000000000011,20.0,41.999999999999886,1.8659086090005748,0.001,Forage
outcome_eta0.001,1,50,1,1,97.50000000000014,25.0,39.99999999999986,2.4537220129147084,0.001,Forage
outcome_eta0.001,1,60,1,1,88.45000000000014,30.0,37.99999999999983,2.9921067811865507,0.001,Forage
outcome_eta0.001,1,70,1,1,82.05000000000017,35.0,38.9999999999998,2.1490000000000036,0.001,Care
outcome_eta0.001,1,80,1,1,81.05000000000022,20.0,45.99999999999977,1.8690000000000044,0.001,Care
outcome_eta0.001,1,90,1,1,80.55000000000025,25.0,43.999999999999744,1.8039487413217465,0.001,Forage
outcome_eta0.001,1,100,1,1,80.05000000000028,30.0,41.999999999999716,1.65972990627555,0.001,Forage
outcome_eta0.001,1,110,1,1,72.8000000000003,35.0,40.99999999999969,1.7655763396222866,0.001,Forage
outcome_eta0.001,1,120,1,1,69.35000000000032,20.0,39.99999999999966,2.0105000000000035,0.001,Forage
outcome_eta0.001,1,130,1,1,68.75000000000036,25.0,39.99999999999963,2.062500000000004,0.001,Forage
outcome_eta0.001,1,140,1,1,68.10000000000039,30.0,40.9999999999996,2.100000000000004,0.001,Care
outcome_eta0.001,1,150,1,1,67.45000000000043,35.0,41.999999999999574,2.1365000000000043,0.001,Care
outcome_eta0.001,1,160,1,1,59.30000000000043,40.0,39.999999999999545,2.54878569478138,0.001,Forage
outcome_eta0.001,1,170,1,1,53.05000000000044,25.0,37.99999999999952,2.301500000000005,0.001,Forage
outcome_eta0.001,1,180,1,1,52.550000000000466,30.0,35.99999999999949,2.354500000000005,0.001,Forage
outcome_eta0.001,1,190,1,1,51.950000000000486,35.0,35.99999999999946,2.410500000000006,0.001,Forage
outcome_eta0.001,1,200,1,1,51.350000000000506,40.0,35.99999999999943,2.466500000000006,0.001,Forage
outcome_eta0.001,1,210,1,1,43.1500000000005,45.0,34.9999999999994,2.560500000000007,0.001,Forage
outcome_eta0.001,1,220,1,1,42.60000000000053,30.0,32.999999999999375,2.5140000000000073,0.001,Forage
outcome_eta0.001,1,230,1,1,42.100000000000556,35.0,30.999999999999368,2.609000000000007,0.001,Forage
outcome_eta0.001,1,240,1,1,41.600000000000584,40.0,28.999999999999375,2.7040000000000064,0.001,Forage
outcome_eta0.001,1,250,1,1,41.10000000000061,45.0,26.999999999999382,2.799000000000006,0.001,Forage
outcome_eta0.001,1,260,1,1,34.800000000000615,30.0,24.99999999999939,2.7740000000000062,0.001,Forage
outcome_eta0.001,1,270,1,1,34.300000000000644,35.0,22.999999999999396,2.8470000000000057,0.001,Forage
outcome_eta0.001,1,280,1,1,33.80000000000067,40.0,20.999999999999403,2.9420000000000055,0.001,Forage
outcome_eta0.001,1,290,1,1,33.3000000000007,45.0,18.99999999999941,3.037000000000005,0.001,Forage
outcome_eta0.001,1,300,1,1,32.80000000000073,50.0,16.999999999999417,3.132000000000004,0.001,Forage
outcome_eta0.001,1,310,1,1,24.65000000000073,55.0,14.999999999999424,3.9273427124746236,0.001,Forage
outcome_eta0.001,1,320,1,1,28.150000000000723,60.0,12.999999999999432,3.9756572875253853,0.001,Forage
outcome_eta0.001,1,330,1,1,27.650000000000716,65.0,10.999999999999439,4.070657287525385,0.001,Forage
outcome_eta0.001,1,340,1,1,27.15000000000071,70.0,8.999999999999446,4.165657287525385,0.001,Forage
outcome_eta0.001,1,350,1,1,26.650000000000702,75.0,6.9999999999994476,4.260657287525385,0.001,Forage
outcome_eta0.001,1,360,1,1,18.5000000000007,80.0,4.999999999999446,4.780264068711933,0.001,Forage
outcome_eta0.001,1,370,1,1,11.300000000000699,65.0,2.999999999999444,3.834000000000004,0.001,Forage
outcome_eta0.001,1,380,1,1,10.800000000000692,70.0,0.9999999999994436,3.8720000000000043,0.001,Forage
outcome_eta0.001,1,390,1,0,10.300000000000685,72.5,0.0,3.194425956284639,0.001,Forage
outcome_eta0.001,1,400,1,0,9.800000000000678,72.5,0.0,3.1033207406264633,0.001,Forage
outcome_eta0.001,1,410,1,0,8.550000000000676,72.5,0.0,3.0846627250906264,0.001,Forage
outcome_eta0.001,1,420,1,0,8.050000000000669,72.5,0.0,3.201808535729791,0.001,Forage
outcome_eta0.001,1,430,1,0,7.5500000000006695,72.5,0.0,3.123636263077418,0.001,Forage
outcome_eta0.001,1,440,1,0,7.050000000000671,72.5,0.0,3.082192671801256,0.001,Forage
outcome_eta0.001,1,450,1,0,6.550000000000673,72.5,0.0,3.0645491201335435,0.001,Forage
outcome_eta0.001,2,1,1,1,99.95,0.5,49.8,0.1369254802816907,0.001,Forage
outcome_eta0.001,2,10,1,1,99.50000000000003,5.0,47.99999999999997,0.41876432274923253,0.001,Forage
outcome_eta0.001,2,20,1,1,99.00000000000006,10.0,45.99999999999994,1.0287129446764356,0.001,Forage
outcome_eta0.001,2,30,1,1,98.50000000000009,15.0,43.999999999999915,1.7489856055052448,0.001,Forage
outcome_eta0.001,2,40,1,1,98.00000000000011,20.0,41.999999999999886,1.992970011578971,0.001,Forage
outcome_eta0.001,2,50,1,1,97.50000000000014,25.0,39.99999999999986,2.2375297106564367,0.001,Forage
outcome_eta0.001,2,60,1,1,89.35000000000015,30.0,37.99999999999983,2.6521158655202535,0.001,Forage
outcome_eta0.001,2,70,1,1,84.00000000000017,15.0,36.9999999999998,2.948000000000004,0.001,Forage
outcome_eta0.001,2,80,1,1,83.5000000000002,20.0,34.99999999999977,2.76452820095535,0.001,Forage
outcome_eta0.001,2,90,1,1,83.00000000000023,25.0,32.999999999999744,2.7991707235216703,0.001,Forage
outcome_eta0.001,2,100,1,1,82.50000000000026,30.0,30.999999999999737,2.985923082550475,0.001,Forage
outcome_eta0.001,2,110,1,1,76.15000000000028,35.0,30.999999999999744,3.3015000000000025,0.001,Care
outcome_eta0.001,2,120,1,1,75.35000000000032,20.0,33.99999999999973,3.0665000000000022,0.001,Forage
outcome_eta0.001,2,130,1,1,74.75000000000036,25.0,33.9999999999997,3.123500000000002,0.001,Care
outcome_eta0.001,2,140,1,1,74.15000000000039,30.0,33.99999999999967,3.179500000000002,0.001,Care
outcome_eta0.001,2,150,1,1,73.55000000000042,35.0,33.999999999999645,3.2355000000000027,0.001,Care
outcome_eta0.001,2,160,1,1,65.40000000000043,40.0,31.99999999999962,3.064157287525384,0.001,Forage
outcome_eta0.001,2,170,1,1,62.85000000000044,25.0,31.999999999999606,3.2855000000000034,0.001,Forage
outcome_eta0.001,2,180,1,1,62.300000000000466,30.0,30.999999999999613,3.357000000000003,0.001,Forage
outcome_eta0.001,2,190,1,1,61.75000000000049,35.0,29.99999999999962,3.4325000000000028,0.001,Forage
outcome_eta0.001,2,200,1,1,61.200000000000514,40.0,28.999999999999627,3.5080000000000022,0.001,Forage
outcome_eta0.001,2,210,1,1,53.050000000000516,45.0,26.999999999999634,3.544764068711931,0.001,Forage
outcome_eta0.001,2,220,1,1,46.80000000000052,30.0,24.99999999999964,3.6740000000000017,0.001,Forage
outcome_eta0.001,2,230,1,1,46.30000000000055,35.0,22.99999999999965,3.7270000000000016,0.001,Forage
outcome_eta0.001,2,240,1,1,45.80000000000058,40.0,20.999999999999655,3.822000000000001,0.001,Forage
outcome_eta0.001,2,250,1,1,45.30000000000061,45.0,18.999999999999662,3.917000000000001,0.001,Forage
outcome_eta0.001,2,260,1,1,36.25000000000061,50.0,16.99999999999967,4.108185424949238,0.001,Forage
outcome_eta0.001,2,270,1,1,27.15000000000061,55.0,14.999999999999677,4.22807864376269,0.001,Forage
outcome_eta0.001,2,280,1,1,26.600000000000602,40.0,12.999999999999684,4.176,0.001,Forage
outcome_eta0.001,2,290,1,1,26.100000000000595,45.0,10.999999999999691,4.269,0.001,Forage
outcome_eta0.001,2,300,1,1,25.600000000000588,50.0,8.999999999999698,4.364,0.001,Forage
outcome_eta0.001,2,310,1,1,28.15000000000058,55.0,6.9999999999997,4.18707864376269,0.001,Forage
outcome_eta0.001,2,320,1,1,27.650000000000574,60.0,4.999999999999698,4.2820786437626905,0.001,Forage
outcome_eta0.001,2,330,1,1,27.150000000000567,65.0,2.9999999999996962,4.37707864376269,0.001,Forage
outcome_eta0.001,2,340,1,1,26.65000000000056,70.0,0.9999999999996958,4.472078643762691,0.001,Forage
outcome_eta0.001,2,350,1,0,26.150000000000553,72.5,0.0,3.0384999999999946,0.001,Forage
outcome_eta0.001,2,360,1,0,23.95000000000055,72.5,0.0,3.0864999999999942,0.001,Forage
outcome_eta0.001,2,370,1,0,23.450000000000543,72.5,0.0,3.065499999999995,0.001,Forage
outcome_eta0.001,2,380,1,0,22.950000000000536,72.5,0.0,3.0704999999999947,0.001,Forage
outcome_eta0.001,2,390,1,0,22.45000000000053,72.5,0.0,3.0754999999999946,0.001,Forage
outcome_eta0.001,2,400,1,0,21.95000000000052,72.5,0.0,3.080499999999995,0.001,Forage
outcome_eta0.001,2,410,1,0,20.70000000000052,72.5,0.0,3.1039999999999948,0.001,Forage
outcome_eta0.001,2,420,1,0,20.200000000000514,72.5,0.0,3.097999999999995,0.001,Forage
outcome_eta0.001,2,430,1,0,19.700000000000507,72.5,0.0,3.102999999999995,0.001,Forage
outcome_eta0.001,2,440,1,0,19.2000000000005,72.5,0.0,3.107999999999995,0.001,Forage
outcome_eta0.001,2,450,1,0,18.700000000000493,72.5,0.0,3.112999999999995,0.001,Forage
outcome_eta0.001,2,460,1,0,20.30000000000049,72.5,0.0,3.096999999999995,0.001,Forage
outcome_eta0.001,2,470,1,0,19.800000000000484,72.5,0.0,3.101999999999995,0.001,Forage
outcome_eta0.001,2,480,1,0,19.300000000000477,72.5,0.0,3.1069999999999953,0.001,Forage
outcome_eta0.001,2,490,1,0,18.80000000000047,72.5,0.0,3.111999999999995,0.001,Forage
outcome_eta0.001,2,500,1,0,18.300000000000463,72.5,0.0,3.1169999999999956,0.001,Forage
outcome_eta0.001,2,510,1,0,19.900000000000457,72.5,0.0,3.1009999999999955,0.001,Forage
outcome_eta0.001,2,520,1,0,19.40000000000045,72.5,0.0,3.1059999999999954,0.001,Forage
outcome_eta0.001,2,530,1,0,18.900000000000443,72.5,0.0,3.1109999999999953,0.001,Forage
outcome_eta0.001,2,540,1,0,18.400000000000436,72.5,0.0,3.1159999999999957,0.001,Forage
outcome_eta0.001,2,550,1,0,17.90000000000043,72.5,0.0,3.1209999999999956,0.001,Forage
outcome_eta0.001,2,560,1,0,14.750000000000428,72.5,0.0,3.193499999999996,0.001,Forage
outcome_eta0.001,2,570,1,0,14.250000000000421,72.5,0.0,3.1574999999999958,0.001,Forage
outcome_eta0.001,2,580,1,0,13.750000000000414,72.5,0.0,3.162499999999996,0.001,Forage
outcome_eta0.001,2,590,1,0,13.250000000000407,72.5,0.0,3.167499999999996,0.001,Forage
outcome_eta0.001,2,600,1,0,12.7500000000004,72.5,0.0,3.172499999999996,0.001,Forage
outcome_eta0.001,2,610,1,0,10.550000000000399,72.5,0.0,3.220499999999996,0.001,Forage
outcome_eta0.001,2,620,1,0,10.050000000000392,72.5,0.0,3.199499999999996,0.001,Forage
outcome_eta0.001,2,630,1,0,9.550000000000384,72.5,0.0,3.2044999999999964,0.001,Forage
outcome_eta0.001,2,640,1,0,9.050000000000377,72.5,0.0,3.2094999999999962,0.001,Forage
outcome_eta0.001,2,650,1,0,8.55000000000037,72.5,0.0,3.2144999999999966,0.001,Forage
outcome_eta0.001,2,660,1,0,8.250000000000368,72.5,0.0,3.2174999999999963,0.001,Forage
outcome_eta0.001,2,670,1,0,7.750000000000365,72.5,0.0,3.222499999999996,0.001,Forage
outcome_eta0.001,2,680,1,0,7.250000000000367,72.5,0.0,3.2274999999999965,0.001,Forage
outcome_eta0.001,2,690,1,0,6.750000000000369,72.5,0.0,3.2324999999999964,0.001,Forage
outcome_eta0.001,2,700,1,0,6.25000000000037,72.5,0.0,3.2374999999999963,0.001,Forage
outcome_eta0.001,2,710,1,0,5.950000000000371,72.5,0.0,3.2404999999999964,0.001,Forage
outcome_eta0.001,2,720,1,0,5.450000000000373,72.5,0.0,3.2454999999999963,0.001,Forage
outcome_eta0.001,2,730,1,0,4.950000000000375,72.5,0.0,3.250499999999996,0.001,Forage
outcome_eta0.001,2,740,1,0,4.450000000000377,72.5,0.0,3.255499999999996,0.001,Forage
outcome_eta0.001,2,750,1,0,3.9500000000003785,72.5,0.0,3.2604999999999964,0.001,Forage
outcome_eta0.001,3,1,1,1,99.0,0.5,49.8,0.35788634503181294,0.001,Care
outcome_eta0.001,3,10,1,1,91.80000000000001,5.0,49.99999999999997,0.6235197068175797,0.001,Care
outcome_eta0.001,3,20,1,1,90.80000000000007,10.0,50.0,0.6939173725680848,0.001,Care
outcome_eta0.001,3,30,1,1,89.80000000000013,15.0,50.0,0.7761555628428604,0.001,Care
outcome_eta0.001,3,40,1,1,88.80000000000018,20.0,50.0,0.8585930269446587,0.001,Care
outcome_eta0.001,3,50,1,1,87.80000000000024,25.0,50.0,0.9410318073477357,0.001,Care
outcome_eta0.001,3,60,1,1,86.8000000000003,30.0,50.0,1.02347059484604,0.001,Care
outcome_eta0.001,3,70,1,1,85.80000000000035,35.0,50.0,1.1059093823793897,0.001,Care
outcome_eta0.001,3,80,1,1,84.80000000000041,40.0,50.0,1.188348169912905,0.001,Care
outcome_eta0.001,3,90,1,1,83.80000000000047,45.0,50.0,1.2707869574464208,0.001,Care
outcome_eta0.001,3,100,1,1,82.80000000000052,50.0,50.0,1.3532257449799365,0.001,Care
outcome_eta0.001,3,110,1,1,81.80000000000058,55.0,50.0,1.4356645325134523,0.001,Care
outcome_eta0.001,3,120,1,1,80.80000000000064,60.0,50.0,1.518103320046968,0.001,Care
outcome_eta0.001,3,130,1,1,79.8000000000007,65.0,50.0,1.602542107580477,0.001,Care
outcome_eta0.001,3,140,1,1,78.80000000000075,70.0,50.0,1.7028386125085215,0.001,Care
outcome_eta0.001,3,150,1,1,77.80000000000081,75.0,50.0,1.805901772601788,0.001,Care
outcome_eta0.001,3,160,1,1,76.80000000000086,80.0,50.0,1.9089972792591032,0.001,Care
outcome_eta0.001,3,170,1,1,75.80000000000092,85.0,50.0,2.012092988420602,0.001,Care
outcome_eta0.001,3,180,1,1,74.80000000000098,90.0,50.0,2.1151886986513295,0.001,Care
outcome_eta0.001,3,190,1,1,73.80000000000103,95.0,50.0,2.2182844088872833,0.001,Care
outcome_eta0.001,3,200,1,0,71.90000000000109,100.0,49.8,2.2299770485479327,0.001,Forage
outcome_eta0.001,3,210,1,0,79.6000000000011,100.0,49.8,1.814692125746235,0.001,Forage
outcome_eta0.001,3,220,1,0,82.15000000000113,100.0,49.8,1.7177573763856366,0.001,Forage
outcome_eta0.001,3,230,1,0,81.65000000000116,100.0,49.8,1.6150208028035025,0.001,Forage
outcome_eta0.001,3,240,1,0,81.15000000000119,100.0,49.8,1.5150000731296762,0.001,Forage
outcome_eta0.001,3,250,1,0,80.65000000000121,100.0,49.8,1.5000000002227896,0.001,Forage
outcome_eta0.001,3,260,1,0,82.25000000000124,100.0,49.8,1.5015709223224663,0.001,Forage
outcome_eta0.001,3,270,1,0,81.75000000000126,100.0,49.8,1.5000052236874337,0.001,Forage
outcome_eta0.001,3,280,1,0,81.2500000000013,100.0,49.8,1.5000000158425961,0.001,Forage
outcome_eta0.001,3,290,1,0,80.75000000000132,100.0,49.8,1.5000000000480087,0.001,Forage
outcome_eta0.001,3,300,1,0,80.25000000000135,100.0,49.8,1.5000000000001454,0.001,Forage
outcome_eta0.001,3,310,1,0,83.75000000000138,100.0,49.8,1.500115912066081,0.001,Forage
outcome_eta0.001,3,320,1,0,83.2500000000014,100.0,49.8,1.5000003624938865,0.001,Forage
outcome_eta0.001,3,330,1,0,82.75000000000144,100.0,49.8,1.5000000010987173,0.001,Forage
outcome_eta0.001,3,340,1,0,82.25000000000146,100.0,49.8,1.5000000000033293,0.001,Forage
outcome_eta0.001,3,350,1,0,81.75000000000149,100.0,49.8,1.5000000000000102,0.001,Forage
outcome_eta0.001,3,360,1,0,79.5500000000015,100.0,49.8,1.55537352788652,0.001,Forage
outcome_eta0.001,3,370,1,0,79.05000000000153,100.0,49.8,1.5149878557428886,0.001,Forage
outcome_eta0.001,3,380,1,0,78.55000000000156,100.0,49.8,1.5251105519032626,0.001,Forage
outcome_eta0.001,3,390,1,0,78.05000000000159,100.0,49.8,1.538088419229926,0.001,Forage
outcome_eta0.001,3,400,1,0,77.55000000000162,100.0,49.8,1.556110603902215,0.001,Forage
outcome_eta0.001,3,410,1,0,76.30000000000163,100.0,49.8,1.65598780130607,0.001,Forage
outcome_eta0.001,3,420,1,0,75.80000000000166,100.0,49.8,1.628303499152758,0.001,Forage
outcome_eta0.001,3,430,1,0,75.30000000000169,100.0,49.8,1.649671288908786,0.001,Forage
outcome_eta0.001,3,440,1,0,74.80000000000172,100.0,49.8,1.662985300601748,0.001,Forage
outcome_eta0.001,3,450,1,0,74.30000000000175,100.0,49.8,1.6720237373563855,0.001,Forage
outcome_eta0.001,3,460,1,0,74.00000000000176,100.0,49.8,1.7145537936013835,0.001,Forage
outcome_eta0.001,3,470,1,0,73.50000000000179,100.0,49.8,1.6950866100015056,0.001,Forage
outcome_eta0.001,3,480,1,0,73.00000000000182,100.0,49.8,1.7115718273095002,0.001,Forage
outcome_eta0.001,3,490,1,0,72.50000000000185,100.0,49.8,1.7273373856813237,0.001,Forage
outcome_eta0.001,3,500,1,0,72.00000000000188,100.0,49.8,1.7430047304003105,0.001,Forage
outcome_eta0.001,3,510,1,0,62.95000000000188,100.0,49.8,1.9507720285135544,0.001,Forage
outcome_eta0.001,3,520,1,0,67.4000000000019,100.0,49.8,1.8536426808420714,0.001,Forage
outcome_eta0.001,3,530,1,0,66.90000000000192,100.0,49.8,1.8937720286204762,0.001,Forage
outcome_eta0.001,3,540,1,0,66.40000000000195,100.0,49.8,1.9174924788172807,0.001,Forage
outcome_eta0.001,3,550,1,0,65.90000000000198,100.0,49.8,1.933937395775731,0.001,Forage
outcome_eta0.001,3,560,1,0,62.75000000000198,100.0,49.8,2.078778706705945,0.001,Forage
outcome_eta0.001,3,570,1,0,62.25000000000201,100.0,49.8,1.9952053863603842,0.001,Forage
outcome_eta0.001,3,580,1,0,61.75000000000204,100.0,49.8,2.0537530587465658,0.001,Forage
outcome_eta0.001,3,590,1,0,61.25000000000207,100.0,49.8,2.078641031455084,0.001,Forage
outcome_eta0.001,3,600,1,0,60.750000000002096,100.0,49.8,2.095192514760238,0.001,Forage
outcome_eta0.001,3,610,1,0,57.6000000000021,100.0,49.8,2.240043946875368,0.001,Forage
outcome_eta0.001,3,620,1,0,57.100000000002126,100.0,49.8,2.1390843629250513,0.001,Forage
outcome_eta0.001,3,630,1,0,56.600000000002154,100.0,49.8,2.2118568380947408,0.001,Forage
outcome_eta0.001,3,640,1,0,56.10000000000218,100.0,49.8,2.239601692267687,0.001,Forage
outcome_eta0.001,3,650,1,0,55.60000000000221,100.0,49.8,2.2564297363995274,0.001,Forage
outcome_eta0.001,3,660,1,0,57.20000000000223,100.0,49.8,2.2164538850439963,0.001,Forage
outcome_eta0.001,3,670,1,0,56.700000000002255,100.0,49.8,2.220061330998776,0.001,Forage
outcome_eta0.001,3,680,1,0,56.200000000002284,100.0,49.8,2.237560888472738,0.001,Forage
outcome_eta0.001,3,690,1,0,55.70000000000231,100.0,49.8,2.2534021067087995,0.001,Forage
outcome_eta0.001,3,700,1,0,55.20000000000234,100.0,49.8,2.269076583818313,0.001,Forage
outcome_eta0.001,3,710,1,0,54.90000000000235,100.0,49.8,2.3058600593267102,0.001,Forage
outcome_eta0.001,3,720,1,0,54.40000000000238,100.0,49.8,2.277386598576045,0.001,Forage
outcome_eta0.001,3,730,1,0,53.90000000000241,100.0,49.8,2.3080681216770085,0.001,Forage
outcome_eta0.001,3,740,1,0,53.400000000002436,100.0,49.8,2.325279553510982,0.001,Forage
outcome_eta0.001,3,750,1,0,52.900000000002464,100.0,49.8,2.3410846946026136,0.001,Forage
outcome_eta0.001,3,760,1,0,49.750000000002466,100.0,49.8,2.485865098372675,0.001,Forage
outcome_eta0.001,3,770,1,0,49.250000000002494,100.0,49.8,2.358395676631879,0.001,Forage
outcome_eta0.001,3,780,1,0,48.75000000000252,100.0,49.8,2.4528500292836224,0.001,Forage
outcome_eta0.001,3,790,1,0,48.25000000000255,100.0,49.8,2.484949500539468,0.001,Forage
outcome_eta0.001,3,800,1,0,47.75000000000258,100.0,49.8,2.5021990941211785,0.001,Forage
outcome_eta0.001,3,810,1,0,46.500000000002586,100.0,49.8,2.5828089767926645,0.001,Forage
outcome_eta0.001,3,820,1,0,46.000000000002615,100.0,49.8,2.497961632728999,0.001,Forage
outcome_eta0.001,3,830,1,0,45.50000000000264,100.0,49.8,2.5661688131731903,0.001,Forage
outcome_eta0.001,3,840,1,0,45.00000000000267,100.0,49.8,2.587843746604943,0.001,Forage
outcome_eta0.001,3,850,1,0,44.5000000000027,100.0,49.8,2.6040760890899453,0.001,Forage
outcome_eta0.001,3,860,1,0,43.25000000000271,100.0,49.8,2.6842467214466774,0.001,Forage
outcome_eta0.001,3,870,1,0,42.750000000002736,100.0,49.8,2.593586579616252,0.001,Forage
outcome_eta0.001,3,880,1,0,42.250000000002764,100.0,49.8,2.6672559129800026,0.001,Forage
outcome_eta0.001,3,890,1,0,41.75000000000279,100.0,49.8,2.689548500444665,0.001,Forage
outcome_eta0.001,3,900,1,0,41.25000000000282,100.0,49.8,2.7058398809110855,0.001,Forage
outcome_eta0.001,3,910,1,0,42.85000000000284,100.0,49.8,2.6509955880174196,0.001,Forage
outcome_eta0.001,3,920,1,0,42.350000000002865,100.0,49.8,2.6659795803531963,0.001,Forage
outcome_eta0.001,3,930,1,0,41.85000000000289,100.0,49.8,2.6865817100706444,0.001,Forage
outcome_eta0.001,3,940,1,0,41.35000000000292,100.0,49.8,2.7027241138482676,0.001,Forage
outcome_eta0.001,3,950,1,0,40.85000000000295,100.0,49.8,2.718427253006457,0.001,Forage
outcome_eta0.001,3,960,1,0,42.450000000002966,100.0,49.8,2.663113689720659,0.001,Forage
outcome_eta0.001,3,970,1,0,41.950000000002994,100.0,49.8,2.6784098439621387,0.001,Forage
outcome_eta0.001,3,980,1,0,41.45000000000302,100.0,49.8,2.699098016091801,0.001,Forage
outcome_eta0.001,3,990,1,0,40.95000000000305,100.0,49.8,2.7152487734916284,0.001,Forage
outcome_eta0.001,3,1000,1,0,40.45000000000308,100.0,49.8,2.7309527076175484,0.001,Forage
outcome_eta0.001,4,1,1,1,99.95,0.5,49.8,0.02830277528957336,0.001,Forage
outcome_eta0.001,4,10,1,1,99.50000000000003,5.0,47.99999999999997,0.23153822510321767,0.001,Forage
outcome_eta0.001,4,20,1,1,99.00000000000006,10.0,45.99999999999994,0.6586635922749413,0.001,Forage
outcome_eta0.001,4,30,1,1,98.50000000000009,15.0,43.999999999999915,1.2957378848913979,0.001,Forage
outcome_eta0.001,4,40,1,1,98.00000000000011,20.0,41.999999999999886,1.4213031232176643,0.001,Forage
outcome_eta0.001,4,50,1,1,97.50000000000014,25.0,39.99999999999986,1.5230513597647226,0.001,Forage
outcome_eta0.001,4,60,1,1,89.35000000000015,30.0,37.99999999999983,2.011872336153885,0.001,Forage
outcome_eta0.001,4,70,1,1,88.4500000000002,15.0,42.9999999999998,0.8731844830490899,0.001,Care
outcome_eta0.001,4,80,1,1,87.45000000000026,20.0,50.0,0.7625374789504504,0.001,Care
outcome_eta0.001,4,90,1,1,86.45000000000032,25.0,50.0,0.8186974645076055,0.001,Care
outcome_eta0.001,4,100,1,1,85.45000000000037,30.0,50.0,0.8826024934599788,0.001,Care
outcome_eta0.001,4,110,1,1,84.45000000000043,35.0,50.0,0.9465553548077069,0.001,Care
outcome_eta0.001,4,120,1,1,83.45000000000049,40.0,50.0,1.0105085050835798,0.001,Care
outcome_eta0.001,4,130,1,1,82.45000000000054,45.0,50.0,1.0744616571047025,0.001,Care
outcome_eta0.001,4,140,1,1,81.4500000000006,50.0,50.0,1.1384148091363673,0.001,Care
outcome_eta0.001,4,150,1,1,80.45000000000066,55.0,50.0,1.2023679611680955,0.001,Care
outcome_eta0.001,4,160,1,1,79.45000000000071,60.0,50.0,1.2723694985819898,0.001,Care
outcome_eta0.001,4,170,1,1,78.45000000000077,65.0,50.0,1.3487639152296604,0.001,Care
outcome_eta0.001,4,180,1,1,77.45000000000083,70.0,50.0,1.4252267475364482,0.001,Care
outcome_eta0.001,4,190,1,1,76.45000000000088,75.0,50.0,1.5016899931059913,0.001,Care
outcome_eta0.001,4,200,1,1,75.45000000000094,80.0,50.0,1.578153241171818,0.001,Care
outcome_eta0.001,4,210,1,1,74.450000000001,85.0,50.0,1.6546164892527238,0.001,Care
outcome_eta0.001,4,220,1,1,73.45000000000105,90.0,50.0,1.7310797373337206,0.001,Care
outcome_eta0.001,4,230,1,1,72.45000000000111,95.0,50.0,1.807542985414718,0.001,Care
outcome_eta0.001,4,240,1,0,70.55000000000116,100.0,49.8,1.8942015679401267,0.001,Forage
outcome_eta0.001,4,250,1,0,66.45000000000117,100.0,49.8,1.9119271640936657,0.001,Forage
outcome_eta0.001,4,260,1,0,68.25000000000118,100.0,49.8,1.9352167104771398,0.001,Forage
outcome_eta0.001,4,270,1,0,67.00000000000118,100.0,49.8,1.966970689534992,0.001,Forage
outcome_eta0.001,4,280,1,0,66.50000000000121,100.0,49.8,1.8680023292386332,0.001,Forage
outcome_eta0.001,4,290,1,0,66.00000000000124,100.0,49.8,1.7717100486435604,0.001,Forage
outcome_eta0.001,4,300,1,0,65.50000000000126,100.0,49.8,1.6831260297287587,0.001,Forage
outcome_eta0.001,4,310,1,0,56.45000000000127,100.0,49.8,1.835237503017964,0.001,Forage
outcome_eta0.001,4,320,1,0,60.90000000000129,100.0,49.8,1.7423276455210068,0.001,Forage
outcome_eta0.001,4,330,1,0,60.40000000000132,100.0,49.8,1.7521440863314615,0.001,Forage
outcome_eta0.001,4,340,1,0,59.90000000000135,100.0,49.8,1.762494829869972,0.001,Forage
outcome_eta0.001,4,350,1,0,59.40000000000138,100.0,49.8,1.7724699025283797,0.001,Forage
outcome_eta0.001,4,360,1,0,56.25000000000138,100.0,49.8,1.880026237355452,0.001,Forage
outcome_eta0.001,4,370,1,0,55.75000000000141,100.0,49.8,1.8403613875328917,0.001,Forage
outcome_eta0.001,4,380,1,0,55.250000000001435,100.0,49.8,1.8591188575222595,0.001,Forage
outcome_eta0.001,4,390,1,0,54.750000000001464,100.0,49.8,1.8756669736473053,0.001,Forage
outcome_eta0.001,4,400,1,0,54.25000000000149,100.0,49.8,1.883277049706856,0.001,Forage
outcome_eta0.001,4,410,1,0,51.100000000001494,100.0,49.8,1.9796307247477707,0.001,Forage
outcome_eta0.001,4,420,1,0,50.60000000000152,100.0,49.8,1.932624283220474,0.001,Forage
outcome_eta0.001,4,430,1,0,50.10000000000155,100.0,49.8,1.9450977129213496,0.001,Forage
outcome_eta0.001,4,440,1,0,49.60000000000158,100.0,49.8,1.9526928345161891,0.001,Forage
outcome_eta0.001,4,450,1,0,49.10000000000161,100.0,49.8,1.96015781138262,0.001,Forage
outcome_eta0.001,4,460,1,0,52.60000000000163,100.0,49.8,1.9098001558375703,0.001,Forage
outcome_eta0.001,4,470,1,0,52.10000000000166,100.0,49.8,1.9153870607456818,0.001,Forage
outcome_eta0.001,4,480,1,0,51.600000000001685,100.0,49.8,1.922837626785187,0.001,Forage
outcome_eta0.001,4,490,1,0,51.100000000001714,100.0,49.8,1.9303015976504287,0.001,Forage
outcome_eta0.001,4,500,1,0,50.60000000000174,100.0,49.8,1.9377656521417197,0.001,Forage
outcome_eta0.001,4,510,1,0,53.15000000000176,100.0,49.8,1.9011624449671451,0.001,Forage
outcome_eta0.001,4,520,1,0,52.65000000000179,100.0,49.8,1.9071589903083768,0.001,Forage
outcome_eta0.001,4,530,1,0,52.15000000000182,100.0,49.8,1.9146270413286746,0.001,Forage
outcome_eta0.001,4,540,1,0,51.650000000001846,100.0,49.8,1.9220911363695947,0.001,Forage
outcome_eta0.001,4,550,1,0,51.150000000001874,100.0,49.8,1.929555191633906,0.001,Forage
outcome_eta0.001,4,560,1,0,49.90000000000188,100.0,49.8,1.970905174611934,0.001,Forage
outcome_eta0.001,4,570,1,0,49.40000000000191,100.0,49.8,1.9539870161427315,0.001,Forage
outcome_eta0.001,4,580,1,0,48.90000000000194,100.0,49.8,1.9631260250427531,0.001,Forage
outcome_eta0.001,4,590,1,0,48.40000000000197,100.0,49.8,1.970607380070832,0.001,Forage
outcome_eta0.001,4,600,1,0,47.900000000001995,100.0,49.8,1.9780715484536646,0.001,Forage
outcome_eta0.001,4,610,1,0,48.55000000000201,100.0,49.8,1.9734027106334924,0.001,Forage
outcome_eta0.001,4,620,1,0,48.050000000002036,100.0,49.8,1.975593545143959,0.001,Forage
outcome_eta0.001,4,630,1,0,47.550000000002065,100.0,49.8,1.9832944871299762,0.001,Forage
outcome_eta0.001,4,640,1,0,47.05000000000209,100.0,49.8,1.9907604306120812,0.001,Forage
outcome_eta0.001,4,650,1,0,46.55000000000212,100.0,49.8,1.9982244975878567,0.001,Forage
outcome_eta0.001,4,660,1,0,45.30000000000213,100.0,49.8,2.0395362709900446,0.001,Forage
outcome_eta0.001,4,670,1,0,44.80000000000216,100.0,49.8,2.0223731568782704,0.001,Forage
outcome_eta0.001,4,680,1,0,44.300000000002186,100.0,49.8,2.0317925085178556,0.001,Forage
outcome_eta0.001,4,690,1,0,43.800000000002214,100.0,49.8,2.039276667672219,0.001,Forage
outcome_eta0.001,4,700,1,0,43.30000000000224,100.0,49.8,2.0467408543664765,0.001,Forage
outcome_eta0.001,4,710,1,0,42.05000000000225,100.0,49.8,2.0880256325573616,0.001,Forage
outcome_eta0.001,4,720,1,0,41.55000000000228,100.0,49.8,2.070689451963137,0.001,Forage
outcome_eta0.001,4,730,1,0,41.050000000002306,100.0,49.8,2.080306871842657,0.001,Forage
outcome_eta0.001,4,740,1,0,40.550000000002335,100.0,49.8,2.0877930121732,0.001,Forage
outcome_eta0.001,4,750,1,0,40.05000000000236,100.0,49.8,2.095257211804877,0.001,Forage
outcome_eta0.001,4,760,1,0,43.550000000002385,100.0,49.8,2.044747953713175,0.001,Forage
outcome_eta0.001,4,770,1,0,43.05000000000241,100.0,49.8,2.0504848885184535,0.001,Forage
outcome_eta0.001,4,780,1,0,42.55000000000244,100.0,49.8,2.0579370120596945,0.001,Forage
outcome_eta0.001,4,790,1,0,42.05000000000247,100.0,49.8,2.06540099313812,0.001,Forage
outcome_eta0.001,4,800,1,0,41.5500000000025,100.0,49.8,2.0728650476920985,0.001,Forage
outcome_eta0.001,4,810,1,0,43.150000000002514,100.0,49.8,2.051163791308109,0.001,Forage
outcome_eta0.001,4,820,1,0,42.65000000000254,100.0,49.8,2.056417147049517,0.001,Forage
outcome_eta0.001,4,830,1,0,42.15000000000257,100.0,49.8,2.063907969051436,0.001,Forage
outcome_eta0.001,4,840,1,0,41.6500000000026,100.0,49.8,2.071372235342995,0.001,Forage
outcome_eta0.001,4,850,1,0,41.15000000000263,100.0,49.8,2.078836291683405,0.001,Forage
outcome_eta0.001,4,860,1,0,38.00000000000263,100.0,49.8,2.175188972006639,0.001,Forage
outcome_eta0.001,4,870,1,0,37.50000000000266,100.0,49.8,2.1256740799807883,0.001,Forage
outcome_eta0.001,4,880,1,0,37.000000000002686,100.0,49.8,2.1405952222412967,0.001,Forage
outcome_eta0.001,4,890,1,0,36.500000000002714,100.0,49.8,2.148250649907175,0.001,Forage
outcome_eta0.001,4,900,1,0,36.00000000000274,100.0,49.8,2.155716049812047,0.001,Forage
outcome_eta0.001,4,910,1,0,35.70000000000275,100.0,49.8,2.16832437598442,0.001,Forage
outcome_eta0.001,4,920,1,0,35.20000000000278,100.0,49.8,2.167089649723397,0.001,Forage
outcome_eta0.001,4,930,1,0,34.70000000000281,100.0,49.8,2.1751178785538596,0.001,Forage
outcome_eta0.001,4,940,1,0,34.20000000000284,100.0,49.8,2.182586626113264,0.001,Forage
outcome_eta0.001,4,950,1,0,33.700000000002866,100.0,49.8,2.1900507110495147,0.001,Forage
outcome_eta0.001,4,960,1,0,34.35000000000288,100.0,49.8,2.1846094206238806,0.001,Forage
outcome_eta0.001,4,970,1,0,33.85000000000291,100.0,49.8,2.18743551168441,0.001,Forage
outcome_eta0.001,4,980,1,0,33.350000000002936,100.0,49.8,2.195272600189099,0.001,Forage
outcome_eta0.001,4,990,1,0,32.850000000002964,100.0,49.8,2.2027395860828225,0.001,Forage
outcome_eta0.001,4,1000,1,0,32.35000000000299,100.0,49.8,2.210203659627251,0.001,Forage
outcome_eta0.001,5,1,1,1,99.0,0.5,49.8,0.3404605840291499,0.001,Care
outcome_eta0.001,5,10,1,1,92.70000000000002,5.0,50.0,0.6667316459292432,0.001,Care
outcome_eta0.001,5,20,1,1,91.70000000000007,10.0,50.0,0.9381828811145332,0.001,Care
outcome_eta0.001,5,30,1,1,90.70000000000013,15.0,50.0,1.34325660551838,0.001,Care
outcome_eta0.001,5,40,1,1,89.70000000000019,20.0,50.0,1.7679999999999998,0.001,Care
outcome_eta0.001,5,50,1,1,88.70000000000024,25.0,50.0,1.8279999999999998,0.001,Care
outcome_eta0.001,5,60,1,1,87.7000000000003,30.0,50.0,1.888,0.001,Care
outcome_eta0.001,5,70,1,1,86.70000000000036,35.0,50.0,1.948,0.001,Care
outcome_eta0.001,5,80,1,1,85.70000000000041,40.0,50.0,2.0079999999999996,0.001,Care
outcome_eta0.001,5,90,1,1,84.70000000000047,45.0,50.0,2.0679999999999996,0.001,Care
outcome_eta0.001,5,100,1,1,83.70000000000053,50.0,50.0,2.1279999999999997,0.001,Care
outcome_eta0.001,5,110,1,1,82.70000000000059,55.0,50.0,2.1879999999999997,0.001,Care
outcome_eta0.001,5,120,1,1,81.70000000000064,60.0,50.0,2.2479999999999998,0.001,Care
outcome_eta0.001,5,130,1,1,78.90000000000069,65.0,49.39999999999999,2.2389999999999928,0.001,Forage
outcome_eta0.001,5,140,1,1,77.90000000000074,50.0,50.0,2.196999999999992,0.001,Care
outcome_eta0.001,5,150,1,1,76.9000000000008,55.0,50.0,2.2669999999999924,0.001,Care
outcome_eta0.001,5,160,1,1,75.90000000000086,60.0,50.0,2.3369999999999913,0.001,Care
outcome_eta0.001,5,170,1,1,73.1000000000009,45.0,49.19999999999999,2.2489999999999912,0.001,Forage
outcome_eta0.001,5,180,1,1,72.10000000000096,50.0,50.0,2.3029999999999906,0.001,Care
outcome_eta0.001,5,190,1,1,71.10000000000102,55.0,50.0,2.3729999999999905,0.001,Care
outcome_eta0.001,5,200,1,1,70.10000000000107,60.0,50.0,2.44299999999999,0.001,Care
outcome_eta0.001,5,210,1,1,65.50000000000111,45.0,48.79999999999998,2.4131930605542125,0.001,Forage
outcome_eta0.001,5,220,1,1,64.50000000000117,50.0,50.0,2.434999999999989,0.001,Care
outcome_eta0.001,5,230,1,1,63.50000000000119,55.0,50.0,2.5049999999999892,0.001,Care
outcome_eta0.001,5,240,1,1,62.50000000000117,60.0,50.0,2.5749999999999895,0.001,Care
outcome_eta0.001,5,250,1,1,56.10000000000117,65.0,48.59999999999998,3.6095786437626804,0.001,Forage
outcome_eta0.001,5,260,1,1,55.10000000000115,50.0,50.0,2.5929999999999898,0.001,Care
outcome_eta0.001,5,270,1,1,54.10000000000114,55.0,50.0,2.6629999999999896,0.001,Care
outcome_eta0.001,5,280,1,1,53.100000000001124,60.0,50.0,2.7329999999999903,0.001,Care
outcome_eta0.001,5,290,1,1,45.80000000000112,65.0,48.39999999999998,3.4431572875253718,0.001,Forage
outcome_eta0.001,5,300,1,1,42.10000000000111,50.0,50.0,2.8029999999999906,0.001,Care
outcome_eta0.001,5,310,1,1,41.100000000001096,55.0,50.0,2.8729999999999913,0.001,Care
outcome_eta0.001,5,320,1,1,34.70000000000109,60.0,48.59999999999998,3.8146854249492295,0.001,Forage
outcome_eta0.001,5,330,1,1,28.300000000001084,45.0,49.59999999999995,2.9769999999999923,0.001,Care
outcome_eta0.001,5,340,1,1,27.30000000000107,50.0,50.0,3.0389999999999917,0.001,Care
outcome_eta0.001,5,350,1,1,26.300000000001056,55.0,50.0,3.108999999999991,0.001,Care
outcome_eta0.001,5,360,1,1,21.700000000001047,40.0,50.0,3.0309999999999917,0.001,Care
outcome_eta0.001,5,370,1,1,20.700000000001033,45.0,50.0,3.1009999999999924,0.001,Care
outcome_eta0.001,5,380,1,1,19.70000000000102,50.0,50.0,3.1709999999999927,0.001,Care
outcome_eta0.001,5,390,1,1,18.800000000001006,55.0,49.599999999999994,3.225999999999993,0.001,Forage
outcome_eta0.001,5,400,1,1,18.300000000001,60.0,47.599999999999966,3.2209999999999934,0.001,Forage
outcome_eta0.001,5,410,1,1,18.000000000001,65.0,45.59999999999994,3.9656854249492324,0.001,Forage
outcome_eta0.001,5,420,1,1,17.50000000000099,70.0,43.59999999999991,3.960685424949233,0.001,Forage
outcome_eta0.001,5,430,1,1,17.000000000000984,75.0,41.59999999999988,3.9556854249492335,0.001,Forage
outcome_eta0.001,5,440,1,1,16.500000000000977,80.0,39.59999999999985,3.950685424949234,0.001,Forage
outcome_eta0.001,5,450,1,1,16.00000000000097,85.0,37.599999999999824,3.9456854249492346,0.001,Forage
outcome_eta0.001,5,460,1,1,7.8500000000009695,90.0,35.599999999999795,3.999657287525378,0.001,Forage
outcome_eta0.001,5,470,1,1,4.450000000000971,75.0,33.59999999999977,3.3624999999999976,0.001,Forage
outcome_eta0.001,5,480,1,1,3.9500000000009727,80.0,31.59999999999975,3.428499999999995,0.001,Forage
outcome_eta0.001,5,490,1,1,3.4500000000009745,85.0,29.599999999999756,3.5234999999999954,0.001,Forage
outcome_eta0.001,5,500,1,1,2.9500000000009763,90.0,27.599999999999763,3.618499999999995,0.001,Forage
outcome_eta0.001,5,510,0,1,0.0,95.0,25.59999999999977,4.511578643762696,0.001,Forage
outcome_eta0.001,5,520,0,0,0.0,100.0,23.599999999999778,3.0735786437626906,0.001,Forage
outcome_eta0.001,6,1,1,1,99.0,0.5,49.8,0.5007314270145101,0.001,Care
outcome_eta0.001,6,10,1,1,90.9,5.0,48.99999999999997,0.7357242259868898,0.001,Care
outcome_eta0.001,6,20,1,1,89.90000000000006,10.0,50.0,0.6693329948309255,0.001,Care
outcome_eta0.001,6,30,1,1,88.90000000000012,15.0,50.0,0.7349911893732514,0.001,Care
outcome_eta0.001,6,40,1,1,87.90000000000018,20.0,50.0,0.8007001637126072,0.001,Care
outcome_eta0.001,6,50,1,1,86.90000000000023,25.0,50.0,0.8664091738882731,0.001,Care
outcome_eta0.001,6,60,1,1,85.90000000000029,30.0,50.0,0.9321181840889834,0.001,Care
outcome_eta0.001,6,70,1,1,84.90000000000035,35.0,50.0,0.997827194289711,0.001,Care
outcome_eta0.001,6,80,1,1,83.9000000000004,40.0,50.0,1.0635362044904388,0.001,Care
outcome_eta0.001,6,90,1,1,82.90000000000046,45.0,50.0,1.1292452146911665,0.001,Care
outcome_eta0.001,6,100,1,1,81.90000000000052,50.0,50.0,1.1949542248918943,0.001,Care
outcome_eta0.001,6,110,1,1,80.90000000000057,55.0,50.0,1.2606632350926221,0.001,Care
outcome_eta0.001,6,120,1,1,79.90000000000063,60.0,50.0,1.3273722452933434,0.001,Care
outcome_eta0.001,6,130,1,1,78.90000000000069,65.0,50.0,1.4048788823060154,0.001,Care
outcome_eta0.001,6,140,1,1,77.90000000000074,70.0,50.0,1.4829497743194455,0.001,Care
outcome_eta0.001,6,150,1,1,70.60000000000076,75.0,48.39999999999998,2.1196266749288615,0.001,Forage
outcome_eta0.001,6,160,1,1,68.70000000000081,60.0,50.0,1.5235383217463463,0.001,Care
outcome_eta0.001,6,170,1,1,67.70000000000087,65.0,50.0,1.5995523023346445,0.001,Care
outcome_eta0.001,6,180,1,1,66.70000000000093,70.0,50.0,1.676396704857407,0.001,Care
outcome_eta0.001,6,190,1,1,58.50000000000093,75.0,48.199999999999974,2.3955261807821455,0.001,Forage
outcome_eta0.001,6,200,1,1,53.90000000000092,60.0,50.0,1.846213922535703,0.001,Care
outcome_eta0.001,6,210,1,1,52.90000000000091,65.0,50.0,1.910480762560851,0.001,Care
outcome_eta0.001,6,220,1,1,51.900000000000894,70.0,50.0,1.989272545696536,0.001,Care
outcome_eta0.001,6,230,1,1,45.50000000000089,55.0,48.39999999999998,2.01115027663383,0.001,Forage
outcome_eta0.001,6,240,1,1,44.500000000000874,60.0,50.0,2.0423425957974555,0.001,Care
outcome_eta0.001,6,250,1,1,43.50000000000086,65.0,50.0,2.1217572043250876,0.001,Care
outcome_eta0.001,6,260,1,1,38.90000000000085,50.0,50.0,2.077317958350804,0.001,Care
outcome_eta0.001,6,270,1,1,37.90000000000084,55.0,50.0,2.1463268238536934,0.001,Care
outcome_eta0.001,6,280,1,1,36.90000000000082,60.0,50.0,2.226974219001028,0.001,Care
outcome_eta0.001,6,290,1,1,30.500000000000817,65.0,48.79999999999998,2.386650028595938,0.001,Forage
outcome_eta0.001,6,300,1,1,21.400000000000816,70.0,46.799999999999955,3.324010537304882,0.001,Forage
outcome_eta0.001,6,310,1,1,14.100000000000811,55.0,46.799999999999926,2.759123966953958,0.001,Forage
outcome_eta0.001,6,320,1,1,15.700000000000806,60.0,44.7999999999999,3.808221281219959,0.001,Forage
outcome_eta0.001,6,330,1,1,15.200000000000799,65.0,42.79999999999987,3.786385617210304,0.001,Forage
outcome_eta0.001,6,340,1,1,14.700000000000792,70.0,40.79999999999984,3.7736358772164356,0.001,Forage
outcome_eta0.001,6,350,1,1,14.200000000000784,75.0,38.79999999999981,3.768484733275396,0.001,Forage
outcome_eta0.001,6,360,1,1,6.050000000000784,80.0,36.799999999999784,3.591039475452273,0.001,Forage
outcome_eta0.001,6,370,1,1,2.650000000000785,65.0,34.799999999999756,2.9149493951940215,0.001,Forage
outcome_eta0.001,6,380,1,1,2.150000000000787,70.0,32.79999999999973,2.904488149438075,0.001,Forage
outcome_eta0.001,6,390,1,1,1.650000000000787,75.0,30.799999999999724,2.9039611629753517,0.001,Forage
outcome_eta0.001,6,400,1,1,1.1500000000007866,80.0,28.79999999999973,3.0381464427490608,0.001,Forage
outcome_eta0.001,6,410,0,1,0.0,85.0,26.799999999999738,3.0673466400592946,0.001,Forage
outcome_eta0.001,6,420,0,1,0.0,90.0,24.799999999999745,3.157346640059294,0.001,Forage
outcome_eta0.001,6,430,0,1,0.0,95.0,22.799999999999752,3.247346640059294,0.001,Forage
outcome_eta0.001,6,440,0,0,0.0,100.0,20.79999999999976,1.7533466400592892,0.001,Forage
outcome_eta0.001,7,1,1,1,99.0,0.5,49.8,0.23990278369675058,0.001,Care
outcome_eta0.001,7,10,1,1,93.60000000000002,5.0,50.0,0.6050336164708553,0.001,Care
outcome_eta0.001,7,20,1,1,92.60000000000008,10.0,50.0,0.6854134036395543,0.001,Care
outcome_eta0.001,7,30,1,1,91.60000000000014,15.0,50.0,0.7671681923452064,0.001,Care
outcome_eta0.001,7,40,1,1,90.6000000000002,20.0,50.0,0.8489274791112851,0.001,Care
outcome_eta0.001,7,50,1,1,89.60000000000025,25.0,50.0,0.9306867804446052,0.001,Care
outcome_eta0.001,7,60,1,1,88.6000000000003,30.0,50.0,1.0124460818251022,0.001,Care
outcome_eta0.001,7,70,1,1,87.60000000000036,35.0,50.0,1.0942053832057521,0.001,Care
outcome_eta0.001,7,80,1,1,86.60000000000042,40.0,50.0,1.1759646845864027,0.001,Care
outcome_eta0.001,7,90,1,1,85.60000000000048,45.0,50.0,1.257723985967053,0.001,Care
outcome_eta0.001,7,100,1,1,84.60000000000053,50.0,50.0,1.3394832873477032,0.001,Care
outcome_eta0.001,7,110,1,1,83.60000000000059,55.0,50.0,1.4212425887283535,0.001,Care
outcome_eta0.001,7,120,1,1,82.60000000000065,60.0,50.0,1.503001890109004,0.001,Care
outcome_eta0.001,7,130,1,1,81.6000000000007,65.0,50.0,1.5847611914896542,0.001,Care
outcome_eta0.001,7,140,1,1,80.60000000000076,70.0,50.0,1.6665204928703043,0.001,Care
outcome_eta0.001,7,150,1,1,79.60000000000082,75.0,50.0,1.7522860286182795,0.001,Care
outcome_eta0.001,7,160,1,1,78.60000000000088,80.0,50.0,1.844105570755542,0.001,Care
outcome_eta0.001,7,170,1,1,71.30000000000089,85.0,48.39999999999998,2.6044760898889683,0.001,Forage
outcome_eta0.001,7,180,1,1,67.60000000000093,70.0,50.0,1.9415293655827128,0.001,Care
outcome_eta0.001,7,190,1,1,66.60000000000099,75.0,50.0,2.0288821971205175,0.001,Care
outcome_eta0.001,7,200,1,1,61.10000000000101,80.0,48.79999999999998,2.8952952264435114,0.001,Forage
outcome_eta0.001,7,210,1,1,55.600000000001,65.0,50.0,2.1931888044862147,0.001,Care
outcome_eta0.001,7,220,1,1,54.60000000000099,70.0,50.0,2.282727400622055,0.001,Care
outcome_eta0.001,7,230,1,1,51.80000000000098,55.0,50.0,2.140298161201038,0.001,Care
outcome_eta0.001,7,240,1,1,50.80000000000096,60.0,50.0,2.2130293067538553,0.001,Care
outcome_eta0.001,7,250,1,1,49.80000000000095,65.0,50.0,2.3157816479468765,0.001,Care
outcome_eta0.001,7,260,1,1,42.500000000000945,70.0,48.59999999999998,3.1884163790671547,0.001,Forage
outcome_eta0.001,7,270,1,1,33.400000000000944,75.0,46.59999999999995,3.6038940203036787,0.001,Forage
outcome_eta0.001,7,280,1,1,24.300000000000942,60.0,44.59999999999992,3.707136151387443,0.001,Forage
outcome_eta0.001,7,290,1,1,15.20000000000094,65.0,42.599999999999895,3.831479718612411,0.001,Forage
outcome_eta0.001,7,300,1,1,14.650000000000935,50.0,40.599999999999866,2.9420163055055464,0.001,Forage
outcome_eta0.001,7,310,1,1,12.450000000000934,55.0,38.59999999999984,4.144978296872115,0.001,Forage
outcome_eta0.001,7,320,1,1,11.950000000000927,60.0,36.59999999999981,4.107836060277053,0.001,Forage
outcome_eta0.001,7,330,1,1,11.45000000000092,65.0,34.59999999999978,4.023417154147192,0.001,Forage
outcome_eta0.001,7,340,1,1,10.950000000000912,70.0,32.59999999999975,3.9672174151173314,0.001,Forage
outcome_eta0.001,7,350,1,1,10.450000000000905,75.0,30.599999999999753,3.9310899512384343,0.001,Forage
outcome_eta0.001,7,360,1,1,1.4000000000009045,80.0,28.59999999999976,3.7568950135288026,0.001,Forage
outcome_eta0.001,7,370,0,1,0.0,85.0,26.599999999999767,3.981583930763909,0.001,Forage
outcome_eta0.001,7,380,0,1,0.0,90.0,24.599999999999774,4.071583930763909,0.001,Forage
outcome_eta0.001,7,390,0,1,0.0,95.0,22.59999999999978,4.161583930763909,0.001,Forage
outcome_eta0.001,7,400,0,0,0.0,100.0,20.59999999999979,2.6635839307639047,0.001,Forage
outcome_eta0.001,8,1,1,1,99.0,0.5,49.8,0.2736997462034121,0.001,Care
outcome_eta0.001,8,10,1,1,97.20000000000005,5.0,50.0,0.5754907674204379,0.001,Care
outcome_eta0.001,8,20,1,1,96.2000000000001,10.0,50.0,0.6428197790539191,0.001,Care
outcome_eta0.001,8,30,1,1,95.20000000000016,15.0,50.0,0.7101493098849102,0.001,Care
outcome_eta0.001,8,40,1,1,94.20000000000022,20.0,50.0,0.7774788407288393,0.001,Care
outcome_eta0.001,8,50,1,1,93.20000000000027,25.0,50.0,0.8448083715727687,0.001,Care
outcome_eta0.001,8,60,1,1,92.20000000000033,30.0,50.0,0.912137902416698,0.001,Care
outcome_eta0.001,8,70,1,1,91.20000000000039,35.0,50.0,0.9794674332606275,0.001,Care
outcome_eta0.001,8,80,1,1,90.20000000000044,40.0,50.0,1.046796964104557,0.001,Care
outcome_eta0.001,8,90,1,1,89.2000000000005,45.0,50.0,1.1141264949484864,0.001,Care
outcome_eta0.001,8,100,1,1,88.20000000000056,50.0,50.0,1.1814560257924156,0.001,Care
outcome_eta0.001,8,110,1,1,87.20000000000061,55.0,50.0,1.2487855566363453,0.001,Care
outcome_eta0.001,8,120,1,1,86.20000000000067,60.0,50.0,1.3161150874802745,0.001,Care
outcome_eta0.001,8,130,1,1,85.20000000000073,65.0,50.0,1.3834446183242037,0.001,Care
outcome_eta0.001,8,140,1,1,84.20000000000078,70.0,50.0,1.4507741491681332,0.001,Care
outcome_eta0.001,8,150,1,1,83.20000000000084,75.0,50.0,1.5181036800120626,0.001,Care
outcome_eta0.001,8,160,1,1,82.2000000000009,80.0,50.0,1.5854332108559923,0.001,Care
outcome_eta0.001,8,170,1,1,81.20000000000095,85.0,50.0,1.6527627416999215,0.001,Care
outcome_eta0.001,8,180,1,1,80.20000000000101,90.0,50.0,1.7200922725438512,0.001,Care
outcome_eta0.001,8,190,1,1,79.20000000000107,95.0,50.0,1.7956225315834207,0.001,Care
outcome_eta0.001,8,200,1,0,77.30000000000112,100.0,49.8,1.791198995221278,0.001,Forage
outcome_eta0.001,8,210,1,0,79.10000000000113,100.0,49.8,1.764023516380838,0.001,Forage
outcome_eta0.001,8,220,1,0,75.00000000000114,100.0,49.8,1.8524349001224278,0.001,Forage
outcome_eta0.001,8,230,1,0,76.60000000000116,100.0,49.8,1.7915561924195451,0.001,Forage
outcome_eta0.001,8,240,1,0,76.10000000000119,100.0,49.8,1.6972695304447494,0.001,Forage
outcome_eta0.001,8,250,1,0,75.60000000000122,100.0,49.8,1.6027305947836208,0.001,Forage
outcome_eta0.001,8,260,1,0,66.55000000000122,100.0,49.8,1.7324454851561213,0.001,Forage
outcome_eta0.001,8,270,1,0,71.00000000000125,100.0,49.8,1.5976792777750377,0.001,Forage
outcome_eta0.001,8,280,1,0,70.50000000000128,100.0,49.8,1.600971208006519,0.001,Forage
outcome_eta0.001,8,290,1,0,70.00000000000131,100.0,49.8,1.6058941529449462,0.001,Forage
outcome_eta0.001,8,300,1,0,69.50000000000134,100.0,49.8,1.6097895098966024,0.001,Forage
outcome_eta0.001,8,310,1,0,60.45000000000134,100.0,49.8,1.7475116944604785,0.001,Forage
outcome_eta0.001,8,320,1,0,64.90000000000136,100.0,49.8,1.660433540109596,0.001,Forage
outcome_eta0.001,8,330,1,0,64.40000000000138,100.0,49.8,1.6648215659956587,0.001,Forage
outcome_eta0.001,8,340,1,0,63.90000000000141,100.0,49.8,1.6715357089168401,0.001,Forage
outcome_eta0.001,8,350,1,0,63.40000000000144,100.0,49.8,1.678008197823364,0.001,Forage
outcome_eta0.001,8,360,1,0,63.10000000000145,100.0,49.8,1.6830947377122354,0.001,Forage
outcome_eta0.001,8,370,1,0,62.60000000000148,100.0,49.8,1.68690508836975,0.001,Forage
outcome_eta0.001,8,380,1,0,62.10000000000151,100.0,49.8,1.6920493663561464,0.001,Forage
outcome_eta0.001,8,390,1,0,61.600000000001536,100.0,49.8,1.6974136674252644,0.001,Forage
outcome_eta0.001,8,400,1,0,61.100000000001565,100.0,49.8,1.702782176762601,0.001,Forage
outcome_eta0.001,8,410,1,0,61.75000000000158,100.0,49.8,1.6978619963884818,0.001,Forage
outcome_eta0.001,8,420,1,0,61.250000000001606,100.0,49.8,1.7013369271040526,0.001,Forage
outcome_eta0.001,8,430,1,0,60.750000000001634,100.0,49.8,1.7065433513093988,0.001,Forage
outcome_eta0.001,8,440,1,0,60.25000000000166,100.0,49.8,1.7119088410172503,0.001,Forage
outcome_eta0.001,8,450,1,0,59.75000000000169,100.0,49.8,1.7172773730890678,0.001,Forage
outcome_eta0.001,8,460,1,0,61.35000000000171,100.0,49.8,1.7021027581204042,0.001,Forage
outcome_eta0.001,8,470,1,0,60.850000000001735,100.0,49.8,1.7055139406147939,0.001,Forage
outcome_eta0.001,8,480,1,0,60.350000000001764,100.0,49.8,1.7108359701863645,0.001,Forage
outcome_eta0.001,8,490,1,0,59.85000000000179,100.0,49.8,1.7162036710185324,0.001,Forage
outcome_eta0.001,8,500,1,0,59.35000000000182,100.0,49.8,1.7215722453813862,0.001,Forage
outcome_eta0.001,8,510,1,0,61.90000000000184,100.0,49.8,1.6958347089549206,0.001,Forage
outcome_eta0.001,8,520,1,0,61.40000000000187,100.0,49.8,1.6995926464534068,0.001,Forage
outcome_eta0.001,8,530,1,0,60.900000000001896,100.0,49.8,1.7049302166176594,0.001,Forage
outcome_eta0.001,8,540,1,0,60.400000000001924,100.0,49.8,1.7102982146867418,0.001,Forage
outcome_eta0.001,8,550,1,0,59.90000000000195,100.0,49.8,1.715666794734693,0.001,Forage
outcome_eta0.001,8,560,1,0,59.60000000000196,100.0,49.8,1.720828342838411,0.001,Forage
outcome_eta0.001,8,570,1,0,59.10000000000199,100.0,49.8,1.7245288649626391,0.001,Forage
outcome_eta0.001,8,580,1,0,58.60000000000202,100.0,49.8,1.7296303407486162,0.001,Forage
outcome_eta0.001,8,590,1,0,58.10000000000205,100.0,49.8,1.734993823162085,0.001,Forage
outcome_eta0.001,8,600,1,0,57.600000000002076,100.0,49.8,1.7403623168414162,0.001,Forage
outcome_eta0.001,8,610,1,0,60.150000000002095,100.0,49.8,1.714750462417485,0.001,Forage
outcome_eta0.001,8,620,1,0,59.65000000000212,100.0,49.8,1.718385141440093,0.001,Forage
outcome_eta0.001,8,630,1,0,59.15000000000215,100.0,49.8,1.723720332888044,0.001,Forage
outcome_eta0.001,8,640,1,0,58.65000000000218,100.0,49.8,1.7290882854606444,0.001,Forage
outcome_eta0.001,8,650,1,0,58.15000000000221,100.0,49.8,1.7344568646384078,0.001,Forage
outcome_eta0.001,8,660,1,0,57.85000000000222,100.0,49.8,1.7396944273899853,0.001,Forage
outcome_eta0.001,8,670,1,0,57.35000000000225,100.0,49.8,1.7433407420005187,0.001,Forage
outcome_eta0.001,8,680,1,0,56.850000000002275,100.0,49.8,1.7484208277295146,0.001,Forage
outcome_eta0.001,8,690,1,0,56.350000000002304,100.0,49.8,1.7537839010263765,0.001,Forage
outcome_eta0.001,8,700,1,0,55.85000000000233,100.0,49.8,1.759152386880745,0.001,Forage
outcome_eta0.001,8,710,1,0,55.55000000000234,100.0,49.8,1.7644898528335276,0.001,Forage
outcome_eta0.001,8,720,1,0,55.05000000000237,100.0,49.8,1.7680649232508217,0.001,Forage
outcome_eta0.001,8,730,1,0,54.5500000000024,100.0,49.8,1.7731168963329926,0.001,Forage
outcome_eta0.001,8,740,1,0,54.05000000000243,100.0,49.8,1.7784794319337334,0.001,Forage
outcome_eta0.001,8,750,1,0,53.550000000002456,100.0,49.8,1.7838479075038651,0.001,Forage
outcome_eta0.001,8,760,1,0,56.100000000002474,100.0,49.8,1.7585269203759195,0.001,Forage
outcome_eta0.001,8,770,1,0,55.6000000000025,100.0,49.8,1.761876344122519,0.001,Forage
outcome_eta0.001,8,780,1,0,55.10000000000253,100.0,49.8,1.767206030542344,0.001,Forage
outcome_eta0.001,8,790,1,0,54.60000000000256,100.0,49.8,1.7725738778231062,0.001,Forage
outcome_eta0.001,8,800,1,0,54.10000000000259,100.0,49.8,1.7779424549870066,0.001,Forage
outcome_eta0.001,8,810,1,0,55.7000000000026,100.0,49.8,1.7632291535286606,0.001,Forage
outcome_eta0.001,8,820,1,0,55.20000000000263,100.0,49.8,1.7661906533038492,0.001,Forage
outcome_eta0.001,8,830,1,0,54.70000000000266,100.0,49.8,1.7715012754029096,0.001,Forage
outcome_eta0.001,8,840,1,0,54.20000000000269,100.0,49.8,1.7768687580502243,0.001,Forage
outcome_eta0.001,8,850,1,0,53.70000000000272,100.0,49.8,1.7822373282399686,0.001,Forage
outcome_eta0.001,8,860,1,0,56.250000000002736,100.0,49.8,1.7569055700505531,0.001,Forage
outcome_eta0.001,8,870,1,0,55.750000000002764,100.0,49.8,1.7602655588373968,0.001,Forage
outcome_eta0.001,8,880,1,0,55.25000000000279,100.0,49.8,1.7655954491477261,0.001,Forage
outcome_eta0.001,8,890,1,0,54.75000000000282,100.0,49.8,1.7709633003281966,0.001,Forage
outcome_eta0.001,8,900,1,0,54.25000000000285,100.0,49.8,1.7763318775666852,0.001,Forage
outcome_eta0.001,8,910,1,0,53.000000000002856,100.0,49.8,1.802779629028111,0.001,Forage
outcome_eta0.001,8,920,1,0,52.500000000002885,100.0,49.8,1.7963921448904974,0.001,Forage
outcome_eta0.001,8,930,1,0,52.00000000000291,100.0,49.8,1.8005148331832888,0.001,Forage
outcome_eta0.001,8,940,1,0,51.50000000000294,100.0,49.8,1.8058595946402847,0.001,Forage
outcome_eta0.001,8,950,1,0,51.00000000000297,100.0,49.8,1.8112277302535207,0.001,Forage
outcome_eta0.001,8,960,1,0,52.600000000002986,100.0,49.8,1.7967675299246484,0.001,Forage
outcome_eta0.001,8,970,1,0,52.100000000003014,100.0,49.8,1.7994823009768552,0.001,Forage
outcome_eta0.001,8,980,1,0,51.60000000000304,100.0,49.8,1.8047866641058494,0.001,Forage
outcome_eta0.001,8,990,1,0,51.10000000000307,100.0,49.8,1.810154027041066,0.001,Forage
outcome_eta0.001,8,1000,1,0,50.6000000000031,100.0,49.8,1.8155225949411389,0.001,Forage
outcome_eta0.001,9,1,1,1,99.0,0.5,49.8,0.17485709664384713,0.001,Care
outcome_eta0.001,9,10,1,1,96.30000000000004,5.0,50.0,0.6019342348180122,0.001,Care
outcome_eta0.001,9,20,1,1,95.3000000000001,10.0,50.0,0.726415832425833,0.001,Care
outcome_eta0.001,9,30,1,1,94.30000000000015,15.0,50.0,0.8883754631945002,0.001,Care
outcome_eta0.001,9,40,1,1,93.30000000000021,20.0,50.0,1.087408854589827,0.001,Care
outcome_eta0.001,9,50,1,1,92.30000000000027,25.0,50.0,1.3231212248163589,0.001,Care
outcome_eta0.001,9,60,1,1,91.30000000000032,30.0,50.0,1.5951227734147078,0.001,Care
outcome_eta0.001,9,70,1,1,90.30000000000038,35.0,50.0,1.7690880919767369,0.001,Care
outcome_eta0.001,9,80,1,1,89.30000000000044,40.0,50.0,1.8653659250428016,0.001,Care
outcome_eta0.001,9,90,1,1,88.3000000000005,45.0,50.0,1.949871429240386,0.001,Care
outcome_eta0.001,9,100,1,1,87.30000000000055,50.0,50.0,2.0325930202877003,0.001,Care
outcome_eta0.001,9,110,1,1,86.30000000000061,55.0,50.0,2.1150442870717994,0.001,Care
outcome_eta0.001,9,120,1,1,85.30000000000067,60.0,50.0,2.197454590422632,0.001,Care
outcome_eta0.001,9,130,1,1,84.30000000000072,65.0,50.0,2.2798586864029358,0.001,Care
outcome_eta0.001,9,140,1,1,83.30000000000078,70.0,50.0,2.3519999999999994,0.001,Care
outcome_eta0.001,9,150,1,1,82.30000000000084,75.0,50.0,2.4119999999999995,0.001,Care
outcome_eta0.001,9,160,1,1,81.30000000000089,80.0,50.0,2.4719999999999995,0.001,Care
outcome_eta0.001,9,170,1,1,80.30000000000095,85.0,50.0,2.532,0.001,Care
outcome_eta0.001,9,180,1,1,79.300000000001,90.0,50.0,2.59899999999999,0.001,Care
outcome_eta0.001,9,190,1,1,78.30000000000106,95.0,50.0,2.6689999999999894,0.001,Care
outcome_eta0.001,9,200,1,0,77.35000000000112,100.0,49.8,2.6566277966467693,0.001,Self
outcome_eta0.001,9,210,1,0,76.85000000000115,100.0,49.8,2.0386705814066852,0.001,Self
outcome_eta0.001,9,220,1,0,79.40000000000117,100.0,49.8,1.8661183740164577,0.001,Self
outcome_eta0.001,9,230,1,0,78.15000000000119,100.0,49.8,1.8798752355669923,0.001,Forage
outcome_eta0.001,9,240,1,0,76.9000000000012,100.0,49.8,1.8720513917404498,0.001,Forage
outcome_eta0.001,9,250,1,0,76.60000000000122,100.0,49.8,1.83070079009809,0.001,Forage
outcome_eta0.001,9,260,1,0,78.20000000000124,100.0,49.8,1.8031028563423612,0.001,Self
outcome_eta0.001,9,270,1,0,77.70000000000127,100.0,49.8,1.8228020629493997,0.001,Forage
outcome_eta0.001,9,280,1,0,77.2000000000013,100.0,49.8,1.8350941452675755,0.001,Forage
outcome_eta0.001,9,290,1,0,76.70000000000132,100.0,49.8,1.8480983998821947,0.001,Forage
outcome_eta0.001,9,300,1,0,76.20000000000135,100.0,49.8,1.8626716073303702,0.001,Forage
outcome_eta0.001,9,310,1,0,78.75000000000138,100.0,49.8,1.8445657371596482,0.001,Self
outcome_eta0.001,9,320,1,0,78.2500000000014,100.0,49.8,1.8686979801734551,0.001,Forage
outcome_eta0.001,9,330,1,0,77.75000000000144,100.0,49.8,1.881223449188926,0.001,Forage
outcome_eta0.001,9,340,1,0,77.25000000000146,100.0,49.8,1.8930178284061892,0.001,Forage
outcome_eta0.001,9,350,1,0,76.75000000000149,100.0,49.8,1.906165393375627,0.001,Forage
outcome_eta0.001,9,360,1,0,77.40000000000151,100.0,49.8,1.9024229221351945,0.001,Forage
outcome_eta0.001,9,370,1,0,76.90000000000154,100.0,49.8,1.9032826256328415,0.001,Forage
outcome_eta0.001,9,380,1,0,76.40000000000157,100.0,49.8,1.9153924444177075,0.001,Forage
outcome_eta0.001,9,390,1,0,75.9000000000016,100.0,49.8,1.9308986290152204,0.001,Forage
outcome_eta0.001,9,400,1,0,75.40000000000163,100.0,49.8,1.9484514224141964,0.001,Forage
outcome_eta0.001,9,410,1,0,74.15000000000164,100.0,49.8,1.989099410480697,0.001,Forage
outcome_eta0.001,9,420,1,0,73.65000000000167,100.0,49.8,1.9438669660113441,0.001,Forage
outcome_eta0.001,9,430,1,0,73.1500000000017,100.0,49.8,1.94830321008253,0.001,Forage
outcome_eta0.001,9,440,1,0,72.65000000000173,100.0,49.8,1.9723559505300163,0.001,Forage
outcome_eta0.001,9,450,1,0,72.15000000000175,100.0,49.8,2.0011742173787654,0.001,Forage
outcome_eta0.001,9,460,1,0,74.70000000000178,100.0,49.8,1.9859256887402412,0.001,Forage
outcome_eta0.001,9,470,1,0,74.20000000000181,100.0,49.8,1.9923346018581343,0.001,Forage
outcome_eta0.001,9,480,1,0,73.70000000000184,100.0,49.8,2.0132987397409186,0.001,Forage
outcome_eta0.001,9,490,1,0,73.20000000000186,100.0,49.8,2.038181864684532,0.001,Forage
outcome_eta0.001,9,500,1,0,72.70000000000189,100.0,49.8,2.065159022129555,0.001,Forage
outcome_eta0.001,9,510,1,0,76.20000000000192,100.0,49.8,2.04423195332998,0.001,Forage
outcome_eta0.001,9,520,1,0,75.70000000000195,100.0,49.8,2.064258486599261,0.001,Forage
outcome_eta0.001,9,530,1,0,75.20000000000198,100.0,49.8,2.0830307476052434,0.001,Forage
outcome_eta0.001,9,540,1,0,74.700000000002,100.0,49.8,2.1030260738469546,0.001,Forage
outcome_eta0.001,9,550,1,0,74.20000000000203,100.0,49.8,2.124713260287675,0.001,Forage
outcome_eta0.001,9,560,1,0,77.70000000000206,100.0,49.8,2.1091621944522303,0.001,Forage
outcome_eta0.001,9,570,1,0,77.20000000000209,100.0,49.8,2.147381340843488,0.001,Forage
outcome_eta0.001,9,580,1,0,76.70000000000212,100.0,49.8,2.1675185888619177,0.001,Forage
outcome_eta0.001,9,590,1,0,76.20000000000215,100.0,49.8,2.184221912708792,0.001,Forage
outcome_eta0.001,9,600,1,0,75.70000000000218,100.0,49.8,2.2014728777510024,0.001,Forage
outcome_eta0.001,9,610,1,0,76.3500000000022,100.0,49.8,2.1960420653763233,0.001,Forage
outcome_eta0.001,9,620,1,0,75.85000000000223,100.0,49.8,2.188828194221885,0.001,Forage
outcome_eta0.001,9,630,1,0,75.35000000000225,100.0,49.8,2.20095886084233,0.001,Forage
outcome_eta0.001,9,640,1,0,74.85000000000228,100.0,49.8,2.2192607695285673,0.001,Forage
outcome_eta0.001,9,650,1,0,74.35000000000231,100.0,49.8,2.2405265197702127,0.001,Forage
outcome_eta0.001,9,660,1,0,74.05000000000233,100.0,49.8,2.261171576664497,0.001,Forage
outcome_eta0.001,9,670,1,0,73.55000000000236,100.0,49.8,2.2203970015613264,0.001,Forage
outcome_eta0.001,9,680,1,0,73.05000000000238,100.0,49.8,2.226483321717555,0.001,Forage
outcome_eta0.001,9,690,1,0,72.55000000000241,100.0,49.8,2.2503369900070354,0.001,Forage
outcome_eta0.001,9,700,1,0,72.05000000000244,100.0,49.8,2.2799336099570624,0.001,Forage
outcome_eta0.001,9,710,1,0,74.60000000000247,100.0,49.8,2.2601924375831732,0.001,Forage
outcome_eta0.001,9,720,1,0,74.1000000000025,100.0,49.8,2.256108972746533,0.001,Forage
outcome_eta0.001,9,730,1,0,73.60000000000252,100.0,49.8,2.274138195834497,0.001,Forage
outcome_eta0.001,9,740,1,0,73.10000000000255,100.0,49.8,2.2989836366193876,0.001,Forage
outcome_eta0.001,9,750,1,0,72.60000000000258,100.0,49.8,2.3269223590429617,0.001,Forage
outcome_eta0.001,9,760,1,0,70.40000000000259,100.0,49.8,2.402579889387636,0.001,Forage
outcome_eta0.001,9,770,1,0,69.90000000000262,100.0,49.8,2.3217820009604924,0.001,Forage
outcome_eta0.001,9,780,1,0,69.40000000000265,100.0,49.8,2.308718318981737,0.001,Forage
outcome_eta0.001,9,790,1,0,68.90000000000268,100.0,49.8,2.3389050877164497,0.001,Forage
outcome_eta0.001,9,800,1,0,68.4000000000027,100.0,49.8,2.3809657130481328,0.001,Forage
outcome_eta0.001,9,810,1,0,68.10000000000271,100.0,49.8,2.4080473589065923,0.001,Forage
outcome_eta0.001,9,820,1,0,67.60000000000274,100.0,49.8,2.375366827471275,0.001,Forage
outcome_eta0.001,9,830,1,0,67.10000000000277,100.0,49.8,2.4009089976493163,0.001,Forage
outcome_eta0.001,9,840,1,0,66.6000000000028,100.0,49.8,2.4267305474192025,0.001,Forage
outcome_eta0.001,9,850,1,0,66.10000000000282,100.0,49.8,2.436797865082085,0.001,Forage
outcome_eta0.001,9,860,1,0,69.60000000000285,100.0,49.8,2.3971843891393982,0.001,Forage
outcome_eta0.001,9,870,1,0,69.10000000000288,100.0,49.8,2.4068364690890958,0.001,Forage
outcome_eta0.001,9,880,1,0,68.60000000000291,100.0,49.8,2.4130380023819367,0.001,Forage
outcome_eta0.001,9,890,1,0,68.10000000000294,100.0,49.8,2.41832983338715,0.001,Forage
outcome_eta0.001,9,900,1,0,67.60000000000296,100.0,49.8,2.423400713932958,0.001,Forage
outcome_eta0.001,9,910,1,0,68.25000000000298,100.0,49.8,2.4115523882245173,0.001,Forage
outcome_eta0.001,9,920,1,0,67.75000000000301,100.0,49.8,2.374995326769911,0.001,Forage
outcome_eta0.001,9,930,1,0,67.25000000000304,100.0,49.8,2.401874540733883,0.001,Forage
outcome_eta0.001,9,940,1,0,66.75000000000307,100.0,49.8,2.4258395184722974,0.001,Forage
outcome_eta0.001,9,950,1,0,66.2500000000031,100.0,49.8,2.4354457732887296,0.001,Forage
outcome_eta0.001,9,960,1,0,64.0500000000031,100.0,49.8,2.4845645504223794,0.001,Forage
outcome_eta0.001,9,970,1,0,63.55000000000312,100.0,49.8,2.408655391922651,0.001,Forage
outcome_eta0.001,9,980,1,0,63.05000000000315,100.0,49.8,2.4179333855724905,0.001,Forage
outcome_eta0.001,9,990,1,0,62.55000000000318,100.0,49.8,2.4595153952195807,0.001,Forage
outcome_eta0.001,9,1000,1,0,62.05000000000321,100.0,49.8,2.475423992227118,0.001,Forage
outcome_eta0.001,10,1,1,1,99.0,0.5,49.8,0.31672670078265946,0.001,Care
outcome_eta0.001,10,10,1,1,97.20000000000005,5.0,50.0,0.5802852037168714,0.001,Care
outcome_eta0.001,10,20,1,1,96.2000000000001,10.0,50.0,0.6607931944818561,0.001,Care
outcome_eta0.001,10,30,1,1,95.20000000000016,15.0,50.0,0.7440432601841768,0.001,Care
outcome_eta0.001,10,40,1,1,94.20000000000022,20.0,50.0,0.8281736320384039,0.001,Care
outcome_eta0.001,10,50,1,1,93.20000000000027,25.0,50.0,0.9125866143175749,0.001,Care
outcome_eta0.001,10,60,1,1,92.20000000000033,30.0,50.0,0.9970903248645355,0.001,Care
outcome_eta0.001,10,70,1,1,91.20000000000039,35.0,50.0,1.0816231624989971,0.001,Care
outcome_eta0.001,10,80,1,1,90.20000000000044,40.0,50.0,1.1661653509923147,0.001,Care
outcome_eta0.001,10,90,1,1,89.2000000000005,45.0,50.0,1.2478729354034461,0.001,Care
outcome_eta0.001,10,100,1,1,88.20000000000056,50.0,50.0,1.312558336825019,0.001,Care
outcome_eta0.001,10,110,1,1,87.20000000000061,55.0,50.0,1.3772183533616253,0.001,Care
outcome_eta0.001,10,120,1,1,86.20000000000067,60.0,50.0,1.4418783698981064,0.001,Care
outcome_eta0.001,10,130,1,1,85.20000000000073,65.0,50.0,1.5065383864345878,0.001,Care
outcome_eta0.001,10,140,1,1,84.20000000000078,70.0,50.0,1.5711984029710693,0.001,Care
outcome_eta0.001,10,150,1,1,83.20000000000084,75.0,50.0,1.6358584195075505,0.001,Care
outcome_eta0.001,10,160,1,1,82.2000000000009,80.0,50.0,1.7005184360440322,0.001,Care
outcome_eta0.001,10,170,1,1,81.20000000000095,85.0,50.0,1.7651784525805136,0.001,Care
outcome_eta0.001,10,180,1,1,80.20000000000101,90.0,50.0,1.829838469116995,0.001,Care
outcome_eta0.001,10,190,1,1,79.20000000000107,95.0,50.0,1.902498485653466,0.001,Care
outcome_eta0.001,10,200,1,0,78.25000000000112,100.0,49.8,1.8660978405526798,0.001,Self
outcome_eta0.001,10,210,1,0,79.85000000000115,100.0,49.8,1.5557226221580174,0.001,Self
outcome_eta0.001,10,220,1,0,82.60000000000116,100.0,49.8,1.5292706909003317,0.001,Forage
outcome_eta0.001,10,230,1,0,87.05000000000119,100.0,49.8,1.5029408657636543,0.001,Forage
outcome_eta0.001,10,240,1,0,86.55000000000122,100.0,49.8,1.5008435287455582,0.001,Forage
outcome_eta0.001,10,250,1,0,86.05000000000125,100.0,49.8,1.5002419494121408,0.001,Forage
outcome_eta0.001,10,260,1,0,86.70000000000127,100.0,49.8,1.5000883537456047,0.001,Forage
outcome_eta0.001,10,270,1,0,86.2000000000013,100.0,49.8,1.5000317379571741,0.001,Forage
outcome_eta0.001,10,280,1,0,85.70000000000132,100.0,49.8,1.500011389850853,0.001,Forage
outcome_eta0.001,10,290,1,0,85.20000000000135,100.0,49.8,1.5000040874937772,0.001,Forage
outcome_eta0.001,10,300,1,0,84.70000000000138,100.0,49.8,1.500001466885352,0.001,Forage
outcome_eta0.001,10,310,1,0,84.4000000000014,100.0,49.8,1.5000172985132956,0.001,Forage
outcome_eta0.001,10,320,1,0,83.90000000000143,100.0,49.8,1.5000065528205289,0.001,Forage
outcome_eta0.001,10,330,1,0,83.40000000000146,100.0,49.8,1.5000024498584397,0.001,Forage
outcome_eta0.001,10,340,1,0,82.90000000000148,100.0,49.8,1.5000009159119112,0.001,Forage
outcome_eta0.001,10,350,1,0,82.40000000000151,100.0,49.8,1.5000003424257562,0.001,Forage
outcome_eta0.001,10,360,1,0,80.20000000000152,100.0,49.8,1.5266793121689821,0.001,Forage
outcome_eta0.001,10,370,1,0,79.70000000000155,100.0,49.8,1.5033260530647263,0.001,Forage
outcome_eta0.001,10,380,1,0,79.20000000000158,100.0,49.8,1.5084243456333708,0.001,Forage
outcome_eta0.001,10,390,1,0,78.70000000000161,100.0,49.8,1.513786824717127,0.001,Forage
outcome_eta0.001,10,400,1,0,78.20000000000164,100.0,49.8,1.5194047462544895,0.001,Forage
outcome_eta0.001,10,410,1,0,78.85000000000166,100.0,49.8,1.5141639943038223,0.001,Forage
outcome_eta0.001,10,420,1,0,78.35000000000169,100.0,49.8,1.519027223949405,0.001,Forage
outcome_eta0.001,10,430,1,0,77.85000000000171,100.0,49.8,1.5244033142842672,0.001,Forage
outcome_eta0.001,10,440,1,0,77.35000000000174,100.0,49.8,1.5300125196501413,0.001,Forage
outcome_eta0.001,10,450,1,0,76.85000000000177,100.0,49.8,1.5357559557274643,0.001,Forage
outcome_eta0.001,10,460,1,0,77.50000000000179,100.0,49.8,1.5304156995570826,0.001,Forage
outcome_eta0.001,10,470,1,0,77.00000000000182,100.0,49.8,1.5351381171623233,0.001,Forage
outcome_eta0.001,10,480,1,0,76.50000000000185,100.0,49.8,1.5404668495441554,0.001,Forage
outcome_eta0.001,10,490,1,0,76.00000000000188,100.0,49.8,1.546048785574825,0.001,Forage
outcome_eta0.001,10,500,1,0,75.5000000000019,100.0,49.8,1.5517765196089586,0.001,Forage
outcome_eta0.001,10,510,1,0,75.20000000000192,100.0,49.8,1.556701797690423,0.001,Forage
outcome_eta0.001,10,520,1,0,74.70000000000195,100.0,49.8,1.5618269516762906,0.001,Forage
outcome_eta0.001,10,530,1,0,74.20000000000198,100.0,49.8,1.5673971080465798,0.001,Forage
outcome_eta0.001,10,540,1,0,73.700000000002,100.0,49.8,1.573118059197158,0.001,Forage
outcome_eta0.001,10,550,1,0,73.20000000000203,100.0,49.8,1.5789258399724542,0.001,Forage
outcome_eta0.001,10,560,1,0,74.80000000000206,100.0,49.8,1.5631934939252297,0.001,Forage
outcome_eta0.001,10,570,1,0,74.30000000000209,100.0,49.8,1.567661182405506,0.001,Forage
outcome_eta0.001,10,580,1,0,73.80000000000211,100.0,49.8,1.572767400382776,0.001,Forage
outcome_eta0.001,10,590,1,0,73.30000000000214,100.0,49.8,1.578221209681873,0.001,Forage
outcome_eta0.001,10,600,1,0,72.80000000000217,100.0,49.8,1.5838751666525837,0.001,Forage
outcome_eta0.001,10,610,1,0,73.45000000000219,100.0,49.8,1.5784158391438132,0.001,Forage
outcome_eta0.001,10,620,1,0,72.95000000000222,100.0,49.8,1.5830572549404849,0.001,Forage
outcome_eta0.001,10,630,1,0,72.45000000000225,100.0,49.8,1.5884193324592921,0.001,Forage
outcome_eta0.001,10,640,1,0,71.95000000000228,100.0,49.8,1.5940204690600543,0.001,Forage
outcome_eta0.001,10,650,1,0,71.4500000000023,100.0,49.8,1.5997592590359107,0.001,Forage
outcome_eta0.001,10,660,1,0,68.30000000000231,100.0,49.8,1.675415534704484,0.001,Forage
outcome_eta0.001,10,670,1,0,67.80000000000234,100.0,49.8,1.6413596338066438,0.001,Forage
outcome_eta0.001,10,680,1,0,67.30000000000237,100.0,49.8,1.6478799629931207,0.001,Forage
outcome_eta0.001,10,690,1,0,66.8000000000024,100.0,49.8,1.65414857534047,0.001,Forage
outcome_eta0.001,10,700,1,0,66.30000000000243,100.0,49.8,1.660271706662467,0.001,Forage
outcome_eta0.001,10,710,1,0,63.15000000000243,100.0,49.8,1.7361492911517855,0.001,Forage
outcome_eta0.001,10,720,1,0,62.65000000000246,100.0,49.8,1.701815780814745,0.001,Forage
outcome_eta0.001,10,730,1,0,62.150000000002485,100.0,49.8,1.7085662162816113,0.001,Forage
outcome_eta0.001,10,740,1,0,61.650000000002514,100.0,49.8,1.7149824113822978,0.001,Forage
outcome_eta0.001,10,750,1,0,61.15000000000254,100.0,49.8,1.7211905228018862,0.001,Forage
outcome_eta0.001,10,760,1,0,59.90000000000255,100.0,49.8,1.7475430776968737,0.001,Forage
outcome_eta0.001,10,770,1,0,59.40000000000258,100.0,49.8,1.7415876008395355,0.001,Forage
outcome_eta0.001,10,780,1,0,58.900000000002606,100.0,49.8,1.7478212546415404,0.001,Forage
outcome_eta0.001,10,790,1,0,58.400000000002635,100.0,49.8,1.753924260948784,0.001,Forage
outcome_eta0.001,10,800,1,0,57.90000000000266,100.0,49.8,1.7599520341267456,0.001,Forage
outcome_eta0.001,10,810,1,0,56.65000000000267,100.0,49.8,1.7861926498765608,0.001,Forage
outcome_eta0.001,10,820,1,0,56.1500000000027,100.0,49.8,1.7799912849012092,0.001,Forage
outcome_eta0.001,10,830,1,0,55.65000000000273,100.0,49.8,1.786272881822498,0.001,Forage
outcome_eta0.001,10,840,1,0,55.150000000002755,100.0,49.8,1.7924034957526973,0.001,Forage
outcome_eta0.001,10,850,1,0,54.650000000002784,100.0,49.8,1.7984471657644014,0.001,Forage
outcome_eta0.001,10,860,1,0,51.500000000002785,100.0,49.8,1.8742789953822954,0.001,Forage
outcome_eta0.001,10,870,1,0,51.000000000002814,100.0,49.8,1.83887547394979,0.001,Forage
outcome_eta0.001,10,880,1,0,50.50000000000284,100.0,49.8,1.8460134598618905,0.001,Forage
outcome_eta0.001,10,890,1,0,50.00000000000287,100.0,49.8,1.852692799502365,0.001,Forage
outcome_eta0.001,10,900,1,0,49.5000000000029,100.0,49.8,1.859052433021699,0.001,Forage
outcome_eta0.001,10,910,1,0,48.250000000002906,100.0,49.8,1.8854693282990962,0.001,Forage
outcome_eta0.001,10,920,1,0,47.750000000002935,100.0,49.8,1.878975614838993,0.001,Forage
outcome_eta0.001,10,930,1,0,47.25000000000296,100.0,49.8,1.8854975334932502,0.001,Forage
outcome_eta0.001,10,940,1,0,46.75000000000299,100.0,49.8,1.8917665306016045,0.001,Forage
outcome_eta0.001,10,950,1,0,46.25000000000302,100.0,49.8,1.8978898834740674,0.001,Forage
outcome_eta0.001,10,960,1,0,45.00000000000303,100.0,49.8,1.9241621981668888,0.001,Forage
outcome_eta0.001,10,970,1,0,44.500000000003055,100.0,49.8,1.9173985376645515,0.001,Forage
outcome_eta0.001,10,980,1,0,44.000000000003084,100.0,49.8,1.9239602385581795,0.001,Forage
outcome_eta0.001,10,990,1,0,43.50000000000311,100.0,49.8,1.9302521441973464,0.001,Forage
outcome_eta0.001,10,1000,1,0,43.00000000000314,100.0,49.8,1.9363886881042638,0.001,Forage
outcome_eta0.001,11,1,1,1,99.95,0.5,49.8,0.25164528727079916,0.001,Forage
outcome_eta0.001,11,10,1,1,99.50000000000003,5.0,47.99999999999997,0.3730179942713252,0.001,Forage
outcome_eta0.001,11,20,1,1,99.00000000000006,10.0,45.99999999999994,0.5386447996557231,0.001,Forage
outcome_eta0.001,11,30,1,1,98.50000000000009,15.0,43.999999999999915,0.7308433275500297,0.001,Forage
outcome_eta0.001,11,40,1,1,98.00000000000011,20.0,41.999999999999886,0.9495170282508406,0.001,Forage
outcome_eta0.001,11,50,1,1,97.50000000000014,25.0,39.99999999999986,1.1946650723592467,0.001,Forage
outcome_eta0.001,11,60,1,1,89.35000000000015,30.0,37.99999999999983,1.5210638378164805,0.001,Forage
outcome_eta0.001,11,70,1,1,87.5500000000002,15.0,41.9999999999998,0.9844153838908756,0.001,Care
outcome_eta0.001,11,80,1,1,86.55000000000025,20.0,49.99999999999977,0.837886966715594,0.001,Care
outcome_eta0.001,11,90,1,1,85.55000000000031,25.0,50.0,0.8952786228210834,0.001,Care
outcome_eta0.001,11,100,1,1,84.55000000000037,30.0,50.0,0.9737807916535057,0.001,Care
outcome_eta0.001,11,110,1,1,83.55000000000042,35.0,50.0,1.0527417825490013,0.001,Care
outcome_eta0.001,11,120,1,1,82.55000000000048,40.0,50.0,1.131709478476713,0.001,Care
outcome_eta0.001,11,130,1,1,81.55000000000054,45.0,50.0,1.2106772606084,0.001,Care
outcome_eta0.001,11,140,1,1,80.5500000000006,50.0,50.0,1.289645043785202,0.001,Care
outcome_eta0.001,11,150,1,1,79.55000000000065,55.0,50.0,1.3734844507486317,0.001,Care
outcome_eta0.001,11,160,1,1,78.55000000000071,60.0,50.0,1.466963075768378,0.001,Care
outcome_eta0.001,11,170,1,1,77.55000000000076,65.0,50.0,1.5612148043568443,0.001,Care
outcome_eta0.001,11,180,1,1,72.9500000000008,70.0,48.999999999999986,1.885038311705261,0.001,Forage
outcome_eta0.001,11,190,1,1,68.35000000000083,55.0,50.0,1.6403639465598097,0.001,Care
outcome_eta0.001,11,200,1,1,67.35000000000089,60.0,50.0,1.7228392479640662,0.001,Care
outcome_eta0.001,11,210,1,1,65.45000000000094,65.0,49.8,1.8347069962926579,0.001,Forage
outcome_eta0.001,11,220,1,1,56.35000000000094,70.0,47.79999999999997,3.021481581016441,0.001,Forage
outcome_eta0.001,11,230,1,1,55.350000000000925,55.0,50.0,2.007973619325311,0.001,Care
outcome_eta0.001,11,240,1,1,54.35000000000091,60.0,50.0,2.1054657142328246,0.001,Care
outcome_eta0.001,11,250,1,1,46.15000000000091,65.0,48.199999999999974,2.980012551099541,0.001,Forage
outcome_eta0.001,11,260,1,1,37.950000000000905,50.0,47.199999999999946,2.613638830271939,0.001,Forage
outcome_eta0.001,11,270,1,1,29.750000000000902,35.0,45.19999999999992,2.6482157388431222,0.001,Forage
outcome_eta0.001,11,280,1,1,29.250000000000895,40.0,43.19999999999989,2.469895011386153,0.001,Forage
outcome_eta0.001,11,290,1,1,28.750000000000888,45.0,41.19999999999986,2.3895627160716724,0.001,Forage
outcome_eta0.001,11,300,1,1,28.25000000000088,50.0,39.19999999999983,2.35242186654597,0.001,Forage
outcome_eta0.001,11,310,1,1,31.750000000000878,55.0,37.199999999999804,3.1768168113467308,0.001,Forage
outcome_eta0.001,11,320,1,1,31.25000000000087,60.0,35.199999999999775,3.265452506173535,0.001,Forage
outcome_eta0.001,11,330,1,1,30.750000000000863,65.0,33.19999999999975,3.4399039462958556,0.001,Forage
outcome_eta0.001,11,340,1,1,30.250000000000856,70.0,31.199999999999736,3.6356350604027408,0.001,Forage
outcome_eta0.001,11,350,1,1,29.75000000000085,75.0,29.199999999999743,3.8633844657977146,0.001,Forage
outcome_eta0.001,11,360,1,1,21.600000000000847,80.0,27.19999999999975,3.8795682021654203,0.001,Forage
outcome_eta0.001,11,370,1,1,18.20000000000084,65.0,25.199999999999758,3.2321003086802134,0.001,Forage
outcome_eta0.001,11,380,1,1,17.700000000000834,70.0,23.199999999999765,3.3414805102719836,0.001,Forage
outcome_eta0.001,11,390,1,1,17.200000000000827,75.0,21.199999999999772,3.453999999999996,0.001,Forage
outcome_eta0.001,11,400,1,1,16.70000000000082,80.0,19.19999999999978,3.5489999999999964,0.001,Forage
outcome_eta0.001,11,410,1,1,8.55000000000082,85.0,17.199999999999786,4.6686067811865435,0.001,Forage
outcome_eta0.001,11,420,1,1,2.30000000000082,70.0,15.199999999999793,3.7149999999999954,0.001,Forage
outcome_eta0.001,11,430,1,1,1.800000000000821,75.0,13.1999999999998,3.767999999999996,0.001,Forage
outcome_eta0.001,11,440,1,1,1.3000000000008205,80.0,11.199999999999807,3.8629999999999955,0.001,Forage
outcome_eta0.001,11,450,1,1,0.80000000000082,85.0,9.199999999999815,3.9579999999999957,0.001,Forage
outcome_eta0.001,11,460,0,1,0.0,90.0,7.199999999999817,4.0610000000000035,0.001,Forage
outcome_eta0.001,11,470,0,1,0.0,95.0,5.199999999999815,4.151000000000003,0.001,Forage
outcome_eta0.001,11,480,0,0,0.0,100.0,3.1999999999998137,2.3049999999999997,0.001,Forage
outcome_eta0.001,12,1,1,1,99.0,0.5,49.8,0.056705942431875996,0.001,Care
outcome_eta0.001,12,10,1,1,94.50000000000003,5.0,50.0,0.6370854777561019,0.001,Care
outcome_eta0.001,12,20,1,1,93.50000000000009,10.0,50.0,0.8452496820158467,0.001,Care
outcome_eta0.001,12,30,1,1,92.50000000000014,15.0,50.0,1.1508711662169033,0.001,Care
outcome_eta0.001,12,40,1,1,91.5000000000002,20.0,50.0,1.5548059302389219,0.001,Care
outcome_eta0.001,12,50,1,1,90.50000000000026,25.0,50.0,1.8199999999999998,0.001,Care
outcome_eta0.001,12,60,1,1,89.50000000000031,30.0,50.0,1.88,0.001,Care
outcome_eta0.001,12,70,1,1,88.50000000000037,35.0,50.0,1.94,0.001,Care
outcome_eta0.001,12,80,1,1,87.50000000000043,40.0,50.0,2.0,0.001,Care
outcome_eta0.001,12,90,1,1,86.50000000000048,45.0,50.0,2.06,0.001,Care
outcome_eta0.001,12,100,1,1,85.50000000000054,50.0,50.0,2.1199999999999997,0.001,Care
outcome_eta0.001,12,110,1,1,84.5000000000006,55.0,50.0,2.1799999999999997,0.001,Care
outcome_eta0.001,12,120,1,1,83.50000000000065,60.0,50.0,2.2399999999999998,0.001,Care
outcome_eta0.001,12,130,1,1,82.50000000000071,65.0,50.0,2.3,0.001,Care
outcome_eta0.001,12,140,1,1,81.50000000000077,70.0,50.0,2.3599999999999994,0.001,Care
outcome_eta0.001,12,150,1,1,80.50000000000082,75.0,50.0,2.42,0.001,Care
outcome_eta0.001,12,160,1,1,79.50000000000088,80.0,50.0,2.4849999999999914,0.001,Care
outcome_eta0.001,12,170,1,1,78.50000000000094,85.0,50.0,2.5549999999999904,0.001,Care
outcome_eta0.001,12,180,1,1,77.500000000001,90.0,50.0,2.6249999999999902,0.001,Care
outcome_eta0.001,12,190,1,1,76.50000000000105,95.0,50.0,2.6949999999999896,0.001,Care
outcome_eta0.001,12,200,1,0,75.5500000000011,100.0,49.8,2.7334999999999896,0.001,Self
outcome_eta0.001,12,210,1,0,75.05000000000113,100.0,49.8,2.3715381696419455,0.001,Self
outcome_eta0.001,12,220,1,0,74.55000000000116,100.0,49.8,2.319558116421685,0.001,Self
outcome_eta0.001,12,230,1,0,74.05000000000119,100.0,49.8,2.3632265022638355,0.001,Self
outcome_eta0.001,12,240,1,0,73.55000000000122,100.0,49.8,2.4656190193611303,0.001,Self
outcome_eta0.001,12,250,1,0,73.05000000000125,100.0,49.8,2.5694999999999872,0.001,Self
outcome_eta0.001,12,260,1,0,72.55000000000128,100.0,49.8,2.574499999999987,0.001,Self
outcome_eta0.001,12,270,1,0,72.0500000000013,100.0,49.8,2.579499999999987,0.001,Self
outcome_eta0.001,12,280,1,0,71.55000000000133,100.0,49.8,2.584499999999987,0.001,Self
outcome_eta0.001,12,290,1,0,71.05000000000136,100.0,49.8,2.5894999999999864,0.001,Self
outcome_eta0.001,12,300,1,0,70.55000000000139,100.0,49.8,2.594499999999986,0.001,Self
outcome_eta0.001,12,310,1,0,70.05000000000142,100.0,49.8,2.5994999999999857,0.001,Self
outcome_eta0.001,12,320,1,0,69.55000000000145,100.0,49.8,2.6044999999999856,0.001,Self
outcome_eta0.001,12,330,1,0,69.05000000000148,100.0,49.8,2.6094999999999855,0.001,Self
outcome_eta0.001,12,340,1,0,68.5500000000015,100.0,49.8,2.614499999999985,0.001,Self
outcome_eta0.001,12,350,1,0,68.05000000000153,100.0,49.8,2.6194999999999844,0.001,Self
outcome_eta0.001,12,360,1,0,67.55000000000156,100.0,49.8,2.6244999999999843,0.001,Self
outcome_eta0.001,12,370,1,0,67.05000000000159,100.0,49.8,2.629499999999984,0.001,Self
outcome_eta0.001,12,380,1,0,66.55000000000162,100.0,49.8,2.634499999999984,0.001,Self
outcome_eta0.001,12,390,1,0,66.05000000000165,100.0,49.8,2.6394999999999835,0.001,Self
outcome_eta0.001,12,400,1,0,65.55000000000167,100.0,49.8,2.644499999999983,0.001,Self
outcome_eta0.001,12,410,1,0,65.0500000000017,100.0,49.8,2.649499999999983,0.001,Self
outcome_eta0.001,12,420,1,0,64.55000000000173,100.0,49.8,2.6544999999999828,0.001,Self
outcome_eta0.001,12,430,1,0,64.05000000000176,100.0,49.8,2.6594999999999827,0.001,Self
outcome_eta0.001,12,440,1,0,63.55000000000179,100.0,49.8,2.664499999999982,0.001,Self
outcome_eta0.001,12,450,1,0,63.050000000001816,100.0,49.8,2.6694999999999816,0.001,Self
outcome_eta0.001,12,460,1,0,62.550000000001845,100.0,49.8,2.6744999999999814,0.001,Self
outcome_eta0.001,12,470,1,0,62.05000000000187,100.0,49.8,2.6794999999999813,0.001,Self
outcome_eta0.001,12,480,1,0,61.5500000000019,100.0,49.8,2.6844999999999812,0.001,Self
outcome_eta0.001,12,490,1,0,61.05000000000193,100.0,49.8,2.6894999999999807,0.001,Self
outcome_eta0.001,12,500,1,0,60.55000000000196,100.0,49.8,2.69449999999998,0.001,Self
outcome_eta0.001,12,510,1,0,60.05000000000199,100.0,49.8,2.69949999999998,0.001,Self
outcome_eta0.001,12,520,1,0,59.550000000002015,100.0,49.8,2.70449999999998,0.001,Self
outcome_eta0.001,12,530,1,0,59.05000000000204,100.0,49.8,2.70949999999998,0.001,Self
outcome_eta0.001,12,540,1,0,58.55000000000207,100.0,49.8,2.7144999999999793,0.001,Self
outcome_eta0.001,12,550,1,0,58.0500000000021,100.0,49.8,2.7194999999999787,0.001,Self
outcome_eta0.001,12,560,1,0,57.55000000000213,100.0,49.8,2.7244999999999786,0.001,Self
outcome_eta0.001,12,570,1,0,57.05000000000216,100.0,49.8,2.7294999999999785,0.001,Self
outcome_eta0.001,12,580,1,0,56.550000000002186,100.0,49.8,2.7344999999999784,0.001,Self
outcome_eta0.001,12,590,1,0,56.050000000002214,100.0,49.8,2.739499999999978,0.001,Self
outcome_eta0.001,12,600,1,0,55.55000000000224,100.0,49.8,2.7444999999999773,0.001,Self
outcome_eta0.001,12,610,1,0,55.05000000000227,100.0,49.8,2.749499999999977,0.001,Self
outcome_eta0.001,12,620,1,0,58.55000000000229,100.0,49.8,2.714499999999977,0.001,Self
outcome_eta0.001,12,630,1,0,58.05000000000232,100.0,49.8,2.719499999999977,0.001,Self
outcome_eta0.001,12,640,1,0,57.55000000000235,100.0,49.8,2.7244999999999764,0.001,Self
outcome_eta0.001,12,650,1,0,57.05000000000238,100.0,49.8,2.7294999999999763,0.001,Self
outcome_eta0.001,12,660,1,0,55.6000000000024,100.0,49.8,2.7489999999999757,0.001,Forage
outcome_eta0.001,12,670,1,0,55.10000000000243,100.0,49.8,2.7489999999999757,0.001,Self
outcome_eta0.001,12,680,1,0,58.60000000000245,100.0,49.8,2.7139999999999755,0.001,Self
outcome_eta0.001,12,690,1,0,58.10000000000248,100.0,49.8,2.7189999999999754,0.001,Self
outcome_eta0.001,12,700,1,0,57.60000000000251,100.0,49.8,2.723999999999975,0.001,Self
outcome_eta0.001,12,710,1,0,57.10000000000254,100.0,49.8,2.7289999999999743,0.001,Self
outcome_eta0.001,12,720,1,0,56.60000000000257,100.0,49.8,2.7339999999999742,0.001,Self
outcome_eta0.001,12,730,1,0,55.15000000000259,100.0,49.8,2.748499999999974,0.001,Self
outcome_eta0.001,12,740,1,0,59.600000000002616,100.0,49.8,2.703999999999974,0.001,Self
outcome_eta0.001,12,750,1,0,59.100000000002645,100.0,49.8,2.7089999999999734,0.001,Self
outcome_eta0.001,12,760,1,0,58.60000000000267,100.0,49.8,2.7139999999999733,0.001,Self
outcome_eta0.001,12,770,1,0,58.1000000000027,100.0,49.8,2.7189999999999728,0.001,Self
outcome_eta0.001,12,780,1,0,57.60000000000273,100.0,49.8,2.7239999999999727,0.001,Self
outcome_eta0.001,12,790,1,0,57.10000000000276,100.0,49.8,2.7289999999999726,0.001,Self
outcome_eta0.001,12,800,1,0,55.650000000002784,100.0,49.8,2.743499999999972,0.001,Self
outcome_eta0.001,12,810,1,0,55.15000000000281,100.0,49.8,2.748499999999972,0.001,Self
outcome_eta0.001,12,820,1,0,58.650000000002834,100.0,49.8,2.7134999999999714,0.001,Self
outcome_eta0.001,12,830,1,0,58.15000000000286,100.0,49.8,2.7184999999999713,0.001,Self
outcome_eta0.001,12,840,1,0,57.65000000000289,100.0,49.8,2.723499999999971,0.001,Self
outcome_eta0.001,12,850,1,0,57.15000000000292,100.0,49.8,2.728499999999971,0.001,Self
outcome_eta0.001,12,860,1,0,55.700000000002944,100.0,49.8,2.7429999999999706,0.001,Self
outcome_eta0.001,12,870,1,0,60.15000000000297,100.0,49.8,2.6994999999999703,0.001,Forage
outcome_eta0.001,12,880,1,0,59.650000000003,100.0,49.8,2.70349999999997,0.001,Self
outcome_eta0.001,12,890,1,0,59.150000000003025,100.0,49.8,2.7084999999999697,0.001,Self
outcome_eta0.001,12,900,1,0,58.650000000003054,100.0,49.8,2.7134999999999696,0.001,Self
outcome_eta0.001,12,910,1,0,58.15000000000308,100.0,49.8,2.718499999999969,0.001,Self
outcome_eta0.001,12,920,1,0,57.65000000000311,100.0,49.8,2.723499999999969,0.001,Self
outcome_eta0.001,12,930,1,0,57.15000000000314,100.0,49.8,2.7284999999999684,0.001,Self
outcome_eta0.001,12,940,1,0,55.700000000003165,100.0,49.8,2.7429999999999684,0.001,Self
outcome_eta0.001,12,950,1,0,54.25000000000319,100.0,49.8,2.762499999999968,0.001,Forage
outcome_eta0.001,12,960,1,0,58.700000000003214,100.0,49.8,2.712999999999968,0.001,Self
outcome_eta0.001,12,970,1,0,58.20000000000324,100.0,49.8,2.7179999999999676,0.001,Self
outcome_eta0.001,12,980,1,0,57.70000000000327,100.0,49.8,2.722999999999967,0.001,Self
outcome_eta0.001,12,990,1,0,57.2000000000033,100.0,49.8,2.727999999999967,0.001,Self
outcome_eta0.001,12,1000,1,0,55.750000000003325,100.0,49.8,2.742499999999967,0.001,Self
outcome_eta0.001,13,1,1,1,99.0,0.5,49.8,0.0816754806931139,0.001,Care
outcome_eta0.001,13,10,1,1,95.40000000000003,5.0,50.0,0.5905705449983473,0.001,Care
outcome_eta0.001,13,20,1,1,94.40000000000009,10.0,50.0,0.6659828093149666,0.001,Care
outcome_eta0.001,13,30,1,1,93.40000000000015,15.0,50.0,0.7416818846536545,0.001,Care
outcome_eta0.001,13,40,1,1,92.4000000000002,20.0,50.0,0.8173822472504502,0.001,Care
outcome_eta0.001,13,50,1,1,91.40000000000026,25.0,50.0,0.8930826156246859,0.001,Care
outcome_eta0.001,13,60,1,1,90.40000000000032,30.0,50.0,0.9687829840248516,0.001,Care
outcome_eta0.001,13,70,1,1,89.40000000000038,35.0,50.0,1.0444833524251338,0.001,Care
outcome_eta0.001,13,80,1,1,88.40000000000043,40.0,50.0,1.1201837208254166,0.001,Care
outcome_eta0.001,13,90,1,1,87.40000000000049,45.0,50.0,1.1958840892256992,0.001,Care
outcome_eta0.001,13,100,1,1,86.40000000000055,50.0,50.0,1.2715844576259818,0.001,Care
outcome_eta0.001,13,110,1,1,85.4000000000006,55.0,50.0,1.3472848260262646,0.001,Care
outcome_eta0.001,13,120,1,1,82.60000000000065,60.0,49.599999999999994,1.339373746778096,0.001,Forage
outcome_eta0.001,13,130,1,1,76.20000000000067,45.0,49.599999999999966,1.3960864130607598,0.001,Forage
outcome_eta0.001,13,140,1,1,75.20000000000073,50.0,50.0,1.4098208365009046,0.001,Care
outcome_eta0.001,13,150,1,1,74.20000000000078,55.0,50.0,1.4988294849928316,0.001,Care
outcome_eta0.001,13,160,1,1,73.20000000000084,60.0,50.0,1.588231314952453,0.001,Care
outcome_eta0.001,13,170,1,1,66.80000000000086,65.0,48.59999999999998,2.3443215429357886,0.001,Forage
outcome_eta0.001,13,180,1,1,62.200000000000855,50.0,50.0,1.6818884044462714,0.001,Care
outcome_eta0.001,13,190,1,1,61.20000000000084,55.0,50.0,1.762575237360237,0.001,Care
outcome_eta0.001,13,200,1,1,60.20000000000083,60.0,50.0,1.8525414853620283,0.001,Care
outcome_eta0.001,13,210,1,1,52.000000000000824,65.0,48.39999999999998,2.8049209234152044,0.001,Forage
outcome_eta0.001,13,220,1,1,42.90000000000082,70.0,46.39999999999995,3.2335669527749955,0.001,Forage
outcome_eta0.001,13,230,1,1,33.80000000000082,55.0,44.39999999999992,3.307208088043534,0.001,Forage
outcome_eta0.001,13,240,1,1,24.70000000000082,60.0,42.39999999999989,3.652168272907215,0.001,Forage
outcome_eta0.001,13,250,1,1,22.95000000000081,45.0,45.399999999999864,2.639729334602144,0.001,Forage
outcome_eta0.001,13,260,1,1,21.700000000000806,50.0,43.399999999999835,3.3951109805992403,0.001,Forage
outcome_eta0.001,13,270,1,1,21.2000000000008,55.0,41.39999999999981,3.3577872693510886,0.001,Forage
outcome_eta0.001,13,280,1,1,20.70000000000079,60.0,39.39999999999978,3.32897197375597,0.001,Forage
outcome_eta0.001,13,290,1,1,20.200000000000784,65.0,37.39999999999975,3.3097720662741046,0.001,Forage
outcome_eta0.001,13,300,1,1,19.700000000000777,70.0,35.39999999999972,3.2974288224370283,0.001,Forage
outcome_eta0.001,13,310,1,1,11.550000000000775,75.0,33.39999999999969,3.535691843713904,0.001,Forage
outcome_eta0.001,13,320,1,1,7.2000000000007764,60.0,31.39999999999968,2.874959705659696,0.001,Forage
outcome_eta0.001,13,330,1,1,6.700000000000778,65.0,29.399999999999686,2.91138426803928,0.001,Forage
outcome_eta0.001,13,340,1,1,6.20000000000078,70.0,27.399999999999693,3.0790243930138526,0.001,Forage
outcome_eta0.001,13,350,1,1,5.700000000000782,75.0,25.3999999999997,3.264030703249678,0.001,Forage
outcome_eta0.001,13,360,0,1,0.0,80.0,23.399999999999707,4.02557723021455,0.001,Forage
outcome_eta0.001,13,370,0,1,0.0,85.0,21.399999999999714,4.11557723021455,0.001,Forage
outcome_eta0.001,13,380,0,1,0.0,90.0,19.39999999999972,4.2055772302145495,0.001,Forage
outcome_eta0.001,13,390,0,1,0.0,95.0,17.39999999999973,4.295577230214549,0.001,Forage
outcome_eta0.001,13,400,0,0,0.0,100.0,15.399999999999736,2.6935772302145438,0.001,Forage
outcome_eta0.001,14,1,1,1,99.95,0.5,49.8,0.09327691422654587,0.001,Forage
outcome_eta0.001,14,10,1,1,99.50000000000003,5.0,47.99999999999997,0.24171440505336086,0.001,Forage
outcome_eta0.001,14,20,1,1,99.00000000000006,10.0,45.99999999999994,0.48955134694938435,0.001,Forage
outcome_eta0.001,14,30,1,1,98.50000000000009,15.0,43.999999999999915,0.7960726059993092,0.001,Forage
outcome_eta0.001,14,40,1,1,98.00000000000011,20.0,41.999999999999886,1.1481011914866959,0.001,Forage
outcome_eta0.001,14,50,1,1,97.50000000000014,25.0,39.99999999999986,1.5399582816960664,0.001,Forage
outcome_eta0.001,14,60,1,1,89.35000000000015,30.0,37.99999999999983,2.3253973078198085,0.001,Forage
outcome_eta0.001,14,70,1,1,87.4500000000002,35.0,44.9999999999998,1.848988078312698,0.001,Care
outcome_eta0.001,14,80,1,1,86.45000000000026,40.0,50.0,1.780436184955327,0.001,Care
outcome_eta0.001,14,90,1,1,85.45000000000032,45.0,50.0,1.8527233874826088,0.001,Care
outcome_eta0.001,14,100,1,1,84.45000000000037,50.0,50.0,1.9265146961969482,0.001,Care
outcome_eta0.001,14,110,1,1,83.45000000000043,55.0,50.0,2.0003115440329005,0.001,Care
outcome_eta0.001,14,120,1,1,82.45000000000049,60.0,50.0,2.07410841226759,0.001,Care
outcome_eta0.001,14,130,1,1,81.45000000000054,65.0,50.0,2.1479052805774024,0.001,Care
outcome_eta0.001,14,140,1,1,80.4500000000006,70.0,50.0,2.2217021488874913,0.001,Care
outcome_eta0.001,14,150,1,1,79.45000000000066,75.0,50.0,2.300999017197574,0.001,Care
outcome_eta0.001,14,160,1,1,78.45000000000071,80.0,50.0,2.384795885507663,0.001,Care
outcome_eta0.001,14,170,1,1,77.45000000000077,85.0,50.0,2.468592753817752,0.001,Care
outcome_eta0.001,14,180,1,1,76.45000000000083,90.0,50.0,2.5523896221278415,0.001,Care
outcome_eta0.001,14,190,1,1,75.45000000000088,95.0,50.0,2.6361864904379306,0.001,Care
outcome_eta0.001,14,200,1,0,74.50000000000094,100.0,49.8,2.569546251819055,0.001,Self
outcome_eta0.001,14,210,1,0,78.20000000000095,100.0,49.8,2.1108746046342093,0.001,Forage
outcome_eta0.001,14,220,1,0,80.95000000000097,100.0,49.8,1.9914420632134813,0.001,Forage
outcome_eta0.001,14,230,1,0,80.450000000001,100.0,49.8,1.6991395136062066,0.001,Forage
outcome_eta0.001,14,240,1,0,79.95000000000103,100.0,49.8,1.5213806655858535,0.001,Forage
outcome_eta0.001,14,250,1,0,79.45000000000105,100.0,49.8,1.5119162991892081,0.001,Forage
outcome_eta0.001,14,260,1,0,77.25000000000107,100.0,49.8,1.6303766311418346,0.001,Forage
outcome_eta0.001,14,270,1,0,76.7500000000011,100.0,49.8,1.648325191342423,0.001,Forage
outcome_eta0.001,14,280,1,0,76.25000000000112,100.0,49.8,1.7042535709066216,0.001,Forage
outcome_eta0.001,14,290,1,0,75.75000000000115,100.0,49.8,1.7572698807125682,0.001,Forage
outcome_eta0.001,14,300,1,0,75.25000000000118,100.0,49.8,1.803960073632691,0.001,Forage
outcome_eta0.001,14,310,1,0,74.0000000000012,100.0,49.8,1.9066174248665808,0.001,Forage
outcome_eta0.001,14,320,1,0,73.50000000000122,100.0,49.8,1.8779972664988658,0.001,Forage
outcome_eta0.001,14,330,1,0,73.00000000000125,100.0,49.8,1.938990751283466,0.001,Forage
outcome_eta0.001,14,340,1,0,72.50000000000128,100.0,49.8,1.9949569652424746,0.001,Forage
outcome_eta0.001,14,350,1,0,72.00000000000131,100.0,49.8,2.0460224326856586,0.001,Forage
outcome_eta0.001,14,360,1,0,72.65000000000133,100.0,49.8,2.0801203030383157,0.001,Forage
outcome_eta0.001,14,370,1,0,72.15000000000136,100.0,49.8,2.0535580013832373,0.001,Forage
outcome_eta0.001,14,380,1,0,71.65000000000138,100.0,49.8,2.0944431601171996,0.001,Forage
outcome_eta0.001,14,390,1,0,71.15000000000141,100.0,49.8,2.1357043335374053,0.001,Forage
outcome_eta0.001,14,400,1,0,70.65000000000144,100.0,49.8,2.1770278067261772,0.001,Forage
outcome_eta0.001,14,410,1,0,70.35000000000146,100.0,49.8,2.2287749899169125,0.001,Self
outcome_eta0.001,14,420,1,0,69.85000000000149,100.0,49.8,2.339333008093944,0.001,Self
outcome_eta0.001,14,430,1,0,69.35000000000151,100.0,49.8,2.5880199221973497,0.001,Self
outcome_eta0.001,14,440,1,0,68.85000000000154,100.0,49.8,2.6114999999999844,0.001,Self
outcome_eta0.001,14,450,1,0,68.35000000000157,100.0,49.8,2.6164999999999843,0.001,Self
outcome_eta0.001,14,460,1,0,67.8500000000016,100.0,49.8,2.621499999999984,0.001,Self
outcome_eta0.001,14,470,1,0,67.35000000000163,100.0,49.8,2.6264999999999836,0.001,Self
outcome_eta0.001,14,480,1,0,66.85000000000166,100.0,49.8,2.6314999999999835,0.001,Self
outcome_eta0.001,14,490,1,0,66.35000000000169,100.0,49.8,2.636499999999983,0.001,Self
outcome_eta0.001,14,500,1,0,65.85000000000171,100.0,49.8,2.641499999999983,0.001,Self
outcome_eta0.001,14,510,1,0,64.40000000000174,100.0,49.8,2.655999999999983,0.001,Self
outcome_eta0.001,14,520,1,0,62.200000000001744,100.0,49.8,2.6839999999999824,0.001,Self
outcome_eta0.001,14,530,1,0,60.00000000000175,100.0,49.8,2.701999999999982,0.001,Forage
outcome_eta0.001,14,540,1,0,59.500000000001776,100.0,49.8,2.7049999999999823,0.001,Forage
outcome_eta0.001,14,550,1,0,59.000000000001805,100.0,49.8,2.709999999999982,0.001,Forage
outcome_eta0.001,14,560,1,0,49.95000000000181,100.0,49.8,2.8454999999999817,0.001,Forage
outcome_eta0.001,14,570,1,0,54.40000000000183,100.0,49.8,2.7559999999999816,0.001,Forage
outcome_eta0.001,14,580,1,0,53.90000000000186,100.0,49.8,2.7609999999999815,0.001,Forage
outcome_eta0.001,14,590,1,0,53.40000000000189,100.0,49.8,2.7659999999999814,0.001,Forage
outcome_eta0.001,14,600,1,0,52.90000000000192,100.0,49.8,2.770999999999981,0.001,Forage
outcome_eta0.001,14,610,1,0,51.650000000001924,100.0,49.8,2.7944999999999807,0.001,Forage
outcome_eta0.001,14,620,1,0,51.15000000000195,100.0,49.8,2.7884999999999804,0.001,Forage
outcome_eta0.001,14,630,1,0,50.65000000000198,100.0,49.8,2.7934999999999803,0.001,Forage
outcome_eta0.001,14,640,1,0,50.15000000000201,100.0,49.8,2.79849999999998,0.001,Forage
outcome_eta0.001,14,650,1,0,49.65000000000204,100.0,49.8,2.8034999999999797,0.001,Forage
outcome_eta0.001,14,660,1,0,51.25000000000205,100.0,49.8,2.787499999999979,0.001,Forage
outcome_eta0.001,14,670,1,0,50.75000000000208,100.0,49.8,2.792499999999979,0.001,Forage
outcome_eta0.001,14,680,1,0,50.25000000000211,100.0,49.8,2.797499999999979,0.001,Forage
outcome_eta0.001,14,690,1,0,49.75000000000214,100.0,49.8,2.802499999999979,0.001,Forage
outcome_eta0.001,14,700,1,0,49.25000000000217,100.0,49.8,2.8074999999999783,0.001,Forage
outcome_eta0.001,14,710,1,0,48.000000000002174,100.0,49.8,2.830999999999978,0.001,Forage
outcome_eta0.001,14,720,1,0,47.5000000000022,100.0,49.8,2.824999999999978,0.001,Forage
outcome_eta0.001,14,730,1,0,47.00000000000223,100.0,49.8,2.829999999999978,0.001,Forage
outcome_eta0.001,14,740,1,0,46.50000000000226,100.0,49.8,2.8349999999999773,0.001,Forage
outcome_eta0.001,14,750,1,0,46.00000000000229,100.0,49.8,2.839999999999977,0.001,Forage
outcome_eta0.001,14,760,1,0,47.600000000002304,100.0,49.8,2.8239999999999768,0.001,Forage
outcome_eta0.001,14,770,1,0,47.10000000000233,100.0,49.8,2.8289999999999766,0.001,Forage
outcome_eta0.001,14,780,1,0,46.60000000000236,100.0,49.8,2.8339999999999765,0.001,Forage
outcome_eta0.001,14,790,1,0,46.10000000000239,100.0,49.8,2.838999999999976,0.001,Forage
outcome_eta0.001,14,800,1,0,45.60000000000242,100.0,49.8,2.843999999999976,0.001,Forage
outcome_eta0.001,14,810,1,0,44.350000000002424,100.0,49.8,2.8674999999999757,0.001,Forage
outcome_eta0.001,14,820,1,0,43.85000000000245,100.0,49.8,2.8614999999999755,0.001,Forage
outcome_eta0.001,14,830,1,0,43.35000000000248,100.0,49.8,2.8664999999999754,0.001,Forage
outcome_eta0.001,14,840,1,0,42.85000000000251,100.0,49.8,2.871499999999975,0.001,Forage
outcome_eta0.001,14,850,1,0,42.35000000000254,100.0,49.8,2.8764999999999747,0.001,Forage
outcome_eta0.001,14,860,1,0,44.90000000000256,100.0,49.8,2.850999999999974,0.001,Forage
outcome_eta0.001,14,870,1,0,44.400000000002585,100.0,49.8,2.855999999999974,0.001,Forage
outcome_eta0.001,14,880,1,0,43.90000000000261,100.0,49.8,2.860999999999974,0.001,Forage
outcome_eta0.001,14,890,1,0,43.40000000000264,100.0,49.8,2.8659999999999735,0.001,Forage
outcome_eta0.001,14,900,1,0,42.90000000000267,100.0,49.8,2.8709999999999734,0.001,Forage
outcome_eta0.001,14,910,1,0,40.700000000002674,100.0,49.8,2.918999999999973,0.001,Forage
outcome_eta0.001,14,920,1,0,40.2000000000027,100.0,49.8,2.897999999999973,0.001,Forage
outcome_eta0.001,14,930,1,0,39.70000000000273,100.0,49.8,2.902999999999973,0.001,Forage
outcome_eta0.001,14,940,1,0,39.20000000000276,100.0,49.8,2.9079999999999724,0.001,Forage
outcome_eta0.001,14,950,1,0,38.70000000000279,100.0,49.8,2.912999999999972,0.001,Forage
outcome_eta0.001,14,960,1,0,40.300000000002804,100.0,49.8,2.896999999999972,0.001,Forage
outcome_eta0.001,14,970,1,0,39.80000000000283,100.0,49.8,2.9019999999999717,0.001,Forage
outcome_eta0.001,14,980,1,0,39.30000000000286,100.0,49.8,2.9069999999999716,0.001,Forage
outcome_eta0.001,14,990,1,0,38.80000000000289,100.0,49.8,2.911999999999971,0.001,Forage
outcome_eta0.001,14,1000,1,0,38.30000000000292,100.0,49.8,2.916999999999971,0.001,Forage
outcome_eta0.001,15,1,1,1,99.0,0.5,49.8,0.5148849604120579,0.001,Care
outcome_eta0.001,15,10,1,1,90.9,5.0,48.99999999999997,0.6253608340290441,0.001,Care
outcome_eta0.001,15,20,1,1,89.90000000000006,10.0,50.0,0.6617599746735573,0.001,Care
outcome_eta0.001,15,30,1,1,88.90000000000012,15.0,50.0,0.7243189210638644,0.001,Care
outcome_eta0.001,15,40,1,1,87.90000000000018,20.0,50.0,0.7868778685054583,0.001,Care
outcome_eta0.001,15,50,1,1,86.90000000000023,25.0,50.0,0.8494368159470521,0.001,Care
outcome_eta0.001,15,60,1,1,85.90000000000029,30.0,50.0,0.911995763388646,0.001,Care
outcome_eta0.001,15,70,1,1,84.90000000000035,35.0,50.0,0.9745547108302398,0.001,Care
outcome_eta0.001,15,80,1,1,83.9000000000004,40.0,50.0,1.0371136582718337,0.001,Care
outcome_eta0.001,15,90,1,1,78.40000000000043,45.0,48.79999999999998,1.027617972019812,0.001,Forage
outcome_eta0.001,15,100,1,1,72.90000000000046,30.0,50.0,1.0606945861823334,0.001,Care
outcome_eta0.001,15,110,1,1,71.90000000000052,35.0,50.0,1.1320566841968438,0.001,Care
outcome_eta0.001,15,120,1,1,70.90000000000057,40.0,50.0,1.2040796529242175,0.001,Care
outcome_eta0.001,15,130,1,1,68.10000000000062,25.0,50.0,1.0966801414348175,0.001,Care
outcome_eta0.001,15,140,1,1,67.10000000000068,30.0,50.0,1.1680467991723025,0.001,Care
outcome_eta0.001,15,150,1,1,66.10000000000073,35.0,50.0,1.2401272501401968,0.001,Care
outcome_eta0.001,15,160,1,1,65.10000000000079,40.0,50.0,1.3122077011351219,0.001,Care
outcome_eta0.001,15,170,1,1,58.700000000000806,45.0,48.59999999999998,1.173543472766506,0.001,Forage
outcome_eta0.001,15,180,1,1,54.1000000000008,30.0,50.0,1.3849779346374618,0.001,Care
outcome_eta0.001,15,190,1,1,53.10000000000078,35.0,50.0,1.45730261445033,0.001,Care
outcome_eta0.001,15,200,1,1,52.10000000000077,40.0,50.0,1.5297670253524673,0.001,Care
outcome_eta0.001,15,210,1,1,47.50000000000076,25.0,49.59999999999998,1.4610630876117727,0.001,Care
outcome_eta0.001,15,220,1,1,46.500000000000746,30.0,50.0,1.5209407483643904,0.001,Care
outcome_eta0.001,15,230,1,1,45.50000000000073,35.0,50.0,1.5935912985600216,0.001,Care
outcome_eta0.001,15,240,1,1,44.55000000000072,40.0,49.8,1.6587418613574112,0.001,Forage
outcome_eta0.001,15,250,1,1,44.05000000000075,45.0,47.79999999999997,1.6737539048838022,0.001,Forage
outcome_eta0.001,15,260,1,1,35.00000000000075,50.0,45.79999999999994,2.3701916240069405,0.001,Forage
outcome_eta0.001,15,270,1,1,25.90000000000075,55.0,43.79999999999991,2.985728035447503,0.001,Forage
outcome_eta0.001,15,280,1,1,25.05000000000074,40.0,47.79999999999988,1.870197795935237,0.001,Forage
outcome_eta0.001,15,290,1,1,24.550000000000733,45.0,45.799999999999855,1.884076618120289,0.001,Forage
outcome_eta0.001,15,300,1,1,24.050000000000725,50.0,43.79999999999983,1.8965345618817382,0.001,Forage
outcome_eta0.001,15,310,1,1,20.900000000000723,55.0,41.7999999999998,2.9825338877746628,0.001,Forage
outcome_eta0.001,15,320,1,1,20.400000000000716,60.0,39.79999999999977,2.9949991059404857,0.001,Forage
outcome_eta0.001,15,330,1,1,19.90000000000071,65.0,37.79999999999974,3.0462209466548544,0.001,Forage
outcome_eta0.001,15,340,1,1,19.400000000000702,70.0,35.79999999999971,3.1462208465915693,0.001,Forage
outcome_eta0.001,15,350,1,1,18.900000000000695,75.0,33.799999999999685,3.2405014522290623,0.001,Forage
outcome_eta0.001,15,360,1,1,10.750000000000695,80.0,31.799999999999663,2.418644432428824,0.001,Forage
outcome_eta0.001,15,370,1,1,10.200000000000689,65.0,29.79999999999967,2.377386347761912,0.001,Forage
outcome_eta0.001,15,380,1,1,9.700000000000681,70.0,27.799999999999677,2.4845991263222245,0.001,Forage
outcome_eta0.001,15,390,1,1,9.200000000000674,75.0,25.799999999999685,2.6046890518444377,0.001,Forage
outcome_eta0.001,15,400,1,1,8.700000000000667,80.0,23.79999999999969,2.710521918655024,0.001,Forage
outcome_eta0.001,15,410,1,1,6.200000000000668,65.0,21.7999999999997,2.627990787294613,0.001,Forage
outcome_eta0.001,15,420,1,1,5.70000000000067,70.0,19.799999999999706,2.7312903667230057,0.001,Forage
outcome_eta0.001,15,430,1,1,5.200000000000672,75.0,17.799999999999713,2.8364488649246433,0.001,Forage
outcome_eta0.001,15,440,1,1,4.700000000000673,80.0,15.79999999999972,2.941603657714414,0.001,Forage
outcome_eta0.001,15,450,1,1,4.200000000000675,85.0,13.799999999999727,3.0467584453687158,0.001,Forage
outcome_eta0.001,15,460,0,1,0.0,90.0,11.799999999999734,3.8107808106924947,0.001,Forage
outcome_eta0.001,15,470,0,1,0.0,95.0,9.799999999999741,3.900780810692494,0.001,Forage
outcome_eta0.001,15,480,0,0,0.0,100.0,7.799999999999747,2.1467808106924893,0.001,Forage
outcome_eta0.001,16,1,1,1,99.95,0.5,49.8,0.2676948759318144,0.001,Forage
outcome_eta0.001,16,10,1,1,99.50000000000003,5.0,47.99999999999997,0.3699846795810196,0.001,Forage
outcome_eta0.001,16,20,1,1,99.00000000000006,10.0,45.99999999999994,0.5208346015433137,0.001,Forage
outcome_eta0.001,16,30,1,1,98.50000000000009,15.0,43.999999999999915,0.6972075486870731,0.001,Forage
outcome_eta0.001,16,40,1,1,98.00000000000011,20.0,41.999999999999886,0.8901197479670103,0.001,Forage
outcome_eta0.001,16,50,1,1,97.50000000000014,25.0,39.99999999999986,1.094141709204592,0.001,Forage
outcome_eta0.001,16,60,1,1,89.35000000000015,30.0,37.99999999999983,1.2575978231514526,0.001,Forage
outcome_eta0.001,16,70,1,1,87.85000000000018,15.0,35.9999999999998,1.4069633202071925,0.001,Forage
outcome_eta0.001,16,80,1,1,87.35000000000021,20.0,33.99999999999977,1.6213658070665289,0.001,Forage
outcome_eta0.001,16,90,1,1,86.85000000000024,25.0,31.999999999999748,1.8481626406029579,0.001,Forage
outcome_eta0.001,16,100,1,1,86.35000000000026,30.0,29.999999999999755,2.0819748233854583,0.001,Forage
outcome_eta0.001,16,110,1,1,78.20000000000027,35.0,27.999999999999762,2.0967189618341493,0.001,Forage
outcome_eta0.001,16,120,1,1,71.95000000000029,20.0,25.99999999999977,2.302500000000002,0.001,Forage
outcome_eta0.001,16,130,1,1,71.45000000000032,25.0,23.999999999999776,2.355500000000001,0.001,Forage
outcome_eta0.001,16,140,1,1,70.80000000000035,30.0,24.999999999999783,2.392000000000001,0.001,Forage
outcome_eta0.001,16,150,1,1,70.20000000000039,35.0,24.99999999999979,2.4480000000000004,0.001,Forage
outcome_eta0.001,16,160,1,1,62.00000000000039,40.0,23.999999999999797,2.586391564156824,0.001,Forage
outcome_eta0.001,16,170,1,1,55.600000000000385,25.0,24.999999999999805,2.5700000000000003,0.001,Care
outcome_eta0.001,16,180,1,1,55.05000000000041,30.0,23.99999999999981,2.5694999999999997,0.001,Forage
outcome_eta0.001,16,190,1,1,54.55000000000044,35.0,21.99999999999982,2.6644999999999994,0.001,Forage
outcome_eta0.001,16,200,1,1,54.00000000000046,40.0,20.999999999999826,2.739999999999999,0.001,Forage
outcome_eta0.001,16,210,1,1,49.60000000000047,25.0,18.999999999999833,2.6739999999999986,0.001,Forage
outcome_eta0.001,16,220,1,1,49.1000000000005,30.0,16.99999999999984,2.7689999999999984,0.001,Forage
outcome_eta0.001,16,230,1,1,48.60000000000053,35.0,14.999999999999847,2.863999999999998,0.001,Forage
outcome_eta0.001,16,240,1,1,48.100000000000556,40.0,12.999999999999854,2.9589999999999974,0.001,Forage
outcome_eta0.001,16,250,1,1,47.600000000000584,45.0,10.999999999999861,3.053999999999997,0.001,Forage
outcome_eta0.001,16,260,1,1,39.450000000000585,50.0,8.999999999999869,3.3288762057592245,0.001,Forage
outcome_eta0.001,16,270,1,1,33.20000000000059,35.0,6.99999999999987,3.2199999999999966,0.001,Forage
outcome_eta0.001,16,280,1,1,32.500000000000604,40.0,8.999999999999874,3.1949999999999963,0.001,Forage
outcome_eta0.001,16,290,1,1,32.00000000000063,45.0,6.999999999999876,3.2899999999999965,0.001,Forage
outcome_eta0.001,16,300,1,1,31.500000000000625,50.0,4.999999999999874,3.3849999999999962,0.001,Forage
outcome_eta0.001,16,310,1,1,30.25000000000062,55.0,2.999999999999872,3.3156874389729283,0.001,Forage
outcome_eta0.001,16,320,1,1,29.750000000000615,60.0,0.9999999999998717,3.7256839007858784,0.001,Forage
outcome_eta0.001,16,330,1,0,29.250000000000608,62.5,0.0,2.963914694352882,0.001,Forage
outcome_eta0.001,16,340,1,0,28.7500000000006,62.5,0.0,3.011394925676837,0.001,Forage
outcome_eta0.001,16,350,1,0,28.250000000000593,62.5,0.0,3.017471981629087,0.001,Forage
outcome_eta0.001,16,360,1,0,31.750000000000593,62.5,0.0,2.982499289614193,0.001,Forage
outcome_eta0.001,16,370,1,0,31.250000000000586,62.5,0.0,2.9874999819886687,0.001,Forage
outcome_eta0.001,16,380,1,0,30.75000000000058,62.5,0.0,2.99249999954333,0.001,Forage
outcome_eta0.001,16,390,1,0,30.250000000000572,62.5,0.0,2.997499999988416,0.001,Forage
outcome_eta0.001,16,400,1,0,29.750000000000565,62.5,0.0,3.0024999999997006,0.001,Forage
outcome_eta0.001,16,410,1,0,31.35000000000056,62.5,0.0,2.986499999999987,0.001,Forage
outcome_eta0.001,16,420,1,0,30.850000000000552,62.5,0.0,2.9914999999999945,0.001,Forage
outcome_eta0.001,16,430,1,0,30.350000000000545,62.5,0.0,2.9964999999999944,0.001,Forage
outcome_eta0.001,16,440,1,0,29.850000000000538,62.5,0.0,3.0014999999999947,0.001,Forage
outcome_eta0.001,16,450,1,0,29.35000000000053,62.5,0.0,3.0064999999999946,0.001,Forage
outcome_eta0.001,16,460,1,0,30.000000000000526,62.5,0.0,2.9999999999999947,0.001,Forage
outcome_eta0.001,16,470,1,0,29.50000000000052,62.5,0.0,3.0049999999999946,0.001,Forage
outcome_eta0.001,16,480,1,0,29.00000000000051,62.5,0.0,3.009999999999995,0.001,Forage
outcome_eta0.001,16,490,1,0,28.500000000000504,62.5,0.0,3.014999999999995,0.001,Forage
outcome_eta0.001,16,500,1,0,28.000000000000497,62.5,0.0,3.019999999999995,0.001,Forage
outcome_eta0.001,16,510,1,0,27.700000000000493,62.5,0.0,3.0229999999999952,0.001,Forage
outcome_eta0.001,16,520,1,0,27.200000000000486,62.5,0.0,3.027999999999995,0.001,Forage
outcome_eta0.001,16,530,1,0,26.70000000000048,62.5,0.0,3.032999999999995,0.001,Forage
outcome_eta0.001,16,540,1,0,26.200000000000472,62.5,0.0,3.0379999999999954,0.001,Forage
outcome_eta0.001,16,550,1,0,25.700000000000465,62.5,0.0,3.0429999999999953,0.001,Forage
outcome_eta0.001,16,560,1,0,23.500000000000462,62.5,0.0,3.0909999999999953,0.001,Forage
outcome_eta0.001,16,570,1,0,23.000000000000455,62.5,0.0,3.0699999999999954,0.001,Forage
outcome_eta0.001,16,580,1,0,22.500000000000448,62.5,0.0,3.0749999999999957,0.001,Forage
outcome_eta0.001,16,590,1,0,22.00000000000044,62.5,0.0,3.0799999999999956,0.001,Forage
outcome_eta0.001,16,600,1,0,21.500000000000433,62.5,0.0,3.0849999999999955,0.001,Forage
outcome_eta0.001,16,610,1,0,19.300000000000434,62.5,0.0,3.1329999999999956,0.001,Forage
outcome_eta0.001,16,620,1,0,18.800000000000427,62.5,0.0,3.1119999999999957,0.001,Forage
outcome_eta0.001,16,630,1,0,18.30000000000042,62.5,0.0,3.1169999999999956,0.001,Forage
outcome_eta0.001,16,640,1,0,17.800000000000413,62.5,0.0,3.121999999999996,0.001,Forage
outcome_eta0.001,16,650,1,0,17.300000000000406,62.5,0.0,3.126999999999996,0.001,Forage
outcome_eta0.001,16,660,1,0,17.9500000000004,62.5,0.0,3.120499999999996,0.001,Forage
outcome_eta0.001,16,670,1,0,17.450000000000394,62.5,0.0,3.125499999999996,0.001,Forage
outcome_eta0.001,16,680,1,0,16.950000000000387,62.5,0.0,3.130499999999996,0.001,Forage
outcome_eta0.001,16,690,1,0,16.45000000000038,62.5,0.0,3.135499999999996,0.001,Forage
outcome_eta0.001,16,700,1,0,15.950000000000372,62.5,0.0,3.1404999999999963,0.001,Forage
outcome_eta0.001,16,710,1,0,18.50000000000037,62.5,0.0,3.114999999999996,0.001,Forage
outcome_eta0.001,16,720,1,0,18.000000000000362,62.5,0.0,3.1199999999999966,0.001,Forage
outcome_eta0.001,16,730,1,0,17.500000000000355,62.5,0.0,3.1249999999999964,0.001,Forage
outcome_eta0.001,16,740,1,0,17.000000000000348,62.5,0.0,3.1299999999999963,0.001,Forage
outcome_eta0.001,16,750,1,0,16.50000000000034,62.5,0.0,3.1349999999999967,0.001,Forage
outcome_eta0.001,16,760,1,0,16.20000000000034,62.5,0.0,3.1379999999999963,0.001,Forage
outcome_eta0.001,16,770,1,0,15.700000000000333,62.5,0.0,3.1429999999999967,0.001,Forage
outcome_eta0.001,16,780,1,0,15.200000000000326,62.5,0.0,3.1479999999999966,0.001,Forage
outcome_eta0.001,16,790,1,0,14.700000000000319,62.5,0.0,3.152999999999997,0.001,Forage
outcome_eta0.001,16,800,1,0,14.200000000000312,62.5,0.0,3.157999999999997,0.001,Forage
outcome_eta0.001,16,810,1,0,13.90000000000031,62.5,0.0,3.160999999999997,0.001,Forage
outcome_eta0.001,16,820,1,0,13.400000000000302,62.5,0.0,3.165999999999997,0.001,Forage
outcome_eta0.001,16,830,1,0,12.900000000000295,62.5,0.0,3.170999999999997,0.001,Forage
outcome_eta0.001,16,840,1,0,12.400000000000288,62.5,0.0,3.175999999999997,0.001,Forage
outcome_eta0.001,16,850,1,0,11.900000000000281,62.5,0.0,3.1809999999999974,0.001,Forage
outcome_eta0.001,16,860,1,0,13.500000000000277,62.5,0.0,3.1649999999999974,0.001,Forage
outcome_eta0.001,16,870,1,0,13.00000000000027,62.5,0.0,3.1699999999999973,0.001,Forage
outcome_eta0.001,16,880,1,0,12.500000000000263,62.5,0.0,3.1749999999999976,0.001,Forage
outcome_eta0.001,16,890,1,0,12.000000000000256,62.5,0.0,3.1799999999999975,0.001,Forage
outcome_eta0.001,16,900,1,0,11.500000000000249,62.5,0.0,3.1849999999999974,0.001,Forage
outcome_eta0.001,16,910,1,0,12.150000000000245,62.5,0.0,3.1784999999999974,0.001,Forage
outcome_eta0.001,16,920,1,0,11.650000000000238,62.5,0.0,3.1834999999999978,0.001,Forage
outcome_eta0.001,16,930,1,0,11.150000000000231,62.5,0.0,3.1884999999999977,0.001,Forage
outcome_eta0.001,16,940,1,0,10.650000000000224,62.5,0.0,3.1934999999999976,0.001,Forage
outcome_eta0.001,16,950,1,0,10.150000000000217,62.5,0.0,3.198499999999998,0.001,Forage
outcome_eta0.001,16,960,1,0,8.900000000000215,62.5,0.0,3.2219999999999978,0.001,Forage
outcome_eta0.001,16,970,1,0,8.400000000000208,62.5,0.0,3.215999999999998,0.001,Forage
outcome_eta0.001,16,980,1,0,7.900000000000203,62.5,0.0,3.220999999999998,0.001,Forage
outcome_eta0.001,16,990,1,0,7.400000000000205,62.5,0.0,3.225999999999998,0.001,Forage
outcome_eta0.001,16,1000,1,0,6.900000000000206,62.5,0.0,3.230999999999998,0.001,Forage
outcome_eta0.001,17,1,1,1,99.95,0.5,49.8,0.08631551958467468,0.001,Forage
outcome_eta0.001,17,10,1,1,99.50000000000003,5.0,47.99999999999997,0.251899037571798,0.001,Forage
outcome_eta0.001,17,20,1,1,99.00000000000006,10.0,45.99999999999994,0.562597422874847,0.001,Forage
outcome_eta0.001,17,30,1,1,98.50000000000009,15.0,43.999999999999915,0.9903497572543439,0.001,Forage
outcome_eta0.001,17,40,1,1,98.00000000000011,20.0,41.999999999999886,1.5294980223916166,0.001,Forage
outcome_eta0.001,17,50,1,1,97.50000000000014,25.0,39.99999999999986,1.7920869311922183,0.001,Forage
outcome_eta0.001,17,60,1,1,89.35000000000015,30.0,37.99999999999983,1.9758037918967963,0.001,Forage
outcome_eta0.001,17,70,1,1,85.95000000000017,15.0,35.9999999999998,1.4942672812679336,0.001,Forage
outcome_eta0.001,17,80,1,1,85.35000000000021,20.0,35.99999999999977,1.3537210574442087,0.001,Forage
outcome_eta0.001,17,90,1,1,84.80000000000024,25.0,34.999999999999744,1.4590565430979114,0.001,Forage
outcome_eta0.001,17,100,1,1,84.30000000000027,30.0,32.999999999999716,1.5920854084186356,0.001,Forage
outcome_eta0.001,17,110,1,1,76.15000000000028,35.0,30.99999999999971,2.1251821300456193,0.001,Forage
outcome_eta0.001,17,120,1,1,75.35000000000032,20.0,33.9999999999997,1.5791307328731699,0.001,Forage
outcome_eta0.001,17,130,1,1,74.80000000000035,25.0,32.99999999999967,1.6409792643436765,0.001,Forage
outcome_eta0.001,17,140,1,1,74.25000000000038,30.0,31.99999999999965,1.7627074528598714,0.001,Forage
outcome_eta0.001,17,150,1,1,73.65000000000042,35.0,31.999999999999634,1.8619381033021973,0.001,Forage
outcome_eta0.001,17,160,1,1,69.05000000000045,20.0,33.99999999999962,1.7767311612358776,0.001,Care
outcome_eta0.001,17,170,1,1,68.40000000000049,25.0,34.999999999999595,1.731837620134922,0.001,Forage
outcome_eta0.001,17,180,1,1,67.80000000000052,30.0,34.99999999999957,1.8036656735534324,0.001,Forage
outcome_eta0.001,17,190,1,1,67.20000000000056,35.0,34.99999999999954,1.9078432730522095,0.001,Forage
outcome_eta0.001,17,200,1,1,66.60000000000059,40.0,34.99999999999951,2.0112802734615745,0.001,Forage
outcome_eta0.001,17,210,1,1,62.0000000000006,25.0,36.99999999999948,1.9131018056381521,0.001,Care
outcome_eta0.001,17,220,1,1,61.30000000000061,30.0,38.99999999999945,1.8140620014469324,0.001,Forage
outcome_eta0.001,17,230,1,1,60.70000000000063,35.0,38.999999999999424,1.8620545978678023,0.001,Forage
outcome_eta0.001,17,240,1,1,60.10000000000065,40.0,38.999999999999396,1.936432594500479,0.001,Forage
outcome_eta0.001,17,250,1,1,59.600000000000676,45.0,36.99999999999937,2.0818680880273943,0.001,Forage
outcome_eta0.001,17,260,1,1,51.45000000000068,50.0,34.99999999999934,3.035905115488852,0.001,Forage
outcome_eta0.001,17,270,1,1,49.000000000000696,35.0,32.99999999999931,2.29080330632895,0.001,Forage
outcome_eta0.001,17,280,1,1,48.500000000000725,40.0,30.999999999999304,2.4333572928176785,0.001,Forage
outcome_eta0.001,17,290,1,1,48.00000000000075,45.0,28.99999999999931,2.616525062315293,0.001,Forage
outcome_eta0.001,17,300,1,1,47.50000000000078,50.0,26.999999999999318,2.785000000000006,0.001,Forage
outcome_eta0.001,17,310,1,1,43.10000000000079,35.0,24.999999999999325,2.7190000000000056,0.001,Forage
outcome_eta0.001,17,320,1,1,42.60000000000082,40.0,22.999999999999332,2.8140000000000054,0.001,Forage
outcome_eta0.001,17,330,1,1,42.10000000000085,45.0,20.99999999999934,2.909000000000005,0.001,Forage
outcome_eta0.001,17,340,1,1,41.600000000000875,50.0,18.999999999999346,3.0040000000000044,0.001,Forage
outcome_eta0.001,17,350,1,1,41.100000000000904,55.0,16.999999999999353,3.099000000000004,0.001,Forage
outcome_eta0.001,17,360,1,1,32.950000000000905,60.0,14.99999999999936,3.9700786437626947,0.001,Forage
outcome_eta0.001,17,370,1,1,30.400000000000897,45.0,14.999999999999368,3.150000000000004,0.001,Forage
outcome_eta0.001,17,380,1,1,29.85000000000089,50.0,13.999999999999375,3.221500000000004,0.001,Forage
outcome_eta0.001,17,390,1,1,29.350000000000882,55.0,11.999999999999382,3.316500000000003,0.001,Forage
outcome_eta0.001,17,400,1,1,28.850000000000875,60.0,9.999999999999389,3.4115000000000038,0.001,Forage
outcome_eta0.001,17,410,1,1,20.700000000000873,65.0,7.999999999999395,4.206842712474622,0.001,Forage
outcome_eta0.001,17,420,1,1,16.35000000000087,50.0,5.999999999999393,3.5661988522246215,0.001,Forage
outcome_eta0.001,17,430,1,1,15.70000000000086,55.0,6.999999999999392,3.553000000000004,0.001,Forage
outcome_eta0.001,17,440,1,1,15.200000000000854,60.0,4.99999999999939,3.648000000000004,0.001,Forage
outcome_eta0.001,17,450,1,1,14.700000000000847,65.0,2.999999999999388,3.743000000000004,0.001,Forage
outcome_eta0.001,17,460,1,1,13.450000000000845,70.0,0.9999999999993876,4.456500000000004,0.001,Forage
outcome_eta0.001,17,470,1,0,12.950000000000838,72.5,0.0,2.9870363402079754,0.001,Forage
outcome_eta0.001,17,480,1,0,12.45000000000083,72.5,0.0,2.706742870814317,0.001,Forage
outcome_eta0.001,17,490,1,0,11.950000000000824,72.5,0.0,2.616197221511114,0.001,Forage
outcome_eta0.001,17,500,1,0,11.450000000000816,72.5,0.0,2.592383326580623,0.001,Forage
outcome_eta0.001,17,510,1,0,11.150000000000814,72.5,0.0,2.59424310862215,0.001,Forage
outcome_eta0.001,17,520,1,0,10.650000000000807,72.5,0.0,2.597522728805394,0.001,Forage
outcome_eta0.001,17,530,1,0,10.1500000000008,72.5,0.0,2.6003667963777355,0.001,Forage
outcome_eta0.001,17,540,1,0,9.650000000000793,72.5,0.0,2.60655679488831,0.001,Forage
outcome_eta0.001,17,550,1,0,9.150000000000786,72.5,0.0,2.6138953749743394,0.001,Forage
outcome_eta0.001,17,560,1,0,9.800000000000782,72.5,0.0,2.6140408958638908,0.001,Forage
outcome_eta0.001,17,570,1,0,9.300000000000775,72.5,0.0,2.6176582242289848,0.001,Forage
outcome_eta0.001,17,580,1,0,8.800000000000768,72.5,0.0,2.621256961891408,0.001,Forage
outcome_eta0.001,17,590,1,0,8.300000000000761,72.5,0.0,2.627715324468305,0.001,Forage
outcome_eta0.001,17,600,1,0,7.800000000000757,72.5,0.0,2.6351404402251335,0.001,Forage
outcome_eta0.001,17,610,1,0,5.600000000000758,72.5,0.0,2.6949943943809287,0.001,Forage
outcome_eta0.001,17,620,1,0,5.10000000000076,72.5,0.0,2.684720160698912,0.001,Forage
outcome_eta0.001,17,630,1,0,4.600000000000762,72.5,0.0,2.6881898658671175,0.001,Forage
outcome_eta0.001,17,640,1,0,4.1000000000007635,72.5,0.0,2.694171637744872,0.001,Forage
outcome_eta0.001,17,650,1,0,3.6000000000007653,72.5,0.0,2.701438652709907,0.001,Forage
outcome_eta0.001,17,660,1,0,5.200000000000767,72.5,0.0,2.6894884033923097,0.001,Forage
outcome_eta0.001,17,670,1,0,4.7000000000007685,72.5,0.0,2.6893662388572936,0.001,Forage
outcome_eta0.001,17,680,1,0,4.20000000000077,72.5,0.0,2.693487753012654,0.001,Forage
outcome_eta0.001,17,690,1,0,3.700000000000772,72.5,0.0,2.700148932108255,0.001,Forage
outcome_eta0.001,17,700,1,0,3.200000000000774,72.5,0.0,2.7076396209481346,0.001,Forage
outcome_eta0.001,17,710,1,0,5.7500000000007745,72.5,0.0,2.6830536694031335,0.001,Forage
outcome_eta0.001,17,720,1,0,5.250000000000776,72.5,0.0,2.680985135849217,0.001,Forage
outcome_eta0.001,17,730,1,0,4.750000000000778,72.5,0.0,2.684904311119147,0.001,Forage
outcome_eta0.001,17,740,1,0,4.25000000000078,72.5,0.0,2.6915052724944415,0.001,Forage
outcome_eta0.001,17,750,1,0,3.7500000000007816,72.5,0.0,2.6989766642111013,0.001,Forage
outcome_eta0.001,18,1,1,1,99.0,0.5,49.8,0.07531249623415032,0.001,Care
outcome_eta0.001,18,10,1,1,95.40000000000003,5.0,50.0,0.5984301461067632,0.001,Care
outcome_eta0.001,18,20,1,1,94.40000000000009,10.0,50.0,0.6845092517528645,0.001,Care
outcome_eta0.001,18,30,1,1,93.40000000000015,15.0,50.0,0.7709564197311497,0.001,Care
outcome_eta0.001,18,40,1,1,92.4000000000002,20.0,50.0,0.8574050982755199,0.001,Care
outcome_eta0.001,18,50,1,1,91.40000000000026,25.0,50.0,0.9438537827803839,0.001,Care
outcome_eta0.001,18,60,1,1,90.40000000000032,30.0,50.0,1.0303024673087628,0.001,Care
outcome_eta0.001,18,70,1,1,89.40000000000038,35.0,50.0,1.1167511518372346,0.001,Care
outcome_eta0.001,18,80,1,1,88.40000000000043,40.0,50.0,1.2031998363657066,0.001,Care
outcome_eta0.001,18,90,1,1,87.40000000000049,45.0,50.0,1.2896485208941786,0.001,Care
outcome_eta0.001,18,100,1,1,86.40000000000055,50.0,50.0,1.3760972054226506,0.001,Care
outcome_eta0.001,18,110,1,1,85.4000000000006,55.0,50.0,1.4625458899511228,0.001,Care
outcome_eta0.001,18,120,1,1,84.40000000000066,60.0,50.0,1.548994574479595,0.001,Care
outcome_eta0.001,18,130,1,1,83.40000000000072,65.0,50.0,1.635443259008067,0.001,Care
outcome_eta0.001,18,140,1,1,82.40000000000077,70.0,50.0,1.721891943536539,0.001,Care
outcome_eta0.001,18,150,1,1,81.40000000000083,75.0,50.0,1.8083406280650112,0.001,Care
outcome_eta0.001,18,160,1,1,76.80000000000086,80.0,49.19999999999999,2.669800620575603,0.001,Forage
outcome_eta0.001,18,170,1,1,72.2000000000009,65.0,50.0,1.8706602985108765,0.001,Care
outcome_eta0.001,18,180,1,1,71.20000000000095,70.0,50.0,1.9421824507608036,0.001,Care
outcome_eta0.001,18,190,1,1,70.20000000000101,75.0,50.0,2.0437642358839065,0.001,Care
outcome_eta0.001,18,200,1,1,67.40000000000106,80.0,49.599999999999994,2.080886893141386,0.001,Forage
outcome_eta0.001,18,210,1,1,61.00000000000106,65.0,49.599999999999966,2.182770226629438,0.001,Care
outcome_eta0.001,18,220,1,1,60.000000000001044,70.0,50.0,2.199537390277481,0.001,Care
outcome_eta0.001,18,230,1,1,59.00000000000103,75.0,50.0,2.304079332923596,0.001,Care
outcome_eta0.001,18,240,1,1,50.80000000000103,60.0,47.99999999999997,2.736339309517724,0.001,Forage
outcome_eta0.001,18,250,1,1,49.80000000000101,65.0,50.0,2.3681488832617785,0.001,Care
outcome_eta0.001,18,260,1,1,45.200000000001005,70.0,48.999999999999986,3.4204913186903427,0.001,Forage
outcome_eta0.001,18,270,1,1,44.20000000000099,55.0,50.0,2.331132983238274,0.001,Care
outcome_eta0.001,18,280,1,1,43.200000000000976,60.0,50.0,2.4350217089447557,0.001,Care
outcome_eta0.001,18,290,1,1,35.90000000000097,65.0,48.39999999999998,3.433685038347963,0.001,Forage
outcome_eta0.001,18,300,1,1,34.00000000000096,50.0,50.0,2.5017850190205353,0.001,Care
outcome_eta0.001,18,310,1,1,25.800000000000956,55.0,48.199999999999974,3.3213888655858934,0.001,Forage
outcome_eta0.001,18,320,1,1,27.40000000000095,60.0,46.199999999999946,3.693781657365641,0.001,Forage
outcome_eta0.001,18,330,1,1,26.900000000000944,65.0,44.19999999999992,3.6024350459630736,0.001,Forage
outcome_eta0.001,18,340,1,1,26.400000000000936,70.0,42.19999999999989,3.5446659164656786,0.001,Forage
outcome_eta0.001,18,350,1,1,25.90000000000093,75.0,40.19999999999986,3.5074848881266694,0.001,Forage
outcome_eta0.001,18,360,1,1,18.650000000000926,60.0,38.19999999999983,2.6881998288465656,0.001,Forage
outcome_eta0.001,18,370,1,1,18.15000000000092,65.0,36.199999999999804,2.6209893029427516,0.001,Forage
outcome_eta0.001,18,380,1,1,17.65000000000091,70.0,34.199999999999775,2.6146469151750393,0.001,Forage
outcome_eta0.001,18,390,1,1,17.150000000000905,75.0,32.19999999999975,2.7604247877142867,0.001,Forage
outcome_eta0.001,18,400,1,1,16.650000000000897,80.0,30.199999999999754,2.941635103640397,0.001,Forage
outcome_eta0.001,18,410,1,1,8.500000000000897,85.0,28.19999999999976,4.140327815227624,0.001,Forage
outcome_eta0.001,18,420,1,1,7.950000000000892,70.0,26.19999999999977,3.0927256402877426,0.001,Forage
outcome_eta0.001,18,430,1,1,7.450000000000894,75.0,24.199999999999775,3.3147245518660764,0.001,Forage
outcome_eta0.001,18,440,1,1,6.9500000000008955,80.0,22.199999999999783,3.5864999999999956,0.001,Forage
outcome_eta0.001,18,450,1,1,6.450000000000897,85.0,20.19999999999979,3.6814999999999953,0.001,Forage
outcome_eta0.001,18,460,0,1,0.0,90.0,18.199999999999797,4.636685424949242,0.001,Forage
outcome_eta0.001,18,470,0,1,0.0,95.0,16.199999999999804,4.726685424949242,0.001,Forage
outcome_eta0.001,18,480,0,0,0.0,100.0,14.199999999999811,3.1006854249492384,0.001,Forage
outcome_eta0.001,19,1,1,1,99.0,0.5,49.8,0.13971295987054594,0.001,Care
outcome_eta0.001,19,10,1,1,94.50000000000003,5.0,50.0,0.6150936474335522,0.001,Care
outcome_eta0.001,19,20,1,1,93.50000000000009,10.0,50.0,0.7250320452968552,0.001,Care
outcome_eta0.001,19,30,1,1,92.50000000000014,15.0,50.0,0.8491269231883131,0.001,Care
outcome_eta0.001,19,40,1,1,91.5000000000002,20.0,50.0,0.9801641557951697,0.001,Care
outcome_eta0.001,19,50,1,1,90.50000000000026,25.0,50.0,1.114565986993347,0.001,Care
outcome_eta0.001,19,60,1,1,89.50000000000031,30.0,50.0,1.2505974757907603,0.001,Care
outcome_eta0.001,19,70,1,1,88.50000000000037,35.0,50.0,1.3874182714033765,0.001,Care
outcome_eta0.001,19,80,1,1,87.50000000000043,40.0,50.0,1.5246213585095467,0.001,Care
outcome_eta0.001,19,90,1,1,86.50000000000048,45.0,50.0,1.6620096039989443,0.001,Care
outcome_eta0.001,19,100,1,1,85.50000000000054,50.0,50.0,1.799487528770535,0.001,Care
outcome_eta0.001,19,110,1,1,84.5000000000006,55.0,50.0,1.9370088886462393,0.001,Care
outcome_eta0.001,19,120,1,1,83.50000000000065,60.0,50.0,2.074551285803054,0.001,Care
outcome_eta0.001,19,130,1,1,82.50000000000071,65.0,50.0,2.212103872119204,0.001,Care
outcome_eta0.001,19,140,1,1,81.50000000000077,70.0,50.0,2.3496613934346717,0.001,Care
outcome_eta0.001,19,150,1,1,80.50000000000082,75.0,50.0,2.42,0.001,Care
outcome_eta0.001,19,160,1,1,79.50000000000088,80.0,50.0,2.4849999999999914,0.001,Care
outcome_eta0.001,19,170,1,1,78.50000000000094,85.0,50.0,2.5549999999999904,0.001,Care
outcome_eta0.001,19,180,1,1,73.90000000000097,90.0,49.19999999999999,2.7588189844453366,0.001,Forage
outcome_eta0.001,19,190,1,1,65.70000000000098,75.0,47.19999999999996,2.706999999999991,0.001,Forage
outcome_eta0.001,19,200,1,1,64.70000000000104,80.0,50.0,2.72099999999999,0.001,Care
outcome_eta0.001,19,210,1,1,61.90000000000108,85.0,49.599999999999994,2.72499999999999,0.001,Forage
outcome_eta0.001,19,220,1,1,53.700000000001076,70.0,47.599999999999966,2.83899999999999,0.001,Forage
outcome_eta0.001,19,230,1,1,52.70000000000106,75.0,50.0,2.86099999999999,0.001,Care
outcome_eta0.001,19,240,1,1,49.90000000000105,80.0,49.599999999999994,2.8649999999999904,0.001,Forage
outcome_eta0.001,19,250,1,1,40.80000000000105,85.0,47.599999999999966,3.909157287525372,0.001,Forage
outcome_eta0.001,19,260,1,1,32.600000000001046,70.0,45.59999999999994,3.847421356237301,0.001,Forage
outcome_eta0.001,19,270,1,1,23.500000000001044,55.0,43.59999999999991,3.24255724619999,0.001,Forage
outcome_eta0.001,19,280,1,1,23.20000000000104,60.0,41.59999999999988,4.294842712474612,0.001,Forage
outcome_eta0.001,19,290,1,1,22.700000000001033,65.0,39.59999999999985,4.289842712474612,0.001,Forage
outcome_eta0.001,19,300,1,1,22.200000000001026,70.0,37.599999999999824,4.284842712474613,0.001,Forage
outcome_eta0.001,19,310,1,1,14.050000000001024,75.0,35.599999999999795,4.2216572875253755,0.001,Forage
outcome_eta0.001,19,320,1,1,12.550000000001019,60.0,33.59999999999977,3.3354999999999957,0.001,Forage
outcome_eta0.001,19,330,1,1,12.050000000001011,65.0,31.59999999999975,3.3304999999999954,0.001,Forage
outcome_eta0.001,19,340,1,1,11.550000000001004,70.0,29.599999999999756,3.3254999999999955,0.001,Forage
outcome_eta0.001,19,350,1,1,11.050000000000997,75.0,27.599999999999763,3.387499999999995,0.001,Forage
outcome_eta0.001,19,360,1,1,2.900000000000997,80.0,25.59999999999977,4.258578643762685,0.001,Forage
outcome_eta0.001,19,370,1,1,0.45000000000099666,65.0,23.599999999999778,3.4734999999999943,0.001,Forage
outcome_eta0.001,19,380,0,1,0.0,70.0,21.599999999999785,3.568000000000004,0.001,Forage
outcome_eta0.001,19,390,0,1,0.0,75.0,19.599999999999792,3.658000000000004,0.001,Forage
outcome_eta0.001,19,400,0,1,0.0,80.0,17.5999999999998,3.7480000000000038,0.001,Forage
outcome_eta0.001,19,410,0,1,0.0,85.0,15.599999999999806,3.8380000000000036,0.001,Forage
outcome_eta0.001,19,420,0,1,0.0,90.0,13.599999999999813,3.9280000000000035,0.001,Forage
outcome_eta0.001,19,430,0,1,0.0,95.0,11.59999999999982,4.018000000000003,0.001,Forage
outcome_eta0.001,19,440,0,0,0.0,100.0,9.599999999999827,2.3,0.001,Forage
outcome_eta0.001,20,1,1,1,99.0,0.5,49.8,0.18309731609188767,0.001,Care
outcome_eta0.001,20,10,1,1,94.50000000000003,5.0,50.0,0.5903839822716188,0.001,Care
outcome_eta0.001,20,20,1,1,93.50000000000009,10.0,50.0,0.6569612098677731,0.001,Care
outcome_eta0.001,20,30,1,1,92.50000000000014,15.0,50.0,0.7250784514953177,0.001,Care
outcome_eta0.001,20,40,1,1,91.5000000000002,20.0,50.0,0.7931995621609573,0.001,Care
outcome_eta0.001,20,50,1,1,90.50000000000026,25.0,50.0,0.8613206808945739,0.001,Care
outcome_eta0.001,20,60,1,1,89.50000000000031,30.0,50.0,0.9294417996449131,0.001,Care
outcome_eta0.001,20,70,1,1,88.50000000000037,35.0,50.0,0.9975629183952871,0.001,Care
outcome_eta0.001,20,80,1,1,87.50000000000043,40.0,50.0,1.0656840371456613,0.001,Care
outcome_eta0.001,20,90,1,1,86.50000000000048,45.0,50.0,1.133805155896035,0.001,Care
outcome_eta0.001,20,100,1,1,85.50000000000054,50.0,50.0,1.201926274646409,0.001,Care
outcome_eta0.001,20,110,1,1,84.5000000000006,55.0,50.0,1.2700473933967829,0.001,Care
outcome_eta0.001,20,120,1,1,83.50000000000065,60.0,50.0,1.3381685121471567,0.001,Care
outcome_eta0.001,20,130,1,1,82.50000000000071,65.0,50.0,1.4062896308975308,0.001,Care
outcome_eta0.001,20,140,1,1,81.50000000000077,70.0,50.0,1.4744107496479044,0.001,Care
outcome_eta0.001,20,150,1,1,80.50000000000082,75.0,50.0,1.5425318683982787,0.001,Care
outcome_eta0.001,20,160,1,1,79.50000000000088,80.0,50.0,1.6164051577708065,0.001,Care
outcome_eta0.001,20,170,1,1,78.50000000000094,85.0,50.0,1.699191721395834,0.001,Care
outcome_eta0.001,20,180,1,1,77.500000000001,90.0,50.0,1.7821490176154273,0.001,Care
outcome_eta0.001,20,190,1,1,74.70000000000104,95.0,49.39999999999999,2.021579229928322,0.001,Forage
outcome_eta0.001,20,200,1,1,71.90000000000109,80.0,50.0,1.767437556425123,0.001,Care
outcome_eta0.001,20,210,1,1,70.90000000000114,85.0,50.0,1.8477703591128334,0.001,Care
outcome_eta0.001,20,220,1,1,69.9000000000012,90.0,50.0,1.9297026827812038,0.001,Care
outcome_eta0.001,20,230,1,1,65.30000000000123,75.0,49.59999999999998,1.8801202944951632,0.001,Forage
outcome_eta0.001,20,240,1,1,64.30000000000129,80.0,50.0,1.9422839339151103,0.001,Care
outcome_eta0.001,20,250,1,1,63.3000000000013,85.0,50.0,2.0243916212898068,0.001,Care
outcome_eta0.001,20,260,1,1,60.500000000001286,90.0,49.599999999999994,2.0384534536352703,0.001,Forage
outcome_eta0.001,20,270,1,1,54.10000000000128,75.0,49.599999999999966,2.203260960256892,0.001,Forage
outcome_eta0.001,20,280,1,1,53.100000000001266,80.0,50.0,2.258532485610089,0.001,Care
outcome_eta0.001,20,290,1,1,52.10000000000125,85.0,50.0,2.343956988410824,0.001,Care
outcome_eta0.001,20,300,1,1,49.30000000000124,90.0,49.599999999999994,2.361303839616291,0.001,Forage
outcome_eta0.001,20,310,1,1,42.900000000001235,75.0,49.599999999999966,2.541969629343785,0.001,Care
outcome_eta0.001,20,320,1,1,38.300000000001226,60.0,50.0,2.5096620321779004,0.001,Care
outcome_eta0.001,20,330,1,1,34.60000000000122,65.0,49.39999999999999,2.6657989511502866,0.001,Forage
outcome_eta0.001,20,340,1,1,29.25000000000121,50.0,47.39999999999996,2.7037201052281308,0.001,Forage
outcome_eta0.001,20,350,1,1,28.750000000001204,55.0,45.399999999999935,2.629087727125552,0.001,Forage
outcome_eta0.001,20,360,1,1,20.600000000001202,60.0,43.399999999999906,3.741499668465318,0.001,Forage
outcome_eta0.001,20,370,1,1,20.000000000001194,45.0,42.39999999999988,2.684725298199771,0.001,Forage
outcome_eta0.001,20,380,1,1,19.500000000001187,50.0,40.39999999999985,2.606297995128476,0.001,Forage
outcome_eta0.001,20,390,1,1,19.00000000000118,55.0,38.39999999999982,2.5587046942026994,0.001,Forage
outcome_eta0.001,20,400,1,1,18.500000000001172,60.0,36.39999999999979,2.529932427073641,0.001,Forage
outcome_eta0.001,20,410,1,1,22.000000000001165,65.0,34.399999999999764,2.4564556001706945,0.001,Forage
outcome_eta0.001,20,420,1,1,21.500000000001158,70.0,32.399999999999736,2.627888295320933,0.001,Forage
outcome_eta0.001,20,430,1,1,21.00000000000115,75.0,30.39999999999974,2.8213242030182992,0.001,Forage
outcome_eta0.001,20,440,1,1,20.500000000001144,80.0,28.399999999999746,3.0451602272862806,0.001,Forage
outcome_eta0.001,20,450,1,1,20.000000000001137,85.0,26.399999999999753,3.307350613575161,0.001,Forage
outcome_eta0.001,20,460,1,1,11.850000000001137,90.0,24.39999999999976,4.493078643762684,0.001,Forage
outcome_eta0.001,20,470,1,1,11.30000000000113,75.0,22.399999999999768,3.488999999999993,0.001,Forage
outcome_eta0.001,20,480,1,1,10.800000000001123,80.0,20.399999999999775,3.583999999999993,0.001,Forage
outcome_eta0.001,20,490,1,1,10.300000000001116,85.0,18.399999999999782,3.678999999999993,0.001,Forage
outcome_eta0.001,20,500,1,1,9.80000000000111,90.0,16.39999999999979,3.773999999999993,0.001,Forage
outcome_eta0.001,20,510,1,1,5.40000000000111,75.0,14.399999999999796,3.707999999999993,0.001,Forage
outcome_eta0.001,20,520,1,1,4.9000000000011115,80.0,12.399999999999803,3.8029999999999924,0.001,Forage
outcome_eta0.001,20,530,1,1,4.400000000001113,85.0,10.39999999999981,3.8979999999999926,0.001,Forage
outcome_eta0.001,20,540,1,1,3.900000000001115,90.0,8.399999999999817,3.9929999999999923,0.001,Forage
outcome_eta0.001,20,550,1,1,3.400000000001117,95.0,6.3999999999998165,4.087999999999992,0.001,Forage
outcome_eta0.001,20,560,0,0,0.0,100.0,4.399999999999815,2.8957359312880717,0.001,Forage
outcome_eta0.001,21,1,1,1,99.0,0.5,49.8,0.13410337394745625,0.001,Care
outcome_eta0.001,21,10,1,1,96.30000000000004,5.0,50.0,0.5997050012939911,0.001,Care
outcome_eta0.001,21,20,1,1,95.3000000000001,10.0,50.0,0.6953972659899861,0.001,Care
outcome_eta0.001,21,30,1,1,94.30000000000015,15.0,50.0,0.7931702765316248,0.001,Care
outcome_eta0.001,21,40,1,1,93.30000000000021,20.0,50.0,0.8911903208724936,0.001,Care
outcome_eta0.001,21,50,1,1,92.30000000000027,25.0,50.0,0.9892396939743772,0.001,Care
outcome_eta0.001,21,60,1,1,91.30000000000032,30.0,50.0,1.0872925490946135,0.001,Care
outcome_eta0.001,21,70,1,1,90.30000000000038,35.0,50.0,1.1853458176128724,0.001,Care
outcome_eta0.001,21,80,1,1,89.30000000000044,40.0,50.0,1.2833991352112646,0.001,Care
outcome_eta0.001,21,90,1,1,88.3000000000005,45.0,50.0,1.3814524586366306,0.001,Care
outcome_eta0.001,21,100,1,1,87.30000000000055,50.0,50.0,1.4795057827537965,0.001,Care
outcome_eta0.001,21,110,1,1,86.30000000000061,55.0,50.0,1.5775591069530952,0.001,Care
outcome_eta0.001,21,120,1,1,85.30000000000067,60.0,50.0,1.6756124311621452,0.001,Care
outcome_eta0.001,21,130,1,1,84.30000000000072,65.0,50.0,1.773665755372353,0.001,Care
outcome_eta0.001,21,140,1,1,83.30000000000078,70.0,50.0,1.8717190795826981,0.001,Care
outcome_eta0.001,21,150,1,1,82.30000000000084,75.0,50.0,1.9697724037930597,0.001,Care
outcome_eta0.001,21,160,1,1,81.30000000000089,80.0,50.0,2.067825728003423,0.001,Care
outcome_eta0.001,21,170,1,1,80.30000000000095,85.0,50.0,2.165879052213787,0.001,Care
outcome_eta0.001,21,180,1,1,79.300000000001,90.0,50.0,2.271280705806517,0.001,Care
outcome_eta0.001,21,190,1,1,78.30000000000106,95.0,50.0,2.3807088585512,0.001,Care
outcome_eta0.001,21,200,1,0,77.35000000000112,100.0,49.8,2.3447865870586515,0.001,Self
outcome_eta0.001,21,210,1,0,80.10000000000113,100.0,49.8,1.7494383729083687,0.001,Forage
outcome_eta0.001,21,220,1,0,81.90000000000114,100.0,49.8,1.7368673718468315,0.001,Forage
outcome_eta0.001,21,230,1,0,81.40000000000117,100.0,49.8,1.6307725091116705,0.001,Forage
outcome_eta0.001,21,240,1,0,80.9000000000012,100.0,49.8,1.5300713838998938,0.001,Forage
outcome_eta0.001,21,250,1,0,80.40000000000123,100.0,49.8,1.500006596247328,0.001,Forage
outcome_eta0.001,21,260,1,0,79.15000000000124,100.0,49.8,1.526083583075886,0.001,Forage
outcome_eta0.001,21,270,1,0,78.65000000000127,100.0,49.8,1.516857405728663,0.001,Forage
outcome_eta0.001,21,280,1,0,78.1500000000013,100.0,49.8,1.5227261546465236,0.001,Forage
outcome_eta0.001,21,290,1,0,77.65000000000133,100.0,49.8,1.527498057158702,0.001,Forage
outcome_eta0.001,21,300,1,0,77.15000000000136,100.0,49.8,1.5331733911087735,0.001,Forage
outcome_eta0.001,21,310,1,0,78.75000000000138,100.0,49.8,1.5175213740301217,0.001,Forage
outcome_eta0.001,21,320,1,0,78.2500000000014,100.0,49.8,1.520996474614658,0.001,Forage
outcome_eta0.001,21,330,1,0,77.75000000000144,100.0,49.8,1.5275540916321322,0.001,Forage
outcome_eta0.001,21,340,1,0,77.25000000000146,100.0,49.8,1.5344538958553047,0.001,Forage
outcome_eta0.001,21,350,1,0,76.75000000000149,100.0,49.8,1.5409633620952623,0.001,Forage
outcome_eta0.001,21,360,1,0,76.45000000000151,100.0,49.8,1.5503381185827376,0.001,Forage
outcome_eta0.001,21,370,1,0,75.95000000000154,100.0,49.8,1.5528083397968213,0.001,Forage
outcome_eta0.001,21,380,1,0,75.45000000000157,100.0,49.8,1.5578973016947375,0.001,Forage
outcome_eta0.001,21,390,1,0,74.9500000000016,100.0,49.8,1.5642228805981093,0.001,Forage
outcome_eta0.001,21,400,1,0,74.45000000000162,100.0,49.8,1.5706666127821767,0.001,Forage
outcome_eta0.001,21,410,1,0,73.20000000000164,100.0,49.8,1.6029427028312475,0.001,Forage
outcome_eta0.001,21,420,1,0,72.70000000000167,100.0,49.8,1.5979821209887646,0.001,Forage
outcome_eta0.001,21,430,1,0,72.2000000000017,100.0,49.8,1.6002046399123442,0.001,Forage
outcome_eta0.001,21,440,1,0,71.70000000000172,100.0,49.8,1.6062173189356956,0.001,Forage
outcome_eta0.001,21,450,1,0,71.20000000000175,100.0,49.8,1.6126320606166367,0.001,Forage
outcome_eta0.001,21,460,1,0,70.90000000000177,100.0,49.8,1.622774320757725,0.001,Forage
outcome_eta0.001,21,470,1,0,70.4000000000018,100.0,49.8,1.6259282224162648,0.001,Forage
outcome_eta0.001,21,480,1,0,69.90000000000182,100.0,49.8,1.6296970314472694,0.001,Forage
outcome_eta0.001,21,490,1,0,69.40000000000185,100.0,49.8,1.6358949227367894,0.001,Forage
outcome_eta0.001,21,500,1,0,68.90000000000188,100.0,49.8,1.6423268467886314,0.001,Forage
outcome_eta0.001,21,510,1,0,66.70000000000188,100.0,49.8,1.7005453012442038,0.001,Forage
outcome_eta0.001,21,520,1,0,66.2000000000019,100.0,49.8,1.6872776325798373,0.001,Forage
outcome_eta0.001,21,530,1,0,65.70000000000194,100.0,49.8,1.6847645192437763,0.001,Forage
outcome_eta0.001,21,540,1,0,65.20000000000196,100.0,49.8,1.6902012000009203,0.001,Forage
outcome_eta0.001,21,550,1,0,64.70000000000199,100.0,49.8,1.6965624947737428,0.001,Forage
outcome_eta0.001,21,560,1,0,65.35000000000201,100.0,49.8,1.6969029722804607,0.001,Forage
outcome_eta0.001,21,570,1,0,64.85000000000204,100.0,49.8,1.6981965657601217,0.001,Forage
outcome_eta0.001,21,580,1,0,64.35000000000207,100.0,49.8,1.7014107807806431,0.001,Forage
outcome_eta0.001,21,590,1,0,63.8500000000021,100.0,49.8,1.7075590081525431,0.001,Forage
outcome_eta0.001,21,600,1,0,63.350000000002126,100.0,49.8,1.7139863455333857,0.001,Forage
outcome_eta0.001,21,610,1,0,54.30000000000213,100.0,49.8,1.8597043761605252,0.001,Forage
outcome_eta0.001,21,620,1,0,58.75000000000215,100.0,49.8,1.7936789531445931,0.001,Forage
outcome_eta0.001,21,630,1,0,58.25000000000218,100.0,49.8,1.7846382485166838,0.001,Forage
outcome_eta0.001,21,640,1,0,57.75000000000221,100.0,49.8,1.7867384860348523,0.001,Forage
outcome_eta0.001,21,650,1,0,57.25000000000224,100.0,49.8,1.792785460006001,0.001,Forage
outcome_eta0.001,21,660,1,0,57.90000000000225,100.0,49.8,1.7950960328662422,0.001,Forage
outcome_eta0.001,21,670,1,0,57.40000000000228,100.0,49.8,1.7959552647491273,0.001,Forage
outcome_eta0.001,21,680,1,0,56.90000000000231,100.0,49.8,1.7977506264249665,0.001,Forage
outcome_eta0.001,21,690,1,0,56.400000000002336,100.0,49.8,1.8037637256519763,0.001,Forage
outcome_eta0.001,21,700,1,0,55.900000000002365,100.0,49.8,1.8101785700467399,0.001,Forage
outcome_eta0.001,21,710,1,0,56.55000000000238,100.0,49.8,1.8128854082170078,0.001,Forage
outcome_eta0.001,21,720,1,0,56.050000000002406,100.0,49.8,1.813669558884027,0.001,Forage
outcome_eta0.001,21,730,1,0,55.550000000002434,100.0,49.8,1.815208148208868,0.001,Forage
outcome_eta0.001,21,740,1,0,55.05000000000246,100.0,49.8,1.8211967921114152,0.001,Forage
outcome_eta0.001,21,750,1,0,54.55000000000249,100.0,49.8,1.8276093755395406,0.001,Forage
outcome_eta0.001,21,760,1,0,55.200000000002504,100.0,49.8,1.830678266841713,0.001,Forage
outcome_eta0.001,21,770,1,0,54.70000000000253,100.0,49.8,1.8313841748917563,0.001,Forage
outcome_eta0.001,21,780,1,0,54.20000000000256,100.0,49.8,1.8326656997355095,0.001,Forage
outcome_eta0.001,21,790,1,0,53.70000000000259,100.0,49.8,1.8386298613192396,0.001,Forage
outcome_eta0.001,21,800,1,0,53.20000000000262,100.0,49.8,1.8450401812863069,0.001,Forage
outcome_eta0.001,21,810,1,0,55.750000000002636,100.0,49.8,1.8265081830947842,0.001,Forage
outcome_eta0.001,21,820,1,0,55.250000000002665,100.0,49.8,1.8204759881944814,0.001,Forage
outcome_eta0.001,21,830,1,0,54.75000000000269,100.0,49.8,1.8252000075577386,0.001,Forage
outcome_eta0.001,21,840,1,0,54.25000000000272,100.0,49.8,1.8314948281436165,0.001,Forage
outcome_eta0.001,21,850,1,0,53.75000000000275,100.0,49.8,1.8379357228447444,0.001,Forage
outcome_eta0.001,21,860,1,0,56.30000000000277,100.0,49.8,1.819174676290312,0.001,Forage
outcome_eta0.001,21,870,1,0,55.8000000000028,100.0,49.8,1.8133403482870634,0.001,Forage
outcome_eta0.001,21,880,1,0,55.300000000002825,100.0,49.8,1.8180954725181773,0.001,Forage
outcome_eta0.001,21,890,1,0,54.80000000000285,100.0,49.8,1.8243931878893476,0.001,Forage
outcome_eta0.001,21,900,1,0,54.30000000000288,100.0,49.8,1.8308343501167241,0.001,Forage
outcome_eta0.001,21,910,1,0,52.100000000002886,100.0,49.8,1.8890536582505137,0.001,Forage
outcome_eta0.001,21,920,1,0,51.600000000002915,100.0,49.8,1.8858896775858964,0.001,Forage
outcome_eta0.001,21,930,1,0,51.10000000000294,100.0,49.8,1.8744108654313956,0.001,Forage
outcome_eta0.001,21,940,1,0,50.60000000000297,100.0,49.8,1.878815119208889,0.001,Forage
outcome_eta0.001,21,950,1,0,50.100000000003,100.0,49.8,1.8850806856902864,0.001,Forage
outcome_eta0.001,21,960,1,0,48.85000000000301,100.0,49.8,1.9184596398500613,0.001,Forage
outcome_eta0.001,21,970,1,0,48.350000000003035,100.0,49.8,1.9266437727326935,0.001,Forage
outcome_eta0.001,21,980,1,0,47.850000000003064,100.0,49.8,1.9160977841645257,0.001,Forage
outcome_eta0.001,21,990,1,0,47.35000000000309,100.0,49.8,1.920751887991404,0.001,Forage
outcome_eta0.001,21,1000,1,0,46.85000000000312,100.0,49.8,1.9270408040111708,0.001,Forage
outcome_eta0.001,22,1,1,1,99.95,0.5,49.8,0.11235430163189793,0.001,Forage
outcome_eta0.001,22,10,1,1,99.50000000000003,5.0,47.99999999999997,0.3828606496461971,0.001,Forage
outcome_eta0.001,22,20,1,1,99.00000000000006,10.0,45.99999999999994,1.0055731781791146,0.001,Forage
outcome_eta0.001,22,30,1,1,98.50000000000009,15.0,43.999999999999915,1.6824195115520872,0.001,Forage
outcome_eta0.001,22,40,1,1,98.00000000000011,20.0,41.999999999999886,1.9393793209539072,0.001,Forage
outcome_eta0.001,22,50,1,1,97.50000000000014,25.0,39.99999999999986,2.202439266496384,0.001,Forage
outcome_eta0.001,22,60,1,1,90.25000000000016,10.0,37.99999999999983,2.6953752393944823,0.001,Forage
outcome_eta0.001,22,70,1,1,89.25000000000021,15.0,45.9999999999998,1.6927986413204303,0.001,Care
outcome_eta0.001,22,80,1,1,88.25000000000027,20.0,50.0,1.609568602146243,0.001,Care
outcome_eta0.001,22,90,1,1,87.25000000000033,25.0,50.0,1.6736078170655377,0.001,Care
outcome_eta0.001,22,100,1,1,86.25000000000038,30.0,50.0,1.8144961980457281,0.001,Care
outcome_eta0.001,22,110,1,1,85.25000000000044,35.0,50.0,1.9369999999999998,0.001,Care
outcome_eta0.001,22,120,1,1,84.2500000000005,40.0,50.0,1.9969999999999999,0.001,Care
outcome_eta0.001,22,130,1,1,83.25000000000055,45.0,50.0,2.057,0.001,Care
outcome_eta0.001,22,140,1,1,82.25000000000061,50.0,50.0,2.117,0.001,Care
outcome_eta0.001,22,150,1,1,81.25000000000067,55.0,50.0,2.1769999999999996,0.001,Care
outcome_eta0.001,22,160,1,1,80.25000000000072,60.0,50.0,2.2369999999999997,0.001,Care
outcome_eta0.001,22,170,1,1,79.25000000000078,65.0,50.0,2.304499999999992,0.001,Care
outcome_eta0.001,22,180,1,1,78.25000000000084,70.0,50.0,2.3744999999999914,0.001,Care
outcome_eta0.001,22,190,1,1,77.2500000000009,75.0,50.0,2.444499999999991,0.001,Care
outcome_eta0.001,22,200,1,1,76.25000000000095,80.0,50.0,2.51449999999999,0.001,Care
outcome_eta0.001,22,210,1,1,75.25000000000101,85.0,50.0,2.58449999999999,0.001,Care
outcome_eta0.001,22,220,1,1,74.25000000000107,90.0,50.0,2.6544999999999894,0.001,Care
outcome_eta0.001,22,230,1,1,73.25000000000112,95.0,50.0,2.7244999999999893,0.001,Care
outcome_eta0.001,22,240,1,0,71.35000000000117,100.0,49.8,2.8074999999999886,0.001,Forage
outcome_eta0.001,22,250,1,0,67.25000000000118,100.0,49.8,2.8944999999999883,0.001,Forage
outcome_eta0.001,22,260,1,0,74.9500000000012,100.0,49.8,2.8554999999999886,0.001,Forage
outcome_eta0.001,22,270,1,0,74.45000000000122,100.0,49.8,2.6986407316353622,0.001,Forage
outcome_eta0.001,22,280,1,0,73.95000000000125,100.0,49.8,2.120645323745471,0.001,Forage
outcome_eta0.001,22,290,1,0,73.45000000000128,100.0,49.8,1.7690907999168513,0.001,Forage
outcome_eta0.001,22,300,1,0,72.95000000000131,100.0,49.8,1.7124399572038473,0.001,Forage
outcome_eta0.001,22,310,1,0,74.55000000000133,100.0,49.8,1.7306254891298463,0.001,Forage
outcome_eta0.001,22,320,1,0,74.05000000000136,100.0,49.8,1.7491652117638434,0.001,Forage
outcome_eta0.001,22,330,1,0,73.55000000000139,100.0,49.8,1.8893097635905498,0.001,Forage
outcome_eta0.001,22,340,1,0,73.05000000000142,100.0,49.8,2.165002661890654,0.001,Forage
outcome_eta0.001,22,350,1,0,72.55000000000145,100.0,49.8,2.3956599441617557,0.001,Forage
outcome_eta0.001,22,360,1,0,70.35000000000146,100.0,49.8,2.6224999999999854,0.001,Forage
outcome_eta0.001,22,370,1,0,69.85000000000149,100.0,49.8,2.601499999999985,0.001,Forage
outcome_eta0.001,22,380,1,0,69.35000000000151,100.0,49.8,2.606499999999985,0.001,Forage
outcome_eta0.001,22,390,1,0,68.85000000000154,100.0,49.8,2.6114999999999844,0.001,Forage
outcome_eta0.001,22,400,1,0,68.35000000000157,100.0,49.8,2.6164999999999843,0.001,Forage
outcome_eta0.001,22,410,1,0,71.8500000000016,100.0,49.8,2.581499999999984,0.001,Forage
outcome_eta0.001,22,420,1,0,71.35000000000163,100.0,49.8,2.5864999999999836,0.001,Forage
outcome_eta0.001,22,430,1,0,70.85000000000166,100.0,49.8,2.5914999999999835,0.001,Forage
outcome_eta0.001,22,440,1,0,70.35000000000169,100.0,49.8,2.596499999999983,0.001,Forage
outcome_eta0.001,22,450,1,0,69.85000000000171,100.0,49.8,2.601499999999983,0.001,Forage
outcome_eta0.001,22,460,1,0,69.55000000000173,100.0,49.8,2.604499999999983,0.001,Forage
outcome_eta0.001,22,470,1,0,69.05000000000176,100.0,49.8,2.6094999999999824,0.001,Forage
outcome_eta0.001,22,480,1,0,68.55000000000179,100.0,49.8,2.614499999999982,0.001,Forage
outcome_eta0.001,22,490,1,0,68.05000000000182,100.0,49.8,2.6194999999999817,0.001,Forage
outcome_eta0.001,22,500,1,0,67.55000000000184,100.0,49.8,2.6244999999999816,0.001,Forage
outcome_eta0.001,22,510,1,0,67.25000000000186,100.0,49.8,2.6274999999999813,0.001,Forage
outcome_eta0.001,22,520,1,0,66.75000000000189,100.0,49.8,2.632499999999981,0.001,Forage
outcome_eta0.001,22,530,1,0,66.25000000000192,100.0,49.8,2.6374999999999806,0.001,Forage
outcome_eta0.001,22,540,1,0,65.75000000000195,100.0,49.8,2.6424999999999805,0.001,Forage
outcome_eta0.001,22,550,1,0,65.25000000000198,100.0,49.8,2.6474999999999804,0.001,Forage
outcome_eta0.001,22,560,1,0,64.00000000000199,100.0,49.8,2.67099999999998,0.001,Forage
outcome_eta0.001,22,570,1,0,63.50000000000202,100.0,49.8,2.6649999999999796,0.001,Forage
outcome_eta0.001,22,580,1,0,63.000000000002046,100.0,49.8,2.6699999999999795,0.001,Forage
outcome_eta0.001,22,590,1,0,62.500000000002075,100.0,49.8,2.6749999999999794,0.001,Forage
outcome_eta0.001,22,600,1,0,62.0000000000021,100.0,49.8,2.679999999999979,0.001,Forage
outcome_eta0.001,22,610,1,0,52.950000000002106,100.0,49.8,2.815499999999979,0.001,Forage
outcome_eta0.001,22,620,1,0,57.40000000000213,100.0,49.8,2.7259999999999787,0.001,Forage
outcome_eta0.001,22,630,1,0,56.90000000000216,100.0,49.8,2.7309999999999786,0.001,Forage
outcome_eta0.001,22,640,1,0,56.40000000000219,100.0,49.8,2.735999999999978,0.001,Forage
outcome_eta0.001,22,650,1,0,55.900000000002215,100.0,49.8,2.740999999999978,0.001,Forage
outcome_eta0.001,22,660,1,0,46.85000000000222,100.0,49.8,2.876499999999978,0.001,Forage
outcome_eta0.001,22,670,1,0,51.30000000000224,100.0,49.8,2.7869999999999777,0.001,Forage
outcome_eta0.001,22,680,1,0,50.80000000000227,100.0,49.8,2.791999999999977,0.001,Forage
outcome_eta0.001,22,690,1,0,50.3000000000023,100.0,49.8,2.796999999999977,0.001,Forage
outcome_eta0.001,22,700,1,0,49.80000000000233,100.0,49.8,2.8019999999999765,0.001,Forage
outcome_eta0.001,22,710,1,0,49.50000000000234,100.0,49.8,2.8049999999999766,0.001,Forage
outcome_eta0.001,22,720,1,0,49.000000000002366,100.0,49.8,2.8099999999999765,0.001,Forage
outcome_eta0.001,22,730,1,0,48.500000000002395,100.0,49.8,2.814999999999976,0.001,Forage
outcome_eta0.001,22,740,1,0,48.00000000000242,100.0,49.8,2.819999999999976,0.001,Forage
outcome_eta0.001,22,750,1,0,47.50000000000245,100.0,49.8,2.8249999999999753,0.001,Forage
outcome_eta0.001,22,760,1,0,48.150000000002464,100.0,49.8,2.8184999999999754,0.001,Forage
outcome_eta0.001,22,770,1,0,47.65000000000249,100.0,49.8,2.8234999999999753,0.001,Forage
outcome_eta0.001,22,780,1,0,47.15000000000252,100.0,49.8,2.8284999999999747,0.001,Forage
outcome_eta0.001,22,790,1,0,46.65000000000255,100.0,49.8,2.8334999999999746,0.001,Forage
outcome_eta0.001,22,800,1,0,46.15000000000258,100.0,49.8,2.838499999999974,0.001,Forage
outcome_eta0.001,22,810,1,0,45.85000000000259,100.0,49.8,2.841499999999974,0.001,Forage
outcome_eta0.001,22,820,1,0,45.350000000002616,100.0,49.8,2.846499999999974,0.001,Forage
outcome_eta0.001,22,830,1,0,44.850000000002645,100.0,49.8,2.8514999999999735,0.001,Forage
outcome_eta0.001,22,840,1,0,44.35000000000267,100.0,49.8,2.8564999999999734,0.001,Forage
outcome_eta0.001,22,850,1,0,43.8500000000027,100.0,49.8,2.861499999999973,0.001,Forage
outcome_eta0.001,22,860,1,0,46.40000000000272,100.0,49.8,2.8359999999999728,0.001,Forage
outcome_eta0.001,22,870,1,0,45.90000000000275,100.0,49.8,2.8409999999999727,0.001,Forage
outcome_eta0.001,22,880,1,0,45.40000000000278,100.0,49.8,2.845999999999972,0.001,Forage
outcome_eta0.001,22,890,1,0,44.900000000002805,100.0,49.8,2.850999999999972,0.001,Forage
outcome_eta0.001,22,900,1,0,44.400000000002834,100.0,49.8,2.8559999999999715,0.001,Forage
outcome_eta0.001,22,910,1,0,46.00000000000285,100.0,49.8,2.8399999999999714,0.001,Forage
outcome_eta0.001,22,920,1,0,45.50000000000288,100.0,49.8,2.8449999999999713,0.001,Forage
outcome_eta0.001,22,930,1,0,45.000000000002906,100.0,49.8,2.8499999999999712,0.001,Forage
outcome_eta0.001,22,940,1,0,44.500000000002935,100.0,49.8,2.8549999999999707,0.001,Forage
outcome_eta0.001,22,950,1,0,44.00000000000296,100.0,49.8,2.85999999999997,0.001,Forage
outcome_eta0.001,22,960,1,0,42.75000000000297,100.0,49.8,2.8834999999999704,0.001,Forage
outcome_eta0.001,22,970,1,0,42.250000000003,100.0,49.8,2.87749999999997,0.001,Forage
outcome_eta0.001,22,980,1,0,41.75000000000303,100.0,49.8,2.8824999999999696,0.001,Forage
outcome_eta0.001,22,990,1,0,41.250000000003055,100.0,49.8,2.8874999999999695,0.001,Forage
outcome_eta0.001,22,1000,1,0,40.750000000003084,100.0,49.8,2.892499999999969,0.001,Forage
outcome_eta0.001,23,1,1,1,99.0,0.5,49.8,0.25824865128263613,0.001,Care
outcome_eta0.001,23,10,1,1,92.70000000000002,5.0,50.0,0.6109028503909073,0.001,Care
outcome_eta0.001,23,20,1,1,91.70000000000007,10.0,50.0,0.6866622962588055,0.001,Care
outcome_eta0.001,23,30,1,1,90.70000000000013,15.0,50.0,0.7669011886591718,0.001,Care
outcome_eta0.001,23,40,1,1,89.70000000000019,20.0,50.0,0.8471677292249398,0.001,Care
outcome_eta0.001,23,50,1,1,88.70000000000024,25.0,50.0,0.9274344392242984,0.001,Care
outcome_eta0.001,23,60,1,1,87.7000000000003,30.0,50.0,1.0077011502619804,0.001,Care
outcome_eta0.001,23,70,1,1,86.70000000000036,35.0,50.0,1.0879678613060255,0.001,Care
outcome_eta0.001,23,80,1,1,85.70000000000041,40.0,50.0,1.1682345723501095,0.001,Care
outcome_eta0.001,23,90,1,1,84.70000000000047,45.0,50.0,1.248501283394194,0.001,Care
outcome_eta0.001,23,100,1,1,83.70000000000053,50.0,50.0,1.3287679944382782,0.001,Care
outcome_eta0.001,23,110,1,1,82.70000000000059,55.0,50.0,1.4090347054823629,0.001,Care
outcome_eta0.001,23,120,1,1,81.70000000000064,60.0,50.0,1.4893014165264469,0.001,Care
outcome_eta0.001,23,130,1,1,80.7000000000007,65.0,50.0,1.5695681275705315,0.001,Care
outcome_eta0.001,23,140,1,1,79.70000000000076,70.0,50.0,1.6528903404898916,0.001,Care
outcome_eta0.001,23,150,1,1,78.70000000000081,75.0,50.0,1.7444923646784773,0.001,Care
outcome_eta0.001,23,160,1,1,77.70000000000087,80.0,50.0,1.8362313675648352,0.001,Care
outcome_eta0.001,23,170,1,1,76.70000000000093,85.0,50.0,1.9279712100090256,0.001,Care
outcome_eta0.001,23,180,1,1,75.70000000000098,90.0,50.0,2.019711057598198,0.001,Care
outcome_eta0.001,23,190,1,1,74.70000000000104,95.0,50.0,2.111450905218899,0.001,Care
outcome_eta0.001,23,200,1,0,73.7500000000011,100.0,49.8,2.0355636315179098,0.001,Self
outcome_eta0.001,23,210,1,0,76.50000000000111,100.0,49.8,1.7458322540394593,0.001,Forage
outcome_eta0.001,23,220,1,0,79.25000000000112,100.0,49.8,1.7435377747659009,0.001,Forage
outcome_eta0.001,23,230,1,0,78.75000000000115,100.0,49.8,1.6452318460004938,0.001,Forage
outcome_eta0.001,23,240,1,0,78.25000000000118,100.0,49.8,1.5510975716900983,0.001,Forage
outcome_eta0.001,23,250,1,0,77.75000000000121,100.0,49.8,1.5258954537607659,0.001,Forage
outcome_eta0.001,23,260,1,0,77.45000000000122,100.0,49.8,1.5314654634332134,0.001,Forage
outcome_eta0.001,23,270,1,0,76.95000000000125,100.0,49.8,1.5351747644764298,0.001,Forage
outcome_eta0.001,23,280,1,0,76.45000000000128,100.0,49.8,1.5400048829452644,0.001,Forage
outcome_eta0.001,23,290,1,0,75.95000000000131,100.0,49.8,1.5471884438544365,0.001,Forage
outcome_eta0.001,23,300,1,0,75.45000000000134,100.0,49.8,1.554163040704097,0.001,Forage
outcome_eta0.001,23,310,1,0,78.95000000000137,100.0,49.8,1.5130040966817615,0.001,Forage
outcome_eta0.001,23,320,1,0,78.4500000000014,100.0,49.8,1.5189655844191112,0.001,Forage
outcome_eta0.001,23,330,1,0,77.95000000000142,100.0,49.8,1.5256591904756696,0.001,Forage
outcome_eta0.001,23,340,1,0,77.45000000000145,100.0,49.8,1.5320791416252126,0.001,Forage
outcome_eta0.001,23,350,1,0,76.95000000000148,100.0,49.8,1.5384941853063652,0.001,Forage
outcome_eta0.001,23,360,1,0,79.5000000000015,100.0,49.8,1.5076348822247594,0.001,Forage
outcome_eta0.001,23,370,1,0,79.00000000000153,100.0,49.8,1.5122059043562652,0.001,Forage
outcome_eta0.001,23,380,1,0,78.50000000000156,100.0,49.8,1.518607703290388,0.001,Forage
outcome_eta0.001,23,390,1,0,78.00000000000159,100.0,49.8,1.5250226526211805,0.001,Forage
outcome_eta0.001,23,400,1,0,77.50000000000162,100.0,49.8,1.531437668089914,0.001,Forage
outcome_eta0.001,23,410,1,0,77.20000000000164,100.0,49.8,1.5407671131406984,0.001,Forage
outcome_eta0.001,23,420,1,0,76.70000000000167,100.0,49.8,1.5418213887075587,0.001,Forage
outcome_eta0.001,23,430,1,0,76.2000000000017,100.0,49.8,1.548117454069255,0.001,Forage
outcome_eta0.001,23,440,1,0,75.70000000000172,100.0,49.8,1.554531728502659,0.001,Forage
outcome_eta0.001,23,450,1,0,75.20000000000175,100.0,49.8,1.560946740663883,0.001,Forage
outcome_eta0.001,23,460,1,0,76.80000000000177,100.0,49.8,1.5434209290920193,0.001,Forage
outcome_eta0.001,23,470,1,0,76.3000000000018,100.0,49.8,1.5468632878435078,0.001,Forage
outcome_eta0.001,23,480,1,0,75.80000000000183,100.0,49.8,1.553248878722439,0.001,Forage
outcome_eta0.001,23,490,1,0,75.30000000000186,100.0,49.8,1.5596637382253629,0.001,Forage
outcome_eta0.001,23,500,1,0,74.80000000000189,100.0,49.8,1.5660787532696072,0.001,Forage
outcome_eta0.001,23,510,1,0,76.40000000000191,100.0,49.8,1.5485985577798551,0.001,Forage
outcome_eta0.001,23,520,1,0,75.90000000000194,100.0,49.8,1.5519965132463034,0.001,Forage
outcome_eta0.001,23,530,1,0,75.40000000000197,100.0,49.8,1.5583808983490595,0.001,Forage
outcome_eta0.001,23,540,1,0,74.900000000002,100.0,49.8,1.5647957508777877,0.001,Forage
outcome_eta0.001,23,550,1,0,74.40000000000202,100.0,49.8,1.571210765888687,0.001,Forage
outcome_eta0.001,23,560,1,0,74.10000000000204,100.0,49.8,1.5806963767396667,0.001,Forage
outcome_eta0.001,23,570,1,0,73.60000000000207,100.0,49.8,1.5816672993418313,0.001,Forage
outcome_eta0.001,23,580,1,0,73.1000000000021,100.0,49.8,1.5878910569299491,0.001,Forage
outcome_eta0.001,23,590,1,0,72.60000000000213,100.0,49.8,1.594304828821092,0.001,Forage
outcome_eta0.001,23,600,1,0,72.10000000000215,100.0,49.8,1.6007198384721355,0.001,Forage
outcome_eta0.001,23,610,1,0,70.85000000000217,100.0,49.8,1.6348206954263547,0.001,Forage
outcome_eta0.001,23,620,1,0,70.3500000000022,100.0,49.8,1.6240900086095884,0.001,Forage
outcome_eta0.001,23,630,1,0,69.85000000000223,100.0,49.8,1.6295954895441396,0.001,Forage
outcome_eta0.001,23,640,1,0,69.35000000000225,100.0,49.8,1.636002467364694,0.001,Forage
outcome_eta0.001,23,650,1,0,68.85000000000228,100.0,49.8,1.6424174411686887,0.001,Forage
outcome_eta0.001,23,660,1,0,66.6500000000023,100.0,49.8,1.7042055405334717,0.001,Forage
outcome_eta0.001,23,670,1,0,66.15000000000232,100.0,49.8,1.6789111866198776,0.001,Forage
outcome_eta0.001,23,680,1,0,65.65000000000235,100.0,49.8,1.6834927496482521,0.001,Forage
outcome_eta0.001,23,690,1,0,65.15000000000238,100.0,49.8,1.6898886603541752,0.001,Forage
outcome_eta0.001,23,700,1,0,64.65000000000241,100.0,49.8,1.6963035739517398,0.001,Forage
outcome_eta0.001,23,710,1,0,66.25000000000243,100.0,49.8,1.6799808857373453,0.001,Forage
outcome_eta0.001,23,720,1,0,65.75000000000246,100.0,49.8,1.6822521078422934,0.001,Forage
outcome_eta0.001,23,730,1,0,65.25000000000249,100.0,49.8,1.6886058963745927,0.001,Forage
outcome_eta0.001,23,740,1,0,64.75000000000252,100.0,49.8,1.695020571933101,0.001,Forage
outcome_eta0.001,23,750,1,0,64.25000000000254,100.0,49.8,1.7014355860978738,0.001,Forage
outcome_eta0.001,23,760,1,0,65.85000000000257,100.0,49.8,1.6851585144231225,0.001,Forage
outcome_eta0.001,23,770,1,0,65.3500000000026,100.0,49.8,1.6873853332450799,0.001,Forage
outcome_eta0.001,23,780,1,0,64.85000000000262,100.0,49.8,1.6937379160012132,0.001,Forage
outcome_eta0.001,23,790,1,0,64.35000000000265,100.0,49.8,1.7001525845855257,0.001,Forage
outcome_eta0.001,23,800,1,0,63.85000000000268,100.0,49.8,1.7065675987169535,0.001,Forage
outcome_eta0.001,23,810,1,0,66.4000000000027,100.0,49.8,1.677228495991486,0.001,Forage
outcome_eta0.001,23,820,1,0,65.90000000000273,100.0,49.8,1.68030348735551,0.001,Forage
outcome_eta0.001,23,830,1,0,65.40000000000276,100.0,49.8,1.6866812517136396,0.001,Forage
outcome_eta0.001,23,840,1,0,64.90000000000279,100.0,49.8,1.693096066531408,0.001,Forage
outcome_eta0.001,23,850,1,0,64.40000000000282,100.0,49.8,1.699511081362748,0.001,Forage
outcome_eta0.001,23,860,1,0,65.05000000000283,100.0,49.8,1.6963360665572356,0.001,Forage
outcome_eta0.001,23,870,1,0,64.55000000000285,100.0,49.8,1.6978405040220168,0.001,Forage
outcome_eta0.001,23,880,1,0,64.05000000000288,100.0,49.8,1.7040032045996885,0.001,Forage
outcome_eta0.001,23,890,1,0,63.55000000000291,100.0,49.8,1.7104166160647796,0.001,Forage
outcome_eta0.001,23,900,1,0,63.05000000000294,100.0,49.8,1.716831623983294,0.001,Forage
outcome_eta0.001,23,910,1,0,61.800000000002946,100.0,49.8,1.7510933688077461,0.001,Forage
outcome_eta0.001,23,920,1,0,61.300000000002974,100.0,49.8,1.7410057560090326,0.001,Forage
outcome_eta0.001,23,930,1,0,60.800000000003,100.0,49.8,1.7457146160161439,0.001,Forage
outcome_eta0.001,23,940,1,0,60.30000000000303,100.0,49.8,1.7521142913952117,0.001,Forage
outcome_eta0.001,23,950,1,0,59.80000000000306,100.0,49.8,1.7585292268511719,0.001,Forage
outcome_eta0.001,23,960,1,0,62.35000000000308,100.0,49.8,1.7296601094093633,0.001,Forage
outcome_eta0.001,23,970,1,0,61.85000000000311,100.0,49.8,1.7322725874430693,0.001,Forage
outcome_eta0.001,23,980,1,0,61.350000000003135,100.0,49.8,1.7386429212643395,0.001,Forage
outcome_eta0.001,23,990,1,0,60.85000000000316,100.0,49.8,1.7450576944960208,0.001,Forage
outcome_eta0.001,23,1000,1,0,60.35000000000319,100.0,49.8,1.7514727091303035,0.001,Forage
outcome_eta0.001,24,1,1,1,99.0,0.5,49.8,0.27605474356039206,0.001,Care
outcome_eta0.001,24,10,1,1,97.20000000000005,5.0,50.0,0.5897213190033287,0.001,Care
outcome_eta0.001,24,20,1,1,96.2000000000001,10.0,50.0,0.6771122042640184,0.001,Care
outcome_eta0.001,24,30,1,1,95.20000000000016,15.0,50.0,0.7651924091347289,0.001,Care
outcome_eta0.001,24,40,1,1,94.20000000000022,20.0,50.0,0.85331896979203,0.001,Care
outcome_eta0.001,24,50,1,1,93.20000000000027,25.0,50.0,0.9414485833708619,0.001,Care
outcome_eta0.001,24,60,1,1,92.20000000000033,30.0,50.0,1.0295783975974868,0.001,Care
outcome_eta0.001,24,70,1,1,91.20000000000039,35.0,50.0,1.1177082250086254,0.001,Care
outcome_eta0.001,24,80,1,1,90.20000000000044,40.0,50.0,1.2058380532860977,0.001,Care
outcome_eta0.001,24,90,1,1,89.2000000000005,45.0,50.0,1.2939678816204951,0.001,Care
outcome_eta0.001,24,100,1,1,88.20000000000056,50.0,50.0,1.3820977099586331,0.001,Care
outcome_eta0.001,24,110,1,1,87.20000000000061,55.0,50.0,1.4702275382970167,0.001,Care
outcome_eta0.001,24,120,1,1,86.20000000000067,60.0,50.0,1.5583573666354162,0.001,Care
outcome_eta0.001,24,130,1,1,85.20000000000073,65.0,50.0,1.6464871949738171,0.001,Care
outcome_eta0.001,24,140,1,1,84.20000000000078,70.0,50.0,1.734617023312218,0.001,Care
outcome_eta0.001,24,150,1,1,83.20000000000084,75.0,50.0,1.822746851650619,0.001,Care
outcome_eta0.001,24,160,1,1,82.2000000000009,80.0,50.0,1.91087667998902,0.001,Care
outcome_eta0.001,24,170,1,1,81.20000000000095,85.0,50.0,1.999006508327421,0.001,Care
outcome_eta0.001,24,180,1,1,80.20000000000101,90.0,50.0,2.087136336665822,0.001,Care
outcome_eta0.001,24,190,1,1,79.20000000000107,95.0,50.0,2.184088849303456,0.001,Care
outcome_eta0.001,24,200,1,0,77.30000000000112,100.0,49.8,2.1808831323877467,0.001,Forage
outcome_eta0.001,24,210,1,0,79.10000000000113,100.0,49.8,1.8093376778009373,0.001,Forage
outcome_eta0.001,24,220,1,0,75.00000000000114,100.0,49.8,1.861752002109528,0.001,Forage
outcome_eta0.001,24,230,1,0,79.45000000000117,100.0,49.8,1.7221948361576862,0.001,Forage
outcome_eta0.001,24,240,1,0,78.9500000000012,100.0,49.8,1.6254854606700064,0.001,Forage
outcome_eta0.001,24,250,1,0,78.45000000000122,100.0,49.8,1.5320503100638745,0.001,Forage
outcome_eta0.001,24,260,1,0,79.10000000000124,100.0,49.8,1.5180584421977152,0.001,Forage
outcome_eta0.001,24,270,1,0,78.60000000000127,100.0,49.8,1.519044198709535,0.001,Forage
outcome_eta0.001,24,280,1,0,78.1000000000013,100.0,49.8,1.5268169698366854,0.001,Forage
outcome_eta0.001,24,290,1,0,77.60000000000133,100.0,49.8,1.5346418512727558,0.001,Forage
outcome_eta0.001,24,300,1,0,77.10000000000136,100.0,49.8,1.5415820756789358,0.001,Forage
outcome_eta0.001,24,310,1,0,77.75000000000138,100.0,49.8,1.5417265311863444,0.001,Forage
outcome_eta0.001,24,320,1,0,77.2500000000014,100.0,49.8,1.5439225406753034,0.001,Forage
outcome_eta0.001,24,330,1,0,76.75000000000144,100.0,49.8,1.5512891632970756,0.001,Forage
outcome_eta0.001,24,340,1,0,76.25000000000146,100.0,49.8,1.5595206003300073,0.001,Forage
outcome_eta0.001,24,350,1,0,75.75000000000149,100.0,49.8,1.5678918168193396,0.001,Forage
outcome_eta0.001,24,360,1,0,75.45000000000151,100.0,49.8,1.5816531432362542,0.001,Forage
outcome_eta0.001,24,370,1,0,74.95000000000154,100.0,49.8,1.5846203523620757,0.001,Forage
outcome_eta0.001,24,380,1,0,74.45000000000157,100.0,49.8,1.5907026011879197,0.001,Forage
outcome_eta0.001,24,390,1,0,73.9500000000016,100.0,49.8,1.59846114544627,0.001,Forage
outcome_eta0.001,24,400,1,0,73.45000000000162,100.0,49.8,1.606698654319656,0.001,Forage
outcome_eta0.001,24,410,1,0,76.95000000000165,100.0,49.8,1.5634742058717395,0.001,Forage
outcome_eta0.001,24,420,1,0,76.45000000000168,100.0,49.8,1.5606091469482042,0.001,Forage
outcome_eta0.001,24,430,1,0,75.95000000000171,100.0,49.8,1.5657758869535194,0.001,Forage
outcome_eta0.001,24,440,1,0,75.45000000000174,100.0,49.8,1.573284231945081,0.001,Forage
outcome_eta0.001,24,450,1,0,74.95000000000176,100.0,49.8,1.5814514466234977,0.001,Forage
outcome_eta0.001,24,460,1,0,78.4500000000018,100.0,49.8,1.5381285225174048,0.001,Forage
outcome_eta0.001,24,470,1,0,77.95000000000182,100.0,49.8,1.535310298954891,0.001,Forage
outcome_eta0.001,24,480,1,0,77.45000000000185,100.0,49.8,1.540494371253334,0.001,Forage
outcome_eta0.001,24,490,1,0,76.95000000000188,100.0,49.8,1.548007616384707,0.001,Forage
outcome_eta0.001,24,500,1,0,76.4500000000019,100.0,49.8,1.556176208873821,0.001,Forage
outcome_eta0.001,24,510,1,0,76.15000000000192,100.0,49.8,1.5698607134197875,0.001,Forage
outcome_eta0.001,24,520,1,0,75.65000000000195,100.0,49.8,1.572756673241103,0.001,Forage
outcome_eta0.001,24,530,1,0,75.15000000000198,100.0,49.8,1.5788873646623416,0.001,Forage
outcome_eta0.001,24,540,1,0,74.65000000000201,100.0,49.8,1.586660550385796,0.001,Forage
outcome_eta0.001,24,550,1,0,74.15000000000204,100.0,49.8,1.5949021822840042,0.001,Forage
outcome_eta0.001,24,560,1,0,76.70000000000206,100.0,49.8,1.566231459849548,0.001,Forage
outcome_eta0.001,24,570,1,0,76.20000000000209,100.0,49.8,1.564418963869766,0.001,Forage
outcome_eta0.001,24,580,1,0,75.70000000000212,100.0,49.8,1.5698751825645192,0.001,Forage
outcome_eta0.001,24,590,1,0,75.20000000000215,100.0,49.8,1.5774648697228315,0.001,Forage
outcome_eta0.001,24,600,1,0,74.70000000000218,100.0,49.8,1.5856549527643107,0.001,Forage
outcome_eta0.001,24,610,1,0,75.3500000000022,100.0,49.8,1.5858440682746222,0.001,Forage
outcome_eta0.001,24,620,1,0,74.85000000000223,100.0,49.8,1.5866318946145475,0.001,Forage
outcome_eta0.001,24,630,1,0,74.35000000000225,100.0,49.8,1.5924753639029339,0.001,Forage
outcome_eta0.001,24,640,1,0,73.85000000000228,100.0,49.8,1.600170778322781,0.001,Forage
outcome_eta0.001,24,650,1,0,73.35000000000231,100.0,49.8,1.6083905650344517,0.001,Forage
outcome_eta0.001,24,660,1,0,64.30000000000231,100.0,49.8,1.7596269273169032,0.001,Forage
outcome_eta0.001,24,670,1,0,68.75000000000234,100.0,49.8,1.6882647330299139,0.001,Forage
outcome_eta0.001,24,680,1,0,68.25000000000237,100.0,49.8,1.6957412612181506,0.001,Forage
outcome_eta0.001,24,690,1,0,67.7500000000024,100.0,49.8,1.7030969315379525,0.001,Forage
outcome_eta0.001,24,700,1,0,67.25000000000243,100.0,49.8,1.7112144136082734,0.001,Forage
outcome_eta0.001,24,710,1,0,70.75000000000246,100.0,49.8,1.6682798218363772,0.001,Forage
outcome_eta0.001,24,720,1,0,70.25000000000249,100.0,49.8,1.6651898489839363,0.001,Forage
outcome_eta0.001,24,730,1,0,69.75000000000252,100.0,49.8,1.6702762282765407,0.001,Forage
outcome_eta0.001,24,740,1,0,69.25000000000254,100.0,49.8,1.6777618682157374,0.001,Forage
outcome_eta0.001,24,750,1,0,68.75000000000257,100.0,49.8,1.6859226988300762,0.001,Forage
outcome_eta0.001,24,760,1,0,69.40000000000259,100.0,49.8,1.6864213362942513,0.001,Forage
outcome_eta0.001,24,770,1,0,68.90000000000262,100.0,49.8,1.6874522111494503,0.001,Forage
outcome_eta0.001,24,780,1,0,68.40000000000265,100.0,49.8,1.6928954675013772,0.001,Forage
outcome_eta0.001,24,790,1,0,67.90000000000268,100.0,49.8,1.700473168621781,0.001,Forage
outcome_eta0.001,24,800,1,0,67.4000000000027,100.0,49.8,1.7086598271814317,0.001,Forage
outcome_eta0.001,24,810,1,0,67.10000000000271,100.0,49.8,1.7226023308494696,0.001,Forage
outcome_eta0.001,24,820,1,0,66.60000000000274,100.0,49.8,1.7262045006087798,0.001,Forage
outcome_eta0.001,24,830,1,0,66.10000000000277,100.0,49.8,1.7316602984016627,0.001,Forage
outcome_eta0.001,24,840,1,0,65.6000000000028,100.0,49.8,1.7392306722537407,0.001,Forage
outcome_eta0.001,24,850,1,0,65.10000000000282,100.0,49.8,1.7474151996322802,0.001,Forage
outcome_eta0.001,24,860,1,0,65.75000000000284,100.0,49.8,1.7481155548843863,0.001,Forage
outcome_eta0.001,24,870,1,0,65.25000000000287,100.0,49.8,1.7492988922873938,0.001,Forage
outcome_eta0.001,24,880,1,0,64.7500000000029,100.0,49.8,1.754497415003657,0.001,Forage
outcome_eta0.001,24,890,1,0,64.25000000000293,100.0,49.8,1.7620031217766772,0.001,Forage
outcome_eta0.001,24,900,1,0,63.750000000002956,100.0,49.8,1.7701695188340272,0.001,Forage
outcome_eta0.001,24,910,1,0,65.35000000000296,100.0,49.8,1.75698432653154,0.001,Forage
outcome_eta0.001,24,920,1,0,64.85000000000299,100.0,49.8,1.7559306444306986,0.001,Forage
outcome_eta0.001,24,930,1,0,64.35000000000302,100.0,49.8,1.7611979723191538,0.001,Forage
outcome_eta0.001,24,940,1,0,63.85000000000305,100.0,49.8,1.7687319163753559,0.001,Forage
outcome_eta0.001,24,950,1,0,63.35000000000308,100.0,49.8,1.7769063104275804,0.001,Forage
outcome_eta0.001,24,960,1,0,64.0000000000031,100.0,49.8,1.7776972671965123,0.001,Forage
outcome_eta0.001,24,970,1,0,63.500000000003126,100.0,49.8,1.7789519660265163,0.001,Forage
outcome_eta0.001,24,980,1,0,63.000000000003155,100.0,49.8,1.7840327506276674,0.001,Forage
outcome_eta0.001,24,990,1,0,62.50000000000318,100.0,49.8,1.7915038279081483,0.001,Forage
outcome_eta0.001,24,1000,1,0,62.00000000000321,100.0,49.8,1.7996604791612167,0.001,Forage
outcome_eta0.001,25,1,1,1,99.0,0.5,49.8,0.07534829944206542,0.001,Care
outcome_eta0.001,25,10,1,1,95.40000000000003,5.0,50.0,0.6580520746424319,0.001,Care
outcome_eta0.001,25,20,1,1,94.40000000000009,10.0,50.0,0.9356574022413039,0.001,Care
outcome_eta0.001,25,30,1,1,93.40000000000015,15.0,50.0,1.3221365984669642,0.001,Care
outcome_eta0.001,25,40,1,1,92.4000000000002,20.0,50.0,1.756,0.001,Care
outcome_eta0.001,25,50,1,1,91.40000000000026,25.0,50.0,1.8159999999999998,0.001,Care
outcome_eta0.001,25,60,1,1,90.40000000000032,30.0,50.0,1.876,0.001,Care
outcome_eta0.001,25,70,1,1,89.40000000000038,35.0,50.0,1.936,0.001,Care
outcome_eta0.001,25,80,1,1,88.40000000000043,40.0,50.0,1.996,0.001,Care
outcome_eta0.001,25,90,1,1,87.40000000000049,45.0,50.0,2.056,0.001,Care
outcome_eta0.001,25,100,1,1,86.40000000000055,50.0,50.0,2.1159999999999997,0.001,Care
outcome_eta0.001,25,110,1,1,85.4000000000006,55.0,50.0,2.1759999999999997,0.001,Care
outcome_eta0.001,25,120,1,1,84.40000000000066,60.0,50.0,2.2359999999999998,0.001,Care
outcome_eta0.001,25,130,1,1,83.40000000000072,65.0,50.0,2.296,0.001,Care
outcome_eta0.001,25,140,1,1,82.40000000000077,70.0,50.0,2.356,0.001,Care
outcome_eta0.001,25,150,1,1,81.40000000000083,75.0,50.0,2.4159999999999995,0.001,Care
outcome_eta0.001,25,160,1,1,80.40000000000089,80.0,50.0,2.476,0.001,Care
outcome_eta0.001,25,170,1,1,79.40000000000094,85.0,50.0,2.5419999999999905,0.001,Care
outcome_eta0.001,25,180,1,1,78.400000000001,90.0,50.0,2.6119999999999903,0.001,Care
outcome_eta0.001,25,190,1,1,77.40000000000106,95.0,50.0,2.6819999999999897,0.001,Care
outcome_eta0.001,25,200,1,0,76.45000000000111,100.0,49.8,2.720499999999989,0.001,Self
outcome_eta0.001,25,210,1,0,72.15000000000113,100.0,49.8,2.2149902778315553,0.001,Forage
outcome_eta0.001,25,220,1,0,75.85000000000115,100.0,49.8,1.8354698278740262,0.001,Forage
outcome_eta0.001,25,230,1,0,82.40000000000117,100.0,49.8,1.6097641404926484,0.001,Forage
outcome_eta0.001,25,240,1,0,81.9000000000012,100.0,49.8,1.5332804550369414,0.001,Forage
outcome_eta0.001,25,250,1,0,81.40000000000123,100.0,49.8,1.5098775074339337,0.001,Forage
outcome_eta0.001,25,260,1,0,83.95000000000125,100.0,49.8,1.5041787550910817,0.001,Forage
outcome_eta0.001,25,270,1,0,83.45000000000128,100.0,49.8,1.5012899503773482,0.001,Forage
outcome_eta0.001,25,280,1,0,82.95000000000131,100.0,49.8,1.500383007402089,0.001,Forage
outcome_eta0.001,25,290,1,0,82.45000000000134,100.0,49.8,1.500113592331366,0.001,Forage
outcome_eta0.001,25,300,1,0,81.95000000000137,100.0,49.8,1.500033688076333,0.001,Forage
outcome_eta0.001,25,310,1,0,81.65000000000138,100.0,49.8,1.513767843286228,0.001,Forage
outcome_eta0.001,25,320,1,0,81.15000000000141,100.0,49.8,1.5059302565053239,0.001,Forage
outcome_eta0.001,25,330,1,0,80.65000000000144,100.0,49.8,1.5017778556527008,0.001,Forage
outcome_eta0.001,25,340,1,0,80.15000000000147,100.0,49.8,1.5005274560268314,0.001,Forage
outcome_eta0.001,25,350,1,0,79.6500000000015,100.0,49.8,1.5049624160092736,0.001,Forage
outcome_eta0.001,25,360,1,0,83.15000000000153,100.0,49.8,1.5062138191997165,0.001,Forage
outcome_eta0.001,25,370,1,0,82.65000000000155,100.0,49.8,1.5021548952639652,0.001,Forage
outcome_eta0.001,25,380,1,0,82.15000000000158,100.0,49.8,1.5006482956112426,0.001,Forage
outcome_eta0.001,25,390,1,0,81.65000000000161,100.0,49.8,1.500192537170299,0.001,Forage
outcome_eta0.001,25,400,1,0,81.15000000000164,100.0,49.8,1.50005710873286,0.001,Forage
outcome_eta0.001,25,410,1,0,81.80000000000166,100.0,49.8,1.5144851752730601,0.001,Forage
outcome_eta0.001,25,420,1,0,81.30000000000169,100.0,49.8,1.5065077946086998,0.001,Forage
outcome_eta0.001,25,430,1,0,80.80000000000172,100.0,49.8,1.5019953593554067,0.001,Forage
outcome_eta0.001,25,440,1,0,80.30000000000175,100.0,49.8,1.5005936935008857,0.001,Forage
outcome_eta0.001,25,450,1,0,79.80000000000177,100.0,49.8,1.502388481226291,0.001,Forage
outcome_eta0.001,25,460,1,0,77.60000000000178,100.0,49.8,1.6203291259611206,0.001,Forage
outcome_eta0.001,25,470,1,0,77.10000000000181,100.0,49.8,1.6595119405039713,0.001,Forage
outcome_eta0.001,25,480,1,0,76.60000000000184,100.0,49.8,1.695821912916406,0.001,Forage
outcome_eta0.001,25,490,1,0,76.10000000000187,100.0,49.8,1.7291418770529576,0.001,Forage
outcome_eta0.001,25,500,1,0,75.6000000000019,100.0,49.8,1.7603516825358143,0.001,Forage
outcome_eta0.001,25,510,1,0,79.10000000000193,100.0,49.8,1.697539354983047,0.001,Forage
outcome_eta0.001,25,520,1,0,78.60000000000196,100.0,49.8,1.626062379522179,0.001,Forage
outcome_eta0.001,25,530,1,0,78.10000000000198,100.0,49.8,1.6135442018656576,0.001,Forage
outcome_eta0.001,25,540,1,0,77.60000000000201,100.0,49.8,1.6319871522861744,0.001,Forage
outcome_eta0.001,25,550,1,0,77.10000000000204,100.0,49.8,1.6617430687818544,0.001,Forage
outcome_eta0.001,25,560,1,0,73.95000000000205,100.0,49.8,1.8234236820478886,0.001,Forage
outcome_eta0.001,25,570,1,0,73.45000000000208,100.0,49.8,1.8757032468874248,0.001,Forage
outcome_eta0.001,25,580,1,0,72.9500000000021,100.0,49.8,1.9222935786783983,0.001,Forage
outcome_eta0.001,25,590,1,0,72.45000000000213,100.0,49.8,1.9747056360314064,0.001,Forage
outcome_eta0.001,25,600,1,0,71.95000000000216,100.0,49.8,2.0171610152597292,0.001,Forage
outcome_eta0.001,25,610,1,0,69.75000000000217,100.0,49.8,2.1585230194349236,0.001,Forage
outcome_eta0.001,25,620,1,0,69.2500000000022,100.0,49.8,2.171431240956031,0.001,Forage
outcome_eta0.001,25,630,1,0,68.75000000000223,100.0,49.8,2.2211172744044068,0.001,Forage
outcome_eta0.001,25,640,1,0,68.25000000000226,100.0,49.8,2.2713136694289493,0.001,Forage
outcome_eta0.001,25,650,1,0,67.75000000000229,100.0,49.8,2.312590620400817,0.001,Forage
outcome_eta0.001,25,660,1,0,68.40000000000231,100.0,49.8,2.3529108379668093,0.001,Forage
outcome_eta0.001,25,670,1,0,67.90000000000234,100.0,49.8,2.3174190296489385,0.001,Forage
outcome_eta0.001,25,680,1,0,67.40000000000236,100.0,49.8,2.341305904490468,0.001,Forage
outcome_eta0.001,25,690,1,0,66.9000000000024,100.0,49.8,2.375230673105328,0.001,Forage
outcome_eta0.001,25,700,1,0,66.40000000000242,100.0,49.8,2.410318866338863,0.001,Forage
outcome_eta0.001,25,710,1,0,57.350000000002424,100.0,49.8,2.6366980154477706,0.001,Forage
outcome_eta0.001,25,720,1,0,61.80000000000245,100.0,49.8,2.62733173560998,0.001,Forage
outcome_eta0.001,25,730,1,0,61.30000000000248,100.0,49.8,2.674290743367961,0.001,Forage
outcome_eta0.001,25,740,1,0,60.800000000002505,100.0,49.8,2.691999999999975,0.001,Forage
outcome_eta0.001,25,750,1,0,60.300000000002534,100.0,49.8,2.6969999999999748,0.001,Forage
outcome_eta0.001,25,760,1,0,60.000000000002544,100.0,49.8,2.6999999999999744,0.001,Forage
outcome_eta0.001,25,770,1,0,59.50000000000257,100.0,49.8,2.7049999999999743,0.001,Forage
outcome_eta0.001,25,780,1,0,59.0000000000026,100.0,49.8,2.709999999999974,0.001,Forage
outcome_eta0.001,25,790,1,0,58.50000000000263,100.0,49.8,2.7149999999999737,0.001,Forage
outcome_eta0.001,25,800,1,0,58.00000000000266,100.0,49.8,2.7199999999999736,0.001,Forage
outcome_eta0.001,25,810,1,0,58.65000000000267,100.0,49.8,2.713499999999973,0.001,Forage
outcome_eta0.001,25,820,1,0,58.1500000000027,100.0,49.8,2.718499999999973,0.001,Forage
outcome_eta0.001,25,830,1,0,57.65000000000273,100.0,49.8,2.723499999999973,0.001,Forage
outcome_eta0.001,25,840,1,0,57.150000000002755,100.0,49.8,2.7284999999999724,0.001,Forage
outcome_eta0.001,25,850,1,0,56.650000000002784,100.0,49.8,2.7334999999999723,0.001,Forage
outcome_eta0.001,25,860,1,0,58.2500000000028,100.0,49.8,2.717499999999972,0.001,Forage
outcome_eta0.001,25,870,1,0,57.75000000000283,100.0,49.8,2.7224999999999717,0.001,Forage
outcome_eta0.001,25,880,1,0,57.250000000002856,100.0,49.8,2.7274999999999716,0.001,Forage
outcome_eta0.001,25,890,1,0,56.750000000002885,100.0,49.8,2.732499999999971,0.001,Forage
outcome_eta0.001,25,900,1,0,56.25000000000291,100.0,49.8,2.737499999999971,0.001,Forage
outcome_eta0.001,25,910,1,0,57.85000000000293,100.0,49.8,2.7214999999999705,0.001,Forage
outcome_eta0.001,25,920,1,0,57.35000000000296,100.0,49.8,2.7264999999999704,0.001,Forage
outcome_eta0.001,25,930,1,0,56.850000000002986,100.0,49.8,2.7314999999999703,0.001,Forage
outcome_eta0.001,25,940,1,0,56.350000000003014,100.0,49.8,2.7364999999999697,0.001,Forage
outcome_eta0.001,25,950,1,0,55.85000000000304,100.0,49.8,2.7414999999999696,0.001,Forage
outcome_eta0.001,25,960,1,0,54.60000000000305,100.0,49.8,2.7649999999999695,0.001,Forage
outcome_eta0.001,25,970,1,0,54.10000000000308,100.0,49.8,2.7589999999999693,0.001,Forage
outcome_eta0.001,25,980,1,0,53.60000000000311,100.0,49.8,2.763999999999969,0.001,Forage
outcome_eta0.001,25,990,1,0,53.100000000003135,100.0,49.8,2.7689999999999686,0.001,Forage
outcome_eta0.001,25,1000,1,0,52.60000000000316,100.0,49.8,2.7739999999999685,0.001,Forage
outcome_eta0.001,26,1,1,1,99.0,0.5,49.8,0.18109886805643677,0.001,Care
outcome_eta0.001,26,10,1,1,94.50000000000003,5.0,50.0,0.629989762694086,0.001,Care
outcome_eta0.001,26,20,1,1,93.50000000000009,10.0,50.0,0.7635124847181375,0.001,Care
outcome_eta0.001,26,30,1,1,92.50000000000014,15.0,50.0,0.9014249090645894,0.001,Care
outcome_eta0.001,26,40,1,1,91.5000000000002,20.0,50.0,1.0398071691250794,0.001,Care
outcome_eta0.001,26,50,1,1,90.50000000000026,25.0,50.0,1.1782389215582123,0.001,Care
outcome_eta0.001,26,60,1,1,89.50000000000031,30.0,50.0,1.3166758871075808,0.001,Care
outcome_eta0.001,26,70,1,1,88.50000000000037,35.0,50.0,1.4551134017631941,0.001,Care
outcome_eta0.001,26,80,1,1,87.50000000000043,40.0,50.0,1.5935509742570861,0.001,Care
outcome_eta0.001,26,90,1,1,86.50000000000048,45.0,50.0,1.7319885528431802,0.001,Care
outcome_eta0.001,26,100,1,1,85.50000000000054,50.0,50.0,1.8704261320709759,0.001,Care
outcome_eta0.001,26,110,1,1,84.5000000000006,55.0,50.0,2.008863711366364,0.001,Care
outcome_eta0.001,26,120,1,1,83.50000000000065,60.0,50.0,2.1473012906688704,0.001,Care
outcome_eta0.001,26,130,1,1,82.50000000000071,65.0,50.0,2.285738869972128,0.001,Care
outcome_eta0.001,26,140,1,1,81.50000000000077,70.0,50.0,2.3599999999999994,0.001,Care
outcome_eta0.001,26,150,1,1,80.50000000000082,75.0,50.0,2.42,0.001,Care
outcome_eta0.001,26,160,1,1,79.50000000000088,80.0,50.0,2.4849999999999914,0.001,Care
outcome_eta0.001,26,170,1,1,78.50000000000094,85.0,50.0,2.5549999999999904,0.001,Care
outcome_eta0.001,26,180,1,1,77.500000000001,90.0,50.0,2.6249999999999902,0.001,Care
outcome_eta0.001,26,190,1,1,76.50000000000105,95.0,50.0,2.6949999999999896,0.001,Care
outcome_eta0.001,26,200,1,0,75.5500000000011,100.0,49.8,2.6340946207230886,0.001,Self
outcome_eta0.001,26,210,1,0,75.25000000000112,100.0,49.8,1.7313516906144284,0.001,Forage
outcome_eta0.001,26,220,1,0,77.05000000000113,100.0,49.8,1.6789751693341297,0.001,Forage
outcome_eta0.001,26,230,1,0,81.50000000000117,100.0,49.8,1.5502204763255167,0.001,Forage
outcome_eta0.001,26,240,1,0,81.0000000000012,100.0,49.8,1.5001233172760005,0.001,Forage
outcome_eta0.001,26,250,1,0,80.50000000000122,100.0,49.8,1.5000068036534038,0.001,Forage
outcome_eta0.001,26,260,1,0,83.05000000000125,100.0,49.8,1.5009846050717215,0.001,Forage
outcome_eta0.001,26,270,1,0,82.55000000000128,100.0,49.8,1.5000549437680522,0.001,Forage
outcome_eta0.001,26,280,1,0,82.0500000000013,100.0,49.8,1.5000030313540347,0.001,Forage
outcome_eta0.001,26,290,1,0,81.55000000000133,100.0,49.8,1.5000001672444716,0.001,Forage
outcome_eta0.001,26,300,1,0,81.05000000000136,100.0,49.8,1.500000009227135,0.001,Forage
outcome_eta0.001,26,310,1,0,83.60000000000139,100.0,49.8,1.5004867631790746,0.001,Forage
outcome_eta0.001,26,320,1,0,83.10000000000142,100.0,49.8,1.5000271459771297,0.001,Forage
outcome_eta0.001,26,330,1,0,82.60000000000144,100.0,49.8,1.5000014976930196,0.001,Forage
outcome_eta0.001,26,340,1,0,82.10000000000147,100.0,49.8,1.5000000826300308,0.001,Forage
outcome_eta0.001,26,350,1,0,81.6000000000015,100.0,49.8,1.5000000045588262,0.001,Forage
outcome_eta0.001,26,360,1,0,79.40000000000151,100.0,49.8,1.550889137427643,0.001,Forage
outcome_eta0.001,26,370,1,0,78.90000000000154,100.0,49.8,1.5182810737768675,0.001,Forage
outcome_eta0.001,26,380,1,0,78.40000000000157,100.0,49.8,1.5271162927784612,0.001,Forage
outcome_eta0.001,26,390,1,0,77.9000000000016,100.0,49.8,1.539712447287875,0.001,Forage
outcome_eta0.001,26,400,1,0,77.40000000000163,100.0,49.8,1.5568784739302348,0.001,Forage
outcome_eta0.001,26,410,1,0,75.20000000000164,100.0,49.8,1.6615066408792387,0.001,Forage
outcome_eta0.001,26,420,1,0,74.70000000000167,100.0,49.8,1.634705217414616,0.001,Forage
outcome_eta0.001,26,430,1,0,74.2000000000017,100.0,49.8,1.646435286748918,0.001,Forage
outcome_eta0.001,26,440,1,0,73.70000000000172,100.0,49.8,1.6595442262451077,0.001,Forage
outcome_eta0.001,26,450,1,0,73.20000000000175,100.0,49.8,1.672705647911862,0.001,Forage
outcome_eta0.001,26,460,1,0,73.85000000000177,100.0,49.8,1.6820779287277015,0.001,Forage
outcome_eta0.001,26,470,1,0,73.3500000000018,100.0,49.8,1.669646194300225,0.001,Forage
outcome_eta0.001,26,480,1,0,72.85000000000183,100.0,49.8,1.6819265029441042,0.001,Forage
outcome_eta0.001,26,490,1,0,72.35000000000186,100.0,49.8,1.6950817839856667,0.001,Forage
outcome_eta0.001,26,500,1,0,71.85000000000188,100.0,49.8,1.7082465810422467,0.001,Forage
outcome_eta0.001,26,510,1,0,72.5000000000019,100.0,49.8,1.7171840412372854,0.001,Forage
outcome_eta0.001,26,520,1,0,72.00000000000193,100.0,49.8,1.7045735989548372,0.001,Forage
outcome_eta0.001,26,530,1,0,71.50000000000196,100.0,49.8,1.7174035892540032,0.001,Forage
outcome_eta0.001,26,540,1,0,71.00000000000199,100.0,49.8,1.730618044413136,0.001,Forage
outcome_eta0.001,26,550,1,0,70.50000000000202,100.0,49.8,1.7437874190353373,0.001,Forage
outcome_eta0.001,26,560,1,0,70.20000000000203,100.0,49.8,1.7766493191817387,0.001,Forage
outcome_eta0.001,26,570,1,0,69.70000000000206,100.0,49.8,1.7636483491861485,0.001,Forage
outcome_eta0.001,26,580,1,0,69.20000000000209,100.0,49.8,1.7777676060395688,0.001,Forage
outcome_eta0.001,26,590,1,0,68.70000000000212,100.0,49.8,1.7911544894972695,0.001,Forage
outcome_eta0.001,26,600,1,0,68.20000000000215,100.0,49.8,1.8043379872892662,0.001,Forage
outcome_eta0.001,26,610,1,0,68.85000000000217,100.0,49.8,1.8121005185284882,0.001,Forage
outcome_eta0.001,26,620,1,0,68.3500000000022,100.0,49.8,1.7990069492721836,0.001,Forage
outcome_eta0.001,26,630,1,0,67.85000000000223,100.0,49.8,1.8133231187273837,0.001,Forage
outcome_eta0.001,26,640,1,0,67.35000000000225,100.0,49.8,1.8266975633361662,0.001,Forage
outcome_eta0.001,26,650,1,0,66.85000000000228,100.0,49.8,1.839879314349386,0.001,Forage
outcome_eta0.001,26,660,1,0,57.800000000002285,100.0,49.8,2.024029653229416,0.001,Forage
outcome_eta0.001,26,670,1,0,62.25000000000231,100.0,49.8,1.9384436595550991,0.001,Forage
outcome_eta0.001,26,680,1,0,61.75000000000234,100.0,49.8,1.9650755193161231,0.001,Forage
outcome_eta0.001,26,690,1,0,61.250000000002366,100.0,49.8,1.9864395510794395,0.001,Forage
outcome_eta0.001,26,700,1,0,60.750000000002395,100.0,49.8,2.0004092290663333,0.001,Forage
outcome_eta0.001,26,710,1,0,61.40000000000241,100.0,49.8,2.005830094846435,0.001,Forage
outcome_eta0.001,26,720,1,0,60.900000000002436,100.0,49.8,1.9917542219612325,0.001,Forage
outcome_eta0.001,26,730,1,0,60.400000000002464,100.0,49.8,2.0091040611198068,0.001,Forage
outcome_eta0.001,26,740,1,0,59.90000000000249,100.0,49.8,2.0228050736789314,0.001,Forage
outcome_eta0.001,26,750,1,0,59.40000000000252,100.0,49.8,2.0360120869254534,0.001,Forage
outcome_eta0.001,26,760,1,0,61.00000000000254,100.0,49.8,2.013779965120312,0.001,Forage
outcome_eta0.001,26,770,1,0,60.500000000002565,100.0,49.8,2.007203415997681,0.001,Forage
outcome_eta0.001,26,780,1,0,60.00000000000259,100.0,49.8,2.0201841829553704,0.001,Forage
outcome_eta0.001,26,790,1,0,59.50000000000262,100.0,49.8,2.0333787564219024,0.001,Forage
outcome_eta0.001,26,800,1,0,59.00000000000265,100.0,49.8,2.0465457507497455,0.001,Forage
outcome_eta0.001,26,810,1,0,58.70000000000266,100.0,49.8,2.0776959246420192,0.001,Forage
outcome_eta0.001,26,820,1,0,58.20000000000269,100.0,49.8,2.060113055009091,0.001,Forage
outcome_eta0.001,26,830,1,0,57.70000000000272,100.0,49.8,2.079827855010929,0.001,Forage
outcome_eta0.001,26,840,1,0,57.200000000002746,100.0,49.8,2.09385815585005,0.001,Forage
outcome_eta0.001,26,850,1,0,56.700000000002774,100.0,49.8,2.1070923842438813,0.001,Forage
outcome_eta0.001,26,860,1,0,57.35000000000279,100.0,49.8,2.111152476559951,0.001,Forage
outcome_eta0.001,26,870,1,0,56.850000000002815,100.0,49.8,2.0965366858118233,0.001,Forage
outcome_eta0.001,26,880,1,0,56.350000000002844,100.0,49.8,2.1155353350356627,0.001,Forage
outcome_eta0.001,26,890,1,0,55.85000000000287,100.0,49.8,2.1294138558427393,0.001,Forage
outcome_eta0.001,26,900,1,0,55.3500000000029,100.0,49.8,2.1426346009558386,0.001,Forage
outcome_eta0.001,26,910,1,0,56.950000000002916,100.0,49.8,2.1184686898397147,0.001,Forage
outcome_eta0.001,26,920,1,0,56.450000000002944,100.0,49.8,2.1131326321842536,0.001,Forage
outcome_eta0.001,26,930,1,0,55.95000000000297,100.0,49.8,2.126742652603962,0.001,Forage
outcome_eta0.001,26,940,1,0,55.450000000003,100.0,49.8,2.13999746550877,0.001,Forage
outcome_eta0.001,26,950,1,0,54.95000000000303,100.0,49.8,2.153168944867385,0.001,Forage
outcome_eta0.001,26,960,1,0,57.50000000000305,100.0,49.8,2.1017749297369894,0.001,Forage
outcome_eta0.001,26,970,1,0,57.00000000000308,100.0,49.8,2.099147828828852,0.001,Forage
outcome_eta0.001,26,980,1,0,56.500000000003105,100.0,49.8,2.112318305702008,0.001,Forage
outcome_eta0.001,26,990,1,0,56.00000000000313,100.0,49.8,2.1255220629598064,0.001,Forage
outcome_eta0.001,26,1000,1,0,55.50000000000316,100.0,49.8,2.1386895055916355,0.001,Forage
outcome_eta0.001,27,1,1,1,99.0,0.5,49.8,0.37383082801263273,0.001,Care
outcome_eta0.001,27,10,1,1,98.10000000000005,5.0,50.0,0.5739558193826689,0.001,Care
outcome_eta0.001,27,20,1,1,97.10000000000011,10.0,50.0,0.646822039181734,0.001,Care
outcome_eta0.001,27,30,1,1,96.10000000000016,15.0,50.0,0.7199257406269125,0.001,Care
outcome_eta0.001,27,40,1,1,95.10000000000022,20.0,50.0,0.7930423221243699,0.001,Care
outcome_eta0.001,27,50,1,1,94.10000000000028,25.0,50.0,0.8661595503793454,0.001,Care
outcome_eta0.001,27,60,1,1,93.10000000000034,30.0,50.0,0.9392768104443057,0.001,Care
outcome_eta0.001,27,70,1,1,92.10000000000039,35.0,50.0,1.0123940720645472,0.001,Care
outcome_eta0.001,27,80,1,1,91.10000000000045,40.0,50.0,1.0855113337606999,0.001,Care
outcome_eta0.001,27,90,1,1,90.1000000000005,45.0,50.0,1.1586285954605557,0.001,Care
outcome_eta0.001,27,100,1,1,83.70000000000053,50.0,48.79999999999998,0.9391347693689048,0.001,Forage
outcome_eta0.001,27,110,1,1,75.50000000000054,55.0,47.799999999999955,1.437845714662168,0.001,Care
outcome_eta0.001,27,120,1,1,74.5000000000006,40.0,50.0,1.3115030196481041,0.001,Care
outcome_eta0.001,27,130,1,1,73.50000000000065,45.0,50.0,1.4099120404603651,0.001,Care
outcome_eta0.001,27,140,1,1,71.6000000000007,50.0,49.599999999999994,1.4269526956862009,0.001,Forage
outcome_eta0.001,27,150,1,1,69.70000000000076,35.0,50.0,1.4244916266806995,0.001,Care
outcome_eta0.001,27,160,1,1,68.70000000000081,40.0,50.0,1.5248732534889022,0.001,Care
outcome_eta0.001,27,170,1,1,67.70000000000087,45.0,50.0,1.6263527637377413,0.001,Care
outcome_eta0.001,27,180,1,1,62.2000000000009,50.0,48.999999999999986,1.5271308746776884,0.001,Forage
outcome_eta0.001,27,190,1,1,56.70000000000089,35.0,49.99999999999996,1.848465890321561,0.001,Care
outcome_eta0.001,27,200,1,1,55.70000000000088,40.0,50.0,1.9750112086820857,0.001,Care
outcome_eta0.001,27,210,1,1,54.70000000000086,45.0,50.0,2.0826430202814232,0.001,Care
outcome_eta0.001,27,220,1,1,50.100000000000854,30.0,50.0,2.052572534308985,0.001,Care
outcome_eta0.001,27,230,1,1,49.10000000000084,35.0,50.0,2.158578981045623,0.001,Care
outcome_eta0.001,27,240,1,1,48.100000000000826,40.0,50.0,2.2638890273988452,0.001,Care
outcome_eta0.001,27,250,1,1,47.40000000000084,45.0,48.79999999999998,2.345039007925904,0.001,Forage
outcome_eta0.001,27,260,1,1,39.25000000000084,50.0,46.799999999999955,2.4764487584357946,0.001,Forage
outcome_eta0.001,27,270,1,1,38.250000000000824,35.0,50.0,2.456981570331223,0.001,Care
outcome_eta0.001,27,280,1,1,37.550000000000836,40.0,48.79999999999998,2.5312802909323633,0.001,Forage
outcome_eta0.001,27,290,1,1,37.050000000000864,45.0,46.799999999999955,2.4936557396034953,0.001,Forage
outcome_eta0.001,27,300,1,1,36.55000000000089,50.0,44.799999999999926,2.4504104082693208,0.001,Forage
outcome_eta0.001,27,310,1,1,32.00000000000089,35.0,45.7999999999999,2.316337656106709,0.001,Care
outcome_eta0.001,27,320,1,1,31.45000000000088,40.0,44.79999999999987,2.2513986259817207,0.001,Forage
outcome_eta0.001,27,330,1,1,30.950000000000873,45.0,42.79999999999984,2.3569732286900855,0.001,Forage
outcome_eta0.001,27,340,1,1,30.450000000000866,50.0,40.79999999999981,2.5731174936701233,0.001,Forage
outcome_eta0.001,27,350,1,1,29.95000000000086,55.0,38.799999999999784,2.7744999999999957,0.001,Forage
outcome_eta0.001,27,360,1,1,21.800000000000857,60.0,36.799999999999756,3.756456885471282,0.001,Forage
outcome_eta0.001,27,370,1,1,21.500000000000853,65.0,34.79999999999973,3.641735931288068,0.001,Forage
outcome_eta0.001,27,380,1,1,21.000000000000846,70.0,32.7999999999997,3.7097359312880687,0.001,Forage
outcome_eta0.001,27,390,1,1,20.50000000000084,75.0,30.799999999999695,3.8047359312880693,0.001,Forage
outcome_eta0.001,27,400,1,1,20.00000000000083,80.0,28.799999999999702,3.8997359312880686,0.001,Forage
outcome_eta0.001,27,410,1,1,11.850000000000831,85.0,26.79999999999971,4.0950786437626885,0.001,Forage
outcome_eta0.001,27,420,1,1,8.450000000000827,70.0,24.799999999999716,3.4194999999999975,0.001,Forage
outcome_eta0.001,27,430,1,1,7.950000000000821,75.0,22.799999999999724,3.514499999999997,0.001,Forage
outcome_eta0.001,27,440,1,1,7.450000000000823,80.0,20.79999999999973,3.6094999999999975,0.001,Forage
outcome_eta0.001,27,450,1,1,6.950000000000824,85.0,18.799999999999738,3.704499999999997,0.001,Forage
outcome_eta0.001,27,460,1,1,0.6500000000008245,70.0,16.799999999999745,3.6794999999999964,0.001,Forage
outcome_eta0.001,27,470,1,1,0.15000000000082442,75.0,14.799999999999752,3.752499999999997,0.001,Forage
outcome_eta0.001,27,480,0,1,0.0,80.0,12.79999999999976,3.8440000000000047,0.001,Forage
outcome_eta0.001,27,490,0,1,0.0,85.0,10.799999999999766,3.9340000000000046,0.001,Forage
outcome_eta0.001,27,500,0,1,0.0,90.0,8.799999999999773,4.0240000000000045,0.001,Forage
outcome_eta0.001,27,510,0,1,0.0,95.0,6.799999999999774,4.114000000000004,0.001,Forage
outcome_eta0.001,27,520,0,0,0.0,100.0,4.7999999999997724,2.3,0.001,Forage
outcome_eta0.001,28,1,1,1,99.0,0.5,49.8,0.17612004909491089,0.001,Care
outcome_eta0.001,28,10,1,1,96.30000000000004,5.0,50.0,0.6139886635662807,0.001,Care
outcome_eta0.001,28,20,1,1,95.3000000000001,10.0,50.0,0.7435016763701366,0.001,Care
outcome_eta0.001,28,30,1,1,94.30000000000015,15.0,50.0,0.8863891398288694,0.001,Care
outcome_eta0.001,28,40,1,1,93.30000000000021,20.0,50.0,1.0346598689335573,0.001,Care
outcome_eta0.001,28,50,1,1,92.30000000000027,25.0,50.0,1.1851028418475704,0.001,Care
outcome_eta0.001,28,60,1,1,91.30000000000032,30.0,50.0,1.3364227198230811,0.001,Care
outcome_eta0.001,28,70,1,1,90.30000000000038,35.0,50.0,1.4880966168171783,0.001,Care
outcome_eta0.001,28,80,1,1,89.30000000000044,40.0,50.0,1.6399134379479525,0.001,Care
outcome_eta0.001,28,90,1,1,88.3000000000005,45.0,50.0,1.791787960350234,0.001,Care
outcome_eta0.001,28,100,1,1,87.30000000000055,50.0,50.0,1.9436857778925383,0.001,Care
outcome_eta0.001,28,110,1,1,86.30000000000061,55.0,50.0,2.095593000142272,0.001,Care
outcome_eta0.001,28,120,1,1,85.30000000000067,60.0,50.0,2.2319999999999998,0.001,Care
outcome_eta0.001,28,130,1,1,84.30000000000072,65.0,50.0,2.292,0.001,Care
outcome_eta0.001,28,140,1,1,82.40000000000077,70.0,49.8,2.36,0.001,Forage
outcome_eta0.001,28,150,1,1,75.10000000000079,55.0,48.79999999999997,2.316999999999992,0.001,Forage
outcome_eta0.001,28,160,1,1,74.10000000000085,60.0,50.0,2.362999999999991,0.001,Care
outcome_eta0.001,28,170,1,1,73.1000000000009,65.0,50.0,2.432999999999991,0.001,Care
outcome_eta0.001,28,180,1,1,72.10000000000096,70.0,50.0,2.5029999999999903,0.001,Care
outcome_eta0.001,28,190,1,1,63.000000000000966,75.0,47.99999999999997,3.495685424949229,0.001,Forage
outcome_eta0.001,28,200,1,1,57.50000000000096,60.0,49.99999999999994,2.624999999999992,0.001,Care
outcome_eta0.001,28,210,1,1,56.500000000000945,65.0,50.0,2.694999999999991,0.001,Care
outcome_eta0.001,28,220,1,1,53.700000000000934,70.0,49.599999999999994,2.698999999999991,0.001,Forage
outcome_eta0.001,28,230,1,1,44.60000000000093,75.0,47.599999999999966,3.70884271247461,0.001,Forage
outcome_eta0.001,28,240,1,1,35.50000000000093,60.0,45.59999999999994,3.328927623187316,0.001,Forage
outcome_eta0.001,28,250,1,1,26.40000000000093,65.0,43.59999999999991,3.8799999999999932,0.001,Forage
outcome_eta0.001,28,260,1,1,23.200000000000927,50.0,41.59999999999988,3.4700026866176548,0.001,Forage
outcome_eta0.001,28,270,1,1,22.70000000000092,55.0,39.59999999999985,3.8975786437626843,0.001,Forage
outcome_eta0.001,28,280,1,1,22.200000000000912,60.0,37.599999999999824,3.8925786437626853,0.001,Forage
outcome_eta0.001,28,290,1,1,21.700000000000905,65.0,35.599999999999795,3.8875786437626862,0.001,Forage
outcome_eta0.001,28,300,1,1,21.200000000000898,70.0,33.59999999999977,3.8825786437626864,0.001,Forage
outcome_eta0.001,28,310,1,1,13.050000000000898,75.0,31.59999999999975,4.026499999999996,0.001,Forage
outcome_eta0.001,28,320,1,1,7.750000000000899,60.0,29.599999999999756,3.3554999999999966,0.001,Forage
outcome_eta0.001,28,330,1,1,7.250000000000901,65.0,27.599999999999763,3.3504999999999963,0.001,Forage
outcome_eta0.001,28,340,1,1,6.750000000000902,70.0,25.59999999999977,3.4204999999999957,0.001,Forage
outcome_eta0.001,28,350,1,1,6.250000000000904,75.0,23.599999999999778,3.5154999999999954,0.001,Forage
outcome_eta0.001,28,360,1,1,5.000000000000905,80.0,21.599999999999785,4.270421356237304,0.001,Forage
outcome_eta0.001,28,370,1,1,4.500000000000907,85.0,19.599999999999792,4.354421356237305,0.001,Forage
outcome_eta0.001,28,380,1,1,4.000000000000909,90.0,17.5999999999998,4.449421356237304,0.001,Forage
outcome_eta0.001,28,390,1,1,3.5000000000009104,95.0,15.599999999999806,4.544421356237304,0.001,Forage
outcome_eta0.001,28,400,1,0,3.000000000000912,100.0,13.599999999999813,3.1910677037879696,0.001,Forage
outcome_eta0.001,29,1,1,1,99.95,0.5,49.8,0.169068312753307,0.001,Forage
outcome_eta0.001,29,10,1,1,99.50000000000003,5.0,47.99999999999997,0.33933492435149726,0.001,Forage
outcome_eta0.001,29,20,1,1,99.00000000000006,10.0,45.99999999999994,0.6859077392743892,0.001,Forage
outcome_eta0.001,29,30,1,1,98.50000000000009,15.0,43.999999999999915,1.1697755191036951,0.001,Forage
outcome_eta0.001,29,40,1,1,98.00000000000011,20.0,41.999999999999886,1.694676489690663,0.001,Forage
outcome_eta0.001,29,50,1,1,97.50000000000014,25.0,39.99999999999986,1.8823893188336225,0.001,Forage
outcome_eta0.001,29,60,1,1,89.35000000000015,30.0,37.99999999999983,2.230057621230831,0.001,Forage
outcome_eta0.001,29,70,1,1,87.4500000000002,35.0,44.9999999999998,2.005000000000004,0.001,Care
outcome_eta0.001,29,80,1,1,86.45000000000026,40.0,50.0,1.9649999999999999,0.001,Care
outcome_eta0.001,29,90,1,1,85.45000000000032,45.0,50.0,2.025,0.001,Care
outcome_eta0.001,29,100,1,1,84.45000000000037,50.0,50.0,2.085,0.001,Care
outcome_eta0.001,29,110,1,1,83.45000000000043,55.0,50.0,2.1449999999999996,0.001,Care
outcome_eta0.001,29,120,1,1,82.45000000000049,60.0,50.0,2.2049999999999996,0.001,Care
outcome_eta0.001,29,130,1,1,81.45000000000054,65.0,50.0,2.2649999999999997,0.001,Care
outcome_eta0.001,29,140,1,1,80.4500000000006,70.0,50.0,2.3249999999999997,0.001,Care
outcome_eta0.001,29,150,1,1,79.45000000000066,75.0,50.0,2.390499999999993,0.001,Care
outcome_eta0.001,29,160,1,1,78.45000000000071,60.0,50.0,2.2604999999999924,0.001,Care
outcome_eta0.001,29,170,1,1,77.45000000000077,65.0,50.0,2.330499999999992,0.001,Care
outcome_eta0.001,29,180,1,1,76.45000000000083,70.0,50.0,2.400499999999991,0.001,Care
outcome_eta0.001,29,190,1,1,74.55000000000088,75.0,49.8,2.487499999999991,0.001,Forage
outcome_eta0.001,29,200,1,1,65.45000000000088,80.0,47.79999999999997,3.2973427124746104,0.001,Forage
outcome_eta0.001,29,210,1,1,60.850000000000875,65.0,50.0,2.592499999999991,0.001,Care
outcome_eta0.001,29,220,1,1,59.85000000000086,70.0,50.0,2.6624999999999917,0.001,Care
outcome_eta0.001,29,230,1,1,53.450000000000855,75.0,48.79999999999998,3.0841425457263956,0.001,Forage
outcome_eta0.001,29,240,1,1,45.25000000000085,60.0,46.799999999999955,2.949330285896916,0.001,Forage
outcome_eta0.001,29,250,1,1,37.95000000000085,65.0,46.799999999999926,3.9166067811865406,0.001,Forage
outcome_eta0.001,29,260,1,1,28.850000000000847,50.0,44.7999999999999,3.0559498783067025,0.001,Forage
outcome_eta0.001,29,270,1,1,32.35000000000087,55.0,42.79999999999987,3.634657287525375,0.001,Forage
outcome_eta0.001,29,280,1,1,31.850000000000886,60.0,40.79999999999984,3.629657287525376,0.001,Forage
outcome_eta0.001,29,290,1,1,31.35000000000088,65.0,38.79999999999981,3.6246572875253764,0.001,Forage
outcome_eta0.001,29,300,1,1,30.850000000000872,70.0,36.799999999999784,3.6196572875253765,0.001,Forage
outcome_eta0.001,29,310,1,1,25.500000000000867,55.0,34.799999999999756,2.942999999999996,0.001,Forage
outcome_eta0.001,29,320,1,1,25.00000000000086,60.0,32.79999999999973,2.993999999999997,0.001,Forage
outcome_eta0.001,29,330,1,1,24.500000000000853,65.0,30.799999999999724,3.0889999999999973,0.001,Forage
outcome_eta0.001,29,340,1,1,24.000000000000846,70.0,28.79999999999973,3.183999999999997,0.001,Forage
outcome_eta0.001,29,350,1,1,23.50000000000084,75.0,26.799999999999738,3.278999999999997,0.001,Forage
outcome_eta0.001,29,360,1,1,17.200000000000834,60.0,24.799999999999745,3.253999999999997,0.001,Forage
outcome_eta0.001,29,370,1,1,16.700000000000827,65.0,22.799999999999752,3.3269999999999964,0.001,Forage
outcome_eta0.001,29,380,1,1,16.20000000000082,70.0,20.79999999999976,3.421999999999997,0.001,Forage
outcome_eta0.001,29,390,1,1,15.700000000000813,75.0,18.799999999999766,3.5169999999999964,0.001,Forage
outcome_eta0.001,29,400,1,1,15.200000000000806,80.0,16.799999999999773,3.611999999999996,0.001,Forage
outcome_eta0.001,29,410,1,1,8.900000000000805,65.0,14.79999999999978,3.5869999999999957,0.001,Forage
outcome_eta0.001,29,420,1,1,8.400000000000798,70.0,12.799999999999788,3.6599999999999966,0.001,Forage
outcome_eta0.001,29,430,1,1,7.900000000000793,75.0,10.799999999999795,3.7549999999999963,0.001,Forage
outcome_eta0.001,29,440,1,1,7.400000000000794,80.0,8.799999999999802,3.849999999999996,0.001,Forage
outcome_eta0.001,29,450,1,1,6.900000000000796,85.0,6.799999999999803,3.944999999999996,0.001,Forage
outcome_eta0.001,29,460,0,1,0.0,90.0,4.799999999999801,4.780421356237313,0.001,Forage
outcome_eta0.001,29,470,0,1,0.0,95.0,2.799999999999799,4.870421356237314,0.001,Forage
outcome_eta0.001,29,480,0,0,0.0,100.0,0.7999999999997989,2.976421356237309,0.001,Forage
outcome_eta0.01,0,1,1,1,99.0,0.5,49.8,0.14161272616347603,0.01,Care
outcome_eta0.01,0,10,1,1,94.50000000000003,5.0,50.0,0.5906251359185204,0.01,Care
outcome_eta0.01,0,20,1,1,93.50000000000009,10.0,50.0,0.6598891838349321,0.01,Care
outcome_eta0.01,0,30,1,1,92.50000000000014,15.0,50.0,0.7299030873948053,0.01,Care
outcome_eta0.01,0,40,1,1,91.5000000000002,20.0,50.0,0.7999192869026912,0.01,Care
outcome_eta0.01,0,50,1,1,90.50000000000026,25.0,50.0,0.8699354933980976,0.01,Care
outcome_eta0.01,0,60,1,1,89.50000000000031,30.0,50.0,0.9399516999147699,0.01,Care
outcome_eta0.01,0,70,1,1,88.50000000000037,35.0,50.0,1.0099679064315068,0.01,Care
outcome_eta0.01,0,80,1,1,87.50000000000043,40.0,50.0,1.0799841129482441,0.01,Care
outcome_eta0.01,0,90,1,1,86.50000000000048,45.0,50.0,1.1500003194649813,0.01,Care
outcome_eta0.01,0,100,1,1,85.50000000000054,50.0,50.0,1.2200165259817184,0.01,Care
outcome_eta0.01,0,110,1,1,84.5000000000006,55.0,50.0,1.2900327324984557,0.01,Care
outcome_eta0.01,0,120,1,1,83.50000000000065,60.0,50.0,1.3600489390151929,0.01,Care
outcome_eta0.01,0,130,1,1,82.50000000000071,65.0,50.0,1.43006514553193,0.01,Care
outcome_eta0.01,0,140,1,1,81.50000000000077,70.0,50.0,1.5000813520486673,0.01,Care
outcome_eta0.01,0,150,1,1,80.50000000000082,75.0,50.0,1.5700975585654047,0.01,Care
outcome_eta0.01,0,160,1,1,79.50000000000088,80.0,50.0,1.6454252264413558,0.01,Care
outcome_eta0.01,0,170,1,1,78.50000000000094,85.0,50.0,1.7271691820303054,0.01,Care
outcome_eta0.01,0,180,1,1,73.90000000000097,90.0,49.79999999999998,1.877238110071644,0.01,Care
outcome_eta0.01,0,190,1,1,72.90000000000103,75.0,50.0,1.7167592513822343,0.01,Care
outcome_eta0.01,0,200,1,1,71.90000000000109,80.0,50.0,1.798521129879584,0.01,Care
outcome_eta0.01,0,210,1,1,69.10000000000113,85.0,49.599999999999994,2.052788674218484,0.01,Forage
outcome_eta0.01,0,220,1,1,66.30000000000118,70.0,50.0,1.7940048341222545,0.01,Care
outcome_eta0.01,0,230,1,1,65.30000000000123,75.0,50.0,1.871214804764481,0.01,Care
outcome_eta0.01,0,240,1,1,64.30000000000129,80.0,50.0,1.9540834306035362,0.01,Care
outcome_eta0.01,0,250,1,1,57.0000000000013,85.0,48.39999999999998,2.9024594054459403,0.01,Forage
outcome_eta0.01,0,260,1,1,55.10000000000129,70.0,50.0,2.0243204971555193,0.01,Care
outcome_eta0.01,0,270,1,1,54.10000000000127,75.0,50.0,2.10429452316558,0.01,Care
outcome_eta0.01,0,280,1,1,50.40000000000126,80.0,49.19999999999999,2.486870642228276,0.01,Forage
outcome_eta0.01,0,290,1,1,48.50000000000125,65.0,50.0,2.1148961189544138,0.01,Care
outcome_eta0.01,0,300,1,1,47.500000000001236,70.0,50.0,2.196442127894646,0.01,Care
outcome_eta0.01,0,310,1,1,44.700000000001225,55.0,50.0,2.086244285644585,0.01,Care
outcome_eta0.01,0,320,1,1,43.70000000000121,60.0,50.0,2.1550742055658128,0.01,Care
outcome_eta0.01,0,330,1,1,42.7000000000012,65.0,50.0,2.2403478646368487,0.01,Care
outcome_eta0.01,0,340,1,1,33.600000000001195,70.0,47.99999999999997,3.2698294129203,0.01,Forage
outcome_eta0.01,0,350,1,1,32.10000000000122,55.0,45.99999999999994,2.330231745502636,0.01,Forage
outcome_eta0.01,0,360,1,1,23.950000000001218,60.0,43.999999999999915,3.4238394111435437,0.01,Forage
outcome_eta0.01,0,370,1,1,23.35000000000121,45.0,42.999999999999886,2.354417678437785,0.01,Forage
outcome_eta0.01,0,380,1,1,22.850000000001202,50.0,40.99999999999986,2.3198335169664617,0.01,Forage
outcome_eta0.01,0,390,1,1,22.350000000001195,55.0,38.99999999999983,2.2977766722860986,0.01,Forage
outcome_eta0.01,0,400,1,1,21.850000000001188,60.0,36.9999999999998,2.2840081931949907,0.01,Forage
outcome_eta0.01,0,410,1,1,17.450000000001182,45.0,34.99999999999977,2.195584004546568,0.01,Forage
outcome_eta0.01,0,420,1,1,16.950000000001175,50.0,32.999999999999744,2.2485104345477502,0.01,Forage
outcome_eta0.01,0,430,1,1,16.450000000001168,55.0,30.999999999999737,2.390653313202254,0.01,Forage
outcome_eta0.01,0,440,1,1,15.950000000001161,60.0,28.999999999999744,2.546871576107721,0.01,Forage
outcome_eta0.01,0,450,1,1,15.450000000001154,65.0,26.99999999999975,2.726537863933135,0.01,Forage
outcome_eta0.01,0,460,1,1,16.100000000001153,70.0,24.99999999999976,3.460161227691564,0.01,Forage
outcome_eta0.01,0,470,1,1,15.600000000001145,75.0,22.999999999999766,3.562662021620331,0.01,Forage
outcome_eta0.01,0,480,1,1,15.100000000001138,80.0,20.999999999999773,3.6729319138882204,0.01,Forage
outcome_eta0.01,0,490,1,1,14.600000000001131,85.0,18.99999999999978,3.7822018441283496,0.01,Forage
outcome_eta0.01,0,500,1,1,14.100000000001124,90.0,16.999999999999787,3.8877875949600273,0.01,Forage
outcome_eta0.01,0,510,1,1,5.950000000001124,95.0,14.999999999999794,4.169451835969923,0.01,Forage
outcome_eta0.01,0,520,1,1,3.500000000001125,80.0,12.999999999999801,3.4209016388435565,0.01,Forage
outcome_eta0.01,0,530,1,1,3.0000000000011267,85.0,10.999999999999808,3.5240600028036173,0.01,Forage
outcome_eta0.01,0,540,1,1,2.5000000000011284,90.0,8.999999999999815,3.6296447340352365,0.01,Forage
outcome_eta0.01,0,550,1,1,2.00000000000113,95.0,6.999999999999817,3.7352303312823283,0.01,Forage
outcome_eta0.01,0,560,0,0,0.0,100.0,4.999999999999815,1.8584060104564923,0.01,Forage
outcome_eta0.01,1,1,1,1,99.0,0.5,49.8,0.3411637025064713,0.01,Care
outcome_eta0.01,1,10,1,1,98.55000000000003,5.0,47.99999999999997,0.42195562935963077,0.01,Forage
outcome_eta0.01,1,20,1,1,98.05000000000005,10.0,45.99999999999994,0.7458979648840266,0.01,Forage
outcome_eta0.01,1,30,1,1,97.55000000000008,15.0,43.999999999999915,1.1883999616837755,0.01,Forage
outcome_eta0.01,1,40,1,1,97.05000000000011,20.0,41.999999999999886,1.7494371831556288,0.01,Forage
outcome_eta0.01,1,50,1,1,96.55000000000014,25.0,39.99999999999986,1.9176149689854434,0.01,Forage
outcome_eta0.01,1,60,1,1,87.50000000000014,30.0,37.99999999999983,2.2022641436424983,0.01,Forage
outcome_eta0.01,1,70,1,1,81.10000000000016,15.0,37.9999999999998,1.3721052541722796,0.01,Care
outcome_eta0.01,1,80,1,1,80.10000000000022,20.0,45.99999999999977,1.0632467774165368,0.01,Care
outcome_eta0.01,1,90,1,1,79.10000000000028,25.0,50.0,1.030916279614524,0.01,Care
outcome_eta0.01,1,100,1,1,78.10000000000034,30.0,50.0,1.1348329232935082,0.01,Care
outcome_eta0.01,1,110,1,1,77.10000000000039,35.0,50.0,1.2401014961165049,0.01,Care
outcome_eta0.01,1,120,1,1,68.9000000000004,40.0,48.199999999999974,1.9154559514505465,0.01,Forage
outcome_eta0.01,1,130,1,1,66.10000000000045,25.0,50.0,1.2619515699859547,0.01,Care
outcome_eta0.01,1,140,1,1,65.1000000000005,30.0,50.0,1.3629644108616132,0.01,Care
outcome_eta0.01,1,150,1,1,64.10000000000056,35.0,50.0,1.4709068581958857,0.01,Care
outcome_eta0.01,1,160,1,1,63.100000000000556,40.0,50.0,1.578870501137617,0.01,Care
outcome_eta0.01,1,170,1,1,61.20000000000054,45.0,49.8,1.7038342052700193,0.01,Forage
outcome_eta0.01,1,180,1,1,52.10000000000054,50.0,47.79999999999997,2.5017093317859898,0.01,Forage
outcome_eta0.01,1,190,1,1,47.50000000000053,35.0,50.0,1.7765117271178044,0.01,Care
outcome_eta0.01,1,200,1,1,46.50000000000052,40.0,50.0,1.8486978075205993,0.01,Care
outcome_eta0.01,1,210,1,1,42.80000000000051,45.0,49.39999999999999,2.110461543429011,0.01,Forage
outcome_eta0.01,1,220,1,1,37.3000000000005,30.0,50.0,1.8997773940604128,0.01,Care
outcome_eta0.01,1,230,1,1,36.30000000000049,35.0,50.0,1.9377037019036125,0.01,Care
outcome_eta0.01,1,240,1,1,35.30000000000047,40.0,50.0,2.0463818035903865,0.01,Care
outcome_eta0.01,1,250,1,1,34.600000000000485,45.0,48.79999999999998,2.0955095135531785,0.01,Forage
outcome_eta0.01,1,260,1,1,36.2000000000005,50.0,46.799999999999955,2.723670073276102,0.01,Forage
outcome_eta0.01,1,270,1,1,35.70000000000053,55.0,44.799999999999926,2.712660259725039,0.01,Forage
outcome_eta0.01,1,280,1,1,35.20000000000056,60.0,42.7999999999999,2.7118251226024466,0.01,Forage
outcome_eta0.01,1,290,1,1,34.700000000000585,65.0,40.79999999999987,2.7410461236799177,0.01,Forage
outcome_eta0.01,1,300,1,1,34.200000000000614,70.0,38.79999999999984,2.894040160547425,0.01,Forage
outcome_eta0.01,1,310,1,1,26.050000000000615,75.0,36.79999999999981,3.37579803900164,0.01,Forage
outcome_eta0.01,1,320,1,1,24.55000000000061,60.0,34.799999999999784,2.4282138937505713,0.01,Forage
outcome_eta0.01,1,330,1,1,24.0500000000006,65.0,32.799999999999756,2.61643160068532,0.01,Forage
outcome_eta0.01,1,340,1,1,23.550000000000594,70.0,30.799999999999752,2.881078541055512,0.01,Forage
outcome_eta0.01,1,350,1,1,23.050000000000587,75.0,28.79999999999976,3.031155248396027,0.01,Forage
outcome_eta0.01,1,360,1,1,14.000000000000586,80.0,26.799999999999766,4.177043208915237,0.01,Forage
outcome_eta0.01,1,370,1,1,4.9000000000005866,85.0,24.799999999999773,4.417273860777265,0.01,Forage
outcome_eta0.01,1,380,1,1,4.3500000000005885,70.0,22.79999999999978,3.261786396234656,0.01,Forage
outcome_eta0.01,1,390,1,1,3.8500000000005903,75.0,20.799999999999788,3.4081947249654263,0.01,Forage
outcome_eta0.01,1,400,1,1,3.350000000000592,80.0,18.799999999999795,3.5708180523660547,0.01,Forage
outcome_eta0.01,1,410,0,1,0.0,85.0,16.7999999999998,4.433213283548302,0.01,Forage
outcome_eta0.01,1,420,0,1,0.0,90.0,14.799999999999809,4.523213283548301,0.01,Forage
outcome_eta0.01,1,430,0,1,0.0,95.0,12.799999999999816,4.613213283548301,0.01,Forage
outcome_eta0.01,1,440,0,0,0.0,100.0,10.799999999999823,2.919213283548298,0.01,Forage
outcome_eta0.01,2,1,1,1,99.0,0.5,49.8,0.13965806875242714,0.01,Care
outcome_eta0.01,2,10,1,1,94.50000000000003,5.0,50.0,0.6006598121060235,0.01,Care
outcome_eta0.01,2,20,1,1,93.50000000000009,10.0,50.0,0.6816446647944465,0.01,Care
outcome_eta0.01,2,30,1,1,92.50000000000014,15.0,50.0,0.7629953370953952,0.01,Care
outcome_eta0.01,2,40,1,1,91.5000000000002,20.0,50.0,0.8443460461135743,0.01,Care
outcome_eta0.01,2,50,1,1,90.50000000000026,25.0,50.0,0.9256967551352877,0.01,Care
outcome_eta0.01,2,60,1,1,89.50000000000031,30.0,50.0,1.0070474641570017,0.01,Care
outcome_eta0.01,2,70,1,1,88.50000000000037,35.0,50.0,1.0883981731787156,0.01,Care
outcome_eta0.01,2,80,1,1,87.50000000000043,40.0,50.0,1.1697488822004298,0.01,Care
outcome_eta0.01,2,90,1,1,86.50000000000048,45.0,50.0,1.2510995912221436,0.01,Care
outcome_eta0.01,2,100,1,1,85.50000000000054,50.0,50.0,1.3324503002438575,0.01,Care
outcome_eta0.01,2,110,1,1,84.5000000000006,55.0,50.0,1.4138010092655715,0.01,Care
outcome_eta0.01,2,120,1,1,83.50000000000065,60.0,50.0,1.4951517182872855,0.01,Care
outcome_eta0.01,2,130,1,1,82.50000000000071,65.0,50.0,1.5765024273089994,0.01,Care
outcome_eta0.01,2,140,1,1,81.50000000000077,70.0,50.0,1.6578531363307132,0.01,Care
outcome_eta0.01,2,150,1,1,80.50000000000082,75.0,50.0,1.7392038453524274,0.01,Care
outcome_eta0.01,2,160,1,1,79.50000000000088,80.0,50.0,1.8264916893342173,0.01,Care
outcome_eta0.01,2,170,1,1,78.50000000000094,85.0,50.0,1.9221304978784834,0.01,Care
outcome_eta0.01,2,180,1,1,77.500000000001,90.0,50.0,2.0177963806522,0.01,Care
outcome_eta0.01,2,190,1,1,76.50000000000105,95.0,50.0,2.113462266068624,0.01,Care
outcome_eta0.01,2,200,1,0,74.6000000000011,100.0,49.8,2.055986953845252,0.01,Forage
outcome_eta0.01,2,210,1,0,76.40000000000111,100.0,49.8,1.82004620732794,0.01,Forage
outcome_eta0.01,2,220,1,0,79.15000000000113,100.0,49.8,1.8261976739081547,0.01,Forage
outcome_eta0.01,2,230,1,0,78.65000000000116,100.0,49.8,1.7119996848697734,0.01,Forage
outcome_eta0.01,2,240,1,0,78.15000000000119,100.0,49.8,1.618278545668687,0.01,Forage
outcome_eta0.01,2,250,1,0,77.65000000000121,100.0,49.8,1.5312598617767377,0.01,Forage
outcome_eta0.01,2,260,1,0,76.40000000000123,100.0,49.8,1.566482971341101,0.01,Forage
outcome_eta0.01,2,270,1,0,75.90000000000126,100.0,49.8,1.5556623863219743,0.01,Forage
outcome_eta0.01,2,280,1,0,75.40000000000128,100.0,49.8,1.5647434055528329,0.01,Forage
outcome_eta0.01,2,290,1,0,74.90000000000131,100.0,49.8,1.5751054160094407,0.01,Forage
outcome_eta0.01,2,300,1,0,74.40000000000134,100.0,49.8,1.5874547704843613,0.01,Forage
outcome_eta0.01,2,310,1,0,71.25000000000135,100.0,49.8,1.7080490957521883,0.01,Forage
outcome_eta0.01,2,320,1,0,70.75000000000138,100.0,49.8,1.6548040233825478,0.01,Forage
outcome_eta0.01,2,330,1,0,70.2500000000014,100.0,49.8,1.6743793932995321,0.01,Forage
outcome_eta0.01,2,340,1,0,69.75000000000144,100.0,49.8,1.6890530743018377,0.01,Forage
outcome_eta0.01,2,350,1,0,69.25000000000146,100.0,49.8,1.6984956407110694,0.01,Forage
outcome_eta0.01,2,360,1,0,67.05000000000148,100.0,49.8,1.7913492281832153,0.01,Forage
outcome_eta0.01,2,370,1,0,66.5500000000015,100.0,49.8,1.743838046780796,0.01,Forage
outcome_eta0.01,2,380,1,0,66.05000000000153,100.0,49.8,1.7580775460681703,0.01,Forage
outcome_eta0.01,2,390,1,0,65.55000000000156,100.0,49.8,1.7674284689826432,0.01,Forage
outcome_eta0.01,2,400,1,0,65.05000000000159,100.0,49.8,1.7767438441215537,0.01,Forage
outcome_eta0.01,2,410,1,0,63.800000000001596,100.0,49.8,1.831499702921212,0.01,Forage
outcome_eta0.01,2,420,1,0,63.300000000001624,100.0,49.8,1.805261608419075,0.01,Forage
outcome_eta0.01,2,430,1,0,62.80000000000165,100.0,49.8,1.818635340245216,0.01,Forage
outcome_eta0.01,2,440,1,0,62.30000000000168,100.0,49.8,1.8279771666142381,0.01,Forage
outcome_eta0.01,2,450,1,0,61.80000000000171,100.0,49.8,1.8372924909716044,0.01,Forage
outcome_eta0.01,2,460,1,0,63.400000000001725,100.0,49.8,1.8070915637433003,0.01,Forage
outcome_eta0.01,2,470,1,0,62.900000000001754,100.0,49.8,1.8167358471110417,0.01,Forage
outcome_eta0.01,2,480,1,0,62.40000000000178,100.0,49.8,1.82611392399107,0.01,Forage
outcome_eta0.01,2,490,1,0,61.90000000000181,100.0,49.8,1.8354294545440228,0.01,Forage
outcome_eta0.01,2,500,1,0,61.40000000000184,100.0,49.8,1.844744632900517,0.01,Forage
outcome_eta0.01,2,510,1,0,63.000000000001855,100.0,49.8,1.8143818660217703,0.01,Forage
outcome_eta0.01,2,520,1,0,62.50000000000188,100.0,49.8,1.8241855711634298,0.01,Forage
outcome_eta0.01,2,530,1,0,62.00000000000191,100.0,49.8,1.8335660515774064,0.01,Forage
outcome_eta0.01,2,540,1,0,61.50000000000194,100.0,49.8,1.842881595585065,0.01,Forage
outcome_eta0.01,2,550,1,0,61.00000000000197,100.0,49.8,1.8521967740160714,0.01,Forage
outcome_eta0.01,2,560,1,0,57.85000000000197,100.0,49.8,1.9695496427034787,0.01,Forage
outcome_eta0.01,2,570,1,0,57.350000000002,100.0,49.8,1.9004054286633958,0.01,Forage
outcome_eta0.01,2,580,1,0,56.85000000000203,100.0,49.8,1.9292008356717592,0.01,Forage
outcome_eta0.01,2,590,1,0,56.350000000002055,100.0,49.8,1.9388261651885776,0.01,Forage
outcome_eta0.01,2,600,1,0,55.85000000000208,100.0,49.8,1.9481430812074993,0.01,Forage
outcome_eta0.01,2,610,1,0,53.65000000000209,100.0,49.8,2.0409959595180345,0.01,Forage
outcome_eta0.01,2,620,1,0,53.150000000002116,100.0,49.8,1.9881866584504586,0.01,Forage
outcome_eta0.01,2,630,1,0,52.650000000002144,100.0,49.8,2.0076863392292905,0.01,Forage
outcome_eta0.01,2,640,1,0,52.15000000000217,100.0,49.8,2.017074985499118,0.01,Forage
outcome_eta0.01,2,650,1,0,51.6500000000022,100.0,49.8,2.026390570338946,0.01,Forage
outcome_eta0.01,2,660,1,0,51.35000000000221,100.0,49.8,2.041989212503493,0.01,Forage
outcome_eta0.01,2,670,1,0,50.85000000000224,100.0,49.8,2.039786447639586,0.01,Forage
outcome_eta0.01,2,680,1,0,50.35000000000227,100.0,49.8,2.050601228717544,0.01,Forage
outcome_eta0.01,2,690,1,0,49.8500000000023,100.0,49.8,2.0599251588524066,0.01,Forage
outcome_eta0.01,2,700,1,0,49.350000000002325,100.0,49.8,2.069240383759969,0.01,Forage
outcome_eta0.01,2,710,1,0,49.050000000002335,100.0,49.8,2.0844310418556766,0.01,Forage
outcome_eta0.01,2,720,1,0,48.55000000000236,100.0,49.8,2.082508107104848,0.01,Forage
outcome_eta0.01,2,730,1,0,48.05000000000239,100.0,49.8,2.0934502945411007,0.01,Forage
outcome_eta0.01,2,740,1,0,47.55000000000242,100.0,49.8,2.102774966137444,0.01,Forage
outcome_eta0.01,2,750,1,0,47.05000000000245,100.0,49.8,2.112090195153927,0.01,Forage
outcome_eta0.01,2,760,1,0,45.800000000002456,100.0,49.8,2.1657688590861373,0.01,Forage
outcome_eta0.01,2,770,1,0,45.300000000002484,100.0,49.8,2.135954610435026,0.01,Forage
outcome_eta0.01,2,780,1,0,44.80000000000251,100.0,49.8,2.153951344141168,0.01,Forage
outcome_eta0.01,2,790,1,0,44.30000000000254,100.0,49.8,2.1633233483651715,0.01,Forage
outcome_eta0.01,2,800,1,0,43.80000000000257,100.0,49.8,2.172638840257478,0.01,Forage
outcome_eta0.01,2,810,1,0,40.65000000000257,100.0,49.8,2.289991710680593,0.01,Forage
outcome_eta0.01,2,820,1,0,40.1500000000026,100.0,49.8,2.205356553777094,0.01,Forage
outcome_eta0.01,2,830,1,0,39.65000000000263,100.0,49.8,2.249402572715866,0.01,Forage
outcome_eta0.01,2,840,1,0,39.150000000002656,100.0,49.8,2.259266885425221,0.01,Forage
outcome_eta0.01,2,850,1,0,38.650000000002684,100.0,49.8,2.268585141730179,0.01,Forage
outcome_eta0.01,2,860,1,0,40.2500000000027,100.0,49.8,2.2290178077847287,0.01,Forage
outcome_eta0.01,2,870,1,0,39.75000000000273,100.0,49.8,2.2478886266414593,0.01,Forage
outcome_eta0.01,2,880,1,0,39.25000000000276,100.0,49.8,2.257405808050404,0.01,Forage
outcome_eta0.01,2,890,1,0,38.750000000002785,100.0,49.8,2.266722117294457,0.01,Forage
outcome_eta0.01,2,900,1,0,38.250000000002814,100.0,49.8,2.2760372999633596,0.01,Forage
outcome_eta0.01,2,910,1,0,35.100000000002815,100.0,49.8,2.393390168674232,0.01,Forage
outcome_eta0.01,2,920,1,0,34.600000000002844,100.0,49.8,2.303756480776036,0.01,Forage
outcome_eta0.01,2,930,1,0,34.10000000000287,100.0,49.8,2.352723482052772,0.01,Forage
outcome_eta0.01,2,940,1,0,33.6000000000029,100.0,49.8,2.3626649085248346,0.01,Forage
outcome_eta0.01,2,950,1,0,33.10000000000293,100.0,49.8,2.3719835973058103,0.01,Forage
outcome_eta0.01,2,960,1,0,32.80000000000294,100.0,49.8,2.3842917925320535,0.01,Forage
outcome_eta0.01,2,970,1,0,32.30000000000297,100.0,49.8,2.3843459185434184,0.01,Forage
outcome_eta0.01,2,980,1,0,31.80000000000298,100.0,49.8,2.3961882595988406,0.01,Forage
outcome_eta0.01,2,990,1,0,31.300000000002974,100.0,49.8,2.405518169781737,0.01,Forage
outcome_eta0.01,2,1000,1,0,30.800000000002967,100.0,49.8,2.414833427828636,0.01,Forage
outcome_eta0.01,3,1,1,1,99.0,0.5,49.8,0.3587768500233245,0.01,Care
outcome_eta0.01,3,10,1,1,91.80000000000001,5.0,49.99999999999997,0.6189296390586484,0.01,Care
outcome_eta0.01,3,20,1,1,90.80000000000007,10.0,50.0,0.6903832364345306,0.01,Care
outcome_eta0.01,3,30,1,1,89.80000000000013,15.0,50.0,0.769989954451647,0.01,Care
outcome_eta0.01,3,40,1,1,88.80000000000018,20.0,50.0,0.8496114869477158,0.01,Care
outcome_eta0.01,3,50,1,1,87.80000000000024,25.0,50.0,0.9292330441723583,0.01,Care
outcome_eta0.01,3,60,1,1,86.8000000000003,30.0,50.0,1.008854601438275,0.01,Care
outcome_eta0.01,3,70,1,1,85.80000000000035,35.0,50.0,1.0884761587042608,0.01,Care
outcome_eta0.01,3,80,1,1,84.80000000000041,40.0,50.0,1.1680977159702468,0.01,Care
outcome_eta0.01,3,90,1,1,83.80000000000047,45.0,50.0,1.2477192732362326,0.01,Care
outcome_eta0.01,3,100,1,1,82.80000000000052,50.0,50.0,1.3273408305022185,0.01,Care
outcome_eta0.01,3,110,1,1,81.80000000000058,55.0,50.0,1.4069623877682045,0.01,Care
outcome_eta0.01,3,120,1,1,80.80000000000064,60.0,50.0,1.4865839450341902,0.01,Care
outcome_eta0.01,3,130,1,1,79.8000000000007,65.0,50.0,1.5682055023001693,0.01,Care
outcome_eta0.01,3,140,1,1,78.80000000000075,70.0,50.0,1.6579759269010008,0.01,Care
outcome_eta0.01,3,150,1,1,77.80000000000081,75.0,50.0,1.747771868756714,0.01,Care
outcome_eta0.01,3,160,1,1,76.80000000000086,80.0,50.0,1.8375678579100998,0.01,Care
outcome_eta0.01,3,170,1,1,75.80000000000092,85.0,50.0,1.9273638471424368,0.01,Care
outcome_eta0.01,3,180,1,1,74.80000000000098,90.0,50.0,2.0171598363749053,0.01,Care
outcome_eta0.01,3,190,1,1,73.80000000000103,95.0,50.0,2.106955825607374,0.01,Care
outcome_eta0.01,3,200,1,0,71.90000000000109,100.0,49.8,2.0341448439363674,0.01,Forage
outcome_eta0.01,3,210,1,0,79.6000000000011,100.0,49.8,1.7785895534504625,0.01,Forage
outcome_eta0.01,3,220,1,0,82.15000000000113,100.0,49.8,1.7150080267650432,0.01,Forage
outcome_eta0.01,3,230,1,0,81.65000000000116,100.0,49.8,1.6150000135173113,0.01,Forage
outcome_eta0.01,3,240,1,0,81.15000000000119,100.0,49.8,1.5150000000225625,0.01,Forage
outcome_eta0.01,3,250,1,0,80.65000000000121,100.0,49.8,1.5000000000000377,0.01,Forage
outcome_eta0.01,3,260,1,0,82.25000000000124,100.0,49.8,1.5000257557672532,0.01,Forage
outcome_eta0.01,3,270,1,0,81.75000000000126,100.0,49.8,1.5000000429890092,0.01,Forage
outcome_eta0.01,3,280,1,0,81.2500000000013,100.0,49.8,1.5000000000717528,0.01,Forage
outcome_eta0.01,3,290,1,0,80.75000000000132,100.0,49.8,1.50000000000012,0.01,Forage
outcome_eta0.01,3,300,1,0,80.25000000000135,100.0,49.8,1.5000000000000002,0.01,Forage
outcome_eta0.01,3,310,1,0,83.75000000000138,100.0,49.8,1.500001717385319,0.01,Forage
outcome_eta0.01,3,320,1,0,83.2500000000014,100.0,49.8,1.5000000028664888,0.01,Forage
outcome_eta0.01,3,330,1,0,82.75000000000144,100.0,49.8,1.5000000000047846,0.01,Forage
outcome_eta0.01,3,340,1,0,82.25000000000146,100.0,49.8,1.500000000000008,0.01,Forage
outcome_eta0.01,3,350,1,0,81.75000000000149,100.0,49.8,1.5,0.01,Forage
outcome_eta0.01,3,360,1,0,79.5500000000015,100.0,49.8,1.5313558709870103,0.01,Forage
outcome_eta0.01,3,370,1,0,79.05000000000153,100.0,49.8,1.5096648626799425,0.01,Forage
outcome_eta0.01,3,380,1,0,78.55000000000156,100.0,49.8,1.5147541468511836,0.01,Forage
outcome_eta0.01,3,390,1,0,78.05000000000159,100.0,49.8,1.5197949502486496,0.01,Forage
outcome_eta0.01,3,400,1,0,77.55000000000162,100.0,49.8,1.524820658623797,0.01,Forage
outcome_eta0.01,3,410,1,0,76.30000000000163,100.0,49.8,1.5493086158649274,0.01,Forage
outcome_eta0.01,3,420,1,0,75.80000000000166,100.0,49.8,1.5429501729004707,0.01,Forage
outcome_eta0.01,3,430,1,0,75.30000000000169,100.0,49.8,1.5483309410850727,0.01,Forage
outcome_eta0.01,3,440,1,0,74.80000000000172,100.0,49.8,1.5537205877963045,0.01,Forage
outcome_eta0.01,3,450,1,0,74.30000000000175,100.0,49.8,1.5589043398110365,0.01,Forage
outcome_eta0.01,3,460,1,0,74.00000000000176,100.0,49.8,1.5627238052494516,0.01,Forage
outcome_eta0.01,3,470,1,0,73.50000000000179,100.0,49.8,1.56722854568335,0.01,Forage
outcome_eta0.01,3,480,1,0,73.00000000000182,100.0,49.8,1.5723585173557075,0.01,Forage
outcome_eta0.01,3,490,1,0,72.50000000000185,100.0,49.8,1.5775324073762986,0.01,Forage
outcome_eta0.01,3,500,1,0,72.00000000000188,100.0,49.8,1.5827068338229189,0.01,Forage
outcome_eta0.01,3,510,1,0,62.95000000000188,100.0,49.8,1.719823196406088,0.01,Forage
outcome_eta0.01,3,520,1,0,67.4000000000019,100.0,49.8,1.6309514354761547,0.01,Forage
outcome_eta0.01,3,530,1,0,66.90000000000192,100.0,49.8,1.6355225847372723,0.01,Forage
outcome_eta0.01,3,540,1,0,66.40000000000195,100.0,49.8,1.6406608917646701,0.01,Forage
outcome_eta0.01,3,550,1,0,65.90000000000198,100.0,49.8,1.6458349080018067,0.01,Forage
outcome_eta0.01,3,560,1,0,62.75000000000198,100.0,49.8,1.7199512664386711,0.01,Forage
outcome_eta0.01,3,570,1,0,62.25000000000201,100.0,49.8,1.6844524006190416,0.01,Forage
outcome_eta0.01,3,580,1,0,61.75000000000204,100.0,49.8,1.6888159416706436,0.01,Forage
outcome_eta0.01,3,590,1,0,61.25000000000207,100.0,49.8,1.693957493118515,0.01,Forage
outcome_eta0.01,3,600,1,0,60.750000000002096,100.0,49.8,1.699131556758203,0.01,Forage
outcome_eta0.01,3,610,1,0,57.6000000000021,100.0,49.8,1.7732479156884884,0.01,Forage
outcome_eta0.01,3,620,1,0,57.100000000002126,100.0,49.8,1.7379858110093873,0.01,Forage
outcome_eta0.01,3,630,1,0,56.600000000002154,100.0,49.8,1.7421221646690752,0.01,Forage
outcome_eta0.01,3,640,1,0,56.10000000000218,100.0,49.8,1.7472542496020473,0.01,Forage
outcome_eta0.01,3,650,1,0,55.60000000000221,100.0,49.8,1.7524282070923394,0.01,Forage
outcome_eta0.01,3,660,1,0,57.20000000000223,100.0,49.8,1.736707599000523,0.01,Forage
outcome_eta0.01,3,670,1,0,56.700000000002255,100.0,49.8,1.741069176456748,0.01,Forage
outcome_eta0.01,3,680,1,0,56.200000000002284,100.0,49.8,1.7462191553457467,0.01,Forage
outcome_eta0.01,3,690,1,0,55.70000000000231,100.0,49.8,1.7513933185991797,0.01,Forage
outcome_eta0.01,3,700,1,0,55.20000000000234,100.0,49.8,1.756567747868413,0.01,Forage
outcome_eta0.01,3,710,1,0,54.90000000000235,100.0,49.8,1.76054994544543,0.01,Forage
outcome_eta0.01,3,720,1,0,54.40000000000238,100.0,49.8,1.765000293472097,0.01,Forage
outcome_eta0.01,3,730,1,0,53.90000000000241,100.0,49.8,1.77002319462491,0.01,Forage
outcome_eta0.01,3,740,1,0,53.400000000002436,100.0,49.8,1.7751957225856996,0.01,Forage
outcome_eta0.01,3,750,1,0,52.900000000002464,100.0,49.8,1.7803701350824586,0.01,Forage
outcome_eta0.01,3,760,1,0,49.750000000002466,100.0,49.8,1.854486497527129,0.01,Forage
outcome_eta0.01,3,770,1,0,49.250000000002494,100.0,49.8,1.8195852812158178,0.01,Forage
outcome_eta0.01,3,780,1,0,48.75000000000252,100.0,49.8,1.8233753395307586,0.01,Forage
outcome_eta0.01,3,790,1,0,48.25000000000255,100.0,49.8,1.8284929949216044,0.01,Forage
outcome_eta0.01,3,800,1,0,47.75000000000258,100.0,49.8,1.8336667906113604,0.01,Forage
outcome_eta0.01,3,810,1,0,46.500000000002586,100.0,49.8,1.8585133132024767,0.01,Forage
outcome_eta0.01,3,820,1,0,46.000000000002615,100.0,49.8,1.8524445504381273,0.01,Forage
outcome_eta0.01,3,830,1,0,45.50000000000264,100.0,49.8,1.856962151518751,0.01,Forage
outcome_eta0.01,3,840,1,0,45.00000000000267,100.0,49.8,1.8621262692182943,0.01,Forage
outcome_eta0.01,3,850,1,0,44.5000000000027,100.0,49.8,1.8673005930129998,0.01,Forage
outcome_eta0.01,3,860,1,0,43.25000000000271,100.0,49.8,1.8921563949221463,0.01,Forage
outcome_eta0.01,3,870,1,0,42.750000000002736,100.0,49.8,1.8861412034541245,0.01,Forage
outcome_eta0.01,3,880,1,0,42.250000000002764,100.0,49.8,1.8905969483484428,0.01,Forage
outcome_eta0.01,3,890,1,0,41.75000000000279,100.0,49.8,1.8957600873754483,0.01,Forage
outcome_eta0.01,3,900,1,0,41.25000000000282,100.0,49.8,1.9009344008985416,0.01,Forage
outcome_eta0.01,3,910,1,0,42.85000000000284,100.0,49.8,1.885512127812195,0.01,Forage
outcome_eta0.01,3,920,1,0,42.350000000002865,100.0,49.8,1.8895879092914347,0.01,Forage
outcome_eta0.01,3,930,1,0,41.85000000000289,100.0,49.8,1.8947254924837311,0.01,Forage
outcome_eta0.01,3,940,1,0,41.35000000000292,100.0,49.8,1.8998995174424285,0.01,Forage
outcome_eta0.01,3,950,1,0,40.85000000000295,100.0,49.8,1.90507394532039,0.01,Forage
outcome_eta0.01,3,960,1,0,42.450000000002966,100.0,49.8,1.8896599892325143,0.01,Forage
outcome_eta0.01,3,970,1,0,41.950000000002994,100.0,49.8,1.893727804283251,0.01,Forage
outcome_eta0.01,3,980,1,0,41.45000000000302,100.0,49.8,1.89886504195099,0.01,Forage
outcome_eta0.01,3,990,1,0,40.95000000000305,100.0,49.8,1.9040390630547825,0.01,Forage
outcome_eta0.01,3,1000,1,0,40.45000000000308,100.0,49.8,1.909213490893963,0.01,Forage
outcome_eta0.01,4,1,1,1,99.0,0.5,49.8,0.03366625328007266,0.01,Care
outcome_eta0.01,4,10,1,1,95.40000000000003,5.0,50.0,0.5963676931986812,0.01,Care
outcome_eta0.01,4,20,1,1,94.40000000000009,10.0,50.0,0.6758800782939117,0.01,Care
outcome_eta0.01,4,30,1,1,93.40000000000015,15.0,50.0,0.7555937664850303,0.01,Care
outcome_eta0.01,4,40,1,1,92.4000000000002,20.0,50.0,0.835307585569451,0.01,Care
outcome_eta0.01,4,50,1,1,91.40000000000026,25.0,50.0,0.9150214047387274,0.01,Care
outcome_eta0.01,4,60,1,1,90.40000000000032,30.0,50.0,0.9947352239080589,0.01,Care
outcome_eta0.01,4,70,1,1,89.40000000000038,35.0,50.0,1.0744490430773903,0.01,Care
outcome_eta0.01,4,80,1,1,88.40000000000043,40.0,50.0,1.154162862246722,0.01,Care
outcome_eta0.01,4,90,1,1,87.40000000000049,45.0,50.0,1.2338766814160533,0.01,Care
outcome_eta0.01,4,100,1,1,86.40000000000055,50.0,50.0,1.3135905005853847,0.01,Care
outcome_eta0.01,4,110,1,1,85.4000000000006,55.0,50.0,1.3933043197547161,0.01,Care
outcome_eta0.01,4,120,1,1,84.40000000000066,60.0,50.0,1.4730181389240475,0.01,Care
outcome_eta0.01,4,130,1,1,83.40000000000072,65.0,50.0,1.552731958093379,0.01,Care
outcome_eta0.01,4,140,1,1,82.40000000000077,70.0,50.0,1.6324457772627103,0.01,Care
outcome_eta0.01,4,150,1,1,81.40000000000083,75.0,50.0,1.712159596432042,0.01,Care
outcome_eta0.01,4,160,1,1,80.40000000000089,80.0,50.0,1.7918734156013736,0.01,Care
outcome_eta0.01,4,170,1,1,75.80000000000092,85.0,49.19999999999999,2.276502807874027,0.01,Forage
outcome_eta0.01,4,180,1,1,69.40000000000094,70.0,49.19999999999996,1.9091274463052887,0.01,Care
outcome_eta0.01,4,190,1,1,68.400000000001,75.0,50.0,1.9464910330726093,0.01,Care
outcome_eta0.01,4,200,1,1,67.40000000000106,80.0,50.0,2.0395243531631273,0.01,Care
outcome_eta0.01,4,210,1,1,58.300000000001056,85.0,47.99999999999997,2.9442674846365158,0.01,Forage
outcome_eta0.01,4,220,1,1,55.500000000001044,70.0,50.0,2.122840502113084,0.01,Care
outcome_eta0.01,4,230,1,1,50.900000000001036,75.0,49.19999999999999,2.460490454740637,0.01,Forage
outcome_eta0.01,4,240,1,1,41.800000000001035,80.0,47.19999999999996,3.3584106000887495,0.01,Forage
outcome_eta0.01,4,250,1,1,33.60000000000103,65.0,46.19999999999993,3.4845417375330565,0.01,Forage
outcome_eta0.01,4,260,1,1,24.50000000000103,70.0,44.1999999999999,3.832271344574742,0.01,Forage
outcome_eta0.01,4,270,1,1,27.000000000001023,55.0,42.199999999999875,3.4929095089002677,0.01,Forage
outcome_eta0.01,4,280,1,1,26.500000000001016,60.0,40.19999999999985,3.457981948039273,0.01,Forage
outcome_eta0.01,4,290,1,1,26.00000000000101,65.0,38.19999999999982,3.4513276631248653,0.01,Forage
outcome_eta0.01,4,300,1,1,25.500000000001002,70.0,36.19999999999979,3.45688197578127,0.01,Forage
outcome_eta0.01,4,310,1,1,16.450000000001,75.0,34.19999999999976,3.839298202190833,0.01,Forage
outcome_eta0.01,4,320,1,1,8.250000000001,60.0,32.19999999999973,3.463957911066611,0.01,Forage
outcome_eta0.01,4,330,1,1,7.750000000000997,65.0,30.19999999999974,3.0254539757148797,0.01,Forage
outcome_eta0.01,4,340,1,1,7.250000000000999,70.0,28.199999999999747,3.0241624637065883,0.01,Forage
outcome_eta0.01,4,350,1,1,6.750000000001001,75.0,26.199999999999754,3.159634470357908,0.01,Forage
outcome_eta0.01,4,360,0,1,0.0,80.0,24.19999999999976,4.02752005440725,0.01,Forage
outcome_eta0.01,4,370,0,1,0.0,85.0,22.19999999999977,4.117520054407251,0.01,Forage
outcome_eta0.01,4,380,0,1,0.0,90.0,20.199999999999775,4.207520054407251,0.01,Forage
outcome_eta0.01,4,390,0,1,0.0,95.0,18.199999999999783,4.297520054407251,0.01,Forage
outcome_eta0.01,4,400,0,0,0.0,100.0,16.19999999999979,2.711520054407246,0.01,Forage
outcome_eta0.01,5,1,1,1,99.95,0.5,49.8,0.3355175402481208,0.01,Forage
outcome_eta0.01,5,10,1,1,99.50000000000003,5.0,47.99999999999997,0.5555254550638468,0.01,Forage
outcome_eta0.01,5,20,1,1,99.00000000000006,10.0,45.99999999999994,1.0252611414266186,0.01,Forage
outcome_eta0.01,5,30,1,1,98.50000000000009,15.0,43.999999999999915,1.6960002132724143,0.01,Forage
outcome_eta0.01,5,40,1,1,98.00000000000011,20.0,41.999999999999886,2.08277836309796,0.01,Forage
outcome_eta0.01,5,50,1,1,97.50000000000014,25.0,39.99999999999986,2.3939051971780136,0.01,Forage
outcome_eta0.01,5,60,1,1,89.35000000000015,30.0,37.99999999999983,1.9810000000000032,0.01,Forage
outcome_eta0.01,5,70,1,1,88.80000000000018,15.0,35.9999999999998,1.930000000000004,0.01,Forage
outcome_eta0.01,5,80,1,1,88.30000000000021,20.0,33.99999999999977,2.0200000000000045,0.01,Forage
outcome_eta0.01,5,90,1,1,87.80000000000024,25.0,31.999999999999748,2.110000000000005,0.01,Forage
outcome_eta0.01,5,100,1,1,87.30000000000027,30.0,29.999999999999755,2.200000000000005,0.01,Forage
outcome_eta0.01,5,110,1,1,84.8000000000003,15.0,27.999999999999762,2.0900000000000047,0.01,Forage
outcome_eta0.01,5,120,1,1,84.30000000000032,20.0,25.99999999999977,2.1800000000000046,0.01,Forage
outcome_eta0.01,5,130,1,1,83.80000000000035,25.0,23.999999999999776,2.2700000000000045,0.01,Forage
outcome_eta0.01,5,140,1,1,83.25000000000038,30.0,22.999999999999783,2.3400000000000043,0.01,Forage
outcome_eta0.01,5,150,1,1,82.70000000000041,35.0,21.99999999999979,2.410000000000004,0.01,Forage
outcome_eta0.01,5,160,1,1,78.15000000000045,20.0,22.999999999999797,2.283499999999999,0.01,Care
outcome_eta0.01,5,170,1,1,77.55000000000048,25.0,22.999999999999805,2.3144999999999993,0.01,Forage
outcome_eta0.01,5,180,1,1,77.05000000000051,30.0,20.99999999999981,2.4094999999999986,0.01,Forage
outcome_eta0.01,5,190,1,1,76.45000000000054,35.0,20.99999999999982,2.4654999999999982,0.01,Forage
outcome_eta0.01,5,200,1,1,75.85000000000058,40.0,20.999999999999826,2.521499999999998,0.01,Forage
outcome_eta0.01,5,210,1,1,69.5000000000006,45.0,20.999999999999833,2.667999999999997,0.01,Care
outcome_eta0.01,5,220,1,1,68.65000000000065,30.0,24.99999999999984,2.4234999999999967,0.01,Forage
outcome_eta0.01,5,230,1,1,68.10000000000068,35.0,23.999999999999847,2.4889999999999963,0.01,Forage
outcome_eta0.01,5,240,1,1,67.50000000000071,40.0,23.999999999999854,2.5449999999999955,0.01,Forage
outcome_eta0.01,5,250,1,1,66.95000000000074,45.0,22.99999999999986,2.6204999999999954,0.01,Forage
outcome_eta0.01,5,260,1,1,58.80000000000074,50.0,20.99999999999987,3.230550923976752,0.01,Forage
outcome_eta0.01,5,270,1,1,56.10000000000074,35.0,23.999999999999876,2.6459999999999946,0.01,Forage
outcome_eta0.01,5,280,1,1,55.550000000000765,40.0,22.999999999999883,2.6844999999999946,0.01,Forage
outcome_eta0.01,5,290,1,1,55.05000000000079,45.0,20.99999999999989,2.7794999999999943,0.01,Forage
outcome_eta0.01,5,300,1,1,54.55000000000082,50.0,18.999999999999897,2.874499999999994,0.01,Forage
outcome_eta0.01,5,310,1,1,46.40000000000082,55.0,16.999999999999904,3.752685424949232,0.01,Forage
outcome_eta0.01,5,320,1,1,41.85000000000082,40.0,18.99999999999991,2.957499999999994,0.01,Forage
outcome_eta0.01,5,330,1,1,41.200000000000834,45.0,19.99999999999992,2.9379999999999935,0.01,Forage
outcome_eta0.01,5,340,1,1,40.70000000000086,50.0,17.999999999999925,3.032999999999993,0.01,Forage
outcome_eta0.01,5,350,1,1,40.20000000000089,55.0,15.999999999999932,3.1279999999999926,0.01,Forage
outcome_eta0.01,5,360,1,1,35.65000000000089,40.0,16.99999999999994,3.028499999999992,0.01,Care
outcome_eta0.01,5,370,1,1,35.0000000000009,45.0,17.999999999999947,3.039999999999992,0.01,Forage
outcome_eta0.01,5,380,1,1,34.50000000000093,50.0,15.999999999999954,3.134999999999992,0.01,Forage
outcome_eta0.01,5,390,1,1,34.00000000000096,55.0,13.999999999999961,3.2299999999999915,0.01,Forage
outcome_eta0.01,5,400,1,1,33.50000000000099,60.0,11.999999999999968,3.324999999999991,0.01,Forage
outcome_eta0.01,5,410,1,1,25.35000000000099,65.0,9.999999999999975,4.113235931288062,0.01,Forage
outcome_eta0.01,5,420,1,1,22.65000000000098,50.0,12.999999999999982,3.3504999999999905,0.01,Forage
outcome_eta0.01,5,430,1,1,22.05000000000097,55.0,12.99999999999999,3.3694999999999906,0.01,Forage
outcome_eta0.01,5,440,1,1,21.550000000000963,60.0,10.999999999999996,3.4644999999999904,0.01,Forage
outcome_eta0.01,5,450,1,1,21.050000000000956,65.0,9.000000000000004,3.55949999999999,0.01,Forage
outcome_eta0.01,5,460,1,1,12.900000000000956,70.0,7.000000000000006,4.3891572875253715,0.01,Forage
outcome_eta0.01,5,470,1,1,10.200000000000957,55.0,10.000000000000007,3.58499999999999,0.01,Forage
outcome_eta0.01,5,480,1,1,9.65000000000095,60.0,9.000000000000014,3.6234999999999906,0.01,Forage
outcome_eta0.01,5,490,1,1,9.150000000000944,65.0,7.000000000000017,3.7184999999999904,0.01,Forage
outcome_eta0.01,5,500,1,1,8.650000000000936,70.0,5.000000000000015,3.8134999999999897,0.01,Forage
outcome_eta0.01,5,510,1,1,8.350000000000934,75.0,3.0000000000000133,4.530764068711919,0.01,Forage
outcome_eta0.01,5,520,1,1,7.85000000000093,80.0,1.0000000000000127,4.625764068711919,0.01,Forage
outcome_eta0.01,5,530,1,0,7.350000000000931,83.0,0.0,3.226499999999991,0.01,Forage
outcome_eta0.01,5,540,1,0,6.850000000000933,83.0,0.0,3.2314999999999907,0.01,Forage
outcome_eta0.01,5,550,1,0,6.350000000000935,83.0,0.0,3.2364999999999906,0.01,Forage
outcome_eta0.01,6,1,1,1,99.0,0.5,49.8,0.5018441221341543,0.01,Care
outcome_eta0.01,6,10,1,1,90.9,5.0,48.99999999999997,0.7928292786594224,0.01,Care
outcome_eta0.01,6,20,1,1,89.90000000000006,10.0,50.0,0.7960053658154792,0.01,Care
outcome_eta0.01,6,30,1,1,88.90000000000012,15.0,50.0,0.9026117589082966,0.01,Care
outcome_eta0.01,6,40,1,1,87.90000000000018,20.0,50.0,1.028926777363739,0.01,Care
outcome_eta0.01,6,50,1,1,86.90000000000023,25.0,50.0,1.155360238036464,0.01,Care
outcome_eta0.01,6,60,1,1,85.90000000000029,30.0,50.0,1.2817990897341167,0.01,Care
outcome_eta0.01,6,70,1,1,84.90000000000035,35.0,50.0,1.4082381867682585,0.01,Care
outcome_eta0.01,6,80,1,1,83.9000000000004,40.0,50.0,1.5346772949671852,0.01,Care
outcome_eta0.01,6,90,1,1,82.90000000000046,45.0,50.0,1.6611164036741994,0.01,Care
outcome_eta0.01,6,100,1,1,81.90000000000052,50.0,50.0,1.787555512404336,0.01,Care
outcome_eta0.01,6,110,1,1,80.90000000000057,55.0,50.0,1.9139946211355248,0.01,Care
outcome_eta0.01,6,120,1,1,79.90000000000063,60.0,50.0,2.0414337298667546,0.01,Care
outcome_eta0.01,6,130,1,1,78.90000000000069,65.0,50.0,2.1806060188796157,0.01,Care
outcome_eta0.01,6,140,1,1,77.90000000000074,70.0,50.0,2.321955799730107,0.01,Care
outcome_eta0.01,6,150,1,1,76.9000000000008,75.0,50.0,2.46343573511805,0.01,Care
outcome_eta0.01,6,160,1,1,75.90000000000086,80.0,50.0,2.536999999999992,0.01,Care
outcome_eta0.01,6,170,1,1,74.90000000000092,85.0,50.0,2.606999999999991,0.01,Care
outcome_eta0.01,6,180,1,1,73.90000000000097,90.0,50.0,2.6769999999999907,0.01,Care
outcome_eta0.01,6,190,1,1,72.90000000000103,95.0,50.0,2.74699999999999,0.01,Care
outcome_eta0.01,6,200,1,0,71.00000000000108,100.0,49.8,2.6002128037480188,0.01,Forage
outcome_eta0.01,6,210,1,0,72.80000000000109,100.0,49.8,1.943942658978063,0.01,Forage
outcome_eta0.01,6,220,1,0,68.7000000000011,100.0,49.8,2.00315230651551,0.01,Forage
outcome_eta0.01,6,230,1,0,72.20000000000113,100.0,49.8,1.894074110531824,0.01,Forage
outcome_eta0.01,6,240,1,0,71.70000000000115,100.0,49.8,1.7816433816027752,0.01,Forage
outcome_eta0.01,6,250,1,0,71.20000000000118,100.0,49.8,1.6777923411030675,0.01,Forage
outcome_eta0.01,6,260,1,0,62.150000000001185,100.0,49.8,1.8184384397836062,0.01,Forage
outcome_eta0.01,6,270,1,0,66.6000000000012,100.0,49.8,1.6868844260523006,0.01,Forage
outcome_eta0.01,6,280,1,0,66.10000000000123,100.0,49.8,1.6928932979913234,0.01,Forage
outcome_eta0.01,6,290,1,0,65.60000000000126,100.0,49.8,1.7141742190046627,0.01,Forage
outcome_eta0.01,6,300,1,0,65.10000000000129,100.0,49.8,1.7463011243344755,0.01,Forage
outcome_eta0.01,6,310,1,0,61.95000000000129,100.0,49.8,1.8908918070564273,0.01,Forage
outcome_eta0.01,6,320,1,0,61.45000000000132,100.0,49.8,1.8695375930675886,0.01,Forage
outcome_eta0.01,6,330,1,0,60.950000000001346,100.0,49.8,1.9011900055154056,0.01,Forage
outcome_eta0.01,6,340,1,0,60.450000000001374,100.0,49.8,1.9088527240527062,0.01,Forage
outcome_eta0.01,6,350,1,0,59.9500000000014,100.0,49.8,1.905541909724338,0.01,Forage
outcome_eta0.01,6,360,1,0,58.70000000000141,100.0,49.8,1.947728465366796,0.01,Forage
outcome_eta0.01,6,370,1,0,58.20000000000144,100.0,49.8,1.9164113953770074,0.01,Forage
outcome_eta0.01,6,380,1,0,57.70000000000147,100.0,49.8,1.9412698218964515,0.01,Forage
outcome_eta0.01,6,390,1,0,57.200000000001495,100.0,49.8,1.9538617076652878,0.01,Forage
outcome_eta0.01,6,400,1,0,56.70000000000152,100.0,49.8,1.9641489859287826,0.01,Forage
outcome_eta0.01,6,410,1,0,58.30000000000154,100.0,49.8,1.9416787984752695,0.01,Forage
outcome_eta0.01,6,420,1,0,57.80000000000157,100.0,49.8,1.9410669422531717,0.01,Forage
outcome_eta0.01,6,430,1,0,57.300000000001596,100.0,49.8,1.9519720838432204,0.01,Forage
outcome_eta0.01,6,440,1,0,56.800000000001624,100.0,49.8,1.962147519374604,0.01,Forage
outcome_eta0.01,6,450,1,0,56.30000000000165,100.0,49.8,1.9722063821530784,0.01,Forage
outcome_eta0.01,6,460,1,0,58.85000000000167,100.0,49.8,1.9291612151875182,0.01,Forage
outcome_eta0.01,6,470,1,0,58.3500000000017,100.0,49.8,1.930498209587286,0.01,Forage
outcome_eta0.01,6,480,1,0,57.85000000000173,100.0,49.8,1.9409788277191278,0.01,Forage
outcome_eta0.01,6,490,1,0,57.35000000000176,100.0,49.8,1.9511008211253138,0.01,Forage
outcome_eta0.01,6,500,1,0,56.850000000001785,100.0,49.8,1.961154983063364,0.01,Forage
outcome_eta0.01,6,510,1,0,57.5000000000018,100.0,49.8,1.9597421462686628,0.01,Forage
outcome_eta0.01,6,520,1,0,57.000000000001826,100.0,49.8,1.9516766207991016,0.01,Forage
outcome_eta0.01,6,530,1,0,56.500000000001855,100.0,49.8,1.967375051165006,0.01,Forage
outcome_eta0.01,6,540,1,0,56.00000000000188,100.0,49.8,1.9781640887319893,0.01,Forage
outcome_eta0.01,6,550,1,0,55.50000000000191,100.0,49.8,1.9882771696295298,0.01,Forage
outcome_eta0.01,6,560,1,0,56.150000000001924,100.0,49.8,1.9865148400543449,0.01,Forage
outcome_eta0.01,6,570,1,0,55.65000000000195,100.0,49.8,1.978267281045993,0.01,Forage
outcome_eta0.01,6,580,1,0,55.15000000000198,100.0,49.8,1.994439976011429,0.01,Forage
outcome_eta0.01,6,590,1,0,54.65000000000201,100.0,49.8,2.0052858725809846,0.01,Forage
outcome_eta0.01,6,600,1,0,54.15000000000204,100.0,49.8,2.0154038864930444,0.01,Forage
outcome_eta0.01,6,610,1,0,55.75000000000205,100.0,49.8,1.991923620125415,0.01,Forage
outcome_eta0.01,6,620,1,0,55.25000000000208,100.0,49.8,1.991914582581511,0.01,Forage
outcome_eta0.01,6,630,1,0,54.75000000000211,100.0,49.8,2.003171266824821,0.01,Forage
outcome_eta0.01,6,640,1,0,54.25000000000214,100.0,49.8,2.0133842500642016,0.01,Forage
outcome_eta0.01,6,650,1,0,53.75000000000217,100.0,49.8,2.023446254380719,0.01,Forage
outcome_eta0.01,6,660,1,0,50.60000000000217,100.0,49.8,2.125113844904389,0.01,Forage
outcome_eta0.01,6,670,1,0,50.1000000000022,100.0,49.8,2.0568704492747316,0.01,Forage
outcome_eta0.01,6,680,1,0,49.600000000002225,100.0,49.8,2.0953213920720266,0.01,Forage
outcome_eta0.01,6,690,1,0,49.100000000002254,100.0,49.8,2.11571135599201,0.01,Forage
outcome_eta0.01,6,700,1,0,48.60000000000228,100.0,49.8,2.126835840553006,0.01,Forage
outcome_eta0.01,6,710,1,0,39.550000000002285,100.0,49.8,2.2915916323188457,0.01,Forage
outcome_eta0.01,6,720,1,0,44.00000000000231,100.0,49.8,2.1744452160635634,0.01,Forage
outcome_eta0.01,6,730,1,0,43.50000000000234,100.0,49.8,2.212242648752187,0.01,Forage
outcome_eta0.01,6,740,1,0,43.000000000002366,100.0,49.8,2.237645018731173,0.01,Forage
outcome_eta0.01,6,750,1,0,42.500000000002395,100.0,49.8,2.2493556083215984,0.01,Forage
outcome_eta0.01,6,760,1,0,41.2500000000024,100.0,49.8,2.296989650485332,0.01,Forage
outcome_eta0.01,6,770,1,0,40.75000000000243,100.0,49.8,2.250153896923178,0.01,Forage
outcome_eta0.01,6,780,1,0,40.25000000000246,100.0,49.8,2.289386949710353,0.01,Forage
outcome_eta0.01,6,790,1,0,39.75000000000249,100.0,49.8,2.3042731644471868,0.01,Forage
outcome_eta0.01,6,800,1,0,39.250000000002515,100.0,49.8,2.314773906099947,0.01,Forage
outcome_eta0.01,6,810,1,0,41.800000000002534,100.0,49.8,2.263733375328215,0.01,Forage
outcome_eta0.01,6,820,1,0,41.30000000000256,100.0,49.8,2.2709677641343986,0.01,Forage
outcome_eta0.01,6,830,1,0,40.80000000000259,100.0,49.8,2.283369475981594,0.01,Forage
outcome_eta0.01,6,840,1,0,40.30000000000262,100.0,49.8,2.2936887818053107,0.01,Forage
outcome_eta0.01,6,850,1,0,39.80000000000265,100.0,49.8,2.303759229325374,0.01,Forage
outcome_eta0.01,6,860,1,0,40.45000000000266,100.0,49.8,2.2978757811582304,0.01,Forage
outcome_eta0.01,6,870,1,0,39.95000000000269,100.0,49.8,2.2875071037672132,0.01,Forage
outcome_eta0.01,6,880,1,0,39.45000000000272,100.0,49.8,2.3091950472130955,0.01,Forage
outcome_eta0.01,6,890,1,0,38.950000000002746,100.0,49.8,2.3207021749145658,0.01,Forage
outcome_eta0.01,6,900,1,0,38.450000000002774,100.0,49.8,2.330877556767997,0.01,Forage
outcome_eta0.01,6,910,1,0,38.150000000002784,100.0,49.8,2.3435646294586454,0.01,Forage
outcome_eta0.01,6,920,1,0,37.65000000000281,100.0,49.8,2.3290247770695816,0.01,Forage
outcome_eta0.01,6,930,1,0,37.15000000000284,100.0,49.8,2.3547462019061465,0.01,Forage
outcome_eta0.01,6,940,1,0,36.65000000000287,100.0,49.8,2.3668584532934442,0.01,Forage
outcome_eta0.01,6,950,1,0,36.1500000000029,100.0,49.8,2.374935162647239,0.01,Forage
outcome_eta0.01,6,960,1,0,36.80000000000291,100.0,49.8,2.356727533094308,0.01,Forage
outcome_eta0.01,6,970,1,0,36.30000000000294,100.0,49.8,2.3574332380970273,0.01,Forage
outcome_eta0.01,6,980,1,0,35.80000000000297,100.0,49.8,2.3777838226651307,0.01,Forage
outcome_eta0.01,6,990,1,0,35.300000000002996,100.0,49.8,2.383586176720853,0.01,Forage
outcome_eta0.01,6,1000,1,0,34.800000000003024,100.0,49.8,2.388622690280365,0.01,Forage
outcome_eta0.01,7,1,1,1,99.0,0.5,49.8,0.24110144042109036,0.01,Care
outcome_eta0.01,7,10,1,1,93.60000000000002,5.0,50.0,0.6073998882117373,0.01,Care
outcome_eta0.01,7,20,1,1,92.60000000000008,10.0,50.0,0.685300486773199,0.01,Care
outcome_eta0.01,7,30,1,1,91.60000000000014,15.0,50.0,0.7657057608712551,0.01,Care
outcome_eta0.01,7,40,1,1,90.6000000000002,20.0,50.0,0.8461116645588049,0.01,Care
outcome_eta0.01,7,50,1,1,89.60000000000025,25.0,50.0,0.9265175683767439,0.01,Care
outcome_eta0.01,7,60,1,1,88.6000000000003,30.0,50.0,1.00692347219471,0.01,Care
outcome_eta0.01,7,70,1,1,87.60000000000036,35.0,50.0,1.087329376012676,0.01,Care
outcome_eta0.01,7,80,1,1,86.60000000000042,40.0,50.0,1.1677352798306422,0.01,Care
outcome_eta0.01,7,90,1,1,85.60000000000048,45.0,50.0,1.248141183648608,0.01,Care
outcome_eta0.01,7,100,1,1,76.50000000000048,50.0,48.199999999999974,2.440651396546591,0.01,Forage
outcome_eta0.01,7,110,1,1,67.40000000000049,55.0,46.199999999999946,2.6320032485322895,0.01,Forage
outcome_eta0.01,7,120,1,1,66.40000000000055,40.0,50.0,1.4707068018178067,0.01,Care
outcome_eta0.01,7,130,1,1,60.00000000000056,45.0,48.59999999999998,2.2936650470667934,0.01,Forage
outcome_eta0.01,7,140,1,1,55.40000000000055,30.0,50.0,1.5744006550261795,0.01,Care
outcome_eta0.01,7,150,1,1,54.40000000000054,35.0,50.0,1.6534623694109358,0.01,Care
outcome_eta0.01,7,160,1,1,53.400000000000524,40.0,50.0,1.7504430079256132,0.01,Care
outcome_eta0.01,7,170,1,1,52.40000000000051,45.0,50.0,1.8474881595733796,0.01,Care
outcome_eta0.01,7,180,1,1,46.000000000000504,50.0,48.59999999999998,2.716779020116372,0.01,Forage
outcome_eta0.01,7,190,1,1,41.400000000000496,35.0,50.0,1.9707353244257049,0.01,Care
outcome_eta0.01,7,200,1,1,40.40000000000048,40.0,50.0,2.0514567198484785,0.01,Care
outcome_eta0.01,7,210,1,1,37.60000000000047,25.0,50.0,1.9325825397689547,0.01,Care
outcome_eta0.01,7,220,1,1,36.600000000000456,30.0,50.0,1.986916933609552,0.01,Care
outcome_eta0.01,7,230,1,1,35.60000000000044,35.0,50.0,2.085576949641446,0.01,Care
outcome_eta0.01,7,240,1,1,34.60000000000043,40.0,50.0,2.1847012745970043,0.01,Care
outcome_eta0.01,7,250,1,1,33.750000000000426,45.0,49.8,2.2394855564977316,0.01,Forage
outcome_eta0.01,7,260,1,1,25.550000000000423,50.0,48.39999999999998,3.344201254177425,0.01,Forage
outcome_eta0.01,7,270,1,1,30.000000000000416,55.0,46.39999999999995,3.433205556316861,0.01,Forage
outcome_eta0.01,7,280,1,1,29.50000000000041,60.0,44.39999999999992,3.399297591976539,0.01,Forage
outcome_eta0.01,7,290,1,1,29.0000000000004,65.0,42.39999999999989,3.3871804386956788,0.01,Forage
outcome_eta0.01,7,300,1,1,28.500000000000394,70.0,40.399999999999864,3.3857120677732366,0.01,Forage
outcome_eta0.01,7,310,1,1,20.350000000000392,75.0,38.399999999999835,3.2526873361391737,0.01,Forage
outcome_eta0.01,7,320,1,1,17.900000000000386,60.0,36.39999999999981,2.5056469471073597,0.01,Forage
outcome_eta0.01,7,330,1,1,17.40000000000038,65.0,34.39999999999978,2.6045269465326797,0.01,Forage
outcome_eta0.01,7,340,1,1,16.90000000000037,70.0,32.39999999999975,2.779598571263538,0.01,Forage
outcome_eta0.01,7,350,1,1,16.400000000000365,75.0,30.399999999999753,2.9802604166565505,0.01,Forage
outcome_eta0.01,7,360,1,1,8.250000000000364,80.0,28.39999999999976,4.229526463210755,0.01,Forage
outcome_eta0.01,7,370,1,1,7.700000000000363,65.0,26.399999999999768,3.182459118171172,0.01,Forage
outcome_eta0.01,7,380,1,1,7.200000000000365,70.0,24.399999999999775,3.4088899349296766,0.01,Forage
outcome_eta0.01,7,390,1,1,6.700000000000367,75.0,22.399999999999782,3.5350000000000006,0.01,Forage
outcome_eta0.01,7,400,1,1,6.200000000000369,80.0,20.39999999999979,3.630000000000001,0.01,Forage
outcome_eta0.01,7,410,1,1,1.800000000000369,65.0,18.399999999999796,3.547801242050087,0.01,Forage
outcome_eta0.01,7,420,1,1,1.3000000000003686,70.0,16.399999999999803,3.6590000000000003,0.01,Forage
outcome_eta0.01,7,430,1,1,0.8000000000003682,75.0,14.39999999999981,3.754,0.01,Forage
outcome_eta0.01,7,440,1,1,0.300000000000368,80.0,12.399999999999817,3.8489999999999993,0.01,Forage
outcome_eta0.01,7,450,0,1,0.0,85.0,10.399999999999824,3.9420000000000037,0.01,Forage
outcome_eta0.01,7,460,0,1,0.0,90.0,8.399999999999832,4.032000000000003,0.01,Forage
outcome_eta0.01,7,470,0,1,0.0,95.0,6.399999999999831,4.122000000000003,0.01,Forage
outcome_eta0.01,7,480,0,0,0.0,100.0,4.399999999999829,2.3,0.01,Forage
outcome_eta0.01,8,1,1,1,99.0,0.5,49.8,0.27370980302459635,0.01,Care
outcome_eta0.01,8,10,1,1,97.20000000000005,5.0,50.0,0.6014747682655296,0.01,Care
outcome_eta0.01,8,20,1,1,96.2000000000001,10.0,50.0,0.7148071632247855,0.01,Care
outcome_eta0.01,8,30,1,1,95.20000000000016,15.0,50.0,0.8316189127192035,0.01,Care
outcome_eta0.01,8,40,1,1,94.20000000000022,20.0,50.0,0.9489044851257589,0.01,Care
outcome_eta0.01,8,50,1,1,93.20000000000027,25.0,50.0,1.0662498297047942,0.01,Care
outcome_eta0.01,8,60,1,1,92.20000000000033,30.0,50.0,1.18360245224657,0.01,Care
outcome_eta0.01,8,70,1,1,91.20000000000039,35.0,50.0,1.3009559453503736,0.01,Care
outcome_eta0.01,8,80,1,1,90.20000000000044,40.0,50.0,1.4183095416240863,0.01,Care
outcome_eta0.01,8,90,1,1,89.2000000000005,45.0,50.0,1.5356631500639153,0.01,Care
outcome_eta0.01,8,100,1,1,88.20000000000056,50.0,50.0,1.6530167599345755,0.01,Care
outcome_eta0.01,8,110,1,1,87.20000000000061,55.0,50.0,1.7703703699732682,0.01,Care
outcome_eta0.01,8,120,1,1,86.20000000000067,60.0,50.0,1.8877239800316787,0.01,Care
outcome_eta0.01,8,130,1,1,85.20000000000073,65.0,50.0,2.0050775900924025,0.01,Care
outcome_eta0.01,8,140,1,1,84.20000000000078,70.0,50.0,2.1224312001533967,0.01,Care
outcome_eta0.01,8,150,1,1,83.20000000000084,75.0,50.0,2.2397848102144233,0.01,Care
outcome_eta0.01,8,160,1,1,82.2000000000009,80.0,50.0,2.3571384202754535,0.01,Care
outcome_eta0.01,8,170,1,1,81.20000000000095,85.0,50.0,2.474492030336484,0.01,Care
outcome_eta0.01,8,180,1,1,80.20000000000101,90.0,50.0,2.588,0.01,Care
outcome_eta0.01,8,190,1,1,79.20000000000107,95.0,50.0,2.6559999999999895,0.01,Care
outcome_eta0.01,8,200,1,0,78.25000000000112,100.0,49.8,2.569225444566065,0.01,Self
outcome_eta0.01,8,210,1,0,77.95000000000114,100.0,49.8,1.7376039630764222,0.01,Forage
outcome_eta0.01,8,220,1,0,73.85000000000115,100.0,49.8,1.7578293874967448,0.01,Forage
outcome_eta0.01,8,230,1,0,76.60000000000116,100.0,49.8,1.8127193210970292,0.01,Self
outcome_eta0.01,8,240,1,0,76.10000000000119,100.0,49.8,1.6978085271922398,0.01,Forage
outcome_eta0.01,8,250,1,0,75.60000000000122,100.0,49.8,1.6337223989837089,0.01,Forage
outcome_eta0.01,8,260,1,0,66.55000000000122,100.0,49.8,1.8502615370995923,0.01,Forage
outcome_eta0.01,8,270,1,0,71.00000000000125,100.0,49.8,1.8602867241251313,0.01,Forage
outcome_eta0.01,8,280,1,0,70.50000000000128,100.0,49.8,1.9036382796815372,0.01,Forage
outcome_eta0.01,8,290,1,0,70.00000000000131,100.0,49.8,1.9454359057152986,0.01,Forage
outcome_eta0.01,8,300,1,0,69.50000000000134,100.0,49.8,1.9749974667852876,0.01,Forage
outcome_eta0.01,8,310,1,0,60.45000000000134,100.0,49.8,2.1836773987073195,0.01,Forage
outcome_eta0.01,8,320,1,0,64.90000000000136,100.0,49.8,2.1447478373416073,0.01,Forage
outcome_eta0.01,8,330,1,0,64.40000000000138,100.0,49.8,2.1827245490607976,0.01,Forage
outcome_eta0.01,8,340,1,0,63.90000000000141,100.0,49.8,2.232359626129215,0.01,Forage
outcome_eta0.01,8,350,1,0,63.40000000000144,100.0,49.8,2.2646163021729406,0.01,Forage
outcome_eta0.01,8,360,1,0,63.10000000000145,100.0,49.8,2.3050465869482704,0.01,Self
outcome_eta0.01,8,370,1,0,62.60000000000148,100.0,49.8,2.5623087109573124,0.01,Self
outcome_eta0.01,8,380,1,0,62.10000000000151,100.0,49.8,2.678999999999985,0.01,Self
outcome_eta0.01,8,390,1,0,61.600000000001536,100.0,49.8,2.6839999999999846,0.01,Forage
outcome_eta0.01,8,400,1,0,61.100000000001565,100.0,49.8,2.688999999999984,0.01,Forage
outcome_eta0.01,8,410,1,0,61.75000000000158,100.0,49.8,2.682499999999984,0.01,Forage
outcome_eta0.01,8,420,1,0,61.250000000001606,100.0,49.8,2.687499999999984,0.01,Forage
outcome_eta0.01,8,430,1,0,60.750000000001634,100.0,49.8,2.692499999999984,0.01,Forage
outcome_eta0.01,8,440,1,0,60.25000000000166,100.0,49.8,2.6974999999999834,0.01,Forage
outcome_eta0.01,8,450,1,0,59.75000000000169,100.0,49.8,2.702499999999983,0.01,Forage
outcome_eta0.01,8,460,1,0,61.35000000000171,100.0,49.8,2.686499999999983,0.01,Forage
outcome_eta0.01,8,470,1,0,60.850000000001735,100.0,49.8,2.6914999999999827,0.01,Forage
outcome_eta0.01,8,480,1,0,60.350000000001764,100.0,49.8,2.6964999999999826,0.01,Forage
outcome_eta0.01,8,490,1,0,59.85000000000179,100.0,49.8,2.701499999999982,0.01,Forage
outcome_eta0.01,8,500,1,0,59.35000000000182,100.0,49.8,2.706499999999982,0.01,Forage
outcome_eta0.01,8,510,1,0,61.90000000000184,100.0,49.8,2.6809999999999814,0.01,Forage
outcome_eta0.01,8,520,1,0,61.40000000000187,100.0,49.8,2.6859999999999813,0.01,Forage
outcome_eta0.01,8,530,1,0,60.900000000001896,100.0,49.8,2.690999999999981,0.01,Forage
outcome_eta0.01,8,540,1,0,60.400000000001924,100.0,49.8,2.6959999999999806,0.01,Forage
outcome_eta0.01,8,550,1,0,59.90000000000195,100.0,49.8,2.7009999999999805,0.01,Forage
outcome_eta0.01,8,560,1,0,59.60000000000196,100.0,49.8,2.70399999999998,0.01,Forage
outcome_eta0.01,8,570,1,0,59.10000000000199,100.0,49.8,2.70899999999998,0.01,Forage
outcome_eta0.01,8,580,1,0,58.60000000000202,100.0,49.8,2.71399999999998,0.01,Forage
outcome_eta0.01,8,590,1,0,58.10000000000205,100.0,49.8,2.7189999999999794,0.01,Forage
outcome_eta0.01,8,600,1,0,57.600000000002076,100.0,49.8,2.7239999999999793,0.01,Forage
outcome_eta0.01,8,610,1,0,60.150000000002095,100.0,49.8,2.698499999999979,0.01,Forage
outcome_eta0.01,8,620,1,0,59.65000000000212,100.0,49.8,2.7034999999999787,0.01,Forage
outcome_eta0.01,8,630,1,0,59.15000000000215,100.0,49.8,2.7084999999999786,0.01,Forage
outcome_eta0.01,8,640,1,0,58.65000000000218,100.0,49.8,2.7134999999999785,0.01,Forage
outcome_eta0.01,8,650,1,0,58.15000000000221,100.0,49.8,2.718499999999978,0.01,Forage
outcome_eta0.01,8,660,1,0,57.85000000000222,100.0,49.8,2.7214999999999776,0.01,Forage
outcome_eta0.01,8,670,1,0,57.35000000000225,100.0,49.8,2.7264999999999775,0.01,Forage
outcome_eta0.01,8,680,1,0,56.850000000002275,100.0,49.8,2.7314999999999774,0.01,Forage
outcome_eta0.01,8,690,1,0,56.350000000002304,100.0,49.8,2.736499999999977,0.01,Forage
outcome_eta0.01,8,700,1,0,55.85000000000233,100.0,49.8,2.7414999999999767,0.01,Forage
outcome_eta0.01,8,710,1,0,55.55000000000234,100.0,49.8,2.7444999999999764,0.01,Forage
outcome_eta0.01,8,720,1,0,55.05000000000237,100.0,49.8,2.7494999999999763,0.01,Forage
outcome_eta0.01,8,730,1,0,54.5500000000024,100.0,49.8,2.754499999999976,0.01,Forage
outcome_eta0.01,8,740,1,0,54.05000000000243,100.0,49.8,2.7594999999999756,0.01,Forage
outcome_eta0.01,8,750,1,0,53.550000000002456,100.0,49.8,2.7644999999999755,0.01,Forage
outcome_eta0.01,8,760,1,0,56.100000000002474,100.0,49.8,2.738999999999975,0.01,Forage
outcome_eta0.01,8,770,1,0,55.6000000000025,100.0,49.8,2.743999999999975,0.01,Forage
outcome_eta0.01,8,780,1,0,55.10000000000253,100.0,49.8,2.748999999999975,0.01,Forage
outcome_eta0.01,8,790,1,0,54.60000000000256,100.0,49.8,2.7539999999999747,0.01,Forage
outcome_eta0.01,8,800,1,0,54.10000000000259,100.0,49.8,2.758999999999974,0.01,Forage
outcome_eta0.01,8,810,1,0,55.7000000000026,100.0,49.8,2.7429999999999737,0.01,Forage
outcome_eta0.01,8,820,1,0,55.20000000000263,100.0,49.8,2.7479999999999736,0.01,Forage
outcome_eta0.01,8,830,1,0,54.70000000000266,100.0,49.8,2.7529999999999735,0.01,Forage
outcome_eta0.01,8,840,1,0,54.20000000000269,100.0,49.8,2.7579999999999734,0.01,Forage
outcome_eta0.01,8,850,1,0,53.70000000000272,100.0,49.8,2.762999999999973,0.01,Forage
outcome_eta0.01,8,860,1,0,56.250000000002736,100.0,49.8,2.7374999999999727,0.01,Forage
outcome_eta0.01,8,870,1,0,55.750000000002764,100.0,49.8,2.742499999999972,0.01,Forage
outcome_eta0.01,8,880,1,0,55.25000000000279,100.0,49.8,2.747499999999972,0.01,Forage
outcome_eta0.01,8,890,1,0,54.75000000000282,100.0,49.8,2.752499999999972,0.01,Forage
outcome_eta0.01,8,900,1,0,54.25000000000285,100.0,49.8,2.7574999999999714,0.01,Forage
outcome_eta0.01,8,910,1,0,53.000000000002856,100.0,49.8,2.7809999999999713,0.01,Forage
outcome_eta0.01,8,920,1,0,52.500000000002885,100.0,49.8,2.774999999999971,0.01,Forage
outcome_eta0.01,8,930,1,0,52.00000000000291,100.0,49.8,2.779999999999971,0.01,Forage
outcome_eta0.01,8,940,1,0,51.50000000000294,100.0,49.8,2.784999999999971,0.01,Forage
outcome_eta0.01,8,950,1,0,51.00000000000297,100.0,49.8,2.7899999999999703,0.01,Forage
outcome_eta0.01,8,960,1,0,52.600000000002986,100.0,49.8,2.7739999999999703,0.01,Forage
outcome_eta0.01,8,970,1,0,52.100000000003014,100.0,49.8,2.7789999999999697,0.01,Forage
outcome_eta0.01,8,980,1,0,51.60000000000304,100.0,49.8,2.7839999999999696,0.01,Forage
outcome_eta0.01,8,990,1,0,51.10000000000307,100.0,49.8,2.7889999999999695,0.01,Forage
outcome_eta0.01,8,1000,1,0,50.6000000000031,100.0,49.8,2.793999999999969,0.01,Forage
outcome_eta0.01,9,1,1,1,99.0,0.5,49.8,0.17770272813107857,0.01,Care
outcome_eta0.01,9,10,1,1,96.30000000000004,5.0,50.0,0.5887580982393336,0.01,Care
outcome_eta0.01,9,20,1,1,95.3000000000001,10.0,50.0,0.6652406449230726,0.01,Care
outcome_eta0.01,9,30,1,1,94.30000000000015,15.0,50.0,0.7417385000071547,0.01,Care
outcome_eta0.01,9,40,1,1,93.30000000000021,20.0,50.0,0.8182363567305604,0.01,Care
outcome_eta0.01,9,50,1,1,92.30000000000027,25.0,50.0,0.8947342134541307,0.01,Care
outcome_eta0.01,9,60,1,1,91.30000000000032,30.0,50.0,0.9712320701777013,0.01,Care
outcome_eta0.01,9,70,1,1,90.30000000000038,35.0,50.0,1.0477299269012716,0.01,Care
outcome_eta0.01,9,80,1,1,89.30000000000044,40.0,50.0,1.1242277836248422,0.01,Care
outcome_eta0.01,9,90,1,1,88.3000000000005,45.0,50.0,1.2007256403484126,0.01,Care
outcome_eta0.01,9,100,1,1,87.30000000000055,50.0,50.0,1.277223497071983,0.01,Care
outcome_eta0.01,9,110,1,1,86.30000000000061,55.0,50.0,1.3537213537955535,0.01,Care
outcome_eta0.01,9,120,1,1,85.30000000000067,60.0,50.0,1.4302192105191238,0.01,Care
outcome_eta0.01,9,130,1,1,84.30000000000072,65.0,50.0,1.5067170672426942,0.01,Care
outcome_eta0.01,9,140,1,1,83.30000000000078,70.0,50.0,1.5832149239662647,0.01,Care
outcome_eta0.01,9,150,1,1,82.30000000000084,75.0,50.0,1.6597127806898353,0.01,Care
outcome_eta0.01,9,160,1,1,81.30000000000089,80.0,50.0,1.7362106374134059,0.01,Care
outcome_eta0.01,9,170,1,1,80.30000000000095,85.0,50.0,1.8127084941369764,0.01,Care
outcome_eta0.01,9,180,1,1,79.300000000001,90.0,50.0,1.8962167415392226,0.01,Care
outcome_eta0.01,9,190,1,1,78.30000000000106,95.0,50.0,1.9827416097701136,0.01,Care
outcome_eta0.01,9,200,1,0,77.35000000000112,100.0,49.8,1.843404561829745,0.01,Self
outcome_eta0.01,9,210,1,0,75.15000000000113,100.0,49.8,1.7056206403142358,0.01,Forage
outcome_eta0.01,9,220,1,0,71.05000000000113,100.0,49.8,1.7926728610916656,0.01,Forage
outcome_eta0.01,9,230,1,0,75.70000000000115,100.0,49.8,1.7432279113302236,0.01,Forage
outcome_eta0.01,9,240,1,0,75.20000000000118,100.0,49.8,1.6483805172499606,0.01,Forage
outcome_eta0.01,9,250,1,0,74.70000000000121,100.0,49.8,1.5535163833883003,0.01,Forage
outcome_eta0.01,9,260,1,0,76.30000000000123,100.0,49.8,1.5373788556414234,0.01,Forage
outcome_eta0.01,9,270,1,0,75.80000000000126,100.0,49.8,1.542354321547831,0.01,Forage
outcome_eta0.01,9,280,1,0,75.30000000000129,100.0,49.8,1.5472493121516466,0.01,Forage
outcome_eta0.01,9,290,1,0,74.80000000000132,100.0,49.8,1.5522282723088714,0.01,Forage
outcome_eta0.01,9,300,1,0,74.30000000000135,100.0,49.8,1.5573669707104567,0.01,Forage
outcome_eta0.01,9,310,1,0,76.85000000000137,100.0,49.8,1.5318374550820852,0.01,Forage
outcome_eta0.01,9,320,1,0,76.3500000000014,100.0,49.8,1.5367993039086483,0.01,Forage
outcome_eta0.01,9,330,1,0,75.85000000000143,100.0,49.8,1.54185884335761,0.01,Forage
outcome_eta0.01,9,340,1,0,75.35000000000146,100.0,49.8,1.5469051539883916,0.01,Forage
outcome_eta0.01,9,350,1,0,74.85000000000149,100.0,49.8,1.5519510105974779,0.01,Forage
outcome_eta0.01,9,360,1,0,75.5000000000015,100.0,49.8,1.5455761540966466,0.01,Forage
outcome_eta0.01,9,370,1,0,75.00000000000153,100.0,49.8,1.550452547971742,0.01,Forage
outcome_eta0.01,9,380,1,0,74.50000000000156,100.0,49.8,1.5554833925130263,0.01,Forage
outcome_eta0.01,9,390,1,0,74.00000000000159,100.0,49.8,1.5605289576361918,0.01,Forage
outcome_eta0.01,9,400,1,0,73.50000000000162,100.0,49.8,1.5655748002574827,0.01,Forage
outcome_eta0.01,9,410,1,0,72.25000000000163,100.0,49.8,1.58942401787131,0.01,Forage
outcome_eta0.01,9,420,1,0,71.75000000000166,100.0,49.8,1.5833615377024945,0.01,Forage
outcome_eta0.01,9,430,1,0,71.25000000000169,100.0,49.8,1.5882836308967785,0.01,Forage
outcome_eta0.01,9,440,1,0,70.75000000000172,100.0,49.8,1.593327010893034,0.01,Forage
outcome_eta0.01,9,450,1,0,70.25000000000175,100.0,49.8,1.5983728125413874,0.01,Forage
outcome_eta0.01,9,460,1,0,72.80000000000177,100.0,49.8,1.5728304211261075,0.01,Forage
outcome_eta0.01,9,470,1,0,72.3000000000018,100.0,49.8,1.5776893494160378,0.01,Forage
outcome_eta0.01,9,480,1,0,71.80000000000183,100.0,49.8,1.5827307677690836,0.01,Forage
outcome_eta0.01,9,490,1,0,71.30000000000186,100.0,49.8,1.5877765326059001,0.01,Forage
outcome_eta0.01,9,500,1,0,70.80000000000189,100.0,49.8,1.592822378971452,0.01,Forage
outcome_eta0.01,9,510,1,0,74.30000000000192,100.0,49.8,1.5575747637947983,0.01,Forage
outcome_eta0.01,9,520,1,0,73.80000000000194,100.0,49.8,1.5625487015403612,0.01,Forage
outcome_eta0.01,9,530,1,0,73.30000000000197,100.0,49.8,1.567593165764083,0.01,Forage
outcome_eta0.01,9,540,1,0,72.800000000002,100.0,49.8,1.5726389877443854,0.01,Forage
outcome_eta0.01,9,550,1,0,72.30000000000203,100.0,49.8,1.5776848351812545,0.01,Forage
outcome_eta0.01,9,560,1,0,75.80000000000206,100.0,49.8,1.5424301214382297,0.01,Forage
outcome_eta0.01,9,570,1,0,75.30000000000209,100.0,49.8,1.5474110162256527,0.01,Forage
outcome_eta0.01,9,580,1,0,74.80000000000211,100.0,49.8,1.5524556193403138,0.01,Forage
outcome_eta0.01,9,590,1,0,74.30000000000214,100.0,49.8,1.557501443924899,0.01,Forage
outcome_eta0.01,9,600,1,0,73.80000000000217,100.0,49.8,1.5625472914105925,0.01,Forage
outcome_eta0.01,9,610,1,0,74.45000000000219,100.0,49.8,1.5561885439771914,0.01,Forage
outcome_eta0.01,9,620,1,0,73.95000000000222,100.0,49.8,1.561051917955028,0.01,Forage
outcome_eta0.01,9,630,1,0,73.45000000000225,100.0,49.8,1.5660797314242638,0.01,Forage
outcome_eta0.01,9,640,1,0,72.95000000000228,100.0,49.8,1.5711252393674908,0.01,Forage
outcome_eta0.01,9,650,1,0,72.4500000000023,100.0,49.8,1.576171080916767,0.01,Forage
outcome_eta0.01,9,660,1,0,72.15000000000232,100.0,49.8,1.5794250944067325,0.01,Forage
outcome_eta0.01,9,670,1,0,71.65000000000235,100.0,49.8,1.5842817992006777,0.01,Forage
outcome_eta0.01,9,680,1,0,71.15000000000238,100.0,49.8,1.5892909931017782,0.01,Forage
outcome_eta0.01,9,690,1,0,70.65000000000241,100.0,49.8,1.5943361465869308,0.01,Forage
outcome_eta0.01,9,700,1,0,70.15000000000244,100.0,49.8,1.5993819814906516,0.01,Forage
outcome_eta0.01,9,710,1,0,72.70000000000246,100.0,49.8,1.5738414543126213,0.01,Forage
outcome_eta0.01,9,720,1,0,72.20000000000249,100.0,49.8,1.5786985671550666,0.01,Forage
outcome_eta0.01,9,730,1,0,71.70000000000252,100.0,49.8,1.58373993825711,0.01,Forage
outcome_eta0.01,9,740,1,0,71.20000000000255,100.0,49.8,1.5887857022074785,0.01,Forage
outcome_eta0.01,9,750,1,0,70.70000000000258,100.0,49.8,1.593831548556411,0.01,Forage
outcome_eta0.01,9,760,1,0,68.50000000000257,100.0,49.8,1.6422735396119041,0.01,Forage
outcome_eta0.01,9,770,1,0,68.0000000000026,100.0,49.8,1.621339750257981,0.01,Forage
outcome_eta0.01,9,780,1,0,67.50000000000263,100.0,49.8,1.626130454421739,0.01,Forage
outcome_eta0.01,9,790,1,0,67.00000000000266,100.0,49.8,1.6311709259078022,0.01,Forage
outcome_eta0.01,9,800,1,0,66.50000000000269,100.0,49.8,1.6362166730078973,0.01,Forage
outcome_eta0.01,9,810,1,0,66.2000000000027,100.0,49.8,1.6395193657027456,0.01,Forage
outcome_eta0.01,9,820,1,0,65.70000000000273,100.0,49.8,1.6443533128164356,0.01,Forage
outcome_eta0.01,9,830,1,0,65.20000000000276,100.0,49.8,1.6493370748510086,0.01,Forage
outcome_eta0.01,9,840,1,0,64.70000000000279,100.0,49.8,1.6543817460876082,0.01,Forage
outcome_eta0.01,9,850,1,0,64.20000000000282,100.0,49.8,1.6594275719499776,0.01,Forage
outcome_eta0.01,9,860,1,0,67.70000000000285,100.0,49.8,1.6242111901690266,0.01,Forage
outcome_eta0.01,9,870,1,0,67.20000000000287,100.0,49.8,1.6291545169251624,0.01,Forage
outcome_eta0.01,9,880,1,0,66.7000000000029,100.0,49.8,1.6341983700286518,0.01,Forage
outcome_eta0.01,9,890,1,0,66.20000000000293,100.0,49.8,1.6392441805501101,0.01,Forage
outcome_eta0.01,9,900,1,0,65.70000000000296,100.0,49.8,1.6442900277721506,0.01,Forage
outcome_eta0.01,9,910,1,0,66.35000000000298,100.0,49.8,1.6380555516033541,0.01,Forage
outcome_eta0.01,9,920,1,0,65.850000000003,100.0,49.8,1.6428184863971969,0.01,Forage
outcome_eta0.01,9,930,1,0,65.35000000000304,100.0,49.8,1.647822917310992,0.01,Forage
outcome_eta0.01,9,940,1,0,64.85000000000306,100.0,49.8,1.6528679841518423,0.01,Forage
outcome_eta0.01,9,950,1,0,64.35000000000309,100.0,49.8,1.6579138174312913,0.01,Forage
outcome_eta0.01,9,960,1,0,62.1500000000031,100.0,49.8,1.7063558082417603,0.01,Forage
outcome_eta0.01,9,970,1,0,61.650000000003125,100.0,49.8,1.6855599215150012,0.01,Forage
outcome_eta0.01,9,980,1,0,61.15000000000315,100.0,49.8,1.6902156275068674,0.01,Forage
outcome_eta0.01,9,990,1,0,60.65000000000318,100.0,49.8,1.6952532489996193,0.01,Forage
outcome_eta0.01,9,1000,1,0,60.15000000000321,100.0,49.8,1.700298942654203,0.01,Forage
outcome_eta0.01,10,1,1,1,99.0,0.5,49.8,0.31601956392581415,0.01,Care
outcome_eta0.01,10,10,1,1,97.20000000000005,5.0,50.0,0.607020512256702,0.01,Care
outcome_eta0.01,10,20,1,1,96.2000000000001,10.0,50.0,0.727889980400949,0.01,Care
outcome_eta0.01,10,30,1,1,95.20000000000016,15.0,50.0,0.8525668366199802,0.01,Care
outcome_eta0.01,10,40,1,1,94.20000000000022,20.0,50.0,0.9778346016349284,0.01,Care
outcome_eta0.01,10,50,1,1,93.20000000000027,25.0,50.0,1.103194076031277,0.01,Care
outcome_eta0.01,10,60,1,1,92.20000000000033,30.0,50.0,1.2285677837758089,0.01,Care
outcome_eta0.01,10,70,1,1,91.20000000000039,35.0,50.0,1.3539437005440789,0.01,Care
outcome_eta0.01,10,80,1,1,90.20000000000044,40.0,50.0,1.4793199601540898,0.01,Care
outcome_eta0.01,10,90,1,1,89.2000000000005,45.0,50.0,1.6046962729733345,0.01,Care
outcome_eta0.01,10,100,1,1,88.20000000000056,50.0,50.0,1.730072594050682,0.01,Care
outcome_eta0.01,10,110,1,1,87.20000000000061,55.0,50.0,1.8554489164096921,0.01,Care
outcome_eta0.01,10,120,1,1,86.20000000000067,60.0,50.0,1.980825238967617,0.01,Care
outcome_eta0.01,10,130,1,1,85.20000000000073,65.0,50.0,2.1062015615564134,0.01,Care
outcome_eta0.01,10,140,1,1,84.20000000000078,70.0,50.0,2.2315778841500014,0.01,Care
outcome_eta0.01,10,150,1,1,83.20000000000084,75.0,50.0,2.3569542067443328,0.01,Care
outcome_eta0.01,10,160,1,1,82.2000000000009,80.0,50.0,2.468,0.01,Care
outcome_eta0.01,10,170,1,1,81.20000000000095,85.0,50.0,2.528,0.01,Care
outcome_eta0.01,10,180,1,1,80.20000000000101,90.0,50.0,2.588,0.01,Care
outcome_eta0.01,10,190,1,1,79.20000000000107,95.0,50.0,2.6559999999999895,0.01,Care
outcome_eta0.01,10,200,1,0,78.25000000000112,100.0,49.8,2.626158074257912,0.01,Self
outcome_eta0.01,10,210,1,0,82.90000000000114,100.0,49.8,1.72451258871026,0.01,Forage
outcome_eta0.01,10,220,1,0,87.55000000000116,100.0,49.8,1.6004523989496369,0.01,Forage
outcome_eta0.01,10,230,1,0,87.05000000000119,100.0,49.8,1.5007881477859415,0.01,Forage
outcome_eta0.01,10,240,1,0,86.55000000000122,100.0,49.8,1.5000657163261724,0.01,Forage
outcome_eta0.01,10,250,1,0,86.05000000000125,100.0,49.8,1.5000054794742845,0.01,Forage
outcome_eta0.01,10,260,1,0,86.70000000000127,100.0,49.8,1.5000004568824854,0.01,Forage
outcome_eta0.01,10,270,1,0,86.2000000000013,100.0,49.8,1.5000000380951883,0.01,Forage
outcome_eta0.01,10,280,1,0,85.70000000000132,100.0,49.8,1.500000003176404,0.01,Forage
outcome_eta0.01,10,290,1,0,85.20000000000135,100.0,49.8,1.5000000002648508,0.01,Forage
outcome_eta0.01,10,300,1,0,84.70000000000138,100.0,49.8,1.5000000000220834,0.01,Forage
outcome_eta0.01,10,310,1,0,84.4000000000014,100.0,49.8,1.500472755099491,0.01,Forage
outcome_eta0.01,10,320,1,0,83.90000000000143,100.0,49.8,1.5000394211180765,0.01,Forage
outcome_eta0.01,10,330,1,0,83.40000000000146,100.0,49.8,1.500003286961024,0.01,Forage
outcome_eta0.01,10,340,1,0,82.90000000000148,100.0,49.8,1.5000002740691616,0.01,Forage
outcome_eta0.01,10,350,1,0,82.40000000000151,100.0,49.8,1.500000022852083,0.01,Forage
outcome_eta0.01,10,360,1,0,80.20000000000152,100.0,49.8,1.5485613279201955,0.01,Forage
outcome_eta0.01,10,370,1,0,79.70000000000155,100.0,49.8,1.505853362470527,0.01,Forage
outcome_eta0.01,10,380,1,0,79.20000000000158,100.0,49.8,1.5141479771044348,0.01,Forage
outcome_eta0.01,10,390,1,0,78.70000000000161,100.0,49.8,1.525745273016541,0.01,Forage
outcome_eta0.01,10,400,1,0,78.20000000000164,100.0,49.8,1.5387765104765685,0.01,Forage
outcome_eta0.01,10,410,1,0,78.85000000000166,100.0,49.8,1.5488861961643932,0.01,Forage
outcome_eta0.01,10,420,1,0,78.35000000000169,100.0,49.8,1.5409022149028377,0.01,Forage
outcome_eta0.01,10,430,1,0,77.85000000000171,100.0,49.8,1.5569817272988085,0.01,Forage
outcome_eta0.01,10,440,1,0,77.35000000000174,100.0,49.8,1.5720613091886722,0.01,Forage
outcome_eta0.01,10,450,1,0,76.85000000000177,100.0,49.8,1.586909559674707,0.01,Forage
outcome_eta0.01,10,460,1,0,77.50000000000179,100.0,49.8,1.5993331566947706,0.01,Forage
outcome_eta0.01,10,470,1,0,77.00000000000182,100.0,49.8,1.5848383672027133,0.01,Forage
outcome_eta0.01,10,480,1,0,76.50000000000185,100.0,49.8,1.5974874364777152,0.01,Forage
outcome_eta0.01,10,490,1,0,76.00000000000188,100.0,49.8,1.6121337868937227,0.01,Forage
outcome_eta0.01,10,500,1,0,75.5000000000019,100.0,49.8,1.6269457052260252,0.01,Forage
outcome_eta0.01,10,510,1,0,75.20000000000192,100.0,49.8,1.6693941068320826,0.01,Forage
outcome_eta0.01,10,520,1,0,74.70000000000195,100.0,49.8,1.6525490625281307,0.01,Forage
outcome_eta0.01,10,530,1,0,74.20000000000198,100.0,49.8,1.6656469752592347,0.01,Forage
outcome_eta0.01,10,540,1,0,73.700000000002,100.0,49.8,1.6803341651430226,0.01,Forage
outcome_eta0.01,10,550,1,0,73.20000000000203,100.0,49.8,1.6951494932865498,0.01,Forage
outcome_eta0.01,10,560,1,0,74.80000000000206,100.0,49.8,1.675307576922012,0.01,Forage
outcome_eta0.01,10,570,1,0,74.30000000000209,100.0,49.8,1.6647510707836495,0.01,Forage
outcome_eta0.01,10,580,1,0,73.80000000000211,100.0,49.8,1.6775412239398393,0.01,Forage
outcome_eta0.01,10,590,1,0,73.30000000000214,100.0,49.8,1.6921984769436818,0.01,Forage
outcome_eta0.01,10,600,1,0,72.80000000000217,100.0,49.8,1.7070113031847618,0.01,Forage
outcome_eta0.01,10,610,1,0,73.45000000000219,100.0,49.8,1.7180130914521894,0.01,Forage
outcome_eta0.01,10,620,1,0,72.95000000000222,100.0,49.8,1.703872716867755,0.01,Forage
outcome_eta0.01,10,630,1,0,72.45000000000225,100.0,49.8,1.7174949980282141,0.01,Forage
outcome_eta0.01,10,640,1,0,71.95000000000228,100.0,49.8,1.7322247204700139,0.01,Forage
outcome_eta0.01,10,650,1,0,71.4500000000023,100.0,49.8,1.7470435934104531,0.01,Forage
outcome_eta0.01,10,660,1,0,68.30000000000231,100.0,49.8,1.8904949893247334,0.01,Forage
outcome_eta0.01,10,670,1,0,67.80000000000234,100.0,49.8,1.8425565994454298,0.01,Forage
outcome_eta0.01,10,680,1,0,67.30000000000237,100.0,49.8,1.8677486280301219,0.01,Forage
outcome_eta0.01,10,690,1,0,66.8000000000024,100.0,49.8,1.8847352179119718,0.01,Forage
outcome_eta0.01,10,700,1,0,66.30000000000243,100.0,49.8,1.899744171951815,0.01,Forage
outcome_eta0.01,10,710,1,0,63.15000000000243,100.0,49.8,2.0432114195191393,0.01,Forage
outcome_eta0.01,10,720,1,0,62.65000000000246,100.0,49.8,1.987301752169107,0.01,Forage
outcome_eta0.01,10,730,1,0,62.150000000002485,100.0,49.8,2.0192443571331316,0.01,Forage
outcome_eta0.01,10,740,1,0,61.650000000002514,100.0,49.8,2.0373503676231053,0.01,Forage
outcome_eta0.01,10,750,1,0,61.15000000000254,100.0,49.8,2.0524534779320556,0.01,Forage
outcome_eta0.01,10,760,1,0,59.90000000000255,100.0,49.8,2.1333799521770955,0.01,Forage
outcome_eta0.01,10,770,1,0,59.40000000000258,100.0,49.8,2.092035794355601,0.01,Forage
outcome_eta0.01,10,780,1,0,58.900000000002606,100.0,49.8,2.1180065490932525,0.01,Forage
outcome_eta0.01,10,790,1,0,58.400000000002635,100.0,49.8,2.1339272465703742,0.01,Forage
outcome_eta0.01,10,800,1,0,57.90000000000266,100.0,49.8,2.1488456406214134,0.01,Forage
outcome_eta0.01,10,810,1,0,56.65000000000267,100.0,49.8,2.2295875098859055,0.01,Forage
outcome_eta0.01,10,820,1,0,56.1500000000027,100.0,49.8,2.1857753206541766,0.01,Forage
outcome_eta0.01,10,830,1,0,55.65000000000273,100.0,49.8,2.2141354761303376,0.01,Forage
outcome_eta0.01,10,840,1,0,55.150000000002755,100.0,49.8,2.2302820195372024,0.01,Forage
outcome_eta0.01,10,850,1,0,54.650000000002784,100.0,49.8,2.2452192805396622,0.01,Forage
outcome_eta0.01,10,860,1,0,51.500000000002785,100.0,49.8,2.3886805480744733,0.01,Forage
outcome_eta0.01,10,870,1,0,51.000000000002814,100.0,49.8,2.314735279065714,0.01,Forage
outcome_eta0.01,10,880,1,0,50.50000000000284,100.0,49.8,2.3619483144764417,0.01,Forage
outcome_eta0.01,10,890,1,0,50.00000000000287,100.0,49.8,2.3825865822826806,0.01,Forage
outcome_eta0.01,10,900,1,0,49.5000000000029,100.0,49.8,2.3979026848480105,0.01,Forage
outcome_eta0.01,10,910,1,0,48.250000000002906,100.0,49.8,2.4782404046627557,0.01,Forage
outcome_eta0.01,10,920,1,0,47.750000000002935,100.0,49.8,2.428055388907977,0.01,Forage
outcome_eta0.01,10,930,1,0,47.25000000000296,100.0,49.8,2.4625917337003935,0.01,Forage
outcome_eta0.01,10,940,1,0,46.75000000000299,100.0,49.8,2.479322044279824,0.01,Forage
outcome_eta0.01,10,950,1,0,46.25000000000302,100.0,49.8,2.4943080726228577,0.01,Forage
outcome_eta0.01,10,960,1,0,45.00000000000303,100.0,49.8,2.574449065091767,0.01,Forage
outcome_eta0.01,10,970,1,0,44.500000000003055,100.0,49.8,2.5217950071521553,0.01,Forage
outcome_eta0.01,10,980,1,0,44.000000000003084,100.0,49.8,2.5587206684039687,0.01,Forage
outcome_eta0.01,10,990,1,0,43.50000000000311,100.0,49.8,2.5756768178858898,0.01,Forage
outcome_eta0.01,10,1000,1,0,43.00000000000314,100.0,49.8,2.5906817125944066,0.01,Forage
outcome_eta0.01,11,1,1,1,99.0,0.5,49.8,0.25747518539655884,0.01,Care
outcome_eta0.01,11,10,1,1,92.70000000000002,5.0,50.0,0.6263318584114099,0.01,Care
outcome_eta0.01,11,20,1,1,91.70000000000007,10.0,50.0,0.7286284305292948,0.01,Care
outcome_eta0.01,11,30,1,1,90.70000000000013,15.0,50.0,0.8435193286554663,0.01,Care
outcome_eta0.01,11,40,1,1,89.70000000000019,20.0,50.0,0.9622372255351859,0.01,Care
outcome_eta0.01,11,50,1,1,88.70000000000024,25.0,50.0,1.0820956386391734,0.01,Care
outcome_eta0.01,11,60,1,1,87.7000000000003,30.0,50.0,1.202293946616792,0.01,Care
outcome_eta0.01,11,70,1,1,86.70000000000036,35.0,50.0,1.3225935495367027,0.01,Care
outcome_eta0.01,11,80,1,1,85.70000000000041,40.0,50.0,1.4429233402179777,0.01,Care
outcome_eta0.01,11,90,1,1,84.70000000000047,45.0,50.0,1.5632621274090046,0.01,Care
outcome_eta0.01,11,100,1,1,83.70000000000053,50.0,50.0,1.683603595725894,0.01,Care
outcome_eta0.01,11,110,1,1,82.70000000000059,55.0,50.0,1.803945863067748,0.01,Care
outcome_eta0.01,11,120,1,1,81.70000000000064,60.0,50.0,1.9242883685337815,0.01,Care
outcome_eta0.01,11,130,1,1,80.7000000000007,65.0,50.0,2.044630944965212,0.01,Care
outcome_eta0.01,11,140,1,1,79.70000000000076,70.0,50.0,2.168067926836776,0.01,Care
outcome_eta0.01,11,150,1,1,78.70000000000081,75.0,50.0,2.303225296439659,0.01,Care
outcome_eta0.01,11,160,1,1,77.70000000000087,80.0,50.0,2.4416625675438044,0.01,Care
outcome_eta0.01,11,170,1,1,76.70000000000093,85.0,50.0,2.5809999999999906,0.01,Care
outcome_eta0.01,11,180,1,1,75.70000000000098,90.0,50.0,2.6509999999999905,0.01,Care
outcome_eta0.01,11,190,1,1,69.300000000001,95.0,48.59999999999998,3.485578643762681,0.01,Forage
outcome_eta0.01,11,200,1,1,66.50000000000105,80.0,50.0,2.69499999999999,0.01,Care
outcome_eta0.01,11,210,1,1,65.50000000000111,85.0,50.0,2.7649999999999895,0.01,Care
outcome_eta0.01,11,220,1,1,64.50000000000117,90.0,50.0,2.834999999999989,0.01,Care
outcome_eta0.01,11,230,1,1,60.80000000000119,95.0,49.39999999999999,3.284421412596862,0.01,Forage
outcome_eta0.01,11,240,1,1,55.300000000001184,80.0,50.0,2.878999999999989,0.01,Care
outcome_eta0.01,11,250,1,1,54.30000000000117,85.0,50.0,2.9489999999999896,0.01,Care
outcome_eta0.01,11,260,1,1,53.300000000001155,90.0,50.0,3.0189999999999895,0.01,Care
outcome_eta0.01,11,270,1,1,52.30000000000114,95.0,50.0,3.0889999999999898,0.01,Care
outcome_eta0.01,11,280,1,0,43.20000000000114,100.0,47.99999999999997,3.27599999999999,0.01,Forage
outcome_eta0.01,11,290,1,0,50.900000000001135,100.0,47.99999999999997,2.8311231117814835,0.01,Forage
outcome_eta0.01,11,300,1,0,50.400000000001164,100.0,47.99999999999997,2.5582278440338984,0.01,Forage
outcome_eta0.01,11,310,1,0,49.15000000000117,100.0,47.99999999999997,2.5323111896400907,0.01,Forage
outcome_eta0.01,11,320,1,0,48.6500000000012,100.0,47.99999999999997,2.407798015206394,0.01,Forage
outcome_eta0.01,11,330,1,0,48.15000000000123,100.0,47.99999999999997,2.287176091023854,0.01,Forage
outcome_eta0.01,11,340,1,0,47.650000000001256,100.0,47.99999999999997,2.1692812800455186,0.01,Forage
outcome_eta0.01,11,350,1,0,47.150000000001285,100.0,47.99999999999997,2.1097279590582243,0.01,Forage
outcome_eta0.01,11,360,1,0,46.850000000001295,100.0,47.99999999999997,2.1303873253582823,0.01,Forage
outcome_eta0.01,11,370,1,0,46.35000000000132,100.0,47.99999999999997,2.1382542021413298,0.01,Forage
outcome_eta0.01,11,380,1,0,45.85000000000135,100.0,47.99999999999997,2.1664256054121074,0.01,Forage
outcome_eta0.01,11,390,1,0,45.35000000000138,100.0,47.99999999999997,2.203086296337742,0.01,Forage
outcome_eta0.01,11,400,1,0,44.85000000000141,100.0,47.99999999999997,2.242161556761717,0.01,Forage
outcome_eta0.01,11,410,1,0,44.55000000000142,100.0,47.99999999999997,2.3405075305428786,0.01,Forage
outcome_eta0.01,11,420,1,0,44.05000000000145,100.0,47.99999999999997,2.400880025339707,0.01,Forage
outcome_eta0.01,11,430,1,0,43.550000000001475,100.0,47.99999999999997,2.4960440610127703,0.01,Forage
outcome_eta0.01,11,440,1,0,43.0500000000015,100.0,47.99999999999997,2.545270289322545,0.01,Forage
outcome_eta0.01,11,450,1,0,42.55000000000153,100.0,47.99999999999997,2.5701764000792826,0.01,Forage
outcome_eta0.01,11,460,1,0,42.25000000000154,100.0,47.99999999999997,2.6035918404391123,0.01,Forage
outcome_eta0.01,11,470,1,0,41.75000000000157,100.0,47.99999999999997,2.5954522812023795,0.01,Forage
outcome_eta0.01,11,480,1,0,41.2500000000016,100.0,47.99999999999997,2.611501244614967,0.01,Forage
outcome_eta0.01,11,490,1,0,40.75000000000163,100.0,47.99999999999997,2.626525653821041,0.01,Forage
outcome_eta0.01,11,500,1,0,40.250000000001656,100.0,47.99999999999997,2.6411732224420152,0.01,Forage
outcome_eta0.01,11,510,1,0,40.90000000000167,100.0,47.99999999999997,2.6480887246284395,0.01,Forage
outcome_eta0.01,11,520,1,0,40.4000000000017,100.0,47.99999999999997,2.6372259417165798,0.01,Forage
outcome_eta0.01,11,530,1,0,39.900000000001725,100.0,47.99999999999997,2.6514389464896677,0.01,Forage
outcome_eta0.01,11,540,1,0,39.400000000001754,100.0,47.99999999999997,2.6658863422963304,0.01,Forage
outcome_eta0.01,11,550,1,0,38.90000000000178,100.0,47.99999999999997,2.6803618534771916,0.01,Forage
outcome_eta0.01,11,560,1,0,35.75000000000178,100.0,47.99999999999997,2.797075208047917,0.01,Forage
outcome_eta0.01,11,570,1,0,35.25000000000181,100.0,47.99999999999997,2.75522307965862,0.01,Forage
outcome_eta0.01,11,580,1,0,34.75000000000184,100.0,47.99999999999997,2.7862838306280664,0.01,Forage
outcome_eta0.01,11,590,1,0,34.25000000000187,100.0,47.99999999999997,2.8108036122119198,0.01,Forage
outcome_eta0.01,11,600,1,0,33.7500000000019,100.0,47.99999999999997,2.828298600952285,0.01,Forage
outcome_eta0.01,11,610,1,0,36.300000000001916,100.0,47.99999999999997,2.7861426872476915,0.01,Forage
outcome_eta0.01,11,620,1,0,35.800000000001944,100.0,47.99999999999997,2.7781857088949784,0.01,Forage
outcome_eta0.01,11,630,1,0,35.30000000000197,100.0,47.99999999999997,2.7870481286409867,0.01,Forage
outcome_eta0.01,11,640,1,0,34.800000000002,100.0,47.99999999999997,2.799862527007911,0.01,Forage
outcome_eta0.01,11,650,1,0,34.30000000000203,100.0,47.99999999999997,2.81385125027636,0.01,Forage
outcome_eta0.01,11,660,1,0,34.00000000000204,100.0,47.99999999999997,2.8435377862314746,0.01,Forage
outcome_eta0.01,11,670,1,0,33.50000000000207,100.0,47.99999999999997,2.8326807771726363,0.01,Forage
outcome_eta0.01,11,680,1,0,33.000000000002096,100.0,47.99999999999997,2.8499846905324553,0.01,Forage
outcome_eta0.01,11,690,1,0,32.500000000002125,100.0,47.99999999999997,2.8653995189130352,0.01,Forage
outcome_eta0.01,11,700,1,0,32.00000000000215,100.0,47.99999999999997,2.8801634928781095,0.01,Forage
outcome_eta0.01,11,710,1,0,34.55000000000217,100.0,47.99999999999997,2.836806508359019,0.01,Forage
outcome_eta0.01,11,720,1,0,34.0500000000022,100.0,47.99999999999997,2.8288267061069923,0.01,Forage
outcome_eta0.01,11,730,1,0,33.55000000000223,100.0,47.99999999999997,2.8377341588750307,0.01,Forage
outcome_eta0.01,11,740,1,0,33.05000000000226,100.0,47.99999999999997,2.8505621459351986,0.01,Forage
outcome_eta0.01,11,750,1,0,32.550000000002285,100.0,47.99999999999997,2.8645549194295414,0.01,Forage
outcome_eta0.01,11,760,1,0,33.2000000000023,100.0,47.99999999999997,2.8703131162013156,0.01,Forage
outcome_eta0.01,11,770,1,0,32.700000000002326,100.0,47.99999999999997,2.858499410601655,0.01,Forage
outcome_eta0.01,11,780,1,0,32.200000000002355,100.0,47.99999999999997,2.8739885428626994,0.01,Forage
outcome_eta0.01,11,790,1,0,31.700000000002362,100.0,47.99999999999997,2.8888248881093914,0.01,Forage
outcome_eta0.01,11,800,1,0,31.200000000002355,100.0,47.99999999999997,2.903416341404313,0.01,Forage
outcome_eta0.01,11,810,1,0,28.050000000002353,100.0,47.99999999999997,3.020164248954562,0.01,Forage
outcome_eta0.01,11,820,1,0,27.550000000002346,100.0,47.99999999999997,2.9725589550743328,0.01,Forage
outcome_eta0.01,11,830,1,0,27.05000000000234,100.0,47.99999999999997,3.006781945518309,0.01,Forage
outcome_eta0.01,11,840,1,0,26.55000000000233,100.0,47.99999999999997,3.0331277002695183,0.01,Forage
outcome_eta0.01,11,850,1,0,26.050000000002324,100.0,47.99999999999997,3.0394999999999768,0.01,Forage
outcome_eta0.01,11,860,1,0,23.85000000000232,100.0,47.99999999999997,3.0874999999999764,0.01,Forage
outcome_eta0.01,11,870,1,0,23.350000000002314,100.0,47.99999999999997,3.066499999999977,0.01,Forage
outcome_eta0.01,11,880,1,0,22.850000000002307,100.0,47.99999999999997,3.071499999999977,0.01,Forage
outcome_eta0.01,11,890,1,0,22.3500000000023,100.0,47.99999999999997,3.076499999999977,0.01,Forage
outcome_eta0.01,11,900,1,0,21.850000000002293,100.0,47.99999999999997,3.081499999999977,0.01,Forage
outcome_eta0.01,11,910,1,0,20.60000000000229,100.0,47.99999999999997,3.1049999999999773,0.01,Forage
outcome_eta0.01,11,920,1,0,20.100000000002282,100.0,47.99999999999997,3.098999999999977,0.01,Forage
outcome_eta0.01,11,930,1,0,19.600000000002275,100.0,47.99999999999997,3.103999999999977,0.01,Forage
outcome_eta0.01,11,940,1,0,19.100000000002268,100.0,47.99999999999997,3.1089999999999773,0.01,Forage
outcome_eta0.01,11,950,1,0,18.60000000000226,100.0,47.99999999999997,3.1139999999999772,0.01,Forage
outcome_eta0.01,11,960,1,0,20.20000000000226,100.0,47.99999999999997,3.097999999999977,0.01,Forage
outcome_eta0.01,11,970,1,0,19.70000000000225,100.0,47.99999999999997,3.1029999999999776,0.01,Forage
outcome_eta0.01,11,980,1,0,19.200000000002245,100.0,47.99999999999997,3.1079999999999774,0.01,Forage
outcome_eta0.01,11,990,1,0,18.700000000002237,100.0,47.99999999999997,3.112999999999978,0.01,Forage
outcome_eta0.01,11,1000,1,0,18.20000000000223,100.0,47.99999999999997,3.1179999999999777,0.01,Forage
outcome_eta0.01,12,1,1,1,99.0,0.5,49.8,0.05703723282250011,0.01,Care
outcome_eta0.01,12,10,1,1,94.50000000000003,5.0,50.0,0.5839844214322354,0.01,Care
outcome_eta0.01,12,20,1,1,93.50000000000009,10.0,50.0,0.6450827826333997,0.01,Care
outcome_eta0.01,12,30,1,1,92.50000000000014,15.0,50.0,0.7069670429059448,0.01,Care
outcome_eta0.01,12,40,1,1,91.5000000000002,20.0,50.0,0.7688885669193912,0.01,Care
outcome_eta0.01,12,50,1,1,90.50000000000026,25.0,50.0,0.8308120652882833,0.01,Care
outcome_eta0.01,12,60,1,1,89.50000000000031,30.0,50.0,0.8927356682771175,0.01,Care
outcome_eta0.01,12,70,1,1,88.50000000000037,35.0,50.0,0.9546592768097022,0.01,Care
outcome_eta0.01,12,80,1,1,87.50000000000043,40.0,50.0,1.0165828856360468,0.01,Care
outcome_eta0.01,12,90,1,1,86.50000000000048,45.0,50.0,1.0785064944779579,0.01,Care
outcome_eta0.01,12,100,1,1,85.50000000000054,50.0,50.0,1.1404301033206936,0.01,Care
outcome_eta0.01,12,110,1,1,84.5000000000006,55.0,50.0,1.202353712163473,0.01,Care
outcome_eta0.01,12,120,1,1,83.50000000000065,60.0,50.0,1.2642773210062548,0.01,Care
outcome_eta0.01,12,130,1,1,82.50000000000071,65.0,50.0,1.326200929849037,0.01,Care
outcome_eta0.01,12,140,1,1,81.50000000000077,70.0,50.0,1.3881245386918186,0.01,Care
outcome_eta0.01,12,150,1,1,80.50000000000082,75.0,50.0,1.4500481475346008,0.01,Care
outcome_eta0.01,12,160,1,1,79.50000000000088,80.0,50.0,1.5184124285636131,0.01,Care
outcome_eta0.01,12,170,1,1,78.50000000000094,85.0,50.0,1.602788459385768,0.01,Care
outcome_eta0.01,12,180,1,1,77.500000000001,90.0,50.0,1.6891378764881924,0.01,Care
outcome_eta0.01,12,190,1,1,76.50000000000105,95.0,50.0,1.7755924682728628,0.01,Care
outcome_eta0.01,12,200,1,0,74.6000000000011,100.0,49.8,1.8581331981968612,0.01,Forage
outcome_eta0.01,12,210,1,0,82.30000000000112,100.0,49.8,1.7993444506327232,0.01,Forage
outcome_eta0.01,12,220,1,0,83.90000000000114,100.0,49.8,1.7235976327588285,0.01,Forage
outcome_eta0.01,12,230,1,0,83.40000000000117,100.0,49.8,1.6182405382917504,0.01,Forage
outcome_eta0.01,12,240,1,0,82.9000000000012,100.0,49.8,1.5180024919024095,0.01,Forage
outcome_eta0.01,12,250,1,0,82.40000000000123,100.0,49.8,1.5000000064966168,0.01,Forage
outcome_eta0.01,12,260,1,0,84.00000000000125,100.0,49.8,1.500294432861326,0.01,Forage
outcome_eta0.01,12,270,1,0,83.50000000000128,100.0,49.8,1.5000006839708473,0.01,Forage
outcome_eta0.01,12,280,1,0,83.00000000000131,100.0,49.8,1.5000000013309782,0.01,Forage
outcome_eta0.01,12,290,1,0,82.50000000000134,100.0,49.8,1.5000000000025788,0.01,Forage
outcome_eta0.01,12,300,1,0,82.00000000000136,100.0,49.8,1.5000000000000049,0.01,Forage
outcome_eta0.01,12,310,1,0,82.65000000000138,100.0,49.8,1.502180395562812,0.01,Forage
outcome_eta0.01,12,320,1,0,82.15000000000141,100.0,49.8,1.5000055506726488,0.01,Forage
outcome_eta0.01,12,330,1,0,81.65000000000144,100.0,49.8,1.5000000108225113,0.01,Forage
outcome_eta0.01,12,340,1,0,81.15000000000147,100.0,49.8,1.50000000002097,0.01,Forage
outcome_eta0.01,12,350,1,0,80.6500000000015,100.0,49.8,1.5000000000000406,0.01,Forage
outcome_eta0.01,12,360,1,0,78.45000000000151,100.0,49.8,1.5752220230351563,0.01,Forage
outcome_eta0.01,12,370,1,0,77.95000000000154,100.0,49.8,1.5345373971752316,0.01,Forage
outcome_eta0.01,12,380,1,0,77.45000000000157,100.0,49.8,1.5491894338507364,0.01,Forage
outcome_eta0.01,12,390,1,0,76.9500000000016,100.0,49.8,1.5739904444996677,0.01,Forage
outcome_eta0.01,12,400,1,0,76.45000000000162,100.0,49.8,1.6171851005497075,0.01,Forage
outcome_eta0.01,12,410,1,0,77.10000000000164,100.0,49.8,1.638145632086549,0.01,Forage
outcome_eta0.01,12,420,1,0,76.60000000000167,100.0,49.8,1.6239631105669263,0.01,Forage
outcome_eta0.01,12,430,1,0,76.1000000000017,100.0,49.8,1.6398901507805441,0.01,Forage
outcome_eta0.01,12,440,1,0,75.60000000000173,100.0,49.8,1.6585027026845771,0.01,Forage
outcome_eta0.01,12,450,1,0,75.10000000000176,100.0,49.8,1.677802653615887,0.01,Forage
outcome_eta0.01,12,460,1,0,72.90000000000177,100.0,49.8,1.8077615060291332,0.01,Forage
outcome_eta0.01,12,470,1,0,72.4000000000018,100.0,49.8,1.756157296199213,0.01,Forage
outcome_eta0.01,12,480,1,0,71.90000000000182,100.0,49.8,1.7955478687001258,0.01,Forage
outcome_eta0.01,12,490,1,0,71.40000000000185,100.0,49.8,1.8204460027130271,0.01,Forage
outcome_eta0.01,12,500,1,0,70.90000000000188,100.0,49.8,1.8413570636634773,0.01,Forage
outcome_eta0.01,12,510,1,0,68.70000000000188,100.0,49.8,1.9717288695027815,0.01,Forage
outcome_eta0.01,12,520,1,0,68.2000000000019,100.0,49.8,1.9004431103272588,0.01,Forage
outcome_eta0.01,12,530,1,0,67.70000000000194,100.0,49.8,1.9544213428314612,0.01,Forage
outcome_eta0.01,12,540,1,0,67.20000000000196,100.0,49.8,1.9832135588890831,0.01,Forage
outcome_eta0.01,12,550,1,0,66.70000000000199,100.0,49.8,2.005122743826678,0.01,Forage
outcome_eta0.01,12,560,1,0,63.550000000001994,100.0,49.8,2.160250384907007,0.01,Forage
outcome_eta0.01,12,570,1,0,63.05000000000202,100.0,49.8,2.0404613152373585,0.01,Forage
outcome_eta0.01,12,580,1,0,62.55000000000205,100.0,49.8,2.1315929419592177,0.01,Forage
outcome_eta0.01,12,590,1,0,62.05000000000208,100.0,49.8,2.1782762346849944,0.01,Forage
outcome_eta0.01,12,600,1,0,61.55000000000211,100.0,49.8,2.20477176600959,0.01,Forage
outcome_eta0.01,12,610,1,0,62.20000000000212,100.0,49.8,2.1978842830908447,0.01,Forage
outcome_eta0.01,12,620,1,0,61.70000000000215,100.0,49.8,2.1786729177062334,0.01,Forage
outcome_eta0.01,12,630,1,0,61.20000000000218,100.0,49.8,2.2150388952692484,0.01,Forage
outcome_eta0.01,12,640,1,0,60.700000000002206,100.0,49.8,2.2388943596127455,0.01,Forage
outcome_eta0.01,12,650,1,0,60.200000000002234,100.0,49.8,2.2595381535890553,0.01,Forage
outcome_eta0.01,12,660,1,0,60.85000000000225,100.0,49.8,2.2490042077791363,0.01,Forage
outcome_eta0.01,12,670,1,0,60.350000000002275,100.0,49.8,2.2290224645634193,0.01,Forage
outcome_eta0.01,12,680,1,0,59.850000000002304,100.0,49.8,2.2671729088959522,0.01,Forage
outcome_eta0.01,12,690,1,0,59.35000000000233,100.0,49.8,2.291486132881288,0.01,Forage
outcome_eta0.01,12,700,1,0,58.85000000000236,100.0,49.8,2.3122472580398976,0.01,Forage
outcome_eta0.01,12,710,1,0,58.55000000000237,100.0,49.8,2.347388225081832,0.01,Forage
outcome_eta0.01,12,720,1,0,58.0500000000024,100.0,49.8,2.307789759050115,0.01,Forage
outcome_eta0.01,12,730,1,0,57.55000000000243,100.0,49.8,2.35418614163739,0.01,Forage
outcome_eta0.01,12,740,1,0,57.050000000002456,100.0,49.8,2.3806235939482114,0.01,Forage
outcome_eta0.01,12,750,1,0,56.550000000002484,100.0,49.8,2.4019291935681135,0.01,Forage
outcome_eta0.01,12,760,1,0,54.35000000000249,100.0,49.8,2.50949442014565,0.01,Forage
outcome_eta0.01,12,770,1,0,53.85000000000252,100.0,49.8,2.386837164519605,0.01,Forage
outcome_eta0.01,12,780,1,0,53.350000000002545,100.0,49.8,2.4930234117583354,0.01,Forage
outcome_eta0.01,12,790,1,0,52.850000000002574,100.0,49.8,2.500155012374796,0.01,Forage
outcome_eta0.01,12,800,1,0,52.3500000000026,100.0,49.8,2.505155123637352,0.01,Forage
outcome_eta0.01,12,810,1,0,53.000000000002615,100.0,49.8,2.4726513355039197,0.01,Forage
outcome_eta0.01,12,820,1,0,52.50000000000264,100.0,49.8,2.500659472796521,0.01,Forage
outcome_eta0.01,12,830,1,0,52.00000000000267,100.0,49.8,2.508654967280017,0.01,Forage
outcome_eta0.01,12,840,1,0,51.5000000000027,100.0,49.8,2.5136551236349973,0.01,Forage
outcome_eta0.01,12,850,1,0,51.00000000000273,100.0,49.8,2.5186551236431587,0.01,Forage
outcome_eta0.01,12,860,1,0,49.750000000002736,100.0,49.8,2.542155123643159,0.01,Forage
outcome_eta0.01,12,870,1,0,49.250000000002764,100.0,49.8,2.527766604330049,0.01,Forage
outcome_eta0.01,12,880,1,0,48.75000000000279,100.0,49.8,2.541154685789981,0.01,Forage
outcome_eta0.01,12,890,1,0,48.25000000000282,100.0,49.8,2.5461551236203035,0.01,Forage
outcome_eta0.01,12,900,1,0,47.75000000000285,100.0,49.8,2.551155123643156,0.01,Forage
outcome_eta0.01,12,910,1,0,47.45000000000286,100.0,49.8,2.554155123643157,0.01,Forage
outcome_eta0.01,12,920,1,0,46.95000000000289,100.0,49.8,2.5591358126850556,0.01,Forage
outcome_eta0.01,12,930,1,0,46.450000000002916,100.0,49.8,2.564155122635188,0.01,Forage
outcome_eta0.01,12,940,1,0,45.950000000002944,100.0,49.8,2.569155123643104,0.01,Forage
outcome_eta0.01,12,950,1,0,45.45000000000297,100.0,49.8,2.5741551236431564,0.01,Forage
outcome_eta0.01,12,960,1,0,47.05000000000299,100.0,49.8,2.5578019935073035,0.01,Forage
outcome_eta0.01,12,970,1,0,46.55000000000302,100.0,49.8,2.563155105210922,0.01,Forage
outcome_eta0.01,12,980,1,0,46.050000000003045,100.0,49.8,2.5681551236421933,0.01,Forage
outcome_eta0.01,12,990,1,0,45.550000000003074,100.0,49.8,2.573155123643155,0.01,Forage
outcome_eta0.01,12,1000,1,0,45.0500000000031,100.0,49.8,2.578155123643155,0.01,Forage
outcome_eta0.01,13,1,1,1,99.0,0.5,49.8,0.0836308151189953,0.01,Care
outcome_eta0.01,13,10,1,1,95.40000000000003,5.0,50.0,0.5788751097387238,0.01,Care
outcome_eta0.01,13,20,1,1,94.40000000000009,10.0,50.0,0.6408418833869071,0.01,Care
outcome_eta0.01,13,30,1,1,93.40000000000015,15.0,50.0,0.7028091768656559,0.01,Care
outcome_eta0.01,13,40,1,1,92.4000000000002,20.0,50.0,0.7647764703444071,0.01,Care
outcome_eta0.01,13,50,1,1,91.40000000000026,25.0,50.0,0.8267437638231586,0.01,Care
outcome_eta0.01,13,60,1,1,90.40000000000032,30.0,50.0,0.8887110573019099,0.01,Care
outcome_eta0.01,13,70,1,1,89.40000000000038,35.0,50.0,0.9506783507806612,0.01,Care
outcome_eta0.01,13,80,1,1,88.40000000000043,40.0,50.0,1.0126456442594127,0.01,Care
outcome_eta0.01,13,90,1,1,87.40000000000049,45.0,50.0,1.074612937738164,0.01,Care
outcome_eta0.01,13,100,1,1,86.40000000000055,50.0,50.0,1.1365802312169153,0.01,Care
outcome_eta0.01,13,110,1,1,85.4000000000006,55.0,50.0,1.1985475246956667,0.01,Care
outcome_eta0.01,13,120,1,1,84.40000000000066,60.0,50.0,1.2605148181744181,0.01,Care
outcome_eta0.01,13,130,1,1,83.40000000000072,65.0,50.0,1.3224821116531693,0.01,Care
outcome_eta0.01,13,140,1,1,82.40000000000077,70.0,50.0,1.384449405131921,0.01,Care
outcome_eta0.01,13,150,1,1,81.40000000000083,75.0,50.0,1.4464166986106723,0.01,Care
outcome_eta0.01,13,160,1,1,80.40000000000089,80.0,50.0,1.508383992089424,0.01,Care
outcome_eta0.01,13,170,1,1,79.40000000000094,85.0,50.0,1.5764359730173716,0.01,Care
outcome_eta0.01,13,180,1,1,78.400000000001,90.0,50.0,1.6486329340140276,0.01,Care
outcome_eta0.01,13,190,1,1,77.40000000000106,95.0,50.0,1.7208299016117379,0.01,Care
outcome_eta0.01,13,200,1,0,72.80000000000109,100.0,49.19999999999999,1.8122649673652664,0.01,Forage
outcome_eta0.01,13,210,1,0,74.6000000000011,100.0,49.19999999999999,1.8288826988624853,0.01,Forage
outcome_eta0.01,13,220,1,0,80.20000000000113,100.0,49.19999999999999,1.7560301202588169,0.01,Forage
outcome_eta0.01,13,230,1,0,79.70000000000115,100.0,49.19999999999999,1.6590424192047644,0.01,Forage
outcome_eta0.01,13,240,1,0,79.20000000000118,100.0,49.19999999999999,1.5641403194743195,0.01,Forage
outcome_eta0.01,13,250,1,0,78.70000000000121,100.0,49.19999999999999,1.5132259744226522,0.01,Forage
outcome_eta0.01,13,260,1,0,80.30000000000123,100.0,49.19999999999999,1.500000366747508,0.01,Forage
outcome_eta0.01,13,270,1,0,79.80000000000126,100.0,49.19999999999999,1.502018246389782,0.01,Forage
outcome_eta0.01,13,280,1,0,79.30000000000129,100.0,49.19999999999999,1.5071321957764887,0.01,Forage
outcome_eta0.01,13,290,1,0,78.80000000000132,100.0,49.19999999999999,1.5122793344663124,0.01,Forage
outcome_eta0.01,13,300,1,0,78.30000000000135,100.0,49.19999999999999,1.5174764191215284,0.01,Forage
outcome_eta0.01,13,310,1,0,79.90000000000137,100.0,49.19999999999999,1.5010331558504317,0.01,Forage
outcome_eta0.01,13,320,1,0,79.4000000000014,100.0,49.19999999999999,1.5061760448311807,0.01,Forage
outcome_eta0.01,13,330,1,0,78.90000000000143,100.0,49.19999999999999,1.5114118036065283,0.01,Forage
outcome_eta0.01,13,340,1,0,78.40000000000146,100.0,49.19999999999999,1.5166553402767748,0.01,Forage
outcome_eta0.01,13,350,1,0,77.90000000000148,100.0,49.19999999999999,1.521885079391153,0.01,Forage
outcome_eta0.01,13,360,1,0,81.40000000000151,100.0,49.19999999999999,1.5000363010028654,0.01,Forage
outcome_eta0.01,13,370,1,0,80.90000000000154,100.0,49.19999999999999,1.500000084659011,0.01,Forage
outcome_eta0.01,13,380,1,0,80.40000000000157,100.0,49.19999999999999,1.500000000197427,0.01,Forage
outcome_eta0.01,13,390,1,0,79.9000000000016,100.0,49.19999999999999,1.5010000000004444,0.01,Forage
outcome_eta0.01,13,400,1,0,79.40000000000163,100.0,49.19999999999999,1.5061961711810112,0.01,Forage
outcome_eta0.01,13,410,1,0,78.15000000000164,100.0,49.19999999999999,1.5313182018310012,0.01,Forage
outcome_eta0.01,13,420,1,0,77.65000000000167,100.0,49.19999999999999,1.5244860101899476,0.01,Forage
outcome_eta0.01,13,430,1,0,77.1500000000017,100.0,49.19999999999999,1.529729544046876,0.01,Forage
outcome_eta0.01,13,440,1,0,76.65000000000173,100.0,49.19999999999999,1.5349592647503005,0.01,Forage
outcome_eta0.01,13,450,1,0,76.15000000000175,100.0,49.19999999999999,1.5401889390249854,0.01,Forage
outcome_eta0.01,13,460,1,0,74.90000000000177,100.0,49.19999999999999,1.5652963833323108,0.01,Forage
outcome_eta0.01,13,470,1,0,74.4000000000018,100.0,49.19999999999999,1.5584518638590952,0.01,Forage
outcome_eta0.01,13,480,1,0,73.90000000000182,100.0,49.19999999999999,1.5637223350717862,0.01,Forage
outcome_eta0.01,13,490,1,0,73.40000000000185,100.0,49.19999999999999,1.568952146220175,0.01,Forage
outcome_eta0.01,13,500,1,0,72.90000000000188,100.0,49.19999999999999,1.5741818207972056,0.01,Forage
outcome_eta0.01,13,510,1,0,74.5000000000019,100.0,49.19999999999999,1.557512690560584,0.01,Forage
outcome_eta0.01,13,520,1,0,74.00000000000193,100.0,49.19999999999999,1.5626764957025032,0.01,Forage
outcome_eta0.01,13,530,1,0,73.50000000000196,100.0,49.19999999999999,1.5679062117154734,0.01,Forage
outcome_eta0.01,13,540,1,0,73.00000000000199,100.0,49.19999999999999,1.5731358859744793,0.01,Forage
outcome_eta0.01,13,550,1,0,72.50000000000202,100.0,49.19999999999999,1.5783655600939066,0.01,Forage
outcome_eta0.01,13,560,1,0,75.05000000000204,100.0,49.19999999999999,1.5517137173109243,0.01,Forage
outcome_eta0.01,13,570,1,0,74.55000000000207,100.0,49.19999999999999,1.5569239284830496,0.01,Forage
outcome_eta0.01,13,580,1,0,74.0500000000021,100.0,49.19999999999999,1.5621535704330305,0.01,Forage
outcome_eta0.01,13,590,1,0,73.55000000000213,100.0,49.19999999999999,1.567383244444453,0.01,Forage
outcome_eta0.01,13,600,1,0,73.05000000000216,100.0,49.19999999999999,1.5726129185630526,0.01,Forage
outcome_eta0.01,13,610,1,0,74.65000000000218,100.0,49.19999999999999,1.5559471938736094,0.01,Forage
outcome_eta0.01,13,620,1,0,74.15000000000221,100.0,49.19999999999999,1.5611076116956637,0.01,Forage
outcome_eta0.01,13,630,1,0,73.65000000000224,100.0,49.19999999999999,1.5663373095407194,0.01,Forage
outcome_eta0.01,13,640,1,0,73.15000000000227,100.0,49.19999999999999,1.5715669837389923,0.01,Forage
outcome_eta0.01,13,650,1,0,72.6500000000023,100.0,49.19999999999999,1.5767966578582164,0.01,Forage
outcome_eta0.01,13,660,1,0,75.20000000000232,100.0,49.19999999999999,1.5501476126885536,0.01,Forage
outcome_eta0.01,13,670,1,0,74.70000000000235,100.0,49.19999999999999,1.5553550365552864,0.01,Forage
outcome_eta0.01,13,680,1,0,74.20000000000238,100.0,49.19999999999999,1.560584668231798,0.01,Forage
outcome_eta0.01,13,690,1,0,73.7000000000024,100.0,49.19999999999999,1.5658143422088775,0.01,Forage
outcome_eta0.01,13,700,1,0,73.20000000000243,100.0,49.19999999999999,1.5710440163273622,0.01,Forage
outcome_eta0.01,13,710,1,0,73.85000000000245,100.0,49.19999999999999,1.5644505799966322,0.01,Forage
outcome_eta0.01,13,720,1,0,73.35000000000248,100.0,49.19999999999999,1.5694712304959944,0.01,Forage
outcome_eta0.01,13,730,1,0,72.85000000000251,100.0,49.19999999999999,1.574704775227981,0.01,Forage
outcome_eta0.01,13,740,1,0,72.35000000000254,100.0,49.19999999999999,1.579934462286191,0.01,Forage
outcome_eta0.01,13,750,1,0,71.85000000000257,100.0,49.19999999999999,1.5851641364484044,0.01,Forage
outcome_eta0.01,13,760,1,0,71.55000000000258,100.0,49.19999999999999,1.5888040678135686,0.01,Forage
outcome_eta0.01,13,770,1,0,71.05000000000261,100.0,49.19999999999999,1.5935214411674758,0.01,Forage
outcome_eta0.01,13,780,1,0,70.55000000000264,100.0,49.19999999999999,1.5987612551450239,0.01,Forage
outcome_eta0.01,13,790,1,0,70.05000000000267,100.0,49.19999999999999,1.6039909631631013,0.01,Forage
outcome_eta0.01,13,800,1,0,69.5500000000027,100.0,49.19999999999999,1.6092206373953808,0.01,Forage
outcome_eta0.01,13,810,1,0,68.30000000000271,100.0,49.19999999999999,1.6342982296057762,0.01,Forage
outcome_eta0.01,13,820,1,0,67.80000000000274,100.0,49.19999999999999,1.627428674388843,0.01,Forage
outcome_eta0.01,13,830,1,0,67.30000000000277,100.0,49.19999999999999,1.6327538491531397,0.01,Forage
outcome_eta0.01,13,840,1,0,66.8000000000028,100.0,49.19999999999999,1.6379838439743741,0.01,Forage
outcome_eta0.01,13,850,1,0,66.30000000000283,100.0,49.19999999999999,1.6432135191653994,0.01,Forage
outcome_eta0.01,13,860,1,0,66.00000000000283,100.0,49.19999999999999,1.646786209323067,0.01,Forage
outcome_eta0.01,13,870,1,0,65.50000000000286,100.0,49.19999999999999,1.651563069427926,0.01,Forage
outcome_eta0.01,13,880,1,0,65.00000000000288,100.0,49.19999999999999,1.656810611941454,0.01,Forage
outcome_eta0.01,13,890,1,0,64.50000000000291,100.0,49.19999999999999,1.6620403457968866,0.01,Forage
outcome_eta0.01,13,900,1,0,64.00000000000294,100.0,49.19999999999999,1.667270020115537,0.01,Forage
outcome_eta0.01,13,910,1,0,61.800000000002946,100.0,49.19999999999999,1.7179276346616965,0.01,Forage
outcome_eta0.01,13,920,1,0,61.300000000002974,100.0,49.19999999999999,1.6952480941897603,0.01,Forage
outcome_eta0.01,13,930,1,0,60.800000000003,100.0,49.19999999999999,1.700739041937101,0.01,Forage
outcome_eta0.01,13,940,1,0,60.30000000000303,100.0,49.19999999999999,1.7059696056128575,0.01,Forage
outcome_eta0.01,13,950,1,0,59.80000000000306,100.0,49.19999999999999,1.7111992827054898,0.01,Forage
outcome_eta0.01,13,960,1,0,60.45000000000307,100.0,49.19999999999999,1.7043200996053103,0.01,Forage
outcome_eta0.01,13,970,1,0,59.9500000000031,100.0,49.19999999999999,1.7096159092530898,0.01,Forage
outcome_eta0.01,13,980,1,0,59.45000000000313,100.0,49.19999999999999,1.7148600062223776,0.01,Forage
outcome_eta0.01,13,990,1,0,58.95000000000316,100.0,49.19999999999999,1.7200897285559775,0.01,Forage
outcome_eta0.01,13,1000,1,0,58.450000000003186,100.0,49.19999999999999,1.7253194028361118,0.01,Forage
outcome_eta0.01,14,1,1,1,99.0,0.5,49.8,0.09891082073084137,0.01,Care
outcome_eta0.01,14,10,1,1,94.50000000000003,5.0,50.0,0.5900169438475868,0.01,Care
outcome_eta0.01,14,20,1,1,93.50000000000009,10.0,50.0,0.6615694229984425,0.01,Care
outcome_eta0.01,14,30,1,1,92.50000000000014,15.0,50.0,0.7332239169858511,0.01,Care
outcome_eta0.01,14,40,1,1,91.5000000000002,20.0,50.0,0.8048804237949554,0.01,Care
outcome_eta0.01,14,50,1,1,90.50000000000026,25.0,50.0,0.8765369703355699,0.01,Care
outcome_eta0.01,14,60,1,1,89.50000000000031,30.0,50.0,0.948193517660453,0.01,Care
outcome_eta0.01,14,70,1,1,88.50000000000037,35.0,50.0,1.0198500650008169,0.01,Care
outcome_eta0.01,14,80,1,1,87.50000000000043,40.0,50.0,1.0915066123414863,0.01,Care
outcome_eta0.01,14,90,1,1,86.50000000000048,45.0,50.0,1.1631631596821619,0.01,Care
outcome_eta0.01,14,100,1,1,85.50000000000054,50.0,50.0,1.2348197070228375,0.01,Care
outcome_eta0.01,14,110,1,1,84.5000000000006,55.0,50.0,1.3064762543635133,0.01,Care
outcome_eta0.01,14,120,1,1,83.50000000000065,60.0,50.0,1.3781328017041887,0.01,Care
outcome_eta0.01,14,130,1,1,82.50000000000071,65.0,50.0,1.4497893490448646,0.01,Care
outcome_eta0.01,14,140,1,1,81.50000000000077,70.0,50.0,1.52144589638554,0.01,Care
outcome_eta0.01,14,150,1,1,80.50000000000082,75.0,50.0,1.5931024437262158,0.01,Care
outcome_eta0.01,14,160,1,1,72.30000000000084,80.0,48.99999999999997,1.8105363542059467,0.01,Care
outcome_eta0.01,14,170,1,1,71.30000000000089,65.0,50.0,1.6531197548016423,0.01,Care
outcome_eta0.01,14,180,1,1,70.30000000000095,70.0,50.0,1.7354399735000439,0.01,Care
outcome_eta0.01,14,190,1,1,69.300000000001,75.0,50.0,1.8217300721634504,0.01,Care
outcome_eta0.01,14,200,1,1,64.70000000000104,80.0,48.999999999999986,2.3469328553329047,0.01,Forage
outcome_eta0.01,14,210,1,1,60.10000000000103,85.0,50.0,2.1660394703151753,0.01,Care
outcome_eta0.01,14,220,1,1,59.10000000000102,70.0,50.0,2.0295573381700143,0.01,Care
outcome_eta0.01,14,230,1,1,58.100000000001,75.0,50.0,2.1095141980162033,0.01,Care
outcome_eta0.01,14,240,1,1,57.10000000000099,80.0,50.0,2.197363889960668,0.01,Care
outcome_eta0.01,14,250,1,1,50.70000000000098,85.0,48.59999999999998,3.1840750939751477,0.01,Forage
outcome_eta0.01,14,260,1,1,41.60000000000098,70.0,46.59999999999995,2.5680522421598138,0.01,Forage
outcome_eta0.01,14,270,1,1,34.30000000000098,55.0,45.59999999999992,2.48307335229839,0.01,Care
outcome_eta0.01,14,280,1,1,25.200000000000976,60.0,44.599999999999895,3.5338048536365902,0.01,Forage
outcome_eta0.01,14,290,1,1,16.100000000000975,65.0,42.599999999999866,3.784616589740666,0.01,Forage
outcome_eta0.01,14,300,1,1,15.350000000000971,50.0,44.59999999999984,2.6852448761907173,0.01,Forage
outcome_eta0.01,14,310,1,1,12.200000000000971,55.0,42.59999999999981,3.763283670912863,0.01,Forage
outcome_eta0.01,14,320,1,1,11.700000000000964,60.0,40.59999999999978,3.7783192172806412,0.01,Forage
outcome_eta0.01,14,330,1,1,11.200000000000957,65.0,38.59999999999975,3.7536378377768354,0.01,Forage
outcome_eta0.01,14,340,1,1,10.70000000000095,70.0,36.599999999999724,3.695675191739951,0.01,Forage
outcome_eta0.01,14,350,1,1,10.200000000000943,75.0,34.599999999999696,3.662431633087185,0.01,Forage
outcome_eta0.01,14,360,1,1,2.050000000000942,80.0,32.59999999999967,3.83516706843622,0.01,Forage
outcome_eta0.01,14,370,1,1,1.5000000000009417,65.0,30.599999999999667,2.7506712400465614,0.01,Forage
outcome_eta0.01,14,380,1,1,1.0000000000009412,70.0,28.599999999999675,2.771448273002871,0.01,Forage
outcome_eta0.01,14,390,1,1,0.5000000000009408,75.0,26.59999999999968,2.9137664381712844,0.01,Forage
outcome_eta0.01,14,400,1,1,9.408723800063967e-13,80.0,24.59999999999969,3.070270341834685,0.01,Forage
outcome_eta0.01,14,410,0,1,0.0,85.0,22.599999999999696,3.1673813150553194,0.01,Forage
outcome_eta0.01,14,420,0,1,0.0,90.0,20.599999999999703,3.2573813150553192,0.01,Forage
outcome_eta0.01,14,430,0,1,0.0,95.0,18.59999999999971,3.3473813150553196,0.01,Forage
outcome_eta0.01,14,440,0,0,0.0,100.0,16.599999999999717,1.7693813150553135,0.01,Forage
outcome_eta0.01,15,1,1,1,99.0,0.5,49.8,0.5158436149868597,0.01,Care
outcome_eta0.01,15,10,1,1,94.75000000000001,5.0,47.99999999999997,0.25743664260317967,0.01,Forage
outcome_eta0.01,15,20,1,1,94.25000000000004,10.0,45.99999999999994,0.5991878986156218,0.01,Forage
outcome_eta0.01,15,30,1,1,93.75000000000007,15.0,43.999999999999915,1.077317600181126,0.01,Forage
outcome_eta0.01,15,40,1,1,93.2500000000001,20.0,41.999999999999886,1.5964656663303876,0.01,Self
outcome_eta0.01,15,50,1,1,92.75000000000013,25.0,39.99999999999986,1.7361151531871533,0.01,Self
outcome_eta0.01,15,60,1,1,92.25000000000016,30.0,37.99999999999983,1.875777209629828,0.01,Self
outcome_eta0.01,15,70,1,1,91.75000000000018,35.0,35.9999999999998,2.0154412088897775,0.01,Self
outcome_eta0.01,15,80,1,1,91.25000000000021,40.0,33.99999999999977,2.15510550844116,0.01,Self
outcome_eta0.01,15,90,1,1,90.75000000000024,45.0,31.999999999999748,2.294769854407069,0.01,Self
outcome_eta0.01,15,100,1,1,90.25000000000027,50.0,29.999999999999755,2.434434207547036,0.01,Self
outcome_eta0.01,15,110,1,1,89.7500000000003,55.0,27.999999999999762,2.5740985617958607,0.01,Self
outcome_eta0.01,15,120,1,1,89.25000000000033,60.0,25.99999999999977,2.7137629162160763,0.01,Self
outcome_eta0.01,15,130,1,1,88.75000000000036,65.0,23.999999999999776,2.8534272706627823,0.01,Self
outcome_eta0.01,15,140,1,1,88.25000000000038,70.0,21.999999999999783,2.9930916251135833,0.01,Self
outcome_eta0.01,15,150,1,1,87.75000000000041,75.0,19.99999999999979,3.132755979565017,0.01,Self
outcome_eta0.01,15,160,1,1,87.25000000000044,80.0,17.999999999999797,3.272420334016549,0.01,Self
outcome_eta0.01,15,170,1,1,86.75000000000047,85.0,15.999999999999805,3.412084688468095,0.01,Self
outcome_eta0.01,15,180,1,1,86.2500000000005,90.0,13.999999999999812,3.5517490429196443,0.01,Self
outcome_eta0.01,15,190,1,1,85.75000000000053,95.0,11.999999999999819,3.691413397371194,0.01,Self
outcome_eta0.01,15,200,1,0,85.25000000000055,100.0,9.999999999999826,2.4094758847261604,0.01,Self
outcome_eta0.01,15,210,1,0,84.75000000000058,100.0,9.999999999999826,1.6430068057837,0.01,Self
outcome_eta0.01,15,220,1,0,88.4500000000006,100.0,9.999999999999826,1.5541038381604468,0.01,Forage
outcome_eta0.01,15,230,1,0,93.10000000000062,100.0,9.999999999999826,1.5324164783888383,0.01,Forage
outcome_eta0.01,15,240,1,0,92.60000000000065,100.0,9.999999999999826,1.5005280677725141,0.01,Forage
outcome_eta0.01,15,250,1,0,92.10000000000068,100.0,9.999999999999826,1.5000816207628531,0.01,Forage
outcome_eta0.01,15,260,1,0,94.6500000000007,100.0,9.999999999999826,1.5000126157082017,0.01,Forage
outcome_eta0.01,15,270,1,0,94.15000000000073,100.0,9.999999999999826,1.500001949946164,0.01,Forage
outcome_eta0.01,15,280,1,0,93.65000000000076,100.0,9.999999999999826,1.5000003013933092,0.01,Forage
outcome_eta0.01,15,290,1,0,93.15000000000079,100.0,9.999999999999826,1.5000000465848382,0.01,Forage
outcome_eta0.01,15,300,1,0,92.65000000000082,100.0,9.999999999999826,1.5000000072003825,0.01,Forage
outcome_eta0.01,15,310,1,0,90.45000000000083,100.0,9.999999999999826,1.5260000011129269,0.01,Forage
outcome_eta0.01,15,320,1,0,89.95000000000086,100.0,9.999999999999826,1.5000000001720193,0.01,Forage
outcome_eta0.01,15,330,1,0,89.45000000000088,100.0,9.999999999999826,1.500000000026588,0.01,Forage
outcome_eta0.01,15,340,1,0,88.95000000000091,100.0,9.999999999999826,1.5000000000041096,0.01,Forage
outcome_eta0.01,15,350,1,0,88.45000000000094,100.0,9.999999999999826,1.500000000000635,0.01,Forage
outcome_eta0.01,15,360,1,0,91.95000000000097,100.0,9.999999999999826,1.5000000000000981,0.01,Forage
outcome_eta0.01,15,370,1,0,91.450000000001,100.0,9.999999999999826,1.500000000000015,0.01,Forage
outcome_eta0.01,15,380,1,0,90.95000000000103,100.0,9.999999999999826,1.5000000000000022,0.01,Forage
outcome_eta0.01,15,390,1,0,90.45000000000105,100.0,9.999999999999826,1.5000000000000004,0.01,Forage
outcome_eta0.01,15,400,1,0,89.95000000000108,100.0,9.999999999999826,1.5,0.01,Forage
outcome_eta0.01,15,410,1,0,88.7000000000011,100.0,9.999999999999826,1.5110000000000001,0.01,Forage
outcome_eta0.01,15,420,1,0,88.20000000000113,100.0,9.999999999999826,1.5,0.01,Forage
outcome_eta0.01,15,430,1,0,87.70000000000115,100.0,9.999999999999826,1.5,0.01,Forage
outcome_eta0.01,15,440,1,0,87.20000000000118,100.0,9.999999999999826,1.5,0.01,Forage
outcome_eta0.01,15,450,1,0,86.70000000000121,100.0,9.999999999999826,1.5,0.01,Forage
outcome_eta0.01,15,460,1,0,90.20000000000124,100.0,9.999999999999826,1.5,0.01,Forage
outcome_eta0.01,15,470,1,0,89.70000000000127,100.0,9.999999999999826,1.5,0.01,Forage
outcome_eta0.01,15,480,1,0,89.2000000000013,100.0,9.999999999999826,1.5,0.01,Forage
outcome_eta0.01,15,490,1,0,88.70000000000132,100.0,9.999999999999826,1.5,0.01,Forage
outcome_eta0.01,15,500,1,0,88.20000000000135,100.0,9.999999999999826,1.5,0.01,Forage
outcome_eta0.01,15,510,1,0,87.90000000000137,100.0,9.999999999999826,1.5,0.01,Forage
outcome_eta0.01,15,520,1,0,87.4000000000014,100.0,9.999999999999826,1.5,0.01,Forage
outcome_eta0.01,15,530,1,0,86.90000000000143,100.0,9.999999999999826,1.5,0.01,Forage
outcome_eta0.01,15,540,1,0,86.40000000000146,100.0,9.999999999999826,1.5,0.01,Forage
outcome_eta0.01,15,550,1,0,85.90000000000148,100.0,9.999999999999826,1.5,0.01,Forage
outcome_eta0.01,15,560,1,0,88.45000000000151,100.0,9.999999999999826,1.5,0.01,Forage
outcome_eta0.01,15,570,1,0,87.95000000000154,100.0,9.999999999999826,1.5,0.01,Forage
outcome_eta0.01,15,580,1,0,87.45000000000157,100.0,9.999999999999826,1.5,0.01,Forage
outcome_eta0.01,15,590,1,0,86.9500000000016,100.0,9.999999999999826,1.5,0.01,Forage
outcome_eta0.01,15,600,1,0,86.45000000000162,100.0,9.999999999999826,1.5,0.01,Forage
outcome_eta0.01,15,610,1,0,88.05000000000165,100.0,9.999999999999826,1.5,0.01,Forage
outcome_eta0.01,15,620,1,0,87.55000000000167,100.0,9.999999999999826,1.5,0.01,Forage
outcome_eta0.01,15,630,1,0,87.0500000000017,100.0,9.999999999999826,1.5,0.01,Forage
outcome_eta0.01,15,640,1,0,86.55000000000173,100.0,9.999999999999826,1.5,0.01,Forage
outcome_eta0.01,15,650,1,0,86.05000000000176,100.0,9.999999999999826,1.5,0.01,Forage
outcome_eta0.01,15,660,1,0,77.00000000000176,100.0,9.999999999999826,1.5771484537014486,0.01,Forage
outcome_eta0.01,15,670,1,0,81.4500000000018,100.0,9.999999999999826,1.5052205176507378,0.01,Forage
outcome_eta0.01,15,680,1,0,80.95000000000182,100.0,9.999999999999826,1.500807652244391,0.01,Forage
outcome_eta0.01,15,690,1,0,80.45000000000185,100.0,9.999999999999826,1.5001248347684661,0.01,Forage
outcome_eta0.01,15,700,1,0,79.95000000000188,100.0,9.999999999999826,1.5005192950783117,0.01,Forage
outcome_eta0.01,15,710,1,0,79.6500000000019,100.0,9.999999999999826,1.5388273021596028,0.01,Forage
outcome_eta0.01,15,720,1,0,79.15000000000192,100.0,9.999999999999826,1.5248395011065305,0.01,Forage
outcome_eta0.01,15,730,1,0,78.65000000000195,100.0,9.999999999999826,1.5390429356943998,0.01,Forage
outcome_eta0.01,15,740,1,0,78.15000000000198,100.0,9.999999999999826,1.5577594871424922,0.01,Forage
outcome_eta0.01,15,750,1,0,77.65000000000201,100.0,9.999999999999826,1.5764099909954492,0.01,Self
outcome_eta0.01,15,760,1,0,77.15000000000204,100.0,9.999999999999826,1.6183718209084952,0.01,Self
outcome_eta0.01,15,770,1,0,76.65000000000207,100.0,9.999999999999826,1.6547693886690271,0.01,Self
outcome_eta0.01,15,780,1,0,76.1500000000021,100.0,9.999999999999826,1.6957752652153437,0.01,Self
outcome_eta0.01,15,790,1,0,75.65000000000212,100.0,9.999999999999826,1.7364735616402238,0.01,Self
outcome_eta0.01,15,800,1,0,75.15000000000215,100.0,9.999999999999826,1.772197180895328,0.01,Self
outcome_eta0.01,15,810,1,0,74.65000000000218,100.0,9.999999999999826,1.8058780346280452,0.01,Self
outcome_eta0.01,15,820,1,0,74.15000000000221,100.0,9.999999999999826,1.8387200618727224,0.01,Self
outcome_eta0.01,15,830,1,0,73.65000000000224,100.0,9.999999999999826,1.8712176394635727,0.01,Self
outcome_eta0.01,15,840,1,0,73.15000000000227,100.0,9.999999999999826,1.9035737747350474,0.01,Self
outcome_eta0.01,15,850,1,0,72.6500000000023,100.0,9.999999999999826,1.9358718291535209,0.01,Self
outcome_eta0.01,15,860,1,0,72.15000000000232,100.0,9.999999999999826,1.9681460336697851,0.01,Self
outcome_eta0.01,15,870,1,0,71.65000000000235,100.0,9.999999999999826,2.0004104446343707,0.01,Self
outcome_eta0.01,15,880,1,0,71.15000000000238,100.0,9.999999999999826,2.032670834045592,0.01,Self
outcome_eta0.01,15,890,1,0,70.65000000000241,100.0,9.999999999999826,2.0649295720751697,0.01,Self
outcome_eta0.01,15,900,1,0,70.15000000000244,100.0,9.999999999999826,2.0971876319933105,0.01,Self
outcome_eta0.01,15,910,1,0,69.65000000000246,100.0,9.999999999999826,2.1294454134566654,0.01,Self
outcome_eta0.01,15,920,1,0,69.15000000000249,100.0,9.999999999999826,2.1617030805773574,0.01,Self
outcome_eta0.01,15,930,1,0,68.65000000000252,100.0,9.999999999999826,2.1939607007452038,0.01,Self
outcome_eta0.01,15,940,1,0,68.15000000000255,100.0,9.999999999999826,2.2262183016326724,0.01,Self
outcome_eta0.01,15,950,1,0,67.65000000000258,100.0,9.999999999999826,2.258475894602986,0.01,Self
outcome_eta0.01,15,960,1,0,67.1500000000026,100.0,9.999999999999826,2.290733484322256,0.01,Self
outcome_eta0.01,15,970,1,0,66.65000000000263,100.0,9.999999999999826,2.3229910727065413,0.01,Self
outcome_eta0.01,15,980,1,0,66.15000000000266,100.0,9.999999999999826,2.355248660542638,0.01,Self
outcome_eta0.01,15,990,1,0,65.65000000000269,100.0,9.999999999999826,2.38750624815363,0.01,Self
outcome_eta0.01,15,1000,1,0,65.15000000000272,100.0,9.999999999999826,2.419763835672187,0.01,Self
outcome_eta0.01,16,1,1,1,99.95,0.5,49.8,0.26942158784993125,0.01,Forage
outcome_eta0.01,16,10,1,1,99.50000000000003,5.0,47.99999999999997,0.43721725136695466,0.01,Forage
outcome_eta0.01,16,20,1,1,99.00000000000006,10.0,45.99999999999994,0.7357053314923958,0.01,Forage
outcome_eta0.01,16,30,1,1,98.50000000000009,15.0,43.999999999999915,1.1419227390750348,0.01,Forage
outcome_eta0.01,16,40,1,1,98.00000000000011,20.0,41.999999999999886,1.6555022816538079,0.01,Forage
outcome_eta0.01,16,50,1,1,97.50000000000014,25.0,39.99999999999986,1.9076680707650913,0.01,Forage
outcome_eta0.01,16,60,1,1,89.35000000000015,30.0,37.99999999999983,2.086231972625776,0.01,Forage
outcome_eta0.01,16,70,1,1,87.85000000000018,15.0,35.9999999999998,2.141857033428519,0.01,Forage
outcome_eta0.01,16,80,1,1,87.35000000000021,20.0,33.99999999999977,2.260508127446723,0.01,Forage
outcome_eta0.01,16,90,1,1,86.85000000000024,25.0,31.999999999999748,2.3939029395677127,0.01,Forage
outcome_eta0.01,16,100,1,1,86.35000000000026,30.0,29.999999999999755,2.527757272902638,0.01,Forage
outcome_eta0.01,16,110,1,1,78.20000000000027,35.0,27.999999999999762,2.512976075268809,0.01,Forage
outcome_eta0.01,16,120,1,1,71.95000000000029,20.0,25.99999999999977,2.7450329338915047,0.01,Forage
outcome_eta0.01,16,130,1,1,71.45000000000032,25.0,23.999999999999776,2.7811030540788555,0.01,Forage
outcome_eta0.01,16,140,1,1,70.95000000000034,30.0,21.999999999999783,2.948439052236435,0.01,Forage
outcome_eta0.01,16,150,1,1,70.45000000000037,35.0,19.99999999999979,3.1256175809734126,0.01,Forage
outcome_eta0.01,16,160,1,1,62.300000000000374,40.0,17.999999999999797,3.363412126427502,0.01,Forage
outcome_eta0.01,16,170,1,1,56.05000000000038,25.0,15.999999999999805,3.519720067860992,0.01,Forage
outcome_eta0.01,16,180,1,1,55.55000000000041,30.0,13.999999999999812,3.5103756982262384,0.01,Forage
outcome_eta0.01,16,190,1,1,55.05000000000044,35.0,11.999999999999819,3.7159997295987477,0.01,Forage
outcome_eta0.01,16,200,1,1,54.550000000000466,40.0,9.999999999999826,3.905239758156994,0.01,Forage
outcome_eta0.01,16,210,1,1,50.150000000000475,25.0,7.999999999999832,3.866260261294155,0.01,Forage
outcome_eta0.01,16,220,1,1,49.6500000000005,30.0,5.99999999999983,3.9462526063633474,0.01,Forage
outcome_eta0.01,16,230,1,1,49.15000000000053,35.0,3.9999999999998286,4.078499999999998,0.01,Forage
outcome_eta0.01,16,240,1,1,48.65000000000056,40.0,1.999999999999827,4.173499999999997,0.01,Forage
outcome_eta0.01,16,250,1,0,48.15000000000059,45.0,0.0,2.751522585436986,0.01,Forage
outcome_eta0.01,16,260,1,0,45.95000000000059,45.0,0.0,2.2035304790025045,0.01,Forage
outcome_eta0.01,16,270,1,0,45.45000000000062,45.0,0.0,2.0726182680893626,0.01,Forage
outcome_eta0.01,16,280,1,0,44.95000000000065,45.0,0.0,2.0750627700123,0.01,Forage
outcome_eta0.01,16,290,1,0,44.45000000000068,45.0,0.0,2.0831572265144342,0.01,Forage
outcome_eta0.01,16,300,1,0,43.950000000000706,45.0,0.0,2.091388920018743,0.01,Forage
outcome_eta0.01,16,310,1,0,40.80000000000071,45.0,0.0,2.1832001680041664,0.01,Forage
outcome_eta0.01,16,320,1,0,40.300000000000736,45.0,0.0,2.1435149640372684,0.01,Forage
outcome_eta0.01,16,330,1,0,39.800000000000765,45.0,0.0,2.157567385104304,0.01,Forage
outcome_eta0.01,16,340,1,0,39.30000000000079,45.0,0.0,2.167760245523776,0.01,Forage
outcome_eta0.01,16,350,1,0,38.80000000000082,45.0,0.0,2.176211816390789,0.01,Forage
outcome_eta0.01,16,360,1,0,42.30000000000084,45.0,0.0,2.128649599125996,0.01,Forage
outcome_eta0.01,16,370,1,0,41.80000000000087,45.0,0.0,2.127920007520491,0.01,Forage
outcome_eta0.01,16,380,1,0,41.3000000000009,45.0,0.0,2.1351562503029795,0.01,Forage
outcome_eta0.01,16,390,1,0,40.80000000000093,45.0,0.0,2.143295355609314,0.01,Forage
outcome_eta0.01,16,400,1,0,40.300000000000956,45.0,0.0,2.1515234277229585,0.01,Forage
outcome_eta0.01,16,410,1,0,41.90000000000097,45.0,0.0,2.1342313116367144,0.01,Forage
outcome_eta0.01,16,420,1,0,41.400000000001,45.0,0.0,2.1340546751250367,0.01,Forage
outcome_eta0.01,16,430,1,0,40.90000000000103,45.0,0.0,2.1416959143582024,0.01,Forage
outcome_eta0.01,16,440,1,0,40.40000000000106,45.0,0.0,2.14988043602499,0.01,Forage
outcome_eta0.01,16,450,1,0,39.900000000001086,45.0,0.0,2.158112975571395,0.01,Forage
outcome_eta0.01,16,460,1,0,40.5500000000011,45.0,0.0,2.156981527310299,0.01,Forage
outcome_eta0.01,16,470,1,0,40.05000000000113,45.0,0.0,2.154907197713487,0.01,Forage
outcome_eta0.01,16,480,1,0,39.550000000001155,45.0,0.0,2.1637678467451438,0.01,Forage
outcome_eta0.01,16,490,1,0,39.050000000001184,45.0,0.0,2.1721048773639215,0.01,Forage
outcome_eta0.01,16,500,1,0,38.55000000000121,45.0,0.0,2.180352675020648,0.01,Forage
outcome_eta0.01,16,510,1,0,38.25000000000122,45.0,0.0,2.1949560225884994,0.01,Forage
outcome_eta0.01,16,520,1,0,37.75000000000125,45.0,0.0,2.1923592619118955,0.01,Forage
outcome_eta0.01,16,530,1,0,37.25000000000128,45.0,0.0,2.2015945023521266,0.01,Forage
outcome_eta0.01,16,540,1,0,36.75000000000131,45.0,0.0,2.209990747757402,0.01,Forage
outcome_eta0.01,16,550,1,0,36.250000000001336,45.0,0.0,2.2182446500197788,0.01,Forage
outcome_eta0.01,16,560,1,0,34.05000000000134,45.0,0.0,2.285557893379668,0.01,Forage
outcome_eta0.01,16,570,1,0,33.55000000000137,45.0,0.0,2.2569387268332313,0.01,Forage
outcome_eta0.01,16,580,1,0,33.0500000000014,45.0,0.0,2.2699527276399474,0.01,Forage
outcome_eta0.01,16,590,1,0,32.550000000001425,45.0,0.0,2.2790984558650207,0.01,Forage
outcome_eta0.01,16,600,1,0,32.050000000001454,45.0,0.0,2.287431379634521,0.01,Forage
outcome_eta0.01,16,610,1,0,29.850000000001454,45.0,0.0,2.3547523142989326,0.01,Forage
outcome_eta0.01,16,620,1,0,29.350000000001447,45.0,0.0,2.3254240776296173,0.01,Forage
outcome_eta0.01,16,630,1,0,28.85000000000144,45.0,0.0,2.339036274549642,0.01,Forage
outcome_eta0.01,16,640,1,0,28.350000000001433,45.0,0.0,2.3482821840136467,0.01,Forage
outcome_eta0.01,16,650,1,0,27.850000000001426,45.0,0.0,2.3566255005615453,0.01,Forage
outcome_eta0.01,16,660,1,0,28.50000000000142,45.0,0.0,2.3550328212936416,0.01,Forage
outcome_eta0.01,16,670,1,0,28.000000000001414,45.0,0.0,2.352754775801955,0.01,Forage
outcome_eta0.01,16,680,1,0,27.500000000001407,45.0,0.0,2.3622128773873583,0.01,Forage
outcome_eta0.01,16,690,1,0,27.0000000000014,45.0,0.0,2.370621438760989,0.01,Forage
outcome_eta0.01,16,700,1,0,26.500000000001393,45.0,0.0,2.378876346337809,0.01,Forage
outcome_eta0.01,16,710,1,0,29.050000000001386,45.0,0.0,2.3445061799775084,0.01,Forage
outcome_eta0.01,16,720,1,0,28.55000000000138,45.0,0.0,2.3455785047184774,0.01,Forage
outcome_eta0.01,16,730,1,0,28.050000000001372,45.0,0.0,2.353382287839942,0.01,Forage
outcome_eta0.01,16,740,1,0,27.550000000001365,45.0,0.0,2.361583164027196,0.01,Forage
outcome_eta0.01,16,750,1,0,27.050000000001358,45.0,0.0,2.369817281839259,0.01,Forage
outcome_eta0.01,16,760,1,0,26.750000000001354,45.0,0.0,2.3842237060576643,0.01,Forage
outcome_eta0.01,16,770,1,0,26.250000000001346,45.0,0.0,2.38104624057246,0.01,Forage
outcome_eta0.01,16,780,1,0,25.75000000000134,45.0,0.0,2.3909626072130674,0.01,Forage
outcome_eta0.01,16,790,1,0,25.250000000001332,45.0,0.0,2.399444415967694,0.01,Forage
outcome_eta0.01,16,800,1,0,24.750000000001325,45.0,0.0,2.4077068841015103,0.01,Forage
outcome_eta0.01,16,810,1,0,24.45000000000132,45.0,0.0,2.4220769273203784,0.01,Forage
outcome_eta0.01,16,820,1,0,23.950000000001314,45.0,0.0,2.418783610240605,0.01,Forage
outcome_eta0.01,16,830,1,0,23.450000000001307,45.0,0.0,2.4288362257980993,0.01,Forage
outcome_eta0.01,16,840,1,0,22.9500000000013,45.0,0.0,2.4373351493836504,0.01,Forage
outcome_eta0.01,16,850,1,0,22.450000000001292,45.0,0.0,2.4455993308962922,0.01,Forage
outcome_eta0.01,16,860,1,0,24.050000000001287,45.0,0.0,2.427273787880603,0.01,Forage
outcome_eta0.01,16,870,1,0,23.55000000000128,45.0,0.0,2.4277737781600304,0.01,Forage
outcome_eta0.01,16,880,1,0,23.050000000001273,45.0,0.0,2.4357362193599315,0.01,Forage
outcome_eta0.01,16,890,1,0,22.550000000001265,45.0,0.0,2.443956326437063,0.01,Forage
outcome_eta0.01,16,900,1,0,22.05000000000126,45.0,0.0,2.4521923593211614,0.01,Forage
outcome_eta0.01,16,910,1,0,22.700000000001253,45.0,0.0,2.450362040987565,0.01,Forage
outcome_eta0.01,16,920,1,0,22.200000000001246,45.0,0.0,2.447984450157955,0.01,Forage
outcome_eta0.01,16,930,1,0,21.70000000000124,45.0,0.0,2.4577299999850144,0.01,Forage
outcome_eta0.01,16,940,1,0,21.200000000001232,45.0,0.0,2.4661729798637957,0.01,Forage
outcome_eta0.01,16,950,1,0,20.700000000001225,45.0,0.0,2.474431308577884,0.01,Forage
outcome_eta0.01,16,960,1,0,19.450000000001225,45.0,0.0,2.5143105450730916,0.01,Forage
outcome_eta0.01,16,970,1,0,18.950000000001218,45.0,0.0,2.49595454385486,0.01,Forage
outcome_eta0.01,16,980,1,0,18.45000000000121,45.0,0.0,2.5103906952663317,0.01,Forage
outcome_eta0.01,16,990,1,0,17.950000000001204,45.0,0.0,2.5196258329217454,0.01,Forage
outcome_eta0.01,16,1000,1,0,17.450000000001197,45.0,0.0,2.52796641191029,0.01,Forage
outcome_eta0.01,17,1,1,1,99.0,0.5,49.8,0.09129250093894946,0.01,Care
outcome_eta0.01,17,10,1,1,96.30000000000004,5.0,50.0,0.5777743240812242,0.01,Care
outcome_eta0.01,17,20,1,1,95.3000000000001,10.0,50.0,0.6402933791438061,0.01,Care
outcome_eta0.01,17,30,1,1,94.30000000000015,15.0,50.0,0.7030383533534484,0.01,Care
outcome_eta0.01,17,40,1,1,93.30000000000021,20.0,50.0,0.765843253082301,0.01,Care
outcome_eta0.01,17,50,1,1,92.30000000000027,25.0,50.0,0.828664112346672,0.01,Care
outcome_eta0.01,17,60,1,1,91.30000000000032,30.0,50.0,0.8914892220002024,0.01,Care
outcome_eta0.01,17,70,1,1,90.30000000000038,35.0,50.0,0.954315463629534,0.01,Care
outcome_eta0.01,17,80,1,1,89.30000000000044,40.0,50.0,1.0171420067298995,0.01,Care
outcome_eta0.01,17,90,1,1,88.3000000000005,45.0,50.0,1.0799686301188933,0.01,Care
outcome_eta0.01,17,100,1,1,87.30000000000055,50.0,50.0,1.1427952748905845,0.01,Care
outcome_eta0.01,17,110,1,1,86.30000000000061,55.0,50.0,1.2056219253569764,0.01,Care
outcome_eta0.01,17,120,1,1,85.30000000000067,60.0,50.0,1.2684485773399974,0.01,Care
outcome_eta0.01,17,130,1,1,84.30000000000072,65.0,50.0,1.331275229726932,0.01,Care
outcome_eta0.01,17,140,1,1,83.30000000000078,70.0,50.0,1.394101882221437,0.01,Care
outcome_eta0.01,17,150,1,1,82.30000000000084,75.0,50.0,1.4569285347445913,0.01,Care
outcome_eta0.01,17,160,1,1,81.30000000000089,80.0,50.0,1.5197551872753754,0.01,Care
outcome_eta0.01,17,170,1,1,80.30000000000095,85.0,50.0,1.5825818398081912,0.01,Care
outcome_eta0.01,17,180,1,1,79.300000000001,90.0,50.0,1.6529844465258723,0.01,Care
outcome_eta0.01,17,190,1,1,78.30000000000106,95.0,50.0,1.7287114433856976,0.01,Care
outcome_eta0.01,17,200,1,0,76.40000000000111,100.0,49.8,1.7957082719846538,0.01,Forage
outcome_eta0.01,17,210,1,0,78.20000000000113,100.0,49.8,1.7921105282205492,0.01,Forage
outcome_eta0.01,17,220,1,0,84.75000000000115,100.0,49.8,1.7334477295247122,0.01,Forage
outcome_eta0.01,17,230,1,0,84.25000000000118,100.0,49.8,1.626795323416183,0.01,Forage
outcome_eta0.01,17,240,1,0,83.75000000000121,100.0,49.8,1.5251112607279649,0.01,Forage
outcome_eta0.01,17,250,1,0,83.25000000000124,100.0,49.8,1.5000020562839655,0.01,Forage
outcome_eta0.01,17,260,1,0,83.90000000000126,100.0,49.8,1.5001986328786017,0.01,Forage
outcome_eta0.01,17,270,1,0,83.40000000000128,100.0,49.8,1.5000031174411987,0.01,Forage
outcome_eta0.01,17,280,1,0,82.90000000000131,100.0,49.8,1.5000000474572408,0.01,Forage
outcome_eta0.01,17,290,1,0,82.40000000000134,100.0,49.8,1.500000000722447,0.01,Forage
outcome_eta0.01,17,300,1,0,81.90000000000137,100.0,49.8,1.5000000000109979,0.01,Forage
outcome_eta0.01,17,310,1,0,79.70000000000138,100.0,49.8,1.5356226859094164,0.01,Forage
outcome_eta0.01,17,320,1,0,79.20000000000141,100.0,49.8,1.509537191812246,0.01,Forage
outcome_eta0.01,17,330,1,0,78.70000000000144,100.0,49.8,1.5158063308954373,0.01,Forage
outcome_eta0.01,17,340,1,0,78.20000000000147,100.0,49.8,1.5228521081895683,0.01,Forage
outcome_eta0.01,17,350,1,0,77.7000000000015,100.0,49.8,1.5306469191760228,0.01,Forage
outcome_eta0.01,17,360,1,0,78.35000000000151,100.0,49.8,1.5287993227359344,0.01,Forage
outcome_eta0.01,17,370,1,0,77.85000000000154,100.0,49.8,1.5328551490865707,0.01,Forage
outcome_eta0.01,17,380,1,0,77.35000000000157,100.0,49.8,1.5400613009601707,0.01,Forage
outcome_eta0.01,17,390,1,0,76.8500000000016,100.0,49.8,1.549046198659383,0.01,Forage
outcome_eta0.01,17,400,1,0,76.35000000000163,100.0,49.8,1.5584623054092324,0.01,Forage
outcome_eta0.01,17,410,1,0,79.85000000000166,100.0,49.8,1.5167803070528436,0.01,Forage
outcome_eta0.01,17,420,1,0,79.35000000000169,100.0,49.8,1.5157970585667897,0.01,Forage
outcome_eta0.01,17,430,1,0,78.85000000000171,100.0,49.8,1.5195850100797579,0.01,Forage
outcome_eta0.01,17,440,1,0,78.35000000000174,100.0,49.8,1.5258509481988565,0.01,Forage
outcome_eta0.01,17,450,1,0,77.85000000000177,100.0,49.8,1.5334239564258736,0.01,Forage
outcome_eta0.01,17,460,1,0,80.4000000000018,100.0,49.8,1.5098920593691525,0.01,Forage
outcome_eta0.01,17,470,1,0,79.90000000000182,100.0,49.8,1.5047704868870955,0.01,Forage
outcome_eta0.01,17,480,1,0,79.40000000000185,100.0,49.8,1.508993164087195,0.01,Forage
outcome_eta0.01,17,490,1,0,78.90000000000188,100.0,49.8,1.5155693520771125,0.01,Forage
outcome_eta0.01,17,500,1,0,78.40000000000191,100.0,49.8,1.5233060087355446,0.01,Forage
outcome_eta0.01,17,510,1,0,78.10000000000193,100.0,49.8,1.5350738886843986,0.01,Forage
outcome_eta0.01,17,520,1,0,77.60000000000196,100.0,49.8,1.5395935850079607,0.01,Forage
outcome_eta0.01,17,530,1,0,77.10000000000198,100.0,49.8,1.5470746470577879,0.01,Forage
outcome_eta0.01,17,540,1,0,76.60000000000201,100.0,49.8,1.5552886201645502,0.01,Forage
outcome_eta0.01,17,550,1,0,76.10000000000204,100.0,49.8,1.5638891635520944,0.01,Forage
outcome_eta0.01,17,560,1,0,76.75000000000206,100.0,49.8,1.5624070392940428,0.01,Forage
outcome_eta0.01,17,570,1,0,76.25000000000209,100.0,49.8,1.5650694524334006,0.01,Forage
outcome_eta0.01,17,580,1,0,75.75000000000212,100.0,49.8,1.5720358030767785,0.01,Forage
outcome_eta0.01,17,590,1,0,75.25000000000215,100.0,49.8,1.5799782697629214,0.01,Forage
outcome_eta0.01,17,600,1,0,74.75000000000217,100.0,49.8,1.5884356009416116,0.01,Forage
outcome_eta0.01,17,610,1,0,72.55000000000219,100.0,49.8,1.651059081191545,0.01,Forage
outcome_eta0.01,17,620,1,0,72.05000000000221,100.0,49.8,1.6302726187113996,0.01,Forage
outcome_eta0.01,17,630,1,0,71.55000000000224,100.0,49.8,1.642262795199841,0.01,Forage
outcome_eta0.01,17,640,1,0,71.05000000000227,100.0,49.8,1.6528714240727127,0.01,Forage
outcome_eta0.01,17,650,1,0,70.5500000000023,100.0,49.8,1.6627350828761536,0.01,Forage
outcome_eta0.01,17,660,1,0,72.15000000000232,100.0,49.8,1.646517909678106,0.01,Forage
outcome_eta0.01,17,670,1,0,71.65000000000235,100.0,49.8,1.6495530936424587,0.01,Forage
outcome_eta0.01,17,680,1,0,71.15000000000238,100.0,49.8,1.6558632772314439,0.01,Forage
outcome_eta0.01,17,690,1,0,70.65000000000241,100.0,49.8,1.6634596241052313,0.01,Forage
outcome_eta0.01,17,700,1,0,70.15000000000244,100.0,49.8,1.6717343865522447,0.01,Forage
outcome_eta0.01,17,710,1,0,72.70000000000246,100.0,49.8,1.640611541051312,0.01,Forage
outcome_eta0.01,17,720,1,0,72.20000000000249,100.0,49.8,1.6420685115965257,0.01,Forage
outcome_eta0.01,17,730,1,0,71.70000000000252,100.0,49.8,1.6472206782181031,0.01,Forage
outcome_eta0.01,17,740,1,0,71.20000000000255,100.0,49.8,1.6542062025489415,0.01,Forage
outcome_eta0.01,17,750,1,0,70.70000000000258,100.0,49.8,1.6621587728157903,0.01,Forage
outcome_eta0.01,17,760,1,0,69.45000000000259,100.0,49.8,1.6974239866473346,0.01,Forage
outcome_eta0.01,17,770,1,0,68.95000000000262,100.0,49.8,1.6861218140086227,0.01,Forage
outcome_eta0.01,17,780,1,0,68.45000000000265,100.0,49.8,1.6981925851450779,0.01,Forage
outcome_eta0.01,17,790,1,0,67.95000000000267,100.0,49.8,1.708833821354879,0.01,Forage
outcome_eta0.01,17,800,1,0,67.4500000000027,100.0,49.8,1.7187146796281136,0.01,Forage
outcome_eta0.01,17,810,1,0,66.20000000000272,100.0,49.8,1.754883498637209,0.01,Forage
outcome_eta0.01,17,820,1,0,65.70000000000275,100.0,49.8,1.741673018743695,0.01,Forage
outcome_eta0.01,17,830,1,0,65.20000000000277,100.0,49.8,1.7552336845258192,0.01,Forage
outcome_eta0.01,17,840,1,0,64.7000000000028,100.0,49.8,1.766662773139332,0.01,Forage
outcome_eta0.01,17,850,1,0,64.20000000000283,100.0,49.8,1.7769592020026599,0.01,Forage
outcome_eta0.01,17,860,1,0,65.80000000000284,100.0,49.8,1.7588285392483838,0.01,Forage
outcome_eta0.01,17,870,1,0,65.30000000000287,100.0,49.8,1.7627022703046482,0.01,Forage
outcome_eta0.01,17,880,1,0,64.8000000000029,100.0,49.8,1.7697486677358654,0.01,Forage
outcome_eta0.01,17,890,1,0,64.30000000000292,100.0,49.8,1.7777333475173371,0.01,Forage
outcome_eta0.01,17,900,1,0,63.80000000000295,100.0,49.8,1.7862129449489155,0.01,Forage
outcome_eta0.01,17,910,1,0,63.50000000000296,100.0,49.8,1.7966171893579448,0.01,Forage
outcome_eta0.01,17,920,1,0,63.00000000000299,100.0,49.8,1.7961319046955282,0.01,Forage
outcome_eta0.01,17,930,1,0,62.50000000000302,100.0,49.8,1.807014044806575,0.01,Forage
outcome_eta0.01,17,940,1,0,62.00000000000305,100.0,49.8,1.81702214195741,0.01,Forage
outcome_eta0.01,17,950,1,0,61.50000000000308,100.0,49.8,1.8265690366936305,0.01,Forage
outcome_eta0.01,17,960,1,0,59.30000000000308,100.0,49.8,1.889767231911243,0.01,Forage
outcome_eta0.01,17,970,1,0,58.80000000000311,100.0,49.8,1.8576744056444672,0.01,Forage
outcome_eta0.01,17,980,1,0,58.30000000000314,100.0,49.8,1.8752764333787593,0.01,Forage
outcome_eta0.01,17,990,1,0,57.800000000003166,100.0,49.8,1.8888790216144864,0.01,Forage
outcome_eta0.01,17,1000,1,0,57.300000000003195,100.0,49.8,1.9003219120998747,0.01,Forage
outcome_eta0.01,18,1,1,1,99.95,0.5,49.8,0.07183115561786425,0.01,Forage
outcome_eta0.01,18,10,1,1,99.50000000000003,5.0,47.99999999999997,0.3712845950582527,0.01,Forage
outcome_eta0.01,18,20,1,1,99.00000000000006,10.0,45.99999999999994,1.0253619504529496,0.01,Forage
outcome_eta0.01,18,30,1,1,98.50000000000009,15.0,43.999999999999915,1.49063786372716,0.01,Forage
outcome_eta0.01,18,40,1,1,98.00000000000011,20.0,41.999999999999886,1.6400792092165697,0.01,Forage
outcome_eta0.01,18,50,1,1,97.50000000000014,25.0,39.99999999999986,1.789520692468167,0.01,Forage
outcome_eta0.01,18,60,1,1,89.35000000000015,30.0,37.99999999999983,2.2065569780764487,0.01,Forage
outcome_eta0.01,18,70,1,1,87.4500000000002,15.0,43.9999999999998,2.116241431961154,0.01,Care
outcome_eta0.01,18,80,1,1,86.45000000000026,20.0,50.0,1.4734886363368511,0.01,Care
outcome_eta0.01,18,90,1,1,85.45000000000032,25.0,50.0,0.8511081900944701,0.01,Care
outcome_eta0.01,18,100,1,1,84.45000000000037,30.0,50.0,0.9142645705864547,0.01,Care
outcome_eta0.01,18,110,1,1,83.45000000000043,35.0,50.0,0.9782789033459014,0.01,Care
outcome_eta0.01,18,120,1,1,82.45000000000049,40.0,50.0,1.0423107266124987,0.01,Care
outcome_eta0.01,18,130,1,1,81.45000000000054,45.0,50.0,1.1063429064373855,0.01,Care
outcome_eta0.01,18,140,1,1,80.4500000000006,50.0,50.0,1.1703750935310044,0.01,Care
outcome_eta0.01,18,150,1,1,79.45000000000066,55.0,50.0,1.2412363990127044,0.01,Care
outcome_eta0.01,18,160,1,1,78.45000000000071,60.0,50.0,1.322921094691238,0.01,Care
outcome_eta0.01,18,170,1,1,77.45000000000077,65.0,50.0,1.4051701309262916,0.01,Care
outcome_eta0.01,18,180,1,1,76.45000000000083,70.0,50.0,1.4874307354383305,0.01,Care
outcome_eta0.01,18,190,1,1,75.45000000000088,75.0,50.0,1.569691575780207,0.01,Care
outcome_eta0.01,18,200,1,1,74.45000000000094,80.0,50.0,1.6519524209296677,0.01,Care
outcome_eta0.01,18,210,1,1,73.450000000001,85.0,50.0,1.7342132661771346,0.01,Care
outcome_eta0.01,18,220,1,1,68.85000000000103,90.0,48.999999999999986,1.8004312451753914,0.01,Forage
outcome_eta0.01,18,230,1,1,67.85000000000109,75.0,50.0,1.7754534265801667,0.01,Care
outcome_eta0.01,18,240,1,1,66.85000000000115,80.0,50.0,1.8574308311464673,0.01,Care
outcome_eta0.01,18,250,1,1,64.05000000000119,85.0,49.599999999999994,1.8731941780288608,0.01,Forage
outcome_eta0.01,18,260,1,1,57.650000000001185,70.0,49.599999999999966,2.0437871980785784,0.01,Care
outcome_eta0.01,18,270,1,1,56.65000000000117,75.0,50.0,2.094098627517283,0.01,Care
outcome_eta0.01,18,280,1,1,55.65000000000116,80.0,50.0,2.1775055288313463,0.01,Care
outcome_eta0.01,18,290,1,1,51.05000000000115,65.0,50.0,2.1650865385604234,0.01,Care
outcome_eta0.01,18,300,1,1,50.050000000001134,70.0,50.0,2.2408331521329155,0.01,Care
outcome_eta0.01,18,310,1,1,42.75000000000113,75.0,48.39999999999998,2.7006579434992184,0.01,Forage
outcome_eta0.01,18,320,1,1,34.55000000000113,60.0,46.39999999999995,3.167829586119539,0.01,Forage
outcome_eta0.01,18,330,1,1,29.250000000001123,45.0,44.39999999999992,2.9424729121934763,0.01,Forage
outcome_eta0.01,18,340,1,1,28.750000000001116,50.0,42.39999999999989,2.8509699098148116,0.01,Forage
outcome_eta0.01,18,350,1,1,28.25000000000111,55.0,40.399999999999864,2.765896359603061,0.01,Forage
outcome_eta0.01,18,360,1,1,21.950000000001104,40.0,38.399999999999835,2.7936137217754533,0.01,Forage
outcome_eta0.01,18,370,1,1,21.450000000001097,45.0,36.39999999999981,2.7447171506902577,0.01,Forage
outcome_eta0.01,18,380,1,1,20.95000000000109,50.0,34.39999999999978,2.6929711173895323,0.01,Forage
outcome_eta0.01,18,390,1,1,20.450000000001083,55.0,32.39999999999975,2.7773654913578154,0.01,Forage
outcome_eta0.01,18,400,1,1,19.950000000001076,60.0,30.399999999999753,3.010397329922292,0.01,Forage
outcome_eta0.01,18,410,1,1,20.600000000001074,65.0,28.39999999999976,3.741685424949232,0.01,Forage
outcome_eta0.01,18,420,1,1,20.100000000001067,70.0,26.399999999999768,3.8366854249492324,0.01,Forage
outcome_eta0.01,18,430,1,1,19.60000000000106,75.0,24.399999999999775,3.9316854249492317,0.01,Forage
outcome_eta0.01,18,440,1,1,19.100000000001053,80.0,22.399999999999782,4.026685424949232,0.01,Forage
outcome_eta0.01,18,450,1,1,18.600000000001046,85.0,20.39999999999979,4.121685424949232,0.01,Forage
outcome_eta0.01,18,460,1,1,9.550000000001045,90.0,18.399999999999796,4.547185424949232,0.01,Forage
outcome_eta0.01,18,470,1,1,2.3000000000010457,75.0,16.399999999999803,4.721753105843369,0.01,Forage
outcome_eta0.01,18,480,1,1,1.8000000000010465,80.0,14.39999999999981,4.793999999999993,0.01,Forage
outcome_eta0.01,18,490,1,1,1.300000000001046,85.0,12.399999999999817,4.888999999999992,0.01,Forage
outcome_eta0.01,18,500,1,1,0.8000000000010457,90.0,10.399999999999824,4.983999999999993,0.01,Forage
outcome_eta0.01,18,510,0,1,0.0,95.0,8.399999999999832,5.087000000000003,0.01,Forage
outcome_eta0.01,18,520,0,0,0.0,100.0,6.399999999999831,3.3049999999999997,0.01,Forage
outcome_eta0.01,19,1,1,1,99.0,0.5,49.8,0.1410164639455659,0.01,Care
outcome_eta0.01,19,10,1,1,94.50000000000003,5.0,50.0,0.6139268207392966,0.01,Care
outcome_eta0.01,19,20,1,1,93.50000000000009,10.0,50.0,0.7101552898298981,0.01,Care
outcome_eta0.01,19,30,1,1,92.50000000000014,15.0,50.0,0.8106507381230058,0.01,Care
outcome_eta0.01,19,40,1,1,91.5000000000002,20.0,50.0,0.9114941144374828,0.01,Care
outcome_eta0.01,19,50,1,1,90.50000000000026,25.0,50.0,1.0123658534625886,0.01,Care
outcome_eta0.01,19,60,1,1,89.50000000000031,30.0,50.0,1.1132399045847514,0.01,Care
outcome_eta0.01,19,70,1,1,88.50000000000037,35.0,50.0,1.2141141441865302,0.01,Care
outcome_eta0.01,19,80,1,1,87.50000000000043,40.0,50.0,1.31498839915296,0.01,Care
outcome_eta0.01,19,90,1,1,86.50000000000048,45.0,50.0,1.4158626553718996,0.01,Care
outcome_eta0.01,19,100,1,1,85.50000000000054,50.0,50.0,1.5167369116929423,0.01,Care
outcome_eta0.01,19,110,1,1,84.5000000000006,55.0,50.0,1.6176111680223086,0.01,Care
outcome_eta0.01,19,120,1,1,83.50000000000065,60.0,50.0,1.718485424352353,0.01,Care
outcome_eta0.01,19,130,1,1,82.50000000000071,65.0,50.0,1.819359680682453,0.01,Care
outcome_eta0.01,19,140,1,1,81.50000000000077,70.0,50.0,1.9202339370125576,0.01,Care
outcome_eta0.01,19,150,1,1,80.50000000000082,75.0,50.0,2.0211081933426627,0.01,Care
outcome_eta0.01,19,160,1,1,79.50000000000088,80.0,50.0,2.1285956391469396,0.01,Care
outcome_eta0.01,19,170,1,1,78.50000000000094,85.0,50.0,2.252147988772049,0.01,Care
outcome_eta0.01,19,180,1,1,77.500000000001,90.0,50.0,2.3778941663394306,0.01,Care
outcome_eta0.01,19,190,1,1,76.50000000000105,95.0,50.0,2.503819183937484,0.01,Care
outcome_eta0.01,19,200,1,0,74.6000000000011,100.0,49.8,2.5124982947024526,0.01,Forage
outcome_eta0.01,19,210,1,0,70.50000000000111,100.0,49.8,2.04292565741364,0.01,Forage
outcome_eta0.01,19,220,1,0,73.25000000000112,100.0,49.8,1.9523529111671352,0.01,Self
outcome_eta0.01,19,230,1,0,75.80000000000115,100.0,49.8,1.820032180904108,0.01,Forage
outcome_eta0.01,19,240,1,0,75.30000000000118,100.0,49.8,1.702786331677217,0.01,Forage
outcome_eta0.01,19,250,1,0,74.8000000000012,100.0,49.8,1.603439727059821,0.01,Forage
outcome_eta0.01,19,260,1,0,73.55000000000122,100.0,49.8,1.660350305771811,0.01,Forage
outcome_eta0.01,19,270,1,0,73.05000000000125,100.0,49.8,1.6410160381285772,0.01,Forage
outcome_eta0.01,19,280,1,0,72.55000000000128,100.0,49.8,1.6658482185087067,0.01,Forage
outcome_eta0.01,19,290,1,0,72.0500000000013,100.0,49.8,1.7087388451160395,0.01,Forage
outcome_eta0.01,19,300,1,0,71.55000000000133,100.0,49.8,1.7412227669334794,0.01,Forage
outcome_eta0.01,19,310,1,0,73.15000000000136,100.0,49.8,1.725733606194986,0.01,Forage
outcome_eta0.01,19,320,1,0,72.65000000000138,100.0,49.8,1.7363936593156648,0.01,Forage
outcome_eta0.01,19,330,1,0,72.15000000000141,100.0,49.8,1.7794756680561439,0.01,Forage
outcome_eta0.01,19,340,1,0,71.65000000000144,100.0,49.8,1.8020330160270033,0.01,Forage
outcome_eta0.01,19,350,1,0,71.15000000000147,100.0,49.8,1.8209170855148846,0.01,Forage
outcome_eta0.01,19,360,1,0,73.7000000000015,100.0,49.8,1.7542608804664512,0.01,Forage
outcome_eta0.01,19,370,1,0,73.20000000000152,100.0,49.8,1.7460719222914594,0.01,Forage
outcome_eta0.01,19,380,1,0,72.70000000000155,100.0,49.8,1.7632853147495309,0.01,Forage
outcome_eta0.01,19,390,1,0,72.20000000000158,100.0,49.8,1.781824121704836,0.01,Forage
outcome_eta0.01,19,400,1,0,71.70000000000161,100.0,49.8,1.8004453354614622,0.01,Forage
outcome_eta0.01,19,410,1,0,75.20000000000164,100.0,49.8,1.7014745685687025,0.01,Forage
outcome_eta0.01,19,420,1,0,74.70000000000167,100.0,49.8,1.690761310964221,0.01,Forage
outcome_eta0.01,19,430,1,0,74.2000000000017,100.0,49.8,1.7074421084151767,0.01,Forage
outcome_eta0.01,19,440,1,0,73.70000000000172,100.0,49.8,1.7259462430556178,0.01,Forage
outcome_eta0.01,19,450,1,0,73.20000000000175,100.0,49.8,1.7445652743227311,0.01,Forage
outcome_eta0.01,19,460,1,0,75.75000000000178,100.0,49.8,1.6809093958812213,0.01,Forage
outcome_eta0.01,19,470,1,0,75.2500000000018,100.0,49.8,1.6700597649765276,0.01,Forage
outcome_eta0.01,19,480,1,0,74.75000000000183,100.0,49.8,1.6869387001738616,0.01,Forage
outcome_eta0.01,19,490,1,0,74.25000000000186,100.0,49.8,1.7054559518855523,0.01,Forage
outcome_eta0.01,19,500,1,0,73.75000000000189,100.0,49.8,1.7240758095018873,0.01,Forage
outcome_eta0.01,19,510,1,0,73.4500000000019,100.0,49.8,1.7810855149717248,0.01,Forage
outcome_eta0.01,19,520,1,0,72.95000000000194,100.0,49.8,1.7523141943493052,0.01,Forage
outcome_eta0.01,19,530,1,0,72.45000000000196,100.0,49.8,1.7723744060866171,0.01,Forage
outcome_eta0.01,19,540,1,0,71.95000000000199,100.0,49.8,1.7911232964042094,0.01,Forage
outcome_eta0.01,19,550,1,0,71.45000000000202,100.0,49.8,1.8097578112356751,0.01,Forage
outcome_eta0.01,19,560,1,0,69.25000000000203,100.0,49.8,1.9574535250143321,0.01,Forage
outcome_eta0.01,19,570,1,0,68.75000000000206,100.0,49.8,1.888301670413385,0.01,Forage
outcome_eta0.01,19,580,1,0,68.25000000000209,100.0,49.8,1.9269636496847946,0.01,Forage
outcome_eta0.01,19,590,1,0,67.75000000000212,100.0,49.8,1.947468142356172,0.01,Forage
outcome_eta0.01,19,600,1,0,67.25000000000215,100.0,49.8,1.9662148626467588,0.01,Forage
outcome_eta0.01,19,610,1,0,69.80000000000217,100.0,49.8,1.8938103164126865,0.01,Forage
outcome_eta0.01,19,620,1,0,69.3000000000022,100.0,49.8,1.8906805869238263,0.01,Forage
outcome_eta0.01,19,630,1,0,68.80000000000223,100.0,49.8,1.9085301043944114,0.01,Forage
outcome_eta0.01,19,640,1,0,68.30000000000226,100.0,49.8,1.9271099088623331,0.01,Forage
outcome_eta0.01,19,650,1,0,67.80000000000229,100.0,49.8,1.9457337019633247,0.01,Forage
outcome_eta0.01,19,660,1,0,65.60000000000228,100.0,49.8,2.093428741740881,0.01,Forage
outcome_eta0.01,19,670,1,0,65.10000000000231,100.0,49.8,2.0148080542681788,0.01,Forage
outcome_eta0.01,19,680,1,0,64.60000000000234,100.0,49.8,2.062134099717433,0.01,Forage
outcome_eta0.01,19,690,1,0,64.10000000000237,100.0,49.8,2.083392073023537,0.01,Forage
outcome_eta0.01,19,700,1,0,63.600000000002396,100.0,49.8,2.102186812340495,0.01,Forage
outcome_eta0.01,19,710,1,0,61.4000000000024,100.0,49.8,2.2498926019197163,0.01,Forage
outcome_eta0.01,19,720,1,0,60.90000000000243,100.0,49.8,2.160376995353399,0.01,Forage
outcome_eta0.01,19,730,1,0,60.40000000000246,100.0,49.8,2.217672696704045,0.01,Forage
outcome_eta0.01,19,740,1,0,59.900000000002485,100.0,49.8,2.239797691681959,0.01,Forage
outcome_eta0.01,19,750,1,0,59.400000000002514,100.0,49.8,2.258647685948646,0.01,Forage
outcome_eta0.01,19,760,1,0,61.95000000000253,100.0,49.8,2.1746966797448533,0.01,Forage
outcome_eta0.01,19,770,1,0,61.45000000000256,100.0,49.8,2.181751772648336,0.01,Forage
outcome_eta0.01,19,780,1,0,60.95000000000259,100.0,49.8,2.200881790039632,0.01,Forage
outcome_eta0.01,19,790,1,0,60.45000000000262,100.0,49.8,2.219544121076371,0.01,Forage
outcome_eta0.01,19,800,1,0,59.950000000002646,100.0,49.8,2.238173106307495,0.01,Forage
outcome_eta0.01,19,810,1,0,63.45000000000267,100.0,49.8,2.132699080893217,0.01,Forage
outcome_eta0.01,19,820,1,0,62.950000000002696,100.0,49.8,2.1279578803098795,0.01,Forage
outcome_eta0.01,19,830,1,0,62.450000000002724,100.0,49.8,2.145136592914941,0.01,Forage
outcome_eta0.01,19,840,1,0,61.95000000000275,100.0,49.8,2.1636724094562334,0.01,Forage
outcome_eta0.01,19,850,1,0,61.45000000000278,100.0,49.8,2.1822934326945633,0.01,Forage
outcome_eta0.01,19,860,1,0,63.0500000000028,100.0,49.8,2.142087164561321,0.01,Forage
outcome_eta0.01,19,870,1,0,62.550000000002825,100.0,49.8,2.1404786814812518,0.01,Forage
outcome_eta0.01,19,880,1,0,62.05000000000285,100.0,49.8,2.159881833215138,0.01,Forage
outcome_eta0.01,19,890,1,0,61.55000000000288,100.0,49.8,2.178563965529019,0.01,Forage
outcome_eta0.01,19,900,1,0,61.05000000000291,100.0,49.8,2.197194203469159,0.01,Forage
outcome_eta0.01,19,910,1,0,61.70000000000292,100.0,49.8,2.201503862960654,0.01,Forage
outcome_eta0.01,19,920,1,0,61.20000000000295,100.0,49.8,2.1826045703452683,0.01,Forage
outcome_eta0.01,19,930,1,0,60.70000000000298,100.0,49.8,2.2096137884148117,0.01,Forage
outcome_eta0.01,19,940,1,0,60.20000000000301,100.0,49.8,2.2288207987144477,0.01,Forage
outcome_eta0.01,19,950,1,0,59.70000000000304,100.0,49.8,2.2474841683146276,0.01,Forage
outcome_eta0.01,19,960,1,0,62.250000000003055,100.0,49.8,2.163962939359753,0.01,Forage
outcome_eta0.01,19,970,1,0,61.750000000003084,100.0,49.8,2.1706280814683936,0.01,Forage
outcome_eta0.01,19,980,1,0,61.25000000000311,100.0,49.8,2.1897091171963545,0.01,Forage
outcome_eta0.01,19,990,1,0,60.75000000000314,100.0,49.8,2.208368291501304,0.01,Forage
outcome_eta0.01,19,1000,1,0,60.25000000000317,100.0,49.8,2.2269970781279853,0.01,Forage
outcome_eta0.01,20,1,1,1,99.0,0.5,49.8,0.18479917964028494,0.01,Care
outcome_eta0.01,20,10,1,1,94.50000000000003,5.0,50.0,0.6070685294027887,0.01,Care
outcome_eta0.01,20,20,1,1,93.50000000000009,10.0,50.0,0.6953303329724975,0.01,Care
outcome_eta0.01,20,30,1,1,92.50000000000014,15.0,50.0,0.7839473604938871,0.01,Care
outcome_eta0.01,20,40,1,1,91.5000000000002,20.0,50.0,0.8725652769376215,0.01,Care
outcome_eta0.01,20,50,1,1,90.50000000000026,25.0,50.0,0.9611831978329513,0.01,Care
outcome_eta0.01,20,60,1,1,89.50000000000031,30.0,50.0,1.049801118753798,0.01,Care
outcome_eta0.01,20,70,1,1,88.50000000000037,35.0,50.0,1.138419039674793,0.01,Care
outcome_eta0.01,20,80,1,1,87.50000000000043,40.0,50.0,1.2270369605957896,0.01,Care
outcome_eta0.01,20,90,1,1,86.50000000000048,45.0,50.0,1.3156548815167857,0.01,Care
outcome_eta0.01,20,100,1,1,85.50000000000054,50.0,50.0,1.4042728024377817,0.01,Care
outcome_eta0.01,20,110,1,1,84.5000000000006,55.0,50.0,1.492890723358778,0.01,Care
outcome_eta0.01,20,120,1,1,83.50000000000065,60.0,50.0,1.581508644279774,0.01,Care
outcome_eta0.01,20,130,1,1,82.50000000000071,65.0,50.0,1.6701265652007704,0.01,Care
outcome_eta0.01,20,140,1,1,81.50000000000077,70.0,50.0,1.7587444861217665,0.01,Care
outcome_eta0.01,20,150,1,1,80.50000000000082,75.0,50.0,1.8473624070427628,0.01,Care
outcome_eta0.01,20,160,1,1,79.50000000000088,80.0,50.0,1.9410746898479077,0.01,Care
outcome_eta0.01,20,170,1,1,78.50000000000094,85.0,50.0,2.0403893783945413,0.01,Care
outcome_eta0.01,20,180,1,1,77.500000000001,90.0,50.0,2.139753098768998,0.01,Care
outcome_eta0.01,20,190,1,1,73.80000000000103,95.0,49.19999999999999,3.034210099941057,0.01,Forage
outcome_eta0.01,20,200,1,1,65.60000000000105,80.0,47.19999999999996,3.0706561295132113,0.01,Forage
outcome_eta0.01,20,210,1,1,63.700000000001076,65.0,50.0,2.0323418683222867,0.01,Care
outcome_eta0.01,20,220,1,1,62.70000000000106,70.0,50.0,2.134292959865402,0.01,Care
outcome_eta0.01,20,230,1,1,61.70000000000105,75.0,50.0,2.238037973123734,0.01,Care
outcome_eta0.01,20,240,1,1,60.70000000000103,80.0,50.0,2.3392750215132034,0.01,Care
outcome_eta0.01,20,250,1,1,59.70000000000102,85.0,50.0,2.439759572264004,0.01,Care
outcome_eta0.01,20,260,1,1,55.10000000000101,70.0,48.79999999999998,3.0620656819618017,0.01,Forage
outcome_eta0.01,20,270,1,1,46.90000000000101,55.0,46.799999999999955,2.511557783990857,0.01,Forage
outcome_eta0.01,20,280,1,1,45.90000000000099,60.0,50.0,2.206458625057503,0.01,Care
outcome_eta0.01,20,290,1,1,44.90000000000098,65.0,50.0,2.30281111886768,0.01,Care
outcome_eta0.01,20,300,1,1,43.900000000000965,70.0,50.0,2.3993266875038683,0.01,Care
outcome_eta0.01,20,310,1,1,42.90000000000095,75.0,50.0,2.4958423573866826,0.01,Care
outcome_eta0.01,20,320,1,1,38.30000000000094,60.0,50.0,2.351568039457037,0.01,Care
outcome_eta0.01,20,330,1,1,37.30000000000093,65.0,50.0,2.4334282114214436,0.01,Care
outcome_eta0.01,20,340,1,1,36.300000000000914,70.0,50.0,2.5298265763131926,0.01,Care
outcome_eta0.01,20,350,1,1,28.10000000000091,55.0,47.99999999999997,3.034980619805887,0.01,Forage
outcome_eta0.01,20,360,1,1,27.100000000000897,60.0,50.0,2.5211115701656803,0.01,Care
outcome_eta0.01,20,370,1,1,22.500000000000888,65.0,48.999999999999986,3.226600533735865,0.01,Forage
outcome_eta0.01,20,380,1,1,17.90000000000088,50.0,50.0,2.516172257233722,0.01,Care
outcome_eta0.01,20,390,1,1,16.900000000000865,55.0,50.0,2.608606848747918,0.01,Care
outcome_eta0.01,20,400,1,1,16.350000000000858,60.0,48.199999999999974,2.602860084613458,0.01,Forage
outcome_eta0.01,20,410,1,1,19.85000000000085,65.0,46.199999999999946,2.4918205539354656,0.01,Forage
outcome_eta0.01,20,420,1,1,19.350000000000843,70.0,44.19999999999992,2.4949513095598252,0.01,Forage
outcome_eta0.01,20,430,1,1,18.850000000000836,75.0,42.19999999999989,2.499277234221315,0.01,Forage
outcome_eta0.01,20,440,1,1,18.35000000000083,80.0,40.19999999999986,2.5098679636040626,0.01,Forage
outcome_eta0.01,20,450,1,1,17.850000000000822,85.0,38.19999999999983,2.523997810472736,0.01,Forage
outcome_eta0.01,20,460,1,1,9.700000000000822,90.0,36.199999999999804,3.7200045420145518,0.01,Forage
outcome_eta0.01,20,470,1,1,9.150000000000816,75.0,34.199999999999775,2.6583406816158153,0.01,Forage
outcome_eta0.01,20,480,1,1,8.650000000000809,80.0,32.19999999999975,2.793683839919412,0.01,Forage
outcome_eta0.01,20,490,1,1,8.150000000000801,85.0,30.199999999999754,2.9352975297148634,0.01,Forage
outcome_eta0.01,20,500,1,1,7.650000000000801,90.0,28.19999999999976,3.0832395572007583,0.01,Forage
outcome_eta0.01,20,510,1,1,3.2500000000008016,75.0,26.19999999999977,2.9883451644633334,0.01,Forage
outcome_eta0.01,20,520,1,1,2.7500000000008034,80.0,24.199999999999775,3.121477271655195,0.01,Forage
outcome_eta0.01,20,530,1,1,2.250000000000805,85.0,22.199999999999783,3.298315378144286,0.01,Forage
outcome_eta0.01,20,540,1,1,1.7500000000008058,90.0,20.19999999999979,3.4679612022641324,0.01,Forage
outcome_eta0.01,20,550,1,1,1.2500000000008054,95.0,18.199999999999797,3.7756288173741663,0.01,Forage
outcome_eta0.01,20,560,0,0,0.0,100.0,16.199999999999804,2.906612256962407,0.01,Forage
outcome_eta0.01,21,1,1,1,99.0,0.5,49.8,0.13243787693046313,0.01,Care
outcome_eta0.01,21,10,1,1,96.30000000000004,5.0,50.0,0.5799906352832154,0.01,Care
outcome_eta0.01,21,20,1,1,95.3000000000001,10.0,50.0,0.6494835317063733,0.01,Care
outcome_eta0.01,21,30,1,1,94.30000000000015,15.0,50.0,0.7190178147726539,0.01,Care
outcome_eta0.01,21,40,1,1,93.30000000000021,20.0,50.0,0.7885525179753277,0.01,Care
outcome_eta0.01,21,50,1,1,92.30000000000027,25.0,50.0,0.8580872254430121,0.01,Care
outcome_eta0.01,21,60,1,1,91.30000000000032,30.0,50.0,0.9276219329539925,0.01,Care
outcome_eta0.01,21,70,1,1,90.30000000000038,35.0,50.0,0.9971566404654125,0.01,Care
outcome_eta0.01,21,80,1,1,89.30000000000044,40.0,50.0,1.0666913479768372,0.01,Care
outcome_eta0.01,21,90,1,1,88.3000000000005,45.0,50.0,1.1362260554882617,0.01,Care
outcome_eta0.01,21,100,1,1,87.30000000000055,50.0,50.0,1.2057607629996863,0.01,Care
outcome_eta0.01,21,110,1,1,86.30000000000061,55.0,50.0,1.2752954705111108,0.01,Care
outcome_eta0.01,21,120,1,1,85.30000000000067,60.0,50.0,1.3448301780225353,0.01,Care
outcome_eta0.01,21,130,1,1,84.30000000000072,65.0,50.0,1.41436488553396,0.01,Care
outcome_eta0.01,21,140,1,1,83.30000000000078,70.0,50.0,1.4838995930453844,0.01,Care
outcome_eta0.01,21,150,1,1,82.30000000000084,75.0,50.0,1.553434300556809,0.01,Care
outcome_eta0.01,21,160,1,1,81.30000000000089,80.0,50.0,1.6229690080682335,0.01,Care
outcome_eta0.01,21,170,1,1,80.30000000000095,85.0,50.0,1.6925037155796585,0.01,Care
outcome_eta0.01,21,180,1,1,73.00000000000097,70.0,48.199999999999974,2.2567824816738717,0.01,Forage
outcome_eta0.01,21,190,1,1,67.500000000001,55.0,49.199999999999946,1.6992787079983787,0.01,Care
outcome_eta0.01,21,200,1,1,66.50000000000105,60.0,50.0,1.7739714340336343,0.01,Care
outcome_eta0.01,21,210,1,1,65.50000000000111,65.0,50.0,1.8664343905543208,0.01,Care
outcome_eta0.01,21,220,1,1,64.50000000000117,70.0,50.0,1.9590113519336319,0.01,Care
outcome_eta0.01,21,230,1,1,63.50000000000119,75.0,50.0,2.0515948984235632,0.01,Care
outcome_eta0.01,21,240,1,1,60.700000000001175,80.0,49.599999999999994,2.0802080498830504,0.01,Forage
outcome_eta0.01,21,250,1,1,53.40000000000117,65.0,47.599999999999966,2.824338336633879,0.01,Forage
outcome_eta0.01,21,260,1,1,49.70000000000116,50.0,50.0,2.1077419641503914,0.01,Care
outcome_eta0.01,21,270,1,1,48.70000000000115,55.0,50.0,2.1808308269854457,0.01,Care
outcome_eta0.01,21,280,1,1,47.70000000000113,60.0,50.0,2.253922269091085,0.01,Care
outcome_eta0.01,21,290,1,1,46.70000000000112,65.0,50.0,2.3270137111967237,0.01,Care
outcome_eta0.01,21,300,1,1,41.20000000000111,70.0,48.79999999999998,3.249967388967957,0.01,Forage
outcome_eta0.01,21,310,1,1,33.00000000000111,55.0,46.799999999999955,3.062121579725921,0.01,Forage
outcome_eta0.01,21,320,1,1,29.3500000000011,40.0,49.799999999999926,2.322086235000523,0.01,Forage
outcome_eta0.01,21,330,1,1,28.850000000001092,45.0,47.7999999999999,2.3151389318463527,0.01,Forage
outcome_eta0.01,21,340,1,1,28.350000000001085,50.0,45.79999999999987,2.2359169413334037,0.01,Forage
outcome_eta0.01,21,350,1,1,27.850000000001078,55.0,43.79999999999984,2.1558251056235713,0.01,Forage
outcome_eta0.01,21,360,1,1,25.150000000001068,40.0,45.79999999999981,1.9640423868730206,0.01,Forage
outcome_eta0.01,21,370,1,1,24.65000000000106,45.0,43.799999999999784,1.9282281064866467,0.01,Forage
outcome_eta0.01,21,380,1,1,24.150000000001054,50.0,41.799999999999756,1.9214542159883683,0.01,Forage
outcome_eta0.01,21,390,1,1,23.650000000001047,55.0,39.79999999999973,2.056877357048391,0.01,Forage
outcome_eta0.01,21,400,1,1,23.15000000000104,60.0,37.7999999999997,2.2128475236849665,0.01,Forage
outcome_eta0.01,21,410,1,1,15.000000000001037,65.0,35.79999999999967,3.396382573900921,0.01,Forage
outcome_eta0.01,21,420,1,1,14.450000000001031,50.0,33.79999999999964,2.3777225776702124,0.01,Forage
outcome_eta0.01,21,430,1,1,13.950000000001024,55.0,31.79999999999962,2.516114613214459,0.01,Forage
outcome_eta0.01,21,440,1,1,13.450000000001017,60.0,29.799999999999628,2.620166922908076,0.01,Forage
outcome_eta0.01,21,450,1,1,12.95000000000101,65.0,27.799999999999635,2.7203783844104414,0.01,Forage
outcome_eta0.01,21,460,1,1,12.650000000001008,70.0,25.799999999999642,3.4382841613177915,0.01,Forage
outcome_eta0.01,21,470,1,1,12.150000000001,75.0,23.79999999999965,3.540571200962434,0.01,Forage
outcome_eta0.01,21,480,1,1,11.650000000000993,80.0,21.799999999999656,3.639535575814531,0.01,Forage
outcome_eta0.01,21,490,1,1,11.150000000000986,85.0,19.799999999999663,3.738499950045242,0.01,Forage
outcome_eta0.01,21,500,1,1,10.65000000000098,90.0,17.79999999999967,3.8374643242759525,0.01,Forage
outcome_eta0.01,21,510,1,1,2.5000000000009788,95.0,15.799999999999677,4.1882432735574255,0.01,Forage
outcome_eta0.01,21,520,1,1,1.0000000000009783,80.0,13.799999999999685,3.280466786986649,0.01,Forage
outcome_eta0.01,21,530,1,1,0.5000000000009779,85.0,11.799999999999692,3.3836764045698584,0.01,Forage
outcome_eta0.01,21,540,1,1,9.77953829028877e-13,90.0,9.799999999999699,3.4826407788532685,0.01,Forage
outcome_eta0.01,21,550,0,1,0.0,95.0,7.799999999999704,3.573037216276349,0.01,Forage
outcome_eta0.01,21,560,0,0,0.0,100.0,5.799999999999702,1.7790372162763437,0.01,Forage
outcome_eta0.01,22,1,1,1,99.95,0.5,49.8,0.10983231924451385,0.01,Forage
outcome_eta0.01,22,10,1,1,99.50000000000003,5.0,47.99999999999997,0.23930057798428325,0.01,Forage
outcome_eta0.01,22,20,1,1,99.00000000000006,10.0,45.99999999999994,0.45924656107866785,0.01,Forage
outcome_eta0.01,22,30,1,1,98.50000000000009,15.0,43.999999999999915,0.7565601771301503,0.01,Forage
outcome_eta0.01,22,40,1,1,98.00000000000011,20.0,41.999999999999886,1.131084382312151,0.01,Forage
outcome_eta0.01,22,50,1,1,97.50000000000014,25.0,39.99999999999986,1.582811689797277,0.01,Forage
outcome_eta0.01,22,60,1,1,90.25000000000016,10.0,37.99999999999983,1.91376224516991,0.01,Forage
outcome_eta0.01,22,70,1,1,89.75000000000018,15.0,35.9999999999998,1.5823101768764527,0.01,Forage
outcome_eta0.01,22,80,1,1,88.80000000000024,20.0,42.99999999999977,1.0077063179031496,0.01,Care
outcome_eta0.01,22,90,1,1,87.8000000000003,25.0,50.0,0.8053744210217496,0.01,Care
outcome_eta0.01,22,100,1,1,86.80000000000035,30.0,50.0,0.8671210025818907,0.01,Care
outcome_eta0.01,22,110,1,1,85.80000000000041,35.0,50.0,0.9335411706498131,0.01,Care
outcome_eta0.01,22,120,1,1,84.80000000000047,40.0,50.0,1.0001856552152812,0.01,Care
outcome_eta0.01,22,130,1,1,83.80000000000052,45.0,50.0,1.0668408337311897,0.01,Care
outcome_eta0.01,22,140,1,1,82.80000000000058,50.0,50.0,1.1334965220650441,0.01,Care
outcome_eta0.01,22,150,1,1,81.80000000000064,55.0,50.0,1.2001522347036997,0.01,Care
outcome_eta0.01,22,160,1,1,80.8000000000007,60.0,50.0,1.2668079485010497,0.01,Care
outcome_eta0.01,22,170,1,1,79.80000000000075,65.0,50.0,1.3354636623536313,0.01,Care
outcome_eta0.01,22,180,1,1,78.80000000000081,70.0,50.0,1.415398407520506,0.01,Care
outcome_eta0.01,22,190,1,1,77.80000000000086,75.0,50.0,1.4965234000042464,0.01,Care
outcome_eta0.01,22,200,1,1,76.80000000000092,80.0,50.0,1.5777051956587012,0.01,Care
outcome_eta0.01,22,210,1,1,72.20000000000095,65.0,50.0,1.5141729906953925,0.01,Care
outcome_eta0.01,22,220,1,1,71.20000000000101,70.0,50.0,1.5854607761170252,0.01,Care
outcome_eta0.01,22,230,1,1,70.20000000000107,75.0,50.0,1.6664946374242398,0.01,Care
outcome_eta0.01,22,240,1,1,62.900000000001086,80.0,48.39999999999998,2.4073264599949593,0.01,Forage
outcome_eta0.01,22,250,1,1,59.200000000001076,65.0,50.0,1.7926454083639438,0.01,Care
outcome_eta0.01,22,260,1,1,58.20000000000106,70.0,50.0,1.8708740692220256,0.01,Care
outcome_eta0.01,22,270,1,1,53.60000000000105,55.0,50.0,1.821409625849203,0.01,Care
outcome_eta0.01,22,280,1,1,52.60000000000104,60.0,50.0,1.8992811938990943,0.01,Care
outcome_eta0.01,22,290,1,1,49.80000000000103,65.0,49.599999999999994,1.9160799926002188,0.01,Forage
outcome_eta0.01,22,300,1,1,40.700000000001026,70.0,47.599999999999966,3.0881914929211507,0.01,Forage
outcome_eta0.01,22,310,1,1,32.50000000000102,55.0,45.59999999999994,3.1361530980868335,0.01,Forage
outcome_eta0.01,22,320,1,1,30.900000000001015,40.0,45.59999999999991,2.267596751577357,0.01,Forage
outcome_eta0.01,22,330,1,1,30.400000000001008,45.0,43.59999999999988,2.2145250613251553,0.01,Forage
outcome_eta0.01,22,340,1,1,29.900000000001,50.0,41.59999999999985,2.1726037707269956,0.01,Forage
outcome_eta0.01,22,350,1,1,29.400000000000993,55.0,39.599999999999824,2.1413738595493577,0.01,Forage
outcome_eta0.01,22,360,1,1,23.10000000000099,40.0,37.599999999999795,2.131867618716904,0.01,Forage
outcome_eta0.01,22,370,1,1,22.600000000000982,45.0,35.59999999999977,2.16652873933512,0.01,Forage
outcome_eta0.01,22,380,1,1,22.100000000000975,50.0,33.59999999999974,2.310217816578344,0.01,Forage
outcome_eta0.01,22,390,1,1,21.600000000000968,55.0,31.59999999999972,2.4753082929658663,0.01,Forage
outcome_eta0.01,22,400,1,1,21.10000000000096,60.0,29.599999999999728,2.6599264273037315,0.01,Forage
outcome_eta0.01,22,410,1,1,16.700000000000955,45.0,27.599999999999735,2.7071540267469554,0.01,Forage
outcome_eta0.01,22,420,1,1,16.200000000000948,50.0,25.599999999999742,2.8443908706088536,0.01,Forage
outcome_eta0.01,22,430,1,1,15.70000000000094,55.0,23.59999999999975,2.9881994913400405,0.01,Forage
outcome_eta0.01,22,440,1,1,15.200000000000934,60.0,21.599999999999756,3.1075755546368278,0.01,Forage
outcome_eta0.01,22,450,1,1,14.700000000000927,65.0,19.599999999999763,3.2256098139694283,0.01,Forage
outcome_eta0.01,22,460,1,1,16.300000000000924,70.0,17.59999999999977,3.9173612332317798,0.01,Forage
outcome_eta0.01,22,470,1,1,15.800000000000917,75.0,15.599999999999778,4.038022565927094,0.01,Forage
outcome_eta0.01,22,480,1,1,15.30000000000091,80.0,13.599999999999785,4.157312569212457,0.01,Forage
outcome_eta0.01,22,490,1,1,14.800000000000903,85.0,11.599999999999792,4.275344344215241,0.01,Forage
outcome_eta0.01,22,500,1,1,14.300000000000896,90.0,9.599999999999799,4.393314237625003,0.01,Forage
outcome_eta0.01,22,510,1,1,7.050000000000896,75.0,7.599999999999803,4.294991136419305,0.01,Forage
outcome_eta0.01,22,520,1,1,6.550000000000898,80.0,5.599999999999802,3.8531995935395993,0.01,Forage
outcome_eta0.01,22,530,1,1,6.0500000000008995,85.0,3.5999999999998,4.006723924723104,0.01,Forage
outcome_eta0.01,22,540,1,1,5.550000000000901,90.0,1.5999999999997987,4.112499999999995,0.01,Forage
outcome_eta0.01,22,550,1,0,5.050000000000903,94.0,0.0,3.170604517713716,0.01,Self
outcome_eta0.01,22,560,1,0,4.550000000000905,94.0,0.0,3.110617260222895,0.01,Self
outcome_eta0.01,22,570,1,0,4.050000000000907,94.0,0.0,3.227083214844809,0.01,Self
outcome_eta0.01,22,580,1,0,3.5500000000009084,94.0,0.0,3.264499999999991,0.01,Self
outcome_eta0.01,22,590,1,0,3.05000000000091,94.0,0.0,3.269499999999991,0.01,Self
outcome_eta0.01,22,600,1,0,2.550000000000912,94.0,0.0,3.274499999999991,0.01,Self
outcome_eta0.01,22,610,1,0,2.0500000000009138,94.0,0.0,3.2794999999999908,0.01,Self
outcome_eta0.01,22,620,1,0,1.5500000000009135,94.0,0.0,3.284499999999991,0.01,Self
outcome_eta0.01,22,630,1,0,1.050000000000913,94.0,0.0,3.289499999999991,0.01,Self
outcome_eta0.01,22,640,1,0,0.5500000000009126,94.0,0.0,3.294499999999991,0.01,Self
outcome_eta0.01,22,650,1,0,0.050000000000912675,94.0,0.0,3.2994999999999908,0.01,Self
outcome_eta0.01,23,1,1,1,99.0,0.5,49.8,0.2589140306465384,0.01,Care
outcome_eta0.01,23,10,1,1,92.70000000000002,5.0,50.0,0.6044716843488988,0.01,Care
outcome_eta0.01,23,20,1,1,91.70000000000007,10.0,50.0,0.6920273839825056,0.01,Care
outcome_eta0.01,23,30,1,1,90.70000000000013,15.0,50.0,0.7941815357939199,0.01,Care
outcome_eta0.01,23,40,1,1,89.70000000000019,20.0,50.0,0.9097827872353348,0.01,Care
outcome_eta0.01,23,50,1,1,88.70000000000024,25.0,50.0,1.0383150983254616,0.01,Care
outcome_eta0.01,23,60,1,1,87.7000000000003,30.0,50.0,1.179283644121843,0.01,Care
outcome_eta0.01,23,70,1,1,86.70000000000036,35.0,50.0,1.332212538351094,0.01,Care
outcome_eta0.01,23,80,1,1,85.70000000000041,40.0,50.0,1.496644105063035,0.01,Care
outcome_eta0.01,23,90,1,1,84.70000000000047,45.0,50.0,1.6721381817835201,0.01,Care
outcome_eta0.01,23,100,1,1,83.70000000000053,50.0,50.0,1.8582714493419006,0.01,Care
outcome_eta0.01,23,110,1,1,82.70000000000059,55.0,50.0,2.054636787343401,0.01,Care
outcome_eta0.01,23,120,1,1,81.70000000000064,60.0,50.0,2.2479999999999998,0.01,Care
outcome_eta0.01,23,130,1,1,80.7000000000007,65.0,50.0,2.3079999999999994,0.01,Care
outcome_eta0.01,23,140,1,1,79.70000000000076,70.0,50.0,2.3709999999999924,0.01,Care
outcome_eta0.01,23,150,1,1,78.70000000000081,75.0,50.0,2.440999999999992,0.01,Care
outcome_eta0.01,23,160,1,1,77.70000000000087,80.0,50.0,2.5109999999999912,0.01,Care
outcome_eta0.01,23,170,1,1,76.70000000000093,85.0,50.0,2.5809999999999906,0.01,Care
outcome_eta0.01,23,180,1,1,75.70000000000098,90.0,50.0,2.6509999999999905,0.01,Care
outcome_eta0.01,23,190,1,1,74.70000000000104,95.0,50.0,2.7209999999999903,0.01,Care
outcome_eta0.01,23,200,1,0,73.7500000000011,100.0,49.8,2.7594999999999894,0.01,Self
outcome_eta0.01,23,210,1,0,73.25000000000112,100.0,49.8,2.216163528198546,0.01,Self
outcome_eta0.01,23,220,1,0,72.75000000000115,100.0,49.8,2.323826540687028,0.01,Self
outcome_eta0.01,23,230,1,0,72.25000000000118,100.0,49.8,2.577499999999988,0.01,Self
outcome_eta0.01,23,240,1,0,71.75000000000121,100.0,49.8,2.582499999999988,0.01,Self
outcome_eta0.01,23,250,1,0,71.25000000000124,100.0,49.8,2.587499999999988,0.01,Self
outcome_eta0.01,23,260,1,0,70.75000000000126,100.0,49.8,2.5924999999999874,0.01,Self
outcome_eta0.01,23,270,1,0,70.2500000000013,100.0,49.8,2.597499999999987,0.01,Self
outcome_eta0.01,23,280,1,0,69.75000000000132,100.0,49.8,2.6024999999999867,0.01,Self
outcome_eta0.01,23,290,1,0,69.25000000000135,100.0,49.8,2.6074999999999866,0.01,Self
outcome_eta0.01,23,300,1,0,68.75000000000138,100.0,49.8,2.6124999999999865,0.01,Self
outcome_eta0.01,23,310,1,0,68.2500000000014,100.0,49.8,2.617499999999986,0.01,Self
outcome_eta0.01,23,320,1,0,67.75000000000144,100.0,49.8,2.6224999999999854,0.01,Self
outcome_eta0.01,23,330,1,0,67.25000000000146,100.0,49.8,2.6274999999999853,0.01,Self
outcome_eta0.01,23,340,1,0,66.75000000000149,100.0,49.8,2.632499999999985,0.01,Self
outcome_eta0.01,23,350,1,0,66.25000000000152,100.0,49.8,2.637499999999985,0.01,Self
outcome_eta0.01,23,360,1,0,65.75000000000155,100.0,49.8,2.6424999999999845,0.01,Self
outcome_eta0.01,23,370,1,0,65.25000000000158,100.0,49.8,2.647499999999984,0.01,Self
outcome_eta0.01,23,380,1,0,64.7500000000016,100.0,49.8,2.652499999999984,0.01,Self
outcome_eta0.01,23,390,1,0,64.25000000000163,100.0,49.8,2.6574999999999838,0.01,Self
outcome_eta0.01,23,400,1,0,63.75000000000166,100.0,49.8,2.6624999999999837,0.01,Self
outcome_eta0.01,23,410,1,0,63.25000000000169,100.0,49.8,2.667499999999983,0.01,Self
outcome_eta0.01,23,420,1,0,62.75000000000172,100.0,49.8,2.6724999999999826,0.01,Self
outcome_eta0.01,23,430,1,0,62.25000000000175,100.0,49.8,2.6774999999999824,0.01,Self
outcome_eta0.01,23,440,1,0,61.750000000001776,100.0,49.8,2.6824999999999823,0.01,Self
outcome_eta0.01,23,450,1,0,61.250000000001805,100.0,49.8,2.6874999999999822,0.01,Self
outcome_eta0.01,23,460,1,0,60.75000000000183,100.0,49.8,2.6924999999999817,0.01,Self
outcome_eta0.01,23,470,1,0,60.25000000000186,100.0,49.8,2.697499999999981,0.01,Self
outcome_eta0.01,23,480,1,0,59.75000000000189,100.0,49.8,2.702499999999981,0.01,Self
outcome_eta0.01,23,490,1,0,59.25000000000192,100.0,49.8,2.707499999999981,0.01,Self
outcome_eta0.01,23,500,1,0,58.75000000000195,100.0,49.8,2.712499999999981,0.01,Self
outcome_eta0.01,23,510,1,0,58.250000000001975,100.0,49.8,2.7174999999999803,0.01,Self
outcome_eta0.01,23,520,1,0,57.750000000002004,100.0,49.8,2.7224999999999797,0.01,Self
outcome_eta0.01,23,530,1,0,57.25000000000203,100.0,49.8,2.7274999999999796,0.01,Self
outcome_eta0.01,23,540,1,0,56.75000000000206,100.0,49.8,2.7324999999999795,0.01,Self
outcome_eta0.01,23,550,1,0,56.25000000000209,100.0,49.8,2.7374999999999794,0.01,Self
outcome_eta0.01,23,560,1,0,55.75000000000212,100.0,49.8,2.742499999999979,0.01,Self
outcome_eta0.01,23,570,1,0,55.250000000002146,100.0,49.8,2.7474999999999783,0.01,Self
outcome_eta0.01,23,580,1,0,54.750000000002174,100.0,49.8,2.752499999999978,0.01,Self
outcome_eta0.01,23,590,1,0,54.2500000000022,100.0,49.8,2.757499999999978,0.01,Self
outcome_eta0.01,23,600,1,0,53.75000000000223,100.0,49.8,2.762499999999978,0.01,Self
outcome_eta0.01,23,610,1,0,53.25000000000226,100.0,49.8,2.7674999999999774,0.01,Self
outcome_eta0.01,23,620,1,0,52.75000000000229,100.0,49.8,2.772499999999977,0.01,Self
outcome_eta0.01,23,630,1,0,52.250000000002316,100.0,49.8,2.7774999999999768,0.01,Self
outcome_eta0.01,23,640,1,0,51.750000000002345,100.0,49.8,2.7824999999999767,0.01,Self
outcome_eta0.01,23,650,1,0,51.25000000000237,100.0,49.8,2.7874999999999766,0.01,Self
outcome_eta0.01,23,660,1,0,50.7500000000024,100.0,49.8,2.792499999999976,0.01,Self
outcome_eta0.01,23,670,1,0,50.25000000000243,100.0,49.8,2.7974999999999755,0.01,Self
outcome_eta0.01,23,680,1,0,49.75000000000246,100.0,49.8,2.8024999999999753,0.01,Self
outcome_eta0.01,23,690,1,0,49.25000000000249,100.0,49.8,2.8074999999999752,0.01,Self
outcome_eta0.01,23,700,1,0,48.750000000002515,100.0,49.8,2.812499999999975,0.01,Self
outcome_eta0.01,23,710,1,0,48.250000000002544,100.0,49.8,2.8174999999999746,0.01,Self
outcome_eta0.01,23,720,1,0,47.75000000000257,100.0,49.8,2.822499999999974,0.01,Self
outcome_eta0.01,23,730,1,0,47.2500000000026,100.0,49.8,2.827499999999974,0.01,Self
outcome_eta0.01,23,740,1,0,46.75000000000263,100.0,49.8,2.832499999999974,0.01,Self
outcome_eta0.01,23,750,1,0,46.25000000000266,100.0,49.8,2.8374999999999737,0.01,Self
outcome_eta0.01,23,760,1,0,45.750000000002686,100.0,49.8,2.842499999999973,0.01,Self
outcome_eta0.01,23,770,1,0,45.250000000002714,100.0,49.8,2.8474999999999726,0.01,Self
outcome_eta0.01,23,780,1,0,44.75000000000274,100.0,49.8,2.8524999999999725,0.01,Self
outcome_eta0.01,23,790,1,0,44.25000000000277,100.0,49.8,2.8574999999999724,0.01,Self
outcome_eta0.01,23,800,1,0,43.7500000000028,100.0,49.8,2.8624999999999723,0.01,Self
outcome_eta0.01,23,810,1,0,43.25000000000283,100.0,49.8,2.8674999999999717,0.01,Self
outcome_eta0.01,23,820,1,0,42.750000000002856,100.0,49.8,2.872499999999971,0.01,Self
outcome_eta0.01,23,830,1,0,42.250000000002885,100.0,49.8,2.877499999999971,0.01,Self
outcome_eta0.01,23,840,1,0,41.75000000000291,100.0,49.8,2.882499999999971,0.01,Self
outcome_eta0.01,23,850,1,0,41.25000000000294,100.0,49.8,2.887499999999971,0.01,Self
outcome_eta0.01,23,860,1,0,40.75000000000297,100.0,49.8,2.8924999999999703,0.01,Self
outcome_eta0.01,23,870,1,0,40.250000000003,100.0,49.8,2.8974999999999698,0.01,Self
outcome_eta0.01,23,880,1,0,39.75000000000303,100.0,49.8,2.9024999999999697,0.01,Self
outcome_eta0.01,23,890,1,0,39.250000000003055,100.0,49.8,2.9074999999999696,0.01,Self
outcome_eta0.01,23,900,1,0,38.750000000003084,100.0,49.8,2.9124999999999694,0.01,Self
outcome_eta0.01,23,910,1,0,38.25000000000311,100.0,49.8,2.917499999999969,0.01,Self
outcome_eta0.01,23,920,1,0,37.75000000000314,100.0,49.8,2.9224999999999683,0.01,Self
outcome_eta0.01,23,930,1,0,37.25000000000317,100.0,49.8,2.9274999999999682,0.01,Self
outcome_eta0.01,23,940,1,0,36.7500000000032,100.0,49.8,2.932499999999968,0.01,Self
outcome_eta0.01,23,950,1,0,36.250000000003226,100.0,49.8,2.937499999999968,0.01,Self
outcome_eta0.01,23,960,1,0,35.750000000003254,100.0,49.8,2.9424999999999675,0.01,Self
outcome_eta0.01,23,970,1,0,35.25000000000328,100.0,49.8,2.947499999999967,0.01,Self
outcome_eta0.01,23,980,1,0,34.75000000000331,100.0,49.8,2.952499999999967,0.01,Self
outcome_eta0.01,23,990,1,0,34.25000000000334,100.0,49.8,2.9574999999999667,0.01,Self
outcome_eta0.01,23,1000,1,0,33.75000000000337,100.0,49.8,2.9624999999999666,0.01,Self
outcome_eta0.01,24,1,1,1,99.0,0.5,49.8,0.27380989080472,0.01,Care
outcome_eta0.01,24,10,1,1,97.20000000000005,5.0,50.0,0.5695872649069619,0.01,Care
outcome_eta0.01,24,20,1,1,96.2000000000001,10.0,50.0,0.6307913964795252,0.01,Care
outcome_eta0.01,24,30,1,1,95.20000000000016,15.0,50.0,0.6919973765806503,0.01,Care
outcome_eta0.01,24,40,1,1,94.20000000000022,20.0,50.0,0.7532033587052211,0.01,Care
outcome_eta0.01,24,50,1,1,93.20000000000027,25.0,50.0,0.8144093408320071,0.01,Care
outcome_eta0.01,24,60,1,1,92.20000000000033,30.0,50.0,0.8756153229587955,0.01,Care
outcome_eta0.01,24,70,1,1,91.20000000000039,35.0,50.0,0.9368213050855837,0.01,Care
outcome_eta0.01,24,80,1,1,90.20000000000044,40.0,50.0,0.9980272872123722,0.01,Care
outcome_eta0.01,24,90,1,1,89.2000000000005,45.0,50.0,1.0592332693391606,0.01,Care
outcome_eta0.01,24,100,1,1,88.20000000000056,50.0,50.0,1.1204392514659487,0.01,Care
outcome_eta0.01,24,110,1,1,87.20000000000061,55.0,50.0,1.1816452335927372,0.01,Care
outcome_eta0.01,24,120,1,1,86.20000000000067,60.0,50.0,1.2428512157195257,0.01,Care
outcome_eta0.01,24,130,1,1,85.20000000000073,65.0,50.0,1.3040571978463138,0.01,Care
outcome_eta0.01,24,140,1,1,84.20000000000078,70.0,50.0,1.3652631799731023,0.01,Care
outcome_eta0.01,24,150,1,1,83.20000000000084,75.0,50.0,1.4264691620998904,0.01,Care
outcome_eta0.01,24,160,1,1,82.2000000000009,80.0,50.0,1.4876751442266791,0.01,Care
outcome_eta0.01,24,170,1,1,81.20000000000095,85.0,50.0,1.5488811263534674,0.01,Care
outcome_eta0.01,24,180,1,1,80.20000000000101,90.0,50.0,1.610087108480256,0.01,Care
outcome_eta0.01,24,190,1,1,79.20000000000107,95.0,50.0,1.6794960646271768,0.01,Care
outcome_eta0.01,24,200,1,0,77.30000000000112,100.0,49.8,1.7463074477912657,0.01,Forage
outcome_eta0.01,24,210,1,0,79.10000000000113,100.0,49.8,1.76447765530522,0.01,Forage
outcome_eta0.01,24,220,1,0,75.00000000000114,100.0,49.8,1.850700903806187,0.01,Forage
outcome_eta0.01,24,230,1,0,79.45000000000117,100.0,49.8,1.7166931584761902,0.01,Forage
outcome_eta0.01,24,240,1,0,78.9500000000012,100.0,49.8,1.621884719573834,0.01,Forage
outcome_eta0.01,24,250,1,0,78.45000000000122,100.0,49.8,1.5270668056044772,0.01,Forage
outcome_eta0.01,24,260,1,0,79.10000000000124,100.0,49.8,1.5094083610539641,0.01,Forage
outcome_eta0.01,24,270,1,0,78.60000000000127,100.0,49.8,1.51452052102895,0.01,Forage
outcome_eta0.01,24,280,1,0,78.1000000000013,100.0,49.8,1.519759165207423,0.01,Forage
outcome_eta0.01,24,290,1,0,77.60000000000133,100.0,49.8,1.524957974606749,0.01,Forage
outcome_eta0.01,24,300,1,0,77.10000000000136,100.0,49.8,1.5304986015140478,0.01,Forage
outcome_eta0.01,24,310,1,0,77.75000000000138,100.0,49.8,1.5248512425170166,0.01,Forage
outcome_eta0.01,24,320,1,0,77.2500000000014,100.0,49.8,1.5294661231593671,0.01,Forage
outcome_eta0.01,24,330,1,0,76.75000000000144,100.0,49.8,1.534975606745557,0.01,Forage
outcome_eta0.01,24,340,1,0,76.25000000000146,100.0,49.8,1.5404000652929168,0.01,Forage
outcome_eta0.01,24,350,1,0,75.75000000000149,100.0,49.8,1.5458158968731746,0.01,Forage
outcome_eta0.01,24,360,1,0,75.45000000000151,100.0,49.8,1.5503466977656528,0.01,Forage
outcome_eta0.01,24,370,1,0,74.95000000000154,100.0,49.8,1.5545318276389113,0.01,Forage
outcome_eta0.01,24,380,1,0,74.45000000000157,100.0,49.8,1.559898707102899,0.01,Forage
outcome_eta0.01,24,390,1,0,73.9500000000016,100.0,49.8,1.565311169960824,0.01,Forage
outcome_eta0.01,24,400,1,0,73.45000000000162,100.0,49.8,1.5707262997210187,0.01,Forage
outcome_eta0.01,24,410,1,0,76.95000000000165,100.0,49.8,1.5334451506721951,0.01,Forage
outcome_eta0.01,24,420,1,0,76.45000000000168,100.0,49.8,1.5382711369645024,0.01,Forage
outcome_eta0.01,24,430,1,0,75.95000000000171,100.0,49.8,1.543651954509857,0.01,Forage
outcome_eta0.01,24,440,1,0,75.45000000000174,100.0,49.8,1.5490652328287289,0.01,Forage
outcome_eta0.01,24,450,1,0,74.95000000000176,100.0,49.8,1.5544804102982988,0.01,Forage
outcome_eta0.01,24,460,1,0,78.4500000000018,100.0,49.8,1.5172024176566918,0.01,Forage
outcome_eta0.01,24,470,1,0,77.95000000000182,100.0,49.8,1.522025435021226,0.01,Forage
outcome_eta0.01,24,480,1,0,77.45000000000185,100.0,49.8,1.5274060788470991,0.01,Forage
outcome_eta0.01,24,490,1,0,76.95000000000188,100.0,49.8,1.5328193470023352,0.01,Forage
outcome_eta0.01,24,500,1,0,76.4500000000019,100.0,49.8,1.5382345238772714,0.01,Forage
outcome_eta0.01,24,510,1,0,76.15000000000192,100.0,49.8,1.5427681856579332,0.01,Forage
outcome_eta0.01,24,520,1,0,75.65000000000195,100.0,49.8,1.5469526970930771,0.01,Forage
outcome_eta0.01,24,530,1,0,75.15000000000198,100.0,49.8,1.5523174269997053,0.01,Forage
outcome_eta0.01,24,540,1,0,74.65000000000201,100.0,49.8,1.5577297640955003,0.01,Forage
outcome_eta0.01,24,550,1,0,74.15000000000204,100.0,49.8,1.5631448864978534,0.01,Forage
outcome_eta0.01,24,560,1,0,76.70000000000206,100.0,49.8,1.536191413915124,0.01,Forage
outcome_eta0.01,24,570,1,0,76.20000000000209,100.0,49.8,1.5409809237126302,0.01,Forage
outcome_eta0.01,24,580,1,0,75.70000000000212,100.0,49.8,1.5463597273975282,0.01,Forage
outcome_eta0.01,24,590,1,0,75.20000000000215,100.0,49.8,1.5517728878934376,0.01,Forage
outcome_eta0.01,24,600,1,0,74.70000000000218,100.0,49.8,1.5571880584696551,0.01,Forage
outcome_eta0.01,24,610,1,0,75.3500000000022,100.0,49.8,1.5511353997711281,0.01,Forage
outcome_eta0.01,24,620,1,0,74.85000000000223,100.0,49.8,1.5556060345857226,0.01,Forage
outcome_eta0.01,24,630,1,0,74.35000000000225,100.0,49.8,1.5609812482966534,0.01,Forage
outcome_eta0.01,24,640,1,0,73.85000000000228,100.0,49.8,1.5663941987575456,0.01,Forage
outcome_eta0.01,24,650,1,0,73.35000000000231,100.0,49.8,1.57180935704545,0.01,Forage
outcome_eta0.01,24,660,1,0,64.30000000000231,100.0,49.8,1.7111003854804276,0.01,Forage
outcome_eta0.01,24,670,1,0,68.75000000000234,100.0,49.8,1.621432011230376,0.01,Forage
outcome_eta0.01,24,680,1,0,68.25000000000237,100.0,49.8,1.627023605534034,0.01,Forage
outcome_eta0.01,24,690,1,0,67.7500000000024,100.0,49.8,1.6324593850506792,0.01,Forage
outcome_eta0.01,24,700,1,0,67.25000000000243,100.0,49.8,1.637875878975811,0.01,Forage
outcome_eta0.01,24,710,1,0,70.75000000000246,100.0,49.8,1.6005817750895925,0.01,Forage
outcome_eta0.01,24,720,1,0,70.25000000000249,100.0,49.8,1.6054200380152686,0.01,Forage
outcome_eta0.01,24,730,1,0,69.75000000000252,100.0,49.8,1.6108015738974926,0.01,Forage
outcome_eta0.01,24,740,1,0,69.25000000000254,100.0,49.8,1.6162148942433965,0.01,Forage
outcome_eta0.01,24,750,1,0,68.75000000000257,100.0,49.8,1.6216300741718008,0.01,Forage
outcome_eta0.01,24,760,1,0,69.40000000000259,100.0,49.8,1.6155267274216731,0.01,Forage
outcome_eta0.01,24,770,1,0,68.90000000000262,100.0,49.8,1.6200334408952988,0.01,Forage
outcome_eta0.01,24,780,1,0,68.40000000000265,100.0,49.8,1.6254224098084613,0.01,Forage
outcome_eta0.01,24,790,1,0,67.90000000000268,100.0,49.8,1.6308361650315728,0.01,Forage
outcome_eta0.01,24,800,1,0,67.4000000000027,100.0,49.8,1.6362513704029122,0.01,Forage
outcome_eta0.01,24,810,1,0,67.10000000000271,100.0,49.8,1.6407475503349926,0.01,Forage
outcome_eta0.01,24,820,1,0,66.60000000000274,100.0,49.8,1.644940029166357,0.01,Forage
outcome_eta0.01,24,830,1,0,66.10000000000277,100.0,49.8,1.6503325484183309,0.01,Forage
outcome_eta0.01,24,840,1,0,65.6000000000028,100.0,49.8,1.6557465113592054,0.01,Forage
outcome_eta0.01,24,850,1,0,65.10000000000282,100.0,49.8,1.6611617288832847,0.01,Forage
outcome_eta0.01,24,860,1,0,65.75000000000284,100.0,49.8,1.6550272896544727,0.01,Forage
outcome_eta0.01,24,870,1,0,65.25000000000287,100.0,49.8,1.659556135516724,0.01,Forage
outcome_eta0.01,24,880,1,0,64.7500000000029,100.0,49.8,1.6649535425002595,0.01,Forage
outcome_eta0.01,24,890,1,0,64.25000000000293,100.0,49.8,1.6703677914013353,0.01,Forage
outcome_eta0.01,24,900,1,0,63.750000000002956,100.0,49.8,1.6757830256558082,0.01,Forage
outcome_eta0.01,24,910,1,0,65.35000000000296,100.0,49.8,1.6591417694117405,0.01,Forage
outcome_eta0.01,24,920,1,0,64.85000000000299,100.0,49.8,1.6639069009033476,0.01,Forage
outcome_eta0.01,24,930,1,0,64.35000000000302,100.0,49.8,1.6692868629471735,0.01,Forage
outcome_eta0.01,24,940,1,0,63.85000000000305,100.0,49.8,1.674700091214055,0.01,Forage
outcome_eta0.01,24,950,1,0,63.35000000000308,100.0,49.8,1.6801152657552825,0.01,Forage
outcome_eta0.01,24,960,1,0,64.0000000000031,100.0,49.8,1.6739659155882896,0.01,Forage
outcome_eta0.01,24,970,1,0,63.500000000003126,100.0,49.8,1.6785053726744321,0.01,Forage
outcome_eta0.01,24,980,1,0,63.000000000003155,100.0,49.8,1.683906825298307,0.01,Forage
outcome_eta0.01,24,990,1,0,62.50000000000318,100.0,49.8,1.6893213108937215,0.01,Forage
outcome_eta0.01,24,1000,1,0,62.00000000000321,100.0,49.8,1.6947365589962384,0.01,Forage
outcome_eta0.01,25,1,1,1,99.95,0.5,49.8,0.07166685482585781,0.01,Forage
outcome_eta0.01,25,10,1,1,99.50000000000003,5.0,47.99999999999997,0.3158025325956344,0.01,Forage
outcome_eta0.01,25,20,1,1,99.00000000000006,10.0,45.99999999999994,0.8492050593271921,0.01,Forage
outcome_eta0.01,25,30,1,1,98.50000000000009,15.0,43.999999999999915,1.3758355337675574,0.01,Forage
outcome_eta0.01,25,40,1,1,98.00000000000011,20.0,41.999999999999886,1.4817047236438399,0.01,Forage
outcome_eta0.01,25,50,1,1,97.50000000000014,25.0,39.99999999999986,1.587573913520122,0.01,Forage
outcome_eta0.01,25,60,1,1,89.35000000000015,30.0,37.99999999999983,1.9379618370880143,0.01,Forage
outcome_eta0.01,25,70,1,1,87.85000000000018,15.0,35.9999999999998,1.0080983992034032,0.01,Forage
outcome_eta0.01,25,80,1,1,87.35000000000021,20.0,33.99999999999977,1.1142324856846382,0.01,Forage
outcome_eta0.01,25,90,1,1,86.85000000000024,25.0,31.999999999999748,1.2203614210706746,0.01,Forage
outcome_eta0.01,25,100,1,1,86.35000000000026,30.0,29.999999999999755,1.3264903564136792,0.01,Forage
outcome_eta0.01,25,110,1,1,77.30000000000027,35.0,27.999999999999762,1.5037846308035776,0.01,Forage
outcome_eta0.01,25,120,1,1,68.20000000000027,40.0,25.99999999999977,2.6305885847641743,0.01,Forage
outcome_eta0.01,25,130,1,1,67.40000000000032,25.0,28.999999999999776,1.5081025245150776,0.01,Forage
outcome_eta0.01,25,140,1,1,66.90000000000035,30.0,26.999999999999783,1.5558721127894295,0.01,Forage
outcome_eta0.01,25,150,1,1,66.40000000000038,35.0,24.99999999999979,1.6812480263909968,0.01,Forage
outcome_eta0.01,25,160,1,1,58.25000000000038,40.0,22.999999999999797,2.3609400322969045,0.01,Forage
outcome_eta0.01,25,170,1,1,57.25000000000036,25.0,29.999999999999805,1.6534654482218334,0.01,Care
outcome_eta0.01,25,180,1,1,56.75000000000039,30.0,27.99999999999981,1.6967969652457333,0.01,Forage
outcome_eta0.01,25,190,1,1,56.15000000000041,35.0,27.99999999999982,1.7893401819723822,0.01,Care
outcome_eta0.01,25,200,1,1,55.55000000000043,40.0,27.999999999999826,1.8600751350177296,0.01,Care
outcome_eta0.01,25,210,1,1,47.40000000000043,45.0,25.999999999999833,2.7739593033035934,0.01,Forage
outcome_eta0.01,25,220,1,1,43.00000000000044,30.0,24.99999999999984,1.9971253640609796,0.01,Forage
outcome_eta0.01,25,230,1,1,42.50000000000047,35.0,22.999999999999847,2.079553267314078,0.01,Forage
outcome_eta0.01,25,240,1,1,42.0000000000005,40.0,20.999999999999854,2.2168288338612907,0.01,Forage
outcome_eta0.01,25,250,1,1,41.500000000000526,45.0,18.99999999999986,2.3325553117708644,0.01,Forage
outcome_eta0.01,25,260,1,1,33.35000000000053,50.0,16.99999999999987,3.1599117398630554,0.01,Forage
outcome_eta0.01,25,270,1,1,30.85000000000052,35.0,15.999999999999876,2.406547276970924,0.01,Forage
outcome_eta0.01,25,280,1,1,30.300000000000512,40.0,14.999999999999883,2.5052329006422505,0.01,Forage
outcome_eta0.01,25,290,1,1,29.800000000000505,45.0,12.99999999999989,2.643232578332733,0.01,Forage
outcome_eta0.01,25,300,1,1,29.300000000000498,50.0,10.999999999999897,2.758911031515474,0.01,Forage
outcome_eta0.01,25,310,1,1,29.950000000000493,55.0,8.999999999999904,3.4431732952261314,0.01,Forage
outcome_eta0.01,25,320,1,1,29.450000000000486,60.0,6.999999999999906,3.572684589971516,0.01,Forage
outcome_eta0.01,25,330,1,1,28.95000000000048,65.0,4.999999999999904,3.688892620481393,0.01,Forage
outcome_eta0.01,25,340,1,1,28.450000000000472,70.0,2.9999999999999023,3.8043154542045903,0.01,Forage
outcome_eta0.01,25,350,1,1,27.950000000000465,75.0,0.9999999999999019,3.919729879180209,0.01,Forage
outcome_eta0.01,25,360,1,0,29.50000000000046,77.5,0.0,2.2142343837053446,0.01,Forage
outcome_eta0.01,25,370,1,0,29.00000000000045,77.5,0.0,2.2199855586014205,0.01,Forage
outcome_eta0.01,25,380,1,0,28.500000000000444,77.5,0.0,2.2271950771329143,0.01,Forage
outcome_eta0.01,25,390,1,0,28.000000000000437,77.5,0.0,2.234264283063427,0.01,Forage
outcome_eta0.01,25,400,1,0,27.50000000000043,77.5,0.0,2.2413319863728596,0.01,Forage
outcome_eta0.01,25,410,1,0,27.200000000000426,77.5,0.0,2.2441168578803783,0.01,Forage
outcome_eta0.01,25,420,1,0,26.70000000000042,77.5,0.0,2.251301399894395,0.01,Forage
outcome_eta0.01,25,430,1,0,26.20000000000041,77.5,0.0,2.2596936346045338,0.01,Forage
outcome_eta0.01,25,440,1,0,25.700000000000404,77.5,0.0,2.2667755063558612,0.01,Forage
outcome_eta0.01,25,450,1,0,25.200000000000397,77.5,0.0,2.2738433453047815,0.01,Forage
outcome_eta0.01,25,460,1,0,23.000000000000394,77.5,0.0,2.3448275437908697,0.01,Forage
outcome_eta0.01,25,470,1,0,22.500000000000387,77.5,0.0,2.301786792911538,0.01,Forage
outcome_eta0.01,25,480,1,0,22.00000000000038,77.5,0.0,2.31896707273653,0.01,Forage
outcome_eta0.01,25,490,1,0,21.500000000000373,77.5,0.0,2.3261430587327165,0.01,Forage
outcome_eta0.01,25,500,1,0,21.000000000000366,77.5,0.0,2.333211905560098,0.01,Forage
outcome_eta0.01,25,510,1,0,24.50000000000036,77.5,0.0,2.282938501211794,0.01,Forage
outcome_eta0.01,25,520,1,0,24.00000000000035,77.5,0.0,2.290797232779174,0.01,Forage
outcome_eta0.01,25,530,1,0,23.500000000000345,77.5,0.0,2.2978733911943676,0.01,Forage
outcome_eta0.01,25,540,1,0,23.000000000000338,77.5,0.0,2.3049411689586243,0.01,Forage
outcome_eta0.01,25,550,1,0,22.50000000000033,77.5,0.0,2.3120088569736876,0.01,Forage
outcome_eta0.01,25,560,1,0,19.35000000000033,77.5,0.0,2.407493053843411,0.01,Forage
outcome_eta0.01,25,570,1,0,18.85000000000032,77.5,0.0,2.3343040700436677,0.01,Forage
outcome_eta0.01,25,580,1,0,18.350000000000314,77.5,0.0,2.3701835275627974,0.01,Forage
outcome_eta0.01,25,590,1,0,17.850000000000307,77.5,0.0,2.377733129747022,0.01,Forage
outcome_eta0.01,25,600,1,0,17.3500000000003,77.5,0.0,2.3848059776659385,0.01,Forage
outcome_eta0.01,25,610,1,0,15.150000000000299,77.5,0.0,2.4557902297935663,0.01,Forage
outcome_eta0.01,25,620,1,0,14.650000000000292,77.5,0.0,2.4113311834494033,0.01,Forage
outcome_eta0.01,25,630,1,0,14.150000000000285,77.5,0.0,2.429914570346485,0.01,Forage
outcome_eta0.01,25,640,1,0,13.650000000000277,77.5,0.0,2.437105582655913,0.01,Forage
outcome_eta0.01,25,650,1,0,13.15000000000027,77.5,0.0,2.4441745904015217,0.01,Forage
outcome_eta0.01,25,660,1,0,13.800000000000267,77.5,0.0,2.4230998313428787,0.01,Forage
outcome_eta0.01,25,670,1,0,13.30000000000026,77.5,0.0,2.4409815655316116,0.01,Forage
outcome_eta0.01,25,680,1,0,12.800000000000253,77.5,0.0,2.449110497627625,0.01,Forage
outcome_eta0.01,25,690,1,0,12.300000000000246,77.5,0.0,2.4561895496460435,0.01,Forage
outcome_eta0.01,25,700,1,0,11.800000000000239,77.5,0.0,2.4632573583981747,0.01,Forage
outcome_eta0.01,25,710,1,0,2.750000000000238,77.5,0.0,2.621741556560883,0.01,Forage
outcome_eta0.01,25,720,1,0,7.20000000000024,77.5,0.0,2.488837498219916,0.01,Forage
outcome_eta0.01,25,730,1,0,6.700000000000242,77.5,0.0,2.5344332856882428,0.01,Forage
outcome_eta0.01,25,740,1,0,6.2000000000002435,77.5,0.0,2.5424056613292376,0.01,Forage
outcome_eta0.01,25,750,1,0,5.700000000000245,77.5,0.0,2.5494830367695878,0.01,Forage
outcome_eta0.01,25,760,1,0,5.400000000000246,77.5,0.0,2.5493676783211003,0.01,Forage
outcome_eta0.01,25,770,1,0,4.900000000000248,77.5,0.0,2.558879325436763,0.01,Forage
outcome_eta0.01,25,780,1,0,4.40000000000025,77.5,0.0,2.5678386509320896,0.01,Forage
outcome_eta0.01,25,790,1,0,3.9000000000002517,77.5,0.0,2.57492659571294,0.01,Forage
outcome_eta0.01,25,800,1,0,3.4000000000002535,77.5,0.0,2.5819944996985154,0.01,Forage
outcome_eta0.01,26,1,1,1,99.0,0.5,49.8,0.1822263749717604,0.01,Care
outcome_eta0.01,26,10,1,1,94.50000000000003,5.0,50.0,0.5988787054830391,0.01,Care
outcome_eta0.01,26,20,1,1,93.50000000000009,10.0,50.0,0.6786102101675215,0.01,Care
outcome_eta0.01,26,30,1,1,92.50000000000014,15.0,50.0,0.7583465236706047,0.01,Care
outcome_eta0.01,26,40,1,1,91.5000000000002,20.0,50.0,0.8380828371739981,0.01,Care
outcome_eta0.01,26,50,1,1,90.50000000000026,25.0,50.0,0.9178191506773914,0.01,Care
outcome_eta0.01,26,60,1,1,89.50000000000031,30.0,50.0,0.9975554641807849,0.01,Care
outcome_eta0.01,26,70,1,1,88.50000000000037,35.0,50.0,1.0772917776841782,0.01,Care
outcome_eta0.01,26,80,1,1,87.50000000000043,40.0,50.0,1.1570280911875717,0.01,Care
outcome_eta0.01,26,90,1,1,86.50000000000048,45.0,50.0,1.236764404690965,0.01,Care
outcome_eta0.01,26,100,1,1,85.50000000000054,50.0,50.0,1.3165007181943584,0.01,Care
outcome_eta0.01,26,110,1,1,84.5000000000006,55.0,50.0,1.3962370316977517,0.01,Care
outcome_eta0.01,26,120,1,1,83.50000000000065,60.0,50.0,1.475973345201145,0.01,Care
outcome_eta0.01,26,130,1,1,82.50000000000071,65.0,50.0,1.5557096587045387,0.01,Care
outcome_eta0.01,26,140,1,1,81.50000000000077,70.0,50.0,1.6354459722079318,0.01,Care
outcome_eta0.01,26,150,1,1,80.50000000000082,75.0,50.0,1.7151822857113252,0.01,Care
outcome_eta0.01,26,160,1,1,79.50000000000088,80.0,50.0,1.800366936760134,0.01,Care
outcome_eta0.01,26,170,1,1,78.50000000000094,85.0,50.0,1.8918204078914789,0.01,Care
outcome_eta0.01,26,180,1,1,77.500000000001,90.0,50.0,1.9832745747957898,0.01,Care
outcome_eta0.01,26,190,1,1,76.50000000000105,95.0,50.0,2.07472874170014,0.01,Care
outcome_eta0.01,26,200,1,0,74.6000000000011,100.0,49.8,1.932588987233638,0.01,Forage
outcome_eta0.01,26,210,1,0,82.30000000000112,100.0,49.8,1.7643359034141524,0.01,Forage
outcome_eta0.01,26,220,1,0,82.00000000000114,100.0,49.8,1.748142824187162,0.01,Forage
outcome_eta0.01,26,230,1,0,81.50000000000117,100.0,49.8,1.648000000030017,0.01,Forage
outcome_eta0.01,26,240,1,0,81.0000000000012,100.0,49.8,1.5480000000000005,0.01,Forage
outcome_eta0.01,26,250,1,0,80.50000000000122,100.0,49.8,1.5,0.01,Forage
outcome_eta0.01,26,260,1,0,83.05000000000125,100.0,49.8,1.5000001347000398,0.01,Forage
outcome_eta0.01,26,270,1,0,82.55000000000128,100.0,49.8,1.5000000000000004,0.01,Forage
outcome_eta0.01,26,280,1,0,82.0500000000013,100.0,49.8,1.5,0.01,Forage
outcome_eta0.01,26,290,1,0,81.55000000000133,100.0,49.8,1.5,0.01,Forage
outcome_eta0.01,26,300,1,0,81.05000000000136,100.0,49.8,1.5,0.01,Forage
outcome_eta0.01,26,310,1,0,83.60000000000139,100.0,49.8,1.5000000826313142,0.01,Forage
outcome_eta0.01,26,320,1,0,83.10000000000142,100.0,49.8,1.5000000000000004,0.01,Forage
outcome_eta0.01,26,330,1,0,82.60000000000144,100.0,49.8,1.5,0.01,Forage
outcome_eta0.01,26,340,1,0,82.10000000000147,100.0,49.8,1.5,0.01,Forage
outcome_eta0.01,26,350,1,0,81.6000000000015,100.0,49.8,1.5,0.01,Forage
outcome_eta0.01,26,360,1,0,79.40000000000151,100.0,49.8,1.5397733754605305,0.01,Forage
outcome_eta0.01,26,370,1,0,78.90000000000154,100.0,49.8,1.512465929895141,0.01,Forage
outcome_eta0.01,26,380,1,0,78.40000000000157,100.0,49.8,1.5184158178594944,0.01,Forage
outcome_eta0.01,26,390,1,0,77.9000000000016,100.0,49.8,1.5245619488797064,0.01,Forage
outcome_eta0.01,26,400,1,0,77.40000000000163,100.0,49.8,1.5309486892122814,0.01,Forage
outcome_eta0.01,26,410,1,0,75.20000000000164,100.0,49.8,1.5940530585604085,0.01,Forage
outcome_eta0.01,26,420,1,0,74.70000000000167,100.0,49.8,1.5649837787769871,0.01,Forage
outcome_eta0.01,26,430,1,0,74.2000000000017,100.0,49.8,1.5745054389356414,0.01,Forage
outcome_eta0.01,26,440,1,0,73.70000000000172,100.0,49.8,1.5839433331143908,0.01,Forage
outcome_eta0.01,26,450,1,0,73.20000000000175,100.0,49.8,1.5907410545389369,0.01,Forage
outcome_eta0.01,26,460,1,0,73.85000000000177,100.0,49.8,1.5840441353859922,0.01,Forage
outcome_eta0.01,26,470,1,0,73.3500000000018,100.0,49.8,1.5887005519437167,0.01,Forage
outcome_eta0.01,26,480,1,0,72.85000000000183,100.0,49.8,1.5954438368026795,0.01,Forage
outcome_eta0.01,26,490,1,0,72.35000000000186,100.0,49.8,1.6021618225958192,0.01,Forage
outcome_eta0.01,26,500,1,0,71.85000000000188,100.0,49.8,1.6088796766859712,0.01,Forage
outcome_eta0.01,26,510,1,0,72.5000000000019,100.0,49.8,1.6020176810289701,0.01,Forage
outcome_eta0.01,26,520,1,0,72.00000000000193,100.0,49.8,1.6068303598105196,0.01,Forage
outcome_eta0.01,26,530,1,0,71.50000000000196,100.0,49.8,1.6135819972757544,0.01,Forage
outcome_eta0.01,26,540,1,0,71.00000000000199,100.0,49.8,1.6203000265508631,0.01,Forage
outcome_eta0.01,26,550,1,0,70.50000000000202,100.0,49.8,1.6270178808673696,0.01,Forage
outcome_eta0.01,26,560,1,0,70.20000000000203,100.0,49.8,1.6351520326271194,0.01,Forage
outcome_eta0.01,26,570,1,0,69.70000000000206,100.0,49.8,1.6376839007787842,0.01,Forage
outcome_eta0.01,26,580,1,0,69.20000000000209,100.0,49.8,1.6444838699695792,0.01,Forage
outcome_eta0.01,26,590,1,0,68.70000000000212,100.0,49.8,1.6512021508784775,0.01,Forage
outcome_eta0.01,26,600,1,0,68.20000000000215,100.0,49.8,1.6579200065049164,0.01,Forage
outcome_eta0.01,26,610,1,0,68.85000000000217,100.0,49.8,1.6506128175648929,0.01,Forage
outcome_eta0.01,26,620,1,0,68.3500000000022,100.0,49.8,1.6558479884642232,0.01,Forage
outcome_eta0.01,26,630,1,0,67.85000000000223,100.0,49.8,1.6626222089250595,0.01,Forage
outcome_eta0.01,26,640,1,0,67.35000000000225,100.0,49.8,1.6693403557626487,0.01,Forage
outcome_eta0.01,26,650,1,0,66.85000000000228,100.0,49.8,1.6760582106911515,0.01,Forage
outcome_eta0.01,26,660,1,0,57.800000000002285,100.0,49.8,1.830980948466542,0.01,Forage
outcome_eta0.01,26,670,1,0,62.25000000000231,100.0,49.8,1.7327806631662277,0.01,Forage
outcome_eta0.01,26,680,1,0,61.75000000000234,100.0,49.8,1.744506661534306,0.01,Forage
outcome_eta0.01,26,690,1,0,61.250000000002366,100.0,49.8,1.7512977853679592,0.01,Forage
outcome_eta0.01,26,700,1,0,60.750000000002395,100.0,49.8,1.7580160201948392,0.01,Forage
outcome_eta0.01,26,710,1,0,61.40000000000241,100.0,49.8,1.7498001510329462,0.01,Forage
outcome_eta0.01,26,720,1,0,60.900000000002436,100.0,49.8,1.7558976688669512,0.01,Forage
outcome_eta0.01,26,730,1,0,60.400000000002464,100.0,49.8,1.7627179833873439,0.01,Forage
outcome_eta0.01,26,740,1,0,59.90000000000249,100.0,49.8,1.7694363701812295,0.01,Forage
outcome_eta0.01,26,750,1,0,59.40000000000252,100.0,49.8,1.7761542263588745,0.01,Forage
outcome_eta0.01,26,760,1,0,61.00000000000254,100.0,49.8,1.7538052330837817,0.01,Forage
outcome_eta0.01,26,770,1,0,60.500000000002565,100.0,49.8,1.7613631012629742,0.01,Forage
outcome_eta0.01,26,780,1,0,60.00000000000259,100.0,49.8,1.7680927406169178,0.01,Forage
outcome_eta0.01,26,790,1,0,59.50000000000262,100.0,49.8,1.774810655372148,0.01,Forage
outcome_eta0.01,26,800,1,0,59.00000000000265,100.0,49.8,1.7815285090924977,0.01,Forage
outcome_eta0.01,26,810,1,0,58.70000000000266,100.0,49.8,1.7888788546211134,0.01,Forage
outcome_eta0.01,26,820,1,0,58.20000000000269,100.0,49.8,1.792073529611579,0.01,Forage
outcome_eta0.01,26,830,1,0,57.70000000000272,100.0,49.8,1.798993868261365,0.01,Forage
outcome_eta0.01,26,840,1,0,57.200000000002746,100.0,49.8,1.8057127758212528,0.01,Forage
outcome_eta0.01,26,850,1,0,56.700000000002774,100.0,49.8,1.812430634709854,0.01,Forage
outcome_eta0.01,26,860,1,0,57.35000000000279,100.0,49.8,1.803720781993185,0.01,Forage
outcome_eta0.01,26,870,1,0,56.850000000002815,100.0,49.8,1.8102870924416479,0.01,Forage
outcome_eta0.01,26,880,1,0,56.350000000002844,100.0,49.8,1.8171324648064349,0.01,Forage
outcome_eta0.01,26,890,1,0,55.85000000000287,100.0,49.8,1.8238509820463604,0.01,Forage
outcome_eta0.01,26,900,1,0,55.3500000000029,100.0,49.8,1.8305688389030697,0.01,Forage
outcome_eta0.01,26,910,1,0,56.950000000002916,100.0,49.8,1.807685024289204,0.01,Forage
outcome_eta0.01,26,920,1,0,56.450000000002944,100.0,49.8,1.8157733842695243,0.01,Forage
outcome_eta0.01,26,930,1,0,55.95000000000297,100.0,49.8,1.8225073306263286,0.01,Forage
outcome_eta0.01,26,940,1,0,55.450000000003,100.0,49.8,1.8292252678025687,0.01,Forage
outcome_eta0.01,26,950,1,0,54.95000000000303,100.0,49.8,1.8359431216396356,0.01,Forage
outcome_eta0.01,26,960,1,0,57.50000000000305,100.0,49.8,1.8002110803405316,0.01,Forage
outcome_eta0.01,26,970,1,0,57.00000000000308,100.0,49.8,1.8083909857589937,0.01,Forage
outcome_eta0.01,26,980,1,0,56.500000000003105,100.0,49.8,1.8151177295758407,0.01,Forage
outcome_eta0.01,26,990,1,0,56.00000000000313,100.0,49.8,1.8218356292577202,0.01,Forage
outcome_eta0.01,26,1000,1,0,55.50000000000316,100.0,49.8,1.828553482899602,0.01,Forage
outcome_eta0.01,27,1,1,1,99.0,0.5,49.8,0.37384291771701805,0.01,Care
outcome_eta0.01,27,10,1,1,98.10000000000005,5.0,50.0,0.5707412978147606,0.01,Care
outcome_eta0.01,27,20,1,1,97.10000000000011,10.0,50.0,0.6374764210234286,0.01,Care
outcome_eta0.01,27,30,1,1,96.10000000000016,15.0,50.0,0.7038627508884697,0.01,Care
outcome_eta0.01,27,40,1,1,95.10000000000022,20.0,50.0,0.770181413615942,0.01,Care
outcome_eta0.01,27,50,1,1,94.10000000000028,25.0,50.0,0.836488845786418,0.01,Care
outcome_eta0.01,27,60,1,1,93.10000000000034,30.0,50.0,0.9027944994626731,0.01,Care
outcome_eta0.01,27,70,1,1,92.10000000000039,35.0,50.0,0.9690998759882631,0.01,Care
outcome_eta0.01,27,80,1,1,91.10000000000045,40.0,50.0,1.035405209572183,0.01,Care
outcome_eta0.01,27,90,1,1,90.1000000000005,45.0,50.0,1.101710536516627,0.01,Care
outcome_eta0.01,27,100,1,1,89.10000000000056,50.0,50.0,1.1680158624352845,0.01,Care
outcome_eta0.01,27,110,1,1,88.10000000000062,55.0,50.0,1.234321188195504,0.01,Care
outcome_eta0.01,27,120,1,1,87.10000000000068,60.0,50.0,1.3006265139312543,0.01,Care
outcome_eta0.01,27,130,1,1,86.10000000000073,65.0,50.0,1.3669318396632262,0.01,Care
outcome_eta0.01,27,140,1,1,85.10000000000079,70.0,50.0,1.433237165394614,0.01,Care
outcome_eta0.01,27,150,1,1,84.10000000000085,75.0,50.0,1.4995424911259123,0.01,Care
outcome_eta0.01,27,160,1,1,83.1000000000009,80.0,50.0,1.5658478168571963,0.01,Care
outcome_eta0.01,27,170,1,1,82.10000000000096,85.0,50.0,1.6321531425884785,0.01,Care
outcome_eta0.01,27,180,1,1,81.10000000000102,90.0,50.0,1.69845846831976,0.01,Care
outcome_eta0.01,27,190,1,1,80.10000000000107,95.0,50.0,1.7647637940510417,0.01,Care
outcome_eta0.01,27,200,1,0,78.20000000000113,100.0,49.8,1.851863474730901,0.01,Forage
outcome_eta0.01,27,210,1,0,80.00000000000114,100.0,49.8,1.794434046458795,0.01,Forage
outcome_eta0.01,27,220,1,0,81.80000000000115,100.0,49.8,1.8099564841687035,0.01,Forage
outcome_eta0.01,27,230,1,0,81.30000000000118,100.0,49.8,1.7008466664638013,0.01,Forage
outcome_eta0.01,27,240,1,0,80.8000000000012,100.0,49.8,1.5934240859058315,0.01,Forage
outcome_eta0.01,27,250,1,0,80.30000000000123,100.0,49.8,1.5001140339050147,0.01,Forage
outcome_eta0.01,27,260,1,0,80.00000000000125,100.0,49.8,1.5120129673689107,0.01,Forage
outcome_eta0.01,27,270,1,0,79.50000000000128,100.0,49.8,1.5077969911477531,0.01,Forage
outcome_eta0.01,27,280,1,0,79.00000000000131,100.0,49.8,1.5158288684708299,0.01,Forage
outcome_eta0.01,27,290,1,0,78.50000000000134,100.0,49.8,1.5268201939799764,0.01,Forage
outcome_eta0.01,27,300,1,0,78.00000000000136,100.0,49.8,1.5403604753757822,0.01,Forage
outcome_eta0.01,27,310,1,0,76.75000000000138,100.0,49.8,1.593589403550077,0.01,Forage
outcome_eta0.01,27,320,1,0,76.2500000000014,100.0,49.8,1.5984878483904659,0.01,Forage
outcome_eta0.01,27,330,1,0,75.75000000000144,100.0,49.8,1.615850084639158,0.01,Forage
outcome_eta0.01,27,340,1,0,75.25000000000146,100.0,49.8,1.6366957328979594,0.01,Forage
outcome_eta0.01,27,350,1,0,74.75000000000149,100.0,49.8,1.6556162755189496,0.01,Forage
outcome_eta0.01,27,360,1,0,71.6000000000015,100.0,49.8,1.7651848355143258,0.01,Forage
outcome_eta0.01,27,370,1,0,71.10000000000153,100.0,49.8,1.7562369163460592,0.01,Forage
outcome_eta0.01,27,380,1,0,70.60000000000156,100.0,49.8,1.7800296873354018,0.01,Forage
outcome_eta0.01,27,390,1,0,70.10000000000159,100.0,49.8,1.8058243843996582,0.01,Forage
outcome_eta0.01,27,400,1,0,69.60000000000161,100.0,49.8,1.8266306629676805,0.01,Forage
outcome_eta0.01,27,410,1,0,60.55000000000162,100.0,49.8,1.9999650204244894,0.01,Forage
outcome_eta0.01,27,420,1,0,65.00000000000163,100.0,49.8,1.942988190274237,0.01,Forage
outcome_eta0.01,27,430,1,0,64.50000000000166,100.0,49.8,1.968276015504998,0.01,Forage
outcome_eta0.01,27,440,1,0,64.00000000000169,100.0,49.8,2.0028735406632854,0.01,Forage
outcome_eta0.01,27,450,1,0,63.50000000000172,100.0,49.8,2.027804852353805,0.01,Forage
outcome_eta0.01,27,460,1,0,63.20000000000173,100.0,49.8,2.0597744245580074,0.01,Forage
outcome_eta0.01,27,470,1,0,62.70000000000176,100.0,49.8,2.0517207371995902,0.01,Forage
outcome_eta0.01,27,480,1,0,62.200000000001786,100.0,49.8,2.0721711195281225,0.01,Forage
outcome_eta0.01,27,490,1,0,61.700000000001815,100.0,49.8,2.091728361049781,0.01,Forage
outcome_eta0.01,27,500,1,0,61.20000000000184,100.0,49.8,2.109692048777944,0.01,Forage
outcome_eta0.01,27,510,1,0,63.75000000000186,100.0,49.8,2.0733062130524598,0.01,Forage
outcome_eta0.01,27,520,1,0,63.25000000000189,100.0,49.8,2.0587689478742743,0.01,Forage
outcome_eta0.01,27,530,1,0,62.75000000000192,100.0,49.8,2.065428257885533,0.01,Forage
outcome_eta0.01,27,540,1,0,62.25000000000195,100.0,49.8,2.078180503468086,0.01,Forage
outcome_eta0.01,27,550,1,0,61.750000000001975,100.0,49.8,2.0932862266212124,0.01,Forage
outcome_eta0.01,27,560,1,0,62.40000000000199,100.0,49.8,2.1007941391367986,0.01,Forage
outcome_eta0.01,27,570,1,0,61.90000000000202,100.0,49.8,2.0839555089834283,0.01,Forage
outcome_eta0.01,27,580,1,0,61.400000000002045,100.0,49.8,2.1014298907221756,0.01,Forage
outcome_eta0.01,27,590,1,0,60.90000000000207,100.0,49.8,2.1195321517576886,0.01,Forage
outcome_eta0.01,27,600,1,0,60.4000000000021,100.0,49.8,2.1368854106182207,0.01,Forage
outcome_eta0.01,27,610,1,0,62.00000000000212,100.0,49.8,2.1227291862077537,0.01,Forage
outcome_eta0.01,27,620,1,0,61.500000000002146,100.0,49.8,2.111854045108319,0.01,Forage
outcome_eta0.01,27,630,1,0,61.000000000002174,100.0,49.8,2.12163943638706,0.01,Forage
outcome_eta0.01,27,640,1,0,60.5000000000022,100.0,49.8,2.135766638401983,0.01,Forage
outcome_eta0.01,27,650,1,0,60.00000000000223,100.0,49.8,2.1514419322515064,0.01,Forage
outcome_eta0.01,27,660,1,0,63.50000000000225,100.0,49.8,2.097660413730063,0.01,Forage
outcome_eta0.01,27,670,1,0,63.00000000000228,100.0,49.8,2.07751234215409,0.01,Forage
outcome_eta0.01,27,680,1,0,62.50000000000231,100.0,49.8,2.0782689052592467,0.01,Forage
outcome_eta0.01,27,690,1,0,62.00000000000234,100.0,49.8,2.0883946455195312,0.01,Forage
outcome_eta0.01,27,700,1,0,61.500000000002366,100.0,49.8,2.10241075020583,0.01,Forage
outcome_eta0.01,27,710,1,0,63.10000000000238,100.0,49.8,2.087373489671281,0.01,Forage
outcome_eta0.01,27,720,1,0,62.60000000000241,100.0,49.8,2.076057192305086,0.01,Forage
outcome_eta0.01,27,730,1,0,62.10000000000244,100.0,49.8,2.085271835415565,0.01,Forage
outcome_eta0.01,27,740,1,0,61.60000000000247,100.0,49.8,2.099142722142766,0.01,Forage
outcome_eta0.01,27,750,1,0,61.100000000002495,100.0,49.8,2.114711559562456,0.01,Forage
outcome_eta0.01,27,760,1,0,60.800000000002505,100.0,49.8,2.142460346549451,0.01,Forage
outcome_eta0.01,27,770,1,0,60.300000000002534,100.0,49.8,2.1300447088648786,0.01,Forage
outcome_eta0.01,27,780,1,0,59.80000000000256,100.0,49.8,2.1514184525423428,0.01,Forage
outcome_eta0.01,27,790,1,0,59.30000000000259,100.0,49.8,2.171583161256528,0.01,Forage
outcome_eta0.01,27,800,1,0,58.80000000000262,100.0,49.8,2.1898091179576316,0.01,Forage
outcome_eta0.01,27,810,1,0,49.75000000000262,100.0,49.8,2.3620690935040245,0.01,Forage
outcome_eta0.01,27,820,1,0,54.200000000002646,100.0,49.8,2.282209301741185,0.01,Forage
outcome_eta0.01,27,830,1,0,53.700000000002674,100.0,49.8,2.3075559242161434,0.01,Forage
outcome_eta0.01,27,840,1,0,53.2000000000027,100.0,49.8,2.3543882932288156,0.01,Forage
outcome_eta0.01,27,850,1,0,52.70000000000273,100.0,49.8,2.3850763607387604,0.01,Forage
outcome_eta0.01,27,860,1,0,49.55000000000273,100.0,49.8,2.4995373999134296,0.01,Forage
outcome_eta0.01,27,870,1,0,49.05000000000276,100.0,49.8,2.4406462104506472,0.01,Forage
outcome_eta0.01,27,880,1,0,48.55000000000279,100.0,49.8,2.475266874785201,0.01,Forage
outcome_eta0.01,27,890,1,0,48.05000000000282,100.0,49.8,2.524946483007565,0.01,Forage
outcome_eta0.01,27,900,1,0,47.550000000002846,100.0,49.8,2.556676401340197,0.01,Forage
outcome_eta0.01,27,910,1,0,50.100000000002865,100.0,49.8,2.5177655249773596,0.01,Forage
outcome_eta0.01,27,920,1,0,49.60000000000289,100.0,49.8,2.506476228134705,0.01,Forage
outcome_eta0.01,27,930,1,0,49.10000000000292,100.0,49.8,2.5182191777690006,0.01,Forage
outcome_eta0.01,27,940,1,0,48.60000000000295,100.0,49.8,2.5332702371171747,0.01,Forage
outcome_eta0.01,27,950,1,0,48.10000000000298,100.0,49.8,2.5493315534291066,0.01,Forage
outcome_eta0.01,27,960,1,0,49.700000000002994,100.0,49.8,2.5288085057657903,0.01,Forage
outcome_eta0.01,27,970,1,0,49.20000000000302,100.0,49.8,2.516281228127471,0.01,Forage
outcome_eta0.01,27,980,1,0,48.70000000000305,100.0,49.8,2.529985743265781,0.01,Forage
outcome_eta0.01,27,990,1,0,48.20000000000308,100.0,49.8,2.5459816580062373,0.01,Forage
outcome_eta0.01,27,1000,1,0,47.70000000000311,100.0,49.8,2.5624387105081667,0.01,Forage
outcome_eta0.01,28,1,1,1,99.0,0.5,49.8,0.17442339634282641,0.01,Care
outcome_eta0.01,28,10,1,1,96.30000000000004,5.0,50.0,0.5766818930440746,0.01,Care
outcome_eta0.01,28,20,1,1,95.3000000000001,10.0,50.0,0.6408940593685292,0.01,Care
outcome_eta0.01,28,30,1,1,94.30000000000015,15.0,50.0,0.705116927821171,0.01,Care
outcome_eta0.01,28,40,1,1,93.30000000000021,20.0,50.0,0.7693397983195853,0.01,Care
outcome_eta0.01,28,50,1,1,92.30000000000027,25.0,50.0,0.8335626688183903,0.01,Care
outcome_eta0.01,28,60,1,1,91.30000000000032,30.0,50.0,0.8977855393171954,0.01,Care
outcome_eta0.01,28,70,1,1,90.30000000000038,35.0,50.0,0.9620084098160002,0.01,Care
outcome_eta0.01,28,80,1,1,89.30000000000044,40.0,50.0,1.0262312803148053,0.01,Care
outcome_eta0.01,28,90,1,1,88.3000000000005,45.0,50.0,1.0904541508136103,0.01,Care
outcome_eta0.01,28,100,1,1,87.30000000000055,50.0,50.0,1.1546770213124153,0.01,Care
outcome_eta0.01,28,110,1,1,86.30000000000061,55.0,50.0,1.2188998918112204,0.01,Care
outcome_eta0.01,28,120,1,1,85.30000000000067,60.0,50.0,1.2831227623100254,0.01,Care
outcome_eta0.01,28,130,1,1,84.30000000000072,65.0,50.0,1.3473456328088305,0.01,Care
outcome_eta0.01,28,140,1,1,83.30000000000078,70.0,50.0,1.4115685033076355,0.01,Care
outcome_eta0.01,28,150,1,1,82.30000000000084,75.0,50.0,1.4757913738064405,0.01,Care
outcome_eta0.01,28,160,1,1,81.30000000000089,80.0,50.0,1.5400142443052458,0.01,Care
outcome_eta0.01,28,170,1,1,80.30000000000095,85.0,50.0,1.604237114804051,0.01,Care
outcome_eta0.01,28,180,1,1,76.60000000000099,90.0,49.39999999999999,1.8430186402397017,0.01,Forage
outcome_eta0.01,28,190,1,1,71.10000000000102,75.0,50.0,1.6486388189732635,0.01,Care
outcome_eta0.01,28,200,1,1,70.10000000000107,80.0,50.0,1.7186409143697485,0.01,Care
outcome_eta0.01,28,210,1,1,69.10000000000113,85.0,50.0,1.7938062976889448,0.01,Care
outcome_eta0.01,28,220,1,1,68.10000000000119,90.0,50.0,1.8689766975120574,0.01,Care
outcome_eta0.01,28,230,1,1,64.40000000000123,95.0,49.39999999999999,2.0971902246052783,0.01,Forage
outcome_eta0.01,28,240,1,0,55.300000000001226,100.0,47.39999999999996,2.148767483742929,0.01,Forage
outcome_eta0.01,28,250,1,0,57.100000000001224,100.0,47.39999999999996,2.14568930985315,0.01,Forage
outcome_eta0.01,28,260,1,0,60.800000000001226,100.0,47.39999999999996,2.1203876692138044,0.01,Forage
outcome_eta0.01,28,270,1,0,60.300000000001255,100.0,47.39999999999996,2.009793628219345,0.01,Forage
outcome_eta0.01,28,280,1,0,59.80000000000128,100.0,47.39999999999996,1.9078787528210703,0.01,Forage
outcome_eta0.01,28,290,1,0,59.30000000000131,100.0,47.39999999999996,1.8090149919894838,0.01,Forage
outcome_eta0.01,28,300,1,0,58.80000000000134,100.0,47.39999999999996,1.725523166448498,0.01,Forage
outcome_eta0.01,28,310,1,0,57.55000000000135,100.0,47.39999999999996,1.752840204858455,0.01,Forage
outcome_eta0.01,28,320,1,0,57.050000000001376,100.0,47.39999999999996,1.7459355250380415,0.01,Forage
outcome_eta0.01,28,330,1,0,56.550000000001404,100.0,47.39999999999996,1.7551283350301519,0.01,Forage
outcome_eta0.01,28,340,1,0,56.05000000000143,100.0,47.39999999999996,1.766630684785981,0.01,Forage
outcome_eta0.01,28,350,1,0,55.55000000000146,100.0,47.39999999999996,1.782841250525394,0.01,Forage
outcome_eta0.01,28,360,1,0,59.05000000000148,100.0,47.39999999999996,1.7498235959888118,0.01,Forage
outcome_eta0.01,28,370,1,0,58.55000000000151,100.0,47.39999999999996,1.7547567684199723,0.01,Forage
outcome_eta0.01,28,380,1,0,58.05000000000154,100.0,47.39999999999996,1.7606692122739434,0.01,Forage
outcome_eta0.01,28,390,1,0,57.55000000000157,100.0,47.39999999999996,1.7666161114456045,0.01,Forage
outcome_eta0.01,28,400,1,0,57.050000000001596,100.0,47.39999999999996,1.7725641699449932,0.01,Forage
outcome_eta0.01,28,410,1,0,53.9000000000016,100.0,47.39999999999996,1.8540810559141125,0.01,Forage
outcome_eta0.01,28,420,1,0,53.400000000001626,100.0,47.39999999999996,1.8081243938059148,0.01,Forage
outcome_eta0.01,28,430,1,0,52.900000000001654,100.0,47.39999999999996,1.821523016382038,0.01,Forage
outcome_eta0.01,28,440,1,0,52.40000000000168,100.0,47.39999999999996,1.8278676799485383,0.01,Forage
outcome_eta0.01,28,450,1,0,51.90000000000171,100.0,47.39999999999996,1.8338291222545156,0.01,Forage
outcome_eta0.01,28,460,1,0,48.75000000000171,100.0,47.39999999999996,1.9153464585520223,0.01,Forage
outcome_eta0.01,28,470,1,0,48.25000000000174,100.0,47.39999999999996,1.8678133884505639,0.01,Forage
outcome_eta0.01,28,480,1,0,47.75000000000177,100.0,47.39999999999996,1.882707058933286,0.01,Forage
outcome_eta0.01,28,490,1,0,47.2500000000018,100.0,47.39999999999996,1.8891303601705955,0.01,Forage
outcome_eta0.01,28,500,1,0,46.750000000001826,100.0,47.39999999999996,1.8950944484429133,0.01,Forage
outcome_eta0.01,28,510,1,0,47.40000000000184,100.0,47.39999999999996,1.8861489346131064,0.01,Forage
outcome_eta0.01,28,520,1,0,46.90000000000187,100.0,47.39999999999996,1.8925922209547168,0.01,Forage
outcome_eta0.01,28,530,1,0,46.400000000001896,100.0,47.39999999999996,1.8992345008153706,0.01,Forage
outcome_eta0.01,28,540,1,0,45.900000000001924,100.0,47.39999999999996,1.9052059598727786,0.01,Forage
outcome_eta0.01,28,550,1,0,45.40000000000195,100.0,47.39999999999996,1.91115484474497,0.01,Forage
outcome_eta0.01,28,560,1,0,47.00000000000197,100.0,47.39999999999996,1.889546293476467,0.01,Forage
outcome_eta0.01,28,570,1,0,46.500000000002,100.0,47.39999999999996,1.8979074866154297,0.01,Forage
outcome_eta0.01,28,580,1,0,46.000000000002025,100.0,47.39999999999996,1.904011717115153,0.01,Forage
outcome_eta0.01,28,590,1,0,45.50000000000205,100.0,47.39999999999996,1.9099650694210584,0.01,Forage
outcome_eta0.01,28,600,1,0,45.00000000000208,100.0,47.39999999999996,1.915913345050717,0.01,Forage
outcome_eta0.01,28,610,1,0,42.800000000002086,100.0,47.39999999999996,1.9729302383256746,0.01,Forage
outcome_eta0.01,28,620,1,0,42.300000000002115,100.0,47.39999999999996,1.9425493661607511,0.01,Forage
outcome_eta0.01,28,630,1,0,41.80000000000214,100.0,47.39999999999996,1.9537921423423312,0.01,Forage
outcome_eta0.01,28,640,1,0,41.30000000000217,100.0,47.39999999999996,1.9599229220785053,0.01,Forage
outcome_eta0.01,28,650,1,0,40.8000000000022,100.0,47.39999999999996,1.9658771676569509,0.01,Forage
outcome_eta0.01,28,660,1,0,39.55000000000221,100.0,47.39999999999996,1.9950819049108537,0.01,Forage
outcome_eta0.01,28,670,1,0,39.050000000002235,100.0,47.39999999999996,1.9823789030214276,0.01,Forage
outcome_eta0.01,28,680,1,0,38.550000000002264,100.0,47.39999999999996,1.992497421068429,0.01,Forage
outcome_eta0.01,28,690,1,0,38.05000000000229,100.0,47.39999999999996,1.998586999295778,0.01,Forage
outcome_eta0.01,28,700,1,0,37.55000000000232,100.0,47.39999999999996,2.0045398585546983,0.01,Forage
outcome_eta0.01,28,710,1,0,40.10000000000234,100.0,47.39999999999996,1.970568686073685,0.01,Forage
outcome_eta0.01,28,720,1,0,39.60000000000237,100.0,47.39999999999996,1.980009209342167,0.01,Forage
outcome_eta0.01,28,730,1,0,39.100000000002396,100.0,47.39999999999996,1.9860960857412648,0.01,Forage
outcome_eta0.01,28,740,1,0,38.600000000002424,100.0,47.39999999999996,1.9920488541014874,0.01,Forage
outcome_eta0.01,28,750,1,0,38.10000000000245,100.0,47.39999999999996,1.997997110082975,0.01,Forage
outcome_eta0.01,28,760,1,0,38.750000000002466,100.0,47.39999999999996,1.988104165902642,0.01,Forage
outcome_eta0.01,28,770,1,0,38.250000000002494,100.0,47.39999999999996,1.995285080731283,0.01,Forage
outcome_eta0.01,28,780,1,0,37.75000000000252,100.0,47.39999999999996,2.002129569721192,0.01,Forage
outcome_eta0.01,28,790,1,0,37.25000000000255,100.0,47.39999999999996,2.0081078333249884,0.01,Forage
outcome_eta0.01,28,800,1,0,36.75000000000258,100.0,47.39999999999996,2.014056947151505,0.01,Forage
outcome_eta0.01,28,810,1,0,36.45000000000259,100.0,47.39999999999996,2.01824993589877,0.01,Forage
outcome_eta0.01,28,820,1,0,35.95000000000262,100.0,47.39999999999996,2.0221871701311116,0.01,Forage
outcome_eta0.01,28,830,1,0,35.450000000002646,100.0,47.39999999999996,2.029475362042857,0.01,Forage
outcome_eta0.01,28,840,1,0,34.950000000002674,100.0,47.39999999999996,2.035468567838284,0.01,Forage
outcome_eta0.01,28,850,1,0,34.4500000000027,100.0,47.39999999999996,2.0414181844285766,0.01,Forage
outcome_eta0.01,28,860,1,0,36.05000000000272,100.0,47.39999999999996,2.018366378494642,0.01,Forage
outcome_eta0.01,28,870,1,0,35.55000000000275,100.0,47.39999999999996,2.0280978044033953,0.01,Forage
outcome_eta0.01,28,880,1,0,35.050000000002775,100.0,47.39999999999996,2.0342726244198603,0.01,Forage
outcome_eta0.01,28,890,1,0,34.550000000002804,100.0,47.39999999999996,2.040228351882093,0.01,Forage
outcome_eta0.01,28,900,1,0,34.05000000000283,100.0,47.39999999999996,2.0461767074292485,0.01,Forage
outcome_eta0.01,28,910,1,0,31.850000000002833,100.0,47.39999999999996,2.103193603393211,0.01,Forage
outcome_eta0.01,28,920,1,0,31.350000000002826,100.0,47.39999999999996,2.0711603789346436,0.01,Forage
outcome_eta0.01,28,930,1,0,30.85000000000282,100.0,47.39999999999996,2.0839985895295667,0.01,Forage
outcome_eta0.01,28,940,1,0,30.35000000000281,100.0,47.39999999999996,2.0901843721052593,0.01,Forage
outcome_eta0.01,28,950,1,0,29.850000000002805,100.0,47.39999999999996,2.096140468379096,0.01,Forage
outcome_eta0.01,28,960,1,0,32.40000000000282,100.0,47.39999999999996,2.061202257474112,0.01,Forage
outcome_eta0.01,28,970,1,0,31.90000000000284,100.0,47.39999999999996,2.0715733404897185,0.01,Forage
outcome_eta0.01,28,980,1,0,31.400000000002834,100.0,47.39999999999996,2.0776955770728063,0.01,Forage
outcome_eta0.01,28,990,1,0,30.900000000002827,100.0,47.39999999999996,2.0836495352083433,0.01,Forage
outcome_eta0.01,28,1000,1,0,30.40000000000282,100.0,47.39999999999996,2.089597831222508,0.01,Forage
outcome_eta0.01,29,1,1,1,99.0,0.5,49.8,0.17500833037146943,0.01,Care
outcome_eta0.01,29,10,1,1,96.30000000000004,5.0,50.0,0.5816668414961579,0.01,Care
outcome_eta0.01,29,20,1,1,95.3000000000001,10.0,50.0,0.6562892522054834,0.01,Care
outcome_eta0.01,29,30,1,1,94.30000000000015,15.0,50.0,0.732321665374238,0.01,Care
outcome_eta0.01,29,40,1,1,93.30000000000021,20.0,50.0,0.8085955453059572,0.01,Care
outcome_eta0.01,29,50,1,1,92.30000000000027,25.0,50.0,0.884910770410867,0.01,Care
outcome_eta0.01,29,60,1,1,91.30000000000032,30.0,50.0,0.961233074847623,0.01,Care
outcome_eta0.01,29,70,1,1,90.30000000000038,35.0,50.0,1.0375565914437561,0.01,Care
outcome_eta0.01,29,80,1,1,89.30000000000044,40.0,50.0,1.113880315592013,0.01,Care
outcome_eta0.01,29,90,1,1,88.3000000000005,45.0,50.0,1.1902040752784047,0.01,Care
outcome_eta0.01,29,100,1,1,87.30000000000055,50.0,50.0,1.2665278410498177,0.01,Care
outcome_eta0.01,29,110,1,1,86.30000000000061,55.0,50.0,1.3428516078631392,0.01,Care
outcome_eta0.01,29,120,1,1,85.30000000000067,60.0,50.0,1.4191753748548612,0.01,Care
outcome_eta0.01,29,130,1,1,84.30000000000072,65.0,50.0,1.4954991418771302,0.01,Care
outcome_eta0.01,29,140,1,1,83.30000000000078,70.0,50.0,1.5718229089046294,0.01,Care
outcome_eta0.01,29,150,1,1,82.30000000000084,75.0,50.0,1.6481466759330243,0.01,Care
outcome_eta0.01,29,160,1,1,81.30000000000089,80.0,50.0,1.724470442961573,0.01,Care
outcome_eta0.01,29,170,1,1,80.30000000000095,85.0,50.0,1.8007942099901477,0.01,Care
outcome_eta0.01,29,180,1,1,79.300000000001,90.0,50.0,1.8867749604795114,0.01,Care
outcome_eta0.01,29,190,1,1,78.30000000000106,95.0,50.0,1.9851907252146141,0.01,Care
outcome_eta0.01,29,200,1,0,77.35000000000112,100.0,49.8,2.0473656582489532,0.01,Self
outcome_eta0.01,29,210,1,0,75.15000000000113,100.0,49.8,1.8165963108731573,0.01,Forage
outcome_eta0.01,29,220,1,0,78.85000000000115,100.0,49.8,1.7048158968147389,0.01,Forage
outcome_eta0.01,29,230,1,0,80.45000000000117,100.0,49.8,1.6183654684352575,0.01,Forage
outcome_eta0.01,29,240,1,0,79.9500000000012,100.0,49.8,1.5048574097604566,0.01,Forage
outcome_eta0.01,29,250,1,0,79.45000000000122,100.0,49.8,1.5091328700312303,0.01,Forage
outcome_eta0.01,29,260,1,0,80.10000000000124,100.0,49.8,1.5217287735841798,0.01,Forage
outcome_eta0.01,29,270,1,0,79.60000000000127,100.0,49.8,1.5131454631168104,0.01,Forage
outcome_eta0.01,29,280,1,0,79.1000000000013,100.0,49.8,1.5226137957976138,0.01,Forage
outcome_eta0.01,29,290,1,0,78.60000000000133,100.0,49.8,1.53821003374145,0.01,Forage
outcome_eta0.01,29,300,1,0,78.10000000000136,100.0,49.8,1.5567627777544941,0.01,Forage
outcome_eta0.01,29,310,1,0,81.60000000000139,100.0,49.8,1.5251185562696121,0.01,Forage
outcome_eta0.01,29,320,1,0,81.10000000000142,100.0,49.8,1.5086720051455176,0.01,Forage
outcome_eta0.01,29,330,1,0,80.60000000000144,100.0,49.8,1.5029939315756766,0.01,Forage
outcome_eta0.01,29,340,1,0,80.10000000000147,100.0,49.8,1.5010336278783754,0.01,Forage
outcome_eta0.01,29,350,1,0,79.6000000000015,100.0,49.8,1.5063779746919317,0.01,Forage
outcome_eta0.01,29,360,1,0,79.30000000000152,100.0,49.8,1.5400534349476303,0.01,Forage
outcome_eta0.01,29,370,1,0,78.80000000000155,100.0,49.8,1.5380603904455068,0.01,Forage
outcome_eta0.01,29,380,1,0,78.30000000000157,100.0,49.8,1.5500026341514923,0.01,Forage
outcome_eta0.01,29,390,1,0,77.8000000000016,100.0,49.8,1.5657874485517342,0.01,Forage
outcome_eta0.01,29,400,1,0,77.30000000000163,100.0,49.8,1.5832253206426252,0.01,Forage
outcome_eta0.01,29,410,1,0,77.95000000000165,100.0,49.8,1.594612479685522,0.01,Forage
outcome_eta0.01,29,420,1,0,77.45000000000168,100.0,49.8,1.588498767679622,0.01,Forage
outcome_eta0.01,29,430,1,0,76.95000000000171,100.0,49.8,1.6004487811509807,0.01,Forage
outcome_eta0.01,29,440,1,0,76.45000000000174,100.0,49.8,1.616236932239575,0.01,Forage
outcome_eta0.01,29,450,1,0,75.95000000000176,100.0,49.8,1.6336762397694984,0.01,Forage
outcome_eta0.01,29,460,1,0,76.60000000000178,100.0,49.8,1.643173839999234,0.01,Forage
outcome_eta0.01,29,470,1,0,76.10000000000181,100.0,49.8,1.6362018300296364,0.01,Forage
outcome_eta0.01,29,480,1,0,75.60000000000184,100.0,49.8,1.6497181905955505,0.01,Forage
outcome_eta0.01,29,490,1,0,75.10000000000187,100.0,49.8,1.666180184946464,0.01,Forage
outcome_eta0.01,29,500,1,0,74.6000000000019,100.0,49.8,1.6839093789801922,0.01,Forage
outcome_eta0.01,29,510,1,0,76.20000000000192,100.0,49.8,1.6646846122551353,0.01,Forage
outcome_eta0.01,29,520,1,0,75.70000000000195,100.0,49.8,1.6588907325952218,0.01,Forage
outcome_eta0.01,29,530,1,0,75.20000000000198,100.0,49.8,1.6679967475727695,0.01,Forage
outcome_eta0.01,29,540,1,0,74.700000000002,100.0,49.8,1.6825614088309033,0.01,Forage
outcome_eta0.01,29,550,1,0,74.20000000000203,100.0,49.8,1.699474372611135,0.01,Forage
outcome_eta0.01,29,560,1,0,76.75000000000206,100.0,49.8,1.6529780654937567,0.01,Forage
outcome_eta0.01,29,570,1,0,76.25000000000209,100.0,49.8,1.6429098863602587,0.01,Forage
outcome_eta0.01,29,580,1,0,75.75000000000212,100.0,49.8,1.6494098163768394,0.01,Forage
outcome_eta0.01,29,590,1,0,75.25000000000215,100.0,49.8,1.6628533431764747,0.01,Forage
outcome_eta0.01,29,600,1,0,74.75000000000217,100.0,49.8,1.6792839963562398,0.01,Forage
outcome_eta0.01,29,610,1,0,72.55000000000219,100.0,49.8,1.7675228825236369,0.01,Self
outcome_eta0.01,29,620,1,0,72.05000000000221,100.0,49.8,1.76755666030554,0.01,Self
outcome_eta0.01,29,630,1,0,71.55000000000224,100.0,49.8,1.8264838559010697,0.01,Self
outcome_eta0.01,29,640,1,0,71.05000000000227,100.0,49.8,1.8873037367918082,0.01,Self
outcome_eta0.01,29,650,1,0,70.5500000000023,100.0,49.8,1.9649372492815833,0.01,Self
outcome_eta0.01,29,660,1,0,70.05000000000233,100.0,49.8,2.0703120072889947,0.01,Self
outcome_eta0.01,29,670,1,0,69.55000000000236,100.0,49.8,2.171082018085392,0.01,Self
outcome_eta0.01,29,680,1,0,69.05000000000238,100.0,49.8,2.218016107399141,0.01,Self
outcome_eta0.01,29,690,1,0,68.55000000000241,100.0,49.8,2.2530344345442677,0.01,Self
outcome_eta0.01,29,700,1,0,68.05000000000244,100.0,49.8,2.287908403945414,0.01,Self
outcome_eta0.01,29,710,1,0,67.55000000000247,100.0,49.8,2.322764118855436,0.01,Self
outcome_eta0.01,29,720,1,0,67.0500000000025,100.0,49.8,2.3576123666424786,0.01,Self
outcome_eta0.01,29,730,1,0,66.55000000000253,100.0,49.8,2.3924574054797048,0.01,Self
outcome_eta0.01,29,740,1,0,66.05000000000256,100.0,49.8,2.42730106386075,0.01,Self
outcome_eta0.01,29,750,1,0,65.55000000000258,100.0,49.8,2.4621441283715875,0.01,Self
outcome_eta0.01,29,760,1,0,65.05000000000261,100.0,49.8,2.4969869374002283,0.01,Self
outcome_eta0.01,29,770,1,0,64.55000000000264,100.0,49.8,2.531829636520757,0.01,Self
outcome_eta0.01,29,780,1,0,64.05000000000267,100.0,49.8,2.5666722883589577,0.01,Self
outcome_eta0.01,29,790,1,0,63.5500000000027,100.0,49.8,2.6015149198563616,0.01,Self
outcome_eta0.01,29,800,1,0,63.050000000002726,100.0,49.8,2.636357542603181,0.01,Self
outcome_eta0.01,29,810,1,0,62.550000000002754,100.0,49.8,2.6712001615855097,0.01,Self
outcome_eta0.01,29,820,1,0,62.05000000000278,100.0,49.8,2.6794999999999725,0.01,Self
outcome_eta0.01,29,830,1,0,61.55000000000281,100.0,49.8,2.684499999999972,0.01,Self
outcome_eta0.01,29,840,1,0,61.05000000000284,100.0,49.8,2.6894999999999714,0.01,Self
outcome_eta0.01,29,850,1,0,60.55000000000287,100.0,49.8,2.6944999999999713,0.01,Self
outcome_eta0.01,29,860,1,0,60.050000000002896,100.0,49.8,2.699499999999971,0.01,Self
outcome_eta0.01,29,870,1,0,59.550000000002925,100.0,49.8,2.704499999999971,0.01,Self
outcome_eta0.01,29,880,1,0,59.05000000000295,100.0,49.8,2.7094999999999705,0.01,Self
outcome_eta0.01,29,890,1,0,58.55000000000298,100.0,49.8,2.71449999999997,0.01,Self
outcome_eta0.01,29,900,1,0,58.05000000000301,100.0,49.8,2.71949999999997,0.01,Self
outcome_eta0.01,29,910,1,0,57.55000000000304,100.0,49.8,2.7244999999999697,0.01,Self
outcome_eta0.01,29,920,1,0,57.05000000000307,100.0,49.8,2.7294999999999696,0.01,Self
outcome_eta0.01,29,930,1,0,56.550000000003095,100.0,49.8,2.734499999999969,0.01,Self
outcome_eta0.01,29,940,1,0,56.05000000000312,100.0,49.8,2.7394999999999685,0.01,Self
outcome_eta0.01,29,950,1,0,55.55000000000315,100.0,49.8,2.7444999999999684,0.01,Self
outcome_eta0.01,29,960,1,0,55.05000000000318,100.0,49.8,2.7494999999999683,0.01,Self
outcome_eta0.01,29,970,1,0,54.55000000000321,100.0,49.8,2.754499999999968,0.01,Self
outcome_eta0.01,29,980,1,0,54.05000000000324,100.0,49.8,2.7594999999999676,0.01,Self
outcome_eta0.01,29,990,1,0,53.550000000003266,100.0,49.8,2.764499999999967,0.01,Self
outcome_eta0.01,29,1000,1,0,53.050000000003294,100.0,49.8,2.769499999999967,0.01,Self
outcome_eta0.1,0,1,1,1,99.95,0.5,49.8,0.13538105838529532,0.1,Forage
outcome_eta0.1,0,10,1,1,99.50000000000003,5.0,47.99999999999997,0.3228227495752217,0.1,Forage
outcome_eta0.1,0,20,1,1,99.00000000000006,10.0,45.99999999999994,0.6985608650607239,0.1,Forage
outcome_eta0.1,0,30,1,1,98.50000000000009,15.0,43.999999999999915,1.2448466300472758,0.1,Forage
outcome_eta0.1,0,40,1,1,98.00000000000011,20.0,41.999999999999886,1.5665431143098663,0.1,Forage
outcome_eta0.1,0,50,1,1,97.50000000000014,25.0,39.99999999999986,1.6791398962512893,0.1,Forage
outcome_eta0.1,0,60,1,1,90.25000000000016,30.0,39.99999999999983,1.2714188253935106,0.1,Care
outcome_eta0.1,0,70,1,1,89.25000000000021,35.0,47.9999999999998,1.0857286986141372,0.1,Care
outcome_eta0.1,0,80,1,1,88.25000000000027,40.0,50.0,1.1257326408968429,0.1,Care
outcome_eta0.1,0,90,1,1,87.25000000000033,45.0,50.0,1.2076021469115321,0.1,Care
outcome_eta0.1,0,100,1,1,86.25000000000038,50.0,50.0,1.28965656103829,0.1,Care
outcome_eta0.1,0,110,1,1,85.25000000000044,55.0,50.0,1.3717222884125064,0.1,Care
outcome_eta0.1,0,120,1,1,84.2500000000005,60.0,50.0,1.453788699131056,0.1,Care
outcome_eta0.1,0,130,1,1,83.25000000000055,65.0,50.0,1.5358551511039529,0.1,Care
outcome_eta0.1,0,140,1,1,82.25000000000061,70.0,50.0,1.6179216055673746,0.1,Care
outcome_eta0.1,0,150,1,1,81.25000000000067,75.0,50.0,1.6999880601811492,0.1,Care
outcome_eta0.1,0,160,1,1,80.25000000000072,80.0,50.0,1.7820545148040008,0.1,Care
outcome_eta0.1,0,170,1,1,79.25000000000078,85.0,50.0,1.8722870705771189,0.1,Care
outcome_eta0.1,0,180,1,1,78.25000000000084,90.0,50.0,1.966995638245621,0.1,Care
outcome_eta0.1,0,190,1,1,77.2500000000009,95.0,50.0,2.061979215657656,0.1,Care
outcome_eta0.1,0,200,1,0,76.30000000000095,100.0,49.8,2.0458689840242394,0.1,Self
outcome_eta0.1,0,210,1,0,79.05000000000096,100.0,49.8,1.694577129713011,0.1,Forage
outcome_eta0.1,0,220,1,0,84.65000000000099,100.0,49.8,1.6398027975472609,0.1,Forage
outcome_eta0.1,0,230,1,0,84.15000000000101,100.0,49.8,1.5352569749152392,0.1,Forage
outcome_eta0.1,0,240,1,0,83.65000000000104,100.0,49.8,1.5000119058522867,0.1,Forage
outcome_eta0.1,0,250,1,0,83.15000000000107,100.0,49.8,1.5000005495815585,0.1,Forage
outcome_eta0.1,0,260,1,0,82.85000000000109,100.0,49.8,1.5011698333625079,0.1,Forage
outcome_eta0.1,0,270,1,0,82.35000000000112,100.0,49.8,1.5000690185160006,0.1,Forage
outcome_eta0.1,0,280,1,0,81.85000000000115,100.0,49.8,1.5000031907040836,0.1,Forage
outcome_eta0.1,0,290,1,0,81.35000000000117,100.0,49.8,1.5000001472829931,0.1,Forage
outcome_eta0.1,0,300,1,0,80.8500000000012,100.0,49.8,1.5000000067985158,0.1,Forage
outcome_eta0.1,0,310,1,0,82.45000000000122,100.0,49.8,1.500905832477458,0.1,Forage
outcome_eta0.1,0,320,1,0,81.95000000000125,100.0,49.8,1.5000452019000106,0.1,Forage
outcome_eta0.1,0,330,1,0,81.45000000000128,100.0,49.8,1.5000020875912905,0.1,Forage
outcome_eta0.1,0,340,1,0,80.95000000000131,100.0,49.8,1.500000096362606,0.1,Forage
outcome_eta0.1,0,350,1,0,80.45000000000134,100.0,49.8,1.5000000044480537,0.1,Forage
outcome_eta0.1,0,360,1,0,81.10000000000136,100.0,49.8,1.5025273265124472,0.1,Forage
outcome_eta0.1,0,370,1,0,80.60000000000139,100.0,49.8,1.500131901011005,0.1,Forage
outcome_eta0.1,0,380,1,0,80.10000000000142,100.0,49.8,1.5000060934024362,0.1,Forage
outcome_eta0.1,0,390,1,0,79.60000000000144,100.0,49.8,1.504431150037596,0.1,Forage
outcome_eta0.1,0,400,1,0,79.10000000000147,100.0,49.8,1.511153563778657,0.1,Forage
outcome_eta0.1,0,410,1,0,81.6500000000015,100.0,49.8,1.50255216389129,0.1,Forage
outcome_eta0.1,0,420,1,0,81.15000000000153,100.0,49.8,1.5001646266622348,0.1,Forage
outcome_eta0.1,0,430,1,0,80.65000000000155,100.0,49.8,1.5000080425208262,0.1,Forage
outcome_eta0.1,0,440,1,0,80.15000000000158,100.0,49.8,1.5000003754387674,0.1,Forage
outcome_eta0.1,0,450,1,0,79.65000000000161,100.0,49.8,1.5038934845518397,0.1,Forage
outcome_eta0.1,0,460,1,0,82.20000000000164,100.0,49.8,1.5021880505565757,0.1,Forage
outcome_eta0.1,0,470,1,0,81.70000000000167,100.0,49.8,1.5002006838774125,0.1,Forage
outcome_eta0.1,0,480,1,0,81.2000000000017,100.0,49.8,1.5000119817950486,0.1,Forage
outcome_eta0.1,0,490,1,0,80.70000000000172,100.0,49.8,1.5000006272006525,0.1,Forage
outcome_eta0.1,0,500,1,0,80.20000000000175,100.0,49.8,1.500000030972667,0.1,Forage
outcome_eta0.1,0,510,1,0,78.00000000000176,100.0,49.8,1.5620266783710512,0.1,Forage
outcome_eta0.1,0,520,1,0,77.50000000000179,100.0,49.8,1.5398420291875983,0.1,Forage
outcome_eta0.1,0,530,1,0,77.00000000000182,100.0,49.8,1.5476361281362965,0.1,Forage
outcome_eta0.1,0,540,1,0,76.50000000000185,100.0,49.8,1.5556230603958534,0.1,Forage
outcome_eta0.1,0,550,1,0,76.00000000000188,100.0,49.8,1.5622966291421285,0.1,Forage
outcome_eta0.1,0,560,1,0,75.70000000000189,100.0,49.8,1.5762787895488957,0.1,Forage
outcome_eta0.1,0,570,1,0,75.20000000000192,100.0,49.8,1.5753935296392023,0.1,Forage
outcome_eta0.1,0,580,1,0,74.70000000000195,100.0,49.8,1.5828711244271805,0.1,Forage
outcome_eta0.1,0,590,1,0,74.20000000000198,100.0,49.8,1.5908896494272964,0.1,Forage
outcome_eta0.1,0,600,1,0,73.700000000002,100.0,49.8,1.5989295564273829,0.1,Forage
outcome_eta0.1,0,610,1,0,74.35000000000203,100.0,49.8,1.598306606923925,0.1,Forage
outcome_eta0.1,0,620,1,0,73.85000000000205,100.0,49.8,1.5968320164718057,0.1,Forage
outcome_eta0.1,0,630,1,0,73.35000000000208,100.0,49.8,1.604557514734695,0.1,Forage
outcome_eta0.1,0,640,1,0,72.85000000000211,100.0,49.8,1.6125978173592888,0.1,Forage
outcome_eta0.1,0,650,1,0,72.35000000000214,100.0,49.8,1.6206393414899798,0.1,Forage
outcome_eta0.1,0,660,1,0,71.10000000000215,100.0,49.8,1.6594861851637777,0.1,Forage
outcome_eta0.1,0,670,1,0,70.60000000000218,100.0,49.8,1.6461751367546316,0.1,Forage
outcome_eta0.1,0,680,1,0,70.10000000000221,100.0,49.8,1.6563629745463015,0.1,Forage
outcome_eta0.1,0,690,1,0,69.60000000000224,100.0,49.8,1.6648220080589846,0.1,Forage
outcome_eta0.1,0,700,1,0,69.10000000000227,100.0,49.8,1.672900923211913,0.1,Forage
outcome_eta0.1,0,710,1,0,66.90000000000227,100.0,49.8,1.7387848468051375,0.1,Forage
outcome_eta0.1,0,720,1,0,66.4000000000023,100.0,49.8,1.7111684914930478,0.1,Forage
outcome_eta0.1,0,730,1,0,65.90000000000232,100.0,49.8,1.7234117848243045,0.1,Forage
outcome_eta0.1,0,740,1,0,65.40000000000235,100.0,49.8,1.7323189379147221,0.1,Forage
outcome_eta0.1,0,750,1,0,64.90000000000238,100.0,49.8,1.7404394527214482,0.1,Forage
outcome_eta0.1,0,760,1,0,64.6000000000024,100.0,49.8,1.7540633484547334,0.1,Forage
outcome_eta0.1,0,770,1,0,64.10000000000242,100.0,49.8,1.7512999549036947,0.1,Forage
outcome_eta0.1,0,780,1,0,63.60000000000245,100.0,49.8,1.7610738038487428,0.1,Forage
outcome_eta0.1,0,790,1,0,63.10000000000248,100.0,49.8,1.7693686874787304,0.1,Forage
outcome_eta0.1,0,800,1,0,62.60000000000251,100.0,49.8,1.7774314380057685,0.1,Forage
outcome_eta0.1,0,810,1,0,60.400000000002514,100.0,49.8,1.8433141069964245,0.1,Forage
outcome_eta0.1,0,820,1,0,59.90000000000254,100.0,49.8,1.8121898849380553,0.1,Forage
outcome_eta0.1,0,830,1,0,59.40000000000257,100.0,49.8,1.8273815417397414,0.1,Forage
outcome_eta0.1,0,840,1,0,58.9000000000026,100.0,49.8,1.8367987471006673,0.1,Forage
outcome_eta0.1,0,850,1,0,58.40000000000263,100.0,49.8,1.844964946925886,0.1,Forage
outcome_eta0.1,0,860,1,0,60.950000000002646,100.0,49.8,1.8101791081628558,0.1,Forage
outcome_eta0.1,0,870,1,0,60.450000000002674,100.0,49.8,1.812057214107965,0.1,Forage
outcome_eta0.1,0,880,1,0,59.9500000000027,100.0,49.8,1.8200371084922125,0.1,Forage
outcome_eta0.1,0,890,1,0,59.45000000000273,100.0,49.8,1.8280882485517258,0.1,Forage
outcome_eta0.1,0,900,1,0,58.95000000000276,100.0,49.8,1.83613021932814,0.1,Forage
outcome_eta0.1,0,910,1,0,62.45000000000278,100.0,49.8,1.7886617215481944,0.1,Forage
outcome_eta0.1,0,920,1,0,61.95000000000281,100.0,49.8,1.7887123095492101,0.1,Forage
outcome_eta0.1,0,930,1,0,61.45000000000284,100.0,49.8,1.7959897672650744,0.1,Forage
outcome_eta0.1,0,940,1,0,60.950000000002866,100.0,49.8,1.8039718879590734,0.1,Forage
outcome_eta0.1,0,950,1,0,60.450000000002895,100.0,49.8,1.812008506105552,0.1,Forage
outcome_eta0.1,0,960,1,0,61.10000000000291,100.0,49.8,1.8096110220249213,0.1,Forage
outcome_eta0.1,0,970,1,0,60.600000000002936,100.0,49.8,1.8073263790664083,0.1,Forage
outcome_eta0.1,0,980,1,0,60.100000000002964,100.0,49.8,1.8173540148293972,0.1,Forage
outcome_eta0.1,0,990,1,0,59.60000000000299,100.0,49.8,1.8256538316829536,0.1,Forage
outcome_eta0.1,0,1000,1,0,59.10000000000302,100.0,49.8,1.8337164084089712,0.1,Forage
outcome_eta0.1,1,1,1,1,99.95,0.5,49.8,0.33437320106612894,0.1,Forage
outcome_eta0.1,1,10,1,1,99.50000000000003,5.0,47.99999999999997,0.4525777539811737,0.1,Forage
outcome_eta0.1,1,20,1,1,99.00000000000006,10.0,45.99999999999994,0.6296183218768299,0.1,Forage
outcome_eta0.1,1,30,1,1,98.50000000000009,15.0,43.999999999999915,0.8537064923263483,0.1,Forage
outcome_eta0.1,1,40,1,1,98.00000000000011,20.0,41.999999999999886,1.1248388186218525,0.1,Forage
outcome_eta0.1,1,50,1,1,97.50000000000014,25.0,39.99999999999986,1.443015293862179,0.1,Forage
outcome_eta0.1,1,60,1,1,88.45000000000014,30.0,37.99999999999983,1.9276766649842283,0.1,Forage
outcome_eta0.1,1,70,1,1,82.05000000000017,35.0,38.9999999999998,1.240705834491436,0.1,Care
outcome_eta0.1,1,80,1,1,81.05000000000022,40.0,46.99999999999977,1.1536159022438248,0.1,Care
outcome_eta0.1,1,90,1,1,80.05000000000028,45.0,50.0,1.1654899891094095,0.1,Care
outcome_eta0.1,1,100,1,1,79.05000000000034,50.0,50.0,1.2509362639964543,0.1,Care
outcome_eta0.1,1,110,1,1,78.0500000000004,55.0,50.0,1.3397920418547202,0.1,Care
outcome_eta0.1,1,120,1,1,77.05000000000045,60.0,50.0,1.4287611563851192,0.1,Care
outcome_eta0.1,1,130,1,1,76.05000000000051,65.0,50.0,1.5177333477932664,0.1,Care
outcome_eta0.1,1,140,1,1,75.05000000000057,70.0,50.0,1.6067056227022458,0.1,Care
outcome_eta0.1,1,150,1,1,74.05000000000062,75.0,50.0,1.6956778998772841,0.1,Care
outcome_eta0.1,1,160,1,1,73.05000000000068,80.0,50.0,1.7846501771138192,0.1,Care
outcome_eta0.1,1,170,1,1,72.05000000000074,85.0,50.0,1.8736224543520232,0.1,Care
outcome_eta0.1,1,180,1,1,71.0500000000008,90.0,50.0,1.962594731590273,0.1,Care
outcome_eta0.1,1,190,1,1,70.05000000000085,95.0,50.0,2.051567008828523,0.1,Care
outcome_eta0.1,1,200,1,0,69.0500000000009,100.0,49.8,2.0249783590142876,0.1,Forage
outcome_eta0.1,1,210,1,0,76.75000000000092,100.0,49.8,1.8296654495640712,0.1,Forage
outcome_eta0.1,1,220,1,0,75.50000000000094,100.0,49.8,1.8362984960474174,0.1,Forage
outcome_eta0.1,1,230,1,0,75.00000000000097,100.0,49.8,1.7239809433313797,0.1,Forage
outcome_eta0.1,1,240,1,0,74.500000000001,100.0,49.8,1.6250025094745928,0.1,Forage
outcome_eta0.1,1,250,1,0,74.00000000000102,100.0,49.8,1.5810600939673225,0.1,Forage
outcome_eta0.1,1,260,1,0,70.85000000000103,100.0,49.8,1.681108578160567,0.1,Forage
outcome_eta0.1,1,270,1,0,70.35000000000106,100.0,49.8,1.6367267474447487,0.1,Forage
outcome_eta0.1,1,280,1,0,69.85000000000109,100.0,49.8,1.6532258483321987,0.1,Forage
outcome_eta0.1,1,290,1,0,69.35000000000112,100.0,49.8,1.6768824045580324,0.1,Forage
outcome_eta0.1,1,300,1,0,68.85000000000115,100.0,49.8,1.6975457256176014,0.1,Forage
outcome_eta0.1,1,310,1,0,70.45000000000117,100.0,49.8,1.6772609229720774,0.1,Forage
outcome_eta0.1,1,320,1,0,69.9500000000012,100.0,49.8,1.6804690924854766,0.1,Forage
outcome_eta0.1,1,330,1,0,69.45000000000122,100.0,49.8,1.6893170475335146,0.1,Forage
outcome_eta0.1,1,340,1,0,68.95000000000125,100.0,49.8,1.6983849599518563,0.1,Forage
outcome_eta0.1,1,350,1,0,68.45000000000128,100.0,49.8,1.7074686922777986,0.1,Forage
outcome_eta0.1,1,360,1,0,70.0500000000013,100.0,49.8,1.684544125856402,0.1,Forage
outcome_eta0.1,1,370,1,0,69.55000000000133,100.0,49.8,1.687730442093585,0.1,Forage
outcome_eta0.1,1,380,1,0,69.05000000000136,100.0,49.8,1.696584538217917,0.1,Forage
outcome_eta0.1,1,390,1,0,68.55000000000139,100.0,49.8,1.7056528926761125,0.1,Forage
outcome_eta0.1,1,400,1,0,68.05000000000142,100.0,49.8,1.714736656805071,0.1,Forage
outcome_eta0.1,1,410,1,0,59.00000000000142,100.0,49.8,1.8835647418486112,0.1,Forage
outcome_eta0.1,1,420,1,0,63.450000000001445,100.0,49.8,1.7818189523374546,0.1,Forage
outcome_eta0.1,1,430,1,0,62.950000000001474,100.0,49.8,1.8050058744095852,0.1,Forage
outcome_eta0.1,1,440,1,0,62.4500000000015,100.0,49.8,1.8163155610821988,0.1,Forage
outcome_eta0.1,1,450,1,0,61.95000000000153,100.0,49.8,1.825560647192387,0.1,Forage
outcome_eta0.1,1,460,1,0,52.90000000000153,100.0,49.8,1.9944003387130245,0.1,Forage
outcome_eta0.1,1,470,1,0,57.35000000000156,100.0,49.8,1.8857516626449717,0.1,Forage
outcome_eta0.1,1,480,1,0,56.850000000001586,100.0,49.8,1.9148988479456301,0.1,Forage
outcome_eta0.1,1,490,1,0,56.350000000001614,100.0,49.8,1.927084150223916,0.1,Forage
outcome_eta0.1,1,500,1,0,55.85000000000164,100.0,49.8,1.9363922581567325,0.1,Forage
outcome_eta0.1,1,510,1,0,54.60000000000165,100.0,49.8,1.9845791546002887,0.1,Forage
outcome_eta0.1,1,520,1,0,54.10000000000168,100.0,49.8,1.956615445176638,0.1,Forage
outcome_eta0.1,1,530,1,0,53.60000000000171,100.0,49.8,1.9764376082336992,0.1,Forage
outcome_eta0.1,1,540,1,0,53.100000000001735,100.0,49.8,1.9863153691177997,0.1,Forage
outcome_eta0.1,1,550,1,0,52.600000000001764,100.0,49.8,1.9954573673841192,0.1,Forage
outcome_eta0.1,1,560,1,0,43.550000000001766,100.0,49.8,2.164289642142357,0.1,Forage
outcome_eta0.1,1,570,1,0,48.00000000000179,100.0,49.8,2.0450584571863617,0.1,Forage
outcome_eta0.1,1,580,1,0,47.50000000000182,100.0,49.8,2.0833413628140818,0.1,Forage
outcome_eta0.1,1,590,1,0,47.00000000000185,100.0,49.8,2.096868791407279,0.1,Forage
outcome_eta0.1,1,600,1,0,46.500000000001876,100.0,49.8,2.1062734979459132,0.1,Forage
outcome_eta0.1,1,610,1,0,44.30000000000188,100.0,49.8,2.18762467352357,0.1,Forage
outcome_eta0.1,1,620,1,0,43.80000000000191,100.0,49.8,2.1341479587753276,0.1,Forage
outcome_eta0.1,1,630,1,0,43.30000000000194,100.0,49.8,2.162834924767135,0.1,Forage
outcome_eta0.1,1,640,1,0,42.800000000001965,100.0,49.8,2.1734113541137967,0.1,Forage
outcome_eta0.1,1,650,1,0,42.300000000001994,100.0,49.8,2.182603620486284,0.1,Forage
outcome_eta0.1,1,660,1,0,43.90000000000201,100.0,49.8,2.1491160419023134,0.1,Forage
outcome_eta0.1,1,670,1,0,43.40000000000204,100.0,49.8,2.1616391232182517,0.1,Forage
outcome_eta0.1,1,680,1,0,42.900000000002066,100.0,49.8,2.1716390382741313,0.1,Forage
outcome_eta0.1,1,690,1,0,42.400000000002095,100.0,49.8,2.180789842991658,0.1,Forage
outcome_eta0.1,1,700,1,0,41.90000000000212,100.0,49.8,2.1898795390893717,0.1,Forage
outcome_eta0.1,1,710,1,0,41.60000000000213,100.0,49.8,2.203291040608888,0.1,Forage
outcome_eta0.1,1,720,1,0,41.10000000000216,100.0,49.8,2.198159439651498,0.1,Forage
outcome_eta0.1,1,730,1,0,40.60000000000219,100.0,49.8,2.2130493432781986,0.1,Forage
outcome_eta0.1,1,740,1,0,40.10000000000222,100.0,49.8,2.222553277326771,0.1,Forage
outcome_eta0.1,1,750,1,0,39.60000000000225,100.0,49.8,2.2316683797124712,0.1,Forage
outcome_eta0.1,1,760,1,0,39.30000000000226,100.0,49.8,2.2447177116018864,0.1,Forage
outcome_eta0.1,1,770,1,0,38.800000000002285,100.0,49.8,2.2395203463087485,0.1,Forage
outcome_eta0.1,1,780,1,0,38.30000000000231,100.0,49.8,2.2548091449365546,0.1,Forage
outcome_eta0.1,1,790,1,0,37.80000000000234,100.0,49.8,2.264341856591038,0.1,Forage
outcome_eta0.1,1,800,1,0,37.30000000000237,100.0,49.8,2.2734590294132646,0.1,Forage
outcome_eta0.1,1,810,1,0,37.00000000000238,100.0,49.8,2.2861445095891106,0.1,Forage
outcome_eta0.1,1,820,1,0,36.50000000000241,100.0,49.8,2.280881260544216,0.1,Forage
outcome_eta0.1,1,830,1,0,36.00000000000244,100.0,49.8,2.2965689471399253,0.1,Forage
outcome_eta0.1,1,840,1,0,35.500000000002466,100.0,49.8,2.306130435894517,0.1,Forage
outcome_eta0.1,1,850,1,0,35.000000000002494,100.0,49.8,2.315249679116879,0.1,Forage
outcome_eta0.1,1,860,1,0,32.8000000000025,100.0,49.8,2.396580316740149,0.1,Forage
outcome_eta0.1,1,870,1,0,32.30000000000253,100.0,49.8,2.335890648812982,0.1,Forage
outcome_eta0.1,1,880,1,0,31.80000000000254,100.0,49.8,2.3712443069537086,0.1,Forage
outcome_eta0.1,1,890,1,0,31.300000000002534,100.0,49.8,2.382326217680337,0.1,Forage
outcome_eta0.1,1,900,1,0,30.800000000002527,100.0,49.8,2.3915548521449645,0.1,Forage
outcome_eta0.1,1,910,1,0,28.600000000002524,100.0,49.8,2.4728933600333294,0.1,Forage
outcome_eta0.1,1,920,1,0,28.100000000002517,100.0,49.8,2.409570525737109,0.1,Forage
outcome_eta0.1,1,930,1,0,27.60000000000251,100.0,49.8,2.4473590334168307,0.1,Forage
outcome_eta0.1,1,940,1,0,27.100000000002503,100.0,49.8,2.4586255588386425,0.1,Forage
outcome_eta0.1,1,950,1,0,26.600000000002495,100.0,49.8,2.467867475858291,0.1,Forage
outcome_eta0.1,1,960,1,0,27.25000000000249,100.0,49.8,2.4515343114828,0.1,Forage
outcome_eta0.1,1,970,1,0,26.750000000002483,100.0,49.8,2.458346177486951,0.1,Forage
outcome_eta0.1,1,980,1,0,26.250000000002476,100.0,49.8,2.4737486691211634,0.1,Forage
outcome_eta0.1,1,990,1,0,25.75000000000247,100.0,49.8,2.4832887880340655,0.1,Forage
outcome_eta0.1,1,1000,1,0,25.250000000002462,100.0,49.8,2.4924064937576746,0.1,Forage
outcome_eta0.1,2,1,1,1,99.0,0.5,49.8,0.14160333387801485,0.1,Care
outcome_eta0.1,2,10,1,1,94.50000000000003,5.0,50.0,0.6208309091869938,0.1,Care
outcome_eta0.1,2,20,1,1,93.50000000000009,10.0,50.0,0.7482360050318794,0.1,Care
outcome_eta0.1,2,30,1,1,92.50000000000014,15.0,50.0,0.8869694488019403,0.1,Care
outcome_eta0.1,2,40,1,1,91.5000000000002,20.0,50.0,1.029467737873988,0.1,Care
outcome_eta0.1,2,50,1,1,90.50000000000026,25.0,50.0,1.173218054838613,0.1,Care
outcome_eta0.1,2,60,1,1,89.50000000000031,30.0,50.0,1.3173847434265853,0.1,Care
outcome_eta0.1,2,70,1,1,88.50000000000037,35.0,50.0,1.4616898996396355,0.1,Care
outcome_eta0.1,2,80,1,1,87.50000000000043,40.0,50.0,1.6060411043394693,0.1,Care
outcome_eta0.1,2,90,1,1,86.50000000000048,45.0,50.0,1.7504076228221008,0.1,Care
outcome_eta0.1,2,100,1,1,85.50000000000054,50.0,50.0,1.894779234022431,0.1,Care
outcome_eta0.1,2,110,1,1,84.5000000000006,55.0,50.0,2.0391525388456815,0.1,Care
outcome_eta0.1,2,120,1,1,83.50000000000065,60.0,50.0,2.18352640689642,0.1,Care
outcome_eta0.1,2,130,1,1,82.50000000000071,65.0,50.0,2.3,0.1,Care
outcome_eta0.1,2,140,1,1,81.50000000000077,70.0,50.0,2.3599999999999994,0.1,Care
outcome_eta0.1,2,150,1,1,80.50000000000082,75.0,50.0,2.42,0.1,Care
outcome_eta0.1,2,160,1,1,79.50000000000088,80.0,50.0,2.4849999999999914,0.1,Care
outcome_eta0.1,2,170,1,1,78.50000000000094,85.0,50.0,2.5549999999999904,0.1,Care
outcome_eta0.1,2,180,1,1,77.500000000001,90.0,50.0,2.6249999999999902,0.1,Care
outcome_eta0.1,2,190,1,1,76.50000000000105,95.0,50.0,2.6949999999999896,0.1,Care
outcome_eta0.1,2,200,1,0,75.5500000000011,100.0,49.8,2.613643503762759,0.1,Self
outcome_eta0.1,2,210,1,0,75.05000000000113,100.0,49.8,1.7468406557869933,0.1,Self
outcome_eta0.1,2,220,1,0,74.55000000000116,100.0,49.8,1.6908788191973614,0.1,Self
outcome_eta0.1,2,230,1,0,74.05000000000119,100.0,49.8,1.7621668985537031,0.1,Self
outcome_eta0.1,2,240,1,0,73.55000000000122,100.0,49.8,1.8478876250997684,0.1,Self
outcome_eta0.1,2,250,1,0,73.05000000000125,100.0,49.8,1.9643598253618406,0.1,Self
outcome_eta0.1,2,260,1,0,72.55000000000128,100.0,49.8,2.028533137665166,0.1,Self
outcome_eta0.1,2,270,1,0,72.0500000000013,100.0,49.8,2.0824770846997804,0.1,Self
outcome_eta0.1,2,280,1,0,71.55000000000133,100.0,49.8,2.1318459678224735,0.1,Self
outcome_eta0.1,2,290,1,0,71.05000000000136,100.0,49.8,2.178590330978454,0.1,Self
outcome_eta0.1,2,300,1,0,70.55000000000139,100.0,49.8,2.2238001649150183,0.1,Self
outcome_eta0.1,2,310,1,0,70.05000000000142,100.0,49.8,2.268111645644979,0.1,Self
outcome_eta0.1,2,320,1,0,69.55000000000145,100.0,49.8,2.311897163828709,0.1,Self
outcome_eta0.1,2,330,1,0,69.05000000000148,100.0,49.8,2.355374742902268,0.1,Self
outcome_eta0.1,2,340,1,0,68.5500000000015,100.0,49.8,2.398672030566206,0.1,Self
outcome_eta0.1,2,350,1,0,68.05000000000153,100.0,49.8,2.441863761670241,0.1,Self
outcome_eta0.1,2,360,1,0,67.55000000000156,100.0,49.8,2.4849936917856517,0.1,Self
outcome_eta0.1,2,370,1,0,67.05000000000159,100.0,49.8,2.528087438814015,0.1,Self
outcome_eta0.1,2,380,1,0,66.55000000000162,100.0,49.8,2.5711600014597753,0.1,Self
outcome_eta0.1,2,390,1,0,66.05000000000165,100.0,49.8,2.614220161126606,0.1,Self
outcome_eta0.1,2,400,1,0,65.55000000000167,100.0,49.8,2.644499999999983,0.1,Self
outcome_eta0.1,2,410,1,0,65.0500000000017,100.0,49.8,2.649499999999983,0.1,Self
outcome_eta0.1,2,420,1,0,64.55000000000173,100.0,49.8,2.6544999999999828,0.1,Self
outcome_eta0.1,2,430,1,0,64.05000000000176,100.0,49.8,2.6594999999999827,0.1,Self
outcome_eta0.1,2,440,1,0,63.55000000000179,100.0,49.8,2.664499999999982,0.1,Self
outcome_eta0.1,2,450,1,0,63.050000000001816,100.0,49.8,2.6694999999999816,0.1,Self
outcome_eta0.1,2,460,1,0,62.550000000001845,100.0,49.8,2.6744999999999814,0.1,Self
outcome_eta0.1,2,470,1,0,62.05000000000187,100.0,49.8,2.6794999999999813,0.1,Self
outcome_eta0.1,2,480,1,0,61.5500000000019,100.0,49.8,2.6844999999999812,0.1,Self
outcome_eta0.1,2,490,1,0,61.05000000000193,100.0,49.8,2.6894999999999807,0.1,Self
outcome_eta0.1,2,500,1,0,60.55000000000196,100.0,49.8,2.69449999999998,0.1,Self
outcome_eta0.1,2,510,1,0,60.05000000000199,100.0,49.8,2.69949999999998,0.1,Self
outcome_eta0.1,2,520,1,0,59.550000000002015,100.0,49.8,2.70449999999998,0.1,Self
outcome_eta0.1,2,530,1,0,59.05000000000204,100.0,49.8,2.70949999999998,0.1,Self
outcome_eta0.1,2,540,1,0,58.55000000000207,100.0,49.8,2.7144999999999793,0.1,Self
outcome_eta0.1,2,550,1,0,58.0500000000021,100.0,49.8,2.7194999999999787,0.1,Self
outcome_eta0.1,2,560,1,0,57.55000000000213,100.0,49.8,2.7244999999999786,0.1,Self
outcome_eta0.1,2,570,1,0,57.05000000000216,100.0,49.8,2.7294999999999785,0.1,Self
outcome_eta0.1,2,580,1,0,56.550000000002186,100.0,49.8,2.7344999999999784,0.1,Self
outcome_eta0.1,2,590,1,0,56.050000000002214,100.0,49.8,2.739499999999978,0.1,Self
outcome_eta0.1,2,600,1,0,55.55000000000224,100.0,49.8,2.7444999999999773,0.1,Self
outcome_eta0.1,2,610,1,0,55.05000000000227,100.0,49.8,2.749499999999977,0.1,Self
outcome_eta0.1,2,620,1,0,54.5500000000023,100.0,49.8,2.754499999999977,0.1,Self
outcome_eta0.1,2,630,1,0,54.05000000000233,100.0,49.8,2.759499999999977,0.1,Self
outcome_eta0.1,2,640,1,0,53.550000000002356,100.0,49.8,2.7644999999999764,0.1,Self
outcome_eta0.1,2,650,1,0,53.050000000002385,100.0,49.8,2.769499999999976,0.1,Self
outcome_eta0.1,2,660,1,0,52.55000000000241,100.0,49.8,2.7744999999999758,0.1,Self
outcome_eta0.1,2,670,1,0,52.05000000000244,100.0,49.8,2.7794999999999757,0.1,Self
outcome_eta0.1,2,680,1,0,51.55000000000247,100.0,49.8,2.7844999999999756,0.1,Self
outcome_eta0.1,2,690,1,0,51.0500000000025,100.0,49.8,2.789499999999975,0.1,Self
outcome_eta0.1,2,700,1,0,50.55000000000253,100.0,49.8,2.7944999999999744,0.1,Self
outcome_eta0.1,2,710,1,0,50.050000000002555,100.0,49.8,2.7994999999999743,0.1,Self
outcome_eta0.1,2,720,1,0,49.55000000000258,100.0,49.8,2.8044999999999742,0.1,Self
outcome_eta0.1,2,730,1,0,49.05000000000261,100.0,49.8,2.809499999999974,0.1,Self
outcome_eta0.1,2,740,1,0,48.55000000000264,100.0,49.8,2.8144999999999736,0.1,Self
outcome_eta0.1,2,750,1,0,48.05000000000267,100.0,49.8,2.819499999999973,0.1,Self
outcome_eta0.1,2,760,1,0,47.5500000000027,100.0,49.8,2.824499999999973,0.1,Self
outcome_eta0.1,2,770,1,0,47.050000000002726,100.0,49.8,2.829499999999973,0.1,Self
outcome_eta0.1,2,780,1,0,46.550000000002754,100.0,49.8,2.8344999999999727,0.1,Self
outcome_eta0.1,2,790,1,0,46.05000000000278,100.0,49.8,2.839499999999972,0.1,Self
outcome_eta0.1,2,800,1,0,45.55000000000281,100.0,49.8,2.8444999999999716,0.1,Self
outcome_eta0.1,2,810,1,0,45.05000000000284,100.0,49.8,2.8494999999999715,0.1,Self
outcome_eta0.1,2,820,1,0,44.55000000000287,100.0,49.8,2.8544999999999714,0.1,Self
outcome_eta0.1,2,830,1,0,44.050000000002896,100.0,49.8,2.8594999999999713,0.1,Self
outcome_eta0.1,2,840,1,0,43.550000000002925,100.0,49.8,2.8644999999999707,0.1,Self
outcome_eta0.1,2,850,1,0,43.05000000000295,100.0,49.8,2.86949999999997,0.1,Self
outcome_eta0.1,2,860,1,0,42.55000000000298,100.0,49.8,2.87449999999997,0.1,Self
outcome_eta0.1,2,870,1,0,42.05000000000301,100.0,49.8,2.87949999999997,0.1,Self
outcome_eta0.1,2,880,1,0,41.55000000000304,100.0,49.8,2.88449999999997,0.1,Self
outcome_eta0.1,2,890,1,0,41.05000000000307,100.0,49.8,2.8894999999999693,0.1,Self
outcome_eta0.1,2,900,1,0,40.550000000003095,100.0,49.8,2.8944999999999688,0.1,Self
outcome_eta0.1,2,910,1,0,40.05000000000312,100.0,49.8,2.8994999999999687,0.1,Self
outcome_eta0.1,2,920,1,0,39.55000000000315,100.0,49.8,2.9044999999999686,0.1,Self
outcome_eta0.1,2,930,1,0,39.05000000000318,100.0,49.8,2.9094999999999684,0.1,Self
outcome_eta0.1,2,940,1,0,38.55000000000321,100.0,49.8,2.914499999999968,0.1,Self
outcome_eta0.1,2,950,1,0,38.05000000000324,100.0,49.8,2.9194999999999673,0.1,Self
outcome_eta0.1,2,960,1,0,37.550000000003266,100.0,49.8,2.9244999999999672,0.1,Self
outcome_eta0.1,2,970,1,0,37.050000000003294,100.0,49.8,2.929499999999967,0.1,Self
outcome_eta0.1,2,980,1,0,36.55000000000332,100.0,49.8,2.934499999999967,0.1,Self
outcome_eta0.1,2,990,1,0,36.05000000000335,100.0,49.8,2.9394999999999665,0.1,Self
outcome_eta0.1,2,1000,1,0,35.55000000000338,100.0,49.8,2.944499999999966,0.1,Self
outcome_eta0.1,3,1,1,1,99.0,0.5,49.8,0.35642671064928283,0.1,Care
outcome_eta0.1,3,10,1,1,91.80000000000001,5.0,49.99999999999997,0.611717612613231,0.1,Care
outcome_eta0.1,3,20,1,1,90.80000000000007,10.0,50.0,0.6609550467977329,0.1,Care
outcome_eta0.1,3,30,1,1,89.80000000000013,15.0,50.0,0.7252981834289561,0.1,Care
outcome_eta0.1,3,40,1,1,88.80000000000018,20.0,50.0,0.7896415301874247,0.1,Care
outcome_eta0.1,3,50,1,1,87.80000000000024,25.0,50.0,0.8539848769580574,0.1,Care
outcome_eta0.1,3,60,1,1,86.8000000000003,30.0,50.0,0.9183282237286907,0.1,Care
outcome_eta0.1,3,70,1,1,85.80000000000035,35.0,50.0,0.9826715704993239,0.1,Care
outcome_eta0.1,3,80,1,1,84.80000000000041,40.0,50.0,1.0470149172699572,0.1,Care
outcome_eta0.1,3,90,1,1,80.20000000000044,45.0,49.19999999999999,1.0392358300248175,0.1,Forage
outcome_eta0.1,3,100,1,1,75.60000000000048,30.0,50.0,1.0366896455452481,0.1,Care
outcome_eta0.1,3,110,1,1,74.60000000000053,35.0,50.0,1.1096752075169667,0.1,Care
outcome_eta0.1,3,120,1,1,73.60000000000059,40.0,50.0,1.1842423463734346,0.1,Care
outcome_eta0.1,3,130,1,1,69.00000000000063,45.0,48.999999999999986,1.3230155532003445,0.1,Forage
outcome_eta0.1,3,140,1,1,64.40000000000066,30.0,50.0,1.2209759373477094,0.1,Care
outcome_eta0.1,3,150,1,1,63.400000000000674,35.0,50.0,1.294435142318429,0.1,Care
outcome_eta0.1,3,160,1,1,62.40000000000066,40.0,50.0,1.368543767835436,0.1,Care
outcome_eta0.1,3,170,1,1,56.000000000000654,45.0,48.59999999999998,2.209174216808444,0.1,Forage
outcome_eta0.1,3,180,1,1,55.00000000000064,30.0,50.0,1.3842490501398272,0.1,Care
outcome_eta0.1,3,190,1,1,54.000000000000625,35.0,50.0,1.4587480237769896,0.1,Care
outcome_eta0.1,3,200,1,1,53.00000000000061,40.0,50.0,1.5332560972376403,0.1,Care
outcome_eta0.1,3,210,1,1,46.65000000000061,25.0,48.99999999999997,1.4941478885412167,0.1,Care
outcome_eta0.1,3,220,1,1,45.650000000000595,30.0,50.0,1.536531252082549,0.1,Care
outcome_eta0.1,3,230,1,1,44.65000000000058,35.0,50.0,1.611385148283297,0.1,Care
outcome_eta0.1,3,240,1,1,44.0500000000006,40.0,48.39999999999998,1.6297493487659396,0.1,Forage
outcome_eta0.1,3,250,1,1,43.55000000000063,45.0,46.39999999999995,1.6337125243900756,0.1,Forage
outcome_eta0.1,3,260,1,1,35.40000000000063,50.0,44.39999999999992,2.7066580035053645,0.1,Forage
outcome_eta0.1,3,270,1,1,34.40000000000062,35.0,50.0,1.5812220209721883,0.1,Care
outcome_eta0.1,3,280,1,1,33.650000000000624,40.0,48.999999999999986,1.6192964996969408,0.1,Forage
outcome_eta0.1,3,290,1,1,33.15000000000065,45.0,46.99999999999996,1.6227029152500534,0.1,Forage
outcome_eta0.1,3,300,1,1,32.65000000000068,50.0,44.99999999999993,1.6446858937071163,0.1,Forage
outcome_eta0.1,3,310,1,1,24.500000000000682,55.0,42.9999999999999,2.7278576465225375,0.1,Forage
outcome_eta0.1,3,320,1,1,23.65000000000067,40.0,46.99999999999987,1.6030055956423122,0.1,Forage
outcome_eta0.1,3,330,1,1,23.150000000000663,45.0,44.999999999999844,1.6893933894504674,0.1,Forage
outcome_eta0.1,3,340,1,1,22.650000000000656,50.0,42.999999999999815,1.7960081375873291,0.1,Forage
outcome_eta0.1,3,350,1,1,22.15000000000065,55.0,40.99999999999979,1.9036206662694664,0.1,Forage
outcome_eta0.1,3,360,1,1,22.800000000000644,60.0,38.99999999999976,2.515711346622497,0.1,Forage
outcome_eta0.1,3,370,1,1,22.300000000000637,65.0,36.99999999999973,2.625071846126642,0.1,Forage
outcome_eta0.1,3,380,1,1,21.80000000000063,70.0,34.9999999999997,2.7415742366100453,0.1,Forage
outcome_eta0.1,3,390,1,1,21.300000000000622,75.0,32.99999999999967,2.856541227751386,0.1,Forage
outcome_eta0.1,3,400,1,1,20.800000000000615,80.0,30.999999999999666,2.963173994454985,0.1,Forage
outcome_eta0.1,3,410,1,1,12.650000000000615,85.0,28.999999999999673,3.3731106438632517,0.1,Forage
outcome_eta0.1,3,420,1,1,6.400000000000616,70.0,26.99999999999968,2.6236626146901587,0.1,Forage
outcome_eta0.1,3,430,1,1,5.900000000000618,75.0,24.999999999999687,2.677253947241474,0.1,Forage
outcome_eta0.1,3,440,1,1,5.400000000000619,80.0,22.999999999999694,2.795190745915643,0.1,Forage
outcome_eta0.1,3,450,1,1,4.900000000000621,85.0,20.9999999999997,2.9019290685097943,0.1,Forage
outcome_eta0.1,3,460,0,1,0.0,90.0,18.99999999999971,3.5981083352630066,0.1,Forage
outcome_eta0.1,3,470,0,1,0.0,95.0,16.999999999999716,3.6881083352630064,0.1,Forage
outcome_eta0.1,3,480,0,0,0.0,100.0,14.999999999999723,2.0781083352630008,0.1,Forage
outcome_eta0.1,4,1,1,1,99.95,0.5,49.8,0.03030350807944794,0.1,Forage
outcome_eta0.1,4,10,1,1,99.50000000000003,5.0,47.99999999999997,0.32439304057814655,0.1,Forage
outcome_eta0.1,4,20,1,1,99.00000000000006,10.0,45.99999999999994,0.976595140297316,0.1,Forage
outcome_eta0.1,4,30,1,1,98.50000000000009,15.0,43.999999999999915,1.3915487011272551,0.1,Forage
outcome_eta0.1,4,40,1,1,98.00000000000011,20.0,41.999999999999886,1.5183447744984864,0.1,Forage
outcome_eta0.1,4,50,1,1,97.50000000000014,25.0,39.99999999999986,1.6451408478697465,0.1,Forage
outcome_eta0.1,4,60,1,1,89.35000000000015,30.0,37.99999999999983,2.1934527738084117,0.1,Forage
outcome_eta0.1,4,70,1,1,88.35000000000021,15.0,44.9999999999998,0.9366432971157098,0.1,Care
outcome_eta0.1,4,80,1,1,87.35000000000026,20.0,50.0,0.9092451488864353,0.1,Care
outcome_eta0.1,4,90,1,1,86.35000000000032,25.0,50.0,1.0066572179953268,0.1,Care
outcome_eta0.1,4,100,1,1,85.35000000000038,30.0,50.0,1.1051110341721717,0.1,Care
outcome_eta0.1,4,110,1,1,84.35000000000043,35.0,50.0,1.2035657625128802,0.1,Care
outcome_eta0.1,4,120,1,1,83.35000000000049,40.0,50.0,1.3020204915850502,0.1,Care
outcome_eta0.1,4,130,1,1,82.35000000000055,45.0,50.0,1.4004752206578062,0.1,Care
outcome_eta0.1,4,140,1,1,81.3500000000006,50.0,50.0,1.4989299497305628,0.1,Care
outcome_eta0.1,4,150,1,1,80.35000000000066,55.0,50.0,1.5973846788033195,0.1,Care
outcome_eta0.1,4,160,1,1,79.35000000000072,60.0,50.0,1.7025455245028565,0.1,Care
outcome_eta0.1,4,170,1,1,78.35000000000078,65.0,50.0,1.8116441173276776,0.1,Care
outcome_eta0.1,4,180,1,1,77.35000000000083,70.0,50.0,1.9207474681258965,0.1,Care
outcome_eta0.1,4,190,1,1,76.35000000000089,75.0,50.0,2.0298508228376866,0.1,Care
outcome_eta0.1,4,200,1,1,75.35000000000095,80.0,50.0,2.138954177552613,0.1,Care
outcome_eta0.1,4,210,1,1,74.350000000001,85.0,50.0,2.2480575322675422,0.1,Care
outcome_eta0.1,4,220,1,1,73.35000000000106,90.0,50.0,2.357160886982471,0.1,Care
outcome_eta0.1,4,230,1,1,72.40000000000111,95.0,50.0,2.4103966294032197,0.1,Care
outcome_eta0.1,4,240,1,0,71.50000000000117,100.0,49.8,2.2833048449078763,0.1,Self
outcome_eta0.1,4,250,1,0,67.40000000000117,100.0,49.8,1.8062347377341714,0.1,Forage
outcome_eta0.1,4,260,1,0,69.20000000000118,100.0,49.8,1.8319759354827032,0.1,Forage
outcome_eta0.1,4,270,1,0,67.0000000000012,100.0,49.8,1.8767416461403372,0.1,Forage
outcome_eta0.1,4,280,1,0,66.50000000000122,100.0,49.8,1.7940967007467488,0.1,Forage
outcome_eta0.1,4,290,1,0,66.00000000000125,100.0,49.8,1.7023341923435464,0.1,Forage
outcome_eta0.1,4,300,1,0,65.50000000000128,100.0,49.8,1.6760218525147694,0.1,Forage
outcome_eta0.1,4,310,1,0,56.45000000000128,100.0,49.8,1.8242079757181955,0.1,Forage
outcome_eta0.1,4,320,1,0,60.900000000001306,100.0,49.8,1.7325363702154237,0.1,Forage
outcome_eta0.1,4,330,1,0,60.400000000001334,100.0,49.8,1.7329688817391162,0.1,Forage
outcome_eta0.1,4,340,1,0,59.90000000000136,100.0,49.8,1.7245580147904644,0.1,Forage
outcome_eta0.1,4,350,1,0,59.40000000000139,100.0,49.8,1.732202818779835,0.1,Forage
outcome_eta0.1,4,360,1,0,56.25000000000139,100.0,49.8,1.8109386006457546,0.1,Forage
outcome_eta0.1,4,370,1,0,55.75000000000142,100.0,49.8,1.7923461960929434,0.1,Forage
outcome_eta0.1,4,380,1,0,55.25000000000145,100.0,49.8,1.7801298341396472,0.1,Forage
outcome_eta0.1,4,390,1,0,54.75000000000148,100.0,49.8,1.7848344742877567,0.1,Forage
outcome_eta0.1,4,400,1,0,54.250000000001506,100.0,49.8,1.7904516813714886,0.1,Forage
outcome_eta0.1,4,410,1,0,51.10000000000151,100.0,49.8,1.8690932665739732,0.1,Forage
outcome_eta0.1,4,420,1,0,50.600000000001536,100.0,49.8,1.8545004171876962,0.1,Forage
outcome_eta0.1,4,430,1,0,50.100000000001565,100.0,49.8,1.8384878596549727,0.1,Forage
outcome_eta0.1,4,440,1,0,49.60000000000159,100.0,49.8,1.8429924563945161,0.1,Forage
outcome_eta0.1,4,450,1,0,49.10000000000162,100.0,49.8,1.8486035865616648,0.1,Forage
outcome_eta0.1,4,460,1,0,52.60000000000164,100.0,49.8,1.8123796562134653,0.1,Forage
outcome_eta0.1,4,470,1,0,52.10000000000167,100.0,49.8,1.8148288669670092,0.1,Forage
outcome_eta0.1,4,480,1,0,51.6000000000017,100.0,49.8,1.8203765853652993,0.1,Forage
outcome_eta0.1,4,490,1,0,51.10000000000173,100.0,49.8,1.8260194036143198,0.1,Forage
outcome_eta0.1,4,500,1,0,50.60000000000176,100.0,49.8,1.8316651106679132,0.1,Forage
outcome_eta0.1,4,510,1,0,53.150000000001775,100.0,49.8,1.8134354645607222,0.1,Forage
outcome_eta0.1,4,520,1,0,52.6500000000018,100.0,49.8,1.8088889914060262,0.1,Forage
outcome_eta0.1,4,530,1,0,52.15000000000183,100.0,49.8,1.8141744250699179,0.1,Forage
outcome_eta0.1,4,540,1,0,51.65000000000186,100.0,49.8,1.8198092759086386,0.1,Forage
outcome_eta0.1,4,550,1,0,51.15000000000189,100.0,49.8,1.8254547409400474,0.1,Forage
outcome_eta0.1,4,560,1,0,49.900000000001896,100.0,49.8,1.8552293080230438,0.1,Forage
outcome_eta0.1,4,570,1,0,49.400000000001924,100.0,49.8,1.8543510766268056,0.1,Forage
outcome_eta0.1,4,580,1,0,48.90000000000195,100.0,49.8,1.8511426014294166,0.1,Forage
outcome_eta0.1,4,590,1,0,48.40000000000198,100.0,49.8,1.8565151766356343,0.1,Forage
outcome_eta0.1,4,600,1,0,47.90000000000201,100.0,49.8,1.8621526746368215,0.1,Forage
outcome_eta0.1,4,610,1,0,48.55000000000202,100.0,49.8,1.8659799217217579,0.1,Forage
outcome_eta0.1,4,620,1,0,48.05000000000205,100.0,49.8,1.8625790770791537,0.1,Forage
outcome_eta0.1,4,630,1,0,47.55000000000208,100.0,49.8,1.866168908045852,0.1,Forage
outcome_eta0.1,4,640,1,0,47.05000000000211,100.0,49.8,1.8717522277847576,0.1,Forage
outcome_eta0.1,4,650,1,0,46.550000000002136,100.0,49.8,1.877396127480719,0.1,Forage
outcome_eta0.1,4,660,1,0,45.30000000000214,100.0,49.8,1.9074455242697006,0.1,Forage
outcome_eta0.1,4,670,1,0,44.80000000000217,100.0,49.8,1.9076687571423658,0.1,Forage
outcome_eta0.1,4,680,1,0,44.3000000000022,100.0,49.8,1.903126392681891,0.1,Forage
outcome_eta0.1,4,690,1,0,43.80000000000223,100.0,49.8,1.9084578037358333,0.1,Forage
outcome_eta0.1,4,700,1,0,43.30000000000226,100.0,49.8,1.914094051311931,0.1,Forage
outcome_eta0.1,4,710,1,0,42.050000000002264,100.0,49.8,1.9443374223585277,0.1,Forage
outcome_eta0.1,4,720,1,0,41.55000000000229,100.0,49.8,1.9453388576384931,0.1,Forage
outcome_eta0.1,4,730,1,0,41.05000000000232,100.0,49.8,1.9398540712881802,0.1,Forage
outcome_eta0.1,4,740,1,0,40.55000000000235,100.0,49.8,1.9451563989697918,0.1,Forage
outcome_eta0.1,4,750,1,0,40.05000000000238,100.0,49.8,1.950791763093263,0.1,Forage
outcome_eta0.1,4,760,1,0,43.5500000000024,100.0,49.8,1.915414603147882,0.1,Forage
outcome_eta0.1,4,770,1,0,43.05000000000243,100.0,49.8,1.9170438276304345,0.1,Forage
outcome_eta0.1,4,780,1,0,42.550000000002456,100.0,49.8,1.9225663116495268,0.1,Forage
outcome_eta0.1,4,790,1,0,42.050000000002484,100.0,49.8,1.928208363365226,0.1,Forage
outcome_eta0.1,4,800,1,0,41.55000000000251,100.0,49.8,1.933854047134206,0.1,Forage
outcome_eta0.1,4,810,1,0,43.15000000000253,100.0,49.8,1.9306346774709149,0.1,Forage
outcome_eta0.1,4,820,1,0,42.65000000000256,100.0,49.8,1.9221408882916546,0.1,Forage
outcome_eta0.1,4,830,1,0,42.150000000002585,100.0,49.8,1.9271005814923412,0.1,Forage
outcome_eta0.1,4,840,1,0,41.65000000000261,100.0,49.8,1.9327255370015126,0.1,Forage
outcome_eta0.1,4,850,1,0,41.15000000000264,100.0,49.8,1.9383707014472622,0.1,Forage
outcome_eta0.1,4,860,1,0,38.00000000000264,100.0,49.8,2.0170131358970664,0.1,Forage
outcome_eta0.1,4,870,1,0,37.50000000000267,100.0,49.8,2.0126012994355653,0.1,Forage
outcome_eta0.1,4,880,1,0,37.0000000000027,100.0,49.8,1.9869325418089212,0.1,Forage
outcome_eta0.1,4,890,1,0,36.50000000000273,100.0,49.8,1.9909282942500126,0.1,Forage
outcome_eta0.1,4,900,1,0,36.00000000000276,100.0,49.8,1.9965239667503516,0.1,Forage
outcome_eta0.1,4,910,1,0,35.70000000000277,100.0,49.8,2.0095536676363066,0.1,Forage
outcome_eta0.1,4,920,1,0,35.200000000002795,100.0,49.8,2.0097652488018025,0.1,Forage
outcome_eta0.1,4,930,1,0,34.700000000002824,100.0,49.8,2.011329470086539,0.1,Forage
outcome_eta0.1,4,940,1,0,34.20000000000285,100.0,49.8,2.016851155816207,0.1,Forage
outcome_eta0.1,4,950,1,0,33.70000000000288,100.0,49.8,2.02249318328533,0.1,Forage
outcome_eta0.1,4,960,1,0,34.35000000000289,100.0,49.8,2.0306500158136647,0.1,Forage
outcome_eta0.1,4,970,1,0,33.85000000000292,100.0,49.8,2.023857315441519,0.1,Forage
outcome_eta0.1,4,980,1,0,33.35000000000295,100.0,49.8,2.0265380503952093,0.1,Forage
outcome_eta0.1,4,990,1,0,32.85000000000298,100.0,49.8,2.0320937438148916,0.1,Forage
outcome_eta0.1,4,1000,1,0,32.35000000000301,100.0,49.8,2.0377368043194384,0.1,Forage
outcome_eta0.1,5,1,1,1,99.0,0.5,49.8,0.34168464800447085,0.1,Care
outcome_eta0.1,5,10,1,1,92.70000000000002,5.0,50.0,0.6025927523837663,0.1,Care
outcome_eta0.1,5,20,1,1,91.70000000000007,10.0,50.0,0.6754616859441085,0.1,Care
outcome_eta0.1,5,30,1,1,90.70000000000013,15.0,50.0,0.7490215696587701,0.1,Care
outcome_eta0.1,5,40,1,1,89.70000000000019,20.0,50.0,0.8225937409197821,0.1,Care
outcome_eta0.1,5,50,1,1,88.70000000000024,25.0,50.0,0.8961681386001712,0.1,Care
outcome_eta0.1,5,60,1,1,87.7000000000003,30.0,50.0,0.9697429396949273,0.1,Care
outcome_eta0.1,5,70,1,1,86.70000000000036,35.0,50.0,1.0433178138860428,0.1,Care
outcome_eta0.1,5,80,1,1,85.70000000000041,40.0,50.0,1.116892701321798,0.1,Care
outcome_eta0.1,5,90,1,1,84.70000000000047,45.0,50.0,1.1904675911574052,0.1,Care
outcome_eta0.1,5,100,1,1,83.70000000000053,50.0,50.0,1.2640424814278521,0.1,Care
outcome_eta0.1,5,110,1,1,82.70000000000059,55.0,50.0,1.3376173717770894,0.1,Care
outcome_eta0.1,5,120,1,1,81.70000000000064,60.0,50.0,1.4111922621406028,0.1,Care
outcome_eta0.1,5,130,1,1,80.7000000000007,65.0,50.0,1.484767152506703,0.1,Care
outcome_eta0.1,5,140,1,1,77.90000000000074,50.0,50.0,1.3360194197833883,0.1,Care
outcome_eta0.1,5,150,1,1,76.9000000000008,55.0,50.0,1.4162467755979118,0.1,Care
outcome_eta0.1,5,160,1,1,75.90000000000086,60.0,50.0,1.499747648320993,0.1,Care
outcome_eta0.1,5,170,1,1,74.90000000000092,65.0,50.0,1.5833746920639533,0.1,Care
outcome_eta0.1,5,180,1,1,72.10000000000096,50.0,50.0,1.4393885933857173,0.1,Care
outcome_eta0.1,5,190,1,1,71.10000000000102,55.0,50.0,1.522416849943406,0.1,Care
outcome_eta0.1,5,200,1,1,70.10000000000107,60.0,50.0,1.6058912555384852,0.1,Care
outcome_eta0.1,5,210,1,1,68.20000000000113,65.0,49.8,1.7064624106511355,0.1,Forage
outcome_eta0.1,5,220,1,1,64.50000000000117,50.0,50.0,1.5709487534035036,0.1,Care
outcome_eta0.1,5,230,1,1,63.50000000000119,55.0,50.0,1.6541479218230357,0.1,Care
outcome_eta0.1,5,240,1,1,62.50000000000117,60.0,50.0,1.7375229856059562,0.1,Care
outcome_eta0.1,5,250,1,1,58.80000000000116,65.0,49.19999999999999,2.1898755520218836,0.1,Forage
outcome_eta0.1,5,260,1,1,55.10000000000115,50.0,50.0,1.7255291241103548,0.1,Care
outcome_eta0.1,5,270,1,1,54.10000000000114,55.0,50.0,1.8073610335737713,0.1,Care
outcome_eta0.1,5,280,1,1,53.100000000001124,60.0,50.0,1.8897972292759428,0.1,Care
outcome_eta0.1,5,290,1,1,46.70000000000112,65.0,48.59999999999998,2.650327789137331,0.1,Forage
outcome_eta0.1,5,300,1,1,42.10000000000111,50.0,50.0,1.928872197247948,0.1,Care
outcome_eta0.1,5,310,1,1,36.6000000000011,55.0,48.999999999999986,2.1565695527911695,0.1,Forage
outcome_eta0.1,5,320,1,1,29.3000000000011,40.0,47.99999999999996,2.076438741404079,0.1,Care
outcome_eta0.1,5,330,1,1,28.300000000001084,45.0,50.0,2.098189090743554,0.1,Care
outcome_eta0.1,5,340,1,1,27.800000000001077,50.0,47.99999999999997,2.1220788362082654,0.1,Forage
outcome_eta0.1,5,350,1,1,27.30000000000107,55.0,45.99999999999994,2.1445574265546394,0.1,Forage
outcome_eta0.1,5,360,1,1,22.750000000001062,40.0,46.999999999999915,1.9926243620732025,0.1,Care
outcome_eta0.1,5,370,1,1,21.95000000000105,45.0,49.19999999999999,1.9698940153328262,0.1,Forage
outcome_eta0.1,5,380,1,1,21.450000000001044,50.0,47.19999999999996,1.9920222855225083,0.1,Forage
outcome_eta0.1,5,390,1,1,20.950000000001037,55.0,45.19999999999993,2.0147821458560373,0.1,Forage
outcome_eta0.1,5,400,1,1,20.45000000000103,60.0,43.1999999999999,2.055035889953381,0.1,Forage
outcome_eta0.1,5,410,1,1,20.150000000001025,65.0,41.199999999999875,2.8393572722371436,0.1,Forage
outcome_eta0.1,5,420,1,1,19.650000000001018,70.0,39.19999999999985,2.95792566004664,0.1,Forage
outcome_eta0.1,5,430,1,1,19.15000000000101,75.0,37.19999999999982,3.074072413711052,0.1,Forage
outcome_eta0.1,5,440,1,1,18.650000000001004,80.0,35.19999999999979,3.1867253171319168,0.1,Forage
outcome_eta0.1,5,450,1,1,18.150000000000997,85.0,33.19999999999976,3.2922776489928283,0.1,Forage
outcome_eta0.1,5,460,1,1,10.000000000000997,90.0,31.19999999999975,3.3539033706486903,0.1,Forage
outcome_eta0.1,5,470,1,1,6.600000000000998,75.0,29.199999999999758,2.713798588391482,0.1,Forage
outcome_eta0.1,5,480,1,1,6.100000000001,80.0,27.199999999999765,2.8129556920901813,0.1,Forage
outcome_eta0.1,5,490,1,1,5.6000000000010015,85.0,25.199999999999772,2.9293968720031334,0.1,Forage
outcome_eta0.1,5,500,1,1,5.100000000001003,90.0,23.19999999999978,3.0458766541484574,0.1,Forage
outcome_eta0.1,5,510,0,1,0.0,95.0,21.199999999999786,3.852176570365293,0.1,Forage
outcome_eta0.1,5,520,0,0,0.0,100.0,19.199999999999793,2.3261765703652886,0.1,Forage
outcome_eta0.1,6,1,1,1,99.0,0.5,49.8,0.49862252674539553,0.1,Care
outcome_eta0.1,6,10,1,1,98.55000000000003,5.0,47.99999999999997,0.5083608209693481,0.1,Forage
outcome_eta0.1,6,20,1,1,98.05000000000005,10.0,45.99999999999994,0.6613714119174046,0.1,Forage
outcome_eta0.1,6,30,1,1,97.55000000000008,15.0,43.999999999999915,0.8406813514991472,0.1,Forage
outcome_eta0.1,6,40,1,1,97.05000000000011,20.0,41.999999999999886,1.0462902478497882,0.1,Forage
outcome_eta0.1,6,50,1,1,96.55000000000014,25.0,39.99999999999986,1.278198100860007,0.1,Forage
outcome_eta0.1,6,60,1,1,88.40000000000015,30.0,37.99999999999983,1.5601665052873381,0.1,Forage
outcome_eta0.1,6,70,1,1,87.4000000000002,35.0,45.9999999999998,1.0990453417551547,0.1,Care
outcome_eta0.1,6,80,1,1,86.40000000000026,40.0,50.0,1.062140998872565,0.1,Care
outcome_eta0.1,6,90,1,1,85.40000000000032,45.0,50.0,1.134511715843797,0.1,Care
outcome_eta0.1,6,100,1,1,84.40000000000038,50.0,50.0,1.2071017945214886,0.1,Care
outcome_eta0.1,6,110,1,1,83.40000000000043,55.0,50.0,1.2796922641906745,0.1,Care
outcome_eta0.1,6,120,1,1,82.40000000000049,60.0,50.0,1.3522827345581439,0.1,Care
outcome_eta0.1,6,130,1,1,81.40000000000055,65.0,50.0,1.4248732049268602,0.1,Care
outcome_eta0.1,6,140,1,1,80.4000000000006,70.0,50.0,1.4974636752955788,0.1,Care
outcome_eta0.1,6,150,1,1,79.40000000000066,75.0,50.0,1.5761534971583315,0.1,Care
outcome_eta0.1,6,160,1,1,78.40000000000072,80.0,50.0,1.6590996795196244,0.1,Care
outcome_eta0.1,6,170,1,1,77.40000000000077,85.0,50.0,1.7420498548230323,0.1,Care
outcome_eta0.1,6,180,1,1,76.40000000000083,70.0,50.0,1.5718030656945698,0.1,Care
outcome_eta0.1,6,190,1,1,75.40000000000089,75.0,50.0,1.6543763010227632,0.1,Care
outcome_eta0.1,6,200,1,1,74.40000000000094,80.0,50.0,1.7371469931337058,0.1,Care
outcome_eta0.1,6,210,1,1,68.00000000000097,65.0,48.39999999999998,1.7415010020120687,0.1,Forage
outcome_eta0.1,6,220,1,1,67.00000000000102,70.0,50.0,1.735605207567953,0.1,Care
outcome_eta0.1,6,230,1,1,66.00000000000108,75.0,50.0,1.8183801224902667,0.1,Care
outcome_eta0.1,6,240,1,1,62.30000000000112,80.0,49.39999999999999,1.9774138834596948,0.1,Forage
outcome_eta0.1,6,250,1,1,53.20000000000112,85.0,47.39999999999996,3.082298227135834,0.1,Forage
outcome_eta0.1,6,260,1,1,52.200000000001104,70.0,50.0,1.9989345670473389,0.1,Care
outcome_eta0.1,6,270,1,1,51.20000000000109,75.0,50.0,2.0814051579954476,0.1,Care
outcome_eta0.1,6,280,1,1,46.60000000000108,60.0,50.0,1.9809098580048263,0.1,Care
outcome_eta0.1,6,290,1,1,45.60000000000107,65.0,50.0,2.053815313176709,0.1,Care
outcome_eta0.1,6,300,1,1,39.20000000000106,70.0,48.79999999999998,2.6485168474401495,0.1,Forage
outcome_eta0.1,6,310,1,1,30.10000000000106,75.0,46.799999999999955,3.0761192147284455,0.1,Forage
outcome_eta0.1,6,320,1,1,21.00000000000106,60.0,44.799999999999926,3.2319094429701116,0.1,Forage
outcome_eta0.1,6,330,1,1,21.600000000001053,65.0,42.7999999999999,3.1801331370572954,0.1,Forage
outcome_eta0.1,6,340,1,1,21.100000000001046,70.0,40.79999999999987,3.1738916826518437,0.1,Forage
outcome_eta0.1,6,350,1,1,20.60000000000104,75.0,38.79999999999984,3.17228813714773,0.1,Forage
outcome_eta0.1,6,360,1,1,12.450000000001037,80.0,36.79999999999981,3.5020235015702355,0.1,Forage
outcome_eta0.1,6,370,1,1,8.100000000001033,65.0,34.799999999999784,2.730881240047141,0.1,Forage
outcome_eta0.1,6,380,1,1,7.6000000000010335,70.0,32.799999999999756,2.7294691721111732,0.1,Forage
outcome_eta0.1,6,390,1,1,7.100000000001035,75.0,30.799999999999752,2.732750926572939,0.1,Forage
outcome_eta0.1,6,400,1,1,6.600000000001037,80.0,28.79999999999976,2.770732056958434,0.1,Forage
outcome_eta0.1,6,410,0,1,0.0,85.0,26.799999999999766,3.5877677282131697,0.1,Forage
outcome_eta0.1,6,420,0,1,0.0,90.0,24.799999999999773,3.677767728213169,0.1,Forage
outcome_eta0.1,6,430,0,1,0.0,95.0,22.79999999999978,3.7677677282131694,0.1,Forage
outcome_eta0.1,6,440,0,0,0.0,100.0,20.799999999999788,2.2737677282131648,0.1,Forage
outcome_eta0.1,7,1,1,1,99.95,0.5,49.8,0.23441267618602843,0.1,Forage
outcome_eta0.1,7,10,1,1,99.50000000000003,5.0,47.99999999999997,0.36255527686140415,0.1,Forage
outcome_eta0.1,7,20,1,1,99.00000000000006,10.0,45.99999999999994,0.5688774859531331,0.1,Forage
outcome_eta0.1,7,30,1,1,98.50000000000009,15.0,43.999999999999915,0.839944036641867,0.1,Forage
outcome_eta0.1,7,40,1,1,98.00000000000011,20.0,41.999999999999886,1.1756882442799157,0.1,Forage
outcome_eta0.1,7,50,1,1,97.50000000000014,25.0,39.99999999999986,1.5761088166228716,0.1,Forage
outcome_eta0.1,7,60,1,1,89.35000000000015,30.0,37.99999999999983,1.9941191247951249,0.1,Forage
outcome_eta0.1,7,70,1,1,84.05000000000017,15.0,35.9999999999998,1.0381420077681314,0.1,Forage
outcome_eta0.1,7,80,1,1,83.5500000000002,20.0,33.99999999999977,1.1427015517312895,0.1,Forage
outcome_eta0.1,7,90,1,1,83.05000000000022,25.0,31.999999999999748,1.2560061331705719,0.1,Forage
outcome_eta0.1,7,100,1,1,82.55000000000025,30.0,29.999999999999755,1.3688389028133572,0.1,Forage
outcome_eta0.1,7,110,1,1,74.40000000000026,35.0,27.999999999999762,1.423858828950669,0.1,Forage
outcome_eta0.1,7,120,1,1,71.85000000000029,20.0,27.99999999999977,1.3695077838537946,0.1,Forage
outcome_eta0.1,7,130,1,1,71.30000000000032,25.0,26.999999999999776,1.4426424810513505,0.1,Forage
outcome_eta0.1,7,140,1,1,70.70000000000036,30.0,26.999999999999783,1.4928795102392494,0.1,Forage
outcome_eta0.1,7,150,1,1,70.10000000000039,35.0,26.99999999999979,1.5599670014519564,0.1,Forage
outcome_eta0.1,7,160,1,1,61.900000000000404,40.0,25.999999999999797,1.834960314404472,0.1,Forage
outcome_eta0.1,7,170,1,1,59.2000000000004,25.0,28.999999999999805,1.613671858145463,0.1,Forage
outcome_eta0.1,7,180,1,1,58.650000000000425,30.0,27.99999999999981,1.695358885004271,0.1,Forage
outcome_eta0.1,7,190,1,1,58.050000000000445,35.0,27.99999999999982,1.7263345528890182,0.1,Forage
outcome_eta0.1,7,200,1,1,57.40000000000046,40.0,28.999999999999826,1.773452765997276,0.1,Care
outcome_eta0.1,7,210,1,1,54.70000000000046,25.0,30.999999999999833,1.6028448590855544,0.1,Care
outcome_eta0.1,7,220,1,1,54.10000000000048,30.0,30.999999999999837,1.6607364999454615,0.1,Forage
outcome_eta0.1,7,230,1,1,53.600000000000506,35.0,28.999999999999844,1.740478469055751,0.1,Forage
outcome_eta0.1,7,240,1,1,53.100000000000534,40.0,26.99999999999985,1.8528339896921886,0.1,Forage
outcome_eta0.1,7,250,1,1,52.60000000000056,45.0,24.999999999999858,1.969286095615606,0.1,Forage
outcome_eta0.1,7,260,1,1,44.450000000000564,50.0,22.999999999999865,2.847424022306753,0.1,Forage
outcome_eta0.1,7,270,1,1,36.300000000000566,35.0,20.999999999999872,2.4170275946946136,0.1,Forage
outcome_eta0.1,7,280,1,1,35.800000000000594,40.0,18.99999999999988,2.369403288178246,0.1,Forage
outcome_eta0.1,7,290,1,1,35.30000000000062,45.0,16.999999999999886,2.392587140128513,0.1,Forage
outcome_eta0.1,7,300,1,1,34.80000000000065,50.0,14.999999999999893,2.476674596804057,0.1,Forage
outcome_eta0.1,7,310,1,1,26.650000000000652,55.0,12.9999999999999,3.6403103387262483,0.1,Forage
outcome_eta0.1,7,320,1,1,26.350000000000648,60.0,10.999999999999908,3.7410394463267744,0.1,Forage
outcome_eta0.1,7,330,1,1,25.85000000000064,65.0,8.999999999999915,3.8696083964715777,0.1,Forage
outcome_eta0.1,7,340,1,1,25.350000000000634,70.0,6.9999999999999165,3.8934039209494355,0.1,Forage
outcome_eta0.1,7,350,1,1,24.850000000000627,75.0,4.999999999999915,4.001178898029915,0.1,Forage
outcome_eta0.1,7,360,1,1,17.600000000000623,60.0,2.999999999999913,3.7803670300552157,0.1,Forage
outcome_eta0.1,7,370,1,1,17.000000000000615,65.0,2.999999999999911,3.2924594726381513,0.1,Forage
outcome_eta0.1,7,380,1,1,16.500000000000608,70.0,0.9999999999999107,3.284686530334555,0.1,Forage
outcome_eta0.1,7,390,1,0,16.0000000000006,72.5,0.0,2.3134003162617085,0.1,Forage
outcome_eta0.1,7,400,1,0,15.500000000000593,72.5,0.0,2.237230863665504,0.1,Forage
outcome_eta0.1,7,410,1,0,18.050000000000587,72.5,0.0,2.2025717015507045,0.1,Forage
outcome_eta0.1,7,420,1,0,17.55000000000058,72.5,0.0,2.1989336729075077,0.1,Forage
outcome_eta0.1,7,430,1,0,17.050000000000573,72.5,0.0,2.2024333281470363,0.1,Forage
outcome_eta0.1,7,440,1,0,16.550000000000566,72.5,0.0,2.2076615303197116,0.1,Forage
outcome_eta0.1,7,450,1,0,16.05000000000056,72.5,0.0,2.213181996335734,0.1,Forage
outcome_eta0.1,7,460,1,0,7.000000000000558,72.5,0.0,2.3521582191351715,0.1,Forage
outcome_eta0.1,7,470,1,0,11.450000000000552,72.5,0.0,2.2844749151458643,0.1,Forage
outcome_eta0.1,7,480,1,0,10.950000000000545,72.5,0.0,2.2769124072561695,0.1,Forage
outcome_eta0.1,7,490,1,0,10.450000000000538,72.5,0.0,2.2768217995501487,0.1,Forage
outcome_eta0.1,7,500,1,0,9.95000000000053,72.5,0.0,2.281438086219002,0.1,Forage
outcome_eta0.1,7,510,1,0,11.550000000000527,72.5,0.0,2.2720531094806127,0.1,Forage
outcome_eta0.1,7,520,1,0,11.05000000000052,72.5,0.0,2.271569668781944,0.1,Forage
outcome_eta0.1,7,530,1,0,10.550000000000512,72.5,0.0,2.2749876060607104,0.1,Forage
outcome_eta0.1,7,540,1,0,10.050000000000505,72.5,0.0,2.280201041218371,0.1,Forage
outcome_eta0.1,7,550,1,0,9.550000000000498,72.5,0.0,2.285719016060822,0.1,Forage
outcome_eta0.1,7,560,1,0,12.100000000000493,72.5,0.0,2.2668490730102397,0.1,Forage
outcome_eta0.1,7,570,1,0,11.600000000000486,72.5,0.0,2.265041574948092,0.1,Forage
outcome_eta0.1,7,580,1,0,11.10000000000048,72.5,0.0,2.2687832011780342,0.1,Forage
outcome_eta0.1,7,590,1,0,10.600000000000472,72.5,0.0,2.274052089772075,0.1,Forage
outcome_eta0.1,7,600,1,0,10.100000000000465,72.5,0.0,2.279579414950928,0.1,Forage
outcome_eta0.1,7,610,1,0,11.700000000000461,72.5,0.0,2.2703350789567907,0.1,Forage
outcome_eta0.1,7,620,1,0,11.200000000000454,72.5,0.0,2.2698860532573066,0.1,Forage
outcome_eta0.1,7,630,1,0,10.700000000000447,72.5,0.0,2.2733120482031373,0.1,Forage
outcome_eta0.1,7,640,1,0,10.20000000000044,72.5,0.0,2.2785268454455596,0.1,Forage
outcome_eta0.1,7,650,1,0,9.700000000000433,72.5,0.0,2.284045049928178,0.1,Forage
outcome_eta0.1,7,660,1,0,8.450000000000431,72.5,0.0,2.3112315683526585,0.1,Forage
outcome_eta0.1,7,670,1,0,7.950000000000425,72.5,0.0,2.3176547083315238,0.1,Forage
outcome_eta0.1,7,680,1,0,7.4500000000004265,72.5,0.0,2.311713822275033,0.1,Forage
outcome_eta0.1,7,690,1,0,6.950000000000428,72.5,0.0,2.3151551071343666,0.1,Forage
outcome_eta0.1,7,700,1,0,6.45000000000043,72.5,0.0,2.3203740009744056,0.1,Forage
outcome_eta0.1,7,710,1,0,9.000000000000426,72.5,0.0,2.3018040823447197,0.1,Forage
outcome_eta0.1,7,720,1,0,8.50000000000042,72.5,0.0,2.2997238261111055,0.1,Forage
outcome_eta0.1,7,730,1,0,8.000000000000412,72.5,0.0,2.3033924039980778,0.1,Forage
outcome_eta0.1,7,740,1,0,7.500000000000414,72.5,0.0,2.308648933673086,0.1,Forage
outcome_eta0.1,7,750,1,0,7.000000000000416,72.5,0.0,2.314174175187464,0.1,Forage
outcome_eta0.1,7,760,1,0,7.650000000000416,72.5,0.0,2.3137983578009145,0.1,Forage
outcome_eta0.1,7,770,1,0,7.150000000000418,72.5,0.0,2.3186016641987175,0.1,Forage
outcome_eta0.1,7,780,1,0,6.65000000000042,72.5,0.0,2.3191141982922345,0.1,Forage
outcome_eta0.1,7,790,1,0,6.150000000000421,72.5,0.0,2.3238249145830396,0.1,Forage
outcome_eta0.1,7,800,1,0,5.650000000000423,72.5,0.0,2.32925811508411,0.1,Forage
outcome_eta0.1,8,1,1,1,99.0,0.5,49.8,0.27588973848014,0.1,Care
outcome_eta0.1,8,10,1,1,97.20000000000005,5.0,50.0,0.5788951710017883,0.1,Care
outcome_eta0.1,8,20,1,1,96.2000000000001,10.0,50.0,0.649348239815055,0.1,Care
outcome_eta0.1,8,30,1,1,95.20000000000016,15.0,50.0,0.7200408684744453,0.1,Care
outcome_eta0.1,8,40,1,1,94.20000000000022,20.0,50.0,0.7907472274350593,0.1,Care
outcome_eta0.1,8,50,1,1,93.20000000000027,25.0,50.0,0.8614543733697361,0.1,Care
outcome_eta0.1,8,60,1,1,92.20000000000033,30.0,50.0,0.9321615644110834,0.1,Care
outcome_eta0.1,8,70,1,1,91.20000000000039,35.0,50.0,1.0028687580377915,0.1,Care
outcome_eta0.1,8,80,1,1,90.20000000000044,40.0,50.0,1.0735759518126837,0.1,Care
outcome_eta0.1,8,90,1,1,89.2000000000005,45.0,50.0,1.1442831455960691,0.1,Care
outcome_eta0.1,8,100,1,1,88.20000000000056,50.0,50.0,1.2149903393799413,0.1,Care
outcome_eta0.1,8,110,1,1,87.20000000000061,55.0,50.0,1.2856975331638414,0.1,Care
outcome_eta0.1,8,120,1,1,86.20000000000067,60.0,50.0,1.3564047269477433,0.1,Care
outcome_eta0.1,8,130,1,1,85.20000000000073,65.0,50.0,1.4271119207316452,0.1,Care
outcome_eta0.1,8,140,1,1,84.20000000000078,70.0,50.0,1.497819114515547,0.1,Care
outcome_eta0.1,8,150,1,1,78.70000000000081,75.0,48.79999999999998,2.037177579853832,0.1,Forage
outcome_eta0.1,8,160,1,1,76.80000000000086,60.0,50.0,1.4963808795357223,0.1,Care
outcome_eta0.1,8,170,1,1,75.80000000000092,65.0,50.0,1.587640694896423,0.1,Care
outcome_eta0.1,8,180,1,1,74.80000000000098,70.0,50.0,1.6842102499820504,0.1,Care
outcome_eta0.1,8,190,1,1,72.90000000000103,75.0,49.8,1.7984359671592514,0.1,Forage
outcome_eta0.1,8,200,1,1,63.800000000001035,80.0,47.79999999999997,2.914626360218773,0.1,Forage
outcome_eta0.1,8,210,1,1,61.00000000000102,65.0,50.0,2.2576195510811488,0.1,Care
outcome_eta0.1,8,220,1,1,60.00000000000101,70.0,50.0,2.383846832024652,0.1,Care
outcome_eta0.1,8,230,1,1,57.200000000001,75.0,49.599999999999994,2.526165464336854,0.1,Forage
outcome_eta0.1,8,240,1,1,52.60000000000099,60.0,50.0,2.457612003749163,0.1,Care
outcome_eta0.1,8,250,1,1,51.600000000000975,65.0,50.0,2.531040692489953,0.1,Care
outcome_eta0.1,8,260,1,1,50.60000000000096,70.0,50.0,2.6047559349373244,0.1,Care
outcome_eta0.1,8,270,1,1,44.200000000000955,75.0,48.59999999999998,3.2207325802491598,0.1,Forage
outcome_eta0.1,8,280,1,1,41.400000000000944,60.0,50.0,2.646024784123565,0.1,Care
outcome_eta0.1,8,290,1,1,35.00000000000094,65.0,48.79999999999998,3.002551424318527,0.1,Forage
outcome_eta0.1,8,300,1,1,26.800000000000935,50.0,46.799999999999955,2.853063039043776,0.1,Forage
outcome_eta0.1,8,310,1,1,25.80000000000092,55.0,50.0,2.833902861431051,0.1,Care
outcome_eta0.1,8,320,1,1,21.200000000000912,60.0,49.19999999999999,2.949203025655476,0.1,Forage
outcome_eta0.1,8,330,1,1,20.850000000000907,65.0,47.19999999999996,3.5879205268797194,0.1,Forage
outcome_eta0.1,8,340,1,1,20.3500000000009,70.0,45.19999999999993,3.61224456724057,0.1,Forage
outcome_eta0.1,8,350,1,1,19.850000000000893,75.0,43.1999999999999,3.610480615969556,0.1,Forage
outcome_eta0.1,8,360,1,1,13.55000000000089,60.0,41.199999999999875,3.0879096299202367,0.1,Forage
outcome_eta0.1,8,370,1,1,13.050000000000884,65.0,39.19999999999985,3.0290432756134775,0.1,Forage
outcome_eta0.1,8,380,1,1,12.550000000000876,70.0,37.19999999999982,2.9193292508624458,0.1,Forage
outcome_eta0.1,8,390,1,1,12.05000000000087,75.0,35.19999999999979,2.8533852973148965,0.1,Forage
outcome_eta0.1,8,400,1,1,11.550000000000862,80.0,33.19999999999976,2.912746700293183,0.1,Forage
outcome_eta0.1,8,410,1,1,3.400000000000862,85.0,31.19999999999975,4.11410258469893,0.1,Forage
outcome_eta0.1,8,420,1,1,2.8500000000008634,70.0,29.199999999999758,3.088584308786146,0.1,Forage
outcome_eta0.1,8,430,1,1,2.350000000000865,75.0,27.199999999999765,3.325434913301126,0.1,Forage
outcome_eta0.1,8,440,1,1,1.8500000000008663,80.0,25.199999999999772,3.4785875179002956,0.1,Forage
outcome_eta0.1,8,450,1,1,1.3500000000008658,85.0,23.19999999999978,3.58480406162872,0.1,Forage
outcome_eta0.1,8,460,0,1,0.0,90.0,21.199999999999786,3.6011159159199515,0.1,Forage
outcome_eta0.1,8,470,0,1,0.0,95.0,19.199999999999793,3.6911159159199514,0.1,Forage
outcome_eta0.1,8,480,0,0,0.0,100.0,17.1999999999998,2.125115915919947,0.1,Forage
outcome_eta0.1,9,1,1,1,99.95,0.5,49.8,0.16985456031694998,0.1,Forage
outcome_eta0.1,9,10,1,1,99.50000000000003,5.0,47.99999999999997,0.34105373913586423,0.1,Forage
outcome_eta0.1,9,20,1,1,99.00000000000006,10.0,45.99999999999994,0.6714696040655058,0.1,Forage
outcome_eta0.1,9,30,1,1,98.50000000000009,15.0,43.999999999999915,1.1484273362895503,0.1,Forage
outcome_eta0.1,9,40,1,1,98.00000000000011,20.0,41.999999999999886,1.570993023773551,0.1,Forage
outcome_eta0.1,9,50,1,1,97.50000000000014,25.0,39.99999999999986,1.6745259992579953,0.1,Forage
outcome_eta0.1,9,60,1,1,89.35000000000015,30.0,37.99999999999983,2.040937934978459,0.1,Forage
outcome_eta0.1,9,70,1,1,82.05000000000017,15.0,37.9999999999998,1.0264314317866954,0.1,Care
outcome_eta0.1,9,80,1,1,81.05000000000022,20.0,45.99999999999977,0.9244355472678087,0.1,Care
outcome_eta0.1,9,90,1,1,80.05000000000028,25.0,50.0,0.9127551386045314,0.1,Care
outcome_eta0.1,9,100,1,1,79.05000000000034,30.0,50.0,0.9946431954808928,0.1,Care
outcome_eta0.1,9,110,1,1,78.0500000000004,35.0,50.0,1.0784222616999588,0.1,Care
outcome_eta0.1,9,120,1,1,77.05000000000045,40.0,50.0,1.16259698832298,0.1,Care
outcome_eta0.1,9,130,1,1,75.1500000000005,45.0,49.8,1.26388069056459,0.1,Forage
outcome_eta0.1,9,140,1,1,66.05000000000051,50.0,47.79999999999997,2.3244591410595374,0.1,Forage
outcome_eta0.1,9,150,1,1,59.6500000000005,35.0,48.79999999999994,1.4235547608985624,0.1,Care
outcome_eta0.1,9,160,1,1,51.500000000000504,40.0,46.79999999999991,2.5017108332662814,0.1,Forage
outcome_eta0.1,9,170,1,1,50.75000000000051,25.0,48.79999999999988,1.3875653059801931,0.1,Forage
outcome_eta0.1,9,180,1,1,50.200000000000536,30.0,47.799999999999855,1.3706615554556953,0.1,Forage
outcome_eta0.1,9,190,1,1,49.65000000000056,35.0,46.79999999999983,1.361159380048676,0.1,Forage
outcome_eta0.1,9,200,1,1,49.15000000000059,40.0,44.7999999999998,1.4371248184783243,0.1,Forage
outcome_eta0.1,9,210,1,1,44.600000000000584,25.0,45.79999999999977,1.3154489343793352,0.1,Care
outcome_eta0.1,9,220,1,1,44.05000000000061,30.0,44.79999999999974,1.3717737359243605,0.1,Forage
outcome_eta0.1,9,230,1,1,43.55000000000064,35.0,42.79999999999971,1.4862007558291637,0.1,Forage
outcome_eta0.1,9,240,1,1,43.050000000000665,40.0,40.799999999999685,1.6079128875520574,0.1,Forage
outcome_eta0.1,9,250,1,1,42.55000000000069,45.0,38.799999999999656,1.7391532415221345,0.1,Forage
outcome_eta0.1,9,260,1,1,34.400000000000695,50.0,36.79999999999963,2.504020515755474,0.1,Forage
outcome_eta0.1,9,270,1,1,30.05000000000069,35.0,34.7999999999996,1.847623216983567,0.1,Forage
outcome_eta0.1,9,280,1,1,29.550000000000683,40.0,32.79999999999957,1.9334580806124484,0.1,Forage
outcome_eta0.1,9,290,1,1,29.050000000000676,45.0,30.799999999999567,2.0356374533496613,0.1,Forage
outcome_eta0.1,9,300,1,1,28.55000000000067,50.0,28.799999999999574,2.1413013447935443,0.1,Forage
outcome_eta0.1,9,310,1,1,25.400000000000666,55.0,26.79999999999958,3.1144652383605553,0.1,Forage
outcome_eta0.1,9,320,1,1,24.90000000000066,60.0,24.79999999999959,3.189198693016664,0.1,Forage
outcome_eta0.1,9,330,1,1,24.400000000000652,65.0,22.799999999999596,3.2847930406795864,0.1,Forage
outcome_eta0.1,9,340,1,1,23.900000000000645,70.0,20.799999999999603,3.390456919061601,0.1,Forage
outcome_eta0.1,9,350,1,1,23.400000000000638,75.0,18.79999999999961,3.4961208126286034,0.1,Forage
outcome_eta0.1,9,360,1,1,15.250000000000636,80.0,16.799999999999617,3.4950206374836874,0.1,Forage
outcome_eta0.1,9,370,1,1,12.800000000000631,65.0,14.799999999999624,2.796526711269918,0.1,Forage
outcome_eta0.1,9,380,1,1,12.300000000000624,70.0,12.799999999999631,2.867686622134943,0.1,Forage
outcome_eta0.1,9,390,1,1,11.800000000000617,75.0,10.799999999999638,2.973322997748909,0.1,Forage
outcome_eta0.1,9,400,1,1,11.30000000000061,80.0,8.799999999999645,3.078986891299154,0.1,Forage
outcome_eta0.1,9,410,1,1,8.800000000000606,65.0,6.799999999999646,2.9729093469143355,0.1,Forage
outcome_eta0.1,9,420,1,1,8.3000000000006,70.0,4.7999999999996446,3.06886129518619,0.1,Forage
outcome_eta0.1,9,430,1,1,7.800000000000596,75.0,2.7999999999996428,3.1745251828356844,0.1,Forage
outcome_eta0.1,9,440,1,1,7.300000000000598,80.0,0.7999999999996426,3.280189076402693,0.1,Forage
outcome_eta0.1,9,450,1,0,6.800000000000599,82.0,0.0,2.32832493231498,0.1,Forage
outcome_eta0.1,9,460,1,0,8.400000000000595,82.0,0.0,2.312304877767211,0.1,Forage
outcome_eta0.1,9,470,1,0,7.90000000000059,82.0,0.0,2.3173170786567945,0.1,Forage
outcome_eta0.1,9,480,1,0,7.400000000000592,82.0,0.0,2.322317078664229,0.1,Forage
outcome_eta0.1,9,490,1,0,6.900000000000594,82.0,0.0,2.3273170786642288,0.1,Forage
outcome_eta0.1,9,500,1,0,6.400000000000595,82.0,0.0,2.3323170786642287,0.1,Forage
outcome_eta0.1,9,510,1,0,9.900000000000592,82.0,0.0,2.2973170786642285,0.1,Forage
outcome_eta0.1,9,520,1,0,9.400000000000585,82.0,0.0,2.3023170786642284,0.1,Forage
outcome_eta0.1,9,530,1,0,8.900000000000578,82.0,0.0,2.3073170786642287,0.1,Forage
outcome_eta0.1,9,540,1,0,8.40000000000057,82.0,0.0,2.312317078664229,0.1,Forage
outcome_eta0.1,9,550,1,0,7.900000000000565,82.0,0.0,2.317317078664229,0.1,Forage
outcome_eta0.1,9,560,1,0,11.40000000000056,82.0,0.0,2.282316989068627,0.1,Forage
outcome_eta0.1,9,570,1,0,10.900000000000553,82.0,0.0,2.2873170786641746,0.1,Forage
outcome_eta0.1,9,580,1,0,10.400000000000546,82.0,0.0,2.2923170786642286,0.1,Forage
outcome_eta0.1,9,590,1,0,9.900000000000539,82.0,0.0,2.297317078664229,0.1,Forage
outcome_eta0.1,9,600,1,0,9.400000000000531,82.0,0.0,2.3023170786642293,0.1,Forage
outcome_eta0.1,9,610,1,0,10.050000000000528,82.0,0.0,2.295535802586193,0.1,Forage
outcome_eta0.1,9,620,1,0,9.550000000000521,82.0,0.0,2.300817028062571,0.1,Forage
outcome_eta0.1,9,630,1,0,9.050000000000514,82.0,0.0,2.3058170786641985,0.1,Forage
outcome_eta0.1,9,640,1,0,8.550000000000507,82.0,0.0,2.310817078664229,0.1,Forage
outcome_eta0.1,9,650,1,0,8.0500000000005,82.0,0.0,2.31581707866423,0.1,Forage
outcome_eta0.1,9,660,1,0,7.7500000000005,82.0,0.0,2.3188170786642295,0.1,Forage
outcome_eta0.1,9,670,1,0,7.250000000000502,82.0,0.0,2.3238170614281284,0.1,Forage
outcome_eta0.1,9,680,1,0,6.750000000000504,82.0,0.0,2.328817078664219,0.1,Forage
outcome_eta0.1,9,690,1,0,6.250000000000505,82.0,0.0,2.3338170786642296,0.1,Forage
outcome_eta0.1,9,700,1,0,5.750000000000507,82.0,0.0,2.3388170786642295,0.1,Forage
outcome_eta0.1,9,710,1,0,8.300000000000503,82.0,0.0,2.313314573215761,0.1,Forage
outcome_eta0.1,9,720,1,0,7.8000000000005,82.0,0.0,2.318317078662703,0.1,Forage
outcome_eta0.1,9,730,1,0,7.300000000000502,82.0,0.0,2.323317078664229,0.1,Forage
outcome_eta0.1,9,740,1,0,6.800000000000503,82.0,0.0,2.328317078664229,0.1,Forage
outcome_eta0.1,9,750,1,0,6.300000000000505,82.0,0.0,2.333317078664229,0.1,Forage
outcome_eta0.1,10,1,1,1,99.0,0.5,49.8,0.3155253234957225,0.1,Care
outcome_eta0.1,10,10,1,1,97.20000000000005,5.0,50.0,0.597859192417295,0.1,Care
outcome_eta0.1,10,20,1,1,96.2000000000001,10.0,50.0,0.7018301909013523,0.1,Care
outcome_eta0.1,10,30,1,1,95.20000000000016,15.0,50.0,0.8066643209191141,0.1,Care
outcome_eta0.1,10,40,1,1,94.20000000000022,20.0,50.0,0.9115438179489899,0.1,Care
outcome_eta0.1,10,50,1,1,93.20000000000027,25.0,50.0,1.0164256984816546,0.1,Care
outcome_eta0.1,10,60,1,1,92.20000000000033,30.0,50.0,1.1213077042393047,0.1,Care
outcome_eta0.1,10,70,1,1,91.20000000000039,35.0,50.0,1.2261897165760525,0.1,Care
outcome_eta0.1,10,80,1,1,90.20000000000044,40.0,50.0,1.3310717292584546,0.1,Care
outcome_eta0.1,10,90,1,1,89.2000000000005,45.0,50.0,1.4359537419590165,0.1,Care
outcome_eta0.1,10,100,1,1,88.20000000000056,50.0,50.0,1.5408357546605322,0.1,Care
outcome_eta0.1,10,110,1,1,87.20000000000061,55.0,50.0,1.6457177673620984,0.1,Care
outcome_eta0.1,10,120,1,1,86.20000000000067,60.0,50.0,1.7505997800636672,0.1,Care
outcome_eta0.1,10,130,1,1,85.20000000000073,65.0,50.0,1.8554817927652363,0.1,Care
outcome_eta0.1,10,140,1,1,84.20000000000078,70.0,50.0,1.960363805466805,0.1,Care
outcome_eta0.1,10,150,1,1,83.20000000000084,75.0,50.0,2.065245818168374,0.1,Care
outcome_eta0.1,10,160,1,1,82.2000000000009,80.0,50.0,2.1701278308699425,0.1,Care
outcome_eta0.1,10,170,1,1,81.20000000000095,85.0,50.0,2.275009843571512,0.1,Care
outcome_eta0.1,10,180,1,1,80.20000000000101,90.0,50.0,2.3654695113780364,0.1,Care
outcome_eta0.1,10,190,1,1,79.20000000000107,95.0,50.0,2.442363516155236,0.1,Care
outcome_eta0.1,10,200,1,0,78.25000000000112,100.0,49.8,2.3774478451281107,0.1,Self
outcome_eta0.1,10,210,1,0,81.95000000000114,100.0,49.8,1.6822055583614746,0.1,Forage
outcome_eta0.1,10,220,1,0,87.55000000000116,100.0,49.8,1.6344725740794117,0.1,Forage
outcome_eta0.1,10,230,1,0,87.05000000000119,100.0,49.8,1.5312438353432967,0.1,Forage
outcome_eta0.1,10,240,1,0,86.55000000000122,100.0,49.8,1.5000048555125791,0.1,Forage
outcome_eta0.1,10,250,1,0,86.05000000000125,100.0,49.8,1.500000070450286,0.1,Forage
outcome_eta0.1,10,260,1,0,86.70000000000127,100.0,49.8,1.5000000013436,0.1,Forage
outcome_eta0.1,10,270,1,0,86.2000000000013,100.0,49.8,1.5000000000268794,0.1,Forage
outcome_eta0.1,10,280,1,0,85.70000000000132,100.0,49.8,1.5000000000005262,0.1,Forage
outcome_eta0.1,10,290,1,0,85.20000000000135,100.0,49.8,1.5000000000000102,0.1,Forage
outcome_eta0.1,10,300,1,0,84.70000000000138,100.0,49.8,1.5000000000000002,0.1,Forage
outcome_eta0.1,10,310,1,0,84.4000000000014,100.0,49.8,1.5002527623064756,0.1,Forage
outcome_eta0.1,10,320,1,0,83.90000000000143,100.0,49.8,1.500006727412086,0.1,Forage
outcome_eta0.1,10,330,1,0,83.40000000000146,100.0,49.8,1.5000001526249007,0.1,Forage
outcome_eta0.1,10,340,1,0,82.90000000000148,100.0,49.8,1.500000003462171,0.1,Forage
outcome_eta0.1,10,350,1,0,82.40000000000151,100.0,49.8,1.5000000000785365,0.1,Forage
outcome_eta0.1,10,360,1,0,80.20000000000152,100.0,49.8,1.5363866643312352,0.1,Forage
outcome_eta0.1,10,370,1,0,79.70000000000155,100.0,49.8,1.503996094944745,0.1,Forage
outcome_eta0.1,10,380,1,0,79.20000000000158,100.0,49.8,1.510913978484906,0.1,Forage
outcome_eta0.1,10,390,1,0,78.70000000000161,100.0,49.8,1.5189746026046684,0.1,Forage
outcome_eta0.1,10,400,1,0,78.20000000000164,100.0,49.8,1.5279870523447507,0.1,Forage
outcome_eta0.1,10,410,1,0,78.85000000000166,100.0,49.8,1.5293876872372087,0.1,Forage
outcome_eta0.1,10,420,1,0,78.35000000000169,100.0,49.8,1.5294195355370421,0.1,Forage
outcome_eta0.1,10,430,1,0,77.85000000000171,100.0,49.8,1.5381017237365184,0.1,Forage
outcome_eta0.1,10,440,1,0,77.35000000000174,100.0,49.8,1.547778885251377,0.1,Forage
outcome_eta0.1,10,450,1,0,76.85000000000177,100.0,49.8,1.5575923297645438,0.1,Forage
outcome_eta0.1,10,460,1,0,77.50000000000179,100.0,49.8,1.5587641860155357,0.1,Forage
outcome_eta0.1,10,470,1,0,77.00000000000182,100.0,49.8,1.5572391356986266,0.1,Forage
outcome_eta0.1,10,480,1,0,76.50000000000185,100.0,49.8,1.5651476740365324,0.1,Forage
outcome_eta0.1,10,490,1,0,76.00000000000188,100.0,49.8,1.5745095112536327,0.1,Forage
outcome_eta0.1,10,500,1,0,75.5000000000019,100.0,49.8,1.5842424180819772,0.1,Forage
outcome_eta0.1,10,510,1,0,75.20000000000192,100.0,49.8,1.602681213950778,0.1,Forage
outcome_eta0.1,10,520,1,0,74.70000000000195,100.0,49.8,1.6012496499644326,0.1,Forage
outcome_eta0.1,10,530,1,0,74.20000000000198,100.0,49.8,1.6101603709643253,0.1,Forage
outcome_eta0.1,10,540,1,0,73.700000000002,100.0,49.8,1.6197784293789423,0.1,Forage
outcome_eta0.1,10,550,1,0,73.20000000000203,100.0,49.8,1.6295767704730373,0.1,Forage
outcome_eta0.1,10,560,1,0,74.80000000000206,100.0,49.8,1.6117284493531163,0.1,Forage
outcome_eta0.1,10,570,1,0,74.30000000000209,100.0,49.8,1.6110724989192144,0.1,Forage
outcome_eta0.1,10,580,1,0,73.80000000000211,100.0,49.8,1.61854295210709,0.1,Forage
outcome_eta0.1,10,590,1,0,73.30000000000214,100.0,49.8,1.6277928393398373,0.1,Forage
outcome_eta0.1,10,600,1,0,72.80000000000217,100.0,49.8,1.6374971561653207,0.1,Forage
outcome_eta0.1,10,610,1,0,73.45000000000219,100.0,49.8,1.6374271640248255,0.1,Forage
outcome_eta0.1,10,620,1,0,72.95000000000222,100.0,49.8,1.6357278154877681,0.1,Forage
outcome_eta0.1,10,630,1,0,72.45000000000225,100.0,49.8,1.6446628841369062,0.1,Forage
outcome_eta0.1,10,640,1,0,71.95000000000228,100.0,49.8,1.654286967457258,0.1,Forage
outcome_eta0.1,10,650,1,0,71.4500000000023,100.0,49.8,1.6640868471996155,0.1,Forage
outcome_eta0.1,10,660,1,0,68.30000000000231,100.0,49.8,1.764467544765966,0.1,Forage
outcome_eta0.1,10,670,1,0,67.80000000000234,100.0,49.8,1.7220591236130733,0.1,Forage
outcome_eta0.1,10,680,1,0,67.30000000000237,100.0,49.8,1.7412895304619997,0.1,Forage
outcome_eta0.1,10,690,1,0,66.8000000000024,100.0,49.8,1.7545868861018858,0.1,Forage
outcome_eta0.1,10,700,1,0,66.30000000000243,100.0,49.8,1.7653248804783537,0.1,Forage
outcome_eta0.1,10,710,1,0,63.15000000000243,100.0,49.8,1.865945155557898,0.1,Forage
outcome_eta0.1,10,720,1,0,62.65000000000246,100.0,49.8,1.8166885903608923,0.1,Forage
outcome_eta0.1,10,730,1,0,62.150000000002485,100.0,49.8,1.8406261718866577,0.1,Forage
outcome_eta0.1,10,740,1,0,61.650000000002514,100.0,49.8,1.8555789039466726,0.1,Forage
outcome_eta0.1,10,750,1,0,61.15000000000254,100.0,49.8,1.8667396633771751,0.1,Forage
outcome_eta0.1,10,760,1,0,59.90000000000255,100.0,49.8,1.9126553884002728,0.1,Forage
outcome_eta0.1,10,770,1,0,59.40000000000258,100.0,49.8,1.8885211663130828,0.1,Forage
outcome_eta0.1,10,780,1,0,58.900000000002606,100.0,49.8,1.9081584003438794,0.1,Forage
outcome_eta0.1,10,790,1,0,58.400000000002635,100.0,49.8,1.9205488612245842,0.1,Forage
outcome_eta0.1,10,800,1,0,57.90000000000266,100.0,49.8,1.931055224406994,0.1,Forage
outcome_eta0.1,10,810,1,0,56.65000000000267,100.0,49.8,1.9766561625322248,0.1,Forage
outcome_eta0.1,10,820,1,0,56.1500000000027,100.0,49.8,1.9500720637780813,0.1,Forage
outcome_eta0.1,10,830,1,0,55.65000000000273,100.0,49.8,1.9715954873254264,0.1,Forage
outcome_eta0.1,10,840,1,0,55.150000000002755,100.0,49.8,1.9844729547984823,0.1,Forage
outcome_eta0.1,10,850,1,0,54.650000000002784,100.0,49.8,1.9951036907594841,0.1,Forage
outcome_eta0.1,10,860,1,0,51.500000000002785,100.0,49.8,2.0956965739788718,0.1,Forage
outcome_eta0.1,10,870,1,0,51.000000000002814,100.0,49.8,2.030788086234232,0.1,Forage
outcome_eta0.1,10,880,1,0,50.50000000000284,100.0,49.8,2.065347503051507,0.1,Forage
outcome_eta0.1,10,890,1,0,50.00000000000287,100.0,49.8,2.0840387068358717,0.1,Forage
outcome_eta0.1,10,900,1,0,49.5000000000029,100.0,49.8,2.0961542311626875,0.1,Forage
outcome_eta0.1,10,910,1,0,48.250000000002906,100.0,49.8,2.1417864918549543,0.1,Forage
outcome_eta0.1,10,920,1,0,47.750000000002935,100.0,49.8,2.109102244924941,0.1,Forage
outcome_eta0.1,10,930,1,0,47.25000000000296,100.0,49.8,2.135541882971207,0.1,Forage
outcome_eta0.1,10,940,1,0,46.75000000000299,100.0,49.8,2.149688555914989,0.1,Forage
outcome_eta0.1,10,950,1,0,46.25000000000302,100.0,49.8,2.160643424263867,0.1,Forage
outcome_eta0.1,10,960,1,0,45.00000000000303,100.0,49.8,2.205831296864313,0.1,Forage
outcome_eta0.1,10,970,1,0,44.500000000003055,100.0,49.8,2.1706616117494897,0.1,Forage
outcome_eta0.1,10,980,1,0,44.000000000003084,100.0,49.8,2.198981128933934,0.1,Forage
outcome_eta0.1,10,990,1,0,43.50000000000311,100.0,49.8,2.213613200853561,0.1,Forage
outcome_eta0.1,10,1000,1,0,43.00000000000314,100.0,49.8,2.224692031424924,0.1,Forage
outcome_eta0.1,11,1,1,1,99.95,0.5,49.8,0.25265246817380355,0.1,Forage
outcome_eta0.1,11,10,1,1,99.50000000000003,5.0,47.99999999999997,0.37268422210990193,0.1,Forage
outcome_eta0.1,11,20,1,1,99.00000000000006,10.0,45.99999999999994,0.5317418103565827,0.1,Forage
outcome_eta0.1,11,30,1,1,98.50000000000009,15.0,43.999999999999915,0.7175015787802359,0.1,Forage
outcome_eta0.1,11,40,1,1,98.00000000000011,20.0,41.999999999999886,0.9299635255187589,0.1,Forage
outcome_eta0.1,11,50,1,1,97.50000000000014,25.0,39.99999999999986,1.1691276505721482,0.1,Forage
outcome_eta0.1,11,60,1,1,89.35000000000015,30.0,37.99999999999983,1.50099879598048,0.1,Forage
outcome_eta0.1,11,70,1,1,87.85000000000018,15.0,35.9999999999998,1.018470171456285,0.1,Forage
outcome_eta0.1,11,80,1,1,87.35000000000021,20.0,33.99999999999977,1.1350383453778383,0.1,Forage
outcome_eta0.1,11,90,1,1,86.85000000000024,25.0,31.999999999999748,1.2516149761147877,0.1,Forage
outcome_eta0.1,11,100,1,1,86.35000000000026,30.0,29.999999999999755,1.368191606866155,0.1,Forage
outcome_eta0.1,11,110,1,1,78.20000000000027,35.0,27.999999999999762,1.4931667480358484,0.1,Forage
outcome_eta0.1,11,120,1,1,77.6500000000003,20.0,25.99999999999977,1.3282614942948179,0.1,Forage
outcome_eta0.1,11,130,1,1,77.15000000000033,25.0,23.999999999999776,1.4520176673727487,0.1,Forage
outcome_eta0.1,11,140,1,1,76.65000000000036,30.0,21.999999999999783,1.577425792993997,0.1,Forage
outcome_eta0.1,11,150,1,1,76.15000000000039,35.0,19.99999999999979,1.7033309663047653,0.1,Forage
outcome_eta0.1,11,160,1,1,68.0000000000004,40.0,17.999999999999797,1.706374411864675,0.1,Forage
outcome_eta0.1,11,170,1,1,65.55000000000042,25.0,15.999999999999805,1.7512793062642338,0.1,Forage
outcome_eta0.1,11,180,1,1,65.05000000000045,30.0,13.999999999999812,1.870723078769284,0.1,Forage
outcome_eta0.1,11,190,1,1,64.55000000000048,35.0,11.999999999999819,1.9945135164735293,0.1,Forage
outcome_eta0.1,11,200,1,1,64.05000000000051,40.0,9.999999999999826,2.118247898292669,0.1,Forage
outcome_eta0.1,11,210,1,1,55.90000000000051,45.0,7.999999999999832,2.0776115694171775,0.1,Forage
outcome_eta0.1,11,220,1,1,53.20000000000051,30.0,10.999999999999837,2.094636579505465,0.1,Forage
outcome_eta0.1,11,230,1,1,52.40000000000051,35.0,14.999999999999844,2.0551191370631883,0.1,Forage
outcome_eta0.1,11,240,1,1,51.65000000000052,40.0,17.99999999999985,2.060365198025381,0.1,Forage
outcome_eta0.1,11,250,1,1,51.150000000000546,45.0,15.999999999999858,2.190619754054779,0.1,Forage
outcome_eta0.1,11,260,1,1,43.00000000000055,50.0,13.999999999999865,2.8879081057292084,0.1,Forage
outcome_eta0.1,11,270,1,1,36.750000000000554,35.0,11.999999999999872,2.324600162592641,0.1,Forage
outcome_eta0.1,11,280,1,1,36.10000000000057,40.0,12.99999999999988,2.3321091007321595,0.1,Forage
outcome_eta0.1,11,290,1,1,35.6000000000006,45.0,10.999999999999886,2.464230696808493,0.1,Forage
outcome_eta0.1,11,300,1,1,35.10000000000063,50.0,8.999999999999893,2.588214305355958,0.1,Forage
outcome_eta0.1,11,310,1,1,32.50000000000063,35.0,8.999999999999897,2.3900927971485246,0.1,Care
outcome_eta0.1,11,320,1,1,31.750000000000632,40.0,11.999999999999904,2.3997599106586387,0.1,Forage
outcome_eta0.1,11,330,1,1,31.200000000000625,45.0,10.999999999999911,2.5030841113032807,0.1,Forage
outcome_eta0.1,11,340,1,1,30.700000000000617,50.0,8.999999999999918,2.6332211823992653,0.1,Forage
outcome_eta0.1,11,350,1,1,30.20000000000061,55.0,6.99999999999992,2.7569633261268702,0.1,Forage
outcome_eta0.1,11,360,1,1,22.05000000000061,60.0,4.999999999999918,3.582200675099924,0.1,Forage
outcome_eta0.1,11,370,1,1,17.600000000000602,45.0,4.9999999999999165,2.809146596113936,0.1,Care
outcome_eta0.1,11,380,1,1,16.900000000000592,50.0,6.999999999999915,2.8029690980647954,0.1,Forage
outcome_eta0.1,11,390,1,1,16.400000000000585,55.0,4.999999999999913,2.93610022480959,0.1,Forage
outcome_eta0.1,11,400,1,1,15.900000000000578,60.0,2.999999999999911,3.064174557527144,0.1,Forage
outcome_eta0.1,11,410,1,1,13.700000000000577,65.0,0.9999999999999107,4.136729282499865,0.1,Forage
outcome_eta0.1,11,420,1,0,13.20000000000057,67.5,0.0,2.1847922288183943,0.1,Forage
outcome_eta0.1,11,430,1,0,12.700000000000562,67.5,0.0,2.1884794309150486,0.1,Forage
outcome_eta0.1,11,440,1,0,12.200000000000555,67.5,0.0,2.1935933326440953,0.1,Forage
outcome_eta0.1,11,450,1,0,11.700000000000548,67.5,0.0,2.19870861267722,0.1,Forage
outcome_eta0.1,11,460,1,0,11.400000000000546,67.5,0.0,2.202410813959955,0.1,Forage
outcome_eta0.1,11,470,1,0,10.900000000000539,67.5,0.0,2.2069182897710746,0.1,Forage
outcome_eta0.1,11,480,1,0,10.400000000000531,67.5,0.0,2.212008370350741,0.1,Forage
outcome_eta0.1,11,490,1,0,9.900000000000524,67.5,0.0,2.2171236258682554,0.1,Forage
outcome_eta0.1,11,500,1,0,9.400000000000517,67.5,0.0,2.222238907276945,0.1,Forage
outcome_eta0.1,11,510,1,0,10.050000000000514,67.5,0.0,2.216280882833196,0.1,Forage
outcome_eta0.1,11,520,1,0,9.550000000000507,67.5,0.0,2.22071729786815,0.1,Forage
outcome_eta0.1,11,530,1,0,9.0500000000005,67.5,0.0,2.225819617549754,0.1,Forage
outcome_eta0.1,11,540,1,0,8.550000000000493,67.5,0.0,2.2309348857299476,0.1,Forage
outcome_eta0.1,11,550,1,0,8.050000000000486,67.5,0.0,2.2360501671515056,0.1,Forage
outcome_eta0.1,11,560,0,0,5.0,67.5,0.0,2.3089017220668566,0.1,Forage
outcome_eta0.1,12,1,1,1,99.95,0.5,49.8,0.05194899851964674,0.1,Forage
outcome_eta0.1,12,10,1,1,99.50000000000003,5.0,47.99999999999997,0.17817565028680268,0.1,Forage
outcome_eta0.1,12,20,1,1,99.00000000000006,10.0,45.99999999999994,0.3422031761625815,0.1,Forage
outcome_eta0.1,12,30,1,1,98.50000000000009,15.0,43.999999999999915,0.5250968180401355,0.1,Forage
outcome_eta0.1,12,40,1,1,98.00000000000011,20.0,41.999999999999886,0.7267664234555061,0.1,Forage
outcome_eta0.1,12,50,1,1,97.50000000000014,25.0,39.99999999999986,0.9472110265478494,0.1,Forage
outcome_eta0.1,12,60,1,1,92.05000000000017,30.0,40.99999999999983,1.2500210921599546,0.1,Care
outcome_eta0.1,12,70,1,1,91.05000000000022,35.0,48.9999999999998,1.0203517336190129,0.1,Care
outcome_eta0.1,12,80,1,1,90.05000000000028,40.0,50.0,1.0047831586100304,0.1,Care
outcome_eta0.1,12,90,1,1,89.05000000000034,45.0,50.0,1.0704517674250105,0.1,Care
outcome_eta0.1,12,100,1,1,88.0500000000004,50.0,50.0,1.136992603887949,0.1,Care
outcome_eta0.1,12,110,1,1,87.05000000000045,55.0,50.0,1.2035427850819675,0.1,Care
outcome_eta0.1,12,120,1,1,86.05000000000051,60.0,50.0,1.2700930663920504,0.1,Care
outcome_eta0.1,12,130,1,1,85.05000000000057,65.0,50.0,1.3366433487747407,0.1,Care
outcome_eta0.1,12,140,1,1,84.05000000000062,70.0,50.0,1.403193631168922,0.1,Care
outcome_eta0.1,12,150,1,1,83.05000000000068,55.0,50.0,1.2595311436515955,0.1,Care
outcome_eta0.1,12,160,1,1,82.05000000000074,60.0,50.0,1.3164749826310025,0.1,Care
outcome_eta0.1,12,170,1,1,81.0500000000008,65.0,50.0,1.383450290285661,0.1,Care
outcome_eta0.1,12,180,1,1,80.05000000000085,70.0,50.0,1.4505334021404823,0.1,Care
outcome_eta0.1,12,190,1,1,76.35000000000089,75.0,49.39999999999999,1.3929504846911533,0.1,Forage
outcome_eta0.1,12,200,1,1,70.85000000000092,60.0,50.0,1.5332517399585068,0.1,Care
outcome_eta0.1,12,210,1,1,69.85000000000097,65.0,50.0,1.5897631229400297,0.1,Care
outcome_eta0.1,12,220,1,1,68.85000000000103,70.0,50.0,1.6700554519175892,0.1,Care
outcome_eta0.1,12,230,1,1,65.15000000000107,75.0,49.39999999999999,1.6165676457470803,0.1,Forage
outcome_eta0.1,12,240,1,1,59.65000000000107,60.0,50.0,1.7827146165848538,0.1,Care
outcome_eta0.1,12,250,1,1,58.65000000000106,65.0,50.0,1.8401668271006901,0.1,Care
outcome_eta0.1,12,260,1,1,57.65000000000104,70.0,50.0,1.9219342897968368,0.1,Care
outcome_eta0.1,12,270,1,1,53.050000000001035,75.0,49.19999999999999,1.9096281693565422,0.1,Forage
outcome_eta0.1,12,280,1,1,48.450000000001026,60.0,50.0,2.0384105299989357,0.1,Care
outcome_eta0.1,12,290,1,1,47.45000000000101,65.0,50.0,2.1050471123998076,0.1,Care
outcome_eta0.1,12,300,1,1,43.750000000001,70.0,49.39999999999999,2.1118662980382825,0.1,Forage
outcome_eta0.1,12,310,1,1,34.650000000001,75.0,47.39999999999996,3.2102946699704873,0.1,Forage
outcome_eta0.1,12,320,1,1,30.95000000000099,60.0,49.8,2.4689352984954778,0.1,Forage
outcome_eta0.1,12,330,1,1,21.85000000000099,65.0,47.79999999999997,3.1802503656197487,0.1,Forage
outcome_eta0.1,12,340,1,1,17.25000000000098,50.0,50.0,2.733088940326004,0.1,Care
outcome_eta0.1,12,350,1,1,16.300000000000967,55.0,49.8,2.7808957273625237,0.1,Forage
outcome_eta0.1,12,360,1,1,19.80000000000096,60.0,47.79999999999997,2.7009573407599525,0.1,Forage
outcome_eta0.1,12,370,1,1,19.300000000000953,65.0,45.79999999999994,2.739218003017666,0.1,Forage
outcome_eta0.1,12,380,1,1,18.800000000000946,70.0,43.79999999999991,2.770765341048412,0.1,Forage
outcome_eta0.1,12,390,1,1,18.30000000000094,75.0,41.79999999999988,2.800037469296245,0.1,Forage
outcome_eta0.1,12,400,1,1,17.80000000000093,80.0,39.799999999999855,2.8293183597018596,0.1,Forage
outcome_eta0.1,12,410,1,1,9.650000000000931,85.0,37.79999999999983,4.061195221819402,0.1,Forage
outcome_eta0.1,12,420,1,1,9.100000000000925,70.0,35.7999999999998,2.9949329259711748,0.1,Forage
outcome_eta0.1,12,430,1,1,8.600000000000918,75.0,33.79999999999977,3.1536654128398234,0.1,Forage
outcome_eta0.1,12,440,1,1,8.100000000000911,80.0,31.79999999999975,3.3333258891203643,0.1,Forage
outcome_eta0.1,12,450,1,1,7.600000000000911,85.0,29.799999999999756,3.4779999999999958,0.1,Forage
outcome_eta0.1,12,460,0,1,0.0,90.0,27.799999999999763,4.543578643762695,0.1,Forage
outcome_eta0.1,12,470,0,1,0.0,95.0,25.79999999999977,4.633578643762695,0.1,Forage
outcome_eta0.1,12,480,0,0,0.0,100.0,23.799999999999777,3.1995786437626905,0.1,Forage
outcome_eta0.1,13,1,1,1,99.0,0.5,49.8,0.08340978152340794,0.1,Care
outcome_eta0.1,13,10,1,1,95.40000000000003,5.0,50.0,0.6178512291034701,0.1,Care
outcome_eta0.1,13,20,1,1,94.40000000000009,10.0,50.0,0.7469251236121028,0.1,Care
outcome_eta0.1,13,30,1,1,93.40000000000015,15.0,50.0,0.8882415000245594,0.1,Care
outcome_eta0.1,13,40,1,1,92.4000000000002,20.0,50.0,1.0333973411972301,0.1,Care
outcome_eta0.1,13,50,1,1,91.40000000000026,25.0,50.0,1.1797573078199877,0.1,Care
outcome_eta0.1,13,60,1,1,90.40000000000032,30.0,50.0,1.3264949099180263,0.1,Care
outcome_eta0.1,13,70,1,1,89.40000000000038,35.0,50.0,1.4733509453173292,0.1,Care
outcome_eta0.1,13,80,1,1,88.40000000000043,40.0,50.0,1.620244123537598,0.1,Care
outcome_eta0.1,13,90,1,1,87.40000000000049,45.0,50.0,1.7671489504169384,0.1,Care
outcome_eta0.1,13,100,1,1,86.40000000000055,50.0,50.0,1.914057430526019,0.1,Care
outcome_eta0.1,13,110,1,1,85.4000000000006,55.0,50.0,2.060967056353886,0.1,Care
outcome_eta0.1,13,120,1,1,84.40000000000066,60.0,50.0,2.2078770414998443,0.1,Care
outcome_eta0.1,13,130,1,1,83.40000000000072,65.0,50.0,2.296,0.1,Care
outcome_eta0.1,13,140,1,1,82.40000000000077,70.0,50.0,2.356,0.1,Care
outcome_eta0.1,13,150,1,1,81.40000000000083,75.0,50.0,2.4159999999999995,0.1,Care
outcome_eta0.1,13,160,1,1,80.40000000000089,80.0,50.0,2.476,0.1,Care
outcome_eta0.1,13,170,1,1,79.40000000000094,85.0,50.0,2.5419999999999905,0.1,Care
outcome_eta0.1,13,180,1,1,78.400000000001,90.0,50.0,2.6119999999999903,0.1,Care
outcome_eta0.1,13,190,1,1,77.40000000000106,95.0,50.0,2.6819999999999897,0.1,Care
outcome_eta0.1,13,200,1,0,76.45000000000111,100.0,49.8,2.720499999999989,0.1,Self
outcome_eta0.1,13,210,1,0,76.15000000000113,100.0,49.8,1.8864597063099686,0.1,Forage
outcome_eta0.1,13,220,1,0,77.95000000000114,100.0,49.8,1.754535222473183,0.1,Forage
outcome_eta0.1,13,230,1,0,79.55000000000116,100.0,49.8,1.6281070566415692,0.1,Forage
outcome_eta0.1,13,240,1,0,79.05000000000119,100.0,49.8,1.5227633185370641,0.1,Forage
outcome_eta0.1,13,250,1,0,78.55000000000122,100.0,49.8,1.5294110007293904,0.1,Forage
outcome_eta0.1,13,260,1,0,80.15000000000124,100.0,49.8,1.515382538478633,0.1,Forage
outcome_eta0.1,13,270,1,0,79.65000000000127,100.0,49.8,1.5074782134429974,0.1,Forage
outcome_eta0.1,13,280,1,0,79.1500000000013,100.0,49.8,1.5162004369329927,0.1,Forage
outcome_eta0.1,13,290,1,0,78.65000000000133,100.0,49.8,1.5287154322744805,0.1,Forage
outcome_eta0.1,13,300,1,0,78.15000000000136,100.0,49.8,1.5444502629013201,0.1,Forage
outcome_eta0.1,13,310,1,0,79.75000000000138,100.0,49.8,1.537947464433635,0.1,Forage
outcome_eta0.1,13,320,1,0,79.2500000000014,100.0,49.8,1.5233323539007375,0.1,Forage
outcome_eta0.1,13,330,1,0,78.75000000000144,100.0,49.8,1.535325543129893,0.1,Forage
outcome_eta0.1,13,340,1,0,78.25000000000146,100.0,49.8,1.5522655220138617,0.1,Forage
outcome_eta0.1,13,350,1,0,77.75000000000149,100.0,49.8,1.5700764831384562,0.1,Forage
outcome_eta0.1,13,360,1,0,81.25000000000152,100.0,49.8,1.5253711783953834,0.1,Forage
outcome_eta0.1,13,370,1,0,80.75000000000155,100.0,49.8,1.5045250294702561,0.1,Forage
outcome_eta0.1,13,380,1,0,80.25000000000158,100.0,49.8,1.5007963574946634,0.1,Forage
outcome_eta0.1,13,390,1,0,79.7500000000016,100.0,49.8,1.5033334150857192,0.1,Forage
outcome_eta0.1,13,400,1,0,79.25000000000163,100.0,49.8,1.5169871311811693,0.1,Forage
outcome_eta0.1,13,410,1,0,78.00000000000165,100.0,49.8,1.6046379587875597,0.1,Forage
outcome_eta0.1,13,420,1,0,77.50000000000168,100.0,49.8,1.5857227704146868,0.1,Forage
outcome_eta0.1,13,430,1,0,77.0000000000017,100.0,49.8,1.5981911755960998,0.1,Forage
outcome_eta0.1,13,440,1,0,76.50000000000173,100.0,49.8,1.615233076379063,0.1,Forage
outcome_eta0.1,13,450,1,0,76.00000000000176,100.0,49.8,1.6330620085997736,0.1,Forage
outcome_eta0.1,13,460,1,0,74.75000000000178,100.0,49.8,1.7213649789509136,0.1,Forage
outcome_eta0.1,13,470,1,0,74.2500000000018,100.0,49.8,1.7005352716760096,0.1,Forage
outcome_eta0.1,13,480,1,0,73.75000000000183,100.0,49.8,1.7147568066056702,0.1,Forage
outcome_eta0.1,13,490,1,0,73.25000000000186,100.0,49.8,1.7321402972344944,0.1,Forage
outcome_eta0.1,13,500,1,0,72.75000000000189,100.0,49.8,1.7500294041976616,0.1,Forage
outcome_eta0.1,13,510,1,0,74.35000000000191,100.0,49.8,1.7361503203231312,0.1,Forage
outcome_eta0.1,13,520,1,0,73.85000000000194,100.0,49.8,1.718175606211473,0.1,Forage
outcome_eta0.1,13,530,1,0,73.35000000000197,100.0,49.8,1.7297761373125864,0.1,Forage
outcome_eta0.1,13,540,1,0,72.850000000002,100.0,49.8,1.7466473782985634,0.1,Forage
outcome_eta0.1,13,550,1,0,72.35000000000203,100.0,49.8,1.7644462442036255,0.1,Forage
outcome_eta0.1,13,560,1,0,74.90000000000205,100.0,49.8,1.717508925869675,0.1,Forage
outcome_eta0.1,13,570,1,0,74.40000000000208,100.0,49.8,1.6985754474629302,0.1,Forage
outcome_eta0.1,13,580,1,0,73.90000000000211,100.0,49.8,1.7100140451347245,0.1,Forage
outcome_eta0.1,13,590,1,0,73.40000000000214,100.0,49.8,1.726856803674937,0.1,Forage
outcome_eta0.1,13,600,1,0,72.90000000000217,100.0,49.8,1.7446506575033442,0.1,Forage
outcome_eta0.1,13,610,1,0,74.50000000000219,100.0,49.8,1.7307994176241563,0.1,Forage
outcome_eta0.1,13,620,1,0,74.00000000000222,100.0,49.8,1.7127930173858066,0.1,Forage
outcome_eta0.1,13,630,1,0,73.50000000000225,100.0,49.8,1.7243799681300414,0.1,Forage
outcome_eta0.1,13,640,1,0,73.00000000000227,100.0,49.8,1.7412488037264113,0.1,Forage
outcome_eta0.1,13,650,1,0,72.5000000000023,100.0,49.8,1.7590472463206062,0.1,Forage
outcome_eta0.1,13,660,1,0,75.05000000000233,100.0,49.8,1.7121613852904844,0.1,Forage
outcome_eta0.1,13,670,1,0,74.55000000000236,100.0,49.8,1.6931897279637391,0.1,Forage
outcome_eta0.1,13,680,1,0,74.05000000000238,100.0,49.8,1.704617317773126,0.1,Forage
outcome_eta0.1,13,690,1,0,73.55000000000241,100.0,49.8,1.7214581308649084,0.1,Forage
outcome_eta0.1,13,700,1,0,73.05000000000244,100.0,49.8,1.7392516423332176,0.1,Forage
outcome_eta0.1,13,710,1,0,73.70000000000246,100.0,49.8,1.757811643462311,0.1,Forage
outcome_eta0.1,13,720,1,0,73.20000000000249,100.0,49.8,1.7403987664085305,0.1,Forage
outcome_eta0.1,13,730,1,0,72.70000000000252,100.0,49.8,1.7529619189701868,0.1,Forage
outcome_eta0.1,13,740,1,0,72.20000000000255,100.0,49.8,1.7700064188288585,0.1,Forage
outcome_eta0.1,13,750,1,0,71.70000000000258,100.0,49.8,1.787835780928431,0.1,Forage
outcome_eta0.1,13,760,1,0,71.40000000000259,100.0,49.8,1.8372861156312605,0.1,Forage
outcome_eta0.1,13,770,1,0,70.90000000000262,100.0,49.8,1.822070132228557,0.1,Forage
outcome_eta0.1,13,780,1,0,70.40000000000265,100.0,49.8,1.835545082608197,0.1,Forage
outcome_eta0.1,13,790,1,0,69.90000000000268,100.0,49.8,1.8527567290194236,0.1,Forage
outcome_eta0.1,13,800,1,0,69.4000000000027,100.0,49.8,1.8706155172476058,0.1,Forage
outcome_eta0.1,13,810,1,0,68.1500000000027,100.0,49.8,1.958733083418248,0.1,Forage
outcome_eta0.1,13,820,1,0,67.65000000000273,100.0,49.8,1.9337497110523634,0.1,Forage
outcome_eta0.1,13,830,1,0,67.15000000000276,100.0,49.8,1.9514846888488415,0.1,Forage
outcome_eta0.1,13,840,1,0,66.65000000000279,100.0,49.8,1.969553641353758,0.1,Forage
outcome_eta0.1,13,850,1,0,66.15000000000282,100.0,49.8,1.9875635013898318,0.1,Forage
outcome_eta0.1,13,860,1,0,65.85000000000282,100.0,49.8,2.036504273042729,0.1,Forage
outcome_eta0.1,13,870,1,0,65.35000000000285,100.0,49.8,2.020102563596872,0.1,Forage
outcome_eta0.1,13,880,1,0,64.85000000000288,100.0,49.8,2.0349981050521144,0.1,Forage
outcome_eta0.1,13,890,1,0,64.35000000000291,100.0,49.8,2.0524678574825668,0.1,Forage
outcome_eta0.1,13,900,1,0,63.850000000002936,100.0,49.8,2.0703720809107313,0.1,Forage
outcome_eta0.1,13,910,1,0,61.65000000000294,100.0,49.8,2.174845610491252,0.1,Self
outcome_eta0.1,13,920,1,0,61.15000000000297,100.0,49.8,2.2916434443515294,0.1,Self
outcome_eta0.1,13,930,1,0,60.650000000003,100.0,49.8,2.69349999999997,0.1,Self
outcome_eta0.1,13,940,1,0,60.150000000003025,100.0,49.8,2.69849999999997,0.1,Self
outcome_eta0.1,13,950,1,0,59.650000000003054,100.0,49.8,2.7034999999999694,0.1,Self
outcome_eta0.1,13,960,1,0,59.15000000000308,100.0,49.8,2.7084999999999693,0.1,Self
outcome_eta0.1,13,970,1,0,58.65000000000311,100.0,49.8,2.7134999999999687,0.1,Self
outcome_eta0.1,13,980,1,0,58.15000000000314,100.0,49.8,2.7184999999999686,0.1,Self
outcome_eta0.1,13,990,1,0,57.65000000000317,100.0,49.8,2.7234999999999685,0.1,Self
outcome_eta0.1,13,1000,1,0,57.150000000003196,100.0,49.8,2.728499999999968,0.1,Self
outcome_eta0.1,14,1,1,1,99.0,0.5,49.8,0.09844361735259166,0.1,Care
outcome_eta0.1,14,10,1,1,94.50000000000003,5.0,50.0,0.5935363127470508,0.1,Care
outcome_eta0.1,14,20,1,1,93.50000000000009,10.0,50.0,0.6598015858374722,0.1,Care
outcome_eta0.1,14,30,1,1,92.50000000000014,15.0,50.0,0.7291891095164202,0.1,Care
outcome_eta0.1,14,40,1,1,91.5000000000002,20.0,50.0,0.7995103167153617,0.1,Care
outcome_eta0.1,14,50,1,1,90.50000000000026,25.0,50.0,0.8700604722184875,0.1,Care
outcome_eta0.1,14,60,1,1,89.50000000000031,30.0,50.0,0.9406659367887031,0.1,Care
outcome_eta0.1,14,70,1,1,88.50000000000037,35.0,50.0,1.0112847460924015,0.1,Care
outcome_eta0.1,14,80,1,1,87.50000000000043,40.0,50.0,1.0819067748126416,0.1,Care
outcome_eta0.1,14,90,1,1,86.50000000000048,45.0,50.0,1.1525295802099862,0.1,Care
outcome_eta0.1,14,100,1,1,85.50000000000054,50.0,50.0,1.2231525729788166,0.1,Care
outcome_eta0.1,14,110,1,1,84.5000000000006,55.0,50.0,1.293775610950565,0.1,Care
outcome_eta0.1,14,120,1,1,83.50000000000065,60.0,50.0,1.3643986598274074,0.1,Care
outcome_eta0.1,14,130,1,1,82.50000000000071,65.0,50.0,1.4350217113350778,0.1,Care
outcome_eta0.1,14,140,1,1,81.50000000000077,70.0,50.0,1.505644763477429,0.1,Care
outcome_eta0.1,14,150,1,1,80.50000000000082,75.0,50.0,1.5762678157728958,0.1,Care
outcome_eta0.1,14,160,1,1,78.60000000000088,80.0,49.8,1.6698822049299684,0.1,Forage
outcome_eta0.1,14,170,1,1,71.30000000000089,65.0,48.79999999999997,1.7306197294179329,0.1,Care
outcome_eta0.1,14,180,1,1,70.30000000000095,70.0,50.0,1.8926982101087175,0.1,Care
outcome_eta0.1,14,190,1,1,69.300000000001,75.0,50.0,2.044810429012304,0.1,Care
outcome_eta0.1,14,200,1,1,66.50000000000105,80.0,49.599999999999994,2.1111874019293557,0.1,Forage
outcome_eta0.1,14,210,1,1,60.10000000000105,65.0,49.599999999999966,2.340991052379302,0.1,Care
outcome_eta0.1,14,220,1,1,59.10000000000104,70.0,50.0,2.5942224674261904,0.1,Care
outcome_eta0.1,14,230,1,1,58.100000000001025,75.0,50.0,2.78299999999999,0.1,Care
outcome_eta0.1,14,240,1,1,51.70000000000102,80.0,48.59999999999998,3.079192045235305,0.1,Forage
outcome_eta0.1,14,250,1,1,45.30000000000101,65.0,49.59999999999995,2.886999999999991,0.1,Care
outcome_eta0.1,14,260,1,1,41.600000000001,70.0,49.39999999999999,2.869954110111895,0.1,Forage
outcome_eta0.1,14,270,1,1,34.300000000001,55.0,48.39999999999996,2.980999999999992,0.1,Care
outcome_eta0.1,14,280,1,1,33.300000000000985,60.0,50.0,3.0189999999999912,0.1,Care
outcome_eta0.1,14,290,1,1,29.600000000000975,65.0,49.39999999999999,3.0148475329615323,0.1,Forage
outcome_eta0.1,14,300,1,1,20.500000000000973,70.0,47.39999999999996,4.138253684285413,0.1,Forage
outcome_eta0.1,14,310,1,1,14.100000000000975,55.0,48.399999999999935,3.2949999999999924,0.1,Care
outcome_eta0.1,14,320,1,1,7.700000000000976,60.0,48.79999999999998,3.2675230204714056,0.1,Forage
outcome_eta0.1,14,330,1,1,10.250000000000972,65.0,46.799999999999955,4.364764068711921,0.1,Forage
outcome_eta0.1,14,340,1,1,9.750000000000965,70.0,44.799999999999926,4.359764068711922,0.1,Forage
outcome_eta0.1,14,350,1,1,9.250000000000957,75.0,42.7999999999999,4.354764068711923,0.1,Forage
outcome_eta0.1,14,360,1,1,1.100000000000957,80.0,40.79999999999987,4.491578643762685,0.1,Forage
outcome_eta0.1,14,370,1,1,0.5500000000009566,65.0,38.79999999999984,3.439499999999995,0.1,Forage
outcome_eta0.1,14,380,1,1,0.05000000000095664,70.0,36.79999999999981,3.4344999999999954,0.1,Forage
outcome_eta0.1,14,390,0,1,0.0,75.0,34.799999999999784,3.5050000000000052,0.1,Forage
outcome_eta0.1,14,400,0,1,0.0,80.0,32.799999999999756,3.595000000000006,0.1,Forage
outcome_eta0.1,14,410,0,1,0.0,85.0,30.799999999999752,3.685000000000006,0.1,Forage
outcome_eta0.1,14,420,0,1,0.0,90.0,28.79999999999976,3.7750000000000057,0.1,Forage
outcome_eta0.1,14,430,0,1,0.0,95.0,26.799999999999766,3.8650000000000055,0.1,Forage
outcome_eta0.1,14,440,0,0,0.0,100.0,24.799999999999773,2.451000000000001,0.1,Forage
outcome_eta0.1,15,1,1,1,99.0,0.5,49.8,0.5168127990531842,0.1,Care
outcome_eta0.1,15,10,1,1,96.65000000000002,5.0,47.99999999999997,0.5466314288785811,0.1,Forage
outcome_eta0.1,15,20,1,1,96.15000000000005,10.0,45.99999999999994,1.035743294004732,0.1,Forage
outcome_eta0.1,15,30,1,1,95.65000000000008,15.0,43.999999999999915,1.6463600212822327,0.1,Forage
outcome_eta0.1,15,40,1,1,95.1500000000001,20.0,41.999999999999886,1.7633203381483302,0.1,Forage
outcome_eta0.1,15,50,1,1,94.65000000000013,25.0,39.99999999999986,1.8802895549443606,0.1,Forage
outcome_eta0.1,15,60,1,1,88.35000000000015,10.0,37.99999999999983,2.03079144524153,0.1,Forage
outcome_eta0.1,15,70,1,1,87.85000000000018,15.0,35.9999999999998,2.032464972348433,0.1,Forage
outcome_eta0.1,15,80,1,1,87.35000000000021,20.0,33.99999999999977,2.137547918288698,0.1,Forage
outcome_eta0.1,15,90,1,1,86.85000000000024,25.0,31.999999999999748,2.255473798555726,0.1,Forage
outcome_eta0.1,15,100,1,1,86.35000000000026,30.0,29.999999999999755,2.3749847787838485,0.1,Forage
outcome_eta0.1,15,110,1,1,83.85000000000029,15.0,27.999999999999762,2.235919801577672,0.1,Forage
outcome_eta0.1,15,120,1,1,83.35000000000032,20.0,25.99999999999977,2.31246923299354,0.1,Forage
outcome_eta0.1,15,130,1,1,82.85000000000035,25.0,23.999999999999776,2.4268734342273204,0.1,Forage
outcome_eta0.1,15,140,1,1,82.35000000000038,30.0,21.999999999999783,2.5459497619721057,0.1,Forage
outcome_eta0.1,15,150,1,1,81.8500000000004,35.0,19.99999999999979,2.665602732667967,0.1,Forage
outcome_eta0.1,15,160,1,1,73.70000000000041,40.0,17.999999999999797,2.643206616663473,0.1,Forage
outcome_eta0.1,15,170,1,1,71.25000000000044,25.0,15.999999999999805,2.848626461502781,0.1,Forage
outcome_eta0.1,15,180,1,1,70.75000000000047,30.0,13.999999999999812,2.977711108824243,0.1,Forage
outcome_eta0.1,15,190,1,1,70.2000000000005,35.0,12.999999999999819,3.139606804484574,0.1,Forage
outcome_eta0.1,15,200,1,1,69.55000000000054,40.0,13.999999999999826,3.1811699865433174,0.1,Care
outcome_eta0.1,15,210,1,1,65.00000000000057,25.0,14.999999999999833,3.0721597481465914,0.1,Care
outcome_eta0.1,15,220,1,1,64.3500000000006,30.0,15.99999999999984,3.082488932720116,0.1,Forage
outcome_eta0.1,15,230,1,1,63.700000000000635,35.0,16.999999999999847,3.126088471244322,0.1,Care
outcome_eta0.1,15,240,1,1,63.100000000000655,40.0,16.999999999999854,3.183487868133262,0.1,Forage
outcome_eta0.1,15,250,1,1,62.500000000000675,45.0,16.99999999999986,3.2417463456077753,0.1,Forage
outcome_eta0.1,15,260,1,1,53.45000000000068,50.0,14.999999999999869,3.3528059005562953,0.1,Forage
outcome_eta0.1,15,270,1,1,44.350000000000676,55.0,12.999999999999876,3.5584118516034153,0.1,Forage
outcome_eta0.1,15,280,1,1,43.8000000000007,40.0,10.999999999999883,3.500305376173319,0.1,Forage
outcome_eta0.1,15,290,1,1,43.30000000000073,45.0,8.99999999999989,3.5952306511435133,0.1,Forage
outcome_eta0.1,15,300,1,1,42.80000000000076,50.0,6.999999999999892,3.6925156501069267,0.1,Forage
outcome_eta0.1,15,310,1,1,34.65000000000076,55.0,4.99999999999989,3.8321497385779075,0.1,Forage
outcome_eta0.1,15,320,1,1,26.500000000000757,40.0,2.999999999999888,3.9036159484695645,0.1,Forage
outcome_eta0.1,15,330,1,1,26.00000000000075,45.0,0.9999999999998876,3.9310522255074347,0.1,Forage
outcome_eta0.1,15,340,1,0,25.500000000000743,47.5,0.0,2.1285319703573267,0.1,Forage
outcome_eta0.1,15,350,1,0,25.000000000000735,47.5,0.0,2.3814432858188606,0.1,Forage
outcome_eta0.1,15,360,1,0,27.55000000000073,47.5,0.0,2.436482128349205,0.1,Forage
outcome_eta0.1,15,370,1,0,27.050000000000722,47.5,0.0,2.4558130003329683,0.1,Forage
outcome_eta0.1,15,380,1,0,26.550000000000715,47.5,0.0,2.462960082949763,0.1,Forage
outcome_eta0.1,15,390,1,0,26.050000000000708,47.5,0.0,2.468256784232115,0.1,Forage
outcome_eta0.1,15,400,1,0,25.5500000000007,47.5,0.0,2.4732959410821462,0.1,Forage
outcome_eta0.1,15,410,1,0,29.050000000000693,47.5,0.0,2.4383009613374877,0.1,Forage
outcome_eta0.1,15,420,1,0,28.550000000000686,47.5,0.0,2.443301592634745,0.1,Forage
outcome_eta0.1,15,430,1,0,28.05000000000068,47.5,0.0,2.448301670956508,0.1,Forage
outcome_eta0.1,15,440,1,0,27.550000000000672,47.5,0.0,2.4533016805799956,0.1,Forage
outcome_eta0.1,15,450,1,0,27.050000000000665,47.5,0.0,2.458301681754119,0.1,Forage
outcome_eta0.1,15,460,1,0,26.75000000000066,47.5,0.0,2.4613016818966202,0.1,Forage
outcome_eta0.1,15,470,1,0,26.250000000000654,47.5,0.0,2.466301681913492,0.1,Forage
outcome_eta0.1,15,480,1,0,25.750000000000647,47.5,0.0,2.471301681915924,0.1,Forage
outcome_eta0.1,15,490,1,0,25.25000000000064,47.5,0.0,2.4763016819161736,0.1,Forage
outcome_eta0.1,15,500,1,0,24.750000000000632,47.5,0.0,2.4813016819162037,0.1,Forage
outcome_eta0.1,15,510,1,0,27.300000000000626,47.5,0.0,2.455801138969622,0.1,Forage
outcome_eta0.1,15,520,1,0,26.80000000000062,47.5,0.0,2.460801681916208,0.1,Forage
outcome_eta0.1,15,530,1,0,26.300000000000612,47.5,0.0,2.465801681916208,0.1,Forage
outcome_eta0.1,15,540,1,0,25.800000000000605,47.5,0.0,2.470801681916208,0.1,Forage
outcome_eta0.1,15,550,1,0,25.300000000000598,47.5,0.0,2.475801681916208,0.1,Forage
outcome_eta0.1,15,560,1,0,26.900000000000592,47.5,0.0,2.4598016819162085,0.1,Forage
outcome_eta0.1,15,570,1,0,26.400000000000585,47.5,0.0,2.4648016819162084,0.1,Forage
outcome_eta0.1,15,580,1,0,25.900000000000578,47.5,0.0,2.4698016819162083,0.1,Forage
outcome_eta0.1,15,590,1,0,25.40000000000057,47.5,0.0,2.474801681916208,0.1,Forage
outcome_eta0.1,15,600,1,0,24.900000000000563,47.5,0.0,2.4798016819162085,0.1,Forage
outcome_eta0.1,15,610,1,0,15.850000000000563,47.5,0.0,2.6153016819162085,0.1,Forage
outcome_eta0.1,15,620,1,0,20.300000000000555,47.5,0.0,2.5257161249286044,0.1,Forage
outcome_eta0.1,15,630,1,0,19.800000000000548,47.5,0.0,2.5308016819162082,0.1,Forage
outcome_eta0.1,15,640,1,0,19.30000000000054,47.5,0.0,2.535801681916209,0.1,Forage
outcome_eta0.1,15,650,1,0,18.800000000000534,47.5,0.0,2.540801681916209,0.1,Forage
outcome_eta0.1,15,660,1,0,18.50000000000053,47.5,0.0,2.543801681916209,0.1,Forage
outcome_eta0.1,15,670,1,0,18.000000000000522,47.5,0.0,2.548801681916209,0.1,Forage
outcome_eta0.1,15,680,1,0,17.500000000000515,47.5,0.0,2.553801681916209,0.1,Forage
outcome_eta0.1,15,690,1,0,17.000000000000508,47.5,0.0,2.558801681916209,0.1,Forage
outcome_eta0.1,15,700,1,0,16.5000000000005,47.5,0.0,2.563801681916209,0.1,Forage
outcome_eta0.1,15,710,1,0,13.3500000000005,47.5,0.0,2.6363016819162093,0.1,Forage
outcome_eta0.1,15,720,1,0,12.850000000000493,47.5,0.0,2.6003016819162093,0.1,Forage
outcome_eta0.1,15,730,1,0,12.350000000000486,47.5,0.0,2.605301681916209,0.1,Forage
outcome_eta0.1,15,740,1,0,11.85000000000048,47.5,0.0,2.6103016819162095,0.1,Forage
outcome_eta0.1,15,750,1,0,11.350000000000472,47.5,0.0,2.6153016819162094,0.1,Forage
outcome_eta0.1,15,760,1,0,11.05000000000047,47.5,0.0,2.6183016819162095,0.1,Forage
outcome_eta0.1,15,770,1,0,10.550000000000463,47.5,0.0,2.6233016819162094,0.1,Forage
outcome_eta0.1,15,780,1,0,10.050000000000455,47.5,0.0,2.6283016819162097,0.1,Forage
outcome_eta0.1,15,790,1,0,9.550000000000448,47.5,0.0,2.6333016819162096,0.1,Forage
outcome_eta0.1,15,800,1,0,9.050000000000441,47.5,0.0,2.63830168191621,0.1,Forage
outcome_eta0.1,15,810,1,0,10.650000000000437,47.5,0.0,2.62230168191621,0.1,Forage
outcome_eta0.1,15,820,1,0,10.15000000000043,47.5,0.0,2.62730168191621,0.1,Forage
outcome_eta0.1,15,830,1,0,9.650000000000423,47.5,0.0,2.6323016819162097,0.1,Forage
outcome_eta0.1,15,840,1,0,9.150000000000416,47.5,0.0,2.63730168191621,0.1,Forage
outcome_eta0.1,15,850,1,0,8.650000000000409,47.5,0.0,2.64230168191621,0.1,Forage
outcome_eta0.1,15,860,1,0,11.200000000000404,47.5,0.0,2.6168016819162103,0.1,Forage
outcome_eta0.1,15,870,1,0,10.700000000000397,47.5,0.0,2.62180168191621,0.1,Forage
outcome_eta0.1,15,880,1,0,10.20000000000039,47.5,0.0,2.62680168191621,0.1,Forage
outcome_eta0.1,15,890,1,0,9.700000000000383,47.5,0.0,2.6318016819162104,0.1,Forage
outcome_eta0.1,15,900,1,0,9.200000000000376,47.5,0.0,2.6368016819162103,0.1,Forage
outcome_eta0.1,15,910,1,0,9.850000000000373,47.5,0.0,2.6303016819162104,0.1,Forage
outcome_eta0.1,15,920,1,0,9.350000000000366,47.5,0.0,2.6353016819162107,0.1,Forage
outcome_eta0.1,15,930,1,0,8.850000000000358,47.5,0.0,2.6403016819162106,0.1,Forage
outcome_eta0.1,15,940,1,0,8.350000000000351,47.5,0.0,2.6453016819162105,0.1,Forage
outcome_eta0.1,15,950,1,0,7.850000000000347,47.5,0.0,2.6503016819162104,0.1,Forage
outcome_eta0.1,15,960,1,0,7.550000000000348,47.5,0.0,2.6533016819162105,0.1,Forage
outcome_eta0.1,15,970,1,0,7.05000000000035,47.5,0.0,2.6583016819162104,0.1,Forage
outcome_eta0.1,15,980,1,0,6.5500000000003515,47.5,0.0,2.6633016819162108,0.1,Forage
outcome_eta0.1,15,990,1,0,6.050000000000353,47.5,0.0,2.6683016819162106,0.1,Forage
outcome_eta0.1,15,1000,1,0,5.550000000000355,47.5,0.0,2.6733016819162105,0.1,Forage
outcome_eta0.1,16,1,1,1,99.0,0.5,49.8,0.27778695420640825,0.1,Care
outcome_eta0.1,16,10,1,1,97.20000000000005,5.0,50.0,0.6321156712779273,0.1,Care
outcome_eta0.1,16,20,1,1,96.2000000000001,10.0,50.0,0.7727087009202303,0.1,Care
outcome_eta0.1,16,30,1,1,95.20000000000016,15.0,50.0,0.9140658967814119,0.1,Care
outcome_eta0.1,16,40,1,1,94.20000000000022,20.0,50.0,1.0554399875847005,0.1,Care
outcome_eta0.1,16,50,1,1,93.20000000000027,25.0,50.0,1.1968144404602126,0.1,Care
outcome_eta0.1,16,60,1,1,92.20000000000033,30.0,50.0,1.3381889010837231,0.1,Care
outcome_eta0.1,16,70,1,1,91.20000000000039,35.0,50.0,1.479563361873021,0.1,Care
outcome_eta0.1,16,80,1,1,90.20000000000044,40.0,50.0,1.620937822665867,0.1,Care
outcome_eta0.1,16,90,1,1,89.2000000000005,45.0,50.0,1.7623122834587883,0.1,Care
outcome_eta0.1,16,100,1,1,88.20000000000056,50.0,50.0,1.903686744251712,0.1,Care
outcome_eta0.1,16,110,1,1,87.20000000000061,55.0,50.0,2.045061205044635,0.1,Care
outcome_eta0.1,16,120,1,1,86.20000000000067,60.0,50.0,2.1864356658375583,0.1,Care
outcome_eta0.1,16,130,1,1,85.20000000000073,65.0,50.0,2.288,0.1,Care
outcome_eta0.1,16,140,1,1,84.20000000000078,70.0,50.0,2.348,0.1,Care
outcome_eta0.1,16,150,1,1,80.50000000000082,75.0,49.39999999999999,2.7827854789013124,0.1,Forage
outcome_eta0.1,16,160,1,1,75.00000000000085,60.0,50.0,2.349999999999991,0.1,Care
outcome_eta0.1,16,170,1,1,74.00000000000091,65.0,50.0,2.4199999999999906,0.1,Care
outcome_eta0.1,16,180,1,1,73.00000000000097,70.0,50.0,2.4899999999999904,0.1,Care
outcome_eta0.1,16,190,1,1,70.20000000000101,75.0,49.599999999999994,2.49399999999999,0.1,Forage
outcome_eta0.1,16,200,1,1,61.10000000000102,80.0,47.599999999999966,3.3381572875253718,0.1,Forage
outcome_eta0.1,16,210,1,1,57.40000000000101,65.0,50.0,2.68199999999999,0.1,Care
outcome_eta0.1,16,220,1,1,56.40000000000099,70.0,50.0,2.75199999999999,0.1,Care
outcome_eta0.1,16,230,1,1,53.60000000000098,75.0,49.39999999999999,3.248375892516282,0.1,Forage
outcome_eta0.1,16,240,1,1,50.80000000000097,60.0,50.0,2.743999999999991,0.1,Care
outcome_eta0.1,16,250,1,1,49.800000000000956,65.0,50.0,2.813999999999991,0.1,Care
outcome_eta0.1,16,260,1,1,48.80000000000094,70.0,50.0,2.8839999999999915,0.1,Care
outcome_eta0.1,16,270,1,1,41.50000000000094,75.0,48.59999999999998,3.83868542494923,0.1,Forage
outcome_eta0.1,16,280,1,1,34.200000000000934,60.0,47.59999999999995,3.0539999999999927,0.1,Care
outcome_eta0.1,16,290,1,1,33.20000000000092,65.0,50.0,3.075999999999992,0.1,Care
outcome_eta0.1,16,300,1,1,32.200000000000905,70.0,50.0,3.145999999999992,0.1,Care
outcome_eta0.1,16,310,1,1,23.100000000000904,75.0,47.99999999999997,3.9144213562373023,0.1,Forage
outcome_eta0.1,16,320,1,1,18.500000000000895,60.0,50.0,3.2549999999999923,0.1,Care
outcome_eta0.1,16,330,1,1,17.50000000000088,65.0,50.0,3.3249999999999926,0.1,Care
outcome_eta0.1,16,340,1,1,13.800000000000871,70.0,49.39999999999999,3.7080567362723964,0.1,Forage
outcome_eta0.1,16,350,1,1,4.7000000000008715,75.0,47.39999999999996,4.248735931288064,0.1,Forage
outcome_eta0.1,16,360,1,1,1.5000000000008717,80.0,45.399999999999935,4.419842712474614,0.1,Forage
outcome_eta0.1,16,370,0,1,0.0,85.0,43.399999999999906,4.569157287525384,0.1,Forage
outcome_eta0.1,16,380,0,1,0.0,90.0,41.39999999999988,4.659157287525385,0.1,Forage
outcome_eta0.1,16,390,0,1,0.0,95.0,39.39999999999985,4.749157287525386,0.1,Forage
outcome_eta0.1,16,400,0,0,0.0,100.0,37.39999999999982,3.5871572875253825,0.1,Forage
outcome_eta0.1,17,1,1,1,99.95,0.5,49.8,0.08642951549912736,0.1,Forage
outcome_eta0.1,17,10,1,1,99.50000000000003,5.0,47.99999999999997,0.26106284374673133,0.1,Forage
outcome_eta0.1,17,20,1,1,99.00000000000006,10.0,45.99999999999994,0.6162984926942899,0.1,Forage
outcome_eta0.1,17,30,1,1,98.50000000000009,15.0,43.999999999999915,1.133880583405618,0.1,Forage
outcome_eta0.1,17,40,1,1,98.00000000000011,20.0,41.999999999999886,1.6860326781563937,0.1,Forage
outcome_eta0.1,17,50,1,1,97.50000000000014,25.0,39.99999999999986,1.8893567116409462,0.1,Forage
outcome_eta0.1,17,60,1,1,89.35000000000015,30.0,37.99999999999983,2.0947634111340534,0.1,Forage
outcome_eta0.1,17,70,1,1,85.95000000000017,15.0,35.9999999999998,2.4715864813313098,0.1,Forage
outcome_eta0.1,17,80,1,1,85.4500000000002,20.0,33.99999999999977,2.6854199319868393,0.1,Forage
outcome_eta0.1,17,90,1,1,84.95000000000023,25.0,31.999999999999748,2.9187953694537696,0.1,Forage
outcome_eta0.1,17,100,1,1,84.45000000000026,30.0,29.999999999999755,3.1666770972624136,0.1,Forage
outcome_eta0.1,17,110,1,1,76.30000000000027,35.0,27.999999999999762,3.268000000000002,0.1,Forage
outcome_eta0.1,17,120,1,1,75.7500000000003,20.0,25.99999999999977,3.222500000000002,0.1,Forage
outcome_eta0.1,17,130,1,1,75.25000000000033,25.0,23.999999999999776,3.3175000000000012,0.1,Forage
outcome_eta0.1,17,140,1,1,74.75000000000036,30.0,21.999999999999783,3.412500000000001,0.1,Forage
outcome_eta0.1,17,150,1,1,74.25000000000038,35.0,19.99999999999979,3.5075000000000003,0.1,Forage
outcome_eta0.1,17,160,1,1,69.8500000000004,20.0,17.999999999999797,3.4415000000000004,0.1,Forage
outcome_eta0.1,17,170,1,1,69.35000000000043,25.0,15.999999999999805,3.5364999999999993,0.1,Forage
outcome_eta0.1,17,180,1,1,68.85000000000046,30.0,13.999999999999812,3.631499999999999,0.1,Forage
outcome_eta0.1,17,190,1,1,68.35000000000049,35.0,11.999999999999819,3.726499999999999,0.1,Forage
outcome_eta0.1,17,200,1,1,67.85000000000052,40.0,9.999999999999826,3.821499999999998,0.1,Forage
outcome_eta0.1,17,210,1,1,63.450000000000536,25.0,7.999999999999832,3.755499999999998,0.1,Forage
outcome_eta0.1,17,220,1,1,62.950000000000564,30.0,5.99999999999983,3.8504999999999976,0.1,Forage
outcome_eta0.1,17,230,1,1,62.45000000000059,35.0,3.9999999999998286,3.945499999999998,0.1,Forage
outcome_eta0.1,17,240,1,1,61.95000000000062,40.0,1.999999999999827,4.040499999999997,0.1,Forage
outcome_eta0.1,17,250,1,0,61.45000000000065,45.0,0.0,2.673996857854204,0.1,Forage
outcome_eta0.1,17,260,1,0,61.15000000000066,45.0,0.0,2.688373585375742,0.1,Forage
outcome_eta0.1,17,270,1,0,60.65000000000069,45.0,0.0,2.693499565481084,0.1,Forage
outcome_eta0.1,17,280,1,0,60.150000000000716,45.0,0.0,2.6984999985340075,0.1,Forage
outcome_eta0.1,17,290,1,0,59.650000000000745,45.0,0.0,2.7034999999950493,0.1,Forage
outcome_eta0.1,17,300,1,0,59.15000000000077,45.0,0.0,2.708499999999976,0.1,Forage
outcome_eta0.1,17,310,1,0,56.95000000000078,45.0,0.0,2.756499999999992,0.1,Forage
outcome_eta0.1,17,320,1,0,56.450000000000806,45.0,0.0,2.735499999999992,0.1,Forage
outcome_eta0.1,17,330,1,0,55.950000000000834,45.0,0.0,2.740499999999992,0.1,Forage
outcome_eta0.1,17,340,1,0,55.45000000000086,45.0,0.0,2.7454999999999914,0.1,Forage
outcome_eta0.1,17,350,1,0,54.95000000000089,45.0,0.0,2.750499999999991,0.1,Forage
outcome_eta0.1,17,360,1,0,55.600000000000904,45.0,0.0,2.743999999999991,0.1,Forage
outcome_eta0.1,17,370,1,0,55.10000000000093,45.0,0.0,2.748999999999991,0.1,Forage
outcome_eta0.1,17,380,1,0,54.60000000000096,45.0,0.0,2.7539999999999907,0.1,Forage
outcome_eta0.1,17,390,1,0,54.10000000000099,45.0,0.0,2.75899999999999,0.1,Forage
outcome_eta0.1,17,400,1,0,53.60000000000102,45.0,0.0,2.7639999999999896,0.1,Forage
outcome_eta0.1,17,410,1,0,57.10000000000104,45.0,0.0,2.7289999999999894,0.1,Forage
outcome_eta0.1,17,420,1,0,56.60000000000107,45.0,0.0,2.7339999999999893,0.1,Forage
outcome_eta0.1,17,430,1,0,56.100000000001096,45.0,0.0,2.738999999999989,0.1,Forage
outcome_eta0.1,17,440,1,0,55.600000000001124,45.0,0.0,2.7439999999999887,0.1,Forage
outcome_eta0.1,17,450,1,0,55.10000000000115,45.0,0.0,2.7489999999999886,0.1,Forage
outcome_eta0.1,17,460,1,0,57.65000000000117,45.0,0.0,2.723499999999988,0.1,Forage
outcome_eta0.1,17,470,1,0,57.1500000000012,45.0,0.0,2.728499999999988,0.1,Forage
outcome_eta0.1,17,480,1,0,56.65000000000123,45.0,0.0,2.733499999999988,0.1,Forage
outcome_eta0.1,17,490,1,0,56.150000000001256,45.0,0.0,2.7384999999999877,0.1,Forage
outcome_eta0.1,17,500,1,0,55.650000000001285,45.0,0.0,2.743499999999987,0.1,Forage
outcome_eta0.1,17,510,1,0,55.350000000001295,45.0,0.0,2.746499999999987,0.1,Forage
outcome_eta0.1,17,520,1,0,54.85000000000132,45.0,0.0,2.7514999999999867,0.1,Forage
outcome_eta0.1,17,530,1,0,54.35000000000135,45.0,0.0,2.7564999999999866,0.1,Forage
outcome_eta0.1,17,540,1,0,53.85000000000138,45.0,0.0,2.761499999999986,0.1,Forage
outcome_eta0.1,17,550,1,0,53.35000000000141,45.0,0.0,2.766499999999986,0.1,Forage
outcome_eta0.1,17,560,1,0,54.00000000000142,45.0,0.0,2.7599999999999856,0.1,Forage
outcome_eta0.1,17,570,1,0,53.50000000000145,45.0,0.0,2.7649999999999855,0.1,Forage
outcome_eta0.1,17,580,1,0,53.00000000000148,45.0,0.0,2.7699999999999854,0.1,Forage
outcome_eta0.1,17,590,1,0,52.500000000001506,45.0,0.0,2.774999999999985,0.1,Forage
outcome_eta0.1,17,600,1,0,52.000000000001535,45.0,0.0,2.7799999999999847,0.1,Forage
outcome_eta0.1,17,610,1,0,49.80000000000154,45.0,0.0,2.8279999999999843,0.1,Forage
outcome_eta0.1,17,620,1,0,49.30000000000157,45.0,0.0,2.8069999999999844,0.1,Forage
outcome_eta0.1,17,630,1,0,48.800000000001596,45.0,0.0,2.8119999999999843,0.1,Forage
outcome_eta0.1,17,640,1,0,48.300000000001624,45.0,0.0,2.8169999999999837,0.1,Forage
outcome_eta0.1,17,650,1,0,47.80000000000165,45.0,0.0,2.821999999999983,0.1,Forage
outcome_eta0.1,17,660,1,0,49.40000000000167,45.0,0.0,2.805999999999983,0.1,Forage
outcome_eta0.1,17,670,1,0,48.9000000000017,45.0,0.0,2.810999999999983,0.1,Forage
outcome_eta0.1,17,680,1,0,48.400000000001725,45.0,0.0,2.815999999999983,0.1,Forage
outcome_eta0.1,17,690,1,0,47.900000000001754,45.0,0.0,2.8209999999999824,0.1,Forage
outcome_eta0.1,17,700,1,0,47.40000000000178,45.0,0.0,2.8259999999999823,0.1,Forage
outcome_eta0.1,17,710,1,0,49.9500000000018,45.0,0.0,2.800499999999982,0.1,Forage
outcome_eta0.1,17,720,1,0,49.45000000000183,45.0,0.0,2.8054999999999817,0.1,Forage
outcome_eta0.1,17,730,1,0,48.95000000000186,45.0,0.0,2.8104999999999816,0.1,Forage
outcome_eta0.1,17,740,1,0,48.450000000001886,45.0,0.0,2.815499999999981,0.1,Forage
outcome_eta0.1,17,750,1,0,47.950000000001914,45.0,0.0,2.820499999999981,0.1,Forage
outcome_eta0.1,17,760,1,0,46.70000000000192,45.0,0.0,2.8439999999999808,0.1,Forage
outcome_eta0.1,17,770,1,0,46.20000000000195,45.0,0.0,2.8379999999999805,0.1,Forage
outcome_eta0.1,17,780,1,0,45.70000000000198,45.0,0.0,2.8429999999999804,0.1,Forage
outcome_eta0.1,17,790,1,0,45.20000000000201,45.0,0.0,2.84799999999998,0.1,Forage
outcome_eta0.1,17,800,1,0,44.700000000002035,45.0,0.0,2.8529999999999798,0.1,Forage
outcome_eta0.1,17,810,1,0,43.45000000000204,45.0,0.0,2.8764999999999796,0.1,Forage
outcome_eta0.1,17,820,1,0,42.95000000000207,45.0,0.0,2.8704999999999794,0.1,Forage
outcome_eta0.1,17,830,1,0,42.4500000000021,45.0,0.0,2.8754999999999793,0.1,Forage
outcome_eta0.1,17,840,1,0,41.95000000000213,45.0,0.0,2.8804999999999787,0.1,Forage
outcome_eta0.1,17,850,1,0,41.450000000002156,45.0,0.0,2.885499999999978,0.1,Forage
outcome_eta0.1,17,860,1,0,43.05000000000217,45.0,0.0,2.869499999999978,0.1,Forage
outcome_eta0.1,17,870,1,0,42.5500000000022,45.0,0.0,2.874499999999978,0.1,Forage
outcome_eta0.1,17,880,1,0,42.05000000000223,45.0,0.0,2.879499999999978,0.1,Forage
outcome_eta0.1,17,890,1,0,41.55000000000226,45.0,0.0,2.8844999999999774,0.1,Forage
outcome_eta0.1,17,900,1,0,41.050000000002285,45.0,0.0,2.889499999999977,0.1,Forage
outcome_eta0.1,17,910,1,0,40.750000000002295,45.0,0.0,2.892499999999977,0.1,Forage
outcome_eta0.1,17,920,1,0,40.25000000000232,45.0,0.0,2.897499999999977,0.1,Forage
outcome_eta0.1,17,930,1,0,39.75000000000235,45.0,0.0,2.9024999999999768,0.1,Forage
outcome_eta0.1,17,940,1,0,39.25000000000238,45.0,0.0,2.907499999999976,0.1,Forage
outcome_eta0.1,17,950,1,0,38.75000000000241,45.0,0.0,2.9124999999999757,0.1,Forage
outcome_eta0.1,17,960,1,0,36.55000000000241,45.0,0.0,2.9604999999999757,0.1,Forage
outcome_eta0.1,17,970,1,0,36.05000000000244,45.0,0.0,2.939499999999976,0.1,Forage
outcome_eta0.1,17,980,1,0,35.55000000000247,45.0,0.0,2.9444999999999752,0.1,Forage
outcome_eta0.1,17,990,1,0,35.0500000000025,45.0,0.0,2.949499999999975,0.1,Forage
outcome_eta0.1,17,1000,1,0,34.55000000000253,45.0,0.0,2.9544999999999746,0.1,Forage
outcome_eta0.1,18,1,1,1,99.95,0.5,49.8,0.07195013860784817,0.1,Forage
outcome_eta0.1,18,10,1,1,99.50000000000003,5.0,47.99999999999997,0.31173621795711187,0.1,Forage
outcome_eta0.1,18,20,1,1,99.00000000000006,10.0,45.99999999999994,0.7938012491296987,0.1,Forage
outcome_eta0.1,18,30,1,1,98.50000000000009,15.0,43.999999999999915,1.4555893205859873,0.1,Forage
outcome_eta0.1,18,40,1,1,98.00000000000011,20.0,41.999999999999886,1.589318028735011,0.1,Forage
outcome_eta0.1,18,50,1,1,97.50000000000014,25.0,39.99999999999986,1.7230467368840463,0.1,Forage
outcome_eta0.1,18,60,1,1,92.05000000000017,30.0,41.99999999999983,2.2274034127171327,0.1,Care
outcome_eta0.1,18,70,1,1,91.05000000000022,35.0,49.9999999999998,1.1220372300067467,0.1,Care
outcome_eta0.1,18,80,1,1,90.05000000000028,40.0,50.0,1.2042711939511177,0.1,Care
outcome_eta0.1,18,90,1,1,89.05000000000034,45.0,50.0,1.29641254737863,0.1,Care
outcome_eta0.1,18,100,1,1,88.0500000000004,50.0,50.0,1.3885566917907197,0.1,Care
outcome_eta0.1,18,110,1,1,87.05000000000045,55.0,50.0,1.4807008365884795,0.1,Care
outcome_eta0.1,18,120,1,1,86.05000000000051,60.0,50.0,1.5728449813862857,0.1,Care
outcome_eta0.1,18,130,1,1,85.05000000000057,65.0,50.0,1.6649891261840923,0.1,Care
outcome_eta0.1,18,140,1,1,84.05000000000062,70.0,50.0,1.7571332709818985,0.1,Care
outcome_eta0.1,18,150,1,1,83.05000000000068,75.0,50.0,1.849277415779705,0.1,Care
outcome_eta0.1,18,160,1,1,82.05000000000074,80.0,50.0,1.9414215605775116,0.1,Care
outcome_eta0.1,18,170,1,1,81.0500000000008,85.0,50.0,2.033565705375318,0.1,Care
outcome_eta0.1,18,180,1,1,80.05000000000085,90.0,50.0,2.125709850173124,0.1,Care
outcome_eta0.1,18,190,1,1,79.0500000000009,95.0,50.0,2.2290214963967436,0.1,Care
outcome_eta0.1,18,200,1,0,78.10000000000096,100.0,49.8,1.9915096600177964,0.1,Self
outcome_eta0.1,18,210,1,0,82.75000000000098,100.0,49.8,1.5764386326926698,0.1,Self
outcome_eta0.1,18,220,1,0,85.500000000001,100.0,49.8,1.584147491074099,0.1,Forage
outcome_eta0.1,18,230,1,0,85.00000000000102,100.0,49.8,1.5000004527588686,0.1,Forage
outcome_eta0.1,18,240,1,0,84.50000000000105,100.0,49.8,1.5000000000216753,0.1,Forage
outcome_eta0.1,18,250,1,0,84.00000000000108,100.0,49.8,1.5000000000000009,0.1,Forage
outcome_eta0.1,18,260,1,0,82.7500000000011,100.0,49.8,1.5130222836192209,0.1,Forage
outcome_eta0.1,18,270,1,0,82.25000000000112,100.0,49.8,1.500000314167846,0.1,Forage
outcome_eta0.1,18,280,1,0,81.75000000000115,100.0,49.8,1.5000000000138907,0.1,Forage
outcome_eta0.1,18,290,1,0,81.25000000000118,100.0,49.8,1.5000000000000004,0.1,Forage
outcome_eta0.1,18,300,1,0,80.75000000000121,100.0,49.8,1.5,0.1,Forage
outcome_eta0.1,18,310,1,0,78.55000000000122,100.0,49.8,1.5543144757449463,0.1,Forage
outcome_eta0.1,18,320,1,0,78.05000000000125,100.0,49.8,1.524314383449084,0.1,Forage
outcome_eta0.1,18,330,1,0,77.55000000000128,100.0,49.8,1.5320584494852767,0.1,Forage
outcome_eta0.1,18,340,1,0,77.0500000000013,100.0,49.8,1.5412501682520285,0.1,Forage
outcome_eta0.1,18,350,1,0,76.55000000000133,100.0,49.8,1.5499491270710055,0.1,Forage
outcome_eta0.1,18,360,1,0,75.30000000000135,100.0,49.8,1.590621147175689,0.1,Forage
outcome_eta0.1,18,370,1,0,74.80000000000138,100.0,49.8,1.575132146071188,0.1,Forage
outcome_eta0.1,18,380,1,0,74.3000000000014,100.0,49.8,1.5833159497012277,0.1,Forage
outcome_eta0.1,18,390,1,0,73.80000000000143,100.0,49.8,1.5907359949847713,0.1,Forage
outcome_eta0.1,18,400,1,0,73.30000000000146,100.0,49.8,1.5981418699672125,0.1,Forage
outcome_eta0.1,18,410,1,0,71.10000000000147,100.0,49.8,1.6696413878409126,0.1,Forage
outcome_eta0.1,18,420,1,0,70.6000000000015,100.0,49.8,1.6357835450462717,0.1,Forage
outcome_eta0.1,18,430,1,0,70.10000000000153,100.0,49.8,1.6454922324171721,0.1,Forage
outcome_eta0.1,18,440,1,0,69.60000000000156,100.0,49.8,1.6529427127022356,0.1,Forage
outcome_eta0.1,18,450,1,0,69.10000000000159,100.0,49.8,1.6603491144292684,0.1,Forage
outcome_eta0.1,18,460,1,0,60.05000000000159,100.0,49.8,1.8193486414173052,0.1,Forage
outcome_eta0.1,18,470,1,0,64.5000000000016,100.0,49.8,1.719253585255551,0.1,Forage
outcome_eta0.1,18,480,1,0,64.00000000000163,100.0,49.8,1.7354328107204955,0.1,Forage
outcome_eta0.1,18,490,1,0,63.50000000000166,100.0,49.8,1.7432842664617252,0.1,Forage
outcome_eta0.1,18,500,1,0,63.00000000000169,100.0,49.8,1.750697622407603,0.1,Forage
outcome_eta0.1,18,510,1,0,60.800000000001695,100.0,49.8,1.8221972697259217,0.1,Forage
outcome_eta0.1,18,520,1,0,60.300000000001724,100.0,49.8,1.7853628778158401,0.1,Forage
outcome_eta0.1,18,530,1,0,59.80000000000175,100.0,49.8,1.7979910257918195,0.1,Forage
outcome_eta0.1,18,540,1,0,59.30000000000178,100.0,49.8,1.8054976088462409,0.1,Forage
outcome_eta0.1,18,550,1,0,58.80000000000181,100.0,49.8,1.8129049814976599,0.1,Forage
outcome_eta0.1,18,560,1,0,56.60000000000181,100.0,49.8,1.8844045252857382,0.1,Forage
outcome_eta0.1,18,570,1,0,56.10000000000184,100.0,49.8,1.846356392182097,0.1,Forage
outcome_eta0.1,18,580,1,0,55.60000000000187,100.0,49.8,1.860174999789809,0.1,Forage
outcome_eta0.1,18,590,1,0,55.1000000000019,100.0,49.8,1.8677044597010872,0.1,Forage
outcome_eta0.1,18,600,1,0,54.60000000000193,100.0,49.8,1.8751122282634114,0.1,Forage
outcome_eta0.1,18,610,1,0,55.25000000000194,100.0,49.8,1.8663807456997963,0.1,Forage
outcome_eta0.1,18,620,1,0,54.75000000000197,100.0,49.8,1.8720757388246612,0.1,Forage
outcome_eta0.1,18,630,1,0,54.250000000002,100.0,49.8,1.8802820295377836,0.1,Forage
outcome_eta0.1,18,640,1,0,53.750000000002025,100.0,49.8,1.887701583993642,0.1,Forage
outcome_eta0.1,18,650,1,0,53.25000000000205,100.0,49.8,1.8951074504563614,0.1,Forage
outcome_eta0.1,18,660,1,0,52.95000000000206,100.0,49.8,1.9050936746899643,0.1,Forage
outcome_eta0.1,18,670,1,0,52.45000000000209,100.0,49.8,1.905605537456021,0.1,Forage
outcome_eta0.1,18,680,1,0,51.95000000000212,100.0,49.8,1.914338473820726,0.1,Forage
outcome_eta0.1,18,690,1,0,51.45000000000215,100.0,49.8,1.921767297818851,0.1,Forage
outcome_eta0.1,18,700,1,0,50.95000000000218,100.0,49.8,1.9291733246785068,0.1,Forage
outcome_eta0.1,18,710,1,0,53.500000000002196,100.0,49.8,1.887935324155306,0.1,Forage
outcome_eta0.1,18,720,1,0,53.000000000002224,100.0,49.8,1.898710621700769,0.1,Forage
outcome_eta0.1,18,730,1,0,52.50000000000225,100.0,49.8,1.9062141674745738,0.1,Forage
outcome_eta0.1,18,740,1,0,52.00000000000228,100.0,49.8,1.913621488457576,0.1,Forage
outcome_eta0.1,18,750,1,0,51.50000000000231,100.0,49.8,1.9210271432406048,0.1,Forage
outcome_eta0.1,18,760,1,0,42.45000000000231,100.0,49.8,2.080026657304164,0.1,Forage
outcome_eta0.1,18,770,1,0,46.900000000002336,100.0,49.8,1.968603729418694,0.1,Forage
outcome_eta0.1,18,780,1,0,46.400000000002365,100.0,49.8,1.9955794792663308,0.1,Forage
outcome_eta0.1,18,790,1,0,45.90000000000239,100.0,49.8,2.0039530696418746,0.1,Forage
outcome_eta0.1,18,800,1,0,45.40000000000242,100.0,49.8,2.0113754786615505,0.1,Forage
outcome_eta0.1,18,810,1,0,47.95000000000244,100.0,49.8,1.9687677043446143,0.1,Forage
outcome_eta0.1,18,820,1,0,47.45000000000247,100.0,49.8,1.9808811117085963,0.1,Forage
outcome_eta0.1,18,830,1,0,46.9500000000025,100.0,49.8,1.988416056783609,0.1,Forage
outcome_eta0.1,18,840,1,0,46.450000000002525,100.0,49.8,1.9958239213247162,0.1,Forage
outcome_eta0.1,18,850,1,0,45.950000000002554,100.0,49.8,2.0032295855130124,0.1,Forage
outcome_eta0.1,18,860,1,0,43.75000000000256,100.0,49.8,2.074729099739312,0.1,Forage
outcome_eta0.1,18,870,1,0,43.250000000002586,100.0,49.8,2.032967501551492,0.1,Forage
outcome_eta0.1,18,880,1,0,42.750000000002615,100.0,49.8,2.050428348806431,0.1,Forage
outcome_eta0.1,18,890,1,0,42.25000000000264,100.0,49.8,2.058027801006963,0.1,Forage
outcome_eta0.1,18,900,1,0,41.75000000000267,100.0,49.8,2.0654367808681457,0.1,Forage
outcome_eta0.1,18,910,1,0,44.30000000000269,100.0,49.8,2.0219277447692656,0.1,Forage
outcome_eta0.1,18,920,1,0,43.80000000000272,100.0,49.8,2.0349211638069624,0.1,Forage
outcome_eta0.1,18,930,1,0,43.30000000000275,100.0,49.8,2.042476758763547,0.1,Forage
outcome_eta0.1,18,940,1,0,42.800000000002775,100.0,49.8,2.0498849807779127,0.1,Forage
outcome_eta0.1,18,950,1,0,42.300000000002804,100.0,49.8,2.057290651151622,0.1,Forage
outcome_eta0.1,18,960,1,0,42.000000000002814,100.0,49.8,2.0660812425816513,0.1,Forage
outcome_eta0.1,18,970,1,0,41.50000000000284,100.0,49.8,2.067186870618055,0.1,Forage
outcome_eta0.1,18,980,1,0,41.00000000000287,100.0,49.8,2.076511164046833,0.1,Forage
outcome_eta0.1,18,990,1,0,40.5000000000029,100.0,49.8,2.08395031325425,0.1,Forage
outcome_eta0.1,18,1000,1,0,40.00000000000293,100.0,49.8,2.091356518775236,0.1,Forage
outcome_eta0.1,19,1,1,1,99.95,0.5,49.8,0.13523538137332008,0.1,Forage
outcome_eta0.1,19,10,1,1,99.50000000000003,5.0,47.99999999999997,0.33314435327188113,0.1,Forage
outcome_eta0.1,19,20,1,1,99.00000000000006,10.0,45.99999999999994,0.7480133502839605,0.1,Forage
outcome_eta0.1,19,30,1,1,98.50000000000009,15.0,43.999999999999915,1.3584394428719193,0.1,Forage
outcome_eta0.1,19,40,1,1,98.00000000000011,20.0,41.999999999999886,1.5839143250603813,0.1,Forage
outcome_eta0.1,19,50,1,1,97.50000000000014,25.0,39.99999999999986,1.7044478788280975,0.1,Forage
outcome_eta0.1,19,60,1,1,89.35000000000015,30.0,37.99999999999983,1.9541584994014123,0.1,Forage
outcome_eta0.1,19,70,1,1,83.90000000000018,15.0,38.9999999999998,1.5162096298927106,0.1,Care
outcome_eta0.1,19,80,1,1,82.90000000000023,20.0,46.99999999999977,1.01463885174633,0.1,Care
outcome_eta0.1,19,90,1,1,81.90000000000029,25.0,50.0,1.005930787485599,0.1,Care
outcome_eta0.1,19,100,1,1,80.90000000000035,30.0,50.0,1.0834263084408322,0.1,Care
outcome_eta0.1,19,110,1,1,79.9000000000004,35.0,50.0,1.1738034089729437,0.1,Care
outcome_eta0.1,19,120,1,1,78.90000000000046,40.0,50.0,1.280067905289314,0.1,Care
outcome_eta0.1,19,130,1,1,77.90000000000052,45.0,50.0,1.391296678241058,0.1,Care
outcome_eta0.1,19,140,1,1,76.90000000000057,50.0,50.0,1.504490838312224,0.1,Care
outcome_eta0.1,19,150,1,1,75.90000000000063,55.0,50.0,1.6184575859797525,0.1,Care
outcome_eta0.1,19,160,1,1,74.90000000000069,60.0,50.0,1.7327280354336634,0.1,Care
outcome_eta0.1,19,170,1,1,73.90000000000074,65.0,50.0,1.8471178691172545,0.1,Care
outcome_eta0.1,19,180,1,1,72.9000000000008,70.0,50.0,1.9615546323710207,0.1,Care
outcome_eta0.1,19,190,1,1,71.90000000000086,75.0,50.0,2.073168340063231,0.1,Care
outcome_eta0.1,19,200,1,1,70.90000000000092,80.0,50.0,2.1442491476896044,0.1,Care
outcome_eta0.1,19,210,1,1,69.90000000000097,85.0,50.0,2.214786364950055,0.1,Care
outcome_eta0.1,19,220,1,1,68.90000000000103,90.0,50.0,2.285323581456179,0.1,Care
outcome_eta0.1,19,230,1,1,67.90000000000109,95.0,50.0,2.3558607979623014,0.1,Care
outcome_eta0.1,19,240,1,0,66.00000000000114,100.0,49.8,2.431436064854057,0.1,Forage
outcome_eta0.1,19,250,1,0,61.90000000000114,100.0,49.8,2.2964060349491646,0.1,Forage
outcome_eta0.1,19,260,1,0,69.60000000000116,100.0,49.8,2.161562011553879,0.1,Forage
outcome_eta0.1,19,270,1,0,69.10000000000119,100.0,49.8,1.9544596022550693,0.1,Forage
outcome_eta0.1,19,280,1,0,68.60000000000122,100.0,49.8,1.791307164992856,0.1,Forage
outcome_eta0.1,19,290,1,0,68.10000000000124,100.0,49.8,1.6794057446656976,0.1,Forage
outcome_eta0.1,19,300,1,0,67.60000000000127,100.0,49.8,1.6660201816032552,0.1,Forage
outcome_eta0.1,19,310,1,0,67.30000000000128,100.0,49.8,1.685293098709844,0.1,Forage
outcome_eta0.1,19,320,1,0,66.8000000000013,100.0,49.8,1.6899491283128383,0.1,Forage
outcome_eta0.1,19,330,1,0,66.30000000000133,100.0,49.8,1.7148328452477295,0.1,Forage
outcome_eta0.1,19,340,1,0,65.80000000000136,100.0,49.8,1.7522043102114195,0.1,Forage
outcome_eta0.1,19,350,1,0,65.30000000000139,100.0,49.8,1.7860693286198264,0.1,Forage
outcome_eta0.1,19,360,1,0,67.85000000000142,100.0,49.8,1.7683663184707334,0.1,Forage
outcome_eta0.1,19,370,1,0,67.35000000000144,100.0,49.8,1.7801055491160984,0.1,Forage
outcome_eta0.1,19,380,1,0,66.85000000000147,100.0,49.8,1.7921329093359413,0.1,Forage
outcome_eta0.1,19,390,1,0,66.3500000000015,100.0,49.8,1.803899769646621,0.1,Forage
outcome_eta0.1,19,400,1,0,65.85000000000153,100.0,49.8,1.8155393860366043,0.1,Forage
outcome_eta0.1,19,410,1,0,69.35000000000156,100.0,49.8,1.7660905152392026,0.1,Forage
outcome_eta0.1,19,420,1,0,68.85000000000159,100.0,49.8,1.7617141313256528,0.1,Forage
outcome_eta0.1,19,430,1,0,68.35000000000161,100.0,49.8,1.7654734791947517,0.1,Forage
outcome_eta0.1,19,440,1,0,67.85000000000164,100.0,49.8,1.7732017609396946,0.1,Forage
outcome_eta0.1,19,450,1,0,67.35000000000167,100.0,49.8,1.7828687007457424,0.1,Forage
outcome_eta0.1,19,460,1,0,69.9000000000017,100.0,49.8,1.7443920334963514,0.1,Forage
outcome_eta0.1,19,470,1,0,69.40000000000173,100.0,49.8,1.7443582046587267,0.1,Forage
outcome_eta0.1,19,480,1,0,68.90000000000175,100.0,49.8,1.750514637685912,0.1,Forage
outcome_eta0.1,19,490,1,0,68.40000000000178,100.0,49.8,1.7594137955771165,0.1,Forage
outcome_eta0.1,19,500,1,0,67.90000000000181,100.0,49.8,1.769652659370484,0.1,Forage
outcome_eta0.1,19,510,1,0,67.60000000000183,100.0,49.8,1.78563954041352,0.1,Forage
outcome_eta0.1,19,520,1,0,67.10000000000186,100.0,49.8,1.7824264290181477,0.1,Forage
outcome_eta0.1,19,530,1,0,66.60000000000188,100.0,49.8,1.7962122361569959,0.1,Forage
outcome_eta0.1,19,540,1,0,66.10000000000191,100.0,49.8,1.8088383488778934,0.1,Forage
outcome_eta0.1,19,550,1,0,65.60000000000194,100.0,49.8,1.8208976741044278,0.1,Forage
outcome_eta0.1,19,560,1,0,63.400000000001945,100.0,49.8,1.8949702824663637,0.1,Forage
outcome_eta0.1,19,570,1,0,62.900000000001974,100.0,49.8,1.8574640831261413,0.1,Forage
outcome_eta0.1,19,580,1,0,62.400000000002,100.0,49.8,1.8822729180777322,0.1,Forage
outcome_eta0.1,19,590,1,0,61.90000000000203,100.0,49.8,1.9003681699358084,0.1,Forage
outcome_eta0.1,19,600,1,0,61.40000000000206,100.0,49.8,1.9150989408232626,0.1,Forage
outcome_eta0.1,19,610,1,0,63.95000000000208,100.0,49.8,1.8750366828126905,0.1,Forage
outcome_eta0.1,19,620,1,0,63.450000000002106,100.0,49.8,1.8781588609788968,0.1,Forage
outcome_eta0.1,19,630,1,0,62.950000000002134,100.0,49.8,1.8859854297088017,0.1,Forage
outcome_eta0.1,19,640,1,0,62.45000000000216,100.0,49.8,1.8957003791612186,0.1,Forage
outcome_eta0.1,19,650,1,0,61.95000000000219,100.0,49.8,1.9063377229851168,0.1,Forage
outcome_eta0.1,19,660,1,0,59.750000000002196,100.0,49.8,1.9797157529526714,0.1,Forage
outcome_eta0.1,19,670,1,0,59.250000000002224,100.0,49.8,1.9358920003100106,0.1,Forage
outcome_eta0.1,19,680,1,0,58.75000000000225,100.0,49.8,1.963573500710496,0.1,Forage
outcome_eta0.1,19,690,1,0,58.25000000000228,100.0,49.8,1.9830916844009407,0.1,Forage
outcome_eta0.1,19,700,1,0,57.75000000000231,100.0,49.8,1.998517497955331,0.1,Forage
outcome_eta0.1,19,710,1,0,55.55000000000231,100.0,49.8,2.074234494952118,0.1,Forage
outcome_eta0.1,19,720,1,0,55.05000000000234,100.0,49.8,2.0250226464706564,0.1,Forage
outcome_eta0.1,19,730,1,0,54.55000000000237,100.0,49.8,2.0565810378896168,0.1,Forage
outcome_eta0.1,19,740,1,0,54.0500000000024,100.0,49.8,2.0780147535609563,0.1,Forage
outcome_eta0.1,19,750,1,0,53.55000000000243,100.0,49.8,2.0943762243386344,0.1,Forage
outcome_eta0.1,19,760,1,0,56.100000000002446,100.0,49.8,2.049547896550462,0.1,Forage
outcome_eta0.1,19,770,1,0,55.600000000002474,100.0,49.8,2.0557291301206275,0.1,Forage
outcome_eta0.1,19,780,1,0,55.1000000000025,100.0,49.8,2.065225436549808,0.1,Forage
outcome_eta0.1,19,790,1,0,54.60000000000253,100.0,49.8,2.075755983220578,0.1,Forage
outcome_eta0.1,19,800,1,0,54.10000000000256,100.0,49.8,2.086791712146655,0.1,Forage
outcome_eta0.1,19,810,1,0,57.60000000000258,100.0,49.8,2.0335450150858385,0.1,Forage
outcome_eta0.1,19,820,1,0,57.10000000000261,100.0,49.8,2.030812041129344,0.1,Forage
outcome_eta0.1,19,830,1,0,56.60000000000264,100.0,49.8,2.0353784893631,0.1,Forage
outcome_eta0.1,19,840,1,0,56.100000000002666,100.0,49.8,2.0435010058589045,0.1,Forage
outcome_eta0.1,19,850,1,0,55.600000000002694,100.0,49.8,2.0533605128390056,0.1,Forage
outcome_eta0.1,19,860,1,0,57.20000000000271,100.0,49.8,2.024736293547895,0.1,Forage
outcome_eta0.1,19,870,1,0,56.70000000000274,100.0,49.8,2.0291102324578283,0.1,Forage
outcome_eta0.1,19,880,1,0,56.20000000000277,100.0,49.8,2.0392608222581337,0.1,Forage
outcome_eta0.1,19,890,1,0,55.700000000002795,100.0,49.8,2.050110961101887,0.1,Forage
outcome_eta0.1,19,900,1,0,55.200000000002824,100.0,49.8,2.0613027974270905,0.1,Forage
outcome_eta0.1,19,910,1,0,55.85000000000284,100.0,49.8,2.05331771201088,0.1,Forage
outcome_eta0.1,19,920,1,0,55.350000000002865,100.0,49.8,2.046767809207164,0.1,Forage
outcome_eta0.1,19,930,1,0,54.85000000000289,100.0,49.8,2.063794039369639,0.1,Forage
outcome_eta0.1,19,940,1,0,54.35000000000292,100.0,49.8,2.078002804443456,0.1,Forage
outcome_eta0.1,19,950,1,0,53.85000000000295,100.0,49.8,2.0908351890980557,0.1,Forage
outcome_eta0.1,19,960,1,0,56.40000000000297,100.0,49.8,2.044353282681423,0.1,Forage
outcome_eta0.1,19,970,1,0,55.900000000003,100.0,49.8,2.0496592331028607,0.1,Forage
outcome_eta0.1,19,980,1,0,55.400000000003025,100.0,49.8,2.0587253473351232,0.1,Forage
outcome_eta0.1,19,990,1,0,54.900000000003054,100.0,49.8,2.0690457631208528,0.1,Forage
outcome_eta0.1,19,1000,1,0,54.40000000000308,100.0,49.8,2.079978851905174,0.1,Forage
outcome_eta0.1,20,1,1,1,99.95,0.5,49.8,0.17687910623306025,0.1,Forage
outcome_eta0.1,20,10,1,1,99.50000000000003,5.0,47.99999999999997,0.3887882427371717,0.1,Forage
outcome_eta0.1,20,20,1,1,99.00000000000006,10.0,45.99999999999994,0.8100828301497137,0.1,Forage
outcome_eta0.1,20,30,1,1,98.50000000000009,15.0,43.999999999999915,1.4138305459411835,0.1,Forage
outcome_eta0.1,20,40,1,1,98.00000000000011,20.0,41.999999999999886,1.7063363677496848,0.1,Forage
outcome_eta0.1,20,50,1,1,97.50000000000014,25.0,39.99999999999986,1.845689305736462,0.1,Forage
outcome_eta0.1,20,60,1,1,88.45000000000014,30.0,37.99999999999983,1.9234567968887342,0.1,Forage
outcome_eta0.1,20,70,1,1,83.85000000000018,15.0,39.9999999999998,2.405434909029834,0.1,Forage
outcome_eta0.1,20,80,1,1,82.85000000000024,20.0,47.99999999999977,1.8176905381593687,0.1,Care
outcome_eta0.1,20,90,1,1,81.85000000000029,25.0,50.0,1.1584463019876132,0.1,Care
outcome_eta0.1,20,100,1,1,80.85000000000035,30.0,50.0,1.2808090080504768,0.1,Care
outcome_eta0.1,20,110,1,1,79.8500000000004,35.0,50.0,1.4106910472645469,0.1,Care
outcome_eta0.1,20,120,1,1,78.85000000000046,40.0,50.0,1.5624395150306847,0.1,Care
outcome_eta0.1,20,130,1,1,77.85000000000052,45.0,50.0,1.724024955079041,0.1,Care
outcome_eta0.1,20,140,1,1,76.85000000000058,50.0,50.0,1.8866106313046818,0.1,Care
outcome_eta0.1,20,150,1,1,75.85000000000063,55.0,50.0,2.049288378926131,0.1,Care
outcome_eta0.1,20,160,1,1,74.85000000000069,60.0,50.0,2.2119745969709164,0.1,Care
outcome_eta0.1,20,170,1,1,73.85000000000075,65.0,50.0,2.37466159427875,0.1,Care
outcome_eta0.1,20,180,1,1,72.8500000000008,70.0,50.0,2.4524999999999917,0.1,Care
outcome_eta0.1,20,190,1,1,71.85000000000086,75.0,50.0,2.522499999999991,0.1,Care
outcome_eta0.1,20,200,1,1,70.85000000000092,80.0,50.0,2.5924999999999914,0.1,Care
outcome_eta0.1,20,210,1,1,69.85000000000097,85.0,50.0,2.6624999999999908,0.1,Care
outcome_eta0.1,20,220,1,1,65.25000000000101,70.0,49.59999999999998,2.6371252346875163,0.1,Care
outcome_eta0.1,20,230,1,1,64.25000000000107,75.0,50.0,2.65449999999999,0.1,Care
outcome_eta0.1,20,240,1,1,63.250000000001066,80.0,50.0,2.72449999999999,0.1,Care
outcome_eta0.1,20,250,1,1,58.65000000000106,85.0,48.999999999999986,3.7250786437626813,0.1,Forage
outcome_eta0.1,20,260,1,1,57.65000000000104,70.0,50.0,2.71649999999999,0.1,Care
outcome_eta0.1,20,270,1,1,56.65000000000103,75.0,50.0,2.786499999999991,0.1,Care
outcome_eta0.1,20,280,1,1,52.95000000000102,80.0,49.39999999999999,3.2872744810928993,0.1,Forage
outcome_eta0.1,20,290,1,1,47.45000000000101,65.0,50.0,2.830499999999991,0.1,Care
outcome_eta0.1,20,300,1,1,45.550000000001,70.0,49.8,2.917499999999991,0.1,Forage
outcome_eta0.1,20,310,1,1,38.250000000000995,55.0,48.79999999999997,2.898499999999992,0.1,Care
outcome_eta0.1,20,320,1,1,33.650000000000986,40.0,48.79999999999998,2.820499999999992,0.1,Forage
outcome_eta0.1,20,330,1,1,32.65000000000097,45.0,50.0,2.8664999999999923,0.1,Care
outcome_eta0.1,20,340,1,1,31.80000000000096,50.0,49.39999999999999,2.913999999999992,0.1,Forage
outcome_eta0.1,20,350,1,1,31.300000000000953,55.0,47.39999999999996,2.908999999999993,0.1,Forage
outcome_eta0.1,20,360,1,1,23.15000000000095,60.0,45.399999999999935,3.9700786437626845,0.1,Forage
outcome_eta0.1,20,370,1,1,22.600000000000943,45.0,43.399999999999906,2.9179999999999944,0.1,Forage
outcome_eta0.1,20,380,1,1,22.100000000000936,50.0,41.39999999999988,2.8787894997819943,0.1,Forage
outcome_eta0.1,20,390,1,1,21.60000000000093,55.0,39.39999999999985,2.6919786115527398,0.1,Forage
outcome_eta0.1,20,400,1,1,21.10000000000092,60.0,37.39999999999982,2.6201658559953858,0.1,Forage
outcome_eta0.1,20,410,1,1,18.600000000000914,45.0,35.39999999999979,2.5612128602193156,0.1,Forage
outcome_eta0.1,20,420,1,1,18.100000000000907,50.0,33.399999999999764,2.8126216882574258,0.1,Forage
outcome_eta0.1,20,430,1,1,17.6000000000009,55.0,31.39999999999975,3.045999999999996,0.1,Forage
outcome_eta0.1,20,440,1,1,17.100000000000893,60.0,29.399999999999757,3.140999999999996,0.1,Forage
outcome_eta0.1,20,450,1,1,16.600000000000886,65.0,27.399999999999764,3.2359999999999958,0.1,Forage
outcome_eta0.1,20,460,1,1,15.300000000000885,70.0,25.39999999999977,4.1195786437626865,0.1,Forage
outcome_eta0.1,20,470,1,1,14.800000000000878,75.0,23.39999999999978,4.192578643762686,0.1,Forage
outcome_eta0.1,20,480,1,1,14.300000000000871,80.0,21.399999999999785,4.287578643762687,0.1,Forage
outcome_eta0.1,20,490,1,1,13.800000000000864,85.0,19.399999999999793,4.382578643762686,0.1,Forage
outcome_eta0.1,20,500,1,1,13.300000000000857,90.0,17.3999999999998,4.477578643762686,0.1,Forage
outcome_eta0.1,20,510,1,1,9.850000000000854,75.0,15.399999999999807,3.643499999999995,0.1,Forage
outcome_eta0.1,20,520,1,1,9.350000000000847,80.0,13.399999999999814,3.7384999999999957,0.1,Forage
outcome_eta0.1,20,530,1,1,8.85000000000084,85.0,11.399999999999821,3.8334999999999955,0.1,Forage
outcome_eta0.1,20,540,1,1,8.350000000000833,90.0,9.399999999999828,3.928499999999995,0.1,Forage
outcome_eta0.1,20,550,1,1,7.850000000000828,95.0,7.399999999999832,4.023499999999995,0.1,Forage
outcome_eta0.1,20,560,0,0,0.0,100.0,5.39999999999983,3.3409999999999997,0.1,Forage
outcome_eta0.1,21,1,1,1,99.0,0.5,49.8,0.1333665077914572,0.1,Care
outcome_eta0.1,21,10,1,1,96.30000000000004,5.0,50.0,0.5799034152267085,0.1,Care
outcome_eta0.1,21,20,1,1,95.3000000000001,10.0,50.0,0.648804646482824,0.1,Care
outcome_eta0.1,21,30,1,1,94.30000000000015,15.0,50.0,0.7187803179463561,0.1,Care
outcome_eta0.1,21,40,1,1,93.30000000000021,20.0,50.0,0.7898198136611947,0.1,Care
outcome_eta0.1,21,50,1,1,92.30000000000027,25.0,50.0,0.8619126225827926,0.1,Care
outcome_eta0.1,21,60,1,1,91.30000000000032,30.0,50.0,0.9350483375202767,0.1,Care
outcome_eta0.1,21,70,1,1,90.30000000000038,35.0,50.0,1.0039679900936822,0.1,Care
outcome_eta0.1,21,80,1,1,89.30000000000044,40.0,50.0,1.0712811971465812,0.1,Care
outcome_eta0.1,21,90,1,1,88.3000000000005,45.0,50.0,1.1385944041994063,0.1,Care
outcome_eta0.1,21,100,1,1,87.30000000000055,50.0,50.0,1.2059076112522318,0.1,Care
outcome_eta0.1,21,110,1,1,86.30000000000061,55.0,50.0,1.273220818305057,0.1,Care
outcome_eta0.1,21,120,1,1,85.30000000000067,60.0,50.0,1.3405340253578824,0.1,Care
outcome_eta0.1,21,130,1,1,84.30000000000072,65.0,50.0,1.4078472324107079,0.1,Care
outcome_eta0.1,21,140,1,1,83.30000000000078,70.0,50.0,1.4751604394635331,0.1,Care
outcome_eta0.1,21,150,1,1,82.30000000000084,75.0,50.0,1.5424736465163587,0.1,Care
outcome_eta0.1,21,160,1,1,81.30000000000089,80.0,50.0,1.6097868535691844,0.1,Care
outcome_eta0.1,21,170,1,1,80.30000000000095,85.0,50.0,1.67710006062201,0.1,Care
outcome_eta0.1,21,180,1,1,79.300000000001,90.0,50.0,1.7514132676748253,0.1,Care
outcome_eta0.1,21,190,1,1,78.30000000000106,95.0,50.0,1.8287264747276502,0.1,Care
outcome_eta0.1,21,200,1,0,72.80000000000109,100.0,48.79999999999998,1.833340419573275,0.1,Forage
outcome_eta0.1,21,210,1,0,80.50000000000111,100.0,48.79999999999998,1.790483445472451,0.1,Forage
outcome_eta0.1,21,220,1,0,81.15000000000113,100.0,48.79999999999998,1.7597135242124884,0.1,Forage
outcome_eta0.1,21,230,1,0,80.65000000000116,100.0,48.79999999999998,1.6478800222394687,0.1,Forage
outcome_eta0.1,21,240,1,0,80.15000000000119,100.0,48.79999999999998,1.5417844899544215,0.1,Forage
outcome_eta0.1,21,250,1,0,79.65000000000121,100.0,48.79999999999998,1.5035576372306685,0.1,Forage
outcome_eta0.1,21,260,1,0,77.45000000000122,100.0,48.79999999999998,1.5526971515995198,0.1,Forage
outcome_eta0.1,21,270,1,0,76.95000000000125,100.0,48.79999999999998,1.5313376670958045,0.1,Forage
outcome_eta0.1,21,280,1,0,76.45000000000128,100.0,48.79999999999998,1.536872693080341,0.1,Forage
outcome_eta0.1,21,290,1,0,75.95000000000131,100.0,48.79999999999998,1.5433889923433237,0.1,Forage
outcome_eta0.1,21,300,1,0,75.45000000000134,100.0,48.79999999999998,1.5504733343978576,0.1,Forage
outcome_eta0.1,21,310,1,0,77.05000000000136,100.0,48.79999999999998,1.5361183153262425,0.1,Forage
outcome_eta0.1,21,320,1,0,76.55000000000139,100.0,48.79999999999998,1.5426565331236564,0.1,Forage
outcome_eta0.1,21,330,1,0,76.05000000000142,100.0,48.79999999999998,1.5496339941603048,0.1,Forage
outcome_eta0.1,21,340,1,0,75.55000000000145,100.0,48.79999999999998,1.5568805525160911,0.1,Forage
outcome_eta0.1,21,350,1,0,75.05000000000148,100.0,48.79999999999998,1.564394590686092,0.1,Forage
outcome_eta0.1,21,360,1,0,74.75000000000149,100.0,48.79999999999998,1.570436926698312,0.1,Forage
outcome_eta0.1,21,370,1,0,74.25000000000152,100.0,48.79999999999998,1.5761047766517904,0.1,Forage
outcome_eta0.1,21,380,1,0,73.75000000000155,100.0,48.79999999999998,1.5831983190591237,0.1,Forage
outcome_eta0.1,21,390,1,0,73.25000000000158,100.0,48.79999999999998,1.588198322107151,0.1,Forage
outcome_eta0.1,21,400,1,0,72.7500000000016,100.0,48.79999999999998,1.5931983221071508,0.1,Forage
outcome_eta0.1,21,410,1,0,71.50000000000162,100.0,48.79999999999998,1.6166983221071507,0.1,Forage
outcome_eta0.1,21,420,1,0,71.00000000000165,100.0,48.79999999999998,1.6106136612216289,0.1,Forage
outcome_eta0.1,21,430,1,0,70.50000000000168,100.0,48.79999999999998,1.61569832210715,0.1,Forage
outcome_eta0.1,21,440,1,0,70.0000000000017,100.0,48.79999999999998,1.6206983221071498,0.1,Forage
outcome_eta0.1,21,450,1,0,69.50000000000173,100.0,48.79999999999998,1.6256983221071495,0.1,Forage
outcome_eta0.1,21,460,1,0,69.20000000000175,100.0,48.79999999999998,1.6286983221071494,0.1,Forage
outcome_eta0.1,21,470,1,0,68.70000000000178,100.0,48.79999999999998,1.6336983221035575,0.1,Forage
outcome_eta0.1,21,480,1,0,68.20000000000181,100.0,48.79999999999998,1.6386983221071487,0.1,Forage
outcome_eta0.1,21,490,1,0,67.70000000000184,100.0,48.79999999999998,1.6436983221071486,0.1,Forage
outcome_eta0.1,21,500,1,0,67.20000000000186,100.0,48.79999999999998,1.648698322107148,0.1,Forage
outcome_eta0.1,21,510,1,0,65.00000000000186,100.0,48.79999999999998,1.696698322107148,0.1,Forage
outcome_eta0.1,21,520,1,0,64.50000000000189,100.0,48.79999999999998,1.675698320021768,0.1,Forage
outcome_eta0.1,21,530,1,0,64.00000000000192,100.0,48.79999999999998,1.6806983221071476,0.1,Forage
outcome_eta0.1,21,540,1,0,63.50000000000195,100.0,48.79999999999998,1.6856983221071473,0.1,Forage
outcome_eta0.1,21,550,1,0,63.000000000001975,100.0,48.79999999999998,1.690698322107147,0.1,Forage
outcome_eta0.1,21,560,1,0,63.65000000000199,100.0,48.79999999999998,1.684198322107147,0.1,Forage
outcome_eta0.1,21,570,1,0,63.15000000000202,100.0,48.79999999999998,1.6891983221071467,0.1,Forage
outcome_eta0.1,21,580,1,0,62.650000000002045,100.0,48.79999999999998,1.6941983221071464,0.1,Forage
outcome_eta0.1,21,590,1,0,62.15000000000207,100.0,48.79999999999998,1.699198322107146,0.1,Forage
outcome_eta0.1,21,600,1,0,61.6500000000021,100.0,48.79999999999998,1.7041983221071457,0.1,Forage
outcome_eta0.1,21,610,1,0,52.600000000002105,100.0,48.79999999999998,1.8396983221071457,0.1,Forage
outcome_eta0.1,21,620,1,0,57.05000000000213,100.0,48.79999999999998,1.7501983221071455,0.1,Forage
outcome_eta0.1,21,630,1,0,56.55000000000216,100.0,48.79999999999998,1.7551983221071452,0.1,Forage
outcome_eta0.1,21,640,1,0,56.050000000002186,100.0,48.79999999999998,1.7601983221071449,0.1,Forage
outcome_eta0.1,21,650,1,0,55.550000000002214,100.0,48.79999999999998,1.7651983221071448,0.1,Forage
outcome_eta0.1,21,660,1,0,56.20000000000223,100.0,48.79999999999998,1.7586983221071446,0.1,Forage
outcome_eta0.1,21,670,1,0,55.700000000002255,100.0,48.79999999999998,1.7636983221071443,0.1,Forage
outcome_eta0.1,21,680,1,0,55.200000000002284,100.0,48.79999999999998,1.768698322107144,0.1,Forage
outcome_eta0.1,21,690,1,0,54.70000000000231,100.0,48.79999999999998,1.7736983221071436,0.1,Forage
outcome_eta0.1,21,700,1,0,54.20000000000234,100.0,48.79999999999998,1.7786983221071435,0.1,Forage
outcome_eta0.1,21,710,1,0,54.85000000000235,100.0,48.79999999999998,1.7721983221071433,0.1,Forage
outcome_eta0.1,21,720,1,0,54.35000000000238,100.0,48.79999999999998,1.777198322107143,0.1,Forage
outcome_eta0.1,21,730,1,0,53.85000000000241,100.0,48.79999999999998,1.7821983221071427,0.1,Forage
outcome_eta0.1,21,740,1,0,53.35000000000244,100.0,48.79999999999998,1.7871983221071424,0.1,Forage
outcome_eta0.1,21,750,1,0,52.85000000000247,100.0,48.79999999999998,1.7921983221071422,0.1,Forage
outcome_eta0.1,21,760,1,0,53.50000000000248,100.0,48.79999999999998,1.785698322107142,0.1,Forage
outcome_eta0.1,21,770,1,0,53.00000000000251,100.0,48.79999999999998,1.7906983221071417,0.1,Forage
outcome_eta0.1,21,780,1,0,52.50000000000254,100.0,48.79999999999998,1.7956983221071414,0.1,Forage
outcome_eta0.1,21,790,1,0,52.000000000002565,100.0,48.79999999999998,1.800698322107141,0.1,Forage
outcome_eta0.1,21,800,1,0,51.50000000000259,100.0,48.79999999999998,1.805698322107141,0.1,Forage
outcome_eta0.1,21,810,1,0,54.05000000000261,100.0,48.79999999999998,1.7801983221071407,0.1,Forage
outcome_eta0.1,21,820,1,0,53.55000000000264,100.0,48.79999999999998,1.7851983221071404,0.1,Forage
outcome_eta0.1,21,830,1,0,53.05000000000267,100.0,48.79999999999998,1.7901983221071402,0.1,Forage
outcome_eta0.1,21,840,1,0,52.5500000000027,100.0,48.79999999999998,1.79519832210714,0.1,Forage
outcome_eta0.1,21,850,1,0,52.050000000002726,100.0,48.79999999999998,1.8001983221071396,0.1,Forage
outcome_eta0.1,21,860,1,0,54.600000000002744,100.0,48.79999999999998,1.7746983221071395,0.1,Forage
outcome_eta0.1,21,870,1,0,54.10000000000277,100.0,48.79999999999998,1.779698322107139,0.1,Forage
outcome_eta0.1,21,880,1,0,53.6000000000028,100.0,48.79999999999998,1.7846983221071389,0.1,Forage
outcome_eta0.1,21,890,1,0,53.10000000000283,100.0,48.79999999999998,1.7896983221071385,0.1,Forage
outcome_eta0.1,21,900,1,0,52.60000000000286,100.0,48.79999999999998,1.7946983221071382,0.1,Forage
outcome_eta0.1,21,910,1,0,50.40000000000286,100.0,48.79999999999998,1.8426983221071382,0.1,Forage
outcome_eta0.1,21,920,1,0,49.90000000000289,100.0,48.79999999999998,1.821698322107138,0.1,Forage
outcome_eta0.1,21,930,1,0,49.40000000000292,100.0,48.79999999999998,1.8266983221071376,0.1,Forage
outcome_eta0.1,21,940,1,0,48.90000000000295,100.0,48.79999999999998,1.8316983221071372,0.1,Forage
outcome_eta0.1,21,950,1,0,48.400000000002976,100.0,48.79999999999998,1.8366983221071371,0.1,Forage
outcome_eta0.1,21,960,1,0,47.15000000000298,100.0,48.79999999999998,1.860198322107137,0.1,Forage
outcome_eta0.1,21,970,1,0,46.65000000000301,100.0,48.79999999999998,1.8541983221071368,0.1,Forage
outcome_eta0.1,21,980,1,0,46.15000000000304,100.0,48.79999999999998,1.8591983221071364,0.1,Forage
outcome_eta0.1,21,990,1,0,45.65000000000307,100.0,48.79999999999998,1.864198322107136,0.1,Forage
outcome_eta0.1,21,1000,1,0,45.1500000000031,100.0,48.79999999999998,1.869198322107136,0.1,Forage
outcome_eta0.1,22,1,1,1,99.95,0.5,49.8,0.1126319959950342,0.1,Forage
outcome_eta0.1,22,10,1,1,99.50000000000003,5.0,47.99999999999997,0.35726964950806356,0.1,Forage
outcome_eta0.1,22,20,1,1,99.00000000000006,10.0,45.99999999999994,0.8874509014330968,0.1,Forage
outcome_eta0.1,22,30,1,1,98.50000000000009,15.0,43.999999999999915,1.4292859653402812,0.1,Forage
outcome_eta0.1,22,40,1,1,98.00000000000011,20.0,41.999999999999886,1.5397589356256889,0.1,Forage
outcome_eta0.1,22,50,1,1,97.50000000000014,25.0,39.99999999999986,1.6502319059111383,0.1,Forage
outcome_eta0.1,22,60,1,1,90.25000000000016,10.0,37.99999999999983,1.7706489305544397,0.1,Forage
outcome_eta0.1,22,70,1,1,89.6000000000002,15.0,38.9999999999998,0.9500923289366687,0.1,Forage
outcome_eta0.1,22,80,1,1,89.10000000000022,20.0,36.99999999999977,1.0605392626926715,0.1,Forage
outcome_eta0.1,22,90,1,1,88.60000000000025,25.0,34.999999999999744,1.171448789867389,0.1,Forage
outcome_eta0.1,22,100,1,1,88.10000000000028,30.0,32.999999999999716,1.2823585618702555,0.1,Forage
outcome_eta0.1,22,110,1,1,79.95000000000029,35.0,30.99999999999971,1.9825110585779664,0.1,Forage
outcome_eta0.1,22,120,1,1,75.50000000000031,20.0,30.999999999999716,1.3177413621987264,0.1,Forage
outcome_eta0.1,22,130,1,1,75.00000000000034,25.0,28.999999999999723,1.3918046597580478,0.1,Forage
outcome_eta0.1,22,140,1,1,74.50000000000037,30.0,26.99999999999973,1.5347123168870738,0.1,Forage
outcome_eta0.1,22,150,1,1,74.0000000000004,35.0,24.999999999999737,1.696767170577008,0.1,Forage
outcome_eta0.1,22,160,1,1,69.55000000000042,20.0,23.999999999999744,1.6157742597450102,0.1,Care
outcome_eta0.1,22,170,1,1,68.65000000000047,25.0,29.99999999999975,1.5167248408369274,0.1,Forage
outcome_eta0.1,22,180,1,1,68.1000000000005,30.0,28.99999999999976,1.6235882355611828,0.1,Forage
outcome_eta0.1,22,190,1,1,67.55000000000054,35.0,27.999999999999766,1.7306440782030752,0.1,Forage
outcome_eta0.1,22,200,1,1,67.05000000000057,40.0,25.999999999999773,1.8578583537263769,0.1,Forage
outcome_eta0.1,22,210,1,1,58.90000000000057,45.0,23.99999999999978,2.7445818726290176,0.1,Forage
outcome_eta0.1,22,220,1,1,56.15000000000056,30.0,27.999999999999787,1.9017712346729745,0.1,Care
outcome_eta0.1,22,230,1,1,55.600000000000584,35.0,26.999999999999794,1.9071744293306228,0.1,Forage
outcome_eta0.1,22,240,1,1,55.10000000000061,40.0,24.9999999999998,2.0772919491326727,0.1,Forage
outcome_eta0.1,22,250,1,1,54.60000000000064,45.0,22.999999999999808,2.2084751580272477,0.1,Forage
outcome_eta0.1,22,260,1,1,50.10000000000064,30.0,22.999999999999815,2.11190579051535,0.1,Care
outcome_eta0.1,22,270,1,1,49.25000000000064,35.0,27.999999999999822,2.013541044628416,0.1,Forage
outcome_eta0.1,22,280,1,1,48.700000000000664,40.0,26.99999999999983,2.1118164401506214,0.1,Forage
outcome_eta0.1,22,290,1,1,48.20000000000069,45.0,24.999999999999837,2.263395594790505,0.1,Forage
outcome_eta0.1,22,300,1,1,47.70000000000072,50.0,22.999999999999844,2.3911937933329424,0.1,Forage
outcome_eta0.1,22,310,1,1,39.55000000000072,55.0,20.99999999999985,3.5184054358360113,0.1,Forage
outcome_eta0.1,22,320,1,1,38.750000000000725,40.0,23.999999999999858,2.3583231452824913,0.1,Forage
outcome_eta0.1,22,330,1,1,38.20000000000075,45.0,22.999999999999865,2.4484077993955395,0.1,Forage
outcome_eta0.1,22,340,1,1,37.70000000000078,50.0,20.999999999999872,2.588445133187032,0.1,Forage
outcome_eta0.1,22,350,1,1,37.200000000000806,55.0,18.99999999999988,2.6958320486698253,0.1,Forage
outcome_eta0.1,22,360,1,1,30.850000000000804,40.0,17.999999999999886,2.6985230055580813,0.1,Care
outcome_eta0.1,22,370,1,1,30.100000000000794,45.0,20.999999999999893,2.6067474958426353,0.1,Forage
outcome_eta0.1,22,380,1,1,29.600000000000787,50.0,18.9999999999999,2.71405713445589,0.1,Forage
outcome_eta0.1,22,390,1,1,29.10000000000078,55.0,16.999999999999908,2.8214435643211377,0.1,Forage
outcome_eta0.1,22,400,1,1,28.600000000000772,60.0,14.999999999999915,2.9288300390284823,0.1,Forage
outcome_eta0.1,22,410,1,1,24.050000000000765,45.0,15.999999999999922,2.8077320229899905,0.1,Care
outcome_eta0.1,22,420,1,1,23.400000000000755,50.0,16.99999999999993,2.8212162987658256,0.1,Forage
outcome_eta0.1,22,430,1,1,22.900000000000748,55.0,14.999999999999936,2.9280550805808225,0.1,Forage
outcome_eta0.1,22,440,1,1,22.40000000000074,60.0,12.999999999999943,3.035441554679255,0.1,Forage
outcome_eta0.1,22,450,1,1,21.900000000000734,65.0,10.99999999999995,3.142828029386649,0.1,Forage
outcome_eta0.1,22,460,1,1,15.550000000000733,50.0,9.999999999999957,3.1431465263946796,0.1,Care
outcome_eta0.1,22,470,1,1,14.80000000000073,55.0,12.999999999999964,3.055654659906087,0.1,Forage
outcome_eta0.1,22,480,1,1,14.300000000000724,60.0,10.999999999999972,3.161053238793244,0.1,Forage
outcome_eta0.1,22,490,1,1,13.800000000000717,65.0,8.999999999999979,3.268439545037608,0.1,Forage
outcome_eta0.1,22,500,1,1,13.30000000000071,70.0,6.9999999999999805,3.3758260197448147,0.1,Forage
outcome_eta0.1,22,510,1,1,8.75000000000071,55.0,7.999999999999979,3.2548388465442173,0.1,Care
outcome_eta0.1,22,520,1,1,8.100000000000707,60.0,8.999999999999986,3.2683560160663885,0.1,Forage
outcome_eta0.1,22,530,1,1,7.600000000000707,65.0,6.999999999999988,3.375051061456972,0.1,Forage
outcome_eta0.1,22,540,1,1,7.100000000000708,70.0,4.999999999999986,3.4824375353955883,0.1,Forage
outcome_eta0.1,22,550,1,1,6.60000000000071,75.0,2.999999999999984,3.5898240101029817,0.1,Forage
outcome_eta0.1,22,560,1,1,5.30000000000071,80.0,0.9999999999999836,4.44481146886282,0.1,Forage
outcome_eta0.1,22,570,1,0,4.800000000000712,82.5,0.0,2.6932493838660916,0.1,Forage
outcome_eta0.1,22,580,1,0,4.300000000000714,82.5,0.0,2.698250447133962,0.1,Forage
outcome_eta0.1,22,590,1,0,3.8000000000007157,82.5,0.0,2.703250447135144,0.1,Forage
outcome_eta0.1,22,600,1,0,3.3000000000007175,82.5,0.0,2.708250447135144,0.1,Forage
outcome_eta0.1,23,1,1,1,99.95,0.5,49.8,0.25165360059350084,0.1,Forage
outcome_eta0.1,23,10,1,1,99.50000000000003,5.0,47.99999999999997,0.39499755987076357,0.1,Forage
outcome_eta0.1,23,20,1,1,99.00000000000006,10.0,45.99999999999994,0.6391799231405635,0.1,Forage
outcome_eta0.1,23,30,1,1,98.50000000000009,15.0,43.999999999999915,0.9712026846222043,0.1,Forage
outcome_eta0.1,23,40,1,1,98.00000000000011,20.0,41.999999999999886,1.3910646957960398,0.1,Forage
outcome_eta0.1,23,50,1,1,97.50000000000014,25.0,39.99999999999986,1.7788155284099196,0.1,Forage
outcome_eta0.1,23,60,1,1,90.25000000000016,10.0,37.99999999999983,1.7029297876632157,0.1,Forage
outcome_eta0.1,23,70,1,1,89.25000000000021,15.0,45.9999999999998,0.8343510210638763,0.1,Care
outcome_eta0.1,23,80,1,1,88.25000000000027,20.0,50.0,0.7969598090630128,0.1,Care
outcome_eta0.1,23,90,1,1,87.25000000000033,25.0,50.0,0.866769309458344,0.1,Care
outcome_eta0.1,23,100,1,1,86.25000000000038,30.0,50.0,0.9368673441511146,0.1,Care
outcome_eta0.1,23,110,1,1,85.25000000000044,35.0,50.0,1.006965492767589,0.1,Care
outcome_eta0.1,23,120,1,1,84.2500000000005,40.0,50.0,1.0770636414289827,0.1,Care
outcome_eta0.1,23,130,1,1,83.25000000000055,45.0,50.0,1.147161790090394,0.1,Care
outcome_eta0.1,23,140,1,1,78.65000000000059,50.0,49.19999999999999,1.2800645961785782,0.1,Forage
outcome_eta0.1,23,150,1,1,74.05000000000062,35.0,50.0,1.1769640394314478,0.1,Care
outcome_eta0.1,23,160,1,1,73.05000000000068,40.0,50.0,1.2535925184588632,0.1,Care
outcome_eta0.1,23,170,1,1,72.05000000000074,45.0,50.0,1.3388281024812245,0.1,Care
outcome_eta0.1,23,180,1,1,71.0500000000008,50.0,50.0,1.424067627840138,0.1,Care
outcome_eta0.1,23,190,1,1,69.15000000000084,55.0,49.8,1.5263071547533384,0.1,Forage
outcome_eta0.1,23,200,1,1,63.650000000000844,40.0,50.0,1.4807580757612842,0.1,Care
outcome_eta0.1,23,210,1,1,62.65000000000083,45.0,50.0,1.551062404350121,0.1,Care
outcome_eta0.1,23,220,1,1,61.650000000000816,50.0,50.0,1.637422347235348,0.1,Care
outcome_eta0.1,23,230,1,1,59.7500000000008,55.0,49.8,1.7407910790495509,0.1,Forage
outcome_eta0.1,23,240,1,1,50.6500000000008,60.0,47.79999999999997,2.95586575199098,0.1,Forage
outcome_eta0.1,23,250,1,1,42.4500000000008,45.0,46.79999999999994,2.1750408706547946,0.1,Care
outcome_eta0.1,23,260,1,1,36.05000000000079,50.0,47.79999999999991,2.969882634776789,0.1,Forage
outcome_eta0.1,23,270,1,1,33.25000000000078,35.0,50.0,2.1609680331634813,0.1,Care
outcome_eta0.1,23,280,1,1,32.25000000000077,40.0,50.0,2.2467311781767108,0.1,Care
outcome_eta0.1,23,290,1,1,31.400000000000755,45.0,49.39999999999999,2.3146567280362857,0.1,Forage
outcome_eta0.1,23,300,1,1,30.900000000000748,50.0,47.39999999999996,2.260791871111238,0.1,Forage
outcome_eta0.1,23,310,1,1,31.550000000000743,55.0,45.399999999999935,2.9226994993524693,0.1,Forage
outcome_eta0.1,23,320,1,1,31.050000000000736,60.0,43.399999999999906,2.8784159001425556,0.1,Forage
outcome_eta0.1,23,330,1,1,30.55000000000073,65.0,41.39999999999988,2.8477514747587,0.1,Forage
outcome_eta0.1,23,340,1,1,30.050000000000722,70.0,39.39999999999985,2.8630678505180436,0.1,Forage
outcome_eta0.1,23,350,1,1,29.550000000000715,75.0,37.39999999999982,3.013863932063237,0.1,Forage
outcome_eta0.1,23,360,1,1,24.20000000000071,60.0,35.39999999999979,2.4309751115908895,0.1,Forage
outcome_eta0.1,23,370,1,1,23.700000000000703,65.0,33.399999999999764,2.5405684155842185,0.1,Forage
outcome_eta0.1,23,380,1,1,23.200000000000696,70.0,31.39999999999975,2.741781657684353,0.1,Forage
outcome_eta0.1,23,390,1,1,22.70000000000069,75.0,29.399999999999757,2.9875162701356657,0.1,Forage
outcome_eta0.1,23,400,1,1,22.20000000000068,80.0,27.399999999999764,3.1428392102582072,0.1,Forage
outcome_eta0.1,23,410,1,1,14.050000000000681,85.0,25.39999999999977,4.305686434627878,0.1,Forage
outcome_eta0.1,23,420,1,1,5.900000000000682,70.0,23.39999999999978,3.5123518458147185,0.1,Forage
outcome_eta0.1,23,430,1,1,5.400000000000683,75.0,21.399999999999785,3.3824691194857515,0.1,Forage
outcome_eta0.1,23,440,1,1,4.900000000000685,80.0,19.399999999999793,3.6175468689639803,0.1,Forage
outcome_eta0.1,23,450,1,1,4.400000000000687,85.0,17.3999999999998,3.7579999999999973,0.1,Forage
outcome_eta0.1,23,460,0,1,0.0,90.0,15.399999999999807,4.517000000000004,0.1,Forage
outcome_eta0.1,23,470,0,1,0.0,95.0,13.399999999999814,4.607000000000004,0.1,Forage
outcome_eta0.1,23,480,0,0,0.0,100.0,11.399999999999821,2.925,0.1,Forage
outcome_eta0.1,24,1,1,1,99.0,0.5,49.8,0.2763057246976903,0.1,Care
outcome_eta0.1,24,10,1,1,97.20000000000005,5.0,50.0,0.5719141839388522,0.1,Care
outcome_eta0.1,24,20,1,1,96.2000000000001,10.0,50.0,0.6360233623219245,0.1,Care
outcome_eta0.1,24,30,1,1,95.20000000000016,15.0,50.0,0.700139397808421,0.1,Care
outcome_eta0.1,24,40,1,1,94.20000000000022,20.0,50.0,0.7642554450739742,0.1,Care
outcome_eta0.1,24,50,1,1,93.20000000000027,25.0,50.0,0.8283714923597605,0.1,Care
outcome_eta0.1,24,60,1,1,92.20000000000033,30.0,50.0,0.8924875396455814,0.1,Care
outcome_eta0.1,24,70,1,1,91.20000000000039,35.0,50.0,0.9566035869314025,0.1,Care
outcome_eta0.1,24,80,1,1,90.20000000000044,40.0,50.0,1.0207196342172236,0.1,Care
outcome_eta0.1,24,90,1,1,89.2000000000005,45.0,50.0,1.0848356815030447,0.1,Care
outcome_eta0.1,24,100,1,1,88.20000000000056,50.0,50.0,1.1489517287888655,0.1,Care
outcome_eta0.1,24,110,1,1,87.20000000000061,55.0,50.0,1.2130677760746866,0.1,Care
outcome_eta0.1,24,120,1,1,86.20000000000067,60.0,50.0,1.2771838233605077,0.1,Care
outcome_eta0.1,24,130,1,1,85.20000000000073,65.0,50.0,1.3412998706463286,0.1,Care
outcome_eta0.1,24,140,1,1,84.20000000000078,70.0,50.0,1.4054159179321497,0.1,Care
outcome_eta0.1,24,150,1,1,83.20000000000084,75.0,50.0,1.4695319652179708,0.1,Care
outcome_eta0.1,24,160,1,1,82.2000000000009,80.0,50.0,1.533648012503792,0.1,Care
outcome_eta0.1,24,170,1,1,81.20000000000095,85.0,50.0,1.597764059789613,0.1,Care
outcome_eta0.1,24,180,1,1,80.20000000000101,90.0,50.0,1.6618801070754343,0.1,Care
outcome_eta0.1,24,190,1,1,79.20000000000107,95.0,50.0,1.7348104931918344,0.1,Care
outcome_eta0.1,24,200,1,0,77.30000000000112,100.0,49.8,1.794191574261844,0.1,Forage
outcome_eta0.1,24,210,1,0,79.10000000000113,100.0,49.8,1.7694111334064238,0.1,Forage
outcome_eta0.1,24,220,1,0,75.00000000000114,100.0,49.8,1.8532514427142948,0.1,Forage
outcome_eta0.1,24,230,1,0,79.45000000000117,100.0,49.8,1.7173508906828987,0.1,Forage
outcome_eta0.1,24,240,1,0,78.9500000000012,100.0,49.8,1.622959653025433,0.1,Forage
outcome_eta0.1,24,250,1,0,78.45000000000122,100.0,49.8,1.5285583176475486,0.1,Forage
outcome_eta0.1,24,260,1,0,79.10000000000124,100.0,49.8,1.5105919508439567,0.1,Forage
outcome_eta0.1,24,270,1,0,78.60000000000127,100.0,49.8,1.515918437863363,0.1,Forage
outcome_eta0.1,24,280,1,0,78.1000000000013,100.0,49.8,1.5219597729542702,0.1,Forage
outcome_eta0.1,24,290,1,0,77.60000000000133,100.0,49.8,1.5281375303950744,0.1,Forage
outcome_eta0.1,24,300,1,0,77.10000000000136,100.0,49.8,1.53513080672666,0.1,Forage
outcome_eta0.1,24,310,1,0,77.75000000000138,100.0,49.8,1.5315918354492135,0.1,Forage
outcome_eta0.1,24,320,1,0,77.2500000000014,100.0,49.8,1.5350169506087323,0.1,Forage
outcome_eta0.1,24,330,1,0,76.75000000000144,100.0,49.8,1.5424261891878377,0.1,Forage
outcome_eta0.1,24,340,1,0,76.25000000000146,100.0,49.8,1.5494516736185355,0.1,Forage
outcome_eta0.1,24,350,1,0,75.75000000000149,100.0,49.8,1.5561934009089247,0.1,Forage
outcome_eta0.1,24,360,1,0,75.45000000000151,100.0,49.8,1.5654937993500577,0.1,Forage
outcome_eta0.1,24,370,1,0,74.95000000000154,100.0,49.8,1.5670851650838786,0.1,Forage
outcome_eta0.1,24,380,1,0,74.45000000000157,100.0,49.8,1.5736786237074312,0.1,Forage
outcome_eta0.1,24,390,1,0,73.9500000000016,100.0,49.8,1.5803908396650144,0.1,Forage
outcome_eta0.1,24,400,1,0,73.45000000000162,100.0,49.8,1.5871111571014398,0.1,Forage
outcome_eta0.1,24,410,1,0,76.95000000000165,100.0,49.8,1.542904906907467,0.1,Forage
outcome_eta0.1,24,420,1,0,76.45000000000168,100.0,49.8,1.5469793985738627,0.1,Forage
outcome_eta0.1,24,430,1,0,75.95000000000171,100.0,49.8,1.5535197782506445,0.1,Forage
outcome_eta0.1,24,440,1,0,75.45000000000174,100.0,49.8,1.5602283730396018,0.1,Forage
outcome_eta0.1,24,450,1,0,74.95000000000176,100.0,49.8,1.5669484434404013,0.1,Forage
outcome_eta0.1,24,460,1,0,78.4500000000018,100.0,49.8,1.5227855108920094,0.1,Forage
outcome_eta0.1,24,470,1,0,77.95000000000182,100.0,49.8,1.52681962491364,0.1,Forage
outcome_eta0.1,24,480,1,0,77.45000000000185,100.0,49.8,1.533357248303321,0.1,Forage
outcome_eta0.1,24,490,1,0,76.95000000000188,100.0,49.8,1.5400656550587513,0.1,Forage
outcome_eta0.1,24,500,1,0,76.4500000000019,100.0,49.8,1.546785712631929,0.1,Forage
outcome_eta0.1,24,510,1,0,76.15000000000192,100.0,49.8,1.5561192190939077,0.1,Forage
outcome_eta0.1,24,520,1,0,75.65000000000195,100.0,49.8,1.557705049296148,0.1,Forage
outcome_eta0.1,24,530,1,0,75.15000000000198,100.0,49.8,1.564271338134049,0.1,Forage
outcome_eta0.1,24,540,1,0,74.65000000000201,100.0,49.8,1.5709817005552729,0.1,Forage
outcome_eta0.1,24,550,1,0,74.15000000000204,100.0,49.8,1.5777018915437024,0.1,Forage
outcome_eta0.1,24,560,1,0,76.70000000000206,100.0,49.8,1.546229891953466,0.1,Forage
outcome_eta0.1,24,570,1,0,76.20000000000209,100.0,49.8,1.5503356058986075,0.1,Forage
outcome_eta0.1,24,580,1,0,75.70000000000212,100.0,49.8,1.5568799437462104,0.1,Forage
outcome_eta0.1,24,590,1,0,75.20000000000215,100.0,49.8,1.5635888085610465,0.1,Forage
outcome_eta0.1,24,600,1,0,74.70000000000218,100.0,49.8,1.570308897382974,0.1,Forage
outcome_eta0.1,24,610,1,0,75.3500000000022,100.0,49.8,1.5655938730183545,0.1,Forage
outcome_eta0.1,24,620,1,0,74.85000000000223,100.0,49.8,1.5684177758628657,0.1,Forage
outcome_eta0.1,24,630,1,0,74.35000000000225,100.0,49.8,1.5750220165392732,0.1,Forage
outcome_eta0.1,24,640,1,0,73.85000000000228,100.0,49.8,1.5817349679366233,0.1,Forage
outcome_eta0.1,24,650,1,0,73.35000000000231,100.0,49.8,1.5884553355446487,0.1,Forage
outcome_eta0.1,24,660,1,0,64.30000000000231,100.0,49.8,1.7390926016997834,0.1,Forage
outcome_eta0.1,24,670,1,0,68.75000000000234,100.0,49.8,1.647549281954804,0.1,Forage
outcome_eta0.1,24,680,1,0,68.25000000000237,100.0,49.8,1.656673645214917,0.1,Forage
outcome_eta0.1,24,690,1,0,67.7500000000024,100.0,49.8,1.663706644850114,0.1,Forage
outcome_eta0.1,24,700,1,0,67.25000000000243,100.0,49.8,1.670448846110685,0.1,Forage
outcome_eta0.1,24,710,1,0,70.75000000000246,100.0,49.8,1.6260649782623993,0.1,Forage
outcome_eta0.1,24,720,1,0,70.25000000000249,100.0,49.8,1.6303064562932719,0.1,Forage
outcome_eta0.1,24,730,1,0,69.75000000000252,100.0,49.8,1.6368582349062342,0.1,Forage
outcome_eta0.1,24,740,1,0,69.25000000000254,100.0,49.8,1.643567607329052,0.1,Forage
outcome_eta0.1,24,750,1,0,68.75000000000257,100.0,49.8,1.6502877307799262,0.1,Forage
outcome_eta0.1,24,760,1,0,69.40000000000259,100.0,49.8,1.6450084751283371,0.1,Forage
outcome_eta0.1,24,770,1,0,68.90000000000262,100.0,49.8,1.6482071606431887,0.1,Forage
outcome_eta0.1,24,780,1,0,68.40000000000265,100.0,49.8,1.6549879281182207,0.1,Forage
outcome_eta0.1,24,790,1,0,67.90000000000268,100.0,49.8,1.6617129221713085,0.1,Forage
outcome_eta0.1,24,800,1,0,67.4000000000027,100.0,49.8,1.6684341113276537,0.1,Forage
outcome_eta0.1,24,810,1,0,67.10000000000271,100.0,49.8,1.6773204966405606,0.1,Forage
outcome_eta0.1,24,820,1,0,66.60000000000274,100.0,49.8,1.6789766230898553,0.1,Forage
outcome_eta0.1,24,830,1,0,66.10000000000277,100.0,49.8,1.6858941068593132,0.1,Forage
outcome_eta0.1,24,840,1,0,65.6000000000028,100.0,49.8,1.6926284279743822,0.1,Forage
outcome_eta0.1,24,850,1,0,65.10000000000282,100.0,49.8,1.6993502534216143,0.1,Forage
outcome_eta0.1,24,860,1,0,65.75000000000284,100.0,49.8,1.6937249879285066,0.1,Forage
outcome_eta0.1,24,870,1,0,65.25000000000287,100.0,49.8,1.6971535894994525,0.1,Forage
outcome_eta0.1,24,880,1,0,64.7500000000029,100.0,49.8,1.7040426469544092,0.1,Forage
outcome_eta0.1,24,890,1,0,64.25000000000293,100.0,49.8,1.7107750285484151,0.1,Forage
outcome_eta0.1,24,900,1,0,63.750000000002956,100.0,49.8,1.717496721681787,0.1,Forage
outcome_eta0.1,24,910,1,0,65.35000000000296,100.0,49.8,1.6980316937533615,0.1,Forage
outcome_eta0.1,24,920,1,0,64.85000000000299,100.0,49.8,1.702810759902904,0.1,Forage
outcome_eta0.1,24,930,1,0,64.35000000000302,100.0,49.8,1.7094385071856126,0.1,Forage
outcome_eta0.1,24,940,1,0,63.85000000000305,100.0,49.8,1.716153062180842,0.1,Forage
outcome_eta0.1,24,950,1,0,63.35000000000308,100.0,49.8,1.7228735391860943,0.1,Forage
outcome_eta0.1,24,960,1,0,64.0000000000031,100.0,49.8,1.7170822301660085,0.1,Forage
outcome_eta0.1,24,970,1,0,63.500000000003126,100.0,49.8,1.7206210559853776,0.1,Forage
outcome_eta0.1,24,980,1,0,63.000000000003155,100.0,49.8,1.7275620327384402,0.1,Forage
outcome_eta0.1,24,990,1,0,62.50000000000318,100.0,49.8,1.7342979562662382,0.1,Forage
outcome_eta0.1,24,1000,1,0,62.00000000000321,100.0,49.8,1.7410198910298464,0.1,Forage
outcome_eta0.1,25,1,1,1,99.0,0.5,49.8,0.07330603756764366,0.1,Care
outcome_eta0.1,25,10,1,1,95.40000000000003,5.0,50.0,0.5796444353068184,0.1,Care
outcome_eta0.1,25,20,1,1,94.40000000000009,10.0,50.0,0.6433221714659921,0.1,Care
outcome_eta0.1,25,30,1,1,93.40000000000015,15.0,50.0,0.7070052393389569,0.1,Care
outcome_eta0.1,25,40,1,1,92.4000000000002,20.0,50.0,0.7706883072153605,0.1,Care
outcome_eta0.1,25,50,1,1,91.40000000000026,25.0,50.0,0.8343713750917644,0.1,Care
outcome_eta0.1,25,60,1,1,90.40000000000032,30.0,50.0,0.898054442968168,0.1,Care
outcome_eta0.1,25,70,1,1,89.40000000000038,35.0,50.0,0.9617375108445719,0.1,Care
outcome_eta0.1,25,80,1,1,88.40000000000043,40.0,50.0,1.025420578720976,0.1,Care
outcome_eta0.1,25,90,1,1,87.40000000000049,45.0,50.0,1.0891036465973796,0.1,Care
outcome_eta0.1,25,100,1,1,86.40000000000055,50.0,50.0,1.1527867144737836,0.1,Care
outcome_eta0.1,25,110,1,1,85.4000000000006,55.0,50.0,1.2164697823501873,0.1,Care
outcome_eta0.1,25,120,1,1,84.40000000000066,60.0,50.0,1.280152850226591,0.1,Care
outcome_eta0.1,25,130,1,1,83.40000000000072,65.0,50.0,1.3438359181029949,0.1,Care
outcome_eta0.1,25,140,1,1,82.40000000000077,70.0,50.0,1.4075189859793986,0.1,Care
outcome_eta0.1,25,150,1,1,81.40000000000083,75.0,50.0,1.4712020538558024,0.1,Care
outcome_eta0.1,25,160,1,1,80.40000000000089,80.0,50.0,1.5348851217322066,0.1,Care
outcome_eta0.1,25,170,1,1,79.40000000000094,85.0,50.0,1.6050109121279128,0.1,Care
outcome_eta0.1,25,180,1,1,78.400000000001,90.0,50.0,1.6799667857992637,0.1,Care
outcome_eta0.1,25,190,1,1,77.40000000000106,95.0,50.0,1.7549229998748224,0.1,Care
outcome_eta0.1,25,200,1,0,75.50000000000111,100.0,49.8,1.8169529415514645,0.1,Forage
outcome_eta0.1,25,210,1,0,77.30000000000112,100.0,49.8,1.7924574304814354,0.1,Forage
outcome_eta0.1,25,220,1,0,82.90000000000114,100.0,49.8,1.7441036113679957,0.1,Forage
outcome_eta0.1,25,230,1,0,82.40000000000117,100.0,49.8,1.6440000001411177,0.1,Forage
outcome_eta0.1,25,240,1,0,81.9000000000012,100.0,49.8,1.5440000000000005,0.1,Forage
outcome_eta0.1,25,250,1,0,81.40000000000123,100.0,49.8,1.5,0.1,Forage
outcome_eta0.1,25,260,1,0,83.95000000000125,100.0,49.8,1.5000003660389978,0.1,Forage
outcome_eta0.1,25,270,1,0,83.45000000000128,100.0,49.8,1.500000000000182,0.1,Forage
outcome_eta0.1,25,280,1,0,82.95000000000131,100.0,49.8,1.5,0.1,Forage
outcome_eta0.1,25,290,1,0,82.45000000000134,100.0,49.8,1.5,0.1,Forage
outcome_eta0.1,25,300,1,0,81.95000000000137,100.0,49.8,1.5,0.1,Forage
outcome_eta0.1,25,310,1,0,81.65000000000138,100.0,49.8,1.5001678272519783,0.1,Forage
outcome_eta0.1,25,320,1,0,81.15000000000141,100.0,49.8,1.5000000000835334,0.1,Forage
outcome_eta0.1,25,330,1,0,80.65000000000144,100.0,49.8,1.5,0.1,Forage
outcome_eta0.1,25,340,1,0,80.15000000000147,100.0,49.8,1.5,0.1,Forage
outcome_eta0.1,25,350,1,0,79.6500000000015,100.0,49.8,1.5037501606140675,0.1,Forage
outcome_eta0.1,25,360,1,0,83.15000000000153,100.0,49.8,1.5000002663027632,0.1,Forage
outcome_eta0.1,25,370,1,0,82.65000000000155,100.0,49.8,1.5000000000001326,0.1,Forage
outcome_eta0.1,25,380,1,0,82.15000000000158,100.0,49.8,1.5,0.1,Forage
outcome_eta0.1,25,390,1,0,81.65000000000161,100.0,49.8,1.5,0.1,Forage
outcome_eta0.1,25,400,1,0,81.15000000000164,100.0,49.8,1.5,0.1,Forage
outcome_eta0.1,25,410,1,0,81.80000000000166,100.0,49.8,1.5000516627935845,0.1,Forage
outcome_eta0.1,25,420,1,0,81.30000000000169,100.0,49.8,1.5000000000258251,0.1,Forage
outcome_eta0.1,25,430,1,0,80.80000000000172,100.0,49.8,1.5,0.1,Forage
outcome_eta0.1,25,440,1,0,80.30000000000175,100.0,49.8,1.5,0.1,Forage
outcome_eta0.1,25,450,1,0,79.80000000000177,100.0,49.8,1.502092004336439,0.1,Forage
outcome_eta0.1,25,460,1,0,77.60000000000178,100.0,49.8,1.558443073218915,0.1,Forage
outcome_eta0.1,25,470,1,0,77.10000000000181,100.0,49.8,1.53246929783145,0.1,Forage
outcome_eta0.1,25,480,1,0,76.60000000000184,100.0,49.8,1.5386379371338648,0.1,Forage
outcome_eta0.1,25,490,1,0,76.10000000000187,100.0,49.8,1.5449628966867979,0.1,Forage
outcome_eta0.1,25,500,1,0,75.6000000000019,100.0,49.8,1.5521855962203088,0.1,Forage
outcome_eta0.1,25,510,1,0,79.10000000000193,100.0,49.8,1.5108094034902466,0.1,Forage
outcome_eta0.1,25,520,1,0,78.60000000000196,100.0,49.8,1.5170791198910902,0.1,Forage
outcome_eta0.1,25,530,1,0,78.10000000000198,100.0,49.8,1.5233611623200152,0.1,Forage
outcome_eta0.1,25,540,1,0,77.60000000000201,100.0,49.8,1.529634354017038,0.1,Forage
outcome_eta0.1,25,550,1,0,77.10000000000204,100.0,49.8,1.5359075004487366,0.1,Forage
outcome_eta0.1,25,560,1,0,73.95000000000205,100.0,49.8,1.6225031689863707,0.1,Forage
outcome_eta0.1,25,570,1,0,73.45000000000208,100.0,49.8,1.5803364840282286,0.1,Forage
outcome_eta0.1,25,580,1,0,72.9500000000021,100.0,49.8,1.587959814836037,0.1,Forage
outcome_eta0.1,25,590,1,0,72.45000000000213,100.0,49.8,1.5942476845244922,0.1,Forage
outcome_eta0.1,25,600,1,0,71.95000000000216,100.0,49.8,1.6005209059173697,0.1,Forage
outcome_eta0.1,25,610,1,0,69.75000000000217,100.0,49.8,1.662616574837803,0.1,Forage
outcome_eta0.1,25,620,1,0,69.2500000000022,100.0,49.8,1.6335342937106923,0.1,Forage
outcome_eta0.1,25,630,1,0,68.75000000000223,100.0,49.8,1.6406643838650634,0.1,Forage
outcome_eta0.1,25,640,1,0,68.25000000000226,100.0,49.8,1.6469421643911777,0.1,Forage
outcome_eta0.1,25,650,1,0,67.75000000000229,100.0,49.8,1.6532153342564677,0.1,Forage
outcome_eta0.1,25,660,1,0,68.40000000000231,100.0,49.8,1.6461872840126877,0.1,Forage
outcome_eta0.1,25,670,1,0,67.90000000000234,100.0,49.8,1.6512743214376342,0.1,Forage
outcome_eta0.1,25,680,1,0,67.40000000000236,100.0,49.8,1.6576062348682934,0.1,Forage
outcome_eta0.1,25,690,1,0,66.9000000000024,100.0,49.8,1.6638796813754175,0.1,Forage
outcome_eta0.1,25,700,1,0,66.40000000000242,100.0,49.8,1.6701528291083378,0.1,Forage
outcome_eta0.1,25,710,1,0,57.350000000002424,100.0,49.8,1.8197484976526168,0.1,Forage
outcome_eta0.1,25,720,1,0,61.80000000000245,100.0,49.8,1.7233670001157217,0.1,Forage
outcome_eta0.1,25,730,1,0,61.30000000000248,100.0,49.8,1.734066558355759,0.1,Forage
outcome_eta0.1,25,740,1,0,60.800000000002505,100.0,49.8,1.7404116969498173,0.1,Forage
outcome_eta0.1,25,750,1,0,60.300000000002534,100.0,49.8,1.7466852108609816,0.1,Forage
outcome_eta0.1,25,760,1,0,60.000000000002544,100.0,49.8,1.753182289987578,0.1,Forage
outcome_eta0.1,25,770,1,0,59.50000000000257,100.0,49.8,1.7565363984052316,0.1,Forage
outcome_eta0.1,25,780,1,0,59.0000000000026,100.0,49.8,1.7629944423034063,0.1,Forage
outcome_eta0.1,25,790,1,0,58.50000000000263,100.0,49.8,1.7692685342119023,0.1,Forage
outcome_eta0.1,25,800,1,0,58.00000000000266,100.0,49.8,1.775541685240651,0.1,Forage
outcome_eta0.1,25,810,1,0,58.65000000000267,100.0,49.8,1.767535445153668,0.1,Forage
outcome_eta0.1,25,820,1,0,58.1500000000027,100.0,49.8,1.7735424006884286,0.1,Forage
outcome_eta0.1,25,830,1,0,57.65000000000273,100.0,49.8,1.779932288013884,0.1,Forage
outcome_eta0.1,25,840,1,0,57.150000000002755,100.0,49.8,1.786206030742457,0.1,Forage
outcome_eta0.1,25,850,1,0,56.650000000002784,100.0,49.8,1.7924791799880713,0.1,Forage
outcome_eta0.1,25,860,1,0,58.2500000000028,100.0,49.8,1.7713263271798856,0.1,Forage
outcome_eta0.1,25,870,1,0,57.75000000000283,100.0,49.8,1.7786628132145017,0.1,Forage
outcome_eta0.1,25,880,1,0,57.250000000002856,100.0,49.8,1.7849513256868244,0.1,Forage
outcome_eta0.1,25,890,1,0,56.750000000002885,100.0,49.8,1.7912245503610351,0.1,Forage
outcome_eta0.1,25,900,1,0,56.25000000000291,100.0,49.8,1.797497696961136,0.1,Forage
outcome_eta0.1,25,910,1,0,57.85000000000293,100.0,49.8,1.7762997666424296,0.1,Forage
outcome_eta0.1,25,920,1,0,57.35000000000296,100.0,49.8,1.783680919994763,0.1,Forage
outcome_eta0.1,25,930,1,0,56.850000000002986,100.0,49.8,1.789969840551586,0.1,Forage
outcome_eta0.1,25,940,1,0,56.350000000003014,100.0,49.8,1.7962430673098237,0.1,Forage
outcome_eta0.1,25,950,1,0,55.85000000000304,100.0,49.8,1.802516213920567,0.1,Forage
outcome_eta0.1,25,960,1,0,54.60000000000305,100.0,49.8,1.8348276682799338,0.1,Forage
outcome_eta0.1,25,970,1,0,54.10000000000308,100.0,49.8,1.8231471907667833,0.1,Forage
outcome_eta0.1,25,980,1,0,53.60000000000311,100.0,49.8,1.830738458032326,0.1,Forage
outcome_eta0.1,25,990,1,0,53.100000000003135,100.0,49.8,1.8370184827129086,0.1,Forage
outcome_eta0.1,25,1000,1,0,52.60000000000316,100.0,49.8,1.8432916640382153,0.1,Forage
outcome_eta0.1,26,1,1,1,99.0,0.5,49.8,0.18291495633067184,0.1,Care
outcome_eta0.1,26,10,1,1,94.50000000000003,5.0,50.0,0.6081014098319506,0.1,Care
outcome_eta0.1,26,20,1,1,93.50000000000009,10.0,50.0,0.6961438038976147,0.1,Care
outcome_eta0.1,26,30,1,1,92.50000000000014,15.0,50.0,0.7860437844950388,0.1,Care
outcome_eta0.1,26,40,1,1,91.5000000000002,20.0,50.0,0.8759806971058375,0.1,Care
outcome_eta0.1,26,50,1,1,90.50000000000026,25.0,50.0,0.9659184141429373,0.1,Care
outcome_eta0.1,26,60,1,1,89.50000000000031,30.0,50.0,1.0558561526407533,0.1,Care
outcome_eta0.1,26,70,1,1,88.50000000000037,35.0,50.0,1.1457938919130108,0.1,Care
outcome_eta0.1,26,80,1,1,87.50000000000043,40.0,50.0,1.235731631221665,0.1,Care
outcome_eta0.1,26,90,1,1,86.50000000000048,45.0,50.0,1.3256693705322906,0.1,Care
outcome_eta0.1,26,100,1,1,85.50000000000054,50.0,50.0,1.4156071098430294,0.1,Care
outcome_eta0.1,26,110,1,1,84.5000000000006,55.0,50.0,1.5055448491537744,0.1,Care
outcome_eta0.1,26,120,1,1,83.50000000000065,60.0,50.0,1.59548258846452,0.1,Care
outcome_eta0.1,26,130,1,1,82.50000000000071,65.0,50.0,1.6854203277752662,0.1,Care
outcome_eta0.1,26,140,1,1,81.50000000000077,70.0,50.0,1.7753580670860114,0.1,Care
outcome_eta0.1,26,150,1,1,80.50000000000082,75.0,50.0,1.8652958063967575,0.1,Care
outcome_eta0.1,26,160,1,1,79.50000000000088,80.0,50.0,1.9604131887812424,0.1,Care
outcome_eta0.1,26,170,1,1,78.50000000000094,85.0,50.0,2.0626143228182663,0.1,Care
outcome_eta0.1,26,180,1,1,77.500000000001,90.0,50.0,2.165508437344803,0.1,Care
outcome_eta0.1,26,190,1,1,76.50000000000105,95.0,50.0,2.2684583174236526,0.1,Care
outcome_eta0.1,26,200,1,0,74.6000000000011,100.0,49.8,2.188407506398942,0.1,Forage
outcome_eta0.1,26,210,1,0,82.30000000000112,100.0,49.8,1.7773462753882576,0.1,Forage
outcome_eta0.1,26,220,1,0,82.00000000000114,100.0,49.8,1.7512946798673719,0.1,Forage
outcome_eta0.1,26,230,1,0,81.50000000000117,100.0,49.8,1.648423061580198,0.1,Forage
outcome_eta0.1,26,240,1,0,81.0000000000012,100.0,49.8,1.5480194194020092,0.1,Forage
outcome_eta0.1,26,250,1,0,80.50000000000122,100.0,49.8,1.5000004632211552,0.1,Forage
outcome_eta0.1,26,260,1,0,83.05000000000125,100.0,49.8,1.500389985301359,0.1,Forage
outcome_eta0.1,26,270,1,0,82.55000000000128,100.0,49.8,1.5000098102158688,0.1,Forage
outcome_eta0.1,26,280,1,0,82.0500000000013,100.0,49.8,1.500000191051001,0.1,Forage
outcome_eta0.1,26,290,1,0,81.55000000000133,100.0,49.8,1.5000000036263677,0.1,Forage
outcome_eta0.1,26,300,1,0,81.05000000000136,100.0,49.8,1.5000000000686264,0.1,Forage
outcome_eta0.1,26,310,1,0,83.60000000000139,100.0,49.8,1.5001938465777973,0.1,Forage
outcome_eta0.1,26,320,1,0,83.10000000000142,100.0,49.8,1.500004785796071,0.1,Forage
outcome_eta0.1,26,330,1,0,82.60000000000144,100.0,49.8,1.5000000926221908,0.1,Forage
outcome_eta0.1,26,340,1,0,82.10000000000147,100.0,49.8,1.5000000017560113,0.1,Forage
outcome_eta0.1,26,350,1,0,81.6000000000015,100.0,49.8,1.5000000000332252,0.1,Forage
outcome_eta0.1,26,360,1,0,79.40000000000151,100.0,49.8,1.5389624377221085,0.1,Forage
outcome_eta0.1,26,370,1,0,78.90000000000154,100.0,49.8,1.5136229839666369,0.1,Forage
outcome_eta0.1,26,380,1,0,78.40000000000157,100.0,49.8,1.5198597685658939,0.1,Forage
outcome_eta0.1,26,390,1,0,77.9000000000016,100.0,49.8,1.5266098401507535,0.1,Forage
outcome_eta0.1,26,400,1,0,77.40000000000163,100.0,49.8,1.5331512972803614,0.1,Forage
outcome_eta0.1,26,410,1,0,75.20000000000164,100.0,49.8,1.5909399308060421,0.1,Forage
outcome_eta0.1,26,420,1,0,74.70000000000167,100.0,49.8,1.5745949211306793,0.1,Forage
outcome_eta0.1,26,430,1,0,74.2000000000017,100.0,49.8,1.5821337213972355,0.1,Forage
outcome_eta0.1,26,440,1,0,73.70000000000172,100.0,49.8,1.5926522793672988,0.1,Forage
outcome_eta0.1,26,450,1,0,73.20000000000175,100.0,49.8,1.604048391465534,0.1,Forage
outcome_eta0.1,26,460,1,0,73.85000000000177,100.0,49.8,1.6044678586209113,0.1,Forage
outcome_eta0.1,26,470,1,0,73.3500000000018,100.0,49.8,1.6058578397169003,0.1,Forage
outcome_eta0.1,26,480,1,0,72.85000000000183,100.0,49.8,1.6119621025784938,0.1,Forage
outcome_eta0.1,26,490,1,0,72.35000000000186,100.0,49.8,1.6194643164491787,0.1,Forage
outcome_eta0.1,26,500,1,0,71.85000000000188,100.0,49.8,1.6273423521519794,0.1,Forage
outcome_eta0.1,26,510,1,0,72.5000000000019,100.0,49.8,1.6265337816789938,0.1,Forage
outcome_eta0.1,26,520,1,0,72.00000000000193,100.0,49.8,1.6275548801158397,0.1,Forage
outcome_eta0.1,26,530,1,0,71.50000000000196,100.0,49.8,1.6336182974440259,0.1,Forage
outcome_eta0.1,26,540,1,0,71.00000000000199,100.0,49.8,1.6411108663665739,0.1,Forage
outcome_eta0.1,26,550,1,0,70.50000000000202,100.0,49.8,1.6489863381052121,0.1,Forage
outcome_eta0.1,26,560,1,0,70.20000000000203,100.0,49.8,1.6610651287728149,0.1,Forage
outcome_eta0.1,26,570,1,0,69.70000000000206,100.0,49.8,1.6639848722840986,0.1,Forage
outcome_eta0.1,26,580,1,0,69.20000000000209,100.0,49.8,1.6703726616695955,0.1,Forage
outcome_eta0.1,26,590,1,0,68.70000000000212,100.0,49.8,1.6779522693723827,0.1,Forage
outcome_eta0.1,26,600,1,0,68.20000000000215,100.0,49.8,1.685851103642594,0.1,Forage
outcome_eta0.1,26,610,1,0,68.85000000000217,100.0,49.8,1.685008088482949,0.1,Forage
outcome_eta0.1,26,620,1,0,68.3500000000022,100.0,49.8,1.6859422556760828,0.1,Forage
outcome_eta0.1,26,630,1,0,67.85000000000223,100.0,49.8,1.6920974484349092,0.1,Forage
outcome_eta0.1,26,640,1,0,67.35000000000225,100.0,49.8,1.699617206442386,0.1,Forage
outcome_eta0.1,26,650,1,0,66.85000000000228,100.0,49.8,1.7075000246442271,0.1,Forage
outcome_eta0.1,26,660,1,0,57.800000000002285,100.0,49.8,1.8560852065217475,0.1,Forage
outcome_eta0.1,26,670,1,0,62.25000000000231,100.0,49.8,1.7792891538908615,0.1,Forage
outcome_eta0.1,26,680,1,0,61.75000000000234,100.0,49.8,1.7881751064539615,0.1,Forage
outcome_eta0.1,26,690,1,0,61.250000000002366,100.0,49.8,1.7969410803167376,0.1,Forage
outcome_eta0.1,26,700,1,0,60.750000000002395,100.0,49.8,1.8051680157983543,0.1,Forage
outcome_eta0.1,26,710,1,0,61.40000000000241,100.0,49.8,1.804332207482886,0.1,Forage
outcome_eta0.1,26,720,1,0,60.900000000002436,100.0,49.8,1.8051101022945404,0.1,Forage
outcome_eta0.1,26,730,1,0,60.400000000002464,100.0,49.8,1.8114573131848992,0.1,Forage
outcome_eta0.1,26,740,1,0,59.90000000000249,100.0,49.8,1.8190338035530902,0.1,Forage
outcome_eta0.1,26,750,1,0,59.40000000000252,100.0,49.8,1.8269319481368131,0.1,Forage
outcome_eta0.1,26,760,1,0,61.00000000000254,100.0,49.8,1.8124472168635775,0.1,Forage
outcome_eta0.1,26,770,1,0,60.500000000002565,100.0,49.8,1.8124177794496799,0.1,Forage
outcome_eta0.1,26,780,1,0,60.00000000000259,100.0,49.8,1.8181218555868388,0.1,Forage
outcome_eta0.1,26,790,1,0,59.50000000000262,100.0,49.8,1.8255143621486807,0.1,Forage
outcome_eta0.1,26,800,1,0,59.00000000000265,100.0,49.8,1.8333629067427193,0.1,Forage
outcome_eta0.1,26,810,1,0,58.70000000000266,100.0,49.8,1.8453991586753404,0.1,Forage
outcome_eta0.1,26,820,1,0,58.20000000000269,100.0,49.8,1.847901633413516,0.1,Forage
outcome_eta0.1,26,830,1,0,57.70000000000272,100.0,49.8,1.8546063685003127,0.1,Forage
outcome_eta0.1,26,840,1,0,57.200000000002746,100.0,49.8,1.8622830306830722,0.1,Forage
outcome_eta0.1,26,850,1,0,56.700000000002774,100.0,49.8,1.8702081430877406,0.1,Forage
outcome_eta0.1,26,860,1,0,57.35000000000279,100.0,49.8,1.8692459805966462,0.1,Forage
outcome_eta0.1,26,870,1,0,56.850000000002815,100.0,49.8,1.8699033550294994,0.1,Forage
outcome_eta0.1,26,880,1,0,56.350000000002844,100.0,49.8,1.8763470598393472,0.1,Forage
outcome_eta0.1,26,890,1,0,55.85000000000287,100.0,49.8,1.8839523126129785,0.1,Forage
outcome_eta0.1,26,900,1,0,55.3500000000029,100.0,49.8,1.8918582317763821,0.1,Forage
outcome_eta0.1,26,910,1,0,56.950000000002916,100.0,49.8,1.8773043308362691,0.1,Forage
outcome_eta0.1,26,920,1,0,56.450000000002944,100.0,49.8,1.8772999881899466,0.1,Forage
outcome_eta0.1,26,930,1,0,55.95000000000297,100.0,49.8,1.8830378744502536,0.1,Forage
outcome_eta0.1,26,940,1,0,55.450000000003,100.0,49.8,1.8904399685342046,0.1,Forage
outcome_eta0.1,26,950,1,0,54.95000000000303,100.0,49.8,1.898291096315031,0.1,Forage
outcome_eta0.1,26,960,1,0,57.50000000000305,100.0,49.8,1.869805688062058,0.1,Forage
outcome_eta0.1,26,970,1,0,57.00000000000308,100.0,49.8,1.8687891445336562,0.1,Forage
outcome_eta0.1,26,980,1,0,56.500000000003105,100.0,49.8,1.874301765177568,0.1,Forage
outcome_eta0.1,26,990,1,0,56.00000000000313,100.0,49.8,1.8816442714125312,0.1,Forage
outcome_eta0.1,26,1000,1,0,55.50000000000316,100.0,49.8,1.8894794211391968,0.1,Forage
outcome_eta0.1,27,1,1,1,99.0,0.5,49.8,0.3743590392249515,0.1,Care
outcome_eta0.1,27,10,1,1,98.10000000000005,5.0,50.0,0.5800518293631515,0.1,Care
outcome_eta0.1,27,20,1,1,97.10000000000011,10.0,50.0,0.6571877142419655,0.1,Care
outcome_eta0.1,27,30,1,1,96.10000000000016,15.0,50.0,0.7343236549536155,0.1,Care
outcome_eta0.1,27,40,1,1,95.10000000000022,20.0,50.0,0.8114595956652735,0.1,Care
outcome_eta0.1,27,50,1,1,94.10000000000028,25.0,50.0,0.8885955363769312,0.1,Care
outcome_eta0.1,27,60,1,1,93.10000000000034,30.0,50.0,0.9657314770885892,0.1,Care
outcome_eta0.1,27,70,1,1,92.10000000000039,35.0,50.0,1.042867417800247,0.1,Care
outcome_eta0.1,27,80,1,1,91.10000000000045,40.0,50.0,1.120003358511905,0.1,Care
outcome_eta0.1,27,90,1,1,90.1000000000005,45.0,50.0,1.1971392992235628,0.1,Care
outcome_eta0.1,27,100,1,1,89.10000000000056,50.0,50.0,1.2742752399352206,0.1,Care
outcome_eta0.1,27,110,1,1,88.10000000000062,55.0,50.0,1.3514111806468785,0.1,Care
outcome_eta0.1,27,120,1,1,87.10000000000068,60.0,50.0,1.4285471213585366,0.1,Care
outcome_eta0.1,27,130,1,1,86.10000000000073,65.0,50.0,1.5056830620701942,0.1,Care
outcome_eta0.1,27,140,1,1,85.10000000000079,70.0,50.0,1.5828190027818523,0.1,Care
outcome_eta0.1,27,150,1,1,84.10000000000085,75.0,50.0,1.6599549434935101,0.1,Care
outcome_eta0.1,27,160,1,1,82.2000000000009,80.0,49.599999999999994,1.6492191085337322,0.1,Forage
outcome_eta0.1,27,170,1,1,80.30000000000095,65.0,50.0,1.568287004731454,0.1,Care
outcome_eta0.1,27,180,1,1,79.300000000001,70.0,50.0,1.6543663746403017,0.1,Care
outcome_eta0.1,27,190,1,1,78.30000000000106,75.0,50.0,1.7445092059244218,0.1,Care
outcome_eta0.1,27,200,1,1,75.50000000000111,80.0,49.599999999999994,2.1702773717361614,0.1,Forage
outcome_eta0.1,27,210,1,1,67.30000000000112,65.0,47.599999999999966,2.2230585391994793,0.1,Forage
outcome_eta0.1,27,220,1,1,66.30000000000118,70.0,50.0,1.946339594622509,0.1,Care
outcome_eta0.1,27,230,1,1,65.30000000000123,75.0,50.0,2.0406137096474035,0.1,Care
outcome_eta0.1,27,240,1,1,62.50000000000128,80.0,49.599999999999994,2.0690768889624085,0.1,Forage
outcome_eta0.1,27,250,1,1,59.70000000000127,65.0,50.0,2.0131808747196476,0.1,Care
outcome_eta0.1,27,260,1,1,58.70000000000125,70.0,50.0,2.107253327243752,0.1,Care
outcome_eta0.1,27,270,1,1,57.70000000000124,75.0,50.0,2.2027032440998378,0.1,Care
outcome_eta0.1,27,280,1,1,53.10000000000123,80.0,49.19999999999999,3.003771622537476,0.1,Forage
outcome_eta0.1,27,290,1,1,48.50000000000122,65.0,50.0,2.2797642558508615,0.1,Care
outcome_eta0.1,27,300,1,1,47.50000000000121,70.0,50.0,2.3557665993590122,0.1,Care
outcome_eta0.1,27,310,1,1,42.9000000000012,55.0,49.59999999999998,2.364351502924072,0.1,Care
outcome_eta0.1,27,320,1,1,41.900000000001185,60.0,50.0,2.3343641720710835,0.1,Care
outcome_eta0.1,27,330,1,1,40.90000000000117,65.0,50.0,2.433938809594361,0.1,Care
outcome_eta0.1,27,340,1,1,33.60000000000117,70.0,48.39999999999998,3.5086706967779953,0.1,Forage
outcome_eta0.1,27,350,1,1,26.350000000001163,55.0,47.39999999999995,2.8202803254062006,0.1,Forage
outcome_eta0.1,27,360,1,1,23.20000000000116,60.0,45.39999999999992,3.9669190230416853,0.1,Forage
outcome_eta0.1,27,370,1,1,22.700000000001154,65.0,43.39999999999989,3.8552604419224896,0.1,Forage
outcome_eta0.1,27,380,1,1,22.200000000001147,70.0,41.399999999999864,3.7567653242371697,0.1,Forage
outcome_eta0.1,27,390,1,1,21.70000000000114,75.0,39.399999999999835,3.693289035896612,0.1,Forage
outcome_eta0.1,27,400,1,1,21.200000000001133,80.0,37.39999999999981,3.6476814616758397,0.1,Forage
outcome_eta0.1,27,410,1,1,12.150000000001132,85.0,35.39999999999978,3.5170595168221017,0.1,Forage
outcome_eta0.1,27,420,1,1,4.900000000001133,70.0,33.39999999999975,3.040901024784864,0.1,Forage
outcome_eta0.1,27,430,1,1,4.400000000001135,75.0,31.399999999999736,2.9343238167733654,0.1,Forage
outcome_eta0.1,27,440,1,1,3.9000000000011363,80.0,29.399999999999743,2.887350838612118,0.1,Forage
outcome_eta0.1,27,450,1,1,3.400000000001138,85.0,27.39999999999975,3.013253167396541,0.1,Forage
outcome_eta0.1,27,460,0,1,0.0,90.0,25.399999999999757,3.8328865657371396,0.1,Forage
outcome_eta0.1,27,470,0,1,0.0,95.0,23.399999999999764,3.922886565737139,0.1,Forage
outcome_eta0.1,27,480,0,0,0.0,100.0,21.39999999999977,2.440886565737135,0.1,Forage
outcome_eta0.1,28,1,1,1,99.0,0.5,49.8,0.1744876949623774,0.1,Care
outcome_eta0.1,28,10,1,1,96.30000000000004,5.0,50.0,0.5995349427090928,0.1,Care
outcome_eta0.1,28,20,1,1,95.3000000000001,10.0,50.0,0.6949855463637643,0.1,Care
outcome_eta0.1,28,30,1,1,94.30000000000015,15.0,50.0,0.7905964879920503,0.1,Care
outcome_eta0.1,28,40,1,1,93.30000000000021,20.0,50.0,0.8862097473259587,0.1,Care
outcome_eta0.1,28,50,1,1,92.30000000000027,25.0,50.0,0.9818230399159281,0.1,Care
outcome_eta0.1,28,60,1,1,91.30000000000032,30.0,50.0,1.0774363329830325,0.1,Care
outcome_eta0.1,28,70,1,1,90.30000000000038,35.0,50.0,1.1730496260569825,0.1,Care
outcome_eta0.1,28,80,1,1,89.30000000000044,40.0,50.0,1.2686629191310308,0.1,Care
outcome_eta0.1,28,90,1,1,88.3000000000005,45.0,50.0,1.3642762122050804,0.1,Care
outcome_eta0.1,28,100,1,1,87.30000000000055,50.0,50.0,1.4598895052791305,0.1,Care
outcome_eta0.1,28,110,1,1,86.30000000000061,55.0,50.0,1.55550279835318,0.1,Care
outcome_eta0.1,28,120,1,1,85.30000000000067,60.0,50.0,1.6511160914272298,0.1,Care
outcome_eta0.1,28,130,1,1,84.30000000000072,65.0,50.0,1.7467293845012795,0.1,Care
outcome_eta0.1,28,140,1,1,83.30000000000078,70.0,50.0,1.842342677575329,0.1,Care
outcome_eta0.1,28,150,1,1,82.30000000000084,75.0,50.0,1.9379559706493787,0.1,Care
outcome_eta0.1,28,160,1,1,81.30000000000089,80.0,50.0,2.033569263723429,0.1,Care
outcome_eta0.1,28,170,1,1,80.30000000000095,85.0,50.0,2.1291825567974785,0.1,Care
outcome_eta0.1,28,180,1,1,79.300000000001,90.0,50.0,2.233856637582385,0.1,Care
outcome_eta0.1,28,190,1,1,78.30000000000106,95.0,50.0,2.3467299501054906,0.1,Care
outcome_eta0.1,28,200,1,0,76.40000000000111,100.0,49.8,2.293919018652035,0.1,Forage
outcome_eta0.1,28,210,1,0,78.20000000000113,100.0,49.8,1.8133738702508069,0.1,Forage
outcome_eta0.1,28,220,1,0,85.70000000000115,100.0,49.8,1.7112926006588862,0.1,Forage
outcome_eta0.1,28,230,1,0,85.20000000000118,100.0,49.8,1.6100191073390135,0.1,Forage
outcome_eta0.1,28,240,1,0,84.70000000000121,100.0,49.8,1.5100002741895455,0.1,Forage
outcome_eta0.1,28,250,1,0,84.20000000000124,100.0,49.8,1.500000003933878,0.1,Forage
outcome_eta0.1,28,260,1,0,82.95000000000125,100.0,49.8,1.5139732206227308,0.1,Forage
outcome_eta0.1,28,270,1,0,82.45000000000128,100.0,49.8,1.5000502258730193,0.1,Forage
outcome_eta0.1,28,280,1,0,81.95000000000131,100.0,49.8,1.5000007206114876,0.1,Forage
outcome_eta0.1,28,290,1,0,81.45000000000134,100.0,49.8,1.5000000103388238,0.1,Forage
outcome_eta0.1,28,300,1,0,80.95000000000137,100.0,49.8,1.5000000001483342,0.1,Forage
outcome_eta0.1,28,310,1,0,79.70000000000138,100.0,49.8,1.5273008481416621,0.1,Forage
outcome_eta0.1,28,320,1,0,79.20000000000141,100.0,49.8,1.5112887618262763,0.1,Forage
outcome_eta0.1,28,330,1,0,78.70000000000144,100.0,49.8,1.5201248212527647,0.1,Forage
outcome_eta0.1,28,340,1,0,78.20000000000147,100.0,49.8,1.5324137833110565,0.1,Forage
outcome_eta0.1,28,350,1,0,77.7000000000015,100.0,49.8,1.5455662324785688,0.1,Forage
outcome_eta0.1,28,360,1,0,81.20000000000152,100.0,49.8,1.506889574804647,0.1,Forage
outcome_eta0.1,28,370,1,0,80.70000000000155,100.0,49.8,1.5001875868815935,0.1,Forage
outcome_eta0.1,28,380,1,0,80.20000000000158,100.0,49.8,1.5000036251222555,0.1,Forage
outcome_eta0.1,28,390,1,0,79.70000000000161,100.0,49.8,1.5038781429178805,0.1,Forage
outcome_eta0.1,28,400,1,0,79.20000000000164,100.0,49.8,1.5152909800170256,0.1,Forage
outcome_eta0.1,28,410,1,0,76.05000000000165,100.0,49.8,1.6424498436082617,0.1,Forage
outcome_eta0.1,28,420,1,0,75.55000000000167,100.0,49.8,1.599151661470187,0.1,Forage
outcome_eta0.1,28,430,1,0,75.0500000000017,100.0,49.8,1.617856558560027,0.1,Forage
outcome_eta0.1,28,440,1,0,74.55000000000173,100.0,49.8,1.631726553371851,0.1,Forage
outcome_eta0.1,28,450,1,0,74.05000000000176,100.0,49.8,1.644318686857014,0.1,Forage
outcome_eta0.1,28,460,1,0,70.90000000000177,100.0,49.8,1.7715138068847613,0.1,Forage
outcome_eta0.1,28,470,1,0,70.4000000000018,100.0,49.8,1.7138623444107592,0.1,Forage
outcome_eta0.1,28,480,1,0,69.90000000000182,100.0,49.8,1.7450138884156794,0.1,Forage
outcome_eta0.1,28,490,1,0,69.40000000000185,100.0,49.8,1.760706806830556,0.1,Forage
outcome_eta0.1,28,500,1,0,68.90000000000188,100.0,49.8,1.7733806739814115,0.1,Forage
outcome_eta0.1,28,510,1,0,69.5500000000019,100.0,49.8,1.7761226599310591,0.1,Forage
outcome_eta0.1,28,520,1,0,69.05000000000193,100.0,49.8,1.7661042923498758,0.1,Forage
outcome_eta0.1,28,530,1,0,68.55000000000196,100.0,49.8,1.7819653385720902,0.1,Forage
outcome_eta0.1,28,540,1,0,68.05000000000199,100.0,49.8,1.7946807065315897,0.1,Forage
outcome_eta0.1,28,550,1,0,67.55000000000202,100.0,49.8,1.8072185452428877,0.1,Forage
outcome_eta0.1,28,560,1,0,69.15000000000204,100.0,49.8,1.7804904225965932,0.1,Forage
outcome_eta0.1,28,570,1,0,68.65000000000207,100.0,49.8,1.7792700269155746,0.1,Forage
outcome_eta0.1,28,580,1,0,68.1500000000021,100.0,49.8,1.7921574061401464,0.1,Forage
outcome_eta0.1,28,590,1,0,67.65000000000212,100.0,49.8,1.8047116946799027,0.1,Forage
outcome_eta0.1,28,600,1,0,67.15000000000215,100.0,49.8,1.8172432526898512,0.1,Forage
outcome_eta0.1,28,610,1,0,64.95000000000216,100.0,49.8,1.919936105756076,0.1,Forage
outcome_eta0.1,28,620,1,0,64.45000000000219,100.0,49.8,1.8600790112215915,0.1,Forage
outcome_eta0.1,28,630,1,0,63.95000000000222,100.0,49.8,1.8954924841907912,0.1,Forage
outcome_eta0.1,28,640,1,0,63.45000000000225,100.0,49.8,1.9098884515922456,0.1,Forage
outcome_eta0.1,28,650,1,0,62.95000000000228,100.0,49.8,1.9224973371901022,0.1,Forage
outcome_eta0.1,28,660,1,0,61.700000000002284,100.0,49.8,1.9899802929987924,0.1,Forage
outcome_eta0.1,28,670,1,0,61.20000000000231,100.0,49.8,1.940485936872651,0.1,Forage
outcome_eta0.1,28,680,1,0,60.70000000000234,100.0,49.8,1.9771350973647788,0.1,Forage
outcome_eta0.1,28,690,1,0,60.20000000000237,100.0,49.8,1.9913470974579184,0.1,Forage
outcome_eta0.1,28,700,1,0,59.7000000000024,100.0,49.8,2.0039465821482487,0.1,Forage
outcome_eta0.1,28,710,1,0,62.250000000002416,100.0,49.8,1.9423787294490524,0.1,Forage
outcome_eta0.1,28,720,1,0,61.750000000002444,100.0,49.8,1.9515640900768245,0.1,Forage
outcome_eta0.1,28,730,1,0,61.25000000000247,100.0,49.8,1.965054859805271,0.1,Forage
outcome_eta0.1,28,740,1,0,60.7500000000025,100.0,49.8,1.9776330280662695,0.1,Forage
outcome_eta0.1,28,750,1,0,60.25000000000253,100.0,49.8,1.9901654389974655,0.1,Forage
outcome_eta0.1,28,760,1,0,60.90000000000254,100.0,49.8,1.987369695076483,0.1,Forage
outcome_eta0.1,28,770,1,0,60.40000000000257,100.0,49.8,1.9786742356426266,0.1,Forage
outcome_eta0.1,28,780,1,0,59.9000000000026,100.0,49.8,1.9985340854973936,0.1,Forage
outcome_eta0.1,28,790,1,0,59.40000000000263,100.0,49.8,2.0114519524243284,0.1,Forage
outcome_eta0.1,28,800,1,0,58.900000000002656,100.0,49.8,2.0239975615509933,0.1,Forage
outcome_eta0.1,28,810,1,0,58.600000000002666,100.0,49.8,2.052313783764231,0.1,Forage
outcome_eta0.1,28,820,1,0,58.100000000002694,100.0,49.8,2.0325024610172275,0.1,Forage
outcome_eta0.1,28,830,1,0,57.60000000000272,100.0,49.8,2.0559419280458053,0.1,Forage
outcome_eta0.1,28,840,1,0,57.10000000000275,100.0,49.8,2.0690833761696013,0.1,Forage
outcome_eta0.1,28,850,1,0,56.60000000000278,100.0,49.8,2.0816379665401348,0.1,Forage
outcome_eta0.1,28,860,1,0,58.200000000002795,100.0,49.8,2.0450158958128855,0.1,Forage
outcome_eta0.1,28,870,1,0,57.700000000002824,100.0,49.8,2.0519706008478797,0.1,Forage
outcome_eta0.1,28,880,1,0,57.20000000000285,100.0,49.8,2.066499893134695,0.1,Forage
outcome_eta0.1,28,890,1,0,56.70000000000288,100.0,49.8,2.0791288487307593,0.1,Forage
outcome_eta0.1,28,900,1,0,56.20000000000291,100.0,49.8,2.0916631913773207,0.1,Forage
outcome_eta0.1,28,910,1,0,54.00000000000291,100.0,49.8,2.1943561418328725,0.1,Forage
outcome_eta0.1,28,920,1,0,53.50000000000294,100.0,49.8,2.114344014762092,0.1,Forage
outcome_eta0.1,28,930,1,0,53.00000000000297,100.0,49.8,2.1684172031258155,0.1,Forage
outcome_eta0.1,28,940,1,0,52.500000000003,100.0,49.8,2.184246603424601,0.1,Forage
outcome_eta0.1,28,950,1,0,52.00000000000303,100.0,49.8,2.196915133316641,0.1,Forage
outcome_eta0.1,28,960,1,0,54.550000000003045,100.0,49.8,2.1274466227803774,0.1,Forage
outcome_eta0.1,28,970,1,0,54.050000000003074,100.0,49.8,2.1436319497185643,0.1,Forage
outcome_eta0.1,28,980,1,0,53.5500000000031,100.0,49.8,2.1579865885721397,0.1,Forage
outcome_eta0.1,28,990,1,0,53.05000000000313,100.0,49.8,2.1706027438317523,0.1,Forage
outcome_eta0.1,28,1000,1,0,52.55000000000316,100.0,49.8,2.183136557723655,0.1,Forage
outcome_eta0.1,29,1,1,1,99.0,0.5,49.8,0.1743552733197129,0.1,Care
outcome_eta0.1,29,10,1,1,96.30000000000004,5.0,50.0,0.6126809004111379,0.1,Care
outcome_eta0.1,29,20,1,1,95.3000000000001,10.0,50.0,0.7606329433652038,0.1,Care
outcome_eta0.1,29,30,1,1,94.30000000000015,15.0,50.0,0.9341030487295342,0.1,Care
outcome_eta0.1,29,40,1,1,93.30000000000021,20.0,50.0,1.1211967082446557,0.1,Care
outcome_eta0.1,29,50,1,1,92.30000000000027,25.0,50.0,1.3155636953591503,0.1,Care
outcome_eta0.1,29,60,1,1,91.30000000000032,30.0,50.0,1.5138137583422666,0.1,Care
outcome_eta0.1,29,70,1,1,90.30000000000038,35.0,50.0,1.7141369134548747,0.1,Care
outcome_eta0.1,29,80,1,1,89.30000000000044,40.0,50.0,1.915566848636368,0.1,Care
outcome_eta0.1,29,90,1,1,88.3000000000005,45.0,50.0,2.052,0.1,Care
outcome_eta0.1,29,100,1,1,87.30000000000055,50.0,50.0,2.1119999999999997,0.1,Care
outcome_eta0.1,29,110,1,1,80.00000000000057,55.0,48.39999999999998,2.749157287525381,0.1,Forage
outcome_eta0.1,29,120,1,1,76.30000000000061,40.0,50.0,2.1089999999999938,0.1,Care
outcome_eta0.1,29,130,1,1,75.30000000000067,45.0,50.0,2.1789999999999936,0.1,Care
outcome_eta0.1,29,140,1,1,74.30000000000072,50.0,50.0,2.248999999999993,0.1,Care
outcome_eta0.1,29,150,1,1,68.80000000000075,55.0,48.999999999999986,2.5945774720443167,0.1,Forage
outcome_eta0.1,29,160,1,1,59.700000000000756,60.0,46.99999999999996,3.4895786437626843,0.1,Forage
outcome_eta0.1,29,170,1,1,58.70000000000074,45.0,50.0,2.440999999999993,0.1,Care
outcome_eta0.1,29,180,1,1,54.10000000000073,50.0,49.19999999999999,2.701838749518172,0.1,Forage
outcome_eta0.1,29,190,1,1,45.00000000000073,55.0,47.19999999999996,3.564578643762685,0.1,Forage
outcome_eta0.1,29,200,1,1,43.400000000000745,40.0,47.19999999999993,2.6199999999999943,0.1,Forage
outcome_eta0.1,29,210,1,1,35.250000000000746,45.0,45.1999999999999,3.688185424949233,0.1,Forage
outcome_eta0.1,29,220,1,1,37.800000000000765,50.0,43.199999999999875,3.393685424949233,0.1,Forage
outcome_eta0.1,29,230,1,1,37.30000000000079,55.0,41.19999999999985,3.388685424949234,0.1,Forage
outcome_eta0.1,29,240,1,1,36.80000000000082,60.0,39.19999999999982,3.3836854249492343,0.1,Forage
outcome_eta0.1,29,250,1,1,36.30000000000085,65.0,37.19999999999979,3.4086854249492338,0.1,Forage
outcome_eta0.1,29,260,1,1,30.95000000000085,50.0,35.19999999999976,2.7934999999999963,0.1,Forage
outcome_eta0.1,29,270,1,1,30.45000000000084,55.0,33.19999999999973,2.881499999999997,0.1,Forage
outcome_eta0.1,29,280,1,1,29.950000000000834,60.0,31.199999999999722,2.9764999999999975,0.1,Forage
outcome_eta0.1,29,290,1,1,29.450000000000827,65.0,29.19999999999973,3.071499999999997,0.1,Forage
outcome_eta0.1,29,300,1,1,28.95000000000082,70.0,27.199999999999736,3.166499999999997,0.1,Forage
outcome_eta0.1,29,310,1,1,20.800000000000818,75.0,25.199999999999743,4.237578643762687,0.1,Forage
outcome_eta0.1,29,320,1,1,20.25000000000081,60.0,23.19999999999975,3.233499999999997,0.1,Forage
outcome_eta0.1,29,330,1,1,19.750000000000803,65.0,21.199999999999758,3.328499999999997,0.1,Forage
outcome_eta0.1,29,340,1,1,19.250000000000796,70.0,19.199999999999765,3.4234999999999967,0.1,Forage
outcome_eta0.1,29,350,1,1,18.75000000000079,75.0,17.199999999999772,3.518499999999997,0.1,Forage
outcome_eta0.1,29,360,1,1,12.450000000000788,60.0,15.199999999999779,3.4934999999999965,0.1,Forage
outcome_eta0.1,29,370,1,1,11.95000000000078,65.0,13.199999999999786,3.5664999999999965,0.1,Forage
outcome_eta0.1,29,380,1,1,11.450000000000774,70.0,11.199999999999793,3.6614999999999966,0.1,Forage
outcome_eta0.1,29,390,1,1,10.950000000000767,75.0,9.1999999999998,3.756499999999996,0.1,Forage
outcome_eta0.1,29,400,1,1,10.45000000000076,80.0,7.199999999999803,3.8514999999999966,0.1,Forage
outcome_eta0.1,29,410,1,1,4.15000000000076,65.0,5.199999999999801,3.8264999999999962,0.1,Forage
outcome_eta0.1,29,420,1,1,3.6500000000007615,70.0,3.1999999999997994,3.8994999999999966,0.1,Forage
outcome_eta0.1,29,430,1,1,3.1500000000007633,75.0,1.1999999999997988,3.9944999999999964,0.1,Forage
outcome_eta0.1,29,440,1,0,2.650000000000765,78.0,0.0,3.2734999999999923,0.1,Forage
outcome_eta0.1,29,450,1,0,2.150000000000767,78.0,0.0,3.278499999999992,0.1,Forage
