This is XeTeX, Version 3.141592653-2.6-0.999993 (TeX Live 2022/dev/Debian) (preloaded format=xelatex 2026.5.28)  28 MAY 2026 02:08
entering extended mode
 restricted \write18 enabled.
 %&-line parsing enabled.
**overall_diagram.tex
(./overall_diagram.tex
LaTeX2e <2021-11-15> patch level 1
L3 programming layer <2022-01-21>

! LaTeX Error: Environment figure undefined.

See the LaTeX manual or LaTeX Companion for explanation.
Type  H <return>  for immediate help.
 ...                                              
                                                  
l.2 \begin{figure}
                  [H]
Your command was ignored.
Type  I <command> <return>  to replace it with another command,
or  <return>  to continue without it.


! LaTeX Error: Missing \begin{document}.

See the LaTeX manual or LaTeX Companion for explanation.
Type  H <return>  for immediate help.
 ...                                              
                                                  
l.2 \begin{figure}[
                   H]
You're in trouble here.  Try typing  <return>  to proceed.
If that doesn't work, type  X <return>  to quit.

Missing character: There is no [ ("5B) in font nullfont!
Missing character: There is no H ("48) in font nullfont!
Missing character: There is no ] ("5D) in font nullfont!

Overfull \hbox (20.0pt too wide) in paragraph at lines 2--4
 [] 
 []


! LaTeX Error: Environment adjustbox undefined.

See the LaTeX manual or LaTeX Companion for explanation.
Type  H <return>  for immediate help.
 ...                                              
                                                  
l.9     \begin{adjustbox}
                         {max width=\linewidth, max totalheight=0.62\texthei...

Your command was ignored.
Type  I <command> <return>  to replace it with another command,
or  <return>  to continue without it.


! LaTeX Error: Missing \begin{document}.

See the LaTeX manual or LaTeX Companion for explanation.
Type  H <return>  for immediate help.
 ...                                              
                                                  
l.9     \begin{adjustbox}{m
                           ax width=\linewidth, max totalheight=0.62\texthei...

You're in trouble here.  Try typing  <return>  to proceed.
If that doesn't work, type  X <return>  to quit.

Missing character: There is no m ("6D) in font nullfont!
Missing character: There is no a ("61) in font nullfont!
Missing character: There is no x ("78) in font nullfont!
Missing character: There is no w ("77) in font nullfont!
Missing character: There is no i ("69) in font nullfont!
Missing character: There is no d ("64) in font nullfont!
Missing character: There is no t ("74) in font nullfont!
Missing character: There is no h ("68) in font nullfont!
Missing character: There is no = ("3D) in font nullfont!
! Illegal unit of measure (pt inserted).
<to be read again> 
                   m
l.9     \begin{adjustbox}{max width=\linewidth, ma
                                                  x totalheight=0.62\texthei...
Dimensions can be in units of em, ex, in, pt, pc,
cm, mm, dd, cc, bp, or sp; but yours is a new one!
I'll assume that you meant to say pt, for printer's points.
To recover gracefully from this error, it's best to
delete the erroneous units; e.g., type `2' to delete
two letters. (See Chapter 27 of The TeXbook.)

Missing character: There is no m ("6D) in font nullfont!
Missing character: There is no a ("61) in font nullfont!
Missing character: There is no x ("78) in font nullfont!
Missing character: There is no t ("74) in font nullfont!
Missing character: There is no o ("6F) in font nullfont!
Missing character: There is no t ("74) in font nullfont!
Missing character: There is no a ("61) in font nullfont!
Missing character: There is no l ("6C) in font nullfont!
Missing character: There is no h ("68) in font nullfont!
Missing character: There is no e ("65) in font nullfont!
Missing character: There is no i ("69) in font nullfont!
Missing character: There is no g ("67) in font nullfont!
Missing character: There is no h ("68) in font nullfont!
Missing character: There is no t ("74) in font nullfont!
Missing character: There is no = ("3D) in font nullfont!
Missing character: There is no 0 ("30) in font nullfont!
Missing character: There is no . ("2E) in font nullfont!
Missing character: There is no 6 ("36) in font nullfont!
Missing character: There is no 2 ("32) in font nullfont!
! Illegal unit of measure (pt inserted).
<to be read again> 
                   c
l.9 ...ewidth, max totalheight=0.62\textheight, ce
                                                  nter}
Dimensions can be in units of em, ex, in, pt, pc,
cm, mm, dd, cc, bp, or sp; but yours is a new one!
I'll assume that you meant to say pt, for printer's points.
To recover gracefully from this error, it's best to
delete the erroneous units; e.g., type `2' to delete
two letters. (See Chapter 27 of The TeXbook.)

Missing character: There is no c ("63) in font nullfont!
Missing character: There is no e ("65) in font nullfont!
Missing character: There is no n ("6E) in font nullfont!
Missing character: There is no t ("74) in font nullfont!
Missing character: There is no e ("65) in font nullfont!
Missing character: There is no r ("72) in font nullfont!
! Undefined control sequence.
<argument> ...inewidth } \centering \footnotesize 
                                                  \textbf {(Left) Internal-S...
l.225     }
           % end \fbox
The control sequence at the end of the top line
of your error message was never \def'ed. If you have
misspelled it (e.g., `\hobx'), type `I' and the correct
spelling (e.g., `I\hbox'). Otherwise just continue,
and I'll forget about whatever was undefined.


Overfull \hbox (34.07396pt too wide) in paragraph at lines 225--225
 []\TU/lmr/bx/n/10 (Left) 
 []


Overfull \hbox (48.87396pt too wide) in paragraph at lines 225--225
 \TU/lmr/bx/n/10 Internal- 
 []


Overfull \hbox (31.15396pt too wide) in paragraph at lines 225--225
 \TU/lmr/bx/n/10 State 
 []


Overfull \hbox (46.03397pt too wide) in paragraph at lines 225--225
 \TU/lmr/bx/n/10 Pipeline 
 []

! Undefined control sequence.
<argument> ...e}\hspace {0.015\linewidth }{\color 
                                                  {gray!70}\vrule width 0.5p...
l.225     }
           % end \fbox
The control sequence at the end of the top line
of your error message was never \def'ed. If you have
misspelled it (e.g., `\hobx'), type `I' and the correct
spelling (e.g., `I\hbox'). Otherwise just continue,
and I'll forget about whatever was undefined.

Missing character: There is no g ("67) in font nullfont!
Missing character: There is no r ("72) in font nullfont!
Missing character: There is no a ("61) in font nullfont!
Missing character: There is no y ("79) in font nullfont!
Missing character: There is no ! ("21) in font nullfont!
Missing character: There is no 7 ("37) in font nullfont!
Missing character: There is no 0 ("30) in font nullfont!
! Undefined control sequence.
<argument> ...inewidth } \centering \footnotesize 
                                                  \textbf {(Right) Grid Scen...
l.225     }
           % end \fbox
The control sequence at the end of the top line
of your error message was never \def'ed. If you have
misspelled it (e.g., `\hobx'), type `I' and the correct
spelling (e.g., `I\hbox'). Otherwise just continue,
and I'll forget about whatever was undefined.


Overfull \hbox (38.61397pt too wide) in paragraph at lines 225--225
 []\TU/lmr/bx/n/10 (Right) 
 []


Overfull \hbox (24.92397pt too wide) in paragraph at lines 225--225
 \TU/lmr/bx/n/10 Grid 
 []


Overfull \hbox (22.16397pt too wide) in paragraph at lines 225--225
 \TU/lmr/bx/n/10 Sce- 
 []


Overfull \hbox (22.11397pt too wide) in paragraph at lines 225--225
 \TU/lmr/bx/n/10 nar- 
 []


Overfull \hbox (15.04396pt too wide) in paragraph at lines 225--225
 \TU/lmr/bx/n/10 ios 
 []


Overfull \hbox (6.79999pt too wide) in paragraph at lines 225--225
 [][] 
 []


Overfull \hbox (7.29999pt too wide) in paragraph at lines 225--225
 | 
 []


Overfull \hbox (6.79999pt too wide) in paragraph at lines 225--225
 [] 
 []

! Undefined control sequence.
<argument> ...\centering \vspace {3mm} \resizebox 
                                                  {\linewidth }{!}{\begin {t...
l.225     }
           % end \fbox
The control sequence at the end of the top line
of your error message was never \def'ed. If you have
misspelled it (e.g., `\hobx'), type `I' and the correct
spelling (e.g., `I\hbox'). Otherwise just continue,
and I'll forget about whatever was undefined.

! Missing number, treated as zero.
<to be read again> 
                   }
l.225     }
           % end \fbox
A number should have been here; I inserted `0'.
(If you can't figure out why I needed to see a number,
look up `weird error' in the index to The TeXbook.)

! Illegal unit of measure (pt inserted).
<to be read again> 
                   }
l.225     }
           % end \fbox
Dimensions can be in units of em, ex, in, pt, pc,
cm, mm, dd, cc, bp, or sp; but yours is a new one!
I'll assume that you meant to say pt, for printer's points.
To recover gracefully from this error, it's best to
delete the erroneous units; e.g., type `2' to delete
two letters. (See Chapter 27 of The TeXbook.)

Missing character: There is no ! ("21) in font nullfont!

! LaTeX Error: Environment tikzpicture undefined.

See the LaTeX manual or LaTeX Companion for explanation.
Type  H <return>  for immediate help.
 ...                                              
                                                  
l.225     }
           % end \fbox
Your command was ignored.
Type  I <command> <return>  to replace it with another command,
or  <return>  to continue without it.

! Undefined control sequence.
<argument> ... }{!}{\begin {tikzpicture} \tikzset 
                                                  { blk/.style={draw, rounde...
l.225     }
           % end \fbox
The control sequence at the end of the top line
of your error message was never \def'ed. If you have
misspelled it (e.g., `\hobx'), type `I' and the correct
spelling (e.g., `I\hbox'). Otherwise just continue,
and I'll forget about whatever was undefined.

Missing character: There is no b ("62) in font nullfont!
Missing character: There is no l ("6C) in font nullfont!
Missing character: There is no k ("6B) in font nullfont!
Missing character: There is no / ("2F) in font nullfont!
Missing character: There is no . ("2E) in font nullfont!
Missing character: There is no s ("73) in font nullfont!
Missing character: There is no t ("74) in font nullfont!
Missing character: There is no y ("79) in font nullfont!
Missing character: There is no l ("6C) in font nullfont!
Missing character: There is no e ("65) in font nullfont!
Missing character: There is no = ("3D) in font nullfont!
Missing character: There is no d ("64) in font nullfont!
Missing character: There is no r ("72) in font nullfont!
Missing character: There is no a ("61) in font nullfont!
Missing character: There is no w ("77) in font nullfont!
Missing character: There is no , ("2C) in font nullfont!
Missing character: There is no r ("72) in font nullfont!
Missing character: There is no o ("6F) in font nullfont!
Missing character: There is no u ("75) in font nullfont!
Missing character: There is no n ("6E) in font nullfont!
Missing character: There is no d ("64) in font nullfont!
Missing character: There is no e ("65) in font nullfont!
Missing character: There is no d ("64) in font nullfont!
Missing character: There is no c ("63) in font nullfont!
Missing character: There is no o ("6F) in font nullfont!
Missing character: There is no r ("72) in font nullfont!
Missing character: There is no n ("6E) in font nullfont!
Missing character: There is no e ("65) in font nullfont!
Missing character: There is no r ("72) in font nullfont!
Missing character: There is no s ("73) in font nullfont!
Missing character: There is no = ("3D) in font nullfont!
Missing character: There is no 4 ("34) in font nullfont!
Missing character: There is no p ("70) in font nullfont!
Missing character: There is no t ("74) in font nullfont!
Missing character: There is no , ("2C) in font nullfont!
Missing character: There is no a ("61) in font nullfont!
Missing character: There is no l ("6C) in font nullfont!
Missing character: There is no i ("69) in font nullfont!
Missing character: There is no g ("67) in font nullfont!
Missing character: There is no n ("6E) in font nullfont!
Missing character: There is no = ("3D) in font nullfont!
Missing character: There is no c ("63) in font nullfont!
Missing character: There is no e ("65) in font nullfont!
Missing character: There is no n ("6E) in font nullfont!
Missing character: There is no t ("74) in font nullfont!
Missing character: There is no e ("65) in font nullfont!
Missing character: There is no r ("72) in font nullfont!
Missing character: There is no , ("2C) in font nullfont!
Missing character: There is no f ("66) in font nullfont!
Missing character: There is no o ("6F) in font nullfont!
Missing character: There is no n ("6E) in font nullfont!
Missing character: There is no t ("74) in font nullfont!
Missing character: There is no = ("3D) in font nullfont!
! Undefined control sequence.
<argument> ...ners=4pt, align=center, font=\small 
                                                  \sffamily , minimum height...
l.225     }
           % end \fbox
The control sequence at the end of the top line
of your error message was never \def'ed. If you have
misspelled it (e.g., `\hobx'), type `I' and the correct
spelling (e.g., `I\hbox'). Otherwise just continue,
and I'll forget about whatever was undefined.

Missing character: There is no , ("2C) in font nullfont!
Missing character: There is no e ("65) in font nullfont!
Missing character: There is no n ("6E) in font nullfont!
Missing character: There is no v ("76) in font nullfont!
Missing character: There is no b ("62) in font nullfont!
Missing character: There is no o ("6F) in font nullfont!
Missing character: There is no x ("78) in font nullfont!
Missing character: There is no / ("2F) in font nullfont!
Missing character: There is no . ("2E) in font nullfont!
Missing character: There is no s ("73) in font nullfont!
Missing character: There is no t ("74) in font nullfont!
Missing character: There is no y ("79) in font nullfont!
Missing character: There is no l ("6C) in font nullfont!
Missing character: There is no e ("65) in font nullfont!
Missing character: There is no = ("3D) in font nullfont!
Missing character: There is no b ("62) in font nullfont!
Missing character: There is no l ("6C) in font nullfont!
Missing character: There is no k ("6B) in font nullfont!
Missing character: There is no , ("2C) in font nullfont!
Missing character: There is no f ("66) in font nullfont!
Missing character: There is no i ("69) in font nullfont!
Missing character: There is no l ("6C) in font nullfont!
Missing character: There is no l ("6C) in font nullfont!
Missing character: There is no = ("3D) in font nullfont!
Missing character: There is no b ("62) in font nullfont!
Missing character: There is no l ("6C) in font nullfont!
Missing character: There is no u ("75) in font nullfont!
Missing character: There is no e ("65) in font nullfont!
Missing character: There is no ! ("21) in font nullfont!
Missing character: There is no 1 ("31) in font nullfont!
Missing character: There is no 0 ("30) in font nullfont!
Missing character: There is no , ("2C) in font nullfont!
Missing character: There is no m ("6D) in font nullfont!
Missing character: There is no i ("69) in font nullfont!
Missing character: There is no n ("6E) in font nullfont!
Missing character: There is no i ("69) in font nullfont!
Missing character: There is no m ("6D) in font nullfont!
Missing character: There is no u ("75) in font nullfont!
Missing character: There is no m ("6D) in font nullfont!
Missing character: There is no w ("77) in font nullfont!
Missing character: There is no i ("69) in font nullfont!
Missing character: There is no d ("64) in font nullfont!
Missing character: There is no t ("74) in font nullfont!
Missing character: There is no h ("68) in font nullfont!
Missing character: There is no = ("3D) in font nullfont!
Missing character: There is no 2 ("32) in font nullfont!
Missing character: There is no . ("2E) in font nullfont!
Missing character: There is no 6 ("36) in font nullfont!
Missing character: There is no c ("63) in font nullfont!
Missing character: There is no m ("6D) in font nullfont!
Missing character: There is no , ("2C) in font nullfont!
Missing character: There is no c ("63) in font nullfont!
Missing character: There is no h ("68) in font nullfont!
Missing character: There is no i ("69) in font nullfont!
Missing character: There is no l ("6C) in font nullfont!
Missing character: There is no d ("64) in font nullfont!
Missing character: There is no b ("62) in font nullfont!
Missing character: There is no o ("6F) in font nullfont!
Missing character: There is no x ("78) in font nullfont!
Missing character: There is no / ("2F) in font nullfont!
Missing character: There is no . ("2E) in font nullfont!
Missing character: There is no s ("73) in font nullfont!
Missing character: There is no t ("74) in font nullfont!
Missing character: There is no y ("79) in font nullfont!
Missing character: There is no l ("6C) in font nullfont!
Missing character: There is no e ("65) in font nullfont!
Missing character: There is no = ("3D) in font nullfont!
Missing character: There is no b ("62) in font nullfont!
Missing character: There is no l ("6C) in font nullfont!
Missing character: There is no k ("6B) in font nullfont!
Missing character: There is no , ("2C) in font nullfont!
Missing character: There is no f ("66) in font nullfont!
Missing character: There is no i ("69) in font nullfont!
Missing character: There is no l ("6C) in font nullfont!
Missing character: There is no l ("6C) in font nullfont!
Missing character: There is no = ("3D) in font nullfont!
Missing character: There is no o ("6F) in font nullfont!
Missing character: There is no r ("72) in font nullfont!
Missing character: There is no a ("61) in font nullfont!
Missing character: There is no n ("6E) in font nullfont!
Missing character: There is no g ("67) in font nullfont!
Missing character: There is no e ("65) in font nullfont!
Missing character: There is no ! ("21) in font nullfont!
Missing character: There is no 1 ("31) in font nullfont!
Missing character: There is no 8 ("38) in font nullfont!
Missing character: There is no , ("2C) in font nullfont!
Missing character: There is no m ("6D) in font nullfont!
Missing character: There is no i ("69) in font nullfont!
Missing character: There is no n ("6E) in font nullfont!
Missing character: There is no i ("69) in font nullfont!
Missing character: There is no m ("6D) in font nullfont!
Missing character: There is no u ("75) in font nullfont!
Missing character: There is no m ("6D) in font nullfont!
Missing character: There is no w ("77) in font nullfont!
Missing character: There is no i ("69) in font nullfont!
Missing character: There is no d ("64) in font nullfont!
Missing character: There is no t ("74) in font nullfont!
Missing character: There is no h ("68) in font nullfont!
Missing character: There is no = ("3D) in font nullfont!
Missing character: There is no 3 ("33) in font nullfont!
Missing character: There is no . ("2E) in font nullfont!
Missing character: There is no 2 ("32) in font nullfont!
Missing character: There is no c ("63) in font nullfont!
Missing character: There is no m ("6D) in font nullfont!
Missing character: There is no , ("2C) in font nullfont!
Missing character: There is no p ("70) in font nullfont!
Missing character: There is no h ("68) in font nullfont!
Missing character: There is no y ("79) in font nullfont!
Missing character: There is no s ("73) in font nullfont!
Missing character: There is no b ("62) in font nullfont!
Missing character: There is no o ("6F) in font nullfont!
Missing character: There is no x ("78) in font nullfont!
Missing character: There is no / ("2F) in font nullfont!
Missing character: There is no . ("2E) in font nullfont!
Missing character: There is no s ("73) in font nullfont!
Missing character: There is no t ("74) in font nullfont!
Missing character: There is no y ("79) in font nullfont!
Missing character: There is no l ("6C) in font nullfont!
Missing character: There is no e ("65) in font nullfont!
Missing character: There is no = ("3D) in font nullfont!
Missing character: There is no b ("62) in font nullfont!
Missing character: There is no l ("6C) in font nullfont!
Missing character: There is no k ("6B) in font nullfont!
Missing character: There is no , ("2C) in font nullfont!
Missing character: There is no f ("66) in font nullfont!
Missing character: There is no i ("69) in font nullfont!
Missing character: There is no l ("6C) in font nullfont!
Missing character: There is no l ("6C) in font nullfont!
Missing character: There is no = ("3D) in font nullfont!
Missing character: There is no g ("67) in font nullfont!
Missing character: There is no r ("72) in font nullfont!
Missing character: There is no e ("65) in font nullfont!
Missing character: There is no e ("65) in font nullfont!
Missing character: There is no n ("6E) in font nullfont!
Missing character: There is no ! ("21) in font nullfont!
Missing character: There is no 1 ("31) in font nullfont!
Missing character: There is no 4 ("34) in font nullfont!
Missing character: There is no , ("2C) in font nullfont!
Missing character: There is no m ("6D) in font nullfont!
Missing character: There is no i ("69) in font nullfont!
Missing character: There is no n ("6E) in font nullfont!
Missing character: There is no i ("69) in font nullfont!
Missing character: There is no m ("6D) in font nullfont!
Missing character: There is no u ("75) in font nullfont!
Missing character: There is no m ("6D) in font nullfont!
Missing character: There is no w ("77) in font nullfont!
Missing character: There is no i ("69) in font nullfont!
Missing character: There is no d ("64) in font nullfont!
Missing character: There is no t ("74) in font nullfont!
Missing character: There is no h ("68) in font nullfont!
Missing character: There is no = ("3D) in font nullfont!
Missing character: There is no 4 ("34) in font nullfont!
Missing character: There is no . ("2E) in font nullfont!
Missing character: There is no 8 ("38) in font nullfont!
Missing character: There is no c ("63) in font nullfont!
Missing character: There is no m ("6D) in font nullfont!
Missing character: There is no , ("2C) in font nullfont!
Missing character: There is no h ("68) in font nullfont!
Missing character: There is no o ("6F) in font nullfont!
Missing character: There is no r ("72) in font nullfont!
Missing character: There is no m ("6D) in font nullfont!
Missing character: There is no b ("62) in font nullfont!
Missing character: There is no o ("6F) in font nullfont!
Missing character: There is no x ("78) in font nullfont!
Missing character: There is no / ("2F) in font nullfont!
Missing character: There is no . ("2E) in font nullfont!
Missing character: There is no s ("73) in font nullfont!
Missing character: There is no t ("74) in font nullfont!
Missing character: There is no y ("79) in font nullfont!
Missing character: There is no l ("6C) in font nullfont!
Missing character: There is no e ("65) in font nullfont!
Missing character: There is no = ("3D) in font nullfont!
Missing character: There is no b ("62) in font nullfont!
Missing character: There is no l ("6C) in font nullfont!
Missing character: There is no k ("6B) in font nullfont!
Missing character: There is no , ("2C) in font nullfont!
Missing character: There is no f ("66) in font nullfont!
Missing character: There is no i ("69) in font nullfont!
Missing character: There is no l ("6C) in font nullfont!
Missing character: There is no l ("6C) in font nullfont!
Missing character: There is no = ("3D) in font nullfont!
Missing character: There is no v ("76) in font nullfont!
Missing character: There is no i ("69) in font nullfont!
Missing character: There is no o ("6F) in font nullfont!
Missing character: There is no l ("6C) in font nullfont!
Missing character: There is no e ("65) in font nullfont!
Missing character: There is no t ("74) in font nullfont!
Missing character: There is no ! ("21) in font nullfont!
Missing character: There is no 1 ("31) in font nullfont!
Missing character: There is no 4 ("34) in font nullfont!
Missing character: There is no , ("2C) in font nullfont!
Missing character: There is no m ("6D) in font nullfont!
Missing character: There is no i ("69) in font nullfont!
Missing character: There is no n ("6E) in font nullfont!
Missing character: There is no i ("69) in font nullfont!
Missing character: There is no m ("6D) in font nullfont!
Missing character: There is no u ("75) in font nullfont!
Missing character: There is no m ("6D) in font nullfont!
Missing character: There is no w ("77) in font nullfont!
Missing character: There is no i ("69) in font nullfont!
Missing character: There is no d ("64) in font nullfont!
Missing character: There is no t ("74) in font nullfont!
Missing character: There is no h ("68) in font nullfont!
Missing character: There is no = ("3D) in font nullfont!
Missing character: There is no 4 ("34) in font nullfont!
Missing character: There is no . ("2E) in font nullfont!
Missing character: There is no 8 ("38) in font nullfont!
Missing character: There is no c ("63) in font nullfont!
Missing character: There is no m ("6D) in font nullfont!
Missing character: There is no , ("2C) in font nullfont!
Missing character: There is no p ("70) in font nullfont!
Missing character: There is no s ("73) in font nullfont!
Missing character: There is no y ("79) in font nullfont!
Missing character: There is no c ("63) in font nullfont!
Missing character: There is no h ("68) in font nullfont!
Missing character: There is no b ("62) in font nullfont!
Missing character: There is no o ("6F) in font nullfont!
Missing character: There is no x ("78) in font nullfont!
Missing character: There is no / ("2F) in font nullfont!
Missing character: There is no . ("2E) in font nullfont!
Missing character: There is no s ("73) in font nullfont!
Missing character: There is no t ("74) in font nullfont!
Missing character: There is no y ("79) in font nullfont!
Missing character: There is no l ("6C) in font nullfont!
Missing character: There is no e ("65) in font nullfont!
Missing character: There is no = ("3D) in font nullfont!
Missing character: There is no b ("62) in font nullfont!
Missing character: There is no l ("6C) in font nullfont!
Missing character: There is no k ("6B) in font nullfont!
Missing character: There is no , ("2C) in font nullfont!
Missing character: There is no f ("66) in font nullfont!
Missing character: There is no i ("69) in font nullfont!
Missing character: There is no l ("6C) in font nullfont!
Missing character: There is no l ("6C) in font nullfont!
Missing character: There is no = ("3D) in font nullfont!
Missing character: There is no y ("79) in font nullfont!
Missing character: There is no e ("65) in font nullfont!
Missing character: There is no l ("6C) in font nullfont!
Missing character: There is no l ("6C) in font nullfont!
Missing character: There is no o ("6F) in font nullfont!
Missing character: There is no w ("77) in font nullfont!
Missing character: There is no ! ("21) in font nullfont!
Missing character: There is no 2 ("32) in font nullfont!
Missing character: There is no 5 ("35) in font nullfont!
Missing character: There is no , ("2C) in font nullfont!
Missing character: There is no m ("6D) in font nullfont!
Missing character: There is no i ("69) in font nullfont!
Missing character: There is no n ("6E) in font nullfont!
Missing character: There is no i ("69) in font nullfont!
Missing character: There is no m ("6D) in font nullfont!
Missing character: There is no u ("75) in font nullfont!
Missing character: There is no m ("6D) in font nullfont!
Missing character: There is no w ("77) in font nullfont!
Missing character: There is no i ("69) in font nullfont!
Missing character: There is no d ("64) in font nullfont!
Missing character: There is no t ("74) in font nullfont!
Missing character: There is no h ("68) in font nullfont!
Missing character: There is no = ("3D) in font nullfont!
Missing character: There is no 4 ("34) in font nullfont!
Missing character: There is no . ("2E) in font nullfont!
Missing character: There is no 8 ("38) in font nullfont!
Missing character: There is no c ("63) in font nullfont!
Missing character: There is no m ("6D) in font nullfont!
Missing character: There is no , ("2C) in font nullfont!
Missing character: There is no m ("6D) in font nullfont!
Missing character: There is no o ("6F) in font nullfont!
Missing character: There is no t ("74) in font nullfont!
Missing character: There is no i ("69) in font nullfont!
Missing character: There is no v ("76) in font nullfont!
Missing character: There is no b ("62) in font nullfont!
Missing character: There is no o ("6F) in font nullfont!
Missing character: There is no x ("78) in font nullfont!
Missing character: There is no / ("2F) in font nullfont!
Missing character: There is no . ("2E) in font nullfont!
Missing character: There is no s ("73) in font nullfont!
Missing character: There is no t ("74) in font nullfont!
Missing character: There is no y ("79) in font nullfont!
Missing character: There is no l ("6C) in font nullfont!
Missing character: There is no e ("65) in font nullfont!
Missing character: There is no = ("3D) in font nullfont!
Missing character: There is no b ("62) in font nullfont!
Missing character: There is no l ("6C) in font nullfont!
Missing character: There is no k ("6B) in font nullfont!
Missing character: There is no , ("2C) in font nullfont!
Missing character: There is no f ("66) in font nullfont!
Missing character: There is no i ("69) in font nullfont!
Missing character: There is no l ("6C) in font nullfont!
Missing character: There is no l ("6C) in font nullfont!
Missing character: There is no = ("3D) in font nullfont!
Missing character: There is no r ("72) in font nullfont!
Missing character: There is no e ("65) in font nullfont!
Missing character: There is no d ("64) in font nullfont!
Missing character: There is no ! ("21) in font nullfont!
Missing character: There is no 1 ("31) in font nullfont!
Missing character: There is no 2 ("32) in font nullfont!
Missing character: There is no , ("2C) in font nullfont!
Missing character: There is no m ("6D) in font nullfont!
Missing character: There is no i ("69) in font nullfont!
Missing character: There is no n ("6E) in font nullfont!
Missing character: There is no i ("69) in font nullfont!
Missing character: There is no m ("6D) in font nullfont!
Missing character: There is no u ("75) in font nullfont!
Missing character: There is no m ("6D) in font nullfont!
Missing character: There is no w ("77) in font nullfont!
Missing character: There is no i ("69) in font nullfont!
Missing character: There is no d ("64) in font nullfont!
Missing character: There is no t ("74) in font nullfont!
Missing character: There is no h ("68) in font nullfont!
Missing character: There is no = ("3D) in font nullfont!
Missing character: There is no 4 ("34) in font nullfont!
Missing character: There is no . ("2E) in font nullfont!
Missing character: There is no 8 ("38) in font nullfont!
Missing character: There is no c ("63) in font nullfont!
Missing character: There is no m ("6D) in font nullfont!
Missing character: There is no , ("2C) in font nullfont!
Missing character: There is no a ("61) in font nullfont!
Missing character: There is no c ("63) in font nullfont!
Missing character: There is no t ("74) in font nullfont!
Missing character: There is no b ("62) in font nullfont!
Missing character: There is no o ("6F) in font nullfont!
Missing character: There is no x ("78) in font nullfont!
Missing character: There is no / ("2F) in font nullfont!
Missing character: There is no . ("2E) in font nullfont!
Missing character: There is no s ("73) in font nullfont!
Missing character: There is no t ("74) in font nullfont!
Missing character: There is no y ("79) in font nullfont!
Missing character: There is no l ("6C) in font nullfont!
Missing character: There is no e ("65) in font nullfont!
Missing character: There is no = ("3D) in font nullfont!
Missing character: There is no b ("62) in font nullfont!
Missing character: There is no l ("6C) in font nullfont!
Missing character: There is no k ("6B) in font nullfont!
Missing character: There is no , ("2C) in font nullfont!
Missing character: There is no f ("66) in font nullfont!
Missing character: There is no i ("69) in font nullfont!
Missing character: There is no l ("6C) in font nullfont!
Missing character: There is no l ("6C) in font nullfont!
Missing character: There is no = ("3D) in font nullfont!
Missing character: There is no c ("63) in font nullfont!
Missing character: There is no y ("79) in font nullfont!
Missing character: There is no a ("61) in font nullfont!
Missing character: There is no n ("6E) in font nullfont!
Missing character: There is no ! ("21) in font nullfont!
Missing character: There is no 1 ("31) in font nullfont!
Missing character: There is no 5 ("35) in font nullfont!
Missing character: There is no , ("2C) in font nullfont!
Missing character: There is no m ("6D) in font nullfont!
Missing character: There is no i ("69) in font nullfont!
Missing character: There is no n ("6E) in font nullfont!
Missing character: There is no i ("69) in font nullfont!
Missing character: There is no m ("6D) in font nullfont!
Missing character: There is no u ("75) in font nullfont!
Missing character: There is no m ("6D) in font nullfont!
Missing character: There is no w ("77) in font nullfont!
Missing character: There is no i ("69) in font nullfont!
Missing character: There is no d ("64) in font nullfont!
Missing character: There is no t ("74) in font nullfont!
Missing character: There is no h ("68) in font nullfont!
Missing character: There is no = ("3D) in font nullfont!
Missing character: There is no 4 ("34) in font nullfont!
Missing character: There is no . ("2E) in font nullfont!
Missing character: There is no 8 ("38) in font nullfont!
Missing character: There is no c ("63) in font nullfont!
Missing character: There is no m ("6D) in font nullfont!
Missing character: There is no , ("2C) in font nullfont!
Missing character: There is no f ("66) in font nullfont!
Missing character: There is no w ("77) in font nullfont!
Missing character: There is no / ("2F) in font nullfont!
Missing character: There is no . ("2E) in font nullfont!
Missing character: There is no s ("73) in font nullfont!
Missing character: There is no t ("74) in font nullfont!
Missing character: There is no y ("79) in font nullfont!
Missing character: There is no l ("6C) in font nullfont!
Missing character: There is no e ("65) in font nullfont!
Missing character: There is no = ("3D) in font nullfont!
Missing character: There is no - ("2D) in font nullfont!
Missing character: There is no S ("53) in font nullfont!
Missing character: There is no t ("74) in font nullfont!
Missing character: There is no e ("65) in font nullfont!
Missing character: There is no a ("61) in font nullfont!
Missing character: There is no l ("6C) in font nullfont!
Missing character: There is no t ("74) in font nullfont!
Missing character: There is no h ("68) in font nullfont!
Missing character: There is no , ("2C) in font nullfont!
Missing character: There is no t ("74) in font nullfont!
Missing character: There is no h ("68) in font nullfont!
Missing character: There is no i ("69) in font nullfont!
Missing character: There is no c ("63) in font nullfont!
Missing character: There is no k ("6B) in font nullfont!
Missing character: There is no , ("2C) in font nullfont!
Missing character: There is no b ("62) in font nullfont!
Missing character: There is no l ("6C) in font nullfont!
Missing character: There is no a ("61) in font nullfont!
Missing character: There is no c ("63) in font nullfont!
Missing character: There is no k ("6B) in font nullfont!
Missing character: There is no , ("2C) in font nullfont!
Missing character: There is no f ("66) in font nullfont!
Missing character: There is no b ("62) in font nullfont!
Missing character: There is no / ("2F) in font nullfont!
Missing character: There is no . ("2E) in font nullfont!
Missing character: There is no s ("73) in font nullfont!
Missing character: There is no t ("74) in font nullfont!
Missing character: There is no y ("79) in font nullfont!
Missing character: There is no l ("6C) in font nullfont!
Missing character: There is no e ("65) in font nullfont!
Missing character: There is no = ("3D) in font nullfont!
Missing character: There is no - ("2D) in font nullfont!
Missing character: There is no S ("53) in font nullfont!
Missing character: There is no t ("74) in font nullfont!
Missing character: There is no e ("65) in font nullfont!
Missing character: There is no a ("61) in font nullfont!
Missing character: There is no l ("6C) in font nullfont!
Missing character: There is no t ("74) in font nullfont!
Missing character: There is no h ("68) in font nullfont!
Missing character: There is no , ("2C) in font nullfont!
Missing character: There is no t ("74) in font nullfont!
Missing character: There is no h ("68) in font nullfont!
Missing character: There is no i ("69) in font nullfont!
Missing character: There is no c ("63) in font nullfont!
Missing character: There is no k ("6B) in font nullfont!
Missing character: There is no , ("2C) in font nullfont!
Missing character: There is no d ("64) in font nullfont!
Missing character: There is no a ("61) in font nullfont!
Missing character: There is no s ("73) in font nullfont!
Missing character: There is no h ("68) in font nullfont!
Missing character: There is no e ("65) in font nullfont!
Missing character: There is no d ("64) in font nullfont!
Missing character: There is no , ("2C) in font nullfont!
Missing character: There is no g ("67) in font nullfont!
Missing character: There is no r ("72) in font nullfont!
Missing character: There is no a ("61) in font nullfont!
Missing character: There is no y ("79) in font nullfont!
Missing character: There is no ! ("21) in font nullfont!
Missing character: There is no 6 ("36) in font nullfont!
Missing character: There is no 5 ("35) in font nullfont!
Missing character: There is no , ("2C) in font nullfont!
Missing character: There is no a ("61) in font nullfont!
Missing character: There is no t ("74) in font nullfont!
Missing character: There is no k ("6B) in font nullfont!
Missing character: There is no / ("2F) in font nullfont!
Missing character: There is no . ("2E) in font nullfont!
Missing character: There is no s ("73) in font nullfont!
Missing character: There is no t ("74) in font nullfont!
Missing character: There is no y ("79) in font nullfont!
Missing character: There is no l ("6C) in font nullfont!
Missing character: There is no e ("65) in font nullfont!
Missing character: There is no = ("3D) in font nullfont!
Missing character: There is no - ("2D) in font nullfont!
Missing character: There is no S ("53) in font nullfont!
Missing character: There is no t ("74) in font nullfont!
Missing character: There is no e ("65) in font nullfont!
Missing character: There is no a ("61) in font nullfont!
Missing character: There is no l ("6C) in font nullfont!
Missing character: There is no t ("74) in font nullfont!
Missing character: There is no h ("68) in font nullfont!
Missing character: There is no , ("2C) in font nullfont!
Missing character: There is no t ("74) in font nullfont!
Missing character: There is no h ("68) in font nullfont!
Missing character: There is no i ("69) in font nullfont!
Missing character: There is no c ("63) in font nullfont!
Missing character: There is no k ("6B) in font nullfont!
Missing character: There is no , ("2C) in font nullfont!
Missing character: There is no d ("64) in font nullfont!
Missing character: There is no a ("61) in font nullfont!
Missing character: There is no s ("73) in font nullfont!
Missing character: There is no h ("68) in font nullfont!
Missing character: There is no e ("65) in font nullfont!
Missing character: There is no d ("64) in font nullfont!
Missing character: There is no , ("2C) in font nullfont!
Missing character: There is no r ("72) in font nullfont!
Missing character: There is no e ("65) in font nullfont!
Missing character: There is no d ("64) in font nullfont!
Missing character: There is no ! ("21) in font nullfont!
Missing character: There is no 6 ("36) in font nullfont!
Missing character: There is no 5 ("35) in font nullfont!
Missing character: There is no ! ("21) in font nullfont!
Missing character: There is no b ("62) in font nullfont!
Missing character: There is no l ("6C) in font nullfont!
Missing character: There is no a ("61) in font nullfont!
Missing character: There is no c ("63) in font nullfont!
Missing character: There is no k ("6B) in font nullfont!
Missing character: There is no , ("2C) in font nullfont!
Missing character: There is no l ("6C) in font nullfont!
Missing character: There is no b ("62) in font nullfont!
Missing character: There is no l ("6C) in font nullfont!
Missing character: There is no / ("2F) in font nullfont!
Missing character: There is no . ("2E) in font nullfont!
Missing character: There is no s ("73) in font nullfont!
Missing character: There is no t ("74) in font nullfont!
Missing character: There is no y ("79) in font nullfont!
Missing character: There is no l ("6C) in font nullfont!
Missing character: There is no e ("65) in font nullfont!
Missing character: There is no = ("3D) in font nullfont!
Missing character: There is no f ("66) in font nullfont!
Missing character: There is no o ("6F) in font nullfont!
Missing character: There is no n ("6E) in font nullfont!
Missing character: There is no t ("74) in font nullfont!
Missing character: There is no = ("3D) in font nullfont!
! Undefined control sequence.
<argument> ...ck}, lbl/.style={font=\footnotesize 
                                                  \sffamily , fill=white, in...
l.225     }
           % end \fbox
The control sequence at the end of the top line
of your error message was never \def'ed. If you have
misspelled it (e.g., `\hobx'), type `I' and the correct
spelling (e.g., `I\hbox'). Otherwise just continue,
and I'll forget about whatever was undefined.

Missing character: There is no , ("2C) in font nullfont!

Overfull \hbox (4.96396pt too wide) in paragraph at lines 225--225
 [] 
 []


Overfull \hbox (7.74396pt too wide) in paragraph at lines 225--225
 \TU/lmss/m/n/10 , 
 []


Overfull \hbox (23.79396pt too wide) in paragraph at lines 225--225
 \TU/lmss/m/n/10 min- 
 []


Overfull \hbox (10.68396pt too wide) in paragraph at lines 225--225
 \TU/lmss/m/n/10 i- 
 []


Overfull \hbox (26.01396pt too wide) in paragraph at lines 225--225
 \TU/lmss/m/n/10 mum 
 []


Overfull \hbox (66.46396pt too wide) in paragraph at lines 225--225
 \TU/lmss/m/n/10 height=0.9cm, 
 []


Overfull \hbox (15.85396pt too wide) in paragraph at lines 225--225
 \TU/lmss/m/n/10 in- 
 []


Overfull \hbox (17.99396pt too wide) in paragraph at lines 225--225
 \TU/lmss/m/n/10 ner 
 []


Overfull \hbox (39.96396pt too wide) in paragraph at lines 225--225
 \TU/lmss/m/n/10 sep=7pt 
 []


Overfull \hbox (7.74396pt too wide) in paragraph at lines 225--225
 \TU/lmss/m/n/10 , 
 []


Overfull \hbox (48.10396pt too wide) in paragraph at lines 225--225
 \TU/lmss/m/n/10 fill=white, 
 []


Overfull \hbox (15.85396pt too wide) in paragraph at lines 225--225
 \TU/lmss/m/n/10 in- 
 []


Overfull \hbox (17.99396pt too wide) in paragraph at lines 225--225
 \TU/lmss/m/n/10 ner 
 []


Overfull \hbox (42.74396pt too wide) in paragraph at lines 225--225
 \TU/lmss/m/n/10 sep=2pt, 
 []


Overfull \hbox (38.50397pt too wide) in paragraph at lines 225--225
 \TU/lmss/m/n/10 rounded 
 []


Overfull \hbox (20.87396pt too wide) in paragraph at lines 225--225
 \TU/lmss/m/n/10 cor- 
 []


Overfull \hbox (43.38396pt too wide) in paragraph at lines 225--225
 \TU/lmss/m/n/10 ners=2pt 
 []


Overfull \hbox (4.96396pt too wide) in paragraph at lines 225--225
  
 []

! Undefined control sequence.
<argument> ...ners=2pt}, } \par \useasboundingbox 
                                                  (-3.8,-1.9) rectangle (12....
l.225     }
           % end \fbox
The control sequence at the end of the top line
of your error message was never \def'ed. If you have
misspelled it (e.g., `\hobx'), type `I' and the correct
spelling (e.g., `I\hbox'). Otherwise just continue,
and I'll forget about whatever was undefined.

Missing character: There is no ( ("28) in font nullfont!
Missing character: There is no - ("2D) in font nullfont!
Missing character: There is no 3 ("33) in font nullfont!
Missing character: There is no . ("2E) in font nullfont!
Missing character: There is no 8 ("38) in font nullfont!
Missing character: There is no , ("2C) in font nullfont!
Missing character: There is no - ("2D) in font nullfont!
Missing character: There is no 1 ("31) in font nullfont!
Missing character: There is no . ("2E) in font nullfont!
Missing character: There is no 9 ("39) in font nullfont!
Missing character: There is no ) ("29) in font nullfont!
Missing character: There is no r ("72) in font nullfont!
Missing character: There is no e ("65) in font nullfont!
Missing character: There is no c ("63) in font nullfont!
Missing character: There is no t ("74) in font nullfont!
Missing character: There is no a ("61) in font nullfont!
Missing character: There is no n ("6E) in font nullfont!
Missing character: There is no g ("67) in font nullfont!
Missing character: There is no l ("6C) in font nullfont!
Missing character: There is no e ("65) in font nullfont!
Missing character: There is no ( ("28) in font nullfont!
Missing character: There is no 1 ("31) in font nullfont!
Missing character: There is no 2 ("32) in font nullfont!
Missing character: There is no . ("2E) in font nullfont!
Missing character: There is no 8 ("38) in font nullfont!
Missing character: There is no , ("2C) in font nullfont!
Missing character: There is no 9 ("39) in font nullfont!
Missing character: There is no . ("2E) in font nullfont!
Missing character: There is no 2 ("32) in font nullfont!
Missing character: There is no ) ("29) in font nullfont!
Missing character: There is no ; ("3B) in font nullfont!

Overfull \hbox (4.96396pt too wide) in paragraph at lines 225--225
 [] 
 []


Overfull \hbox (4.96396pt too wide) in paragraph at lines 225--225
  
 []

! Undefined control sequence.
<argument> ...9) rectangle (12.8,9.2); \par \node 
                                                  [envbox] (food) at (-1.5, ...
l.225     }
           % end \fbox
The control sequence at the end of the top line
of your error message was never \def'ed. If you have
misspelled it (e.g., `\hobx'), type `I' and the correct
spelling (e.g., `I\hbox'). Otherwise just continue,
and I'll forget about whatever was undefined.

Missing character: There is no [ ("5B) in font nullfont!
Missing character: There is no e ("65) in font nullfont!
Missing character: There is no n ("6E) in font nullfont!
Missing character: There is no v ("76) in font nullfont!
Missing character: There is no b ("62) in font nullfont!
Missing character: There is no o ("6F) in font nullfont!
Missing character: There is no x ("78) in font nullfont!
Missing character: There is no ] ("5D) in font nullfont!
Missing character: There is no ( ("28) in font nullfont!
Missing character: There is no f ("66) in font nullfont!
Missing character: There is no o ("6F) in font nullfont!
Missing character: There is no o ("6F) in font nullfont!
Missing character: There is no d ("64) in font nullfont!
Missing character: There is no ) ("29) in font nullfont!
Missing character: There is no a ("61) in font nullfont!
Missing character: There is no t ("74) in font nullfont!
Missing character: There is no ( ("28) in font nullfont!
Missing character: There is no - ("2D) in font nullfont!
Missing character: There is no 1 ("31) in font nullfont!
Missing character: There is no . ("2E) in font nullfont!
Missing character: There is no 5 ("35) in font nullfont!
Missing character: There is no , ("2C) in font nullfont!
Missing character: There is no 7 ("37) in font nullfont!
Missing character: There is no . ("2E) in font nullfont!
Missing character: There is no 8 ("38) in font nullfont!
Missing character: There is no ) ("29) in font nullfont!
Missing character: There is no F ("46) in font nullfont!
Missing character: There is no o ("6F) in font nullfont!
Missing character: There is no o ("6F) in font nullfont!
Missing character: There is no d ("64) in font nullfont!
Missing character: There is no I ("49) in font nullfont!
Missing character: There is no t ("74) in font nullfont!
Missing character: There is no e ("65) in font nullfont!
Missing character: There is no m ("6D) in font nullfont!
Missing character: There is no s ("73) in font nullfont!

Overfull \hbox (4.96396pt too wide) in paragraph at lines 225--225
 [] 
 []


Overfull \hbox (4.96396pt too wide) in paragraph at lines 225--225
  
 []

! Undefined control sequence.
<argument> ...) {Food Items\\[-2pt]{\footnotesize 
                                                  periodic spawn}}; \node [e...
l.225     }
           % end \fbox
The control sequence at the end of the top line
of your error message was never \def'ed. If you have
misspelled it (e.g., `\hobx'), type `I' and the correct
spelling (e.g., `I\hbox'). Otherwise just continue,
and I'll forget about whatever was undefined.

Missing character: There is no p ("70) in font nullfont!
Missing character: There is no e ("65) in font nullfont!
Missing character: There is no r ("72) in font nullfont!
Missing character: There is no i ("69) in font nullfont!
Missing character: There is no o ("6F) in font nullfont!
Missing character: There is no d ("64) in font nullfont!
Missing character: There is no i ("69) in font nullfont!
Missing character: There is no c ("63) in font nullfont!
Missing character: There is no s ("73) in font nullfont!
Missing character: There is no p ("70) in font nullfont!
Missing character: There is no a ("61) in font nullfont!
Missing character: There is no w ("77) in font nullfont!
Missing character: There is no n ("6E) in font nullfont!
Missing character: There is no ; ("3B) in font nullfont!
! Undefined control sequence.
<argument> ...ootnotesize periodic spawn}}; \node 
                                                  [envbox] (threat) at ( 10,...
l.225     }
           % end \fbox
The control sequence at the end of the top line
of your error message was never \def'ed. If you have
misspelled it (e.g., `\hobx'), type `I' and the correct
spelling (e.g., `I\hbox'). Otherwise just continue,
and I'll forget about whatever was undefined.

Missing character: There is no [ ("5B) in font nullfont!
Missing character: There is no e ("65) in font nullfont!
Missing character: There is no n ("6E) in font nullfont!
Missing character: There is no v ("76) in font nullfont!
Missing character: There is no b ("62) in font nullfont!
Missing character: There is no o ("6F) in font nullfont!
Missing character: There is no x ("78) in font nullfont!
Missing character: There is no ] ("5D) in font nullfont!
Missing character: There is no ( ("28) in font nullfont!
Missing character: There is no t ("74) in font nullfont!
Missing character: There is no h ("68) in font nullfont!
Missing character: There is no r ("72) in font nullfont!
Missing character: There is no e ("65) in font nullfont!
Missing character: There is no a ("61) in font nullfont!
Missing character: There is no t ("74) in font nullfont!
Missing character: There is no ) ("29) in font nullfont!
Missing character: There is no a ("61) in font nullfont!
Missing character: There is no t ("74) in font nullfont!
Missing character: There is no ( ("28) in font nullfont!
Missing character: There is no 1 ("31) in font nullfont!
Missing character: There is no 0 ("30) in font nullfont!
Missing character: There is no , ("2C) in font nullfont!
Missing character: There is no 5 ("35) in font nullfont!
Missing character: There is no . ("2E) in font nullfont!
Missing character: There is no 5 ("35) in font nullfont!
Missing character: There is no ) ("29) in font nullfont!
Missing character: There is no T ("54) in font nullfont!
Missing character: There is no h ("68) in font nullfont!
Missing character: There is no r ("72) in font nullfont!
Missing character: There is no e ("65) in font nullfont!
Missing character: There is no a ("61) in font nullfont!
Missing character: There is no t ("74) in font nullfont!
Missing character: There is no A ("41) in font nullfont!
Missing character: There is no g ("67) in font nullfont!
Missing character: There is no e ("65) in font nullfont!
Missing character: There is no n ("6E) in font nullfont!
Missing character: There is no t ("74) in font nullfont!
Missing character: There is no s ("73) in font nullfont!

Overfull \hbox (4.96396pt too wide) in paragraph at lines 225--225
 [] 
 []


Overfull \hbox (4.96396pt too wide) in paragraph at lines 225--225
  
 []

! Undefined control sequence.
<argument> ...Threat Agents\\[-2pt]{\footnotesize 
                                                  patrol\,/\,chase\,/\,flee}...
l.225     }
           % end \fbox
The control sequence at the end of the top line
of your error message was never \def'ed. If you have
misspelled it (e.g., `\hobx'), type `I' and the correct
spelling (e.g., `I\hbox'). Otherwise just continue,
and I'll forget about whatever was undefined.

Missing character: There is no p ("70) in font nullfont!
Missing character: There is no a ("61) in font nullfont!
Missing character: There is no t ("74) in font nullfont!
Missing character: There is no r ("72) in font nullfont!
Missing character: There is no o ("6F) in font nullfont!
Missing character: There is no l ("6C) in font nullfont!
Missing character: There is no / ("2F) in font nullfont!
Missing character: There is no c ("63) in font nullfont!
Missing character: There is no h ("68) in font nullfont!
Missing character: There is no a ("61) in font nullfont!
Missing character: There is no s ("73) in font nullfont!
Missing character: There is no e ("65) in font nullfont!
Missing character: There is no / ("2F) in font nullfont!
Missing character: There is no f ("66) in font nullfont!
Missing character: There is no l ("6C) in font nullfont!
Missing character: There is no e ("65) in font nullfont!
Missing character: There is no e ("65) in font nullfont!
Missing character: There is no ; ("3B) in font nullfont!
! Undefined control sequence.
<argument> ... patrol\,/\,chase\,/\,flee}}; \node 
                                                  [childbox] (child) at (-1....
l.225     }
           % end \fbox
The control sequence at the end of the top line
of your error message was never \def'ed. If you have
misspelled it (e.g., `\hobx'), type `I' and the correct
spelling (e.g., `I\hbox'). Otherwise just continue,
and I'll forget about whatever was undefined.

Missing character: There is no [ ("5B) in font nullfont!
Missing character: There is no c ("63) in font nullfont!
Missing character: There is no h ("68) in font nullfont!
Missing character: There is no i ("69) in font nullfont!
Missing character: There is no l ("6C) in font nullfont!
Missing character: There is no d ("64) in font nullfont!
Missing character: There is no b ("62) in font nullfont!
Missing character: There is no o ("6F) in font nullfont!
Missing character: There is no x ("78) in font nullfont!
Missing character: There is no ] ("5D) in font nullfont!
Missing character: There is no ( ("28) in font nullfont!
Missing character: There is no c ("63) in font nullfont!
Missing character: There is no h ("68) in font nullfont!
Missing character: There is no i ("69) in font nullfont!
Missing character: There is no l ("6C) in font nullfont!
Missing character: There is no d ("64) in font nullfont!
Missing character: There is no ) ("29) in font nullfont!
Missing character: There is no a ("61) in font nullfont!
Missing character: There is no t ("74) in font nullfont!
Missing character: There is no ( ("28) in font nullfont!
Missing character: There is no - ("2D) in font nullfont!
Missing character: There is no 1 ("31) in font nullfont!
Missing character: There is no . ("2E) in font nullfont!
Missing character: There is no 5 ("35) in font nullfont!
Missing character: There is no , ("2C) in font nullfont!
Missing character: There is no 3 ("33) in font nullfont!
Missing character: There is no . ("2E) in font nullfont!
Missing character: There is no 5 ("35) in font nullfont!
Missing character: There is no ) ("29) in font nullfont!

Overfull \hbox (4.96396pt too wide) in paragraph at lines 225--225
 [] 
 []


Overfull \hbox (32.43396pt too wide) in paragraph at lines 225--225
 \TU/lmr/bx/n/10 Child 
 []


Overfull \hbox (35.69395pt too wide) in paragraph at lines 225--225
 \TU/lmr/bx/n/10 States 
 []

! Undefined control sequence.
<argument> ...{Child States}\\[3pt]{\footnotesize 
                                                  $H_C$\quad $W_C$\quad $I_C...
l.225     }
           % end \fbox
The control sequence at the end of the top line
of your error message was never \def'ed. If you have
misspelled it (e.g., `\hobx'), type `I' and the correct
spelling (e.g., `I\hbox'). Otherwise just continue,
and I'll forget about whatever was undefined.

LaTeX Font Info:    External font `cmex10' loaded for size
(Font)              <7> on input line 225.
LaTeX Font Info:    External font `cmex10' loaded for size
(Font)              <5> on input line 225.
Missing character: There is no ; ("3B) in font nullfont!

Overfull \hbox (20.00244pt too wide) in paragraph at lines 225--225
 []$\OML/cmm/m/it/10 H[]$ 
 []


Overfull \hbox (21.13438pt too wide) in paragraph at lines 225--225
 \OML/cmm/m/it/10 W[]$ 
 []


Overfull \hbox (16.08578pt too wide) in paragraph at lines 225--225
 \OML/cmm/m/it/10 I[]$ 
 []

! Undefined control sequence.
<argument> ...quad $W_C$\quad $I_C$}}; \par \node 
                                                  [physbox] (physio) at (4.0...
l.225     }
           % end \fbox
The control sequence at the end of the top line
of your error message was never \def'ed. If you have
misspelled it (e.g., `\hobx'), type `I' and the correct
spelling (e.g., `I\hbox'). Otherwise just continue,
and I'll forget about whatever was undefined.

Missing character: There is no [ ("5B) in font nullfont!
Missing character: There is no p ("70) in font nullfont!
Missing character: There is no h ("68) in font nullfont!
Missing character: There is no y ("79) in font nullfont!
Missing character: There is no s ("73) in font nullfont!
Missing character: There is no b ("62) in font nullfont!
Missing character: There is no o ("6F) in font nullfont!
Missing character: There is no x ("78) in font nullfont!
Missing character: There is no ] ("5D) in font nullfont!
Missing character: There is no ( ("28) in font nullfont!
Missing character: There is no p ("70) in font nullfont!
Missing character: There is no h ("68) in font nullfont!
Missing character: There is no y ("79) in font nullfont!
Missing character: There is no s ("73) in font nullfont!
Missing character: There is no i ("69) in font nullfont!
Missing character: There is no o ("6F) in font nullfont!
Missing character: There is no ) ("29) in font nullfont!
Missing character: There is no a ("61) in font nullfont!
Missing character: There is no t ("74) in font nullfont!
Missing character: There is no ( ("28) in font nullfont!
Missing character: There is no 4 ("34) in font nullfont!
Missing character: There is no . ("2E) in font nullfont!
Missing character: There is no 0 ("30) in font nullfont!
Missing character: There is no , ("2C) in font nullfont!
Missing character: There is no 7 ("37) in font nullfont!
Missing character: There is no . ("2E) in font nullfont!
Missing character: There is no 5 ("35) in font nullfont!
Missing character: There is no ) ("29) in font nullfont!

Overfull \hbox (4.96396pt too wide) in paragraph at lines 225--225
 [] 
 []


Overfull \hbox (33.33395pt too wide) in paragraph at lines 225--225
 \TU/lmr/bx/n/10 Phys- 
 []


Overfull \hbox (11.98396pt too wide) in paragraph at lines 225--225
 \TU/lmr/bx/n/10 i- 
 []


Overfull \hbox (17.73396pt too wide) in paragraph at lines 225--225
 \TU/lmr/bx/n/10 ol- 
 []


Overfull \hbox (22.53397pt too wide) in paragraph at lines 225--225
 \TU/lmr/bx/n/10 ogy 
 []

! Undefined control sequence.
<argument> ... {Physiology}\\[3pt] {\footnotesize 
                                                  $E_M$\,(energy)\quad $\Phi...
l.225     }
           % end \fbox
The control sequence at the end of the top line
of your error message was never \def'ed. If you have
misspelled it (e.g., `\hobx'), type `I' and the correct
spelling (e.g., `I\hbox'). Otherwise just continue,
and I'll forget about whatever was undefined.

Missing character: There is no ( ("28) in font nullfont!
Missing character: There is no e ("65) in font nullfont!
Missing character: There is no n ("6E) in font nullfont!
Missing character: There is no e ("65) in font nullfont!
Missing character: There is no r ("72) in font nullfont!
Missing character: There is no g ("67) in font nullfont!
Missing character: There is no y ("79) in font nullfont!
Missing character: There is no ) ("29) in font nullfont!
Missing character: There is no ( ("28) in font nullfont!
Missing character: There is no f ("66) in font nullfont!
Missing character: There is no a ("61) in font nullfont!
Missing character: There is no t ("74) in font nullfont!
Missing character: There is no i ("69) in font nullfont!
Missing character: There is no g ("67) in font nullfont!
Missing character: There is no u ("75) in font nullfont!
Missing character: There is no e ("65) in font nullfont!
Missing character: There is no ) ("29) in font nullfont!
Missing character: There is no ; ("3B) in font nullfont!
! Undefined control sequence.
<argument> ...\quad $\Phi _M$\,(fatigue)}}; \node 
                                                  [hormbox] (horm) at (4.0, ...
l.225     }
           % end \fbox
The control sequence at the end of the top line
of your error message was never \def'ed. If you have
misspelled it (e.g., `\hobx'), type `I' and the correct
spelling (e.g., `I\hbox'). Otherwise just continue,
and I'll forget about whatever was undefined.

Missing character: There is no [ ("5B) in font nullfont!
Missing character: There is no h ("68) in font nullfont!
Missing character: There is no o ("6F) in font nullfont!
Missing character: There is no r ("72) in font nullfont!
Missing character: There is no m ("6D) in font nullfont!
Missing character: There is no b ("62) in font nullfont!
Missing character: There is no o ("6F) in font nullfont!
Missing character: There is no x ("78) in font nullfont!
Missing character: There is no ] ("5D) in font nullfont!
Missing character: There is no ( ("28) in font nullfont!
Missing character: There is no h ("68) in font nullfont!
Missing character: There is no o ("6F) in font nullfont!
Missing character: There is no r ("72) in font nullfont!
Missing character: There is no m ("6D) in font nullfont!
Missing character: There is no ) ("29) in font nullfont!
Missing character: There is no a ("61) in font nullfont!
Missing character: There is no t ("74) in font nullfont!
Missing character: There is no ( ("28) in font nullfont!
Missing character: There is no 4 ("34) in font nullfont!
Missing character: There is no . ("2E) in font nullfont!
Missing character: There is no 0 ("30) in font nullfont!
Missing character: There is no , ("2C) in font nullfont!
Missing character: There is no 5 ("35) in font nullfont!
Missing character: There is no . ("2E) in font nullfont!
Missing character: There is no 5 ("35) in font nullfont!
Missing character: There is no ) ("29) in font nullfont!

Overfull \hbox (21.2223pt too wide) in paragraph at lines 225--225
 []$\OML/cmm/m/it/10 E[]$ 
 []


Overfull \hbox (21.06259pt too wide) in paragraph at lines 225--225
 \OT1/cmr/m/n/10 ^^H[]$ 
 []


Overfull \hbox (28.28397pt too wide) in paragraph at lines 225--225
 \TU/lmr/bx/n/10 Hor- 
 []


Overfull \hbox (36.49396pt too wide) in paragraph at lines 225--225
 \TU/lmr/bx/n/10 mones 
 []

! Undefined control sequence.
<argument> ...bf {Hormones}\\[3pt] {\footnotesize 
                                                  Oxytocin\,$OT$\quad Cortis...
l.225     }
           % end \fbox
The control sequence at the end of the top line
of your error message was never \def'ed. If you have
misspelled it (e.g., `\hobx'), type `I' and the correct
spelling (e.g., `I\hbox'). Otherwise just continue,
and I'll forget about whatever was undefined.

Missing character: There is no O ("4F) in font nullfont!
Missing character: There is no x ("78) in font nullfont!
Missing character: There is no y ("79) in font nullfont!
Missing character: There is no t ("74) in font nullfont!
Missing character: There is no o ("6F) in font nullfont!
Missing character: There is no c ("63) in font nullfont!
Missing character: There is no i ("69) in font nullfont!
Missing character: There is no n ("6E) in font nullfont!
Missing character: There is no C ("43) in font nullfont!
Missing character: There is no o ("6F) in font nullfont!
Missing character: There is no r ("72) in font nullfont!
Missing character: There is no t ("74) in font nullfont!
Missing character: There is no i ("69) in font nullfont!
Missing character: There is no s ("73) in font nullfont!
Missing character: There is no o ("6F) in font nullfont!
Missing character: There is no l ("6C) in font nullfont!
Missing character: There is no ; ("3B) in font nullfont!
! Undefined control sequence.
<argument> ...$OT$\quad Cortisol\,$CORT$}}; \node 
                                                  [psychbox] (psych) at (4.0...
l.225     }
           % end \fbox
The control sequence at the end of the top line
of your error message was never \def'ed. If you have
misspelled it (e.g., `\hobx'), type `I' and the correct
spelling (e.g., `I\hbox'). Otherwise just continue,
and I'll forget about whatever was undefined.

Missing character: There is no [ ("5B) in font nullfont!
Missing character: There is no p ("70) in font nullfont!
Missing character: There is no s ("73) in font nullfont!
Missing character: There is no y ("79) in font nullfont!
Missing character: There is no c ("63) in font nullfont!
Missing character: There is no h ("68) in font nullfont!
Missing character: There is no b ("62) in font nullfont!
Missing character: There is no o ("6F) in font nullfont!
Missing character: There is no x ("78) in font nullfont!
Missing character: There is no ] ("5D) in font nullfont!
Missing character: There is no ( ("28) in font nullfont!
Missing character: There is no p ("70) in font nullfont!
Missing character: There is no s ("73) in font nullfont!
Missing character: There is no y ("79) in font nullfont!
Missing character: There is no c ("63) in font nullfont!
Missing character: There is no h ("68) in font nullfont!
Missing character: There is no ) ("29) in font nullfont!
Missing character: There is no a ("61) in font nullfont!
Missing character: There is no t ("74) in font nullfont!
Missing character: There is no ( ("28) in font nullfont!
Missing character: There is no 4 ("34) in font nullfont!
Missing character: There is no . ("2E) in font nullfont!
Missing character: There is no 0 ("30) in font nullfont!
Missing character: There is no , ("2C) in font nullfont!
Missing character: There is no 3 ("33) in font nullfont!
Missing character: There is no . ("2E) in font nullfont!
Missing character: There is no 5 ("35) in font nullfont!
Missing character: There is no ) ("29) in font nullfont!

Overfull \hbox (20.10216pt too wide) in paragraph at lines 225--225
 []$\OML/cmm/m/it/10 OT$ 
 []


Overfull \hbox (35.6348pt too wide) in paragraph at lines 225--225
 \OML/cmm/m/it/10 CORT$ 
 []


Overfull \hbox (27.26396pt too wide) in paragraph at lines 225--225
 \TU/lmr/bx/n/10 Psy- 
 []


Overfull \hbox (28.91396pt too wide) in paragraph at lines 225--225
 \TU/lmr/bx/n/10 chol- 
 []


Overfull \hbox (22.53397pt too wide) in paragraph at lines 225--225
 \TU/lmr/bx/n/10 ogy 
 []

! Undefined control sequence.
<argument> ... {Psychology}\\[3pt] {\footnotesize 
                                                  Closeness\enspace Fear\ens...
l.225     }
           % end \fbox
The control sequence at the end of the top line
of your error message was never \def'ed. If you have
misspelled it (e.g., `\hobx'), type `I' and the correct
spelling (e.g., `I\hbox'). Otherwise just continue,
and I'll forget about whatever was undefined.

Missing character: There is no C ("43) in font nullfont!
Missing character: There is no l ("6C) in font nullfont!
Missing character: There is no o ("6F) in font nullfont!
Missing character: There is no s ("73) in font nullfont!
Missing character: There is no e ("65) in font nullfont!
Missing character: There is no n ("6E) in font nullfont!
Missing character: There is no e ("65) in font nullfont!
Missing character: There is no s ("73) in font nullfont!
Missing character: There is no s ("73) in font nullfont!
Missing character: There is no F ("46) in font nullfont!
Missing character: There is no e ("65) in font nullfont!
Missing character: There is no a ("61) in font nullfont!
Missing character: There is no r ("72) in font nullfont!
Missing character: There is no B ("42) in font nullfont!
Missing character: There is no o ("6F) in font nullfont!
Missing character: There is no n ("6E) in font nullfont!
Missing character: There is no d ("64) in font nullfont!
Missing character: There is no i ("69) in font nullfont!
Missing character: There is no n ("6E) in font nullfont!
Missing character: There is no g ("67) in font nullfont!
Missing character: There is no S ("53) in font nullfont!
Missing character: There is no t ("74) in font nullfont!
Missing character: There is no r ("72) in font nullfont!
Missing character: There is no e ("65) in font nullfont!
Missing character: There is no s ("73) in font nullfont!
Missing character: There is no s ("73) in font nullfont!
Missing character: There is no ; ("3B) in font nullfont!
! Undefined control sequence.
<argument> ...ace Bonding\enspace Stress}}; \node 
                                                  [motivbox] (motiv) at (4.0...
l.225     }
           % end \fbox
The control sequence at the end of the top line
of your error message was never \def'ed. If you have
misspelled it (e.g., `\hobx'), type `I' and the correct
spelling (e.g., `I\hbox'). Otherwise just continue,
and I'll forget about whatever was undefined.

Missing character: There is no [ ("5B) in font nullfont!
Missing character: There is no m ("6D) in font nullfont!
Missing character: There is no o ("6F) in font nullfont!
Missing character: There is no t ("74) in font nullfont!
Missing character: There is no i ("69) in font nullfont!
Missing character: There is no v ("76) in font nullfont!
Missing character: There is no b ("62) in font nullfont!
Missing character: There is no o ("6F) in font nullfont!
Missing character: There is no x ("78) in font nullfont!
Missing character: There is no ] ("5D) in font nullfont!
Missing character: There is no ( ("28) in font nullfont!
Missing character: There is no m ("6D) in font nullfont!
Missing character: There is no o ("6F) in font nullfont!
Missing character: There is no t ("74) in font nullfont!
Missing character: There is no i ("69) in font nullfont!
Missing character: There is no v ("76) in font nullfont!
Missing character: There is no ) ("29) in font nullfont!
Missing character: There is no a ("61) in font nullfont!
Missing character: There is no t ("74) in font nullfont!
Missing character: There is no ( ("28) in font nullfont!
Missing character: There is no 4 ("34) in font nullfont!
Missing character: There is no . ("2E) in font nullfont!
Missing character: There is no 0 ("30) in font nullfont!
Missing character: There is no , ("2C) in font nullfont!
Missing character: There is no 1 ("31) in font nullfont!
Missing character: There is no . ("2E) in font nullfont!
Missing character: There is no 5 ("35) in font nullfont!
Missing character: There is no ) ("29) in font nullfont!
Missing character: There is no ( ("28) in font nullfont!
Missing character: There is no ) ("29) in font nullfont!

Overfull \hbox (4.96396pt too wide) in paragraph at lines 225--225
 [] 
 []


Overfull \hbox (25.46396pt too wide) in paragraph at lines 225--225
 \TU/lmr/bx/n/10 Mo- 
 []


Overfull \hbox (16.45396pt too wide) in paragraph at lines 225--225
 \TU/lmr/bx/n/10 ti- 
 []


Overfull \hbox (19.81396pt too wide) in paragraph at lines 225--225
 \TU/lmr/bx/n/10 va- 
 []


Overfull \hbox (61.9707pt too wide) in paragraph at lines 225--225
 \TU/lmr/bx/n/10 tions$[]  []$ 
 []

! Undefined control sequence.
<argument> ...arg \!\max $)\\[3pt] {\footnotesize 
                                                  Forage\enspace Care\enspac...
l.225     }
           % end \fbox
The control sequence at the end of the top line
of your error message was never \def'ed. If you have
misspelled it (e.g., `\hobx'), type `I' and the correct
spelling (e.g., `I\hbox'). Otherwise just continue,
and I'll forget about whatever was undefined.

Missing character: There is no F ("46) in font nullfont!
Missing character: There is no o ("6F) in font nullfont!
Missing character: There is no r ("72) in font nullfont!
Missing character: There is no a ("61) in font nullfont!
Missing character: There is no g ("67) in font nullfont!
Missing character: There is no e ("65) in font nullfont!
Missing character: There is no C ("43) in font nullfont!
Missing character: There is no a ("61) in font nullfont!
Missing character: There is no r ("72) in font nullfont!
Missing character: There is no e ("65) in font nullfont!
Missing character: There is no P ("50) in font nullfont!
Missing character: There is no r ("72) in font nullfont!
Missing character: There is no o ("6F) in font nullfont!
Missing character: There is no t ("74) in font nullfont!
Missing character: There is no e ("65) in font nullfont!
Missing character: There is no c ("63) in font nullfont!
Missing character: There is no t ("74) in font nullfont!
Missing character: There is no S ("53) in font nullfont!
Missing character: There is no e ("65) in font nullfont!
Missing character: There is no l ("6C) in font nullfont!
Missing character: There is no f ("66) in font nullfont!
Missing character: There is no ; ("3B) in font nullfont!
! Undefined control sequence.
<argument> ...space Protect\enspace Self}}; \node 
                                                  [actbox] (act) at (4.0, -....
l.225     }
           % end \fbox
The control sequence at the end of the top line
of your error message was never \def'ed. If you have
misspelled it (e.g., `\hobx'), type `I' and the correct
spelling (e.g., `I\hbox'). Otherwise just continue,
and I'll forget about whatever was undefined.

Missing character: There is no [ ("5B) in font nullfont!
Missing character: There is no a ("61) in font nullfont!
Missing character: There is no c ("63) in font nullfont!
Missing character: There is no t ("74) in font nullfont!
Missing character: There is no b ("62) in font nullfont!
Missing character: There is no o ("6F) in font nullfont!
Missing character: There is no x ("78) in font nullfont!
Missing character: There is no ] ("5D) in font nullfont!
Missing character: There is no ( ("28) in font nullfont!
Missing character: There is no a ("61) in font nullfont!
Missing character: There is no c ("63) in font nullfont!
Missing character: There is no t ("74) in font nullfont!
Missing character: There is no ) ("29) in font nullfont!
Missing character: There is no a ("61) in font nullfont!
Missing character: There is no t ("74) in font nullfont!
Missing character: There is no ( ("28) in font nullfont!
Missing character: There is no 4 ("34) in font nullfont!
Missing character: There is no . ("2E) in font nullfont!
Missing character: There is no 0 ("30) in font nullfont!
Missing character: There is no , ("2C) in font nullfont!
Missing character: There is no - ("2D) in font nullfont!
Missing character: There is no . ("2E) in font nullfont!
Missing character: There is no 5 ("35) in font nullfont!
Missing character: There is no ) ("29) in font nullfont!

Overfull \hbox (4.96396pt too wide) in paragraph at lines 225--225
 [] 
 []


Overfull \hbox (22.27396pt too wide) in paragraph at lines 225--225
 \TU/lmr/bx/n/10 Ac- 
 []


Overfull \hbox (24.76396pt too wide) in paragraph at lines 225--225
 \TU/lmr/bx/n/10 tion 
 []


Overfull \hbox (25.27396pt too wide) in paragraph at lines 225--225
 \TU/lmr/bx/n/10 Pol- 
 []


Overfull \hbox (19.33395pt too wide) in paragraph at lines 225--225
 \TU/lmr/bx/n/10 icy 
 []

! Undefined control sequence.
<argument> ...ction Policy}\\[3pt] {\footnotesize 
                                                  \texttt {eat}\enspace \tex...
l.225     }
           % end \fbox
The control sequence at the end of the top line
of your error message was never \def'ed. If you have
misspelled it (e.g., `\hobx'), type `I' and the correct
spelling (e.g., `I\hbox'). Otherwise just continue,
and I'll forget about whatever was undefined.

Missing character: There is no ; ("3B) in font nullfont!

Overfull \hbox (136.21396pt too wide) in paragraph at lines 225--225
 []\TU/lmtt/m/n/10 eatfeed_childcarereststay 
 []


! LaTeX Error: Environment scope undefined.

See the LaTeX manual or LaTeX Companion for explanation.
Type  H <return>  for immediate help.
 ...                                              
                                                  
l.225     }
           % end \fbox
Your command was ignored.
Type  I <command> <return>  to replace it with another command,
or  <return>  to continue without it.

Missing character: There is no [ ("5B) in font nullfont!
Missing character: There is no o ("6F) in font nullfont!
Missing character: There is no n ("6E) in font nullfont!
Missing character: There is no b ("62) in font nullfont!
Missing character: There is no a ("61) in font nullfont!
Missing character: There is no c ("63) in font nullfont!
Missing character: There is no k ("6B) in font nullfont!
Missing character: There is no g ("67) in font nullfont!
Missing character: There is no r ("72) in font nullfont!
Missing character: There is no o ("6F) in font nullfont!
Missing character: There is no u ("75) in font nullfont!
Missing character: There is no n ("6E) in font nullfont!
Missing character: There is no d ("64) in font nullfont!
Missing character: There is no l ("6C) in font nullfont!
Missing character: There is no a ("61) in font nullfont!
Missing character: There is no y ("79) in font nullfont!
Missing character: There is no e ("65) in font nullfont!
Missing character: There is no r ("72) in font nullfont!
Missing character: There is no ] ("5D) in font nullfont!
! Undefined control sequence.
<argument> ... {scope}[on background layer] \node 
                                                  [draw=gray!75, dashed, rou...
l.225     }
           % end \fbox
The control sequence at the end of the top line
of your error message was never \def'ed. If you have
misspelled it (e.g., `\hobx'), type `I' and the correct
spelling (e.g., `I\hbox'). Otherwise just continue,
and I'll forget about whatever was undefined.

Missing character: There is no [ ("5B) in font nullfont!
Missing character: There is no d ("64) in font nullfont!
Missing character: There is no r ("72) in font nullfont!
Missing character: There is no a ("61) in font nullfont!
Missing character: There is no w ("77) in font nullfont!
Missing character: There is no = ("3D) in font nullfont!
Missing character: There is no g ("67) in font nullfont!
Missing character: There is no r ("72) in font nullfont!
Missing character: There is no a ("61) in font nullfont!
Missing character: There is no y ("79) in font nullfont!
Missing character: There is no ! ("21) in font nullfont!
Missing character: There is no 7 ("37) in font nullfont!
Missing character: There is no 5 ("35) in font nullfont!
Missing character: There is no , ("2C) in font nullfont!
Missing character: There is no d ("64) in font nullfont!
Missing character: There is no a ("61) in font nullfont!
Missing character: There is no s ("73) in font nullfont!
Missing character: There is no h ("68) in font nullfont!
Missing character: There is no e ("65) in font nullfont!
Missing character: There is no d ("64) in font nullfont!
Missing character: There is no , ("2C) in font nullfont!
Missing character: There is no r ("72) in font nullfont!
Missing character: There is no o ("6F) in font nullfont!
Missing character: There is no u ("75) in font nullfont!
Missing character: There is no n ("6E) in font nullfont!
Missing character: There is no d ("64) in font nullfont!
Missing character: There is no e ("65) in font nullfont!
Missing character: There is no d ("64) in font nullfont!
Missing character: There is no c ("63) in font nullfont!
Missing character: There is no o ("6F) in font nullfont!
Missing character: There is no r ("72) in font nullfont!
Missing character: There is no n ("6E) in font nullfont!
Missing character: There is no e ("65) in font nullfont!
Missing character: There is no r ("72) in font nullfont!
Missing character: There is no s ("73) in font nullfont!
Missing character: There is no = ("3D) in font nullfont!
Missing character: There is no 8 ("38) in font nullfont!
Missing character: There is no p ("70) in font nullfont!
Missing character: There is no t ("74) in font nullfont!
Missing character: There is no , ("2C) in font nullfont!
Missing character: There is no f ("66) in font nullfont!
Missing character: There is no i ("69) in font nullfont!
Missing character: There is no l ("6C) in font nullfont!
Missing character: There is no l ("6C) in font nullfont!
Missing character: There is no = ("3D) in font nullfont!
Missing character: There is no g ("67) in font nullfont!
Missing character: There is no r ("72) in font nullfont!
Missing character: There is no a ("61) in font nullfont!
Missing character: There is no y ("79) in font nullfont!
Missing character: There is no ! ("21) in font nullfont!
Missing character: There is no 7 ("37) in font nullfont!
Missing character: There is no , ("2C) in font nullfont!
Missing character: There is no i ("69) in font nullfont!
Missing character: There is no n ("6E) in font nullfont!
Missing character: There is no n ("6E) in font nullfont!
Missing character: There is no e ("65) in font nullfont!
Missing character: There is no r ("72) in font nullfont!
Missing character: There is no s ("73) in font nullfont!
Missing character: There is no e ("65) in font nullfont!
Missing character: There is no p ("70) in font nullfont!
Missing character: There is no = ("3D) in font nullfont!
Missing character: There is no 1 ("31) in font nullfont!
Missing character: There is no 2 ("32) in font nullfont!
Missing character: There is no p ("70) in font nullfont!
Missing character: There is no t ("74) in font nullfont!
Missing character: There is no , ("2C) in font nullfont!
Missing character: There is no f ("66) in font nullfont!
Missing character: There is no i ("69) in font nullfont!
Missing character: There is no t ("74) in font nullfont!
Missing character: There is no = ("3D) in font nullfont!
Missing character: There is no ( ("28) in font nullfont!
Missing character: There is no p ("70) in font nullfont!
Missing character: There is no h ("68) in font nullfont!
Missing character: There is no y ("79) in font nullfont!
Missing character: There is no s ("73) in font nullfont!
Missing character: There is no i ("69) in font nullfont!
Missing character: There is no o ("6F) in font nullfont!
Missing character: There is no ) ("29) in font nullfont!
Missing character: There is no ( ("28) in font nullfont!
Missing character: There is no h ("68) in font nullfont!
Missing character: There is no o ("6F) in font nullfont!
Missing character: There is no r ("72) in font nullfont!
Missing character: There is no m ("6D) in font nullfont!
Missing character: There is no ) ("29) in font nullfont!
Missing character: There is no ( ("28) in font nullfont!
Missing character: There is no p ("70) in font nullfont!
Missing character: There is no s ("73) in font nullfont!
Missing character: There is no y ("79) in font nullfont!
Missing character: There is no c ("63) in font nullfont!
Missing character: There is no h ("68) in font nullfont!
Missing character: There is no ) ("29) in font nullfont!
Missing character: There is no ( ("28) in font nullfont!
Missing character: There is no m ("6D) in font nullfont!
Missing character: There is no o ("6F) in font nullfont!
Missing character: There is no t ("74) in font nullfont!
Missing character: There is no i ("69) in font nullfont!
Missing character: There is no v ("76) in font nullfont!
Missing character: There is no ) ("29) in font nullfont!
Missing character: There is no ( ("28) in font nullfont!
Missing character: There is no a ("61) in font nullfont!
Missing character: There is no c ("63) in font nullfont!
Missing character: There is no t ("74) in font nullfont!
Missing character: There is no ) ("29) in font nullfont!
Missing character: There is no , ("2C) in font nullfont!
Missing character: There is no l ("6C) in font nullfont!
Missing character: There is no a ("61) in font nullfont!
Missing character: There is no b ("62) in font nullfont!
Missing character: There is no e ("65) in font nullfont!
Missing character: There is no l ("6C) in font nullfont!
Missing character: There is no = ("3D) in font nullfont!
Missing character: There is no [ ("5B) in font nullfont!
Missing character: There is no f ("66) in font nullfont!
Missing character: There is no o ("6F) in font nullfont!
Missing character: There is no n ("6E) in font nullfont!
Missing character: There is no t ("74) in font nullfont!
Missing character: There is no = ("3D) in font nullfont!
! Undefined control sequence.
<argument> ...h)(motiv)(act), label={[font=\small 
                                                  \bfseries \sffamily , text...
l.225     }
           % end \fbox
The control sequence at the end of the top line
of your error message was never \def'ed. If you have
misspelled it (e.g., `\hobx'), type `I' and the correct
spelling (e.g., `I\hbox'). Otherwise just continue,
and I'll forget about whatever was undefined.

Missing character: There is no ] ("5D) in font nullfont!
Missing character: There is no ; ("3B) in font nullfont!

! LaTeX Error: \begin{minipage} on input line 225 ended by \end{scope}.

See the LaTeX manual or LaTeX Companion for explanation.
Type  H <return>  for immediate help.
 ...                                              
                                                  
l.225     }
           % end \fbox
Your command was ignored.
Type  I <command> <return>  to replace it with another command,
or  <return>  to continue without it.


Overfull \hbox (4.96396pt too wide) in paragraph at lines 225--225
 [] 
 []


Overfull \hbox (8.02396pt too wide) in paragraph at lines 225--225
 \TU/lmss/bx/n/10 , 
 []


Overfull \hbox (138.07396pt too wide) in paragraph at lines 225--225
 \TU/lmss/bx/n/10 text=gray!100]above:Mother 
 []


Overfull \hbox (32.55396pt too wide) in paragraph at lines 225--225
 \TU/lmss/bx/n/10 Agent 
 []


Overfull \hbox (4.96396pt too wide) in paragraph at lines 225--225
  
 []

! Undefined control sequence.
<argument> ...gent}}] {}; \end {scope} \par \draw 
                                                  [fw] (physio)--(horm); \dr...
l.225     }
           % end \fbox
The control sequence at the end of the top line
of your error message was never \def'ed. If you have
misspelled it (e.g., `\hobx'), type `I' and the correct
spelling (e.g., `I\hbox'). Otherwise just continue,
and I'll forget about whatever was undefined.

Missing character: There is no [ ("5B) in font nullfont!
Missing character: There is no f ("66) in font nullfont!
Missing character: There is no w ("77) in font nullfont!
Missing character: There is no ] ("5D) in font nullfont!
Missing character: There is no ( ("28) in font nullfont!
Missing character: There is no p ("70) in font nullfont!
Missing character: There is no h ("68) in font nullfont!
Missing character: There is no y ("79) in font nullfont!
Missing character: There is no s ("73) in font nullfont!
Missing character: There is no i ("69) in font nullfont!
Missing character: There is no o ("6F) in font nullfont!
Missing character: There is no ) ("29) in font nullfont!
Missing character: There is no - ("2D) in font nullfont!
Missing character: There is no - ("2D) in font nullfont!
Missing character: There is no ( ("28) in font nullfont!
Missing character: There is no h ("68) in font nullfont!
Missing character: There is no o ("6F) in font nullfont!
Missing character: There is no r ("72) in font nullfont!
Missing character: There is no m ("6D) in font nullfont!
Missing character: There is no ) ("29) in font nullfont!
Missing character: There is no ; ("3B) in font nullfont!
! Undefined control sequence.
<argument> ... \draw [fw] (physio)--(horm); \draw 
                                                  [fw] (horm)--(psych); \dra...
l.225     }
           % end \fbox
The control sequence at the end of the top line
of your error message was never \def'ed. If you have
misspelled it (e.g., `\hobx'), type `I' and the correct
spelling (e.g., `I\hbox'). Otherwise just continue,
and I'll forget about whatever was undefined.

Missing character: There is no [ ("5B) in font nullfont!
Missing character: There is no f ("66) in font nullfont!
Missing character: There is no w ("77) in font nullfont!
Missing character: There is no ] ("5D) in font nullfont!
Missing character: There is no ( ("28) in font nullfont!
Missing character: There is no h ("68) in font nullfont!
Missing character: There is no o ("6F) in font nullfont!
Missing character: There is no r ("72) in font nullfont!
Missing character: There is no m ("6D) in font nullfont!
Missing character: There is no ) ("29) in font nullfont!
Missing character: There is no - ("2D) in font nullfont!
Missing character: There is no - ("2D) in font nullfont!
Missing character: There is no ( ("28) in font nullfont!
Missing character: There is no p ("70) in font nullfont!
Missing character: There is no s ("73) in font nullfont!
Missing character: There is no y ("79) in font nullfont!
Missing character: There is no c ("63) in font nullfont!
Missing character: There is no h ("68) in font nullfont!
Missing character: There is no ) ("29) in font nullfont!
Missing character: There is no ; ("3B) in font nullfont!
! Undefined control sequence.
<argument> ...; \draw [fw] (horm)--(psych); \draw 
                                                  [fw] (psych)--(motiv); \dr...
l.225     }
           % end \fbox
The control sequence at the end of the top line
of your error message was never \def'ed. If you have
misspelled it (e.g., `\hobx'), type `I' and the correct
spelling (e.g., `I\hbox'). Otherwise just continue,
and I'll forget about whatever was undefined.

Missing character: There is no [ ("5B) in font nullfont!
Missing character: There is no f ("66) in font nullfont!
Missing character: There is no w ("77) in font nullfont!
Missing character: There is no ] ("5D) in font nullfont!
Missing character: There is no ( ("28) in font nullfont!
Missing character: There is no p ("70) in font nullfont!
Missing character: There is no s ("73) in font nullfont!
Missing character: There is no y ("79) in font nullfont!
Missing character: There is no c ("63) in font nullfont!
Missing character: There is no h ("68) in font nullfont!
Missing character: There is no ) ("29) in font nullfont!
Missing character: There is no - ("2D) in font nullfont!
Missing character: There is no - ("2D) in font nullfont!
Missing character: There is no ( ("28) in font nullfont!
Missing character: There is no m ("6D) in font nullfont!
Missing character: There is no o ("6F) in font nullfont!
Missing character: There is no t ("74) in font nullfont!
Missing character: There is no i ("69) in font nullfont!
Missing character: There is no v ("76) in font nullfont!
Missing character: There is no ) ("29) in font nullfont!
Missing character: There is no ; ("3B) in font nullfont!
! Undefined control sequence.
<argument> ... \draw [fw] (psych)--(motiv); \draw 
                                                  [fw] (motiv)--(act); \par ...
l.225     }
           % end \fbox
The control sequence at the end of the top line
of your error message was never \def'ed. If you have
misspelled it (e.g., `\hobx'), type `I' and the correct
spelling (e.g., `I\hbox'). Otherwise just continue,
and I'll forget about whatever was undefined.

Missing character: There is no [ ("5B) in font nullfont!
Missing character: There is no f ("66) in font nullfont!
Missing character: There is no w ("77) in font nullfont!
Missing character: There is no ] ("5D) in font nullfont!
Missing character: There is no ( ("28) in font nullfont!
Missing character: There is no m ("6D) in font nullfont!
Missing character: There is no o ("6F) in font nullfont!
Missing character: There is no t ("74) in font nullfont!
Missing character: There is no i ("69) in font nullfont!
Missing character: There is no v ("76) in font nullfont!
Missing character: There is no ) ("29) in font nullfont!
Missing character: There is no - ("2D) in font nullfont!
Missing character: There is no - ("2D) in font nullfont!
Missing character: There is no ( ("28) in font nullfont!
Missing character: There is no a ("61) in font nullfont!
Missing character: There is no c ("63) in font nullfont!
Missing character: There is no t ("74) in font nullfont!
Missing character: There is no ) ("29) in font nullfont!
Missing character: There is no ; ("3B) in font nullfont!

Overfull \hbox (4.96396pt too wide) in paragraph at lines 225--225
 [] 
 []


Overfull \hbox (4.96396pt too wide) in paragraph at lines 225--225
  
 []

! Undefined control sequence.
<argument> ...raw [fw] (motiv)--(act); \par \draw 
                                                  [fw] (food.east) to[out=0,...
l.225     }
           % end \fbox
The control sequence at the end of the top line
of your error message was never \def'ed. If you have
misspelled it (e.g., `\hobx'), type `I' and the correct
spelling (e.g., `I\hbox'). Otherwise just continue,
and I'll forget about whatever was undefined.

Missing character: There is no [ ("5B) in font nullfont!
Missing character: There is no f ("66) in font nullfont!
Missing character: There is no w ("77) in font nullfont!
Missing character: There is no ] ("5D) in font nullfont!
Missing character: There is no ( ("28) in font nullfont!
Missing character: There is no f ("66) in font nullfont!
Missing character: There is no o ("6F) in font nullfont!
Missing character: There is no o ("6F) in font nullfont!
Missing character: There is no d ("64) in font nullfont!
Missing character: There is no . ("2E) in font nullfont!
Missing character: There is no e ("65) in font nullfont!
Missing character: There is no a ("61) in font nullfont!
Missing character: There is no s ("73) in font nullfont!
Missing character: There is no t ("74) in font nullfont!
Missing character: There is no ) ("29) in font nullfont!
Missing character: There is no t ("74) in font nullfont!
Missing character: There is no o ("6F) in font nullfont!
Missing character: There is no [ ("5B) in font nullfont!
Missing character: There is no o ("6F) in font nullfont!
Missing character: There is no u ("75) in font nullfont!
Missing character: There is no t ("74) in font nullfont!
Missing character: There is no = ("3D) in font nullfont!
Missing character: There is no 0 ("30) in font nullfont!
Missing character: There is no , ("2C) in font nullfont!
Missing character: There is no i ("69) in font nullfont!
Missing character: There is no n ("6E) in font nullfont!
Missing character: There is no = ("3D) in font nullfont!
Missing character: There is no 1 ("31) in font nullfont!
Missing character: There is no 4 ("34) in font nullfont!
Missing character: There is no 5 ("35) in font nullfont!
Missing character: There is no ] ("5D) in font nullfont!
Missing character: There is no n ("6E) in font nullfont!
Missing character: There is no o ("6F) in font nullfont!
Missing character: There is no d ("64) in font nullfont!
Missing character: There is no e ("65) in font nullfont!
Missing character: There is no [ ("5B) in font nullfont!
Missing character: There is no l ("6C) in font nullfont!
Missing character: There is no b ("62) in font nullfont!
Missing character: There is no l ("6C) in font nullfont!
Missing character: There is no , ("2C) in font nullfont!
Missing character: There is no p ("70) in font nullfont!
Missing character: There is no o ("6F) in font nullfont!
Missing character: There is no s ("73) in font nullfont!
Missing character: There is no = ("3D) in font nullfont!
Missing character: There is no 0 ("30) in font nullfont!
Missing character: There is no . ("2E) in font nullfont!
Missing character: There is no 5 ("35) in font nullfont!
Missing character: There is no 5 ("35) in font nullfont!
Missing character: There is no , ("2C) in font nullfont!
Missing character: There is no y ("79) in font nullfont!
Missing character: There is no s ("73) in font nullfont!
Missing character: There is no h ("68) in font nullfont!
Missing character: There is no i ("69) in font nullfont!
Missing character: There is no f ("66) in font nullfont!
Missing character: There is no t ("74) in font nullfont!
Missing character: There is no = ("3D) in font nullfont!
Missing character: There is no 2 ("32) in font nullfont!
Missing character: There is no p ("70) in font nullfont!
Missing character: There is no t ("74) in font nullfont!
Missing character: There is no ] ("5D) in font nullfont!
Missing character: There is no f ("66) in font nullfont!
Missing character: There is no o ("6F) in font nullfont!
Missing character: There is no o ("6F) in font nullfont!
Missing character: There is no d ("64) in font nullfont!
Missing character: There is no v ("76) in font nullfont!
Missing character: There is no i ("69) in font nullfont!
Missing character: There is no s ("73) in font nullfont!
Missing character: There is no i ("69) in font nullfont!
Missing character: There is no b ("62) in font nullfont!
Missing character: There is no l ("6C) in font nullfont!
Missing character: There is no e ("65) in font nullfont!
Missing character: There is no ( ("28) in font nullfont!
Missing character: There is no p ("70) in font nullfont!
Missing character: There is no h ("68) in font nullfont!
Missing character: There is no y ("79) in font nullfont!
Missing character: There is no s ("73) in font nullfont!
Missing character: There is no i ("69) in font nullfont!
Missing character: There is no o ("6F) in font nullfont!
Missing character: There is no . ("2E) in font nullfont!
Missing character: There is no n ("6E) in font nullfont!
Missing character: There is no o ("6F) in font nullfont!
Missing character: There is no r ("72) in font nullfont!
Missing character: There is no t ("74) in font nullfont!
Missing character: There is no h ("68) in font nullfont!
Missing character: There is no w ("77) in font nullfont!
Missing character: There is no e ("65) in font nullfont!
Missing character: There is no s ("73) in font nullfont!
Missing character: There is no t ("74) in font nullfont!
Missing character: There is no ) ("29) in font nullfont!
Missing character: There is no ; ("3B) in font nullfont!
! Undefined control sequence.
<argument> ...visible} (physio.north west); \draw 
                                                  [fw] (threat.west) -- node...
l.225     }
           % end \fbox
The control sequence at the end of the top line
of your error message was never \def'ed. If you have
misspelled it (e.g., `\hobx'), type `I' and the correct
spelling (e.g., `I\hbox'). Otherwise just continue,
and I'll forget about whatever was undefined.

Missing character: There is no [ ("5B) in font nullfont!
Missing character: There is no f ("66) in font nullfont!
Missing character: There is no w ("77) in font nullfont!
Missing character: There is no ] ("5D) in font nullfont!
Missing character: There is no ( ("28) in font nullfont!
Missing character: There is no t ("74) in font nullfont!
Missing character: There is no h ("68) in font nullfont!
Missing character: There is no r ("72) in font nullfont!
Missing character: There is no e ("65) in font nullfont!
Missing character: There is no a ("61) in font nullfont!
Missing character: There is no t ("74) in font nullfont!
Missing character: There is no . ("2E) in font nullfont!
Missing character: There is no w ("77) in font nullfont!
Missing character: There is no e ("65) in font nullfont!
Missing character: There is no s ("73) in font nullfont!
Missing character: There is no t ("74) in font nullfont!
Missing character: There is no ) ("29) in font nullfont!
Missing character: There is no - ("2D) in font nullfont!
Missing character: There is no - ("2D) in font nullfont!
Missing character: There is no n ("6E) in font nullfont!
Missing character: There is no o ("6F) in font nullfont!
Missing character: There is no d ("64) in font nullfont!
Missing character: There is no e ("65) in font nullfont!
Missing character: There is no [ ("5B) in font nullfont!
Missing character: There is no l ("6C) in font nullfont!
Missing character: There is no b ("62) in font nullfont!
Missing character: There is no l ("6C) in font nullfont!
Missing character: There is no , ("2C) in font nullfont!
Missing character: There is no m ("6D) in font nullfont!
Missing character: There is no i ("69) in font nullfont!
Missing character: There is no d ("64) in font nullfont!
Missing character: There is no w ("77) in font nullfont!
Missing character: There is no a ("61) in font nullfont!
Missing character: There is no y ("79) in font nullfont!
Missing character: There is no , ("2C) in font nullfont!
Missing character: There is no y ("79) in font nullfont!
Missing character: There is no s ("73) in font nullfont!
Missing character: There is no h ("68) in font nullfont!
Missing character: There is no i ("69) in font nullfont!
Missing character: There is no f ("66) in font nullfont!
Missing character: There is no t ("74) in font nullfont!
Missing character: There is no = ("3D) in font nullfont!
Missing character: There is no 2 ("32) in font nullfont!
Missing character: There is no p ("70) in font nullfont!
Missing character: There is no t ("74) in font nullfont!
Missing character: There is no ] ("5D) in font nullfont!
Missing character: There is no ( ("28) in font nullfont!
Missing character: There is no h ("68) in font nullfont!
Missing character: There is no o ("6F) in font nullfont!
Missing character: There is no r ("72) in font nullfont!
Missing character: There is no m ("6D) in font nullfont!
Missing character: There is no . ("2E) in font nullfont!
Missing character: There is no e ("65) in font nullfont!
Missing character: There is no a ("61) in font nullfont!
Missing character: There is no s ("73) in font nullfont!
Missing character: There is no t ("74) in font nullfont!
Missing character: There is no ) ("29) in font nullfont!
Missing character: There is no ; ("3B) in font nullfont!
! Undefined control sequence.
<argument> ...t)\!\to \!CORT$} (horm.east); \draw 
                                                  [fw] (threat.south) to[out...
l.225     }
           % end \fbox
The control sequence at the end of the top line
of your error message was never \def'ed. If you have
misspelled it (e.g., `\hobx'), type `I' and the correct
spelling (e.g., `I\hbox'). Otherwise just continue,
and I'll forget about whatever was undefined.

Missing character: There is no [ ("5B) in font nullfont!
Missing character: There is no f ("66) in font nullfont!
Missing character: There is no w ("77) in font nullfont!
Missing character: There is no ] ("5D) in font nullfont!
Missing character: There is no ( ("28) in font nullfont!
Missing character: There is no t ("74) in font nullfont!
Missing character: There is no h ("68) in font nullfont!
Missing character: There is no r ("72) in font nullfont!
Missing character: There is no e ("65) in font nullfont!
Missing character: There is no a ("61) in font nullfont!
Missing character: There is no t ("74) in font nullfont!
Missing character: There is no . ("2E) in font nullfont!
Missing character: There is no s ("73) in font nullfont!
Missing character: There is no o ("6F) in font nullfont!
Missing character: There is no u ("75) in font nullfont!
Missing character: There is no t ("74) in font nullfont!
Missing character: There is no h ("68) in font nullfont!
Missing character: There is no ) ("29) in font nullfont!
Missing character: There is no t ("74) in font nullfont!
Missing character: There is no o ("6F) in font nullfont!
Missing character: There is no [ ("5B) in font nullfont!
Missing character: There is no o ("6F) in font nullfont!
Missing character: There is no u ("75) in font nullfont!
Missing character: There is no t ("74) in font nullfont!
Missing character: There is no = ("3D) in font nullfont!
Missing character: There is no 2 ("32) in font nullfont!
Missing character: There is no 5 ("35) in font nullfont!
Missing character: There is no 0 ("30) in font nullfont!
Missing character: There is no , ("2C) in font nullfont!
Missing character: There is no i ("69) in font nullfont!
Missing character: There is no n ("6E) in font nullfont!
Missing character: There is no = ("3D) in font nullfont!
Missing character: There is no 1 ("31) in font nullfont!
Missing character: There is no 0 ("30) in font nullfont!
Missing character: There is no ] ("5D) in font nullfont!
Missing character: There is no n ("6E) in font nullfont!
Missing character: There is no o ("6F) in font nullfont!
Missing character: There is no d ("64) in font nullfont!
Missing character: There is no e ("65) in font nullfont!
Missing character: There is no [ ("5B) in font nullfont!
Missing character: There is no l ("6C) in font nullfont!
Missing character: There is no b ("62) in font nullfont!
Missing character: There is no l ("6C) in font nullfont!
Missing character: There is no , ("2C) in font nullfont!
Missing character: There is no p ("70) in font nullfont!
Missing character: There is no o ("6F) in font nullfont!
Missing character: There is no s ("73) in font nullfont!
Missing character: There is no = ("3D) in font nullfont!
Missing character: There is no 0 ("30) in font nullfont!
Missing character: There is no . ("2E) in font nullfont!
Missing character: There is no 7 ("37) in font nullfont!
Missing character: There is no 0 ("30) in font nullfont!
Missing character: There is no , ("2C) in font nullfont!
Missing character: There is no y ("79) in font nullfont!
Missing character: There is no s ("73) in font nullfont!
Missing character: There is no h ("68) in font nullfont!
Missing character: There is no i ("69) in font nullfont!
Missing character: There is no f ("66) in font nullfont!
Missing character: There is no t ("74) in font nullfont!
Missing character: There is no = ("3D) in font nullfont!
Missing character: There is no - ("2D) in font nullfont!
Missing character: There is no 2 ("32) in font nullfont!
Missing character: There is no p ("70) in font nullfont!
Missing character: There is no t ("74) in font nullfont!
Missing character: There is no ] ("5D) in font nullfont!
Missing character: There is no ( ("28) in font nullfont!
Missing character: There is no p ("70) in font nullfont!
Missing character: There is no s ("73) in font nullfont!
Missing character: There is no y ("79) in font nullfont!
Missing character: There is no c ("63) in font nullfont!
Missing character: There is no h ("68) in font nullfont!
Missing character: There is no . ("2E) in font nullfont!
Missing character: There is no e ("65) in font nullfont!
Missing character: There is no a ("61) in font nullfont!
Missing character: There is no s ("73) in font nullfont!
Missing character: There is no t ("74) in font nullfont!
Missing character: There is no ) ("29) in font nullfont!
Missing character: There is no ; ("3B) in font nullfont!
! Undefined control sequence.
<argument> ...)\!\to \!Fear$} (psych.east); \draw 
                                                  [fw] (child.north) to[out=...
l.225     }
           % end \fbox
The control sequence at the end of the top line
of your error message was never \def'ed. If you have
misspelled it (e.g., `\hobx'), type `I' and the correct
spelling (e.g., `I\hbox'). Otherwise just continue,
and I'll forget about whatever was undefined.

Missing character: There is no [ ("5B) in font nullfont!
Missing character: There is no f ("66) in font nullfont!
Missing character: There is no w ("77) in font nullfont!
Missing character: There is no ] ("5D) in font nullfont!
Missing character: There is no ( ("28) in font nullfont!
Missing character: There is no c ("63) in font nullfont!
Missing character: There is no h ("68) in font nullfont!
Missing character: There is no i ("69) in font nullfont!
Missing character: There is no l ("6C) in font nullfont!
Missing character: There is no d ("64) in font nullfont!
Missing character: There is no . ("2E) in font nullfont!
Missing character: There is no n ("6E) in font nullfont!
Missing character: There is no o ("6F) in font nullfont!
Missing character: There is no r ("72) in font nullfont!
Missing character: There is no t ("74) in font nullfont!
Missing character: There is no h ("68) in font nullfont!
Missing character: There is no ) ("29) in font nullfont!
Missing character: There is no t ("74) in font nullfont!
Missing character: There is no o ("6F) in font nullfont!
Missing character: There is no [ ("5B) in font nullfont!
Missing character: There is no o ("6F) in font nullfont!
Missing character: There is no u ("75) in font nullfont!
Missing character: There is no t ("74) in font nullfont!
Missing character: There is no = ("3D) in font nullfont!
Missing character: There is no 6 ("36) in font nullfont!
Missing character: There is no 0 ("30) in font nullfont!
Missing character: There is no , ("2C) in font nullfont!
Missing character: There is no i ("69) in font nullfont!
Missing character: There is no n ("6E) in font nullfont!
Missing character: There is no = ("3D) in font nullfont!
Missing character: There is no 1 ("31) in font nullfont!
Missing character: There is no 8 ("38) in font nullfont!
Missing character: There is no 0 ("30) in font nullfont!
Missing character: There is no ] ("5D) in font nullfont!
Missing character: There is no n ("6E) in font nullfont!
Missing character: There is no o ("6F) in font nullfont!
Missing character: There is no d ("64) in font nullfont!
Missing character: There is no e ("65) in font nullfont!
Missing character: There is no [ ("5B) in font nullfont!
Missing character: There is no l ("6C) in font nullfont!
Missing character: There is no b ("62) in font nullfont!
Missing character: There is no l ("6C) in font nullfont!
Missing character: There is no , ("2C) in font nullfont!
Missing character: There is no p ("70) in font nullfont!
Missing character: There is no o ("6F) in font nullfont!
Missing character: There is no s ("73) in font nullfont!
Missing character: There is no = ("3D) in font nullfont!
Missing character: There is no 0 ("30) in font nullfont!
Missing character: There is no . ("2E) in font nullfont!
Missing character: There is no 5 ("35) in font nullfont!
Missing character: There is no 5 ("35) in font nullfont!
Missing character: There is no , ("2C) in font nullfont!
Missing character: There is no y ("79) in font nullfont!
Missing character: There is no s ("73) in font nullfont!
Missing character: There is no h ("68) in font nullfont!
Missing character: There is no i ("69) in font nullfont!
Missing character: There is no f ("66) in font nullfont!
Missing character: There is no t ("74) in font nullfont!
Missing character: There is no = ("3D) in font nullfont!
Missing character: There is no 2 ("32) in font nullfont!
Missing character: There is no p ("70) in font nullfont!
Missing character: There is no t ("74) in font nullfont!
Missing character: There is no ] ("5D) in font nullfont!
Missing character: There is no c ("63) in font nullfont!
Missing character: There is no h ("68) in font nullfont!
Missing character: There is no i ("69) in font nullfont!
Missing character: There is no l ("6C) in font nullfont!
Missing character: There is no d ("64) in font nullfont!
Missing character: There is no n ("6E) in font nullfont!
Missing character: There is no e ("65) in font nullfont!
Missing character: There is no e ("65) in font nullfont!
Missing character: There is no d ("64) in font nullfont!
Missing character: There is no s ("73) in font nullfont!
Missing character: There is no ( ("28) in font nullfont!
Missing character: There is no h ("68) in font nullfont!
Missing character: There is no o ("6F) in font nullfont!
Missing character: There is no r ("72) in font nullfont!
Missing character: There is no m ("6D) in font nullfont!
Missing character: There is no . ("2E) in font nullfont!
Missing character: There is no w ("77) in font nullfont!
Missing character: There is no e ("65) in font nullfont!
Missing character: There is no s ("73) in font nullfont!
Missing character: There is no t ("74) in font nullfont!
Missing character: There is no ) ("29) in font nullfont!
Missing character: There is no ; ("3B) in font nullfont!
! Undefined control sequence.
<argument> ...pt]{child needs} (horm.west); \draw 
                                                  [fw] (child.east) to[out=0...
l.225     }
           % end \fbox
The control sequence at the end of the top line
of your error message was never \def'ed. If you have
misspelled it (e.g., `\hobx'), type `I' and the correct
spelling (e.g., `I\hbox'). Otherwise just continue,
and I'll forget about whatever was undefined.

Missing character: There is no [ ("5B) in font nullfont!
Missing character: There is no f ("66) in font nullfont!
Missing character: There is no w ("77) in font nullfont!
Missing character: There is no ] ("5D) in font nullfont!
Missing character: There is no ( ("28) in font nullfont!
Missing character: There is no c ("63) in font nullfont!
Missing character: There is no h ("68) in font nullfont!
Missing character: There is no i ("69) in font nullfont!
Missing character: There is no l ("6C) in font nullfont!
Missing character: There is no d ("64) in font nullfont!
Missing character: There is no . ("2E) in font nullfont!
Missing character: There is no e ("65) in font nullfont!
Missing character: There is no a ("61) in font nullfont!
Missing character: There is no s ("73) in font nullfont!
Missing character: There is no t ("74) in font nullfont!
Missing character: There is no ) ("29) in font nullfont!
Missing character: There is no t ("74) in font nullfont!
Missing character: There is no o ("6F) in font nullfont!
Missing character: There is no [ ("5B) in font nullfont!
Missing character: There is no o ("6F) in font nullfont!
Missing character: There is no u ("75) in font nullfont!
Missing character: There is no t ("74) in font nullfont!
Missing character: There is no = ("3D) in font nullfont!
Missing character: There is no 0 ("30) in font nullfont!
Missing character: There is no , ("2C) in font nullfont!
Missing character: There is no i ("69) in font nullfont!
Missing character: There is no n ("6E) in font nullfont!
Missing character: There is no = ("3D) in font nullfont!
Missing character: There is no 1 ("31) in font nullfont!
Missing character: There is no 8 ("38) in font nullfont!
Missing character: There is no 0 ("30) in font nullfont!
Missing character: There is no ] ("5D) in font nullfont!
Missing character: There is no n ("6E) in font nullfont!
Missing character: There is no o ("6F) in font nullfont!
Missing character: There is no d ("64) in font nullfont!
Missing character: There is no e ("65) in font nullfont!
Missing character: There is no [ ("5B) in font nullfont!
Missing character: There is no l ("6C) in font nullfont!
Missing character: There is no b ("62) in font nullfont!
Missing character: There is no l ("6C) in font nullfont!
Missing character: There is no , ("2C) in font nullfont!
Missing character: There is no p ("70) in font nullfont!
Missing character: There is no o ("6F) in font nullfont!
Missing character: There is no s ("73) in font nullfont!
Missing character: There is no = ("3D) in font nullfont!
Missing character: There is no 0 ("30) in font nullfont!
Missing character: There is no . ("2E) in font nullfont!
Missing character: There is no 5 ("35) in font nullfont!
Missing character: There is no 5 ("35) in font nullfont!
Missing character: There is no , ("2C) in font nullfont!
Missing character: There is no y ("79) in font nullfont!
Missing character: There is no s ("73) in font nullfont!
Missing character: There is no h ("68) in font nullfont!
Missing character: There is no i ("69) in font nullfont!
Missing character: There is no f ("66) in font nullfont!
Missing character: There is no t ("74) in font nullfont!
Missing character: There is no = ("3D) in font nullfont!
Missing character: There is no 2 ("32) in font nullfont!
Missing character: There is no p ("70) in font nullfont!
Missing character: There is no t ("74) in font nullfont!
Missing character: There is no ] ("5D) in font nullfont!
Missing character: There is no c ("63) in font nullfont!
Missing character: There is no l ("6C) in font nullfont!
Missing character: There is no o ("6F) in font nullfont!
Missing character: There is no s ("73) in font nullfont!
Missing character: There is no e ("65) in font nullfont!
Missing character: There is no n ("6E) in font nullfont!
Missing character: There is no e ("65) in font nullfont!
Missing character: There is no s ("73) in font nullfont!
Missing character: There is no s ("73) in font nullfont!
Missing character: There is no ( ("28) in font nullfont!
Missing character: There is no p ("70) in font nullfont!
Missing character: There is no s ("73) in font nullfont!
Missing character: There is no y ("79) in font nullfont!
Missing character: There is no c ("63) in font nullfont!
Missing character: There is no h ("68) in font nullfont!
Missing character: There is no . ("2E) in font nullfont!
Missing character: There is no w ("77) in font nullfont!
Missing character: There is no e ("65) in font nullfont!
Missing character: There is no s ("73) in font nullfont!
Missing character: There is no t ("74) in font nullfont!
Missing character: There is no ) ("29) in font nullfont!
Missing character: There is no ; ("3B) in font nullfont!
! Undefined control sequence.
<argument> ...2pt]{closeness} (psych.west); \draw 
                                                  [atk] (threat) to[out=210,...
l.225     }
           % end \fbox
The control sequence at the end of the top line
of your error message was never \def'ed. If you have
misspelled it (e.g., `\hobx'), type `I' and the correct
spelling (e.g., `I\hbox'). Otherwise just continue,
and I'll forget about whatever was undefined.

Missing character: There is no [ ("5B) in font nullfont!
Missing character: There is no a ("61) in font nullfont!
Missing character: There is no t ("74) in font nullfont!
Missing character: There is no k ("6B) in font nullfont!
Missing character: There is no ] ("5D) in font nullfont!
Missing character: There is no ( ("28) in font nullfont!
Missing character: There is no t ("74) in font nullfont!
Missing character: There is no h ("68) in font nullfont!
Missing character: There is no r ("72) in font nullfont!
Missing character: There is no e ("65) in font nullfont!
Missing character: There is no a ("61) in font nullfont!
Missing character: There is no t ("74) in font nullfont!
Missing character: There is no ) ("29) in font nullfont!
Missing character: There is no t ("74) in font nullfont!
Missing character: There is no o ("6F) in font nullfont!
Missing character: There is no [ ("5B) in font nullfont!
Missing character: There is no o ("6F) in font nullfont!
Missing character: There is no u ("75) in font nullfont!
Missing character: There is no t ("74) in font nullfont!
Missing character: There is no = ("3D) in font nullfont!
Missing character: There is no 2 ("32) in font nullfont!
Missing character: There is no 1 ("31) in font nullfont!
Missing character: There is no 0 ("30) in font nullfont!
Missing character: There is no , ("2C) in font nullfont!
Missing character: There is no i ("69) in font nullfont!
Missing character: There is no n ("6E) in font nullfont!
Missing character: There is no = ("3D) in font nullfont!
Missing character: There is no 3 ("33) in font nullfont!
Missing character: There is no 0 ("30) in font nullfont!
Missing character: There is no ] ("5D) in font nullfont!
Missing character: There is no n ("6E) in font nullfont!
Missing character: There is no o ("6F) in font nullfont!
Missing character: There is no d ("64) in font nullfont!
Missing character: There is no e ("65) in font nullfont!
Missing character: There is no [ ("5B) in font nullfont!
Missing character: There is no l ("6C) in font nullfont!
Missing character: There is no b ("62) in font nullfont!
Missing character: There is no l ("6C) in font nullfont!
Missing character: There is no , ("2C) in font nullfont!
Missing character: There is no p ("70) in font nullfont!
Missing character: There is no o ("6F) in font nullfont!
Missing character: There is no s ("73) in font nullfont!
Missing character: There is no = ("3D) in font nullfont!
Missing character: There is no 0 ("30) in font nullfont!
Missing character: There is no . ("2E) in font nullfont!
Missing character: There is no 7 ("37) in font nullfont!
Missing character: There is no 0 ("30) in font nullfont!
Missing character: There is no , ("2C) in font nullfont!
Missing character: There is no y ("79) in font nullfont!
Missing character: There is no s ("73) in font nullfont!
Missing character: There is no h ("68) in font nullfont!
Missing character: There is no i ("69) in font nullfont!
Missing character: There is no f ("66) in font nullfont!
Missing character: There is no t ("74) in font nullfont!
Missing character: There is no = ("3D) in font nullfont!
Missing character: There is no - ("2D) in font nullfont!
Missing character: There is no 2 ("32) in font nullfont!
Missing character: There is no p ("70) in font nullfont!
Missing character: There is no t ("74) in font nullfont!
Missing character: There is no , ("2C) in font nullfont!
Missing character: There is no t ("74) in font nullfont!
Missing character: There is no e ("65) in font nullfont!
Missing character: There is no x ("78) in font nullfont!
Missing character: There is no t ("74) in font nullfont!
Missing character: There is no = ("3D) in font nullfont!
Missing character: There is no r ("72) in font nullfont!
Missing character: There is no e ("65) in font nullfont!
Missing character: There is no d ("64) in font nullfont!
Missing character: There is no ! ("21) in font nullfont!
Missing character: There is no 6 ("36) in font nullfont!
Missing character: There is no 5 ("35) in font nullfont!
Missing character: There is no ! ("21) in font nullfont!
Missing character: There is no b ("62) in font nullfont!
Missing character: There is no l ("6C) in font nullfont!
Missing character: There is no a ("61) in font nullfont!
Missing character: There is no c ("63) in font nullfont!
Missing character: There is no k ("6B) in font nullfont!
Missing character: There is no ] ("5D) in font nullfont!
Missing character: There is no a ("61) in font nullfont!
Missing character: There is no t ("74) in font nullfont!
Missing character: There is no t ("74) in font nullfont!
Missing character: There is no a ("61) in font nullfont!
Missing character: There is no c ("63) in font nullfont!
Missing character: There is no k ("6B) in font nullfont!
Missing character: There is no : ("3A) in font nullfont!
Missing character: There is no / ("2F) in font nullfont!
Missing character: There is no t ("74) in font nullfont!
Missing character: There is no i ("69) in font nullfont!
Missing character: There is no c ("63) in font nullfont!
Missing character: There is no k ("6B) in font nullfont!
Missing character: There is no ( ("28) in font nullfont!
Missing character: There is no c ("63) in font nullfont!
Missing character: There is no h ("68) in font nullfont!
Missing character: There is no i ("69) in font nullfont!
Missing character: There is no l ("6C) in font nullfont!
Missing character: There is no d ("64) in font nullfont!
Missing character: There is no ) ("29) in font nullfont!
Missing character: There is no ; ("3B) in font nullfont!
! Undefined control sequence.
<argument> ...ck:\,$I_C{+}4$/tick} (child); \draw 
                                                  [fb] (act.east) .. control...
l.225     }
           % end \fbox
The control sequence at the end of the top line
of your error message was never \def'ed. If you have
misspelled it (e.g., `\hobx'), type `I' and the correct
spelling (e.g., `I\hbox'). Otherwise just continue,
and I'll forget about whatever was undefined.

Missing character: There is no [ ("5B) in font nullfont!
Missing character: There is no f ("66) in font nullfont!
Missing character: There is no b ("62) in font nullfont!
Missing character: There is no ] ("5D) in font nullfont!
Missing character: There is no ( ("28) in font nullfont!
Missing character: There is no a ("61) in font nullfont!
Missing character: There is no c ("63) in font nullfont!
Missing character: There is no t ("74) in font nullfont!
Missing character: There is no . ("2E) in font nullfont!
Missing character: There is no e ("65) in font nullfont!
Missing character: There is no a ("61) in font nullfont!
Missing character: There is no s ("73) in font nullfont!
Missing character: There is no t ("74) in font nullfont!
Missing character: There is no ) ("29) in font nullfont!
Missing character: There is no . ("2E) in font nullfont!
Missing character: There is no . ("2E) in font nullfont!
Missing character: There is no c ("63) in font nullfont!
Missing character: There is no o ("6F) in font nullfont!
Missing character: There is no n ("6E) in font nullfont!
Missing character: There is no t ("74) in font nullfont!
Missing character: There is no r ("72) in font nullfont!
Missing character: There is no o ("6F) in font nullfont!
Missing character: There is no l ("6C) in font nullfont!
Missing character: There is no s ("73) in font nullfont!
Missing character: There is no + ("2B) in font nullfont!
Missing character: There is no + ("2B) in font nullfont!
Missing character: There is no ( ("28) in font nullfont!
Missing character: There is no 2 ("32) in font nullfont!
Missing character: There is no . ("2E) in font nullfont!
Missing character: There is no 4 ("34) in font nullfont!
Missing character: There is no , ("2C) in font nullfont!
Missing character: There is no 0 ("30) in font nullfont!
Missing character: There is no ) ("29) in font nullfont!
Missing character: There is no a ("61) in font nullfont!
Missing character: There is no n ("6E) in font nullfont!
Missing character: There is no d ("64) in font nullfont!
Missing character: There is no + ("2B) in font nullfont!
Missing character: There is no + ("2B) in font nullfont!
Missing character: There is no ( ("28) in font nullfont!
Missing character: There is no 2 ("32) in font nullfont!
Missing character: There is no . ("2E) in font nullfont!
Missing character: There is no 4 ("34) in font nullfont!
Missing character: There is no , ("2C) in font nullfont!
Missing character: There is no 0 ("30) in font nullfont!
Missing character: There is no ) ("29) in font nullfont!
Missing character: There is no . ("2E) in font nullfont!
Missing character: There is no . ("2E) in font nullfont!
Missing character: There is no n ("6E) in font nullfont!
Missing character: There is no o ("6F) in font nullfont!
Missing character: There is no d ("64) in font nullfont!
Missing character: There is no e ("65) in font nullfont!
Missing character: There is no [ ("5B) in font nullfont!
Missing character: There is no l ("6C) in font nullfont!
Missing character: There is no b ("62) in font nullfont!
Missing character: There is no l ("6C) in font nullfont!
Missing character: There is no , ("2C) in font nullfont!
Missing character: There is no r ("72) in font nullfont!
Missing character: There is no i ("69) in font nullfont!
Missing character: There is no g ("67) in font nullfont!
Missing character: There is no h ("68) in font nullfont!
Missing character: There is no t ("74) in font nullfont!
Missing character: There is no = ("3D) in font nullfont!
Missing character: There is no 2 ("32) in font nullfont!
Missing character: There is no , ("2C) in font nullfont!
Missing character: There is no a ("61) in font nullfont!
Missing character: There is no l ("6C) in font nullfont!
Missing character: There is no i ("69) in font nullfont!
Missing character: There is no g ("67) in font nullfont!
Missing character: There is no n ("6E) in font nullfont!
Missing character: There is no = ("3D) in font nullfont!
Missing character: There is no l ("6C) in font nullfont!
Missing character: There is no e ("65) in font nullfont!
Missing character: There is no f ("66) in font nullfont!
Missing character: There is no t ("74) in font nullfont!
Missing character: There is no , ("2C) in font nullfont!
Missing character: There is no t ("74) in font nullfont!
Missing character: There is no e ("65) in font nullfont!
Missing character: There is no x ("78) in font nullfont!
Missing character: There is no t ("74) in font nullfont!
Missing character: There is no = ("3D) in font nullfont!
Missing character: There is no g ("67) in font nullfont!
Missing character: There is no r ("72) in font nullfont!
Missing character: There is no a ("61) in font nullfont!
Missing character: There is no y ("79) in font nullfont!
Missing character: There is no ! ("21) in font nullfont!
Missing character: There is no 7 ("37) in font nullfont!
Missing character: There is no 0 ("30) in font nullfont!
Missing character: There is no ! ("21) in font nullfont!
Missing character: There is no b ("62) in font nullfont!
Missing character: There is no l ("6C) in font nullfont!
Missing character: There is no a ("61) in font nullfont!
Missing character: There is no c ("63) in font nullfont!
Missing character: There is no k ("6B) in font nullfont!
Missing character: There is no , ("2C) in font nullfont!
Missing character: There is no p ("70) in font nullfont!
Missing character: There is no o ("6F) in font nullfont!
Missing character: There is no s ("73) in font nullfont!
Missing character: There is no = ("3D) in font nullfont!
Missing character: There is no 0 ("30) in font nullfont!
Missing character: There is no . ("2E) in font nullfont!
Missing character: There is no 4 ("34) in font nullfont!
Missing character: There is no ] ("5D) in font nullfont!
Missing character: There is no : ("3A) in font nullfont!

Overfull \hbox (4.96396pt too wide) in paragraph at lines 225--225
 [] 
 []


Overfull \hbox (32.49522pt too wide) in paragraph at lines 225--225
 \OML/cmm/m/it/10 p\OT1/cmr/m/n/10 (\OML/cmm/m/it/10 t\OT1/cmr/m/n/10 )  \OMS/c
msy/m/n/10 ! 
 []


Overfull \hbox (35.6348pt too wide) in paragraph at lines 225--225
 \OML/cmm/m/it/10 CORT$ 
 []


Overfull \hbox (32.49522pt too wide) in paragraph at lines 225--225
 \OML/cmm/m/it/10 p\OT1/cmr/m/n/10 (\OML/cmm/m/it/10 t\OT1/cmr/m/n/10 )  \OMS/c
msy/m/n/10 ! 
 []


Overfull \hbox (27.51494pt too wide) in paragraph at lines 225--225
 \OML/cmm/m/it/10 Fear$ 
 []


Overfull \hbox (28.8636pt too wide) in paragraph at lines 225--225
 \OML/cmm/m/it/10 I[][]\OT1/cmr/m/n/10 4$ 
 []


Overfull \hbox (54.75014pt too wide) in paragraph at lines 225--225
 \TU/lmtt/m/n/10 eat$\OML/cmm/m/it/10 E[][]\OT1/cmr/m/n/10 10$ 
 []

Missing character: There is no : ("3A) in font nullfont!
Missing character: There is no ( ("28) in font nullfont!
Missing character: There is no p ("70) in font nullfont!
Missing character: There is no h ("68) in font nullfont!
Missing character: There is no y ("79) in font nullfont!
Missing character: There is no s ("73) in font nullfont!
Missing character: There is no i ("69) in font nullfont!
Missing character: There is no o ("6F) in font nullfont!
Missing character: There is no . ("2E) in font nullfont!
Missing character: There is no e ("65) in font nullfont!
Missing character: There is no a ("61) in font nullfont!
Missing character: There is no s ("73) in font nullfont!
Missing character: There is no t ("74) in font nullfont!
Missing character: There is no ) ("29) in font nullfont!
Missing character: There is no ; ("3B) in font nullfont!
! Undefined control sequence.
<argument> ...$\Phi _M{-}4$} (physio.east); \draw 
                                                  [fb] (act.west) to[out=200...
l.225     }
           % end \fbox
The control sequence at the end of the top line
of your error message was never \def'ed. If you have
misspelled it (e.g., `\hobx'), type `I' and the correct
spelling (e.g., `I\hbox'). Otherwise just continue,
and I'll forget about whatever was undefined.

Missing character: There is no [ ("5B) in font nullfont!
Missing character: There is no f ("66) in font nullfont!
Missing character: There is no b ("62) in font nullfont!
Missing character: There is no ] ("5D) in font nullfont!
Missing character: There is no ( ("28) in font nullfont!
Missing character: There is no a ("61) in font nullfont!
Missing character: There is no c ("63) in font nullfont!
Missing character: There is no t ("74) in font nullfont!
Missing character: There is no . ("2E) in font nullfont!
Missing character: There is no w ("77) in font nullfont!
Missing character: There is no e ("65) in font nullfont!
Missing character: There is no s ("73) in font nullfont!
Missing character: There is no t ("74) in font nullfont!
Missing character: There is no ) ("29) in font nullfont!
Missing character: There is no t ("74) in font nullfont!
Missing character: There is no o ("6F) in font nullfont!
Missing character: There is no [ ("5B) in font nullfont!
Missing character: There is no o ("6F) in font nullfont!
Missing character: There is no u ("75) in font nullfont!
Missing character: There is no t ("74) in font nullfont!
Missing character: There is no = ("3D) in font nullfont!
Missing character: There is no 2 ("32) in font nullfont!
Missing character: There is no 0 ("30) in font nullfont!
Missing character: There is no 0 ("30) in font nullfont!
Missing character: There is no , ("2C) in font nullfont!
Missing character: There is no i ("69) in font nullfont!
Missing character: There is no n ("6E) in font nullfont!
Missing character: There is no = ("3D) in font nullfont!
Missing character: There is no 2 ("32) in font nullfont!
Missing character: There is no 5 ("35) in font nullfont!
Missing character: There is no 5 ("35) in font nullfont!
Missing character: There is no ] ("5D) in font nullfont!
Missing character: There is no n ("6E) in font nullfont!
Missing character: There is no o ("6F) in font nullfont!
Missing character: There is no d ("64) in font nullfont!
Missing character: There is no e ("65) in font nullfont!
Missing character: There is no [ ("5B) in font nullfont!
Missing character: There is no l ("6C) in font nullfont!
Missing character: There is no b ("62) in font nullfont!
Missing character: There is no l ("6C) in font nullfont!
Missing character: There is no , ("2C) in font nullfont!
Missing character: There is no l ("6C) in font nullfont!
Missing character: There is no e ("65) in font nullfont!
Missing character: There is no f ("66) in font nullfont!
Missing character: There is no t ("74) in font nullfont!
Missing character: There is no = ("3D) in font nullfont!
Missing character: There is no 8 ("38) in font nullfont!
Missing character: There is no , ("2C) in font nullfont!
Missing character: There is no a ("61) in font nullfont!
Missing character: There is no l ("6C) in font nullfont!
Missing character: There is no i ("69) in font nullfont!
Missing character: There is no g ("67) in font nullfont!
Missing character: There is no n ("6E) in font nullfont!
Missing character: There is no = ("3D) in font nullfont!
Missing character: There is no r ("72) in font nullfont!
Missing character: There is no i ("69) in font nullfont!
Missing character: There is no g ("67) in font nullfont!
Missing character: There is no h ("68) in font nullfont!
Missing character: There is no t ("74) in font nullfont!
Missing character: There is no , ("2C) in font nullfont!
Missing character: There is no t ("74) in font nullfont!
Missing character: There is no e ("65) in font nullfont!
Missing character: There is no x ("78) in font nullfont!
Missing character: There is no t ("74) in font nullfont!
Missing character: There is no = ("3D) in font nullfont!
Missing character: There is no g ("67) in font nullfont!
Missing character: There is no r ("72) in font nullfont!
Missing character: There is no a ("61) in font nullfont!
Missing character: There is no y ("79) in font nullfont!
Missing character: There is no ! ("21) in font nullfont!
Missing character: There is no 7 ("37) in font nullfont!
Missing character: There is no 0 ("30) in font nullfont!
Missing character: There is no ! ("21) in font nullfont!
Missing character: There is no b ("62) in font nullfont!
Missing character: There is no l ("6C) in font nullfont!
Missing character: There is no a ("61) in font nullfont!
Missing character: There is no c ("63) in font nullfont!
Missing character: There is no k ("6B) in font nullfont!
Missing character: There is no ] ("5D) in font nullfont!
Missing character: There is no : ("3A) in font nullfont!

Overfull \hbox (54.84041pt too wide) in paragraph at lines 225--225
 []\TU/lmtt/m/n/10 rest$\OT1/cmr/m/n/10 ^^H[][]4$ 
 []


Overfull \hbox (54.9122pt too wide) in paragraph at lines 225--225
 \TU/lmtt/m/n/10 care$\OML/cmm/m/it/10 W[][]\OT1/cmr/m/n/10 5$ 
 []

Missing character: There is no : ("3A) in font nullfont!
Missing character: There is no ( ("28) in font nullfont!
Missing character: There is no c ("63) in font nullfont!
Missing character: There is no h ("68) in font nullfont!
Missing character: There is no i ("69) in font nullfont!
Missing character: There is no l ("6C) in font nullfont!
Missing character: There is no d ("64) in font nullfont!
Missing character: There is no . ("2E) in font nullfont!
Missing character: There is no s ("73) in font nullfont!
Missing character: There is no o ("6F) in font nullfont!
Missing character: There is no u ("75) in font nullfont!
Missing character: There is no t ("74) in font nullfont!
Missing character: There is no h ("68) in font nullfont!
Missing character: There is no ) ("29) in font nullfont!
Missing character: There is no ; ("3B) in font nullfont!

! LaTeX Error: \begin{minipage} on input line 225 ended by \end{tikzpicture}.

See the LaTeX manual or LaTeX Companion for explanation.
Type  H <return>  for immediate help.
 ...                                              
                                                  
l.225     }
           % end \fbox
Your command was ignored.
Type  I <command> <return>  to replace it with another command,
or  <return>  to continue without it.


Overfull \hbox (58.78027pt too wide) in paragraph at lines 225--225
 []\TU/lmtt/m/n/10 feed$\OML/cmm/m/it/10 H[][]\OT1/cmr/m/n/10 10$ 
 []


Overfull \hbox (4.96396pt too wide) in paragraph at lines 225--225
  
 []

! Undefined control sequence.
<argument> ...e}\hspace {0.015\linewidth }{\color 
                                                  {gray!70}\vrule width 0.5p...
l.225     }
           % end \fbox
The control sequence at the end of the top line
of your error message was never \def'ed. If you have
misspelled it (e.g., `\hobx'), type `I' and the correct
spelling (e.g., `I\hbox'). Otherwise just continue,
and I'll forget about whatever was undefined.

Missing character: There is no g ("67) in font nullfont!
Missing character: There is no r ("72) in font nullfont!
Missing character: There is no a ("61) in font nullfont!
Missing character: There is no y ("79) in font nullfont!
Missing character: There is no ! ("21) in font nullfont!
Missing character: There is no 7 ("37) in font nullfont!
Missing character: There is no 0 ("30) in font nullfont!
! Undefined control sequence.
<argument> ... \vspace {0pt}\centering \resizebox 
                                                  {\linewidth }{!}{\begin {t...
l.225     }
           % end \fbox
The control sequence at the end of the top line
of your error message was never \def'ed. If you have
misspelled it (e.g., `\hobx'), type `I' and the correct
spelling (e.g., `I\hbox'). Otherwise just continue,
and I'll forget about whatever was undefined.

! Missing number, treated as zero.
<to be read again> 
                   }
l.225     }
           % end \fbox
A number should have been here; I inserted `0'.
(If you can't figure out why I needed to see a number,
look up `weird error' in the index to The TeXbook.)

! Illegal unit of measure (pt inserted).
<to be read again> 
                   }
l.225     }
           % end \fbox
Dimensions can be in units of em, ex, in, pt, pc,
cm, mm, dd, cc, bp, or sp; but yours is a new one!
I'll assume that you meant to say pt, for printer's points.
To recover gracefully from this error, it's best to
delete the erroneous units; e.g., type `2' to delete
two letters. (See Chapter 27 of The TeXbook.)

Missing character: There is no ! ("21) in font nullfont!

! LaTeX Error: Environment tikzpicture undefined.

See the LaTeX manual or LaTeX Companion for explanation.
Type  H <return>  for immediate help.
 ...                                              
                                                  
l.225     }
           % end \fbox
Your command was ignored.
Type  I <command> <return>  to replace it with another command,
or  <return>  to continue without it.


Overfull \hbox (1.56396pt too wide) in paragraph at lines 225--225
 [] 
 []


! LaTeX Error: Environment scope undefined.

See the LaTeX manual or LaTeX Companion for explanation.
Type  H <return>  for immediate help.
 ...                                              
                                                  
l.225     }
           % end \fbox
Your command was ignored.
Type  I <command> <return>  to replace it with another command,
or  <return>  to continue without it.

Missing character: There is no [ ("5B) in font nullfont!
Missing character: There is no s ("73) in font nullfont!
Missing character: There is no h ("68) in font nullfont!
Missing character: There is no i ("69) in font nullfont!
Missing character: There is no f ("66) in font nullfont!
Missing character: There is no t ("74) in font nullfont!
Missing character: There is no = ("3D) in font nullfont!
Missing character: There is no ( ("28) in font nullfont!
Missing character: There is no 0 ("30) in font nullfont!
Missing character: There is no , ("2C) in font nullfont!
Missing character: There is no 1 ("31) in font nullfont!
Missing character: There is no 8 ("38) in font nullfont!
Missing character: There is no . ("2E) in font nullfont!
Missing character: There is no 5 ("35) in font nullfont!
Missing character: There is no ) ("29) in font nullfont!
Missing character: There is no ] ("5D) in font nullfont!
! Undefined control sequence.
<argument> ...gin {scope}[shift={(0,18.5)}] \draw 
                                                  [thin] (0,0) rectangle (10...
l.225     }
           % end \fbox
The control sequence at the end of the top line
of your error message was never \def'ed. If you have
misspelled it (e.g., `\hobx'), type `I' and the correct
spelling (e.g., `I\hbox'). Otherwise just continue,
and I'll forget about whatever was undefined.

Missing character: There is no [ ("5B) in font nullfont!
Missing character: There is no t ("74) in font nullfont!
Missing character: There is no h ("68) in font nullfont!
Missing character: There is no i ("69) in font nullfont!
Missing character: There is no n ("6E) in font nullfont!
Missing character: There is no ] ("5D) in font nullfont!
Missing character: There is no ( ("28) in font nullfont!
Missing character: There is no 0 ("30) in font nullfont!
Missing character: There is no , ("2C) in font nullfont!
Missing character: There is no 0 ("30) in font nullfont!
Missing character: There is no ) ("29) in font nullfont!
Missing character: There is no r ("72) in font nullfont!
Missing character: There is no e ("65) in font nullfont!
Missing character: There is no c ("63) in font nullfont!
Missing character: There is no t ("74) in font nullfont!
Missing character: There is no a ("61) in font nullfont!
Missing character: There is no n ("6E) in font nullfont!
Missing character: There is no g ("67) in font nullfont!
Missing character: There is no l ("6C) in font nullfont!
Missing character: There is no e ("65) in font nullfont!
Missing character: There is no ( ("28) in font nullfont!
Missing character: There is no 1 ("31) in font nullfont!
Missing character: There is no 0 ("30) in font nullfont!
Missing character: There is no . ("2E) in font nullfont!
Missing character: There is no 5 ("35) in font nullfont!
Missing character: There is no , ("2C) in font nullfont!
Missing character: There is no 7 ("37) in font nullfont!
Missing character: There is no . ("2E) in font nullfont!
Missing character: There is no 5 ("35) in font nullfont!
Missing character: There is no ) ("29) in font nullfont!
Missing character: There is no ; ("3B) in font nullfont!
! Undefined control sequence.
<argument> ...] (0,0) rectangle (10.5,7.5); \draw 
                                                  [step=1.5cm,gray!50, thick...
l.225     }
           % end \fbox
The control sequence at the end of the top line
of your error message was never \def'ed. If you have
misspelled it (e.g., `\hobx'), type `I' and the correct
spelling (e.g., `I\hbox'). Otherwise just continue,
and I'll forget about whatever was undefined.

Missing character: There is no [ ("5B) in font nullfont!
Missing character: There is no s ("73) in font nullfont!
Missing character: There is no t ("74) in font nullfont!
Missing character: There is no e ("65) in font nullfont!
Missing character: There is no p ("70) in font nullfont!
Missing character: There is no = ("3D) in font nullfont!
Missing character: There is no 1 ("31) in font nullfont!
Missing character: There is no . ("2E) in font nullfont!
Missing character: There is no 5 ("35) in font nullfont!
Missing character: There is no c ("63) in font nullfont!
Missing character: There is no m ("6D) in font nullfont!
Missing character: There is no , ("2C) in font nullfont!
Missing character: There is no g ("67) in font nullfont!
Missing character: There is no r ("72) in font nullfont!
Missing character: There is no a ("61) in font nullfont!
Missing character: There is no y ("79) in font nullfont!
Missing character: There is no ! ("21) in font nullfont!
Missing character: There is no 5 ("35) in font nullfont!
Missing character: There is no 0 ("30) in font nullfont!
Missing character: There is no , ("2C) in font nullfont!
Missing character: There is no t ("74) in font nullfont!
Missing character: There is no h ("68) in font nullfont!
Missing character: There is no i ("69) in font nullfont!
Missing character: There is no c ("63) in font nullfont!
Missing character: There is no k ("6B) in font nullfont!
Missing character: There is no ] ("5D) in font nullfont!
Missing character: There is no ( ("28) in font nullfont!
Missing character: There is no 0 ("30) in font nullfont!
Missing character: There is no , ("2C) in font nullfont!
Missing character: There is no 0 ("30) in font nullfont!
Missing character: There is no ) ("29) in font nullfont!
Missing character: There is no g ("67) in font nullfont!
Missing character: There is no r ("72) in font nullfont!
Missing character: There is no i ("69) in font nullfont!
Missing character: There is no d ("64) in font nullfont!
Missing character: There is no ( ("28) in font nullfont!
Missing character: There is no 1 ("31) in font nullfont!
Missing character: There is no 0 ("30) in font nullfont!
Missing character: There is no . ("2E) in font nullfont!
Missing character: There is no 5 ("35) in font nullfont!
Missing character: There is no , ("2C) in font nullfont!
Missing character: There is no 7 ("37) in font nullfont!
Missing character: There is no . ("2E) in font nullfont!
Missing character: There is no 5 ("35) in font nullfont!
Missing character: There is no ) ("29) in font nullfont!
Missing character: There is no ; ("3B) in font nullfont!
! Undefined control sequence.
<argument> ...thick] (0,0) grid (10.5,7.5); \node 
                                                  [font=\Huge \bfseries ] at...
l.225     }
           % end \fbox
The control sequence at the end of the top line
of your error message was never \def'ed. If you have
misspelled it (e.g., `\hobx'), type `I' and the correct
spelling (e.g., `I\hbox'). Otherwise just continue,
and I'll forget about whatever was undefined.

Missing character: There is no [ ("5B) in font nullfont!
Missing character: There is no f ("66) in font nullfont!
Missing character: There is no o ("6F) in font nullfont!
Missing character: There is no n ("6E) in font nullfont!
Missing character: There is no t ("74) in font nullfont!
Missing character: There is no = ("3D) in font nullfont!
! Undefined control sequence.
<argument> ... grid (10.5,7.5); \node [font=\Huge 
                                                  \bfseries ] at (5.4,8.1) {...
l.225     }
           % end \fbox
The control sequence at the end of the top line
of your error message was never \def'ed. If you have
misspelled it (e.g., `\hobx'), type `I' and the correct
spelling (e.g., `I\hbox'). Otherwise just continue,
and I'll forget about whatever was undefined.

! Undefined control sequence.
<argument> ...4,8.1) {(a) Threat - Patrol}; \node 
                                                  [circle,draw=blue!70,fill=...
l.225     }
           % end \fbox
The control sequence at the end of the top line
of your error message was never \def'ed. If you have
misspelled it (e.g., `\hobx'), type `I' and the correct
spelling (e.g., `I\hbox'). Otherwise just continue,
and I'll forget about whatever was undefined.

! Undefined control sequence.
<argument> ...ick, minimum size=1.2cm,font=\LARGE 
                                                  \bfseries ] (C1) at (2.25,...
l.225     }
           % end \fbox
The control sequence at the end of the top line
of your error message was never \def'ed. If you have
misspelled it (e.g., `\hobx'), type `I' and the correct
spelling (e.g., `I\hbox'). Otherwise just continue,
and I'll forget about whatever was undefined.

! Undefined control sequence.
<argument> ...es ] (C1) at (2.25,5.25) {C}; \node 
                                                  [circle,draw=red!70,fill=r...
l.225     }
           % end \fbox
The control sequence at the end of the top line
of your error message was never \def'ed. If you have
misspelled it (e.g., `\hobx'), type `I' and the correct
spelling (e.g., `I\hbox'). Otherwise just continue,
and I'll forget about whatever was undefined.

! Undefined control sequence.
<argument> ...ick, minimum size=1.0cm,font=\LARGE 
                                                  \bfseries ] (M1) at (8.25,...
l.225     }
           % end \fbox
The control sequence at the end of the top line
of your error message was never \def'ed. If you have
misspelled it (e.g., `\hobx'), type `I' and the correct
spelling (e.g., `I\hbox'). Otherwise just continue,
and I'll forget about whatever was undefined.

! Undefined control sequence.
<argument> ...es ] (M1) at (8.25,0.75) {M}; \node 
                                                  [regular polygon,regular p...
l.225     }
           % end \fbox
The control sequence at the end of the top line
of your error message was never \def'ed. If you have
misspelled it (e.g., `\hobx'), type `I' and the correct
spelling (e.g., `I\hbox'). Otherwise just continue,
and I'll forget about whatever was undefined.

! Undefined control sequence.
<argument> ...ick, minimum size=1.3cm,font=\LARGE 
                                                  \bfseries ] (T1) at (8.25,...
l.225     }
           % end \fbox
The control sequence at the end of the top line
of your error message was never \def'ed. If you have
misspelled it (e.g., `\hobx'), type `I' and the correct
spelling (e.g., `I\hbox'). Otherwise just continue,
and I'll forget about whatever was undefined.


Overfull \hbox (1.56396pt too wide) in paragraph at lines 225--225
 [] 
 []


Overfull \hbox (4.75397pt too wide) in paragraph at lines 225--225
 \TU/lmr/bx/n/10 ] 
 []


Overfull \hbox (11.62396pt too wide) in paragraph at lines 225--225
 \TU/lmr/bx/n/10 at 
 []


Overfull \hbox (43.07396pt too wide) in paragraph at lines 225--225
 \TU/lmr/bx/n/10 (5.4,8.1) 
 []


Overfull \hbox (16.09396pt too wide) in paragraph at lines 225--225
 \TU/lmr/bx/n/10 (a) 
 []


Overfull \hbox (36.02397pt too wide) in paragraph at lines 225--225
 \TU/lmr/bx/n/10 Threat 
 []


Overfull \hbox (5.39397pt too wide) in paragraph at lines 225--225
 \TU/lmr/bx/n/10 - 
 []


Overfull \hbox (1.56396pt too wide) in paragraph at lines 225--225
  
 []


Overfull \hbox (18.52397pt too wide) in paragraph at lines 225--225
 \TU/lmr/bx/n/10 Pa- 
 []


Overfull \hbox (22.90396pt too wide) in paragraph at lines 225--225
 \TU/lmr/bx/n/10 trol; 
 []


Overfull \hbox (21.62396pt too wide) in paragraph at lines 225--225
 \TU/lmr/bx/n/10 [cir- 
 []


Overfull \hbox (180.64397pt too wide) in paragraph at lines 225--225
 \TU/lmr/bx/n/10 cle,draw=blue!70,fill=blue!30,thick, 
 []


Overfull \hbox (24.55397pt too wide) in paragraph at lines 225--225
 \TU/lmr/bx/n/10 min- 
 []


Overfull \hbox (8.58397pt too wide) in paragraph at lines 225--225
 \TU/lmr/bx/n/10 i- 
 []


Overfull \hbox (26.79396pt too wide) in paragraph at lines 225--225
 \TU/lmr/bx/n/10 mum 
 []


Overfull \hbox (93.11397pt too wide) in paragraph at lines 225--225
 \TU/lmr/bx/n/10 size=1.2cm,font=] 
 []


Overfull \hbox (24.56396pt too wide) in paragraph at lines 225--225
 \TU/lmr/bx/n/10 (C1) 
 []


Overfull \hbox (11.62396pt too wide) in paragraph at lines 225--225
 \TU/lmr/bx/n/10 at 
 []


Overfull \hbox (54.57396pt too wide) in paragraph at lines 225--225
 \TU/lmr/bx/n/10 (2.25,5.25) 
 []


Overfull \hbox (13.06396pt too wide) in paragraph at lines 225--225
 \TU/lmr/bx/n/10 C; 
 []


Overfull \hbox (21.62396pt too wide) in paragraph at lines 225--225
 \TU/lmr/bx/n/10 [cir- 
 []


Overfull \hbox (170.96396pt too wide) in paragraph at lines 225--225
 \TU/lmr/bx/n/10 cle,draw=red!70,fill=red!30,thick, 
 []


Overfull \hbox (24.55397pt too wide) in paragraph at lines 225--225
 \TU/lmr/bx/n/10 min- 
 []


Overfull \hbox (8.58397pt too wide) in paragraph at lines 225--225
 \TU/lmr/bx/n/10 i- 
 []


Overfull \hbox (26.79396pt too wide) in paragraph at lines 225--225
 \TU/lmr/bx/n/10 mum 
 []


Overfull \hbox (93.11397pt too wide) in paragraph at lines 225--225
 \TU/lmr/bx/n/10 size=1.0cm,font=] 
 []


Overfull \hbox (27.17397pt too wide) in paragraph at lines 225--225
 \TU/lmr/bx/n/10 (M1) 
 []


Overfull \hbox (11.62396pt too wide) in paragraph at lines 225--225
 \TU/lmr/bx/n/10 at 
 []


Overfull \hbox (54.57396pt too wide) in paragraph at lines 225--225
 \TU/lmr/bx/n/10 (8.25,0.75) 
 []


Overfull \hbox (15.67397pt too wide) in paragraph at lines 225--225
 \TU/lmr/bx/n/10 M; 
 []


Overfull \hbox (24.34396pt too wide) in paragraph at lines 225--225
 \TU/lmr/bx/n/10 [reg- 
 []


Overfull \hbox (11.78397pt too wide) in paragraph at lines 225--225
 \TU/lmr/bx/n/10 u- 
 []


Overfull \hbox (15.08397pt too wide) in paragraph at lines 225--225
 \TU/lmr/bx/n/10 lar 
 []


Overfull \hbox (27.11397pt too wide) in paragraph at lines 225--225
 \TU/lmr/bx/n/10 poly- 
 []


Overfull \hbox (58.31396pt too wide) in paragraph at lines 225--225
 \TU/lmr/bx/n/10 gon,regular 
 []


Overfull \hbox (27.11397pt too wide) in paragraph at lines 225--225
 \TU/lmr/bx/n/10 poly- 
 []


Overfull \hbox (19.45396pt too wide) in paragraph at lines 225--225
 \TU/lmr/bx/n/10 gon 
 []


Overfull \hbox (43.37396pt too wide) in paragraph at lines 225--225
 \TU/lmr/bx/n/10 sides=3, 
 []


Overfull \hbox (169.26396pt too wide) in paragraph at lines 225--225
 \TU/lmr/bx/n/10 draw=black!70,fill=gray!40,thick, 
 []


Overfull \hbox (24.55397pt too wide) in paragraph at lines 225--225
 \TU/lmr/bx/n/10 min- 
 []


Overfull \hbox (8.58397pt too wide) in paragraph at lines 225--225
 \TU/lmr/bx/n/10 i- 
 []


Overfull \hbox (26.79396pt too wide) in paragraph at lines 225--225
 \TU/lmr/bx/n/10 mum 
 []


Overfull \hbox (93.11397pt too wide) in paragraph at lines 225--225
 \TU/lmr/bx/n/10 size=1.3cm,font=] 
 []


Overfull \hbox (24.25397pt too wide) in paragraph at lines 225--225
 \TU/lmr/bx/n/10 (T1) 
 []


Overfull \hbox (11.62396pt too wide) in paragraph at lines 225--225
 \TU/lmr/bx/n/10 at 
 []


Overfull \hbox (48.82396pt too wide) in paragraph at lines 225--225
 \TU/lmr/bx/n/10 (8.25,5.1) 
 []


Overfull \hbox (12.75397pt too wide) in paragraph at lines 225--225
 \TU/lmr/bx/n/10 T; 
 []

! Undefined control sequence.
<argument> ... (T1) at (8.25,5.1) {T}; \par \node 
                                                  [rectangle,draw=green!70,f...
l.225     }
           % end \fbox
The control sequence at the end of the top line
of your error message was never \def'ed. If you have
misspelled it (e.g., `\hobx'), type `I' and the correct
spelling (e.g., `I\hbox'). Otherwise just continue,
and I'll forget about whatever was undefined.

! Undefined control sequence.
<argument> ...ick, minimum size=0.8cm,font=\LARGE 
                                                  \bfseries ] at (2.25,2.25)...
l.225     }
           % end \fbox
The control sequence at the end of the top line
of your error message was never \def'ed. If you have
misspelled it (e.g., `\hobx'), type `I' and the correct
spelling (e.g., `I\hbox'). Otherwise just continue,
and I'll forget about whatever was undefined.

! Undefined control sequence.
<argument> ...fseries ] at (2.25,2.25) {F}; \node 
                                                  [rectangle,draw=green!70,f...
l.225     }
           % end \fbox
The control sequence at the end of the top line
of your error message was never \def'ed. If you have
misspelled it (e.g., `\hobx'), type `I' and the correct
spelling (e.g., `I\hbox'). Otherwise just continue,
and I'll forget about whatever was undefined.

! Undefined control sequence.
<argument> ...ick, minimum size=0.8cm,font=\LARGE 
                                                  \bfseries ] at (9.75,5.25)...
l.225     }
           % end \fbox
The control sequence at the end of the top line
of your error message was never \def'ed. If you have
misspelled it (e.g., `\hobx'), type `I' and the correct
spelling (e.g., `I\hbox'). Otherwise just continue,
and I'll forget about whatever was undefined.

! Undefined control sequence.
<argument> ...fseries ] at (9.75,5.25) {F}; \node 
                                                  [rectangle,draw=green!70,f...
l.225     }
           % end \fbox
The control sequence at the end of the top line
of your error message was never \def'ed. If you have
misspelled it (e.g., `\hobx'), type `I' and the correct
spelling (e.g., `I\hbox'). Otherwise just continue,
and I'll forget about whatever was undefined.

! Undefined control sequence.
<argument> ...ick, minimum size=0.8cm,font=\LARGE 
                                                  \bfseries ] at (5.25,0.75)...
l.225     }
           % end \fbox
The control sequence at the end of the top line
of your error message was never \def'ed. If you have
misspelled it (e.g., `\hobx'), type `I' and the correct
spelling (e.g., `I\hbox'). Otherwise just continue,
and I'll forget about whatever was undefined.


Overfull \hbox (228.40396pt too wide) in paragraph at lines 225--225
 []\TU/lmr/bx/n/10 [rectangle,draw=green!70,fill=green!30,thick, 
 []


Overfull \hbox (24.55397pt too wide) in paragraph at lines 225--225
 \TU/lmr/bx/n/10 min- 
 []


Overfull \hbox (8.58397pt too wide) in paragraph at lines 225--225
 \TU/lmr/bx/n/10 i- 
 []


Overfull \hbox (26.79396pt too wide) in paragraph at lines 225--225
 \TU/lmr/bx/n/10 mum 
 []


Overfull \hbox (93.11397pt too wide) in paragraph at lines 225--225
 \TU/lmr/bx/n/10 size=0.8cm,font=] 
 []


Overfull \hbox (11.62396pt too wide) in paragraph at lines 225--225
 \TU/lmr/bx/n/10 at 
 []


Overfull \hbox (54.57396pt too wide) in paragraph at lines 225--225
 \TU/lmr/bx/n/10 (2.25,2.25) 
 []


Overfull \hbox (11.99397pt too wide) in paragraph at lines 225--225
 \TU/lmr/bx/n/10 F; 
 []


Overfull \hbox (28.17397pt too wide) in paragraph at lines 225--225
 \TU/lmr/bx/n/10 [rect- 
 []


Overfull \hbox (17.37396pt too wide) in paragraph at lines 225--225
 \TU/lmr/bx/n/10 an- 
 []


Overfull \hbox (193.64397pt too wide) in paragraph at lines 225--225
 \TU/lmr/bx/n/10 gle,draw=green!70,fill=green!30,thick, 
 []


Overfull \hbox (24.55397pt too wide) in paragraph at lines 225--225
 \TU/lmr/bx/n/10 min- 
 []


Overfull \hbox (8.58397pt too wide) in paragraph at lines 225--225
 \TU/lmr/bx/n/10 i- 
 []


Overfull \hbox (26.79396pt too wide) in paragraph at lines 225--225
 \TU/lmr/bx/n/10 mum 
 []


Overfull \hbox (93.11397pt too wide) in paragraph at lines 225--225
 \TU/lmr/bx/n/10 size=0.8cm,font=] 
 []


Overfull \hbox (11.62396pt too wide) in paragraph at lines 225--225
 \TU/lmr/bx/n/10 at 
 []


Overfull \hbox (54.57396pt too wide) in paragraph at lines 225--225
 \TU/lmr/bx/n/10 (9.75,5.25) 
 []


Overfull \hbox (11.99397pt too wide) in paragraph at lines 225--225
 \TU/lmr/bx/n/10 F; 
 []


Overfull \hbox (28.17397pt too wide) in paragraph at lines 225--225
 \TU/lmr/bx/n/10 [rect- 
 []


Overfull \hbox (17.37396pt too wide) in paragraph at lines 225--225
 \TU/lmr/bx/n/10 an- 
 []


Overfull \hbox (193.64397pt too wide) in paragraph at lines 225--225
 \TU/lmr/bx/n/10 gle,draw=green!70,fill=green!30,thick, 
 []


Overfull \hbox (24.55397pt too wide) in paragraph at lines 225--225
 \TU/lmr/bx/n/10 min- 
 []


Overfull \hbox (8.58397pt too wide) in paragraph at lines 225--225
 \TU/lmr/bx/n/10 i- 
 []


Overfull \hbox (26.79396pt too wide) in paragraph at lines 225--225
 \TU/lmr/bx/n/10 mum 
 []


Overfull \hbox (93.11397pt too wide) in paragraph at lines 225--225
 \TU/lmr/bx/n/10 size=0.8cm,font=] 
 []


Overfull \hbox (11.62396pt too wide) in paragraph at lines 225--225
 \TU/lmr/bx/n/10 at 
 []


Overfull \hbox (54.57396pt too wide) in paragraph at lines 225--225
 \TU/lmr/bx/n/10 (5.25,0.75) 
 []


Overfull \hbox (11.99397pt too wide) in paragraph at lines 225--225
 \TU/lmr/bx/n/10 F; 
 []

! Missing number, treated as zero.
<to be read again> 
                   [
l.225     }
           % end \fbox
A number should have been here; I inserted `0'.
(If you can't figure out why I needed to see a number,
look up `weird error' in the index to The TeXbook.)

! Illegal unit of measure (pt inserted).
<to be read again> 
                   [
l.225     }
           % end \fbox
Dimensions can be in units of em, ex, in, pt, pc,
cm, mm, dd, cc, bp, or sp; but yours is a new one!
I'll assume that you meant to say pt, for printer's points.
To recover gracefully from this error, it's best to
delete the erroneous units; e.g., type `2' to delete
two letters. (See Chapter 27 of The TeXbook.)

! Undefined control sequence.
<argument> ...ity=0.2] (C1) circle (1.6cm); \draw 
                                                  [densely dotted,blue!50,li...
l.225     }
           % end \fbox
The control sequence at the end of the top line
of your error message was never \def'ed. If you have
misspelled it (e.g., `\hobx'), type `I' and the correct
spelling (e.g., `I\hbox'). Otherwise just continue,
and I'll forget about whatever was undefined.

! Missing number, treated as zero.
<to be read again> 
                   [
l.225     }
           % end \fbox
A number should have been here; I inserted `0'.
(If you can't figure out why I needed to see a number,
look up `weird error' in the index to The TeXbook.)

! Illegal unit of measure (pt inserted).
<to be read again> 
                   [
l.225     }
           % end \fbox
Dimensions can be in units of em, ex, in, pt, pc,
cm, mm, dd, cc, bp, or sp; but yours is a new one!
I'll assume that you meant to say pt, for printer's points.
To recover gracefully from this error, it's best to
delete the erroneous units; e.g., type `2' to delete
two letters. (See Chapter 27 of The TeXbook.)

! Undefined control sequence.
<argument> ...ity=0.2] (T1) circle (1.6cm); \draw 
                                                  [densely dotted,gray!60,li...
l.225     }
           % end \fbox
The control sequence at the end of the top line
of your error message was never \def'ed. If you have
misspelled it (e.g., `\hobx'), type `I' and the correct
spelling (e.g., `I\hbox'). Otherwise just continue,
and I'll forget about whatever was undefined.

! Undefined control sequence.
<argument> ...t] (T1) circle (1.6cm); \coordinate 
                                                  (P1) at (3.8,5.25); \par \...
l.225     }
           % end \fbox
The control sequence at the end of the top line
of your error message was never \def'ed. If you have
misspelled it (e.g., `\hobx'), type `I' and the correct
spelling (e.g., `I\hbox'). Otherwise just continue,
and I'll forget about whatever was undefined.


Overfull \hbox (107.25397pt too wide) in paragraph at lines 225--225
 []\TU/lmr/bx/n/10 [blue!20,opacity=0.2] 
 []


Overfull \hbox (24.56396pt too wide) in paragraph at lines 225--225
 \TU/lmr/bx/n/10 (C1) 
 []


Overfull \hbox (18.43396pt too wide) in paragraph at lines 225--225
 \TU/lmr/bx/n/10 cir- 
 []


Overfull \hbox (15.13397pt too wide) in paragraph at lines 225--225
 \TU/lmr/bx/n/10 cle 
 []


Overfull \hbox (43.07396pt too wide) in paragraph at lines 225--225
 \TU/lmr/bx/n/10 (1.6cm); 
 []


Overfull \hbox (41.87396pt too wide) in paragraph at lines 225--225
 \TU/lmr/bx/n/10 [densely 
 []


Overfull \hbox (22.00397pt too wide) in paragraph at lines 225--225
 \TU/lmr/bx/n/10 dot- 
 []


Overfull \hbox (78.35397pt too wide) in paragraph at lines 225--225
 \TU/lmr/bx/n/10 ted,blue!50,line 
 []


Overfull \hbox (59.05397pt too wide) in paragraph at lines 225--225
 \TU/lmr/bx/n/10 width=1pt] 
 []


Overfull \hbox (24.56396pt too wide) in paragraph at lines 225--225
 \TU/lmr/bx/n/10 (C1) 
 []


Overfull \hbox (18.43396pt too wide) in paragraph at lines 225--225
 \TU/lmr/bx/n/10 cir- 
 []


Overfull \hbox (15.13397pt too wide) in paragraph at lines 225--225
 \TU/lmr/bx/n/10 cle 
 []


Overfull \hbox (43.07396pt too wide) in paragraph at lines 225--225
 \TU/lmr/bx/n/10 (1.6cm); 
 []


Overfull \hbox (107.84396pt too wide) in paragraph at lines 225--225
 \TU/lmr/bx/n/10 [gray!30,opacity=0.2] 
 []


Overfull \hbox (24.25397pt too wide) in paragraph at lines 225--225
 \TU/lmr/bx/n/10 (T1) 
 []


Overfull \hbox (18.43396pt too wide) in paragraph at lines 225--225
 \TU/lmr/bx/n/10 cir- 
 []


Overfull \hbox (15.13397pt too wide) in paragraph at lines 225--225
 \TU/lmr/bx/n/10 cle 
 []


Overfull \hbox (43.07396pt too wide) in paragraph at lines 225--225
 \TU/lmr/bx/n/10 (1.6cm); 
 []


Overfull \hbox (41.87396pt too wide) in paragraph at lines 225--225
 \TU/lmr/bx/n/10 [densely 
 []


Overfull \hbox (22.00397pt too wide) in paragraph at lines 225--225
 \TU/lmr/bx/n/10 dot- 
 []


Overfull \hbox (78.94397pt too wide) in paragraph at lines 225--225
 \TU/lmr/bx/n/10 ted,gray!60,line 
 []


Overfull \hbox (59.05397pt too wide) in paragraph at lines 225--225
 \TU/lmr/bx/n/10 width=1pt] 
 []


Overfull \hbox (24.25397pt too wide) in paragraph at lines 225--225
 \TU/lmr/bx/n/10 (T1) 
 []


Overfull \hbox (18.43396pt too wide) in paragraph at lines 225--225
 \TU/lmr/bx/n/10 cir- 
 []


Overfull \hbox (15.13397pt too wide) in paragraph at lines 225--225
 \TU/lmr/bx/n/10 cle 
 []


Overfull \hbox (43.07396pt too wide) in paragraph at lines 225--225
 \TU/lmr/bx/n/10 (1.6cm); 
 []


Overfull \hbox (24.11397pt too wide) in paragraph at lines 225--225
 \TU/lmr/bx/n/10 (P1) 
 []


Overfull \hbox (11.62396pt too wide) in paragraph at lines 225--225
 \TU/lmr/bx/n/10 at 
 []


Overfull \hbox (52.01396pt too wide) in paragraph at lines 225--225
 \TU/lmr/bx/n/10 (3.8,5.25); 
 []

! Undefined control sequence.
<argument> ...nate (P1) at (3.8,5.25); \par \draw 
                                                  [dashed,gray!80,line width...
l.225     }
           % end \fbox
The control sequence at the end of the top line
of your error message was never \def'ed. If you have
misspelled it (e.g., `\hobx'), type `I' and the correct
spelling (e.g., `I\hbox'). Otherwise just continue,
and I'll forget about whatever was undefined.

! Undefined control sequence.
<argument> ...] (T1) -- ($(T1)!0.95!(P1)$); \draw 
                                                  [gray!100,line width=2pt] ...
l.225     }
           % end \fbox
The control sequence at the end of the top line
of your error message was never \def'ed. If you have
misspelled it (e.g., `\hobx'), type `I' and the correct
spelling (e.g., `I\hbox'). Otherwise just continue,
and I'll forget about whatever was undefined.

! Undefined control sequence.
<argument> ...5)$) -- ($(P1)+(0.15,0.15)$); \draw 
                                                  [gray!100,line width=2pt] ...
l.225     }
           % end \fbox
The control sequence at the end of the top line
of your error message was never \def'ed. If you have
misspelled it (e.g., `\hobx'), type `I' and the correct
spelling (e.g., `I\hbox'). Otherwise just continue,
and I'll forget about whatever was undefined.


! LaTeX Error: \begin{minipage} on input line 225 ended by \end{scope}.

See the LaTeX manual or LaTeX Companion for explanation.
Type  H <return>  for immediate help.
 ...                                              
                                                  
l.225     }
           % end \fbox
Your command was ignored.
Type  I <command> <return>  to replace it with another command,
or  <return>  to continue without it.


Overfull \hbox (100.57397pt too wide) in paragraph at lines 225--225
 []\TU/lmr/bx/n/10 [dashed,gray!80,line 
 []


Overfull \hbox (62.88397pt too wide) in paragraph at lines 225--225
 \TU/lmr/bx/n/10 width=2pt,- 
 []


Overfull \hbox (68.68398pt too wide) in paragraph at lines 225--225
 \TU/lmr/bx/n/10 >,>=stealth] 
 []


Overfull \hbox (24.25397pt too wide) in paragraph at lines 225--225
 \TU/lmr/bx/n/10 (T1) 
 []


Overfull \hbox (7.31396pt too wide) in paragraph at lines 225--225
 \TU/lmr/bx/n/10 – 
 []


Overfull \hbox (1.56396pt too wide) in paragraph at lines 225--225
  
 []


Overfull \hbox (77.6247pt too wide) in paragraph at lines 225--225
 \TU/lmr/bx/n/10 ($\OT1/cmr/m/n/10 (\OML/cmm/m/it/10 T\OT1/cmr/m/n/10 1)!0\OML/
cmm/m/it/10 :\OT1/cmr/m/n/10 95!(\OML/cmm/m/it/10 P\OT1/cmr/m/n/10 1)$\TU/lmr/b
x/n/10 ); 
 []


Overfull \hbox (68.56396pt too wide) in paragraph at lines 225--225
 \TU/lmr/bx/n/10 [gray!100,line 
 []


Overfull \hbox (59.05397pt too wide) in paragraph at lines 225--225
 \TU/lmr/bx/n/10 width=2pt] 
 []


Overfull \hbox (34.39862pt too wide) in paragraph at lines 225--225
 \TU/lmr/bx/n/10 ($\OT1/cmr/m/n/10 (\OML/cmm/m/it/10 P\OT1/cmr/m/n/10 1) + 
 []


Overfull \hbox (69.36745pt too wide) in paragraph at lines 225--225
 \OT1/cmr/m/n/10 (\OMS/cmsy/m/n/10 ^^@\OT1/cmr/m/n/10 0\OML/cmm/m/it/10 :\OT1/c
mr/m/n/10 15\OML/cmm/m/it/10 ; \OMS/cmsy/m/n/10 ^^@\OT1/cmr/m/n/10 0\OML/cmm/m/
it/10 :\OT1/cmr/m/n/10 15)$\TU/lmr/bx/n/10 ) 
 []


Overfull \hbox (7.31396pt too wide) in paragraph at lines 225--225
 \TU/lmr/bx/n/10 – 
 []


Overfull \hbox (1.56396pt too wide) in paragraph at lines 225--225
  
 []


Overfull \hbox (34.39862pt too wide) in paragraph at lines 225--225
 \TU/lmr/bx/n/10 ($\OT1/cmr/m/n/10 (\OML/cmm/m/it/10 P\OT1/cmr/m/n/10 1) + 
 []


Overfull \hbox (57.00185pt too wide) in paragraph at lines 225--225
 \OT1/cmr/m/n/10 (0\OML/cmm/m/it/10 :\OT1/cmr/m/n/10 15\OML/cmm/m/it/10 ; \OT1/
cmr/m/n/10 0\OML/cmm/m/it/10 :\OT1/cmr/m/n/10 15)$\TU/lmr/bx/n/10 ); 
 []


Overfull \hbox (68.56396pt too wide) in paragraph at lines 225--225
 \TU/lmr/bx/n/10 [gray!100,line 
 []


Overfull \hbox (59.05397pt too wide) in paragraph at lines 225--225
 \TU/lmr/bx/n/10 width=2pt] 
 []


Overfull \hbox (34.39862pt too wide) in paragraph at lines 225--225
 \TU/lmr/bx/n/10 ($\OT1/cmr/m/n/10 (\OML/cmm/m/it/10 P\OT1/cmr/m/n/10 1) + 
 []


Overfull \hbox (61.58965pt too wide) in paragraph at lines 225--225
 \OT1/cmr/m/n/10 (\OMS/cmsy/m/n/10 ^^@\OT1/cmr/m/n/10 0\OML/cmm/m/it/10 :\OT1/c
mr/m/n/10 15\OML/cmm/m/it/10 ; \OT1/cmr/m/n/10 0\OML/cmm/m/it/10 :\OT1/cmr/m/n/
10 15)$\TU/lmr/bx/n/10 ) 
 []


Overfull \hbox (7.31396pt too wide) in paragraph at lines 225--225
 \TU/lmr/bx/n/10 – 
 []


Overfull \hbox (1.56396pt too wide) in paragraph at lines 225--225
  
 []


Overfull \hbox (34.39862pt too wide) in paragraph at lines 225--225
 \TU/lmr/bx/n/10 ($\OT1/cmr/m/n/10 (\OML/cmm/m/it/10 P\OT1/cmr/m/n/10 1) + 
 []


Overfull \hbox (64.77965pt too wide) in paragraph at lines 225--225
 \OT1/cmr/m/n/10 (0\OML/cmm/m/it/10 :\OT1/cmr/m/n/10 15\OML/cmm/m/it/10 ; \OMS/
cmsy/m/n/10 ^^@\OT1/cmr/m/n/10 0\OML/cmm/m/it/10 :\OT1/cmr/m/n/10 15)$\TU/lmr/b
x/n/10 ); 
 []


Overfull \hbox (1.56396pt too wide) in paragraph at lines 225--225
  
 []


! LaTeX Error: Environment scope undefined.

See the LaTeX manual or LaTeX Companion for explanation.
Type  H <return>  for immediate help.
 ...                                              
                                                  
l.225     }
           % end \fbox
Your command was ignored.
Type  I <command> <return>  to replace it with another command,
or  <return>  to continue without it.

Missing character: There is no [ ("5B) in font nullfont!
Missing character: There is no s ("73) in font nullfont!
Missing character: There is no h ("68) in font nullfont!
Missing character: There is no i ("69) in font nullfont!
Missing character: There is no f ("66) in font nullfont!
Missing character: There is no t ("74) in font nullfont!
Missing character: There is no = ("3D) in font nullfont!
Missing character: There is no ( ("28) in font nullfont!
Missing character: There is no 0 ("30) in font nullfont!
Missing character: There is no , ("2C) in font nullfont!
Missing character: There is no 9 ("39) in font nullfont!
Missing character: There is no . ("2E) in font nullfont!
Missing character: There is no 5 ("35) in font nullfont!
Missing character: There is no ) ("29) in font nullfont!
Missing character: There is no ] ("5D) in font nullfont!
! Undefined control sequence.
<argument> ...egin {scope}[shift={(0,9.5)}] \draw 
                                                  [thin] (0,0) rectangle (10...
l.225     }
           % end \fbox
The control sequence at the end of the top line
of your error message was never \def'ed. If you have
misspelled it (e.g., `\hobx'), type `I' and the correct
spelling (e.g., `I\hbox'). Otherwise just continue,
and I'll forget about whatever was undefined.

Missing character: There is no [ ("5B) in font nullfont!
Missing character: There is no t ("74) in font nullfont!
Missing character: There is no h ("68) in font nullfont!
Missing character: There is no i ("69) in font nullfont!
Missing character: There is no n ("6E) in font nullfont!
Missing character: There is no ] ("5D) in font nullfont!
Missing character: There is no ( ("28) in font nullfont!
Missing character: There is no 0 ("30) in font nullfont!
Missing character: There is no , ("2C) in font nullfont!
Missing character: There is no 0 ("30) in font nullfont!
Missing character: There is no ) ("29) in font nullfont!
Missing character: There is no r ("72) in font nullfont!
Missing character: There is no e ("65) in font nullfont!
Missing character: There is no c ("63) in font nullfont!
Missing character: There is no t ("74) in font nullfont!
Missing character: There is no a ("61) in font nullfont!
Missing character: There is no n ("6E) in font nullfont!
Missing character: There is no g ("67) in font nullfont!
Missing character: There is no l ("6C) in font nullfont!
Missing character: There is no e ("65) in font nullfont!
Missing character: There is no ( ("28) in font nullfont!
Missing character: There is no 1 ("31) in font nullfont!
Missing character: There is no 0 ("30) in font nullfont!
Missing character: There is no . ("2E) in font nullfont!
Missing character: There is no 5 ("35) in font nullfont!
Missing character: There is no , ("2C) in font nullfont!
Missing character: There is no 7 ("37) in font nullfont!
Missing character: There is no . ("2E) in font nullfont!
Missing character: There is no 5 ("35) in font nullfont!
Missing character: There is no ) ("29) in font nullfont!
Missing character: There is no ; ("3B) in font nullfont!
! Undefined control sequence.
<argument> ...] (0,0) rectangle (10.5,7.5); \draw 
                                                  [step=1.5cm,gray!50,thick]...
l.225     }
           % end \fbox
The control sequence at the end of the top line
of your error message was never \def'ed. If you have
misspelled it (e.g., `\hobx'), type `I' and the correct
spelling (e.g., `I\hbox'). Otherwise just continue,
and I'll forget about whatever was undefined.

Missing character: There is no [ ("5B) in font nullfont!
Missing character: There is no s ("73) in font nullfont!
Missing character: There is no t ("74) in font nullfont!
Missing character: There is no e ("65) in font nullfont!
Missing character: There is no p ("70) in font nullfont!
Missing character: There is no = ("3D) in font nullfont!
Missing character: There is no 1 ("31) in font nullfont!
Missing character: There is no . ("2E) in font nullfont!
Missing character: There is no 5 ("35) in font nullfont!
Missing character: There is no c ("63) in font nullfont!
Missing character: There is no m ("6D) in font nullfont!
Missing character: There is no , ("2C) in font nullfont!
Missing character: There is no g ("67) in font nullfont!
Missing character: There is no r ("72) in font nullfont!
Missing character: There is no a ("61) in font nullfont!
Missing character: There is no y ("79) in font nullfont!
Missing character: There is no ! ("21) in font nullfont!
Missing character: There is no 5 ("35) in font nullfont!
Missing character: There is no 0 ("30) in font nullfont!
Missing character: There is no , ("2C) in font nullfont!
Missing character: There is no t ("74) in font nullfont!
Missing character: There is no h ("68) in font nullfont!
Missing character: There is no i ("69) in font nullfont!
Missing character: There is no c ("63) in font nullfont!
Missing character: There is no k ("6B) in font nullfont!
Missing character: There is no ] ("5D) in font nullfont!
Missing character: There is no ( ("28) in font nullfont!
Missing character: There is no 0 ("30) in font nullfont!
Missing character: There is no , ("2C) in font nullfont!
Missing character: There is no 0 ("30) in font nullfont!
Missing character: There is no ) ("29) in font nullfont!
Missing character: There is no g ("67) in font nullfont!
Missing character: There is no r ("72) in font nullfont!
Missing character: There is no i ("69) in font nullfont!
Missing character: There is no d ("64) in font nullfont!
Missing character: There is no ( ("28) in font nullfont!
Missing character: There is no 1 ("31) in font nullfont!
Missing character: There is no 0 ("30) in font nullfont!
Missing character: There is no . ("2E) in font nullfont!
Missing character: There is no 5 ("35) in font nullfont!
Missing character: There is no , ("2C) in font nullfont!
Missing character: There is no 7 ("37) in font nullfont!
Missing character: There is no . ("2E) in font nullfont!
Missing character: There is no 5 ("35) in font nullfont!
Missing character: There is no ) ("29) in font nullfont!
Missing character: There is no ; ("3B) in font nullfont!
! Missing number, treated as zero.
<to be read again> 
                   [
l.225     }
           % end \fbox
A number should have been here; I inserted `0'.
(If you can't figure out why I needed to see a number,
look up `weird error' in the index to The TeXbook.)

! Illegal unit of measure (pt inserted).
<to be read again> 
                   [
l.225     }
           % end \fbox
Dimensions can be in units of em, ex, in, pt, pc,
cm, mm, dd, cc, bp, or sp; but yours is a new one!
I'll assume that you meant to say pt, for printer's points.
To recover gracefully from this error, it's best to
delete the erroneous units; e.g., type `2' to delete
two letters. (See Chapter 27 of The TeXbook.)

Missing character: There is no [ ("5B) in font nullfont!
Missing character: There is no b ("62) in font nullfont!
Missing character: There is no l ("6C) in font nullfont!
Missing character: There is no u ("75) in font nullfont!
Missing character: There is no e ("65) in font nullfont!
Missing character: There is no ! ("21) in font nullfont!
Missing character: There is no 2 ("32) in font nullfont!
Missing character: There is no 0 ("30) in font nullfont!
Missing character: There is no , ("2C) in font nullfont!
Missing character: There is no o ("6F) in font nullfont!
Missing character: There is no p ("70) in font nullfont!
Missing character: There is no a ("61) in font nullfont!
Missing character: There is no c ("63) in font nullfont!
Missing character: There is no i ("69) in font nullfont!
Missing character: There is no t ("74) in font nullfont!
Missing character: There is no y ("79) in font nullfont!
Missing character: There is no = ("3D) in font nullfont!
Missing character: There is no 0 ("30) in font nullfont!
Missing character: There is no . ("2E) in font nullfont!
Missing character: There is no 2 ("32) in font nullfont!
Missing character: There is no ] ("5D) in font nullfont!
Missing character: There is no ( ("28) in font nullfont!
Missing character: There is no 2 ("32) in font nullfont!
Missing character: There is no . ("2E) in font nullfont!
Missing character: There is no 2 ("32) in font nullfont!
Missing character: There is no 5 ("35) in font nullfont!
Missing character: There is no , ("2C) in font nullfont!
Missing character: There is no 5 ("35) in font nullfont!
Missing character: There is no . ("2E) in font nullfont!
Missing character: There is no 2 ("32) in font nullfont!
Missing character: There is no 5 ("35) in font nullfont!
Missing character: There is no ) ("29) in font nullfont!
Missing character: There is no c ("63) in font nullfont!
Missing character: There is no i ("69) in font nullfont!
Missing character: There is no r ("72) in font nullfont!
Missing character: There is no c ("63) in font nullfont!
Missing character: There is no l ("6C) in font nullfont!
Missing character: There is no e ("65) in font nullfont!
Missing character: There is no ( ("28) in font nullfont!
Missing character: There is no 1 ("31) in font nullfont!
Missing character: There is no . ("2E) in font nullfont!
Missing character: There is no 6 ("36) in font nullfont!
Missing character: There is no c ("63) in font nullfont!
Missing character: There is no m ("6D) in font nullfont!
Missing character: There is no ) ("29) in font nullfont!
Missing character: There is no ; ("3B) in font nullfont!
! Undefined control sequence.
<argument> ...] (2.25,5.25) circle (1.6cm); \draw 
                                                  [densely dotted,blue!50,th...
l.225     }
           % end \fbox
The control sequence at the end of the top line
of your error message was never \def'ed. If you have
misspelled it (e.g., `\hobx'), type `I' and the correct
spelling (e.g., `I\hbox'). Otherwise just continue,
and I'll forget about whatever was undefined.

Missing character: There is no [ ("5B) in font nullfont!
Missing character: There is no d ("64) in font nullfont!
Missing character: There is no e ("65) in font nullfont!
Missing character: There is no n ("6E) in font nullfont!
Missing character: There is no s ("73) in font nullfont!
Missing character: There is no e ("65) in font nullfont!
Missing character: There is no l ("6C) in font nullfont!
Missing character: There is no y ("79) in font nullfont!
Missing character: There is no d ("64) in font nullfont!
Missing character: There is no o ("6F) in font nullfont!
Missing character: There is no t ("74) in font nullfont!
Missing character: There is no t ("74) in font nullfont!
Missing character: There is no e ("65) in font nullfont!
Missing character: There is no d ("64) in font nullfont!
Missing character: There is no , ("2C) in font nullfont!
Missing character: There is no b ("62) in font nullfont!
Missing character: There is no l ("6C) in font nullfont!
Missing character: There is no u ("75) in font nullfont!
Missing character: There is no e ("65) in font nullfont!
Missing character: There is no ! ("21) in font nullfont!
Missing character: There is no 5 ("35) in font nullfont!
Missing character: There is no 0 ("30) in font nullfont!
Missing character: There is no , ("2C) in font nullfont!
Missing character: There is no t ("74) in font nullfont!
Missing character: There is no h ("68) in font nullfont!
Missing character: There is no i ("69) in font nullfont!
Missing character: There is no c ("63) in font nullfont!
Missing character: There is no k ("6B) in font nullfont!
Missing character: There is no ] ("5D) in font nullfont!
Missing character: There is no ( ("28) in font nullfont!
Missing character: There is no 2 ("32) in font nullfont!
Missing character: There is no . ("2E) in font nullfont!
Missing character: There is no 2 ("32) in font nullfont!
Missing character: There is no 5 ("35) in font nullfont!
Missing character: There is no , ("2C) in font nullfont!
Missing character: There is no 5 ("35) in font nullfont!
Missing character: There is no . ("2E) in font nullfont!
Missing character: There is no 2 ("32) in font nullfont!
Missing character: There is no 5 ("35) in font nullfont!
Missing character: There is no ) ("29) in font nullfont!
Missing character: There is no c ("63) in font nullfont!
Missing character: There is no i ("69) in font nullfont!
Missing character: There is no r ("72) in font nullfont!
Missing character: There is no c ("63) in font nullfont!
Missing character: There is no l ("6C) in font nullfont!
Missing character: There is no e ("65) in font nullfont!
Missing character: There is no ( ("28) in font nullfont!
Missing character: There is no 1 ("31) in font nullfont!
Missing character: There is no . ("2E) in font nullfont!
Missing character: There is no 6 ("36) in font nullfont!
Missing character: There is no c ("63) in font nullfont!
Missing character: There is no m ("6D) in font nullfont!
Missing character: There is no ) ("29) in font nullfont!
Missing character: There is no ; ("3B) in font nullfont!

Overfull \hbox (1.56396pt too wide) in paragraph at lines 225--225
 [] 
 []


Overfull \hbox (1.56396pt too wide) in paragraph at lines 225--225
  
 []

! Missing number, treated as zero.
<to be read again> 
                   [
l.225     }
           % end \fbox
A number should have been here; I inserted `0'.
(If you can't figure out why I needed to see a number,
look up `weird error' in the index to The TeXbook.)

! Illegal unit of measure (pt inserted).
<to be read again> 
                   [
l.225     }
           % end \fbox
Dimensions can be in units of em, ex, in, pt, pc,
cm, mm, dd, cc, bp, or sp; but yours is a new one!
I'll assume that you meant to say pt, for printer's points.
To recover gracefully from this error, it's best to
delete the erroneous units; e.g., type `2' to delete
two letters. (See Chapter 27 of The TeXbook.)

Missing character: There is no [ ("5B) in font nullfont!
Missing character: There is no g ("67) in font nullfont!
Missing character: There is no r ("72) in font nullfont!
Missing character: There is no a ("61) in font nullfont!
Missing character: There is no y ("79) in font nullfont!
Missing character: There is no ! ("21) in font nullfont!
Missing character: There is no 3 ("33) in font nullfont!
Missing character: There is no 0 ("30) in font nullfont!
Missing character: There is no , ("2C) in font nullfont!
Missing character: There is no o ("6F) in font nullfont!
Missing character: There is no p ("70) in font nullfont!
Missing character: There is no a ("61) in font nullfont!
Missing character: There is no c ("63) in font nullfont!
Missing character: There is no i ("69) in font nullfont!
Missing character: There is no t ("74) in font nullfont!
Missing character: There is no y ("79) in font nullfont!
Missing character: There is no = ("3D) in font nullfont!
Missing character: There is no 0 ("30) in font nullfont!
Missing character: There is no . ("2E) in font nullfont!
Missing character: There is no 2 ("32) in font nullfont!
Missing character: There is no ] ("5D) in font nullfont!
Missing character: There is no ( ("28) in font nullfont!
Missing character: There is no 3 ("33) in font nullfont!
Missing character: There is no . ("2E) in font nullfont!
Missing character: There is no 8 ("38) in font nullfont!
Missing character: There is no , ("2C) in font nullfont!
Missing character: There is no 5 ("35) in font nullfont!
Missing character: There is no . ("2E) in font nullfont!
Missing character: There is no 2 ("32) in font nullfont!
Missing character: There is no 5 ("35) in font nullfont!
Missing character: There is no ) ("29) in font nullfont!
Missing character: There is no c ("63) in font nullfont!
Missing character: There is no i ("69) in font nullfont!
Missing character: There is no r ("72) in font nullfont!
Missing character: There is no c ("63) in font nullfont!
Missing character: There is no l ("6C) in font nullfont!
Missing character: There is no e ("65) in font nullfont!
Missing character: There is no ( ("28) in font nullfont!
Missing character: There is no 1 ("31) in font nullfont!
Missing character: There is no . ("2E) in font nullfont!
Missing character: There is no 6 ("36) in font nullfont!
Missing character: There is no c ("63) in font nullfont!
Missing character: There is no m ("6D) in font nullfont!
Missing character: There is no ) ("29) in font nullfont!
Missing character: There is no ; ("3B) in font nullfont!
! Undefined control sequence.
<argument> ...2] (3.8,5.25) circle (1.6cm); \draw 
                                                  [densely dotted,gray!70,th...
l.225     }
           % end \fbox
The control sequence at the end of the top line
of your error message was never \def'ed. If you have
misspelled it (e.g., `\hobx'), type `I' and the correct
spelling (e.g., `I\hbox'). Otherwise just continue,
and I'll forget about whatever was undefined.

Missing character: There is no [ ("5B) in font nullfont!
Missing character: There is no d ("64) in font nullfont!
Missing character: There is no e ("65) in font nullfont!
Missing character: There is no n ("6E) in font nullfont!
Missing character: There is no s ("73) in font nullfont!
Missing character: There is no e ("65) in font nullfont!
Missing character: There is no l ("6C) in font nullfont!
Missing character: There is no y ("79) in font nullfont!
Missing character: There is no d ("64) in font nullfont!
Missing character: There is no o ("6F) in font nullfont!
Missing character: There is no t ("74) in font nullfont!
Missing character: There is no t ("74) in font nullfont!
Missing character: There is no e ("65) in font nullfont!
Missing character: There is no d ("64) in font nullfont!
Missing character: There is no , ("2C) in font nullfont!
Missing character: There is no g ("67) in font nullfont!
Missing character: There is no r ("72) in font nullfont!
Missing character: There is no a ("61) in font nullfont!
Missing character: There is no y ("79) in font nullfont!
Missing character: There is no ! ("21) in font nullfont!
Missing character: There is no 7 ("37) in font nullfont!
Missing character: There is no 0 ("30) in font nullfont!
Missing character: There is no , ("2C) in font nullfont!
Missing character: There is no t ("74) in font nullfont!
Missing character: There is no h ("68) in font nullfont!
Missing character: There is no i ("69) in font nullfont!
Missing character: There is no c ("63) in font nullfont!
Missing character: There is no k ("6B) in font nullfont!
Missing character: There is no ] ("5D) in font nullfont!
Missing character: There is no ( ("28) in font nullfont!
Missing character: There is no 3 ("33) in font nullfont!
Missing character: There is no . ("2E) in font nullfont!
Missing character: There is no 8 ("38) in font nullfont!
Missing character: There is no , ("2C) in font nullfont!
Missing character: There is no 5 ("35) in font nullfont!
Missing character: There is no . ("2E) in font nullfont!
Missing character: There is no 2 ("32) in font nullfont!
Missing character: There is no 5 ("35) in font nullfont!
Missing character: There is no ) ("29) in font nullfont!
Missing character: There is no c ("63) in font nullfont!
Missing character: There is no i ("69) in font nullfont!
Missing character: There is no r ("72) in font nullfont!
Missing character: There is no c ("63) in font nullfont!
Missing character: There is no l ("6C) in font nullfont!
Missing character: There is no e ("65) in font nullfont!
Missing character: There is no ( ("28) in font nullfont!
Missing character: There is no 1 ("31) in font nullfont!
Missing character: There is no . ("2E) in font nullfont!
Missing character: There is no 6 ("36) in font nullfont!
Missing character: There is no c ("63) in font nullfont!
Missing character: There is no m ("6D) in font nullfont!
Missing character: There is no ) ("29) in font nullfont!
Missing character: There is no ; ("3B) in font nullfont!
! Undefined control sequence.
<argument> ...k] (3.8,5.25) circle (1.6cm); \node 
                                                  [font=\Huge \bfseries ] at...
l.225     }
           % end \fbox
The control sequence at the end of the top line
of your error message was never \def'ed. If you have
misspelled it (e.g., `\hobx'), type `I' and the correct
spelling (e.g., `I\hbox'). Otherwise just continue,
and I'll forget about whatever was undefined.

Missing character: There is no [ ("5B) in font nullfont!
Missing character: There is no f ("66) in font nullfont!
Missing character: There is no o ("6F) in font nullfont!
Missing character: There is no n ("6E) in font nullfont!
Missing character: There is no t ("74) in font nullfont!
Missing character: There is no = ("3D) in font nullfont!
! Undefined control sequence.
<argument> ...) circle (1.6cm); \node [font=\Huge 
                                                  \bfseries ] at (5.4,8.1) {...
l.225     }
           % end \fbox
The control sequence at the end of the top line
of your error message was never \def'ed. If you have
misspelled it (e.g., `\hobx'), type `I' and the correct
spelling (e.g., `I\hbox'). Otherwise just continue,
and I'll forget about whatever was undefined.

! Undefined control sequence.
<argument> ...,8.1) {(b) Mother - Protect}; \node 
                                                  [circle,draw=blue!70,fill=...
l.225     }
           % end \fbox
The control sequence at the end of the top line
of your error message was never \def'ed. If you have
misspelled it (e.g., `\hobx'), type `I' and the correct
spelling (e.g., `I\hbox'). Otherwise just continue,
and I'll forget about whatever was undefined.

! Undefined control sequence.
<argument> ...ick, minimum size=1.2cm,font=\LARGE 
                                                  \bfseries ] (C2) at (2.25,...
l.225     }
           % end \fbox
The control sequence at the end of the top line
of your error message was never \def'ed. If you have
misspelled it (e.g., `\hobx'), type `I' and the correct
spelling (e.g., `I\hbox'). Otherwise just continue,
and I'll forget about whatever was undefined.

! Undefined control sequence.
<argument> ...es ] (C2) at (2.25,5.25) {C}; \node 
                                                  [circle,draw=red!70,fill=r...
l.225     }
           % end \fbox
The control sequence at the end of the top line
of your error message was never \def'ed. If you have
misspelled it (e.g., `\hobx'), type `I' and the correct
spelling (e.g., `I\hbox'). Otherwise just continue,
and I'll forget about whatever was undefined.

! Undefined control sequence.
<argument> ...ick, minimum size=1.0cm,font=\LARGE 
                                                  \bfseries ] (M2) at (8.25,...
l.225     }
           % end \fbox
The control sequence at the end of the top line
of your error message was never \def'ed. If you have
misspelled it (e.g., `\hobx'), type `I' and the correct
spelling (e.g., `I\hbox'). Otherwise just continue,
and I'll forget about whatever was undefined.

! Undefined control sequence.
<argument> ...es ] (M2) at (8.25,0.75) {M}; \node 
                                                  [regular polygon,regular p...
l.225     }
           % end \fbox
The control sequence at the end of the top line
of your error message was never \def'ed. If you have
misspelled it (e.g., `\hobx'), type `I' and the correct
spelling (e.g., `I\hbox'). Otherwise just continue,
and I'll forget about whatever was undefined.

! Undefined control sequence.
<argument> ...ick, minimum size=1.3cm,font=\LARGE 
                                                  \bfseries ] (T2) at (3.8,5...
l.225     }
           % end \fbox
The control sequence at the end of the top line
of your error message was never \def'ed. If you have
misspelled it (e.g., `\hobx'), type `I' and the correct
spelling (e.g., `I\hbox'). Otherwise just continue,
and I'll forget about whatever was undefined.

! Undefined control sequence.
<argument> ...ies ] (T2) at (3.8,5.25) {T}; \node 
                                                  [rectangle,draw=green!70,f...
l.225     }
           % end \fbox
The control sequence at the end of the top line
of your error message was never \def'ed. If you have
misspelled it (e.g., `\hobx'), type `I' and the correct
spelling (e.g., `I\hbox'). Otherwise just continue,
and I'll forget about whatever was undefined.

! Undefined control sequence.
<argument> ...ick, minimum size=0.8cm,font=\LARGE 
                                                  \bfseries ] at (2.25,2.25)...
l.225     }
           % end \fbox
The control sequence at the end of the top line
of your error message was never \def'ed. If you have
misspelled it (e.g., `\hobx'), type `I' and the correct
spelling (e.g., `I\hbox'). Otherwise just continue,
and I'll forget about whatever was undefined.

! Undefined control sequence.
<argument> ...fseries ] at (2.25,2.25) {F}; \node 
                                                  [rectangle,draw=green!70,f...
l.225     }
           % end \fbox
The control sequence at the end of the top line
of your error message was never \def'ed. If you have
misspelled it (e.g., `\hobx'), type `I' and the correct
spelling (e.g., `I\hbox'). Otherwise just continue,
and I'll forget about whatever was undefined.

! Undefined control sequence.
<argument> ...ick, minimum size=0.8cm,font=\LARGE 
                                                  \bfseries ] at (9.75,5.25)...
l.225     }
           % end \fbox
The control sequence at the end of the top line
of your error message was never \def'ed. If you have
misspelled it (e.g., `\hobx'), type `I' and the correct
spelling (e.g., `I\hbox'). Otherwise just continue,
and I'll forget about whatever was undefined.

! Undefined control sequence.
<argument> ...fseries ] at (9.75,5.25) {F}; \node 
                                                  [rectangle,draw=green!70,f...
l.225     }
           % end \fbox
The control sequence at the end of the top line
of your error message was never \def'ed. If you have
misspelled it (e.g., `\hobx'), type `I' and the correct
spelling (e.g., `I\hbox'). Otherwise just continue,
and I'll forget about whatever was undefined.

! Undefined control sequence.
<argument> ...ick, minimum size=0.8cm,font=\LARGE 
                                                  \bfseries ] at (5.25,0.75)...
l.225     }
           % end \fbox
The control sequence at the end of the top line
of your error message was never \def'ed. If you have
misspelled it (e.g., `\hobx'), type `I' and the correct
spelling (e.g., `I\hbox'). Otherwise just continue,
and I'll forget about whatever was undefined.

! Undefined control sequence.
<argument> ...fseries ] at (5.25,0.75) {F}; \draw 
                                                  [->,thick,purple!75,line w...
l.225     }
           % end \fbox
The control sequence at the end of the top line
of your error message was never \def'ed. If you have
misspelled it (e.g., `\hobx'), type `I' and the correct
spelling (e.g., `I\hbox'). Otherwise just continue,
and I'll forget about whatever was undefined.


! LaTeX Error: \begin{minipage} on input line 225 ended by \end{scope}.

See the LaTeX manual or LaTeX Companion for explanation.
Type  H <return>  for immediate help.
 ...                                              
                                                  
l.225     }
           % end \fbox
Your command was ignored.
Type  I <command> <return>  to replace it with another command,
or  <return>  to continue without it.


Overfull \hbox (1.56396pt too wide) in paragraph at lines 225--225
 [] 
 []


Overfull \hbox (4.75397pt too wide) in paragraph at lines 225--225
 \TU/lmr/bx/n/10 ] 
 []


Overfull \hbox (11.62396pt too wide) in paragraph at lines 225--225
 \TU/lmr/bx/n/10 at 
 []


Overfull \hbox (43.07396pt too wide) in paragraph at lines 225--225
 \TU/lmr/bx/n/10 (5.4,8.1) 
 []


Overfull \hbox (16.89397pt too wide) in paragraph at lines 225--225
 \TU/lmr/bx/n/10 (b) 
 []


Overfull \hbox (39.10397pt too wide) in paragraph at lines 225--225
 \TU/lmr/bx/n/10 Mother 
 []


Overfull \hbox (5.39397pt too wide) in paragraph at lines 225--225
 \TU/lmr/bx/n/10 - 
 []


Overfull \hbox (1.56396pt too wide) in paragraph at lines 225--225
  
 []


Overfull \hbox (23.74397pt too wide) in paragraph at lines 225--225
 \TU/lmr/bx/n/10 Pro- 
 []


Overfull \hbox (24.07396pt too wide) in paragraph at lines 225--225
 \TU/lmr/bx/n/10 tect; 
 []


Overfull \hbox (21.62396pt too wide) in paragraph at lines 225--225
 \TU/lmr/bx/n/10 [cir- 
 []


Overfull \hbox (180.64397pt too wide) in paragraph at lines 225--225
 \TU/lmr/bx/n/10 cle,draw=blue!70,fill=blue!30,thick, 
 []


Overfull \hbox (24.55397pt too wide) in paragraph at lines 225--225
 \TU/lmr/bx/n/10 min- 
 []


Overfull \hbox (8.58397pt too wide) in paragraph at lines 225--225
 \TU/lmr/bx/n/10 i- 
 []


Overfull \hbox (26.79396pt too wide) in paragraph at lines 225--225
 \TU/lmr/bx/n/10 mum 
 []


Overfull \hbox (93.11397pt too wide) in paragraph at lines 225--225
 \TU/lmr/bx/n/10 size=1.2cm,font=] 
 []


Overfull \hbox (24.56396pt too wide) in paragraph at lines 225--225
 \TU/lmr/bx/n/10 (C2) 
 []


Overfull \hbox (11.62396pt too wide) in paragraph at lines 225--225
 \TU/lmr/bx/n/10 at 
 []


Overfull \hbox (54.57396pt too wide) in paragraph at lines 225--225
 \TU/lmr/bx/n/10 (2.25,5.25) 
 []


Overfull \hbox (13.06396pt too wide) in paragraph at lines 225--225
 \TU/lmr/bx/n/10 C; 
 []


Overfull \hbox (21.62396pt too wide) in paragraph at lines 225--225
 \TU/lmr/bx/n/10 [cir- 
 []


Overfull \hbox (170.96396pt too wide) in paragraph at lines 225--225
 \TU/lmr/bx/n/10 cle,draw=red!70,fill=red!30,thick, 
 []


Overfull \hbox (24.55397pt too wide) in paragraph at lines 225--225
 \TU/lmr/bx/n/10 min- 
 []


Overfull \hbox (8.58397pt too wide) in paragraph at lines 225--225
 \TU/lmr/bx/n/10 i- 
 []


Overfull \hbox (26.79396pt too wide) in paragraph at lines 225--225
 \TU/lmr/bx/n/10 mum 
 []


Overfull \hbox (93.11397pt too wide) in paragraph at lines 225--225
 \TU/lmr/bx/n/10 size=1.0cm,font=] 
 []


Overfull \hbox (27.17397pt too wide) in paragraph at lines 225--225
 \TU/lmr/bx/n/10 (M2) 
 []


Overfull \hbox (11.62396pt too wide) in paragraph at lines 225--225
 \TU/lmr/bx/n/10 at 
 []


Overfull \hbox (54.57396pt too wide) in paragraph at lines 225--225
 \TU/lmr/bx/n/10 (8.25,0.75) 
 []


Overfull \hbox (15.67397pt too wide) in paragraph at lines 225--225
 \TU/lmr/bx/n/10 M; 
 []


Overfull \hbox (24.34396pt too wide) in paragraph at lines 225--225
 \TU/lmr/bx/n/10 [reg- 
 []


Overfull \hbox (11.78397pt too wide) in paragraph at lines 225--225
 \TU/lmr/bx/n/10 u- 
 []


Overfull \hbox (15.08397pt too wide) in paragraph at lines 225--225
 \TU/lmr/bx/n/10 lar 
 []


Overfull \hbox (27.11397pt too wide) in paragraph at lines 225--225
 \TU/lmr/bx/n/10 poly- 
 []


Overfull \hbox (58.31396pt too wide) in paragraph at lines 225--225
 \TU/lmr/bx/n/10 gon,regular 
 []


Overfull \hbox (27.11397pt too wide) in paragraph at lines 225--225
 \TU/lmr/bx/n/10 poly- 
 []


Overfull \hbox (19.45396pt too wide) in paragraph at lines 225--225
 \TU/lmr/bx/n/10 gon 
 []


Overfull \hbox (43.37396pt too wide) in paragraph at lines 225--225
 \TU/lmr/bx/n/10 sides=3, 
 []


Overfull \hbox (169.26396pt too wide) in paragraph at lines 225--225
 \TU/lmr/bx/n/10 draw=black!70,fill=gray!40,thick, 
 []


Overfull \hbox (24.55397pt too wide) in paragraph at lines 225--225
 \TU/lmr/bx/n/10 min- 
 []


Overfull \hbox (8.58397pt too wide) in paragraph at lines 225--225
 \TU/lmr/bx/n/10 i- 
 []


Overfull \hbox (26.79396pt too wide) in paragraph at lines 225--225
 \TU/lmr/bx/n/10 mum 
 []


Overfull \hbox (93.11397pt too wide) in paragraph at lines 225--225
 \TU/lmr/bx/n/10 size=1.3cm,font=] 
 []


Overfull \hbox (24.25397pt too wide) in paragraph at lines 225--225
 \TU/lmr/bx/n/10 (T2) 
 []


Overfull \hbox (11.62396pt too wide) in paragraph at lines 225--225
 \TU/lmr/bx/n/10 at 
 []


Overfull \hbox (48.82396pt too wide) in paragraph at lines 225--225
 \TU/lmr/bx/n/10 (3.8,5.25) 
 []


Overfull \hbox (12.75397pt too wide) in paragraph at lines 225--225
 \TU/lmr/bx/n/10 T; 
 []


Overfull \hbox (28.17397pt too wide) in paragraph at lines 225--225
 \TU/lmr/bx/n/10 [rect- 
 []


Overfull \hbox (17.37396pt too wide) in paragraph at lines 225--225
 \TU/lmr/bx/n/10 an- 
 []


Overfull \hbox (193.64397pt too wide) in paragraph at lines 225--225
 \TU/lmr/bx/n/10 gle,draw=green!70,fill=green!30,thick, 
 []


Overfull \hbox (24.55397pt too wide) in paragraph at lines 225--225
 \TU/lmr/bx/n/10 min- 
 []


Overfull \hbox (8.58397pt too wide) in paragraph at lines 225--225
 \TU/lmr/bx/n/10 i- 
 []


Overfull \hbox (26.79396pt too wide) in paragraph at lines 225--225
 \TU/lmr/bx/n/10 mum 
 []


Overfull \hbox (93.11397pt too wide) in paragraph at lines 225--225
 \TU/lmr/bx/n/10 size=0.8cm,font=] 
 []


Overfull \hbox (11.62396pt too wide) in paragraph at lines 225--225
 \TU/lmr/bx/n/10 at 
 []


Overfull \hbox (54.57396pt too wide) in paragraph at lines 225--225
 \TU/lmr/bx/n/10 (2.25,2.25) 
 []


Overfull \hbox (11.99397pt too wide) in paragraph at lines 225--225
 \TU/lmr/bx/n/10 F; 
 []


Overfull \hbox (28.17397pt too wide) in paragraph at lines 225--225
 \TU/lmr/bx/n/10 [rect- 
 []


Overfull \hbox (17.37396pt too wide) in paragraph at lines 225--225
 \TU/lmr/bx/n/10 an- 
 []


Overfull \hbox (193.64397pt too wide) in paragraph at lines 225--225
 \TU/lmr/bx/n/10 gle,draw=green!70,fill=green!30,thick, 
 []


Overfull \hbox (24.55397pt too wide) in paragraph at lines 225--225
 \TU/lmr/bx/n/10 min- 
 []


Overfull \hbox (8.58397pt too wide) in paragraph at lines 225--225
 \TU/lmr/bx/n/10 i- 
 []


Overfull \hbox (26.79396pt too wide) in paragraph at lines 225--225
 \TU/lmr/bx/n/10 mum 
 []


Overfull \hbox (93.11397pt too wide) in paragraph at lines 225--225
 \TU/lmr/bx/n/10 size=0.8cm,font=] 
 []


Overfull \hbox (11.62396pt too wide) in paragraph at lines 225--225
 \TU/lmr/bx/n/10 at 
 []


Overfull \hbox (54.57396pt too wide) in paragraph at lines 225--225
 \TU/lmr/bx/n/10 (9.75,5.25) 
 []


Overfull \hbox (11.99397pt too wide) in paragraph at lines 225--225
 \TU/lmr/bx/n/10 F; 
 []


Overfull \hbox (28.17397pt too wide) in paragraph at lines 225--225
 \TU/lmr/bx/n/10 [rect- 
 []


Overfull \hbox (17.37396pt too wide) in paragraph at lines 225--225
 \TU/lmr/bx/n/10 an- 
 []


Overfull \hbox (193.64397pt too wide) in paragraph at lines 225--225
 \TU/lmr/bx/n/10 gle,draw=green!70,fill=green!30,thick, 
 []


Overfull \hbox (24.55397pt too wide) in paragraph at lines 225--225
 \TU/lmr/bx/n/10 min- 
 []


Overfull \hbox (8.58397pt too wide) in paragraph at lines 225--225
 \TU/lmr/bx/n/10 i- 
 []


Overfull \hbox (26.79396pt too wide) in paragraph at lines 225--225
 \TU/lmr/bx/n/10 mum 
 []


Overfull \hbox (93.11397pt too wide) in paragraph at lines 225--225
 \TU/lmr/bx/n/10 size=0.8cm,font=] 
 []


Overfull \hbox (11.62396pt too wide) in paragraph at lines 225--225
 \TU/lmr/bx/n/10 at 
 []


Overfull \hbox (54.57396pt too wide) in paragraph at lines 225--225
 \TU/lmr/bx/n/10 (5.25,0.75) 
 []


Overfull \hbox (11.99397pt too wide) in paragraph at lines 225--225
 \TU/lmr/bx/n/10 F; 
 []


Overfull \hbox (8.58397pt too wide) in paragraph at lines 225--225
 \TU/lmr/bx/n/10 [- 
 []


Overfull \hbox (110.39397pt too wide) in paragraph at lines 225--225
 \TU/lmr/bx/n/10 >,thick,purple!75,line 
 []


Overfull \hbox (59.05397pt too wide) in paragraph at lines 225--225
 \TU/lmr/bx/n/10 width=2pt] 
 []


Overfull \hbox (27.17397pt too wide) in paragraph at lines 225--225
 \TU/lmr/bx/n/10 (M2) 
 []


Overfull \hbox (7.31396pt too wide) in paragraph at lines 225--225
 \TU/lmr/bx/n/10 – 
 []


Overfull \hbox (1.56396pt too wide) in paragraph at lines 225--225
  
 []


Overfull \hbox (27.75397pt too wide) in paragraph at lines 225--225
 \TU/lmr/bx/n/10 (C2); 
 []


Overfull \hbox (1.56396pt too wide) in paragraph at lines 225--225
  
 []


! LaTeX Error: Environment scope undefined.

See the LaTeX manual or LaTeX Companion for explanation.
Type  H <return>  for immediate help.
 ...                                              
                                                  
l.225     }
           % end \fbox
Your command was ignored.
Type  I <command> <return>  to replace it with another command,
or  <return>  to continue without it.

Missing character: There is no [ ("5B) in font nullfont!
Missing character: There is no s ("73) in font nullfont!
Missing character: There is no h ("68) in font nullfont!
Missing character: There is no i ("69) in font nullfont!
Missing character: There is no f ("66) in font nullfont!
Missing character: There is no t ("74) in font nullfont!
Missing character: There is no = ("3D) in font nullfont!
Missing character: There is no ( ("28) in font nullfont!
Missing character: There is no 0 ("30) in font nullfont!
Missing character: There is no , ("2C) in font nullfont!
Missing character: There is no 0 ("30) in font nullfont!
Missing character: There is no ) ("29) in font nullfont!
Missing character: There is no ] ("5D) in font nullfont!
! Undefined control sequence.
<argument> ...\begin {scope}[shift={(0,0)}] \draw 
                                                  [thin] (0,0) rectangle (10...
l.225     }
           % end \fbox
The control sequence at the end of the top line
of your error message was never \def'ed. If you have
misspelled it (e.g., `\hobx'), type `I' and the correct
spelling (e.g., `I\hbox'). Otherwise just continue,
and I'll forget about whatever was undefined.

Missing character: There is no [ ("5B) in font nullfont!
Missing character: There is no t ("74) in font nullfont!
Missing character: There is no h ("68) in font nullfont!
Missing character: There is no i ("69) in font nullfont!
Missing character: There is no n ("6E) in font nullfont!
Missing character: There is no ] ("5D) in font nullfont!
Missing character: There is no ( ("28) in font nullfont!
Missing character: There is no 0 ("30) in font nullfont!
Missing character: There is no , ("2C) in font nullfont!
Missing character: There is no 0 ("30) in font nullfont!
Missing character: There is no ) ("29) in font nullfont!
Missing character: There is no r ("72) in font nullfont!
Missing character: There is no e ("65) in font nullfont!
Missing character: There is no c ("63) in font nullfont!
Missing character: There is no t ("74) in font nullfont!
Missing character: There is no a ("61) in font nullfont!
Missing character: There is no n ("6E) in font nullfont!
Missing character: There is no g ("67) in font nullfont!
Missing character: There is no l ("6C) in font nullfont!
Missing character: There is no e ("65) in font nullfont!
Missing character: There is no ( ("28) in font nullfont!
Missing character: There is no 1 ("31) in font nullfont!
Missing character: There is no 0 ("30) in font nullfont!
Missing character: There is no . ("2E) in font nullfont!
Missing character: There is no 5 ("35) in font nullfont!
Missing character: There is no , ("2C) in font nullfont!
Missing character: There is no 7 ("37) in font nullfont!
Missing character: There is no . ("2E) in font nullfont!
Missing character: There is no 5 ("35) in font nullfont!
Missing character: There is no ) ("29) in font nullfont!
Missing character: There is no ; ("3B) in font nullfont!
! Undefined control sequence.
<argument> ...] (0,0) rectangle (10.5,7.5); \draw 
                                                  [step=1.5cm,gray!59,thick]...
l.225     }
           % end \fbox
The control sequence at the end of the top line
of your error message was never \def'ed. If you have
misspelled it (e.g., `\hobx'), type `I' and the correct
spelling (e.g., `I\hbox'). Otherwise just continue,
and I'll forget about whatever was undefined.

Missing character: There is no [ ("5B) in font nullfont!
Missing character: There is no s ("73) in font nullfont!
Missing character: There is no t ("74) in font nullfont!
Missing character: There is no e ("65) in font nullfont!
Missing character: There is no p ("70) in font nullfont!
Missing character: There is no = ("3D) in font nullfont!
Missing character: There is no 1 ("31) in font nullfont!
Missing character: There is no . ("2E) in font nullfont!
Missing character: There is no 5 ("35) in font nullfont!
Missing character: There is no c ("63) in font nullfont!
Missing character: There is no m ("6D) in font nullfont!
Missing character: There is no , ("2C) in font nullfont!
Missing character: There is no g ("67) in font nullfont!
Missing character: There is no r ("72) in font nullfont!
Missing character: There is no a ("61) in font nullfont!
Missing character: There is no y ("79) in font nullfont!
Missing character: There is no ! ("21) in font nullfont!
Missing character: There is no 5 ("35) in font nullfont!
Missing character: There is no 9 ("39) in font nullfont!
Missing character: There is no , ("2C) in font nullfont!
Missing character: There is no t ("74) in font nullfont!
Missing character: There is no h ("68) in font nullfont!
Missing character: There is no i ("69) in font nullfont!
Missing character: There is no c ("63) in font nullfont!
Missing character: There is no k ("6B) in font nullfont!
Missing character: There is no ] ("5D) in font nullfont!
Missing character: There is no ( ("28) in font nullfont!
Missing character: There is no 0 ("30) in font nullfont!
Missing character: There is no , ("2C) in font nullfont!
Missing character: There is no 0 ("30) in font nullfont!
Missing character: There is no ) ("29) in font nullfont!
Missing character: There is no g ("67) in font nullfont!
Missing character: There is no r ("72) in font nullfont!
Missing character: There is no i ("69) in font nullfont!
Missing character: There is no d ("64) in font nullfont!
Missing character: There is no ( ("28) in font nullfont!
Missing character: There is no 1 ("31) in font nullfont!
Missing character: There is no 0 ("30) in font nullfont!
Missing character: There is no . ("2E) in font nullfont!
Missing character: There is no 5 ("35) in font nullfont!
Missing character: There is no , ("2C) in font nullfont!
Missing character: There is no 7 ("37) in font nullfont!
Missing character: There is no . ("2E) in font nullfont!
Missing character: There is no 5 ("35) in font nullfont!
Missing character: There is no ) ("29) in font nullfont!
Missing character: There is no ; ("3B) in font nullfont!
! Missing number, treated as zero.
<to be read again> 
                   [
l.225     }
           % end \fbox
A number should have been here; I inserted `0'.
(If you can't figure out why I needed to see a number,
look up `weird error' in the index to The TeXbook.)

! Illegal unit of measure (pt inserted).
<to be read again> 
                   [
l.225     }
           % end \fbox
Dimensions can be in units of em, ex, in, pt, pc,
cm, mm, dd, cc, bp, or sp; but yours is a new one!
I'll assume that you meant to say pt, for printer's points.
To recover gracefully from this error, it's best to
delete the erroneous units; e.g., type `2' to delete
two letters. (See Chapter 27 of The TeXbook.)

Missing character: There is no [ ("5B) in font nullfont!
Missing character: There is no b ("62) in font nullfont!
Missing character: There is no l ("6C) in font nullfont!
Missing character: There is no u ("75) in font nullfont!
Missing character: There is no e ("65) in font nullfont!
Missing character: There is no ! ("21) in font nullfont!
Missing character: There is no 2 ("32) in font nullfont!
Missing character: There is no 0 ("30) in font nullfont!
Missing character: There is no , ("2C) in font nullfont!
Missing character: There is no o ("6F) in font nullfont!
Missing character: There is no p ("70) in font nullfont!
Missing character: There is no a ("61) in font nullfont!
Missing character: There is no c ("63) in font nullfont!
Missing character: There is no i ("69) in font nullfont!
Missing character: There is no t ("74) in font nullfont!
Missing character: There is no y ("79) in font nullfont!
Missing character: There is no = ("3D) in font nullfont!
Missing character: There is no 0 ("30) in font nullfont!
Missing character: There is no . ("2E) in font nullfont!
Missing character: There is no 2 ("32) in font nullfont!
Missing character: There is no ] ("5D) in font nullfont!
Missing character: There is no ( ("28) in font nullfont!
Missing character: There is no 2 ("32) in font nullfont!
Missing character: There is no . ("2E) in font nullfont!
Missing character: There is no 2 ("32) in font nullfont!
Missing character: There is no 5 ("35) in font nullfont!
Missing character: There is no , ("2C) in font nullfont!
Missing character: There is no 5 ("35) in font nullfont!
Missing character: There is no . ("2E) in font nullfont!
Missing character: There is no 2 ("32) in font nullfont!
Missing character: There is no 5 ("35) in font nullfont!
Missing character: There is no ) ("29) in font nullfont!
Missing character: There is no c ("63) in font nullfont!
Missing character: There is no i ("69) in font nullfont!
Missing character: There is no r ("72) in font nullfont!
Missing character: There is no c ("63) in font nullfont!
Missing character: There is no l ("6C) in font nullfont!
Missing character: There is no e ("65) in font nullfont!
Missing character: There is no ( ("28) in font nullfont!
Missing character: There is no 1 ("31) in font nullfont!
Missing character: There is no . ("2E) in font nullfont!
Missing character: There is no 6 ("36) in font nullfont!
Missing character: There is no c ("63) in font nullfont!
Missing character: There is no m ("6D) in font nullfont!
Missing character: There is no ) ("29) in font nullfont!
Missing character: There is no ; ("3B) in font nullfont!
! Undefined control sequence.
<argument> ...] (2.25,5.25) circle (1.6cm); \draw 
                                                  [densely dotted,blue!50,th...
l.225     }
           % end \fbox
The control sequence at the end of the top line
of your error message was never \def'ed. If you have
misspelled it (e.g., `\hobx'), type `I' and the correct
spelling (e.g., `I\hbox'). Otherwise just continue,
and I'll forget about whatever was undefined.

Missing character: There is no [ ("5B) in font nullfont!
Missing character: There is no d ("64) in font nullfont!
Missing character: There is no e ("65) in font nullfont!
Missing character: There is no n ("6E) in font nullfont!
Missing character: There is no s ("73) in font nullfont!
Missing character: There is no e ("65) in font nullfont!
Missing character: There is no l ("6C) in font nullfont!
Missing character: There is no y ("79) in font nullfont!
Missing character: There is no d ("64) in font nullfont!
Missing character: There is no o ("6F) in font nullfont!
Missing character: There is no t ("74) in font nullfont!
Missing character: There is no t ("74) in font nullfont!
Missing character: There is no e ("65) in font nullfont!
Missing character: There is no d ("64) in font nullfont!
Missing character: There is no , ("2C) in font nullfont!
Missing character: There is no b ("62) in font nullfont!
Missing character: There is no l ("6C) in font nullfont!
Missing character: There is no u ("75) in font nullfont!
Missing character: There is no e ("65) in font nullfont!
Missing character: There is no ! ("21) in font nullfont!
Missing character: There is no 5 ("35) in font nullfont!
Missing character: There is no 0 ("30) in font nullfont!
Missing character: There is no , ("2C) in font nullfont!
Missing character: There is no t ("74) in font nullfont!
Missing character: There is no h ("68) in font nullfont!
Missing character: There is no i ("69) in font nullfont!
Missing character: There is no c ("63) in font nullfont!
Missing character: There is no k ("6B) in font nullfont!
Missing character: There is no ] ("5D) in font nullfont!
Missing character: There is no ( ("28) in font nullfont!
Missing character: There is no 2 ("32) in font nullfont!
Missing character: There is no . ("2E) in font nullfont!
Missing character: There is no 2 ("32) in font nullfont!
Missing character: There is no 5 ("35) in font nullfont!
Missing character: There is no , ("2C) in font nullfont!
Missing character: There is no 5 ("35) in font nullfont!
Missing character: There is no . ("2E) in font nullfont!
Missing character: There is no 2 ("32) in font nullfont!
Missing character: There is no 5 ("35) in font nullfont!
Missing character: There is no ) ("29) in font nullfont!
Missing character: There is no c ("63) in font nullfont!
Missing character: There is no i ("69) in font nullfont!
Missing character: There is no r ("72) in font nullfont!
Missing character: There is no c ("63) in font nullfont!
Missing character: There is no l ("6C) in font nullfont!
Missing character: There is no e ("65) in font nullfont!
Missing character: There is no ( ("28) in font nullfont!
Missing character: There is no 1 ("31) in font nullfont!
Missing character: There is no . ("2E) in font nullfont!
Missing character: There is no 6 ("36) in font nullfont!
Missing character: There is no c ("63) in font nullfont!
Missing character: There is no m ("6D) in font nullfont!
Missing character: There is no ) ("29) in font nullfont!
Missing character: There is no ; ("3B) in font nullfont!

Overfull \hbox (1.56396pt too wide) in paragraph at lines 225--225
 [] 
 []


Overfull \hbox (1.56396pt too wide) in paragraph at lines 225--225
  
 []

! Missing number, treated as zero.
<to be read again> 
                   [
l.225     }
           % end \fbox
A number should have been here; I inserted `0'.
(If you can't figure out why I needed to see a number,
look up `weird error' in the index to The TeXbook.)

! Illegal unit of measure (pt inserted).
<to be read again> 
                   [
l.225     }
           % end \fbox
Dimensions can be in units of em, ex, in, pt, pc,
cm, mm, dd, cc, bp, or sp; but yours is a new one!
I'll assume that you meant to say pt, for printer's points.
To recover gracefully from this error, it's best to
delete the erroneous units; e.g., type `2' to delete
two letters. (See Chapter 27 of The TeXbook.)

Missing character: There is no [ ("5B) in font nullfont!
Missing character: There is no g ("67) in font nullfont!
Missing character: There is no r ("72) in font nullfont!
Missing character: There is no a ("61) in font nullfont!
Missing character: There is no y ("79) in font nullfont!
Missing character: There is no ! ("21) in font nullfont!
Missing character: There is no 3 ("33) in font nullfont!
Missing character: There is no 0 ("30) in font nullfont!
Missing character: There is no , ("2C) in font nullfont!
Missing character: There is no o ("6F) in font nullfont!
Missing character: There is no p ("70) in font nullfont!
Missing character: There is no a ("61) in font nullfont!
Missing character: There is no c ("63) in font nullfont!
Missing character: There is no i ("69) in font nullfont!
Missing character: There is no t ("74) in font nullfont!
Missing character: There is no y ("79) in font nullfont!
Missing character: There is no = ("3D) in font nullfont!
Missing character: There is no 0 ("30) in font nullfont!
Missing character: There is no . ("2E) in font nullfont!
Missing character: There is no 2 ("32) in font nullfont!
Missing character: There is no ] ("5D) in font nullfont!
Missing character: There is no ( ("28) in font nullfont!
Missing character: There is no 3 ("33) in font nullfont!
Missing character: There is no . ("2E) in font nullfont!
Missing character: There is no 8 ("38) in font nullfont!
Missing character: There is no , ("2C) in font nullfont!
Missing character: There is no 5 ("35) in font nullfont!
Missing character: There is no . ("2E) in font nullfont!
Missing character: There is no 2 ("32) in font nullfont!
Missing character: There is no 5 ("35) in font nullfont!
Missing character: There is no ) ("29) in font nullfont!
Missing character: There is no c ("63) in font nullfont!
Missing character: There is no i ("69) in font nullfont!
Missing character: There is no r ("72) in font nullfont!
Missing character: There is no c ("63) in font nullfont!
Missing character: There is no l ("6C) in font nullfont!
Missing character: There is no e ("65) in font nullfont!
Missing character: There is no ( ("28) in font nullfont!
Missing character: There is no 1 ("31) in font nullfont!
Missing character: There is no . ("2E) in font nullfont!
Missing character: There is no 6 ("36) in font nullfont!
Missing character: There is no c ("63) in font nullfont!
Missing character: There is no m ("6D) in font nullfont!
Missing character: There is no ) ("29) in font nullfont!
Missing character: There is no ; ("3B) in font nullfont!
! Undefined control sequence.
<argument> ...2] (3.8,5.25) circle (1.6cm); \draw 
                                                  [densely dotted,gray!70,th...
l.225     }
           % end \fbox
The control sequence at the end of the top line
of your error message was never \def'ed. If you have
misspelled it (e.g., `\hobx'), type `I' and the correct
spelling (e.g., `I\hbox'). Otherwise just continue,
and I'll forget about whatever was undefined.

Missing character: There is no [ ("5B) in font nullfont!
Missing character: There is no d ("64) in font nullfont!
Missing character: There is no e ("65) in font nullfont!
Missing character: There is no n ("6E) in font nullfont!
Missing character: There is no s ("73) in font nullfont!
Missing character: There is no e ("65) in font nullfont!
Missing character: There is no l ("6C) in font nullfont!
Missing character: There is no y ("79) in font nullfont!
Missing character: There is no d ("64) in font nullfont!
Missing character: There is no o ("6F) in font nullfont!
Missing character: There is no t ("74) in font nullfont!
Missing character: There is no t ("74) in font nullfont!
Missing character: There is no e ("65) in font nullfont!
Missing character: There is no d ("64) in font nullfont!
Missing character: There is no , ("2C) in font nullfont!
Missing character: There is no g ("67) in font nullfont!
Missing character: There is no r ("72) in font nullfont!
Missing character: There is no a ("61) in font nullfont!
Missing character: There is no y ("79) in font nullfont!
Missing character: There is no ! ("21) in font nullfont!
Missing character: There is no 7 ("37) in font nullfont!
Missing character: There is no 0 ("30) in font nullfont!
Missing character: There is no , ("2C) in font nullfont!
Missing character: There is no t ("74) in font nullfont!
Missing character: There is no h ("68) in font nullfont!
Missing character: There is no i ("69) in font nullfont!
Missing character: There is no c ("63) in font nullfont!
Missing character: There is no k ("6B) in font nullfont!
Missing character: There is no ] ("5D) in font nullfont!
Missing character: There is no ( ("28) in font nullfont!
Missing character: There is no 3 ("33) in font nullfont!
Missing character: There is no . ("2E) in font nullfont!
Missing character: There is no 8 ("38) in font nullfont!
Missing character: There is no , ("2C) in font nullfont!
Missing character: There is no 5 ("35) in font nullfont!
Missing character: There is no . ("2E) in font nullfont!
Missing character: There is no 2 ("32) in font nullfont!
Missing character: There is no 5 ("35) in font nullfont!
Missing character: There is no ) ("29) in font nullfont!
Missing character: There is no c ("63) in font nullfont!
Missing character: There is no i ("69) in font nullfont!
Missing character: There is no r ("72) in font nullfont!
Missing character: There is no c ("63) in font nullfont!
Missing character: There is no l ("6C) in font nullfont!
Missing character: There is no e ("65) in font nullfont!
Missing character: There is no ( ("28) in font nullfont!
Missing character: There is no 1 ("31) in font nullfont!
Missing character: There is no . ("2E) in font nullfont!
Missing character: There is no 6 ("36) in font nullfont!
Missing character: There is no c ("63) in font nullfont!
Missing character: There is no m ("6D) in font nullfont!
Missing character: There is no ) ("29) in font nullfont!
Missing character: There is no ; ("3B) in font nullfont!
! Undefined control sequence.
<argument> ...k] (3.8,5.25) circle (1.6cm); \node 
                                                  [font=\Huge \bfseries ] at...
l.225     }
           % end \fbox
The control sequence at the end of the top line
of your error message was never \def'ed. If you have
misspelled it (e.g., `\hobx'), type `I' and the correct
spelling (e.g., `I\hbox'). Otherwise just continue,
and I'll forget about whatever was undefined.

Missing character: There is no [ ("5B) in font nullfont!
Missing character: There is no f ("66) in font nullfont!
Missing character: There is no o ("6F) in font nullfont!
Missing character: There is no n ("6E) in font nullfont!
Missing character: There is no t ("74) in font nullfont!
Missing character: There is no = ("3D) in font nullfont!
! Undefined control sequence.
<argument> ...) circle (1.6cm); \node [font=\Huge 
                                                  \bfseries ] at (5.4,8.1) {...
l.225     }
           % end \fbox
The control sequence at the end of the top line
of your error message was never \def'ed. If you have
misspelled it (e.g., `\hobx'), type `I' and the correct
spelling (e.g., `I\hbox'). Otherwise just continue,
and I'll forget about whatever was undefined.

! Undefined control sequence.
<argument> ...5.4,8.1) {(c) Threat - Flee}; \node 
                                                  [circle,draw=blue!70,fill=...
l.225     }
           % end \fbox
The control sequence at the end of the top line
of your error message was never \def'ed. If you have
misspelled it (e.g., `\hobx'), type `I' and the correct
spelling (e.g., `I\hbox'). Otherwise just continue,
and I'll forget about whatever was undefined.

! Undefined control sequence.
<argument> ...ick, minimum size=1.2cm,font=\LARGE 
                                                  \bfseries ] (C3) at (2.25,...
l.225     }
           % end \fbox
The control sequence at the end of the top line
of your error message was never \def'ed. If you have
misspelled it (e.g., `\hobx'), type `I' and the correct
spelling (e.g., `I\hbox'). Otherwise just continue,
and I'll forget about whatever was undefined.

! Undefined control sequence.
<argument> ...es ] (C3) at (2.25,5.25) {C}; \node 
                                                  [circle,draw=red!70,fill=r...
l.225     }
           % end \fbox
The control sequence at the end of the top line
of your error message was never \def'ed. If you have
misspelled it (e.g., `\hobx'), type `I' and the correct
spelling (e.g., `I\hbox'). Otherwise just continue,
and I'll forget about whatever was undefined.

! Undefined control sequence.
<argument> ...ick, minimum size=1.0cm,font=\LARGE 
                                                  \bfseries ] (M3) at (3.75,...
l.225     }
           % end \fbox
The control sequence at the end of the top line
of your error message was never \def'ed. If you have
misspelled it (e.g., `\hobx'), type `I' and the correct
spelling (e.g., `I\hbox'). Otherwise just continue,
and I'll forget about whatever was undefined.

! Undefined control sequence.
<argument> ...es ] (M3) at (3.75,3.75) {M}; \node 
                                                  [regular polygon,regular p...
l.225     }
           % end \fbox
The control sequence at the end of the top line
of your error message was never \def'ed. If you have
misspelled it (e.g., `\hobx'), type `I' and the correct
spelling (e.g., `I\hbox'). Otherwise just continue,
and I'll forget about whatever was undefined.

! Undefined control sequence.
<argument> ...ick, minimum size=1.3cm,font=\LARGE 
                                                  \bfseries ] (T3) at (3.8,5...
l.225     }
           % end \fbox
The control sequence at the end of the top line
of your error message was never \def'ed. If you have
misspelled it (e.g., `\hobx'), type `I' and the correct
spelling (e.g., `I\hbox'). Otherwise just continue,
and I'll forget about whatever was undefined.

! Undefined control sequence.
<argument> ...ies ] (T3) at (3.8,5.25) {T}; \node 
                                                  [rectangle,draw=green!70,f...
l.225     }
           % end \fbox
The control sequence at the end of the top line
of your error message was never \def'ed. If you have
misspelled it (e.g., `\hobx'), type `I' and the correct
spelling (e.g., `I\hbox'). Otherwise just continue,
and I'll forget about whatever was undefined.

! Undefined control sequence.
<argument> ...ick, minimum size=0.8cm,font=\LARGE 
                                                  \bfseries ] at (2.25,2.25)...
l.225     }
           % end \fbox
The control sequence at the end of the top line
of your error message was never \def'ed. If you have
misspelled it (e.g., `\hobx'), type `I' and the correct
spelling (e.g., `I\hbox'). Otherwise just continue,
and I'll forget about whatever was undefined.

! Undefined control sequence.
<argument> ...fseries ] at (2.25,2.25) {F}; \node 
                                                  [rectangle,draw=green!70,f...
l.225     }
           % end \fbox
The control sequence at the end of the top line
of your error message was never \def'ed. If you have
misspelled it (e.g., `\hobx'), type `I' and the correct
spelling (e.g., `I\hbox'). Otherwise just continue,
and I'll forget about whatever was undefined.

! Undefined control sequence.
<argument> ...ick, minimum size=0.8cm,font=\LARGE 
                                                  \bfseries ] at (9.75,5.25)...
l.225     }
           % end \fbox
The control sequence at the end of the top line
of your error message was never \def'ed. If you have
misspelled it (e.g., `\hobx'), type `I' and the correct
spelling (e.g., `I\hbox'). Otherwise just continue,
and I'll forget about whatever was undefined.

! Undefined control sequence.
<argument> ...fseries ] at (9.75,5.25) {F}; \node 
                                                  [rectangle,draw=green!70,f...
l.225     }
           % end \fbox
The control sequence at the end of the top line
of your error message was never \def'ed. If you have
misspelled it (e.g., `\hobx'), type `I' and the correct
spelling (e.g., `I\hbox'). Otherwise just continue,
and I'll forget about whatever was undefined.

! Undefined control sequence.
<argument> ...ick, minimum size=0.8cm,font=\LARGE 
                                                  \bfseries ] at (5.25,0.75)...
l.225     }
           % end \fbox
The control sequence at the end of the top line
of your error message was never \def'ed. If you have
misspelled it (e.g., `\hobx'), type `I' and the correct
spelling (e.g., `I\hbox'). Otherwise just continue,
and I'll forget about whatever was undefined.

! Undefined control sequence.
<argument> ...s ] at (5.25,0.75) {F}; \coordinate 
                                                  (F3) at (9.75,6.75); \draw...
l.225     }
           % end \fbox
The control sequence at the end of the top line
of your error message was never \def'ed. If you have
misspelled it (e.g., `\hobx'), type `I' and the correct
spelling (e.g., `I\hbox'). Otherwise just continue,
and I'll forget about whatever was undefined.

! Undefined control sequence.
<argument> ...ordinate (F3) at (9.75,6.75); \draw 
                                                  [dash dot,black!80,line wi...
l.225     }
           % end \fbox
The control sequence at the end of the top line
of your error message was never \def'ed. If you have
misspelled it (e.g., `\hobx'), type `I' and the correct
spelling (e.g., `I\hbox'). Otherwise just continue,
and I'll forget about whatever was undefined.

! Undefined control sequence.
<argument> ...] (T3) -- ($(T3)!0.95!(F3)$); \draw 
                                                  [black!100,line width=2pt]...
l.225     }
           % end \fbox
The control sequence at the end of the top line
of your error message was never \def'ed. If you have
misspelled it (e.g., `\hobx'), type `I' and the correct
spelling (e.g., `I\hbox'). Otherwise just continue,
and I'll forget about whatever was undefined.

! Undefined control sequence.
<argument> ...5)$) -- ($(F3)+(0.15,0.15)$); \draw 
                                                  [black!100,line width=2pt]...
l.225     }
           % end \fbox
The control sequence at the end of the top line
of your error message was never \def'ed. If you have
misspelled it (e.g., `\hobx'), type `I' and the correct
spelling (e.g., `I\hbox'). Otherwise just continue,
and I'll forget about whatever was undefined.

! Undefined control sequence.
<argument> ...)$) -- ($(F3)+(0.15,-0.15)$); \draw 
                                                  [->,thick,purple!75,line w...
l.225     }
           % end \fbox
The control sequence at the end of the top line
of your error message was never \def'ed. If you have
misspelled it (e.g., `\hobx'), type `I' and the correct
spelling (e.g., `I\hbox'). Otherwise just continue,
and I'll forget about whatever was undefined.


! LaTeX Error: \begin{minipage} on input line 225 ended by \end{scope}.

See the LaTeX manual or LaTeX Companion for explanation.
Type  H <return>  for immediate help.
 ...                                              
                                                  
l.225     }
           % end \fbox
Your command was ignored.
Type  I <command> <return>  to replace it with another command,
or  <return>  to continue without it.


Overfull \hbox (1.56396pt too wide) in paragraph at lines 225--225
 [] 
 []


Overfull \hbox (4.75397pt too wide) in paragraph at lines 225--225
 \TU/lmr/bx/n/10 ] 
 []


Overfull \hbox (11.62396pt too wide) in paragraph at lines 225--225
 \TU/lmr/bx/n/10 at 
 []


Overfull \hbox (43.07396pt too wide) in paragraph at lines 225--225
 \TU/lmr/bx/n/10 (5.4,8.1) 
 []


Overfull \hbox (15.61397pt too wide) in paragraph at lines 225--225
 \TU/lmr/bx/n/10 (c) 
 []


Overfull \hbox (36.02397pt too wide) in paragraph at lines 225--225
 \TU/lmr/bx/n/10 Threat 
 []


Overfull \hbox (5.39397pt too wide) in paragraph at lines 225--225
 \TU/lmr/bx/n/10 - 
 []


Overfull \hbox (1.56396pt too wide) in paragraph at lines 225--225
  
 []


Overfull \hbox (25.72397pt too wide) in paragraph at lines 225--225
 \TU/lmr/bx/n/10 Flee; 
 []


Overfull \hbox (21.62396pt too wide) in paragraph at lines 225--225
 \TU/lmr/bx/n/10 [cir- 
 []


Overfull \hbox (180.64397pt too wide) in paragraph at lines 225--225
 \TU/lmr/bx/n/10 cle,draw=blue!70,fill=blue!30,thick, 
 []


Overfull \hbox (24.55397pt too wide) in paragraph at lines 225--225
 \TU/lmr/bx/n/10 min- 
 []


Overfull \hbox (8.58397pt too wide) in paragraph at lines 225--225
 \TU/lmr/bx/n/10 i- 
 []


Overfull \hbox (26.79396pt too wide) in paragraph at lines 225--225
 \TU/lmr/bx/n/10 mum 
 []


Overfull \hbox (93.11397pt too wide) in paragraph at lines 225--225
 \TU/lmr/bx/n/10 size=1.2cm,font=] 
 []


Overfull \hbox (24.56396pt too wide) in paragraph at lines 225--225
 \TU/lmr/bx/n/10 (C3) 
 []


Overfull \hbox (11.62396pt too wide) in paragraph at lines 225--225
 \TU/lmr/bx/n/10 at 
 []


Overfull \hbox (54.57396pt too wide) in paragraph at lines 225--225
 \TU/lmr/bx/n/10 (2.25,5.25) 
 []


Overfull \hbox (13.06396pt too wide) in paragraph at lines 225--225
 \TU/lmr/bx/n/10 C; 
 []


Overfull \hbox (21.62396pt too wide) in paragraph at lines 225--225
 \TU/lmr/bx/n/10 [cir- 
 []


Overfull \hbox (170.96396pt too wide) in paragraph at lines 225--225
 \TU/lmr/bx/n/10 cle,draw=red!70,fill=red!30,thick, 
 []


Overfull \hbox (24.55397pt too wide) in paragraph at lines 225--225
 \TU/lmr/bx/n/10 min- 
 []


Overfull \hbox (8.58397pt too wide) in paragraph at lines 225--225
 \TU/lmr/bx/n/10 i- 
 []


Overfull \hbox (26.79396pt too wide) in paragraph at lines 225--225
 \TU/lmr/bx/n/10 mum 
 []


Overfull \hbox (93.11397pt too wide) in paragraph at lines 225--225
 \TU/lmr/bx/n/10 size=1.0cm,font=] 
 []


Overfull \hbox (27.17397pt too wide) in paragraph at lines 225--225
 \TU/lmr/bx/n/10 (M3) 
 []


Overfull \hbox (11.62396pt too wide) in paragraph at lines 225--225
 \TU/lmr/bx/n/10 at 
 []


Overfull \hbox (54.57396pt too wide) in paragraph at lines 225--225
 \TU/lmr/bx/n/10 (3.75,3.75) 
 []


Overfull \hbox (15.67397pt too wide) in paragraph at lines 225--225
 \TU/lmr/bx/n/10 M; 
 []


Overfull \hbox (24.34396pt too wide) in paragraph at lines 225--225
 \TU/lmr/bx/n/10 [reg- 
 []


Overfull \hbox (11.78397pt too wide) in paragraph at lines 225--225
 \TU/lmr/bx/n/10 u- 
 []


Overfull \hbox (15.08397pt too wide) in paragraph at lines 225--225
 \TU/lmr/bx/n/10 lar 
 []


Overfull \hbox (27.11397pt too wide) in paragraph at lines 225--225
 \TU/lmr/bx/n/10 poly- 
 []


Overfull \hbox (58.31396pt too wide) in paragraph at lines 225--225
 \TU/lmr/bx/n/10 gon,regular 
 []


Overfull \hbox (27.11397pt too wide) in paragraph at lines 225--225
 \TU/lmr/bx/n/10 poly- 
 []


Overfull \hbox (19.45396pt too wide) in paragraph at lines 225--225
 \TU/lmr/bx/n/10 gon 
 []


Overfull \hbox (43.37396pt too wide) in paragraph at lines 225--225
 \TU/lmr/bx/n/10 sides=3, 
 []


Overfull \hbox (169.26396pt too wide) in paragraph at lines 225--225
 \TU/lmr/bx/n/10 draw=black!70,fill=gray!40,thick, 
 []


Overfull \hbox (24.55397pt too wide) in paragraph at lines 225--225
 \TU/lmr/bx/n/10 min- 
 []


Overfull \hbox (8.58397pt too wide) in paragraph at lines 225--225
 \TU/lmr/bx/n/10 i- 
 []


Overfull \hbox (26.79396pt too wide) in paragraph at lines 225--225
 \TU/lmr/bx/n/10 mum 
 []


Overfull \hbox (93.11397pt too wide) in paragraph at lines 225--225
 \TU/lmr/bx/n/10 size=1.3cm,font=] 
 []


Overfull \hbox (24.25397pt too wide) in paragraph at lines 225--225
 \TU/lmr/bx/n/10 (T3) 
 []


Overfull \hbox (11.62396pt too wide) in paragraph at lines 225--225
 \TU/lmr/bx/n/10 at 
 []


Overfull \hbox (48.82396pt too wide) in paragraph at lines 225--225
 \TU/lmr/bx/n/10 (3.8,5.25) 
 []


Overfull \hbox (12.75397pt too wide) in paragraph at lines 225--225
 \TU/lmr/bx/n/10 T; 
 []


Overfull \hbox (28.17397pt too wide) in paragraph at lines 225--225
 \TU/lmr/bx/n/10 [rect- 
 []


Overfull \hbox (17.37396pt too wide) in paragraph at lines 225--225
 \TU/lmr/bx/n/10 an- 
 []


Overfull \hbox (193.64397pt too wide) in paragraph at lines 225--225
 \TU/lmr/bx/n/10 gle,draw=green!70,fill=green!30,thick, 
 []


Overfull \hbox (24.55397pt too wide) in paragraph at lines 225--225
 \TU/lmr/bx/n/10 min- 
 []


Overfull \hbox (8.58397pt too wide) in paragraph at lines 225--225
 \TU/lmr/bx/n/10 i- 
 []


Overfull \hbox (26.79396pt too wide) in paragraph at lines 225--225
 \TU/lmr/bx/n/10 mum 
 []


Overfull \hbox (93.11397pt too wide) in paragraph at lines 225--225
 \TU/lmr/bx/n/10 size=0.8cm,font=] 
 []


Overfull \hbox (11.62396pt too wide) in paragraph at lines 225--225
 \TU/lmr/bx/n/10 at 
 []


Overfull \hbox (54.57396pt too wide) in paragraph at lines 225--225
 \TU/lmr/bx/n/10 (2.25,2.25) 
 []


Overfull \hbox (11.99397pt too wide) in paragraph at lines 225--225
 \TU/lmr/bx/n/10 F; 
 []


Overfull \hbox (28.17397pt too wide) in paragraph at lines 225--225
 \TU/lmr/bx/n/10 [rect- 
 []


Overfull \hbox (17.37396pt too wide) in paragraph at lines 225--225
 \TU/lmr/bx/n/10 an- 
 []


Overfull \hbox (193.64397pt too wide) in paragraph at lines 225--225
 \TU/lmr/bx/n/10 gle,draw=green!70,fill=green!30,thick, 
 []


Overfull \hbox (24.55397pt too wide) in paragraph at lines 225--225
 \TU/lmr/bx/n/10 min- 
 []


Overfull \hbox (8.58397pt too wide) in paragraph at lines 225--225
 \TU/lmr/bx/n/10 i- 
 []


Overfull \hbox (26.79396pt too wide) in paragraph at lines 225--225
 \TU/lmr/bx/n/10 mum 
 []


Overfull \hbox (93.11397pt too wide) in paragraph at lines 225--225
 \TU/lmr/bx/n/10 size=0.8cm,font=] 
 []


Overfull \hbox (11.62396pt too wide) in paragraph at lines 225--225
 \TU/lmr/bx/n/10 at 
 []


Overfull \hbox (54.57396pt too wide) in paragraph at lines 225--225
 \TU/lmr/bx/n/10 (9.75,5.25) 
 []


Overfull \hbox (11.99397pt too wide) in paragraph at lines 225--225
 \TU/lmr/bx/n/10 F; 
 []


Overfull \hbox (28.17397pt too wide) in paragraph at lines 225--225
 \TU/lmr/bx/n/10 [rect- 
 []


Overfull \hbox (17.37396pt too wide) in paragraph at lines 225--225
 \TU/lmr/bx/n/10 an- 
 []


Overfull \hbox (193.64397pt too wide) in paragraph at lines 225--225
 \TU/lmr/bx/n/10 gle,draw=green!70,fill=green!30,thick, 
 []


Overfull \hbox (24.55397pt too wide) in paragraph at lines 225--225
 \TU/lmr/bx/n/10 min- 
 []


Overfull \hbox (8.58397pt too wide) in paragraph at lines 225--225
 \TU/lmr/bx/n/10 i- 
 []


Overfull \hbox (26.79396pt too wide) in paragraph at lines 225--225
 \TU/lmr/bx/n/10 mum 
 []


Overfull \hbox (93.11397pt too wide) in paragraph at lines 225--225
 \TU/lmr/bx/n/10 size=0.8cm,font=] 
 []


Overfull \hbox (11.62396pt too wide) in paragraph at lines 225--225
 \TU/lmr/bx/n/10 at 
 []


Overfull \hbox (54.57396pt too wide) in paragraph at lines 225--225
 \TU/lmr/bx/n/10 (5.25,0.75) 
 []


Overfull \hbox (11.99397pt too wide) in paragraph at lines 225--225
 \TU/lmr/bx/n/10 F; 
 []


Overfull \hbox (23.49397pt too wide) in paragraph at lines 225--225
 \TU/lmr/bx/n/10 (F3) 
 []


Overfull \hbox (11.62396pt too wide) in paragraph at lines 225--225
 \TU/lmr/bx/n/10 at 
 []


Overfull \hbox (57.76396pt too wide) in paragraph at lines 225--225
 \TU/lmr/bx/n/10 (9.75,6.75); 
 []


Overfull \hbox (27.66397pt too wide) in paragraph at lines 225--225
 \TU/lmr/bx/n/10 [dash 
 []


Overfull \hbox (83.62396pt too wide) in paragraph at lines 225--225
 \TU/lmr/bx/n/10 dot,black!80,line 
 []


Overfull \hbox (71.82397pt too wide) in paragraph at lines 225--225
 \TU/lmr/bx/n/10 width=1.5pt,- 
 []


Overfull \hbox (68.68398pt too wide) in paragraph at lines 225--225
 \TU/lmr/bx/n/10 >,>=stealth] 
 []


Overfull \hbox (24.25397pt too wide) in paragraph at lines 225--225
 \TU/lmr/bx/n/10 (T3) 
 []


Overfull \hbox (7.31396pt too wide) in paragraph at lines 225--225
 \TU/lmr/bx/n/10 – 
 []


Overfull \hbox (1.56396pt too wide) in paragraph at lines 225--225
  
 []


Overfull \hbox (77.63512pt too wide) in paragraph at lines 225--225
 \TU/lmr/bx/n/10 ($\OT1/cmr/m/n/10 (\OML/cmm/m/it/10 T\OT1/cmr/m/n/10 3)!0\OML/
cmm/m/it/10 :\OT1/cmr/m/n/10 95!(\OML/cmm/m/it/10 F\OT1/cmr/m/n/10 3)$\TU/lmr/b
x/n/10 ); 
 []


Overfull \hbox (72.76396pt too wide) in paragraph at lines 225--225
 \TU/lmr/bx/n/10 [black!100,line 
 []


Overfull \hbox (59.05397pt too wide) in paragraph at lines 225--225
 \TU/lmr/bx/n/10 width=2pt] 
 []


Overfull \hbox (34.40904pt too wide) in paragraph at lines 225--225
 \TU/lmr/bx/n/10 ($\OT1/cmr/m/n/10 (\OML/cmm/m/it/10 F\OT1/cmr/m/n/10 3) + 
 []


Overfull \hbox (69.36745pt too wide) in paragraph at lines 225--225
 \OT1/cmr/m/n/10 (\OMS/cmsy/m/n/10 ^^@\OT1/cmr/m/n/10 0\OML/cmm/m/it/10 :\OT1/c
mr/m/n/10 15\OML/cmm/m/it/10 ; \OMS/cmsy/m/n/10 ^^@\OT1/cmr/m/n/10 0\OML/cmm/m/
it/10 :\OT1/cmr/m/n/10 15)$\TU/lmr/bx/n/10 ) 
 []


Overfull \hbox (7.31396pt too wide) in paragraph at lines 225--225
 \TU/lmr/bx/n/10 – 
 []


Overfull \hbox (1.56396pt too wide) in paragraph at lines 225--225
  
 []


Overfull \hbox (34.40904pt too wide) in paragraph at lines 225--225
 \TU/lmr/bx/n/10 ($\OT1/cmr/m/n/10 (\OML/cmm/m/it/10 F\OT1/cmr/m/n/10 3) + 
 []


Overfull \hbox (57.00185pt too wide) in paragraph at lines 225--225
 \OT1/cmr/m/n/10 (0\OML/cmm/m/it/10 :\OT1/cmr/m/n/10 15\OML/cmm/m/it/10 ; \OT1/
cmr/m/n/10 0\OML/cmm/m/it/10 :\OT1/cmr/m/n/10 15)$\TU/lmr/bx/n/10 ); 
 []


Overfull \hbox (72.76396pt too wide) in paragraph at lines 225--225
 \TU/lmr/bx/n/10 [black!100,line 
 []


Overfull \hbox (59.05397pt too wide) in paragraph at lines 225--225
 \TU/lmr/bx/n/10 width=2pt] 
 []


Overfull \hbox (34.40904pt too wide) in paragraph at lines 225--225
 \TU/lmr/bx/n/10 ($\OT1/cmr/m/n/10 (\OML/cmm/m/it/10 F\OT1/cmr/m/n/10 3) + 
 []


Overfull \hbox (61.58965pt too wide) in paragraph at lines 225--225
 \OT1/cmr/m/n/10 (\OMS/cmsy/m/n/10 ^^@\OT1/cmr/m/n/10 0\OML/cmm/m/it/10 :\OT1/c
mr/m/n/10 15\OML/cmm/m/it/10 ; \OT1/cmr/m/n/10 0\OML/cmm/m/it/10 :\OT1/cmr/m/n/
10 15)$\TU/lmr/bx/n/10 ) 
 []


Overfull \hbox (7.31396pt too wide) in paragraph at lines 225--225
 \TU/lmr/bx/n/10 – 
 []


Overfull \hbox (1.56396pt too wide) in paragraph at lines 225--225
  
 []


Overfull \hbox (34.40904pt too wide) in paragraph at lines 225--225
 \TU/lmr/bx/n/10 ($\OT1/cmr/m/n/10 (\OML/cmm/m/it/10 F\OT1/cmr/m/n/10 3) + 
 []


Overfull \hbox (64.77965pt too wide) in paragraph at lines 225--225
 \OT1/cmr/m/n/10 (0\OML/cmm/m/it/10 :\OT1/cmr/m/n/10 15\OML/cmm/m/it/10 ; \OMS/
cmsy/m/n/10 ^^@\OT1/cmr/m/n/10 0\OML/cmm/m/it/10 :\OT1/cmr/m/n/10 15)$\TU/lmr/b
x/n/10 ); 
 []


Overfull \hbox (8.58397pt too wide) in paragraph at lines 225--225
 \TU/lmr/bx/n/10 [- 
 []


Overfull \hbox (110.39397pt too wide) in paragraph at lines 225--225
 \TU/lmr/bx/n/10 >,thick,purple!75,line 
 []


Overfull \hbox (67.99397pt too wide) in paragraph at lines 225--225
 \TU/lmr/bx/n/10 width=1.5pt] 
 []


Overfull \hbox (27.17397pt too wide) in paragraph at lines 225--225
 \TU/lmr/bx/n/10 (M3) 
 []


Overfull \hbox (7.31396pt too wide) in paragraph at lines 225--225
 \TU/lmr/bx/n/10 – 
 []


Overfull \hbox (1.56396pt too wide) in paragraph at lines 225--225
  
 []


Overfull \hbox (27.75397pt too wide) in paragraph at lines 225--225
 \TU/lmr/bx/n/10 (C3); 
 []


Overfull \hbox (1.56396pt too wide) in paragraph at lines 225--225
  
 []


! LaTeX Error: \begin{minipage} on input line 225 ended by \end{tikzpicture}.

See the LaTeX manual or LaTeX Companion for explanation.
Type  H <return>  for immediate help.
 ...                                              
                                                  
l.225     }
           % end \fbox
Your command was ignored.
Type  I <command> <return>  to replace it with another command,
or  <return>  to continue without it.


Overfull \hbox (6.79999pt too wide) in paragraph at lines 225--225
 [][] 
 []


Overfull \hbox (7.29999pt too wide) in paragraph at lines 225--225
 | 
 []


Overfull \hbox (6.79999pt too wide) in paragraph at lines 225--225
 [] 
 []


! LaTeX Error: \begin{document} ended by \end{adjustbox}.

See the LaTeX manual or LaTeX Companion for explanation.
Type  H <return>  for immediate help.
 ...                                              
                                                  
l.226     \end{adjustbox}
                         
Your command was ignored.
Type  I <command> <return>  to replace it with another command,
or  <return>  to continue without it.


Overfull \hbox (6.79999pt too wide) in paragraph at lines 9--227
 [] 
 []


! LaTeX Error: \caption outside float.

See the LaTeX manual or LaTeX Companion for explanation.
Type  H <return>  for immediate help.
 ...                                              
                                                  
l.230     \caption
                  {\small
You're in trouble here.  Try typing  <return>  to proceed.
If that doesn't work, type  X <return>  to quit.

! Undefined control sequence.
l.230     \caption{\small
                         
The control sequence at the end of the top line
of your error message was never \def'ed. If you have
misspelled it (e.g., `\hobx'), type `I' and the correct
spelling (e.g., `I\hbox'). Otherwise just continue,
and I'll forget about whatever was undefined.


Underfull \vbox (badness 10000) has occurred while \output is active []



! LaTeX Error: The font size command \normalsize is not defined:
               there is probably something wrong with the class file.

See the LaTeX manual or LaTeX Companion for explanation.
Type  H <return>  for immediate help.
 ...                                              
                                                  
l.231     \textbf{Left:}
                         Internal-state pipeline of the mother agent. Solid ...

Your command was ignored.
Type  I <command> <return>  to replace it with another command,
or  <return>  to continue without it.

[1]

! LaTeX Error: Missing \begin{document}.

See the LaTeX manual or LaTeX Companion for explanation.
Type  H <return>  for immediate help.
 ...                                              
                                                  
l.231     \textbf{Left:}
                         Internal-state pipeline of the mother agent. Solid ...

You're in trouble here.  Try typing  <return>  to proceed.
If that doesn't work, type  X <return>  to quit.

Missing character: There is no I ("49) in font nullfont!
Missing character: There is no n ("6E) in font nullfont!
Missing character: There is no t ("74) in font nullfont!
Missing character: There is no e ("65) in font nullfont!
Missing character: There is no r ("72) in font nullfont!
Missing character: There is no n ("6E) in font nullfont!
Missing character: There is no a ("61) in font nullfont!
Missing character: There is no l ("6C) in font nullfont!
Missing character: There is no - ("2D) in font nullfont!
Missing character: There is no s ("73) in font nullfont!
Missing character: There is no t ("74) in font nullfont!
Missing character: There is no a ("61) in font nullfont!
Missing character: There is no t ("74) in font nullfont!
Missing character: There is no e ("65) in font nullfont!
Missing character: There is no p ("70) in font nullfont!
Missing character: There is no i ("69) in font nullfont!
Missing character: There is no p ("70) in font nullfont!
Missing character: There is no e ("65) in font nullfont!
Missing character: There is no l ("6C) in font nullfont!
Missing character: There is no i ("69) in font nullfont!
Missing character: There is no n ("6E) in font nullfont!
Missing character: There is no e ("65) in font nullfont!
Missing character: There is no o ("6F) in font nullfont!
Missing character: There is no f ("66) in font nullfont!
Missing character: There is no t ("74) in font nullfont!
Missing character: There is no h ("68) in font nullfont!
Missing character: There is no e ("65) in font nullfont!
Missing character: There is no m ("6D) in font nullfont!
Missing character: There is no o ("6F) in font nullfont!
Missing character: There is no t ("74) in font nullfont!
Missing character: There is no h ("68) in font nullfont!
Missing character: There is no e ("65) in font nullfont!
Missing character: There is no r ("72) in font nullfont!
Missing character: There is no a ("61) in font nullfont!
Missing character: There is no g ("67) in font nullfont!
Missing character: There is no e ("65) in font nullfont!
Missing character: There is no n ("6E) in font nullfont!
Missing character: There is no t ("74) in font nullfont!
Missing character: There is no . ("2E) in font nullfont!
Missing character: There is no S ("53) in font nullfont!
Missing character: There is no o ("6F) in font nullfont!
Missing character: There is no l ("6C) in font nullfont!
Missing character: There is no i ("69) in font nullfont!
Missing character: There is no d ("64) in font nullfont!
Missing character: There is no a ("61) in font nullfont!
Missing character: There is no r ("72) in font nullfont!
Missing character: There is no r ("72) in font nullfont!
Missing character: There is no o ("6F) in font nullfont!
Missing character: There is no w ("77) in font nullfont!
Missing character: There is no s ("73) in font nullfont!
Missing character: There is no i ("69) in font nullfont!
Missing character: There is no n ("6E) in font nullfont!
Missing character: There is no d ("64) in font nullfont!
Missing character: There is no i ("69) in font nullfont!
Missing character: There is no c ("63) in font nullfont!
Missing character: There is no a ("61) in font nullfont!
Missing character: There is no t ("74) in font nullfont!
Missing character: There is no e ("65) in font nullfont!
Missing character: There is no s ("73) in font nullfont!
Missing character: There is no t ("74) in font nullfont!
Missing character: There is no a ("61) in font nullfont!
Missing character: There is no t ("74) in font nullfont!
Missing character: There is no e ("65) in font nullfont!
Missing character: There is no / ("2F) in font nullfont!
Missing character: There is no p ("70) in font nullfont!
Missing character: There is no e ("65) in font nullfont!
Missing character: There is no r ("72) in font nullfont!
Missing character: There is no c ("63) in font nullfont!
Missing character: There is no e ("65) in font nullfont!
Missing character: There is no p ("70) in font nullfont!
Missing character: There is no t ("74) in font nullfont!
Missing character: There is no u ("75) in font nullfont!
Missing character: There is no a ("61) in font nullfont!
Missing character: There is no l ("6C) in font nullfont!
Missing character: There is no s ("73) in font nullfont!
Missing character: There is no i ("69) in font nullfont!
Missing character: There is no g ("67) in font nullfont!
Missing character: There is no n ("6E) in font nullfont!
Missing character: There is no a ("61) in font nullfont!
Missing character: There is no l ("6C) in font nullfont!
Missing character: There is no s ("73) in font nullfont!
Missing character: There is no , ("2C) in font nullfont!
Missing character: There is no d ("64) in font nullfont!
Missing character: There is no a ("61) in font nullfont!
Missing character: There is no s ("73) in font nullfont!
Missing character: There is no h ("68) in font nullfont!
Missing character: There is no e ("65) in font nullfont!
Missing character: There is no d ("64) in font nullfont!
Missing character: There is no g ("67) in font nullfont!
Missing character: There is no r ("72) in font nullfont!
Missing character: There is no a ("61) in font nullfont!
Missing character: There is no y ("79) in font nullfont!
Missing character: There is no a ("61) in font nullfont!
Missing character: There is no r ("72) in font nullfont!
Missing character: There is no r ("72) in font nullfont!
Missing character: There is no o ("6F) in font nullfont!
Missing character: There is no w ("77) in font nullfont!
Missing character: There is no s ("73) in font nullfont!
Missing character: There is no i ("69) in font nullfont!
Missing character: There is no n ("6E) in font nullfont!
Missing character: There is no d ("64) in font nullfont!
Missing character: There is no i ("69) in font nullfont!
Missing character: There is no c ("63) in font nullfont!
Missing character: There is no a ("61) in font nullfont!
Missing character: There is no t ("74) in font nullfont!
Missing character: There is no e ("65) in font nullfont!
Missing character: There is no a ("61) in font nullfont!
Missing character: There is no c ("63) in font nullfont!
Missing character: There is no t ("74) in font nullfont!
Missing character: There is no i ("69) in font nullfont!
Missing character: There is no o ("6F) in font nullfont!
Missing character: There is no n ("6E) in font nullfont!
Missing character: There is no f ("66) in font nullfont!
Missing character: There is no e ("65) in font nullfont!
Missing character: There is no e ("65) in font nullfont!
Missing character: There is no d ("64) in font nullfont!
Missing character: There is no b ("62) in font nullfont!
Missing character: There is no a ("61) in font nullfont!
Missing character: There is no c ("63) in font nullfont!
Missing character: There is no k ("6B) in font nullfont!
Missing character: There is no , ("2C) in font nullfont!
Missing character: There is no a ("61) in font nullfont!
Missing character: There is no n ("6E) in font nullfont!
Missing character: There is no d ("64) in font nullfont!
Missing character: There is no d ("64) in font nullfont!
Missing character: There is no a ("61) in font nullfont!
Missing character: There is no s ("73) in font nullfont!
Missing character: There is no h ("68) in font nullfont!
Missing character: There is no e ("65) in font nullfont!
Missing character: There is no d ("64) in font nullfont!
Missing character: There is no r ("72) in font nullfont!
Missing character: There is no e ("65) in font nullfont!
Missing character: There is no d ("64) in font nullfont!
Missing character: There is no a ("61) in font nullfont!
Missing character: There is no r ("72) in font nullfont!
Missing character: There is no r ("72) in font nullfont!
Missing character: There is no o ("6F) in font nullfont!
Missing character: There is no w ("77) in font nullfont!
Missing character: There is no s ("73) in font nullfont!
Missing character: There is no i ("69) in font nullfont!
Missing character: There is no n ("6E) in font nullfont!
Missing character: There is no d ("64) in font nullfont!
Missing character: There is no i ("69) in font nullfont!
Missing character: There is no c ("63) in font nullfont!
Missing character: There is no a ("61) in font nullfont!
Missing character: There is no t ("74) in font nullfont!
Missing character: There is no e ("65) in font nullfont!
Missing character: There is no t ("74) in font nullfont!
Missing character: There is no h ("68) in font nullfont!
Missing character: There is no r ("72) in font nullfont!
Missing character: There is no e ("65) in font nullfont!
Missing character: There is no a ("61) in font nullfont!
Missing character: There is no t ("74) in font nullfont!
Missing character: There is no - ("2D) in font nullfont!
Missing character: There is no i ("69) in font nullfont!
Missing character: There is no n ("6E) in font nullfont!
Missing character: There is no d ("64) in font nullfont!
Missing character: There is no u ("75) in font nullfont!
Missing character: There is no c ("63) in font nullfont!
Missing character: There is no e ("65) in font nullfont!
Missing character: There is no d ("64) in font nullfont!
Missing character: There is no c ("63) in font nullfont!
Missing character: There is no h ("68) in font nullfont!
Missing character: There is no i ("69) in font nullfont!
Missing character: There is no l ("6C) in font nullfont!
Missing character: There is no d ("64) in font nullfont!
Missing character: There is no i ("69) in font nullfont!
Missing character: There is no n ("6E) in font nullfont!
Missing character: There is no j ("6A) in font nullfont!
Missing character: There is no u ("75) in font nullfont!
Missing character: There is no r ("72) in font nullfont!
Missing character: There is no y ("79) in font nullfont!
Missing character: There is no . ("2E) in font nullfont!
Missing character: There is no I ("49) in font nullfont!
Missing character: There is no l ("6C) in font nullfont!
Missing character: There is no l ("6C) in font nullfont!
Missing character: There is no u ("75) in font nullfont!
Missing character: There is no s ("73) in font nullfont!
Missing character: There is no t ("74) in font nullfont!
Missing character: There is no r ("72) in font nullfont!
Missing character: There is no a ("61) in font nullfont!
Missing character: There is no t ("74) in font nullfont!
Missing character: There is no i ("69) in font nullfont!
Missing character: There is no v ("76) in font nullfont!
Missing character: There is no e ("65) in font nullfont!
Missing character: There is no g ("67) in font nullfont!
Missing character: There is no r ("72) in font nullfont!
Missing character: There is no i ("69) in font nullfont!
Missing character: There is no d ("64) in font nullfont!
Missing character: There is no - ("2D) in font nullfont!
Missing character: There is no w ("77) in font nullfont!
Missing character: There is no o ("6F) in font nullfont!
Missing character: There is no r ("72) in font nullfont!
Missing character: There is no l ("6C) in font nullfont!
Missing character: There is no d ("64) in font nullfont!
Missing character: There is no s ("73) in font nullfont!
Missing character: There is no c ("63) in font nullfont!
Missing character: There is no e ("65) in font nullfont!
Missing character: There is no n ("6E) in font nullfont!
Missing character: There is no a ("61) in font nullfont!
Missing character: There is no r ("72) in font nullfont!
Missing character: There is no i ("69) in font nullfont!
Missing character: There is no o ("6F) in font nullfont!
Missing character: There is no s ("73) in font nullfont!
Missing character: There is no : ("3A) in font nullfont!
Missing character: There is no t ("74) in font nullfont!
Missing character: There is no h ("68) in font nullfont!
Missing character: There is no r ("72) in font nullfont!
Missing character: There is no e ("65) in font nullfont!
Missing character: There is no a ("61) in font nullfont!
Missing character: There is no t ("74) in font nullfont!
Missing character: There is no p ("70) in font nullfont!
Missing character: There is no a ("61) in font nullfont!
Missing character: There is no t ("74) in font nullfont!
Missing character: There is no r ("72) in font nullfont!
Missing character: There is no o ("6F) in font nullfont!
Missing character: There is no l ("6C) in font nullfont!
Missing character: There is no , ("2C) in font nullfont!
Missing character: There is no m ("6D) in font nullfont!
Missing character: There is no o ("6F) in font nullfont!
Missing character: There is no t ("74) in font nullfont!
Missing character: There is no h ("68) in font nullfont!
Missing character: There is no e ("65) in font nullfont!
Missing character: There is no r ("72) in font nullfont!
Missing character: There is no p ("70) in font nullfont!
Missing character: There is no r ("72) in font nullfont!
Missing character: There is no o ("6F) in font nullfont!
Missing character: There is no t ("74) in font nullfont!
Missing character: There is no e ("65) in font nullfont!
Missing character: There is no c ("63) in font nullfont!
Missing character: There is no t ("74) in font nullfont!
Missing character: There is no i ("69) in font nullfont!
Missing character: There is no v ("76) in font nullfont!
Missing character: There is no e ("65) in font nullfont!
Missing character: There is no a ("61) in font nullfont!
Missing character: There is no p ("70) in font nullfont!
Missing character: There is no p ("70) in font nullfont!
Missing character: There is no r ("72) in font nullfont!
Missing character: There is no o ("6F) in font nullfont!
Missing character: There is no a ("61) in font nullfont!
Missing character: There is no c ("63) in font nullfont!
Missing character: There is no h ("68) in font nullfont!
Missing character: There is no , ("2C) in font nullfont!
Missing character: There is no t ("74) in font nullfont!
Missing character: There is no h ("68) in font nullfont!
Missing character: There is no r ("72) in font nullfont!
Missing character: There is no e ("65) in font nullfont!
Missing character: There is no a ("61) in font nullfont!
Missing character: There is no t ("74) in font nullfont!
Missing character: There is no f ("66) in font nullfont!
Missing character: There is no l ("6C) in font nullfont!
Missing character: There is no e ("65) in font nullfont!
Missing character: There is no e ("65) in font nullfont!
Missing character: There is no . ("2E) in font nullfont!
Missing character: There is no I ("49) in font nullfont!
Missing character: There is no n ("6E) in font nullfont!
Missing character: There is no t ("74) in font nullfont!
Missing character: There is no h ("68) in font nullfont!
Missing character: There is no e ("65) in font nullfont!
Missing character: There is no g ("67) in font nullfont!
Missing character: There is no r ("72) in font nullfont!
Missing character: There is no i ("69) in font nullfont!
Missing character: There is no d ("64) in font nullfont!
Missing character: There is no p ("70) in font nullfont!
Missing character: There is no a ("61) in font nullfont!
Missing character: There is no n ("6E) in font nullfont!
Missing character: There is no e ("65) in font nullfont!
Missing character: There is no l ("6C) in font nullfont!
Missing character: There is no s ("73) in font nullfont!
Missing character: There is no , ("2C) in font nullfont!
Missing character: There is no a ("61) in font nullfont!
Missing character: There is no r ("72) in font nullfont!
Missing character: There is no r ("72) in font nullfont!
Missing character: There is no o ("6F) in font nullfont!
Missing character: There is no w ("77) in font nullfont!
Missing character: There is no s ("73) in font nullfont!
Missing character: There is no i ("69) in font nullfont!
Missing character: There is no n ("6E) in font nullfont!
Missing character: There is no d ("64) in font nullfont!
Missing character: There is no i ("69) in font nullfont!
Missing character: There is no c ("63) in font nullfont!
Missing character: There is no a ("61) in font nullfont!
Missing character: There is no t ("74) in font nullfont!
Missing character: There is no e ("65) in font nullfont!
Missing character: There is no m ("6D) in font nullfont!
Missing character: There is no o ("6F) in font nullfont!
Missing character: There is no v ("76) in font nullfont!
Missing character: There is no e ("65) in font nullfont!
Missing character: There is no m ("6D) in font nullfont!
Missing character: There is no e ("65) in font nullfont!
Missing character: There is no n ("6E) in font nullfont!
Missing character: There is no t ("74) in font nullfont!
Missing character: There is no d ("64) in font nullfont!
Missing character: There is no i ("69) in font nullfont!
Missing character: There is no r ("72) in font nullfont!
Missing character: There is no e ("65) in font nullfont!
Missing character: There is no c ("63) in font nullfont!
Missing character: There is no t ("74) in font nullfont!
Missing character: There is no i ("69) in font nullfont!
Missing character: There is no o ("6F) in font nullfont!
Missing character: There is no n ("6E) in font nullfont!
Missing character: There is no r ("72) in font nullfont!
Missing character: There is no a ("61) in font nullfont!
Missing character: There is no t ("74) in font nullfont!
Missing character: There is no h ("68) in font nullfont!
Missing character: There is no e ("65) in font nullfont!
Missing character: There is no r ("72) in font nullfont!
Missing character: There is no t ("74) in font nullfont!
Missing character: There is no h ("68) in font nullfont!
Missing character: There is no a ("61) in font nullfont!
Missing character: There is no n ("6E) in font nullfont!
Missing character: There is no i ("69) in font nullfont!
Missing character: There is no n ("6E) in font nullfont!
Missing character: There is no t ("74) in font nullfont!
Missing character: There is no e ("65) in font nullfont!
Missing character: There is no r ("72) in font nullfont!
Missing character: There is no n ("6E) in font nullfont!
Missing character: There is no a ("61) in font nullfont!
Missing character: There is no l ("6C) in font nullfont!
Missing character: There is no s ("73) in font nullfont!
Missing character: There is no i ("69) in font nullfont!
Missing character: There is no g ("67) in font nullfont!
Missing character: There is no n ("6E) in font nullfont!
Missing character: There is no a ("61) in font nullfont!
Missing character: There is no l ("6C) in font nullfont!
Missing character: There is no s ("73) in font nullfont!
Missing character: There is no . ("2E) in font nullfont!
Missing character: There is no = ("3D) in font nullfont!
Missing character: There is no c ("63) in font nullfont!
Missing character: There is no h ("68) in font nullfont!
Missing character: There is no i ("69) in font nullfont!
Missing character: There is no l ("6C) in font nullfont!
Missing character: There is no d ("64) in font nullfont!
Missing character: There is no , ("2C) in font nullfont!
Missing character: There is no = ("3D) in font nullfont!
Missing character: There is no m ("6D) in font nullfont!
Missing character: There is no o ("6F) in font nullfont!
Missing character: There is no t ("74) in font nullfont!
Missing character: There is no h ("68) in font nullfont!
Missing character: There is no e ("65) in font nullfont!
Missing character: There is no r ("72) in font nullfont!
Missing character: There is no , ("2C) in font nullfont!
Missing character: There is no = ("3D) in font nullfont!
Missing character: There is no t ("74) in font nullfont!
Missing character: There is no h ("68) in font nullfont!
Missing character: There is no r ("72) in font nullfont!
Missing character: There is no e ("65) in font nullfont!
Missing character: There is no a ("61) in font nullfont!
Missing character: There is no t ("74) in font nullfont!
Missing character: There is no , ("2C) in font nullfont!
Missing character: There is no = ("3D) in font nullfont!
Missing character: There is no f ("66) in font nullfont!
Missing character: There is no o ("6F) in font nullfont!
Missing character: There is no o ("6F) in font nullfont!
Missing character: There is no d ("64) in font nullfont!
Missing character: There is no . ("2E) in font nullfont!

Overfull \hbox (23.36pt too wide) in paragraph at lines 231--244
 []\TU/lmr/bx/n/10 Left: 
 []


Overfull \hbox (31.3pt too wide) in paragraph at lines 231--244
 \TU/lmr/bx/n/10 Right: 
 []


Overfull \hbox (14.53pt too wide) in paragraph at lines 231--244
 \TU/lmr/bx/n/10 (a) 
 []


Overfull \hbox (15.33pt too wide) in paragraph at lines 231--244
 \TU/lmr/bx/n/10 (b) 
 []


Overfull \hbox (14.05pt too wide) in paragraph at lines 231--244
 \TU/lmr/bx/n/10 (c) 
 []


Overfull \hbox (34.47pt too wide) in paragraph at lines 231--244
 \TU/lmr/bx/n/10 C   M   T   F   
 []


! LaTeX Error: \begin{document} ended by \end{figure}.

See the LaTeX manual or LaTeX Companion for explanation.
Type  H <return>  for immediate help.
 ...                                              
                                                  
l.247     \end{figure}
                      
Your command was ignored.
Type  I <command> <return>  to replace it with another command,
or  <return>  to continue without it.

)
! Emergency stop.
<*> overall_diagram.tex
                       
*** (job aborted, no legal \end found)

 
Here is how much of TeX's memory you used:
 47 strings out of 478158
 887 string characters out of 5853402
 311719 words of memory out of 5000000
 20754 multiletter control sequences out of 15000+600000
 469299 words of font info for 33 fonts, out of 8000000 for 9000
 14 hyphenation exceptions out of 8191
 27i,7n,24p,146b,275s stack positions out of 5000i,500n,10000p,200000b,80000s
Output written on overall_diagram.pdf (1 page).
