generation,fitness,accepted,num_threats_active,mean_child_survival,mean_child_ttd_norm,mean_mother_ttd_norm,mean_child_injury,std_child_survival,mean_u_drift_end,std_u_drift_end,mean_overall_deficit_episode,std_overall_deficit_episode,mean_overall_deficit_end,std_overall_deficit_end,mean_local_deficit_episode,std_local_deficit_episode,mean_local_deficit_end,std_local_deficit_end,mutation_sigma
0,0.6592,True,0,0.0,0.37729999999999997,0.9410999999999999,0.0,0.0,0.0,0.0,1.8783814089971405,0.20123111367552243,1.649791666665804,0.34128842732100295,0.386198593554312,0.15955275796682142,0.0796999999999999,0.2390999999999997,0.0
1,0.6842,True,0,0.0,0.3684,1.0,0.0,0.0,0.0,0.0,1.8041832790853298,0.12686137058702945,1.5326000000009625,0.0549894535365736,0.297989452319114,0.07101934236832459,0.0,0.0,0.05
2,0.6465000000000001,False,0,0.0,0.32799999999999996,0.9650000000000001,0.0,0.0,0.0,0.0,1.808951371433169,0.2865748154626434,1.6571872691582061,0.3444462243113779,0.28436092812347086,0.16731269976595192,0.07950000000000013,0.2385000000000004,0.05
3,0.63285,False,0,0.0,0.3859,0.8798,0.0,0.0,0.0,0.0,1.928651259148214,0.27615008942708524,1.9083589582621425,0.8030758639319381,0.444036728436301,0.2322435686998294,0.2331999999999998,0.4942875276597616,0.05
4,0.6386499999999999,False,0,0.0,0.3414,0.9359,0.0,0.0,0.0,0.0,1.7981508929854697,0.15544894075288987,1.6632555555555555,0.33273688136757923,0.32298119972043926,0.16949850641682768,0.07990000000000017,0.23970000000000044,0.05
5,0.64995,False,0,0.0,0.35819999999999996,0.9417,0.0,0.0,0.0,0.0,1.8429083907402792,0.17656912638813577,1.6392018280785101,0.3399316085991017,0.33033461002961273,0.17771152516316002,0.09120000000000059,0.23803898840316104,0.05
6,0.6432,False,0,0.0,0.39239999999999997,0.8939999999999999,0.0,0.0,0.0,0.0,1.9184967625066576,0.18750083007897897,1.7679266639367213,0.4498126672961232,0.4097344417296506,0.20016780984589735,0.15950000000000036,0.3190000783698971,0.05
7,0.6505,False,0,0.0,0.301,1.0,0.0,0.0,0.0,0.0,1.7324614959925533,0.1288093202800018,1.5550666666666675,0.058546050251064706,0.24132072597103313,0.11505932618986084,0.012200000000000571,0.036600000000001714,0.05
8,0.6258999999999999,False,0,0.0,0.3671,0.8846999999999999,0.0,0.0,0.0,0.0,1.8729818180667503,0.18480419323825475,2.0486667685527005,1.0312006320245195,0.4160804925575012,0.21207356944215175,0.3284000000000005,0.621119988408037,0.05
9,0.6677,False,0,0.0,0.33540000000000003,1.0,0.0,0.0,0.0,0.0,1.7566112834189256,0.09365978789097247,1.5202888888888897,0.05761053144463754,0.27227047148488365,0.05583073292288654,0.013600000000000478,0.04080000000000143,0.05
10,0.57675,False,0,0.0,0.333,0.8205,0.0,0.0,0.0,0.0,1.9170688862693557,0.2817241071883595,1.8778889691398128,0.5357187089691918,0.43226793822616927,0.27176005933261693,0.2401000000000006,0.3654538137713167,0.05
11,0.55055,False,0,0.0,0.3413,0.7597999999999999,0.0,0.0,0.0,0.0,1.9225297046731853,0.2662932135274625,2.2326203864040597,0.91726651681662,0.5024614527613801,0.2928904307680425,0.4687000000000001,0.6207017077469662,0.05
12,0.54645,False,0,0.0,0.33049999999999996,0.7624000000000001,0.0,0.0,0.0,0.0,1.9194472258389215,0.28930274868310546,2.1013100316462774,0.8283944164077574,0.4797213343839566,0.278377687538555,0.3965000000000002,0.5297494218968061,0.05
13,0.63315,False,0,0.0,0.3811,0.8852,0.0,0.0,0.0,0.0,1.9226589416755129,0.20894453004468963,1.743303693243384,0.4599171900939227,0.4395156832320907,0.22245604700990623,0.15970000000000004,0.31940007827175004,0.05
14,0.6724000000000001,False,0,0.0,0.39180000000000004,0.9530000000000001,0.0,0.0,0.0,0.0,1.8375572576433137,0.13963299198376955,1.631411111111111,0.33979030952110006,0.3400884063368572,0.11973471423822114,0.07980000000000018,0.23940000000000053,0.05
15,0.6731,False,0,0.0,0.3462,1.0,0.0,0.0,0.0,0.0,1.7716206694740255,0.1297219731257586,1.5516,0.06964222856859198,0.2780448366563513,0.07756387286236376,0.0,0.0,0.05
16,0.6125,False,0,0.0,0.3513,0.8737,0.0,0.0,0.0,0.0,1.8777859351902368,0.2135915266210791,1.754810216132983,0.4518634493408285,0.4044690316168638,0.2198272218424866,0.15950000000000034,0.31900070532837455,0.05
17,0.6035,False,0,0.0,0.39540000000000003,0.8116,0.0,0.0,0.0,0.0,1.983440955459649,0.14645500634076355,1.8502196134363083,0.5231067077156268,0.49684486126201016,0.20146783801427404,0.24070000000000036,0.3650739788042965,0.05
18,0.68145,False,0,0.0,0.36289999999999994,1.0,0.0,0.0,0.0,0.0,1.8222608757438468,0.10658593060723702,1.555161284722308,0.06125695609823897,0.31852294843770323,0.04644501435628834,0.0,0.0,0.05
19,0.5063,False,0,0.0,0.38539999999999996,0.6272,0.0,0.0,0.0,0.0,2.090849337313883,0.21054225838244608,2.491619973236208,0.8781772722756688,0.6603850474333235,0.24228038108726724,0.6427999999999997,0.6037343455527439,0.05
20,0.63695,False,0,0.0,0.36719999999999997,0.9067000000000001,0.0,0.0,0.0,0.0,1.9154490446736123,0.2506817295892157,1.7464666666865358,0.45160668673022586,0.40492790691621244,0.19369981117742838,0.16500000000000076,0.31643419537085454,0.05
21,0.5610999999999999,False,0,0.0,0.36819999999999997,0.754,0.0,0.0,0.0,0.0,1.9803522439665866,0.24083283111183915,1.996430578158249,0.5372540122465898,0.5381886871212204,0.25529552765836394,0.3194999999999999,0.3913065933510448,0.05
22,0.6015,False,0,0.0,0.3765,0.8265,0.0,0.0,0.0,0.0,1.874086268358917,0.1909490986958498,1.867124823847067,0.5071680795767649,0.42512122877657177,0.22690638823341724,0.2391000000000006,0.36523210428438607,0.05
23,0.6629,False,0,0.0,0.3258,1.0,0.0,0.0,0.0,0.0,1.7443298291004328,0.16435210107772716,1.5281001703686392,0.036079253635113336,0.25534871804158904,0.12219358731270219,0.0,0.0,0.05
24,0.6291000000000001,False,0,0.0,0.32180000000000003,0.9364000000000001,0.0,0.0,0.0,0.0,1.7930318603959123,0.150080975104864,1.6687554238176154,0.3307609596531129,0.3183811800956501,0.18763452143892467,0.07990000000000005,0.23970000000000014,0.05
25,0.6736,False,0,0.0,0.3472,1.0,0.0,0.0,0.0,0.0,1.7716080227451378,0.11454262856285025,1.5590988007556363,0.06650615861152556,0.2839296193135715,0.06405581847798456,0.016500000000000882,0.04533265930871619,0.05
26,0.4962,False,0,0.0,0.3419,0.6505,0.0,0.0,0.0,0.0,1.953045827341151,0.18975665745718193,2.2235027037823785,0.5278988931278864,0.542936589565624,0.24216508768380376,0.478300000000001,0.3905322137801191,0.05
27,0.64095,False,0,0.0,0.3452,0.9367000000000001,0.0,0.0,0.0,0.0,1.82088547444758,0.15728938976562407,1.65315555555556,0.3401300992920865,0.33178775589242004,0.15877374383079912,0.0799000000000002,0.23970000000000058,0.05
28,0.5982000000000001,False,0,0.0,0.32530000000000003,0.8711,0.0,0.0,0.0,0.0,1.810965049979507,0.17212831624580952,1.9104873233406636,0.7839826718806293,0.39248908761083867,0.2225064554395048,0.23889999999999995,0.5094868889382728,0.05
29,0.65095,False,0,0.0,0.36069999999999997,0.9412,0.0,0.0,0.0,0.0,1.8160677454518226,0.12980238051296156,1.6190111520449342,0.34358416764579874,0.3434552576112459,0.1394798992053989,0.07980000000000022,0.23940000000000064,0.05
30,0.6122000000000001,False,0,0.0,0.33320000000000005,0.8912000000000001,0.0,0.0,0.0,0.0,1.8211893903970016,0.17903164394426832,1.7329135530743986,0.4567126770863237,0.3682455711739546,0.1959392096761212,0.15980000000000036,0.3196000000000007,0.05
31,0.68525,True,0,0.0,0.3705,1.0,0.0,0.0,0.0,0.0,1.7689167284288743,0.10162531687611823,1.5385,0.0439596405808783,0.30695402948286626,0.07618625280445873,0.0,0.0,0.05
32,0.57535,False,0,0.0,0.3458,0.8049,0.0,0.0,0.0,0.0,1.8965934073450044,0.20237835660678832,1.8968843446424875,0.5014136950156585,0.43782980187263415,0.23920957123011669,0.23960000000000042,0.36599540980728223,0.05
33,0.62945,False,0,0.0,0.31779999999999997,0.9410999999999999,0.0,0.0,0.0,0.0,1.7957772358560706,0.13050854195229594,1.6578563687377705,0.33640175457904653,0.3144623561615079,0.1421169524296791,0.07990000000000017,0.2397000000000005,0.05
34,0.6238999999999999,False,0,0.0,0.3618,0.8859999999999999,0.0,0.0,0.0,0.0,1.9031005106292156,0.1817556579818588,1.7467555555555552,0.4548281042816544,0.424728386299027,0.19193217381642458,0.1595999999999997,0.31920031328305365,0.05
35,0.6778500000000001,False,0,0.0,0.3557,1.0,0.0,0.0,0.0,0.0,1.8057589685247257,0.1514322855546616,1.5137000000000003,0.03080925185719374,0.2837650075433151,0.1157922241985,0.0,0.0,0.05
36,0.64365,False,0,0.0,0.40790000000000004,0.8794000000000001,0.0,0.0,0.0,0.0,1.9916128869710796,0.20369347872332955,1.8951585657627863,0.7989503595726227,0.47290840328434625,0.20821758352688474,0.24179999999999988,0.5171933487584695,0.05
37,0.66955,False,0,0.0,0.33909999999999996,1.0,0.0,0.0,0.0,0.0,1.7732640688540162,0.06167722408168972,1.5113000000020826,0.01740143672477123,0.3012086688627617,0.02857494488485732,0.0,0.0,0.05
38,0.6697000000000001,False,0,0.0,0.38500000000000006,0.9544,0.0,0.0,0.0,0.0,1.8046349786589855,0.10576031757501823,1.7858949018029222,0.6754457942197172,0.33154420669667306,0.13560971136918515,0.1703000000000012,0.45083967216739107,0.05
39,0.617,False,0,0.0,0.3584,0.8756,0.0,0.0,0.0,0.0,1.8392837224246654,0.1375634429970095,1.742346094368406,0.4542906514210994,0.39631905533909373,0.19594755268636518,0.15960000000000035,0.3192000000000007,0.05
40,0.60595,False,0,0.0,0.377,0.8349,0.0,0.0,0.0,0.0,1.941454808707808,0.21335507322286124,1.9010514329303212,0.49478445994018794,0.44938993218816475,0.2206378121206951,0.23970000000000047,0.36614779802697234,0.05
41,0.66245,False,0,0.0,0.38570000000000004,0.9391999999999999,0.0,0.0,0.0,0.0,1.8697773322526878,0.19831578511341708,1.6256554188542942,0.34206734160892316,0.35419757102570737,0.16512379186275059,0.08470000000000066,0.23852968368737765,0.05
42,0.63325,False,0,0.0,0.32120000000000004,0.9452999999999999,0.0,0.0,0.0,0.0,1.8317299342229965,0.25258475144509784,1.63038559029127,0.34430757680592705,0.3268732326083177,0.20167215309369638,0.07999999999999996,0.23999999999999988,0.05
43,0.55255,False,0,0.0,0.2973,0.8078,0.0,0.0,0.0,0.0,1.8518933977082803,0.21277123510752682,1.8701660130485802,0.5190560869246964,0.40149846137422757,0.255190520540397,0.23950000000000063,0.36584265743622724,0.05
44,0.6432,False,0,0.0,0.3493,0.9371,0.0,0.0,0.0,0.0,1.8047479826969082,0.1460823733358218,1.6267551563541898,0.3424118053633432,0.3126401848338757,0.16602160238655816,0.08740000000000084,0.23825163168381552,0.05
45,0.64825,False,0,0.0,0.35910000000000003,0.9374,0.0,0.0,0.0,0.0,1.8436408797191675,0.18041786118245656,1.6389111111111112,0.33797357556143043,0.35667337179596326,0.159136941423682,0.07980000000000007,0.23940000000000022,0.05
46,0.5961,False,0,0.0,0.3203,0.8718999999999999,0.0,0.0,0.0,0.0,1.831139606929798,0.19075929850364276,1.7577215397562025,0.4481250893721262,0.3768154218559245,0.21898341943944902,0.15940000000000049,0.31880125470267623,0.05
47,0.65665,False,0,0.0,0.37649999999999995,0.9368000000000001,0.0,0.0,0.0,0.0,1.9179812058670902,0.23387411601281408,1.656611111129486,0.3347734972056275,0.372063302309673,0.15083455119481534,0.07980000000000023,0.23940000000000067,0.05
48,0.5811999999999999,False,0,0.0,0.3446,0.8177999999999999,0.0,0.0,0.0,0.0,1.8860332168929237,0.20583877757866798,2.2139989401475235,1.191447582740686,0.430361721924276,0.2378588945453238,0.39030000000000026,0.62767030358302,0.05
49,0.647,False,0,0.0,0.38539999999999996,0.9086000000000001,0.0,0.0,0.0,0.0,1.9816858856268253,0.38145243813044855,1.8129000000000015,0.4730013584142541,0.43270578919042746,0.24293716350002306,0.21210000000000112,0.3318163498081441,0.05
50,0.63795,False,0,0.0,0.3609,0.915,0.0,0.0,0.0,0.0,1.859401541162796,0.24138659729260367,1.7721779513941365,0.4430957149239913,0.37732764980490596,0.19749119349509592,0.16790000000000094,0.31645835429010294,0.05
51,0.6297,False,0,0.0,0.31020000000000003,0.9492,0.0,0.0,0.0,0.0,1.7610421138174317,0.16911322224048958,1.6778000000000002,0.33037306185583587,0.2942534138723099,0.15816707910544311,0.07999999999999997,0.23999999999999994,0.05
52,0.6543,False,0,0.0,0.36750000000000005,0.9410999999999999,0.0,0.0,0.0,0.0,1.8394986154414006,0.1646593498129538,1.6797697987874383,0.34148701874520215,0.3180305984631056,0.15182449477995383,0.11420000000000163,0.23423697402417126,0.05
53,0.6725,False,0,0.0,0.345,1.0,0.0,0.0,0.0,0.0,1.7806580412780857,0.14270782443009247,1.5432444444528575,0.07707819982434413,0.28537524678162035,0.07532938101784385,0.010800000000000438,0.03240000000000132,0.05
54,0.66805,False,0,0.0,0.33609999999999995,1.0,0.0,0.0,0.0,0.0,1.7679079706159513,0.09822731786463322,1.544341932519204,0.05272080343612346,0.28864488648961484,0.07598244883756554,0.0008000000000002956,0.002400000000000887,0.05
55,0.5351,False,0,0.0,0.38330000000000003,0.6869,0.0,0.0,0.0,0.0,2.0133539777661857,0.1733561598135117,2.3110170651373405,0.9838555586271345,0.599863634168448,0.2406668173955195,0.48460000000000053,0.5209748938288676,0.05
56,0.6775,False,0,0.0,0.35500000000000004,1.0,0.0,0.0,0.0,0.0,1.8191292240727321,0.16248159568912807,1.5703,0.05123485141971235,0.30616844804536936,0.09764949341324915,0.0,0.0,0.05
57,0.65905,False,0,0.0,0.35309999999999997,0.9650000000000001,0.0,0.0,0.0,0.0,1.838661829682555,0.19255291043448175,1.6580111111111115,0.33563882870331696,0.3191494071009617,0.13270915689252868,0.0798000000000004,0.2394000000000012,0.05
58,0.61605,False,0,0.0,0.354,0.8781000000000001,0.0,0.0,0.0,0.0,1.841370751294909,0.1860579482509055,1.7361355092189996,0.4616950426479723,0.37869295069755715,0.19479834853023717,0.15980000000000089,0.3191008617976464,0.05
59,0.638,False,0,0.0,0.3384,0.9376,0.0,0.0,0.0,0.0,1.8056758126410681,0.1313908358811914,1.6298334255642366,0.3418270392264061,0.3338335374195477,0.15773951586262716,0.08290000000000039,0.23886751558133654,0.05
60,0.627,False,0,0.0,0.3702,0.8838000000000001,0.0,0.0,0.0,0.0,1.875468668003957,0.2196857344710516,1.7413468704414654,0.4430050501525255,0.3910365925651383,0.20501992407282288,0.1596000000000004,0.31920000000000076,0.05
61,0.6143000000000001,False,0,0.0,0.3527,0.8759,0.0,0.0,0.0,0.0,1.8312633441559658,0.1280652435322745,1.7387103639713153,0.45478962440840776,0.379722550309269,0.18882196987418018,0.15940000000000015,0.3188012547026755,0.05
62,0.6939500000000001,True,0,0.0,0.3879,1.0,0.0,0.0,0.0,0.0,1.7724674485319085,0.07864009134182721,1.5129444444828568,0.02320213122998862,0.28859348489041364,0.06334288634920557,0.005400000000000361,0.01620000000000108,0.05
63,0.6669,False,0,0.0,0.3338,1.0,0.0,0.0,0.0,0.0,1.762706634057372,0.06940042648268753,1.548100003470728,0.05441039160193507,0.24068375924439192,0.03374171993354009,0.0,0.0,0.05
64,0.6729,False,0,0.0,0.3458,1.0,0.0,0.0,0.0,0.0,1.7755848516337533,0.09857382399221466,1.5480000000000427,0.06673979322723057,0.2462206220064212,0.07438148274631169,0.0,0.0,0.05
65,0.6489,False,0,0.0,0.29779999999999995,1.0,0.0,0.0,0.0,0.0,1.7140347100384368,0.06072833200175305,1.5805724093974118,0.08974860673041622,0.2213290514100144,0.07097026663370959,0.02160000000000059,0.06480000000000177,0.05
66,0.67425,False,0,0.0,0.3485,1.0,0.0,0.0,0.0,0.0,1.7191215446975199,0.05342949520747686,1.5511888888888896,0.06309189946243442,0.2373026055735991,0.03248919048200387,0.011800000000000452,0.03540000000000136,0.05
67,0.6733,False,0,0.0,0.3466,1.0,0.0,0.0,0.0,0.0,1.7470301776377206,0.1012648945253802,1.5393000000000001,0.05711050691422729,0.2737329795198905,0.07058510448555773,0.0,0.0,0.05
68,0.63675,False,0,0.0,0.2735,1.0,0.0,0.0,0.0,0.0,1.6871857569908186,0.0755771432558224,1.5346,0.08239320360320994,0.2007286777496554,0.08089384217664183,0.0,0.0,0.05
69,0.65395,False,0,0.0,0.30790000000000006,1.0,0.0,0.0,0.0,0.0,1.7342802639176036,0.11353959648100284,1.5591923411820583,0.06627996092005922,0.246441920654998,0.0987456684491699,0.0,0.0,0.05
70,0.6459,False,0,0.0,0.3566,0.9352,0.0,0.0,0.0,0.0,1.8388240000490765,0.14678504255016933,1.6818578015539398,0.33264865466304205,0.34397052927940575,0.14378900275036788,0.10130000000000114,0.23929314657967182,0.05
71,0.6532499999999999,False,0,0.0,0.36439999999999995,0.9420999999999999,0.0,0.0,0.0,0.0,1.8139608026747225,0.1517801125978704,1.6367777726531738,0.3374133151260544,0.32457962391079836,0.14524347636549764,0.07950000000000024,0.2385000000000007,0.05
72,0.62725,False,0,0.0,0.31989999999999996,0.9346,0.0,0.0,0.0,0.0,1.7936645782067706,0.1352653849734227,1.6322755292436835,0.33898119758995154,0.33255900409365446,0.16844054412686502,0.07960000000000009,0.2388000000000003,0.05
73,0.67515,False,0,0.0,0.3503,1.0,0.0,0.0,0.0,0.0,1.7794645580689412,0.08010512565515376,1.5461000000000074,0.057046384635671445,0.27948587639686506,0.037524456473991184,0.0080000000000004,0.0240000000000012,0.05
74,0.66475,False,0,0.0,0.3295,1.0,0.0,0.0,0.0,0.0,1.7186182819885751,0.09475094369395569,1.5145000000132343,0.01817828373681631,0.24151618344214842,0.08991668104175932,0.0,0.0,0.05
75,0.6492499999999999,False,0,0.0,0.35419999999999996,0.9442999999999999,0.0,0.0,0.0,0.0,1.8403626142917389,0.17260022269300934,1.6306555555522073,0.34050129873117174,0.3384841990367651,0.17975805995053085,0.07990000000000022,0.23970000000000063,0.05
76,0.6713500000000001,False,0,0.0,0.4021,0.9406000000000001,0.0,0.0,0.0,0.0,1.901222853355663,0.12091306180647245,1.6555149908818874,0.3324885325766421,0.3711690135345742,0.14659897284919834,0.08150000000000034,0.23856036971802339,0.05
77,0.65015,False,0,0.0,0.3003,1.0,0.0,0.0,0.0,0.0,1.7245248390304933,0.06669766099381237,1.5226222222222225,0.03118183231733916,0.2181278517537883,0.06793777903629047,0.0006000000000002928,0.001800000000000878,0.05
78,0.59665,False,0,0.0,0.323,0.8703,0.0,0.0,0.0,0.0,1.8308866481181483,0.1755668207249511,1.7357361110856329,0.4687347194120467,0.3625476801596245,0.20112912950828093,0.1598000000000003,0.3196000000000006,0.05
79,0.6738500000000001,False,0,0.0,0.3477,1.0,0.0,0.0,0.0,0.0,1.767381073988697,0.10759510240439557,1.5127000000000002,0.018346934348822397,0.27264749575481967,0.08150216161128752,0.0,0.0,0.05
80,0.5979,False,0,0.0,0.3673,0.8285,0.0,0.0,0.0,0.0,1.9311360042355143,0.2554877534060103,1.8598479169836157,0.5206186329566749,0.43346389773147803,0.22487412233152249,0.23940000000000072,0.36569036082456535,0.05
81,0.6223000000000001,False,0,0.0,0.3355,0.9091000000000001,0.0,0.0,0.0,0.0,1.8467916709752181,0.24942309672906124,1.758100000000003,0.44839281844118595,0.3336850702911451,0.19240455556059743,0.16800000000000095,0.31597848027990866,0.05
82,0.6394500000000001,False,0,0.0,0.34130000000000005,0.9376,0.0,0.0,0.0,0.0,1.841422489704192,0.19669392194978744,1.6525614755727354,0.33643536159514403,0.32332215681473986,0.18149607868656892,0.07960000000000018,0.23880000000000054,0.05
83,0.66625,False,0,0.0,0.3325,1.0,0.0,0.0,0.0,0.0,1.751831465384901,0.08272287838433123,1.5096,0.028800000000000023,0.25940534081743294,0.048578410747377856,0.0,0.0,0.05
84,0.66385,False,0,0.0,0.3277,1.0,0.0,0.0,0.0,0.0,1.726772628226766,0.07256397493517476,1.5150000000000001,0.018638669480410874,0.24710334335016476,0.0577887928193472,0.0,0.0,0.05
85,0.67435,False,0,0.0,0.3487,1.0,0.0,0.0,0.0,0.0,1.7778091647938996,0.07850111280687566,1.5355812500000008,0.03792696569147713,0.26987855814026024,0.05249642444933866,0.0016000000000004773,0.004800000000001432,0.05
86,0.66535,False,0,0.0,0.3867,0.944,0.0,0.0,0.0,0.0,1.8182814509301501,0.16734259237397445,1.6605222222222227,0.3383571239583023,0.3423335285159365,0.14815830255107845,0.07990000000000021,0.23970000000000058,0.05
87,0.6775,False,0,0.0,0.35500000000000004,1.0,0.0,0.0,0.0,0.0,1.7646150797612055,0.1283521149973598,1.570934448656513,0.09831915391801431,0.26739097011547724,0.07204821281644254,0.020000000000000566,0.060000000000001705,0.05
88,0.6626000000000001,False,0,0.0,0.32520000000000004,1.0,0.0,0.0,0.0,0.0,1.751107255154333,0.09187964526283567,1.5484444444445433,0.06242631211640427,0.25820474159553053,0.09077832492732864,0.007200000000000387,0.021600000000001156,0.05
89,0.651,False,0,0.0,0.30200000000000005,1.0,0.0,0.0,0.0,0.0,1.6980064065615548,0.10103891358076715,1.518800000001604,0.03092507073646197,0.21297007549067132,0.09209387355627643,0.0,0.0,0.05
90,0.63035,False,0,0.0,0.32499999999999996,0.9357,0.0,0.0,0.0,0.0,1.756804313495032,0.12665423223832728,1.6666111111106185,0.334141694826094,0.292711095748486,0.14444850100493617,0.07980000000000029,0.23940000000000086,0.05
91,0.6283,False,0,0.0,0.31629999999999997,0.9403,0.0,0.0,0.0,0.0,1.7529366501388548,0.12030631725295937,1.6408111111109918,0.3378564274293368,0.2879064189447125,0.16411699531459228,0.07980000000000027,0.23940000000000078,0.05
92,0.6543,False,0,0.0,0.30860000000000004,1.0,0.0,0.0,0.0,0.0,1.714599724924288,0.08283010480596556,1.5429012238290576,0.05066981127612562,0.2074972670425291,0.07364632531720057,0.0,0.0,0.05
93,0.658,False,0,0.0,0.37,0.9460000000000001,0.0,0.0,0.0,0.0,1.821085823056947,0.15595745632032362,1.6609000000000027,0.349897863227771,0.32467441091824123,0.1429745365540265,0.10780000000000185,0.24474386611312848,0.05
94,0.64525,False,0,0.0,0.29050000000000004,1.0,0.0,0.0,0.0,0.0,1.7069534072259067,0.11625915778995026,1.5420666666818437,0.07647552985658498,0.21862108837359698,0.11766952338841523,0.015800000000000508,0.04740000000000153,0.05
95,0.6115,False,0,0.0,0.3375,0.8855000000000001,0.0,0.0,0.0,0.0,1.824352379896721,0.17430027479463064,1.7416666666666671,0.45495754244995124,0.36292383344621737,0.2014151293217927,0.15970000000000018,0.3194000782717503,0.05
96,0.6584,False,0,0.0,0.3168,1.0,0.0,0.0,0.0,0.0,1.7690912535335368,0.16401624608069487,1.533100000010523,0.04947211338284975,0.26919992055460895,0.11284918389071419,0.0,0.0,0.05
97,0.62485,False,0,0.0,0.3141,0.9356,0.0,0.0,0.0,0.0,1.7692542995429086,0.1764236307164736,1.6408111111111157,0.3373519905907697,0.28296117335174725,0.17037684794466795,0.07980000000000029,0.23940000000000083,0.05
98,0.6141500000000001,False,0,0.0,0.34130000000000005,0.8870000000000001,0.0,0.0,0.0,0.0,1.9102990591074682,0.21099958229656512,1.7529000000000008,0.45243740294127766,0.3759291522758005,0.20000980450159958,0.15970000000000045,0.3194000782717508,0.05
99,0.6829500000000001,False,0,0.0,0.36590000000000006,1.0,0.0,0.0,0.0,0.0,1.818581657567854,0.14779118254826498,1.5196000001198138,0.046759384431850515,0.2800600182041249,0.08847360419299945,0.0,0.0,0.05
100,0.66,False,0,0.0,0.32,1.0,0.0,0.0,0.0,0.0,1.72381251085565,0.10738336090441916,1.5061,0.01307249019888711,0.24134455291996443,0.0678526310369347,0.0,0.0,0.05
101,0.6679999999999999,False,0,0.0,0.33599999999999997,1.0,0.0,0.0,0.0,0.0,1.7289959473922978,0.09338921141265014,1.5456000000206125,0.04573445095707514,0.24214098770583842,0.08853286951320562,0.0,0.0,0.05
102,0.66,False,0,0.0,0.32000000000000006,1.0,0.0,0.0,0.0,0.0,1.7389917681981157,0.11134194270919634,1.5344889219495994,0.05341826217576423,0.26167326637173594,0.074928151311788,0.011800000000000565,0.035400000000001694,0.05
103,0.6084499999999999,False,0,0.0,0.27859999999999996,0.9382999999999999,0.0,0.0,0.0,0.0,1.7471460150173947,0.15356432534419462,1.6779730410272564,0.33049036908238294,0.2724476614188935,0.17242065671318127,0.07980000000000034,0.23940000000000106,0.05
104,0.6473500000000001,False,0,0.0,0.3426,0.9521000000000001,0.0,0.0,0.0,0.0,1.8147648065494066,0.11652565380714144,1.638911111111112,0.3389524122613358,0.3106215548775842,0.11804471633923087,0.08020000000000058,0.23926963869241819,0.05
105,0.57135,False,0,0.0,0.32520000000000004,0.8174999999999999,0.0,0.0,0.0,0.0,1.8359156136193147,0.21898266605438887,1.8748776404005003,0.508328355280492,0.41520446476658124,0.24570998379079118,0.2395000000000001,0.3658423840945716,0.05
106,0.65655,False,0,0.0,0.37100000000000005,0.9420999999999999,0.0,0.0,0.0,0.0,1.8287099876413797,0.13971140121406983,1.615055555555556,0.3451666666666677,0.3415639181688487,0.13894110714721383,0.0799000000000002,0.23970000000000058,0.05
107,0.65805,False,0,0.0,0.3161,1.0,0.0,0.0,0.0,0.0,1.7248321583495394,0.0756235836864002,1.6057555555555574,0.15410449236768606,0.23738931618892156,0.05672932616926735,0.045600000000001216,0.10720373127834934,0.05
108,0.6594,False,0,0.0,0.3731,0.9457000000000001,0.0,0.0,0.0,0.0,1.8427319008403864,0.19963305097475428,1.6524888888888902,0.33728952723911565,0.3192153749225328,0.1585694479257566,0.09270000000000081,0.23850620537000822,0.05
109,0.66735,False,0,0.0,0.3347,1.0,0.0,0.0,0.0,0.0,1.7451551765819346,0.05242658042410636,1.5453003327980679,0.05326017666580408,0.264619508996766,0.04439988557518446,0.0,0.0,0.05
110,0.6582,False,0,0.0,0.377,0.9394,0.0,0.0,0.0,0.0,1.8703377163604475,0.15860853275962067,1.6305556493518458,0.3438012326228101,0.34618977192466277,0.1480235847921733,0.07960000000000036,0.23880000000000107,0.05
111,0.6529,False,0,0.0,0.3058,1.0,0.0,0.0,0.0,0.0,1.7172769785975255,0.0794172011358915,1.5280002350622581,0.0335684019646242,0.23439032451340552,0.06057335776499524,0.0,0.0,0.05
112,0.69425,True,0,0.0,0.38849999999999996,1.0,0.0,0.0,0.0,0.0,1.8064002472092018,0.05831646365210992,1.5355000000000003,0.06768936400942235,0.30237686133199315,0.038182161971181974,0.0,0.0,0.05
113,0.64805,False,0,0.0,0.35070000000000007,0.9454,0.0,0.0,0.0,0.0,1.8173840193908977,0.1654152267006386,1.6424888836503317,0.34327858202221956,0.3064598824895458,0.1685398768735853,0.07990000000000037,0.2397000000000011,0.05
114,0.6608,False,0,0.0,0.3216,1.0,0.0,0.0,0.0,0.0,1.75615705063584,0.11361281978308198,1.5172888888902967,0.027785207898797234,0.26706808940604343,0.09449752599598892,0.006400000000000375,0.019200000000001126,0.05
115,0.5860500000000001,False,0,0.0,0.30040000000000006,0.8717,0.0,0.0,0.0,0.0,1.8659775610157325,0.23082394130537393,1.7439219683377138,0.4536087069443044,0.3477097846006341,0.23151855282023623,0.15960000000000069,0.31920000000000137,0.05
116,0.62825,False,0,0.0,0.31120000000000003,0.9452999999999999,0.0,0.0,0.0,0.0,1.7993029565643481,0.21364420011363427,1.6405998635009955,0.33990963956761633,0.299507262360475,0.18716682586899636,0.07970000000000028,0.2391000000000008,0.05
117,0.651,False,0,0.0,0.302,1.0,0.0,0.0,0.0,0.0,1.717154186162086,0.08030750755340507,1.5205,0.03550844969862812,0.23487579315789323,0.08737413325927083,0.0,0.0,0.05
118,0.67005,False,0,0.0,0.34009999999999996,1.0,0.0,0.0,0.0,0.0,1.7990884132477305,0.13324918117442353,1.5472000000366921,0.06003798804260794,0.2953844830644129,0.06080124268142012,0.0,0.0,0.05
119,0.6442,False,0,0.0,0.28840000000000005,1.0,0.0,0.0,0.0,0.0,1.6929060613784404,0.07704366762706626,1.5437666666669176,0.055486544915916286,0.1904374164968176,0.08023270807725869,0.012200000000000457,0.036600000000001374,0.05
120,0.689,False,0,0.0,0.37799999999999995,1.0,0.0,0.0,0.0,0.0,1.7960120302094538,0.056625395421168616,1.5301054713673077,0.03471028801870938,0.3019392342011139,0.03531068635564908,0.0017000000000004152,0.005100000000001246,0.05
121,0.6663,False,0,0.0,0.33260000000000006,1.0,0.0,0.0,0.0,0.0,1.7637987696438842,0.1250963435585297,1.5129000000000001,0.019086382580258607,0.27723513936036415,0.10081200664623248,0.0,0.0,0.05
122,0.6653,False,0,0.0,0.33059999999999995,1.0,0.0,0.0,0.0,0.0,1.7522669030165823,0.12766666720700895,1.5274000000055978,0.04638146182984443,0.26432717904673064,0.08953375297970141,0.0,0.0,0.05
123,0.66795,False,0,0.0,0.3359,1.0,0.0,0.0,0.0,0.0,1.7543848583275756,0.09730431056494644,1.5225,0.04516027014976772,0.2630358260384574,0.05304763121443557,0.0,0.0,0.05
124,0.6668000000000001,False,0,0.0,0.3336,1.0,0.0,0.0,0.0,0.0,1.7363177677489539,0.06264456052278734,1.5115,0.01768756625429284,0.25327761905315277,0.05779375966397904,0.0,0.0,0.05
125,0.6372,False,0,0.0,0.3287,0.9457000000000001,0.0,0.0,0.0,0.0,1.808944926723448,0.23577229931423035,1.6457919325351908,0.33654834619779306,0.28420964874669147,0.18216466250181332,0.08290000000000072,0.2388675155813375,0.05
126,0.66725,False,0,0.0,0.33449999999999996,1.0,0.0,0.0,0.0,0.0,1.7124889854960013,0.06696091934027011,1.546848090280766,0.062091249901411065,0.25632576147640546,0.04964085793787249,0.013800000000000623,0.04140000000000187,0.05
127,0.65725,False,0,0.0,0.3145,1.0,0.0,0.0,0.0,0.0,1.7291261277715233,0.06238967120758691,1.5339222222222229,0.049962530404740024,0.25097627861537075,0.04885852754497163,0.009400000000000418,0.028200000000001252,0.05
128,0.66145,False,0,0.0,0.3872,0.9357,0.0,0.0,0.0,0.0,1.8916891449218536,0.2210289713610944,1.627126907027872,0.34114783345356675,0.36843766284898605,0.1532798233184446,0.07980000000000023,0.23940000000000067,0.05
129,0.6873,False,0,0.0,0.37460000000000004,1.0,0.0,0.0,0.0,0.0,1.8485476421421771,0.11183244613165577,1.5187494801839194,0.032844144244721096,0.3211530591470501,0.057210878124579305,0.0,0.0,0.05
130,0.6428499999999999,False,0,0.0,0.35350000000000004,0.9321999999999999,0.0,0.0,0.0,0.0,1.8298044461749357,0.13316705948701618,1.641131541315879,0.3444513143143153,0.35528010235690377,0.16998660553426603,0.08130000000000032,0.23796052193588746,0.05
131,0.66815,False,0,0.0,0.3363,1.0,0.0,0.0,0.0,0.0,1.7528050524989873,0.09107358373437295,1.5385723958333342,0.05715371679970998,0.2793933200948691,0.05438439180639287,0.012200000000000457,0.036600000000001374,0.05
132,0.65135,False,0,0.0,0.3832,0.9195,0.0,0.0,0.0,0.0,1.879293561555793,0.23982159645879667,1.7426666615259783,0.4612845515271044,0.36829072984010663,0.18240740660071528,0.15940000000000037,0.318801254702676,0.05
133,0.66915,False,0,0.0,0.3383,1.0,0.0,0.0,0.0,0.0,1.735406897103521,0.08398465141876466,1.5171,0.017426703646989544,0.2520511148801354,0.05797969191242467,0.0,0.0,0.05
134,0.6448499999999999,False,0,0.0,0.33740000000000003,0.9522999999999999,0.0,0.0,0.0,0.0,1.7978082166182663,0.19927987412306358,1.667055634805903,0.3333422246546361,0.3070341471195156,0.171265569062575,0.07990000000000021,0.23970000000000058,0.05
135,0.65995,False,0,0.0,0.3852,0.9347,0.0,0.0,0.0,0.0,1.9006369877628255,0.18688842226128452,1.6609612847711372,0.3355157077423974,0.3773022947671473,0.15758486099057453,0.09320000000000078,0.2358799694760025,0.05
136,0.6212,False,0,0.0,0.3577,0.8846999999999999,0.0,0.0,0.0,0.0,1.8513000405473263,0.1727299206011838,1.7652157180682473,0.44962803501430004,0.38218927815033615,0.18301843565152248,0.1593000000000003,0.31860007846828975,0.05
137,0.6811,False,0,0.0,0.3622,1.0,0.0,0.0,0.0,0.0,1.8143705256805593,0.09564448894288376,1.5589111111175742,0.0609677874984528,0.3104453258840534,0.05344274931751172,0.010500000000000797,0.03150000000000239,0.05
138,0.65065,False,0,0.0,0.3013,1.0,0.0,0.0,0.0,0.0,1.6885952569399456,0.06977021077361018,1.5140999999999998,0.03193258523827974,0.20765428101837907,0.07596525000810479,0.0,0.0,0.05
139,0.6031,False,0,0.0,0.3268,0.8794000000000001,0.0,0.0,0.0,0.0,1.8179961981735482,0.17520925640460777,1.7704111111111143,0.44498758215438505,0.35479365526125284,0.18368002729208618,0.1598000000000004,0.3196000000000008,0.05
140,0.6602,False,0,0.0,0.32039999999999996,1.0,0.0,0.0,0.0,0.0,1.7184847553328755,0.11531039422139511,1.55080000000003,0.06316929633933309,0.23794502875390527,0.06716161707942367,0.0,0.0,0.05
141,0.62845,False,0,0.0,0.32459999999999994,0.9323,0.0,0.0,0.0,0.0,1.772059257775733,0.1089877674736732,1.6289965277517353,0.35039421854127745,0.308501645710615,0.14006072327188074,0.07980000000000013,0.23940000000000045,0.05
142,0.6209,False,0,0.0,0.3062,0.9356,0.0,0.0,0.0,0.0,1.779589197879745,0.18394732219866197,1.645011111111112,0.34065336079690006,0.26821571354856427,0.16020935874383638,0.09500000000000089,0.23867509296112277,0.05
143,0.5871500000000001,False,0,0.0,0.3584,0.8159000000000001,0.0,0.0,0.0,0.0,1.8835673861193534,0.16571339734333268,1.8614795658574543,0.5169501898685365,0.431065843831132,0.21166692735371034,0.23950000000000043,0.3658423840945722,0.05
144,0.68755,False,0,0.0,0.37510000000000004,1.0,0.0,0.0,0.0,0.0,1.8033763771591498,0.17661264485430225,1.5235000000226095,0.046355690114012235,0.3069763332879506,0.10692233981261771,0.0,0.0,0.05
145,0.6507000000000001,False,0,0.0,0.36,0.9414,0.0,0.0,0.0,0.0,1.8640237071829755,0.23190836067529152,1.6433555555555557,0.3379101853057019,0.34522645023815657,0.1780022157611737,0.07990000000000017,0.2397000000000005,0.05
146,0.61875,False,0,0.0,0.3529,0.8846,0.0,0.0,0.0,0.0,1.8756666092242873,0.21348166785165562,1.7537694466058322,0.45292608693763814,0.3787643900872141,0.19978078238061037,0.16430000000000078,0.3173918871048856,0.05
147,0.58175,False,0,0.0,0.3293,0.8342,0.0,0.0,0.0,0.0,1.8742008187523642,0.26077914712034594,1.8450222222222235,0.527030281885864,0.3891031859316766,0.23781030677262524,0.23960000000000078,0.3659951365797104,0.05
148,0.6246499999999999,False,0,0.0,0.31329999999999997,0.9359999999999999,0.0,0.0,0.0,0.0,1.7902183554341213,0.13299136785308627,1.6290555555555557,0.3415416112602125,0.3150484979328185,0.16753028626233804,0.07989999999999994,0.23969999999999983,0.05
149,0.6850499999999999,False,0,0.0,0.3701,1.0,0.0,0.0,0.0,0.0,1.8308887041497688,0.1346784772093021,1.528100000000001,0.03398661501238602,0.3327598706816546,0.0835772858223888,0.0,0.0,0.05
150,0.6486000000000001,False,0,0.0,0.3611,0.9361,0.0,0.0,0.0,0.0,1.8051127367563917,0.15135003987068044,1.648296981643727,0.33567216048893933,0.3363884446990218,0.15685065488224811,0.07950000000000018,0.23850000000000052,0.05
151,0.5153,False,0,0.0,0.3412,0.6894,0.0,0.0,0.0,0.0,1.9912598311691099,0.20383641133470784,2.091207663068053,0.562361215460153,0.54330468335301,0.2520753389453135,0.3992000000000001,0.3992009018025887,0.05
152,0.681,False,0,0.0,0.362,1.0,0.0,0.0,0.0,0.0,1.799782146590293,0.12579668462906443,1.5292,0.03449869562751617,0.29553071579495044,0.08139437767715661,0.0,0.0,0.05
153,0.64005,False,0,0.0,0.3311,0.9490000000000001,0.0,0.0,0.0,0.0,1.801985240274957,0.12031135064439125,1.6400111111111113,0.3380461852074859,0.32723821663823066,0.12466209102191127,0.07980000000000018,0.23940000000000056,0.05
154,0.6546000000000001,False,0,0.0,0.373,0.9362,0.0,0.0,0.0,0.0,1.8579070062630856,0.17339393895107663,1.6718390624999926,0.33486366531795947,0.35489413288074717,0.14900796259194624,0.08800000000000065,0.23822720247696366,0.05
155,0.6514,False,0,0.0,0.36239999999999994,0.9404,0.0,0.0,0.0,0.0,1.8095440197067263,0.11406190776987514,1.6532555555551032,0.3355380755183443,0.34697619401691693,0.1472415706189502,0.09060000000000046,0.23798831904108247,0.05
156,0.6371,False,0,0.0,0.3367,0.9375,0.0,0.0,0.0,0.0,1.8316095863539796,0.22587928354470668,1.6452555555555555,0.3411143975592685,0.343857319681961,0.1785076788118086,0.07990000000000017,0.23970000000000044,0.05
157,0.60255,False,0,0.0,0.33049999999999996,0.8746,0.0,0.0,0.0,0.0,1.8372785707679817,0.16584126390533843,1.772547311155178,0.4445195432684223,0.3494967562781369,0.19852744059217983,0.15960000000000032,0.3192003132830549,0.05
158,0.62165,False,0,0.0,0.30589999999999995,0.9374,0.0,0.0,0.0,0.0,1.7674781655051324,0.1696238511943013,1.6238555555555536,0.34260386746211174,0.28052852974664444,0.17148423643349514,0.07990000000000028,0.23970000000000077,0.05
159,0.6668499999999999,False,0,0.0,0.3337,1.0,0.0,0.0,0.0,0.0,1.7652401679758145,0.08849559576749647,1.5422777777777787,0.08776993284212734,0.2516997264245627,0.07579720102331358,0.02100000000000058,0.06300000000000175,0.05
160,0.59905,False,0,0.0,0.3199,0.8782,0.0,0.0,0.0,0.0,1.8429851027225415,0.20032870719287157,1.7639580628495555,0.44894910457232773,0.34442501287859206,0.22450991217635302,0.15940000000000037,0.31880031367613254,0.05
161,0.66635,False,0,0.0,0.33270000000000005,1.0,0.0,0.0,0.0,0.0,1.7873683508458285,0.14168798944779523,1.5089000000000001,0.017868687696638495,0.2940088943907768,0.07784254959585869,0.0,0.0,0.05
162,0.6596000000000001,False,0,0.0,0.3787,0.9405000000000001,0.0,0.0,0.0,0.0,1.8240840358627914,0.17863780434467433,1.6413534722219907,0.33997256598880937,0.3257464394022323,0.17648199760029795,0.07980000000000022,0.23940000000000064,0.05
163,0.6891,False,0,0.0,0.3782,1.0,0.0,0.0,0.0,0.0,1.808298258916612,0.07898586695016807,1.5145,0.032240502477473905,0.3121322788210768,0.054845579545239456,0.0,0.0,0.05
164,0.6241500000000001,False,0,0.0,0.3119,0.9364000000000001,0.0,0.0,0.0,0.0,1.7728941711066188,0.17632013035484684,1.617446527774441,0.34397126486189955,0.30647884319002194,0.17462096904425142,0.08180000000000051,0.23880778881770218,0.05
165,0.58875,False,0,0.0,0.30219999999999997,0.8753,0.0,0.0,0.0,0.0,1.7944478936058275,0.19704960368034494,1.7452222218638884,0.45290741903440873,0.34588683236566126,0.20723240442130908,0.1596000000000001,0.31920000000000015,0.05
166,0.6732,False,0,0.0,0.3464,1.0,0.0,0.0,0.0,0.0,1.7400393989932859,0.09034519286927027,1.5304354166666672,0.040269948957783644,0.2621806680438797,0.0578500151529802,0.0020000000000003127,0.006000000000000937,0.05
167,0.6429,False,0,0.0,0.3694,0.9164,0.0,0.0,0.0,0.0,1.909565743481738,0.27289208176255525,1.7592110747837175,0.4479391168452081,0.4000707853957641,0.19744240740455438,0.15980000000000052,0.31960000000000105,0.05
168,0.6784,False,0,0.0,0.3568,1.0,0.0,0.0,0.0,0.0,1.7881769595259844,0.13458031386558508,1.5141,0.022033837613997218,0.2668174253769591,0.08179026306227886,0.0,0.0,0.05
169,0.6527000000000001,False,0,0.0,0.3628,0.9426,0.0,0.0,0.0,0.0,1.8615269214809689,0.21070704312254523,1.6491777093284328,0.3377321341958749,0.34599228947925387,0.1658244551027666,0.09460000000000085,0.23789754097089796,0.05
170,0.6247,False,0,0.0,0.3735,0.8759,0.0,0.0,0.0,0.0,1.8416517987500385,0.16302728398898028,1.7525888911141814,0.4499432329066573,0.388518036001635,0.18371877385544694,0.17610000000000145,0.3121917519730465,0.05
171,0.6513,False,0,0.0,0.3615,0.9410999999999999,0.0,0.0,0.0,0.0,1.824753258371222,0.14198697155265896,1.6671555874083015,0.33237256898054063,0.32812244149308933,0.141592616084451,0.07990000000000025,0.23970000000000075,0.05
172,0.64595,False,0,0.0,0.2919,1.0,0.0,0.0,0.0,0.0,1.7133389417451554,0.07977995016981348,1.5198666666670397,0.034792144708096766,0.2065626591885655,0.07380207628060582,0.00680000000000038,0.020400000000001143,0.05
173,0.6609499999999999,False,0,0.0,0.32189999999999996,1.0,0.0,0.0,0.0,0.0,1.741696620339478,0.09746629595831319,1.5087,0.01772032731074682,0.248705909616496,0.06424387900436593,0.0,0.0,0.05
174,0.6745,False,0,0.0,0.34900000000000003,1.0,0.0,0.0,0.0,0.0,1.747523078237176,0.063441060573158,1.5338000000000036,0.06176860043743982,0.26309999331050204,0.04048561141942175,0.0,0.0,0.05
175,0.5437500000000001,False,0,0.0,0.3594,0.7281000000000001,0.0,0.0,0.0,0.0,1.951354053716825,0.268543337846366,2.0723290630486693,0.5723866677684318,0.48195692128041695,0.2354763098565255,0.39920000000000133,0.39920040080140334,0.05
176,0.6315000000000001,False,0,0.0,0.322,0.9410000000000001,0.0,0.0,0.0,0.0,1.7960488701717279,0.1496069026872129,1.646544506644562,0.341367177939746,0.29763524423792365,0.17983973889233154,0.07950000000000017,0.23850000000000052,0.05
177,0.69555,True,0,0.0,0.3911,1.0,0.0,0.0,0.0,0.0,1.8438427536682014,0.17407370732804128,1.524000000000331,0.051708800025644146,0.3076856004215924,0.10297357175633517,0.0,0.0,0.05
178,0.6668499999999999,False,0,0.0,0.3337,1.0,0.0,0.0,0.0,0.0,1.7533251325466903,0.08808122417497215,1.565202951664396,0.08193200008438185,0.24317649804514993,0.03748649535353334,0.0,0.0,0.05
179,0.6595,False,0,0.0,0.31900000000000006,1.0,0.0,0.0,0.0,0.0,1.7611570742174425,0.12571441377324863,1.5730444708203863,0.07982826863411405,0.23486669880662464,0.11433232947738094,0.004500000000000469,0.013500000000001407,0.05
180,0.6433500000000001,False,0,0.0,0.28670000000000007,1.0,0.0,0.0,0.0,0.0,1.714838804858342,0.07577640434493463,1.5617,0.07103527292831364,0.20833465535703413,0.09465324388733846,0.0,0.0,0.05
181,0.5985,False,0,0.0,0.37370000000000003,0.8233,0.0,0.0,0.0,0.0,1.8931453635767634,0.19920829123888903,1.8466065050369131,0.5193517762584168,0.4311051648716816,0.22735043619437573,0.2405000000000014,0.36412367404496,0.05
182,0.59195,False,0,0.0,0.2967000000000001,0.8872,0.0,0.0,0.0,0.0,1.8348944517114023,0.2943323687983568,1.7640611111111035,0.44814355903678826,0.2987595097142153,0.2217056077899506,0.15940000000000085,0.3188012547026769,0.05
183,0.6673,False,0,0.0,0.3346,1.0,0.0,0.0,0.0,0.0,1.7345476017313728,0.09908648926356997,1.541088897524947,0.06518438820840507,0.23597557000848912,0.06868376892960658,0.0046000000000003495,0.01380000000000105,0.05
184,0.5992,False,0,0.0,0.32530000000000003,0.8731,0.0,0.0,0.0,0.0,1.8024672917602511,0.1970729548271734,1.7592667363701089,0.4473078536647019,0.3460360990290413,0.20125766383085952,0.15970000000000023,0.3194000782717504,0.05
185,0.6686,False,0,0.0,0.3372,1.0,0.0,0.0,0.0,0.0,1.763661712474968,0.0770852694588654,1.5550000000000002,0.05019362509323272,0.24981727522621383,0.05175958305526385,0.0,0.0,0.05
186,0.61025,False,0,0.0,0.3315,0.8889999999999999,0.0,0.0,0.0,0.0,1.8769880420071055,0.22678327746520807,1.74478888888889,0.4564066749763474,0.3547562673702282,0.2160443148145774,0.1596000000000008,0.3192003132830559,0.05
187,0.6289,False,0,0.0,0.3216,0.9362,0.0,0.0,0.0,0.0,1.7830522452381037,0.22327260029751894,1.664255555555556,0.33499003136080374,0.257972984027574,0.15247154082662345,0.0799000000000004,0.23970000000000122,0.05
188,0.6747000000000001,False,0,0.0,0.34940000000000004,1.0,0.0,0.0,0.0,0.0,1.7541206965740066,0.12474873972473148,1.5565168402871359,0.07039914438756485,0.259601419051302,0.09148412355500621,0.0075000000000005965,0.022500000000001786,0.05
189,0.66225,False,0,0.0,0.32450000000000007,1.0,0.0,0.0,0.0,0.0,1.7379401760371516,0.0990238151213346,1.5428119532274496,0.03407164001400501,0.23887763488040661,0.0866141937266591,0.0,0.0,0.05
190,0.6821999999999999,False,0,0.0,0.36439999999999995,1.0,0.0,0.0,0.0,0.0,1.7729576876012245,0.06897293826208466,1.501679166666667,0.005037500000001228,0.26027397743464625,0.03934503810904398,0.0014000000000003042,0.004200000000000912,0.05
191,0.668,False,0,0.0,0.336,1.0,0.0,0.0,0.0,0.0,1.7625997645556997,0.11467256708578058,1.5064,0.013417898494175604,0.2764758580626454,0.09753132653134994,0.0,0.0,0.05
192,0.64075,False,0,0.0,0.3422,0.9393,0.0,0.0,0.0,0.0,1.7716854562695008,0.14290921830558742,1.6341111111111117,0.34046416029362897,0.280942312836033,0.15120400216292537,0.07980000000000047,0.23940000000000144,0.05
193,0.6489,False,0,0.0,0.2978,1.0,0.0,0.0,0.0,0.0,1.7152686691862473,0.08047431794846324,1.5299,0.049115068970734414,0.21652411276807837,0.04117418026277872,0.0,0.0,0.05
194,0.6062500000000001,False,0,0.0,0.33920000000000006,0.8733000000000001,0.0,0.0,0.0,0.0,1.7902752399317154,0.13812661783573946,1.7586888888708678,0.4485235113040532,0.3295587226995368,0.17454298685842454,0.16520000000000118,0.3163658641509873,0.05
195,0.6244500000000001,False,0,0.0,0.3125,0.9364000000000001,0.0,0.0,0.0,0.0,1.8275968564860423,0.16598531815903683,1.6525604166666674,0.33582489857587505,0.2978056400681732,0.18390309250498854,0.08700000000000063,0.23827547083155715,0.05
196,0.6664,False,0,0.0,0.3328,1.0,0.0,0.0,0.0,0.0,1.7392671920989344,0.05706562721061167,1.5394999999999999,0.051086691026137124,0.25107079728611537,0.033224948902290254,0.0,0.0,0.05
197,0.6516,False,0,0.0,0.30319999999999997,1.0,0.0,0.0,0.0,0.0,1.7325346896904559,0.06102689277896347,1.5259,0.04150048192491263,0.25871389609289847,0.041774962397745,0.0,0.0,0.05
198,0.67685,False,0,0.0,0.35369999999999996,1.0,0.0,0.0,0.0,0.0,1.7497916647310512,0.08509487568755598,1.5209173630608457,0.022058613672291366,0.2469872909914638,0.049507186251385844,0.004200000000000344,0.01260000000000103,0.05
199,0.6634,False,0,0.0,0.37709999999999994,0.9497,0.0,0.0,0.0,0.0,1.8457225320921427,0.13923714287152067,1.6660222222222232,0.3425161537147646,0.33386642126401866,0.1412729135179229,0.10230000000000075,0.24164521513988305,0.05
200,0.65465,False,0,0.0,0.3093,1.0,0.0,0.0,0.0,0.0,1.7359188403391652,0.09656823207139523,1.5429901041666667,0.07180398554175793,0.22590961141511706,0.05740622355451966,0.0,0.0,0.05
201,0.60675,False,0,0.0,0.31920000000000004,0.8943,0.0,0.0,0.0,0.0,1.8202142838268482,0.23953239544993699,1.7543222222222141,0.4498939613061489,0.32908854728874054,0.22247702816099474,0.15960000000000024,0.31920000000000043,0.05
202,0.6758500000000001,False,0,0.0,0.3517,1.0,0.0,0.0,0.0,0.0,1.8019508658222303,0.06921283647096035,1.5041,0.012299999999999976,0.2759319879970826,0.040261375568037654,0.0,0.0,0.05
203,0.63295,False,0,0.0,0.26589999999999997,1.0,0.0,0.0,0.0,0.0,1.6957353747176724,0.08866559991539576,1.5182,0.03170110408171931,0.20328293648620543,0.0936641499382099,0.0,0.0,0.05
204,0.66035,False,0,0.0,0.32070000000000004,1.0,0.0,0.0,0.0,0.0,1.7333454994003414,0.08065165302721013,1.523391844007704,0.05261502389240535,0.2465813757966368,0.06840068194129477,0.0,0.0,0.05
205,0.67475,False,0,0.0,0.34950000000000003,1.0,0.0,0.0,0.0,0.0,1.7691408002018114,0.07623025896005553,1.5163,0.048900000000000006,0.2735145077066955,0.08304783823415184,0.0,0.0,0.05
206,0.6127500000000001,False,0,0.0,0.34930000000000005,0.8762000000000001,0.0,0.0,0.0,0.0,1.85404452385749,0.17989631229975397,1.7478196195075646,0.4521048605015198,0.36562891978613465,0.18515021401046933,0.15980000000000044,0.3196000000000009,0.05
207,0.6522,False,0,0.0,0.30439999999999995,1.0,0.0,0.0,0.0,0.0,1.7588146318682802,0.18849850605159207,1.539694943576389,0.05678464541522794,0.22682628269306587,0.15519195215481496,0.0,0.0,0.05
208,0.6194,False,0,0.0,0.2981,0.9407,0.0,0.0,0.0,0.0,1.7888367284524087,0.1515050107120161,1.6357333333333828,0.34405945222689943,0.2814142190976607,0.16954965872230154,0.07970000000000019,0.23910000000000056,0.05
209,0.6296999999999999,False,0,0.0,0.32749999999999996,0.9319,0.0,0.0,0.0,0.0,1.777584560137003,0.15658747615201438,1.6331546887511643,0.34042700083843713,0.30510163315408406,0.1858749617240615,0.07990000000000004,0.23970000000000008,0.05
210,0.6564,False,0,0.0,0.3685,0.9442999999999999,0.0,0.0,0.0,0.0,1.849508913556558,0.1373309328240944,1.643255558967591,0.3381719298255999,0.3222673239193957,0.13432671621712955,0.07990000000000039,0.2397000000000012,0.05
211,0.6513,False,0,0.0,0.3026,1.0,0.0,0.0,0.0,0.0,1.6694812904618304,0.06665097190474184,1.522200000000113,0.04862674161438201,0.20461138561939665,0.06408346293091927,0.0,0.0,0.05
212,0.6631499999999999,False,0,0.0,0.38239999999999996,0.9439,0.0,0.0,0.0,0.0,1.8580768127845402,0.18611735946888075,1.6310946180754242,0.3403766342441657,0.32558761626861626,0.17007008092086615,0.07990000000000026,0.23970000000000075,0.05
213,0.61065,False,0,0.0,0.2777,0.9436,0.0,0.0,0.0,0.0,1.7190202304148134,0.13953889061103758,1.6487111111153048,0.33544155973785555,0.23922218024027866,0.1884584655298184,0.07980000000000012,0.2394000000000004,0.05
214,0.6525,False,0,0.0,0.3655,0.9395,0.0,0.0,0.0,0.0,1.8084926905729735,0.16599817895670654,1.626647395833432,0.3413142442596778,0.3206736427551386,0.14635942519853395,0.07980000000000033,0.23940000000000097,0.05
215,0.7001,True,0,0.0,0.4002,1.0,0.0,0.0,0.0,0.0,1.8008878131354797,0.17855313346470247,1.52,0.024766913412857843,0.28739891289837594,0.10914975812225018,0.0,0.0,0.05
216,0.68915,False,0,0.0,0.3783,1.0,0.0,0.0,0.0,0.0,1.8085040067894014,0.08588443017916106,1.5478000010172575,0.06429432342612021,0.2973559804369,0.0545056070364697,0.004400000000000346,0.013200000000001039,0.05
217,0.6212499999999999,False,0,0.0,0.2919999999999999,0.9504999999999999,0.0,0.0,0.0,0.0,1.7254221381593642,0.1797349266855879,1.6244111111111112,0.3419541051076894,0.24029968958604714,0.16878045795591917,0.07980000000000023,0.23940000000000067,0.05
218,0.6494,False,0,0.0,0.2988,1.0,0.0,0.0,0.0,0.0,1.7515265134120057,0.09169424927155798,1.5999946180555566,0.15881542587796724,0.23082802323786716,0.07643808761893528,0.03310000000000084,0.09930000000000251,0.05
219,0.64,False,0,0.0,0.28,1.0,0.0,0.0,0.0,0.0,1.7459790970277933,0.10688517965450649,1.5093,0.016180543872194135,0.20307659277471984,0.0974676775504526,0.0,0.0,0.05
220,0.6234500000000001,False,0,0.0,0.3078,0.9391,0.0,0.0,0.0,0.0,1.7374106786232129,0.13963793809999503,1.635855555555556,0.3403599222391908,0.2524130817952834,0.14143515658203845,0.07990000000000044,0.23970000000000138,0.05
221,0.6555500000000001,False,0,0.0,0.31110000000000004,1.0,0.0,0.0,0.0,0.0,1.711430746985571,0.0916437454145652,1.5094111130608456,0.01935197857826454,0.2187767161403861,0.0654004650107185,0.004200000000000344,0.01260000000000103,0.05
222,0.6438499999999999,False,0,0.0,0.3494,0.9382999999999999,0.0,0.0,0.0,0.0,1.8098230886016347,0.14724238036484863,1.6319777815072207,0.34014523246997924,0.31787209432535346,0.1395324388841883,0.08390000000000065,0.23866480678977453,0.05
223,0.64855,False,0,0.0,0.3318,0.9653,0.0,0.0,0.0,0.0,1.8157569810872154,0.11523602634630281,1.6602965277777784,0.3422676376798615,0.2811636794376272,0.09916897156887945,0.07980000000000055,0.23940000000000167,0.05
224,0.64015,False,0,0.0,0.28030000000000005,1.0,0.0,0.0,0.0,0.0,1.702695203125512,0.10462000150336268,1.5480594767358578,0.050848543177368026,0.18350549386250753,0.08618808676662856,0.011200000000000442,0.03360000000000132,0.05
225,0.67165,False,0,0.0,0.3433,1.0,0.0,0.0,0.0,0.0,1.804115719390411,0.16353985535899512,1.521765451388889,0.02768709046775913,0.25264052913659807,0.11259165458927847,0.0,0.0,0.05
226,0.61205,False,0,0.0,0.28259999999999996,0.9414999999999999,0.0,0.0,0.0,0.0,1.7719555990055724,0.1577209748503605,1.6771555555555573,0.3434490031689992,0.24567151366798662,0.16894561677033038,0.10590000000000103,0.24369097233997145,0.05
227,0.626,False,0,0.0,0.25200000000000006,1.0,0.0,0.0,0.0,0.0,1.6958575521205304,0.09290158310995446,1.5552,0.06668703022327503,0.1668075127684771,0.08332703862082268,0.0,0.0,0.05
228,0.66355,False,0,0.0,0.3271,1.0,0.0,0.0,0.0,0.0,1.7487489597371497,0.09487870264263311,1.5294890625000004,0.04011342685635529,0.22425566384326973,0.07872542802152596,0.002800000000000324,0.008400000000000973,0.05
229,0.5931,False,0,0.0,0.30290000000000006,0.8833,0.0,0.0,0.0,0.0,1.8256139444490564,0.22790954269159597,1.743369477498274,0.46052174090753734,0.3077791482647139,0.22805192581340067,0.16060000000000102,0.3192087718092985,0.05
230,0.67005,False,0,0.0,0.34009999999999996,1.0,0.0,0.0,0.0,0.0,1.7230942947781869,0.0417996418378376,1.5567000196668854,0.09344843293745761,0.22966670281644125,0.0253655860911378,0.025900000000001228,0.06685274863459478,0.05
231,0.64115,False,0,0.0,0.2823,1.0,0.0,0.0,0.0,0.0,1.698293106218204,0.09793820114461387,1.5309157986111146,0.05926133790235643,0.20115226462619384,0.10258393919078604,0.0,0.0,0.05
232,0.63475,False,0,0.0,0.2695,1.0,0.0,0.0,0.0,0.0,1.714425833353228,0.1322512201367034,1.5277000001828185,0.044274259054536,0.20209047215907683,0.1315189903289762,0.0,0.0,0.05
233,0.636,False,0,0.0,0.2720000000000001,1.0,0.0,0.0,0.0,0.0,1.7233006482645294,0.11065859914911923,1.5467000000000002,0.06731277739032968,0.18918932536499553,0.08150774573418694,0.0,0.0,0.05
234,0.617,False,0,0.0,0.294,0.9400000000000001,0.0,0.0,0.0,0.0,1.7561031299773409,0.22323813106659077,1.645183506944452,0.34047837798326236,0.23780390250098904,0.16542034024314062,0.08870000000000086,0.2379176538216543,0.05
235,0.64365,False,0,0.0,0.2873,1.0,0.0,0.0,0.0,0.0,1.6805660253933514,0.06614410875352723,1.5281223958333339,0.03830897460117616,0.18993955880102326,0.04836909177640696,0.0029000000000004036,0.00870000000000121,0.05
236,0.6252,False,0,0.0,0.311,0.9394,0.0,0.0,0.0,0.0,1.763742953768589,0.15696126501621674,1.636544444444445,0.343011144943654,0.26137123109067206,0.14787025218534985,0.07980000000000027,0.23940000000000078,0.05
237,0.58235,False,0,0.0,0.2892,0.8755000000000001,0.0,0.0,0.0,0.0,1.8431858561039334,0.21190523150456628,1.773211111110987,0.44111087727367276,0.34035475227693385,0.24243774229696113,0.16780000000000067,0.3164859554545829,0.05
238,0.64035,False,0,0.0,0.33659999999999995,0.9440999999999999,0.0,0.0,0.0,0.0,1.8306454169990747,0.18958299406568604,1.638955555555556,0.33871855901651343,0.28802675603696437,0.16920347863732518,0.07990000000000036,0.23970000000000108,0.05
239,0.6713,False,0,0.0,0.3426,1.0,0.0,0.0,0.0,0.0,1.757840407438676,0.08018444321738215,1.53130000000245,0.06281727470127288,0.2560809253366755,0.06435805719082242,0.0,0.0,0.05
240,0.6496999999999999,False,0,0.0,0.2994,1.0,0.0,0.0,0.0,0.0,1.724611931022995,0.10395645026169055,1.539622285577986,0.0354473314026743,0.2203758705945574,0.1093861837941266,0.0,0.0,0.05
241,0.65905,False,0,0.0,0.3181,1.0,0.0,0.0,0.0,0.0,1.7459414639440822,0.11103402698189622,1.540500002330955,0.06096925892438504,0.22642165071339884,0.08963399838786802,0.0,0.0,0.05
242,0.6400999999999999,False,0,0.0,0.3378,0.9423999999999999,0.0,0.0,0.0,0.0,1.8472236105034288,0.205626752666457,1.6466444446066806,0.34333589644018214,0.2965623668071755,0.1604064069949338,0.07980000000000034,0.239400000000001,0.05
243,0.658,False,0,0.0,0.316,1.0,0.0,0.0,0.0,0.0,1.7250790368451994,0.07515085572125997,1.5402000001065432,0.05352158465948227,0.2018815201591063,0.07564793190996978,0.0012000000000003013,0.003600000000000904,0.05
244,0.6741,False,0,0.0,0.3482,1.0,0.0,0.0,0.0,0.0,1.7687181515626218,0.15697700646721482,1.5143,0.03131149948501351,0.23042035935556898,0.12182268323994516,0.0,0.0,0.05
245,0.6490499999999999,False,0,0.0,0.34729999999999994,0.9507999999999999,0.0,0.0,0.0,0.0,1.817605264986526,0.17792847838692252,1.6678111111111118,0.3340331211861829,0.29707004480367166,0.1635515428754276,0.09050000000000061,0.23827179858304728,0.05
246,0.6521,False,0,0.0,0.30419999999999997,1.0,0.0,0.0,0.0,0.0,1.7618066676254631,0.11113654146788372,1.5431000001064803,0.04966376974751314,0.2085037155317062,0.07677741511711249,0.0,0.0,0.05
247,0.6189,False,0,0.0,0.29619999999999996,0.9416,0.0,0.0,0.0,0.0,1.7419766864435768,0.16149655202935165,1.6605444443441404,0.3337410076272551,0.24685975235393592,0.16771119385919542,0.07980000000000048,0.23940000000000147,0.05
248,0.63,False,0,0.0,0.26,1.0,0.0,0.0,0.0,0.0,1.7050686169124283,0.06298886888333832,1.531033333333334,0.05890000000000171,0.16940179281652087,0.06377757707790876,0.012800000000000467,0.038400000000001405,0.05
249,0.6739999999999999,False,0,0.0,0.348,1.0,0.0,0.0,0.0,0.0,1.7792682109419993,0.1391022387893189,1.5374362982855903,0.045115447377043726,0.2475801793687819,0.07766347790382369,0.0,0.0,0.05
250,0.6465000000000001,False,0,0.0,0.29300000000000004,1.0,0.0,0.0,0.0,0.0,1.691395457412583,0.035282361416434115,1.5212492340829638,0.04251033818680857,0.1829402207700631,0.030938572578098657,0.0,0.0,0.05
251,0.6486000000000001,False,0,0.0,0.3592000000000001,0.938,0.0,0.0,0.0,0.0,1.844253535373151,0.15031574756270805,1.6192111111111114,0.3435154225876276,0.3241019259560671,0.13165376197201675,0.07980000000000029,0.23940000000000086,0.05
252,0.6306,False,0,0.0,0.3236,0.9376,0.0,0.0,0.0,0.0,1.7466429206089387,0.14322633099693816,1.6351222222222226,0.3375870603760374,0.26038432573555237,0.16614044326115185,0.07960000000000036,0.23880000000000107,0.05
253,0.6330500000000001,False,0,0.0,0.3297,0.9364000000000001,0.0,0.0,0.0,0.0,1.8176795296524737,0.15208714990286368,1.6428504808976754,0.341248806818593,0.30381439983816233,0.1693716061974352,0.08120000000000059,0.2389697888855417,0.05
254,0.67535,False,0,0.0,0.3507,1.0,0.0,0.0,0.0,0.0,1.774985798991637,0.08946503024486935,1.5608000510427686,0.06255049161898342,0.28089520145563585,0.05172268629564943,0.0,0.0,0.05
255,0.6314000000000001,False,0,0.0,0.32700000000000007,0.9358000000000001,0.0,0.0,0.0,0.0,1.8459466506705262,0.21493314804141925,1.6533078125000014,0.33512929718386814,0.29261636947609004,0.14847883253300526,0.08980000000000082,0.23794192568776223,0.05
256,0.64935,False,0,0.0,0.3608,0.9379,0.0,0.0,0.0,0.0,1.7951332043305555,0.13512130413534615,1.6341168660481777,0.3417291166452637,0.29747357362771876,0.14242210081318235,0.07960000000000035,0.23880000000000104,0.05
257,0.65365,False,0,0.0,0.30729999999999996,1.0,0.0,0.0,0.0,0.0,1.6985922771926467,0.07629607701997486,1.5133284722222222,0.01777705891830039,0.20909429465054585,0.05664859829845669,0.0,0.0,0.05
258,0.6529499999999999,False,0,0.0,0.30589999999999995,1.0,0.0,0.0,0.0,0.0,1.71356446404659,0.058569537108931986,1.5232777777785027,0.0356757776538991,0.21017375198987454,0.03334240525066843,0.006600000000000506,0.019800000000001514,0.05
259,0.66205,False,0,0.0,0.3241,1.0,0.0,0.0,0.0,0.0,1.7229000186999137,0.09923646278047715,1.513314944510991,0.029684516348044677,0.20978801572927136,0.07482601022364933,0.0028000000000010204,0.0056000000000011926,0.05
260,0.6691,False,0,0.0,0.33819999999999995,1.0,0.0,0.0,0.0,0.0,1.7488893097808824,0.08350281007076703,1.5175,0.031225790622496676,0.25517269568238915,0.04923332406105053,0.0,0.0,0.05
261,0.64785,False,0,0.0,0.29569999999999996,1.0,0.0,0.0,0.0,0.0,1.7022160205849217,0.0729903282960502,1.5359000036750394,0.05506987293243769,0.21646891364089238,0.08353990932218243,0.0,0.0,0.05
262,0.6591,False,0,0.0,0.3181999999999999,1.0,0.0,0.0,0.0,0.0,1.7401874500447096,0.10965073145143572,1.5638888888888904,0.08347064243282541,0.25345197958100657,0.09572557182905798,0.030600000000001005,0.06147552358459622,0.05
263,0.67645,False,0,0.0,0.3529,1.0,0.0,0.0,0.0,0.0,1.7919010745381,0.10755854285414763,1.5627000118577237,0.0685814179248838,0.26832119818432176,0.06415331784649374,0.0,0.0,0.05
264,0.6305000000000001,False,0,0.0,0.261,1.0,0.0,0.0,0.0,0.0,1.6725958966830177,0.07239670052206398,1.5304002289600258,0.03484353414490802,0.15555323380899316,0.07634287921776536,0.0,0.0,0.05
265,0.645,False,0,0.0,0.29000000000000004,1.0,0.0,0.0,0.0,0.0,1.7318418502950124,0.07568237426585217,1.5145,0.032240502477473905,0.19971567484319824,0.06372708880636882,0.0,0.0,0.05
266,0.67015,False,0,0.0,0.34030000000000005,1.0,0.0,0.0,0.0,0.0,1.7609349654500002,0.0701671281813452,1.5166,0.019930880562584245,0.25328323953293524,0.04382015465879948,0.0,0.0,0.05
267,0.6295,False,0,0.0,0.259,1.0,0.0,0.0,0.0,0.0,1.7106729884584637,0.11296093483195965,1.5545696217854827,0.10651161329049519,0.18476041955635314,0.09149226375686535,0.02580000000000065,0.07740000000000195,0.05
268,0.61885,False,0,0.0,0.33660000000000007,0.9010999999999999,0.0,0.0,0.0,0.0,1.8240298267898205,0.19254210475658542,1.7441196438242108,0.45358407951532803,0.31619810035522605,0.20386428664184247,0.15980000000000044,0.3196000000000009,0.05
269,0.638,False,0,0.0,0.27599999999999997,1.0,0.0,0.0,0.0,0.0,1.7515597599750532,0.10040687841924743,1.5199455773152446,0.029170668724337157,0.19256477255922658,0.0842993939435194,0.0020000000000003127,0.006000000000000938,0.05
270,0.6414,False,0,0.0,0.33720000000000006,0.9456,0.0,0.0,0.0,0.0,1.8106080896869847,0.17799873558737875,1.6580472222222238,0.34229025704721094,0.2807171757392618,0.16585322550889142,0.07960000000000043,0.2388000000000013,0.05
271,0.6303000000000001,False,0,0.0,0.31579999999999997,0.9448000000000001,0.0,0.0,0.0,0.0,1.8007456433210016,0.17749147530161327,1.6482284727683496,0.33751601080024535,0.27737665019716595,0.15147210051308146,0.07980000000000051,0.23940000000000153,0.05
272,0.66015,False,0,0.0,0.32030000000000003,1.0,0.0,0.0,0.0,0.0,1.7343295572672404,0.09300899713750853,1.547400000013376,0.057663159841865576,0.23122073151164863,0.05004709681293834,0.0,0.0,0.05
273,0.6598999999999999,False,0,0.0,0.3198,1.0,0.0,0.0,0.0,0.0,1.7582104575089954,0.12363453342375164,1.5246111112197247,0.033628113385735035,0.24638637564486893,0.09986759944234583,0.00510000000000045,0.015300000000001349,0.05
274,0.6709499999999999,False,0,0.0,0.3419,1.0,0.0,0.0,0.0,0.0,1.7172021266021704,0.07030599286205129,1.5207000000003532,0.03293948997761467,0.22789274719315267,0.038512972757689085,0.0,0.0,0.05
275,0.6362000000000001,False,0,0.0,0.3238,0.9486000000000001,0.0,0.0,0.0,0.0,1.8033813296280272,0.11116000104776858,1.6382909724561912,0.34049610721744733,0.28308995026493977,0.11810968586721393,0.08190000000000067,0.23910769540104823,0.05
276,0.6604,False,0,0.0,0.32080000000000003,1.0,0.0,0.0,0.0,0.0,1.7446117089440771,0.09722696958520827,1.5486000784979994,0.07133756862714317,0.23504782546343495,0.09454615879553632,0.0,0.0,0.05
277,0.648,False,0,0.0,0.296,1.0,0.0,0.0,0.0,0.0,1.7355093144654739,0.07937361031475276,1.5474000000366783,0.05928608615052562,0.20555977381030197,0.06919573484181755,0.0,0.0,0.05
278,0.6246,False,0,0.0,0.37170000000000003,0.8775000000000001,0.0,0.0,0.0,0.0,1.8740362658271974,0.20208206119682787,1.7653220997724444,0.4437785823803714,0.35207315699523795,0.18526417757025013,0.15960000000000077,0.3192000000000016,0.05
279,0.67835,False,0,0.0,0.3567,1.0,0.0,0.0,0.0,0.0,1.7421346954458194,0.05726546463772047,1.5306888888888928,0.04263259055908357,0.2732249849410543,0.04366048259690924,0.008200000000000401,0.024600000000001204,0.05
280,0.6439,False,0,0.0,0.2878,1.0,0.0,0.0,0.0,0.0,1.7046458352963492,0.058710870689463575,1.5639835069444452,0.07676703812595964,0.20182582128264062,0.07059853230215242,0.007500000000000483,0.022500000000001446,0.05
281,0.68005,False,0,0.0,0.3601,1.0,0.0,0.0,0.0,0.0,1.7506613988039983,0.04756249684334916,1.5662000000005087,0.07461072309055791,0.2515533157247077,0.03322545745717432,0.0,0.0,0.05
282,0.61005,False,0,0.0,0.341,0.8791,0.0,0.0,0.0,0.0,1.8583189226543464,0.2502254061995081,1.731244434709211,0.46249980300300886,0.3371016318294393,0.21959037430836387,0.15950000000000095,0.3190000783698982,0.05
283,0.6512,False,0,0.0,0.3517,0.9507,0.0,0.0,0.0,0.0,1.8147439303489405,0.16650574348829125,1.700900048844105,0.32884924106141133,0.32378664859627115,0.14254702514496845,0.10590000000000158,0.23927701519368821,0.05
284,0.671,False,0,0.0,0.34199999999999997,1.0,0.0,0.0,0.0,0.0,1.7287044602149213,0.13632261788915373,1.5318,0.06410740986812691,0.2250914564540048,0.07969702853857125,0.0,0.0,0.05
285,0.62875,False,0,0.0,0.3226,0.9349000000000001,0.0,0.0,0.0,0.0,1.7337210898120514,0.15658583503388765,1.6258777779207274,0.3418187103189536,0.27605567190391433,0.16584632755037002,0.08480000000000074,0.23820025188903662,0.05
286,0.6405000000000001,False,0,0.0,0.281,1.0,0.0,0.0,0.0,0.0,1.710499044944703,0.10589587142052397,1.5291723958345318,0.031169559531284263,0.19181286572804523,0.08301319306681482,0.0020000000000007677,0.006000000000002302,0.05
287,0.6176999999999999,False,0,0.0,0.34900000000000003,0.8863999999999999,0.0,0.0,0.0,0.0,1.9053176694292522,0.25369441226129036,1.7447057427161305,0.4568702074760816,0.3386138187298103,0.20633508385434654,0.15960000000000096,0.3192000000000019,0.05
288,0.6785,False,0,0.0,0.35700000000000004,1.0,0.0,0.0,0.0,0.0,1.773802781071081,0.0772850883669388,1.5211999999999999,0.05140778151214075,0.23509193126206424,0.046803171526000026,0.0,0.0,0.05
289,0.6648499999999999,False,0,0.0,0.3297,1.0,0.0,0.0,0.0,0.0,1.7268896952043487,0.0757927824675265,1.5376000001580603,0.05055729459843083,0.23186269775581633,0.052226846749933775,0.0,0.0,0.05
290,0.6124499999999999,False,0,0.0,0.3448,0.8801,0.0,0.0,0.0,0.0,1.8264832741937753,0.15178275372961186,1.7657230988674701,0.4448520947618091,0.3411537188737202,0.1718563284705732,0.15960000000000063,0.31920000000000126,0.05
291,0.6022500000000001,False,0,0.0,0.32280000000000003,0.8817,0.0,0.0,0.0,0.0,1.8070820719523923,0.1829256842070742,1.7379888888753392,0.4568779922686586,0.3173960540098497,0.21863067075339077,0.165500000000001,0.31719843946652787,0.05
292,0.66625,False,0,0.0,0.3325,1.0,0.0,0.0,0.0,0.0,1.7500927856160835,0.09165181106067603,1.5169000761037634,0.03017122218925921,0.24002532459768222,0.048327398598218115,0.0,0.0,0.05
293,0.6677,False,0,0.0,0.3354,1.0,0.0,0.0,0.0,0.0,1.7314441478742253,0.03621783181324485,1.5542015625000007,0.08694646353919792,0.2518666489215003,0.025174452098585546,0.01730000000000061,0.05190000000000183,0.05
294,0.6378,False,0,0.0,0.2756,1.0,0.0,0.0,0.0,0.0,1.6914156664805187,0.07512807987354278,1.5131000000000001,0.020042205467462944,0.1784244682527513,0.08499851592989545,0.0,0.0,0.05
295,0.59875,False,0,0.0,0.32020000000000004,0.8773,0.0,0.0,0.0,0.0,1.8259116873007883,0.22279924103773202,1.7535138686759644,0.4547451737559572,0.3255238889299787,0.22593236357107577,0.15960000000000077,0.3192000000000016,0.05
296,0.6613500000000001,False,0,0.0,0.3227000000000001,1.0,0.0,0.0,0.0,0.0,1.7586178028895578,0.12108482973056857,1.5208,0.050243009464003986,0.22890474542855502,0.11269314631525676,0.0,0.0,0.05
297,0.66295,False,0,0.0,0.3259000000000001,1.0,0.0,0.0,0.0,0.0,1.713166945664291,0.06610983799377983,1.5244482638888894,0.04112698989666116,0.21168012332920538,0.03884430092942667,0.0018000000000003096,0.00540000000000093,0.05
298,0.64895,False,0,0.0,0.2979,1.0,0.0,0.0,0.0,0.0,1.7042496287725695,0.10831837887621837,1.5330000182575716,0.03969887267751687,0.2056680780645745,0.07790526898974476,0.0,0.0,0.05
299,0.665,False,0,0.0,0.33,1.0,0.0,0.0,0.0,0.0,1.7176490974133292,0.12140472178721713,1.5293004386795892,0.050810191305116915,0.21794960914184291,0.0795510511987635,0.0,0.0,0.05
300,0.643,False,0,0.0,0.28600000000000003,1.0,0.0,0.0,0.0,0.0,1.737287808100973,0.08744936515248497,1.5134,0.018353201355621823,0.203777893768687,0.09048829739317142,0.0,0.0,0.05
301,0.65195,False,0,0.0,0.30390000000000006,1.0,0.0,0.0,0.0,0.0,1.7342481843600979,0.10742255644702797,1.5041000000196945,0.012299999993435179,0.20074884811174587,0.08249421088734323,0.0,0.0,0.05
302,0.65515,False,0,0.0,0.31029999999999996,1.0,0.0,0.0,0.0,0.0,1.7088226669249669,0.0847182337694549,1.544303815703922,0.0695746735562106,0.21214317694613322,0.044509778926817435,0.0,0.0,0.05
303,0.6488,False,0,0.0,0.2976,1.0,0.0,0.0,0.0,0.0,1.7376854594716822,0.10456060754660157,1.554894631618924,0.08106511954146688,0.22407699452271695,0.11240811682460398,0.0004000000000002899,0.0012000000000008696,0.05
304,0.5697999999999999,False,0,0.0,0.3298,0.8097999999999999,0.0,0.0,0.0,0.0,1.9253471927779429,0.2419846325061251,1.8758220805380472,0.5081886362468044,0.3934031634978337,0.21871434608878892,0.2396000000000012,0.365995136579711,0.05
305,0.6284,False,0,0.0,0.36069999999999997,0.8961,0.0,0.0,0.0,0.0,1.8594835976576647,0.1881355343189654,1.739966666666635,0.4558941128142675,0.35089343635051323,0.20146648578913662,0.15970000000000056,0.3194000782717511,0.05
306,0.6234,False,0,0.0,0.3106,0.9362,0.0,0.0,0.0,0.0,1.762036770936452,0.19048379646460503,1.6310197916404618,0.3413188480963692,0.27423218597251486,0.1930752664309772,0.08160000000000087,0.23853393888501512,0.05
307,0.6595,False,0,0.0,0.319,1.0,0.0,0.0,0.0,0.0,1.7200627806250466,0.050751858582232495,1.5620702256944443,0.05388483839118895,0.19664974756063797,0.032484297320515075,0.0,0.0,0.05
308,0.6305000000000001,False,0,0.0,0.261,1.0,0.0,0.0,0.0,0.0,1.6603986523335195,0.09229642230054985,1.525362500038189,0.03303721620101912,0.15521167592711954,0.07927367936189757,0.0016000000000003071,0.004800000000000921,0.05
309,0.6811,False,0,0.0,0.36219999999999997,1.0,0.0,0.0,0.0,0.0,1.7876157888317867,0.07960810348279222,1.5296999999999998,0.055281190291092706,0.29411347029947815,0.04172295306156176,0.0,0.0,0.05
310,0.657,False,0,0.0,0.31399999999999995,1.0,0.0,0.0,0.0,0.0,1.755072039670702,0.12427467790035439,1.5219999999999998,0.04250411744760738,0.2252810155586356,0.09665107035889993,0.0,0.0,0.05
311,0.6689499999999999,False,0,0.0,0.3379,1.0,0.0,0.0,0.0,0.0,1.7858423307454754,0.17516094011736336,1.5308000001948578,0.0502509706059873,0.25737072567920427,0.06374964223680313,0.0,0.0,0.05
312,0.66185,False,0,0.0,0.3237,1.0,0.0,0.0,0.0,0.0,1.7089919944556082,0.06427541887458714,1.520483506944445,0.0324414619758793,0.23455247824255654,0.0474264175159999,0.0,0.0,0.05
313,0.6677500000000001,False,0,0.0,0.3355,1.0,0.0,0.0,0.0,0.0,1.7527024846426582,0.11741439432035128,1.5110491319444452,0.01982054533050057,0.23569462501804872,0.10718218596067049,0.0,0.0,0.05
314,0.6305499999999999,False,0,0.0,0.32459999999999994,0.9365,0.0,0.0,0.0,0.0,1.7771620169028808,0.1422864622483085,1.6244111111111112,0.34193655844322973,0.29626617716162906,0.15374890308757844,0.0798000000000001,0.23940000000000028,0.05
315,0.6801,False,0,0.0,0.3602,1.0,0.0,0.0,0.0,0.0,1.7661941169160733,0.12511798717509823,1.5556446180555572,0.06607444665126973,0.23371507158542598,0.06640097091189444,0.017000000000001122,0.04249470555257629,0.05
316,0.6751,False,0,0.0,0.35019999999999996,1.0,0.0,0.0,0.0,0.0,1.7470803508973436,0.11172220028961756,1.5571638888888901,0.12268010346219374,0.23484371059730869,0.06644971883508853,0.029400000000000703,0.08820000000000211,0.05
317,0.6459,False,0,0.0,0.29180000000000006,1.0,0.0,0.0,0.0,0.0,1.7033990279924258,0.06767265503490515,1.5127000000027324,0.027320505127112357,0.20074417220025711,0.054407732291229076,0.006200000000000373,0.018600000000001116,0.05
318,0.6424500000000001,False,0,0.0,0.33020000000000005,0.9547000000000001,0.0,0.0,0.0,0.0,1.7771108289153528,0.19237731467544855,1.6629111111124442,0.33327286784908394,0.2633487086828757,0.1436056646125974,0.07980000000000052,0.23940000000000158,0.05
319,0.67225,False,0,0.0,0.3444999999999999,1.0,0.0,0.0,0.0,0.0,1.7592711051147962,0.09274832616291742,1.5237006277359082,0.03909092956375948,0.2438755561863471,0.06524952701196192,0.0,0.0,0.05
320,0.6678999999999999,False,0,0.0,0.3358,1.0,0.0,0.0,0.0,0.0,1.7056721023667312,0.07201674607654203,1.5363,0.05579435455312667,0.21844048860356838,0.03540645795511774,0.0,0.0,0.05
321,0.5996000000000001,False,0,0.0,0.3264,0.8728000000000001,0.0,0.0,0.0,0.0,1.8043896892600237,0.18278402104496513,1.7439666666666587,0.45398404021002514,0.3502344586733539,0.2189501072004053,0.15970000000000031,0.31940007827175054,0.05
322,0.6692,False,0,0.0,0.3384,1.0,0.0,0.0,0.0,0.0,1.7895897773647793,0.0852605697876184,1.5204,0.018532134253776568,0.26703759189061815,0.04838708792979225,0.0,0.0,0.05
323,0.6327499999999999,False,0,0.0,0.33219999999999994,0.9333,0.0,0.0,0.0,0.0,1.7853074857784983,0.1356303410016933,1.6398223626826511,0.3391663025359089,0.3052978700918708,0.14492202909097573,0.0855000000000006,0.23717556788168617,0.05
324,0.62205,False,0,0.0,0.30490000000000006,0.9391999999999999,0.0,0.0,0.0,0.0,1.8006871691304773,0.18289977834910412,1.6579777777646896,0.33884772715215566,0.30669248845523966,0.19134209445391676,0.07980000000000012,0.2394000000000004,0.05
325,0.6536500000000001,False,0,0.0,0.3073,1.0,0.0,0.0,0.0,0.0,1.7464474637633038,0.13150410106376298,1.5127530436197918,0.02725080322497757,0.2094267440422118,0.09937356801379578,0.0,0.0,0.05
326,0.65415,False,0,0.0,0.3699,0.9384,0.0,0.0,0.0,0.0,1.8359831519902585,0.1443747557589825,1.6346582469410371,0.34007190934017917,0.31758390001057524,0.14613935895210978,0.07990000000000042,0.23970000000000127,0.05
327,0.66845,False,0,0.0,0.3369,1.0,0.0,0.0,0.0,0.0,1.7721387042329393,0.1423655351036291,1.547333333333334,0.06527837824783096,0.2628589509209394,0.10708337267098389,0.014600000000000491,0.04380000000000146,0.05
328,0.6373,False,0,0.0,0.3297,0.9449,0.0,0.0,0.0,0.0,1.805534244927874,0.21033673126046293,1.6426111121283646,0.33768951033084205,0.29199313072402566,0.1460693446015145,0.08420000000000069,0.23829469150612748,0.05
329,0.6526000000000001,False,0,0.0,0.36469999999999997,0.9405000000000001,0.0,0.0,0.0,0.0,1.841234333022983,0.21506659168578668,1.6620168402777793,0.3497759209478075,0.3255932996063381,0.16682869580311538,0.10220000000000104,0.2415950330615277,0.05
330,0.66105,False,0,0.0,0.3753,0.9468,0.0,0.0,0.0,0.0,1.882980422402865,0.16224114924511251,1.6340101525148012,0.3388657706713794,0.3262362698049944,0.13259644163999604,0.07980000000000055,0.23940000000000167,0.05
331,0.64835,False,0,0.0,0.3495,0.9471999999999999,0.0,0.0,0.0,0.0,1.7846310505430665,0.16026749327576556,1.6444555555555567,0.34702475255936743,0.28943837300890213,0.1331165428490921,0.09150000000000089,0.23835572155918694,0.05
332,0.6680999999999999,False,0,0.0,0.33619999999999994,1.0,0.0,0.0,0.0,0.0,1.7610912253147888,0.15079788887814594,1.5611000000021593,0.06272232457785387,0.2590726859462474,0.06253618084577306,0.0,0.0,0.05
333,0.6615000000000001,False,0,0.0,0.36130000000000007,0.9617000000000001,0.0,0.0,0.0,0.0,1.8340705836852507,0.3324853020425663,1.665088888862281,0.39456877156318093,0.2895825676699631,0.15290595204077978,0.07960000000000049,0.23880000000000148,0.05
334,0.6320000000000001,False,0,0.0,0.3215,0.9425000000000001,0.0,0.0,0.0,0.0,1.7826941203854172,0.16719247174526558,1.6249228298611116,0.34172042532336905,0.2880979964144018,0.1545233350808751,0.08220000000000052,0.23870726842725232,0.05
335,0.6657500000000001,False,0,0.0,0.378,0.9535,0.0,0.0,0.0,0.0,1.8577470806087841,0.10911576643975837,1.6316111111111113,0.34002948401572575,0.32042561242539996,0.10160306287972845,0.07980000000000022,0.23940000000000064,0.05
336,0.66275,False,0,0.0,0.3255,1.0,0.0,0.0,0.0,0.0,1.7443271537177167,0.07545442445847014,1.543500001017253,0.04886358596715311,0.2299778012375929,0.07076547656386757,0.004400000000000346,0.013200000000001039,0.05
337,0.60865,False,0,0.0,0.3344000000000001,0.8829,0.0,0.0,0.0,0.0,1.8282914870491935,0.18694596162256322,1.7577279515020774,0.4468604011530234,0.3420429657850913,0.18995916310078514,0.165700000000001,0.3168974755342818,0.05
338,0.6303000000000001,False,0,0.0,0.3181,0.9425000000000001,0.0,0.0,0.0,0.0,1.7728450702985121,0.1139589112048814,1.6302444525771675,0.34465854851376904,0.2677946090429167,0.1307290283037558,0.07950000000000043,0.23850000000000127,0.05
339,0.66465,False,0,0.0,0.3293,1.0,0.0,0.0,0.0,0.0,1.7640983113883955,0.08440369522570576,1.5417999999999998,0.07193997497914505,0.2562050220849101,0.05112836517200372,0.0,0.0,0.05
340,0.64865,False,0,0.0,0.2973,1.0,0.0,0.0,0.0,0.0,1.714286420356857,0.06025548893063421,1.5303,0.054648055775114265,0.2042943272533385,0.050274225129810245,0.0,0.0,0.05
341,0.651,False,0,0.0,0.302,1.0,0.0,0.0,0.0,0.0,1.7304469115564025,0.07702993510845281,1.5576222224381053,0.05353188046731758,0.20423216343122616,0.0688697750407311,0.00490000000000046,0.01470000000000138,0.05
342,0.6679999999999999,False,0,0.0,0.33599999999999997,1.0,0.0,0.0,0.0,0.0,1.75769253103227,0.06892264186934405,1.5297006623056457,0.028137125398243458,0.2252343257481994,0.036216155556097585,0.0,0.0,0.05
343,0.62725,False,0,0.0,0.317,0.9375,0.0,0.0,0.0,0.0,1.7616571478488137,0.1386654672278989,1.6318309098985473,0.3414392611443209,0.2590469705745532,0.13838068514349314,0.084800000000001,0.23851448593324595,0.05
344,0.6596,False,0,0.0,0.31920000000000004,1.0,0.0,0.0,0.0,0.0,1.7270782666916265,0.08934879877493937,1.5345,0.04219063877212579,0.22099284727802188,0.0906808052581224,0.0,0.0,0.05
345,0.6568,False,0,0.0,0.3136,1.0,0.0,0.0,0.0,0.0,1.744275916621286,0.08602965104706223,1.5144,0.028622368874710577,0.22517526534030127,0.077961718500241,0.0,0.0,0.05
346,0.6422,False,0,0.0,0.3393,0.9451,0.0,0.0,0.0,0.0,1.777292079134368,0.22565787129367912,1.6463111111111115,0.3359617438538713,0.27052092650973336,0.14836349187290146,0.07980000000000051,0.23940000000000153,0.05
347,0.66145,False,0,0.0,0.3229,1.0,0.0,0.0,0.0,0.0,1.72560366205975,0.06948350279335018,1.5627,0.08835049518819924,0.23303463574841352,0.048236001271020124,0.0,0.0,0.05
348,0.66765,False,0,0.0,0.3353,1.0,0.0,0.0,0.0,0.0,1.75325345739746,0.04830676563818992,1.5201,0.03332701606804907,0.24886870244475806,0.036601740078610494,0.0,0.0,0.05
349,0.6342,False,0,0.0,0.3301,0.9382999999999999,0.0,0.0,0.0,0.0,1.760272879009031,0.14095858964237798,1.689166666671563,0.347769741652004,0.275787558711107,0.14683116203346083,0.11290000000000104,0.2489652385374326,0.05
350,0.644,False,0,0.0,0.28800000000000003,1.0,0.0,0.0,0.0,0.0,1.661131766782161,0.03483520489711725,1.5168999999999997,0.01648908730039351,0.16792391995095166,0.041854073238772764,0.0,0.0,0.05
351,0.6558499999999999,False,0,0.0,0.37629999999999997,0.9353999999999999,0.0,0.0,0.0,0.0,1.8398147058849923,0.1395683335057695,1.6482057291666679,0.33727489020210666,0.3283687322921827,0.13907201173301278,0.08650000000000084,0.23831376376533597,0.05
352,0.61885,False,0,0.0,0.3551,0.8826,0.0,0.0,0.0,0.0,1.8625657923784886,0.18465667120062002,1.7388648067498056,0.45571906644261784,0.3562457717613138,0.2158682274247275,0.15970000000000054,0.31940007827175104,0.05
353,0.6406499999999999,False,0,0.0,0.2813,1.0,0.0,0.0,0.0,0.0,1.72130994982454,0.1057036310211629,1.5639000000047718,0.0799955623830976,0.19873348861182993,0.09426558627926548,0.0,0.0,0.05
354,0.6583,False,0,0.0,0.367,0.9496,0.0,0.0,0.0,0.0,1.872265910724807,0.25325966573172265,1.6540926269577387,0.33820358267394696,0.30771854077705524,0.19853158492972356,0.07980000000000043,0.23940000000000125,0.05
355,0.6072000000000001,False,0,0.0,0.3396,0.8748000000000001,0.0,0.0,0.0,0.0,1.8515601567259048,0.25489056954763356,1.7529999279446156,0.4522258093028488,0.3605426063808897,0.2310945754274817,0.15940000000000046,0.3188003136761327,0.05
356,0.68235,False,0,0.0,0.36469999999999997,1.0,0.0,0.0,0.0,0.0,1.795826417220466,0.09545842940521876,1.519595138888889,0.025428771792908807,0.2886207227574022,0.05380460761610771,0.0,0.0,0.05
357,0.64665,False,0,0.0,0.3601,0.9332,0.0,0.0,0.0,0.0,1.8532755146302946,0.14405219104035538,1.621055519193477,0.34363248394594775,0.34036480949626546,0.14677084262349285,0.08430000000000051,0.23859423714750574,0.05
358,0.6495,False,0,0.0,0.299,1.0,0.0,0.0,0.0,0.0,1.702277898323341,0.051985280454204044,1.5187000000000002,0.033814346067904365,0.19718573019004565,0.03765212668834517,0.0,0.0,0.05
359,0.6683,False,0,0.0,0.3366,1.0,0.0,0.0,0.0,0.0,1.7833572408866345,0.12488463889240622,1.5256555555555695,0.03640012379577837,0.2659748251288809,0.05563489964580235,0.007800000000000395,0.023400000000001187,0.05
360,0.6713,False,0,0.0,0.34259999999999996,1.0,0.0,0.0,0.0,0.0,1.7700822958532307,0.12235956023369102,1.5198751741436627,0.02732372057668955,0.2527563427372081,0.05316545493204953,0.006200000000000373,0.018600000000001116,0.05
361,0.6528,False,0,0.0,0.3056,1.0,0.0,0.0,0.0,0.0,1.7077215761523186,0.1414736923108323,1.5225,0.04024239058505348,0.18714749079727627,0.09367177525096888,0.0,0.0,0.05
362,0.6326499999999999,False,0,0.0,0.32899999999999996,0.9362999999999999,0.0,0.0,0.0,0.0,1.757760185086092,0.1444877892437333,1.648548263888874,0.3412193725460265,0.2632612697577798,0.17693708298093563,0.0815000000000007,0.2385603697180244,0.05
363,0.6027,False,0,0.0,0.26639999999999997,0.9390000000000001,0.0,0.0,0.0,0.0,1.7182834032776095,0.1299141259845734,1.6486777780568456,0.3379438642506059,0.23110187682619987,0.17019328280209964,0.09620000000000167,0.23670352764587274,0.05
364,0.65805,False,0,0.0,0.31609999999999994,1.0,0.0,0.0,0.0,0.0,1.740435348328252,0.05636472785437354,1.5186000000027324,0.027608694289450376,0.23482502938433444,0.05641136760925856,0.006200000000000373,0.018600000000001116,0.05
365,0.65015,False,0,0.0,0.3521,0.9481999999999999,0.0,0.0,0.0,0.0,1.8165780417087973,0.1527588302865624,1.63924444441824,0.33887332124005537,0.27911175982326697,0.13372873503642715,0.08840000000000085,0.23732138546705106,0.05
366,0.6427,False,0,0.0,0.2854,1.0,0.0,0.0,0.0,0.0,1.6892694786564904,0.07370845002866792,1.5222000000000002,0.04862674161405431,0.20682294545803953,0.07924293772518745,0.0,0.0,0.05
367,0.6402,False,0,0.0,0.3355,0.9449,0.0,0.0,0.0,0.0,1.7865238161317432,0.12076740211268461,1.6499555555554966,0.33710924045460683,0.2986574498630125,0.12828225862998335,0.07990000000000039,0.2397000000000012,0.05
368,0.6577,False,0,0.0,0.3154,1.0,0.0,0.0,0.0,0.0,1.7121548328285683,0.07418232578520187,1.5090999999999999,0.020378665314490004,0.2301669765572565,0.08722750056915726,0.0,0.0,0.05
369,0.6314,False,0,0.0,0.36889999999999995,0.8939,0.0,0.0,0.0,0.0,1.8984296980362032,0.25179054946838547,1.7544719013741634,0.44872392975092756,0.359272025598524,0.18645345930736992,0.16450000000000103,0.3173179005350955,0.05
370,0.632,False,0,0.0,0.264,1.0,0.0,0.0,0.0,0.0,1.699122738951226,0.0845154942766509,1.518400210655729,0.0332486495089427,0.15680078259071378,0.07563007383552882,0.0,0.0,0.05
371,0.62485,False,0,0.0,0.30900000000000005,0.9407,0.0,0.0,0.0,0.0,1.766250300794931,0.15552702708525346,1.6990612847222248,0.3361436128774157,0.25352931972324483,0.14490018662184825,0.10260000000000118,0.24179793216651116,0.05
372,0.66355,False,0,0.0,0.3271,1.0,0.0,0.0,0.0,0.0,1.7691730340502307,0.09561419882959823,1.5177777780532842,0.028844795868073647,0.2495263009101322,0.09362674000060994,0.004800000000000353,0.014400000000001058,0.05
373,0.6559999999999999,False,0,0.0,0.31199999999999994,1.0,0.0,0.0,0.0,0.0,1.7248337240721259,0.10579742256602727,1.5409000000000002,0.04735282462535893,0.19787905771013664,0.07737356937318836,0.0,0.0,0.05
374,0.639,False,0,0.0,0.27799999999999997,1.0,0.0,0.0,0.0,0.0,1.6847495598397586,0.10762344229114311,1.540894618055582,0.03921326505818252,0.16866721910637034,0.06897823884273073,0.0001000000000003638,0.0003000000000010914,0.05
375,0.6412,False,0,0.0,0.28240000000000004,1.0,0.0,0.0,0.0,0.0,1.6955325063809863,0.10057217884472552,1.511202462249332,0.029732092930794617,0.18108679278379433,0.0669038367543489,0.0,0.0,0.05
376,0.6731,False,0,0.0,0.3462,1.0,0.0,0.0,0.0,0.0,1.7482689485471965,0.11800406819291866,1.53956994534881,0.06188136368491439,0.22995491635036439,0.0577413427630924,0.0,0.0,0.05
377,0.67245,False,0,0.0,0.34490000000000004,1.0,0.0,0.0,0.0,0.0,1.773642831928996,0.14349451336285357,1.5518000000000076,0.06395279509138392,0.2675165272727874,0.11356036499761485,0.0,0.0,0.05
378,0.6565000000000001,False,0,0.0,0.31300000000000006,1.0,0.0,0.0,0.0,0.0,1.7524541000863807,0.1522422627232829,1.5686333333371798,0.20225992352945382,0.20826929519755738,0.09344465062414946,0.04700000000000095,0.14100000000000287,0.05
379,0.6517999999999999,False,0,0.0,0.3036,1.0,0.0,0.0,0.0,0.0,1.6856689880118751,0.0630556506094589,1.5,0.0,0.18961942147761035,0.03973381764544374,0.0,0.0,0.05
380,0.61885,False,0,0.0,0.35219999999999996,0.8855000000000001,0.0,0.0,0.0,0.0,1.8863651793031895,0.19426223898366754,1.7774697734301796,0.43916891478373815,0.35749206807247297,0.1842558511358292,0.16750000000000112,0.3165704502950343,0.05
381,0.6747,False,0,0.0,0.3494,1.0,0.0,0.0,0.0,0.0,1.7552692034127042,0.12708652380463642,1.5099,0.014962954253756166,0.24333937045563095,0.09242347862467999,0.0,0.0,0.05
382,0.67645,False,0,0.0,0.3529,1.0,0.0,0.0,0.0,0.0,1.7787656067680693,0.07918770412795302,1.5126000000000002,0.019262398604535137,0.26941579494077106,0.05537929631374656,0.0,0.0,0.05
383,0.6661,False,0,0.0,0.3322,1.0,0.0,0.0,0.0,0.0,1.7324623968968023,0.0985674762162784,1.5459057292050793,0.062149600530538356,0.21694985761189556,0.0810709659849607,0.011400000000000446,0.03420000000000134,0.05
384,0.649,False,0,0.0,0.29800000000000004,1.0,0.0,0.0,0.0,0.0,1.7778672235432538,0.10320271820486125,1.5382001379330954,0.05321255439496443,0.22113059529457782,0.06566669157664587,0.0,0.0,0.05
385,0.6779999999999999,False,0,0.0,0.356,1.0,0.0,0.0,0.0,0.0,1.7986837159279307,0.1349069767485693,1.5623111116409325,0.07417463211904299,0.276289257902642,0.10142171840286718,0.023000000000000898,0.055391335062446284,0.05
386,0.66165,False,0,0.0,0.3233,1.0,0.0,0.0,0.0,0.0,1.7285129280672162,0.04547204207733619,1.547,0.045499450546132976,0.25137436550645276,0.021933290739192222,0.0,0.0,0.05
387,0.62225,False,0,0.0,0.3034,0.9410999999999999,0.0,0.0,0.0,0.0,1.789581391028534,0.19418967441208207,1.6536277777777464,0.34226488713114833,0.25910705381582033,0.16969859510729912,0.09290000000000083,0.23797665851927693,0.05
388,0.6435,False,0,0.0,0.3516,0.9353999999999999,0.0,0.0,0.0,0.0,1.7999373329531891,0.15350838657061364,1.6553111111111114,0.3351138513003215,0.31957823248703254,0.1578387036053726,0.07980000000000027,0.23940000000000078,0.05
389,0.6648499999999999,False,0,0.0,0.395,0.9347,0.0,0.0,0.0,0.0,1.8814492152620315,0.15978636800266155,1.6398994064395738,0.3402941083826635,0.36674723935907444,0.15729190632822942,0.07990000000000017,0.23970000000000044,0.05
390,0.65785,False,0,0.0,0.3157,1.0,0.0,0.0,0.0,0.0,1.7285360965105547,0.08194481844967234,1.5620000000000074,0.07485051770029544,0.22385962189411304,0.07637585036913869,0.0,0.0,0.05
391,0.67,False,0,0.0,0.34,1.0,0.0,0.0,0.0,0.0,1.7433828635409738,0.12148039157967921,1.5152,0.024395901295094582,0.2064499832367689,0.07612401842969786,0.0,0.0,0.05
392,0.645,False,0,0.0,0.29,1.0,0.0,0.0,0.0,0.0,1.7196165207344738,0.08098470749557993,1.525,0.04779330497046631,0.19829464664711793,0.07512416905323872,0.0,0.0,0.05
393,0.6343000000000001,False,0,0.0,0.26860000000000006,1.0,0.0,0.0,0.0,0.0,1.6721732590959075,0.06799849580866846,1.5148000000000001,0.022968674319603196,0.17156491042332572,0.08389419283437693,0.0,0.0,0.05
394,0.62585,False,0,0.0,0.3,0.9517,0.0,0.0,0.0,0.0,1.771865326671751,0.16932440809429258,1.6364909722222234,0.34684288128534907,0.23925830383328422,0.15304701935915307,0.08190000000000067,0.2391076954010482,0.05
395,0.62665,False,0,0.0,0.2533,1.0,0.0,0.0,0.0,0.0,1.6875981923584988,0.08962443481666388,1.5066,0.01980000000000002,0.15887284856336317,0.09763653646070547,0.0,0.0,0.05
396,0.6549,False,0,0.0,0.30979999999999996,1.0,0.0,0.0,0.0,0.0,1.693985202384799,0.0755683654089585,1.5141918402946546,0.015195210376785995,0.20102296311386608,0.06228333392631059,0.0,0.0,0.05
397,0.64625,False,0,0.0,0.2925,1.0,0.0,0.0,0.0,0.0,1.7198982959121445,0.07933482710182965,1.5549000000010902,0.08435810571723873,0.21123890105863094,0.05846380194121962,0.0,0.0,0.05
398,0.6605,False,0,0.0,0.321,1.0,0.0,0.0,0.0,0.0,1.7243117683956637,0.06186253550483424,1.5123000000000002,0.01878856034931891,0.21068173673222912,0.06592531128726023,0.0,0.0,0.05
399,0.64165,False,0,0.0,0.2833,1.0,0.0,0.0,0.0,0.0,1.6919421916723163,0.06311177372449948,1.5170000000000001,0.051000000000000364,0.210802564993763,0.07892971404911338,0.0,0.0,0.05
400,0.68015,False,0,0.0,0.3603,1.0,0.0,0.0,0.0,0.0,1.7681098256361518,0.13037449552714242,1.5041,0.012299999999999976,0.23585419653457515,0.050620811871516194,0.0,0.0,0.05
401,0.65205,False,0,0.0,0.3041,1.0,0.0,0.0,0.0,0.0,1.7321122563918905,0.1293340848615554,1.5934424988764284,0.07587356085797753,0.2205122392202281,0.10252507469685591,0.0038000000000003387,0.011400000000001015,0.05
402,0.6799999999999999,False,0,0.0,0.36,1.0,0.0,0.0,0.0,0.0,1.7770028361389663,0.06233517380196907,1.5137791666666671,0.018072923751199448,0.26654170544058853,0.04755404909310609,0.0014000000000003042,0.004200000000000912,0.05
403,0.6180000000000001,False,0,0.0,0.2955,0.9405000000000001,0.0,0.0,0.0,0.0,1.7508581225094364,0.1644880923138023,1.6402555555555558,0.34038564566940693,0.24134803297236526,0.16421017015196093,0.07990000000000044,0.23970000000000136,0.05
404,0.65095,False,0,0.0,0.35690000000000005,0.945,0.0,0.0,0.0,0.0,1.8583350234242757,0.17659909361838866,1.6443579444779293,0.3364585147189313,0.3333283325037562,0.165794321652209,0.07990000000000023,0.2397000000000007,0.05
405,0.61395,False,0,0.0,0.291,0.9369,0.0,0.0,0.0,0.0,1.7348671650923397,0.15751646547198198,1.6417555592855095,0.3373086381516263,0.23585341981028707,0.16305598575779015,0.09140000000000123,0.2367784618583381,0.05
406,0.6088,False,0,0.0,0.3417,0.8759,0.0,0.0,0.0,0.0,1.8598259272202315,0.1807346503311543,1.7508965900740954,0.4582829179925585,0.36936934598639276,0.19556098846003309,0.15980000000000044,0.31960000000000083,0.05
407,0.6492,False,0,0.0,0.3507,0.9477,0.0,0.0,0.0,0.0,1.8665419414289208,0.18899372843226225,1.6446564714961596,0.3386646876997521,0.30974300415237,0.1424579528706732,0.09060000000000083,0.2379883190410835,0.05
408,0.63235,False,0,0.0,0.3175,0.9471999999999999,0.0,0.0,0.0,0.0,1.7589713911655338,0.16203249156452137,1.6290555555555617,0.35018773536492226,0.2583163307639458,0.16710211270687816,0.07990000000000037,0.2397000000000011,0.05
409,0.6794,False,0,0.0,0.3588,1.0,0.0,0.0,0.0,0.0,1.7827790747736008,0.09119030597030084,1.5300999999999998,0.04359002179398401,0.26487271396616874,0.04878126757175896,0.0,0.0,0.05
410,0.66875,False,0,0.0,0.3375,1.0,0.0,0.0,0.0,0.0,1.745875182349581,0.057742013311696254,1.5333,0.04959042246240698,0.24402089822815992,0.03957772448746625,0.0,0.0,0.05
411,0.6535,False,0,0.0,0.30700000000000005,1.0,0.0,0.0,0.0,0.0,1.7733083185727097,0.13937176099137957,1.540000000000001,0.06567038906539428,0.2285688455645662,0.08411698550171343,0.0,0.0,0.05
412,0.6321,False,0,0.0,0.325,0.9391999999999999,0.0,0.0,0.0,0.0,1.7730246271595127,0.1484044560312568,1.667555555567675,0.33184039001363036,0.24914692080439232,0.14324933865705122,0.0799000000000004,0.23970000000000122,0.05
413,0.6668000000000001,False,0,0.0,0.3336,1.0,0.0,0.0,0.0,0.0,1.7212078645683306,0.07002244786005751,1.5221000000027327,0.027746891724105337,0.2318030204393192,0.04912818937799315,0.0062000000000005,0.0186000000000015,0.05
414,0.66515,False,0,0.0,0.3303,1.0,0.0,0.0,0.0,0.0,1.7536023016123128,0.07365057431245109,1.5689793402777785,0.07825372520259954,0.2572353065158547,0.04751922943769948,0.010500000000000512,0.03150000000000154,0.05
415,0.6325000000000001,False,0,0.0,0.3263,0.9387000000000001,0.0,0.0,0.0,0.0,1.7748644584054905,0.13232203450994393,1.655511111111204,0.3354878967845062,0.268473119622492,0.13873362060850233,0.0798000000000004,0.2394000000000012,0.05
416,0.6156999999999999,False,0,0.0,0.2928,0.9385999999999999,0.0,0.0,0.0,0.0,1.7698047189435524,0.23702607511654777,1.6478111111111118,0.3375834859705098,0.25257954575870045,0.17791485925387254,0.07980000000000047,0.23940000000000144,0.05
417,0.65215,False,0,0.0,0.3584,0.9459,0.0,0.0,0.0,0.0,1.8077437779375252,0.14174343458030797,1.6310488838439086,0.3405528546063844,0.3117562522098346,0.1427014071140945,0.07990000000000042,0.23970000000000127,0.05
418,0.6718999999999999,False,0,0.0,0.3438,1.0,0.0,0.0,0.0,0.0,1.7206686760105456,0.06298329052326537,1.54,0.03996498467408692,0.2416311774374847,0.04478776366397355,0.0,0.0,0.05
419,0.6838,False,0,0.0,0.3676,1.0,0.0,0.0,0.0,0.0,1.7792096751137252,0.10952329326170716,1.5237000338130786,0.04061053016012079,0.2623666909910005,0.06069253324063418,0.0,0.0,0.05
420,0.63565,False,0,0.0,0.3306,0.9407,0.0,0.0,0.0,0.0,1.799078412652674,0.15002901229609314,1.6464444444444446,0.3382184041250402,0.3247810748774668,0.15546515195754654,0.07950000000000003,0.2385000000000001,0.05
421,0.6492,False,0,0.0,0.2984,1.0,0.0,0.0,0.0,0.0,1.7257890949228905,0.10729543118475128,1.5532,0.06917485092141507,0.21150934066521382,0.1021565792337951,0.0,0.0,0.05
422,0.6085499999999999,False,0,0.0,0.273,0.9440999999999999,0.0,0.0,0.0,0.0,1.7380716434885586,0.14589111275968092,1.6226916666666675,0.3486404866884147,0.22132183005028455,0.15191915303009124,0.07970000000000046,0.23910000000000134,0.05
423,0.6527499999999999,False,0,0.0,0.3678,0.9376999999999999,0.0,0.0,0.0,0.0,1.8407774441102827,0.1189327845886299,1.6422777750834556,0.3390340528607997,0.3528470642082865,0.15637230619211867,0.07980000000000012,0.23940000000000036,0.05
424,0.6575,False,0,0.0,0.345,0.97,0.0,0.0,0.0,0.0,1.7645382927833275,0.10886075131026783,1.6355002495659736,0.33989474777614714,0.27701891359820024,0.11612467096558923,0.08260000000000099,0.2389356398698206,0.05
425,0.67305,False,0,0.0,0.3461,1.0,0.0,0.0,0.0,0.0,1.757107137165589,0.10939253336044424,1.5242557291666674,0.04723546991749958,0.2560449920184255,0.06735783106410367,0.007700000000000472,0.023100000000001415,0.05
426,0.666,False,0,0.0,0.332,1.0,0.0,0.0,0.0,0.0,1.744781184877736,0.09601750257073892,1.5359612864072727,0.04181573274357486,0.24265271598972654,0.10191873589174698,0.0,0.0,0.05
427,0.6575,False,0,0.0,0.31500000000000006,1.0,0.0,0.0,0.0,0.0,1.7228619745037013,0.07601814281664074,1.5482585069444705,0.06464778269639826,0.21536757680572288,0.03010495377860786,0.0,0.0,0.05
428,0.6697500000000001,False,0,0.0,0.3395,1.0,0.0,0.0,0.0,0.0,1.7348225264589554,0.11070517570427094,1.5219791666666673,0.02690375883744365,0.22973966844525298,0.06430539784667595,0.001400000000000432,0.004200000000001296,0.05
429,0.67395,False,0,0.0,0.3479,1.0,0.0,0.0,0.0,0.0,1.7232510011650155,0.05797744934307285,1.525522222222223,0.04001484446774615,0.2296588592014389,0.047729141153516216,0.009400000000000418,0.028200000000001252,0.05
430,0.6488,False,0,0.0,0.3508,0.9468,0.0,0.0,0.0,0.0,1.7836528551515205,0.12213148985777954,1.6701556348058986,0.3307866136981766,0.29293145397510434,0.12646641471113115,0.07990000000000036,0.23970000000000108,0.05
431,0.6516500000000001,False,0,0.0,0.3033,1.0,0.0,0.0,0.0,0.0,1.7364037348777637,0.060581702734934094,1.5302000000000853,0.037134350674441985,0.2159092403713089,0.056296506638088537,0.0,0.0,0.05
432,0.63395,False,0,0.0,0.3253,0.9426,0.0,0.0,0.0,0.0,1.7547425153907823,0.1430076452377313,1.6316466145833346,0.33962825989950496,0.2774320157154508,0.14591703935429146,0.08200000000000082,0.23875678000844391,0.05
433,0.60895,False,0,0.0,0.307,0.9109,0.0,0.0,0.0,0.0,1.786783902150944,0.17321946017081927,1.7472222222222236,0.45188388107489647,0.2627437633771854,0.1739897865450085,0.15960000000000094,0.31920000000000187,0.05
434,0.65395,False,0,0.0,0.3079,1.0,0.0,0.0,0.0,0.0,1.6992951030324739,0.0707969354256717,1.529095746527778,0.031120384636305086,0.19946476539139357,0.05925884608946737,0.0,0.0,0.05
435,0.64855,False,0,0.0,0.29710000000000003,1.0,0.0,0.0,0.0,0.0,1.7039925677294705,0.12070996459950141,1.5237,0.038809921411927635,0.21579263649530986,0.10866838764483398,0.0,0.0,0.05
436,0.6683,False,0,0.0,0.3366,1.0,0.0,0.0,0.0,0.0,1.7845445107461917,0.15611080455536094,1.527200000786584,0.04523892351781647,0.24251124528539178,0.11742891711178095,0.0,0.0,0.05
437,0.6305000000000001,False,0,0.0,0.3144,0.9466000000000001,0.0,0.0,0.0,0.0,1.7524845984618556,0.12270944547279333,1.6346285590277794,0.33868732957267234,0.2576820225644318,0.141469882590794,0.0848000000000011,0.23696657992214945,0.05
438,0.60115,False,0,0.0,0.3236,0.8786999999999999,0.0,0.0,0.0,0.0,1.8206117681311238,0.19475670538552575,1.7592085069444476,0.451715547129181,0.31401827241327496,0.16898542425223093,0.1630000000000011,0.3174189660370041,0.05
439,0.66915,False,0,0.0,0.3383,1.0,0.0,0.0,0.0,0.0,1.7331735573258562,0.09468143505719619,1.5233000000000074,0.0419000000000156,0.2530079184107428,0.09084944997277897,0.0080000000000004,0.0240000000000012,0.05
440,0.6253000000000001,False,0,0.0,0.3139,0.9367000000000001,0.0,0.0,0.0,0.0,1.7696186788463666,0.15594540945484814,1.631455555552679,0.34014709398978027,0.2658231463741617,0.15317652269006332,0.07990000000000046,0.23970000000000138,0.05
441,0.6345000000000001,False,0,0.0,0.269,1.0,0.0,0.0,0.0,0.0,1.7092136767435229,0.08312774484583942,1.5046,0.013800000000000012,0.2059007874072293,0.09575175099136186,0.0,0.0,0.05
442,0.60065,False,0,0.0,0.3196,0.8817,0.0,0.0,0.0,0.0,1.8617088841800786,0.22226877806453343,1.749522222222223,0.450882279262657,0.3134329060654747,0.1939529880768107,0.1596000000000008,0.3192000000000016,0.05
443,0.65925,False,0,0.0,0.31850000000000006,1.0,0.0,0.0,0.0,0.0,1.6986917891237887,0.07373936622127059,1.5208,0.050243009464004056,0.21140557433158452,0.05351598647965338,0.0,0.0,0.05
444,0.6880999999999999,False,0,0.0,0.3762,1.0,0.0,0.0,0.0,0.0,1.7854430289122898,0.1175848866969838,1.5216999999999998,0.05964905699170782,0.26857927886163147,0.06335183825836882,0.0,0.0,0.05
445,0.64895,False,0,0.0,0.2979,1.0,0.0,0.0,0.0,0.0,1.6848032984685908,0.06930297972070405,1.5036,0.010800000000000011,0.19105341996673547,0.05209010074521873,0.0,0.0,0.05
446,0.6525000000000001,False,0,0.0,0.30500000000000005,1.0,0.0,0.0,0.0,0.0,1.703278063507545,0.07774475669906578,1.5263000000000002,0.03873770772774251,0.1999151891054415,0.06139323669763032,0.0,0.0,0.05
447,0.632,False,0,0.0,0.32449999999999996,0.9395,0.0,0.0,0.0,0.0,1.8059895779884152,0.16833981738414378,1.7062501736111173,0.37147205658251914,0.2891983221448109,0.1637722468943312,0.12820000000000176,0.2529801573246428,0.05
448,0.65865,False,0,0.0,0.3173,1.0,0.0,0.0,0.0,0.0,1.7209583592042272,0.08677347308960888,1.5419972225698326,0.05371400743969492,0.23544451393020344,0.06697156724274722,0.0,0.0,0.05
449,0.69015,False,0,0.0,0.38029999999999997,1.0,0.0,0.0,0.0,0.0,1.782985034199935,0.11647940070319455,1.5145000000000002,0.0275218095335319,0.26086847049476836,0.06490995476521737,0.0,0.0,0.05
450,0.66345,False,0,0.0,0.3269,1.0,0.0,0.0,0.0,0.0,1.7321584180416398,0.0708427810349308,1.5261625108136077,0.03240739503802295,0.22336228157246815,0.06146645745840641,0.0016000000000004062,0.004800000000001218,0.05
451,0.64,False,0,0.0,0.28,1.0,0.0,0.0,0.0,0.0,1.687471440181508,0.09230305803130294,1.5207057292050814,0.03171502159960705,0.16872105768864235,0.0726083280409468,0.006300000000000863,0.01612482558045318,0.05
452,0.6583,False,0,0.0,0.3166,1.0,0.0,0.0,0.0,0.0,1.7336950278706766,0.09884889609877942,1.5220335069444464,0.038109783396775974,0.21557376057416536,0.09587504979352103,0.0010000000000004975,0.0030000000000014924,0.05
453,0.60795,False,0,0.0,0.33419999999999994,0.8817,0.0,0.0,0.0,0.0,1.8292727837402167,0.24876451025555948,1.7297424863787085,0.4594850073492778,0.34388661037502055,0.19324641182978305,0.15960000000000069,0.31920000000000137,0.05
454,0.6272500000000001,False,0,0.0,0.31460000000000005,0.9399000000000001,0.0,0.0,0.0,0.0,1.7898391256538388,0.1630667162913279,1.6319111111111115,0.34232337538259666,0.2632968931191778,0.16509378351291196,0.07980000000000034,0.239400000000001,0.05
455,0.6682,False,0,0.0,0.3364,1.0,0.0,0.0,0.0,0.0,1.7136712184319562,0.12250082578778564,1.5384447085998016,0.0661966360252046,0.20524139223986393,0.10180326511356667,0.0,0.0,0.05
456,0.6435,False,0,0.0,0.382,0.905,0.0,0.0,0.0,0.0,1.8919726339499596,0.2512420120078359,1.7548275623498426,0.4453460970035624,0.37043455116347496,0.21189776816419076,0.1596000000000008,0.31920031328305587,0.05
457,0.6649,False,0,0.0,0.3298,1.0,0.0,0.0,0.0,0.0,1.7262421063472917,0.13286273877127286,1.555444458007813,0.039892352777374476,0.23082434389168077,0.09674819381453738,0.0036000000000003356,0.010800000000001007,0.05
458,0.6752,False,0,0.0,0.3504,1.0,0.0,0.0,0.0,0.0,1.7837852673137966,0.12434984943898336,1.5455335839907334,0.05494043438818397,0.2698547128764835,0.07025249403505684,0.0038000000000003387,0.011400000000001015,0.05
459,0.64905,False,0,0.0,0.3578,0.9403,0.0,0.0,0.0,0.0,1.8258147762611892,0.14007259850896941,1.6361111100444816,0.3388447990437632,0.3240334043099826,0.13551329455892758,0.07980000000000037,0.23940000000000106,0.05
460,0.6588,False,0,0.0,0.3176,1.0,0.0,0.0,0.0,0.0,1.7334598669436516,0.11901786043477057,1.5439999999999998,0.057619441163551735,0.22732213574347077,0.08721504465029173,0.0,0.0,0.05
461,0.673,False,0,0.0,0.346,1.0,0.0,0.0,0.0,0.0,1.7069292626059611,0.08073285199217364,1.54,0.05210374266787369,0.2163621201407142,0.061580997698171096,0.0,0.0,0.05
462,0.6274,False,0,0.0,0.3066999999999999,0.9480999999999999,0.0,0.0,0.0,0.0,1.738029284627284,0.17677509132431576,1.622045572201896,0.34166903288179634,0.24644806810748307,0.16919921881441974,0.08180000000000079,0.2381570070352763,0.05
463,0.6545,False,0,0.0,0.309,1.0,0.0,0.0,0.0,0.0,1.7322873074376397,0.08061628587498149,1.553266686393394,0.05401335227521284,0.21041077407595316,0.05487856813346445,0.02190000000000126,0.040304962473622724,0.05
464,0.65565,False,0,0.0,0.31129999999999997,1.0,0.0,0.0,0.0,0.0,1.7700344695059793,0.1242600472327239,1.5213,0.0327873451197257,0.225085463286366,0.08478490676225992,0.0,0.0,0.05
465,0.6054,False,0,0.0,0.3348,0.8760000000000001,0.0,0.0,0.0,0.0,1.781593581829895,0.17503930286633965,1.76219652777778,0.45616767640572475,0.31742886960279515,0.19821708981499234,0.1753000000000014,0.3145911791516111,0.05
466,0.65845,False,0,0.0,0.3169,1.0,0.0,0.0,0.0,0.0,1.7223739057904983,0.0843797739510632,1.5278300816959807,0.03558134719005777,0.22395144927045413,0.04212883111789856,0.0,0.0,0.05
467,0.64095,False,0,0.0,0.3504,0.9315,0.0,0.0,0.0,0.0,1.8199792729138324,0.18805786787171905,1.771911111111112,0.4444947299330709,0.34085768749975204,0.1808627602502674,0.15980000000000077,0.3196000000000016,0.05
468,0.692,False,0,0.0,0.384,1.0,0.0,0.0,0.0,0.0,1.8146028517714492,0.13344032546726523,1.5095,0.015609292104384458,0.2660543376540391,0.0682996565702319,0.0,0.0,0.05
469,0.6577500000000001,False,0,0.0,0.3155,1.0,0.0,0.0,0.0,0.0,1.7562291182600904,0.11317146632557654,1.5292555555671945,0.043160282660326024,0.2321402744936461,0.08443688694105916,0.008800000000000408,0.026400000000001228,0.05
470,0.6639999999999999,False,0,0.0,0.32799999999999996,1.0,0.0,0.0,0.0,0.0,1.7612809235202005,0.056121901644178226,1.5177999999999998,0.03143501232702161,0.24687182140516112,0.03321704830763835,0.0,0.0,0.05
471,0.62105,False,0,0.0,0.3,0.9420999999999999,0.0,0.0,0.0,0.0,1.7863025503008614,0.1297207188032754,1.6273555555553063,0.34155917658672413,0.2504258702987249,0.1486816612906937,0.07990000000000047,0.23970000000000144,0.05
472,0.6794,False,0,0.0,0.35880000000000006,1.0,0.0,0.0,0.0,0.0,1.7377836743867103,0.05986465548509779,1.5407117187500003,0.029037628901339492,0.24626782858242618,0.051640924372891486,0.002400000000000318,0.007200000000000954,0.05
473,0.6724,False,0,0.0,0.3448,1.0,0.0,0.0,0.0,0.0,1.7511712185519823,0.06689888461190674,1.526566720845965,0.032108551316927525,0.24758898415255254,0.037404952129261586,0.003200000000000514,0.009600000000001543,0.05
474,0.6745,False,0,0.0,0.34900000000000003,1.0,0.0,0.0,0.0,0.0,1.799717079640341,0.13524850694361887,1.5404,0.06299555539877398,0.2687629028792905,0.07910817051923046,0.0,0.0,0.05
475,0.6395,False,0,0.0,0.279,1.0,0.0,0.0,0.0,0.0,1.6922860669374415,0.051085399775156665,1.5082,0.01639999999999997,0.18558593995366834,0.043273603202212595,0.0,0.0,0.05
476,0.6628000000000001,False,0,0.0,0.3256,1.0,0.0,0.0,0.0,0.0,1.7437233897538438,0.045479746359868685,1.5374000572349005,0.05519644160953005,0.2483541875293913,0.024425463776068423,0.0,0.0,0.05
477,0.6341,False,0,0.0,0.32780000000000004,0.9404,0.0,0.0,0.0,0.0,1.8164593826057398,0.13534815352276217,1.6407444932725714,0.33887359954929686,0.3060355805275691,0.13214338499986486,0.09250000000000111,0.2372126682957731,0.05
478,0.65635,False,0,0.0,0.31270000000000003,1.0,0.0,0.0,0.0,0.0,1.7164041406096544,0.05068936278943065,1.51443333333346,0.03205552474494131,0.217911826722149,0.03234419075579837,0.00740000000000039,0.022200000000001167,0.05
479,0.656,False,0,0.0,0.3678,0.9442,0.0,0.0,0.0,0.0,1.849459827353184,0.19144232190931265,1.6410555555555564,0.3396376582313724,0.30922346389901123,0.15032453445736446,0.07990000000000057,0.23970000000000172,0.05
480,0.67835,False,0,0.0,0.3567,1.0,0.0,0.0,0.0,0.0,1.7216455894065557,0.08747617230760395,1.5289889165242554,0.03829738606665981,0.24163524381198154,0.03777052497975854,0.008200000000000401,0.024600000000001204,0.05
481,0.6565,False,0,0.0,0.313,1.0,0.0,0.0,0.0,0.0,1.7393579594033437,0.07047373987282908,1.5378082464104408,0.04032599879707495,0.21748990373564148,0.06691468543622396,0.0,0.0,0.05
482,0.58035,False,0,0.0,0.35150000000000003,0.8092,0.0,0.0,0.0,0.0,1.8919361165184387,0.1626312253869356,1.8611879002672356,0.5232944533927848,0.41681714867988584,0.21308233063317547,0.23910000000000098,0.3652323780827777,0.05
483,0.6729,False,0,0.0,0.3458,1.0,0.0,0.0,0.0,0.0,1.7430605491329243,0.05590045019466408,1.525,0.04728001692047075,0.2397482754241859,0.047016004525623746,0.0,0.0,0.05
484,0.6543,False,0,0.0,0.30860000000000004,1.0,0.0,0.0,0.0,0.0,1.7223334249665174,0.11190400697184094,1.5137012188487586,0.03003682133442113,0.21485877949667898,0.10929681441587,2.842170943040401e-16,8.526512829121203e-16,0.05
485,0.6381,False,0,0.0,0.33490000000000003,0.9413,0.0,0.0,0.0,0.0,1.8074550210468658,0.17605607106603613,1.701677777776886,0.32137250586994937,0.2893390190518562,0.15355379617335474,0.09200000000000105,0.2384118285656157,0.05
486,0.6407,False,0,0.0,0.2814,1.0,0.0,0.0,0.0,0.0,1.7253530226883904,0.10546134828904352,1.5688676422860894,0.06602288055769745,0.19987577794272773,0.08524633053425226,0.012200000000000457,0.036600000000001374,0.05
487,0.6613,False,0,0.0,0.3226,1.0,0.0,0.0,0.0,0.0,1.738528469569811,0.07064637171072112,1.5219444444445434,0.03162989092639299,0.2338220135980773,0.07136014432774013,0.007200000000000387,0.02160000000000116,0.05
488,0.63605,False,0,0.0,0.3324,0.9397,0.0,0.0,0.0,0.0,1.827056963526573,0.14964557174516727,1.672655555555881,0.34020177182894035,0.2957845557696966,0.15578349662170582,0.0799000000000004,0.23970000000000122,0.05
489,0.65015,False,0,0.0,0.358,0.9423,0.0,0.0,0.0,0.0,1.811056317375911,0.10115133419223715,1.6237000000012263,0.34414678554317185,0.2933960722411629,0.11834543551496257,0.07970000000000038,0.23910000000000112,0.05
490,0.643,False,0,0.0,0.2860000000000001,1.0,0.0,0.0,0.0,0.0,1.711507502782927,0.09193833871079948,1.5509446180555564,0.061771868318428284,0.18298453640408124,0.0917941936457834,0.0097000000000005,0.0291000000000015,0.05
491,0.6406499999999999,False,0,0.0,0.34540000000000004,0.9359,0.0,0.0,0.0,0.0,1.8324056011713428,0.18670415730706394,1.6365778633859425,0.33925513211869,0.2953235421152494,0.15317486843102535,0.08480000000000082,0.2382002518890366,0.05
492,0.6534,False,0,0.0,0.3068,1.0,0.0,0.0,0.0,0.0,1.7227250678492663,0.04471879133932985,1.5482279513888901,0.05345168135666806,0.22545455574768933,0.026029780900686986,0.01230000000000082,0.03002682134359352,0.05
493,0.6719999999999999,False,0,0.0,0.344,1.0,0.0,0.0,0.0,0.0,1.758663684938509,0.05996796138683917,1.5091,0.016170652429633104,0.23552761841465183,0.03504895543789993,0.0,0.0,0.05
494,0.63905,False,0,0.0,0.2781,1.0,0.0,0.0,0.0,0.0,1.7106615758472485,0.10676947144527232,1.551244444444445,0.08230542036963626,0.1978600792441245,0.10436119472229582,0.01800000000000054,0.054000000000001616,0.05
495,0.63205,False,0,0.0,0.32010000000000005,0.944,0.0,0.0,0.0,0.0,1.7580735497622915,0.17682060757982054,1.6295555555555556,0.3418228586075936,0.27762285605994774,0.20161658832681986,0.0799000000000001,0.23970000000000027,0.05
496,0.624,False,0,0.0,0.248,1.0,0.0,0.0,0.0,0.0,1.6703405826282391,0.07950866508144383,1.5537777777801156,0.05441976765411758,0.1521379416107534,0.07741708001898995,0.008400000000000516,0.025200000000001548,0.05
497,0.653,False,0,0.0,0.306,1.0,0.0,0.0,0.0,0.0,1.7113356701112532,0.06360227615778803,1.5307,0.08016988212539669,0.2138900301948031,0.06972714494611158,0.0,0.0,0.05
498,0.6634,False,0,0.0,0.32680000000000003,1.0,0.0,0.0,0.0,0.0,1.7342331811735896,0.10997025616598102,1.5429000010172529,0.034567181470146854,0.21718864246792385,0.06863752018695857,0.004400000000000346,0.013200000000001039,0.05
499,0.6289,False,0,0.0,0.315,0.9428000000000001,0.0,0.0,0.0,0.0,1.8044938843444744,0.1958769989941033,1.6470111111111116,0.33651369627071503,0.24891925023120284,0.16563371211295436,0.07980000000000045,0.2394000000000013,0.05
500,0.42174999999999996,False,1,0.0,0.18249999999999997,0.9346,68.4,0.0,0.0,0.0,1.7478598302952917,0.22584328563061337,1.8213585794809473,0.8899771634871999,0.24986460554611414,0.2500305675730797,0.17983106438487256,0.5394931931546176,0.05
501,0.3517,False,1,0.0,0.1512,0.8722,80.0,0.0,0.0,0.0,1.8025094190313937,0.3232172737236234,1.996716914933193,0.9238970617611586,0.30573646056081294,0.36524549162470826,0.3376388203789356,0.6760899908464292,0.05
502,0.4135,False,1,0.0,0.176,1.0,87.25,0.0,0.0,0.0,1.7466192584389002,0.18464782674112523,1.5247000000003312,0.0443622587349774,0.20932819918392967,0.1391991096898294,7.182107664859229e-190,0.0,0.05
503,0.4566,False,1,0.0,0.2183,0.9349000000000001,60.0,0.0,0.0,0.0,1.8108689437432548,0.24019681413389166,1.7308594902319654,0.6259416538564869,0.29887055057484574,0.2560224468498226,0.16430000798841615,0.4929000239652484,0.05
504,0.41479999999999995,False,1,0.0,0.2162,0.9339999999999999,80.15,0.0,0.0,0.0,1.8476742565228654,0.2534947463120712,1.881999071951843,1.0090794041001017,0.3169885836149246,0.2553750645641174,0.1892000020097849,0.5056555804702484,0.05
505,0.3604,False,1,0.0,0.1992,0.8816,90.0,0.0,0.0,0.0,1.8724778899285497,0.41010099534874744,1.874453406150213,0.7510450119632718,0.34737055806997874,0.3809736303096385,0.28313621790557686,0.6151821297375615,0.05
506,0.41325,False,1,0.0,0.1513,1.0,81.2,0.0,0.0,0.0,1.6861356497707507,0.08829248581277332,1.5299,0.05081426964938095,0.17848661227956525,0.09090876623813621,2.2662777208340286e-219,0.0,0.05
507,0.42279999999999995,False,1,0.0,0.25060000000000004,0.8141999999999999,54.8,0.0,0.0,0.0,1.9556971971155073,0.36904219028882856,2.264740605531196,1.1756086848366913,0.44233747722252403,0.3686266975544797,0.41590358679556605,0.6477944206189974,0.05
508,0.36715000000000003,False,1,0.0,0.1343,1.0,100.0,0.0,0.0,0.0,1.6873446126626468,0.1800833566520944,1.5133,0.020376702382868532,0.15973362418622217,0.13109219304914926,9.733737215035775e-210,0.0,0.05
509,0.38749999999999996,False,1,0.0,0.2238,0.8712,80.0,0.0,0.0,0.0,1.8801041904454756,0.3637089787943368,2.06297679643911,1.0185470508548429,0.37128208124293227,0.3600980303721199,0.29908934109886953,0.6092464863938031,0.05
510,0.4183,False,1,0.0,0.1996,0.877,60.0,0.0,0.0,0.0,1.8246079532593238,0.2995944809903865,1.7457666666649794,0.45294148492071473,0.32044809349125913,0.29902811884678243,0.159700000000001,0.319400078271752,0.05
511,0.35850000000000004,False,1,0.0,0.1439,0.9341000000000002,90.25,0.0,0.0,0.0,1.7758661518594288,0.31835116183804885,1.6590049041451445,0.37518158168269167,0.24926192179098655,0.31196992472962004,0.10427387998512924,0.27719663971209707,0.05
512,0.3918999999999999,False,1,0.0,0.1684,0.9353999999999999,80.0,0.0,0.0,0.0,1.7626540056083406,0.2335011956422005,1.8030963055703133,0.8456095790039362,0.2510562659629786,0.2520534122626985,0.1997963055703134,0.5993889167109402,0.05
513,0.38495,False,1,0.0,0.1439,0.9364000000000001,77.6,0.0,0.0,0.0,1.7246865281870707,0.262670356636883,1.7832550637867441,0.7696258779185235,0.22108575193926278,0.2822376921995219,0.21168835337821568,0.635065060134647,0.05
514,0.39544999999999997,False,1,0.0,0.16469999999999999,0.9381999999999999,78.0,0.0,0.0,0.0,1.751959121021932,0.3098510802779511,1.7453225561202892,0.6332595745357753,0.22766314709562135,0.27261631640077083,0.1634847138095906,0.4904541414287718,0.05
515,0.39274999999999993,False,1,0.0,0.13369999999999999,1.0,87.05,0.0,0.0,0.0,1.685024294276126,0.1987500478182655,1.5025,0.007499999999999975,0.16565065918539995,0.162121038898466,9.405293622837222e-172,0.0,0.05
516,0.36024999999999996,False,1,0.0,0.2002,0.8003,70.0,0.0,0.0,0.0,1.906364634013681,0.35704383456868344,2.391726921525044,1.3419023005001898,0.4192202767423668,0.4141440004622028,0.4953698496279225,0.7784933814806089,0.05
517,0.43615,False,1,0.0,0.2327,0.937,74.35,0.0,0.0,0.0,1.8396770607594264,0.2728751590608731,1.9085002417728298,1.0000538033880093,0.3114486783625845,0.24224524952825605,0.2518802152435726,0.6085079018347013,0.05
518,0.40490000000000004,False,1,0.0,0.1302,1.0,80.1,0.0,0.0,0.0,1.6674839531536694,0.12173300943621834,1.5208,0.01953867958691168,0.1500271327093409,0.10738020746632908,3.9568403320506906e-207,0.0,0.05
519,0.40504999999999997,False,1,0.0,0.15739999999999998,0.9337,70.25,0.0,0.0,0.0,1.8011531147749786,0.3820883737878192,1.6551540245814145,0.3375740131614399,0.25097647035994614,0.290722565358537,0.07990000472437789,0.2397000141731337,0.05
520,0.39954999999999996,False,1,0.0,0.1697,0.9359999999999999,76.65,0.0,0.0,0.0,1.7582657440844733,0.2767408825116821,1.7820350324573293,0.7557657759366717,0.2453958469195891,0.2783946930507036,0.17073503245732935,0.512205097371988,0.05
521,0.45155,False,1,0.0,0.18309999999999998,1.0,70.0,0.0,0.0,0.0,1.6915363899695037,0.13523296405946358,1.5412335106743722,0.036754020638866035,0.1873999823173227,0.12582740289602679,0.007100000000000989,0.01434189666676111,0.05
522,0.3584,False,1,0.0,0.1631,0.9440999999999999,97.6,0.0,0.0,0.0,1.7241524828243808,0.2549343511935744,1.728385722850471,0.5652270561863976,0.22348072492293194,0.2700701483143807,0.17328930081828237,0.48807656473387195,0.05
523,0.37800000000000006,False,1,0.0,0.2293,0.8867,90.0,0.0,0.0,0.0,1.8988008300570587,0.4230424728976221,2.049952068691966,1.0458374259023984,0.359559937336316,0.36620262291903205,0.42060189830799477,0.8412106850295186,0.05
524,0.4503499999999999,False,1,0.0,0.24209999999999993,0.9385999999999999,70.0,0.0,0.0,0.0,1.7673420090047696,0.16112619420541893,1.7855211245953708,0.7550593637657174,0.289418591821245,0.20373931458015512,0.16482112459537085,0.4944633737861125,0.05
525,0.40759999999999996,False,1,0.0,0.13520000000000001,1.0,80.0,0.0,0.0,0.0,1.6788549846279228,0.13636992244338328,1.5254233506944448,0.04391772228731233,0.15902076039999172,0.12092930271543346,0.0022000000000003154,0.006600000000000947,0.05
526,0.39885,False,1,0.0,0.21799999999999997,0.8289,62.3,0.0,0.0,0.0,1.865815631546625,0.31933908735744904,2.0769953347702463,0.8789033733741006,0.36642271092969125,0.32715137302301905,0.4215318346061433,0.6857098041354213,0.05
527,0.41759999999999997,False,1,0.0,0.2284,0.8084,50.4,0.0,0.0,0.0,1.9519671605605704,0.41505285815356685,2.328172549401077,1.232423831423321,0.4450983170374193,0.4082644286631898,0.5631399401813102,0.8647731711242744,0.05
528,0.42084999999999995,False,1,0.0,0.1217,1.0,70.0,0.0,0.0,0.0,1.630253326706852,0.04565163496011973,1.540511111586013,0.06061459393273935,0.12882240846444154,0.06738178244084819,0.011400000000000446,0.03420000000000134,0.05
529,0.37055000000000005,False,1,0.0,0.1869,0.8678000000000001,78.4,0.0,0.0,0.0,1.8080016755212065,0.2733107580029982,1.905995228335792,0.6879239263020447,0.31264992314710816,0.31123288428731266,0.2825301124428042,0.504689509458061,0.05
530,0.4416,False,1,0.0,0.1668,1.0,70.9,0.0,0.0,0.0,1.6977075180594539,0.15344595884509607,1.5350111111111118,0.05716274038995239,0.18075310984236526,0.1327612929197784,0.013200000000000472,0.03960000000000142,0.05
531,0.45475,False,1,0.0,0.2428,0.8667,50.0,0.0,0.0,0.0,1.932002184546055,0.3585291963288482,1.9256406916683393,0.8056609443652648,0.41727704285282863,0.35969925813126097,0.29499727857247726,0.6633411776772856,0.05
532,0.42110000000000003,False,1,0.0,0.16440000000000002,0.9321999999999999,63.6,0.0,0.0,0.0,1.7344549996423613,0.27219708668310866,1.8180973582907936,0.7999316417798654,0.22348892990081795,0.2793689040323949,0.16708484511578026,0.5012545353473408,0.05
533,0.39540000000000003,False,1,0.0,0.1508,1.0,90.0,0.0,0.0,0.0,1.740489307716567,0.17452291652688587,1.5379,0.07497659634846064,0.19100945330640115,0.13509356440636072,3.212084276700566e-208,0.0,0.05
534,0.4135,False,1,0.0,0.17140000000000002,0.9356,70.0,0.0,0.0,0.0,1.7147103977961855,0.20750544102382784,1.8048661884239532,0.8298797804463829,0.22628633130350528,0.2587794202006069,0.168021449187677,0.504064347563031,0.05
535,0.4408,False,1,0.0,0.2813,0.8691000000000001,67.2,0.0,0.0,0.0,2.009743103036068,0.44967953008591904,1.8424888944727473,0.7102046620922172,0.4656380941684078,0.36229600708902315,0.2568295291419184,0.5520917240764638,0.05
536,0.39935,False,1,0.0,0.1597,1.0,90.25,0.0,0.0,0.0,1.7269545968176054,0.12928169246933455,1.628344444444447,0.2148472121483154,0.20145652192982894,0.11835066127264603,0.07640000000000166,0.15301189496245388,0.05
537,0.3982500000000001,False,1,0.0,0.1858,0.9339000000000001,80.8,0.0,0.0,0.0,1.8072458762018981,0.33700993847997596,1.835434132728959,0.7467114197413838,0.29342162964733165,0.3367295483423329,0.21440676944935597,0.5718703570568006,0.05
538,0.37165,False,1,0.0,0.2622,0.7525000000000001,67.85,0.0,0.0,0.0,2.1039094566900727,0.5142432637716522,2.5596917448603786,1.2566472711166685,0.5776353846090979,0.49529164138117465,0.7648029551295151,0.9438907250946192,0.05
539,0.38449999999999995,False,1,0.0,0.2476,0.8019999999999999,70.15,0.0,0.0,0.0,1.9211341930772357,0.32084866481734764,2.396517365723631,1.3182397256908636,0.43531366218052775,0.36979862544895536,0.6123467377884408,0.9229916650416925,0.05
540,0.40764999999999996,False,1,0.0,0.17959999999999998,0.8756999999999999,60.0,0.0,0.0,0.0,1.7867145266213966,0.2978314809738541,1.8639197815757278,0.7146606039328741,0.2900748665700496,0.32472064142571594,0.250929894587455,0.5276569962623358,0.05
541,0.41459999999999997,False,1,0.0,0.2611,0.8080999999999999,60.0,0.0,0.0,0.0,1.9289227072260655,0.3279054427047839,2.3595598503688655,1.1463720633201016,0.45509943661669794,0.36167350195344594,0.6690842603671732,0.9555381691331271,0.05
542,0.43905000000000005,False,1,0.0,0.2645,0.7832,42.4,0.0,0.0,0.0,2.029181968932806,0.49112079013234544,2.2606743525328294,1.0005668682690145,0.48599118244471134,0.4160258014714221,0.44004673493741064,0.5968182664506406,0.05
543,0.4204,False,1,0.0,0.20599999999999996,1.0,91.3,0.0,0.0,0.0,1.7542535170585007,0.14950887830720896,1.5441281012793,0.0640054996462023,0.22656527376133156,0.12723208091254032,0.012000000000000455,0.036000000000001364,0.05
544,0.4112000000000001,False,1,0.0,0.262,0.7444000000000001,46.0,0.0,0.0,0.0,1.9635553746164796,0.3784498470158205,2.475381671558588,1.2585963418951764,0.5043847144043238,0.40748123676697834,0.5775697461944299,0.7548758629506572,0.05
545,0.3973,False,1,0.0,0.11460000000000001,1.0,80.0,0.0,0.0,0.0,1.6412535029699924,0.10469825175951879,1.5088,0.0229686743196032,0.13364313205109365,0.1051042610175465,7.604366146754291e-212,0.0,0.05
546,0.4530499999999999,False,1,0.0,0.20590000000000003,0.9347999999999999,58.65,0.0,0.0,0.0,1.8013203990982884,0.24290970529291053,1.6544333032988212,0.33459214033066187,0.29608938437093946,0.27043932526499276,0.0795090716175368,0.2385272148526104,0.05
547,0.39,False,1,0.0,0.1647,0.9353,80.0,0.0,0.0,0.0,1.730652284726066,0.23334001934216503,1.8157954335676583,0.8658722600049426,0.23504272254108707,0.270054639027741,0.18048307280583156,0.5414492184174947,0.05
548,0.42785,False,1,0.0,0.16640000000000002,0.9324999999999999,60.8,0.0,0.0,0.0,1.7503979388815523,0.28634190989104324,1.8738190945741084,0.9877316298513624,0.25548100062943824,0.30897952914389754,0.20150294863900617,0.6045088459170185,0.05
549,0.38905000000000006,False,1,0.0,0.1381,1.0,90.0,0.0,0.0,0.0,1.6694897464570535,0.1221137920849879,1.5196000000046124,0.035378524571704484,0.15300521534910536,0.1152064278832165,2.842170943040401e-16,8.526512829121202e-16,0.05
550,0.41755,False,1,0.0,0.2056,0.8695,60.0,0.0,0.0,0.0,1.817159734331255,0.33781883442585897,2.0591939155021235,1.0721474305018919,0.32474328048339857,0.35626869892904445,0.29504162691438196,0.6147156316844526,0.05
551,0.40725,False,1,0.0,0.21939999999999998,0.8751000000000001,70.0,0.0,0.0,0.0,1.8946337065612073,0.40971165661302494,1.9464144303148945,0.9029332449846066,0.365589100899469,0.36816143286607234,0.1955000045942858,0.38061194876843063,0.05
552,0.38355,False,1,0.0,0.19180000000000003,0.8121,59.2,0.0,0.0,0.0,1.9487826509908168,0.48165131132691436,2.16708544547065,1.0449653879083585,0.39612739569182426,0.41926114982202656,0.43572244353902007,0.7122802410915495,0.05
553,0.4253,False,1,0.0,0.153,0.9376,60.0,0.0,0.0,0.0,1.7524290438772874,0.2858553321076861,1.760953216316659,0.6852219537453684,0.23093936342558924,0.2702048135087709,0.16870737181666137,0.5061221154499842,0.05
554,0.41659999999999997,False,1,0.0,0.19590000000000002,0.8773,60.0,0.0,0.0,0.0,1.8096941715759225,0.3003632070661134,2.0767959585209255,1.0595330555747895,0.30759236032970927,0.3214765837667395,0.4217959585209258,0.8435920271360109,0.05
555,0.37495,False,1,0.0,0.20259999999999997,0.8497,75.6,0.0,0.0,0.0,2.000591511122051,0.48508640346935233,2.2918869279609915,1.3235766776073983,0.43784028091616467,0.42030338945572415,0.47004209204122105,0.7813726454060488,0.05
556,0.38865,False,1,0.0,0.24489999999999998,0.8844000000000001,88.0,0.0,0.0,0.0,1.9470748286338881,0.3216400330349552,2.172672973656149,1.3550985931515314,0.3957850150374884,0.31063197723874914,0.36854581376277434,0.7403017066209768,0.05
557,0.37020000000000003,False,1,0.0,0.2091,0.9315,100.05,0.0,0.0,0.0,1.809240081693534,0.1982311463500951,1.8360842493243037,0.7136739831188005,0.29584296219951856,0.23590219945917054,0.24097157571319214,0.5975009517617024,0.05
558,0.3606499999999999,False,1,0.0,0.2008,0.8164999999999999,74.0,0.0,0.0,0.0,1.93311308765889,0.41397387123228113,2.182085693195524,1.1093161988483073,0.4098581540112929,0.41760011529350466,0.44484409741290476,0.7410523924940435,0.05
559,0.44215000000000015,False,1,0.0,0.2621,0.8702000000000002,62.0,0.0,0.0,0.0,1.9191900251994451,0.3253582754464518,2.069784703165435,1.091974244994143,0.410703155874239,0.33236201624166717,0.3729840391370428,0.718415626319721,0.05
560,0.39799999999999996,False,1,0.0,0.156,1.0,90.0,0.0,0.0,0.0,1.6925231242918737,0.12097593955949805,1.5054000981656301,0.015226277578160037,0.17220847196797112,0.11315990828234536,1.5947511706696513e-205,0.0,0.05
561,0.3598,False,1,0.0,0.11019999999999999,1.0,97.65,0.0,0.0,0.0,1.664188627751503,0.10433646873029935,1.5276111130608458,0.03145941130216559,0.12928958350696473,0.09486526736153691,0.004200000000000344,0.01260000000000103,0.05
562,0.3905,False,1,0.0,0.207,0.8268000000000001,63.2,0.0,0.0,0.0,1.8977445448679298,0.46507580839858453,2.1203461358076274,0.969561122455871,0.3917662098641557,0.4297710087161502,0.42615491057998545,0.6961678840786601,0.05
563,0.40379999999999994,False,1,0.0,0.22569999999999996,0.8714999999999999,72.4,0.0,0.0,0.0,1.897170195619124,0.31674739978181043,2.012698149604934,0.9607183018564075,0.3886392618538157,0.34741700629043415,0.3866434901903646,0.7522156059855036,0.05
564,0.43129999999999996,False,1,0.0,0.17039999999999997,0.9353999999999999,60.8,0.0,0.0,0.0,1.7049036186916644,0.1788881358467858,1.7454503010725078,0.6682677550120689,0.22736849659041533,0.2438144735350945,0.17613349216191151,0.5126002812160823,0.05
565,0.34665,False,1,0.0,0.14279999999999998,0.8713000000000001,80.2,0.0,0.0,0.0,1.843580992090003,0.4222556490189138,1.8847906439716666,0.7723761200665489,0.31213383017036284,0.40388397355591094,0.25983808535452296,0.565775056201365,0.05
566,0.41300000000000003,False,1,0.0,0.194,0.8720000000000001,60.0,0.0,0.0,0.0,1.8581844773331615,0.3026288480463455,1.75285555469504,0.4520511863826141,0.34475795876013243,0.32056516943727553,0.1596000000000013,0.31920031328305687,0.05
567,0.40965,False,1,0.0,0.2217,0.9432,86.4,0.0,0.0,0.0,1.8967720340116005,0.3546374274449322,1.8747042096474242,0.9651722126952654,0.3355877889347322,0.30061385896141724,0.19301926220389792,0.5790577866116937,0.05
568,0.4025500000000001,False,1,0.0,0.2558,0.8693000000000002,80.0,0.0,0.0,0.0,1.908295105640653,0.3070771653377515,2.053117408074777,1.062229774514135,0.398758794853434,0.31389023149992296,0.3649619676666017,0.7151798180931244,0.05
569,0.43295,False,1,0.0,0.2781,0.7477999999999999,40.0,0.0,0.0,0.0,2.1119614364686354,0.45696670007134116,2.5585681365473008,1.291283628420568,0.5965783082566153,0.4478730903578092,0.7230641425857348,0.8940483028893913,0.05
570,0.4537999999999999,False,1,0.0,0.2742,0.8657999999999999,58.1,0.0,0.0,0.0,2.0236331084348906,0.3098231404155837,1.827275903949435,0.6774483852384422,0.4652618860708294,0.30433654745519795,0.25608133008475703,0.5555723330527265,0.05
571,0.41400000000000003,False,1,0.0,0.20779999999999998,0.8202,50.0,0.0,0.0,0.0,1.9594967764876732,0.4760314307584582,2.319845592993432,1.1876783505762312,0.4287970065320721,0.45463291611281653,0.5616427427263212,0.876043684594856,0.05
572,0.39769999999999994,False,1,0.0,0.15549999999999997,0.9417,75.45,0.0,0.0,0.0,1.7082928107644553,0.22813127713009532,1.9322948250049632,1.1700360318942467,0.21375129154571523,0.25386502245875925,0.16838958208745056,0.5051687462623518,0.05
573,0.41694999999999993,False,1,0.0,0.22970000000000002,0.8058,50.4,0.0,0.0,0.0,1.9435157898785111,0.37454474148562455,2.1238208765308433,0.9946858004454385,0.4515975325674745,0.4069926009303888,0.48467552691968435,0.8051320528405028,0.05
574,0.40179999999999993,False,1,0.0,0.2113,0.8722999999999999,70.0,0.0,0.0,0.0,1.841795416548015,0.3168017956729332,2.0294957167744547,1.1889829241915393,0.3450517470079311,0.32568765392168053,0.31112270475095244,0.7085089977702568,0.05
575,0.3882,False,1,0.0,0.1578,0.9391999999999999,80.15,0.0,0.0,0.0,1.7185143461210164,0.20939602944824898,1.6369555860887872,0.33918561583361495,0.21620581226859853,0.23030223844880823,0.07990000000373651,0.23970000001120947,0.05
576,0.3333,False,1,0.0,0.2117,0.6789,56.0,0.0,0.0,0.0,2.0376209440196136,0.4416970017512406,2.7119655810123127,1.4473556716450264,0.544766662118423,0.46282653131188717,0.6792650462344374,0.7937351870734458,0.05
577,0.41085000000000005,False,1,0.0,0.17850000000000002,0.9358000000000001,73.15,0.0,0.0,0.0,1.7553932916691763,0.246067494861783,1.8482875356072754,0.8573864018287026,0.26378187046035345,0.2721851135717941,0.10180000000000036,0.286588834395201,0.05
578,0.40375000000000005,False,1,0.0,0.2384,0.8091000000000002,60.0,0.0,0.0,0.0,1.8928156911458185,0.3256060189155497,2.2454416976480642,1.0188492811661276,0.430798344683465,0.37143893116725324,0.47008493238309085,0.7640080135025625,0.05
579,0.41844999999999993,False,1,0.0,0.1971,0.8701999999999999,57.6,0.0,0.0,0.0,1.8015765963089792,0.2683279477606529,2.042671472266214,1.028531624028706,0.30682513510930154,0.29410404323129014,0.4167102963248707,0.8211833517308279,0.05
580,0.3802,False,1,0.0,0.2312,0.8092,70.0,0.0,0.0,0.0,1.9810749090893196,0.3700721571888172,1.9679578675350964,0.7822014847980884,0.45430334093665675,0.37063099752188494,0.32100164421686483,0.5335359435396476,0.05
581,0.3398,False,1,0.0,0.21339999999999998,0.8022,84.0,0.0,0.0,0.0,1.9393449130596156,0.42422760454883535,2.2026768557684644,0.9666316336691967,0.42492862237399,0.4090687256769572,0.5350825132303267,0.788097267112873,0.05
582,0.38589999999999997,False,1,0.0,0.1318,1.0,90.0,0.0,0.0,0.0,1.6482025362233081,0.06257244560377562,1.5640444444444452,0.0651655669131426,0.1375610955267941,0.0767792332072841,0.012600000000000463,0.03780000000000139,0.05
583,0.4041,False,1,0.0,0.1957,0.9341000000000002,80.4,0.0,0.0,0.0,1.8215961154305478,0.30885974930332283,1.9193453415606938,0.964573482805129,0.28498272871976693,0.2780972979317244,0.1862951862338977,0.4842017950534995,0.05
584,0.4035000000000001,False,1,0.0,0.2549,0.7521,50.0,0.0,0.0,0.0,1.9514042285372486,0.41977635621594644,2.647252092844006,1.339117799518438,0.47940592567512574,0.4136376873385126,0.6594401790403361,0.8208506418055505,0.05
585,0.42240000000000005,False,1,0.0,0.19829999999999998,0.9335000000000001,71.75,0.0,0.0,0.0,1.8568421716122223,0.3204716904833218,1.7688083129055836,0.6577664023402986,0.30800236147917565,0.30859383955682756,0.1848133819532074,0.5036759075831577,0.05
586,0.34155000000000013,False,1,0.0,0.16430000000000003,0.8620000000000001,85.8,0.0,0.0,0.0,1.951903213951669,0.7351865252896962,2.2126148871890385,1.3926813986472852,0.3673389972044105,0.5075805433815168,0.363891420944189,0.7322392049450391,0.05
587,0.41790000000000005,False,1,0.0,0.2693,0.8065,60.0,0.0,0.0,0.0,2.048306158476849,0.3889994197203961,2.1771947280181596,1.0712307564943868,0.5133941602440427,0.383420121291614,0.35761735304959996,0.594070909098788,0.05
588,0.39374999999999993,False,1,0.0,0.15560000000000002,0.9357,75.95,0.0,0.0,0.0,1.7470770633777808,0.22796774065661743,1.7532080672850534,0.6639631093823625,0.23737429661389817,0.26297084767789325,0.17119096110132126,0.5135728833039638,0.05
589,0.37395000000000006,False,1,0.0,0.1769,0.931,90.0,0.0,0.0,0.0,1.7827495082954776,0.23784290653987394,1.943513879667822,0.973316675835384,0.2664584795492876,0.2432170152662513,0.2994026641139574,0.6934528014391858,0.05
590,0.34065,False,1,0.0,0.19629999999999997,0.7554000000000001,67.6,0.0,0.0,0.0,2.036114332648176,0.5635346431094854,2.289527529784455,1.0677358200747245,0.4882113114335251,0.5070295199693784,0.5299874243110055,0.7293938801489206,0.05
591,0.4098,False,1,0.0,0.182,0.9368000000000001,74.8,0.0,0.0,0.0,1.817976527786488,0.28989326570575663,1.8557699264056957,0.8854261379258237,0.2891150054665759,0.29765050692433775,0.17390010014723148,0.5217003004416944,0.05
592,0.37934999999999997,False,1,0.0,0.2153,0.7434,50.0,0.0,0.0,0.0,1.9984106824056294,0.4708968446451828,2.4668330784268204,1.257726063813082,0.46579061553929463,0.4256506212641347,0.6282889062075917,0.789559936942036,0.05
593,0.44830000000000003,False,1,0.0,0.1968,0.9398,60.0,0.0,0.0,0.0,1.7669486421246163,0.2779401267512062,1.7765479988555282,0.7440804736178915,0.2601970099141388,0.26372653065395774,0.19019662875134585,0.5639547438805178,0.05
594,0.40935,False,1,0.0,0.14350000000000002,1.0,81.2,0.0,0.0,0.0,1.6623496338329367,0.08268445469975831,1.5410222222222232,0.09545856576430556,0.1449594550811946,0.08739434212277353,0.022000000000000595,0.0660000000000018,0.05
595,0.45714999999999995,False,1,0.0,0.2164,0.9379,60.0,0.0,0.0,0.0,1.75980804190024,0.2357945949304883,1.7902277901255423,0.7335506968558099,0.26390343883203815,0.23289013982289603,0.22526062026273902,0.6307198999380519,0.05
596,0.38735,False,1,0.0,0.1347,1.0,90.0,0.0,0.0,0.0,1.7124147466722,0.1756455248752411,1.5339000000000012,0.070106276466521,0.17171714818983314,0.1384067279623626,3.114748894314193e-208,0.0,0.05
597,0.45335000000000003,False,1,0.0,0.2439,0.9428000000000001,70.0,0.0,0.0,0.0,1.9192911330474154,0.41225350114157294,1.7783034563871187,0.7674727678499196,0.34373366241776027,0.30089149724109066,0.17390344331118424,0.5217103299335527,0.05
598,0.41380000000000006,False,1,0.0,0.19449999999999998,0.8731000000000002,60.0,0.0,0.0,0.0,1.824146399645405,0.36113207400603164,1.8649171283338457,0.7511762558604747,0.3216412617032339,0.33760862526310353,0.23730805581951614,0.5010809690663323,0.05
599,0.42515000000000003,False,1,0.0,0.18750000000000003,0.9428000000000001,70.0,0.0,0.0,0.0,1.8156056258497295,0.2795761182156736,1.7529463153847122,0.6975795284531665,0.28196781948049,0.26616731742130156,0.17034615499788489,0.5110384649936547,0.05
600,0.38539999999999996,False,1,0.0,0.1513,0.9395,80.0,0.0,0.0,0.0,1.7338914077915129,0.3293642550798807,1.7625623963314947,0.6497318510641547,0.22267246290103163,0.30826612408575804,0.15809352916371502,0.47428058749114504,0.05
601,0.44734999999999997,False,1,0.0,0.24619999999999997,0.8170999999999999,42.15,0.0,0.0,0.0,1.9649001797252559,0.38430733740866424,2.2530202427019557,1.109954467781445,0.42578226921976814,0.37289752403519427,0.5235786978918663,0.8000820768000524,0.05
602,0.4002500000000001,False,1,0.0,0.1441,0.9364000000000001,70.0,0.0,0.0,0.0,1.7522532863299891,0.38035643487176024,1.6380888889058576,0.3350515781689277,0.23610998366922561,0.33855040272209425,0.08016654491700403,0.2404996347510121,0.05
603,0.3432,False,1,0.0,0.0864,1.0,100.0,0.0,0.0,0.0,1.6109333083587547,0.034578803049699874,1.5614666666666677,0.062188101755884496,0.09662543193632141,0.04956312888980025,0.013100000000000592,0.03930000000000177,0.05
604,0.39149999999999996,False,1,0.0,0.1638,0.9391999999999999,80.0,0.0,0.0,0.0,1.7308611343176605,0.2579109627459409,1.7671603290821156,0.733621695279796,0.23004855707679553,0.26765522121180385,0.1743603280648627,0.5085835301661566,0.05
605,0.4301499999999999,False,1,0.0,0.1803,1.0,80.0,0.0,0.0,0.0,1.71514580619287,0.11938466326836292,1.5358666668097183,0.040483247679966625,0.2017616634367596,0.10836061661660121,0.005000000000000356,0.015000000000001066,0.05
606,0.38269999999999993,False,1,0.0,0.1599,0.9254999999999999,80.0,0.0,0.0,0.0,1.7542605058356286,0.2181606603872672,1.945313860139036,0.8961327259483737,0.24439827789807628,0.2616694709999886,0.25299610725960364,0.5071914045794065,0.05
607,0.35595,False,1,0.0,0.19149999999999998,0.8004,70.0,0.0,0.0,0.0,1.9568356804089746,0.513764907678125,2.1235144802811363,0.9297037222953197,0.4314340731255559,0.46591217026801124,0.4263997485653056,0.6408946278607067,0.05
608,0.4366,False,1,0.0,0.23789999999999994,0.8753,60.0,0.0,0.0,0.0,1.8555651851999855,0.2853447654365507,1.8354078356906947,0.6644043448434075,0.36806351325260517,0.32487048077042263,0.24571454329104903,0.5278078437909847,0.05
609,0.48550000000000004,False,1,0.0,0.28030000000000005,0.8907,50.0,0.0,0.0,0.0,1.9145896247980965,0.29307018871170837,1.9301374185489493,0.8217678001540671,0.40864658250443575,0.2899817370724276,0.30238186299339354,0.6836571527767085,0.05
610,0.38195,False,1,0.0,0.2747,0.808,79.7,0.0,0.0,0.0,2.1092023738568955,0.44854656515444036,2.3154639819253364,1.2429926833482274,0.5324117106768075,0.3996578665952178,0.5042466724299494,0.7717697395099884,0.05
611,0.43039999999999995,False,1,0.0,0.19840000000000002,1.0,84.4,0.0,0.0,0.0,1.7497514415377498,0.17548327716327342,1.5084,0.020953281365934023,0.22952862184282777,0.14458532365095367,4.487685802245723e-191,0.0,0.05
612,0.37939999999999996,False,1,0.0,0.1648,0.874,70.0,0.0,0.0,0.0,1.7949312668011355,0.2829339033262547,1.8780820664784659,0.7263516461413557,0.2969706609487598,0.3095995139415312,0.250915732465819,0.5416135178421486,0.05
613,0.3842499999999999,False,1,0.0,0.14609999999999998,1.0,94.4,0.0,0.0,0.0,1.687140801506763,0.20831900968797085,1.6008444654065392,0.15605331794968377,0.16361145385708808,0.1561591926327366,0.04040000000000123,0.11002926883334548,0.05
614,0.41915,False,1,0.0,0.2217,0.9364000000000001,79.95,0.0,0.0,0.0,1.8260111686746758,0.2583107102957129,1.7259815758131931,0.5811804887253806,0.3139964623099929,0.2693854809035799,0.16172369817409354,0.48517109452228074,0.05
615,0.3955,False,1,0.0,0.15099999999999997,1.0,90.0,0.0,0.0,0.0,1.6698696716808688,0.09617559697181656,1.5593,0.061836963056088094,0.16748432729326795,0.10090209704039044,3.125384726012222e-214,0.0,0.05
616,0.4396,False,1,0.0,0.26239999999999997,0.9378,80.25,0.0,0.0,0.0,1.9135186303298983,0.2968236907237229,1.6732782058259161,0.33283192831699054,0.3653760749231062,0.25280203453874983,0.08480008087638179,0.23820049404258026,0.05
617,0.42215,False,1,0.0,0.20999999999999996,0.9355,75.3,0.0,0.0,0.0,1.8556601315887271,0.29855499155684045,1.7381944973649652,0.6623848850529981,0.30684112144708364,0.2687767290885027,0.17305724238550393,0.5017148737936814,0.05
618,0.42200000000000004,False,1,0.0,0.1927,0.9313,70.0,0.0,0.0,0.0,1.808855518337375,0.2764479316601984,1.7776071682857117,0.6761039911500197,0.2936810724358874,0.2883391036829389,0.17809362434914944,0.4974433685885613,0.05
619,0.4091,False,1,0.0,0.2209,0.8773,70.0,0.0,0.0,0.0,1.8668679057472821,0.3539839591426568,2.297236722823156,1.542276529852795,0.3692360759215819,0.3713496058789255,0.44101512579882945,0.8579888285193131,0.05
620,0.43765,False,1,0.0,0.1825,0.9446,62.95,0.0,0.0,0.0,1.7639304497191062,0.22850177001268193,1.7576214968310009,0.7277596262001464,0.24793390731435974,0.24856946517475267,0.17002149683100104,0.5100644904930032,0.05
621,0.3626,False,1,0.0,0.144,0.9412,90.0,0.0,0.0,0.0,1.7623798553188608,0.30270200103753614,1.7679584206048928,0.7620989784634385,0.23563842625092,0.2917865903731939,0.17330167563742796,0.4950904789144832,0.05
622,0.3983,False,1,0.0,0.2077,0.8689,70.0,0.0,0.0,0.0,1.8424531625386442,0.3254194711770892,1.9236432158868202,0.8742625637564443,0.33600121860756305,0.3361073200227754,0.3091347594323907,0.6669212282718614,0.05
623,0.41505000000000003,False,1,0.0,0.24180000000000001,0.9371,87.2,0.0,0.0,0.0,1.8665561869411658,0.30134904604441676,1.7169924650723698,0.620556810864514,0.33682265983448145,0.28136713079366826,0.1699243458120089,0.5097730374360266,0.05
624,0.41305000000000003,False,1,0.0,0.19490000000000002,0.9352,76.0,0.0,0.0,0.0,1.7594907280736376,0.2213031951383789,1.8076612448339382,0.8039150952181535,0.2670985802305124,0.26041585501097037,0.16506123906950632,0.49518371720851895,0.05
625,0.33590000000000003,False,1,0.0,0.09829999999999998,0.9335000000000001,90.0,0.0,0.0,0.0,1.7109729596771541,0.26458060203013023,1.8164052301984193,0.8336372656732359,0.1927298946161088,0.2825059936281631,0.19519982704495248,0.522347414550346,0.05
626,0.43790000000000007,False,1,0.0,0.25980000000000003,0.8704000000000001,63.6,0.0,0.0,0.0,1.926524542440545,0.33900552352229196,1.9633157943292503,0.9053572529013034,0.4128988543687475,0.33453565715343686,0.32182127331491484,0.6436599640702744,0.05
627,0.35809999999999986,False,1,0.0,0.18039999999999998,0.8661999999999999,82.6,0.0,0.0,0.0,1.850118445162416,0.35957290033769784,2.0152022995351535,0.9824418874386579,0.3440488104626074,0.37363801340303854,0.29549148537402575,0.6110697213998043,0.05
628,0.3905999999999999,False,1,0.0,0.261,0.7567999999999999,59.15,0.0,0.0,0.0,2.048057601302248,0.38573012861224254,2.628009270223005,1.4091789416678773,0.5139693862179393,0.39765481009040626,0.6827518214447539,0.8785385908207443,0.05
629,0.4009499999999999,False,1,0.0,0.2113,0.8705999999999999,70.0,0.0,0.0,0.0,1.8645223410136063,0.352349222447519,2.120555873247636,1.1747170825848081,0.3604025024978673,0.36057511026450595,0.31740180583934297,0.6957957502427937,0.05
630,0.42164999999999997,False,1,0.0,0.19709999999999997,0.9262,70.0,0.0,0.0,0.0,1.8260946903078117,0.26093310699803857,1.9136422307924204,0.7795396325537398,0.30979950442638227,0.28229884794253834,0.27508667523686475,0.6075737017081457,0.05
631,0.44709999999999994,False,1,0.0,0.17420000000000002,1.0,70.0,0.0,0.0,0.0,1.6953998414681561,0.1689966110458943,1.5306036160719858,0.043357047252499885,0.17914959241230427,0.13215376539906568,1.7200273439068776e-176,0.0,0.05
632,0.41690000000000005,False,1,0.0,0.22559999999999997,0.8686,65.1,0.0,0.0,0.0,1.9202594391450023,0.31618705425771015,2.0740281018209332,1.0813852048734738,0.389951005930547,0.33395831159288797,0.36196579381361493,0.7240841355901163,0.05
633,0.36065,False,1,0.0,0.19839999999999997,0.8701000000000001,86.8,0.0,0.0,0.0,1.8106565895937379,0.26809427082221454,2.2312593555374294,1.381669465941239,0.33102538865914427,0.32095444904015613,0.4013780126477117,0.716952639484746,0.05
634,0.4069999999999999,False,1,0.0,0.2354,0.8681999999999999,72.4,0.0,0.0,0.0,1.881641122432064,0.2806320171372904,2.0503444618901536,1.0256779439951587,0.3932409626865714,0.32314761978881434,0.31698581324432124,0.6285895338672631,0.05
635,0.45070000000000005,False,1,0.0,0.22810000000000002,0.9347,65.35,0.0,0.0,0.0,1.8151116099874955,0.22041100799709226,1.8118278238923708,0.7096523472830067,0.3076932046040273,0.249123699957823,0.20031770030936666,0.5273469603321407,0.05
636,0.5023,False,1,0.0,0.2876,0.8802,40.8,0.0,0.0,0.0,2.0055473578513174,0.42730447912411185,2.05904509622581,1.0616811239759294,0.44665024429960454,0.36240558129714223,0.2905172382252606,0.6262749621813973,0.05
637,0.38045000000000007,False,1,0.0,0.15510000000000002,0.9338000000000001,82.0,0.0,0.0,0.0,1.7179877481395505,0.24328450700782422,1.8643944651448987,0.9835805961173173,0.2303616053416969,0.26977186344860515,0.2045246388940523,0.6135739166821569,0.05
638,0.38480000000000003,False,1,0.0,0.24029999999999996,0.8061,69.2,0.0,0.0,0.0,1.9744552064470142,0.3834238391219271,2.0983665883537665,0.9320165755860307,0.4692953797084737,0.4107904781846718,0.4397411999319381,0.7196585554149854,0.05
639,0.34575,False,1,0.0,0.174,0.8099000000000001,73.1,0.0,0.0,0.0,1.8869753679459174,0.4489587332149515,2.2905751947480595,1.1816272200095657,0.3866375092890741,0.45758745452116756,0.5990418614147265,0.9195157961915865,0.05
640,0.44275,False,1,0.0,0.19419999999999998,0.9393,62.0,0.0,0.0,0.0,1.7676100990708967,0.24833322198334642,1.650544444444445,0.3400383001303773,0.27306378464641207,0.25096653421049725,0.0798000000000004,0.23940000000000114,0.05
641,0.4385,False,1,0.0,0.157,1.0,70.0,0.0,0.0,0.0,1.6782368613179937,0.08717219584896692,1.5983333333337075,0.25181390836179735,0.16481615273897612,0.0942329707906069,0.06580000000000129,0.17590554283478663,0.05
642,0.4474,False,1,0.0,0.19990000000000002,0.9349000000000001,60.0,0.0,0.0,0.0,1.7657252139823587,0.22209243876715296,1.8124371643365453,0.8799325169871668,0.26219460926363797,0.2402145460613522,0.1257000000000004,0.37146791247697275,0.05
643,0.4477999999999999,False,1,0.0,0.2526,0.8029999999999999,40.0,0.0,0.0,0.0,1.9648509054322034,0.34784846235783,2.4336847290359276,1.4220946493871773,0.45847360951914434,0.37471193529565827,0.5455918477816974,0.8338383502977489,0.05
644,0.37259999999999993,False,1,0.0,0.1837,0.8030999999999999,60.4,0.0,0.0,0.0,1.8575929461300096,0.334978492811709,2.1484126147563636,1.062749432130011,0.3816184937654718,0.40674555655077116,0.3708182142352085,0.625342972845677,0.05
645,0.39455,False,1,0.0,0.1894,0.8809000000000001,70.3,0.0,0.0,0.0,1.8196850206761468,0.3019942163985389,1.878288186474671,0.747514979929288,0.31204718287089095,0.3110192566046011,0.24830202746328559,0.5347483854580561,0.05
646,0.4029999999999999,False,1,0.0,0.21390000000000003,0.8112999999999999,54.8,0.0,0.0,0.0,1.8930404125788178,0.39298400593419575,2.1218044315035325,0.9756550455118798,0.3929731986639612,0.39411980927543533,0.3358006604395497,0.5503945535134823,0.05
647,0.3791,False,1,0.0,0.20250000000000004,0.8756999999999999,80.0,0.0,0.0,0.0,1.8388289323778906,0.32209550708477175,1.7459888889868496,0.45168829665664917,0.33302531525268797,0.3258519325082535,0.15930000000994116,0.31860070623374204,0.05
648,0.40684999999999993,False,1,0.0,0.19770000000000001,0.9359999999999999,80.0,0.0,0.0,0.0,1.7728909647309572,0.20650780865053603,1.617259613049285,0.2582828688194534,0.2770132998202926,0.2494968843935044,0.08064928419627206,0.24194785258881618,0.05
649,0.3625,False,1,0.0,0.1461,0.9389,90.0,0.0,0.0,0.0,1.7369306744763684,0.2609968068367115,1.648588885698392,0.33914356794688244,0.2266900572443978,0.27267796615833034,0.09360000000026861,0.23837751571903293,0.05
650,0.4676,False,1,0.0,0.1949,0.9403,50.0,0.0,0.0,0.0,1.7587925544952465,0.29425562437888103,1.7981839411379545,0.8051694425171577,0.27063623333728,0.30280917153980147,0.22658394012070207,0.6652145146905423,0.05
651,0.3994500000000001,False,1,0.0,0.213,0.8707,71.2,0.0,0.0,0.0,1.8292600639158425,0.2898158350574301,2.0188491300896017,0.9540904840385446,0.34415984993244136,0.3419731997690935,0.36022577410552337,0.725877645340148,0.05
652,0.37429999999999997,False,1,0.0,0.13820000000000002,0.9304,80.0,0.0,0.0,0.0,1.7603512912719879,0.3076203670774258,1.7650168312354082,0.44421613106652724,0.2395027954947721,0.2976380086005033,0.16500000000038303,0.3171214278482054,0.05
653,0.41834999999999994,False,1,0.0,0.24440000000000003,0.8774999999999998,71.3,0.0,0.0,0.0,1.9242539832260046,0.3538408892520578,1.8948659560112333,0.748018121225109,0.387346817470671,0.34340844462950343,0.2578804485250125,0.5611559660627369,0.05
654,0.42279999999999995,False,1,0.0,0.18639999999999998,1.0,85.2,0.0,0.0,0.0,1.7283866361270661,0.10758355016134932,1.520000045347214,0.031122455808832036,0.210579075260455,0.10223210688331244,2.4333172151246028e-210,0.0,0.05
655,0.44460000000000005,False,1,0.0,0.17040000000000002,1.0,70.3,0.0,0.0,0.0,1.69634104770169,0.11430006488833883,1.54360000000025,0.05010229535719667,0.1818721695636576,0.11889243702595811,6.226155988919141e-201,0.0,0.05
656,0.39614999999999995,False,1,0.0,0.17629999999999996,1.0,96.0,0.0,0.0,0.0,1.7100063783816826,0.15770883652776155,1.5229000025952018,0.04539483081685414,0.19279340022787717,0.1125942029404351,1.0206407486217906e-203,0.0,0.05
657,0.39055,False,1,0.0,0.2265,0.8074,63.2,0.0,0.0,0.0,1.934430836254665,0.3705201978060566,2.1416653321963897,1.0054023824237286,0.4282208155588541,0.38604976099233507,0.4773493887061891,0.7913306284145334,0.05
658,0.40190000000000003,False,1,0.0,0.18109999999999998,0.8707,62.0,0.0,0.0,0.0,1.831733134590054,0.3682007290344514,2.101165583799335,1.2210374496542602,0.31607704384784086,0.35298263165787325,0.37875696089376804,0.7696254557712162,0.05
659,0.38625,False,1,0.0,0.1829,0.8695999999999999,70.0,0.0,0.0,0.0,1.9028740451719213,0.3817456504004166,1.8180992613715177,0.44328528996981637,0.36555792373141804,0.37395493087108794,0.19500035344552458,0.31930679128906253,0.05
660,0.4013,False,1,0.0,0.2618,0.8734,83.15,0.0,0.0,0.0,1.9662728874770117,0.3947373056129808,2.0101873703407573,1.0204577759887572,0.42644588805965133,0.35729421768099207,0.37618737034075733,0.7581642465924543,0.05
661,0.3721,False,1,0.0,0.2988,0.6854,60.0,0.0,0.0,0.0,2.233102191018653,0.5344313647192107,2.77900104396345,1.278198763185495,0.671779358148151,0.465486906909944,0.9080756309166548,0.9136758378829134,0.05
662,0.39315,False,1,0.0,0.22400000000000003,0.8823000000000001,80.0,0.0,0.0,0.0,1.870982303454022,0.398115134812378,2.0000107974919548,0.9458484636397546,0.3555241141327568,0.3523437449041509,0.3378107975346336,0.680891197074887,0.05
663,0.3880499999999999,False,1,0.0,0.207,0.8766999999999999,76.9,0.0,0.0,0.0,1.8855119844227743,0.33473752057435013,2.165979302056649,1.2494747429217214,0.3631862085629092,0.33799140951125195,0.3884551918998703,0.7808916912410027,0.05
664,0.3865499999999999,False,1,0.0,0.19859999999999997,0.9344999999999999,90.0,0.0,0.0,0.0,1.7751883290306942,0.24200835257524825,1.7416183609247913,0.6453043011309431,0.27672644434769855,0.2745686039426325,0.16935587591256301,0.508067627737689,0.05
665,0.38675000000000004,False,1,0.0,0.19979999999999998,0.8703,74.15,0.0,0.0,0.0,1.8743817999846286,0.32983710491289525,1.9444594145517133,0.970803341216891,0.35788232340955284,0.35397032546921475,0.25156528287567764,0.5433642442199187,0.05
666,0.41969999999999996,False,1,0.0,0.18749999999999997,0.9327,70.2,0.0,0.0,0.0,1.7911191396094857,0.2901738824329673,1.7804040159908872,0.6458104546622058,0.2756795181912385,0.282421211747508,0.20298977860900416,0.5206656303360537,0.05
667,0.33535,False,1,0.0,0.09220000000000002,0.9385,90.0,0.0,0.0,0.0,1.6936724263999348,0.30448941162459026,1.6680199949247019,0.3339833433419537,0.16952788189336948,0.28220883993177337,0.07990031046163817,0.23970093138491455,0.05
668,0.4353,False,1,0.0,0.26389999999999997,0.8067,50.0,0.0,0.0,0.0,1.910972413807663,0.32796902011368156,2.2469829355596325,1.215469689510666,0.43299598537457806,0.34299939653638706,0.5010782428473103,0.8202837374990689,0.05
669,0.37189999999999995,False,1,0.0,0.22549999999999998,0.8157,74.35,0.0,0.0,0.0,1.999243750265924,0.45450438722019676,2.3155490384364277,1.25422532071905,0.45542674516868703,0.43260467582120954,0.5446576762752153,0.8370105629327158,0.05
670,0.39680000000000004,False,1,0.0,0.1242,1.0,82.65,0.0,0.0,0.0,1.6735149226063157,0.14145047849641967,1.5032,0.008646386528486889,0.1461464603238304,0.11448501919488169,9.213676582652103e-206,0.0,0.05
671,0.43615000000000004,False,1,0.0,0.20429999999999998,0.9480000000000001,70.0,0.0,0.0,0.0,1.7849337099936697,0.37774126204797426,1.765154657087122,0.7524015674706231,0.27108112824284725,0.3011012684658953,0.18255234002837667,0.5476570200851301,0.05
672,0.4371999999999999,False,1,0.0,0.1944,1.0,80.0,0.0,0.0,0.0,1.730433033309503,0.1428655234303079,1.5238999999999998,0.03123283528596149,0.2124315610674014,0.12156454907840479,1.2705181599936122e-208,0.0,0.05
673,0.37505,False,1,0.0,0.134,0.9361,80.0,0.0,0.0,0.0,1.7696769195680395,0.3193870073172395,1.644765865557313,0.2718562568954757,0.22519992572463168,0.29511771868798065,0.07983294138554836,0.23949882415664503,0.05
674,0.34685,False,1,0.0,0.2049,0.8088000000000001,80.0,0.0,0.0,0.0,1.9590902234860503,0.4813117133423024,2.359849125519302,1.2108532387686752,0.4321824259800845,0.4607801432299374,0.5728909016374365,0.8168684497431835,0.05
675,0.374,False,1,0.0,0.2052,0.8718,82.25,0.0,0.0,0.0,1.930323088077199,0.49421715567725893,2.2197358233084636,1.4310886412984936,0.3765847589467491,0.40240989655584597,0.4170253374734381,0.8349327329784979,0.05
676,0.35585,False,1,0.0,0.21989999999999998,0.7974,76.4,0.0,0.0,0.0,1.938796380090018,0.46752675959516743,2.290238493614103,1.1266845568703456,0.42926888026936866,0.421836194352421,0.562580174060391,0.8576523939954259,0.05
677,0.40914999999999996,False,1,0.0,0.17709999999999998,0.9324,72.8,0.0,0.0,0.0,1.7862407666752003,0.24693912159591044,1.8958693054633904,1.087513661505793,0.2670553631892113,0.26395531332808037,0.2434703471300499,0.7041484458861165,0.05
678,0.35174999999999995,False,1,0.0,0.12719999999999998,0.9362999999999999,90.0,0.0,0.0,0.0,1.7232649150357038,0.28883453571163026,1.627798955423875,0.3527545199682937,0.20794310278116152,0.27772304288425964,0.08232926057014786,0.2469877817104436,0.05
679,0.39815,False,1,0.0,0.1736,0.9429000000000001,80.05,0.0,0.0,0.0,1.7658770468517921,0.2883104373789056,1.8014896559686484,0.7770113895542645,0.24664668294256037,0.2962197359321554,0.1647183031123413,0.4941549093370239,0.05
680,0.36735,False,1,0.0,0.1347,1.0,100.0,0.0,0.0,0.0,1.6691634690846886,0.11385083053878926,1.5367000000000002,0.058237530854252414,0.15591382769007353,0.10060212862324269,1.4852277704805349e-214,0.0,0.05
681,0.40154999999999996,False,1,0.0,0.203,0.8801,70.0,0.0,0.0,0.0,1.8218190683570907,0.34430045662847325,2.0553954424987326,1.0664410576453205,0.3268485155056795,0.35874830037133937,0.3901300911780851,0.7816744406189612,0.05
682,0.43934999999999996,False,1,0.0,0.19010000000000002,1.0,77.85,0.0,0.0,0.0,1.7735562834549494,0.17750095833868096,1.5128,0.01781460075331465,0.23112354801020357,0.13876764837079436,9.093922246350302e-179,0.0,0.05
683,0.4007,False,1,0.0,0.199,0.932,82.4,0.0,0.0,0.0,1.7944981369320705,0.2668928986296451,1.7957325442926955,0.801895964512942,0.2792994040994317,0.27176171821805717,0.16191164238990016,0.4857349271697005,0.05
684,0.4262,False,1,0.0,0.195,0.9374,70.0,0.0,0.0,0.0,1.7486130853999047,0.18321748641909155,1.7994350607835568,0.7756619883128996,0.24523697107345988,0.23130607928340094,0.12590000000000048,0.34904339271786816,0.05
685,0.37365000000000004,False,1,0.0,0.1637,0.9422,89.65,0.0,0.0,0.0,1.7521007137752398,0.23220020663926086,1.6753273090055032,0.33054758055924743,0.23518203050562586,0.2611207728107331,0.1152882283851108,0.24902030942481515,0.05
686,0.4272,False,1,0.0,0.21559999999999996,1.0,90.3,0.0,0.0,0.0,1.7920168633732783,0.17949365084379973,1.5356002280481333,0.05187168018120535,0.24737591128726524,0.11332396287558072,3.4219706349223544e-211,0.0,0.05
687,0.4234,False,1,0.0,0.15499999999999997,1.0,77.05,0.0,0.0,0.0,1.7146380457875288,0.15859966654938945,1.5513555555565848,0.07431318112410182,0.17867217774295197,0.11986315496742239,0.017800000000000538,0.05340000000000161,0.05
688,0.382,False,1,0.0,0.1739,0.8701000000000001,70.0,0.0,0.0,0.0,1.7941478402707325,0.3120405795901932,1.7662777777543326,0.44510624958017037,0.2947069810755646,0.3208196170762298,0.16060000000000083,0.3192087718092982,0.05
689,0.36099999999999993,False,1,0.0,0.20859999999999998,0.8692,88.95,0.0,0.0,0.0,1.869561997301307,0.3028738284377876,1.8884890802610954,0.750118077127113,0.36311812585170455,0.33373942343962165,0.26117797066058823,0.5696017468785787,0.05
690,0.39379999999999993,False,1,0.0,0.2017,0.9330999999999999,86.8,0.0,0.0,0.0,1.8250840302239688,0.23165851921497657,1.792943156443855,0.8356340461452219,0.3070713007808926,0.2649293261275384,0.22984314391893226,0.6895294317567968,0.05
691,0.47869999999999996,False,1,0.0,0.198,1.0,60.15,0.0,0.0,0.0,1.7414336877866643,0.16007134691361333,1.5703223103784978,0.09420568733028466,0.2187874494308665,0.11969713390098712,0.003100000000000534,0.009300000000001604,0.05
692,0.40615,False,1,0.0,0.2487,0.7372,43.4,0.0,0.0,0.0,2.0500874699459777,0.461624180698093,2.3172174920317787,1.020114513056703,0.5176706230416352,0.4245172174598367,0.5762104670634669,0.7446268398363526,0.05
693,0.40355,False,1,0.0,0.1671,1.0,90.0,0.0,0.0,0.0,1.6933087927987465,0.09609507556447858,1.5383028246455723,0.05576500727074859,0.18902064551389502,0.1003690387667222,4.1431656891344276e-206,0.0,0.05
694,0.45849999999999996,False,1,0.0,0.26349999999999996,0.8759,55.6,0.0,0.0,0.0,1.9110365054592955,0.30983193711198315,2.1998773404397687,1.3262141942103323,0.40664738942746137,0.31957183553776264,0.442441522702242,0.8851395513031654,0.05
695,0.33715000000000006,False,1,0.0,0.2325,0.6818000000000001,60.0,0.0,0.0,0.0,2.073258462957889,0.4794413249152218,2.7949675789148922,1.302731715388836,0.5739218063680641,0.48671813803163994,1.0001667559520442,1.0088506690671624,0.05
696,0.43104999999999993,False,1,0.0,0.18209999999999998,1.0,80.0,0.0,0.0,0.0,1.6778427124049808,0.11660034475039642,1.5256000000009624,0.05353914456044715,0.18021749180063812,0.10742203282267358,9.324533578061537e-207,0.0,0.05
697,0.42919999999999997,False,1,0.0,0.2104,1.0,88.0,0.0,0.0,0.0,1.7191112796994052,0.13458770832699704,1.5769000000000002,0.07062216365985971,0.2106669224246574,0.11857443533580533,1.0350526925541321e-172,0.0,0.05
698,0.4317500000000001,False,1,0.0,0.2611,0.804,50.4,0.0,0.0,0.0,1.9842441604953134,0.37016343332110146,2.4686315389977453,1.53919087935746,0.47152252790395527,0.36870820664537934,0.5323406328438594,0.8096434581263623,0.05
699,0.40855,False,1,0.0,0.25129999999999997,0.807,60.3,0.0,0.0,0.0,1.9799116390783165,0.3573553079603545,2.2481384991909907,1.1312285764850099,0.45193198415438385,0.36179965438408507,0.5647501964354318,0.8733130785526989,0.05
700,0.3944,False,1,0.0,0.17659999999999998,0.9321999999999999,80.0,0.0,0.0,0.0,1.7665875064777203,0.22299480328359547,1.690356886054174,0.33558639780738875,0.2637713708164114,0.257625928210845,0.07960000000000028,0.23880000000000084,0.05
701,0.3439000000000001,False,1,0.0,0.1576,0.8672000000000001,84.25,0.0,0.0,0.0,1.9009963506963277,0.5253787447968695,2.015632027256303,1.0950326474628256,0.34902640600094775,0.4299529125958938,0.29069869661715886,0.5942371157863874,0.05
702,0.4017,False,1,0.0,0.1634,1.0,90.0,0.0,0.0,0.0,1.6662391835653243,0.112856963325096,1.525994618055606,0.0327987643250113,0.16268497531230902,0.10585349647778462,2.0215872788386398e-175,0.0,0.05
703,0.4045500000000001,False,1,0.0,0.1552,0.9339000000000001,70.0,0.0,0.0,0.0,1.7273401303240377,0.26135429984099506,1.7787852763703953,0.7688577755890738,0.21778444515437384,0.2789199885708414,0.17936334317559044,0.5380900295267714,0.05
704,0.45304999999999995,False,1,0.0,0.26630000000000004,0.8712,57.85,0.0,0.0,0.0,1.940402033946636,0.36294185139659857,1.9905937641870626,0.9228573376580431,0.4308254309205616,0.3494151475395098,0.3555166031162065,0.7114397229114897,0.05
705,0.4233,False,1,0.0,0.23169999999999996,0.9349000000000001,80.0,0.0,0.0,0.0,1.8225586279400372,0.2394180791748671,1.7064948612685291,0.6059412232496766,0.3169533732908839,0.2444876729164047,0.17765734688073417,0.5329720406422026,0.05
706,0.3707,False,1,0.0,0.22579999999999995,0.746,57.6,0.0,0.0,0.0,1.9589010443067145,0.4069532789984105,2.39101992821047,1.1342783314608307,0.4669247614383088,0.4093619379229489,0.6779969542460146,0.8953491557732247,0.05
707,0.4413999999999999,False,1,0.0,0.18839999999999998,0.9343999999999999,60.0,0.0,0.0,0.0,1.7540021977205746,0.22904806775475106,1.7918514170874134,0.8244959112125916,0.25905384617908006,0.2646679624264343,0.08499999999999999,0.255,0.05
708,0.40245000000000003,False,1,0.0,0.22920000000000001,0.9357,90.0,0.0,0.0,0.0,1.8042420499700338,0.18627122061416157,1.741529739850431,0.5622390816026888,0.30059683108168644,0.2236240384786446,0.1880754166119551,0.49939878206282734,0.05
709,0.38515000000000005,False,1,0.0,0.1689,0.8766,68.8,0.0,0.0,0.0,1.9191990861347084,0.48679641556234715,2.08002857896469,0.9294593652076143,0.3471646407386035,0.4005308701759335,0.40502331369874583,0.7300262424821601,0.05
710,0.34240000000000004,False,1,0.0,0.1986,0.8088000000000001,80.65,0.0,0.0,0.0,2.011144578417156,0.5130567865527448,2.395742828607362,1.3086189154720982,0.46460443154063674,0.487544177253407,0.5428707206125734,0.8347566836039878,0.05
711,0.44049999999999995,False,1,0.0,0.2577,0.8641,60.2,0.0,0.0,0.0,1.9565642166213233,0.34488539713883887,1.9516976457589272,0.8656614936103599,0.421129364572825,0.31186808488070594,0.29419059882619875,0.6241817332206887,0.05
712,0.40574999999999994,False,1,0.0,0.16899999999999998,0.9369,73.6,0.0,0.0,0.0,1.723830448271079,0.2390005246077945,1.803735215707632,0.7677524730017345,0.2375695700862613,0.2707711929028234,0.16581889987716514,0.49745669963149536,0.05
713,0.38839999999999997,False,1,0.0,0.2488,0.806,69.5,0.0,0.0,0.0,1.9595714626028276,0.3897123323741343,2.198739311010051,1.1507443581570416,0.43703324081059247,0.3595124760699795,0.41750313242525544,0.6822622884412992,0.05
714,0.35414999999999996,False,1,0.0,0.17909999999999998,0.8092,70.0,0.0,0.0,0.0,1.8307118433114493,0.3366836813920757,2.3207593175316266,1.2886161463795063,0.3400947862930881,0.3709984324146212,0.5428185475398302,0.8316858135231935,0.05
715,0.3618,False,1,0.0,0.2293,0.8789,96.15,0.0,0.0,0.0,1.9982694310629452,0.4588247308819217,2.0453847164357146,1.041735513261423,0.4206226166007864,0.39282510542678,0.3900461397822059,0.7688629571326652,0.05
716,0.40859999999999996,False,1,0.0,0.2,0.9378,80.15,0.0,0.0,0.0,1.809613903142879,0.21238707073651256,1.6517111111137848,0.3354501055796443,0.2904410356258476,0.22985141467980805,0.07980000000000038,0.23940000000000114,0.05
717,0.40454999999999985,False,1,0.0,0.19429999999999997,0.9347999999999999,80.0,0.0,0.0,0.0,1.7975869160390652,0.27347645471013515,1.8099471846943356,0.7984031536753853,0.2689069589401782,0.267914090939801,0.088,0.264,0.05
718,0.39470000000000005,False,1,0.0,0.2171,0.8123000000000001,60.0,0.0,0.0,0.0,1.9337080085950742,0.45610600637071147,2.3532046092011276,1.2886576660781828,0.4239017699659545,0.4290848165764692,0.5171104579916103,0.792629228210463,0.05
719,0.4182,False,1,0.0,0.19970000000000002,0.8766999999999999,60.0,0.0,0.0,0.0,1.8217280908872255,0.3637807892669822,1.999582983460261,0.9689440546370074,0.3187279618949861,0.3459423726908724,0.32921919833467755,0.6590237085730853,0.05
720,0.4293,False,1,0.0,0.2733,0.7491,40.95,0.0,0.0,0.0,2.0926660275110653,0.44201747504002864,2.4622543792061293,1.203687258657191,0.5581714898547561,0.43605422445953246,0.7168289034601873,0.9514910279136889,0.05
721,0.37075,False,1,0.0,0.09670000000000001,1.0,88.8,0.0,0.0,0.0,1.6485615552552684,0.11795109296279961,1.5217117187500007,0.0322990588827587,0.12667755464003486,0.11362840441896822,0.002400000000000318,0.007200000000000955,0.05
722,0.41625,False,1,0.0,0.2824,0.7981,62.0,0.0,0.0,0.0,2.020576910204107,0.3675199469013316,2.3055983620523475,1.2228563015689886,0.5214520482295184,0.3806563908988707,0.5851366150661923,0.901890509747785,0.05
723,0.42379999999999995,False,1,0.0,0.2121,0.8755,60.0,0.0,0.0,0.0,1.8546276305134686,0.35073201827869466,1.7535108190136621,0.44950418215978893,0.3515728779212362,0.3467310335672274,0.159800000260589,0.31960000052117804,0.05
724,0.42195000000000005,False,1,0.0,0.1839,0.9400000000000001,70.0,0.0,0.0,0.0,1.7790279490419791,0.30229432215675595,1.8136132568712937,0.7096459320854486,0.26127509214832817,0.2998960099790785,0.2072247151304519,0.5161898719566917,0.05
725,0.4804499999999999,False,1,0.0,0.25470000000000004,0.8661999999999999,40.0,0.0,0.0,0.0,1.868343507628003,0.26922567342387665,1.848970728179293,0.6798093649844866,0.3956785305755924,0.3199220119198318,0.23460473790955674,0.49827607460521633,0.05
726,0.39990000000000003,False,1,0.0,0.11980000000000002,1.0,80.0,0.0,0.0,0.0,1.645147643078347,0.11275345318165793,1.5505,0.05776201173781954,0.13258413417425446,0.10562027697646885,2.4917986998795975e-207,0.0,0.05
727,0.41305000000000003,False,1,0.0,0.20750000000000002,0.8682000000000001,62.4,0.0,0.0,0.0,1.8867221633186475,0.3963161681189207,2.1210871379166663,1.252419474658025,0.3695357008387271,0.3845554692302479,0.4130398431083366,0.8261337923884962,0.05
728,0.40654999999999997,False,1,0.0,0.1984,0.9347,80.0,0.0,0.0,0.0,1.8249480001615517,0.3019203230117925,1.836637065911822,0.9374052863149634,0.3006869240964464,0.2981783051013912,0.17909963247609414,0.5372988974282824,0.05
729,0.41195000000000004,False,1,0.0,0.2551,0.7464000000000001,44.4,0.0,0.0,0.0,1.9777516302325435,0.3317125928570872,2.3823368391142115,1.221383740412819,0.5057472555349223,0.38077556766629583,0.5310145400051305,0.7324422238949745,0.05
730,0.39990000000000003,False,1,0.0,0.1739,0.9347,77.2,0.0,0.0,0.0,1.762657261888387,0.28105270204494376,1.812631804960942,0.8148666150656899,0.2513542954661704,0.27856226725212363,0.22114291607204942,0.636565052232549,0.05
731,0.42335,False,1,0.0,0.1862,0.9405000000000001,70.0,0.0,0.0,0.0,1.7522954444678978,0.2890885769033889,1.7654999742194089,0.7211927982801594,0.2511758084892302,0.2788483079945629,0.1915888631082975,0.5378415857996444,0.05
732,0.3959999999999999,False,1,0.0,0.17229999999999998,0.8773,64.4,0.0,0.0,0.0,1.8033912621822772,0.33935854718071107,2.024936610537903,0.9886632984676177,0.2857102398612328,0.3487654204424388,0.3666046359190497,0.6983531478141913,0.05
733,0.38954999999999995,False,1,0.0,0.30179999999999996,0.6900999999999999,53.2,0.0,0.0,0.0,2.2093115217777046,0.48177976853886967,2.6549162609485486,1.1797554956943512,0.6710270605696389,0.4583197302594934,0.7888386985278089,0.8487567180511635,0.05
734,0.3837,False,1,0.0,0.1274,1.0,90.0,0.0,0.0,0.0,1.659065678172346,0.0882539732269645,1.5362258128590056,0.044498880440890086,0.1459159406268164,0.09878611646638381,4.941372798274914e-209,0.0,0.05
735,0.4288,False,1,0.0,0.274,0.7436,40.0,0.0,0.0,0.0,2.064168114766579,0.4125847234583421,2.4812191148568994,1.2843952863974992,0.5503531594673345,0.4032793295340763,0.641557553278548,0.8412956057895101,0.05
736,0.38760000000000006,False,1,0.0,0.2057,0.8703,75.2,0.0,0.0,0.0,1.8780927833120913,0.32386459088409597,2.09627085302838,1.17905965039068,0.35251057042528744,0.33455881234440626,0.35963122083368726,0.7201478892166912,0.05
737,0.44155,False,1,0.0,0.258,0.8724999999999999,61.85,0.0,0.0,0.0,1.963709140453712,0.32555397360228217,2.1019622323448766,1.1301609691616064,0.4212807249063514,0.30422818865868745,0.4372671459362252,0.8825877127064867,0.05
738,0.42115,False,1,0.0,0.18519999999999998,0.9371,70.0,0.0,0.0,0.0,1.7584985398879034,0.25200432000676043,1.8718315674959292,0.8550679074103857,0.24508047673115083,0.25061704245294375,0.1421000000000013,0.33794805813911694,0.05
739,0.37984999999999997,False,1,0.0,0.15969999999999998,1.0,100.0,0.0,0.0,0.0,1.7141047332314674,0.1691071127459198,1.5646482638888894,0.0753335840199666,0.1890876032209144,0.14077961319257076,0.0018000000000003096,0.00540000000000093,0.05
740,0.4629,False,1,0.0,0.26839999999999997,0.8124,38.75,0.0,0.0,0.0,2.038484844012201,0.4621109668019272,2.2201415605271264,1.195706958727364,0.48900342101280686,0.40360315932980695,0.35516367641598084,0.5750951372178559,0.05
741,0.36960000000000004,False,1,0.0,0.16770000000000002,0.8919,80.1,0.0,0.0,0.0,1.9218206278265246,0.529042702644053,1.862099031375466,0.7492805154475879,0.3270945631085449,0.3961605146355197,0.2419060010754155,0.5181129978072149,0.05
742,0.4059,False,1,0.0,0.1718,1.0,90.0,0.0,0.0,0.0,1.7194553439220404,0.1465638382114822,1.5327888888888928,0.04412408009743786,0.1995137893634011,0.12595129270630004,0.008200000000000401,0.024600000000001204,0.05
743,0.46135000000000004,False,1,0.0,0.20270000000000002,1.0,70.0,0.0,0.0,0.0,1.7393861569577875,0.13853970955010714,1.5490000000000008,0.06345076831686133,0.2302135691203869,0.11209843732408409,2.5516018776040837e-204,0.0,0.05
744,0.35375,False,1,0.0,0.1693,0.8182,70.0,0.0,0.0,0.0,1.8451885271977655,0.33673862846857044,1.8526113828657962,0.5243945867287618,0.3488377109653836,0.3640576910908983,0.2392000038836858,0.36538413257886204,0.05
745,0.35209999999999997,False,1,0.0,0.17170000000000002,0.8029,67.6,0.0,0.0,0.0,1.8585805509220268,0.364857015326634,2.2765217540487286,1.2376028102146037,0.35882299738006873,0.3838367546341358,0.45014982305172824,0.7586379470295286,0.05
746,0.3718,False,1,0.0,0.19839999999999997,0.8678000000000001,80.65,0.0,0.0,0.0,1.9823907203695874,0.5041501303367947,2.048661395692214,1.1339688419674276,0.40343187398229424,0.44399758838168163,0.2713391737954166,0.5762969812125873,0.05
747,0.36615000000000003,False,1,0.0,0.22479999999999997,0.7575000000000001,62.5,0.0,0.0,0.0,2.0670881849560616,0.4695110774548355,2.3210664589149066,1.1583197795807054,0.5192623786356171,0.44900556822731974,0.5602999931268975,0.7906208350471915,0.05
748,0.38280000000000003,False,1,0.0,0.127,1.0,90.35,0.0,0.0,0.0,1.664937637728387,0.09785454972590413,1.5119,0.018206866836443847,0.14719471700005352,0.09245089858592434,9.693421137612674e-220,0.0,0.05
749,0.41635,False,1,0.0,0.1529,1.0,80.05,0.0,0.0,0.0,1.7065790577066244,0.1708679528345862,1.5206000000000004,0.03608933360426653,0.16895891918988798,0.140438046828434,6.024796892300085e-183,0.0,0.05
750,0.4030999999999999,False,1,0.0,0.2156,0.8705999999999999,70.0,0.0,0.0,0.0,1.9099841321389686,0.40760013611385526,1.9437008156570599,0.9609856707261183,0.3781224912889723,0.3678436558568396,0.25135277751722207,0.5429600603611746,0.05
751,0.39779999999999993,False,1,0.0,0.20919999999999997,0.8664,70.0,0.0,0.0,0.0,1.893963459099194,0.40919603357703455,2.280478680488107,1.5604676596079272,0.378348999409547,0.37172557971260645,0.40738454867692253,0.8149364088167727,0.05
752,0.4554999999999999,False,1,0.0,0.23359999999999997,0.9349999999999999,64.4,0.0,0.0,0.0,1.825247147445506,0.2289523184345735,1.63957000980342,0.3372514846019878,0.3113983341562446,0.23648298848838295,0.0798000072873366,0.23940002186200982,0.05
753,0.399,False,1,0.0,0.21340000000000003,0.8732,72.15,0.0,0.0,0.0,1.900392357090339,0.4371172015800167,2.0643028179588887,0.9966646655361214,0.37363651085475935,0.386637836779849,0.35146632493530466,0.7053348993831423,0.05
754,0.44265000000000004,False,1,0.0,0.29100000000000004,0.7623,42.0,0.0,0.0,0.0,2.077435001834071,0.42990024813540606,2.276576952508358,1.0434754778540871,0.5653901605209389,0.4165525518320903,0.5028757717113381,0.7106788415376213,0.05
755,0.4664,False,1,0.0,0.21400000000000002,1.0,70.3,0.0,0.0,0.0,1.7600138332135782,0.17363147085469052,1.525338368331062,0.02652033202341011,0.232161656763827,0.13117194116776792,0.0020000000000003127,0.006000000000000937,0.05
756,0.3899,False,1,0.0,0.22139999999999999,0.8656,76.8,0.0,0.0,0.0,1.9012162678037494,0.3109934435568674,1.873369042169718,0.6767597386530014,0.3849950831566636,0.33169510025889826,0.24231379335345488,0.5187212696796345,0.05
757,0.38655000000000006,False,1,0.0,0.1564,0.9367000000000001,80.0,0.0,0.0,0.0,1.7390867228163376,0.2628049977667764,1.8137884500725814,0.8172392982521399,0.23004993788222272,0.27075428109092925,0.18904503335702522,0.5384089393096133,0.05
758,0.3292,False,1,0.0,0.2023,0.7423,71.55,0.0,0.0,0.0,2.030213599225982,0.5265164175693822,2.820546640073606,1.8120272443779342,0.5104152471405999,0.4915851629694192,0.6086730902248976,0.7978904319094612,0.05
759,0.4534,False,1,0.0,0.18700000000000003,1.0,70.05,0.0,0.0,0.0,1.7364265770144822,0.15134871073389905,1.5207000000761386,0.0482701773464731,0.21088616735466256,0.12470909447369727,2.6419218262655934e-198,0.0,0.05
760,0.4286,False,1,0.0,0.2426,0.9353999999999999,80.2,0.0,0.0,0.0,1.8624058824117882,0.23636154909671406,1.791321684790955,0.8162098545031969,0.3409892417209734,0.26081697443610363,0.22182168479095482,0.6654650543728644,0.05
761,0.3848999999999999,False,1,0.0,0.24359999999999998,0.8061999999999999,70.0,0.0,0.0,0.0,2.0137908870021435,0.543168710469473,2.2870896436546864,1.1657916474149461,0.48277088704634064,0.4641874733345418,0.5614218265916483,0.8520844244960157,0.05
762,0.3698000000000001,False,1,0.0,0.20350000000000001,0.9341000000000002,99.5,0.0,0.0,0.0,1.8569466269559634,0.29272693967270597,1.8161204546553187,0.8563372847025758,0.3172212618212974,0.305742482315423,0.11680000000000054,0.3221368653228003,0.05
763,0.37535,False,1,0.0,0.2644,0.6927,51.6,0.0,0.0,0.0,2.1174537017813706,0.49392233328875745,2.782360019554805,1.3890843702092817,0.5939711491894893,0.4694388432273406,0.8957648142280968,0.9642901460002271,0.05
764,0.38954999999999995,False,1,0.0,0.1888,0.8703,70.0,0.0,0.0,0.0,1.7821926158588242,0.2807768274126244,2.0269705001920015,0.9902957651551861,0.3001372332990429,0.32676404542436854,0.34135923405050966,0.6827648275089357,0.05
765,0.4405,False,1,0.0,0.1846,0.9364000000000001,60.0,0.0,0.0,0.0,1.7944029165221203,0.3070153500048125,1.6400235187945504,0.33317752965408837,0.2617655262936419,0.2696404644056174,0.08038459408020927,0.24115378224062783,0.05
766,0.45515,False,1,0.0,0.1935,0.9376,55.2,0.0,0.0,0.0,1.7836038952351152,0.2560522382214055,1.7904990086696972,0.7078792007611525,0.26544831994794443,0.27480877705000845,0.18129890038146954,0.5438967011444087,0.05
767,0.30970000000000003,False,1,0.0,0.24420000000000003,0.7372,90.5,0.0,0.0,0.0,2.0107896322064494,0.42111087526701746,2.638275173579745,1.3704296984657063,0.5149788196714373,0.42482914670676103,0.7644524925531616,0.9620572786997296,0.05
768,0.42755,False,1,0.0,0.2186,0.8765000000000001,60.0,0.0,0.0,0.0,1.840292210043883,0.36093544139916195,1.830714332833154,0.6791880589136814,0.3508013404610004,0.36597602937155244,0.25810836025702333,0.526688597826135,0.05
769,0.42704999999999993,False,1,0.0,0.22369999999999995,0.9343999999999999,76.0,0.0,0.0,0.0,1.7510147227896204,0.19585366765992474,1.9533425993704785,1.2521106157311777,0.2793477090143206,0.23130065169172592,0.1853641756527112,0.5560925269581336,0.05
770,0.37585,False,1,0.0,0.2051,0.8666,80.0,0.0,0.0,0.0,1.8724033922073968,0.32194539679873485,2.008086030523438,0.9611903658450403,0.3660771874719543,0.35673502896370846,0.3625817363528479,0.7355945686060792,0.05
771,0.43474999999999997,False,1,0.0,0.24720000000000003,0.8703,62.0,0.0,0.0,0.0,1.8995738360612475,0.2949950755483251,1.9180540068026182,0.9164705195233337,0.40941225166593764,0.310475841879676,0.2579118795566159,0.5612414350089034,0.05
772,0.35334999999999994,False,1,0.0,0.1763,0.8103999999999999,70.0,0.0,0.0,0.0,1.9218509009911238,0.45472489564378465,2.097410875943825,0.9463610192668034,0.3959061410741489,0.4449516264986508,0.42382711570529724,0.6950879759767461,0.05
773,0.43625,False,1,0.0,0.23290000000000002,0.9372,74.4,0.0,0.0,0.0,1.7896188577386596,0.2603702655694042,1.7751089942955178,0.7570398207314887,0.2993753168586232,0.256748878205462,0.2044955335905024,0.587048996210449,0.05
774,0.4052999999999999,False,1,0.0,0.1722,0.9343999999999999,74.0,0.0,0.0,0.0,1.7564844025623103,0.22202512810924824,1.780322059804229,0.7373165034330786,0.24209359950159773,0.24701991611860177,0.18100981596842516,0.5162752865221085,0.05
775,0.39574999999999994,False,1,0.0,0.1809,0.9353999999999999,81.2,0.0,0.0,0.0,1.7505742995612947,0.22512099901419008,1.9139994506966918,1.1000044050619575,0.25712301410864563,0.2540650115473189,0.232236751147426,0.6352919685608102,0.05
776,0.38964999999999994,False,1,0.0,0.22760000000000002,0.8717,80.0,0.0,0.0,0.0,1.8653867301443863,0.3407519848779621,2.04612957533081,1.0296240700213701,0.3782589709874663,0.35656810754912976,0.3995698746657929,0.797268907793471,0.05
777,0.39760000000000006,False,1,0.0,0.23010000000000003,0.8051,60.0,0.0,0.0,0.0,1.9599278344802211,0.3438928962402359,1.8779464525807446,0.5053298834619703,0.45799219319424217,0.37145032199151895,0.23963453444975266,0.36604783687973735,0.05
778,0.3526499999999999,False,1,0.0,0.20469999999999997,0.8162,78.9,0.0,0.0,0.0,1.9269837443613629,0.44890682108150354,2.2001642531929737,1.0875668912850491,0.4034682502892391,0.42511695494783786,0.47333451246421926,0.7905048566561887,0.05
779,0.43629999999999997,False,1,0.0,0.21309999999999998,0.9407,70.3,0.0,0.0,0.0,1.8387909109974252,0.3199741894387204,1.7958216415522759,0.8000398334640456,0.29046259297445604,0.2540878014929033,0.11499999999999999,0.34500000000000003,0.05
780,0.33715,False,1,0.0,0.09630000000000001,0.9380000000000001,90.0,0.0,0.0,0.0,1.664071876621038,0.18206939814956127,1.6564006264375375,0.3388983769121077,0.16470162957788717,0.23347304363804142,0.08150000000003452,0.23921423452639484,0.05
781,0.41475000000000006,False,1,0.0,0.2519,0.9390000000000001,90.35,0.0,0.0,0.0,1.9091707220688001,0.3107970481853665,1.7951599366131235,0.7907540513655161,0.3615803023216436,0.28076107149774426,0.22953146439089406,0.662357308411638,0.05
782,0.3228,False,1,0.0,0.20929999999999999,0.6763,60.0,0.0,0.0,0.0,2.009451244760952,0.42695367529200673,2.652790754207982,1.225121614621223,0.5316764326110721,0.4598583613682166,0.7368395983974335,0.7978022872611937,0.05
783,0.45010000000000006,False,1,0.0,0.24420000000000003,0.8800000000000001,56.0,0.0,0.0,0.0,1.9112508941703097,0.33238446889677126,2.095140730183233,1.1731441346107752,0.3762312734346469,0.3259298247446286,0.41952121520927455,0.8514060880141222,0.05
784,0.3863,False,1,0.0,0.14329999999999998,0.9493,80.0,0.0,0.0,0.0,1.7377736733700062,0.3345105051569456,1.639640582457599,0.3389679392696877,0.20935687304860587,0.28357583273534664,0.07990062314694671,0.2397018694408401,0.05
785,0.45999999999999996,False,1,0.0,0.24900000000000003,0.8709999999999999,50.0,0.0,0.0,0.0,1.8680248129158474,0.31987258055971013,2.069064847780933,1.0375485372603117,0.39382881656272545,0.34275392554503775,0.38712095009078495,0.7640499092436368,0.05
786,0.38995,False,1,0.0,0.27,0.6897,44.95,0.0,0.0,0.0,2.181967667056486,0.4184203102667122,2.3965684671392316,1.0264033823996201,0.6466289770169708,0.416879561806498,0.5827050990869802,0.6655214734378164,0.05
787,0.39469999999999994,False,1,0.0,0.2189,0.9327,90.55,0.0,0.0,0.0,1.8954597089599716,0.3865169546951997,1.810284660452312,0.8248366537163924,0.3296802510909808,0.29322004940804963,0.23468466045231193,0.7040539813569358,0.05
788,0.44679999999999986,False,1,0.0,0.20020000000000002,0.9347999999999999,60.35,0.0,0.0,0.0,1.7484223943871775,0.21303448859532417,1.7790298061389263,0.6773282267376171,0.26766817530344234,0.2462666141929748,0.15394052285454077,0.46182156856362233,0.05
789,0.5382,False,1,0.0,0.2615,0.9349000000000001,30.0,0.0,0.0,0.0,1.8250116965164849,0.2706189675345956,1.80572820215137,0.7888363611284106,0.3347294697139595,0.2631459098040622,0.21256153548470333,0.6376846064541101,0.05
790,0.4024500000000001,False,1,0.0,0.25520000000000004,0.7511000000000001,50.35,0.0,0.0,0.0,2.0355384080331715,0.4148080840184489,2.602264088787229,1.322977212123446,0.5207267907854309,0.4191406194152262,0.7958560841608909,0.9923139684324622,0.05
791,0.3438,False,1,0.0,0.20919999999999997,0.7584000000000001,70.0,0.0,0.0,0.0,2.059224083306191,0.5713338945311496,2.396977932503914,1.09576356432681,0.48572653802317234,0.47322925859856674,0.5749755344997636,0.7667168348516024,0.05
792,0.41964999999999997,False,1,0.0,0.1593,1.0,80.0,0.0,0.0,0.0,1.7214958317586517,0.15805459467588176,1.554923350694493,0.06726543421356612,0.18662229817189796,0.1262385125530098,0.0022000000000003154,0.006600000000000947,0.05
793,0.43320000000000003,False,1,0.0,0.1464,1.0,70.0,0.0,0.0,0.0,1.6603962845330114,0.08623331487235669,1.5254,0.04472404275107519,0.15103035690368982,0.10989183647686558,5.800691027444619e-190,0.0,0.05
794,0.41345,False,1,0.0,0.23959999999999998,0.8817,73.6,0.0,0.0,0.0,1.8763664801546507,0.3250245405805282,2.149718611099595,1.288087504357623,0.3649212481460043,0.3277799570263106,0.4071881257700552,0.8143795136502445,0.05
795,0.3749,False,1,0.0,0.13840000000000002,0.9314,80.0,0.0,0.0,0.0,1.7162254840153999,0.2561924324861339,1.7352637258829682,0.6193274884627581,0.2151209655516207,0.287455469786231,0.16077775633542396,0.4823332690062718,0.05
796,0.37749999999999995,False,1,0.0,0.1996,0.8754,80.0,0.0,0.0,0.0,1.8596272047555928,0.4240746750625547,2.040145098668115,1.004927783331585,0.3205838570191622,0.3531786882364092,0.3953320285930254,0.7943225996949772,0.05
797,0.4092500000000001,False,1,0.0,0.1907,0.8678000000000001,60.0,0.0,0.0,0.0,1.8315603297048866,0.3279572539405695,2.1284939071317694,1.1740036714888775,0.32978780202018043,0.34832956649217445,0.3625428822065293,0.7204367426278644,0.05
798,0.40780000000000005,False,1,0.0,0.2355,0.8809000000000001,75.2,0.0,0.0,0.0,1.8712661297799595,0.3682396272165126,2.0243230244229964,0.9673551667449242,0.35400829099754444,0.34384477116974016,0.37456224260437143,0.7509391875555192,0.05
799,0.3718999999999999,False,1,0.0,0.26539999999999997,0.8288,87.6,0.0,0.0,0.0,1.9858820343597365,0.4762146636480143,2.473472164864514,1.5720796611663923,0.44758328018504434,0.41305688070105095,0.5498574739646432,0.842663664769208,0.05
800,0.39880000000000004,False,1,0.0,0.15940000000000001,0.9358000000000001,74.4,0.0,0.0,0.0,1.7423042787813856,0.2470332347024417,1.8157997850336145,0.8643752160596786,0.2333596936783299,0.25448960790933967,0.18466682652821778,0.5540004795846533,0.05
801,0.44984999999999997,False,1,0.0,0.2648,0.8121,44.3,0.0,0.0,0.0,1.9562881883903374,0.388404918288729,2.209738340378531,1.091959417964097,0.4559947635449966,0.3788244124862792,0.35749909447107414,0.5937476077554019,0.05
802,0.42845,False,1,0.0,0.1369,1.0,70.0,0.0,0.0,0.0,1.648201417975122,0.07709097947710213,1.526668229166667,0.04985243872643198,0.14293449069043032,0.09465173395248716,1.4321485640025602e-220,0.0,0.05
803,0.4144,False,1,0.0,0.22820000000000001,0.933,83.1,0.0,0.0,0.0,1.7869373918430789,0.19392114233402752,1.7399933890706365,0.5944432884494609,0.30035995724598835,0.2416885546449538,0.17510149784861734,0.4619140675586976,0.05
804,0.39955,False,1,0.0,0.2654,0.7464999999999999,53.2,0.0,0.0,0.0,2.1404870538268264,0.5445132879095644,2.4373527627193528,1.2310671835384188,0.5689667514579998,0.46520837320774333,0.6508162717102258,0.838852895232161,0.05
805,0.37024999999999997,False,1,0.0,0.23420000000000002,0.8629,89.15,0.0,0.0,0.0,2.0331375477994533,0.6361017129643303,2.4745482372172063,1.881179561335995,0.4638723125952846,0.4766194386976734,0.3804021409353058,0.7620622768470634,0.05
806,0.4464499999999999,False,1,0.0,0.2177,0.8783999999999998,50.8,0.0,0.0,0.0,1.899876177779987,0.4055173786319894,1.8860777535593929,0.748703195954431,0.3760583162715102,0.39740458079131763,0.2715859305500211,0.5978493622149724,0.05
807,0.38835,False,1,0.0,0.18080000000000002,0.8759,70.0,0.0,0.0,0.0,1.9398786516498796,0.542265954543884,1.8904369296680297,0.7477625377671904,0.36991992571646237,0.44498061465653366,0.2604491789304145,0.5387642517094876,0.05
808,0.34925000000000006,False,1,0.0,0.14079999999999998,0.8777000000000001,80.0,0.0,0.0,0.0,1.7684134557292157,0.35203825540235734,1.7512225752210857,0.4499146045644774,0.25292609438316116,0.336401673149278,0.16180000859746219,0.3181665773449673,0.05
809,0.3852,False,1,0.0,0.156,0.9352,80.2,0.0,0.0,0.0,1.762616568468206,0.25838221432888425,1.80159482633237,0.8394600782002271,0.2396730641228709,0.26587479699401056,0.20428210125636373,0.6128463037690911,0.05
810,0.47765000000000013,False,1,0.0,0.2189,0.9364000000000001,50.0,0.0,0.0,0.0,1.7815035872255542,0.23051073244423548,1.734591724749547,0.6041386655735433,0.27993955388155883,0.25592377205138017,0.1627864818320346,0.4883594454961037,0.05
811,0.3669,False,1,0.0,0.24829999999999997,0.8023,79.2,0.0,0.0,0.0,1.9887760182004104,0.3820662658582659,2.5251981760196562,1.6113245250062038,0.47150202492502996,0.3953630523138788,0.5515027318830971,0.846319839527906,0.05
812,0.40284999999999993,False,1,0.0,0.1484,0.9372999999999999,70.0,0.0,0.0,0.0,1.7110732423259016,0.23366311344648347,1.6533111111111995,0.33550609201291615,0.2127734497311886,0.25387039032815645,0.07980000000000027,0.2394000000000008,0.05
813,0.5007,False,1,0.0,0.22380000000000005,0.9376,40.0,0.0,0.0,0.0,1.8092970882119972,0.2423159085459549,1.652680418360929,0.3370402820584791,0.2959086911169709,0.25265428694800074,0.07950041516684629,0.2385012455005389,0.05
814,0.4856,False,1,0.0,0.2354,0.9366,50.2,0.0,0.0,0.0,1.84175858425474,0.22791128581117262,1.8117427013201204,0.7178552331039579,0.31786142054562083,0.22643820355078378,0.21016851638043216,0.6027052345162534,0.05
815,0.46710000000000007,False,1,0.0,0.24139999999999998,1.0,76.8,0.0,0.0,0.0,1.747413894959471,0.12592837033293527,1.5303142225597606,0.034316484798738146,0.24074719447999549,0.1210596493347857,0.006400000000000375,0.019200000000001126,0.05
816,0.3932000000000001,False,1,0.0,0.2836,0.7574000000000001,63.65,0.0,0.0,0.0,2.043400691940496,0.42091770576611165,2.573347589685446,1.2899313651977018,0.5368296325610695,0.4064213952226724,0.7464472088529415,0.9157425969374964,0.05
817,0.3516499999999999,False,1,0.0,0.1535,0.8699999999999999,80.05,0.0,0.0,0.0,1.857494259350431,0.4103437681088571,1.8595367902149864,0.7034063932851758,0.3130929626521638,0.3759621147289665,0.24710266824265323,0.5315279362603038,0.05
818,0.39460000000000006,False,1,0.0,0.1832,0.8724000000000001,66.6,0.0,0.0,0.0,1.852742517878918,0.43402236559129764,2.062346603088133,1.1008932941253036,0.3377185195434093,0.40718295379756414,0.34076222942626816,0.6818711010477474,0.05
819,0.4266499999999999,False,1,0.0,0.211,0.9414999999999999,74.8,0.0,0.0,0.0,1.8328852520109393,0.3711657605559946,1.635055555555556,0.3398623332403227,0.30630946015310434,0.3018576209163084,0.07990000000000022,0.23970000000000066,0.05
820,0.3981,False,1,0.0,0.15760000000000002,1.0,90.35,0.0,0.0,0.0,1.7072305876028793,0.16450758560497747,1.5214,0.050026393034077465,0.18427343772534296,0.13895913396770634,7.662478477709614e-174,0.0,0.05
821,0.37215000000000004,False,1,0.0,0.18699999999999997,0.9373000000000001,95.0,0.0,0.0,0.0,1.7784360691404248,0.2591644116074017,1.9436927189456028,1.2831408227914236,0.2662273720146396,0.25607452693711236,0.19298223311057722,0.5789466993317317,0.05
822,0.36095,False,1,0.0,0.11939999999999998,0.9417,84.8,0.0,0.0,0.0,1.7494384461102954,0.4340841777547348,1.7838390772340325,0.6979379692639636,0.20967044362665793,0.36069927271445407,0.17144115332844476,0.48074632209958795,0.05
823,0.39305,False,1,0.0,0.1951,0.9414,87.6,0.0,0.0,0.0,1.8068824688050564,0.32102289446182986,1.9376005148670945,1.209201543664542,0.2737860855192909,0.3006867587691311,0.19721100070211933,0.5916330021063579,0.05
824,0.38859999999999995,False,1,0.0,0.1614,0.9358000000000001,80.0,0.0,0.0,0.0,1.7324697723443379,0.24849376501389636,1.8008143479309537,0.7321398644327359,0.23863650179604695,0.2793700869342533,0.21717241325375394,0.5753920973486814,0.05
825,0.43789999999999996,False,1,0.0,0.23259999999999997,0.8834,60.05,0.0,0.0,0.0,1.8484129709243136,0.3044650417389997,2.0450348502731295,1.0938891015951206,0.3463265409505069,0.33785211833304907,0.3777480269682563,0.7565154780150324,0.05
826,0.4002499999999999,False,1,0.0,0.275,0.7446999999999999,54.8,0.0,0.0,0.0,2.0658099192494244,0.41178834979589696,2.2184740818040902,0.956149530975244,0.5395073245915114,0.37548959744630844,0.5496854281079068,0.7675916444190227,0.05
827,0.3682,False,1,0.0,0.1684,0.808,60.0,0.0,0.0,0.0,1.8404522523411786,0.34076037854583197,2.1833676317926214,0.9998320618695055,0.34440521233695,0.38270381891442823,0.34657043576076446,0.5606691123500702,0.05
828,0.3751,False,1,0.0,0.1775,0.8783,76.4,0.0,0.0,0.0,1.7748677181522634,0.31962077401349986,2.0574513288692815,0.9790799533914157,0.28813297787278747,0.34964452528864837,0.36320199372555606,0.7314448405030696,0.05
829,0.38055,False,1,0.0,0.29460000000000003,0.7474999999999999,70.25,0.0,0.0,0.0,2.050379920964557,0.3611780457932106,2.4775828492293943,1.2842088271286682,0.5766518127692739,0.3836961721979719,0.6610096925841656,0.8732542742375833,0.05
830,0.43790000000000007,False,1,0.0,0.2602,0.8028000000000001,46.8,0.0,0.0,0.0,1.9773169549395948,0.33486041514756565,2.3973029517856004,1.3201140468196955,0.47415572163730546,0.36985128932837,0.5147375871807778,0.7643466656772822,0.05
831,0.42125,False,1,0.0,0.20469999999999997,0.8778,60.0,0.0,0.0,0.0,1.804204756834818,0.30800147814374174,2.040644326460944,1.0468264178741389,0.309425257548995,0.3106076754702057,0.2832343728541654,0.5797766980375585,0.05
832,0.4569500000000001,False,1,0.0,0.2393,0.8746,50.0,0.0,0.0,0.0,1.8798478310341327,0.3161913468161252,1.840371406023089,0.704637339323655,0.3727712143856869,0.33665405221066874,0.24332959595921239,0.5182086561777952,0.05
833,0.41435,False,1,0.0,0.1688,0.9400999999999999,70.05,0.0,0.0,0.0,1.7808797692909444,0.2812741056780934,1.9082096773790522,0.9456811597959398,0.24961445155384268,0.2695150638194932,0.2601358479065219,0.6235833481755761,0.05
834,0.4019000000000001,False,1,0.0,0.2,0.8710000000000001,66.8,0.0,0.0,0.0,1.8031786887234507,0.2585239252799798,1.9773054384169668,1.067137368274921,0.31926023909093415,0.3128291840850258,0.24540000085999109,0.5272919897264197,0.05
835,0.37734999999999996,False,1,0.0,0.2205,0.7342,50.0,0.0,0.0,0.0,1.9768321750109883,0.3886452512668619,2.4293100957009597,1.1155391787101137,0.5008318352666474,0.4271699964467431,0.6059916322447714,0.7528893564135423,0.05
836,0.38434999999999997,False,1,0.0,0.2185,0.8705999999999999,80.1,0.0,0.0,0.0,1.9207675337552916,0.4193246184972231,1.9900334347500195,0.9699043309413086,0.37800071725249884,0.36151120053963004,0.38032819183250666,0.764506673741463,0.05
837,0.48069999999999996,False,1,0.0,0.2222,1.0,65.2,0.0,0.0,0.0,1.7457191349868324,0.16007915215252866,1.5251279516061156,0.026453097041275374,0.24324133660173505,0.12272808942553382,0.005000000000000356,0.015000000000001068,0.05
838,0.5288,False,1,0.0,0.21760000000000002,1.0,40.0,0.0,0.0,0.0,1.7208273274262385,0.11555360322405396,1.5261791687965398,0.0374639467050168,0.21247130698756203,0.112028961780976,0.0014000000000003042,0.004200000000000912,0.05
839,0.39369999999999994,False,1,0.0,0.24180000000000001,0.7455999999999999,50.0,0.0,0.0,0.0,1.9596064670735032,0.35310879934739325,2.217707785872007,0.9531174626486822,0.4826684920868468,0.3847860097063086,0.5181339201236002,0.708972738429222,0.05
840,0.42225,False,1,0.0,0.2183,0.9422,79.0,0.0,0.0,0.0,1.8207097559930048,0.2826576290860549,1.786530456270213,0.7928806102960478,0.29904189098991096,0.25311455883199724,0.1520703709931431,0.45421463555681585,0.05
841,0.34550000000000003,False,1,0.0,0.1718,0.8088000000000001,72.4,0.0,0.0,0.0,1.93238335601592,0.4869034542423509,2.2986190225639658,1.2013690796738483,0.39830247116975803,0.4519367938434363,0.5081323156225789,0.7868035794698077,0.05
842,0.34204999999999997,False,1,0.0,0.19319999999999998,0.7933,75.6,0.0,0.0,0.0,1.9646116787062013,0.39564570320573805,2.6200988828627283,1.5852596751312804,0.4324678474139906,0.4025922389691836,0.6550197892524526,0.8925708623741037,0.05
843,0.40374999999999994,False,1,0.0,0.1861,0.9414,80.0,0.0,0.0,0.0,1.742564901530971,0.2848603937456411,1.8658014679838686,0.9499640543755097,0.25159063564956563,0.2852557602817011,0.18536393319403077,0.5560917995820923,0.05
844,0.47900000000000004,False,1,0.0,0.26539999999999997,0.8126000000000001,30.0,0.0,0.0,0.0,1.9721245319417933,0.40109611101002207,2.108744472064582,0.958546900224107,0.4509307916827888,0.3745615392302888,0.47073868955528797,0.7845296314791543,0.05
845,0.38249999999999995,False,1,0.0,0.1762,0.9391999999999999,87.6,0.0,0.0,0.0,1.7611632923203557,0.28983590292015204,1.8277433803426184,0.8370359788604396,0.24947356929033954,0.2890049609990854,0.1947211581203959,0.5311409796671321,0.05
846,0.37159999999999993,False,1,0.0,0.1703,0.8753,75.6,0.0,0.0,0.0,1.8509949720929257,0.3855897823869953,1.8273097396004747,0.6694625256078464,0.32413280796480837,0.3734376169815992,0.2376502924985456,0.5025446596234837,0.05
847,0.3645999999999999,False,1,0.0,0.17409999999999998,0.8751,80.0,0.0,0.0,0.0,1.825175331196002,0.33967071012791955,1.8516449540930886,0.6844795903006325,0.3181099639686213,0.35345136142569294,0.2417004791499843,0.5169276191802588,0.05
848,0.36654999999999993,False,1,0.0,0.11739999999999999,0.9357,80.0,0.0,0.0,0.0,1.7076291452593844,0.24982426113328507,1.6414555555555563,0.33769888131950543,0.19630449552767193,0.2564298449442447,0.07990000000000033,0.23970000000000105,0.05
849,0.3548,False,1,0.0,0.1615,0.8681000000000001,80.0,0.0,0.0,0.0,1.8020560042152822,0.3226485906717523,2.0351560377139917,1.0568144558325128,0.31347915808244486,0.36474759051399186,0.3662184033008456,0.7351456619932372,0.05
850,0.38650000000000007,False,1,0.0,0.22579999999999995,0.8682000000000001,80.25,0.0,0.0,0.0,1.8537482879398919,0.2752920129971652,1.8964304432399441,0.7718886936462224,0.36506035749985405,0.3152667136830488,0.28768017230282383,0.5705856160446796,0.05
851,0.38815,False,1,0.0,0.1752,0.8811,70.0,0.0,0.0,0.0,1.8621090628942987,0.4394275108841689,2.0170723404450106,0.9871743110222146,0.3179172042923821,0.38274201381400247,0.3766723404450009,0.7533826137664922,0.05
852,0.3962500000000001,False,1,0.0,0.25040000000000007,0.8221,70.0,0.0,0.0,0.0,1.989519571396519,0.41953940032413894,2.352608033605942,1.200579719060748,0.4702014626727851,0.4245616421416247,0.5490290295551599,0.8528706805728304,0.05
853,0.42780000000000007,False,1,0.0,0.2044,0.8512000000000001,50.0,0.0,0.0,0.0,1.844810758558599,0.3242053895511164,2.132594786801797,1.003191396956459,0.35406334531706596,0.337393677707592,0.4335815005560769,0.7084452526414239,0.05
854,0.3659499999999999,False,1,0.0,0.1819,0.8699999999999999,80.0,0.0,0.0,0.0,1.8243561076059387,0.3299986441972638,1.8433850152762354,0.7169724354721266,0.31080843974060723,0.33489455390347284,0.2388740808006314,0.5094181555241686,0.05
855,0.38455,False,1,0.0,0.20189999999999997,0.82,63.2,0.0,0.0,0.0,1.9372687985038461,0.4350445238105867,2.0104022457414343,0.8409067073629174,0.4214925239769192,0.42088191523862617,0.38270224269053166,0.6916353766694242,0.05
856,0.36385,False,1,0.0,0.20069999999999996,0.807,70.0,0.0,0.0,0.0,1.9742833999507183,0.5522602005011152,2.286072864273359,1.3071746876229078,0.41817169797655646,0.4509191071017925,0.4396331993452337,0.7251195238931037,0.05
857,0.3820499999999999,False,1,0.0,0.2343,0.8497999999999999,80.0,0.0,0.0,0.0,1.9679453950745711,0.3162793821145606,1.9925950269578756,0.7734895751462675,0.4410582168768545,0.3455309514611686,0.31520103315704345,0.5201752756078939,0.05
858,0.4422999999999999,False,1,0.0,0.24,0.9422,74.4,0.0,0.0,0.0,1.8292676226768123,0.25081026172969284,1.7610826468084384,0.7832479404253149,0.3040884426858271,0.260729885935456,0.21458264680843825,0.6437479404253148,0.05
859,0.36545,False,1,0.0,0.20329999999999998,0.8652000000000001,84.4,0.0,0.0,0.0,1.8899243610842755,0.35738549876367687,2.0658422476242158,1.0718615471582924,0.37212063271933926,0.37305471625796927,0.37990534310673285,0.7609757020310716,0.05
860,0.41435,False,1,0.0,0.1493,1.0,80.15,0.0,0.0,0.0,1.673352993517081,0.11025696503312876,1.5458,0.03986176112516858,0.1678245622754093,0.10511901539745336,1.9470018537427453e-205,0.0,0.05
861,0.3927999999999999,False,1,0.0,0.28250000000000003,0.7430999999999999,60.0,0.0,0.0,0.0,2.061242395235727,0.3792299534379157,2.5196486359865125,1.19337279055691,0.5507308025057847,0.3940949729944119,0.637612233654538,0.8187681187618533,0.05
862,0.3147,False,1,0.0,0.1886,0.7368,74.0,0.0,0.0,0.0,1.9407715098012386,0.417459697424682,2.6830452809583507,1.4207426254173068,0.45726452693169567,0.4511407316474821,0.7060312600651366,0.9235747333673087,0.05
863,0.37200000000000005,False,1,0.0,0.22159999999999996,0.8034000000000001,70.25,0.0,0.0,0.0,1.9435339125900206,0.4034015295426745,2.1207992423622626,1.014140072527783,0.43980155960345446,0.39637724157326,0.4825040723165793,0.812198227593284,0.05
864,0.38425,False,1,0.0,0.1758,0.9367000000000001,86.0,0.0,0.0,0.0,1.743806927847383,0.19836829987712745,1.656177777777779,0.34377808374618485,0.2501643333104364,0.21910613157615616,0.10190000000000096,0.24144666077624818,0.05
865,0.4341499999999999,False,1,0.0,0.2399,0.944,78.9,0.0,0.0,0.0,1.8072240823606123,0.26711623345011615,1.6587534708495617,0.334730281219936,0.297290034354471,0.23503061574184156,0.0798000000009827,0.23940000000294806,0.05
866,0.40379999999999994,False,1,0.0,0.19339999999999996,0.9342,80.0,0.0,0.0,0.0,1.7673748954483444,0.22576848860282372,1.791394843363614,0.7512313932825575,0.27056338222618853,0.2539807197555909,0.17310005183905333,0.5120088370714193,0.05
867,0.38855000000000006,False,1,0.0,0.1848,0.9395,86.8,0.0,0.0,0.0,1.8283715701894927,0.3442667012555939,1.7360590289847977,0.6623282449472668,0.2923585709536079,0.320373746740463,0.1865614081759652,0.5432221372217754,0.05
868,0.38515,False,1,0.0,0.1761,0.8742000000000001,70.0,0.0,0.0,0.0,1.7887969152704049,0.3102945232333535,2.0956930103138953,1.0360930495787146,0.29277660770247854,0.32505679729002784,0.35203069170757406,0.7091288752751775,0.05
869,0.43674999999999997,False,1,0.0,0.25680000000000003,0.9369,80.05,0.0,0.0,0.0,1.8286275475665257,0.1716077501465522,1.639800000001408,0.3375395058723471,0.3249460216681026,0.20934418393152507,0.08620000000000053,0.2380326868310321,0.05
870,0.40170000000000006,False,1,0.0,0.1914,0.9334,80.35,0.0,0.0,0.0,1.7707280895098694,0.22830794233764082,1.645498002204055,0.3409865693241587,0.25637208277056633,0.23038570726329466,0.07980054080466588,0.23940162241399762,0.05
871,0.41129999999999994,False,1,0.0,0.22129999999999997,0.9469,86.4,0.0,0.0,0.0,1.8088119109809149,0.3092677783746795,1.7206560208458797,0.5432138064774485,0.2766307190997905,0.2350711026925594,0.16522551938976351,0.460180003968887,0.05
872,0.4123,False,1,0.0,0.23240000000000002,0.9362,86.0,0.0,0.0,0.0,1.8917328265879418,0.29453117816390556,1.7523711492172183,0.6670911987433267,0.33974712661366646,0.2820846175303332,0.16061073908555384,0.48183221725666153,0.05
873,0.41535,False,1,0.0,0.1379,1.0,76.8,0.0,0.0,0.0,1.677945898528367,0.14156991367861615,1.5221,0.03612049279841014,0.1522830789328466,0.12947416895872746,1.2049573727829142e-182,0.0,0.05
874,0.39559999999999995,False,1,0.0,0.25799999999999995,0.8131999999999999,70.0,0.0,0.0,0.0,2.0283438136057326,0.5113245186624891,2.3291242310209817,1.266849826516067,0.45871164864107106,0.42014324129935626,0.6098865968562579,0.9340225081844326,0.05
875,0.41524999999999995,False,1,0.0,0.1883,1.0,89.45,0.0,0.0,0.0,1.756704509474534,0.18829557168703015,1.5658444444444461,0.11538200856821348,0.2175975159744028,0.13841405880591165,0.036800000000001096,0.08388659010831448,0.05
876,0.3455,False,1,0.0,0.091,1.0,100.0,0.0,0.0,0.0,1.62052417524737,0.05761709251772623,1.5431112847222228,0.041840649263926194,0.10866818823052667,0.0636215878473656,0.0037000000000004148,0.011100000000001243,0.05
877,0.43689999999999996,False,1,0.0,0.2525,0.8070999999999999,46.45,0.0,0.0,0.0,2.066523765007255,0.40943882671208337,2.2253332819558507,1.1227697806969827,0.48224051145920344,0.38406624192196925,0.4031994731111979,0.6520849207636443,0.05
878,0.4011499999999999,False,1,0.0,0.1507,0.9315999999999999,70.0,0.0,0.0,0.0,1.741464175768249,0.2945969209637445,1.7238208716886547,0.6415350679285488,0.22043748503955599,0.27928384195629735,0.15805543474076694,0.4741663042223008,0.05
879,0.34890000000000004,False,1,0.0,0.0882,1.0,97.6,0.0,0.0,0.0,1.6419899594869967,0.13300333769909406,1.5285000000001112,0.047430475435418916,0.1124925437835832,0.1092471227845541,1.7534458830512514e-193,0.0,0.05
880,0.42504999999999993,False,1,0.0,0.19449999999999998,0.9356,70.0,0.0,0.0,0.0,1.824451202529449,0.3317297287733116,1.7562524477341679,0.7114541453363538,0.2998924836071176,0.30411137175929664,0.16790013412785404,0.5037004023835621,0.05
881,0.38244999999999996,False,1,0.0,0.2153,0.8695999999999999,80.0,0.0,0.0,0.0,1.8466415202232327,0.3512806563152174,2.0637720022627546,1.130170964022292,0.354811393920399,0.3693285485923074,0.3416230147677408,0.6834631365633043,0.05
882,0.3507,False,1,0.0,0.10220000000000003,1.0,100.2,0.0,0.0,0.0,1.6634995667128305,0.1606738058141032,1.5730222224379786,0.0851335159719004,0.133939761439193,0.10638601029490431,0.013900000000000603,0.041700000000001805,0.05
883,0.47129999999999994,False,1,0.0,0.2326,0.938,57.0,0.0,0.0,0.0,1.804449815614372,0.30888517295401297,1.8347616629218286,0.9454292071180117,0.3113174942801043,0.29182267877917956,0.19245068890092065,0.577352066702761,0.05
884,0.41965,False,1,0.0,0.16399999999999998,0.9345000000000001,64.8,0.0,0.0,0.0,1.7527051750810412,0.23225370844205756,1.6282829226171542,0.35108445146097716,0.23365754410724643,0.25139108118078196,0.0809047129116401,0.2427141387349203,0.05
885,0.40525,False,1,0.0,0.18219999999999997,0.9451,79.2,0.0,0.0,0.0,1.808557123281674,0.37619037651367687,1.6245114970902517,0.3427305888486725,0.2644870951727358,0.28403901240544116,0.07980000080938564,0.23940000242815687,0.05
886,0.404,False,1,0.0,0.2468,0.8012,60.0,0.0,0.0,0.0,1.9356645780662174,0.3770037452152527,2.3095259791112257,1.20267050789117,0.46190134484650286,0.40069409296382075,0.559950685710249,0.8576387259770387,0.05
887,0.40305,False,1,0.0,0.2172,0.9361,86.8,0.0,0.0,0.0,1.7859145178125295,0.23838002226232588,1.8308829722222302,0.7754092743805667,0.29480449117322605,0.2590688556575896,0.2098829710933588,0.6296489132800764,0.05
888,0.401,False,1,0.0,0.2602,0.8122,67.6,0.0,0.0,0.0,2.008074613752675,0.432642844275742,2.0880141672146166,0.946585981719652,0.470324930273064,0.3893248839082147,0.4538784198199048,0.754237210105595,0.05
889,0.33365,False,1,0.0,0.1732,0.7669,68.2,0.0,0.0,0.0,1.9196750601163717,0.38799487651300507,2.295926574235142,1.0988176229131192,0.4134691350274598,0.3988873797197358,0.5025164966738028,0.6803038455370095,0.05
890,0.46964999999999996,False,1,0.0,0.2531,0.8061999999999999,30.0,0.0,0.0,0.0,1.8949291045875476,0.28757991086709,2.3779021822564603,1.28360394121992,0.40803614627710993,0.33150401818117986,0.5294511550824186,0.8100670264111423,0.05
891,0.38915,False,1,0.0,0.21580000000000005,0.8025,60.0,0.0,0.0,0.0,1.8636561890664207,0.32230794102263854,2.1590365006493872,0.9997254183356165,0.39416057780782154,0.3688371399963913,0.5151649918634168,0.7934908464494371,0.05
892,0.4392499999999999,False,1,0.0,0.2125,0.8754,52.35,0.0,0.0,0.0,1.831136998284125,0.2948648099781235,2.1706188317826927,1.349476908165658,0.3378514629476549,0.3280031126994898,0.37836356743698507,0.7669791673602583,0.05
893,0.3885,False,1,0.0,0.1914,0.9312000000000001,86.4,0.0,0.0,0.0,1.7874377417774963,0.27984623272294296,1.7912838485158094,0.7949772396954369,0.28384683893732676,0.292605055582542,0.11140000000000058,0.3262649843302217,0.05
894,0.41745000000000004,False,1,0.0,0.261,0.8111,59.3,0.0,0.0,0.0,1.9982519563263073,0.4052293187296949,2.5505713374756462,1.7273918546350953,0.4730712701325702,0.380619011315689,0.5458013052132775,0.8369036907300168,0.05
895,0.4777,False,1,0.0,0.1954,1.0,60.0,0.0,0.0,0.0,1.6901397254366965,0.09758919422575357,1.5381,0.05534518949285472,0.18066420110776868,0.10014687506107374,4.958332298098404e-189,0.0,0.05
896,0.3970000000000001,False,1,0.0,0.24830000000000002,0.8129000000000002,66.8,0.0,0.0,0.0,1.94061659264896,0.3245170690347714,2.151389092401625,1.0298977244990457,0.44072582463144727,0.37139065216544703,0.434321750786105,0.7095857571044754,0.05
897,0.3738,False,1,0.0,0.21880000000000002,0.8088000000000001,70.0,0.0,0.0,0.0,1.9887351122324106,0.4940458095450389,2.486923577375822,1.6911250353632086,0.44755913301721834,0.42723345573576,0.48970646980131305,0.8153133099393602,0.05
898,0.35124999999999995,False,1,0.0,0.21080000000000002,0.8116999999999999,80.0,0.0,0.0,0.0,1.9377420638176144,0.39053777810926893,2.099205893985802,0.9666689106247128,0.41941795051809533,0.38350347639986376,0.4249611232093339,0.6919939935033862,0.05
899,0.36954999999999993,False,1,0.0,0.1488,0.8703,70.0,0.0,0.0,0.0,1.7928636397785644,0.32368373224863517,1.9836776316994917,0.9105134138342388,0.2721954786645117,0.33425918955461054,0.3122332446453229,0.6244739677105253,0.05
900,0.38120000000000004,False,1,0.0,0.16240000000000002,1.0,100.0,0.0,0.0,0.0,1.6663336803603066,0.08583432193979416,1.5437333333333343,0.05309839922257652,0.17112935644142324,0.08920609805589681,0.011200000000000713,0.032938731001665486,0.05
901,0.3676999999999999,False,1,0.0,0.18109999999999998,0.8742999999999999,80.0,0.0,0.0,0.0,1.8060986566678459,0.30094912952865704,2.004455410481898,0.9172727773254865,0.31090834606831125,0.33522996939306565,0.34050713809465505,0.6825238071541625,0.05
902,0.3687,False,1,0.0,0.2164,0.8234,75.6,0.0,0.0,0.0,1.9339164983273396,0.4612596824794747,2.2568163874102773,1.156092307372647,0.40712013295944943,0.4166767586631846,0.5671874871466025,0.8668109674381989,0.05
903,0.41470000000000007,False,1,0.0,0.2383,0.8775000000000001,71.6,0.0,0.0,0.0,1.8981899858503524,0.3221097458350804,2.040052718965815,1.0058600404747213,0.3948354691521036,0.3600444009353992,0.42265155642627306,0.8439903355201904,0.05
904,0.43165,False,1,0.0,0.22370000000000007,0.942,75.6,0.0,0.0,0.0,1.864856076401043,0.40022316739988567,1.7924114413500756,0.8074419228132288,0.31198116025390654,0.319281032889792,0.23938921912785313,0.7181676573835594,0.05
905,0.42179999999999995,False,1,0.0,0.2184,0.8667999999999999,60.4,0.0,0.0,0.0,1.8167811046850666,0.26232273447104887,2.043220818442863,1.0416144546331636,0.3531131746598755,0.3235241756151506,0.36710555497919617,0.7386787355073418,0.05
906,0.4043,False,1,0.0,0.2453,0.8840999999999999,80.2,0.0,0.0,0.0,1.9940707369111468,0.48270069368384333,2.089905737007187,1.1170025791480958,0.42907636166466834,0.4211324177249559,0.40236971903533086,0.788136770008154,0.05
907,0.34695000000000004,False,1,0.0,0.1809,0.8122,74.8,0.0,0.0,0.0,1.8609532247668696,0.38764001169786844,2.1777142152859277,1.0849008114157173,0.3818042076651381,0.4250358029550867,0.490028504332508,0.8156937402808244,0.05
908,0.40025,False,1,0.0,0.20859999999999998,0.8703,69.6,0.0,0.0,0.0,1.8709376761234409,0.3477268187487948,2.0405082569938564,1.0283012256424156,0.35483003808181296,0.3543542943651926,0.357236181381048,0.7147189500810402,0.05
909,0.36145000000000005,False,1,0.0,0.2204,0.8097000000000001,76.8,0.0,0.0,0.0,1.9536718389980023,0.3941262177065942,2.3173340924546997,1.2907989608653065,0.43613189040740147,0.3919822428239398,0.3941143279322916,0.6590439347541603,0.05
910,0.37045,False,1,0.0,0.2359,0.7418,59.2,0.0,0.0,0.0,1.9575341388232073,0.3729030844703845,2.3468485579028324,1.0575032630756491,0.48808387390854113,0.4055536488499082,0.6650610135601938,0.8783285402054509,0.05
911,0.39379999999999993,False,1,0.0,0.2612,0.8065999999999999,70.05,0.0,0.0,0.0,1.9249183987314555,0.2977878567203569,2.0683348686347856,0.8405472807276265,0.4320238959067618,0.3093508393323484,0.3964863435451081,0.6388869931484951,0.05
912,0.38234999999999997,False,1,0.0,0.25479999999999997,0.7436999999999999,58.45,0.0,0.0,0.0,1.9968107696277504,0.36430810825873705,2.4220799130179165,1.157398888930497,0.49896806088132967,0.38523931096661895,0.594968001917844,0.7619997862620614,0.05
913,0.39015,False,1,0.0,0.1619,0.9391999999999999,80.2,0.0,0.0,0.0,1.7249803443301879,0.22768845649537317,1.6501024711335242,0.3356738266664594,0.22878508052489574,0.2381263858827854,0.07980000020968758,0.23940000062906275,0.05
914,0.3911,False,1,0.0,0.24939999999999998,0.7468,53.5,0.0,0.0,0.0,2.095451894935401,0.528315480574133,2.4342499462829172,1.124520975643395,0.55068503387245,0.46535543700379906,0.6402167869937143,0.824011297997754,0.05
915,0.38305,False,1,0.0,0.1213,1.0,88.8,0.0,0.0,0.0,1.6620616028089572,0.1194607401177593,1.5833717013888902,0.16318167543582957,0.1435588974004993,0.11712498985390958,0.039400000000000844,0.11820000000000253,0.05
916,0.34739999999999993,False,1,0.0,0.17909999999999998,0.8180999999999999,75.6,0.0,0.0,0.0,1.8707464876666287,0.4004969883771479,2.219114210995424,1.1891072451940568,0.36937654342888626,0.4139740318647164,0.47482966197684606,0.7929639512549197,0.05
917,0.45809999999999995,False,1,0.0,0.2347,0.8825,50.25,0.0,0.0,0.0,1.93623891257177,0.40440421180751496,2.035792346770357,1.1946861658581724,0.38607989667437914,0.35580221578138443,0.30713345430646133,0.6823950160417716,0.05
918,0.38625,False,1,0.0,0.24780000000000002,0.8831,89.6,0.0,0.0,0.0,1.9113111664203868,0.3526016960100227,2.160776868238481,1.211152724452412,0.39259822585318105,0.34712240318562276,0.35681020157181403,0.7138598657420748,0.05
919,0.40060000000000007,False,1,0.0,0.24280000000000004,0.8672000000000001,77.2,0.0,0.0,0.0,1.9890246678506416,0.5096207102964527,1.9096889226472438,0.7575704137754242,0.4221829058431332,0.42162724640769345,0.287262977615919,0.6204026341988632,0.05
920,0.417,False,1,0.0,0.257,0.8078,57.7,0.0,0.0,0.0,2.0223530491399817,0.43949588156083796,2.2271368588738616,1.2200676113305795,0.48773579838909564,0.4199085802509787,0.47444491470954864,0.7984789887107708,0.05
921,0.4351499999999999,False,1,0.0,0.2666,0.9317,82.0,0.0,0.0,0.0,1.9050904154573503,0.2823599518742793,1.730867107611002,0.6557980079611352,0.38123671468532877,0.2864303699571867,0.1704862708886937,0.5087977365511539,0.05
922,0.40049999999999997,False,1,0.0,0.2164,0.8645999999999999,70.0,0.0,0.0,0.0,1.9247469835462758,0.35846534783910305,1.921924009766533,0.8481093901415583,0.3906544479217994,0.35934080147795394,0.29156424886683086,0.6535361712947902,0.05
923,0.40020000000000006,False,1,0.0,0.1604,1.0,90.0,0.0,0.0,0.0,1.7170664953677606,0.1389498370700312,1.511913368055556,0.015536231534340379,0.18906136288683426,0.11635330948119588,0.0011000000000005344,0.003300000000001603,0.05
924,0.38664999999999994,False,1,0.0,0.2218,0.8714999999999999,80.0,0.0,0.0,0.0,1.8703469996644013,0.33967267445419536,1.883216927495376,0.7175626439350228,0.3742060829136966,0.34816295003374137,0.24870006797979985,0.5356519445330755,0.05
925,0.38169999999999993,False,1,0.0,0.19469999999999998,0.8107,60.5,0.0,0.0,0.0,1.9606692054586545,0.4877481917818643,2.3631427836217442,1.296806683573861,0.41774296868448524,0.43742273672944965,0.637939832232853,0.9840945175900608,0.05
926,0.3884000000000001,False,1,0.0,0.1948,0.8788,74.2,0.0,0.0,0.0,1.8145363099539928,0.2798362323477548,1.9596616191674148,0.9084501904790545,0.31956906520321715,0.3351940732908861,0.25760578917984606,0.5597073673047076,0.05
927,0.3600000000000001,False,1,0.0,0.22970000000000002,0.8135,80.8,0.0,0.0,0.0,1.8950718527022477,0.3665566412910623,2.1716481247052295,0.9928817338236916,0.41233424300146926,0.3967029069386769,0.5204750754016794,0.8079132400996004,0.05
928,0.41684999999999994,False,1,0.0,0.2011,0.8725999999999999,60.0,0.0,0.0,0.0,1.886776527287888,0.4323136627482747,2.0032277049276432,1.0080350918516228,0.3606713744105029,0.3923325334209887,0.34761975645724685,0.6958436004779641,0.05
929,0.39554999999999996,False,1,0.0,0.20379999999999998,0.8673,70.0,0.0,0.0,0.0,1.843385806889156,0.31034610711589267,2.0332033398593574,1.0026425543139013,0.3600270377441711,0.360673111477038,0.3623704322739962,0.7247719654359474,0.05
930,0.4875999999999999,False,1,0.0,0.21389999999999998,0.9324999999999999,42.8,0.0,0.0,0.0,1.7441360186181356,0.1900737340788689,1.7746979683270248,0.7959219243188125,0.25809135389950566,0.23377617940348497,0.16238244308094385,0.48714732924283155,0.05
931,0.39164999999999994,False,1,0.0,0.1843,1.0,100.25,0.0,0.0,0.0,1.73727332025008,0.1256072733098201,1.550566669470506,0.056141107611298834,0.21461561327788176,0.10721563150051082,0.010400000000000433,0.031200000000001296,0.05
932,0.3409,False,1,0.0,0.24910000000000002,0.6685,58.95,0.0,0.0,0.0,2.155374013202602,0.4355759106049909,2.8507442957841596,1.3855602264370503,0.6420466716767809,0.46495125318826647,0.8947347764159164,0.9018178537137994,0.05
933,0.4111499999999999,False,1,0.0,0.20729999999999998,0.9353999999999999,80.1,0.0,0.0,0.0,1.8644226203836318,0.314864356794393,1.802451376203161,0.8157409829513316,0.31452532869422223,0.2769137810721178,0.1668157125842751,0.5004471377528252,0.05
934,0.38654999999999995,False,1,0.0,0.188,0.8651,70.0,0.0,0.0,0.0,1.8261507057654378,0.32389336430989835,2.098557737582872,1.1689856864827688,0.32651717693899673,0.34944105219923643,0.3254278640750444,0.6511525656135025,0.05
935,0.40465000000000007,False,1,0.0,0.2233,0.9466000000000001,90.15,0.0,0.0,0.0,1.860350364743232,0.2977524145643831,1.6559666708569734,0.33409143206272335,0.3252666039500919,0.2975060765300871,0.07970000040580491,0.2391000012174147,0.05
936,0.44704999999999995,False,1,0.0,0.22679999999999997,0.8673,50.0,0.0,0.0,0.0,1.8878472231759627,0.3974904284489138,2.1507529933948604,1.1940668067982492,0.39116966006765974,0.3934539632815942,0.4119570586707094,0.803715791923746,0.05
937,0.39935000000000004,False,1,0.0,0.1587,1.0,90.0,0.0,0.0,0.0,1.676278854429586,0.09111548540090032,1.5260000318527225,0.03590825890892581,0.1624386873735627,0.08888537113924076,3.768358931783429e-217,0.0,0.05
938,0.37279999999999996,False,1,0.0,0.22949999999999998,0.7993,70.8,0.0,0.0,0.0,1.98290899437693,0.4159132659500444,2.6510493887465074,1.7545642621152924,0.47605570090752664,0.42154265283877546,0.604412895828994,0.933365797715921,0.05
939,0.3942,False,1,0.0,0.1599,0.9309000000000001,75.6,0.0,0.0,0.0,1.7425919353701063,0.23045118950006285,1.7961317464241813,0.7997088882144389,0.2469109573551113,0.2749807361567778,0.16659998018502853,0.4981355044332977,0.05
940,0.4789,False,1,0.0,0.20779999999999998,1.0,62.5,0.0,0.0,0.0,1.7610718958511575,0.11464336326416065,1.5256,0.03184713487898088,0.2351558879934706,0.09570712660249615,1.985162208250693e-211,0.0,0.05
941,0.35675000000000007,False,1,0.0,0.1377,0.9358000000000001,90.0,0.0,0.0,0.0,1.7357971787563407,0.2779437242212556,1.7562388523490764,0.7551488324733889,0.22104285434716084,0.28566610998452324,0.19013885234907651,0.5704165570472295,0.05
942,0.38744999999999996,False,1,0.0,0.20149999999999996,0.9346,90.3,0.0,0.0,0.0,1.9476906868276642,0.45123335086252075,1.7302179706992291,0.6053410657865274,0.34176518997059874,0.3335444660216587,0.17061177490729004,0.5045446278945204,0.05
943,0.3884000000000001,False,1,0.0,0.1873,0.8663000000000001,69.2,0.0,0.0,0.0,1.8327981768160615,0.3450778581879546,2.077118209347819,1.1464501725392395,0.32529157770760564,0.35940641850216676,0.3707182093478193,0.746533220948797,0.05
944,0.38495,False,1,0.0,0.22489999999999996,0.745,50.0,0.0,0.0,0.0,1.968139508570174,0.3486506842999643,2.152181994426625,0.8691184638932866,0.4642503535138842,0.367923409426481,0.4674263812840068,0.7020054955160598,0.05
945,0.4134000000000001,False,1,0.0,0.1806,0.9326000000000001,71.6,0.0,0.0,0.0,1.7448396145592633,0.2552676595182033,1.78835857514532,0.8478309494960888,0.25113927887680454,0.2737130415254344,0.10800000000000001,0.324,0.05
946,0.39059999999999995,False,1,0.0,0.1557,0.9359,77.6,0.0,0.0,0.0,1.774027981682255,0.39540733235920356,1.7937190065215958,0.7881004784787574,0.24368695584624103,0.3285437481425502,0.1322000000000004,0.3700750734648309,0.05
947,0.45030000000000003,False,1,0.0,0.18060000000000004,1.0,70.0,0.0,0.0,0.0,1.6927281375555245,0.1183165316342741,1.540988888889552,0.08203333333425604,0.17948304133632384,0.10919530565849721,0.017200000000000628,0.05160000000000189,0.05
948,0.4289,False,1,0.0,0.2602,0.804,51.6,0.0,0.0,0.0,1.9257548948273928,0.31423417489025085,2.334728358738823,1.262947416190981,0.44737231239769654,0.36022560102501044,0.6066748869244236,0.9304290743591648,0.05
949,0.41379999999999995,False,1,0.0,0.21289999999999995,0.8946999999999999,70.0,0.0,0.0,0.0,1.81578964967257,0.2631191790971558,1.9277224039441996,0.8452386805531809,0.3278035684073325,0.2924140009611486,0.18780000000000036,0.3808563508726097,0.05
950,0.39770000000000005,False,1,0.0,0.20350000000000001,0.8675,68.9,0.0,0.0,0.0,1.8381795611030367,0.3229189062848849,2.0122163893808613,1.1236324609271449,0.33774805297516275,0.34277303757589345,0.29482750324114315,0.6624614402464901,0.05
951,0.4438499999999999,False,1,0.0,0.2472,0.9376999999999999,74.3,0.0,0.0,0.0,1.8477148615854002,0.26484381124075623,1.8609007108856048,0.8756119276765624,0.3378444721378097,0.26090080686408157,0.16830047326175418,0.5049014197852626,0.05
952,0.4043,False,1,0.0,0.23399999999999999,0.8754,75.2,0.0,0.0,0.0,1.8846523608182735,0.2922942747800325,1.9850232798031713,0.8560021357672575,0.3749329152214864,0.31631930819224596,0.24030000000000085,0.3986948833381241,0.05
953,0.38070000000000004,False,1,0.0,0.1605,0.8713000000000001,67.6,0.0,0.0,0.0,1.8332735586113078,0.39171813595617594,1.753294651240278,0.4562129636080343,0.32202364519565907,0.4130113085848766,0.16057026923478707,0.3211508000285633,0.05
954,0.43565,False,1,0.0,0.19129999999999997,1.0,80.0,0.0,0.0,0.0,1.7473279808611681,0.11115068375737035,1.548322222222263,0.06270549329122689,0.22975928564742162,0.10802410651295939,0.007600000000000393,0.022800000000001173,0.05
955,0.36754999999999993,False,1,0.0,0.17529999999999996,0.8798,80.0,0.0,0.0,0.0,1.8779393084780012,0.4199934237339235,1.9113896353331057,0.8476809452831681,0.334771848219379,0.37505256690849986,0.2692669919188796,0.5915521644006442,0.05
956,0.39569999999999994,False,1,0.0,0.1377,0.9337,70.0,0.0,0.0,0.0,1.7073527305287477,0.25368570982088806,1.8610632933714015,0.8745318851478374,0.20571247859393024,0.2632026072980631,0.22542423087140145,0.6587955572886749,0.05
957,0.37355,False,1,0.0,0.1517,0.8766,70.3,0.0,0.0,0.0,1.8453789183684115,0.37157736893323123,1.954731370695442,0.8590169490757847,0.2893312763089053,0.31808329136454705,0.3453285929176635,0.6994268053177449,0.05
958,0.51365,False,1,0.0,0.22729999999999997,1.0,50.0,0.0,0.0,0.0,1.8024512799531647,0.23459869201006284,1.5222000000016038,0.04844336900393767,0.260428839272491,0.16597021824481342,7.562214644505334e-174,0.0,0.05
959,0.32945,False,1,0.0,0.22150000000000003,0.7444,76.75,0.0,0.0,0.0,2.0313059662338873,0.5171863490925369,2.4886842386977994,1.2139970973475587,0.4967190262676426,0.4762122003938658,0.6705666027163042,0.8112967950011457,0.05
960,0.35955000000000004,False,1,0.0,0.2109,0.8122,76.0,0.0,0.0,0.0,1.8923989791805873,0.3468558840465193,2.090631361911363,0.8972981436773451,0.4037151240672605,0.37428655879708844,0.40119776648697314,0.6495076619078518,0.05
961,0.4521,False,1,0.0,0.25409999999999994,0.9333,70.8,0.0,0.0,0.0,1.8361355622162123,0.209745147299214,1.7608924526072496,0.7006227481590888,0.32573520599071737,0.23890756078405442,0.16345911927391615,0.4903773578217484,0.05
962,0.38354999999999995,False,1,0.0,0.21739999999999998,0.9247,93.75,0.0,0.0,0.0,1.9726348694509688,0.5748381263681084,1.867796989226946,1.0320345237378499,0.37292123838764346,0.37903264838471357,0.16104924974559834,0.483147749236795,0.05
963,0.40625,False,1,0.0,0.1597,0.9328,70.0,0.0,0.0,0.0,1.7496490468179797,0.24765448027960835,1.7899538477561088,0.7219924877343061,0.25079594055376175,0.283609944912852,0.20235367414499744,0.5729169341094457,0.05
964,0.34485000000000005,False,1,0.0,0.0897,1.0,100.0,0.0,0.0,0.0,1.631820362548704,0.09249002036412501,1.5348000222438738,0.053992246875404486,0.11806516380025725,0.09290164894711207,1.3832261463197508e-223,0.0,0.05
965,0.4141,False,1,0.0,0.2846,0.7436,50.0,0.0,0.0,0.0,2.064103996949803,0.29958166947900866,2.2580381285818305,1.0073100902176306,0.5554173044488165,0.3319439585540444,0.5842812015988926,0.8100972915599648,0.05
966,0.41390000000000005,False,1,0.0,0.1706,0.9372,70.0,0.0,0.0,0.0,1.7442247383527931,0.2698611234782039,1.790704033428242,0.727553348165985,0.24457151429055096,0.29266517715884754,0.20231514453794547,0.5859228796384636,0.05
967,0.34085,False,1,0.0,0.16979999999999998,0.8728999999999999,90.25,0.0,0.0,0.0,1.8673760283071648,0.47256588452487824,1.8852370050025662,0.8056055166006572,0.31829346885116877,0.3693642484766641,0.23972589389543528,0.5118347498739911,0.05
968,0.3933,False,1,0.0,0.22220000000000004,0.8844,80.0,0.0,0.0,0.0,1.9098104423858566,0.3863750787271498,1.9300041664940584,0.8294655519269889,0.3745013408757199,0.34999627468762357,0.2757391773983594,0.5562405529178158,0.05
969,0.4048,False,1,0.0,0.21539999999999998,0.8228,57.15,0.0,0.0,0.0,1.8947558734732954,0.3838874742381116,2.0874932697010284,0.9174726076693206,0.3950741551706871,0.3961002236067923,0.46487501948948734,0.7775205464600293,0.05
970,0.41095,False,1,0.0,0.2557,0.819,63.2,0.0,0.0,0.0,1.9570609710318148,0.43742862789136217,2.2031505824914275,1.151487783347304,0.4515524199510459,0.40664029798254386,0.4695535276422785,0.7688121932891001,0.05
971,0.47065,False,1,0.0,0.18130000000000002,1.0,60.0,0.0,0.0,0.0,1.6905303370038822,0.10954599755937199,1.530400248913065,0.05341981505966046,0.19816696433462158,0.10965538956918196,2.030005154053e-213,0.0,0.05
972,0.36545,False,1,0.0,0.14950000000000002,0.9414,90.0,0.0,0.0,0.0,1.755456401595462,0.2970544659756257,1.631898492295607,0.3401895335669233,0.2280844632018108,0.2677388120874903,0.07980004645581032,0.239400139367431,0.05
973,0.45980000000000004,False,1,0.0,0.1999,0.8717,38.0,0.0,0.0,0.0,1.7979247850682327,0.3260081744796283,2.081575645072937,1.1075637451566271,0.3252541459711549,0.3671740988648244,0.3814117398014808,0.7673819327373552,0.05
974,0.4103499999999999,False,1,0.0,0.2223,0.8783999999999998,70.0,0.0,0.0,0.0,1.8882128834292289,0.4055689031770051,1.9925348350245524,1.1079732803986095,0.3832001987984034,0.3807602483310008,0.3051612239134404,0.6864936130016486,0.05
975,0.35399999999999987,False,1,0.0,0.1561,0.8718999999999999,80.0,0.0,0.0,0.0,1.793458014576709,0.3290183715604439,2.1350537885085403,1.0315718345944582,0.30227683051371723,0.35702013621626066,0.4075537493549074,0.715001143017374,0.05
976,0.44875,False,1,0.0,0.24270000000000005,0.9349999999999999,70.05,0.0,0.0,0.0,1.8307330031312419,0.22814297698615796,1.671203713650182,0.34578433123833435,0.31387319236510536,0.22487985173039665,0.10590000000000174,0.24324985097631968,0.05
977,0.39590000000000003,False,1,0.0,0.2212,0.8106,60.0,0.0,0.0,0.0,1.9573328254178475,0.41537194329348925,2.104901820635944,0.9561177864759745,0.45291806884164554,0.43293903943740913,0.34820014082167305,0.5830567382172711,0.05
978,0.4170499999999999,False,1,0.0,0.2017,0.938,76.4,0.0,0.0,0.0,1.903097709456987,0.40494643128442614,1.648633333333335,0.3396658308789246,0.33858459635106153,0.3227007375901367,0.07970000000000017,0.23910000000000053,0.05
979,0.40864999999999996,False,1,0.0,0.225,0.8722999999999999,70.0,0.0,0.0,0.0,1.93363083618896,0.46890427469620133,2.1563176031505025,1.2600092648525514,0.38666800220295666,0.3896300094460507,0.37946370110572153,0.7593121171825343,0.05
980,0.3857499999999999,False,1,0.0,0.15289999999999998,0.9385999999999999,80.0,0.0,0.0,0.0,1.753115799211703,0.3101156705447558,1.7768277041473468,0.7045812243951487,0.23637323434791008,0.29397356544381753,0.186427699442107,0.559283098326321,0.05
981,0.3979499999999999,False,1,0.0,0.1837,0.9321999999999999,80.0,0.0,0.0,0.0,1.7508880551732933,0.21508477529681078,1.7873843641703098,0.7188560954981029,0.253751782167479,0.2545029895306244,0.1684889312523452,0.48066782921333523,0.05
982,0.3666,False,1,0.0,0.13319999999999999,1.0,100.0,0.0,0.0,0.0,1.6657925037026597,0.1351999350358744,1.539122222222223,0.048353110896130085,0.14934795866916092,0.11989160169497043,0.009400000000000418,0.028200000000001252,0.05
983,0.3329,False,1,0.0,0.1837,0.7627,70.15,0.0,0.0,0.0,1.9872739512076234,0.49201234348722145,2.2461918214528986,0.9558755722753579,0.45533209847720224,0.4648016058178251,0.5057185039126326,0.6863048884620251,0.05
984,0.39844999999999997,False,1,0.0,0.1826,0.9347,80.1,0.0,0.0,0.0,1.7883222520813824,0.21655735852698293,1.6353013888888868,0.34115220063607626,0.2688928145104577,0.23740288795001,0.08130000000000046,0.23926974317702643,0.05
985,0.41755000000000003,False,1,0.0,0.2069,0.869,60.2,0.0,0.0,0.0,1.9569233376360078,0.6142568589677144,2.1415425654929736,1.2365512808120596,0.3822593464731433,0.44511029419791664,0.32472457166162905,0.6495764496598514,0.05
986,0.4100499999999999,False,1,0.0,0.2903,0.7489999999999999,54.8,0.0,0.0,0.0,2.050675732933391,0.3613269600522813,2.451906448489274,1.2093197197540633,0.538420722773947,0.37512318465287475,0.6901236961498441,0.9186476248325012,0.05
987,0.4476,False,1,0.0,0.2152,1.0,80.0,0.0,0.0,0.0,1.739667889711279,0.13128350872770522,1.5397003693368716,0.033281400039052576,0.2232437439422851,0.10928572415868462,9.923710613674487e-208,0.0,0.05
988,0.3784,False,1,0.0,0.1986,0.799,60.2,0.0,0.0,0.0,1.9471510281226077,0.5560692271833958,2.3077845896056663,1.2645063354474921,0.42204784782899984,0.4789626328011637,0.5621114556119291,0.8619828855358559,0.05
989,0.39265,False,1,0.0,0.18239999999999998,0.8739000000000001,67.75,0.0,0.0,0.0,1.8346269306991403,0.35311772200781544,1.887924553997023,0.8185616190064676,0.31472079446997286,0.3389282795497242,0.29652073455257827,0.6619960410189816,0.05
990,0.40379999999999994,False,1,0.0,0.21869999999999998,0.8748999999999999,71.5,0.0,0.0,0.0,1.931023355976265,0.42546773586329656,2.0878452612289173,1.1881962166838373,0.37449694928336913,0.38041520372937776,0.34752365826526,0.6984781711658758,0.05
991,0.47419999999999995,False,1,0.0,0.22199999999999998,1.0,68.4,0.0,0.0,0.0,1.7578743998730821,0.13478054462378714,1.5011000761032105,0.003299974640063549,0.24281664260341757,0.11250606605046594,1.7201632166791021e-190,0.0,0.05
992,0.3700999999999999,False,1,0.0,0.21030000000000001,0.8242999999999998,73.6,0.0,0.0,0.0,1.9624370030214178,0.4621008085163156,2.067831787016633,0.9054731477605144,0.42323376056354356,0.41080304803573575,0.42026242400347247,0.6829810388809064,0.05
993,0.41975,False,1,0.0,0.26280000000000003,0.8070999999999999,57.6,0.0,0.0,0.0,2.0285401944736545,0.3514809725589528,2.2171639644464074,1.0654314875013593,0.5029933070720138,0.37125600693307925,0.5665295710579819,0.8709825659069615,0.05
994,0.42794999999999994,False,1,0.0,0.26339999999999997,0.8724999999999999,70.0,0.0,0.0,0.0,1.9160863173336065,0.35785515552347835,2.237895691719182,1.4485354052026405,0.4089460059868374,0.358974607426134,0.4217956888793511,0.8343848061553759,0.05
995,0.35615,False,1,0.0,0.1363,0.9359999999999999,90.0,0.0,0.0,0.0,1.7133590498731024,0.23546217769972805,1.619011111110638,0.3435841818230648,0.20699092628081237,0.24986234749953173,0.07980000000000063,0.23940000000000192,0.05
996,0.4043,False,1,0.0,0.205,0.874,67.6,0.0,0.0,0.0,1.8416816857629825,0.30502045461692706,1.9056134972390335,0.8359741960415361,0.3451849678974537,0.34992780877782087,0.2920003035808465,0.6546549724077211,0.05
997,0.41564999999999996,False,1,0.0,0.1877,0.8628,54.8,0.0,0.0,0.0,1.8572215528705953,0.38505594835473755,2.029002227612475,0.9814283336270881,0.342486357966067,0.37831910135028585,0.3154306020648018,0.6265806624950115,0.05
998,0.3938499999999999,False,1,0.0,0.1581,0.9512,80.4,0.0,0.0,0.0,1.8011505105228856,0.4519328190286693,1.6189444854245891,0.3433844313760691,0.24924411700192262,0.3602389698089179,0.07950000148996439,0.23850000446989314,0.05
999,0.38269999999999993,False,1,0.0,0.17250000000000001,0.8728999999999999,70.0,0.0,0.0,0.0,1.8076708139693363,0.33203531250086715,1.8986282212780694,0.7929193600490044,0.32350562150007606,0.3733061731226534,0.2863171101659383,0.6389022462623066,0.05
1000,0.3890499999999999,False,1,0.0,0.1621,0.9359999999999999,80.0,0.0,0.0,0.0,1.713875701699402,0.2301455924963699,1.7903197727479576,0.76174916799721,0.23578441373463432,0.27301984520441247,0.2181194060626673,0.654358218188002,0.05
1001,0.45070000000000005,False,1,0.0,0.2855,0.7981,45.55,0.0,0.0,0.0,2.0764690602980758,0.39072315445602823,2.500422104053295,1.4387036853952193,0.5556537963698978,0.3949353657763788,0.46457344240896303,0.6992363891824686,0.05
1002,0.3655000000000001,False,1,0.0,0.1767,0.9303000000000001,94.0,0.0,0.0,0.0,1.7476178394918995,0.26790259658833754,1.8845792322802701,1.0628214981224686,0.25893837567564393,0.27747103253008626,0.22199671828557746,0.6659901548567324,0.05
1003,0.34665,False,1,0.0,0.1222,0.9320999999999999,90.25,0.0,0.0,0.0,1.7111104787667457,0.24119387176792723,1.749530260145913,0.6671762492205568,0.19902831009691252,0.27019102278668095,0.16010011686504264,0.480300350595128,0.05
1004,0.38885,False,1,0.0,0.1377,1.0,90.0,0.0,0.0,0.0,1.642294619944548,0.06963378619758101,1.5194,0.03484594667963551,0.137798887619644,0.07154052361775275,2.8155888343961845e-208,0.0,0.05
1005,0.42740000000000006,False,1,0.0,0.2763,0.8137000000000001,58.8,0.0,0.0,0.0,1.9760820767633664,0.34666367786359176,2.0101754444143234,0.7662593757975891,0.4744538573712477,0.3639019250360622,0.35119416457998287,0.5932133868524374,0.05
1006,0.40154999999999996,False,1,0.0,0.25329999999999997,0.7395999999999999,47.45,0.0,0.0,0.0,2.1199139119572417,0.48842039423594585,2.531276728948251,1.2137468652287278,0.5565400680184879,0.4462971415677236,0.6209544995561316,0.7400686644754217,0.05
1007,0.44079999999999997,False,1,0.0,0.16339999999999996,1.0,70.45,0.0,0.0,0.0,1.7163125541799253,0.14082202717886988,1.5212258680555562,0.03213109726255198,0.1853973236043681,0.1173519444325243,0.0016000000000004348,0.004800000000001304,0.05
1008,0.3613999999999999,False,1,0.0,0.20759999999999995,0.8751999999999999,90.0,0.0,0.0,0.0,1.8508203830649912,0.34450402779028794,2.1541863594351325,1.264134619721234,0.3434216491000354,0.34349466453660904,0.3093776459036378,0.672120279361444,0.05
1009,0.35335000000000005,False,1,0.0,0.1554,0.8713000000000001,80.0,0.0,0.0,0.0,1.8143972466938503,0.3379197210433379,1.8932200629306237,0.7063230299352928,0.2972470953162452,0.34743814101760206,0.24995788526814358,0.5392017372851176,0.05
1010,0.39685000000000004,False,1,0.0,0.1733,0.9404,80.0,0.0,0.0,0.0,1.7529695212144678,0.22848665735426482,1.8992775768178103,1.0516040863912015,0.24059288733240836,0.24764341340468216,0.1914886873991022,0.559300900567629,0.05
1011,0.33979999999999994,False,1,0.0,0.2714,0.6721999999999999,66.0,0.0,0.0,0.0,2.1416527624957618,0.5047194585944743,2.698278935681971,1.1689672057612779,0.6348319424715794,0.4808656341035592,0.8497821509287764,0.8505867718965456,0.05
1012,0.46120000000000005,False,1,0.0,0.2577,0.8647,50.0,0.0,0.0,0.0,1.9006628387898559,0.34020729956634876,2.0681939106629956,1.0396723468838327,0.3997968542397431,0.34603018957816606,0.3353371065174767,0.670712644163912,0.05
1013,0.48505,False,1,0.0,0.23699999999999996,0.9347,50.4,0.0,0.0,0.0,1.8372873936062182,0.2715057975094785,1.8016757061830984,0.7727822556250471,0.32137634492623324,0.2621877326806558,0.22428681729420932,0.6345031905564061,0.05
1014,0.4028999999999999,False,1,0.0,0.193,0.9328,80.0,0.0,0.0,0.0,1.7557740557606512,0.24159607319913876,1.7839816739998973,0.7348694295997582,0.2682878059101982,0.278083018043079,0.1988816739960522,0.5966450219881566,0.05
1015,0.44384999999999997,False,1,0.0,0.1981,1.0,77.6,0.0,0.0,0.0,1.7448178266399617,0.16459135122254612,1.5057000000000003,0.016444147895223922,0.21757071809237108,0.12916571390468945,0.00020000000000028705,0.0006000000000008612,0.05
1016,0.38445000000000007,False,1,0.0,0.16820000000000002,0.8807,70.0,0.0,0.0,0.0,1.8474630915392278,0.4547443464977713,2.0530551613655423,1.012827463546585,0.30105547085823775,0.3771334521129231,0.39444348963785075,0.7960467326229511,0.05
1017,0.3978499999999999,False,1,0.0,0.1768,0.9389,80.0,0.0,0.0,0.0,1.742638833119491,0.27623519322846485,1.7658928721781275,0.6958448125737299,0.228956584859744,0.2412711312657279,0.1856927342450324,0.5570782027350972,0.05
1018,0.37749999999999995,False,1,0.0,0.1571,0.9994999999999999,100.4,0.0,0.0,0.0,1.7542858453725434,0.16744440361266358,1.642883333333335,0.33955026214788,0.21827634906844923,0.1284546013456153,0.08090000000000128,0.2393852334627208,0.05
1019,0.3384,False,1,0.0,0.2986,0.6192,60.25,0.0,0.0,0.0,2.3636218442571253,0.6269708778796317,3.114356481979269,1.577681567667972,0.7769296811038251,0.5097296461226126,1.0071015150665061,0.8792224791060548,0.05
1020,0.36819999999999997,False,1,0.0,0.2164,0.8,70.0,0.0,0.0,0.0,1.9433690265980748,0.4014746890342779,2.2488990970324223,1.1390946852914365,0.4633187027075415,0.4315055187731043,0.5329705009646644,0.8155315410841164,0.05
1021,0.44375,False,1,0.0,0.28440000000000004,0.8709,66.95,0.0,0.0,0.0,2.0173171087597987,0.36845916214104635,2.1832056479361177,1.353422519503117,0.46577661197203357,0.3432593560602225,0.35777767626066914,0.7155556456957248,0.05
1022,0.38464999999999994,False,1,0.0,0.14540000000000003,0.9439,80.0,0.0,0.0,0.0,1.725754926286933,0.2722252519667536,1.7897363587863473,0.7968302670843369,0.21465513815756707,0.2742527911825756,0.1928314606408836,0.5784943819226508,0.05
1023,0.43289999999999995,False,1,0.0,0.21070000000000003,0.9350999999999999,70.0,0.0,0.0,0.0,1.7794904734861485,0.22017417138805448,1.6512400182818603,0.3346530071822408,0.2966166001829694,0.2622449217850428,0.08580000682573735,0.23807303442973154,0.05
1024,0.43565,False,1,0.0,0.19170000000000004,1.0,80.1,0.0,0.0,0.0,1.725286496841126,0.13213070127199897,1.5338625000000004,0.04643000275953023,0.21156304385487412,0.10799088593029146,0.0016000000000003071,0.004800000000000921,0.05
1025,0.46274999999999994,False,1,0.0,0.26599999999999996,0.8195,40.0,0.0,0.0,0.0,1.9993310886891151,0.4097842513248196,2.3673829736660346,1.2830345948327164,0.45812414021933867,0.35917389601063077,0.5687761290264083,0.8765140736134766,0.05
1026,0.35634999999999994,False,1,0.0,0.201,0.8721,90.1,0.0,0.0,0.0,1.9188874122495043,0.47847371693228297,2.113217807922518,1.1962959113254876,0.37646902119741094,0.4092247960775362,0.41695596778278315,0.835772100589708,0.05
1027,0.36715,False,1,0.0,0.1311,1.0,99.2,0.0,0.0,0.0,1.6839016593674168,0.1556860165188502,1.536300001525879,0.057019384374061725,0.15684231728365336,0.127571777689962,4.9848139136890616e-207,0.0,0.05
1028,0.40425,False,1,0.0,0.1285,1.0,80.0,0.0,0.0,0.0,1.6417089145055286,0.09213777053398627,1.5493625000031634,0.07452957571959984,0.13764479498863424,0.10626225463612399,0.0016000000000003071,0.004800000000000921,0.05
1029,0.3911999999999999,False,1,0.0,0.23679999999999998,0.8655999999999999,80.0,0.0,0.0,0.0,1.9011106501882906,0.4043295115201924,2.055985310588953,1.0980783143004442,0.39683449085300027,0.3831574510500724,0.3541784367732371,0.7084011381245644,0.05
1030,0.40049999999999997,False,1,0.0,0.183,0.9411999999999999,80.8,0.0,0.0,0.0,1.7934540665872714,0.23224777485238246,1.7624909405310294,0.7818171788186464,0.2674924704270277,0.24533655136679972,0.17247288972265268,0.5174186691679581,0.05
1031,0.37775000000000003,False,1,0.0,0.2557,0.7464000000000001,61.65,0.0,0.0,0.0,1.9969896860615894,0.3439266022025004,2.1939968130338765,0.9033870184050229,0.4803600574888952,0.35769579816197183,0.4904495043309379,0.6592175700118496,0.05
1032,0.38950000000000007,False,1,0.0,0.2015,0.8175000000000001,60.0,0.0,0.0,0.0,1.9180433252372127,0.4003484356867247,2.061091048185313,0.8946917516910097,0.3980486145190573,0.3962125048990978,0.4538650538793966,0.7509544776152811,0.05
1033,0.39414999999999994,False,1,0.0,0.2158,0.8717,74.8,0.0,0.0,0.0,1.8579665613496026,0.30216290205411617,1.8724728476113313,0.731965886299483,0.35332350584811656,0.3222957680304452,0.255414017320084,0.550184316702043,0.05
1034,0.35265,False,1,0.0,0.15889999999999999,0.8666,80.05,0.0,0.0,0.0,1.8236769161624011,0.341464133786685,2.0110518301315308,0.9978191512538548,0.3059323060915914,0.35766298991049095,0.36884507456636145,0.7413815152636973,0.05
1035,0.34730000000000005,False,1,0.0,0.15019999999999997,0.8698,81.35,0.0,0.0,0.0,1.8265794728415545,0.4046270075211385,2.0510924332626645,1.021072275506028,0.2918992263366425,0.3656649243567886,0.3755732921529669,0.7314089798884538,0.05
1036,0.3752,False,1,0.0,0.21059999999999998,0.8198000000000001,70.0,0.0,0.0,0.0,1.9568164238378807,0.5272784637187186,2.2751642468903466,1.1637680329906575,0.418746107796248,0.45676840503101224,0.5756671735021911,0.8881114756658994,0.05
1037,0.4183,False,1,0.0,0.2123,0.9315,76.8,0.0,0.0,0.0,1.7755796692276895,0.231948732531755,1.9035667849713174,1.0329963578440178,0.29144484495512957,0.26537652540185913,0.2220730563697168,0.5902753324663677,0.05
1038,0.36374999999999996,False,1,0.0,0.1275,1.0,100.0,0.0,0.0,0.0,1.662371951604424,0.10443427046772652,1.5379999999999998,0.05693329430131372,0.1427322239778201,0.0900173987650338,1.8130221785576938e-218,0.0,0.05
1039,0.32645,False,1,0.0,0.1664,0.8061,79.9,0.0,0.0,0.0,1.9277066009766184,0.4337129249709264,2.224705766003191,1.1542257511369736,0.38958619059326527,0.4211175487319437,0.399402630648539,0.6588500375607161,0.05
1040,0.38,False,1,0.0,0.1526,1.0,98.15,0.0,0.0,0.0,1.7054638769639108,0.13896325438522944,1.5720556280242342,0.06288585427995905,0.17728993637309776,0.11243060562676147,0.011500000000000654,0.03450000000000196,0.05
1041,0.37710000000000005,False,1,0.0,0.17999999999999997,0.9342,90.0,0.0,0.0,0.0,1.8385295890194129,0.4431877548433359,1.7207669892243387,0.5835644950935772,0.29304462053785985,0.3627366418905747,0.16085259415547953,0.4825577824664386,0.05
1042,0.4076000000000001,False,1,0.0,0.1972,0.9390000000000001,80.25,0.0,0.0,0.0,1.7935241515032536,0.23843953784554714,1.8577309750754658,1.0055261001485867,0.28462355044395227,0.2615936592998784,0.18449649782831068,0.553489493484932,0.05
1043,0.34700000000000003,False,1,0.0,0.2358,0.7386,70.1,0.0,0.0,0.0,2.124333883628304,0.5186688525158931,2.495179599389905,1.1837585067274046,0.5696181015948202,0.4660521795541069,0.7619692450021631,0.9157646568347994,0.05
1044,0.47835,False,1,0.0,0.24769999999999998,0.8690000000000001,40.0,0.0,0.0,0.0,1.9176023150310804,0.32291282003722355,2.1259110967849164,1.0220587559714893,0.4124989586793066,0.33778917338356496,0.42602807575773144,0.6940534468121533,0.05
1045,0.4137,False,1,0.0,0.2509,0.8515,68.75,0.0,0.0,0.0,2.1190831563874077,0.6083125614112608,2.349858568020616,1.190755740095952,0.5173913670150783,0.44515595154463167,0.5431811845413158,0.7679453305336076,0.05
1046,0.3873,False,1,0.0,0.15930000000000002,0.9353,80.0,0.0,0.0,0.0,1.7578662240890133,0.251267528615485,1.6372555406030584,0.33926875896313075,0.23732162073072435,0.2347948666934182,0.07990000007451346,0.23970000022354038,0.05
1047,0.45400000000000007,False,1,0.0,0.2304,0.8710000000000001,48.35,0.0,0.0,0.0,1.8921653396007083,0.34695404320191164,1.7104185444402933,0.40374757372479275,0.3877055339961589,0.35474617570717737,0.1597000122487881,0.31940010275014663,0.05
1048,0.3782,False,1,0.0,0.1658,0.9378,86.8,0.0,0.0,0.0,1.814392350618092,0.42076077663482014,1.7934128093772657,0.7781277098955747,0.25838675971274827,0.32464211059566345,0.218546093882474,0.6450421740887212,0.05
1049,0.35664999999999997,False,1,0.0,0.13240000000000002,0.9408999999999998,90.0,0.0,0.0,0.0,1.6784796501357804,0.18371348661356326,1.6319793402777787,0.339645032941163,0.1881261222785275,0.2098430070134548,0.07980000000000047,0.23940000000000144,0.05
1050,0.34345000000000003,False,1,0.0,0.20189999999999997,0.8034000000000001,79.6,0.0,0.0,0.0,2.0277996907713423,0.6034832518092205,2.3632900200002127,1.1072545328830272,0.4385718761391077,0.4750878487554404,0.6530327153257136,0.8656019087193789,0.05
1051,0.3822,False,1,0.0,0.23569999999999997,0.8150999999999999,71.6,0.0,0.0,0.0,1.9236511472824958,0.33277076243306564,2.063982869863801,0.9548427911496399,0.42130372475438316,0.3468080161140259,0.3407162028672396,0.5823243306856285,0.05
1052,0.42554999999999993,False,1,0.0,0.2098,0.8822999999999999,60.25,0.0,0.0,0.0,1.8787644511690242,0.44093796159679166,2.073972373301205,1.084368166886498,0.35446994139969046,0.3887274771671596,0.4011417483675424,0.7880391387317245,0.05
1053,0.41380000000000006,False,1,0.0,0.23170000000000002,0.8759,70.0,0.0,0.0,0.0,1.904244187139738,0.38217615040597785,2.0765055036309974,1.0764654215437395,0.3794931976995621,0.34670416218312805,0.3339792464640932,0.6681997994266756,0.05
1054,0.45025000000000004,False,1,0.0,0.1773,1.0,69.2,0.0,0.0,0.0,1.7372737761037467,0.1833526147511505,1.5254613035413993,0.03526582796080455,0.2035975747645738,0.15829397946782225,0.0007000000000003723,0.0021000000000011166,0.05
1055,0.45875,False,1,0.0,0.2252,0.8699,44.4,0.0,0.0,0.0,1.8777306705179473,0.2907091031961372,2.0195979745940997,1.0049375477495446,0.3503736696579681,0.3082912305026842,0.3885877388355302,0.7836444297767243,0.05
1056,0.47235000000000005,False,1,0.0,0.1927,1.0,62.0,0.0,0.0,0.0,1.710392449248587,0.10968604490957128,1.5387001740996236,0.050829420144579605,0.19445369153468295,0.10257253516607256,1.1265947222397692e-202,0.0,0.05
1057,0.4,False,1,0.0,0.1306,1.0,82.65,0.0,0.0,0.0,1.6745955675780888,0.13087203692897695,1.5231,0.03372076511587483,0.155084956674606,0.11036981270133914,3.6462592570607535e-205,0.0,0.05
1058,0.43184999999999996,False,1,0.0,0.18370000000000003,1.0,80.0,0.0,0.0,0.0,1.689659318528874,0.10470611401873411,1.5063,0.013296992141082115,0.1835154963103046,0.09690038168165348,4.813614524478221e-202,0.0,0.05
1059,0.3772,False,1,0.0,0.22890000000000002,0.8215,74.0,0.0,0.0,0.0,2.012492916727188,0.5375671248143357,2.1361319986816203,0.949345464924614,0.45008522869228945,0.45330415050026773,0.47837117208503077,0.7939374461377883,0.05
1060,0.4112999999999999,False,1,0.0,0.19669999999999996,0.9362999999999999,77.6,0.0,0.0,0.0,1.7670045215516155,0.22469659130071798,1.7277823308786133,0.6397348260560608,0.25955171765036633,0.257592646738611,0.17256773956290947,0.5177032186887284,0.05
1061,0.35665,False,1,0.0,0.19969999999999996,0.875,90.35,0.0,0.0,0.0,1.882097419591362,0.3363708874634386,2.161034932738962,1.3061131863703312,0.3590969646685086,0.3576202589912208,0.3718267887279306,0.7459968416089768,0.05
1062,0.43965000000000004,False,1,0.0,0.1955,0.9349999999999999,62.8,0.0,0.0,0.0,1.7554019247112347,0.22249646789418526,1.7481276200655678,0.6824146849019587,0.2733749215739075,0.2712463296487995,0.18973437215104058,0.5692031164531217,0.05
1063,0.4131,False,1,0.0,0.22010000000000002,0.8745,67.1,0.0,0.0,0.0,1.9246743440524319,0.4022822783339739,2.0160797619226023,1.0063776453352735,0.36720664344534837,0.3608665287772157,0.3869797619226019,0.774750508464435,0.05
1064,0.4237000000000001,False,1,0.0,0.19060000000000002,0.9368000000000001,70.0,0.0,0.0,0.0,1.7606636415905712,0.27321521782574626,1.7763492499753881,0.7355149708537828,0.25395125098749916,0.2665787383024109,0.21084071726054407,0.6325221517816323,0.05
1065,0.44320000000000004,False,1,0.0,0.25830000000000003,0.9433,78.8,0.0,0.0,0.0,1.9493646637652031,0.2564709951497327,1.6749109832103226,0.33368681210984064,0.3778094708920654,0.23930751979589734,0.07980000000071812,0.23940000000215433,0.05
1066,0.3583,False,1,0.0,0.13820000000000005,0.9384,90.0,0.0,0.0,0.0,1.7390488355303073,0.29041111324794383,1.637505527728992,0.32378719312320225,0.21302092461011965,0.27145103276744487,0.07993467106819103,0.23980401320457306,0.05
1067,0.38309999999999994,False,1,0.0,0.2063,0.8190999999999999,64.8,0.0,0.0,0.0,1.9456974645693186,0.3533934088393039,2.0193984583252087,0.8472035115587309,0.41987813011005687,0.3687345155752518,0.3743540138807743,0.6698382230793861,0.05
1068,0.43944999999999995,False,1,0.0,0.27059999999999995,0.8207000000000001,53.1,0.0,0.0,0.0,2.157593895772399,0.5207840958936862,2.2523222104786194,1.14543159955774,0.52939900789952,0.4002719200971094,0.4254920569454467,0.6936782563446311,0.05
1069,0.3880999999999999,False,1,0.0,0.2205,0.8756999999999999,80.0,0.0,0.0,0.0,1.8738250212914067,0.29981568099691475,1.9754494849560025,0.8960930372446652,0.3600755066381454,0.31989948020479814,0.3705836612273939,0.7379159944110296,0.05
1070,0.37309999999999993,False,1,0.0,0.17170000000000002,0.9344999999999999,90.0,0.0,0.0,0.0,1.7778497876590644,0.2425571889740198,1.7960060606823274,0.8440841340164783,0.2534894179357179,0.2395538911522912,0.1130000000000003,0.3323868228435055,0.05
1071,0.4123499999999999,False,1,0.0,0.18629999999999997,0.9359999999999999,74.4,0.0,0.0,0.0,1.8341812673468785,0.33362783603836804,1.636526174624446,0.3519419006046314,0.28406533162157266,0.3014479765230323,0.09821570477441316,0.2946471143232395,0.05
1072,0.39895,False,1,0.0,0.23809999999999998,0.7998000000000001,60.0,0.0,0.0,0.0,1.9220120039708959,0.32169949087454697,2.3122834363560973,1.2037809462310503,0.4529383815300152,0.3803257915484029,0.5106328213485228,0.78018710623819,0.05
1073,0.40890000000000004,False,1,0.0,0.25,0.7436,43.95,0.0,0.0,0.0,2.0671668713060845,0.43841976254895804,2.409934843316188,1.0800814358073332,0.5455777839505745,0.42817176740828483,0.516472679771679,0.5797944134318388,0.05
1074,0.4052,False,1,0.0,0.2096,0.8712,67.6,0.0,0.0,0.0,1.861938885235655,0.3275090638339664,2.0519148128183717,1.0109304315918755,0.3575113726928928,0.3405242758210246,0.36350873605566414,0.7155414552409193,0.05
1075,0.3818000000000001,False,1,0.0,0.1927,0.8701000000000001,74.8,0.0,0.0,0.0,1.8348890800310316,0.3335862728772743,2.0534265482116387,1.0942989104208127,0.3408747147371477,0.35096647720463786,0.3945105947741233,0.7890279258192939,0.05
1076,0.35445000000000004,False,1,0.0,0.1998,0.8099000000000001,75.2,0.0,0.0,0.0,1.8267085272689385,0.3082316317823321,2.2434863098623685,1.0981626687331,0.36701167547872215,0.37618085809221463,0.5110521573089775,0.781152923516221,0.05
1077,0.4246000000000001,False,1,0.0,0.2632,0.8768,72.7,0.0,0.0,0.0,2.010921917212802,0.4608273505308536,2.0357839369803936,0.9157712348935092,0.4336151474608859,0.37583485194271427,0.37268589408851716,0.6611223854187723,0.05
1078,0.37255,False,1,0.0,0.2015,0.9436,100.0,0.0,0.0,0.0,1.8534636521302104,0.4362314852598191,1.7683721284244207,0.763020231196842,0.3086356363528502,0.3525992155218993,0.19773879509108766,0.593216385273263,0.05
1079,0.41294999999999993,False,1,0.0,0.1459,1.0,80.0,0.0,0.0,0.0,1.6508409638472297,0.10434898788511637,1.5441,0.040947405290201244,0.14983428731497686,0.10940266892148132,6.168101590440086e-197,0.0,0.05
1080,0.3469,False,1,0.0,0.154,0.9334,98.4,0.0,0.0,0.0,1.7581563354146337,0.30076691000520067,1.754678652102161,0.6754184730441176,0.24797868007092347,0.31237577559808527,0.18629604865267457,0.5340357294200354,0.05
1081,0.35944999999999994,False,1,0.0,0.1417,0.9339999999999999,89.2,0.0,0.0,0.0,1.7725989029523135,0.3125198823872857,1.7443850090976976,0.47406671685716967,0.23834595809251807,0.30725256479918106,0.11296622453254587,0.24469886099247912,0.05
1082,0.4214500000000001,False,1,0.0,0.205,0.9387000000000001,75.2,0.0,0.0,0.0,1.7950658040678402,0.33149098525501686,1.7803762269347252,0.7101204728347654,0.29092622409520574,0.3181148824136042,0.20987098401721266,0.629612952051638,0.05
1083,0.48790000000000006,False,1,0.0,0.217,1.0,60.3,0.0,0.0,0.0,1.7219106234413843,0.09419926732139612,1.5152000784979927,0.030808656467217175,0.22783901584070515,0.0969903113421234,9.74727076127234e-211,0.0,0.05
1084,0.3769,False,1,0.0,0.16160000000000002,0.8722000000000001,70.0,0.0,0.0,0.0,1.8326392513088066,0.3634253619273487,1.9075844468460865,0.8357716326999316,0.3009697421560646,0.3488936639423887,0.20390000000003722,0.4195532028242,0.05
1085,0.39975000000000005,False,1,0.0,0.19619999999999999,0.9323,82.25,0.0,0.0,0.0,1.7599212130061705,0.18879593713819232,1.7536395225232835,0.6750070763894406,0.264219004364762,0.2431434638907518,0.17168314745107677,0.5150494423532304,0.05
1086,0.41250000000000003,False,1,0.0,0.19999999999999998,0.866,60.25,0.0,0.0,0.0,1.8780593892202728,0.3470336955311102,2.129881114558411,1.2444742437255567,0.3411254554641582,0.33901700011402075,0.3467017635152755,0.6936392727119264,0.05
1087,0.4242,False,1,0.0,0.2685,0.8199,60.0,0.0,0.0,0.0,2.007406938436439,0.40616887811515057,2.125215660790835,0.9792177097198296,0.48343810362783596,0.4007635909254753,0.4438408189197333,0.7277181358037477,0.05
1088,0.40715,False,1,0.0,0.1351,1.0,80.2,0.0,0.0,0.0,1.6715705413090063,0.09788189585408037,1.5395,0.04049506142729012,0.1629794027767964,0.10148476345989613,1.0301246478061829e-217,0.0,0.05
1089,0.44345,False,1,0.0,0.2291,0.9378,70.0,0.0,0.0,0.0,1.8466516069309773,0.27860270647020663,1.7964878143465857,0.8116317003651844,0.3168592917841765,0.2595018026352801,0.18731003656880607,0.534517129801381,0.05
1090,0.3589,False,1,0.0,0.25189999999999996,0.7301,66.05,0.0,0.0,0.0,2.1679406644764057,0.5730763636077809,2.2733940925293084,1.0342397867570776,0.5961826711144851,0.47409063530487844,0.6085954818138047,0.8580102025775139,0.05
1091,0.44214999999999993,False,1,0.0,0.1643,1.0,70.0,0.0,0.0,0.0,1.728833499768783,0.17380262459726092,1.5348,0.05287305551980137,0.20062961646017863,0.14563111829886555,5.3028840629653754e-207,0.0,0.05
1092,0.37115000000000004,False,1,0.0,0.10229999999999999,1.0,90.0,0.0,0.0,0.0,1.6407960298566242,0.09377622673779754,1.5338,0.06746376805367456,0.11611109620476082,0.09089960824772259,6.0834929393470055e-211,0.0,0.05
1093,0.367,False,1,0.0,0.10259999999999998,1.0,92.15,0.0,0.0,0.0,1.6527094471399006,0.13245524848629112,1.515066715494792,0.01894314375530057,0.12006152419935501,0.09291670407039264,0.0032000000000003298,0.00960000000000099,0.05
1094,0.38739999999999986,False,1,0.0,0.1623,0.9324999999999999,80.0,0.0,0.0,0.0,1.7219745761630196,0.2442150084137663,1.8395471492426012,0.8829463184653896,0.2341794486685135,0.2649249289513719,0.18608092783212066,0.513512482072343,0.05
1095,0.3569,False,1,0.0,0.1711,0.8634999999999999,80.2,0.0,0.0,0.0,1.8460884677521676,0.3294188020842222,2.038433666504505,1.0012083649513512,0.33540254631079564,0.3425890624422391,0.32922278783584635,0.6587033448070617,0.05
1096,0.37439999999999996,False,1,0.0,0.191,0.8379999999999999,70.05,0.0,0.0,0.0,1.8426559317054383,0.2672980224281933,2.055683102695214,0.84879420434004,0.34857035013201204,0.31101901918536573,0.3869866962579375,0.6959915392700623,0.05
1097,0.3922,False,1,0.0,0.2109,0.8695,74.0,0.0,0.0,0.0,1.8550141356780927,0.2783712740027836,2.111880935721525,1.0014462657774013,0.3529815490869511,0.3196176982742585,0.47461426840952337,0.8633828070349483,0.05
1098,0.48155,False,1,0.0,0.2771,0.8059999999999998,30.0,0.0,0.0,0.0,1.9455157007583146,0.3151709183811651,2.2060450972051724,1.0345177964586567,0.4584498316564982,0.3580684577116373,0.4808936512635514,0.734729083934367,0.05
1099,0.35635000000000006,False,1,0.0,0.18870000000000003,0.804,70.0,0.0,0.0,0.0,1.881862168624399,0.38466292100634003,2.182225741819742,1.1032142937391747,0.40826852218982157,0.43610591875324617,0.43905307321373616,0.7064808907374166,0.05
1100,0.4332,False,1,0.0,0.2113,0.8695,53.6,0.0,0.0,0.0,1.8637248968211377,0.3638676352702666,1.8753921037893122,0.6982023780007893,0.3439962445954344,0.34365645160321023,0.24270000046246426,0.5197511051284334,0.05
1101,0.42434999999999995,False,1,0.0,0.2525,0.8186,55.6,0.0,0.0,0.0,1.9728088439616254,0.4431067796410968,2.2594972327508174,1.1307709322749566,0.4517214898613974,0.42403746950905,0.5305495685857275,0.8122054943030123,0.05
1102,0.38734999999999997,False,1,0.0,0.1778,0.8769,70.0,0.0,0.0,0.0,1.8237103259983285,0.3790108655158703,2.038463166519511,1.0060400090560686,0.2988347274252375,0.3478173573802492,0.40461536378513224,0.8094805043493465,0.05
1103,0.3827,False,1,0.0,0.1821,0.9433,90.0,0.0,0.0,0.0,1.7835505422386078,0.34064659176077355,1.7703319069291386,0.7192990245395614,0.25949855133225125,0.3002703273132169,0.16941026168215814,0.4983110626586818,0.05
1104,0.41715,False,1,0.0,0.21739999999999998,0.8793,65.6,0.0,0.0,0.0,1.8982804754664673,0.3377141500924875,2.0392426760080937,1.0681190306364738,0.37427856572925433,0.35649852182595976,0.3969093426747604,0.7938208658638827,0.05
1105,0.42225,False,1,0.0,0.25470000000000004,0.8922000000000001,75.6,0.0,0.0,0.0,1.9301538218786185,0.38464223064726805,1.977131759665306,1.0737353504134581,0.384092254729973,0.3538609239548666,0.28459787564084876,0.6331501131048398,0.05
1106,0.41250000000000003,False,1,0.0,0.1814,0.866,55.6,0.0,0.0,0.0,1.8876601708237288,0.4352798135593698,1.9227642608640587,0.8501313357639836,0.35403976103478424,0.41127054583970685,0.26441288495816423,0.562693620630071,0.05
1107,0.43620000000000003,False,1,0.0,0.20719999999999997,0.9458,70.15,0.0,0.0,0.0,1.7953250321583518,0.2844320444018141,1.7667427430738427,0.7899383322591994,0.27800265270288715,0.26048783253241503,0.22464274307384285,0.6739282292215286,0.05
1108,0.41605,False,1,0.0,0.2057,0.8775999999999999,62.8,0.0,0.0,0.0,1.9080379248044395,0.37545760111693627,1.89393603994712,0.7430990310498328,0.3825101533026561,0.3868115388473853,0.25850062102616406,0.5522362797402416,0.05
1109,0.36829999999999996,False,1,0.0,0.1584,0.9328,88.65,0.0,0.0,0.0,1.7513345734975292,0.32538453628683467,1.862261865394777,1.0433729548269606,0.24025561821084024,0.3007260557978734,0.18355330494146208,0.5453474452459389,0.05
1110,0.37925,False,1,0.0,0.1978,0.8807,80.0,0.0,0.0,0.0,1.8989465269174755,0.5009662818592272,2.060477508365648,1.0752389638247226,0.351840109434941,0.40990160987615426,0.42737750836176075,0.8550671410641046,0.05
1111,0.41715,False,1,0.0,0.20270000000000002,0.9516,80.0,0.0,0.0,0.0,1.7889709249581518,0.3309673178242605,1.6357111151582313,0.33952133525242956,0.2630194889382017,0.28820036990150055,0.07980000002632982,0.23940000007898946,0.05
1112,0.45375,False,1,0.0,0.23479999999999998,0.9367000000000001,66.0,0.0,0.0,0.0,1.8532945318236655,0.26666612106684495,1.730340745207318,0.6567304858517521,0.3209787487153047,0.23652430439345679,0.160989301136013,0.4678356335486243,0.05
1113,0.32844999999999996,False,1,0.0,0.1266,0.8679,84.4,0.0,0.0,0.0,1.7499315317628663,0.2674974325866511,1.9029023804515326,0.8317480530748739,0.2545628576488187,0.3215892661728625,0.23815731737154736,0.5076730166490213,0.05
1114,0.4244499999999999,False,1,0.0,0.193,0.9294999999999998,68.4,0.0,0.0,0.0,1.807639989971202,0.3043139227779475,1.8882263328932851,0.7477002346893175,0.29599728619847643,0.28871006403780997,0.28017076377436073,0.5510733359046568,0.05
1115,0.39990000000000003,False,1,0.0,0.1975,0.8023,50.0,0.0,0.0,0.0,1.872685448435411,0.329800049166857,2.2466764422378493,1.1165764903361226,0.3981834521445217,0.39000225723308246,0.5180139320094159,0.7914826790408411,0.05
1116,0.39985,False,1,0.0,0.1597,1.0,90.0,0.0,0.0,0.0,1.7093378357600941,0.12967574911772664,1.5352111111111117,0.05496848592097703,0.17635618256006266,0.11574947079254698,0.013200000000000472,0.03960000000000142,0.05
1117,0.36874999999999997,False,1,0.0,0.2266,0.7396999999999999,57.2,0.0,0.0,0.0,2.1744364834885297,0.6406660960498447,2.519157111848455,1.2421023658309662,0.5708587186247815,0.5222485107997249,0.7957987283987922,0.9781306138189163,0.05
1118,0.36365,False,1,0.0,0.15209999999999996,0.9352,90.0,0.0,0.0,0.0,1.8099513612858515,0.3751233429198174,1.8086440686769998,0.8541036448946118,0.2692224332096741,0.348760282018965,0.24584406867699976,0.7375322060309993,0.05
1119,0.44399999999999995,False,1,0.0,0.2584,0.8695999999999999,60.0,0.0,0.0,0.0,1.9398859985894987,0.33186325570448627,2.037011749734454,0.9815472711732702,0.39957968949499467,0.3150141376962136,0.35407411063742467,0.7084000264552238,0.05
1120,0.3807,False,1,0.0,0.2433,0.8637,86.4,0.0,0.0,0.0,1.9158989869531813,0.3154079941936861,2.2468520789942645,1.5322367858503223,0.4065286381623183,0.3390340931800722,0.3772515496144696,0.7562154310232937,0.05
1121,0.34889999999999993,False,1,0.0,0.1537,0.9440999999999999,100.0,0.0,0.0,0.0,1.7939687771685686,0.4972852670269975,2.0216490590221525,1.5010644317504014,0.24591813474850496,0.37920840604328143,0.19999999692848447,0.5999999907854534,0.05
1122,0.42275000000000007,False,1,0.0,0.21599999999999997,0.8695,60.0,0.0,0.0,0.0,1.919680944619443,0.5641115605534383,2.0038989095743096,0.9549795587444336,0.3721569565860802,0.41691548256303546,0.36579174517879276,0.7386350413943941,0.05
1123,0.38095000000000007,False,1,0.0,0.18530000000000002,0.9366,90.0,0.0,0.0,0.0,1.7759155559501398,0.2580601330941814,1.7356848664884148,0.6888764286117728,0.2562249930558354,0.2596544651932327,0.1640611925236089,0.4921835775708268,0.05
1124,0.41625,False,1,0.0,0.21600000000000003,0.9367000000000001,80.05,0.0,0.0,0.0,1.8047523679881525,0.24637954844823678,1.7723128011141178,0.7349830185423839,0.27387296460143484,0.2423527872801934,0.19465724555856181,0.5839717366756854,0.05
1125,0.38599999999999995,False,1,0.0,0.19949999999999998,0.9324999999999999,90.0,0.0,0.0,0.0,1.818622925409621,0.2805824508569765,1.846428971823687,0.8637454720459564,0.30135840588121726,0.2862042576674546,0.16235536342313878,0.4870660902694164,0.05
1126,0.33494999999999997,False,1,0.0,0.18989999999999999,0.8016,80.4,0.0,0.0,0.0,1.9047241397249486,0.4363438021492739,2.305812141948225,1.2167391731973034,0.4057835606503626,0.43298368475205146,0.5199746335695059,0.8000530417614459,0.05
1127,0.41180000000000005,False,1,0.0,0.188,0.9306000000000001,73.75,0.0,0.0,0.0,1.788056688903581,0.2873191434125187,1.7965196024215584,0.8742729940695687,0.2569997700461161,0.2571443785472886,0.19948626908822506,0.5984588072646753,0.05
1128,0.3606999999999999,False,1,0.0,0.16839999999999997,0.873,80.0,0.0,0.0,0.0,1.9104347416079452,0.5644647749877478,1.8789320855727314,0.8007673728512767,0.35217329794964813,0.4553481253322517,0.2996316382861169,0.6736088083615354,0.05
1129,0.42819999999999997,False,1,0.0,0.20099999999999998,0.9328,69.35,0.0,0.0,0.0,1.827637981354514,0.27937413682267104,1.909202289727211,0.9800194319904819,0.2978257655614698,0.29831277494593816,0.21194466645393542,0.5333265968310437,0.05
1130,0.40854999999999997,False,1,0.0,0.2,0.9371,80.0,0.0,0.0,0.0,1.8079157596219335,0.22608406559800084,1.6838555580784178,0.3312596305636843,0.30055474273057636,0.25940547539529174,0.08010000000022108,0.23963407520700686,0.05
1131,0.3847499999999999,False,1,0.0,0.15729999999999997,0.9321999999999999,80.0,0.0,0.0,0.0,1.7536163173634118,0.2366166245573928,1.7615764580936168,0.7190172512685418,0.24667626146924054,0.2677158934390876,0.17635256210500097,0.5290576863150028,0.05
1132,0.4607,False,1,0.0,0.28659999999999997,0.8747999999999999,60.0,0.0,0.0,0.0,1.917787938967089,0.282509959262218,1.9526168759603189,0.8463073845993542,0.41669570382398324,0.29088816945140683,0.33419303415787316,0.6684344132809574,0.05
1133,0.39959999999999996,False,1,0.0,0.1376,0.9416,70.0,0.0,0.0,0.0,1.7227555057397779,0.30219635403293027,1.7451524555436826,0.6867934224633568,0.216420092448902,0.2996381864675789,0.18108870080508005,0.5432661024152402,0.05
1134,0.37629999999999997,False,1,0.0,0.1743,0.9395,90.3,0.0,0.0,0.0,1.7925201100037707,0.24815769063800702,1.8595770294976248,0.837116305243289,0.25078609743855695,0.25128072479143726,0.2076543869062883,0.5750150365988375,0.05
1135,0.44915000000000005,False,1,0.0,0.20339999999999997,0.9349000000000001,60.0,0.0,0.0,0.0,1.8476357616700547,0.2759182631410121,1.7912129343577745,0.7721854181170928,0.3049664335047743,0.2563943409684872,0.18690182324666318,0.5294796254181842,0.05
1136,0.37124999999999997,False,1,0.0,0.19319999999999998,0.8693,80.0,0.0,0.0,0.0,1.9050426585642568,0.47275517318732846,2.130529528478996,1.2067256455213897,0.3740669837805868,0.42876209591322184,0.41322428556148305,0.8266742832493813,0.05
1137,0.3984499999999999,False,1,0.0,0.20600000000000002,0.8738999999999999,70.75,0.0,0.0,0.0,1.8962773529693067,0.4442797974422468,2.0275608962097103,1.0116341672163656,0.3540992629805326,0.37507494859028073,0.378455166025791,0.757572495841382,0.05
1138,0.40054999999999996,False,1,0.0,0.1537,0.9391999999999999,72.95,0.0,0.0,0.0,1.789464612319166,0.3665950012836166,1.8093160030859523,0.7198440754907184,0.24783445974180948,0.34451268362973003,0.2025382198736836,0.5947283358275919,0.05
1139,0.3845500000000001,False,1,0.0,0.1729,0.9562000000000002,90.0,0.0,0.0,0.0,1.7496511204548664,0.3142854886361104,1.64393888888889,0.3363418642698157,0.22598683842702844,0.23650608210687454,0.08080000000000079,0.23908525676001155,0.05
1140,0.38895,False,1,0.0,0.2166,0.8077,61.6,0.0,0.0,0.0,1.883609502682883,0.3529871482915052,2.2957352096832073,1.200099928225427,0.39650974276795087,0.3709434776854856,0.5760575320352339,0.890218807300436,0.05
1141,0.35895000000000005,False,1,0.0,0.155,0.9349000000000001,93.0,0.0,0.0,0.0,1.7470486006826427,0.2627528399136703,1.8025364201057108,0.9039485428779038,0.22947646655877224,0.2475334429802899,0.20193642010571064,0.605809260317132,0.05
1142,0.40800000000000003,False,1,0.0,0.16899999999999998,0.9368000000000001,72.45,0.0,0.0,0.0,1.7754309346196446,0.34102333691265074,1.88213901996733,1.0125804710290898,0.2390762401702437,0.2974975102500127,0.16563755823699483,0.4969126747109845,0.05
1143,0.37379999999999997,False,1,0.0,0.1476,1.0,100.0,0.0,0.0,0.0,1.6717509263821104,0.12397484263998122,1.5268233506944449,0.02042109078773821,0.1651503943723208,0.1144458015437107,0.0022000000000003154,0.006600000000000947,0.05
1144,0.42064999999999997,False,1,0.0,0.16130000000000003,1.0,80.0,0.0,0.0,0.0,1.6591458276153073,0.09260812494249114,1.5707333333333344,0.18165674590648898,0.1658123023199188,0.0914944691015184,0.042500000000000884,0.12750000000000264,0.05
1145,0.43015000000000003,False,1,0.0,0.20420000000000002,0.9361,70.0,0.0,0.0,0.0,1.8026519595960409,0.30735684226893,1.6270416718532779,0.276149373698334,0.2870133608095998,0.30816659510579125,0.08080000038745253,0.23941503828401464,0.05
1146,0.39859999999999995,False,1,0.0,0.22920000000000001,0.8816,78.4,0.0,0.0,0.0,1.8566069800700622,0.35484209297582053,2.086547219481187,0.9910467490508131,0.34285140121009405,0.32346900481917634,0.373376651797174,0.6399323359981236,0.05
1147,0.40935,False,1,0.0,0.1391,1.0,80.1,0.0,0.0,0.0,1.6825178485467507,0.10691662495168765,1.5233,0.03190626897648798,0.15974629448208763,0.09365831931752235,1.2306054417482018e-212,0.0,0.05
1148,0.42745,False,1,0.0,0.2298,0.8651,60.0,0.0,0.0,0.0,1.8571071710604135,0.2806191083860512,1.9750206778657642,0.9499405563039777,0.3744551349028198,0.30979821868001,0.2735532595133305,0.5370116657313977,0.05
1149,0.47385,False,1,0.0,0.22790000000000005,1.0,70.05,0.0,0.0,0.0,1.8054995298191479,0.18366249115055103,1.574517516491436,0.061358898602469715,0.2703970843326729,0.15496593311584464,0.01860000000000083,0.04002049474956713,0.05
1150,0.3254,False,1,0.0,0.251,0.681,70.3,0.0,0.0,0.0,2.2291268674561366,0.5448249623077384,2.9491639145655917,1.8415378028196345,0.6632916595889206,0.4969157762472392,0.7642217278832075,0.8725309204596007,0.05
1151,0.40285000000000004,False,1,0.0,0.26430000000000003,0.8614,80.0,0.0,0.0,0.0,1.9144414096708733,0.35641863500269877,1.9694955131839673,0.8886651738706153,0.4050188406195939,0.32326197253897454,0.33904142613580285,0.6782905901473624,0.05
1152,0.44005,False,1,0.0,0.24009999999999998,1.0,90.0,0.0,0.0,0.0,1.758085015276928,0.12275484034674519,1.526906807867686,0.037278488802246906,0.2511349337382655,0.11112636446672661,9.871032815995412e-179,0.0,0.05
1153,0.38295,False,1,0.0,0.2056,0.8803000000000001,80.0,0.0,0.0,0.0,1.815052723652735,0.26426944978754574,1.8239333333333352,0.44482193468875697,0.3271292219641,0.2959712396167435,0.1977000000000014,0.3207416561658323,0.05
1154,0.3335,False,1,0.0,0.182,0.805,80.0,0.0,0.0,0.0,1.9220850104176619,0.44351182211823553,2.5861647550409295,1.5426001557528914,0.39703659363012045,0.42303984122578925,0.5972326719500274,0.829872795485329,0.05
1155,0.3812499999999999,False,1,0.0,0.26149999999999995,0.7417999999999999,60.2,0.0,0.0,0.0,2.023208521845409,0.339085230760938,2.45201364079169,1.2102864517575174,0.5328559460284082,0.3728871882808992,0.7347528423186215,0.9783016113704847,0.05
1156,0.39344999999999997,False,1,0.0,0.2404,0.8696999999999999,80.8,0.0,0.0,0.0,1.9175572533480452,0.3532654985910964,1.8679616977226694,0.7418023043405448,0.3779446220588215,0.30795401890684954,0.2396000038607316,0.5115003869215768,0.05
1157,0.4214,False,1,0.0,0.1893,0.9335000000000001,70.0,0.0,0.0,0.0,1.789660587756363,0.2865618344662918,1.8182797581575465,0.7172729970028201,0.28683606658680794,0.3065787422196179,0.22700198037976843,0.5679405060959122,0.05
1158,0.44355,False,1,0.0,0.2575,0.8774000000000001,61.95,0.0,0.0,0.0,1.9286835598011591,0.40028077918946803,1.8763372812834191,0.7302481222971365,0.3961841119685454,0.34546622807477384,0.2655053396495717,0.5812404222922456,0.05
1159,0.37505,False,1,0.0,0.1779,0.9332,90.25,0.0,0.0,0.0,1.7750231287455898,0.25253574422828284,1.8379213870279034,0.8695399351471145,0.25939024800320726,0.2552065900549764,0.16663771509609093,0.4999131452882728,0.05
1160,0.40755,False,1,0.0,0.24339999999999998,0.9317,90.0,0.0,0.0,0.0,1.8215796263085835,0.23775518944820154,1.7692352849319968,0.719640392146274,0.3164976239749136,0.25752277070724283,0.18668409596882554,0.5600522879064765,0.05
1161,0.35345,False,1,0.0,0.1336,0.9333,90.0,0.0,0.0,0.0,1.7281659031248058,0.28906868689466103,1.7926376794427532,0.8041996629166723,0.21658680835167,0.29069091629208793,0.2140043461094201,0.6420130383282603,0.05
1162,0.4954,False,1,0.0,0.2564,0.8664,33.0,0.0,0.0,0.0,1.8677869542029863,0.23481203345010065,2.125803053741497,1.2259975880571297,0.377155887367585,0.28653722880729865,0.3849894774906458,0.7714089926440767,0.05
1163,0.38675000000000004,False,1,0.0,0.21960000000000002,0.8745,80.15,0.0,0.0,0.0,1.9555024985780203,0.4639693829061125,2.158359256302005,1.2525412905417375,0.3860842020888109,0.3915779842617502,0.2798406171541081,0.5993081039992451,0.05
1164,0.35585,False,1,0.0,0.18059999999999998,0.8111,70.0,0.0,0.0,0.0,1.870271140130263,0.34850336868873527,2.107995809527682,0.9564711198337643,0.38064476430267546,0.40040487102046907,0.43514289612476187,0.7126859488216506,0.05
1165,0.38715,False,1,0.0,0.16920000000000002,0.8853,70.05,0.0,0.0,0.0,1.8340110765276942,0.34083514177191726,2.0643605917709382,1.062402848633777,0.3044461012457057,0.3486281863185103,0.31715392311341456,0.6343419005989347,0.05
1166,0.3867000000000001,False,1,0.0,0.1847,0.8701000000000001,70.35,0.0,0.0,0.0,1.8525072092718236,0.39097952929480057,1.8809250251864995,0.7745756295021826,0.3165367228958759,0.33814468424984545,0.27862502518599236,0.6177383360229747,0.05
1167,0.3962,False,1,0.0,0.2411,0.8713000000000001,80.0,0.0,0.0,0.0,1.8923337558778162,0.34183009972844663,1.906175694972962,0.7635423203765824,0.38908093247954273,0.34236927056176564,0.2559584072594105,0.5274661203468283,0.05
1168,0.40645,False,1,0.0,0.2186,0.8679,68.4,0.0,0.0,0.0,1.8723289954457247,0.29910887861050156,2.0092380808248573,0.9378786129997513,0.37046497904942777,0.3506741679200406,0.38372778364718535,0.7714376059193259,0.05
1169,0.45004999999999995,False,1,0.0,0.2427,0.883,56.4,0.0,0.0,0.0,1.87862655417072,0.33550945515177444,2.0701203324336044,1.0809753545234628,0.3538509293620579,0.3138554206011581,0.3495484228494249,0.6991916265996381,0.05
1170,0.3439,False,1,0.0,0.16519999999999999,0.8026,70.0,0.0,0.0,0.0,1.9376300012089516,0.48978949844730835,2.124056812216188,0.8963344248323452,0.39885072928525966,0.45419349389053115,0.41078364689424396,0.6653409391241734,0.05
1171,0.3841,False,1,0.0,0.1783,0.8683,69.6,0.0,0.0,0.0,1.8263457647514882,0.32202214232001375,2.071556302285628,1.1078773549829026,0.3181812591326165,0.3471808182192485,0.3426003867026907,0.6852863220450209,0.05
1172,0.4264500000000001,False,1,0.0,0.225,0.9367000000000001,77.2,0.0,0.0,0.0,1.797988413972881,0.25236128079018244,1.848541591623846,0.9235353946775066,0.2920503736208983,0.2588542288192036,0.2075106212869978,0.6225318638609935,0.05
1173,0.4245000000000001,False,1,0.0,0.19770000000000001,0.8897,59.6,0.0,0.0,0.0,1.8539995308744142,0.3457942325548534,1.7372677427948826,0.4560922656699949,0.3201062476142099,0.33217883184217123,0.16150000000557546,0.31854458087855936,0.05
1174,0.3575499999999999,False,1,0.0,0.1912,0.8599,84.0,0.0,0.0,0.0,1.8881589981747091,0.45986245234772855,2.1610293368543574,0.9698220055234232,0.344330536769783,0.3767255450754485,0.4229965414532417,0.6886481401522372,0.05
1175,0.4302,False,1,0.0,0.181,1.0,80.15,0.0,0.0,0.0,1.718008231581522,0.1505793171532747,1.5413000000006623,0.0608572920869465,0.19676655567273046,0.1126908978802913,5.103203751266894e-204,0.0,0.05
1176,0.40495000000000003,False,1,0.0,0.1576,0.9323,70.0,0.0,0.0,0.0,1.7259006906488044,0.24371483296251806,1.8201610010425413,0.8730002684676068,0.22286056688908623,0.26911830885735905,0.20723872318079203,0.6217161695423761,0.05
1177,0.4202,False,1,0.0,0.1857,0.9350999999999999,70.1,0.0,0.0,0.0,1.8293341941307015,0.32426249115163497,1.7938578813102601,0.7763428817327493,0.2799312246874724,0.2670519740735135,0.21559552895674988,0.635534100569125,0.05
1178,0.37439999999999984,False,1,0.0,0.1581,0.8722999999999999,70.4,0.0,0.0,0.0,1.8116988282110729,0.34456327495247197,1.8960232833328696,0.8443146919559553,0.3023691177891349,0.35711486196195985,0.2859010853833567,0.6377435488889585,0.05
1179,0.3504,False,1,0.0,0.17010000000000003,0.8170999999999999,71.6,0.0,0.0,0.0,1.8773412560318583,0.38282910430888234,1.9772181958792836,0.6771964351156996,0.36806915259780093,0.391490822240217,0.3494036245808003,0.5423407937789589,0.05
1180,0.3474000000000001,False,1,0.0,0.11520000000000001,0.9396000000000001,90.0,0.0,0.0,0.0,1.7315866813766678,0.3422381571733782,1.8722341339205535,0.8197379260150334,0.19495686240981241,0.29033720574772914,0.13700000000000095,0.28893078755992874,0.05
1181,0.40784999999999993,False,1,0.0,0.20299999999999999,0.8686999999999999,64.0,0.0,0.0,0.0,1.8507840702061003,0.31686481341827144,2.0099629248173905,0.9619896699759943,0.3353087301410006,0.3290488111698999,0.3701519111423174,0.7421198373175363,0.05
1182,0.42910000000000004,False,1,0.0,0.24600000000000005,0.9338000000000001,80.4,0.0,0.0,0.0,1.8905929592616082,0.33244883661562535,1.8621214062849494,0.9542627773142861,0.3542246162453344,0.31526610742829286,0.2320795692913138,0.6962387078739415,0.05
1183,0.3274499999999999,False,1,0.0,0.1497,0.8635999999999999,89.6,0.0,0.0,0.0,1.8252470481600436,0.3479961570213874,2.0101095331191963,0.9922789041460265,0.32875189206830513,0.39730039541359985,0.4406854710333251,0.8819916805517317,0.05
1184,0.3888999999999999,False,1,0.0,0.16379999999999997,0.9339999999999999,80.0,0.0,0.0,0.0,1.7210202767777318,0.22204839056104378,1.7833869103304294,0.6935803389264443,0.22168193303927214,0.24374867397845346,0.21575357699709602,0.5399502093002878,0.05
1185,0.37520000000000003,False,1,0.0,0.2742,0.741,66.2,0.0,0.0,0.0,2.186798247837266,0.5601569708088945,2.520317110865604,1.358102504777806,0.5965031034499794,0.4389537432567568,0.625322610170661,0.8228892234633337,0.05
1186,0.39175,False,1,0.0,0.18009999999999998,0.8844,70.25,0.0,0.0,0.0,1.867826238087109,0.42577395660230566,1.904418947867327,0.8006367811029016,0.32407450241237656,0.3705445972967422,0.17590000000000033,0.35363722937496334,0.05
1187,0.3875,False,1,0.0,0.19580000000000003,0.9391999999999999,90.0,0.0,0.0,0.0,1.7606775021899899,0.18590572422604104,1.6346555572301973,0.3417839815850653,0.25214612274568143,0.20732896706719942,0.07990000000000032,0.23970000000000094,0.05
1188,0.41250000000000003,False,1,0.0,0.185,1.0,90.0,0.0,0.0,0.0,1.7206744744484364,0.11849339789459232,1.543455555629731,0.04042690253547867,0.20570650181304453,0.11339307251093605,0.005200000000000358,0.015600000000001073,0.05
1189,0.37265,False,1,0.0,0.18409999999999999,0.9372,94.0,0.0,0.0,0.0,1.7757307566124783,0.32760373765640033,1.7165260444122996,0.6127966259106824,0.263724443775794,0.3068334985925377,0.1694419632281567,0.5056648482066521,0.05
1190,0.3741,False,1,0.0,0.2102,0.9332,98.8,0.0,0.0,0.0,1.7644078620051347,0.20839573921719012,1.7634568014077345,0.7122526304100232,0.2716524201762169,0.23841632762770362,0.18558232224106092,0.5567469667231827,0.05
1191,0.3809,False,1,0.0,0.1578,0.9352,82.8,0.0,0.0,0.0,1.7177317624711286,0.22908146390082595,1.7661575657665545,0.7517809619741849,0.2143285910483459,0.23381911126620014,0.16590098228388325,0.4977029468516498,0.05
1192,0.40395,False,1,0.0,0.21010000000000004,1.0,100.55,0.0,0.0,0.0,1.760203720982394,0.1463366156668842,1.5422000000027325,0.06773595795616513,0.23385193040649188,0.10721869661804972,0.006200000000000458,0.018600000000001372,0.05
1193,0.3823,False,1,0.0,0.21339999999999998,0.8712,80.0,0.0,0.0,0.0,1.839009813509073,0.25993499431153066,1.8861886723014982,0.7517514128872407,0.34981225658464243,0.3240486911058686,0.260004563533137,0.5662281033263543,0.05
1194,0.35019999999999996,False,1,0.0,0.1499,0.8705,80.0,0.0,0.0,0.0,1.8097289676344068,0.33877178555146614,1.9397875037509682,0.6713586429760081,0.29399311923591626,0.3478261597006163,0.29980074142955543,0.48272808135602674,0.05
1195,0.43035,False,1,0.0,0.21200000000000002,0.9393,72.65,0.0,0.0,0.0,1.8145277398675925,0.2486178928007158,1.6606418205673719,0.33333706803595486,0.28471959449443196,0.24786898050786446,0.09000239958646393,0.23717039837689274,0.05
1196,0.40214999999999995,False,1,0.0,0.27569999999999995,0.8722,85.9,0.0,0.0,0.0,1.9737141809032461,0.3315700846137948,2.1118015097248244,1.238043107549563,0.44771299470875386,0.3283557434192549,0.38046043969222454,0.7581793831814592,0.05
1197,0.3676999999999999,False,1,0.0,0.20029999999999998,0.8150999999999999,70.0,0.0,0.0,0.0,1.897999294926701,0.3667990310629741,2.3505628162946306,1.3886388800172698,0.4080329011560579,0.39812268218884944,0.4725285188667504,0.7867448502401961,0.05
1198,0.44245000000000007,False,1,0.0,0.265,0.8647,61.2,0.0,0.0,0.0,1.985106843625045,0.2986968644502726,2.1493708372244185,1.215098536252471,0.4364432114792038,0.30808854716992906,0.2868711668432324,0.5929072695108973,0.05
1199,0.39015,False,1,0.0,0.23929999999999998,0.8068,66.45,0.0,0.0,0.0,2.0280902767317004,0.3872105349780106,2.2929726545026723,1.3414218657428638,0.48102907157547364,0.3989170884515521,0.48602036174422886,0.8157015084994531,0.05
1200,0.46959999999999996,False,1,0.0,0.2616,0.9,55.6,0.0,0.0,0.0,1.9112056104883712,0.35638484217115285,1.7511769738570397,0.44798574229592064,0.39338568644545835,0.31588623343283,0.16992850795815023,0.3186103643168325,0.05
1201,0.4082,False,1,0.0,0.1769,0.9339000000000001,73.6,0.0,0.0,0.0,1.7629913673658901,0.2447774332707679,1.765535818237441,0.7102609355091636,0.24739965704506023,0.27796914732096156,0.20729841023838974,0.6218952307151693,0.05
1202,0.3551,False,1,0.0,0.1947,0.8755000000000001,90.0,0.0,0.0,0.0,1.9185851190183865,0.44023854336136475,2.0107928985017214,1.0106090446393863,0.35970155702381756,0.38144020170449633,0.3684500258433584,0.7462246430599301,0.05
1203,0.41319999999999996,False,1,0.0,0.19710000000000003,0.9347,76.35,0.0,0.0,0.0,1.7818098895974195,0.22374055062825607,1.7952343100104156,0.6517954853529722,0.2759256133213797,0.2508126944515322,0.1968128956876352,0.4837408695378388,0.05
1204,0.40585000000000004,False,1,0.0,0.20620000000000002,0.8759,67.6,0.0,0.0,0.0,1.925255682376326,0.47702945234977945,1.896317628459677,0.840934321332426,0.35186917340200946,0.37559626357057835,0.2745616383891563,0.6022791959992225,0.05
1205,0.36294999999999994,False,1,0.0,0.12589999999999996,1.0,100.0,0.0,0.0,0.0,1.6999136428275903,0.19434059576215498,1.5550000000000428,0.06797205308075979,0.15836747672579798,0.13678655517875954,7.182120787050351e-190,0.0,0.05
1206,0.42655,False,1,0.0,0.259,0.8741,70.0,0.0,0.0,0.0,1.9741717995369708,0.3618857285279581,2.168134700274467,0.9024462766841708,0.44180973807691215,0.3485878262640318,0.45053564866599627,0.7032474302896874,0.05
1207,0.54625,False,1,0.0,0.2876,0.8849,20.0,0.0,0.0,0.0,1.890700666720004,0.32552698917583345,1.9156584831189296,0.8831188707037257,0.407456677438425,0.30404378675779753,0.25165277587433527,0.5437692949697384,0.05
1208,0.41005,False,1,0.0,0.1815,0.9362,74.4,0.0,0.0,0.0,1.7602488450823301,0.21649853272706274,1.8073855863184058,0.8017794202234115,0.25082152551208914,0.25352489956397084,0.2035855862776812,0.6107567588330436,0.05
1209,0.4031499999999999,False,1,0.0,0.23499999999999996,0.8112999999999999,60.0,0.0,0.0,0.0,1.93852146832197,0.3593675467099058,2.1797043579848276,1.0783645301497826,0.4351232579691316,0.3763101369033418,0.4349615291928979,0.7106780918369016,0.05
1210,0.39690000000000003,False,1,0.0,0.2097,0.8661,70.5,0.0,0.0,0.0,1.9586643586246892,0.4735323002723066,2.0483963056710364,1.1124894886529264,0.3894761960740004,0.40062175212726614,0.3554667610889898,0.7123920398541367,0.05
1211,0.34819999999999995,False,1,0.0,0.16599999999999998,0.8625999999999999,83.05,0.0,0.0,0.0,1.9189066193909377,0.5620915665093317,2.1432297039778723,1.2130416845253593,0.34260813458336825,0.43980555165830637,0.3826171533907956,0.7657527663546907,0.05
1212,0.47075,False,1,0.0,0.2676,0.8431000000000001,42.3,0.0,0.0,0.0,1.9600755966549521,0.31186716143759596,2.355465543668126,1.5294598615867911,0.43733021104564845,0.3085278080422804,0.4390661689442116,0.7233876287771885,0.05
1213,0.3415,False,1,0.0,0.13269999999999998,0.8703000000000001,80.0,0.0,0.0,0.0,1.7944380584388437,0.32469908702698663,2.0119118744698072,0.9207890487790019,0.27782276224562075,0.3466469027887226,0.369285697194102,0.726838498458607,0.05
1214,0.44355,False,1,0.0,0.2589,0.9338000000000001,76.4,0.0,0.0,0.0,1.9057353533769699,0.2999908855997007,1.733445545728103,0.638562645616165,0.37339605281264815,0.2902471966296103,0.17081109351364565,0.5064617138930191,0.05
1215,0.44910000000000005,False,1,0.0,0.2002,0.9396000000000001,60.4,0.0,0.0,0.0,1.7814181602448111,0.20828342333216737,1.6399111111111118,0.3376313308263269,0.2718021302420897,0.218829935658602,0.07980000000000037,0.23940000000000108,0.05
1216,0.37505000000000005,False,1,0.0,0.11010000000000002,1.0,90.0,0.0,0.0,0.0,1.6263249595778533,0.07125435947640389,1.5435003937509357,0.0487882941417098,0.11744036222172424,0.07385032420536282,3.4793026677796997e-220,0.0,0.05
1217,0.3819,False,1,0.0,0.15239999999999998,0.9314,80.0,0.0,0.0,0.0,1.773311911948209,0.3088749920779524,1.7693561636628217,0.7071872455015186,0.2546123799424472,0.30139201761715,0.16680022263509925,0.5004006679052977,0.05
1218,0.3758,False,1,0.0,0.1983,0.8741,80.2,0.0,0.0,0.0,1.8480900774295872,0.3584625561944308,2.0740206414113933,1.0787689516202619,0.34595309901287974,0.36872045066512676,0.37482122444862853,0.7473791034527637,0.05
1219,0.4006,False,1,0.0,0.23690000000000003,0.8074999999999999,60.8,0.0,0.0,0.0,1.9186344193559595,0.3503130821211532,2.1397547674604653,1.0074077456363997,0.43342147835698175,0.37595934733844427,0.4341455233018411,0.7155971971085815,0.05
1220,0.49060000000000004,False,1,0.0,0.24659999999999999,0.9346,50.0,0.0,0.0,0.0,1.8197433258883273,0.2279950373479113,1.8870988296059106,1.1103442576991203,0.3020071293971297,0.22322248644768497,0.17323209047056634,0.5196962714116989,0.05
1221,0.4746,False,1,0.0,0.22599999999999998,1.0,69.2,0.0,0.0,0.0,1.812353952548588,0.2641190538602573,1.5263000000017697,0.045984888825330285,0.2774332027626042,0.19401705644074008,2.170662721744965e-166,0.0,0.05
1222,0.38039999999999996,False,1,0.0,0.21389999999999998,0.8669,80.0,0.0,0.0,0.0,1.8641731735393208,0.3076700459363224,2.067473096757432,0.9747462230766493,0.36171155893813733,0.3409403445555522,0.41432545362310663,0.7899900644148637,0.05
1223,0.40684999999999993,False,1,0.0,0.19249999999999998,0.9016,70.1,0.0,0.0,0.0,1.8304526758125164,0.34682971109729227,1.742711111111112,0.4545797331900773,0.30890734756372895,0.2998467771630126,0.15980000000000052,0.31960000000000105,0.05
1224,0.4262,False,1,0.0,0.21349999999999997,0.8793,60.1,0.0,0.0,0.0,1.978286542176021,0.5391470415143639,1.978162848170491,0.9854419937349084,0.3954927048432409,0.43489846732871107,0.2906822829139755,0.5917520611289908,0.05
1225,0.3497,False,1,0.0,0.22350000000000003,0.7958999999999999,80.0,0.0,0.0,0.0,2.030087338585216,0.4775591878384691,2.3838423967018083,1.388943666896923,0.4710550634206627,0.40871095307013366,0.5405274698593254,0.8305405679357153,0.05
1226,0.36205000000000004,False,1,0.0,0.1517,0.9324,90.0,0.0,0.0,0.0,1.7502379879708865,0.3130067671540729,1.9044092474833927,1.109971163868257,0.23921904993187693,0.29826777616669387,0.16529980331474942,0.49589940994424825,0.05
1227,0.47324999999999995,False,1,0.0,0.18649999999999997,1.0,60.0,0.0,0.0,0.0,1.702730034102648,0.10329251411808901,1.5424008334348662,0.06535999834511187,0.18992683500835633,0.10650805677701308,3.682487193756365e-201,0.0,0.05
1228,0.39980000000000004,False,1,0.0,0.2116,0.868,70.0,0.0,0.0,0.0,1.8595343489940828,0.3268075285573819,1.880384231756397,0.7102101513709658,0.3409121788229943,0.3164198672874112,0.24932839082483538,0.5367104808391887,0.05
1229,0.34424999999999994,False,1,0.0,0.1412,0.8673,80.0,0.0,0.0,0.0,1.783319770662088,0.3125811904299158,1.7726733630181026,0.4421634475686045,0.2925618127959123,0.3544235259005507,0.15973448125686854,0.31946910403925705,0.05
1230,0.38639999999999997,False,1,0.0,0.24810000000000004,0.8046999999999999,70.0,0.0,0.0,0.0,1.9319005207206785,0.3027476416308507,2.127814218047971,1.0088676260640865,0.4463797053729979,0.3477372717006754,0.45262400780778494,0.7448041055326073,0.05
1231,0.3672,False,1,0.0,0.2587,0.7045,57.2,0.0,0.0,0.0,2.0838176538589197,0.48414472682378623,2.4105346778251646,0.9880610241925026,0.5686548601184501,0.45343198351779107,0.7068568829975618,0.7998313370953263,0.05
1232,0.40245,False,1,0.0,0.18359999999999999,0.9413,80.0,0.0,0.0,0.0,1.8267738611490842,0.42364598631771333,1.7953452614003715,0.743984161243855,0.26543139454680176,0.3174030640621532,0.18487941122599533,0.5424170847481771,0.05
1233,0.4018999999999999,False,1,0.0,0.244,0.8093999999999999,62.4,0.0,0.0,0.0,1.9287900991949414,0.31969596865357663,2.169959132286665,1.0876327165360609,0.4420964109024726,0.35517095436183865,0.29494381916835893,0.4608358375221158,0.05
1234,0.3898999999999999,False,1,0.0,0.20729999999999998,0.8700999999999999,74.4,0.0,0.0,0.0,1.8832846837956183,0.4205165634974606,2.0239560092081157,0.9658652785457235,0.3670757963898542,0.3755517016489964,0.38480799108061026,0.7582786262451767,0.05
1235,0.38999999999999996,False,1,0.0,0.1679,0.9417,82.4,0.0,0.0,0.0,1.74936507827133,0.2984301313366718,1.7707612378126723,0.7203881593084789,0.23104198018322034,0.2714692162013864,0.16485855076062533,0.4945756522818761,0.05
1236,0.35655,False,1,0.0,0.1131,1.0,100.0,0.0,0.0,0.0,1.6631040949960958,0.10562543019640704,1.5569777777819724,0.05629568761809816,0.1339851813065021,0.08459329590045567,0.01290000000000056,0.03870000000000168,0.05
1237,0.5157499999999999,False,1,0.0,0.29860000000000003,0.8871,38.55,0.0,0.0,0.0,1.9352662209338998,0.32249480520154433,2.110951985913446,1.2291596369360016,0.42691469911363206,0.3094090444845131,0.3618313027370449,0.723663364362444,0.05
1238,0.38585,False,1,0.0,0.24159999999999998,0.8085000000000001,69.6,0.0,0.0,0.0,1.9419451723376824,0.3119181304480651,1.945810808835316,0.6978437324083544,0.43726013672842257,0.33839313983720054,0.3190725591910867,0.5287236989671327,0.05
1239,0.49949999999999994,False,1,0.0,0.23899999999999996,1.0,60.0,0.0,0.0,0.0,1.8335391349274157,0.23120001198590043,1.5148,0.030886242892265173,0.27736026604431013,0.1698136523342344,5.959269543739786e-170,0.0,0.05
1240,0.38215,False,1,0.0,0.2687,0.7612,66.4,0.0,0.0,0.0,2.0101393963156724,0.39844416993895815,2.25836161746997,0.9435880304122918,0.5206459155581138,0.40474628012259173,0.5256766497647956,0.7283533551625008,0.05
1241,0.38849999999999996,False,1,0.0,0.20140000000000002,0.8672000000000001,72.9,0.0,0.0,0.0,1.8367777671679062,0.29903653785003026,2.1611908569222953,1.230758813137789,0.34056970740437276,0.3265562150974831,0.3561210073977811,0.7152843133735549,0.05
1242,0.42794999999999994,False,1,0.0,0.1359,1.0,70.0,0.0,0.0,0.0,1.654453296429002,0.07229033788153207,1.5270000000020558,0.03690528417833565,0.1426879257165084,0.0972064440088733,7.035841425973199e-217,0.0,0.05
1243,0.46085,False,1,0.0,0.29450000000000004,0.8808,63.4,0.0,0.0,0.0,1.9651534648093718,0.30175371617996843,1.9943497836781474,0.9546595773173767,0.43760298820403926,0.2979122108929697,0.32946815908444577,0.6443352196736684,0.05
1244,0.3565,False,1,0.0,0.17970000000000003,0.9333,100.0,0.0,0.0,0.0,1.7682639579657848,0.2521966236136447,1.7493346417473141,0.7007168439206568,0.2623555384921064,0.26849778745230046,0.18347012902796617,0.5504103870838984,0.05
1245,0.4193,False,1,0.0,0.19490000000000002,0.9239,70.05,0.0,0.0,0.0,1.810287674052298,0.20963774620191106,1.917386277316761,0.8460654262846938,0.2983100958023888,0.22916119579621336,0.2354311422387571,0.500311542266494,0.05
1246,0.36765000000000003,False,1,0.0,0.17200000000000001,0.9425000000000001,94.8,0.0,0.0,0.0,1.7560109852635484,0.3501783333541524,1.7309069848175742,0.6494450421524643,0.22307911958536053,0.2842568091383711,0.16522934190971245,0.49568802572913734,0.05
1247,0.41174999999999995,False,1,0.0,0.1999,0.9339999999999999,77.6,0.0,0.0,0.0,1.7735006861641458,0.22623491585278196,1.5924540968928378,0.25967941355834434,0.2768858194516665,0.25872662309469824,0.08015195108613993,0.2404558532584198,0.05
1248,0.4032,False,1,0.0,0.21350000000000002,0.8731,70.05,0.0,0.0,0.0,1.9111914721432164,0.30401982725413157,1.743825718978843,0.40268784535460367,0.38660972338429567,0.33432410487329295,0.1597212706604958,0.31944263422588387,0.05
1249,0.46075,False,1,0.0,0.21349999999999997,0.9496,60.4,0.0,0.0,0.0,1.770184685139165,0.24071626919446287,1.6463222222222225,0.33811129167118337,0.26547344864516564,0.2385028493946221,0.07960000000000016,0.2388000000000005,0.05
1250,0.42210000000000003,False,1,0.0,0.1852,0.9390000000000001,70.0,0.0,0.0,0.0,1.7713346572918667,0.27874237171988664,1.6407111111111115,0.3392385853315903,0.26437733916109174,0.2758063969815328,0.07980000000000029,0.23940000000000086,0.05
1251,0.37655000000000005,False,1,0.0,0.19240000000000002,0.8815,80.2,0.0,0.0,0.0,1.8365169866297275,0.3483630382799329,2.04320301777343,1.115820230951017,0.3208324530658766,0.3485354550186848,0.3416771758861415,0.6852365533585516,0.05
1252,0.40674999999999994,False,1,0.0,0.24830000000000002,0.8051999999999999,60.0,0.0,0.0,0.0,1.9630415258392655,0.3479019496426528,2.3067571120150494,1.2807470102843708,0.44928558544133096,0.34826850275501353,0.466798512850629,0.7825937219333695,0.05
1253,0.4169999999999999,False,1,0.0,0.19419999999999998,1.0,90.05,0.0,0.0,0.0,1.7213998219479063,0.14132278642416232,1.5233,0.03107104761671226,0.20161743415054084,0.13059140298838987,2.587621210757779e-173,0.0,0.05
1254,0.44465,False,1,0.0,0.2042,0.9355,62.6,0.0,0.0,0.0,1.8127749547069647,0.23993435637800872,1.6617942508609027,0.33414065702814955,0.2948264312246102,0.2694425276872964,0.08890000060342677,0.2382160591920409,0.05
1255,0.36324999999999996,False,1,0.0,0.22920000000000001,0.8157,79.6,0.0,0.0,0.0,1.9153376895117955,0.36498314136850785,2.304365029290621,1.206020639675256,0.40957691428889964,0.38657093705705,0.6344650292906205,0.9799255326710775,0.05
1256,0.42355,False,1,0.0,0.2476,0.8177,54.55,0.0,0.0,0.0,1.9544479743030467,0.4002795784282867,2.318337233204711,1.1895180217054488,0.44032449136458596,0.3775024404230087,0.48669219284551835,0.7804321366153699,0.05
1257,0.4215,False,1,0.0,0.123,1.0,70.0,0.0,0.0,0.0,1.629071412701047,0.07494812802741792,1.5590224832216906,0.06866978254313155,0.13415202771150314,0.09731920752919804,0.014800000000000493,0.04440000000000147,0.05
1258,0.36754999999999993,False,1,0.0,0.20820000000000002,0.8069,70.0,0.0,0.0,0.0,1.8991746042553952,0.36136278868470756,2.148722069942155,0.9907470346876623,0.41365130228314867,0.3926227865861765,0.4225719761995913,0.6874091603389667,0.05
1259,0.44994999999999996,False,1,0.0,0.19350000000000003,1.0,73.4,0.0,0.0,0.0,1.7495585822075033,0.14108751214709261,1.5258,0.02801356814117045,0.2252628141154281,0.10416786840085948,9.733588729013651e-210,0.0,0.05
1260,0.3612,False,1,0.0,0.1367,0.9335000000000001,86.95,0.0,0.0,0.0,1.7662671992167465,0.4238067295305129,1.8338391604618416,0.9689603494341136,0.23339562286034132,0.3447257310847805,0.20821693450969309,0.6114337834866075,0.05
1261,0.41369999999999996,False,1,0.0,0.23149999999999996,0.8797,70.95,0.0,0.0,0.0,1.9352181690546792,0.37657341287734364,1.9937366558649774,0.9253395690502904,0.37924544255533443,0.35169967459466434,0.34077162667280314,0.6845644947310913,0.05
1262,0.39315,False,1,0.0,0.1692,0.8667,62.4,0.0,0.0,0.0,1.793747024938447,0.33358488068780234,1.8800235581966678,0.6655125276650447,0.2993290137832932,0.36247573047536463,0.23498205458715477,0.49865680228237097,0.05
1263,0.41050000000000003,False,1,0.0,0.181,1.0,90.0,0.0,0.0,0.0,1.6935882574508572,0.11991283947626084,1.5141,0.031133422555189805,0.1896407468374524,0.1144873860555461,7.497298240373914e-196,0.0,0.05
1264,0.39035,False,1,0.0,0.2527,0.808,70.0,0.0,0.0,0.0,1.9699406800807875,0.42365266663827583,2.1092024026345286,0.9820426299474889,0.45367078269087396,0.39378488552394314,0.3674619210022928,0.599651980553169,0.05
1265,0.38354999999999995,False,1,0.0,0.1558,0.9376999999999999,81.6,0.0,0.0,0.0,1.79626796864062,0.2869921283117678,1.7523303574187377,0.6237002063175393,0.25424349735044915,0.2844475155775436,0.17565715330776416,0.47580305255621735,0.05
1266,0.3893,False,1,0.0,0.1649,0.9337,80.0,0.0,0.0,0.0,1.781794680782608,0.2866599698712842,1.879891949019888,0.7730217302502657,0.25708546175701374,0.25193755291955855,0.2584646092961903,0.5636324206783251,0.05
1267,0.39135,False,1,0.0,0.256,0.8069,70.05,0.0,0.0,0.0,2.0136571255512115,0.3655332231276023,2.014898260666861,0.8367631708352187,0.48730162509742964,0.3624891821627011,0.271700948497448,0.4232500564601327,0.05
1268,0.39365,False,1,0.0,0.1473,1.0,90.0,0.0,0.0,0.0,1.6687075493254202,0.0871473321290441,1.5257,0.05040446408801501,0.1579682341153293,0.09568380330796399,6.37900468534844e-205,0.0,0.05
1269,0.4343,False,1,0.0,0.2327,0.8759,60.0,0.0,0.0,0.0,1.8546360249788343,0.3189970779684623,2.014209023179043,0.9632676080545073,0.3493367876259037,0.3189977033991349,0.33700613854098566,0.674035188033864,0.05
1270,0.45235,False,1,0.0,0.2488,0.8783,55.6,0.0,0.0,0.0,1.866179932450661,0.2863554543203919,2.0847036601883615,1.1392809210315709,0.36168859410500753,0.3128480824584874,0.3714799378742871,0.7448116897459799,0.05
1271,0.3480499999999999,False,1,0.0,0.15410000000000001,0.9339999999999999,98.0,0.0,0.0,0.0,1.7238742697483769,0.23743680127567152,1.7693649843195225,0.7988052415171139,0.22712446903630132,0.260311990356042,0.19566498431952212,0.5869949529585663,0.05
1272,0.41145000000000004,False,1,0.0,0.1829,1.0,90.0,0.0,0.0,0.0,1.733393843890201,0.1224494069985719,1.55090016622544,0.04352133182230179,0.2162403271955761,0.12461091027035702,4.0827479471796957e-203,0.0,0.05
1273,0.40895000000000004,False,1,0.0,0.24689999999999998,0.8782,76.8,0.0,0.0,0.0,1.9337790845646148,0.3775913801650211,1.8920498002949657,0.7833069039692163,0.38765685285091084,0.3277347926553497,0.29247193028628526,0.6460147566218876,0.05
1274,0.42355,False,1,0.0,0.25549999999999995,0.8722,70.15,0.0,0.0,0.0,1.8941688329040982,0.30782895960093826,2.0813174741586433,1.0938216967403276,0.3831179793703462,0.3067375447903398,0.3071655795723758,0.6143708532886538,0.05
1275,0.40440000000000004,False,1,0.0,0.1633,0.9367000000000001,72.8,0.0,0.0,0.0,1.7199905661586452,0.2050994975693564,1.7346547416015514,0.5400818219537014,0.22973401974351843,0.2642732826077571,0.15417412769696703,0.4625223830909011,0.05
1276,0.32580000000000003,False,1,0.0,0.1328,0.8724000000000001,88.4,0.0,0.0,0.0,1.7494337945349538,0.3229344043272962,2.052456091422762,1.0827592874320633,0.24110514455570398,0.3230079168630108,0.2814518996211147,0.5855379329948925,0.05
1277,0.41674999999999995,False,1,0.0,0.2064,0.8626999999999999,58.9,0.0,0.0,0.0,2.0010659798683976,0.5518883080243596,2.1592881228379293,1.3126182635851151,0.41198109582728526,0.427653483302199,0.3476714341549744,0.6962143214498976,0.05
1278,0.3781,False,1,0.0,0.21790000000000004,0.8743000000000001,84.0,0.0,0.0,0.0,1.9481188811092705,0.4003035481707551,1.7501471315163735,0.4534965681188642,0.39413785881781005,0.36845610503775883,0.1596001686958008,0.31920065120304214,0.05
1279,0.37689999999999996,False,1,0.0,0.1611,0.8737,70.25,0.0,0.0,0.0,1.8802471327855728,0.45036769390403436,2.0381036618243487,0.9789502618245464,0.3284446442626996,0.407110501246235,0.36045328427983847,0.6788894804123087,0.05
1280,0.35745000000000005,False,1,0.0,0.14450000000000002,0.9314,90.25,0.0,0.0,0.0,1.8045061122066997,0.5112220175831983,2.003805768500937,1.3772329704591535,0.2457840828251719,0.35013993738410754,0.21198941447222092,0.5970411603575929,0.05
1281,0.39844999999999997,False,1,0.0,0.21550000000000002,0.8714000000000001,72.5,0.0,0.0,0.0,1.867541043931023,0.31140529335805944,1.8870664694781525,0.8003597470099979,0.36584414872670445,0.3284256676531109,0.2943109139225969,0.6610155717055975,0.05
1282,0.38265,False,1,0.0,0.1713,0.9396000000000001,86.4,0.0,0.0,0.0,1.745578979059711,0.24566452518003307,1.785161155495107,0.8024708526546726,0.24387499343635036,0.2653436205423868,0.21238924591092773,0.6371677377327832,0.05
1283,0.45545,False,1,0.0,0.21189999999999998,0.9390000000000001,60.0,0.0,0.0,0.0,1.8287984802017871,0.36189695585939125,1.7986738254986192,0.8074265705574489,0.29668743045400486,0.3178817339244219,0.08960000000000039,0.2635098480133142,0.05
1284,0.43754999999999994,False,1,0.0,0.2293,0.943,74.3,0.0,0.0,0.0,1.869584986058776,0.39036511144872355,2.0678157263679235,1.51059325647387,0.3248076556453442,0.3153764813435214,0.1999999976153855,0.5999999928461565,0.05
1285,0.4363499999999999,False,1,0.0,0.19269999999999995,1.0,80.0,0.0,0.0,0.0,1.7132632758885733,0.11337456031881209,1.5688945211728587,0.08137165855582827,0.2105922232016498,0.09829946929673974,0.0026000000000008894,0.0078000000000026685,0.05
1286,0.42684999999999995,False,1,0.0,0.20029999999999998,0.9334,70.0,0.0,0.0,0.0,1.841325304297158,0.2995675580018046,1.8051593626543834,0.7728036233140212,0.29380364749166066,0.2745011702957907,0.18795936265438368,0.5638780879631511,0.05
1287,0.4667999999999999,False,1,0.0,0.2788,0.9347999999999999,70.0,0.0,0.0,0.0,1.8829727597038617,0.18551224531144034,1.630000001460808,0.3430338219398435,0.37716528798246624,0.21512050569911653,0.08010000011738685,0.23896964277562294,0.05
1288,0.3923,False,1,0.0,0.2446,0.74,50.0,0.0,0.0,0.0,2.0805200191171442,0.5601401647782493,2.4173698229861635,1.1333036620864285,0.5314656692407469,0.4650324913113326,0.7115535798140339,0.9124563774271781,0.05
1289,0.3288,False,1,0.0,0.20670000000000002,0.8013,87.6,0.0,0.0,0.0,1.9129118365749598,0.40398725521130174,2.169054734199726,1.0290416194813217,0.4124761726580016,0.41018898482911414,0.41367630263872995,0.6451491000202205,0.05
1290,0.4293999999999999,False,1,0.0,0.17879999999999996,1.0,80.0,0.0,0.0,0.0,1.7102777378050344,0.12412887398860656,1.5311000355960793,0.0376761565138645,0.20131790982465123,0.12419117165115666,5.2639636522694436e-192,0.0,0.05
1291,0.3678999999999999,False,1,0.0,0.21469999999999997,0.8010999999999999,70.0,0.0,0.0,0.0,1.8853795097277313,0.38088514633777054,2.1866562531672766,1.1219671810182825,0.40234388949121647,0.3883409810205259,0.46137197540309344,0.7623242762318403,0.05
1292,0.39525,False,1,0.0,0.23500000000000004,0.8195,66.0,0.0,0.0,0.0,1.9734199426291255,0.4097657200136543,2.389764810637657,1.3582813539403937,0.4524471513826094,0.41502398559136633,0.574727789225442,0.8784994250652544,0.05
1293,0.3700000000000001,False,1,0.0,0.17109999999999997,0.8777000000000001,77.2,0.0,0.0,0.0,1.8102952965775543,0.30736019148525884,1.7572984212836733,0.44907360794193274,0.2994150002065027,0.3279383487582679,0.16480000491785907,0.3174447451727814,0.05
1294,0.3657,False,1,0.0,0.19880000000000003,0.813,70.1,0.0,0.0,0.0,1.9401931479713128,0.41694326504856405,2.3125339954283453,1.1754147933437837,0.40594189288965543,0.391212341627733,0.5482646900061892,0.8172200856912304,0.05
1295,0.42535,False,1,0.0,0.2189,0.8718,60.0,0.0,0.0,0.0,1.8303674359321391,0.3180165020384554,1.8637055634667754,0.7425634726165187,0.35080709118301084,0.3585642418902064,0.2684497511902649,0.5893087631278578,0.05
1296,0.49134999999999995,False,1,0.0,0.2741,0.8699999999999999,40.35,0.0,0.0,0.0,1.967464018787584,0.3315923421756569,1.965581577768757,0.8864808008221368,0.4235870629809225,0.31947761225906185,0.33028768187005375,0.6607248698358917,0.05
1297,0.3980000000000001,False,1,0.0,0.2233,0.8137000000000001,60.25,0.0,0.0,0.0,1.9443531640938552,0.38835504513808256,2.2263696124857613,1.1870592411547785,0.4139136175029063,0.3723248333996705,0.4484158555198465,0.7377104847112598,0.05
1298,0.3952999999999999,False,1,0.0,0.24630000000000002,0.8722999999999999,82.0,0.0,0.0,0.0,1.889492240363337,0.3169313829372883,2.0103511296048073,0.9675594339369397,0.3834221049197495,0.3256287930466008,0.2626598822856864,0.5355805990921376,0.05
1299,0.4261999999999999,False,1,0.0,0.2534,0.9349999999999999,84.0,0.0,0.0,0.0,1.8252194762417737,0.2079042518472323,1.770349545791485,0.6741605749717853,0.31778893086109095,0.223189321601048,0.17604881431268427,0.5281464429380528,0.05
1300,0.4062,False,1,0.0,0.15540000000000004,0.937,70.0,0.0,0.0,0.0,1.692896117419938,0.20369391184293012,1.675511110772653,0.3324853136386596,0.21500757029496845,0.24448596293180047,0.07980000000001836,0.23940000000005504,0.05
1301,0.4134,False,1,0.0,0.29159999999999997,0.7527999999999999,54.4,0.0,0.0,0.0,2.0106310810141608,0.37238777922183525,2.429491636053238,1.1287299232668844,0.5364853372529585,0.3958156986833814,0.6784924699894115,0.8334352792022333,0.05
1302,0.46375,False,1,0.0,0.2324,0.9350999999999999,60.0,0.0,0.0,0.0,1.8108507455324794,0.25209607556146735,1.7641901660776191,0.7643938357485803,0.3018907786575249,0.24431541901361628,0.200640165981436,0.601920497944308,0.05
1303,0.38145,False,1,0.0,0.18420000000000003,0.9387000000000001,90.0,0.0,0.0,0.0,1.8015127582374906,0.29071892704814367,1.635867602097625,0.33596919910940237,0.27726651861548657,0.29068457638044426,0.07980011656247016,0.2394003496874105,0.05
1304,0.3819,False,1,0.0,0.31429999999999997,0.7359,71.6,0.0,0.0,0.0,2.14241212569718,0.40782011143004326,2.4887865706716035,1.2106623089487172,0.6333440823274974,0.41577448822914376,0.6968653816230969,0.8594417249376001,0.05
1305,0.44935,False,1,0.0,0.2311,0.8772,52.4,0.0,0.0,0.0,1.918057020512968,0.4604822523559568,1.8753932281125683,0.7332399593578761,0.38549237843097783,0.3785467592687463,0.262686753934981,0.5735379180559688,0.05
1306,0.41764999999999997,False,1,0.0,0.21630000000000002,0.8994,70.1,0.0,0.0,0.0,1.9612585127655844,0.42850513885644786,1.755123840957761,0.4485811518696978,0.38303467306216776,0.33435228401807393,0.15930001365352303,0.31860073358517554,0.05
1307,0.407,False,1,0.0,0.17400000000000002,1.0,90.0,0.0,0.0,0.0,1.7309277079153613,0.2124155737437014,1.5271000000000001,0.03820327211116871,0.20280972852504014,0.16773814166226203,1.4027579728923555e-192,0.0,0.05
1308,0.44404999999999994,False,1,0.0,0.1681,1.0,70.0,0.0,0.0,0.0,1.6785939728665595,0.09501837989401975,1.5467,0.04323204829753042,0.1771359168498886,0.1148694290873991,2.9193919844405494e-201,0.0,0.05
1309,0.42090000000000005,False,1,0.0,0.2121,0.8053000000000001,43.9,0.0,0.0,0.0,1.9210535280518393,0.4032790333145163,2.163783648272889,1.033466297864917,0.4049432623882739,0.3819100941951423,0.41120010430145565,0.6687485597069533,0.05
1310,0.35419999999999996,False,1,0.0,0.13429999999999997,0.9344999999999999,90.1,0.0,0.0,0.0,1.7631270505123744,0.31210611672679583,1.7534662939343115,0.6564010376819382,0.23106314058038455,0.3054471945563438,0.1721376915227379,0.48673155201594914,0.05
1311,0.3568000000000001,False,1,0.0,0.17729999999999999,0.8693000000000002,83.25,0.0,0.0,0.0,1.8270143608405232,0.3357244540674936,1.9259732719934548,0.8762232287952857,0.34084759764576356,0.3839038963651757,0.25613996932136834,0.5469136803985623,0.05
1312,0.36480000000000007,False,1,0.0,0.11280000000000001,0.9768000000000001,90.0,0.0,0.0,0.0,1.6613367610569747,0.1093026827962512,1.6341540798611125,0.33914110256670027,0.14534399306817475,0.10355355125276182,0.07980000000000084,0.2394000000000025,0.05
1313,0.4058999999999999,False,1,0.0,0.1907,0.9410999999999999,80.0,0.0,0.0,0.0,1.8171112564120186,0.3817663821823491,1.774717840982769,0.6764656963093438,0.29399841357120304,0.3345182176618979,0.19106075662947067,0.553471429903021,0.05
1314,0.43210000000000004,False,1,0.0,0.22820000000000001,0.8764,60.1,0.0,0.0,0.0,1.9302457613799207,0.40385706803180865,2.0333337998450185,1.1021724701271072,0.38733956820904447,0.3786868401803249,0.24925450442308902,0.5369572853850252,0.05
1315,0.4003499999999999,False,1,0.0,0.2004,0.8802999999999999,70.0,0.0,0.0,0.0,1.9121277322966148,0.407951536634531,1.7528486424499523,0.4509300499234886,0.36289315368834946,0.3693794225346523,0.1599029072863579,0.3198065310603348,0.05
1316,0.4171,False,1,0.0,0.18580000000000002,0.9364000000000001,72.0,0.0,0.0,0.0,1.7841613904253932,0.2766626483483558,1.7891619757095003,0.7938548448024351,0.2646579255820289,0.2971498062177552,0.20008419792922125,0.5747232738212871,0.05
1317,0.3457500000000001,False,1,0.0,0.21060000000000004,0.8019000000000001,80.25,0.0,0.0,0.0,1.9019269280337554,0.3372123372358393,2.1884148911080348,1.0132356517316194,0.4179956280567899,0.39832909157632734,0.4974645312230054,0.7606845581479142,0.05
1318,0.389,False,1,0.0,0.149,1.0,92.75,0.0,0.0,0.0,1.730656118899803,0.21413096421820552,1.5607000001165392,0.06735733087106278,0.18554027046496238,0.16945727976480165,1.1982663177884861e-182,0.0,0.05
1319,0.40475000000000005,False,1,0.0,0.209,0.9397,84.8,0.0,0.0,0.0,1.8266399603964127,0.20345278409132642,1.6315111111111116,0.3405458298411877,0.29460755501724034,0.21598507104874257,0.07980000000000034,0.239400000000001,0.05
1320,0.40345000000000003,False,1,0.0,0.2298,0.8055000000000001,57.1,0.0,0.0,0.0,1.9912731669320354,0.3445922795542641,2.1167886594700698,0.8153487571928267,0.4412339126161052,0.30300629290219516,0.4310096632885809,0.6106252037548474,0.05
1321,0.4315500000000001,False,1,0.0,0.2778,0.8257000000000001,60.1,0.0,0.0,0.0,1.9590926703493206,0.3792512853746662,2.327683087792921,1.2213707140738048,0.46320201274410316,0.3766490186120845,0.5881992681316737,0.8998779319872832,0.05
1322,0.38459999999999994,False,1,0.0,0.1613,0.9407,83.2,0.0,0.0,0.0,1.767104922784032,0.3364154514043694,1.7625676548718439,0.7155869811771519,0.23705162880372904,0.3096904745964349,0.18092488415188496,0.5427746524556549,0.05
1323,0.41595000000000004,False,1,0.0,0.2178,0.9387000000000001,81.15,0.0,0.0,0.0,1.8642862900031492,0.3431224230968537,1.6514687622220525,0.3339684518661177,0.32211934283295723,0.2983001276694224,0.07985553921049,0.23956661763147,0.05
1324,0.4492999999999999,False,1,0.0,0.2186,1.0,80.0,0.0,0.0,0.0,1.774283160722905,0.19137683049878962,1.5378000131742655,0.04936763092002034,0.24326334843618197,0.13728912667028262,2.3534373423941198e-185,0.0,0.05
1325,0.35955,False,1,0.0,0.13360000000000002,0.8654999999999999,70.0,0.0,0.0,0.0,1.7719569269391644,0.2970591694606599,1.8455344309666302,0.7301522353885507,0.2686406599851184,0.3254886635190824,0.234215823064589,0.49153501845298775,0.05
1326,0.41675000000000006,False,1,0.0,0.2071,0.8728,61.6,0.0,0.0,0.0,1.8235050804121997,0.3132020226201138,1.9040961239702086,0.8383956479218148,0.34432335569513384,0.3553732215912001,0.28402178044919607,0.6325167058225739,0.05
1327,0.3954999999999999,False,1,0.0,0.21789999999999998,0.9330999999999999,90.0,0.0,0.0,0.0,1.8193071627430346,0.24477331247158512,1.8864807061870763,0.9827770594312224,0.3029749370508055,0.2565696340660993,0.18835795861544485,0.49377530926055235,0.05
1328,0.3909,False,1,0.0,0.2171,0.8303,66.4,0.0,0.0,0.0,1.8870221598939179,0.3047064538759619,2.1460812200986714,1.0156701121317773,0.377259527669624,0.3270452222473577,0.4437701089872735,0.7303904484852516,0.05
1329,0.38785,False,1,0.0,0.13570000000000002,1.0,90.0,0.0,0.0,0.0,1.6615290606847286,0.11557115337209613,1.532265451388889,0.03615740299122544,0.1513010216283752,0.11181986521946621,1.4498418511439133e-202,0.0,0.05
1330,0.37529999999999997,False,1,0.0,0.1964,0.8342,70.0,0.0,0.0,0.0,1.8445775029940392,0.28059024803105026,2.082024220142708,0.9101443967678541,0.3413985166262884,0.31436983718324546,0.39556359265491625,0.637127377119002,0.05
1331,0.4103,False,1,0.0,0.20859999999999998,0.9400000000000001,82.0,0.0,0.0,0.0,1.8190613739527492,0.33307485232539547,1.7647856636898929,0.7442401217530036,0.2951249731353217,0.3009025448599192,0.21720714392797208,0.6516214317839163,0.05
1332,0.37135,False,1,0.0,0.10270000000000001,1.0,90.0,0.0,0.0,0.0,1.6245389175582283,0.06562553733735217,1.5571444444444453,0.08003422184707563,0.11985425392643163,0.08859082734527014,0.016200000000000513,0.04860000000000154,0.05
1333,0.39519999999999994,False,1,0.0,0.18129999999999996,0.8779,67.2,0.0,0.0,0.0,1.8397858721622924,0.42112914702439425,1.9810364500836404,0.906256645066873,0.3193216292460575,0.38669678758313075,0.36247743892603396,0.679711904344558,0.05
1334,0.44749999999999995,False,1,0.0,0.2625,0.8229,47.6,0.0,0.0,0.0,1.9738908380179967,0.39746176396193944,1.994883058515677,0.8263034927047157,0.46070179348554097,0.3826706982425522,0.3513373345497162,0.6078468911344284,0.05
1335,0.40020000000000006,False,1,0.0,0.20750000000000002,0.8739000000000001,70.25,0.0,0.0,0.0,1.8611608401900916,0.30930280832679397,1.9204187126896464,0.8463886100136833,0.3469103872211453,0.3155671570608633,0.19754144035893034,0.39565682676742847,0.05
1336,0.39805,False,1,0.0,0.1305,1.0,83.6,0.0,0.0,0.0,1.7097080684987769,0.15441835171250176,1.548956284983177,0.0635888634829527,0.1787630107334634,0.11854534480076862,0.011700000000000828,0.03510000000000154,0.05
1337,0.39525,False,1,0.0,0.176,0.9359,80.35,0.0,0.0,0.0,1.7828903702580496,0.23358478637905553,1.7796771134248306,0.7279186874332005,0.2651149994515369,0.2577936541833488,0.18597711342483042,0.5579313402744912,0.05
1338,0.38049999999999995,False,1,0.0,0.25450000000000006,0.7464999999999999,60.0,0.0,0.0,0.0,2.034142675954268,0.38822720077739975,2.2702844599229772,1.0236760608949833,0.536643852300822,0.4147478199615955,0.43450191472633737,0.5947162481961741,0.05
1339,0.40579999999999994,False,1,0.0,0.2001,0.9320999999999999,80.15,0.0,0.0,0.0,1.818593059087359,0.3435245624294948,1.8228848330262228,0.8120197837578323,0.29852947028731847,0.31910546659218725,0.16838483302622187,0.5051544990786656,0.05
1340,0.4466000000000001,False,1,0.0,0.2222,0.8710000000000001,50.0,0.0,0.0,0.0,1.8601532030264742,0.31096353153666306,1.8804439680582736,0.7691104618590859,0.3351715221853779,0.300555891656328,0.270388412502718,0.5946331300577827,0.05
1341,0.38425,False,1,0.0,0.1295,1.0,90.25,0.0,0.0,0.0,1.680322943904318,0.141698250173697,1.5274640696207684,0.06854292228157328,0.15510729103518742,0.10818745957979356,4.107841051314078e-207,0.0,0.05
1342,0.34035000000000004,False,1,0.0,0.202,0.7987000000000001,80.0,0.0,0.0,0.0,2.0433423298747444,0.5576891326727418,2.4969030287161513,1.6452032296486916,0.4572323191586438,0.4431683767212464,0.3999997316927142,0.6535589950799846,0.05
1343,0.37055000000000005,False,1,0.0,0.1869,0.8742000000000001,80.0,0.0,0.0,0.0,1.812148306065327,0.3149945868084357,2.0527872558729454,0.9709748153850518,0.3286382034555294,0.3629030042303134,0.36591214569306507,0.6876740753128248,0.05
1344,0.43345,False,1,0.0,0.16770000000000002,1.0,75.2,0.0,0.0,0.0,1.68749604078163,0.12437904584262287,1.532300159782847,0.03826529645893267,0.17755689481534084,0.12188886017977357,1.0488839650022344e-200,0.0,0.05
1345,0.405,False,1,0.0,0.2218,0.8682000000000001,70.0,0.0,0.0,0.0,1.962009329918006,0.45544995272639816,1.873109258318631,0.6242432500347181,0.3882544049489969,0.36406753501610545,0.1877000032604526,0.37171550120252067,0.05
1346,0.4049499999999999,False,1,0.0,0.1561,0.9338,70.0,0.0,0.0,0.0,1.7290723565323556,0.2300682406398543,1.783230210240682,0.7594642287791605,0.22769830490493392,0.2654766688386689,0.1745217849340361,0.5071178386289057,0.05
1347,0.31829999999999997,False,1,0.0,0.1308,0.8657999999999999,90.0,0.0,0.0,0.0,1.811812263286012,0.3868935468702743,2.0291600689194627,1.0120081654278767,0.2936129934459325,0.4020206725165455,0.39945988955774586,0.8001216107693375,0.05
1348,0.39420000000000005,False,1,0.0,0.25410000000000005,0.8095000000000001,68.8,0.0,0.0,0.0,2.0388102393531478,0.45459477586778224,2.059471500989715,0.8405015083901214,0.4894779455617525,0.43464165757862006,0.37705266150414063,0.6672997062085112,0.05
1349,0.34964999999999996,False,1,0.0,0.124,0.9353,90.0,0.0,0.0,0.0,1.6919479427743405,0.2500983881692032,1.802773114380632,0.8473884168446054,0.18446652921206572,0.24217696507185776,0.18427454378592326,0.5435544066011955,0.05
1350,0.48155,False,1,0.0,0.2577,0.8654,40.0,0.0,0.0,0.0,1.9120683458803183,0.2554015377971033,1.991223292480567,0.9451724339201417,0.41018630368991876,0.3110496740214415,0.3369028829376526,0.6751582668538978,0.05
1351,0.41085000000000005,False,1,0.0,0.2395,0.8766,73.6,0.0,0.0,0.0,1.975812370850592,0.4224502200540021,2.073851068582923,1.142519336759884,0.4263674307870574,0.387314030246953,0.3540977251074159,0.7084190220485868,0.05
1352,0.41175,False,1,0.0,0.2163,0.8744,66.8,0.0,0.0,0.0,1.8600567342824916,0.3790865812717556,1.9663198019554944,1.0143689950375485,0.3376853124199426,0.3365731256700652,0.2583244248915702,0.5315906384902035,0.05
1353,0.38715000000000005,False,1,0.0,0.1743,1.0,100.0,0.0,0.0,0.0,1.722169642973705,0.18285921539202113,1.5708555555555566,0.07278147658115804,0.19472499748135844,0.1526425020733972,0.016000000000000698,0.04800000000000209,0.05
1354,0.42065,False,1,0.0,0.1986,0.9419000000000001,74.8,0.0,0.0,0.0,1.7938483263071945,0.2546880582450563,1.6287555555555564,0.3419601081347887,0.26717133595492715,0.2397139969909347,0.07990000000000032,0.23970000000000094,0.05
1355,0.3957,False,1,0.0,0.153,1.0,90.4,0.0,0.0,0.0,1.7312395123921491,0.14138487591952664,1.5082000000035272,0.01639999999823637,0.19274559980575387,0.11124538134818099,3.451905755842147e-224,0.0,0.05
1356,0.37644999999999995,False,1,0.0,0.1416,0.9312999999999999,80.0,0.0,0.0,0.0,1.7496118208920373,0.2633350401616276,1.8750051495462405,1.0723662849098292,0.2271112309619911,0.27351997331301814,0.1802554486209149,0.528875267446908,0.05
1357,0.41874999999999996,False,1,0.0,0.2949,0.8065999999999999,66.0,0.0,0.0,0.0,2.0796906472219128,0.4011016292494887,2.231731923841634,1.1551944275292718,0.5155157689547618,0.3537867214773658,0.3853161445513862,0.6142214127931722,0.05
1358,0.41015,False,1,0.0,0.1413,1.0,80.25,0.0,0.0,0.0,1.690847108898971,0.18077997446210387,1.5227000000932556,0.049751482645459776,0.15653321043804158,0.13366514198870535,3.1654376119877316e-201,0.0,0.05
1359,0.42305,False,1,0.0,0.2678,0.7968999999999999,54.65,0.0,0.0,0.0,1.9855965541891483,0.3220422848326184,2.3339582355614787,1.2336504943520648,0.4882732034794309,0.3506051710039409,0.5730500902122408,0.8825387975121567,0.05
1360,0.34704999999999997,False,1,0.0,0.1628,0.8673,84.0,0.0,0.0,0.0,1.8257790486687722,0.35671634425781007,2.001332444252757,0.9307567285168816,0.31271965651299316,0.3653009424343184,0.3448487965519264,0.6705978120998636,0.05
1361,0.44899999999999995,False,1,0.0,0.24580000000000002,0.9321999999999999,70.0,0.0,0.0,0.0,1.8423606011250986,0.3610933813527674,1.7756990949485043,0.6980053219697342,0.3200446560813137,0.2912398703942743,0.20886576150923014,0.6265972845276905,0.05
1362,0.3805,False,1,0.0,0.20270000000000002,0.8696999999999999,77.85,0.0,0.0,0.0,1.9491559705488974,0.43249818411825075,1.876069720352185,0.7905048577058996,0.3934813543122255,0.38391884094585044,0.23911418250051542,0.5100549645089077,0.05
1363,0.36275,False,1,0.0,0.1988,0.8067,70.0,0.0,0.0,0.0,1.8778565821158217,0.34656094244423175,2.2477836737506665,1.1724197405984602,0.3928375613573395,0.3889503844314745,0.3575065831760224,0.5956962338733066,0.05
1364,0.4193,False,1,0.0,0.20539999999999997,0.8732,60.0,0.0,0.0,0.0,1.855410055569887,0.344014789717519,2.03255558451865,1.1667361690008153,0.35349328021771037,0.3647654038008376,0.29587807987951253,0.6627739964602204,0.05
1365,0.43000000000000005,False,1,0.0,0.1544,1.0,73.6,0.0,0.0,0.0,1.7178762183853358,0.1363716831370768,1.5689333333360065,0.07797290127895479,0.19686527581323293,0.11288093969126038,0.012800000000000467,0.038400000000001405,0.05
1366,0.42055000000000003,False,1,0.0,0.20350000000000001,0.931,73.35,0.0,0.0,0.0,1.9026307694297782,0.5056261307095113,1.8779256447897104,1.0033284987663182,0.33180650956307456,0.3643957133820484,0.19369188978587548,0.5684599809095489,0.05
1367,0.35105000000000003,False,1,0.0,0.1951,0.8688,90.45,0.0,0.0,0.0,1.9562529409413028,0.5667445734135746,1.9473059100051198,0.9397652475596895,0.38512754760921614,0.44243384409367886,0.28727728867152963,0.6411203559525824,0.05
1368,0.4190999999999999,False,1,0.0,0.24570000000000003,0.8724999999999999,70.0,0.0,0.0,0.0,1.8647928264827,0.289239995727043,1.9401651544134015,0.8335411932640173,0.3728356182934268,0.31701423207344714,0.3222880284556743,0.644983482660375,0.05
1369,0.38805,False,1,0.0,0.1917,0.8688,71.1,0.0,0.0,0.0,1.9054466834721147,0.47928859180514805,1.889480742435833,0.7073288510403091,0.35650764030935117,0.39053476499686,0.2501040362851129,0.5225271043615991,0.05
1370,0.34640000000000004,False,1,0.0,0.1676,0.8676,85.6,0.0,0.0,0.0,1.8218394589059805,0.35737790689996274,2.0253711675789687,1.0510865861153602,0.3242940583582182,0.37522987749990144,0.3378652498755298,0.6760710701690801,0.05
1371,0.4363,False,1,0.0,0.22410000000000002,0.9311,70.65,0.0,0.0,0.0,1.865788803802245,0.34274853551583123,1.8416651276060645,0.9420471869372768,0.33509720345315996,0.3016802928004812,0.197322342364938,0.5754934638473117,0.05
1372,0.4305,False,1,0.0,0.23339999999999997,0.8676,60.0,0.0,0.0,0.0,1.8810822336335289,0.3133445745951729,1.9131706900798666,0.7947194505360927,0.38267791991472455,0.3455616752959088,0.29505720427723314,0.6490548914846348,0.05
1373,0.3828999999999999,False,1,0.0,0.21269999999999997,0.8731,80.0,0.0,0.0,0.0,1.8864450870530547,0.37369858276239554,1.8827090732908751,0.7889735228977812,0.3700777433560649,0.3654302751987128,0.28496117292550005,0.6187003922717919,0.05
1374,0.3938499999999999,False,1,0.0,0.2218,0.8699,76.0,0.0,0.0,0.0,1.8462104308046499,0.26118837048845084,1.9650702833134965,0.8924902481279046,0.3533600963554132,0.3052137548306746,0.33164086973510826,0.664947545478772,0.05
1375,0.35624999999999996,False,1,0.0,0.16119999999999998,0.8721,80.2,0.0,0.0,0.0,1.7843484961999543,0.28323262294111223,2.0889020259390176,1.1522051707452627,0.30495838762574884,0.3431129146464869,0.3208635090415656,0.6417270203474768,0.05
1376,0.37454999999999994,False,1,0.0,0.1731,0.8736,74.4,0.0,0.0,0.0,1.8265016351667402,0.38436539884760157,1.9100221912226008,0.7894143310586211,0.3176725626043719,0.3682336708664477,0.24960326760992074,0.5381192360840973,0.05
1377,0.38039999999999996,False,1,0.0,0.17729999999999999,0.9339000000000001,87.6,0.0,0.0,0.0,1.7694385636012293,0.23625519735142872,1.744722162561926,0.6569629024390555,0.2735084843082443,0.26881976148845305,0.17383108123838303,0.5069963196035737,0.05
1378,0.47559999999999997,False,1,0.0,0.2364,0.9372,55.6,0.0,0.0,0.0,1.8627792618697037,0.2631723411810416,1.7810960648928618,0.6258027959456526,0.33000829366624795,0.27353269943222097,0.17944365293332892,0.5134977954739877,0.05
1379,0.40460000000000007,False,1,0.0,0.1867,0.9329000000000001,77.6,0.0,0.0,0.0,1.8118435947639653,0.26074804526824297,1.7199948601126043,0.6147386880722774,0.2894363440942965,0.26367102604905124,0.1545826637011168,0.4637479911033505,0.05
1380,0.37529999999999997,False,1,0.0,0.11179999999999998,1.0,90.3,0.0,0.0,0.0,1.6512252398652136,0.11900483755443339,1.5347001223075507,0.05044428712206136,0.13861822198058094,0.10520018387471976,4.9832850597809115e-207,0.0,0.05
1381,0.37639999999999996,False,1,0.0,0.1618,0.9398,87.2,0.0,0.0,0.0,1.7912138385932752,0.3387959365511008,1.7794798290032046,0.7526398500550717,0.2658911424139504,0.31486937391819697,0.18622826478634516,0.5586847943590354,0.05
1382,0.3755,False,1,0.0,0.15089999999999998,0.8753,68.8,0.0,0.0,0.0,1.7548660309091317,0.2633468290617111,1.9008114656655244,0.8384672220683792,0.26468648648007337,0.3298909312944417,0.24450000253023024,0.5110928065228194,0.05
1383,0.3953,False,1,0.0,0.1896,0.8666,66.4,0.0,0.0,0.0,1.8098486658713615,0.3114445959837728,1.9047443177116823,0.8507968490935022,0.324752643151787,0.33547940268659104,0.24580287888772162,0.5145616145188795,0.05
1384,0.42515,False,1,0.0,0.24450000000000002,0.873,66.8,0.0,0.0,0.0,1.9315358377048408,0.3005308060988212,1.8866171873048472,0.7788054992260117,0.40738043420891257,0.31958584709157195,0.2535128178481234,0.5487923851822807,0.05
1385,0.38665,False,1,0.0,0.221,0.9347,95.6,0.0,0.0,0.0,1.9265009267493034,0.49297987179429387,1.6438279773674072,0.33726742837170237,0.3479129436942092,0.3479335631409517,0.07980000000582074,0.2394000000174622,0.05
1386,0.4129,False,1,0.0,0.1858,1.0,90.0,0.0,0.0,0.0,1.709250714109121,0.1296989808196655,1.5336,0.04029689814365371,0.1990311945687425,0.11879269549485834,8.561755156185122e-197,0.0,0.05
1387,0.45054999999999995,False,1,0.0,0.21070000000000003,0.9353999999999999,61.25,0.0,0.0,0.0,1.8123650426564226,0.28051085372286894,1.8742900453794242,0.935397615908887,0.2887164085690393,0.2877153248722061,0.21315146912857763,0.5923891543060966,0.05
1388,0.44145,False,1,0.0,0.2029,1.0,80.0,0.0,0.0,0.0,1.7557892907833481,0.16670495878312208,1.5545000397880588,0.05691268138048885,0.22696166847535454,0.1337966196332215,5.765528518992457e-206,0.0,0.05
1389,0.37884999999999996,False,1,0.0,0.18270000000000003,0.9349999999999999,90.0,0.0,0.0,0.0,1.783036938752223,0.32251968491416927,1.7511074449446788,0.6298364356125021,0.27144067982556536,0.31065348975226087,0.20981692437716548,0.5805555363487447,0.05
1390,0.44020000000000004,False,1,0.0,0.3027,0.7393,40.4,0.0,0.0,0.0,2.0295971861328637,0.3372665327860019,2.5608446085464447,1.4079583576944468,0.5516044505661973,0.3521610704164246,0.6612143803319435,0.8759856370014695,0.05
1391,0.39775,False,1,0.0,0.21719999999999998,0.8195,60.3,0.0,0.0,0.0,1.9789857320060797,0.5392704872836861,2.1604014111149428,1.0597651907424321,0.43136598919970703,0.43210133125715616,0.36290197590748186,0.6073943381134874,0.05
1392,0.4157,False,1,0.0,0.19140000000000001,1.0,90.0,0.0,0.0,0.0,1.7158004187074947,0.08195604054102505,1.5079,0.02369999999999999,0.2095073372561344,0.07341224133528619,4.5325647991908114e-219,0.0,0.05
1393,0.42290000000000005,False,1,0.0,0.16660000000000003,1.0,80.2,0.0,0.0,0.0,1.7064602046014006,0.16612707446849373,1.536093923611112,0.0560271290910519,0.1884670202866839,0.13457961225913506,0.011800000000000452,0.03540000000000136,0.05
1394,0.37359999999999993,False,1,0.0,0.16709999999999997,0.9414999999999999,90.35,0.0,0.0,0.0,1.7377179200924675,0.30559004787251454,1.8273431200974604,0.9268200409139351,0.2290622917490988,0.2853722631347123,0.21325220805126474,0.6008227760466092,0.05
1395,0.4371000000000001,False,1,0.0,0.263,0.8724000000000001,65.3,0.0,0.0,0.0,1.9068062461093565,0.2959976925783095,2.054340039318973,0.9071586861097996,0.4013077907877361,0.31298187727412935,0.37203583274170376,0.6574453827785705,0.05
1396,0.4058,False,1,0.0,0.1866,0.9304,76.35,0.0,0.0,0.0,1.8514571085949811,0.46250616293330205,1.8727352765254566,1.0503367313352128,0.29948072775413437,0.3404815764147065,0.17289669675619865,0.518690090268596,0.05
1397,0.42769999999999997,False,1,0.0,0.1893,0.8741,52.0,0.0,0.0,0.0,1.8187214100447602,0.341247874336095,1.9348617589667207,0.7683788352827143,0.3189494940166463,0.3609011297533307,0.27950693511013774,0.5004383255202619,0.05
1398,0.41255,False,1,0.0,0.21550000000000002,0.944,83.6,0.0,0.0,0.0,1.838024943845408,0.3261770125239408,1.7846355806428342,0.8051523438773257,0.2870531494026881,0.24469392239913962,0.19404063983416936,0.5768083119118429,0.05
1399,0.40904999999999997,False,1,0.0,0.30760000000000004,0.6305,30.0,0.0,0.0,0.0,2.119999405826012,0.38440956229709905,2.7321416797297804,0.9833495602884513,0.6530137670374877,0.4055273831094127,0.9290802658526065,0.7950131931016788,0.05
1400,0.35689999999999994,False,1,0.0,0.14679999999999999,0.9349999999999999,92.0,0.0,0.0,0.0,1.7215514648803303,0.28680889536358567,1.7945010283908644,0.7910085132620185,0.21993306185569778,0.30497868732830813,0.19033852839086424,0.5663642994708027,0.05
1401,0.36649999999999994,False,1,0.0,0.20839999999999997,0.8046,70.0,0.0,0.0,0.0,2.037924136970893,0.5859551165611433,2.179553979247158,1.0342210860401877,0.4682493881960343,0.47245693613256284,0.46454723004852694,0.7558209236302347,0.05
1402,0.4596,False,1,0.0,0.1992,1.0,70.0,0.0,0.0,0.0,1.7168187404632735,0.13247718297104547,1.6427333333333358,0.19814494756847945,0.2054050218976638,0.10860518813053004,0.07390000000000171,0.14788945195652395,0.05
1403,0.38435,False,1,0.0,0.1888,0.9399000000000001,90.0,0.0,0.0,0.0,1.7763700854627178,0.2152733095723303,1.7726012284976758,0.7236489299745229,0.26489817048793224,0.24993147027867055,0.19519115122964703,0.5399025677990179,0.05
1404,0.43055,False,1,0.0,0.1811,1.0,80.0,0.0,0.0,0.0,1.6973803720072482,0.12223331797579254,1.5173000000159662,0.040139880411475655,0.19040432060153298,0.12209854372031557,6.637991969004057e-196,0.0,0.05
1405,0.46435000000000004,False,1,0.0,0.264,0.9451,70.1,0.0,0.0,0.0,1.8869253618374984,0.24498815859121592,1.6454254352227966,0.34010735925643576,0.35856683469152556,0.22578594693637272,0.07970282961363089,0.23910848884089267,0.05
1406,0.38139999999999996,False,1,0.0,0.2002,0.8826,80.0,0.0,0.0,0.0,1.8629270022263351,0.41198522868781107,2.0650214389004775,1.0979419817755063,0.31856536385040546,0.35055880207216833,0.36775909940858564,0.7378085346521741,0.05
1407,0.4634000000000001,False,1,0.0,0.2479,0.9361,64.3,0.0,0.0,0.0,1.8442671105577713,0.29603352162795066,1.8852517472210757,0.9559579387103824,0.3311400491345591,0.2716600832306466,0.21572952499885334,0.6107687271024383,0.05
1408,0.40469999999999995,False,1,0.0,0.19129999999999997,0.9381,80.0,0.0,0.0,0.0,1.7984033710701888,0.28073253200119025,1.8019539477822792,0.813729924750261,0.28528183528962414,0.29097058370874035,0.1707539125744777,0.5122617377234331,0.05
1409,0.3709500000000001,False,1,0.0,0.19380000000000003,0.8695,80.35,0.0,0.0,0.0,1.875333162768706,0.32908120163239485,2.0910075216757997,1.1530568155501206,0.35042492056777436,0.3619580261308017,0.3634111469929998,0.7367911356361637,0.05
1410,0.40835,False,1,0.0,0.2765,0.7034,40.8,0.0,0.0,0.0,2.0736199158859465,0.43426791079889004,2.634376784581239,1.3178061698777082,0.5760535871134895,0.4323852247747941,0.7081447689437707,0.7986694347770711,0.05
1411,0.41679999999999995,False,1,0.0,0.22080000000000002,0.9328,80.0,0.0,0.0,0.0,1.8192019134795356,0.2733948247526447,1.8335363825788562,0.7914926170810496,0.3095572196763228,0.2775518979377124,0.22776966708406401,0.6125106837233752,0.05
1412,0.3729999999999999,False,1,0.0,0.1987,0.8673,80.0,0.0,0.0,0.0,1.8596338018273104,0.34602275791008597,2.117274556718738,1.1894009216380372,0.354437008711319,0.35059824939977835,0.3550277895579342,0.7103611376829408,0.05
1413,0.4071499999999999,False,1,0.0,0.2143,0.9339999999999999,83.5,0.0,0.0,0.0,1.7996127648469122,0.2346247762394222,1.858214054998315,0.9102443976897578,0.2805995327731767,0.23887445171756128,0.16960000000281666,0.47608658877144244,0.05
1414,0.44589999999999996,False,1,0.0,0.2615,0.8703,60.0,0.0,0.0,0.0,1.864558012875627,0.2667549837524203,1.881457534333783,0.6881657929319821,0.3750372736394,0.27734406148526214,0.24931308988813788,0.5379687148745317,0.05
1415,0.42060000000000003,False,1,0.0,0.1948,1.0,88.4,0.0,0.0,0.0,1.7073873494505414,0.1341468530507935,1.5212000000096555,0.030740201685872586,0.20431135943637252,0.12952608505994834,5.044551566228238e-177,0.0,0.05
1416,0.46995000000000003,False,1,0.0,0.24710000000000001,0.8672000000000001,43.6,0.0,0.0,0.0,1.8744328110008575,0.317260261653748,2.097224744030788,1.1275255635885106,0.37606762663960497,0.32244910495965073,0.36126873210209554,0.7237127630727124,0.05
1417,0.39189999999999997,False,1,0.0,0.14379999999999998,1.0,90.0,0.0,0.0,0.0,1.6530015796474449,0.11035088192523568,1.5251000014735792,0.05238788404416155,0.13837291664388143,0.09714341201796169,4.488825490747368e-191,0.0,0.05
1418,0.34885000000000005,False,1,0.0,0.12190000000000001,0.9358000000000001,90.0,0.0,0.0,0.0,1.7568831395811564,0.2966230152147356,1.7902670727216716,0.8313606221518126,0.22816506439770973,0.30400544174924654,0.17727801022167136,0.5225673809194183,0.05
1419,0.4040499999999999,False,1,0.0,0.18949999999999997,0.9385999999999999,80.0,0.0,0.0,0.0,1.7548848753314084,0.3445690820931323,1.8419785759151899,0.905370421371779,0.2501764400874661,0.30292827340740824,0.19907681632328827,0.5972304489698648,0.05
1420,0.39674999999999994,False,1,0.0,0.2125,0.8785999999999999,74.4,0.0,0.0,0.0,1.9357956474706335,0.464879629491731,2.076014724777126,0.9824561326939067,0.3939157229251785,0.4238690577021106,0.38267187370037575,0.695651340508062,0.05
1421,0.49975,False,1,0.0,0.19949999999999998,1.0,50.0,0.0,0.0,0.0,1.7284277168069213,0.13086766702150757,1.5137,0.01938581955966781,0.21415643749376642,0.13037166175409062,2.1549990329418886e-189,0.0,0.05
1422,0.36645000000000005,False,1,0.0,0.2082,0.8447000000000001,80.0,0.0,0.0,0.0,1.8921431900928192,0.33745661452134285,2.2022484849438775,1.1739903202147886,0.3743313892220638,0.34065126404399865,0.4560160736818304,0.7530689373858009,0.05
1423,0.40274999999999994,False,1,0.0,0.1661,1.0,90.15,0.0,0.0,0.0,1.7119184679575425,0.17950153597559906,1.5175013888914113,0.017976901811889594,0.1818572414932203,0.1392360618028624,0.0020000000000007104,0.004381780460042533,0.05
1424,0.36039999999999994,False,1,0.0,0.1699,0.8718999999999999,80.25,0.0,0.0,0.0,1.8554973508392547,0.303677242160748,1.8777274057055315,0.7167911944865013,0.33651402704456235,0.351416324585109,0.283796101216785,0.5976904728680916,0.05
1425,0.33875,False,1,0.0,0.14209999999999998,0.8666,82.8,0.0,0.0,0.0,1.7896158908638085,0.35085105845512177,1.976109839827442,0.9195550851709764,0.29292235347690926,0.38404767428836684,0.18243805379732064,0.36487742236134924,0.05
1426,0.38215,False,1,0.0,0.23820000000000002,0.8061,70.0,0.0,0.0,0.0,1.9250952856233607,0.33464537214530626,2.151760319620677,1.0510819221702863,0.4225055863148975,0.34723920008784603,0.4144991104743389,0.6730007511818353,0.05
1427,0.37644999999999995,False,1,0.0,0.12159999999999997,0.9513,80.0,0.0,0.0,0.0,1.7156789309925013,0.20622100470845228,1.761261376953751,0.452678661413029,0.18663480696993928,0.19441154778931433,0.159700000000001,0.31940007827175204,0.05
1428,0.3768500000000001,False,1,0.0,0.1871,0.8658000000000001,74.8,0.0,0.0,0.0,1.843742176608983,0.3601947450224643,2.1935952360226207,1.4053195534254792,0.3141573624565371,0.3466570944414376,0.37578867148410044,0.7535239109665816,0.05
1429,0.40119999999999995,False,1,0.0,0.21259999999999998,0.869,69.8,0.0,0.0,0.0,1.8874443363414959,0.3824440903623276,1.911195602069112,0.7852931290023393,0.3699431480701802,0.35910222521623963,0.2816400465135564,0.6257071582399877,0.05
1430,0.47154999999999997,False,1,0.0,0.2116,0.9320999999999999,50.15,0.0,0.0,0.0,1.8140177702148628,0.21564988311594815,1.7127984426522254,0.6057960929441853,0.2993614477217018,0.24178973156535488,0.17023478353648405,0.5107043506094521,0.05
1431,0.35745,False,1,0.0,0.1149,1.0,100.0,0.0,0.0,0.0,1.6387658404167218,0.06093181758286992,1.5360000000000007,0.06234260180647105,0.12825088922376734,0.07699362979282331,0.013400000000000476,0.04020000000000143,0.05
1432,0.3901,False,1,0.0,0.20270000000000002,0.8717,73.55,0.0,0.0,0.0,1.9377476529908892,0.47505663752818883,2.087815109021994,1.1646587829939536,0.3746937948435427,0.3947322916790108,0.2860223332092664,0.6027079816186718,0.05
1433,0.34869999999999995,False,1,0.0,0.1996,0.8001999999999999,75.6,0.0,0.0,0.0,1.9634745128532696,0.44568877835639265,2.3269481789982103,1.2550729172878712,0.4454668735922681,0.45475843248612574,0.5723866300756149,0.877547012129023,0.05
1434,0.44120000000000004,False,1,0.0,0.29410000000000003,0.8663000000000001,69.5,0.0,0.0,0.0,2.0380128205572356,0.426344323279539,2.0421402025387194,1.0458993221800634,0.4733955804321015,0.34876426276794537,0.342649374702912,0.6833228998847776,0.05
1435,0.4020499999999999,False,1,0.0,0.2037,0.8739999999999999,68.4,0.0,0.0,0.0,1.8926411969193286,0.4082330718322674,2.0687172612122278,1.0643518162897896,0.36254359466280284,0.38186212844142897,0.408373442043869,0.8215024438722818,0.05
1436,0.39154999999999995,False,1,0.0,0.22359999999999997,0.9400999999999999,95.15,0.0,0.0,0.0,1.8312802403343162,0.28531232448614324,1.8214461384772445,0.7839778229865149,0.3036205061858957,0.2707885610875879,0.22044613843372146,0.6613384153011644,0.05
1437,0.40005,False,1,0.0,0.19430000000000003,0.8762000000000001,67.6,0.0,0.0,0.0,1.9683774878039426,0.5332151612859984,1.8879429164085344,0.8466512251573168,0.3752336994891207,0.40323370685137494,0.30348209831814865,0.6867696865555756,0.05
1438,0.3486000000000001,False,1,0.0,0.11490000000000003,0.9423,90.0,0.0,0.0,0.0,1.6954571762720945,0.22192402566689148,1.6443000000000005,0.3391371551452319,0.17850482544659355,0.2220224295447767,0.07970000000000035,0.23910000000000106,0.05
1439,0.4132,False,1,0.0,0.24569999999999997,0.9340999999999999,88.35,0.0,0.0,0.0,1.850071584481249,0.21964615523054049,1.8297176150311423,0.9426553895871171,0.3246579527080558,0.2329650002536462,0.1628774566927537,0.48863237007826105,0.05
1440,0.37855,False,1,0.0,0.1687,0.9884000000000001,100.0,0.0,0.0,0.0,1.7479371586042596,0.2197283339795573,1.639211111111257,0.3419274793156174,0.21727742411735207,0.17884055891891773,0.07980000000000088,0.23940000000000264,0.05
1441,0.4673,False,1,0.0,0.2158,1.0,70.3,0.0,0.0,0.0,1.7806417252276017,0.15693563675628716,1.5002,0.0006000000000000005,0.25538968405931817,0.127244048201944,1.369880829656981e-195,0.0,0.05
1442,0.3628,False,1,0.0,0.2293,0.8169000000000001,80.15,0.0,0.0,0.0,1.9184887993323554,0.39208539887543203,2.083285529813826,0.9184503535259544,0.41899044563206483,0.3952360740606145,0.45249726620102315,0.7450709646612643,0.05
1443,0.38310000000000005,False,1,0.0,0.1262,1.0,90.0,0.0,0.0,0.0,1.6627700663747327,0.13578397325344277,1.5154645453559037,0.017779182390138162,0.14815668180203853,0.12071826367349868,0.004200000000000629,0.008411896337926491,0.05
1444,0.3988000000000001,False,1,0.0,0.22939999999999997,0.8716000000000002,75.85,0.0,0.0,0.0,1.8719061613175316,0.30125696200349517,2.066291603685241,1.0697629460563558,0.37565460868675055,0.3268321314185818,0.43434055274419114,0.8609669051339763,0.05
1445,0.3811499999999999,False,1,0.0,0.1479,0.9343999999999999,80.0,0.0,0.0,0.0,1.728333029626284,0.28133731359350184,1.7902612848137074,0.7667110011539937,0.23642054913072635,0.3051038973628621,0.17280000009148336,0.5154069850932386,0.05
1446,0.3968499999999999,False,1,0.0,0.1359,0.9378,70.0,0.0,0.0,0.0,1.6941857420682527,0.21091550978025342,1.7794186363057207,0.7594659874775014,0.20422511952089897,0.25312114980682837,0.19058530297238727,0.5342099110762485,0.05
1447,0.36949999999999994,False,1,0.0,0.19229999999999997,0.8667,80.0,0.0,0.0,0.0,1.8890289163686027,0.3937829370043003,2.15314874285564,1.5150344250789036,0.3761719168875307,0.3863618731332699,0.2795999866153095,0.620633059017054,0.05
1448,0.3981,False,1,0.0,0.2056,0.8705999999999999,70.0,0.0,0.0,0.0,1.9193704850628213,0.4008894449321032,1.9070850132510593,0.8921777872258189,0.39045615742752066,0.3917502344260403,0.31557069871521615,0.7215107656617746,0.05
1449,0.3970000000000001,False,1,0.0,0.1887,0.9349000000000001,82.4,0.0,0.0,0.0,1.7794603310687698,0.27385915855712684,1.8218544349272938,0.8436222854245358,0.27083537023564774,0.2851952085877457,0.1270000000000008,0.324740203855328,0.05
1450,0.42535,False,1,0.0,0.248,0.9359,83.3,0.0,0.0,0.0,1.8649199664883234,0.271824662587322,1.9893336862362474,1.1500615690175389,0.3460778510363952,0.2534805663943597,0.23130035290291345,0.5017546907456892,0.05
1451,0.3992,False,1,0.0,0.2577,0.7319000000000001,47.8,0.0,0.0,0.0,2.0833295103664806,0.42134543897815174,2.532862133944604,1.3482302246720292,0.5757435429505693,0.4399926095367859,0.6716156315733743,0.8886617282208991,0.05
1452,0.4205999999999999,False,1,0.0,0.2631,0.7503,43.05,0.0,0.0,0.0,2.055728766131212,0.48876698141300445,2.4658023411753973,1.263009342927303,0.522336548031722,0.4174171069686226,0.5771736337376774,0.7464152100211223,0.05
1453,0.40254999999999996,False,1,0.0,0.18819999999999998,0.9369,80.0,0.0,0.0,0.0,1.7349777375308115,0.21843294252296697,1.752929457549098,0.7175504606329978,0.24727175511278743,0.24023226650340573,0.15512373593472223,0.46337466074645395,0.05
1454,0.43615000000000004,False,1,0.0,0.23290000000000002,1.0,90.15,0.0,0.0,0.0,1.7970031481881925,0.16576048433190393,1.5151,0.02385979882563971,0.25552970476004694,0.12017989921831733,2.739761650281369e-195,0.0,0.05
1455,0.379,False,1,0.0,0.23170000000000002,0.8119,71.4,0.0,0.0,0.0,1.9599589811665736,0.3354576147622785,2.2703453893385097,1.1393627777842723,0.433133187174178,0.35153412539899814,0.5342761150130299,0.8212801207111196,0.05
1456,0.43795000000000006,False,1,0.0,0.1818,0.9341000000000002,60.0,0.0,0.0,0.0,1.750682999269383,0.25555497636116853,1.7936499454160475,0.7520068476299234,0.25996093301578976,0.2962935059664461,0.20344991356264006,0.6103497406879203,0.05
1457,0.3875,False,1,0.0,0.3124,0.6834,55.2,0.0,0.0,0.0,2.1231003166773954,0.40264274522767357,2.6490624704413057,1.2081754220221108,0.6447036055072706,0.41312376412806573,0.7869341712484822,0.8062099974796314,0.05
1458,0.37770000000000004,False,1,0.0,0.2029,0.8737,80.3,0.0,0.0,0.0,1.8488724573676922,0.34212049522175025,2.0889955981653743,1.1656779334252907,0.33141775638945864,0.3360201204591915,0.3533823586352218,0.7078888641658244,0.05
1459,0.3773000000000001,False,1,0.0,0.11580000000000001,1.0,90.3,0.0,0.0,0.0,1.64382695271111,0.08344351321779998,1.5603032814113726,0.05838553449856986,0.12799798967861162,0.0829098224623137,9.971315609785545e-220,0.0,0.05
1460,0.39395,False,1,0.0,0.18140000000000003,0.9317,81.3,0.0,0.0,0.0,1.7947171408738722,0.29724375673115017,1.7932842804772597,0.8240834519478364,0.2627278830707091,0.25791340845754,0.15830000080500636,0.47490000241501906,0.05
1461,0.44255,False,1,0.0,0.20529999999999998,1.0,80.05,0.0,0.0,0.0,1.7534883018232055,0.12843515778128173,1.5220253833452866,0.03141951448080767,0.23536263442797822,0.09496445316771142,0.0022000000000003154,0.006600000000000947,0.05
1462,0.3919000000000001,False,1,0.0,0.1786,0.8724000000000001,66.8,0.0,0.0,0.0,1.7773427909773165,0.27424455906686,1.9064307109900234,0.7444249457493901,0.2986053556535425,0.31923677352784285,0.2789745477955744,0.5796966593968323,0.05
1463,0.46005000000000007,False,1,0.0,0.18370000000000003,0.9364000000000001,50.0,0.0,0.0,0.0,1.7944363251594933,0.27444479438390146,1.6780888887200227,0.33413833412885346,0.2782220343052594,0.291016132574239,0.07990000000000035,0.23970000000000108,0.05
1464,0.4254,False,1,0.0,0.24420000000000003,0.8078,50.3,0.0,0.0,0.0,2.028741429196555,0.46476786522794283,1.999509438994334,0.8177795558544498,0.4702728427364062,0.4001542960422542,0.33690952236674176,0.5730921885992193,0.05
1465,0.39390000000000003,False,1,0.0,0.1956,0.8722000000000001,70.0,0.0,0.0,0.0,1.8056555133028667,0.2839261107572452,1.8691915381126747,0.6988041170355883,0.3025785363149777,0.28898170704033593,0.24873332708578055,0.5153677839234869,0.05
1466,0.42414999999999997,False,1,0.0,0.2395,0.8736,66.2,0.0,0.0,0.0,1.908293278773769,0.3209767026980017,1.9027854649415592,0.8604313245561888,0.3816709066455005,0.31185335468436365,0.18790000000000054,0.38101665317935995,0.05
1467,0.34964999999999996,False,1,0.0,0.123,0.9362999999999999,90.0,0.0,0.0,0.0,1.7449843827500655,0.33350675924684187,1.6492841791267256,0.31308343433774,0.2195935318987022,0.3101211904194845,0.09150048597215407,0.23835716404740792,0.05
1468,0.37695,False,1,0.0,0.1883,0.9380000000000001,93.1,0.0,0.0,0.0,1.7802575809881311,0.223626695806264,1.765748668534427,0.6534403715015011,0.26417265536749707,0.24405936722735982,0.1628440118985322,0.4885320356955966,0.05
1469,0.3204999999999999,False,1,0.0,0.23349999999999999,0.7333,81.45,0.0,0.0,0.0,2.156835725370577,0.5713326931938383,2.6207806102722166,1.322662275171258,0.577539122116522,0.49066158123069464,0.7014481323064004,0.8669269195983581,0.05
1470,0.4006,False,1,0.0,0.21610000000000001,0.8661,70.25,0.0,0.0,0.0,1.8391934241415442,0.2564391440550433,1.9537976331959008,0.9767214205775955,0.3510812265219828,0.3110432921056034,0.2450000036513559,0.5258952464844109,0.05
1471,0.38105,False,1,0.0,0.1716,0.8705,70.0,0.0,0.0,0.0,1.8178716099114223,0.33377132199630205,2.0149628635385683,1.019395458226217,0.321822502092775,0.3666668249767152,0.42798650047145603,0.8662925071048401,0.05
1472,0.3705500000000001,False,1,0.0,0.2293,0.8030000000000002,72.8,0.0,0.0,0.0,1.9307518262832726,0.36734307929422044,2.389700620038953,1.2746383412154956,0.42532660915580633,0.3970483790960301,0.39049695372846316,0.617028755519036,0.05
1473,0.41555,False,1,0.0,0.2354,0.8756999999999999,70.0,0.0,0.0,0.0,1.9302914725010833,0.319682694420798,1.9154718382795501,0.844989936163352,0.37749587289354286,0.30047573921625254,0.2518746160573276,0.5441984596327202,0.05
1474,0.36354999999999993,False,1,0.0,0.1748,0.8722999999999999,80.0,0.0,0.0,0.0,1.8562863534302063,0.3600261075256545,1.8230988961774663,0.621986310952579,0.3334956403032449,0.35745253863898235,0.24141349915178206,0.5078130450961623,0.05
1475,0.4676499999999999,False,1,0.0,0.26610000000000006,0.9347999999999999,66.4,0.0,0.0,0.0,1.8680966988022323,0.30211736087349156,1.784780203728157,0.8238233026736171,0.3550429791581343,0.28826308191403144,0.1975801874521154,0.5927405623563462,0.05
1476,0.36360000000000003,False,1,0.0,0.15510000000000002,0.9333,90.3,0.0,0.0,0.0,1.8117080594855888,0.3242192135295823,1.7791205213314918,0.7586572933009373,0.2634924693454271,0.3046433477830967,0.208676076887034,0.6004787070248961,0.05
1477,0.37155000000000005,False,1,0.0,0.21690000000000004,0.8168,72.65,0.0,0.0,0.0,1.902411982670324,0.33935121188313766,2.019977080977937,0.8880059547326452,0.4021971975085421,0.3603759821527662,0.36251041465928263,0.6383003542141958,0.05
1478,0.4004999999999999,False,1,0.0,0.22279999999999997,0.8412,65.75,0.0,0.0,0.0,1.8573328129276703,0.2670395064959501,1.9727296597225732,0.734136226975828,0.3701899567880332,0.2986890168414703,0.32365505454875587,0.5400959562736923,0.05
1479,0.44604999999999995,False,1,0.0,0.2121,1.0,80.0,0.0,0.0,0.0,1.7576019109978536,0.14234231336289785,1.5296362982855904,0.030570735111966372,0.24484058677809836,0.12584888310923845,1.0702193960191793e-197,0.0,0.05
1480,0.41125,False,1,0.0,0.20600000000000002,0.9376999999999999,80.3,0.0,0.0,0.0,1.8198732984006427,0.26157342071198725,1.644981367173541,0.33620074658911203,0.2923622778351163,0.25828514938953345,0.0831001563845606,0.23871722583766972,0.05
1481,0.4091,False,1,0.0,0.14219999999999997,0.9960000000000001,80.0,0.0,0.0,0.0,1.6796379320197794,0.12250565117460838,1.6374555556484243,0.33954760914103166,0.17267963587831076,0.11277833267852555,0.07990000000000086,0.23970000000000255,0.05
1482,0.41979999999999995,False,1,0.0,0.21270000000000003,0.8684999999999998,60.4,0.0,0.0,0.0,1.8664293484795504,0.3459587034207033,2.1339743628768746,1.2368529910441428,0.3598499383605458,0.34244371130637813,0.34296308000316156,0.6845607207686276,0.05
1483,0.45055,False,1,0.0,0.22149999999999997,1.0,80.1,0.0,0.0,0.0,1.764468973573014,0.18807407712208532,1.5410234277509987,0.05391725461408086,0.2434616262701989,0.13772453778100746,0.0058000000000003665,0.0174000000000011,0.05
1484,0.45235000000000003,False,1,0.0,0.2092,0.9355,60.0,0.0,0.0,0.0,1.7534045013509296,0.21047688981219964,1.8115380592228754,0.8095421298310369,0.2693133904426127,0.23052244031408287,0.1864380592228754,0.5593141776686261,0.05
1485,0.36724999999999997,False,1,0.0,0.2487,0.7362,62.6,0.0,0.0,0.0,2.0432531897867134,0.4490142084209642,2.672645693345618,1.449803510364593,0.5309316584418403,0.42495910846772184,0.6926682295883916,0.848753839192326,0.05
1486,0.43890000000000007,False,1,0.0,0.2012,1.0,80.85,0.0,0.0,0.0,1.763333742066067,0.17349816849058156,1.6087897569542666,0.1717807008218308,0.2306797014225103,0.1301704551493386,0.05960000000000165,0.12344974686082041,0.05
1487,0.4101999999999999,False,1,0.0,0.23850000000000002,0.8010999999999999,54.8,0.0,0.0,0.0,1.933214562286718,0.38322322061466885,2.2142269159078167,1.0672856582074235,0.4409903327705374,0.40528774690479025,0.4837629999748169,0.7420139369262337,0.05
1488,0.40464999999999995,False,1,0.0,0.1923,0.9372,80.05,0.0,0.0,0.0,1.7962602884144139,0.2237044953996394,1.7516967673850534,0.7316818764509742,0.2711843287644208,0.23221163551060767,0.18556121407959544,0.5566836422387863,0.05
1489,0.40515,False,1,0.0,0.21580000000000005,0.9353,85.2,0.0,0.0,0.0,1.841623871286401,0.37221862894028157,1.7769705779889935,0.7150533703903391,0.3086901834513254,0.3174356884096951,0.2023588592389936,0.5991193086264943,0.05
1490,0.36550000000000005,False,1,0.0,0.1456,0.9342,87.2,0.0,0.0,0.0,1.7965040093898483,0.4706659496473701,1.7788624462665097,0.8050962586899199,0.25226580497596474,0.3766538056542806,0.09200000000000028,0.27599999999999986,0.05
1491,0.47075,False,1,0.0,0.24010000000000004,0.9414,60.0,0.0,0.0,0.0,1.8292603168494839,0.17319755900087924,1.645155555663371,0.3374269896312021,0.3212364200696779,0.20004385841630895,0.0799000000000002,0.23970000000000058,0.05
1492,0.3835000000000001,False,1,0.0,0.24290000000000003,0.8841000000000001,90.0,0.0,0.0,0.0,1.9300796366333635,0.4094043914671025,1.8832921766635806,0.8032228702341327,0.39416152304028756,0.35476719548072544,0.2811546765602083,0.6243609502408637,0.05
1493,0.34104999999999996,False,1,0.0,0.2638,0.6743,64.0,0.0,0.0,0.0,2.101609395993139,0.4046219795587478,2.605517774498482,1.164465829950061,0.5995230000285583,0.41769582512317704,0.795277679957475,0.8537319288379698,0.05
1494,0.39104999999999995,False,1,0.0,0.20549999999999996,0.9366,90.0,0.0,0.0,0.0,1.7782825669028468,0.23077972479674494,1.754588684582097,0.6517416143126237,0.270698040061388,0.23135911886985183,0.17496729842681885,0.4865800214150636,0.05
1495,0.41054999999999997,False,1,0.0,0.1715,1.0,87.6,0.0,0.0,0.0,1.7504788143519605,0.1370972941828952,1.6217000000000013,0.2503429847229635,0.20961405896581517,0.11467210514231882,0.060200000000000906,0.18060000000000273,0.05
1496,0.382,False,1,0.0,0.20900000000000002,0.8702,78.8,0.0,0.0,0.0,1.844578130749165,0.271873029380668,1.873152100224622,0.8081740738353316,0.36165155518139824,0.33138922930285003,0.29847634745384666,0.6726872725665287,0.05
1497,0.4522999999999999,False,1,0.0,0.2104,0.9478,63.4,0.0,0.0,0.0,1.7994077885519517,0.31323484151585834,1.7921054590819026,0.8305307191213765,0.2684668512709253,0.27906337960112454,0.22960545908190255,0.6874840782805406,0.05
1498,0.44610000000000005,False,1,0.0,0.22030000000000002,0.8719000000000001,50.0,0.0,0.0,0.0,1.866269117773926,0.2690625453387116,1.9855646274617798,0.80077532145546,0.36955398996325595,0.3308496021255706,0.3358390118837153,0.5700720610539568,0.05
1499,0.34145000000000003,False,1,0.0,0.11200000000000002,0.9311,90.05,0.0,0.0,0.0,1.7519586816468293,0.4010487173824815,1.9636185074222368,1.2093001693310756,0.22052462170702114,0.35679215839356815,0.22891706998351968,0.6325414792676111,0.05
1500,0.3298,False,2,0.0,0.1862,0.8044,82.75,0.0,0.0,0.0,2.050399819856216,0.5710250434327818,2.188842952244923,1.0886043548537045,0.48766905642637826,0.5200406885029762,0.4779479140222582,0.7951773242941286,0.05
1501,0.42125,False,2,0.0,0.1819,1.0,84.85,0.0,0.0,0.0,1.7363448329634807,0.1237247001674657,1.5252000000000001,0.030876528302255752,0.2217542306499655,0.11066791045411546,2.612840323106502e-201,0.0,0.05
1502,0.36555,False,2,0.0,0.11069999999999999,1.0,94.9,0.0,0.0,0.0,1.6792891001357368,0.15540819453656052,1.504109542242686,0.01229685216222159,0.1524124008849957,0.13333178413296026,3.802183085503969e-212,0.0,0.05
1503,0.3404,False,2,0.0,0.1553,0.8055,70.0,0.0,0.0,0.0,1.9417512927251703,0.5003924766660566,2.3721447512939604,1.2179185647471389,0.418382839075074,0.4991287680449048,0.5719233381303318,0.8759729468319114,0.05
1504,0.3327,False,2,0.0,0.10939999999999998,0.8991999999999999,85.8,0.0,0.0,0.0,1.9152428460007684,0.6261541999992226,2.1153114127134502,1.053398965550664,0.3041749749176458,0.42843358665446246,0.4002617253514922,0.6915378891011648,0.05
1505,0.44000000000000006,False,2,0.0,0.207,0.8666,48.4,0.0,0.0,0.0,1.8846894726485313,0.318469640766864,2.1383102817103277,1.2433232424604481,0.3910915763367288,0.35529542219505605,0.38968752547051083,0.7826278521586976,0.05
1506,0.362,False,2,0.0,0.14520000000000002,0.942,90.8,0.0,0.0,0.0,1.7719003168012573,0.3841229420383321,1.7955080228338218,0.7783149327592019,0.23977084538670876,0.32918806829277275,0.09400000000000037,0.26260997696203386,0.05
1507,0.39035,False,2,0.0,0.23450000000000001,0.7962,62.5,0.0,0.0,0.0,2.0236866013198336,0.42501528017602963,2.3613264479092377,1.2910061865115994,0.5117667948597585,0.4424835399479632,0.57546074500921,0.8824392929880266,0.05
1508,0.4061,False,2,0.0,0.20179999999999998,0.8742000000000001,65.95,0.0,0.0,0.0,1.8742784311747633,0.3500714597036318,2.157629501144005,1.2127121615904464,0.3675147223296286,0.37393567124826477,0.4353813527681619,0.8715882912660364,0.05
1509,0.37410000000000004,False,2,0.0,0.1082,1.0,90.0,0.0,0.0,0.0,1.6600620838894897,0.12589690770419312,1.5623009756194228,0.10691320235621736,0.14624481434660513,0.1141515844537239,0.02420000000000063,0.07260000000000189,0.05
1510,0.35655000000000003,False,2,0.0,0.132,0.8643000000000001,70.8,0.0,0.0,0.0,1.8973816103427938,0.5134172616987096,2.019383740082609,1.0184055597640347,0.3405681679291953,0.4559059285741795,0.39725040674927575,0.794596755756704,0.05
1511,0.45130000000000003,False,2,0.0,0.18919999999999998,0.9296,54.05,0.0,0.0,0.0,1.8593548652413614,0.3279291536865338,1.752783797949212,0.7027405075411158,0.3229917655300386,0.31034018864766505,0.1580536809142817,0.47416104274284515,0.05
1512,0.43195000000000006,False,2,0.0,0.1475,0.983,66.65,0.0,0.0,0.0,1.7304242096462867,0.15508287543054347,1.7572666666666694,0.44767399458992857,0.20799966247305351,0.14067029002553938,0.15970000000000176,0.3194000782717535,0.05
1513,0.38149999999999995,False,2,0.0,0.1729,0.8664999999999999,69.1,0.0,0.0,0.0,1.8819098142688877,0.45391665308761303,2.1786218357513505,1.235356872184417,0.3647155018495709,0.4169323078067513,0.3897329410980298,0.7612282312925348,0.05
1514,0.42989999999999995,False,2,0.0,0.16560000000000002,1.0,76.45,0.0,0.0,0.0,1.7761655309838715,0.1857775077501532,1.5213999999999999,0.03680271729098272,0.22549748117708068,0.1503944774299499,1.0205806935124531e-203,0.0,0.05
1515,0.45125000000000004,False,2,0.0,0.1671,1.0,66.15,0.0,0.0,0.0,1.7237635974549683,0.13507994655220823,1.514030729309722,0.019371025606702914,0.21217821773756884,0.12605237589007665,3.131246127033677e-211,0.0,0.05
1516,0.39315,False,2,0.0,0.2105,0.933,89.3,0.0,0.0,0.0,1.9063952497749903,0.317374603401838,1.762018827157895,0.7588954502518087,0.3572516718330262,0.3028280888373221,0.18381882715789513,0.5514564814736854,0.05
1517,0.35855,False,2,0.0,0.1431,0.9339999999999999,90.0,0.0,0.0,0.0,1.7708052217368955,0.27974401244393193,1.6229647855103253,0.2567533050129904,0.2390978088971437,0.2665614230305235,0.09221921852841759,0.23849387966138014,0.05
1518,0.44620000000000004,False,2,0.0,0.1724,1.0,70.0,0.0,0.0,0.0,1.765432331696169,0.1745641656567177,1.5262,0.04348516988583585,0.2318783198580711,0.15506462551381509,1.0702193961178694e-197,0.0,0.05
1519,0.40814999999999996,False,2,0.0,0.1774,0.9320999999999999,73.3,0.0,0.0,0.0,1.83134550866694,0.3954866731735474,1.87958082637574,1.0258264781116238,0.2908433837564405,0.33894074737289925,0.2197135310444705,0.6591405931334114,0.05
1520,0.37715000000000004,False,2,0.0,0.1654,0.9489000000000001,90.0,0.0,0.0,0.0,1.8217111621827609,0.37082579498159807,1.646255556284956,0.33696961669456904,0.27539091316915115,0.33448420220741437,0.0799000000577991,0.23970000017339727,0.05
1521,0.35500000000000004,False,2,0.0,0.11000000000000001,1.0,100.0,0.0,0.0,0.0,1.6781117821898934,0.14962816171801285,1.5325,0.05013631418443124,0.1519904860370952,0.14252749913334561,4.0825629987353817e-203,0.0,0.05
1522,0.3394500000000001,False,2,0.0,0.16850000000000004,0.8624,88.0,0.0,0.0,0.0,1.8917252656849317,0.4071531941766464,2.0127104332031034,0.9686842951663492,0.36358788437826506,0.39440997929122135,0.35826497406839214,0.7174953283819034,0.05
1523,0.40635,False,2,0.0,0.1518,0.9591000000000001,74.55,0.0,0.0,0.0,1.7739153348378554,0.17638502761968122,1.632155555555703,0.3406479381674774,0.239989025745512,0.15112074065077746,0.07990000000000082,0.2397000000000024,0.05
1524,0.34995,False,2,0.0,0.1369,0.9358000000000001,93.2,0.0,0.0,0.0,1.7761501896908807,0.38785136159621425,1.840271019587918,0.7860564387979986,0.256038021866629,0.35298138134461643,0.2328821306990287,0.5761715812695559,0.05
1525,0.37870000000000004,False,2,0.0,0.11879999999999999,1.0,90.35,0.0,0.0,0.0,1.6777976037947806,0.16281452067645116,1.5111208333333341,0.016055572436073712,0.15295131161964576,0.13376722007272446,0.001500000000000398,0.004500000000001193,0.05
1526,0.34145000000000003,False,2,0.0,0.1606,0.8663000000000001,86.0,0.0,0.0,0.0,1.8683047160185786,0.4085315429661577,2.190130337042791,1.3829654272356753,0.34503589973408,0.4120559976434502,0.40688832298676936,0.8167034679124671,0.05
1527,0.32894999999999996,False,2,0.0,0.12190000000000001,0.9326000000000001,99.15,0.0,0.0,0.0,1.77253487687803,0.27900658466131895,1.9679904153232133,1.161341587634703,0.2386314330277596,0.2878544738425829,0.18707992948818744,0.5612397884645622,0.05
1528,0.41345000000000004,False,2,0.0,0.23820000000000002,0.8619,68.3,0.0,0.0,0.0,2.0907893436828417,0.6143947285063596,2.1621585574135684,1.0949839229736626,0.48468785594364966,0.4520689026300974,0.4953779141471693,0.8258722125314195,0.05
1529,0.3847499999999999,False,2,0.0,0.1564,0.9330999999999999,80.0,0.0,0.0,0.0,1.7868418173085097,0.25854193827411753,1.682243487550221,0.3278485633767856,0.2567510785453754,0.2688479516374245,0.09150000000000072,0.237783620125526,0.05
1530,0.45699999999999996,False,2,0.0,0.191,0.9629999999999999,60.0,0.0,0.0,0.0,1.7855495512389723,0.13704695781851833,1.6332555555555568,0.3405245447182308,0.2650590045202117,0.11681443351419239,0.07990000000000094,0.23970000000000283,0.05
1531,0.44545,False,2,0.0,0.2209,0.8702,50.05,0.0,0.0,0.0,1.9687490216960697,0.4003238462090903,2.039977127858063,1.0050748050209528,0.4144387905214475,0.38410866769523144,0.3527120979655444,0.7055651613919046,0.05
1532,0.4191499999999999,False,2,0.0,0.17609999999999998,1.0,84.45,0.0,0.0,0.0,1.7449259267192283,0.13592142544161473,1.5530001469794121,0.05608933790442399,0.22374705734715108,0.12294568197072091,3.713070300380328e-215,0.0,0.05
1533,0.34659999999999996,False,2,0.0,0.19049999999999997,0.8020999999999999,74.85,0.0,0.0,0.0,2.0236012469225177,0.5401904426196609,2.4134673789782815,1.405609808953681,0.4781546660996865,0.5011465956635999,0.5278235598099232,0.8067562082914991,0.05
1534,0.3953500000000001,False,2,0.0,0.17770000000000002,0.9342,80.3,0.0,0.0,0.0,1.827554774518721,0.4176271247351333,1.8926652232518015,1.0910523217270667,0.29819794924592513,0.3575825564637623,0.2034687036948776,0.6104061110846327,0.05
1535,0.3287499999999999,False,2,0.0,0.1679,0.8093999999999999,79.95,0.0,0.0,0.0,2.0415769050542867,0.6526887368325446,2.387723466635776,1.2928067505796002,0.46343435644476366,0.5720925184997685,0.5098313495119878,0.8299667912064109,0.05
1536,0.36740000000000006,False,2,0.0,0.1723,0.8663000000000001,75.95,0.0,0.0,0.0,1.9304548706511198,0.4509637707174198,2.2738483286265985,1.5049263389564582,0.386828026231065,0.42698039964609885,0.38247561146040804,0.7659542363751939,0.05
1537,0.3656499999999999,False,2,0.0,0.1105,0.9408,80.0,0.0,0.0,0.0,1.6967386022569317,0.2355627471407147,1.6320555555555558,0.3410693070656207,0.19082539903082624,0.27054854455771343,0.07960000000000042,0.23880000000000126,0.05
1538,0.368,False,2,0.0,0.0944,1.0,89.6,0.0,0.0,0.0,1.6682364161125502,0.16901602587863626,1.5128791666666674,0.023119755035827513,0.13432464259760404,0.13944234537298345,0.0014000000000005458,0.004200000000001637,0.05
1539,0.32589999999999997,False,2,0.0,0.14989999999999998,0.8000999999999999,74.55,0.0,0.0,0.0,1.953993409024747,0.5637952742878386,2.174840802670322,1.144158339283079,0.40568498230976,0.4900747201227682,0.41900482727580785,0.6757307070102428,0.05
1540,0.47345000000000004,False,2,0.0,0.20739999999999997,0.9395,50.0,0.0,0.0,0.0,1.8575287452465243,0.3812859976198194,1.8049088567665148,0.852505337551744,0.3228024627083755,0.33866387058434994,0.23717552343317932,0.711526570299538,0.05
1541,0.44694999999999996,False,2,0.0,0.22560000000000002,0.8714999999999999,50.8,0.0,0.0,0.0,1.9356160845940746,0.35097934736478825,2.0227923286796385,0.9914768429175852,0.4078737181323149,0.36787025584682254,0.4011923286796387,0.8041741843678356,0.05
1542,0.39464999999999995,False,2,0.0,0.1861,0.9298,81.65,0.0,0.0,0.0,1.912759645387366,0.37258876794601165,1.870685559091377,1.0151133804459482,0.3474511519519135,0.33273688096730497,0.22260132587835768,0.6522878413037129,0.05
1543,0.41759999999999997,False,2,0.0,0.16770000000000002,0.8685,50.25,0.0,0.0,0.0,1.9045394036804855,0.473479820988526,2.0729957990714647,1.120825194892646,0.35929522119186025,0.4283315909618335,0.39221784277223837,0.7762521512109892,0.05
1544,0.36440000000000006,False,2,0.0,0.1266,0.9412,84.75,0.0,0.0,0.0,1.759651854512967,0.3766915570493047,1.804404636349669,0.8118281890756951,0.23054835221213352,0.3431426661812685,0.2299825530802037,0.6899476592406112,0.05
1545,0.46315000000000006,False,2,0.0,0.2434,0.9373000000000001,63.6,0.0,0.0,0.0,1.9433013781118191,0.24238042028374845,1.6942000000000017,0.3775740686063501,0.38407944700084007,0.22815022168261004,0.12760000000000127,0.26516266705552854,0.05
1546,0.40975000000000006,False,2,0.0,0.16760000000000003,0.8695,54.4,0.0,0.0,0.0,1.8828083473411206,0.3522640354396174,2.091281045566362,1.1549559690543945,0.3584960865203087,0.3609714973583073,0.4217893788996953,0.8401016753043907,0.05
1547,0.33335,False,2,0.0,0.0937,0.933,90.0,0.0,0.0,0.0,1.7003294212146052,0.2771422436282564,1.7221563747371285,0.6177393619920739,0.18660086727130717,0.2918798811129719,0.16551007189800485,0.49653021569401457,0.05
1548,0.40220000000000006,False,2,0.0,0.1466,0.9332,68.85,0.0,0.0,0.0,1.8240226494933598,0.27815672109408374,1.837051320129563,0.7434903579822537,0.2766243378536974,0.2897961433737788,0.2119088935243198,0.5221631845196957,0.05
1549,0.40784999999999993,False,2,0.0,0.1357,1.0,80.0,0.0,0.0,0.0,1.6990530940149395,0.14736378481895854,1.5258411458333332,0.02948143885254596,0.17255814816023862,0.14256778479232113,9.384591327154859e-207,0.0,0.05
1550,0.35309999999999997,False,2,0.0,0.11850000000000001,0.8676999999999999,70.0,0.0,0.0,0.0,1.8871988288300645,0.6007769821199825,1.901170805913478,0.8622764748056704,0.3223868878770827,0.4741415459286521,0.2606596948011641,0.5681894187168812,0.05
1551,0.40559999999999985,False,2,0.0,0.19810000000000003,0.8684999999999998,63.85,0.0,0.0,0.0,1.9165953066747652,0.3483718204192918,1.8889973237975322,0.8182371543918209,0.3842650324620339,0.35579296473006816,0.18390000000000026,0.37172690244317846,0.05
1552,0.31684999999999997,False,2,0.0,0.1778,0.8143,89.6,0.0,0.0,0.0,2.032310349997484,0.6420631817575191,2.3213939500803433,1.1696065559714335,0.4562998477843883,0.536764305582861,0.620832914382589,0.9494749503714739,0.05
1553,0.37760000000000005,False,2,0.0,0.1729,0.9833000000000001,100.25,0.0,0.0,0.0,1.8277620952459173,0.3048213239250552,1.6306555555555569,0.34313340619130545,0.27014008952373036,0.23874727152166206,0.07990000000000103,0.23970000000000308,0.05
1554,0.3399500000000001,False,2,0.0,0.176,0.8649000000000001,90.25,0.0,0.0,0.0,1.8855217750691478,0.45157016672078415,2.0919815061863605,1.129247201925987,0.36395634831166185,0.42287062072466225,0.37340372840858205,0.7046671145477439,0.05
1555,0.38589999999999997,False,2,0.0,0.13179999999999997,1.0,90.0,0.0,0.0,0.0,1.729701824366884,0.19008394703870063,1.5220000000000002,0.041682130463785,0.18130277410335854,0.1502313971459712,3.1895023506387255e-205,0.0,0.05
1556,0.4287000000000001,False,2,0.0,0.2001,0.9373000000000001,70.0,0.0,0.0,0.0,1.8245949600221092,0.265454357253353,1.6448586398329197,0.33924556534668404,0.30502736193349433,0.2805126458032153,0.08050005461147794,0.23917593601258694,0.05
1557,0.3668,False,2,0.0,0.15189999999999998,0.8717,72.5,0.0,0.0,0.0,1.89123271788069,0.5526642331476809,2.117078046158963,1.2248584067340822,0.3471349482017868,0.48429718764838353,0.340364836038866,0.6816437334911016,0.05
1558,0.42435,False,2,0.0,0.15560000000000002,0.9347,60.4,0.0,0.0,0.0,1.8357363452759592,0.4564213272785855,1.6856568176360702,0.3357992868669596,0.2935926523671069,0.38579661333595494,0.11011244279424064,0.23756359140428027,0.05
1559,0.3611,False,2,0.0,0.19290000000000002,0.8077,69.6,0.0,0.0,0.0,1.996742910898861,0.4934744906208803,2.2788273905191754,1.1521511545677046,0.4501687373122764,0.46541300397600344,0.514176213713565,0.7887017674564549,0.05
1560,0.34495000000000003,False,2,0.0,0.11300000000000002,0.9369,90.0,0.0,0.0,0.0,1.7595350814109074,0.3773218231702976,1.6233226422502849,0.3430159668226524,0.22212923324327324,0.31636792081652076,0.07985508232543778,0.23956524697631337,0.05
1561,0.3204499999999999,False,2,0.0,0.10909999999999997,0.8625999999999999,82.7,0.0,0.0,0.0,1.8752323526274508,0.5177405419209953,2.152555950468448,1.3066227184792514,0.3260903425137335,0.4774368827201376,0.2765692670885037,0.6040684288821612,0.05
1562,0.3763,False,2,0.0,0.1526,1.0,100.0,0.0,0.0,0.0,1.709632630481435,0.11088097922800733,1.5435490537115988,0.05045161773402298,0.1869661617225545,0.10012438282139415,0.0027000000000003154,0.008100000000000945,0.05
1563,0.36545,False,2,0.0,0.10070000000000001,1.0,92.45,0.0,0.0,0.0,1.6782996137125479,0.1308387905613451,1.546504822106082,0.03895595172272269,0.1437073141986063,0.1086493313299024,2.266277579846117e-219,0.0,0.05
1564,0.47409999999999997,False,2,0.0,0.1882,1.0,60.0,0.0,0.0,0.0,1.7379260364975324,0.12813080010055497,1.5110000066439815,0.02981612286379813,0.21707831742279962,0.13375224320514306,5.011861074548717e-177,0.0,0.05
1565,0.37240000000000006,False,2,0.0,0.1826,0.865,75.7,0.0,0.0,0.0,1.9321229969750462,0.42890055426588397,1.9793186629575026,0.8809545355160234,0.3898177144762801,0.4253846851496755,0.38189221196417555,0.7656303580509206,0.05
1566,0.36215,False,2,0.0,0.1899,0.7916000000000001,64.3,0.0,0.0,0.0,2.0934420092588053,0.6705482259941762,2.5113669960535265,1.5512402844589162,0.5077030451359377,0.5335107018618566,0.5738049036539146,0.8802354736811387,0.05
1567,0.36455,False,2,0.0,0.1501,0.9286,87.4,0.0,0.0,0.0,1.919674409590908,0.6295734429481321,2.03624686190993,1.5678478064332149,0.32347696018875965,0.43263253292601067,0.19980828565842138,0.5994248569752642,0.05
1568,0.34689999999999993,False,2,0.0,0.13379999999999997,0.9321999999999999,93.05,0.0,0.0,0.0,1.7731799057064008,0.3254405792813726,1.7862396453016647,0.796077725895639,0.24198758079058091,0.30633508067879334,0.12,0.36,0.05
1569,0.3355999999999999,False,2,0.0,0.21389999999999998,0.7995,85.55,0.0,0.0,0.0,2.056077931947727,0.47969464800253336,2.407747668908396,1.3571959636061874,0.5013028406195509,0.46871282556238664,0.5700837121087389,0.8171037852778174,0.05
1570,0.39609999999999995,False,2,0.0,0.1941,0.8669,67.2,0.0,0.0,0.0,1.8719621703697134,0.3276115202198555,1.9024594039806644,0.8145874291062156,0.380317790876084,0.3644616612659591,0.2501121817584423,0.539953273734193,0.05
1571,0.37634999999999996,False,2,0.0,0.18529999999999996,0.8794000000000001,78.0,0.0,0.0,0.0,1.9007956905620298,0.39826942704559215,1.9083866820646667,0.8334819591352804,0.3750176263674391,0.3906807088724778,0.2965301454643415,0.6672302241879583,0.05
1572,0.371,False,2,0.0,0.1447,0.9297000000000001,83.1,0.0,0.0,0.0,1.8503560790700284,0.48918690084973043,1.830068055847126,0.9865429520237208,0.27903785593466246,0.39096646349653086,0.1677680558471258,0.5033041675413774,0.05
1573,0.34534999999999993,False,2,0.0,0.24689999999999998,0.7365999999999999,73.2,0.0,0.0,0.0,2.069715942571727,0.4275938348773992,2.652806527667971,1.3885510525717573,0.5643320761904862,0.45180185813653206,0.81040111179842,0.9907106679951134,0.05
1574,0.38444999999999996,False,2,0.0,0.12569999999999998,1.0,89.2,0.0,0.0,0.0,1.6838089982658997,0.14003120612674005,1.5594000000000001,0.07964697106607387,0.16013695550211324,0.11905339434455656,3.4247019174767537e-196,0.0,0.05
1575,0.40354999999999996,False,2,0.0,0.17540000000000003,0.9324999999999999,75.2,0.0,0.0,0.0,1.8863539463499042,0.34472983025245196,1.7571266596434068,0.7584691110595644,0.33278296044173566,0.3336896858233021,0.1864875887892108,0.5594627663676324,0.05
1576,0.39554999999999996,False,2,0.0,0.1315,0.9795999999999999,80.0,0.0,0.0,0.0,1.703278316635399,0.17772757117833485,1.644656764210596,0.3381923578579824,0.19492734051628113,0.1584482701657824,0.07990000000000087,0.2397000000000026,0.05
1577,0.39264999999999994,False,2,0.0,0.2131,0.9324,90.05,0.0,0.0,0.0,1.8895570570065032,0.28410197944085097,1.7829136256207552,0.723319949239785,0.35257234435307966,0.2934025179491595,0.1808885876960759,0.49225820126856895,0.05
1578,0.42974999999999997,False,2,0.0,0.1795,1.0,80.0,0.0,0.0,0.0,1.7264789812164214,0.11935191464778935,1.5162,0.026716287167194475,0.20419389097968396,0.10018392362871356,7.604366182444038e-212,0.0,0.05
1579,0.3731,False,2,0.0,0.19929999999999998,0.8669,80.0,0.0,0.0,0.0,1.865212257175168,0.34136388613241503,2.0318948616875785,1.0076177214489899,0.34963884333032874,0.3478730571863396,0.3913172718826713,0.7510229486947512,0.05
1580,0.39770000000000005,False,2,0.0,0.18180000000000002,0.9324,79.7,0.0,0.0,0.0,1.8284242871046714,0.317785289250448,1.854470682484406,0.9125764990819409,0.3023813551518443,0.29574805495184,0.21138386887761668,0.5812413325621923,0.05
1581,0.38419999999999993,False,2,0.0,0.13,1.0,90.4,0.0,0.0,0.0,1.7025953444888606,0.14874064378215948,1.5500888894187086,0.05837126397473188,0.1758573289475888,0.12874724828555845,0.0046000000000003495,0.01380000000000105,0.05
1582,0.3696499999999999,False,2,0.0,0.1196,0.9397,80.0,0.0,0.0,0.0,1.7177026016840404,0.20634188603150913,1.6251111111192373,0.34170900550382294,0.20995417140202538,0.2235134954267892,0.07980000000000019,0.23940000000000056,0.05
1583,0.3581,False,2,0.0,0.19180000000000003,0.8044,70.0,0.0,0.0,0.0,1.9461441818773921,0.40698530852086945,2.00285010222192,0.813380809585079,0.4445226659453744,0.4219253192355087,0.33605010223522724,0.5706000476420174,0.05
1584,0.33760000000000007,False,2,0.0,0.0985,0.9367000000000001,90.0,0.0,0.0,0.0,1.7054202921011004,0.32115117703012225,1.7890869430187148,0.7820985123483449,0.18489809253645503,0.30337162834358616,0.1740869430187149,0.5222608290561447,0.05
1585,0.36855000000000004,False,2,0.0,0.1082,0.9345000000000001,76.4,0.0,0.0,0.0,1.731614146732987,0.3198372345952488,1.6284329728268283,0.3390562392366753,0.21578844695970217,0.3222412337335802,0.08192260150896093,0.24015462787683012,0.05
1586,0.32420000000000004,False,2,0.0,0.12250000000000001,0.8699,86.0,0.0,0.0,0.0,1.8153787212303167,0.4425924018345869,1.912535370487354,0.7814426978665303,0.30723736494383014,0.4525060817335686,0.30207981493188724,0.6834340245641719,0.05
1587,0.38549999999999984,False,2,0.0,0.1562,0.9347999999999999,80.0,0.0,0.0,0.0,1.784208535980224,0.322813838451481,1.772659266330318,0.6595748266629567,0.26066708285093376,0.31423430718387857,0.18037068654585764,0.5411120596375729,0.05
1588,0.3815,False,2,0.0,0.1865,0.9365,90.0,0.0,0.0,0.0,1.8298263343224839,0.34784098317840045,1.776114074636375,0.7594298481960262,0.29612520126498926,0.32240432327908636,0.20038612324743205,0.5743455939577102,0.05
1589,0.45349999999999996,False,2,0.0,0.1742,1.0,66.8,0.0,0.0,0.0,1.7461589177265218,0.14124077456132417,1.5623666666666676,0.0859442261004217,0.22456414868222124,0.13910005667429326,0.021200000000000586,0.06360000000000175,0.05
1590,0.37999999999999995,False,2,0.0,0.22000000000000003,0.8151999999999999,68.8,0.0,0.0,0.0,2.101320744080092,0.5630218054274593,2.0318020715310547,0.8269674014136852,0.5278984301508849,0.49474691036015833,0.3363626222054097,0.571380738418906,0.05
1591,0.4084,False,2,0.0,0.13679999999999998,1.0,80.0,0.0,0.0,0.0,1.767906146329174,0.227698745247172,1.5253,0.024819548746905073,0.21341220623949525,0.16628508304002884,2.971180748598426e-214,0.0,0.05
1592,0.3899499999999999,False,2,0.0,0.22830000000000003,0.8732,80.4,0.0,0.0,0.0,1.9744907542503103,0.49460829867493644,2.2492854955460926,1.5298124708497813,0.44268692523746217,0.452386436311858,0.4123135859619126,0.8250867440382478,0.05
1593,0.43324999999999997,False,2,0.0,0.1277,1.0,65.3,0.0,0.0,0.0,1.7004896552478503,0.15430038327048903,1.5441,0.04182212333203567,0.16943625082423433,0.12060306567556206,4.870737784737736e-219,0.0,0.05
1594,0.41689999999999994,False,2,0.0,0.1532,0.932,62.85,0.0,0.0,0.0,1.807872672188727,0.35951682091712395,1.8461469396279075,0.9893745702179918,0.27552245727390684,0.31671077769486805,0.1819190376087165,0.5457571128261495,0.05
1595,0.42055000000000003,False,2,0.0,0.1403,1.0,74.8,0.0,0.0,0.0,1.7563407198640533,0.21115872529333937,1.510422222460609,0.015924962777834232,0.21043734901574082,0.17176320200030332,9.966186472350204e-207,0.0,0.05
1596,0.3954,False,2,0.0,0.15339999999999998,1.0,90.65,0.0,0.0,0.0,1.7599997525727225,0.16722042736472167,1.5270025475184121,0.04161235633452736,0.21091348285890404,0.12147695362358552,1.5208402744380856e-211,0.0,0.05
1597,0.35305000000000003,False,2,0.0,0.127,0.9695,97.6,0.0,0.0,0.0,1.7497827750600508,0.2005226628762246,1.626700000529821,0.34160027186004355,0.19619695061831766,0.16586155362568056,0.08440000000000145,0.23826170485414042,0.05
1598,0.40795000000000003,False,2,0.0,0.181,0.9333,74.6,0.0,0.0,0.0,1.8520086974093446,0.3337903501462451,1.7880546320908948,0.7471638090919026,0.31736304717422753,0.3267838875110638,0.17418796542384762,0.5003081674216916,0.05
1599,0.4044,False,2,0.0,0.1837,0.8690999999999999,61.0,0.0,0.0,0.0,1.8511591462413115,0.33827784083246143,1.8756543540526365,0.7378303548754638,0.34217224383150535,0.3604557933611002,0.26320892859754086,0.5751432956038465,0.05
1600,0.4321999999999999,False,2,0.0,0.168,1.0,75.9,0.0,0.0,0.0,1.7188719660264655,0.11661428416570675,1.5201999999999998,0.035784913022110273,0.20671008372465477,0.11115721180002419,3.535147300011409e-213,0.0,0.05
1601,0.38269999999999993,False,2,0.0,0.1792,0.874,71.95,0.0,0.0,0.0,1.9247556782938027,0.5090795079520788,2.144876262455001,1.252179282984693,0.3821750591337391,0.4408855117114006,0.34794081912127806,0.6960009905141675,0.05
1602,0.36035000000000006,False,2,0.0,0.1497,0.9304,89.85,0.0,0.0,0.0,1.7949093457943452,0.30263105858085804,1.7219494418390358,0.5427741901713362,0.27523617260167327,0.3108055227341508,0.16206217848769938,0.48618653546309815,0.05
1603,0.38649999999999995,False,2,0.0,0.19649999999999998,0.9333,89.2,0.0,0.0,0.0,1.843850678170467,0.31853439487580676,1.8164457007615074,0.8242694504776085,0.3130201136182721,0.3064920873525397,0.20794570076150737,0.623837102284522,0.05
1604,0.39160000000000006,False,2,0.0,0.195,0.8666,69.6,0.0,0.0,0.0,1.9202743303565104,0.43663768234829586,1.8549943380241252,0.6945705119652711,0.3921124521256142,0.4080182998749752,0.24306206518372445,0.5210382823127533,0.05
1605,0.4035,False,2,0.0,0.15899999999999997,1.0,88.0,0.0,0.0,0.0,1.7141587349958383,0.14050899405160167,1.5424944444453446,0.08819285282902797,0.20004040584888388,0.11714953900031104,0.021100000000000705,0.06330000000000212,0.05
1606,0.35495000000000004,False,2,0.0,0.1099,1.0,100.0,0.0,0.0,0.0,1.6463561156658966,0.10978904006957739,1.5622,0.05591743914021816,0.13340919944114776,0.09705143150025754,2.900835480393082e-217,0.0,0.05
1607,0.38704999999999995,False,2,0.0,0.1794,0.8634999999999999,67.2,0.0,0.0,0.0,2.0031524950009976,0.593138775598755,1.9747524852365674,1.0402075424226371,0.41506613557549626,0.4801207041347909,0.2854092938733729,0.6361778978538051,0.05
1608,0.40505,False,2,0.0,0.1986,0.8718999999999999,65.1,0.0,0.0,0.0,1.9869229326703994,0.5898068310288022,2.135703859827847,1.2697404961104881,0.4197093895559938,0.47796890237402956,0.3989955264945135,0.796175280628998,0.05
1609,0.4231999999999999,False,2,0.0,0.21259999999999998,0.9334,74.9,0.0,0.0,0.0,1.8963726548353719,0.39777107250227406,1.927171589870652,0.9964015682180698,0.3609017444148737,0.3448510397115733,0.2596149782901688,0.6650081041576079,0.05
1610,0.3989499999999999,False,2,0.0,0.12589999999999998,1.0,82.0,0.0,0.0,0.0,1.7034728150940104,0.17337361220544148,1.5518,0.06614045660562078,0.1705778412006566,0.15028921655612693,5.540773894181423e-192,0.0,0.05
1611,0.37564999999999993,False,2,0.0,0.21680000000000002,0.8544999999999998,80.0,0.0,0.0,0.0,1.95467133945115,0.35226917998640045,2.200122841911314,1.1191758761374508,0.4411781454387572,0.3703490322832175,0.456978733674382,0.7536349425024539,0.05
1612,0.41455,False,2,0.0,0.2144,0.9754999999999999,90.2,0.0,0.0,0.0,1.8776449549178367,0.12416215791354152,1.6272334255642378,0.34159024950842387,0.30515152166312737,0.09865268621500711,0.08290000000000117,0.2388675155813389,0.05
1613,0.34945000000000004,False,2,0.0,0.202,0.8041,76.8,0.0,0.0,0.0,2.052114365517786,0.5857192277910863,2.318101996644871,1.2102794204391558,0.4898560041272139,0.5035906103119754,0.5753863219003151,0.8807773152665089,0.05
1614,0.34214999999999995,False,2,0.0,0.2002,0.8097,81.4,0.0,0.0,0.0,2.063092129571006,0.5357848462790724,2.2860943959913134,1.1430901148681483,0.4869130978557229,0.48615526806207393,0.5876695101440437,0.8771749265840164,0.05
1615,0.37810000000000005,False,2,0.0,0.11620000000000001,1.0,90.0,0.0,0.0,0.0,1.694423429098287,0.14659458255830157,1.5194071432219611,0.03338636087366218,0.15526201173759518,0.1227492830641372,6.461659409409628e-219,0.0,0.05
1616,0.3477,False,2,0.0,0.1907,0.8711,91.6,0.0,0.0,0.0,1.911011548519566,0.4247865326230674,2.283568905810802,1.5584356767451597,0.3778187472559128,0.3963476135021739,0.42794793414075133,0.794638437775153,0.05
1617,0.35094999999999993,False,2,0.0,0.1268,0.9350999999999999,90.0,0.0,0.0,0.0,1.738168312719112,0.2701350885197498,1.8184526018755158,0.8118269787287512,0.22542638500431295,0.29614512413622696,0.2031246504866135,0.6083746089498302,0.05
1618,0.38505,False,2,0.0,0.2,0.8100999999999999,60.0,0.0,0.0,0.0,1.9254197524367727,0.40441760286982814,2.1735922650500767,1.0879506023515433,0.42837476437889305,0.43131365480452627,0.49253554744156214,0.8089799243360425,0.05
1619,0.377,False,2,0.0,0.1367,0.9739000000000001,89.15,0.0,0.0,0.0,1.7143606326975231,0.11562185464887131,1.633158506944453,0.33988818366223394,0.18885099446969927,0.10536034314516488,0.08030000000000122,0.23923797775437153,0.05
1620,0.40060000000000007,False,2,0.0,0.11000000000000001,1.0,77.2,0.0,0.0,0.0,1.6965372000448322,0.15633965548053005,1.5186,0.03273896760742465,0.16509902112492997,0.1295200251345244,3.625958282349114e-218,0.0,0.05
1621,0.39444999999999997,False,2,0.0,0.2,0.8689,70.0,0.0,0.0,0.0,1.8751954255688126,0.3556850228117231,1.7330117696101304,0.4583367106157543,0.3803757603306754,0.3727773439463087,0.16180000620180168,0.31767966238058254,0.05
1622,0.39445,False,2,0.0,0.13849999999999998,1.0,87.4,0.0,0.0,0.0,1.6894351600138573,0.11953942155392307,1.5219999999999998,0.032338831147708476,0.1742761588397436,0.11784346037543744,5.9353952754801065e-214,0.0,0.05
1623,0.35645000000000004,False,2,0.0,0.18170000000000003,0.805,68.45,0.0,0.0,0.0,1.9689358234300116,0.4522242202083595,2.064577445614716,1.017698773882256,0.4255799149653236,0.4198132158390091,0.37960677364001494,0.6728258767321986,0.05
1624,0.40370000000000006,False,2,0.0,0.16019999999999998,0.932,71.2,0.0,0.0,0.0,1.7796346353299715,0.3328393521603314,1.7959886043257203,0.7856458828729476,0.2637460061778995,0.3207829102859152,0.21767879413233376,0.6530363823970012,0.05
1625,0.42515000000000003,False,2,0.0,0.24009999999999998,0.9332,80.75,0.0,0.0,0.0,1.8687467690242312,0.2036753302949079,1.7486638086945845,0.720667810290834,0.35040242773425206,0.23892801167903893,0.1900301996116209,0.5700905988348627,0.05
1626,0.44675000000000004,False,2,0.0,0.2375,0.869,53.25,0.0,0.0,0.0,2.0044512351152,0.405095057749426,2.07278656022249,1.0952142984886357,0.4528987982904085,0.38413891164321695,0.3033438009273447,0.6333671257578276,0.05
1627,0.3824,False,2,0.0,0.1391,0.9249,74.8,0.0,0.0,0.0,1.8110261640957404,0.37958461471559335,1.905799395291924,0.8215975010083473,0.276718667082344,0.35385758559281943,0.2844436606257332,0.6334926952630011,0.05
1628,0.37905,False,2,0.0,0.1417,0.9366,80.05,0.0,0.0,0.0,1.7968531553165725,0.3054453054635509,1.6558111119405532,0.33565731612761207,0.25998105412416594,0.28811087797173296,0.07980000022823788,0.23940000068471365,0.05
1629,0.39059999999999995,False,2,0.0,0.19790000000000002,0.8631,69.95,0.0,0.0,0.0,2.0401251616421194,0.5688520217695666,2.1064033914934894,1.1483873032909901,0.42620370745248,0.41812773947401816,0.3661723549929648,0.6984580065853724,0.05
1630,0.40905,False,2,0.0,0.14850000000000002,1.0,82.6,0.0,0.0,0.0,1.730375584317263,0.15546185180211783,1.5296085074742645,0.07239328735292773,0.2001965994689899,0.1444077684312442,0.017000000000000525,0.05100000000000158,0.05
1631,0.39549999999999996,False,2,0.0,0.15750000000000003,0.9357,75.55,0.0,0.0,0.0,1.8309434144733623,0.29873098727418906,1.6288789062498785,0.341232983835046,0.27885521669440855,0.27787692333163105,0.08210000000000078,0.2390566669223024,0.05
1632,0.3788,False,2,0.0,0.1658,0.9390000000000001,86.8,0.0,0.0,0.0,1.8677782901712092,0.4731761942498997,1.7535294606251721,0.6517456886174259,0.3121106675900459,0.40653489314820523,0.18026715072025387,0.5408014521607616,0.05
1633,0.33764999999999995,False,2,0.0,0.16560000000000002,0.8696999999999999,90.0,0.0,0.0,0.0,1.8694697514641205,0.4018079437820713,2.2588460722268504,1.4836926860710482,0.34072627083966367,0.3935962485133902,0.3871813112312191,0.7748487913647163,0.05
1634,0.38439999999999996,False,2,0.0,0.1396,1.0,92.7,0.0,0.0,0.0,1.7372867087103163,0.18694970209048453,1.537900000020747,0.0532718500275415,0.19392022376423163,0.15038052238340646,2.561496501862935e-204,0.0,0.05
1635,0.3587,False,2,0.0,0.1515,0.8859,80.0,0.0,0.0,0.0,1.868947575887334,0.49725130836085707,1.851343512395585,0.654137923996877,0.32054770011095124,0.4227117662406139,0.24815689050537407,0.5099271330496413,0.05
1636,0.41174999999999995,False,2,0.0,0.19610000000000002,1.0,93.15,0.0,0.0,0.0,1.8353223061701158,0.21165318018400864,1.5280999999999998,0.045242568450520125,0.26694661883789583,0.15749290277912856,6.688871216740051e-199,0.0,0.05
1637,0.3309,False,2,0.0,0.10490000000000002,0.9307000000000001,93.45,0.0,0.0,0.0,1.7423649358941546,0.3286910092728517,1.8591629018726032,0.9927375811236173,0.20920698386949446,0.30920568036895774,0.16886293353271825,0.5065888005981547,0.05
1638,0.3758,False,2,0.0,0.13269999999999998,0.9400999999999999,80.3,0.0,0.0,0.0,1.7523835263448795,0.28227241893033217,1.7866024890058978,0.7387256832226607,0.2207873590826283,0.26049933188370966,0.16187698695545444,0.48098240562128003,0.05
1639,0.4039,False,2,0.0,0.1678,1.0,90.0,0.0,0.0,0.0,1.7521706510490014,0.17455579067641977,1.5233,0.0448242122072435,0.21742938510275023,0.150739033442463,1.5951405101587928e-205,0.0,0.05
1640,0.36460000000000004,False,2,0.0,0.12210000000000001,0.9273,80.05,0.0,0.0,0.0,1.7690475544160047,0.27483702638104407,1.8876189214282875,0.8082442103495945,0.24777137391675588,0.29099028557629397,0.28291281045521843,0.6294353655384344,0.05
1641,0.37454999999999994,False,2,0.0,0.1578,0.9362999999999999,86.25,0.0,0.0,0.0,1.831719479281696,0.42011440172199915,1.8082350194419088,0.812277638270194,0.27996126562846146,0.35342466267670375,0.21733501944190897,0.652005058325727,0.05
1642,0.36735000000000007,False,2,0.0,0.11810000000000001,1.0,95.85,0.0,0.0,0.0,1.6917906626768595,0.1781447433151061,1.5472777800148976,0.04408567054220802,0.1601491455356067,0.141608438441697,0.014200000000001056,0.02178898804442441,0.05
1643,0.3919499999999999,False,2,0.0,0.12169999999999999,1.0,84.45,0.0,0.0,0.0,1.7239005843296638,0.25355943750049376,1.5044,0.010081666528902822,0.17306951603723028,0.17724860492526967,8.977650997473035e-191,0.0,0.05
1644,0.364,False,2,0.0,0.11040000000000001,0.9376,80.0,0.0,0.0,0.0,1.7395339041847149,0.34614034307942915,1.7956606907991202,0.8184192512175408,0.22082006799866222,0.34421006910633073,0.22396069079912007,0.6718820723973601,0.05
1645,0.38525,False,2,0.0,0.1911,0.8752000000000001,73.95,0.0,0.0,0.0,1.9792293109852064,0.5250338504229252,1.908176683393446,0.8768538882583493,0.4116124225444743,0.442611950541939,0.2699213624626249,0.5939076259677243,0.05
1646,0.4194,False,2,0.0,0.15889999999999999,0.9198999999999999,60.0,0.0,0.0,0.0,1.8256073310508758,0.3721710792034821,2.130211030106805,1.448903655010104,0.2898642219084264,0.3456935067469305,0.27979991864601317,0.6207995490573437,0.05
1647,0.4334,False,2,0.0,0.1971,0.9373000000000001,66.9,0.0,0.0,0.0,1.8706457865657111,0.31513731680582896,1.6794380631075583,0.3332941555840203,0.32559996199001634,0.30749079411303576,0.10760048996838631,0.2365783518213515,0.05
1648,0.36834999999999996,False,2,0.0,0.13730000000000003,1.0,100.15,0.0,0.0,0.0,1.723522033410936,0.11988937104670465,1.5186,0.03354757815401882,0.1842387333331832,0.09691135302539451,1.4613138824308118e-238,0.0,0.05
1649,0.35735,False,2,0.0,0.1147,1.0,100.0,0.0,0.0,0.0,1.6689365627945911,0.11872365094715437,1.5320000603569879,0.04009234511955574,0.1457552055950276,0.09647000243809312,5.940911053299973e-214,0.0,0.05
1650,0.31129999999999997,False,2,0.0,0.08800000000000001,0.9346,100.0,0.0,0.0,0.0,1.7163438399609852,0.30661255504178997,1.770540763301859,0.6964640458957172,0.1865452190598764,0.3064900644086577,0.17896298524857487,0.5210855056685709,0.05
1651,0.36845000000000006,False,2,0.0,0.1627,0.9348000000000001,90.15,0.0,0.0,0.0,1.8383435048464751,0.26630506352265054,1.6533180564308185,0.3414676143200308,0.2992593448462736,0.27528816298837766,0.08120000008767236,0.23831441443046605,0.05
1652,0.40625,False,2,0.0,0.1457,0.9719999999999999,76.3,0.0,0.0,0.0,1.7395462659961485,0.20023739946953006,1.6364789062500023,0.3394831805586548,0.2207183330073082,0.17962489091685827,0.08210000000000137,0.23905666692230418,0.05
1653,0.3516999999999999,False,2,0.0,0.1296,0.9347999999999999,90.25,0.0,0.0,0.0,1.7805961981801726,0.348822733735186,1.645240788931935,0.3411037243052826,0.2418861353065747,0.3253610599841153,0.08653616418011605,0.2384218860073381,0.05
1654,0.4243,False,2,0.0,0.1286,1.0,70.0,0.0,0.0,0.0,1.680661444736522,0.10408040060131797,1.502600000003845,0.007799999998718306,0.16351938132905955,0.11391118956296008,4.450872799607251e-207,0.0,0.05
1655,0.42364999999999997,False,2,0.0,0.16729999999999998,1.0,80.0,0.0,0.0,0.0,1.7184656604736488,0.13585897808534764,1.5452666666853656,0.09486045891188936,0.2003385080403977,0.1334413767635831,0.02030000000000055,0.06090000000000166,0.05
1656,0.38715,False,2,0.0,0.18259999999999998,0.9301,84.6,0.0,0.0,0.0,1.8539241729837024,0.3878604252349729,1.7718866327271556,0.8034818429748726,0.31998129964080957,0.34890703328804606,0.17906670026392726,0.5345387554578963,0.05
1657,0.3637,False,2,0.0,0.12840000000000001,1.0,100.25,0.0,0.0,0.0,1.6870271189466486,0.12056971554612111,1.5344000000000002,0.04224973372697159,0.1668144417274851,0.10866624524993453,1.6493366448010255e-230,0.0,0.05
1658,0.38664999999999994,False,2,0.0,0.1971,0.8705999999999999,73.6,0.0,0.0,0.0,1.8978862268742795,0.39572703940739623,1.9841082802086305,1.0221219510555017,0.38260577613793056,0.4038565917278302,0.25308694084973243,0.5479833775869932,0.05
1659,0.3697000000000001,False,2,0.0,0.1656,0.9338000000000001,90.0,0.0,0.0,0.0,1.7572077459475737,0.2809398877166954,1.8162385076155787,0.790156002682053,0.25481122889640245,0.30067624822633415,0.11230000000000102,0.2606822011568876,0.05
1660,0.35090000000000005,False,2,0.0,0.159,0.9428000000000001,100.0,0.0,0.0,0.0,1.7954414550458613,0.3762117247000698,1.816879246321971,0.8179825998311051,0.2567921286864932,0.3197456307572344,0.16704651116546376,0.47380187648127947,0.05
1661,0.4151,False,2,0.0,0.2071,0.9291,76.5,0.0,0.0,0.0,1.9383165650120773,0.5094735996551837,1.8760400594551179,0.960331283277492,0.3636066477593799,0.3821831122824563,0.19587141116692885,0.572445209243084,0.05
1662,0.42025,False,2,0.0,0.16130000000000003,0.9356,64.1,0.0,0.0,0.0,1.771501016389145,0.25369232809660647,1.6714999999999876,0.34023854467700293,0.25428162973919666,0.26643325342360347,0.10330000000000088,0.2421669052533821,0.05
1663,0.38939999999999997,False,2,0.0,0.17629999999999998,0.9307000000000001,82.05,0.0,0.0,0.0,1.811636427896681,0.2864309800797247,1.7359488619945591,0.6738013978301517,0.2866125920711358,0.29310071223883044,0.18774036476576436,0.5618890265375479,0.05
1664,0.35029999999999994,False,2,0.0,0.19790000000000002,0.8610999999999999,89.6,0.0,0.0,0.0,2.0533991915218452,0.6213051577965103,2.2579154474932914,1.4548571424169334,0.4456006969836624,0.4551652591099754,0.36731544749329104,0.7351302880182634,0.05
1665,0.4139500000000001,False,2,0.0,0.18359999999999999,0.9335000000000001,72.3,0.0,0.0,0.0,1.8469083533312503,0.3194444181061559,1.7830601776463713,0.7018955016174125,0.30660513488619145,0.3144308265755701,0.21173747309082208,0.6352124192724663,0.05
1666,0.39349999999999996,False,2,0.0,0.1854,0.9296,82.0,0.0,0.0,0.0,1.929745795977034,0.5451714550101784,1.8356831002392293,0.9741461037831065,0.3498165775944695,0.40271752490715534,0.22165820565723787,0.6649746169717137,0.05
1667,0.45309999999999995,False,2,0.0,0.25680000000000003,0.8141999999999999,41.2,0.0,0.0,0.0,2.1481379985731515,0.6178246597020542,2.2324887775509064,1.1878200109865862,0.5356355176155502,0.4624728778208255,0.43834274333768697,0.7184675635835837,0.05
1668,0.3665,False,2,0.0,0.15150000000000002,0.9414999999999999,90.0,0.0,0.0,0.0,1.8130231398617536,0.3862542462239759,1.6487392405934969,0.33951090490222063,0.26206900995771665,0.3070077997261177,0.08040000000000098,0.23920668886969015,0.05
1669,0.4326,False,2,0.0,0.2183,0.9425000000000001,73.9,0.0,0.0,0.0,1.9587696341352714,0.41984055333943177,1.830562618201246,0.796924705177854,0.3627320324668518,0.3270231715407775,0.225384840423468,0.6093794414455993,0.05
1670,0.35855,False,2,0.0,0.1533,0.8652000000000001,75.35,0.0,0.0,0.0,1.9576310874509493,0.580730175671254,2.1467753023376828,1.2068945555148831,0.3926487522578544,0.4837483225179927,0.3315654770971983,0.714998027254743,0.05
1671,0.39860000000000007,False,2,0.0,0.11860000000000001,1.0,80.35,0.0,0.0,0.0,1.6777691186559092,0.1067922431136673,1.5819888888888902,0.1954424069756765,0.16195749100678522,0.09827846241658818,0.046000000000000894,0.1380000000000027,0.05
1672,0.37810000000000005,False,2,0.0,0.11620000000000001,1.0,90.0,0.0,0.0,0.0,1.6685831013606034,0.08147476349059596,1.59857795138889,0.12236643937936224,0.15105529580115157,0.0913303103704133,0.027700000000000762,0.0831000000000023,0.05
1673,0.40670000000000006,False,2,0.0,0.21509999999999999,0.9375,84.8,0.0,0.0,0.0,1.861390178805418,0.26773455294284937,1.8334999227046551,0.771039140516669,0.32877892786633967,0.2751048227457905,0.20669728799180992,0.5786849004791963,0.05
1674,0.3906,False,2,0.0,0.14120000000000002,1.0,90.0,0.0,0.0,0.0,1.6686565659612707,0.0667518359907887,1.5305023048294915,0.03984432731405398,0.15925386916148015,0.07274338836065737,2.576459484090681e-232,0.0,0.05
1675,0.32885,False,2,0.0,0.2305,0.7232,74.0,0.0,0.0,0.0,2.2104924671511412,0.633221323790662,2.7614792525605236,1.5912073814765104,0.6061768416920991,0.5248722869544171,0.7786990328479202,0.9561841754853303,0.05
1676,0.41800000000000004,False,2,0.0,0.1613,0.9547000000000001,70.0,0.0,0.0,0.0,1.7682369353059788,0.21672299605234807,1.633511200045215,0.3397975780232512,0.24909649525955077,0.21527228878089652,0.07980000000000019,0.23940000000000056,0.05
1677,0.33355,False,2,0.0,0.1603,0.866,89.8,0.0,0.0,0.0,2.005115710840922,0.6185841018978788,2.119758949394922,1.2795134003848623,0.4022827109079773,0.47758707754554475,0.34145894940519,0.6891814560173665,0.05
1678,0.35275,False,2,0.0,0.1145,0.9538,90.7,0.0,0.0,0.0,1.7431501093608066,0.19621078030002573,1.6401111111138444,0.3374470493437711,0.19824469722642607,0.1661697484861733,0.08600000000000108,0.23805209513886028,0.05
1679,0.3761,False,2,0.0,0.1573,0.9340999999999999,84.8,0.0,0.0,0.0,1.7731104926374712,0.25519250724047715,1.8571071494301148,0.7607073452213211,0.2583197114014172,0.2743378727849387,0.23799603831900348,0.5804932127447086,0.05
1680,0.43455,False,2,0.0,0.24209999999999993,0.8644000000000001,59.35,0.0,0.0,0.0,2.0312838330419725,0.382006470503819,2.135428616733768,1.1992946478619995,0.4556745286135927,0.35768446982473545,0.4075976646356681,0.815212725054213,0.05
1681,0.3583,False,2,0.0,0.1166,1.0,100.0,0.0,0.0,0.0,1.6897333311236313,0.15084896661826097,1.5264,0.03123203483604615,0.16129345511682386,0.13461125295325616,2.9036683305513194e-217,0.0,0.05
1682,0.4308,False,2,0.0,0.1524,0.9763999999999999,66.8,0.0,0.0,0.0,1.784933725733619,0.17035150313831085,1.6223111111111124,0.3429770060319927,0.23878406471139896,0.13144648217360622,0.079800000000001,0.23940000000000297,0.05
1683,0.35714999999999997,False,2,0.0,0.1377,0.9338,89.3,0.0,0.0,0.0,1.8007758671367138,0.42739478185334084,1.8308526063751844,0.9380902778604058,0.2640760564727066,0.35892913643013585,0.20611721518880716,0.6183516455664214,0.05
1684,0.32759999999999995,False,2,0.0,0.1116,0.9436,100.0,0.0,0.0,0.0,1.7516223515352376,0.36515614115485134,1.7672521075222818,0.7637954019538126,0.20203647462182922,0.3017252838611993,0.093,0.279,0.05
1685,0.35055000000000003,False,2,0.0,0.1335,0.9282,90.15,0.0,0.0,0.0,1.847186354090161,0.5109810514007213,1.87604354493624,1.0561430139326111,0.2895418776429157,0.4229756864004003,0.21875750886213613,0.6489723405216687,0.05
1686,0.42455000000000004,False,2,0.0,0.19550000000000003,0.9368000000000001,70.8,0.0,0.0,0.0,1.826594009406731,0.2523771855779906,1.7673693804983386,0.7586678931615528,0.29989329832023653,0.2580680421975954,0.18634602980389403,0.5517437449592804,0.05
1687,0.33415,False,2,0.0,0.14009999999999997,0.9286,100.1,0.0,0.0,0.0,1.8461887287705543,0.46558530181305235,1.8509953956703942,0.9046575391503979,0.283974503723246,0.36799348765195483,0.2138633762014019,0.6415901286042057,0.05
1688,0.4063,False,2,0.0,0.1326,1.0,80.0,0.0,0.0,0.0,1.7031281352212115,0.16843016319063925,1.55268888888889,0.11760302339273337,0.17893367175335392,0.14030135667078736,0.02800000000000068,0.08400000000000203,0.05
1689,0.34395,False,2,0.0,0.12200000000000003,0.8714999999999999,76.4,0.0,0.0,0.0,1.8198952946317912,0.3983032766770989,1.9028848025988452,0.7776924890539285,0.29788283642115493,0.40513706440839004,0.30589591370995584,0.6511786354275285,0.05
1690,0.39349999999999996,False,2,0.0,0.10700000000000001,1.0,80.0,0.0,0.0,0.0,1.64606810421527,0.0652398822781991,1.5246918402777787,0.03290496324529359,0.1321230616060736,0.0803816339193937,0.001300000000000381,0.003900000000001143,0.05
1691,0.33045,False,2,0.0,0.1466,0.8753,90.25,0.0,0.0,0.0,1.9002390126473805,0.48030418164711436,1.9873971457612583,1.0356708409014428,0.33089934408732014,0.40194756175946905,0.19090000000000015,0.3880815507080956,0.05
1692,0.3716,False,2,0.0,0.20029999999999998,0.8021,64.8,0.0,0.0,0.0,2.0257951278071844,0.5010239311633955,2.24532251147244,1.0329753407271158,0.48590187992544787,0.46324504549956774,0.3080000000000015,0.3794477566147941,0.05
1693,0.4101,False,2,0.0,0.15059999999999998,1.0,82.6,0.0,0.0,0.0,1.7297616923452448,0.1690478367323573,1.5204000000002496,0.049079934800950374,0.19454555204150767,0.13327944172289674,9.903079911209451e-207,0.0,0.05
1694,0.4214,False,2,0.0,0.1742,0.8686,50.0,0.0,0.0,0.0,1.8828129133859428,0.42833907576861413,2.0100713752339603,0.969776529902833,0.34881196675370985,0.39361500051601217,0.2832975929877329,0.5637329283709352,0.05
1695,0.4377,False,2,0.0,0.15540000000000004,1.0,70.0,0.0,0.0,0.0,1.7395953149643073,0.14345710542622186,1.5446501851399757,0.040286658282134,0.2088919701238245,0.12838093499658765,0.0015000000000003836,0.004500000000001151,0.05
1696,0.37434999999999996,False,2,0.0,0.18649999999999997,0.9334,92.8,0.0,0.0,0.0,1.855229657938026,0.31443354288805087,1.7673682548878848,0.7249014486180909,0.3047904249830878,0.2837620456819992,0.1669041133332404,0.5007123399997212,0.05
1697,0.3979999999999999,False,2,0.0,0.19129999999999997,0.9369,83.05,0.0,0.0,0.0,1.8668158573670344,0.3194442382693897,1.8022943812602754,0.7348948921023104,0.3143349063573066,0.3066474864099994,0.19889438126027534,0.596683143780826,0.05
1698,0.39205,False,2,0.0,0.10429999999999999,1.0,80.05,0.0,0.0,0.0,1.670739377550999,0.13309251733404404,1.5399006529808044,0.06263037017520902,0.12859200364271461,0.0982325379574309,4.426852580170983e-219,0.0,0.05
1699,0.39675,False,2,0.0,0.1391,1.0,86.4,0.0,0.0,0.0,1.6981940754241502,0.13673596288028284,1.570788888888893,0.0923207031072843,0.1776700472495952,0.12391377456126028,0.010900000000000631,0.0327000000000019,0.05
1700,0.35805000000000003,False,2,0.0,0.14150000000000001,0.9346,90.0,0.0,0.0,0.0,1.7510430034449604,0.3379313475836055,1.8159683368688615,0.7312391291372686,0.23661306487995684,0.31883385236482176,0.18200609106293408,0.5192607781469336,0.05
1701,0.38594999999999996,False,2,0.0,0.13190000000000002,1.0,90.0,0.0,0.0,0.0,1.705511746076197,0.15875237725673544,1.5050000000000001,0.012296340919151494,0.17144269999779227,0.13246008068450468,1.456589784535109e-210,0.0,0.05
1702,0.41639999999999994,False,2,0.0,0.16699999999999998,0.9346,67.2,0.0,0.0,0.0,1.7870851796203269,0.3278183166889147,1.7319839768511813,0.6265216294707735,0.2774049341579174,0.3322672373453431,0.1648123923997551,0.4944371771992653,0.05
1703,0.37705,False,2,0.0,0.1125,1.0,89.6,0.0,0.0,0.0,1.7032533922087836,0.186641755198354,1.5446555555557482,0.07219896121150643,0.16303129318282616,0.1471805786923648,0.02400000000000091,0.05295280917949669,0.05
1704,0.39435,False,2,0.0,0.10870000000000002,1.0,80.0,0.0,0.0,0.0,1.6444643682571276,0.07408092588095148,1.5424555813270455,0.05206492894909486,0.13038858386877994,0.0843244373685802,0.0034000000000003324,0.010200000000000998,0.05
1705,0.39949999999999997,False,2,0.0,0.11900000000000002,1.0,80.0,0.0,0.0,0.0,1.648455096658798,0.08323281989802615,1.5478000000027325,0.03869832037968534,0.14456954127280888,0.09032869229866361,0.006200000000000458,0.018600000000001372,0.05
1706,0.376,False,2,0.0,0.12499999999999997,1.0,93.25,0.0,0.0,0.0,1.6985990890837583,0.14099036465406573,1.5143,0.02863581673359433,0.15315698495107502,0.11412803403891848,5.801670975842673e-217,0.0,0.05
1707,0.35515,False,2,0.0,0.17270000000000002,0.9376,100.0,0.0,0.0,0.0,1.8102485021031476,0.35908683909283196,2.0078333119567766,1.415728741170838,0.2848545229814831,0.3241415023365016,0.19999997862344304,0.5999999358703291,0.05
1708,0.40035,False,2,0.0,0.1207,1.0,80.0,0.0,0.0,0.0,1.6660227668825491,0.13708296172535298,1.5333778108384901,0.039523263031273057,0.14947401154848713,0.13270587635180672,0.008400000000000815,0.025200000000001072,0.05
1709,0.3859,False,2,0.0,0.17320000000000002,1.0,100.35,0.0,0.0,0.0,1.7635346986327007,0.14097573272750136,1.5207555556297305,0.023592936955853225,0.21742339643122865,0.09621259658751015,0.005200000000000358,0.015600000000001073,0.05
1710,0.44585,False,2,0.0,0.19360000000000002,0.8581,40.0,0.0,0.0,0.0,1.9323488162050613,0.44335591485882175,2.145225374424008,1.0185859404555,0.3935612038608279,0.42671989412207884,0.47768092997954026,0.79192970600839,0.05
1711,0.394,False,2,0.0,0.17359999999999998,0.9352,80.2,0.0,0.0,0.0,1.8212878301166995,0.2765495053587357,1.7280097647569228,0.6510372684737145,0.290960438925183,0.28918098689477617,0.17719916473555394,0.5315974942066619,0.05
1712,0.3113,False,2,0.0,0.1627,0.8549,98.75,0.0,0.0,0.0,2.0108430407905726,0.6403288800245213,2.167541477337477,1.2419395012924606,0.39410787392810576,0.4635053659006286,0.323405015106052,0.6426508809339068,0.05
1713,0.44599999999999995,False,2,0.0,0.1975,0.9344999999999999,60.0,0.0,0.0,0.0,1.7982431168558004,0.2600881564902864,1.827622702915876,0.8551536387955985,0.2937140658983791,0.27718344864214334,0.124,0.37200000000000005,0.05
1714,0.3826,False,2,0.0,0.20040000000000005,0.9324,91.9,0.0,0.0,0.0,1.8900154391771526,0.27828810905195783,1.7542379482423207,0.6808142439880533,0.33740715437841934,0.2724290084262566,0.18123794824232087,0.5437138447269627,0.05
1715,0.36265,False,2,0.0,0.10289999999999999,1.0,94.4,0.0,0.0,0.0,1.6814745126710815,0.159311580122767,1.525346006944445,0.04035524612771251,0.1414428347596047,0.1251542202272175,0.003900000000000461,0.011700000000001381,0.05
1716,0.38484999999999997,False,2,0.0,0.12969999999999998,1.0,90.0,0.0,0.0,0.0,1.708212174850106,0.18339204989066718,1.5263000001909202,0.05401860837406177,0.17941331233144245,0.1480406157809218,4.757370202938683e-213,0.0,0.05
1717,0.37549999999999994,False,2,0.0,0.16310000000000002,0.9347,86.7,0.0,0.0,0.0,1.8028971280094186,0.2831237222130647,1.7895192541883618,0.7998716726298383,0.2809630188626868,0.2935102540165155,0.21151925271074695,0.6345577581322409,0.05
1718,0.38195,False,2,0.0,0.1447,1.0,95.2,0.0,0.0,0.0,1.7158931170929854,0.14435274162417758,1.5292000000001236,0.05962180809102464,0.18807281349616195,0.13282154894147744,9.967195106051089e-207,0.0,0.05
1719,0.3832,False,2,0.0,0.10899999999999999,1.0,85.65,0.0,0.0,0.0,1.6838575419759505,0.11903861316719132,1.52200000000159,0.040686607133646614,0.1500732728298898,0.09928106646012684,9.96071302081822e-237,0.0,0.05
1720,0.379,False,2,0.0,0.16560000000000002,0.9364000000000001,86.0,0.0,0.0,0.0,1.8303112288126773,0.3080322491212218,1.6500913321495063,0.33830205104164013,0.2899752204726155,0.29122493563374585,0.07970000000000026,0.23910000000000076,0.05
1721,0.41054999999999997,False,2,0.0,0.1934,0.9365,77.2,0.0,0.0,0.0,1.8533933553108948,0.39543173009379856,1.7663409858132215,0.6850709689536698,0.31005629604732504,0.3408428373497135,0.1966357428957088,0.5899072286871263,0.05
1722,0.35835,False,2,0.0,0.1328,0.9439,90.0,0.0,0.0,0.0,1.7699450958618317,0.3371961092842488,1.6649163249936116,0.3406196012496225,0.2361112207202619,0.31560434469567616,0.0798000012999722,0.23940000389991659,0.05
1723,0.35340000000000005,False,2,0.0,0.1855,0.8653000000000001,86.0,0.0,0.0,0.0,1.967985024096004,0.5589868773559207,2.070658950680782,1.0588266140443057,0.41161578995903164,0.4736601678199465,0.3806975431131008,0.7691360365170269,0.05
1724,0.5014500000000001,False,2,0.0,0.2696,0.9333,50.0,0.0,0.0,0.0,1.9066843870543067,0.27300602074131397,1.784910679943014,0.7994477227241505,0.3811642171760632,0.2694549213591296,0.22510970940985522,0.6753291282295656,0.05
1725,0.4062,False,2,0.0,0.1338,1.0,80.35,0.0,0.0,0.0,1.7151194093579203,0.17682321651960933,1.5424973958360653,0.0361889076958031,0.18110909693922075,0.1543276074672603,1.8744064957279605e-203,0.0,0.05
1726,0.36045000000000005,False,2,0.0,0.1251,0.9332,84.35,0.0,0.0,0.0,1.7680094557258328,0.3163350455634412,1.8177206277708708,0.8027285242449856,0.2412570142454781,0.3222496048129437,0.2218528326319818,0.6036567123712143,0.05
1727,0.37885,False,2,0.0,0.1371,1.0,94.85,0.0,0.0,0.0,1.7374507695844006,0.18169263339861993,1.5093000000000003,0.020765596548136964,0.19369415987767252,0.14976593522733792,1.1609010225381421e-216,0.0,0.05
1728,0.38684999999999997,False,2,0.0,0.13369999999999999,1.0,90.0,0.0,0.0,0.0,1.7055793383694209,0.1189939239514048,1.5792001146860508,0.06675897939962006,0.17841379118435208,0.11225688577252266,2.3207392277356475e-216,0.0,0.05
1729,0.32500000000000007,False,2,0.0,0.1095,0.8685,82.0,0.0,0.0,0.0,1.7640329996617292,0.33685455083513494,1.884020942621444,0.7509486478817236,0.2596833691591366,0.3619446856526117,0.2508148058748577,0.5415064725012021,0.05
1730,0.39959999999999996,False,2,0.0,0.1677,0.9355,76.0,0.0,0.0,0.0,1.8604420995908793,0.41401573607814346,1.634659613810434,0.34133229514724606,0.30840265497716035,0.3657415318993348,0.07990075283321227,0.23970225849963683,0.05
1731,0.3533,False,2,0.0,0.1105,0.9961,100.0,0.0,0.0,0.0,1.7092398527724135,0.2335530408326979,1.642823462759963,0.33764190726277427,0.166439764643399,0.16986321234701185,0.08510000000000123,0.23847115129508062,0.05
1732,0.40549999999999997,False,2,0.0,0.21680000000000002,0.8134,54.8,0.0,0.0,0.0,2.034103506100581,0.48880181026273994,2.312473283610717,1.2042345304167061,0.48186751088071994,0.4535966666919188,0.613357586957626,0.9462533402121072,0.05
1733,0.37039999999999995,False,2,0.0,0.12800000000000003,0.9328,80.0,0.0,0.0,0.0,1.834903110083546,0.4377178897233616,1.6606090512424097,0.3395012050630651,0.27598304399461926,0.3679794647978074,0.09455347183379058,0.2387180567181199,0.05
1734,0.4084,False,2,0.0,0.17570000000000002,0.9355,73.6,0.0,0.0,0.0,1.8477582113867932,0.3246192499358935,1.7980335598355297,0.7901901339280335,0.30490890937416704,0.31900951337288036,0.18840020692538167,0.529550466152334,0.05
1735,0.35314999999999996,False,2,0.0,0.10750000000000001,1.0,100.3,0.0,0.0,0.0,1.6444845188478727,0.10718432690719594,1.5251000000000001,0.03438444415720575,0.13074064456143494,0.10257975124744655,1.160320264842464e-216,0.0,0.05
1736,0.37615,False,2,0.0,0.19560000000000002,0.8107,63.5,0.0,0.0,0.0,1.9577393244303685,0.39764340225329686,2.0469556157499627,0.9661130575801914,0.4289139860824685,0.40516481163600937,0.33817561083259307,0.5759281143152102,0.05
1737,0.34430000000000005,False,2,0.0,0.16090000000000002,0.8013,68.4,0.0,0.0,0.0,1.9610454491274407,0.5534169745301264,2.218795727927876,1.038371613888436,0.44085605032454966,0.535077227460428,0.5322835658795071,0.7947959472995663,0.05
1738,0.39485000000000003,False,2,0.0,0.2671,0.7386,54.0,0.0,0.0,0.0,2.1787584815064323,0.4911864723727182,2.633575107926531,1.3386331591334304,0.6260665077788354,0.4699750405307302,0.799119271319985,0.9878254186507255,0.05
1739,0.41669999999999996,False,2,0.0,0.1627,0.9330999999999999,65.6,0.0,0.0,0.0,1.8097342296897956,0.3440291788576848,1.8752306192189259,1.016645811842848,0.2676655508159001,0.30713183941971656,0.17905095631424645,0.5371528689427393,0.05
1740,0.39674999999999994,False,2,0.0,0.1803,0.938,81.2,0.0,0.0,0.0,1.7980588850157528,0.3117270888489263,1.6939413317346452,0.42161308057077973,0.27402216455384115,0.29794528664676445,0.14014133173464388,0.3497260001127888,0.05
1741,0.3599,False,2,0.0,0.1739,0.8667,80.2,0.0,0.0,0.0,1.8991209368022475,0.4216894995955571,2.0602781473075984,1.0141971027837176,0.35752335714887684,0.4023500268437952,0.4149225917520424,0.8050023384420286,0.05
1742,0.40485000000000004,False,2,0.0,0.19470000000000004,0.8612,61.55,0.0,0.0,0.0,1.9389050385820945,0.36478099948862713,2.0022410429273227,0.814199639144147,0.3979213227459889,0.3660914739553084,0.3285838879910282,0.5522042926267557,0.05
1743,0.4222,False,2,0.0,0.1648,1.0,80.1,0.0,0.0,0.0,1.744764508442173,0.16968569585031287,1.5272000000000001,0.04605822402134068,0.20419568697819482,0.14744177981130874,1.7257287788009457e-196,0.0,0.05
1744,0.43165,False,2,0.0,0.1433,1.0,70.0,0.0,0.0,0.0,1.7118637580152023,0.13530170432518054,1.5048,0.011223190277278545,0.190552377398352,0.13446972945015767,1.3396323857933227e-208,0.0,0.05
1745,0.40779999999999994,False,2,0.0,0.1453,0.9904999999999999,80.05,0.0,0.0,0.0,1.7334893819559476,0.18657307806655565,1.6525000000054206,0.3412612020491112,0.20528501960755233,0.15213051250838122,0.08620000000000132,0.23803268683103415,0.05
1746,0.36915,False,2,0.0,0.18039999999999998,0.8747,79.2,0.0,0.0,0.0,1.9740194966788498,0.5643248086435108,1.9638984237404,0.8707274863917547,0.4102996950797233,0.4805993514144962,0.29189825055164476,0.6122484479720537,0.05
1747,0.40915,False,2,0.0,0.18780000000000002,0.8681000000000001,59.4,0.0,0.0,0.0,1.9014716661904103,0.3807826288077088,2.0076708840115987,0.9461602426181369,0.36718592982995757,0.3863298676239198,0.35388940886054343,0.7078149141514068,0.05
1748,0.35855,False,2,0.0,0.11710000000000001,1.0,100.0,0.0,0.0,0.0,1.6633407365840824,0.08333525434832427,1.5430390625000006,0.05030321791804501,0.1441404348712364,0.09109834320969,0.006500000000000455,0.019500000000001363,0.05
1749,0.4196000000000001,False,2,0.0,0.12600000000000003,1.0,71.7,0.0,0.0,0.0,1.6919996930464767,0.13020833308980548,1.522800116549598,0.032062095929308206,0.1649003301429659,0.10987738699633448,4.781343737700862e-207,0.0,0.05
1750,0.4407500000000001,False,2,0.0,0.21789999999999998,0.9442,70.15,0.0,0.0,0.0,1.8730956564787342,0.2373346883538642,1.7610151199049349,0.7360328365083229,0.33959306185469723,0.24864159633119462,0.18441511888768208,0.5387384283742009,0.05
1751,0.3519,False,2,0.0,0.2286,0.7312,64.0,0.0,0.0,0.0,2.2222115458714087,0.6429517097171358,2.6966892906480644,1.4704343062205054,0.6198945303600684,0.541374306100133,0.734750714397218,0.9040128010508683,0.05
1752,0.3781999999999999,False,2,0.0,0.17029999999999998,0.8673,70.3,0.0,0.0,0.0,1.8305936351597065,0.3531983352484074,2.077792230511186,1.106980455351556,0.33513520949532116,0.3752464421244088,0.358699176043294,0.7248054123463954,0.05
1753,0.39875,False,2,0.0,0.14930000000000002,1.0,87.95,0.0,0.0,0.0,1.7100708491282188,0.13229826523726707,1.5154999999999998,0.03313381958060377,0.1871470209315071,0.11533466434419345,9.967164311900152e-207,0.0,0.05
1754,0.3639,False,2,0.0,0.1284,1.0,100.15,0.0,0.0,0.0,1.7141270507641295,0.16721583482214064,1.557466678996981,0.07439940966196062,0.1748559932693707,0.13739138762603312,0.030000000000001404,0.0541996309950558,0.05
1755,0.36434999999999995,False,2,0.0,0.13479999999999998,0.9350999999999999,85.3,0.0,0.0,0.0,1.7594666095213067,0.2819100669236149,1.7380224628473127,0.4046457244068347,0.2451464037465513,0.28981618120459207,0.1440103843267832,0.29018236410676973,0.05
1756,0.3979499999999999,False,2,0.0,0.11589999999999998,1.0,80.0,0.0,0.0,0.0,1.6676052346369885,0.13522910445897096,1.5093000000004269,0.01618054387194879,0.14954135907679866,0.12761635809782187,6.070478974743495e-213,0.0,0.05
1757,0.44570000000000004,False,2,0.0,0.1562,1.0,66.2,0.0,0.0,0.0,1.7427726036540712,0.14526420992255942,1.5417000000000005,0.06094595966920213,0.21726626490531586,0.13485375034341948,6.795763625179466e-207,0.0,0.05
1758,0.3678,False,2,0.0,0.09660000000000002,1.0,90.25,0.0,0.0,0.0,1.6529234538816167,0.10320787768080203,1.5222000000000002,0.032473989591671686,0.13350070158495947,0.09318279165838517,5.0321466769307985e-235,0.0,0.05
1759,0.35345,False,2,0.0,0.13230000000000003,0.9346,90.0,0.0,0.0,0.0,1.739607743685582,0.3148278288633001,1.8146847249568876,0.8233886849791009,0.22832849715552594,0.3148492043220543,0.18981510317139874,0.5545715474510843,0.05
1760,0.38549999999999995,False,2,0.0,0.19039999999999999,0.8462,66.4,0.0,0.0,0.0,1.9572029464176215,0.4383356801070046,2.144768849590136,0.9738375674447104,0.4112670922250571,0.40815804364648955,0.47017300309801546,0.78956951413894,0.05
1761,0.37779999999999997,False,2,0.0,0.1556,1.0,100.0,0.0,0.0,0.0,1.7686786020292984,0.1761684034389759,1.516900123331282,0.018349242801594355,0.2229324590419212,0.13897562828077936,4.4263406841680903e-222,0.0,0.05
1762,0.4041499999999999,False,2,0.0,0.1523,1.0,86.0,0.0,0.0,0.0,1.7263000972760476,0.17423987396247792,1.5332000001430524,0.05471424767860943,0.19282390881134398,0.1380345168905554,0.017800000000000822,0.03964290604887747,0.05
1763,0.37305,False,2,0.0,0.10910000000000002,1.0,90.75,0.0,0.0,0.0,1.6750777712190654,0.1393551802474148,1.5297,0.03945643166836068,0.14517691837163188,0.11402326156750511,5.665694263765604e-220,0.0,0.05
1764,0.41494999999999993,False,2,0.0,0.1499,1.0,80.0,0.0,0.0,0.0,1.7275623779745863,0.13963517600071795,1.5128,0.02726829660979943,0.19889472807669054,0.12572068365611094,2.6128403101539035e-201,0.0,0.05
1765,0.31825000000000003,False,2,0.0,0.07120000000000001,0.9285,90.8,0.0,0.0,0.0,1.766233461382977,0.5459190228154476,1.791558073378472,0.8145650904102497,0.20104118988267766,0.40348072263814677,0.21987375689859273,0.6596212706957783,0.05
1766,0.3751,False,2,0.0,0.22290000000000001,0.8115,71.05,0.0,0.0,0.0,2.069851447881643,0.5794940528302056,2.375733635716768,1.274850043735353,0.4900556411037014,0.4931144970748111,0.6355549239143078,0.9728637665633448,0.05
1767,0.4292,False,2,0.0,0.23159999999999997,1.0,93.3,0.0,0.0,0.0,1.8747686834370771,0.15808239018892542,1.5378333333417462,0.06801360158199578,0.3023240439080183,0.11751552880145334,0.014600000000000491,0.04380000000000146,0.05
1768,0.38725,False,2,0.0,0.1557,1.0,95.3,0.0,0.0,0.0,1.8125045342977792,0.23572093131727398,1.5446000011627037,0.07985011112968698,0.24294116838289986,0.17841145029338296,5.2256806455422534e-201,0.0,0.05
1769,0.34059999999999996,False,2,0.0,0.1062,0.9349999999999999,90.0,0.0,0.0,0.0,1.7175574608688389,0.3041640910429544,1.8110862653543118,0.7842759138421375,0.20442372798281605,0.304723965819987,0.21088534941370937,0.6326560482411282,0.05
1770,0.34859999999999997,False,2,0.0,0.09720000000000002,1.0,100.0,0.0,0.0,0.0,1.6615992998179903,0.13289763156955983,1.5435000318721033,0.049244826155484304,0.13575641650442166,0.1168418774305302,1.3832261507987181e-222,0.0,0.05
1771,0.40579999999999994,False,2,0.0,0.2519,0.8733000000000001,78.4,0.0,0.0,0.0,1.986790210713065,0.35795593658331415,2.054675713346911,1.0570838392503703,0.43257616232947294,0.35135502781739014,0.3248345260033435,0.6937540251322003,0.05
1772,0.3598,False,2,0.0,0.1923,0.8664999999999999,84.8,0.0,0.0,0.0,1.9489527510163587,0.42883596961968407,1.8686844473030753,0.7827574913005094,0.3948979690516982,0.39345060524203157,0.27590954983911736,0.6100359626164618,0.05
1773,0.40870000000000006,False,2,0.0,0.1955,0.9291,76.8,0.0,0.0,0.0,1.901993727431882,0.4566019816979668,1.8400454306823364,0.9405226779913024,0.35668797514059014,0.375919212202072,0.21601100845265792,0.6480330253579738,0.05
1774,0.39695,False,2,0.0,0.13069999999999998,1.0,84.2,0.0,0.0,0.0,1.703010634554417,0.15495199486274175,1.5376999999999998,0.05048177889100189,0.16843419637964135,0.1334364661364646,3.0347212609662575e-202,0.0,0.05
1775,0.36749999999999994,False,2,0.0,0.12319999999999998,0.9318,80.0,0.0,0.0,0.0,1.7152895730399038,0.25472051565737813,1.7673090112650207,0.7097635362305852,0.2096360782717528,0.2774245570519234,0.19394234459835408,0.5367856562606901,0.05
1776,0.3717499999999999,False,2,0.0,0.1477,0.9381999999999999,85.6,0.0,0.0,0.0,1.7475776819319777,0.2916933859382977,1.829725968645009,0.8204872132208627,0.23638700765470305,0.2811600401401453,0.25317551767024843,0.6600809075066202,0.05
1777,0.36214999999999997,False,2,0.0,0.20549999999999996,0.8016,70.7,0.0,0.0,0.0,2.082008564063069,0.5217210990581814,2.2081533833111098,1.1495755470334843,0.48582158045148577,0.44149479105249595,0.42804323165520647,0.6978022740497006,0.05
1778,0.41809999999999997,False,2,0.0,0.17330000000000004,0.8753,53.1,0.0,0.0,0.0,1.8736447379648624,0.45924619836083014,1.9396408071027191,0.9357550139889196,0.3524878561963659,0.4245562376472621,0.2706857503044512,0.5960104563955032,0.05
1779,0.3750499999999999,False,2,0.0,0.1819,0.9123999999999999,86.05,0.0,0.0,0.0,1.9214829784869045,0.3785397503844359,2.22760516047562,1.4675651103176985,0.3635353501528868,0.34469249611328884,0.3575999175581061,0.6295480674221181,0.05
1780,0.38580000000000003,False,2,0.0,0.1636,0.9286,80.15,0.0,0.0,0.0,1.8876036477950322,0.5531995925018846,1.8833243472043013,0.945055742891582,0.3138130092663955,0.40334160884043874,0.19742434719835175,0.5922730415950552,0.05
1781,0.39535,False,2,0.0,0.2237,0.8086,60.4,0.0,0.0,0.0,2.079758876422871,0.5665872249785434,2.5591632357882674,1.632628008559082,0.5183209433796436,0.4975095664540905,0.5855515216747736,0.896189980261606,0.05
1782,0.43045,False,2,0.0,0.1809,1.0,80.0,0.0,0.0,0.0,1.7384700139578164,0.13534439835879092,1.52,0.03787611384500793,0.22178978418240414,0.11564686355721321,1.4504178339229801e-217,0.0,0.05
1783,0.33465000000000006,False,2,0.0,0.15760000000000002,0.9117000000000001,100.0,0.0,0.0,0.0,1.8909709900067753,0.4691221917654564,1.9312956003024904,0.9388560475535854,0.30729939703179937,0.37054910346282516,0.26305653356574105,0.5747270927089576,0.05
1784,0.4062999999999999,False,2,0.0,0.1973,0.9369,80.4,0.0,0.0,0.0,1.8363314107529507,0.3393654927544562,1.8477969120698414,0.9945638956020777,0.3048470882467638,0.31594566702547394,0.17027080074795262,0.5108124022438578,0.05
1785,0.4274,False,2,0.0,0.24010000000000004,0.9329000000000001,79.55,0.0,0.0,0.0,1.9135184311778708,0.3136502111909197,1.7686045915354929,0.7253293004705738,0.3848778575316453,0.3072630303121085,0.19001552542742478,0.5607753825795191,0.05
1786,0.4123,False,2,0.0,0.14459999999999998,1.0,80.0,0.0,0.0,0.0,1.7002711266544837,0.13592847251169235,1.5282,0.039295801302429274,0.17980002933322886,0.12533933896746574,4.797669341318267e-213,0.0,0.05
1787,0.3518,False,2,0.0,0.2332,0.7948000000000001,81.1,0.0,0.0,0.0,2.185703454423788,0.7031633308423687,2.343228063546184,1.2186621127109687,0.5741714152372325,0.5328153754992984,0.5135870643654742,0.8227061452394258,0.05
1788,0.34995000000000004,False,2,0.0,0.16810000000000003,0.8734,85.4,0.0,0.0,0.0,1.9553094422093775,0.5473364843019611,2.1805615803925473,1.3526114926086856,0.37235149532659345,0.4427552795141231,0.3727764435833383,0.7533718256887338,0.05
1789,0.37725,False,2,0.0,0.0835,1.0,82.25,0.0,0.0,0.0,1.6457118924185241,0.1481104691267334,1.5154999999999998,0.02943552275737598,0.11261094411561581,0.10722144187995371,9.359688144780765e-213,0.0,0.05
1790,0.38025,False,2,0.0,0.12789999999999999,0.9304,74.45,0.0,0.0,0.0,1.8071312734234417,0.3719219095233701,1.7778692848327826,0.7936812257775819,0.2507905203677456,0.34057773322236895,0.164935951499449,0.494807854498347,0.05
1791,0.37555000000000005,False,2,0.0,0.1495,0.9338000000000001,83.05,0.0,0.0,0.0,1.804292732244234,0.36675789491676575,1.7897221385204063,0.7801497998271509,0.2765881831036556,0.3549376010855403,0.18871818913253788,0.5661545673976137,0.05
1792,0.39549999999999996,False,2,0.0,0.11739999999999999,1.0,81.6,0.0,0.0,0.0,1.6901089712015291,0.13798855655890127,1.5573444451452143,0.0737458174604831,0.1595314322840303,0.12169685965329556,0.010800000000000438,0.03240000000000131,0.05
1793,0.39475000000000005,False,2,0.0,0.16030000000000003,0.9301999999999999,75.25,0.0,0.0,0.0,1.9128475906412,0.5581567469484904,1.7664698193624844,0.7399321638302081,0.31534599451331735,0.3911983034591276,0.18736981936248392,0.5621094580874518,0.05
1794,0.36735,False,2,0.0,0.1426,0.9359,85.95,0.0,0.0,0.0,1.7706855322928554,0.2794215060495642,1.8167011068996337,0.8729334464746158,0.23919593894355393,0.2775611772671504,0.15925407977553035,0.477762239326591,0.05
1795,0.38359999999999994,False,2,0.0,0.22840000000000002,0.8635999999999999,81.2,0.0,0.0,0.0,2.030835288648887,0.49998717753572625,1.9861901493062362,0.9534271919839417,0.46126649382645935,0.44380485433285183,0.3902487948693359,0.7914749614231609,0.05
1796,0.35164999999999996,False,2,0.0,0.10330000000000002,1.0,100.0,0.0,0.0,0.0,1.6561853685572125,0.07024661619025505,1.5380515405337023,0.049667096724405675,0.1307185014255828,0.07697287662058898,0.006100000000000449,0.018300000000001346,0.05
1797,0.3454,False,2,0.0,0.1839,0.8748999999999999,92.0,0.0,0.0,0.0,1.886849308849356,0.4291840675455201,2.0799218217220585,1.1010239994977842,0.3582973420204726,0.4147925114697333,0.38621196116311873,0.7451607901912087,0.05
1798,0.4275,False,2,0.0,0.17719999999999997,0.8959999999999999,54.55,0.0,0.0,0.0,1.90770139448107,0.2932115110005724,1.9816964255451481,0.7847764790246663,0.3500385736660009,0.2829870237015281,0.331447735511801,0.5591383953534327,0.05
1799,0.3841,False,2,0.0,0.12840000000000001,1.0,90.05,0.0,0.0,0.0,1.7236198033911787,0.16208884038026997,1.551080035083627,0.07890961754411131,0.1812626986127656,0.13432163407109204,0.016800000000000523,0.05040000000000157,0.05
1800,0.4032,False,2,0.0,0.1887,0.9343,79.15,0.0,0.0,0.0,1.8045309865764565,0.3020155733174626,1.8038959681786841,0.7903917022692233,0.2885612220256602,0.3061959143033826,0.089,0.267,0.05
1801,0.40075000000000005,False,2,0.0,0.20739999999999997,0.8745,70.1,0.0,0.0,0.0,1.9487895411853948,0.4545291522171887,2.034911948417057,0.9483736833092667,0.41476579514913875,0.4176795491260527,0.3821452108126798,0.7666252254959286,0.05
1802,0.4019499999999999,False,2,0.0,0.1795,0.9283999999999999,76.0,0.0,0.0,0.0,1.9295157072126206,0.5684591284514324,1.9163937446268968,1.0727335986514035,0.34790139914425255,0.4097740952410237,0.21848849458861577,0.6428986505038411,0.05
1803,0.34865,False,2,0.0,0.12489999999999998,0.9332,90.2,0.0,0.0,0.0,1.7725572670818237,0.3327576108888081,1.626663886742334,0.342495113333932,0.23849935794354535,0.32673401798786367,0.0826029670687117,0.23862163640613915,0.05
1804,0.37909999999999994,False,2,0.0,0.1749,0.9289,86.4,0.0,0.0,0.0,1.899013959749518,0.47911049862774485,1.955724354414582,1.3213306202329476,0.3251263296181324,0.3749427075116582,0.20699679110977892,0.5980213148478389,0.05
1805,0.36634999999999995,False,2,0.0,0.188,0.8658999999999999,80.3,0.0,0.0,0.0,1.91796183290833,0.3548097385649692,1.7708765350874205,0.44319997799797417,0.3799805882288414,0.35362896500717517,0.1750296753413964,0.3137495483507686,0.05
1806,0.43405000000000005,False,2,0.0,0.21480000000000002,0.9333,70.0,0.0,0.0,0.0,1.8942254534672198,0.354195966352108,1.7826519879657912,0.7751028360158416,0.3576415032976298,0.34821854665611746,0.22429009560468033,0.6728702868140409,0.05
1807,0.3556499999999999,False,2,0.0,0.0976,0.9337,80.0,0.0,0.0,0.0,1.7272892416952086,0.32123721150082235,1.6324116940931337,0.34076287439400754,0.20994427667433063,0.3238321905507468,0.08240010894472712,0.238983254935757,0.05
1808,0.3209,False,2,0.0,0.14830000000000002,0.8693,93.95,0.0,0.0,0.0,1.941658069776651,0.579903575306262,2.2882618727574666,1.541022005046226,0.37328199757241015,0.5036616172355248,0.43655725474738094,0.8327978765582738,0.05
1809,0.33319999999999994,False,2,0.0,0.18069999999999997,0.8025,79.2,0.0,0.0,0.0,2.0337160539983703,0.6483653258576066,2.205241755341786,1.1111171981096708,0.46285047156164005,0.5273578137908026,0.4170541078557618,0.7155669777244612,0.05
1810,0.34955,False,2,0.0,0.1464,0.8654999999999999,78.2,0.0,0.0,0.0,1.9371966454210139,0.5370047249286812,2.2250690277457155,1.394102484176489,0.3690452493943016,0.46579223750136756,0.3843692476160567,0.774678645691448,0.05
1811,0.35605000000000003,False,2,0.0,0.1186,0.9311,84.4,0.0,0.0,0.0,1.7376311932413344,0.26068028734087173,1.8545081549762472,0.9399543626632542,0.21584383050984807,0.2910143121073319,0.16879766914122163,0.506393007423665,0.05
1812,0.4334,False,2,0.0,0.1512,1.0,71.1,0.0,0.0,0.0,1.751237413244117,0.18054669075064325,1.5542501736111127,0.1627505208333373,0.21469343700578256,0.13859693156741448,0.030900000000001232,0.09270000000000274,0.05
1813,0.4630000000000001,False,2,0.0,0.2333,0.8727,45.0,0.0,0.0,0.0,2.019609357070668,0.48088656442092353,1.8196052141929695,0.64242129178625,0.4624166506429247,0.4273963576075582,0.23865993752735815,0.5087952724982405,0.05
1814,0.31975000000000003,False,2,0.0,0.16429999999999997,0.8656,97.6,0.0,0.0,0.0,2.0075611042204717,0.6652354969430774,2.4388767717604423,1.8314243715015364,0.4155114254300587,0.5158610911904812,0.39998913342372433,0.7999782671850236,0.05
1815,0.39255000000000007,False,2,0.0,0.1567,0.8684000000000001,60.0,0.0,0.0,0.0,1.8411653162582091,0.3861228270206734,2.0594253768720647,1.0546048001406376,0.32288937977278287,0.38906259478626687,0.3992454561483988,0.799274909337372,0.05
1816,0.40554999999999997,False,2,0.0,0.21550000000000002,0.938,85.6,0.0,0.0,0.0,1.9046328987747683,0.41329857790101326,2.0241647810764816,1.4120477066214616,0.355843134637999,0.3483783189690423,0.20999995496261142,0.5974109463059457,0.05
1817,0.39885,False,2,0.0,0.1874,0.8675,64.3,0.0,0.0,0.0,2.030524306302129,0.5687179062540036,2.357229349560942,1.5675727135587687,0.4524485766619247,0.4580854007999331,0.4169791374723341,0.7197989518247532,0.05
1818,0.33945,False,2,0.0,0.14020000000000002,0.8763,84.4,0.0,0.0,0.0,1.7642063034612891,0.3220484815184793,2.0368866207762926,1.0029912944824428,0.277680823546797,0.377303824072089,0.3597301840892742,0.7197990866033358,0.05
1819,0.39795,False,2,0.0,0.14040000000000002,0.9355,70.0,0.0,0.0,0.0,1.7819464076245417,0.2753592899376731,1.6636666666666677,0.34288068687533213,0.26448213938391335,0.28376751089003327,0.10300000000000079,0.24177220683941406,0.05
1820,0.32345,False,2,0.0,0.1678,0.7991,80.0,0.0,0.0,0.0,1.9451577431324119,0.4734467260989889,2.347562905248539,1.217940741884299,0.4234978569637928,0.47304046433355157,0.41896451344628416,0.7007249993182442,0.05
1821,0.36095,False,2,0.0,0.19419999999999998,0.9289,100.3,0.0,0.0,0.0,1.9272608547850705,0.5168331098200031,2.052015310550952,1.6016990060193166,0.3393725862954617,0.37137074702876977,0.19997673430010598,0.599930202900318,0.05
1822,0.4060499999999999,False,2,0.0,0.1843,0.9318,76.0,0.0,0.0,0.0,1.939406636485393,0.3571638513030829,1.8438939901076963,0.8491622556384215,0.3568519233338273,0.3211201672924201,0.22952698716374323,0.5903760992918188,0.05
1823,0.36439999999999995,False,2,0.0,0.0892,1.0,90.1,0.0,0.0,0.0,1.6386414308985557,0.09614360237618276,1.5041,0.012299999999999976,0.11988845081949975,0.09481801920084944,7.013132047087216e-225,0.0,0.05
1824,0.36970000000000003,False,2,0.0,0.16090000000000004,0.9387000000000001,90.05,0.0,0.0,0.0,1.8601754582689982,0.43829661556783084,1.6558555691189256,0.3344243769171335,0.2949449225202887,0.3523956639154717,0.0846000000000012,0.23804881852258866,0.05
1825,0.39380000000000004,False,2,0.0,0.14899999999999997,1.0,90.35,0.0,0.0,0.0,1.7533004545674302,0.13294223044893147,1.542900000093313,0.056654126247917214,0.20443763537045062,0.11626893480039006,6.532100812246928e-202,0.0,0.05
1826,0.42190000000000005,False,2,0.0,0.18680000000000002,0.9338000000000001,69.2,0.0,0.0,0.0,1.8106524103218795,0.261590674603317,1.8027973804061623,0.8742754869622194,0.29375894874359415,0.2665944002510125,0.18609946373949565,0.5582983912184869,0.05
1827,0.4393,False,2,0.0,0.22280000000000003,0.9359999999999999,70.05,0.0,0.0,0.0,1.874890928600251,0.3331141776320727,1.7387310994797893,0.6539174347973337,0.3480856373349459,0.31639189977693577,0.18641353017338766,0.5592405905201631,0.05
1828,0.3365,False,2,0.0,0.1729,0.8425,85.6,0.0,0.0,0.0,1.8549079053526363,0.322446497669952,2.024551088401131,0.8596325870654288,0.3535874194551006,0.3531218650585744,0.37423997729001995,0.668931743901726,0.05
1829,0.42399999999999993,False,2,0.0,0.1532,0.9347999999999999,60.0,0.0,0.0,0.0,1.8100836665352773,0.3291705730297142,1.6492612868968066,0.3373646337582985,0.28206345617198403,0.3141988558779766,0.07970000012674056,0.23910000038022167,0.05
1830,0.4122,False,2,0.0,0.23010000000000003,0.8743000000000001,70.0,0.0,0.0,0.0,1.931386053818446,0.3982272973341712,2.100015572031187,1.1055907300022414,0.41241146249720073,0.385074176053914,0.4753686624470072,0.9508516970499085,0.05
1831,0.36235,False,2,0.0,0.15,0.9347,90.0,0.0,0.0,0.0,1.7892147450029765,0.37096437409415317,1.794060375555818,0.8599558418452535,0.265304604481548,0.3508646440929259,0.22886037555581798,0.686581126667454,0.05
1832,0.37205,False,2,0.0,0.11689999999999998,1.0,93.2,0.0,0.0,0.0,1.679805498625214,0.13752423996624707,1.5286000000000002,0.03340718485595577,0.15940272528266095,0.1196800836885137,5.532904688014514e-223,0.0,0.05
1833,0.39905,False,2,0.0,0.1416,0.9365,70.0,0.0,0.0,0.0,1.7196446861129027,0.20072580966764977,1.6355555555555494,0.3400744036236594,0.22680701236183748,0.25117931177396574,0.07990000000000033,0.23970000000000102,0.05
1834,0.3911,False,2,0.0,0.16899999999999998,0.9342,80.25,0.0,0.0,0.0,1.8395255389980576,0.41416008602660476,1.9642165603736061,1.2802790186419188,0.3038398470547164,0.37927545245939925,0.2072173470086931,0.6216520410260793,0.05
1835,0.4284,False,2,0.0,0.178,1.0,80.3,0.0,0.0,0.0,1.7558558153786934,0.1510846648372916,1.5999000000000017,0.2528863183329663,0.22695129506578599,0.12752685606918493,0.05930000000000111,0.17790000000000333,0.05
1836,0.3546,False,2,0.0,0.11039999999999998,1.0,100.3,0.0,0.0,0.0,1.6782973106636223,0.15665727885731992,1.5185,0.0455746640141208,0.14093737509039547,0.11024490463269924,1.8565334502159488e-215,0.0,0.05
1837,0.4465,False,2,0.0,0.133,1.0,60.0,0.0,0.0,0.0,1.682098732411691,0.11655799316364479,1.5318279513888897,0.036132598445313364,0.16794113593238577,0.1207868858449007,0.001600000000000506,0.004800000000001518,0.05
1838,0.4061,False,2,0.0,0.1482,1.0,84.0,0.0,0.0,0.0,1.7098558445416068,0.12360785500618267,1.5375000000008552,0.06710178835397665,0.19003597168903935,0.107722703931353,8.278484125589122e-219,0.0,0.05
1839,0.36219999999999997,False,2,0.0,0.1729,0.8699,79.6,0.0,0.0,0.0,1.8816971195838648,0.4346082809123133,1.9327042630221052,0.8906217143239925,0.35657895708832765,0.42047378294174226,0.2503670059338427,0.5402898714225182,0.05
1840,0.38125,False,2,0.0,0.17509999999999998,0.8674,70.0,0.0,0.0,0.0,1.8574421152080323,0.35610080405117367,2.091296362225463,0.971766740903153,0.35879835347728417,0.3896701835951985,0.4564959024507901,0.7815960678267354,0.05
1841,0.34745000000000004,False,2,0.0,0.191,0.8647,90.2,0.0,0.0,0.0,1.8935693769874287,0.3729541426497086,2.321767587788674,1.5784604731271032,0.37898427835619614,0.38654879146542737,0.42541727744423696,0.8292896683255353,0.05
1842,0.4286,False,2,0.0,0.17719999999999997,1.0,80.0,0.0,0.0,0.0,1.7400784484276446,0.1409659364857824,1.5013999999999998,0.004200000000000004,0.22672255138041603,0.13300909945885944,9.733738601096355e-210,0.0,0.05
1843,0.41179999999999994,False,2,0.0,0.1436,1.0,80.0,0.0,0.0,0.0,1.690825772160147,0.11931642660477285,1.5192,0.02473378256555189,0.17950451811444623,0.11353797644246758,5.77056637615329e-225,0.0,0.05
1844,0.38515,False,2,0.0,0.1331,1.0,90.7,0.0,0.0,0.0,1.717785585095785,0.1581243421019139,1.5345,0.05471608538629206,0.18079438005394532,0.13539517871772336,5.941636279202338e-214,0.0,0.05
1845,0.43365000000000004,False,2,0.0,0.14830000000000004,1.0,70.25,0.0,0.0,0.0,1.7288101410787284,0.19291520524587197,1.5276999999999998,0.03540353089735543,0.1960900446411868,0.15092021884687176,3.2076258405910776e-207,0.0,0.05
1846,0.36955000000000005,False,2,0.0,0.1597,0.9346,88.8,0.0,0.0,0.0,1.785372405185517,0.3248306943718329,1.8079393595919704,0.7772849799181379,0.2734022380837294,0.3298440399105301,0.21428380389319254,0.576726404380794,0.05
1847,0.4432,False,2,0.0,0.1472,1.0,65.2,0.0,0.0,0.0,1.724131121370449,0.14995058191427293,1.5361,0.05404155808264602,0.19754255701240844,0.12880616170782863,5.084549358339772e-214,0.0,0.05
1848,0.3840999999999999,False,2,0.0,0.1137,0.9344999999999999,70.0,0.0,0.0,0.0,1.7353113125980841,0.2987577808404938,1.8151558978724993,0.8160428345370963,0.21804362307454955,0.30105298460651825,0.23287651399897427,0.6916578802868308,0.05
1849,0.3616,False,2,0.0,0.08320000000000001,1.0,90.0,0.0,0.0,0.0,1.6300429105757754,0.08306726704495732,1.514961376953125,0.021841801770092224,0.11540782889806678,0.08742911693947088,2.70161357502404e-226,0.0,0.05
1850,0.4698,False,2,0.0,0.21509999999999999,0.9285,51.0,0.0,0.0,0.0,1.944691377216735,0.4884446460407208,1.890107581295751,1.1214276750743972,0.37307076430193564,0.3717754067236532,0.22070820284191087,0.648900871464972,0.05
1851,0.34290000000000004,False,2,0.0,0.19150000000000003,0.7235,57.3,0.0,0.0,0.0,2.0921653409899843,0.5428968101319099,2.6731727647284056,1.4277008228583277,0.5556211470830402,0.5200811380535432,0.8417289455600467,1.0387432877567602,0.05
1852,0.44329999999999997,False,2,0.0,0.1822,0.9376,58.3,0.0,0.0,0.0,1.8218780938021322,0.2547047019356284,1.6611081597579083,0.3358202085164756,0.29636209471699765,0.255385808707017,0.0798000240063107,0.2394000720189321,0.05
1853,0.37105,False,2,0.0,0.09250000000000001,1.0,87.6,0.0,0.0,0.0,1.658730573787252,0.14976648559406858,1.517,0.030159575593830902,0.13458465727288024,0.13128093102472826,1.0206398937309648e-203,0.0,0.05
1854,0.4009,False,2,0.0,0.15580000000000002,1.0,88.5,0.0,0.0,0.0,1.7185508841321162,0.15560879434019462,1.554400000007357,0.06275221112915409,0.19643442953267073,0.13338470540635458,2.5522243048664663e-204,0.0,0.05
1855,0.45150000000000007,False,2,0.0,0.199,0.9406000000000001,59.15,0.0,0.0,0.0,1.8345662532307643,0.2669262627524776,1.7600336509201955,0.6354704428124117,0.3062776627228524,0.27576550689937773,0.17555254137941395,0.5266576241382419,0.05
1856,0.37560000000000004,False,2,0.0,0.1224,1.0,92.8,0.0,0.0,0.0,1.710333110630112,0.2062302741873988,1.5538015625262118,0.0675239259299952,0.16790008471395548,0.1466944749842239,0.008100000000000763,0.019557351558942143,0.05
1857,0.403,False,2,0.0,0.1932,1.0,96.8,0.0,0.0,0.0,1.767457989511012,0.13889055202730236,1.5129,0.030293398620821685,0.23997241765000593,0.10495769435984437,1.9934389632767693e-206,0.0,0.05
1858,0.34054999999999996,False,2,0.0,0.1089,0.9321999999999999,90.0,0.0,0.0,0.0,1.7354508415122978,0.3105789871469437,1.761433659232927,0.6785590707051679,0.2130933075651625,0.3089853726818429,0.17666090865952186,0.5299827259785655,0.05
1859,0.3620499999999999,False,2,0.0,0.1491,0.9349999999999999,90.0,0.0,0.0,0.0,1.7600888081489554,0.34311261346056376,1.7640096489577277,0.7050780450843217,0.242345167927238,0.32011205761259265,0.20650958553838575,0.6195287566151572,0.05
1860,0.3759,False,2,0.0,0.1973,0.8623000000000001,76.95,0.0,0.0,0.0,1.9673644494690383,0.436869143278845,2.1519509828006576,1.1069131082552348,0.413264251882952,0.41191926662260553,0.38726368353886087,0.6635355442619818,0.05
1861,0.36515,False,2,0.0,0.1364,0.9317,84.45,0.0,0.0,0.0,1.8040216097727915,0.4101446999159832,1.8323991712802787,0.9116517643393849,0.25540503996568453,0.3409470695827003,0.21666223275423074,0.6499866982626922,0.05
1862,0.3527,False,2,0.0,0.16699999999999998,0.8606,80.55,0.0,0.0,0.0,1.8856590753897797,0.40597799152889325,1.9887213307781386,0.9282006574463846,0.3518540234925617,0.38416354997969976,0.36965316088747363,0.7483219247749225,0.05
1863,0.35945000000000005,False,2,0.0,0.1602,0.8723000000000001,78.4,0.0,0.0,0.0,1.833673368639706,0.36009027901231033,1.9217628340018968,0.9147072656333413,0.3223492046491637,0.3810203824840178,0.30585651484281334,0.6934373499653275,0.05
1864,0.3789,False,2,0.0,0.2692,0.7954,76.7,0.0,0.0,0.0,2.1324157389135197,0.46316644257684864,2.5370915647775156,1.3862714506060796,0.5854842092564555,0.44938891178720025,0.48446968640403865,0.6542629931251411,0.05
1865,0.35865,False,2,0.0,0.12340000000000002,0.9271,83.3,0.0,0.0,0.0,1.901564238372078,0.7159009526845104,1.858559935314275,0.9645738640069039,0.297789121572074,0.46071288063265803,0.19722660198094127,0.5152173888659762,0.05
1866,0.3595,False,2,0.0,0.1537,0.9333,92.0,0.0,0.0,0.0,1.8221263411414612,0.3976028588494086,1.8060983607838677,0.8079129594139964,0.2816822473934211,0.3624801712443417,0.2181983607838677,0.654595082351603,0.05
1867,0.3791,False,2,0.0,0.20190000000000002,0.8707,78.6,0.0,0.0,0.0,2.0415396355530815,0.6125431723091481,2.2398332471813083,1.334813540065973,0.43285453698841786,0.4688605620731479,0.43697738739304876,0.8224829552244868,0.05
1868,0.36905000000000004,False,2,0.0,0.1383,1.0,100.05,0.0,0.0,0.0,1.6820660888615713,0.10636942848103595,1.528344444444543,0.039265775315475,0.16622681306212547,0.08933706018267498,0.007200000000000387,0.021600000000001156,0.05
1869,0.35500000000000004,False,2,0.0,0.11000000000000001,1.0,100.0,0.0,0.0,0.0,1.6751432712676457,0.13083372107962563,1.544544444583003,0.05606287171375617,0.14421250319576712,0.11026170782370276,0.006300000000000467,0.0189000000000014,0.05
1870,0.39519999999999994,False,2,0.0,0.21259999999999998,0.8208,60.75,0.0,0.0,0.0,1.9920802917150406,0.43033128658984915,2.008385487507483,0.8817355337177787,0.4616208736727523,0.41378373264241886,0.39538548750748304,0.725718476053124,0.05
1871,0.3652,False,2,0.0,0.2298,0.7346,58.5,0.0,0.0,0.0,2.323332798428988,0.7826618580449497,2.7229219769843116,1.4807903758795655,0.6780517666188773,0.6209497033320108,0.616595828276895,0.7952783644420335,0.05
1872,0.4637500000000001,False,2,0.0,0.2661,0.8710000000000001,52.4,0.0,0.0,0.0,2.0078047040839535,0.36631564386962845,1.9520040512142445,0.9548780138419105,0.4676766597066929,0.3343285207414349,0.2714084569633169,0.5976251812695177,0.05
1873,0.36195000000000005,False,2,0.0,0.15050000000000002,0.9334,90.0,0.0,0.0,0.0,1.7605759087253456,0.28542366124662905,1.860476056232627,0.7719692440752672,0.2583977204504887,0.31330611740976616,0.13840000000000127,0.2845934644365547,0.05
1874,0.34115,False,2,0.0,0.08230000000000001,1.0,100.0,0.0,0.0,0.0,1.638147932789207,0.07991201628467737,1.5502638888888898,0.08242363960503751,0.11448408953685744,0.08056111215913446,0.01960000000000056,0.058800000000001684,0.05
1875,0.35805000000000003,False,2,0.0,0.11610000000000001,1.0,100.0,0.0,0.0,0.0,1.6656536022925863,0.10111852892553888,1.5297000976562498,0.04098322232090322,0.15296367253618284,0.10101629176515911,1.1065809175007822e-222,0.0,0.05
1876,0.38009999999999994,False,2,0.0,0.18309999999999998,0.7995,55.6,0.0,0.0,0.0,1.9502611158275927,0.4421273555050085,2.1354099800373962,0.9974004648712129,0.43264575590942583,0.4463681786276524,0.5027754494419988,0.8324892704397776,0.05
1877,0.3808,False,2,0.0,0.1519,0.9361,81.6,0.0,0.0,0.0,1.8517481401186615,0.36429425212127187,1.767577844670234,0.4637372337656393,0.30411597366892584,0.35537403728929046,0.16808764429951245,0.34039230663388587,0.05
1878,0.44520000000000004,False,2,0.0,0.1967,0.9320999999999999,59.6,0.0,0.0,0.0,1.8120556475657246,0.25522405471971826,1.7748369975084795,0.6488825915291597,0.29828535770146686,0.28118779152524814,0.16671310972138537,0.5001393291641562,0.05
1879,0.36785,False,2,0.0,0.1923,0.795,62.9,0.0,0.0,0.0,1.9429413961402013,0.39842244521470754,2.31445584924179,1.1452072283226893,0.4479447307983165,0.43806968191615936,0.49120170310534716,0.7740234415859801,0.05
1880,0.3696,False,2,0.0,0.16499999999999998,0.9342,90.0,0.0,0.0,0.0,1.7916070586027366,0.2695363626237747,1.6542621489506089,0.35788592257001484,0.27304165168322625,0.2866200417732464,0.08601516076131419,0.25804548228394253,0.05
1881,0.40235,False,2,0.0,0.1557,1.0,87.75,0.0,0.0,0.0,1.7488849547373353,0.16725616809813665,1.5276117187500005,0.054126896488362594,0.20940483751971578,0.11736744801841241,0.002400000000000318,0.007200000000000954,0.05
1882,0.36439999999999995,False,2,0.0,0.131,0.9342,84.1,0.0,0.0,0.0,1.8224319613203677,0.34376646443488074,1.7444063504977745,0.6654267464636222,0.2655325583734011,0.32216137770482134,0.1702587220259978,0.5107761660779933,0.05
1883,0.3771,False,2,0.0,0.19490000000000002,0.8793,80.0,0.0,0.0,0.0,1.8889675386659739,0.41344262750960803,2.031191228283297,1.0136145306610314,0.3555065911323837,0.38075018369753816,0.3886865194523951,0.7825277675397341,0.05
1884,0.4122,False,2,0.0,0.21230000000000002,0.8968999999999999,71.2,0.0,0.0,0.0,1.8897786766427438,0.30364663444368356,1.8889665485885796,0.7995103887930506,0.3599891257321023,0.2964585931045799,0.25204840993582445,0.5448368070376847,0.05
1885,0.43194999999999995,False,2,0.0,0.16620000000000004,0.9376999999999999,60.0,0.0,0.0,0.0,1.771238142987243,0.2724051498725524,1.7547183069459897,0.6817571070065903,0.2662260355449523,0.28593559232733795,0.15967583009731304,0.4790274902919391,0.05
1886,0.39955,False,2,0.0,0.227,0.8233,62.8,0.0,0.0,0.0,1.9618631899736314,0.418900929873803,2.1374940581758852,0.9742457611032562,0.44084207091989036,0.41581172075494344,0.4750374337601427,0.7947552572081761,0.05
1887,0.41319999999999996,False,2,0.0,0.1688,0.9385999999999999,70.25,0.0,0.0,0.0,1.8295219491106507,0.3005742277650921,1.80889956005815,0.8702359412339867,0.29531006709074004,0.29702294867819745,0.23189956005782486,0.6956986801734746,0.05
1888,0.36715000000000003,False,2,0.0,0.1343,1.0,100.0,0.0,0.0,0.0,1.710944660401293,0.16399733964779364,1.6171000000000013,0.3279135404340647,0.18688715786075621,0.1451827305705103,0.07640000000000105,0.22920000000000315,0.05
1889,0.3595,False,2,0.0,0.1869,0.9320999999999999,100.0,0.0,0.0,0.0,1.8209715959979758,0.25773085404275115,1.7529352090344108,0.7269923105431879,0.2952400020324728,0.2824320072513896,0.19721210402302,0.59163631206906,0.05
1890,0.40385,False,2,0.0,0.18309999999999998,0.8774000000000001,63.2,0.0,0.0,0.0,1.9175685951780441,0.4663923060588807,2.0491793237046823,1.0546557987370342,0.3909090348697147,0.4405635402713264,0.3039601545523555,0.6025096214583738,0.05
1891,0.41009999999999996,False,2,0.0,0.1802,1.0,90.0,0.0,0.0,0.0,1.7741081137106736,0.18957104874220462,1.5274023227217373,0.04676085111572432,0.23257682202820903,0.1537443650830844,8.97765098428561e-191,0.0,0.05
1892,0.43894999999999995,False,2,0.0,0.1917,1.0,78.45,0.0,0.0,0.0,1.7835401384147747,0.17042271451600335,1.5281,0.048357936266966606,0.2437853687093837,0.12641578625723343,7.559771572026196e-209,0.0,0.05
1893,0.36149999999999993,False,2,0.0,0.18439999999999998,0.8091999999999999,67.65,0.0,0.0,0.0,1.9586792864748155,0.4962266083573093,2.3774654349635727,1.2394401934504642,0.4291882405444579,0.4784791211616199,0.6164389098209334,0.8901972829039019,0.05
1894,0.41825,False,2,0.0,0.2143,0.9246000000000001,75.6,0.0,0.0,0.0,1.904294861147898,0.3006174040326481,1.7770569818178914,0.4459111132249499,0.3683264318246152,0.2824585052687144,0.18330000000000246,0.3144353828690433,0.05
1895,0.388,False,2,0.0,0.13620000000000004,1.0,90.05,0.0,0.0,0.0,1.7300542671608923,0.1748932765062333,1.5596000000017178,0.053397003664452075,0.18678039515069939,0.1369296630688151,2.5516018728734095e-204,0.0,0.05
1896,0.36215,False,2,0.0,0.199,0.8651,84.95,0.0,0.0,0.0,1.9503179613567816,0.4295375523713401,2.208738102931515,1.3992269524053116,0.4155341811528916,0.4185833125866824,0.3768825632369177,0.7499094527026102,0.05
1897,0.4030499999999999,False,2,0.0,0.1317,1.0,81.4,0.0,0.0,0.0,1.734119581861897,0.18044138061974754,1.5917417098045374,0.08917042432578887,0.1921801419602714,0.153930448251252,0.023600000000001294,0.05451641954494325,0.05
1898,0.44260000000000005,False,2,0.0,0.21810000000000002,0.9323,66.3,0.0,0.0,0.0,1.8362436181522235,0.21487125644549443,1.8522655784845277,0.7994309117191045,0.3341210182058071,0.2403816378284334,0.25674345992517295,0.589336465853308,0.05
1899,0.3959000000000001,False,2,0.0,0.1668,0.8602000000000001,58.8,0.0,0.0,0.0,1.9066553717760915,0.4942760563480342,1.8331391907242485,0.6731672378791584,0.36561044209911453,0.4231928680785432,0.2422006519557433,0.5096713579453243,0.05
1900,0.4085,False,2,0.0,0.13699999999999996,1.0,80.0,0.0,0.0,0.0,1.6965675094474197,0.12210235639287734,1.5123222222222221,0.01882259280758102,0.1788417480170968,0.12025871603068156,2.970486107660257e-214,0.0,0.05
1901,0.45965,False,2,0.0,0.2169,1.0,74.4,0.0,0.0,0.0,1.8294418605220482,0.18089869736985573,1.5041,0.012299999999999976,0.28008213426782286,0.14194264407452695,3.8863094581860846e-197,0.0,0.05
1902,0.28689999999999993,False,2,0.0,0.179,0.7954,100.15,0.0,0.0,0.0,2.0499287636583934,0.6507483316038741,2.5340831408904583,1.6774437968483227,0.4849609954331592,0.5460517333590812,0.5032164223582174,0.8091502486526558,0.05
1903,0.36285000000000006,False,2,0.0,0.0857,1.0,90.0,0.0,0.0,0.0,1.630703764982989,0.08284527923515547,1.5385,0.061038102853873163,0.10887155377917221,0.08535952310067683,1.1150389275941056e-214,0.0,0.05
1904,0.42110000000000003,False,2,0.0,0.163,1.0,80.2,0.0,0.0,0.0,1.7315037517193748,0.18420809015002323,1.6278444444444458,0.20886437917675327,0.20333445458532678,0.14175298187456603,0.05130000000000094,0.15390000000000284,0.05
1905,0.3787,False,2,0.0,0.1577,0.9312999999999999,82.9,0.0,0.0,0.0,1.8129989238363886,0.3202105865360323,1.8935506175660297,0.9483691951011087,0.2741406028458378,0.3146940068899903,0.19463156546317384,0.5838946963895215,0.05
1906,0.4241000000000001,False,2,0.0,0.1736,0.9338000000000001,64.8,0.0,0.0,0.0,1.840880015038612,0.35948217076246874,1.7219777777779932,0.4020064424278363,0.2999589830734052,0.3085352902099098,0.14060000000005263,0.2844585031249179,0.05
1907,0.37544999999999995,False,2,0.0,0.15209999999999999,1.0,100.3,0.0,0.0,0.0,1.7406691514561623,0.1495599600446934,1.535700500904272,0.0342034855794216,0.20442367459225771,0.12405390336680025,2.8328498482624223e-220,0.0,0.05
1908,0.33680000000000004,False,2,0.0,0.1189,0.9330999999999999,94.6,0.0,0.0,0.0,1.7551489425359468,0.3251316445914897,1.7497740899621028,0.6675535688964921,0.24120563098455255,0.3525498472899837,0.17192800615722525,0.5157840184716758,0.05
1909,0.42079999999999995,False,2,0.0,0.17670000000000002,0.8703,51.35,0.0,0.0,0.0,1.8571846455840006,0.36118475517374343,2.086230902400613,1.1491094912063782,0.3503980173360817,0.38272980197569495,0.30242323184773645,0.6426285759383911,0.05
1910,0.38195,False,2,0.0,0.1247,1.0,90.2,0.0,0.0,0.0,1.704392059558043,0.1856803809339155,1.5332046875,0.05260693464510083,0.16351181236849038,0.12795480894129319,7.909523749428838e-189,0.0,0.05
1911,0.38715,False,2,0.0,0.1593,0.9352,80.05,0.0,0.0,0.0,1.8169377834216434,0.36489281142849644,1.749111258956019,0.6946546793675947,0.27789550553337433,0.3411777111230938,0.18576265529416383,0.5513140859136958,0.05
1912,0.35329999999999995,False,2,0.0,0.16640000000000002,0.9411999999999999,100.25,0.0,0.0,0.0,1.868170962022198,0.46465154564488953,1.786324540150321,0.8167618694212946,0.28899510491653874,0.32611588493412286,0.10500000000000001,0.315,0.05
1913,0.35724999999999996,False,2,0.0,0.1187,0.9346,84.7,0.0,0.0,0.0,1.746738345676868,0.2710511617447163,1.6253331457642743,0.3396686740830443,0.22119522413747017,0.28594717214296334,0.0822220234020443,0.23942259952069364,0.05
1914,0.4285,False,2,0.0,0.1818,1.0,81.2,0.0,0.0,0.0,1.7846407026777942,0.1341967177325677,1.529968923886617,0.03361845791489325,0.25030296769899774,0.11606928746471351,2.9008355700474272e-217,0.0,0.05
1915,0.3943,False,2,0.0,0.1785,0.9305,80.1,0.0,0.0,0.0,1.866464953442915,0.4575121526276624,1.8395058271187807,0.8511304656144298,0.3251604916340862,0.3818034268359721,0.22933916044229088,0.6306130629578104,0.05
1916,0.36975,False,2,0.0,0.1762,0.8739000000000001,77.65,0.0,0.0,0.0,1.8557332126804174,0.3466384621469604,2.1125047904187015,1.1375137677442142,0.34545915885803097,0.36898624682781034,0.39961866460843926,0.7786402840218937,0.05
1917,0.38355000000000006,False,2,0.0,0.1527,0.9358000000000001,80.35,0.0,0.0,0.0,1.8350632167493572,0.35966601281742405,1.7892198333947693,0.7652618322434065,0.2767070910784529,0.30255246606056796,0.18111983339476917,0.5433595001843076,0.05
1918,0.3473,False,2,0.0,0.09459999999999999,1.0,100.0,0.0,0.0,0.0,1.6648694224656144,0.15465552710052358,1.5168666668097184,0.034453253568956586,0.12963780637362093,0.11357710733725176,0.005000000000000356,0.015000000000001068,0.05
1919,0.39649999999999996,False,2,0.0,0.20059999999999997,0.8724000000000001,70.0,0.0,0.0,0.0,1.8730074809750292,0.35905376117495563,2.055628897638191,1.114381614153155,0.36255863324812754,0.37579923246688207,0.35587585529131777,0.7117583846970592,0.05
1920,0.3796,False,2,0.0,0.17919999999999997,0.9400000000000001,90.0,0.0,0.0,0.0,1.8450734672850142,0.33270459737700275,1.866917734578997,0.7904128184723391,0.29957200814532436,0.29581575151051154,0.2801399568012182,0.6571043853597012,0.05
1921,0.38485,False,2,0.0,0.18369999999999997,0.866,70.0,0.0,0.0,0.0,1.9000578941224202,0.42706793670868404,2.2392832646420717,1.5015976631935162,0.3801815096298289,0.418858014285397,0.4125949990795341,0.8150013144663607,0.05
1922,0.4120499999999999,False,2,0.0,0.16949999999999998,0.9906,84.0,0.0,0.0,0.0,1.779451628465893,0.22818056270208148,1.6530222223652753,0.33629156878388644,0.23875369747009606,0.1838028099204456,0.08490000000000122,0.23849966456999724,0.05
1923,0.36539999999999995,False,2,0.0,0.1318,1.0,100.25,0.0,0.0,0.0,1.7781233470904194,0.24072685813206826,1.5347,0.05044412750757021,0.21321982355586894,0.17543289743303833,8.16512600655592e-203,0.0,0.05
1924,0.3919499999999999,False,2,0.0,0.12190000000000001,0.982,80.0,0.0,0.0,0.0,1.7230788407031703,0.20792405955770932,1.6861444444444473,0.37833885801155226,0.19279250729136238,0.1756015107591958,0.12680000000000194,0.26399272717255284,0.05
1925,0.388,False,2,0.0,0.17500000000000002,1.0,99.75,0.0,0.0,0.0,1.7696080241726537,0.13568237936985825,1.5573557291666682,0.08198631416369595,0.22734403733582947,0.10640303497857136,0.025300000000001006,0.05717000962043136,0.05
1926,0.3043,False,2,0.0,0.1758,0.7942,90.35,0.0,0.0,0.0,1.9983503112967953,0.5852063695818424,2.3262272676096023,1.2383644535830693,0.44303163294525455,0.4815921380637713,0.5758099982065974,0.8872219575258105,0.05
1927,0.47035000000000005,False,2,0.0,0.2089,1.0,67.05,0.0,0.0,0.0,1.8345320067924564,0.21560399851364073,1.5386666887071403,0.04321808510287681,0.27707289844236904,0.155767467953903,0.0008000000000002956,0.002400000000000887,0.05
1928,0.36229999999999996,False,2,0.0,0.1207,0.9369,83.25,0.0,0.0,0.0,1.7864345927661902,0.40546112199906154,1.7978731493700537,0.7583696824438626,0.2441582104877516,0.36370736334921966,0.17004026770169456,0.4985633510612825,0.05
1929,0.39159999999999995,False,2,0.0,0.11779999999999999,0.9757999999999999,77.6,0.0,0.0,0.0,1.6854752217311977,0.11892939649638555,1.6499778266059046,0.3356458471448862,0.16420982810093737,0.10745209295915126,0.08300000000000117,0.23852421260744405,0.05
1930,0.38525,False,2,0.0,0.17029999999999998,0.931,82.7,0.0,0.0,0.0,1.8343837828295986,0.3669600045832745,1.7806591964601197,0.7517570315464761,0.29180902097677314,0.31635377621060223,0.20934791124516558,0.6083068157887123,0.05
1931,0.36439999999999995,False,2,0.0,0.1506,0.874,73.95,0.0,0.0,0.0,1.9239528866028355,0.5726407196816148,2.149314261740953,1.1649950967202969,0.3550766379637667,0.47877555434879737,0.3623575122938731,0.6651641585297912,0.05
1932,0.32510000000000006,False,2,0.0,0.21559999999999996,0.7958000000000001,90.3,0.0,0.0,0.0,2.110632412234776,0.6205069051631155,2.63625102897241,1.5850418815377814,0.5176066871005608,0.5142196791678675,0.6183302064156191,0.8671079049576159,0.05
1933,0.47279999999999994,False,2,0.0,0.2516,0.8664,43.1,0.0,0.0,0.0,2.0395550092311225,0.46531702734182107,2.0326513538775677,1.0351023828879107,0.48164452197874663,0.41743567838727896,0.43544611096005514,0.874148843009066,0.05
1934,0.40374999999999994,False,2,0.0,0.21559999999999996,0.8718999999999999,70.0,0.0,0.0,0.0,1.9550138459333362,0.39990398912698394,2.0408609914168028,1.0864424610844579,0.41695681942031515,0.38753338307964624,0.3593312229015429,0.720711369411092,0.05
1935,0.4195,False,2,0.0,0.1526,1.0,78.4,0.0,0.0,0.0,1.7321234228906484,0.14504428651595722,1.508,0.015316657598836622,0.21116317707641677,0.12991417282314613,2.3763370708752945e-213,0.0,0.05
1936,0.37195,False,2,0.0,0.20049999999999998,0.8724000000000001,82.25,0.0,0.0,0.0,1.9414172805295344,0.48266453954269317,2.1713020383950923,1.3075878346027279,0.3694607193270472,0.39309591519334747,0.4005260025512384,0.782752622723988,0.05
1937,0.4335,False,2,0.0,0.1882,1.0,80.3,0.0,0.0,0.0,1.7972800107369822,0.1691473664102355,1.5394999999999999,0.041713906554049836,0.24164563355102028,0.13469432994337485,8.294342984621512e-204,0.0,0.05
1938,0.38770000000000004,False,2,0.0,0.1398,0.9396000000000001,76.0,0.0,0.0,0.0,1.7628528379656252,0.26767226028325336,1.7921028994425572,0.6805929258961245,0.2312683137865697,0.27659598406741354,0.18180981927231696,0.5454294578169508,0.05
1939,0.34404999999999997,False,2,0.0,0.1857,0.7936,72.8,0.0,0.0,0.0,1.9724186042830127,0.4328949581119506,2.4233877495818903,1.3808750840581443,0.4412581738585556,0.4301216356317892,0.6301877972350602,0.9603059125336896,0.05
1940,0.45255,False,2,0.0,0.1675,1.0,65.6,0.0,0.0,0.0,1.7230087027071086,0.15433273437234993,1.528091840297646,0.03570266207029878,0.20805225790209753,0.13779486566525054,2.612840317207172e-201,0.0,0.05
1941,0.40119999999999995,False,2,0.0,0.19440000000000002,1.0,98.0,0.0,0.0,0.0,1.7851642351599704,0.1282099942456752,1.6017780719607804,0.17928158814298764,0.2405285297847306,0.11664136443134303,0.04260000000000107,0.1278000000000032,0.05
1942,0.41190000000000004,False,2,0.0,0.24080000000000004,0.8632,70.05,0.0,0.0,0.0,1.997441500000161,0.3524980383049953,2.181874691605536,1.0643755640321542,0.45620130543702564,0.3480699410379623,0.4990191360499797,0.8337237262537863,0.05
1943,0.31860000000000005,False,2,0.0,0.10300000000000001,0.9342,100.0,0.0,0.0,0.0,1.77461026121311,0.40292327355604685,1.8641968764223378,0.7514224704884284,0.23953039353116717,0.3683925784206878,0.26561909864455946,0.5961896790809942,0.05
1944,0.35235,False,2,0.0,0.10469999999999999,1.0,100.0,0.0,0.0,0.0,1.6924620592025073,0.12375362446693829,1.5735222228242585,0.06811500963616202,0.15962043085236186,0.11131979466236366,0.009400000000000418,0.028200000000001252,0.05
1945,0.371,False,2,0.0,0.1355,0.9359,82.35,0.0,0.0,0.0,1.776430766565878,0.3093704849880374,1.6921222222213466,0.3616769257781008,0.2534928171101535,0.30131764033937103,0.12090000000000185,0.2568183988736045,0.05
1946,0.46280000000000004,False,2,0.0,0.215,1.0,72.35,0.0,0.0,0.0,1.8356545172822982,0.19153346958265732,1.5216999999999998,0.0312251501197352,0.2796457346086248,0.14618732297913292,4.3836186797185183e-194,0.0,0.05
1947,0.45694999999999997,False,2,0.0,0.17149999999999999,1.0,64.4,0.0,0.0,0.0,1.791894688294938,0.2036036206919968,1.5339353008697276,0.052084760895215014,0.24347685313811734,0.16127300107952583,0.006600000000000663,0.015698407562553505,0.05
1948,0.38515,False,2,0.0,0.1495,1.0,94.8,0.0,0.0,0.0,1.7310175269306456,0.17493299077172572,1.5487444444828569,0.07614378942921779,0.2016588987972079,0.14890278497866832,0.005400000000000361,0.01620000000000108,0.05
1949,0.36375,False,2,0.0,0.0885,1.0,90.25,0.0,0.0,0.0,1.6717052518362092,0.13534177829464772,1.5127000000000002,0.02758278448597965,0.13098195393272635,0.10687250168294644,5.152959918123509e-232,0.0,0.05
1950,0.33930000000000005,False,2,0.0,0.08,1.0,100.35,0.0,0.0,0.0,1.6616673775377069,0.19307776727108006,1.553298438273538,0.06777618302968696,0.1261741539049175,0.1494021398222796,7.786072359531822e-209,0.0,0.05
1951,0.3536,False,2,0.0,0.17550000000000002,0.8707,84.75,0.0,0.0,0.0,1.875000649199596,0.39674670553886726,2.309483192217589,1.5791499623298206,0.3571450199576068,0.4027830317571035,0.4045897882557565,0.7948653101822406,0.05
1952,0.3699,False,2,0.0,0.1264,1.0,96.65,0.0,0.0,0.0,1.7072839450244817,0.2110598397668968,1.5070000000000001,0.012790621564255571,0.17463013537935285,0.17411542072562664,2.8055159318389074e-192,0.0,0.05
1953,0.3802,False,2,0.0,0.12940000000000002,0.9334,75.6,0.0,0.0,0.0,1.7431883863544457,0.35399179180722645,1.7726828674229345,0.7410104815183188,0.23255323564999658,0.3497108810695837,0.19828286742293474,0.5948486022688043,0.05
1954,0.41000000000000003,False,2,0.0,0.15140000000000003,0.9289999999999999,65.1,0.0,0.0,0.0,1.8820554470249131,0.6001926288008068,1.8318869746301896,0.8994139514861051,0.3012001640876943,0.40943489172011327,0.17108697463018924,0.5132609238905677,0.05
1955,0.38895,False,2,0.0,0.1961,0.8614,69.9,0.0,0.0,0.0,2.0431701216446982,0.635754482039882,1.9722874313899694,0.9103423147198167,0.4561888686147368,0.4896989970190044,0.3622842842467212,0.7219498778773664,0.05
1956,0.33955,False,2,0.0,0.1375,0.9304,97.2,0.0,0.0,0.0,1.9337106747270052,0.699717375505134,1.7825418654698606,0.750006660729225,0.3057154848591872,0.4466696575783965,0.19976448510211894,0.5744072108160801,0.05
1957,0.33980000000000005,False,2,0.0,0.0796,1.0,100.0,0.0,0.0,0.0,1.6341525507456443,0.12735366532519984,1.5162000000000035,0.019848425630265416,0.11203548868608122,0.10916455460559174,1.4504177412644728e-217,0.0,0.05
1958,0.3608,False,2,0.0,0.1369,0.9335000000000001,87.2,0.0,0.0,0.0,1.7693567263660028,0.32758457954904097,1.7225422620893642,0.5865105696060618,0.24763143680544147,0.3192194625713138,0.17050998874038134,0.46793658687610745,0.05
1959,0.39495,False,2,0.0,0.1981,0.8718,70.0,0.0,0.0,0.0,1.8700532050261505,0.3196359857054304,1.9148189006755736,0.8084464523653144,0.3634076777290291,0.3410759254213983,0.25130035581602156,0.5426500112479488,0.05
1960,0.3777499999999999,False,2,0.0,0.07550000000000001,1.0,80.0,0.0,0.0,0.0,1.6394072787104057,0.08749098127554017,1.5451000000047517,0.06140920127379089,0.11453627925325974,0.09283562891007903,5.528121753034845e-231,0.0,0.05
1961,0.40574999999999994,False,2,0.0,0.13189999999999996,1.0,80.1,0.0,0.0,0.0,1.7408280248172665,0.20954611326595657,1.5380000000000018,0.061227444826650324,0.19326974888808524,0.15220823909324105,4.506237626673783e-213,0.0,0.05
1962,0.35674999999999996,False,2,0.0,0.1379,0.9356,90.0,0.0,0.0,0.0,1.6725911226596892,0.19889090382394461,1.7969344686821298,0.7609410799546922,0.20143289431523176,0.25518920200828854,0.19671224272643195,0.5769266665080132,0.05
1963,0.41324999999999995,False,2,0.0,0.2588,0.7967,57.25,0.0,0.0,0.0,2.0493868955024537,0.372025089949318,2.235611068434494,0.8930005235980587,0.5345900399188533,0.38717851052749724,0.5229850397127231,0.7226087290562148,0.05
1964,0.39215,False,2,0.0,0.20990000000000003,0.925,87.65,0.0,0.0,0.0,1.9130034060020116,0.3832553774288204,1.8254085809742873,0.9366971009207898,0.34837238318150937,0.3095661268996194,0.20797524764095368,0.623925742922861,0.05
1965,0.3565499999999999,False,2,0.0,0.09419999999999999,0.9389,80.0,0.0,0.0,0.0,1.713536702134936,0.2627813987571644,1.6733111121322395,0.33112398448726466,0.17792291020269957,0.23439804248540336,0.08420000000000072,0.23829469150612756,0.05
1966,0.38044999999999995,False,2,0.0,0.1477,0.9334,80.05,0.0,0.0,0.0,1.838582188152974,0.4567268495041644,1.7706390327587953,0.6591147934052979,0.28161808295813934,0.37608111556861706,0.1570929558006046,0.4712788674018138,0.05
1967,0.40935,False,2,0.0,0.1619,0.9368000000000001,70.0,0.0,0.0,0.0,1.7821426591092457,0.28665899215064633,1.7420740670613515,0.7139740923381417,0.25622488382442465,0.28350215250090777,0.17617406706135155,0.5285222011840546,0.05
1968,0.41239999999999993,False,2,0.0,0.15319999999999998,0.9308,64.8,0.0,0.0,0.0,1.7886842741459954,0.4042655409190889,1.7988868434039964,0.7649476669521029,0.267375325653484,0.3397042135414269,0.2308607136452414,0.6846195349886957,0.05
1969,0.42875,False,2,0.0,0.1385,1.0,70.25,0.0,0.0,0.0,1.7005918572101355,0.134513946049783,1.525675174141416,0.039440562436255724,0.18289455859354736,0.1310130244202777,2.4076317109974624e-213,0.0,0.05
1970,0.3545500000000001,False,2,0.0,0.16659999999999997,0.9429000000000001,100.1,0.0,0.0,0.0,1.8468778150970402,0.3900399782631463,1.6594111111111114,0.3371623232542792,0.29805220955492284,0.32842362718484525,0.07980000000000032,0.23940000000000095,0.05
1971,0.42405000000000004,False,2,0.0,0.2016,0.9355,72.25,0.0,0.0,0.0,1.8907694092894236,0.3279187124817451,1.7627828614189518,0.7125174739209861,0.33197819467953305,0.3102525352354399,0.19074082225769362,0.5722224667730809,0.05
1972,0.36,False,2,0.0,0.1533,0.9279,90.3,0.0,0.0,0.0,1.8729627514907548,0.5868151046501281,1.8084522506780876,0.9216959200411386,0.30612645818048945,0.42455111421128944,0.17281891734475413,0.5184567520342624,0.05
1973,0.40750000000000003,False,2,0.0,0.24530000000000002,0.8209,62.8,0.0,0.0,0.0,2.117284061523539,0.5874707469199801,2.3094742502689014,1.3732517147207928,0.528825473019434,0.5006785734711682,0.4786894898749929,0.7935526186980373,0.05
1974,0.37649999999999995,False,2,0.0,0.1538,1.0,100.2,0.0,0.0,0.0,1.8055764691466947,0.22406249003061024,1.5248000000000004,0.04189224271867033,0.23974143129071565,0.16982298169072035,0.0004000000000002899,0.0012000000000008696,0.05
1975,0.3544,False,2,0.0,0.1262,0.9346,88.0,0.0,0.0,0.0,1.720959972607779,0.2552666061978823,1.817413069824919,0.8254062481200228,0.21295058640581876,0.286554252141837,0.231013069824919,0.693039209474757,0.05
1976,0.33815,False,2,0.0,0.1433,0.933,100.0,0.0,0.0,0.0,1.7827618880041414,0.3543686655061455,1.8187874667124113,0.8280158313464808,0.26490073432299954,0.34691886944498557,0.12150000000000076,0.3174798418797639,0.05
1977,0.3586999999999999,False,2,0.0,0.20139999999999997,0.8058,72.45,0.0,0.0,0.0,2.0322116522170126,0.5711360111586141,2.3982984715549405,1.324799429523205,0.47985516287400715,0.5095157274440429,0.6245243695250727,0.9484221013556674,0.05
1978,0.3853500000000001,False,2,0.0,0.199,0.8579000000000001,71.55,0.0,0.0,0.0,1.961401792285113,0.4663291002892486,2.1129526030969537,1.2079274040232573,0.4049631327691248,0.4075303931899709,0.34012220466008475,0.6805440643020877,0.05
1979,0.3677499999999999,False,2,0.0,0.14909999999999998,0.9349999999999999,87.15,0.0,0.0,0.0,1.8381243391537123,0.4249624571797871,1.781966486567984,0.7211465554609594,0.2806570676071996,0.3809899540134779,0.21509977485610032,0.6258798965099323,0.05
1980,0.4022,False,2,0.0,0.15159999999999998,0.9328,70.0,0.0,0.0,0.0,1.7775557817312564,0.3897748902783947,1.8801850432657532,0.7747291387506852,0.2642143131398815,0.35068332255821305,0.2567093488210216,0.6080745720511173,0.05
1981,0.3959499999999999,False,2,0.0,0.1217,1.0,82.45,0.0,0.0,0.0,1.695145212924721,0.13708804811576056,1.5104,0.016261611236282805,0.16470089954989237,0.1249730690773173,1.8127170382203256e-222,0.0,0.05
1982,0.47559999999999997,False,2,0.0,0.21750000000000003,0.9362999999999999,50.65,0.0,0.0,0.0,1.8559415447533862,0.29488650277584016,1.6419226265144744,0.356414216339311,0.3444581920334574,0.3025843585624658,0.08284735698630628,0.24854207095891886,0.05
1983,0.313,False,2,0.0,0.1524,0.8654,97.95,0.0,0.0,0.0,1.8970204710556762,0.5052107533083834,2.092780414839727,1.1648434010026985,0.35118859023111304,0.45568432450759533,0.3313136042739756,0.6629512362508052,0.05
1984,0.36245,False,2,0.0,0.0849,1.0,90.0,0.0,0.0,0.0,1.6628919530944013,0.14387365085541337,1.5149502003987636,0.02323437045652919,0.13029749172779237,0.13207653812365347,0.004400000000000346,0.013200000000001039,0.05
1985,0.4109999999999999,False,2,0.0,0.1276,1.0,76.4,0.0,0.0,0.0,1.7112782702107965,0.1497864056103589,1.5067,0.0138133992919918,0.17994593208391924,0.14009565005969885,1.185901594157913e-207,0.0,0.05
1986,0.41274999999999995,False,2,0.0,0.1163,0.9892,70.0,0.0,0.0,0.0,1.6725057181971485,0.10312035435098851,1.6683111119903125,0.32993424255965287,0.1570100177768479,0.10143306616886491,0.07980000000000095,0.23940000000000283,0.05
1987,0.4627,False,2,0.0,0.19230000000000003,0.9347,50.4,0.0,0.0,0.0,1.7922556199764645,0.2494492969998314,1.761668994593819,0.6452498461121172,0.28627931084387964,0.2674812475649359,0.15872426421964336,0.46462332052236477,0.05
1988,0.34024999999999994,False,2,0.0,0.16620000000000001,0.8689,88.65,0.0,0.0,0.0,2.0409308897669614,0.7109763033209294,2.084686284351825,1.1631426372394296,0.395751161070329,0.4983295327239196,0.37978605565220297,0.770746699471487,0.05
1989,0.37615,False,2,0.0,0.1355,1.0,95.8,0.0,0.0,0.0,1.744924168966617,0.23458653818517528,1.6071011284722239,0.2985515583217667,0.19282563242778658,0.16667670726253975,0.07180000000000121,0.20817002666090306,0.05
1990,0.41815,False,2,0.0,0.20229999999999998,0.9304,74.1,0.0,0.0,0.0,1.8875134933605797,0.2963247713970182,1.8775544169824105,1.0895037822930786,0.3354590604705416,0.29660612305661105,0.2274030589295107,0.6822091767885321,0.05
1991,0.35050000000000003,False,2,0.0,0.0946,1.0,98.4,0.0,0.0,0.0,1.6609248974510151,0.18311946241960203,1.5850793501853948,0.05791901678585073,0.13388790264166625,0.1463020101597694,0.013800000000000482,0.04140000000000145,0.05
1992,0.3736499999999999,False,2,0.0,0.163,0.9347,87.6,0.0,0.0,0.0,1.8202747265151817,0.32557347466814923,1.7783005336590936,0.7692487698077837,0.2814548674617577,0.2997710586472232,0.1843005336590935,0.5529016009772805,0.05
1993,0.4194,False,2,0.0,0.17159999999999997,0.9390000000000001,67.95,0.0,0.0,0.0,1.8663713676933806,0.3576086146442206,1.6445111111111115,0.3388615843280761,0.3061898172284822,0.3024730407862407,0.07980000000000015,0.23940000000000045,0.05
1994,0.40774999999999995,False,2,0.0,0.19049999999999997,1.0,93.75,0.0,0.0,0.0,1.7713917177170644,0.12166770801816833,1.5187000826411812,0.01960136527326054,0.2308470385968608,0.09432740995799307,1.0702193933510557e-197,0.0,0.05
1995,0.4627,False,2,0.0,0.2152,1.0,72.45,0.0,0.0,0.0,1.796925305975104,0.12141427738861797,1.5437000000000005,0.05374392988980217,0.2637512462681907,0.10665723929435074,0.00030000000000025297,0.0009000000000007589,0.05
1996,0.36655,False,2,0.0,0.1335,1.0,100.1,0.0,0.0,0.0,1.7288926889042529,0.17685923703555104,1.5952180555555573,0.22884788771541517,0.18200012491371406,0.1317543749338867,0.05540000000000121,0.16093737912617084,0.05
1997,0.4230999999999999,False,2,0.0,0.1662,1.0,80.0,0.0,0.0,0.0,1.790271794613177,0.2110769088719083,1.529500000532219,0.047839838441433684,0.2312313825551425,0.15638403286137764,1.947229573394608e-209,0.0,0.05
1998,0.44810000000000005,False,2,0.0,0.20580000000000004,0.9304,60.0,0.0,0.0,0.0,1.9085496095471757,0.4506493035627971,1.82386371208554,0.8243786506856426,0.3441337453924215,0.3482737042503088,0.23296371208296351,0.6988911362488905,0.05
1999,0.38634999999999997,False,2,0.0,0.16210000000000002,0.9334,80.7,0.0,0.0,0.0,1.7800094755658828,0.3272212999364323,1.8036908181044438,0.7324557303551501,0.2676929222600417,0.32374972157855764,0.18704514373224454,0.5611354311967336,0.05
2000,0.35115,False,2,0.0,0.10229999999999999,1.0,100.0,0.0,0.0,0.0,1.66171899733092,0.09690361370482951,1.5654451882400224,0.06810213055865845,0.1433807110305485,0.08875877699857564,0.004500000000000469,0.013500000000001407,0.05
2001,0.35724999999999996,False,2,0.0,0.1478,0.9330999999999999,91.6,0.0,0.0,0.0,1.7758423667778438,0.2924243845198221,1.8345282600784394,0.8663081847352203,0.2552289832723811,0.306878232812621,0.19535048230066138,0.5305935643930082,0.05
2002,0.3729,False,2,0.0,0.1288,0.9384,80.35,0.0,0.0,0.0,1.7547142097236634,0.301022196041851,1.6553888690381722,0.3350093928362945,0.23015643799969449,0.2859596482476941,0.09530000001997703,0.23693039068071145,0.05
2003,0.33140000000000003,False,2,0.0,0.21000000000000002,0.7424000000000001,72.4,0.0,0.0,0.0,2.1505665369014846,0.6509632000703036,2.7181962605643926,1.7060911244518935,0.5677622392532538,0.5479532071963884,0.6834484458145477,0.8645279373949806,0.05
2004,0.37644999999999995,False,2,0.0,0.13989999999999997,0.9353999999999999,80.6,0.0,0.0,0.0,1.767766255266853,0.2859639879089104,1.66661272957823,0.3350997650075821,0.24824113436435113,0.28766272522910263,0.07980096031776203,0.23940288095328607,0.05
2005,0.4109999999999999,False,2,0.0,0.1438,1.0,80.45,0.0,0.0,0.0,1.726576194007232,0.15779176333984418,1.5159000000445295,0.018057962255205836,0.1953599526567567,0.13342817066111506,5.386057117721064e-201,0.0,0.05
2006,0.36685,False,2,0.0,0.126,0.9285,80.2,0.0,0.0,0.0,1.7925039266318659,0.46646305410005595,1.8337490071701485,0.9767017687208065,0.2446170355995103,0.36266187809634426,0.1804054684399709,0.5412164053199128,0.05
2007,0.37215,False,2,0.0,0.1308,0.9335000000000001,80.0,0.0,0.0,0.0,1.7292434541491581,0.26961832639313577,1.8097609144095794,0.8347504540730817,0.22894730579880657,0.3030289697682373,0.215960912606457,0.647882737819371,0.05
2008,0.38594999999999996,False,2,0.0,0.1901,0.8692,71.85,0.0,0.0,0.0,1.927478736965817,0.41482803592727097,2.109405876921406,1.0823042999964074,0.39327268450244335,0.40117308759021003,0.4510773355303875,0.8430480636638576,0.05
2009,0.37934999999999997,False,2,0.0,0.1546,0.9240999999999999,80.0,0.0,0.0,0.0,1.8938814337175178,0.5494537029298805,1.90221604812318,0.8020738776011804,0.3311778935384896,0.4299848731503271,0.3066493814564871,0.6715110345652349,0.05
2010,0.406,False,2,0.0,0.1734,1.0,90.35,0.0,0.0,0.0,1.7356339811892991,0.11095256898920469,1.5608000000103477,0.06445742782668548,0.20924971883436766,0.09950467368716517,0.013400000000000476,0.04020000000000143,0.05
2011,0.3959499999999999,False,2,0.0,0.1783,0.9336,80.0,0.0,0.0,0.0,1.789781845564761,0.3432712892813992,1.7590093088625038,0.7733682136614568,0.27974269689678705,0.3176190928204471,0.21611383926469574,0.6483415177940872,0.05
2012,0.34529999999999994,False,2,0.0,0.12719999999999998,0.8834,80.0,0.0,0.0,0.0,1.8066400222491381,0.321417138942232,1.9645653996834085,1.0215531179601895,0.2766655587016743,0.3052989703666344,0.2648775438478492,0.5795229969940442,0.05
2013,0.38345000000000007,False,2,0.0,0.23759999999999998,0.8461000000000001,79.2,0.0,0.0,0.0,2.035871256004106,0.35768206278629744,2.208914668390146,0.9657520366795375,0.4730705460100225,0.34390557700496444,0.5235364302533301,0.7441111306443678,0.05
2014,0.3581,False,2,0.0,0.147,0.9318,90.65,0.0,0.0,0.0,1.848945928829853,0.4608322193643311,1.764523349769826,0.7739245445910137,0.28617133827739216,0.36533230359103197,0.2236292179634245,0.6688900459169901,0.05
2015,0.33885,False,2,0.0,0.182,0.8000999999999999,76.1,0.0,0.0,0.0,2.068466797198011,0.564869573332206,2.2559522587202556,1.2929227971364752,0.49526660671735956,0.49893074599249404,0.4437967031646998,0.7304517818930191,0.05
2016,0.37545000000000006,False,2,0.0,0.18209999999999998,0.8698,75.25,0.0,0.0,0.0,1.9720689707878865,0.5728270822499045,2.4384395789974684,1.597767300038075,0.40516643080901965,0.46218024829546706,0.4880950659838401,0.8235783288362759,0.05
2017,0.37310000000000004,False,2,0.0,0.1062,1.0,90.0,0.0,0.0,0.0,1.6521143882876719,0.08649036689776082,1.5126,0.030146973314082486,0.13932809162821166,0.08688239409601635,5.539703147700534e-237,0.0,0.05
2018,0.3464,False,2,0.0,0.09280000000000001,1.0,100.0,0.0,0.0,0.0,1.6466691314873558,0.1026627463866368,1.5397000000025638,0.06659887386848522,0.12420014362648883,0.10009886996375006,2.639581702708448e-229,0.0,0.05
2019,0.3943,False,2,0.0,0.1573,0.9350999999999999,75.95,0.0,0.0,0.0,1.7885203999132853,0.29991677018858565,1.6371730141959997,0.338665346311646,0.26985971512711027,0.29030424628855306,0.0799078992914134,0.23972369787424017,0.05
2020,0.33044999999999997,False,2,0.0,0.060899999999999996,1.0,100.0,0.0,0.0,0.0,1.6145807050046823,0.09931673973462607,1.5148000444942056,0.018329272831342072,0.08850503637233328,0.08741470355830044,6.083492927224779e-211,0.0,0.05
2021,0.46595000000000003,False,2,0.0,0.1953,1.0,65.85,0.0,0.0,0.0,1.7968939431977025,0.14399330926104575,1.5532078820016648,0.05392249306621561,0.2646582509838527,0.11649273631844821,5.351096988239718e-198,0.0,0.05
2022,0.3549999999999999,False,2,0.0,0.10999999999999999,1.0,100.0,0.0,0.0,0.0,1.6546223644451519,0.09919799624528298,1.5197222222225009,0.032134180486953295,0.1376270730045406,0.09876584717938604,2.161290859918429e-225,0.0,0.05
2023,0.4172,False,2,0.0,0.1464,1.0,78.0,0.0,0.0,0.0,1.6890934504398243,0.10476905316994502,1.558400000000004,0.07608311244948109,0.17830909919574778,0.1056453323147426,9.505453929230635e-213,0.0,0.05
2024,0.41835,False,2,0.0,0.1505,1.0,78.45,0.0,0.0,0.0,1.7486339638826258,0.17401969450165103,1.5284000000093572,0.040583740580046455,0.20258576087968416,0.1290531915191478,2.9015436915343193e-217,0.0,0.05
2025,0.38305,False,2,0.0,0.13299999999999998,0.9483,78.8,0.0,0.0,0.0,1.774771935044146,0.3638212576145507,1.646888888888889,0.34125096662459853,0.23078713025016664,0.2846747471472498,0.07990000000000021,0.2397000000000006,0.05
2026,0.38825,False,2,0.0,0.1125,1.0,84.0,0.0,0.0,0.0,1.7102579210023046,0.20669460055608582,1.5429,0.04967786227284747,0.16683091900344876,0.15377358446981876,6.228416682084617e-208,0.0,0.05
2027,0.41905,False,2,0.0,0.2071,0.8661999999999999,58.8,0.0,0.0,0.0,1.8982112485649378,0.31112965382425034,1.8366810251003503,0.7018726801342047,0.39251846233692234,0.3413979921385653,0.26208024598839236,0.5720622566107224,0.05
2028,0.43889999999999996,False,2,0.0,0.1578,1.0,70.0,0.0,0.0,0.0,1.697228954754133,0.1081059809705446,1.5338168550769489,0.04202313368943296,0.19083918141108364,0.10724308218313638,4.79641037788125e-219,0.0,0.05
2029,0.40185000000000004,False,2,0.0,0.17609999999999998,0.8822000000000001,63.65,0.0,0.0,0.0,1.8980015928832472,0.4206895063693402,1.9032616663840844,0.7921031784980531,0.35880460371845596,0.39595525892201483,0.3278838886063065,0.6816016539730902,0.05
2030,0.3635000000000001,False,2,0.0,0.14550000000000002,0.9335000000000001,88.0,0.0,0.0,0.0,1.7676942465098873,0.27752900871764646,1.7968017329844095,0.7377634752462348,0.24600179923014545,0.27623009613627986,0.16253767040659034,0.4705351538286225,0.05
2031,0.4015500000000001,False,2,0.0,0.1645,1.0,90.35,0.0,0.0,0.0,1.7468542209119104,0.18200418332704077,1.5137414713541673,0.021665967698096388,0.20336917362898807,0.13626093004513956,0.0026000000000004206,0.007800000000001261,0.05
2032,0.3591,False,2,0.0,0.1269,0.9333,85.5,0.0,0.0,0.0,1.801725403790136,0.43262390036343457,1.80163505840954,0.7453855857265982,0.258448403217694,0.3954085173028723,0.20973505840953938,0.5800211158035311,0.05
2033,0.4223,False,2,0.0,0.147,1.0,75.6,0.0,0.0,0.0,1.6991735085839785,0.14320076536906226,1.5441333333333342,0.07819096281966993,0.17864972739738527,0.13794102456516696,0.018200000000000542,0.054600000000001626,0.05
2034,0.3451,False,2,0.0,0.10200000000000001,0.9279999999999999,84.95,0.0,0.0,0.0,1.7856000792819038,0.492291479813763,1.9091912643217532,1.0978333959060815,0.22782734092759993,0.3601401660642197,0.17403487279152235,0.5221046183745671,0.05
2035,0.40035000000000004,False,2,0.0,0.20460000000000003,0.8649000000000001,67.2,0.0,0.0,0.0,1.9185617194571556,0.44057717836147664,2.049117553664968,1.0804115521029027,0.3878212988851547,0.4027182262760089,0.41227024353757535,0.8250597373440186,0.05
2036,0.37039999999999995,False,2,0.0,0.11520000000000001,1.0,93.6,0.0,0.0,0.0,1.6869528258462327,0.13327609275219002,1.5220259602864585,0.022188624452475207,0.15486339934546794,0.11822695756028295,7.252088719932695e-218,0.0,0.05
2037,0.35339999999999994,False,2,0.0,0.2607,0.6658999999999999,54.95,0.0,0.0,0.0,2.318704385422584,0.5944756976658986,2.7196774969020776,1.202520451647877,0.7328211734166008,0.5281541204629602,0.9864815232301096,0.9985903573861767,0.05
2038,0.38059999999999994,False,2,0.0,0.14709999999999998,0.9347,80.15,0.0,0.0,0.0,1.8319522363081941,0.36455833809633986,1.787868693344126,0.7721052533771516,0.2711195160248055,0.322347969221823,0.17974438725875092,0.5174295542787027,0.05
2039,0.38885,False,2,0.0,0.1366,0.9344999999999999,73.35,0.0,0.0,0.0,1.764588490732724,0.27526378890791375,1.7935830337848142,0.792357535853944,0.24083053043381777,0.28351293249838755,0.2009274524582033,0.5915358852976988,0.05
2040,0.3994500000000001,False,2,0.0,0.1355,0.9434000000000001,70.0,0.0,0.0,0.0,1.7144182365580918,0.19771568615865587,1.6260789062500252,0.3419032482036584,0.20579479300544942,0.21342939711562076,0.0821000000000008,0.23905666692230249,0.05
2041,0.42275000000000007,False,2,0.0,0.158,0.9259000000000001,59.6,0.0,0.0,0.0,1.8962780776767716,0.5654254642018732,1.8243105715183148,0.6203244411777816,0.3123312001664461,0.39573020387879126,0.23483047868606852,0.4987276596891474,0.05
2042,0.34779999999999994,False,2,0.0,0.09559999999999999,1.0,100.0,0.0,0.0,0.0,1.6403205616730516,0.10146762711471691,1.5436798749356635,0.04419886551738051,0.1266245800219799,0.0963783054424246,0.005600000000000648,0.011757550765360506,0.05
2043,0.41345000000000004,False,2,0.0,0.1926,0.9295,73.8,0.0,0.0,0.0,1.8939740285022508,0.43615104191194193,1.7910065156808357,0.7807675932075936,0.3306514908636353,0.34405469070485156,0.20445116389791546,0.6133534916937463,0.05
2044,0.32459999999999994,False,2,0.0,0.04920000000000001,1.0,100.0,0.0,0.0,0.0,1.597523462398303,0.05237748536326207,1.5684557414584699,0.10131549413655297,0.07873921506433393,0.054665736099301934,0.020300000000000658,0.06090000000000198,0.05
2045,0.3912,False,2,0.0,0.11920000000000001,1.0,84.2,0.0,0.0,0.0,1.6585510980170266,0.10612836065712337,1.5134368055555556,0.01840879839932379,0.14314824176670657,0.10184418507483525,1.5457614795808437e-225,0.0,0.05
2046,0.36,False,2,0.0,0.0806,1.0,90.15,0.0,0.0,0.0,1.6744338237966017,0.16015652434761593,1.5278000000041936,0.038535178730178955,0.1338699385129749,0.12039287618407025,4.915333897255496e-238,0.0,0.05
2047,0.38180000000000003,False,2,0.0,0.1791,0.8705,71.5,0.0,0.0,0.0,1.9691127788365772,0.5387914333116897,1.970347026745444,0.8928271934563216,0.40587545630454225,0.47017533546120355,0.3216365997997651,0.6904966921302158,0.05
2048,0.36550000000000005,False,2,0.0,0.1286,1.0,99.4,0.0,0.0,0.0,1.7106377089223368,0.12999147061209232,1.5254001468976843,0.039878102920151384,0.1756244360796107,0.11913028144220308,1.8565347096578e-215,0.0,0.05
2049,0.4252499999999999,False,2,0.0,0.15909999999999996,0.9315999999999999,60.05,0.0,0.0,0.0,1.7895568419144543,0.30884203217760564,1.8013400808992646,0.8116513990502282,0.2709658236102307,0.32217933918069447,0.20314008089926464,0.6094202426977938,0.05
2050,0.35514999999999997,False,2,0.0,0.1673,0.8646,80.4,0.0,0.0,0.0,1.9183375668705716,0.4712723634244823,2.2264771959134393,1.1540394915158776,0.38530674876175425,0.4515759485343551,0.4768375434110107,0.7979234216445585,0.05
2051,0.34475,False,2,0.0,0.1432,0.8664999999999999,80.05,0.0,0.0,0.0,1.8651040355534334,0.4313701453288596,1.9038233538514278,0.826652053328889,0.3352149771530679,0.4135683482777777,0.3054789114364737,0.692584106991689,0.05
2052,0.42605000000000004,False,2,0.0,0.14830000000000002,1.0,74.05,0.0,0.0,0.0,1.7276737585277018,0.14421896995513034,1.583544444444446,0.1298171025845887,0.19460333994100243,0.131882300616701,0.04220000000000117,0.09409123232267948,0.05
2053,0.36539999999999995,False,2,0.0,0.16809999999999997,0.8634999999999999,75.2,0.0,0.0,0.0,1.894438738806602,0.372637947916353,2.117949350244233,1.158793217345874,0.3562658131308876,0.38404346495829,0.34948773933666144,0.6996994900475916,0.05
2054,0.38785,False,2,0.0,0.1276,0.9330999999999999,71.25,0.0,0.0,0.0,1.771001706148874,0.2945480042588976,1.666699787336442,0.33408680697947524,0.23500421796306514,0.2823680460552552,0.0898000013536928,0.23794192971683217,0.05
2055,0.3583,False,2,0.0,0.14689999999999998,0.9297000000000001,90.0,0.0,0.0,0.0,1.8336851233377203,0.42981975744711426,1.8340953791095078,0.9462373233939256,0.26581664115092374,0.3513914452432358,0.17002231531737264,0.510066945952118,0.05
2056,0.4053,False,2,0.0,0.1514,1.0,85.2,0.0,0.0,0.0,1.7295776710379538,0.17638636912990385,1.5566,0.06659759755426618,0.2024907277248536,0.12874908105522734,9.504982387463938e-213,0.0,0.05
2057,0.36629999999999996,False,2,0.0,0.1883,0.8681000000000001,80.95,0.0,0.0,0.0,1.9214731909731104,0.3906393430160466,2.050801522642841,1.0320837264821263,0.3881132970796898,0.37580599416591387,0.24393082578786132,0.5047661775124296,0.05
2058,0.44025000000000003,False,2,0.0,0.2057,1.0,81.3,0.0,0.0,0.0,1.849227757976045,0.16950977069466008,1.5137,0.018820467581864148,0.2899016221890584,0.12353367703066101,4.0825629938139403e-203,0.0,0.05
2059,0.3227499999999999,False,2,0.0,0.11639999999999999,0.9289,99.95,0.0,0.0,0.0,1.8455211771079316,0.5913446157496214,2.0403042869524954,1.53771452665275,0.26975938811801436,0.4166071070280763,0.19997928656862526,0.5999378597058759,0.05
2060,0.36495,False,2,0.0,0.18130000000000002,0.8692,80.15,0.0,0.0,0.0,1.9120759928532156,0.4858055402498269,2.0995723582376193,1.1490925769662417,0.3835788597938746,0.43509619512541986,0.3745666033914949,0.7649791706315874,0.05
2061,0.3972,False,2,0.0,0.1887,0.9323,81.65,0.0,0.0,0.0,1.9158506242070472,0.39757378090010814,1.9007304130029277,1.1613359951154323,0.3418337423353365,0.3598987934087361,0.1697658919269618,0.5092976757808854,0.05
2062,0.41394999999999993,False,2,0.0,0.14790000000000003,1.0,80.0,0.0,0.0,0.0,1.7255238658815326,0.13489841397684713,1.5539354166666672,0.07480009495802227,0.19274619268997462,0.11788979358057433,0.0020000000000003127,0.006000000000000937,0.05
2063,0.44705000000000006,False,2,0.0,0.2122,0.9323,62.6,0.0,0.0,0.0,1.9507723954065483,0.4311443233658245,1.8327919162729729,0.7726205831968733,0.3718056152655344,0.33009976372506256,0.21436686218883608,0.5699797719099906,0.05
2064,0.42675,False,2,0.0,0.16229999999999997,0.9324,60.3,0.0,0.0,0.0,1.7858182658391335,0.28571087944355317,1.8020970487648864,0.8651055309387784,0.2726386119390273,0.29617457343805803,0.18362901508188995,0.5508870452456698,0.05
2065,0.3726,False,2,0.0,0.10519999999999999,1.0,90.0,0.0,0.0,0.0,1.6452071064491727,0.08900507439677484,1.5370000000105042,0.05340411971232087,0.13081058635048562,0.0973321121065544,1.2044263903526744e-209,0.0,0.05
2066,0.40165000000000006,False,2,0.0,0.1647,0.9314,73.2,0.0,0.0,0.0,1.8323771984080015,0.40186301604818275,1.7941270129116664,0.8054952423454228,0.29291822912755805,0.3267743045869805,0.19375526457982645,0.5812657937394794,0.05
2067,0.3560500000000001,False,2,0.0,0.1645,0.8708,80.8,0.0,0.0,0.0,1.9005056417662718,0.45817513426554,2.1329038491032244,1.1373250257614884,0.33416899136537187,0.3842572950583219,0.39681143767823623,0.7968188252667475,0.05
2068,0.43484999999999996,False,2,0.0,0.17329999999999998,1.0,75.9,0.0,0.0,0.0,1.706859662395211,0.08819435083082,1.558756467427149,0.05604670133159345,0.20167615541544745,0.08588393665332603,0.0014000000000007021,0.003104834939253389,0.05
2069,0.35724999999999996,False,2,0.0,0.12249999999999998,0.9347999999999999,85.7,0.0,0.0,0.0,1.736248857887326,0.27611256490884234,1.6291574071195012,0.34142385436731426,0.22831552897419502,0.3129348424718618,0.07988951302103993,0.23966853906311975,0.05
2070,0.35225000000000006,False,2,0.0,0.12090000000000001,0.9324,87.2,0.0,0.0,0.0,1.7998949794994243,0.4742501980007208,1.9354048432362876,1.2058412684326414,0.2636006384456383,0.40759024777853853,0.20229369746682155,0.5848889679696699,0.05
2071,0.41190000000000004,False,2,0.0,0.16460000000000002,1.0,85.2,0.0,0.0,0.0,1.7385940781808955,0.12592423234635663,1.533731783358256,0.03922915861106075,0.21521390683560906,0.11459855449404753,1.9010915433978415e-212,0.0,0.05
2072,0.36195,False,2,0.0,0.19440000000000002,0.8633,83.45,0.0,0.0,0.0,1.9791854349865468,0.550777780315483,2.1463061890117343,1.3345717572953286,0.42165586687283085,0.4596358869048254,0.368331293897216,0.7260428578753472,0.05
2073,0.35955000000000004,False,2,0.0,0.1508,0.8483,70.0,0.0,0.0,0.0,1.8761293567799193,0.39309536040532833,1.8603817309757098,0.5175643753782639,0.33994210499282984,0.36071978988833603,0.23950117454005157,0.365844180386587,0.05
2074,0.37814999999999993,False,2,0.0,0.1847,0.9315999999999999,90.0,0.0,0.0,0.0,1.8250684299712518,0.31919566846387737,1.959412195253265,1.3117894798994003,0.3035452332562557,0.3017451502129398,0.19997900094686136,0.599937002840584,0.05
2075,0.40525,False,2,0.0,0.1305,1.0,80.0,0.0,0.0,0.0,1.6831561817043603,0.12914329688108,1.5484307484447524,0.064134277234522,0.16041842013813884,0.1150958000664747,0.01660000000000102,0.03670476808263664,0.05
2076,0.40169999999999995,False,2,0.0,0.1382,1.0,83.7,0.0,0.0,0.0,1.7138748159769743,0.12652994218142188,1.5292999999999999,0.034091201210869664,0.18072511939210426,0.10888187216536709,4.322581718528031e-225,0.0,0.05
2077,0.3528,False,2,0.0,0.0942,1.0,97.15,0.0,0.0,0.0,1.6717382905263822,0.15816640186873818,1.5415000000000003,0.06713158720006555,0.13804618841044572,0.12758150685530428,1.3064198328595219e-201,0.0,0.05
2078,0.4093,False,2,0.0,0.158,1.0,84.85,0.0,0.0,0.0,1.7468341653075925,0.1777226819704829,1.5159000000000007,0.023338594644922273,0.21905600842765346,0.15308298223867906,4.9471750893321784e-207,0.0,0.05
2079,0.37849999999999995,False,2,0.0,0.10959999999999999,1.0,88.15,0.0,0.0,0.0,1.6694870426603778,0.13702808923668083,1.5283286477830682,0.04927446766556588,0.14772570396962287,0.12272379174372595,0.011800000000000452,0.03540000000000136,0.05
2080,0.3479999999999999,False,2,0.0,0.20629999999999998,0.8673,94.4,0.0,0.0,0.0,1.9974165891412263,0.4046468046180509,1.9402177047322045,0.8732049882909022,0.426864727849645,0.3808311085911978,0.3030954828702196,0.661568881275126,0.05
2081,0.48134999999999994,False,2,0.0,0.23970000000000002,0.8783999999999998,38.85,0.0,0.0,0.0,2.063290379021283,0.5518035670833366,2.0702068546359955,1.319975746164546,0.4709461852984143,0.45246487971536853,0.30952143532924536,0.7039762726683209,0.05
2082,0.4134,False,2,0.0,0.1944,0.9352,75.7,0.0,0.0,0.0,1.8426649713287966,0.29689728428206746,1.7988866526873164,0.867172333630008,0.3196768390977136,0.3045199915360361,0.21298665268731637,0.638959958061949,0.05
2083,0.3817999999999999,False,2,0.0,0.1901,0.9282999999999999,88.7,0.0,0.0,0.0,1.847924861810344,0.28391788670536944,1.8154610472654753,0.8251414297135825,0.3173823412147596,0.29143590545756215,0.23229438059740076,0.619818996280208,0.05
2084,0.33924999999999994,False,2,0.0,0.10700000000000001,0.9324999999999999,90.25,0.0,0.0,0.0,1.7674326958505442,0.3534243056072522,1.770919346021485,0.7991848610081521,0.2309981409870129,0.35424384735793857,0.2128193460214848,0.6384580380644543,0.05
2085,0.36554999999999993,False,2,0.0,0.1598,0.8629,72.9,0.0,0.0,0.0,1.8957977029853772,0.43915651263619915,2.2366082231832967,1.2365917877596184,0.35337629542858917,0.4087860885879089,0.4123940980535665,0.6697582499658233,0.05
2086,0.37220000000000003,False,2,0.0,0.1758,0.9286,90.0,0.0,0.0,0.0,1.9041708447792782,0.5251877232161244,1.7712443746541642,0.6740223131156102,0.334340367171754,0.4046740114688837,0.17274437465416412,0.5182331239624924,0.05
2087,0.38570000000000004,False,2,0.0,0.18680000000000002,0.8652000000000001,70.15,0.0,0.0,0.0,2.0021995962733983,0.5276510846217326,1.983938156015817,0.7171754297411413,0.41633303095320606,0.4303440746702638,0.34135887391482533,0.5874841535452681,0.05
2088,0.47945,False,2,0.0,0.22609999999999997,1.0,66.8,0.0,0.0,0.0,1.8358446325811013,0.156797258053903,1.5226984375000001,0.03198969106560206,0.28596601626527085,0.1113145139153881,3.1162692602503186e-208,0.0,0.05
2089,0.39715,False,2,0.0,0.2186,0.9341000000000002,89.6,0.0,0.0,0.0,1.8690524916056777,0.35272476484330245,1.7883915741303393,0.791006699313542,0.35177810708256047,0.32472940633829994,0.19279155217284777,0.5783746565185433,0.05
2090,0.40315,False,2,0.0,0.1684,0.9295,72.9,0.0,0.0,0.0,1.8845756199014345,0.46047541922371177,1.8555804600966113,0.9315814040559449,0.3163715278920293,0.3665981284717662,0.19582664734087377,0.5874799420226212,0.05
2091,0.3923,False,2,0.0,0.1722,0.9336,80.3,0.0,0.0,0.0,1.8395424036931083,0.3294081779701445,1.827661303989818,0.872009766971666,0.3104839898813859,0.3395620875910981,0.2424529618482636,0.7273588855447907,0.05
2092,0.33525,False,2,0.0,0.2557,0.6982,70.85,0.0,0.0,0.0,2.2443955127494615,0.5532387007185934,2.6743522712973555,1.4740267161808374,0.6784271283709176,0.5060402437570494,0.729806280996543,0.8251130360895832,0.05
2093,0.29625,False,2,0.0,0.227,0.7387,93.3,0.0,0.0,0.0,2.263289802912889,0.7258405469413114,2.490229465582664,1.2065344696750406,0.6087275991975003,0.5553067662183576,0.7736293032093282,0.9508615665584783,0.05
2094,0.34909999999999997,False,2,0.0,0.2028,0.792,74.15,0.0,0.0,0.0,2.1086255054203096,0.6717765840532837,2.3912755211336916,1.3512417977214197,0.5102498159866484,0.5113683693318658,0.49641571434541004,0.7402241946063348,0.05
2095,0.42739999999999995,False,2,0.0,0.138,1.0,70.8,0.0,0.0,0.0,1.7009289387049278,0.10832791168104379,1.5162277777777784,0.0228621533446775,0.18122179215278247,0.10941232000513447,0.0010000000000004263,0.003000000000001279,0.05
2096,0.3893,False,2,0.0,0.20589999999999997,0.8671,73.6,0.0,0.0,0.0,1.9839857670866787,0.5939974780208972,2.2756836264702835,1.5888227853057002,0.40906550451701496,0.4549384852274437,0.4014731406352577,0.8029530382345452,0.05
2097,0.39415,False,2,0.0,0.13890000000000002,0.9334,71.0,0.0,0.0,0.0,1.7845584415018085,0.30706790581271043,1.6375337275254762,0.34124066220781185,0.25451056635098435,0.3012054837204962,0.08130076513048132,0.239272038219181,0.05
2098,0.37644999999999995,False,2,0.0,0.184,0.9292999999999999,90.1,0.0,0.0,0.0,1.8585652345665913,0.26811651877684634,1.702968857832564,0.6034908174558923,0.3036219085614135,0.2656999855225068,0.15750270561136,0.46918425630221283,0.05
2099,0.41794999999999993,False,2,0.0,0.2245,0.865,63.4,0.0,0.0,0.0,2.0308235533799186,0.47508255449472064,2.01974926043549,1.0195237401698616,0.4578705027954403,0.43248477445854255,0.4101440175179776,0.8246312409194939,0.05
2100,0.42364999999999997,False,2,0.0,0.16510000000000002,1.0,79.45,0.0,0.0,0.0,1.7046561184451139,0.11286425810614321,1.5036999999999998,0.011099999999999978,0.18692960354855176,0.10549416998809898,9.966071414897506e-207,0.0,0.05
2101,0.32235,False,2,0.0,0.1682,0.8701000000000001,98.4,0.0,0.0,0.0,1.9113054315215194,0.45202823609922443,2.131054830890224,1.1549346744334132,0.36791928894133885,0.43533476463896226,0.42393272419068334,0.8472857090179104,0.05
2102,0.41925,False,2,0.0,0.1676,0.9407,67.45,0.0,0.0,0.0,1.8428315723309558,0.4257851441608653,1.8803721933341524,1.024405550534512,0.29432908925758305,0.3638249291925425,0.19338608222304107,0.5271533096549237,0.05
2103,0.3887,False,2,0.0,0.1798,0.9612,90.9,0.0,0.0,0.0,1.8542310701481615,0.2650583424531477,1.657955555559439,0.336353312916476,0.28674616303213213,0.2171580789429638,0.07990000000000044,0.23970000000000138,0.05
2104,0.40279999999999994,False,2,0.0,0.1863,0.9329000000000001,78.4,0.0,0.0,0.0,1.8279414709925388,0.23961021742717975,1.8190475392491863,0.9349086695764771,0.30804698900409033,0.2618879061158925,0.1692736055772403,0.5078208167317209,0.05
2105,0.4544499999999999,False,2,0.0,0.2851,0.8187999999999999,48.75,0.0,0.0,0.0,2.203349312967643,0.5022728491900327,2.133956132548885,0.9569121613776372,0.588505509849863,0.4390682610017841,0.47619564668819014,0.7894571752409723,0.05
2106,0.4423499999999999,False,2,0.0,0.18429999999999996,1.0,74.9,0.0,0.0,0.0,1.8045969768927113,0.1734588288717392,1.5677668402788574,0.06782468490463245,0.2573926897450812,0.13397027831942465,0.008100000000000478,0.02430000000000143,0.05
2107,0.3646,False,2,0.0,0.1292,1.0,100.0,0.0,0.0,0.0,1.7010246351268326,0.1299092088107589,1.5355007243156433,0.04011163721063635,0.1724232851566383,0.10931089919647095,3.041746474196724e-211,0.0,0.05
2108,0.39265,False,2,0.0,0.12890000000000001,1.0,85.9,0.0,0.0,0.0,1.693668129517334,0.14464057816836087,1.519600121127959,0.03921045112604346,0.1642801485126142,0.12589807433008776,8.165125970043028e-203,0.0,0.05
2109,0.36765,False,2,0.0,0.1355,1.0,100.05,0.0,0.0,0.0,1.6956375086702689,0.16066298351007752,1.5776777777777784,0.10598889354812524,0.17071277149375336,0.13271318059591974,0.017400000000000533,0.0522000000000016,0.05
2110,0.40064999999999995,False,2,0.0,0.1213,1.0,80.0,0.0,0.0,0.0,1.6959776802990365,0.17730753878322583,1.5224,0.04024723592993689,0.16016904111026595,0.14094093008854752,5.225680651569689e-201,0.0,0.05
2111,0.3598,False,2,0.0,0.1569,0.8679,76.3,0.0,0.0,0.0,1.8616469803380213,0.40200216513600895,2.069097779461214,1.0260312871875599,0.34613377994214634,0.4108985613891646,0.39043409318280353,0.7913827115198975,0.05
2112,0.40405,False,2,0.0,0.1289,1.0,80.2,0.0,0.0,0.0,1.674789897088938,0.0962473650956831,1.5299000000000005,0.051725138955830564,0.15897331637492798,0.09324070718262077,0.0012000000000003013,0.003600000000000904,0.05
2113,0.45125000000000004,False,2,0.0,0.2197,0.8728,47.5,0.0,0.0,0.0,1.936916328159451,0.39115983960560247,2.062285397346521,1.0647163048893242,0.4081376751190599,0.3730778249357626,0.38899528073232015,0.7972711255794152,0.05
2114,0.38794999999999996,False,2,0.0,0.1439,1.0,92.0,0.0,0.0,0.0,1.7695530706245823,0.21455950778288682,1.5370000000000001,0.064939972282101,0.20432564848399165,0.16693269762395888,8.396141573562897e-201,0.0,0.05
2115,0.4257500000000001,False,2,0.0,0.1505,1.0,74.75,0.0,0.0,0.0,1.756536410652376,0.1983009249541858,1.5558,0.05524092685681516,0.1991842883584504,0.15062556207893243,4.409010675428553e-193,0.0,0.05
2116,0.37725000000000003,False,2,0.0,0.1081,1.0,88.4,0.0,0.0,0.0,1.6488639642454799,0.09517450626645904,1.5373016049597,0.044156812892316225,0.12988005826000498,0.09078145048223847,4.3225812013113985e-225,0.0,0.05
2117,0.3147000000000001,False,2,0.0,0.0782,0.9364000000000001,96.3,0.0,0.0,0.0,1.7267313699971496,0.3964321763502405,1.7862801408140168,0.7638480604185203,0.19248896017139389,0.36678584167943434,0.21391241994516447,0.6390750440613713,0.05
2118,0.3454,False,2,0.0,0.1564,0.8148,70.1,0.0,0.0,0.0,1.9116897981219474,0.40509328196041117,1.9735039356062227,0.7365478342850424,0.37781312695009334,0.40238530433257186,0.3447699945729267,0.5858501343957303,0.05
2119,0.3667,False,2,0.0,0.15230000000000002,0.9323,87.8,0.0,0.0,0.0,1.8641631803216392,0.4847671262356441,1.9250202617669891,1.206921020688784,0.30214937049486096,0.39479581648332673,0.2237016241998913,0.6318884106133351,0.05
2120,0.37020000000000003,False,2,0.0,0.1366,1.0,99.05,0.0,0.0,0.0,1.7376697197918087,0.1935035410129052,1.5211482638888891,0.032351164424588165,0.19035476263783063,0.1438896202922105,0.0018000000000003096,0.00540000000000093,0.05
2121,0.41274999999999995,False,2,0.0,0.18159999999999998,0.9320999999999999,72.05,0.0,0.0,0.0,1.8192039948310772,0.2832633398637687,1.7181576166190293,0.6240082609566612,0.2976429861560116,0.2975384456311019,0.16547773495028809,0.49643320485086423,0.05
2122,0.4114,False,2,0.0,0.2224,0.869,67.15,0.0,0.0,0.0,2.0271746403371713,0.4618408316020824,2.1823688841730062,1.285652189118765,0.4516073086435316,0.4018057803962799,0.3329466294716255,0.6950827956568099,0.05
2123,0.38175,False,2,0.0,0.2153,0.8154,66.8,0.0,0.0,0.0,1.9772499699306216,0.46411538691238075,2.091884950926623,0.9280125319561603,0.45974743382196176,0.46339872636564305,0.43919287093342285,0.7175528844578971,0.05
2124,0.40295000000000003,False,2,0.0,0.17140000000000002,0.9353,75.2,0.0,0.0,0.0,1.8048203131010188,0.32226627217809173,1.8381448695166973,0.9449411834014502,0.2784154532435673,0.3050728386522279,0.22741361945658292,0.6822408583697488,0.05
2125,0.31660000000000005,False,2,0.0,0.0961,0.9371,100.0,0.0,0.0,0.0,1.7070173819039347,0.29807457770319945,1.835466497569475,0.8165397343559428,0.18444942745589737,0.3006082685595072,0.19260831659804029,0.5778249497941209,0.05
2126,0.42679999999999996,False,2,0.0,0.134,1.0,70.1,0.0,0.0,0.0,1.6897058194734336,0.11767528865604054,1.5082,0.01639999999999997,0.17024839235086184,0.11130172716874868,5.481535991020428e-221,0.0,0.05
2127,0.3492500000000001,False,2,0.0,0.1666,0.8655000000000002,83.4,0.0,0.0,0.0,1.9640538941930075,0.5867240149543924,2.084085692047471,1.0844260383034157,0.38695622597256074,0.46605888946576124,0.41728566492073477,0.8365510092465527,0.05
2128,0.3199,False,2,0.0,0.17060000000000003,0.8694,100.05,0.0,0.0,0.0,1.917652407248715,0.4730923765907063,2.260373614873351,1.5662907487759536,0.3779531164616218,0.44136459953155344,0.36680417042890656,0.7373540579356765,0.05
2129,0.4122999999999999,False,2,0.0,0.20049999999999998,0.9317,76.9,0.0,0.0,0.0,1.8952289008228078,0.39958077293213595,1.8699540156595191,0.9600884232280467,0.33570679678845555,0.3147780701312325,0.22274132848503939,0.6214005751452096,0.05
2130,0.39369999999999994,False,2,0.0,0.1744,1.0,96.75,0.0,0.0,0.0,1.7672615444864885,0.1905110011882309,1.555227780497673,0.0593827578898545,0.2248941009463782,0.1384346530565554,0.0010000000000002984,0.003000000000000895,0.05
2131,0.37009999999999993,False,2,0.0,0.15389999999999998,0.9299,85.9,0.0,0.0,0.0,1.8550144383030713,0.41129691471399255,1.949600575670026,0.8645283380815144,0.30804222878796017,0.38130064022076293,0.29648688706728726,0.6673140160870745,0.05
2132,0.42369999999999997,False,2,0.0,0.17920000000000003,0.9321999999999999,66.0,0.0,0.0,0.0,1.9230076227962425,0.4811309754004163,1.65004965389516,0.33924206290150427,0.3431674587155695,0.3949744510938801,0.08394947224179528,0.2518484167253858,0.05
2133,0.3466,False,2,0.0,0.1687,0.8021,69.4,0.0,0.0,0.0,1.943347356548887,0.39355413034334646,2.1634842074625764,1.0347156321763016,0.4251848169840239,0.42200142362200566,0.4675227174354668,0.7730060986220424,0.05
2134,0.41685,False,2,0.0,0.18009999999999998,0.9368000000000001,70.8,0.0,0.0,0.0,1.848170606893182,0.298546658094955,1.6222555555555558,0.3431025907476923,0.3046346203721947,0.2855225940612436,0.07990000000000022,0.23970000000000063,0.05
2135,0.40330000000000005,False,2,0.0,0.1636,0.898,63.75,0.0,0.0,0.0,1.8408593964741644,0.3040255688876016,1.93257644785789,0.9361957317627567,0.3049096477283666,0.3059986111997714,0.23196619565477977,0.4913426452832427,0.05
2136,0.41595000000000004,False,2,0.0,0.1525,1.0,80.15,0.0,0.0,0.0,1.741858523347614,0.16623184096141466,1.5497333334178676,0.04886962260624022,0.209429176231729,0.1298177792865021,0.005600000000000363,0.016800000000001092,0.05
2137,0.3646499999999999,False,2,0.0,0.1299,1.0,100.15,0.0,0.0,0.0,1.6737663543801324,0.10148500031424967,1.5341921241681609,0.0351744938535123,0.1607439598712086,0.0950002446886673,1.0553178012897509e-228,0.0,0.05
2138,0.37815000000000004,False,2,0.0,0.1163,1.0,90.0,0.0,0.0,0.0,1.6606841377992712,0.08928019711295904,1.513,0.028128277586798648,0.15055637154767726,0.094051514244898,5.276589025238328e-229,0.0,0.05
2139,0.409,False,2,0.0,0.18309999999999998,0.9949,90.0,0.0,0.0,0.0,1.8364899296890715,0.23512641049928143,1.68927777777778,0.33825638333104735,0.2726531663327339,0.1921553192943333,0.10640000000000174,0.2440115571033501,0.05
2140,0.3780499999999999,False,2,0.0,0.20659999999999998,0.8711,80.4,0.0,0.0,0.0,1.9101591446666988,0.4029647704879192,1.8980190820202587,0.7994069513102465,0.39216511048909986,0.39741783383516466,0.2916965293714645,0.6135044421730433,0.05
2141,0.41845,False,2,0.0,0.18289999999999998,0.9343999999999999,70.1,0.0,0.0,0.0,1.866598376274051,0.3982341092984414,2.0475771496881654,1.5529190720430912,0.32480747819331646,0.34900936511658576,0.19999999718647293,0.5999999915594187,0.05
2142,0.36955000000000005,False,2,0.0,0.1792,0.8671,76.8,0.0,0.0,0.0,1.945723305318537,0.5221695016723067,1.9478980953808709,0.9698390930870138,0.38607372013866426,0.43574183765086294,0.29953774705892533,0.6600002911169773,0.05
2143,0.40700000000000003,False,2,0.0,0.23500000000000001,0.9404,90.35,0.0,0.0,0.0,1.9486590416217258,0.3300904930202745,1.6895309231850604,0.3593396405089534,0.3718129782738064,0.26695688440141485,0.12010000325117472,0.25592439197532935,0.05
2144,0.38560000000000005,False,2,0.0,0.1322,1.0,90.25,0.0,0.0,0.0,1.6853351668698948,0.102139500130105,1.5391000276353624,0.051740637675592185,0.1620169362696325,0.09440480942641166,3.458065379464037e-224,0.0,0.05
2145,0.35585000000000006,False,2,0.0,0.11210000000000002,1.0,100.1,0.0,0.0,0.0,1.7067722635852243,0.19805691034331938,1.6632111111111132,0.32069511481572255,0.16808138530616373,0.15669972091172832,0.1040000000000016,0.22623925388844743,0.05
2146,0.403,False,2,0.0,0.15389999999999998,0.9329000000000001,70.2,0.0,0.0,0.0,1.8384135426705508,0.45633220695123927,1.9305660178840298,1.0413389904706787,0.29444422091739086,0.40224453580575015,0.23200768032822405,0.5959046037151066,0.05
2147,0.38430000000000003,False,2,0.0,0.1992,0.8018000000000001,58.1,0.0,0.0,0.0,1.9698430434761822,0.44167776407775017,2.2180014142607796,1.1491458883336974,0.4403962503747819,0.42356402889017397,0.3924880399568311,0.6694129401037688,0.05
2148,0.3909,False,2,0.0,0.1226,1.0,85.2,0.0,0.0,0.0,1.6862876230354917,0.13932145548983665,1.5144,0.03101032086257736,0.1605375104331664,0.12209332093770535,1.2758009403755132e-204,0.0,0.05
2149,0.45425,False,2,0.0,0.19990000000000002,1.0,72.85,0.0,0.0,0.0,1.8383028834549517,0.2041344828052434,1.5347111111111116,0.053542880012193275,0.27517966213986117,0.15542685822072702,0.00960000000000042,0.02880000000000126,0.05
2150,0.38580000000000003,False,2,0.0,0.2057,0.8657,74.95,0.0,0.0,0.0,1.9406675112923994,0.4749831840195349,1.9560360387546734,0.9676234945472707,0.40209652074954355,0.41747330292536305,0.29337780496887966,0.6586080881644402,0.05
2151,0.38959999999999995,False,2,0.0,0.20410000000000003,0.9357,90.15,0.0,0.0,0.0,1.932525934649425,0.3552318368891372,1.8918645839222978,0.7896818543345976,0.36072655504840323,0.31872631119208494,0.29764236170007496,0.6657044007843597,0.05
2152,0.38405,False,2,0.0,0.1965,0.8131999999999999,60.4,0.0,0.0,0.0,1.991469087124425,0.48577723725549277,2.2974078452544973,1.1611403953112354,0.46222971401970653,0.46923211917625596,0.6178411820331963,0.9555834179989434,0.05
2153,0.3974,False,2,0.0,0.11480000000000001,1.0,80.0,0.0,0.0,0.0,1.6560100175140442,0.10809990563796734,1.580355619652738,0.06835817698801606,0.14703282891451785,0.1149071841116996,0.024000000000000996,0.04918536367660801,0.05
2154,0.45755,False,2,0.0,0.1968,0.9295,52.8,0.0,0.0,0.0,1.8355219104718874,0.2709979860629136,1.7531735602143683,0.6625446187044868,0.3161912993800765,0.29163628983976836,0.1815833809547985,0.5047724632683401,0.05
2155,0.4517500000000001,False,2,0.0,0.22490000000000002,1.0,80.35,0.0,0.0,0.0,1.8575982087990799,0.16785820919840827,1.5436000409338226,0.043703963556933165,0.29801370250239223,0.1298483354010416,2.557026738271319e-204,0.0,0.05
2156,0.3617,False,2,0.0,0.1669,0.8797,80.8,0.0,0.0,0.0,1.8363503513773445,0.40027376014926813,1.918877829869917,0.9108967702955879,0.31237990079587546,0.3775575120593586,0.2567989236199164,0.5505814671483454,0.05
2157,0.35775,False,2,0.0,0.19129999999999997,0.8028000000000001,69.65,0.0,0.0,0.0,2.0370690386678265,0.5822557534300785,2.2907811581918835,1.1453573653346791,0.4671091027488082,0.5027072498529668,0.611945741525213,0.9387732410705855,0.05
2158,0.36649999999999994,False,2,0.0,0.12080000000000002,0.9321999999999999,80.0,0.0,0.0,0.0,1.743681087073541,0.34147106712179687,1.865196653733295,0.9750022231867302,0.23341845164796227,0.3393225229990627,0.19396874848609197,0.5641360240818237,0.05
2159,0.36765000000000003,False,2,0.0,0.1751,0.9394,94.8,0.0,0.0,0.0,1.8364416643599402,0.40532991850005623,1.767251866310889,0.7745910755649674,0.28802579973653475,0.3396557431809012,0.22388519964422215,0.6716555989326665,0.05
2160,0.39269999999999994,False,2,0.0,0.1702,0.9352,80.0,0.0,0.0,0.0,1.777581625917605,0.2598038192337007,1.7978244280296942,0.8043973330319021,0.26654850455969614,0.26901870887117224,0.1789539687562607,0.536861906268782,0.05
2161,0.41870000000000007,False,2,0.0,0.18,0.9342,69.2,0.0,0.0,0.0,1.846917512316045,0.41176686763641757,1.8420405583484012,0.9134866837131296,0.30302514041847395,0.35174658783960616,0.22626278057062313,0.64168909829749,0.05
2162,0.4183,False,2,0.0,0.2003,0.9323,74.0,0.0,0.0,0.0,1.946077294503045,0.4467394429796283,1.9145181554732211,1.200228875764247,0.367391767219054,0.3719000055670032,0.19149718380316974,0.5744915514095091,0.05
2163,0.39915,False,2,0.0,0.13430000000000003,1.0,84.0,0.0,0.0,0.0,1.7044892959444844,0.14754267569306964,1.5535501736111648,0.10562807080735079,0.18283408129655218,0.13862116365001081,0.03220000000000138,0.07445374402943264,0.05
2164,0.38034999999999997,False,2,0.0,0.1642,0.9323,83.95,0.0,0.0,0.0,1.7959339849251386,0.28545273812273236,1.8202780234856533,0.8100564013061795,0.2782679072198696,0.30150419126416966,0.11600000000000002,0.348,0.05
2165,0.3736499999999999,False,2,0.0,0.11170000000000002,1.0,91.1,0.0,0.0,0.0,1.6787529966576682,0.11931822924497008,1.5526888890835766,0.07695268415401813,0.14663685633607482,0.09817930072164698,0.015400000000000502,0.046200000000001504,0.05
2166,0.36485,False,2,0.0,0.16469999999999999,0.9464,95.35,0.0,0.0,0.0,1.9386606011237053,0.6436957156015061,1.8657070149318176,0.9725665346240946,0.3169437000770322,0.42505232394872894,0.2236684391157024,0.6473613215781653,0.05
2167,0.41469999999999996,False,2,0.0,0.23040000000000002,1.0,100.25,0.0,0.0,0.0,1.8484124679164367,0.13475897259437922,1.5546777777777814,0.10043682923443724,0.29160861905035174,0.08833447784650675,0.022800000000000608,0.06840000000000183,0.05
2168,0.3318999999999999,False,2,0.0,0.12979999999999997,0.9339999999999999,100.0,0.0,0.0,0.0,1.7790080617895812,0.32897557900193597,1.831574747979915,0.7941229292564865,0.2534841395424833,0.3322147811643676,0.2525525257576926,0.6405307757792984,0.05
2169,0.3699,False,2,0.0,0.13340000000000002,1.0,98.4,0.0,0.0,0.0,1.7317438572689334,0.2134681297227952,1.5486000008543637,0.0673323106280426,0.18388340487678603,0.15836631213989036,8.76723556540938e-194,0.0,0.05
2170,0.36375,False,2,0.0,0.1547,0.9336,90.2,0.0,0.0,0.0,1.888286401905694,0.5356723840885176,1.809233090893375,0.8467441133098255,0.2966837883582617,0.37007695818299025,0.2218664241884835,0.6655992725654505,0.05
2171,0.3547999999999999,False,2,0.0,0.1543,0.8753,80.0,0.0,0.0,0.0,1.8661589281918378,0.4775073582707486,2.065677827428291,1.0563813974169955,0.3426483649108601,0.44839266905500497,0.4206970733602441,0.8413941704841105,0.05
2172,0.40130000000000005,False,2,0.0,0.16260000000000002,1.0,90.0,0.0,0.0,0.0,1.7341274361144876,0.18060645701006417,1.5588140625102729,0.055661643896064095,0.20018270157533707,0.1389391027394421,0.006300000000000736,0.01729768770674384,0.05
2173,0.3619,False,2,0.0,0.1876,0.869,83.2,0.0,0.0,0.0,1.9265531537874967,0.4898575342551551,2.1158723674963973,1.212057725897734,0.38868872090841505,0.4523405189688957,0.40903057137359156,0.8219835715328584,0.05
2174,0.42435,False,2,0.0,0.1655,1.0,79.2,0.0,0.0,0.0,1.7487307848223907,0.14474910426795068,1.5341999999999998,0.02757825230140591,0.21319807096172508,0.10876615025927497,5.495900554012799e-225,0.0,0.05
2175,0.36510000000000004,False,2,0.0,0.10800000000000001,1.0,94.45,0.0,0.0,0.0,1.723598891256789,0.18736483270338636,1.5268660743607418,0.04007708501131855,0.17352889072600472,0.14477227357359226,2.9213736225389427e-220,0.0,0.05
2176,0.40385000000000004,False,2,0.0,0.18519999999999998,0.9297000000000001,76.8,0.0,0.0,0.0,1.8742426959661564,0.440179741484112,1.8016089398967583,0.7682850721230428,0.3211923492151425,0.36270916126710495,0.2111451551173155,0.6334354653519465,0.05
2177,0.40800000000000003,False,2,0.0,0.23149999999999998,0.8653000000000001,70.2,0.0,0.0,0.0,2.057102101076581,0.5540883898373719,2.02341536067103,1.0197609525244193,0.46883643727804225,0.4583597199727507,0.3887545621237864,0.7656761867892934,0.05
2178,0.41759999999999997,False,2,0.0,0.16209999999999997,0.9347,65.4,0.0,0.0,0.0,1.7550442432716236,0.24224429166622888,1.7608278415411,0.670132597696982,0.2558245146091606,0.28395424089011445,0.15468451377753284,0.4640535413325985,0.05
2179,0.3575499999999999,False,2,0.0,0.10869999999999999,0.9304,81.0,0.0,0.0,0.0,1.8140937597805007,0.546871244766942,1.8126973862992979,0.7416018493657951,0.2603322131899808,0.43072961948357735,0.189697386299297,0.569092158897891,0.05
2180,0.3923,False,2,0.0,0.146,1.0,90.35,0.0,0.0,0.0,1.7303574404007829,0.17890112602144645,1.511975,0.018311352353116934,0.19525128563842137,0.14367059396629153,7.786773534219023e-209,0.0,0.05
2181,0.4317499999999999,False,2,0.0,0.303,0.6740999999999999,28.4,0.0,0.0,0.0,2.315274198688109,0.5590806754082667,2.998152368196771,1.5669219360853044,0.7025491459096527,0.4496175079454695,0.9507318116809284,0.95604283647475,0.05
2182,0.41415,False,2,0.0,0.17309999999999998,0.9352,70.0,0.0,0.0,0.0,1.7696116765529417,0.2602042654025972,1.80992421115,0.8576838135629203,0.26926934513113066,0.27965559350879,0.11080000000000037,0.3167234756060876,0.05
2183,0.4518,False,2,0.0,0.17400000000000002,1.0,67.6,0.0,0.0,0.0,1.7777182066545858,0.1751010547594373,1.5439,0.04794882688867375,0.2334181554994478,0.1439238963081285,1.5208732366307752e-211,0.0,0.05
2184,0.3739,False,2,0.0,0.177,0.8632,73.1,0.0,0.0,0.0,1.9113060378811273,0.42262995804412257,2.1960056411025963,1.4120538716978583,0.38615769554362994,0.4023607408290455,0.3970114402183085,0.7757088603633906,0.05
2185,0.34005,False,2,0.0,0.13390000000000002,0.9286,95.6,0.0,0.0,0.0,1.8864713775363697,0.5311760073671076,1.8171687329225032,0.7959102335565221,0.2931201999544602,0.3977499177431922,0.22096873292250313,0.6629061987675094,0.05
2186,0.3781500000000001,False,2,0.0,0.1949,0.8780000000000001,79.15,0.0,0.0,0.0,1.9270775792859862,0.47517819532827765,1.7988917409581195,0.5823531182511583,0.38248501763700105,0.4277555648957475,0.24286831618593072,0.5200401924830286,0.05
2187,0.3555,False,2,0.0,0.1376,0.9334,90.0,0.0,0.0,0.0,1.7985738253820949,0.39244051896749144,1.7608873978393564,0.7247071913025996,0.25959287355468386,0.3615933630732848,0.21999850894020212,0.6408955206475895,0.05
2188,0.38715000000000005,False,2,0.0,0.1463,1.0,93.0,0.0,0.0,0.0,1.7307913460561803,0.16315039689090782,1.5322,0.03807834029996581,0.19900410914339026,0.13467258411034128,6.379004706861358e-205,0.0,0.05
2189,0.36795,False,2,0.0,0.1786,0.8680999999999999,77.7,0.0,0.0,0.0,2.061830913992806,0.5994596758983423,1.8909341365545707,0.7979892731782677,0.4345164258249007,0.45133548502026843,0.291073253139751,0.6519646380240762,0.05
2190,0.36695,False,2,0.0,0.17880000000000001,0.8751,80.0,0.0,0.0,0.0,1.8714577564749892,0.3849625528883745,1.9118851064728535,0.6820301654764284,0.3437455476245508,0.36432471125531496,0.2877604630209497,0.5238219656451587,0.05
2191,0.3959499999999999,False,2,0.0,0.15520000000000003,0.9324999999999999,73.95,0.0,0.0,0.0,1.7952534518724286,0.2748492606090006,1.8539500310196089,0.9855530299048113,0.2696716926975943,0.2846576134993548,0.20815589921320726,0.5805520655456631,0.05
2192,0.36255,False,2,0.0,0.18719999999999998,0.8067,67.2,0.0,0.0,0.0,1.9487794690954257,0.41839231126407966,2.2070166291311315,1.1525958285788216,0.4324761515535108,0.44306503653861273,0.4767175925629862,0.7825434357369462,0.05
2193,0.36849999999999994,False,2,0.0,0.12160000000000001,0.9315999999999999,79.05,0.0,0.0,0.0,1.7527486956846339,0.3277664322711912,1.7946860998544725,0.7976229312215098,0.2364385891835774,0.3317292884138453,0.2151416554100282,0.6454249662300846,0.05
2194,0.36005000000000004,False,2,0.0,0.1505,0.9296,90.0,0.0,0.0,0.0,1.8304651797058955,0.4482204292451799,1.9318491176357455,1.2577800860260622,0.29264815772648245,0.3841386963055699,0.19874387471820035,0.5962316241546011,0.05
2195,0.4221499999999999,False,2,0.0,0.1905,0.9338,70.0,0.0,0.0,0.0,1.812834126345989,0.28112112744631756,1.8563248964313108,0.8009741278149173,0.3059849750859955,0.3037978893205013,0.1939556864653902,0.49841067817517126,0.05
2196,0.41600000000000004,False,2,0.0,0.1182,1.0,71.55,0.0,0.0,0.0,1.6845932096150165,0.11931623211759139,1.5682000000037064,0.08221897591377465,0.15867679193145917,0.1133586922527396,2.1701187502139884e-213,0.0,0.05
2197,0.39115,False,2,0.0,0.1629,0.9362,79.2,0.0,0.0,0.0,1.847959004344754,0.39613568181213166,1.6327415161668668,0.32286218162016234,0.3038799896916535,0.36943128718873985,0.08158961709027128,0.24476885127081388,0.05
2198,0.40129999999999993,False,2,0.0,0.1495,0.9362999999999999,70.8,0.0,0.0,0.0,1.7764933337193984,0.27460338106177534,1.6461587531158792,0.3313305343308146,0.2570127577887665,0.2891006220866579,0.08106073475757516,0.24318220427272552,0.05
2199,0.4041,False,2,0.0,0.14139999999999997,1.0,83.3,0.0,0.0,0.0,1.7505145077814526,0.1653128854046602,1.54430000000154,0.058431241646013,0.19771090138207317,0.1258577146065594,2.8328471507552863e-220,0.0,0.05
2200,0.31810000000000005,False,2,0.0,0.1234,0.8568000000000001,86.0,0.0,0.0,0.0,1.9866514169253626,0.7426480670462228,2.135979723692017,1.234972010384302,0.3686001570679426,0.5358428613527118,0.4275482775084901,0.8400241295692259,0.05
2201,0.35819999999999996,False,2,0.0,0.14489999999999997,0.9343,90.7,0.0,0.0,0.0,1.7922570605211667,0.27686461402763946,1.6345115082529724,0.3404026512358673,0.26025471679139145,0.2826046338814184,0.0798000000000043,0.2394000000000129,0.05
2202,0.39160000000000006,False,2,0.0,0.19390000000000002,0.8693000000000002,70.0,0.0,0.0,0.0,1.9017973682316367,0.4032803712008458,2.0616183300625983,1.0893074805424172,0.37030023546920643,0.3848312236537359,0.3499563849053796,0.6999271991890081,0.05
2203,0.4004499999999999,False,2,0.0,0.20349999999999996,0.8667999999999999,67.35,0.0,0.0,0.0,1.9123109758646575,0.4407316917773202,2.077378250978633,1.1063691075853512,0.39267166226444544,0.42439772228675715,0.3405916670463923,0.6688511258630051,0.05
2204,0.4099499999999999,False,2,0.0,0.21000000000000002,0.9320999999999999,80.55,0.0,0.0,0.0,1.9226835956593777,0.40379057135423263,1.7992473592606497,0.7921738259657817,0.3643186503769568,0.37126066109449474,0.19544735926064963,0.5863420777819489,0.05
2205,0.41525000000000006,False,2,0.0,0.1259,1.0,73.85,0.0,0.0,0.0,1.6983254120093132,0.14264267264805625,1.5593903300709202,0.104379704110791,0.1679720867211321,0.1197367914557882,0.024400000000000633,0.07320000000000189,0.05
2206,0.4703,False,2,0.0,0.1834,1.0,60.7,0.0,0.0,0.0,1.7259787742699733,0.11228281842448068,1.56389461805975,0.07666722792677046,0.2116516047720723,0.10856561259248873,0.010300000000000522,0.03090000000000157,0.05
2207,0.41585000000000005,False,2,0.0,0.1646,0.9349000000000001,66.95,0.0,0.0,0.0,1.7703374354273902,0.2599531661865015,1.8030883293621343,0.7692636036622309,0.24415515809918067,0.26501155622405187,0.186382533158332,0.559147599474996,0.05
2208,0.41375,False,2,0.0,0.2192,0.8671,64.7,0.0,0.0,0.0,1.9293175106318141,0.46127371744356566,2.1849538246371956,1.3748989381227776,0.41016789142227,0.42049627557164193,0.4412153716456567,0.8824464372270744,0.05
2209,0.3617,False,2,0.0,0.1242,1.0,100.2,0.0,0.0,0.0,1.6955417699684605,0.11009333203987881,1.5267667052467668,0.0323165903018536,0.16275679148840597,0.09636916870914809,0.0008000000000002956,0.002400000000000887,0.05
2210,0.34445000000000003,False,2,0.0,0.13670000000000002,0.9316000000000001,94.85,0.0,0.0,0.0,1.8210999409174893,0.371720236989312,1.8393489804420944,0.7479381873203877,0.2801405806399837,0.3509022573086273,0.2168078271095192,0.5361633705925555,0.05
2211,0.40854999999999997,False,2,0.0,0.1173,1.0,75.05,0.0,0.0,0.0,1.6917674140080543,0.14054642072761508,1.5427000000000006,0.04664557856860573,0.15957776081574196,0.12087389600853332,5.2824522154138914e-219,0.0,0.05
2212,0.4126000000000001,False,2,0.0,0.2192,0.933,81.75,0.0,0.0,0.0,1.89984399158218,0.41566025835100223,1.874341465466188,1.063212428133967,0.3545912919947509,0.3518232170336092,0.17948847280137187,0.5344773928520127,0.05
2213,0.38949999999999996,False,2,0.0,0.1924,0.8666,70.0,0.0,0.0,0.0,1.9162527160071885,0.4550906134311255,2.0942002308026426,1.0686235316890351,0.39551720466284235,0.4332399778407267,0.3887500388068016,0.769025099945873,0.05
2214,0.34134999999999993,False,2,0.0,0.19419999999999998,0.8629,93.6,0.0,0.0,0.0,1.869285944115878,0.37831298383363315,2.0420965152533013,0.919638512679407,0.3655126712757411,0.3846758041684381,0.3776455094655016,0.7112666333152771,0.05
2215,0.4089999999999999,False,2,0.0,0.13799999999999998,1.0,80.0,0.0,0.0,0.0,1.7025549731240546,0.13205319303198354,1.539200000008764,0.04252011289260222,0.1772074568363721,0.12525599870557316,2.9036683291917644e-217,0.0,0.05
2216,0.4091,False,2,0.0,0.139,1.0,80.2,0.0,0.0,0.0,1.7233068498867297,0.13975875307253402,1.5317835088941787,0.03726034624914128,0.19647357900000634,0.1230700794875169,1.8130221775283177e-218,0.0,0.05
2217,0.37835,False,2,0.0,0.1552,0.9471,86.4,0.0,0.0,0.0,1.8281529883920773,0.4242555190376,1.6334111111111114,0.3391513084155812,0.27463971101341816,0.3400464770453059,0.07980000000000022,0.23940000000000064,0.05
2218,0.34169999999999995,False,2,0.0,0.0834,1.0,100.0,0.0,0.0,0.0,1.6437399801075654,0.11222716241796238,1.5227391332733196,0.03104373083417381,0.11854242652916158,0.1085471865634559,2.0412815033761257e-203,0.0,0.05
2219,0.36354999999999993,False,2,0.0,0.14739999999999998,0.9365,89.2,0.0,0.0,0.0,1.756154293577285,0.26790986731450067,1.8058235397320181,0.6795132196529784,0.2443573127252235,0.2787549089696328,0.20807518367570527,0.4744195332103281,0.05
2220,0.35675000000000007,False,2,0.0,0.1424,0.9311,90.0,0.0,0.0,0.0,1.7225157291657989,0.23450636006992284,1.8305511189117998,0.8010368700020842,0.2232482698516789,0.2662218386047088,0.19076516041600713,0.5097253322448897,0.05
2221,0.35575,False,2,0.0,0.1516,0.8743000000000001,78.6,0.0,0.0,0.0,1.8846462371702635,0.4624963381147255,1.8854149298105454,0.8072437484949498,0.3467718861838278,0.43365651825744805,0.3054523496374873,0.667940119001982,0.05
2222,0.39535,False,2,0.0,0.14109999999999998,1.0,87.6,0.0,0.0,0.0,1.6964136348031396,0.14955678233019645,1.5173,0.019214838016491303,0.17386915808202544,0.1331510874932853,2.8055159323576224e-192,0.0,0.05
2223,0.39315,False,2,0.0,0.22079999999999997,0.9305,91.25,0.0,0.0,0.0,1.9603272970388363,0.4785693902014863,1.7607983951156387,0.7688257004383711,0.3735755044454834,0.35974181300045716,0.20469839511563853,0.6140951853469155,0.05
2224,0.41669999999999996,False,2,0.0,0.14200000000000002,0.9349999999999999,60.9,0.0,0.0,0.0,1.8097497010626011,0.29620034931373773,1.627055555173209,0.34163620074055284,0.271882217683119,0.29321159766505367,0.07990000000000358,0.23970000000001074,0.05
2225,0.3666999999999999,False,2,0.0,0.21999999999999997,0.8735999999999999,90.05,0.0,0.0,0.0,1.943028410587474,0.3953422159056397,2.1445326688112143,1.234222458013944,0.42198666261783757,0.3918358639777404,0.3429892676969211,0.6863616404207408,0.05
2226,0.36465,False,2,0.0,0.1149,1.0,96.4,0.0,0.0,0.0,1.6859984768446137,0.13314736182372314,1.5089,0.015423683088030535,0.16570211415090022,0.12633095516975718,1.7713939841477441e-221,0.0,0.05
2227,0.3813,False,2,0.0,0.1632,1.0,100.15,0.0,0.0,0.0,1.74814507243063,0.15809366557877197,1.538052777777778,0.051214554815989584,0.2051455990168658,0.13458480658824526,1.9934389712266482e-206,0.0,0.05
2228,0.37990000000000007,False,2,0.0,0.21100000000000002,0.931,95.55,0.0,0.0,0.0,1.9230510931655782,0.3760701023771925,1.818316299414714,0.8682613919155803,0.3474461349225172,0.3284713708825532,0.21382976311531038,0.6185081579974533,0.05
2229,0.3589,False,2,0.0,0.1296,0.9366,87.1,0.0,0.0,0.0,1.755792396250398,0.23738928123537856,1.6356916951974234,0.34552742812747494,0.22935560908091715,0.24632571702015693,0.07970000000000019,0.23910000000000056,0.05
2230,0.36524999999999996,False,2,0.0,0.14909999999999998,0.9328,87.85,0.0,0.0,0.0,1.8012237149637784,0.3530166094069409,1.794166016664856,0.7818637623558291,0.268713165666349,0.33410793095315855,0.2015880652759669,0.588612183154852,0.05
2231,0.37825000000000003,False,2,0.0,0.19990000000000002,0.9326000000000001,94.0,0.0,0.0,0.0,1.9353738227919859,0.47921010515035667,2.0227333126302676,1.5129931874953924,0.35858380596358275,0.3807656882271455,0.19999997929693378,0.5999999378908013,0.05
2232,0.37155,False,2,0.0,0.1499,0.8684000000000001,68.8,0.0,0.0,0.0,1.845711494531748,0.4212138891672388,2.021874793528812,1.0014436019948667,0.3368389342225579,0.4368886357803627,0.3655362172779653,0.7349468761107134,0.05
2233,0.42400000000000004,False,2,0.0,0.18819999999999998,0.9400000000000001,70.05,0.0,0.0,0.0,1.86499647890105,0.44451591657111106,1.8849568229839275,1.1181609717012253,0.3255644427771639,0.38163542700468034,0.18809553826170325,0.5642866147851098,0.05
2234,0.36244999999999994,False,2,0.0,0.11150000000000002,1.0,96.65,0.0,0.0,0.0,1.6641232355679763,0.10292893728226254,1.5507199629878512,0.05457453345188402,0.14474336115039008,0.09810198317086913,0.00030000000000036665,0.0009000000000010998,0.05
2235,0.35749999999999993,False,2,0.0,0.22749999999999998,0.8000999999999999,78.15,0.0,0.0,0.0,2.0321599652370006,0.4761778076304362,2.1768756286165987,1.1290369636754896,0.5039608363534197,0.4565394061244179,0.46382126668617935,0.7722237557085606,0.05
2236,0.4619500000000001,False,2,0.0,0.2217,0.9324,57.55,0.0,0.0,0.0,1.9032389270828332,0.43685182646558934,1.8546958526448925,1.0152811229253196,0.3591903459516157,0.33455915749571524,0.17653786676487943,0.5296136002946382,0.05
2237,0.46064999999999995,False,2,0.0,0.1517,1.0,57.6,0.0,0.0,0.0,1.7321586091589793,0.135319541044166,1.6319555555555567,0.3192917439862486,0.19575848227997206,0.10955662184178938,0.07540000000000084,0.22620000000000254,0.05
2238,0.37359999999999993,False,2,0.0,0.19549999999999998,0.8716999999999999,80.0,0.0,0.0,0.0,1.8785691120694517,0.3373511247069092,1.8501202248533748,0.7156498265948228,0.35961533020149955,0.3379923514592468,0.25725622694876193,0.5518195104246919,0.05
2239,0.35950000000000004,False,2,0.0,0.12429999999999997,0.9339000000000001,84.8,0.0,0.0,0.0,1.7479676929220935,0.34057066874438047,1.7926791426922393,0.7579498615692571,0.23376137686171994,0.3418345396566575,0.19507914269223883,0.5852374280767165,0.05
2240,0.38725,False,2,0.0,0.19619999999999999,0.9357,89.35,0.0,0.0,0.0,1.8486979900492373,0.3061206300535409,1.803827524309694,0.7837084161139719,0.31868209432986644,0.3171606986208523,0.21532743207879093,0.6360451879592267,0.05
2241,0.3610500000000001,False,2,0.0,0.11210000000000002,0.9812000000000001,92.8,0.0,0.0,0.0,1.675719247658796,0.11187426329417072,1.6495222222222243,0.33908045969673745,0.1565943686930791,0.09613569545511885,0.09390000000000136,0.23871089208496807,0.05
2242,0.35350000000000004,False,2,0.0,0.1614,0.8666,80.25,0.0,0.0,0.0,1.9617751092029359,0.5370307975472004,1.957731566523746,0.9608479155391333,0.3942677796709024,0.4786945993700562,0.27319293540581074,0.602340174185582,0.05
2243,0.39225,False,2,0.0,0.1626,0.9419000000000001,80.0,0.0,0.0,0.0,1.7966976024458308,0.23167346608199646,1.7487529771677566,0.44283179737714484,0.27060027173046575,0.24524761963250777,0.15740000000000093,0.31484574000611976,0.05
2244,0.34650000000000003,False,2,0.0,0.18309999999999998,0.8651,88.8,0.0,0.0,0.0,1.8811721078321952,0.34358273354438357,1.8496044970969046,0.731175475986279,0.37342299339130564,0.3868202365244989,0.26342825252839003,0.5744575380056663,0.05
2245,0.34320000000000006,False,2,0.0,0.09780000000000001,0.9374,87.2,0.0,0.0,0.0,1.7485628936930138,0.274268164421128,1.6394111111111116,0.34000481859330695,0.20226772208913985,0.2500046178586568,0.07980000000000032,0.23940000000000095,0.05
2246,0.3625999999999999,False,2,0.0,0.11980000000000002,0.9391999999999999,83.45,0.0,0.0,0.0,1.7928659848424946,0.4335371922389335,1.780592725006532,0.7510851360297386,0.24295408711790029,0.37900209877514585,0.16654052238267486,0.4996215671480246,0.05
2247,0.36979999999999996,False,2,0.0,0.1398,1.0,100.05,0.0,0.0,0.0,1.754813611518466,0.20174876920652682,1.530983506973585,0.048408528473060104,0.19635511575472178,0.1507194790160005,0.0006000000000002928,0.001800000000000878,0.05
2248,0.48475,False,2,0.0,0.20950000000000002,1.0,60.0,0.0,0.0,0.0,1.8050294695724936,0.19599239601201066,1.5132,0.018389127222356118,0.26047522981760307,0.16241364730579308,8.977650981791672e-191,0.0,0.05
2249,0.43714999999999987,False,2,0.0,0.20259999999999997,0.9324999999999999,65.2,0.0,0.0,0.0,1.8686653631024506,0.29061575613498086,1.782969717660293,0.7724025419926935,0.3265029632217155,0.28076208976845807,0.2265586065438026,0.6599183184352198,0.05
2250,0.43665,False,2,0.0,0.1782,0.9350999999999999,60.0,0.0,0.0,0.0,1.7846733167822404,0.2751923645301946,1.6484430776594483,0.3414458024692763,0.27113069282685054,0.28388250012102734,0.07991671228788397,0.2397501368636519,0.05
2251,0.3588,False,2,0.0,0.20929999999999999,0.8589,87.65,0.0,0.0,0.0,2.0561025687949277,0.5912135230123776,2.2853476909551107,1.601321050716776,0.444039646834542,0.4420578244239744,0.3743594627767322,0.7509101480586226,0.05
2252,0.4459,False,2,0.0,0.2234,0.8892,55.2,0.0,0.0,0.0,1.9352034297557903,0.32581897402832927,1.855079671894309,0.7016270192726712,0.3976656583555459,0.31869438495725055,0.27154679116902425,0.5978188403351316,0.05
2253,0.3983,False,2,0.0,0.2024,0.9366,85.6,0.0,0.0,0.0,1.8460360270876648,0.33275262788009435,1.7521095146472654,0.6555925459682315,0.31199879622509324,0.30730484175276407,0.17120951464726542,0.5136285439417962,0.05
2254,0.38445000000000007,False,2,0.0,0.11610000000000002,1.0,86.8,0.0,0.0,0.0,1.6737182816449327,0.16470130875233271,1.5489005777092668,0.056103021714879915,0.15137242655864783,0.1408903486732629,1.6330252004636468e-202,0.0,0.05
2255,0.41615000000000013,False,2,0.0,0.22399999999999998,0.8123000000000001,51.0,0.0,0.0,0.0,2.0993502935208967,0.5836128210441128,2.3033395133396644,1.2095246562852064,0.5255171551358498,0.5117632148606354,0.5695554628740048,0.8795945443836756,0.05
2256,0.36469999999999997,False,2,0.0,0.1312,1.0,100.45,0.0,0.0,0.0,1.7118594000468748,0.13925986204936192,1.5392,0.05338314340688454,0.1757295682957482,0.12397869007807102,5.940911147672604e-214,0.0,0.05
2257,0.36160000000000003,False,2,0.0,0.1382,0.9362,87.8,0.0,0.0,0.0,1.8087476691250877,0.3856588775928785,1.6218444444444535,0.3424660502233392,0.26969909423757565,0.3465611353097013,0.07950000000000335,0.23850000000001004,0.05
2258,0.40945,False,2,0.0,0.1389,1.0,80.0,0.0,0.0,0.0,1.7094009697761412,0.13449727846636828,1.5462279513937844,0.0637671296535522,0.18642690936973202,0.10371933559497219,0.007900000000000488,0.023700000000001463,0.05
2259,0.39134999999999986,False,2,0.0,0.169,0.9536999999999999,85.0,0.0,0.0,0.0,1.855390617279718,0.29495930029279344,1.6368555555555566,0.3392847853287232,0.2944958427573881,0.25104869795104906,0.07990000000000078,0.2397000000000023,0.05
2260,0.44010000000000005,False,2,0.0,0.18309999999999998,0.9371,60.0,0.0,0.0,0.0,1.856249261491012,0.3156642087257686,1.8040081476695526,0.8841704676343616,0.32163774207916207,0.3137140422171712,0.16740814766955225,0.5015581307931078,0.05
2261,0.39669999999999994,False,2,0.0,0.13579999999999998,1.0,85.6,0.0,0.0,0.0,1.6569267981416531,0.07815227274428053,1.5517777780676778,0.06539062122037945,0.16155407406595976,0.08509168647128879,0.00480000000000048,0.014400000000001441,0.05
2262,0.4244,False,2,0.0,0.13840000000000002,1.0,72.4,0.0,0.0,0.0,1.7007295042278117,0.15049000035236595,1.5399000000000094,0.06631206526721434,0.17938561512535042,0.14023531036809464,4.6362327449983613e-207,0.0,0.05
2263,0.36389999999999995,False,2,0.0,0.1278,1.0,100.0,0.0,0.0,0.0,1.6768925011780194,0.08502335763141577,1.541501883008745,0.0400699237533883,0.16370294399303498,0.08486667630625026,9.828413196801695e-238,0.0,0.05
2264,0.4716,False,2,0.0,0.1898,1.0,61.65,0.0,0.0,0.0,1.78404364754009,0.15545037863032893,1.5350501993815107,0.051018881491741136,0.23848077055794067,0.12786161759128004,4.989959921482083e-204,0.0,0.05
2265,0.363,False,2,0.0,0.11560000000000001,0.9314,80.25,0.0,0.0,0.0,1.8142616442751067,0.4664523821213453,1.7381271450328053,0.687199837735859,0.2599458570728749,0.3753001511837112,0.1499992369102583,0.4499977107307749,0.05
2266,0.45485,False,2,0.0,0.1657,1.0,64.0,0.0,0.0,0.0,1.707203478492665,0.12020672096606724,1.5100666666666673,0.01429592016392537,0.19441710411094743,0.11580950336888463,0.0008000000000002956,0.002400000000000887,0.05
2267,0.31015000000000004,False,2,0.0,0.0851,0.9364000000000001,100.3,0.0,0.0,0.0,1.768001789933134,0.46870266578812336,2.0051083748477714,1.3221954283338253,0.22209569894019934,0.4113811475459628,0.21909788898180566,0.5963520529146358,0.05
2268,0.4326999999999999,False,2,0.0,0.20579999999999998,0.9343999999999999,68.7,0.0,0.0,0.0,1.874954035016834,0.27616143809641847,1.9193590228307886,0.8469511825548982,0.3510136204726935,0.282824779321764,0.24783680060856544,0.5141573610172737,0.05
2269,0.45620000000000005,False,2,0.0,0.1917,0.9249,51.05,0.0,0.0,0.0,1.8620488326016371,0.2712681751785358,1.9153149320099803,0.8701437580879736,0.3251036065199854,0.2768711410752869,0.31364826534331297,0.7156502481575014,0.05
2270,0.35750000000000004,False,2,0.0,0.07619999999999999,1.0,90.3,0.0,0.0,0.0,1.6398568997470668,0.11280039897040155,1.507153125,0.01371854676671799,0.10794882936834704,0.09495983402576733,5.147927288161454e-231,0.0,0.05
2271,0.36634999999999995,False,2,0.0,0.22009999999999996,0.807,73.6,0.0,0.0,0.0,2.02199870863497,0.5138343854401846,2.3143305439607436,1.2015509773878343,0.46169031403620986,0.45925950991338654,0.6024782541866904,0.9303968696566314,0.05
2272,0.4231,False,2,0.0,0.1758,0.9336,65.8,0.0,0.0,0.0,1.9111423956984663,0.5166670411147747,1.8921319047130964,1.0281003812963998,0.33594188027356775,0.4167853376052806,0.11860000000000089,0.30892335619049577,0.05
2273,0.4659500000000001,False,2,0.0,0.1845,0.9332,46.45,0.0,0.0,0.0,1.8099261474907613,0.2701995870883474,1.7819896567414832,0.7570613338796919,0.295331377012169,0.28654350241382104,0.20658965674148339,0.6197689702244501,0.05
2274,0.3414,False,2,0.0,0.1202,0.9342,92.9,0.0,0.0,0.0,1.8093033437859716,0.4240631655950441,1.8938480328142855,0.797476945000772,0.2540461581102966,0.3531180820810505,0.2892258105920628,0.6624955485710169,0.05
2275,0.3761,False,2,0.0,0.13740000000000002,0.9348000000000001,80.0,0.0,0.0,0.0,1.80289568082902,0.4145107542742091,1.632862341432584,0.33962346133449983,0.2717620044953354,0.3736390072178991,0.08392407732930207,0.23746818312185097,0.05
2276,0.41245,False,2,0.0,0.14489999999999997,1.0,80.0,0.0,0.0,0.0,1.6975176731140924,0.12175775542100681,1.5247,0.02967844335540526,0.1766178100060071,0.11313583028858458,1.0605425025956785e-213,0.0,0.05
2277,0.3618,False,2,0.0,0.18900000000000003,0.8757999999999999,85.3,0.0,0.0,0.0,1.9067770602538925,0.38551584129989613,2.0316042480777394,1.0187538361872406,0.37472101744061875,0.3953422817287905,0.4101645715405905,0.8203339642429116,0.05
2278,0.35539999999999994,False,2,0.0,0.1285,0.9292999999999999,86.75,0.0,0.0,0.0,1.8740322969864647,0.642137203520222,1.911550908885894,1.1419593445694007,0.28931092049570006,0.454661658502663,0.18891450292769743,0.5667435087830922,0.05
2279,0.3457,False,2,0.0,0.1418,0.8704000000000001,80.2,0.0,0.0,0.0,1.8953098667379649,0.440382923611252,1.760126771673177,0.45114017081374214,0.3414759068379086,0.41491659253710184,0.17517018105366042,0.31535488936621736,0.05
2280,0.3994000000000001,False,2,0.0,0.22500000000000003,0.8728,74.75,0.0,0.0,0.0,2.0090606192059166,0.5369106675117453,2.0991736117290802,1.1697884791353856,0.4312856481862612,0.4241397123685589,0.3890642986716853,0.7781288698046738,0.05
2281,0.38245000000000007,False,2,0.0,0.1543,0.9318,80.3,0.0,0.0,0.0,1.7635061323599424,0.2561978741245463,1.6419119701065668,0.3499750710570352,0.2575849820362336,0.28329819446490956,0.07981512442820923,0.2394453732846277,0.05
2282,0.39825,False,2,0.0,0.21480000000000002,0.8633,70.4,0.0,0.0,0.0,1.977391863974752,0.4063575274526622,2.2130019720659315,1.0917567786159352,0.436765058438357,0.38605734354678767,0.47446584562185573,0.7666424851516387,0.05
2283,0.49740000000000006,False,2,0.0,0.22209999999999996,0.9343,40.4,0.0,0.0,0.0,1.8611558507765475,0.31085758089704,1.6425963065051827,0.33391984809580566,0.34165327778642407,0.2875620664172516,0.0814800532888457,0.24444015986653708,0.05
2284,0.35269999999999996,False,2,0.0,0.10540000000000001,1.0,100.0,0.0,0.0,0.0,1.6526227069850123,0.1114476186260883,1.5119,0.018206866836443843,0.13074492179301173,0.10090518095180259,2.970455542153424e-214,0.0,0.05
2285,0.37295000000000006,False,2,0.0,0.1501,0.9958,100.0,0.0,0.0,0.0,1.7283117661403478,0.11268761544902907,1.6594333370632701,0.33373664908657763,0.19793273087834368,0.09541988744702479,0.09180000000000171,0.23675548568090493,0.05
2286,0.42545,False,2,0.0,0.16040000000000001,0.9305,60.0,0.0,0.0,0.0,1.8579016351091802,0.48740582183651077,1.665604179371122,0.3453616351544742,0.30813359842165694,0.3887143762998574,0.08157239876513069,0.24173208927427173,0.05
2287,0.40905,False,2,0.0,0.1931,0.8628,59.45,0.0,0.0,0.0,1.9524514976015979,0.48377700205002855,2.124990489974424,1.1900917982052268,0.4098063390581605,0.43763805601003913,0.43055708962957534,0.8613178665905892,0.05
2288,0.34064999999999995,False,2,0.0,0.08130000000000001,1.0,100.0,0.0,0.0,0.0,1.6483082994700204,0.14350429709219245,1.5363,0.04114620274095778,0.11485653477336566,0.11873248782029669,2.970455567284658e-214,0.0,0.05
2289,0.38570000000000004,False,2,0.0,0.1556,0.9358000000000001,80.0,0.0,0.0,0.0,1.8027379193068014,0.38732313882657815,1.8035072954504863,0.7484432113364992,0.2589830430347407,0.30652125268073,0.18100447163457575,0.5357202367033422,0.05
2290,0.4011,False,2,0.0,0.1727,0.8695,60.0,0.0,0.0,0.0,1.8772270226916383,0.346321509511146,1.753547738459785,0.44979486793673634,0.351449598298582,0.3630271586659365,0.15940191689327715,0.31880415350048985,0.05
2291,0.39535,False,2,0.0,0.17770000000000002,0.933,80.0,0.0,0.0,0.0,1.8096298612205637,0.2642739136544018,1.7428369363116132,0.6438589091005775,0.2878832710423314,0.27177294983081796,0.18099563298872162,0.491971716557466,0.05
2292,0.35329999999999995,False,2,0.0,0.1217,0.9337,87.2,0.0,0.0,0.0,1.7562877032056428,0.3641497347363624,1.8455326429668297,0.8858251065473494,0.23369688757211823,0.324419534669258,0.1938881747758939,0.5244176541097986,0.05
2293,0.36119999999999997,False,2,0.0,0.1487,0.9339000000000001,90.05,0.0,0.0,0.0,1.8359725867810561,0.3411670325106031,1.9239863336227205,1.0847122244342826,0.2811910266823515,0.31471504507987236,0.21794403281090577,0.6337597659507885,0.05
2294,0.3526999999999999,False,2,0.0,0.11909999999999998,0.9385,88.05,0.0,0.0,0.0,1.7575717724364135,0.31169447703465547,1.6478557583279083,0.3374769910158992,0.22927777556574086,0.29649645336223324,0.07990000000000025,0.23970000000000075,0.05
2295,0.43300000000000005,False,2,0.0,0.18680000000000002,1.0,80.2,0.0,0.0,0.0,1.7704077893409607,0.14820618387363993,1.5263,0.0327018348109093,0.23424999005272826,0.12625638349031512,1.9934389663608098e-206,0.0,0.05
2296,0.3853000000000001,False,2,0.0,0.19590000000000002,0.9361,90.35,0.0,0.0,0.0,1.8592451978262556,0.30722717506359376,1.8150706011399294,0.8097899227344462,0.31530978075377447,0.2744304039464401,0.22897060109644843,0.6869118032893453,0.05
2297,0.40900000000000003,False,2,0.0,0.18919999999999998,0.8524,55.9,0.0,0.0,0.0,2.049478626302708,0.6595217178148401,2.2752540173575215,1.4249849221691353,0.4359249841102022,0.47921241119401575,0.393644928999989,0.7386700411584809,0.05
2298,0.37625,False,2,0.0,0.1514,0.9417,85.15,0.0,0.0,0.0,1.827003035813896,0.41129547944019246,1.7976608178876095,0.8267431952453799,0.27121480070513715,0.3472518277434551,0.16821255399872015,0.4986665398450112,0.05
2299,0.36929999999999996,False,2,0.0,0.16699999999999998,0.932,90.1,0.0,0.0,0.0,1.7901131298781614,0.29479699130306686,2.0113619880081095,1.4947229195063327,0.2640936167701082,0.29075968782300726,0.1999999742572634,0.5999999227717903,0.05
2300,0.34075000000000005,False,2,0.0,0.1494,0.9343,100.55,0.0,0.0,0.0,1.8548850990644545,0.5349807314180212,2.01871226612724,1.4210177543768427,0.2937546078123433,0.42146508534134774,0.20686209251612814,0.5979402638342171,0.05
2301,0.36460000000000004,False,2,0.0,0.2253,0.7941,72.55,0.0,0.0,0.0,2.1430293249893304,0.5978414390072155,2.3629201323882763,1.3013845730481288,0.5378935693703684,0.4865925228462576,0.5863776371893584,0.8949021502278985,0.05
2302,0.39590000000000003,False,2,0.0,0.21109999999999998,0.8631,70.6,0.0,0.0,0.0,1.9584393902879893,0.3689818741617095,2.06034799715058,1.083631270599045,0.41321439361739704,0.3655745411264982,0.3877024627936668,0.7754101724037861,0.05
2303,0.44545,False,2,0.0,0.1709,1.0,70.0,0.0,0.0,0.0,1.7376059815181324,0.15735106364737864,1.5231000000000001,0.03372076511587483,0.2126571071907327,0.13452383214992114,1.2573798097531394e-207,0.0,0.05
2304,0.33465000000000006,False,2,0.0,0.0935,0.9358000000000001,90.0,0.0,0.0,0.0,1.7032078610878394,0.27717598697483486,1.6365555555566325,0.34032938293816567,0.18757700036218944,0.29506173018574156,0.0799000000000821,0.23970000000024624,0.05
2305,0.39435000000000003,False,2,0.0,0.1487,1.0,90.0,0.0,0.0,0.0,1.719843283305297,0.1252356972750495,1.5178,0.045399999999999975,0.1932742284414644,0.1029378831699727,2.1106356101431324e-228,0.0,0.05
2306,0.34395,False,2,0.0,0.142,0.8661000000000001,80.05,0.0,0.0,0.0,1.864461524182595,0.42422290024905435,2.062109009977826,1.1038848329822966,0.3239284111840214,0.40719725067046136,0.2785454847482135,0.5743779562330137,0.05
2307,0.34705,False,2,0.0,0.11399999999999999,0.9400999999999999,90.0,0.0,0.0,0.0,1.7519854246941555,0.4785569695411528,1.7816372401963758,0.7520884337085117,0.20753648249182013,0.37081821024926054,0.2094372401963755,0.6283117205891265,0.05
2308,0.35455000000000003,False,2,0.0,0.1638,0.8657,80.1,0.0,0.0,0.0,1.9200812516444146,0.5203259071001255,2.138599274676234,1.2740801846434227,0.3799543253331849,0.4636727708863518,0.3983171960996727,0.7975843216652924,0.05
2309,0.3698,False,2,0.0,0.1332,1.0,98.4,0.0,0.0,0.0,1.7161615127435486,0.15866484384466,1.520200043140268,0.04346229331718197,0.17985523763829397,0.14255560195728534,4.0825630094649887e-203,0.0,0.05
2310,0.41585000000000005,False,2,0.0,0.1403,1.0,77.15,0.0,0.0,0.0,1.7231081681108928,0.15377353129957236,1.57188888888889,0.1305067899468186,0.196425218675868,0.1261693909076378,0.03160000000000073,0.0948000000000022,0.05
2311,0.4247000000000001,False,2,0.0,0.1751,0.9367000000000001,65.6,0.0,0.0,0.0,1.8404696266460796,0.34842649537361486,1.8228709967807881,0.700814395950005,0.3049815726287097,0.32394232996632905,0.22540433011412042,0.5365558341556037,0.05
2312,0.37875000000000003,False,2,0.0,0.11610000000000001,0.9614,80.0,0.0,0.0,0.0,1.7071496948179,0.13983945509662898,1.630411111111399,0.3413301578628234,0.18288031210693037,0.13046527775912647,0.07980000000000094,0.2394000000000028,0.05
2313,0.35575,False,2,0.0,0.153,0.7985,60.0,0.0,0.0,0.0,2.00607454621842,0.5954044670321326,2.3459618089883216,1.2739775930242603,0.4411994015822957,0.5250460436764081,0.5987372903619883,0.9181184277121923,0.05
2314,0.35305,False,2,0.0,0.1759,0.8646,83.6,0.0,0.0,0.0,1.9843598115808248,0.6014111680132829,2.1438954670873787,1.2147473447957515,0.402968066327891,0.46838574968478486,0.32317628420814243,0.6421396165717794,0.05
2315,0.44859999999999994,False,2,0.0,0.2259,0.9279,64.15,0.0,0.0,0.0,1.9806643033162843,0.6229750268948883,1.9202832697200258,1.2216560848311926,0.385700571904685,0.4175983687263241,0.23673593670315735,0.7102078101094721,0.05
2316,0.40800000000000003,False,2,0.0,0.1661,0.9347,71.2,0.0,0.0,0.0,1.7946313617071545,0.3034744101848837,1.8111381533193154,0.7963024342216382,0.27361989459747527,0.2904537017184383,0.21142643455868582,0.62632017867299,0.05
2317,0.3549,False,2,0.0,0.11240000000000001,1.0,100.65,0.0,0.0,0.0,1.7021019720359098,0.17682462822792067,1.5226458333333344,0.043393240841110146,0.15931767624136067,0.13388976438094102,0.011800000000000737,0.031015480005959627,0.05
2318,0.3502499999999999,False,2,0.0,0.126,0.9344999999999999,90.0,0.0,0.0,0.0,1.8044358789933832,0.4345694084214243,1.821204699319031,0.8103634736431324,0.237590441519591,0.34999781579173095,0.17740469931903077,0.5322140979570924,0.05
2319,0.3818499999999999,False,2,0.0,0.1865,0.9339999999999999,89.2,0.0,0.0,0.0,1.8926666951230107,0.42276071309288704,1.768599996707641,0.6789994305129958,0.33186542898352966,0.3556040037030846,0.1499999967286197,0.4499999901858591,0.05
2320,0.38810000000000006,False,2,0.0,0.1362,1.0,90.0,0.0,0.0,0.0,1.696129825862536,0.13589701922740755,1.5571888888897556,0.08014354482850762,0.17605538769159712,0.12452761710381044,0.017200000000000527,0.051600000000001596,0.05
2321,0.32254999999999995,False,2,0.0,0.04510000000000001,1.0,100.0,0.0,0.0,0.0,1.598676954725974,0.04577681178013346,1.523877870008681,0.03222082900715266,0.07574599204854823,0.03692899193743497,0.0030000000000003266,0.009000000000000981,0.05
2322,0.39125,False,2,0.0,0.1069,1.0,81.1,0.0,0.0,0.0,1.6763822739391867,0.13068568245808662,1.5287,0.051355720226669996,0.14996250640246794,0.11996425162408171,4.6826290750903664e-207,0.0,0.05
2323,0.38005,False,2,0.0,0.20180000000000003,0.8671,77.2,0.0,0.0,0.0,1.9010107610447657,0.36510363427597514,1.954137283803076,0.8894967100478195,0.37555817681740794,0.3607274994885884,0.3233654765345525,0.6422624386648896,0.05
2324,0.37244999999999995,False,2,0.0,0.1319,0.933,80.0,0.0,0.0,0.0,1.7782869615248191,0.38593658840941863,1.808498155220428,0.8558402492116198,0.24662290192627254,0.3369638131483844,0.1742440290878168,0.5160998681372528,0.05
2325,0.36795,False,2,0.0,0.1353,0.9334,83.2,0.0,0.0,0.0,1.790428915649019,0.41423690631953786,1.7541563926390005,0.7222587399744722,0.25591521398842165,0.3694820086703019,0.2113563926390006,0.6340691779170018,0.05
2326,0.39515,False,2,0.0,0.1343,1.0,86.0,0.0,0.0,0.0,1.7306244979839924,0.13222437429967435,1.5346178602470713,0.055981307316505795,0.20163737921793573,0.1266040814565603,0.0061000000000005486,0.018300000000001645,0.05
2327,0.44414999999999993,False,2,0.0,0.18030000000000002,1.0,73.0,0.0,0.0,0.0,1.7251501021291085,0.11109615041498314,1.5427007095698488,0.04206070192907978,0.21322522104790584,0.11114395549210199,1.3153307707316078e-207,0.0,0.05
2328,0.39094999999999996,False,2,0.0,0.18719999999999998,0.9323,84.4,0.0,0.0,0.0,1.8902622706847325,0.5504980581388977,1.7617893860137523,0.6881100161966373,0.3321068282535139,0.4198972342855636,0.20676652479480412,0.606756052255193,0.05
2329,0.34839999999999993,False,2,0.0,0.2385,0.7903,83.0,0.0,0.0,0.0,2.1697199421137143,0.5053979002424751,2.360424143444244,1.0591224306928353,0.5844435868553737,0.4597441808979026,0.6678225617669862,0.867369646896959,0.05
2330,0.36755,False,2,0.0,0.1601,0.9349999999999999,90.0,0.0,0.0,0.0,1.8753967513033025,0.48552748852122574,2.0234553834460467,1.4612242821941457,0.3171296410092167,0.4107921197509769,0.20569996691742115,0.5983412832822633,0.05
2331,0.34275,False,2,0.0,0.08650000000000001,1.0,100.25,0.0,0.0,0.0,1.666089491817408,0.1188190819077169,1.5480000000000074,0.04779330497047616,0.13163562056329103,0.09244086206355949,0.0080000000000004,0.0240000000000012,0.05
2332,0.38560000000000005,False,2,0.0,0.1424,1.0,92.8,0.0,0.0,0.0,1.708973912725576,0.16999253185755164,1.5355000000246242,0.061955225816189945,0.18252186752725066,0.14674544361143704,4.280877590416626e-197,0.0,0.05
2333,0.4371999999999999,False,2,0.0,0.20669999999999997,0.9413,68.4,0.0,0.0,0.0,1.9090509408982268,0.38129209477082304,1.8070554694496574,0.8190564521146619,0.33847480102636895,0.3093481149992241,0.23215546944965748,0.6964664083489726,0.05
2334,0.3744,False,2,0.0,0.10880000000000001,1.0,90.0,0.0,0.0,0.0,1.6596536395482633,0.08827114007584008,1.516359201589806,0.01907268822131296,0.13983083462839851,0.08590989915817987,0.0016000000000003071,0.004800000000000921,0.05
2335,0.4493,False,2,0.0,0.20520000000000005,0.868,43.65,0.0,0.0,0.0,1.8702567930755003,0.2932154526586746,2.05166509580254,1.0257551081194363,0.3746148485863416,0.3496778394879838,0.39731254352475603,0.8027117725501921,0.05
2336,0.4144,False,2,0.0,0.14899999999999997,1.0,80.05,0.0,0.0,0.0,1.6978587221757564,0.11774346908602402,1.5374625000000006,0.07302311384931509,0.1838544379257921,0.1159764126957872,0.0016000000000002928,0.004800000000000878,0.05
2337,0.36949999999999994,False,2,0.0,0.1233,0.9357,80.0,0.0,0.0,0.0,1.7391574696110925,0.30200696629788376,1.8882699834066918,1.087346342200756,0.22507670227497262,0.3126306258645251,0.23662616423833316,0.7098784927149995,0.05
2338,0.32200000000000006,False,2,0.0,0.23690000000000003,0.5987000000000001,47.9,0.0,0.0,0.0,2.3616921432183027,0.6660582044269862,3.2387299956639675,1.684976904457941,0.7778979035085893,0.5683348663060904,1.0419664016051113,0.922378173611194,0.05
2339,0.35389999999999994,False,2,0.0,0.1751,0.9327,100.0,0.0,0.0,0.0,1.8317133887743224,0.3777493504304892,1.9120197522565359,1.1905353177256146,0.3041411260938863,0.3559781840559337,0.19964121862009654,0.5989236558602896,0.05
2340,0.4092,False,2,0.0,0.18209999999999998,0.9323,74.0,0.0,0.0,0.0,1.8308561319642322,0.35254699841586595,1.848000791677935,0.8088163112579768,0.3119237748416225,0.34336273189329003,0.195759064774125,0.5681521375981611,0.05
2341,0.363,False,2,0.0,0.1832,0.9296,96.7,0.0,0.0,0.0,1.8593316192829046,0.4287686799264388,1.8827781739308116,1.0017547036918744,0.31758801330134745,0.37051639285709825,0.19080626433474351,0.5724187930042305,0.05
2342,0.40745,False,2,0.0,0.2051,0.9301999999999999,80.1,0.0,0.0,0.0,1.914563717904678,0.44904066356828737,1.8667752014984906,0.979538150564556,0.3499598088537891,0.3692041505958164,0.20601768052864874,0.6180530415859463,0.05
2343,0.37154999999999994,False,2,0.0,0.1502,0.9330999999999999,85.05,0.0,0.0,0.0,1.7971983784858971,0.3470338528525663,1.824129879842964,0.7728076602865158,0.2639265787399853,0.3323389826209209,0.22630765754656196,0.6164017052864345,0.05
2344,0.35739999999999994,False,2,0.0,0.1608,0.7939999999999999,60.0,0.0,0.0,0.0,1.912336209469737,0.42714892181165304,2.3276696686116565,1.2402243009865919,0.41194604478818064,0.4600309470021717,0.5508985829496666,0.8418031143592875,0.05
2345,0.42190000000000005,False,2,0.0,0.17440000000000003,1.0,82.65,0.0,0.0,0.0,1.7504774675670554,0.14112488213193228,1.54070454009093,0.05089153796671763,0.2212578729469028,0.12633435416769226,7.426092801427761e-207,0.0,0.05
2346,0.38925000000000004,False,2,0.0,0.19000000000000003,0.8695,70.25,0.0,0.0,0.0,1.9417280002011126,0.4740026007663402,1.8581038911141974,0.7458951059218338,0.40062727931058806,0.4114959125401484,0.24015944868619776,0.5129867122930671,0.05
2347,0.31264999999999993,False,2,0.0,0.12250000000000003,0.9027999999999998,100.0,0.0,0.0,0.0,1.7609777431361089,0.26056901920856645,1.9295248726316294,0.8435626675604297,0.22719591971351555,0.24911945851371983,0.25456927333421164,0.5514781369602108,0.05
2348,0.34774999999999995,False,2,0.0,0.16649999999999998,0.8705999999999999,85.4,0.0,0.0,0.0,1.8789493962460224,0.4318474391117642,1.943680429289611,0.9137003095675015,0.35018777916900373,0.40711423593788854,0.31709153439299176,0.725183626728407,0.05
2349,0.39679999999999993,False,2,0.0,0.11359999999999999,1.0,80.0,0.0,0.0,0.0,1.6753134867131885,0.1430032019087792,1.5290506554391659,0.05202027762486568,0.1517394269003002,0.12903036274405427,0.0055000000000005825,0.01650000000000175,0.05
2350,0.43184999999999996,False,2,0.0,0.18209999999999998,1.0,79.6,0.0,0.0,0.0,1.7641690768023028,0.21544820723150154,1.5041939236111113,0.012271887433944527,0.23372721411629974,0.15304845838569173,1.1491393256039307e-188,0.0,0.05
2351,0.3546999999999999,False,2,0.0,0.1434,0.8059999999999998,60.0,0.0,0.0,0.0,1.9315361998835345,0.524293838468637,2.1589949477853985,1.0622385843845135,0.393607443719023,0.5060738108965805,0.4588594286025808,0.7497759663417952,0.05
2352,0.3354,False,2,0.0,0.25020000000000003,0.7968,94.05,0.0,0.0,0.0,2.034436892255789,0.35441530814721717,2.3143144792271704,1.23955641192118,0.5022084088352003,0.3762808542634094,0.6113820946474082,0.9388841904788926,0.05
2353,0.5115999999999999,False,2,0.0,0.2162,0.9381999999999999,32.8,0.0,0.0,0.0,1.8498713562978064,0.3138986625194609,1.7936627856784875,0.8194307034868363,0.32975259585689554,0.29788613920761575,0.17924893435606465,0.5377468030681939,0.05
2354,0.44210000000000005,False,2,0.0,0.1826,1.0,74.6,0.0,0.0,0.0,1.7885818000209688,0.1811229793680408,1.536619097222223,0.04809638125127226,0.2405160255989033,0.1397189484915121,0.005300000000000438,0.015900000000001312,0.05
2355,0.36035000000000006,False,2,0.0,0.1389,0.9432,90.35,0.0,0.0,0.0,1.7221754418062312,0.2124910074745297,1.6399613130739183,0.3386497337291992,0.21542233756587942,0.24434152567947492,0.07990000000187844,0.23970000000563535,0.05
2356,0.37549999999999994,False,2,0.0,0.1236,1.0,93.15,0.0,0.0,0.0,1.7114242175694852,0.16862777103280055,1.5382,0.0373250586067859,0.169736304855589,0.1321941344069132,4.983597403924337e-207,0.0,0.05
2357,0.37844999999999995,False,2,0.0,0.11729999999999999,1.0,90.1,0.0,0.0,0.0,1.6691517737244603,0.1500983886785298,1.5327333333333335,0.038950909274795324,0.14527138313698174,0.11961811994546201,4.5954142700200765e-213,0.0,0.05
2358,0.34415,False,2,0.0,0.0883,1.0,100.0,0.0,0.0,0.0,1.6527350496669082,0.10742435677216071,1.633600000001719,0.18012395731820838,0.12419633729870219,0.10737432682038814,0.04400000000000091,0.13200000000000273,0.05
2359,0.3862,False,2,0.0,0.147,0.9358000000000001,77.6,0.0,0.0,0.0,1.771254996314808,0.2557891409147286,1.6468555555556548,0.33657880059851836,0.2510337208741465,0.2659523142896889,0.0870000000000007,0.23797016619736244,0.05
2360,0.44055,False,2,0.0,0.19540000000000002,0.9337,62.0,0.0,0.0,0.0,1.812344135404454,0.3104249280228684,1.7992337604503295,0.8482263435693378,0.3017434888207734,0.30345990925442445,0.088,0.264,0.05
2361,0.40779999999999994,False,2,0.0,0.1356,1.0,80.0,0.0,0.0,0.0,1.659404901567574,0.08763831898078285,1.5255184028526831,0.035668073831282544,0.15347469458555735,0.09171729551440311,0.009700000000000684,0.024240668307620106,0.05
2362,0.34830000000000005,False,2,0.0,0.10980000000000001,0.9452,89.6,0.0,0.0,0.0,1.741705536547352,0.3505286009491393,1.8282786132114637,0.7416237072771975,0.20361485379570748,0.30433493910506526,0.24598399513603902,0.6378841900377922,0.05
2363,0.38239999999999996,False,2,0.0,0.2015,0.8010999999999999,59.45,0.0,0.0,0.0,2.0693194014264233,0.5794444733821648,2.019195881987619,0.8992727845724092,0.48983939583207536,0.48085813363712054,0.3761410986388676,0.6738235854202256,0.05
2364,0.41779999999999995,False,2,0.0,0.15619999999999998,1.0,80.15,0.0,0.0,0.0,1.697871487808373,0.08288271552403587,1.5099222222222226,0.015928625524856427,0.1897805779403448,0.07992699616252309,0.0006000000000002928,0.0018000000000008782,0.05
2365,0.36874999999999997,False,2,0.0,0.16940000000000002,0.8080999999999999,60.0,0.0,0.0,0.0,1.9904124028080776,0.5620878950482427,2.2535869659936223,1.1066362830378818,0.44242746248569376,0.4998110212690432,0.5817551930395585,0.8963146787188548,0.05
2366,0.46729999999999994,False,2,0.0,0.2185,0.9320999999999999,54.0,0.0,0.0,0.0,1.9276452543818656,0.3585647286121745,1.7999766332959797,0.8120324795779236,0.3741506387657204,0.32792329877091303,0.22142098550952077,0.6238938314975723,0.05
2367,0.39035,False,2,0.0,0.1435,1.0,90.7,0.0,0.0,0.0,1.7660101172267382,0.1829225307256388,1.612422222538924,0.24824119994634877,0.21254994578765643,0.1365533474096674,0.05890000000000092,0.17670000000000274,0.05
2368,0.34619999999999995,False,2,0.0,0.1438,0.8686,80.0,0.0,0.0,0.0,1.8261063447461425,0.33760200149630615,2.067205061781282,0.8627548406390556,0.3266265208206093,0.37882454663344967,0.42284008216540964,0.668554067797666,0.05
2369,0.4632,False,2,0.0,0.171,1.0,61.15,0.0,0.0,0.0,1.7219999841401687,0.10221931474740359,1.5397,0.06649819546423794,0.21320047107558934,0.09416819325465949,2.1707689440882104e-207,0.0,0.05
2370,0.3373,False,2,0.0,0.07460000000000001,1.0,100.0,0.0,0.0,0.0,1.6226942936317132,0.08424607380069718,1.5257046875000002,0.04082658307100791,0.10264368014519172,0.07859774779957177,1.2580368548025603e-235,0.0,0.05
2371,0.33804999999999996,False,2,0.0,0.1764,0.8667,91.75,0.0,0.0,0.0,1.881076873311293,0.43515007636408004,2.0454953830950333,1.0750367197509594,0.35317423245037316,0.40165123940569114,0.32760319371328617,0.643533998640418,0.05
2372,0.39724999999999994,False,2,0.0,0.19990000000000002,0.8049999999999999,52.6,0.0,0.0,0.0,1.9971835156520932,0.52293060556483,2.1429466549875733,1.0293983323270708,0.47063594601237113,0.48217377615481277,0.49613640172565443,0.828262673104684,0.05
2373,0.37400000000000005,False,2,0.0,0.15140000000000003,0.9342,84.4,0.0,0.0,0.0,1.7795628034252005,0.36672600992343746,1.7813444554432518,0.7078348237018552,0.2617312297499392,0.3340633674463981,0.19086082710907265,0.5646278227483988,0.05
2374,0.3284999999999999,False,2,0.0,0.1233,0.9324999999999999,99.7,0.0,0.0,0.0,1.8199641237113133,0.43454264285971006,1.803971223835226,0.8319206615100831,0.2648528919493281,0.3811424334421095,0.16800455716855878,0.5040136715056763,0.05
2375,0.3884500000000001,False,2,0.0,0.19299999999999998,0.8655000000000002,70.4,0.0,0.0,0.0,1.9044132709224684,0.37494011497469865,1.9135682053273655,0.8658609016956518,0.3844983941101094,0.3916635652628514,0.26890779249699315,0.5613640617754396,0.05
2376,0.3692,False,2,0.0,0.16349999999999998,0.8753,75.1,0.0,0.0,0.0,1.871452335657804,0.40446237711939637,1.8866061750674525,0.8195910325464727,0.3382702363587748,0.37744318595003495,0.3010350360058205,0.6551425873718776,0.05
2377,0.31750000000000006,False,2,0.0,0.078,0.9570000000000001,100.0,0.0,0.0,0.0,1.6572142510673995,0.1797465925436564,1.6496555555964307,0.3371350224071141,0.13827770512693252,0.17567603818593294,0.07990000000000072,0.2397000000000022,0.05
2378,0.37160000000000004,False,2,0.0,0.1751,0.9307000000000001,90.65,0.0,0.0,0.0,1.8418723824310739,0.3796512696414829,1.7510377670262418,0.6290398178068258,0.3052741137700529,0.3483625871995784,0.17796324534693192,0.5338897360407958,0.05
2379,0.39949999999999997,False,2,0.0,0.21549999999999997,0.8633,69.95,0.0,0.0,0.0,1.95424033337152,0.44389828944825044,2.2067859529228087,1.391579645002685,0.426754385851772,0.4082534800932456,0.3370196211390907,0.7137748274154362,0.05
2380,0.3753000000000001,False,2,0.0,0.2001,0.8719000000000001,80.35,0.0,0.0,0.0,1.966065973326786,0.3553163401186838,1.9104951628332327,0.8060452684706275,0.39790447408047896,0.3334153993204389,0.2578312739443437,0.5603200127166676,0.05
2381,0.3429,False,2,0.0,0.12200000000000003,0.9349999999999999,92.8,0.0,0.0,0.0,1.7925080252458556,0.38292994460227775,1.7986583156537257,0.8024023085592421,0.2527349425575872,0.3656038543761727,0.2253864058971075,0.6761592176913226,0.05
2382,0.37945000000000007,False,2,0.0,0.2012,0.8649000000000001,76.8,0.0,0.0,0.0,1.8946877486613236,0.33901097894749294,1.9776517591325642,1.0401322230850831,0.3787933460743865,0.36159744711053265,0.28449319615383595,0.6336300774215324,0.05
2383,0.38034999999999997,False,2,0.0,0.1944,0.8679,75.4,0.0,0.0,0.0,1.8820511650790692,0.37294033700797646,2.053712743421545,1.0233289671602426,0.37491164031520763,0.3958342006250162,0.4583460767548785,0.8827808251520967,0.05
2384,0.39074999999999993,False,2,0.0,0.1607,0.9408,80.0,0.0,0.0,0.0,1.8155879846109904,0.3839203186466496,1.692644445364915,0.3378066453908423,0.2695734221968587,0.32721231717594546,0.10580000008989596,0.24296575915978724,0.05
2385,0.39595,False,2,0.0,0.1129,1.0,80.25,0.0,0.0,0.0,1.6589631636337967,0.09665438377507699,1.5453835069444706,0.05109201343730282,0.14342072555324975,0.09204091965915287,0.0001000000000003638,0.0003000000000010914,0.05
2386,0.35175,False,2,0.0,0.10770000000000002,0.9304,83.65,0.0,0.0,0.0,1.838477692908699,0.5851749601802126,1.7845975296785277,0.7925649967266152,0.2608087319376945,0.4319851029364148,0.22172247966451866,0.6545703042444833,0.05
2387,0.3952,False,2,0.0,0.1496,1.0,89.8,0.0,0.0,0.0,1.706721320563286,0.09496663221184146,1.519200000000946,0.03382839044379569,0.18223662854850925,0.07957078526623677,0.0080000000000004,0.024000000000001197,0.05
2388,0.34295,False,2,0.0,0.17119999999999996,0.8025,71.95,0.0,0.0,0.0,2.0641037847524233,0.5543358227059585,2.2350129446144127,1.136979482357954,0.47435781930105814,0.4730674953628499,0.46210183350120415,0.7769801889097253,0.05
2389,0.3222499999999999,False,2,0.0,0.1883,0.7647999999999999,77.15,0.0,0.0,0.0,2.118686550831412,0.6091633772890919,2.5241374896558524,1.4527472921783147,0.5336229352081069,0.5240458651528683,0.5731228928692431,0.7629425909153205,0.05
2390,0.34504999999999997,False,2,0.0,0.1309,0.8792,80.0,0.0,0.0,0.0,1.811158345922745,0.42427785370073595,1.9062276774995446,0.8341501847478158,0.2825196614604961,0.39971775969114726,0.30984539219669605,0.7050939358524759,0.05
2391,0.4122999999999999,False,2,0.0,0.21159999999999995,0.9346,80.4,0.0,0.0,0.0,1.8634314742177094,0.3161278351095434,1.7998441283993762,0.7475381299467193,0.3357874309220166,0.305270698766151,0.21799968395493136,0.5828721146703868,0.05
2392,0.3752,False,2,0.0,0.11099999999999999,1.0,90.15,0.0,0.0,0.0,1.6769487592322725,0.10387392059580242,1.5256791677032076,0.04993772796536272,0.15326530964059326,0.0978649220762508,0.0014000000000003042,0.004200000000000912,0.05
2393,0.36249999999999993,False,2,0.0,0.1578,0.8728,76.4,0.0,0.0,0.0,1.8743562525136408,0.40669400441038484,1.962518213871224,1.017087975686337,0.34548224400721556,0.40271861202936876,0.30214915901059064,0.6830028259738186,0.05
2394,0.39105,False,2,0.0,0.1091,1.0,81.75,0.0,0.0,0.0,1.6907006898215833,0.16576511361991256,1.5284,0.04787316576120694,0.14945315149568644,0.12039060041018161,1.1065806829350234e-222,0.0,0.05
2395,0.368,False,2,0.0,0.1896,0.8582000000000001,77.95,0.0,0.0,0.0,1.942679861545205,0.31055435524964115,2.181852726971497,1.051208308642709,0.40918188276519507,0.356406946632234,0.4121568726938822,0.6679537241960926,0.05
2396,0.4576,False,2,0.0,0.1552,1.0,60.0,0.0,0.0,0.0,1.7130249806623379,0.11918286556793362,1.5495000000000008,0.06629969834019074,0.19660768256752176,0.12060211153870673,0.017000000000000525,0.05100000000000158,0.05
2397,0.34015000000000006,False,2,0.0,0.21879999999999997,0.8065000000000001,86.25,0.0,0.0,0.0,2.0885494877830384,0.5580265438538358,2.3996358505247057,1.5311722373796093,0.5123432947494682,0.4853375940485731,0.48339741349060283,0.7939012499422226,0.05
2398,0.34340000000000004,False,2,0.0,0.2283,0.7353,69.2,0.0,0.0,0.0,2.2280036858890826,0.5807543489947737,2.5623690357965465,1.6402155622279384,0.6259181685896955,0.5081021964062439,0.5649180102888074,0.7843506210810506,0.05
2399,0.4175499999999999,False,2,0.0,0.1567,0.9193999999999999,60.25,0.0,0.0,0.0,1.8463237552412495,0.40707796956952513,1.982355411603114,1.06364540875662,0.3099063548783289,0.37264956266310245,0.24369985604755776,0.5222589478165066,0.05
2400,0.47075,False,2,0.0,0.1815,1.0,60.0,0.0,0.0,0.0,1.727035436619057,0.12760779852609785,1.5289000000000201,0.042917245950832905,0.21040798751009762,0.10859050418480651,8.603748771882796e-213,0.0,0.05
2401,0.37659999999999993,False,2,0.0,0.15940000000000001,0.8737999999999999,70.0,0.0,0.0,0.0,1.7949782743251976,0.2926486801756771,1.7613111112335038,0.4480885656725183,0.29859674279996545,0.3333714280695218,0.17140000001108124,0.31523838600951887,0.05
2402,0.3696499999999999,False,2,0.0,0.16360000000000002,0.9362999999999999,90.15,0.0,0.0,0.0,1.7661461382839385,0.2211887514703174,1.6648555775960303,0.33586419199668,0.2512195482708786,0.22973221825684212,0.08850000000000066,0.2382172327939361,0.05
2403,0.35809999999999986,False,2,0.0,0.1745,0.9160999999999999,93.6,0.0,0.0,0.0,2.04425703926174,0.5260009770925498,1.9581045132447674,0.9625186719733033,0.3867356160740452,0.37422560982684255,0.2816288880458651,0.6256762039108241,0.05
2404,0.43749999999999994,False,2,0.0,0.1892,0.9349999999999999,62.3,0.0,0.0,0.0,1.8264345110007834,0.2815340804325858,1.6342579267829958,0.3399833459179012,0.2994268266098441,0.293723415764515,0.08792165694312092,0.2377756325022135,0.05
2405,0.36515,False,2,0.0,0.12029999999999999,0.93,80.0,0.0,0.0,0.0,1.724102788483675,0.27897474323948546,1.8869117082101519,1.0307416083445646,0.2188460437958078,0.3031140300892147,0.2169884083571445,0.6136787165503378,0.05
2406,0.3691499999999999,False,2,0.0,0.176,0.8070999999999999,61.2,0.0,0.0,0.0,1.9495140284034764,0.458413923123812,2.318247629805833,1.4419156619620606,0.42962132381235235,0.46394866023455866,0.45494148673120227,0.7505880546936071,0.05
2407,0.4175,False,2,0.0,0.17219999999999996,1.0,84.3,0.0,0.0,0.0,1.760982436084666,0.17022902278903476,1.6158168402777797,0.22813007824189438,0.22930090201613681,0.13090008805513761,0.0671000000000015,0.15706969790510497,0.05
2408,0.46945000000000003,False,2,0.0,0.2285,0.9326000000000001,55.55,0.0,0.0,0.0,1.8679227512406265,0.29506494631338986,1.7851608662681264,0.7717814473557463,0.3580901758219238,0.287115546318078,0.21883291487851317,0.6564987446355396,0.05
2409,0.38864999999999994,False,2,0.0,0.1961,0.9416,90.1,0.0,0.0,0.0,1.831784812514935,0.3063675468571636,1.7393974623963675,0.6087644976009751,0.2843760331474678,0.2621721095504787,0.17022213774023004,0.5040350187061158,0.05
2410,0.37179999999999996,False,2,0.0,0.15889999999999999,0.9382999999999999,88.4,0.0,0.0,0.0,1.8519141588489476,0.3527956681805378,1.7752232934274272,0.7150711287153088,0.2998722104551221,0.33176397995446777,0.18603915745092175,0.5581174723527653,0.05
2411,0.35550000000000004,False,2,0.0,0.1248,0.869,70.7,0.0,0.0,0.0,1.8345295655472778,0.4108270318444856,1.9560263005629408,0.886510847061045,0.3144330881679046,0.4113771729182999,0.2919651202781723,0.6354819719976976,0.05
2412,0.3706999999999999,False,2,0.0,0.2123,0.8094999999999999,70.1,0.0,0.0,0.0,2.0736585133779615,0.6198055521658952,2.2070900310635957,1.113512643376148,0.5001510009985964,0.5201966180271244,0.4586811432472399,0.7559641672628665,0.05
2413,0.36755000000000004,False,2,0.0,0.22500000000000003,0.7355,56.35,0.0,0.0,0.0,2.1731484946981645,0.598242239263183,2.440949755641773,1.221674160928729,0.581843187317137,0.5071193544161874,0.7206427906014514,0.9562804762537128,0.05
2414,0.41135,False,2,0.0,0.14550000000000002,1.0,80.7,0.0,0.0,0.0,1.753364231766398,0.21148106082412155,1.5053000000000005,0.011983738982471553,0.20325861716527127,0.1539124911187248,0.0012000000000003013,0.003600000000000904,0.05
2415,0.4212,False,2,0.0,0.21919999999999998,0.9481999999999999,81.25,0.0,0.0,0.0,1.8631922270204775,0.20417710104905598,1.651211111111112,0.33656193255394484,0.31813179089982924,0.1751281118583267,0.07980000000000056,0.23940000000000175,0.05
2416,0.39754999999999996,False,2,0.0,0.18419999999999997,0.8724999999999999,65.4,0.0,0.0,0.0,1.9268485026308693,0.39620170660109083,1.988638235464394,0.9566119763171531,0.36685643580029714,0.37979927191477636,0.2611872250857851,0.5448021904943168,0.05
2417,0.38639999999999997,False,2,0.0,0.1964,0.8688,73.1,0.0,0.0,0.0,1.8962590774243488,0.39846309817301145,2.1651721082805606,1.279227322029589,0.38889286174634136,0.41174635929491776,0.38135113661050973,0.7629223242586461,0.05
2418,0.38415,False,2,0.0,0.1769,0.9114000000000001,80.0,0.0,0.0,0.0,1.876710482110338,0.3412097705047924,2.084890597190596,1.384901067609441,0.32213034889509634,0.28956177813576034,0.2796989305239291,0.6207134043750964,0.05
2419,0.3536500000000001,False,2,0.0,0.13060000000000002,0.9367000000000001,90.0,0.0,0.0,0.0,1.749638980954558,0.33043146816130914,1.767594061857866,0.7391576937873132,0.23654330360926382,0.33274803961167365,0.21608285851585213,0.6383112439777975,0.05
2420,0.3133999999999999,False,2,0.0,0.1232,0.8315999999999999,82.0,0.0,0.0,0.0,1.9387130669042816,0.5830481168403516,2.0768870259857968,0.9232128898896579,0.3662786323677609,0.46638563193300486,0.44846134847440045,0.7437944974635565,0.05
2421,0.34814999999999996,False,2,0.0,0.1931,0.8656,90.6,0.0,0.0,0.0,1.9531790307350139,0.3797899719925698,1.8911823173188265,0.7199704682892137,0.4094985869725149,0.3936292167281903,0.2973786669844151,0.6282055492151638,0.05
2422,0.32685000000000003,False,2,0.0,0.17229999999999998,0.7614000000000001,70.0,0.0,0.0,0.0,1.914692380597715,0.38625355080287227,2.2244650066031397,0.9477369045111107,0.41379578586445254,0.4084198314609251,0.478626270280631,0.6387487807062076,0.05
2423,0.38534999999999997,False,2,0.0,0.14829999999999996,0.985,90.65,0.0,0.0,0.0,1.7831136510874495,0.1788336653625862,1.619066666666668,0.34357160807689846,0.2248705971812725,0.1400669399631032,0.07980000000000088,0.23940000000000264,0.05
2424,0.3942500000000001,False,2,0.0,0.1573,0.9324,75.3,0.0,0.0,0.0,1.8261071534267046,0.36155006905279224,1.8411158524061348,0.8666938625491911,0.2842688487098006,0.3225630565155491,0.1721594868081424,0.5164784604244272,0.05
2425,0.33635000000000004,False,2,0.0,0.1167,0.9352,94.8,0.0,0.0,0.0,1.8286214331137196,0.6091017274055254,1.8101776421441742,0.7754244075690406,0.254023833401689,0.42527962070888176,0.22057764214416936,0.661732926432508,0.05
2426,0.4435,False,2,0.0,0.16539999999999996,1.0,69.6,0.0,0.0,0.0,1.7460153286193214,0.17063675144307372,1.5123000000000002,0.01878856034931891,0.21383041416385754,0.1521641323218159,9.967207406435139e-207,0.0,0.05
2427,0.40835000000000005,False,2,0.0,0.2113,0.8646,64.8,0.0,0.0,0.0,1.9603044090869683,0.42612226033092704,2.0584340261999556,1.09674723002535,0.4155820736545346,0.40639460829797863,0.33906190273037967,0.6786675656433058,0.05
2428,0.35589999999999994,False,2,0.0,0.19729999999999998,0.9042999999999999,97.45,0.0,0.0,0.0,1.9754969132575,0.48182310603541345,2.049328288936565,1.2057577081519335,0.38172763119656294,0.380804789313911,0.2966570046284707,0.6675857339397914,0.05
2429,0.40135,False,2,0.0,0.2286,0.8651,72.75,0.0,0.0,0.0,2.013182246424595,0.49898480107429777,2.1677576117540083,1.3425188631705747,0.4577050212869107,0.4383923803167344,0.3527728726510158,0.6957737224610866,0.05
2430,0.3871,False,2,0.0,0.13659999999999997,1.0,90.6,0.0,0.0,0.0,1.7374786050266795,0.20275722005954605,1.5440999999999998,0.047151776212567054,0.19106191114212395,0.15494871335287272,5.825023097931412e-201,0.0,0.05
2431,0.36744999999999994,False,2,0.0,0.13319999999999999,0.9217000000000001,80.0,0.0,0.0,0.0,1.7478798473934485,0.2776946374915561,1.9063201777015664,0.8692125345898613,0.24241464678748814,0.29717959468078275,0.24860906659045479,0.5355734698810494,0.05
2432,0.42769999999999997,False,2,0.0,0.196,1.0,85.15,0.0,0.0,0.0,1.7681908511876325,0.16853499815457942,1.5144,0.024924686557708187,0.2331634814335386,0.13039404409381725,3.986877936262016e-206,0.0,0.05
2433,0.3661,False,2,0.0,0.1068,1.0,93.65,0.0,0.0,0.0,1.6662359962855633,0.10122656711551604,1.5254999999999999,0.05290982895455249,0.1400568298679924,0.08308947765041597,9.828453548146164e-238,0.0,0.05
2434,0.38074999999999987,False,2,0.0,0.2162,0.8140999999999998,67.2,0.0,0.0,0.0,1.9728305048674415,0.47221653033064465,2.3079433473489392,1.178498846130611,0.4385135622141244,0.43715930728187763,0.5044650105853934,0.8032344342080735,0.05
2435,0.3539,False,2,0.0,0.1469,0.9337,93.2,0.0,0.0,0.0,1.8147259370269864,0.4106472500475106,1.8726008019460405,1.0859719195142932,0.27933008907140416,0.3642627788750247,0.1999955513991325,0.5999866541973975,0.05
2436,0.3803500000000001,False,2,0.0,0.17120000000000002,0.9329000000000001,85.85,0.0,0.0,0.0,1.8019494890292627,0.2707109364571469,1.7965578314875832,0.8076928417837708,0.27764094938671174,0.2850336679536406,0.11299999999999999,0.33899999999999997,0.05
2437,0.51725,False,2,0.0,0.2352,0.9369,34.4,0.0,0.0,0.0,1.902443161824067,0.2888044134302324,1.7780924105191704,0.7385387799191424,0.3553747981146356,0.26332441935571116,0.1899922429105944,0.5699767287317833,0.05
2438,0.39635,False,2,0.0,0.17880000000000001,0.9339000000000001,80.0,0.0,0.0,0.0,1.840389064121267,0.41219424888831974,1.8385947850821964,1.0021922390374955,0.29800196076369495,0.3387128516222144,0.19973533718300546,0.5992060115490163,0.05
2439,0.364,False,2,0.0,0.2487,0.7919,78.15,0.0,0.0,0.0,2.2945940464028167,0.7576141561273271,2.5645707371671036,1.6580219017474167,0.6147230687139428,0.5300479786724642,0.5989945532583469,0.9183365265998773,0.05
2440,0.37424999999999997,False,2,0.0,0.1349,0.9336,80.0,0.0,0.0,0.0,1.743309387287761,0.29777937711936897,1.7787546171937987,0.7316225884033786,0.23650365184093683,0.3040581753577248,0.1871494572281485,0.5308553250257757,0.05
2441,0.38369999999999993,False,2,0.0,0.1721,0.9295,83.55,0.0,0.0,0.0,1.9261316089449914,0.5190700141327411,1.794720115201876,0.7870513890482375,0.33338870184595454,0.3887147925754484,0.21882011520187591,0.6564603456056278,0.05
2442,0.3711,False,2,0.0,0.1963,0.8668999999999999,80.25,0.0,0.0,0.0,1.9985052950231676,0.6089365211569264,2.2662806920973853,1.6068099274055083,0.4230846875184282,0.47261576685235585,0.36697020626235927,0.7376471803995631,0.05
2443,0.39275000000000004,False,2,0.0,0.17770000000000002,0.8698,65.5,0.0,0.0,0.0,1.897716582754441,0.4182821585468896,2.000592001375354,0.9626549862112452,0.37339931536485665,0.4119354110851442,0.3549679590803724,0.7107799904582021,0.05
2444,0.45124999999999993,False,2,0.0,0.22269999999999998,1.0,80.05,0.0,0.0,0.0,1.8367315201299053,0.1557847519485223,1.5204,0.027918452679186908,0.2870117150762011,0.11986081400663216,3.0123997925639697e-183,0.0,0.05
2445,0.386,False,2,0.0,0.2218,0.8702,80.0,0.0,0.0,0.0,1.9220377417682495,0.39813740757806876,2.0986937127018996,0.9435756541372087,0.4003663638364797,0.38085727263791963,0.38764430091607,0.6450931702637739,0.05
2446,0.37899999999999995,False,2,0.0,0.118,1.0,90.0,0.0,0.0,0.0,1.6723514433612874,0.1350607651561241,1.5274047497999732,0.03532907282230984,0.15472372750269808,0.13548487875066229,0.008400000000000404,0.025200000000001208,0.05
2447,0.3701,False,2,0.0,0.1782,0.9304,92.1,0.0,0.0,0.0,1.8715712166762777,0.3101845768176414,1.740896728154422,0.676390734241914,0.3188465189966119,0.3118226866990726,0.17597644369608037,0.527929331088241,0.05
2448,0.43420000000000003,False,2,0.0,0.1753,0.9335000000000001,60.1,0.0,0.0,0.0,1.8111634855402723,0.2881700071894578,1.920255510449819,1.2007976685383779,0.2949976530574371,0.3003115847490715,0.231388843783152,0.6941665313494558,0.05
2449,0.41115,False,2,0.0,0.1423,1.0,80.0,0.0,0.0,0.0,1.686743180648384,0.10496633413270053,1.5198666668097185,0.023707101902773937,0.17518873395079296,0.11072868358912641,0.005000000000000356,0.015000000000001068,0.05
2450,0.41415,False,2,0.0,0.2144,0.9349000000000001,80.25,0.0,0.0,0.0,1.9211283398191266,0.4722609514976494,1.7489877648754462,0.6649854927376687,0.35079408728455996,0.3681889556036564,0.174448226527155,0.5233446795814649,0.05
2451,0.45959999999999995,False,2,0.0,0.1622,1.0,60.75,0.0,0.0,0.0,1.759839767248294,0.1734655457334356,1.6000444444444502,0.1795740653275777,0.22339770148010213,0.1402822449107307,0.0523000000000017,0.12919910990405764,0.05
2452,0.42795,False,2,0.0,0.1935,1.0,84.4,0.0,0.0,0.0,1.784090254304069,0.17057278879305687,1.6341564470822891,0.2199459452687817,0.25469220795790554,0.13568274269679761,0.05460000000000139,0.15596422666753101,0.05
2453,0.3853,False,2,0.0,0.13430000000000003,0.9347,74.6,0.0,0.0,0.0,1.7973528041261002,0.35984578622055136,1.8105175081052096,0.858356433526491,0.2567931068458553,0.3429051583027285,0.1,0.30000000000000004,0.05
2454,0.36885,False,2,0.0,0.16629999999999998,0.9324,90.25,0.0,0.0,0.0,1.8266105823511,0.359009219305213,1.7597056400848206,0.7268580281510767,0.28660452663621705,0.33769422340128646,0.1979056400695372,0.5937169202086117,0.05
2455,0.4206000000000001,False,2,0.0,0.16220000000000004,1.0,80.25,0.0,0.0,0.0,1.7306417656265367,0.13104546098815315,1.5427349446614596,0.07055621193849072,0.20357129638561533,0.11478445421636262,0.01750000000000091,0.04290745855909151,0.05
2456,0.43565,False,2,0.0,0.1513,1.0,70.0,0.0,0.0,0.0,1.6955858459514654,0.08678404459182806,1.5352000146136509,0.05135525196199946,0.19133041439741993,0.09319543112677163,1.1821156116345626e-236,0.0,0.05
2457,0.3954499999999999,False,2,0.0,0.21589999999999998,0.8158,60.2,0.0,0.0,0.0,2.101288133364791,0.565647088690012,2.1845884465744376,1.0915352600603896,0.5257752088268604,0.49712691251488705,0.5201969046599418,0.8757523012227374,0.05
2458,0.3817499999999999,False,2,0.0,0.1894,0.8657,72.9,0.0,0.0,0.0,1.909566134286092,0.4132343316763067,2.005613800523668,0.9378347248079114,0.3796114981101805,0.39541145774458536,0.35354622745618147,0.7071300694744107,0.05
2459,0.4302,False,2,0.0,0.24159999999999998,0.9334,78.65,0.0,0.0,0.0,1.9478063072831957,0.323346265457938,1.7794520313451971,0.8028585215956427,0.38869770363343953,0.2898656797861579,0.2195853646785304,0.6587560940355912,0.05
2460,0.38259999999999994,False,2,0.0,0.1607,0.9324999999999999,82.0,0.0,0.0,0.0,1.8251697429761342,0.3258644973422932,1.7825779827144987,0.7723009042576273,0.2920445370703919,0.3224191992576239,0.1727779827144988,0.5183339481434963,0.05
2461,0.4301499999999999,False,2,0.0,0.22249999999999998,0.9315999999999999,73.45,0.0,0.0,0.0,1.8627789288206806,0.2540525669415966,1.9563566224545652,1.0313178740945557,0.3529915562911727,0.27810026861724724,0.2650350255084285,0.660506003049777,0.05
2462,0.36660000000000004,False,2,0.0,0.09459999999999999,1.0,90.35,0.0,0.0,0.0,1.63276580305028,0.08718216344098334,1.553644444462271,0.07078075698096206,0.11861157580605666,0.08841551290266068,0.000700000000000287,0.002100000000000861,0.05
2463,0.3735,False,2,0.0,0.13740000000000002,1.0,97.6,0.0,0.0,0.0,1.7321719244036529,0.1792545912963106,1.553600000549769,0.06050652945835722,0.19058044737026375,0.146312887140541,9.967195414280333e-207,0.0,0.05
2464,0.34924999999999995,False,2,0.0,0.1638,0.8023,66.9,0.0,0.0,0.0,2.004307276640596,0.5599258797958736,2.3699059979428276,1.4489348241487126,0.4510998197013663,0.5162317402646361,0.4774727431976399,0.7902910613709334,0.05
2465,0.375,False,2,0.0,0.2191,0.8637,83.2,0.0,0.0,0.0,1.9540708909914577,0.3627460128307435,2.0048540155532764,0.9293355764682061,0.41806220975144964,0.37486374676832135,0.3460420473105254,0.6948754793648168,0.05
2466,0.33985000000000004,False,2,0.0,0.1026,0.9371,90.0,0.0,0.0,0.0,1.7242332757335936,0.29347870445268964,1.642934170642571,0.33804211696626807,0.20415047216915921,0.3063305950467196,0.07980007232346124,0.23940021697038374,0.05
2467,0.40655,False,2,0.0,0.17309999999999998,1.0,90.0,0.0,0.0,0.0,1.744491088119993,0.1541698633021404,1.5438237848311231,0.0493744541770559,0.21848265467694464,0.12915949838404325,0.010500000000001081,0.02101071155387392,0.05
2468,0.35615,False,2,0.0,0.0723,1.0,90.0,0.0,0.0,0.0,1.6168675113398128,0.06463387879912037,1.5787444444444454,0.1653817435846902,0.09994595498122963,0.06988344633586532,0.03960000000000081,0.11880000000000243,0.05
2469,0.358,False,2,0.0,0.197,0.799,70.0,0.0,0.0,0.0,1.975581142501127,0.4399571402811556,2.331075714523822,1.2148840293416496,0.4614530115139452,0.45260518666818833,0.45018778652608227,0.7114993773183352,0.05
2470,0.37185,False,2,0.0,0.12349999999999998,0.9338000000000001,78.4,0.0,0.0,0.0,1.7995909533479046,0.3836285014393172,1.91446244756184,0.9143138485028314,0.25529612779260746,0.35087346517610873,0.2639113224388251,0.6418650315181512,0.05
2471,0.41269999999999996,False,2,0.0,0.2004,0.873,62.0,0.0,0.0,0.0,1.9013153408794665,0.38465982965726697,2.0314617698473194,0.9594215019506819,0.37488403952602944,0.38240220750106724,0.34935652692980684,0.700222380640454,0.05
2472,0.37315,False,2,0.0,0.1607,0.9342,87.15,0.0,0.0,0.0,1.8036009207955122,0.26549440929231005,1.8939978417817904,1.1246935691877469,0.2776701257331237,0.28969550336626326,0.23314316747346,0.6591337673967252,0.05
2473,0.37170000000000003,False,2,0.0,0.182,0.8664,76.25,0.0,0.0,0.0,1.9163700343320875,0.48103770729402506,2.0637725430717753,1.1563050325188526,0.37925862520126163,0.4138927162086552,0.3978571653661672,0.8042617341905908,0.05
2474,0.3926,False,2,0.0,0.139,1.0,88.45,0.0,0.0,0.0,1.6938275155374185,0.11460642432008764,1.5184000000000004,0.02093418257300771,0.1753070218388031,0.10055706081851981,8.502262665882917e-231,0.0,0.05
2475,0.33765,False,2,0.0,0.1731,0.8078,76.4,0.0,0.0,0.0,2.0429748622722146,0.6135666411170431,2.515814068035687,1.5220127631021032,0.4749110109440752,0.5411022757010873,0.6304680108860794,0.9455521338207457,0.05
2476,0.39205,False,2,0.0,0.1041,1.0,80.0,0.0,0.0,0.0,1.7022364612436718,0.17401607382821774,1.6336111139406264,0.23633705923759865,0.16904430378341612,0.15581003096575535,0.055500000000000924,0.16650000000000278,0.05
2477,0.37515,False,2,0.0,0.1071,1.0,89.2,0.0,0.0,0.0,1.674684967524421,0.12633379399465533,1.5367000000000006,0.06950690613169479,0.15354035550253375,0.12159838459708693,1.1065809252153184e-222,0.0,0.05
2478,0.4568500000000001,False,2,0.0,0.2573,0.9364000000000001,70.0,0.0,0.0,0.0,1.8992086937027324,0.2161233724764462,1.6316112704686048,0.3405287197275355,0.3733160256503344,0.23241656170060096,0.07980000022898871,0.23940000068696612,0.05
2479,0.3853,False,2,0.0,0.16720000000000002,1.0,99.15,0.0,0.0,0.0,1.7708681068390675,0.15356514562190202,1.5419016025119359,0.04094945901874769,0.22784985922527148,0.13396327701866165,1.0206485327061227e-203,0.0,0.05
2480,0.42269999999999996,False,2,0.0,0.1654,1.0,80.0,0.0,0.0,0.0,1.7430332121168686,0.14126883160255732,1.561600121127959,0.05971139147418169,0.21592484519996877,0.12670800843512625,7.810550468933997e-220,0.0,0.05
2481,0.38444999999999996,False,2,0.0,0.1186,0.9319000000000001,70.4,0.0,0.0,0.0,1.7417103256048379,0.27649393142142137,1.7823281772806105,0.7324250035273382,0.22924501049019236,0.3071910013686869,0.20136151061394375,0.6040845318418313,0.05
2482,0.3999999999999999,False,2,0.0,0.1456,0.9343999999999999,70.0,0.0,0.0,0.0,1.7862732026985206,0.350830386201158,1.821033387590456,0.8156298637139017,0.26539723153241856,0.32732920217222883,0.1674333875059082,0.5023001625177246,0.05
2483,0.3247,False,2,0.0,0.136,0.8686,88.8,0.0,0.0,0.0,1.8811966694719526,0.49880211204488195,2.0213568691507886,0.9069769956144588,0.3533553708236919,0.47445509827126775,0.3235458227181799,0.6586526344004521,0.05
2484,0.33314999999999995,False,2,0.0,0.15929999999999997,0.8158,77.2,0.0,0.0,0.0,1.9615732891800874,0.5146801669462433,2.181392600895502,1.2179633870244246,0.423885960179715,0.4839609786631143,0.35908812469909507,0.6299588465118893,0.05
2485,0.393,False,2,0.0,0.19290000000000002,0.9362999999999999,85.8,0.0,0.0,0.0,1.891430204304162,0.27152799695372587,1.6331797347734622,0.34394776633377083,0.33688687163516706,0.26962207711879593,0.08163235190791371,0.24489705572374112,0.05
2486,0.4346500000000001,False,2,0.0,0.2089,0.9372,69.2,0.0,0.0,0.0,1.8562359796323566,0.2780728356187658,1.915699538479585,1.100585284984652,0.31985485646741674,0.2609371980861873,0.214322385889511,0.642967157668533,0.05
2487,0.35874999999999996,False,2,0.0,0.0775,1.0,90.0,0.0,0.0,0.0,1.6254843236596745,0.10630387502728378,1.5254999999999999,0.03526542215825582,0.10049996978892499,0.09700129362483782,2.3206683872077243e-216,0.0,0.05
2488,0.35635000000000006,False,2,0.0,0.18169999999999997,0.8118000000000001,70.2,0.0,0.0,0.0,1.9244076591466694,0.36970388832360845,1.8694221913408424,0.5118648506542574,0.4034458409243187,0.380436759873602,0.23960000013842428,0.3659951367912818,0.05
2489,0.39235,False,2,0.0,0.1863,1.0,100.4,0.0,0.0,0.0,1.7823087584992883,0.19271407977398777,1.5261777777816252,0.036197851381480725,0.2326409877862246,0.14927661457669428,0.008400000000000404,0.025200000000001208,0.05
2490,0.38170000000000004,False,2,0.0,0.1066,1.0,85.8,0.0,0.0,0.0,1.7178369829965507,0.16880265267408914,1.5481612852520414,0.057889676803601145,0.16628742182361395,0.12599986196831867,2.1612616071380358e-225,0.0,0.05
2491,0.41390000000000005,False,2,0.0,0.20179999999999998,0.9332,76.8,0.0,0.0,0.0,1.8587944620172347,0.3184412405902448,1.623378445338234,0.3433615369265609,0.3286842571615754,0.31567367897643356,0.0799056719449697,0.2397170158349091,0.05
2492,0.377,False,2,0.0,0.15080000000000002,0.9376,83.6,0.0,0.0,0.0,1.7578909602231267,0.32434239675121024,1.7876830220828275,0.7562029621357184,0.24385180194408856,0.31419302419969825,0.17528302073611032,0.5258490622083309,0.05
2493,0.38785000000000003,False,2,0.0,0.1789,0.9312000000000001,83.6,0.0,0.0,0.0,1.8499285183818954,0.3190370796851027,1.9458233273607237,1.1975643855985987,0.31283596376587053,0.3150202969176598,0.2005091956923648,0.5601623728148325,0.05
2494,0.34199999999999997,False,2,0.0,0.23559999999999998,0.7412,73.2,0.0,0.0,0.0,2.143143448690428,0.5362031490311026,2.7984851478621318,1.543257473897388,0.585035028547906,0.49590039443752215,0.8669629256399091,0.959573279955657,0.05
2495,0.39479999999999993,False,2,0.0,0.1745,0.9350999999999999,80.0,0.0,0.0,0.0,1.8225595735885332,0.3218532854772269,1.786698289811095,0.8003206162850962,0.2932985288027604,0.30632733584637517,0.18649342807659547,0.5594802842297865,0.05
2496,0.34119999999999995,False,2,0.0,0.1488,0.8695999999999999,84.0,0.0,0.0,0.0,1.8470111595110512,0.4791576875032416,2.1594486354484603,1.2907396259438628,0.33659497529918275,0.4660163290660866,0.41670831492018773,0.834500281085699,0.05
2497,0.37299999999999994,False,2,0.0,0.1648,0.9347999999999999,88.4,0.0,0.0,0.0,1.8397425766876025,0.4023735901178783,1.78853788212538,0.7957904237521877,0.30785663916355993,0.37135598805323017,0.093,0.279,0.05
2498,0.3812,False,2,0.0,0.1467,0.9357,80.0,0.0,0.0,0.0,1.7618309393166744,0.25268241949247683,1.8686460062199857,0.910914382912627,0.25355033781199,0.2850461891392917,0.21815711733109588,0.5307610980423388,0.05
2499,0.37775000000000003,False,2,0.0,0.19729999999999998,0.8694,77.8,0.0,0.0,0.0,1.9455827500453573,0.34206105245681256,1.8792815809891354,0.8149886925450498,0.39789721268390066,0.34594279962655583,0.2887704698780242,0.6457387928077785,0.05
2500,0.38585,False,2,0.0,0.24330000000000002,0.8084,70.0,0.0,0.0,0.0,2.0966838585611294,0.6258947218840697,2.1395323654017813,1.0330116972919026,0.537148705185041,0.5146917693096356,0.4468043462657775,0.7369246227590562,0.05
2501,0.3834,False,2,0.0,0.20889999999999995,0.9461,97.05,0.0,0.0,0.0,1.9397706717936487,0.32824706287792305,1.6231111111111112,0.3423820802683594,0.35094318036305033,0.25782720458879316,0.07980000000000013,0.23940000000000045,0.05
2502,0.33934999999999993,False,2,0.0,0.1438,0.9319,99.25,0.0,0.0,0.0,1.8516291704628134,0.4872807830240248,1.9580346678191027,1.3261538216398057,0.29077214395075235,0.4006003165998919,0.19963466781910216,0.5989040034573065,0.05
2503,0.38095,False,2,0.0,0.1406,0.9397,79.6,0.0,0.0,0.0,1.7523215354242674,0.22926883016364083,1.6376111111111116,0.33866608431708567,0.22904798300614085,0.2511443300700144,0.07980000000000022,0.23940000000000064,0.05
2504,0.4227000000000001,False,2,0.0,0.17909999999999998,0.9303000000000001,66.0,0.0,0.0,0.0,1.8229119304781984,0.25223972181939136,1.7850364650793875,0.7385553384624213,0.30449223906286055,0.2888862436693666,0.17639360367072304,0.5228781634415499,0.05
2505,0.34395000000000003,False,2,0.0,0.1121,0.9358000000000001,90.0,0.0,0.0,0.0,1.7500828351841302,0.3100095056516211,1.629310541367851,0.3426320315815194,0.22029655982875038,0.29980730099617947,0.07980001817958352,0.23940005453875057,0.05
2506,0.35330000000000006,False,2,0.0,0.1262,0.9356,88.8,0.0,0.0,0.0,1.7592672918388896,0.32934948244997414,1.8253972235065,0.8644705895199151,0.23259498197531805,0.31966699599817006,0.10699999999999998,0.32099999999999995,0.05
2507,0.35950000000000004,False,2,0.0,0.1202,1.0,100.3,0.0,0.0,0.0,1.6997204664817616,0.17970299075699186,1.5623444444813461,0.07711478462285046,0.16827602785986776,0.13452915154278097,0.009000000000000823,0.02700000000000247,0.05
2508,0.43395000000000006,False,2,0.0,0.1767,1.0,77.2,0.0,0.0,0.0,1.715270263269955,0.11153809412386746,1.5279667620337678,0.04696048106673444,0.2111101475533456,0.106117343734752,0.010400000000000433,0.031200000000001296,0.05
2509,0.4434,False,2,0.0,0.17980000000000002,0.9332,56.55,0.0,0.0,0.0,1.885763144271189,0.3855062821711858,1.8468989629815915,0.9485805929714407,0.3274702841796065,0.3414955066564452,0.21508676806007698,0.6366408314046773,0.05
2510,0.32014999999999993,False,2,0.0,0.1452,0.8695,93.6,0.0,0.0,0.0,1.8956252031472474,0.5459949321927445,2.2290047189455944,1.3981506704449982,0.33531273430120095,0.4596080828123547,0.3966534648805081,0.8051537754327617,0.05
2511,0.39315,False,2,0.0,0.1907,0.938,85.6,0.0,0.0,0.0,1.9718866495239702,0.6252690578149438,1.7922934604872072,0.8203701846761948,0.3712182400732089,0.4355156775747611,0.19662871510341212,0.5898861453102364,0.05
2512,0.47865,False,2,0.0,0.263,0.8678999999999999,43.4,0.0,0.0,0.0,2.01168249579487,0.2985934479997923,1.9315603138138897,0.8359120576815801,0.47431542345547983,0.3140148580583603,0.29256668842414235,0.6333878446279209,0.05
2513,0.35380000000000006,False,2,0.0,0.23709999999999995,0.7409000000000001,67.6,0.0,0.0,0.0,2.070029151166458,0.48597006230217343,2.5714487553834866,1.245971195131224,0.5456422422471026,0.4674442616412721,0.7597812265146631,0.9312473589038058,0.05
2514,0.3507500000000001,False,2,0.0,0.12290000000000001,0.9338000000000001,88.8,0.0,0.0,0.0,1.7513638891503809,0.3701381968138354,1.7942035577093658,0.7931639286126716,0.23081312110298718,0.3476095032498526,0.20459999490483435,0.6058422414128046,0.05
2515,0.3833500000000001,False,2,0.0,0.13799999999999998,0.8687000000000001,60.0,0.0,0.0,0.0,1.8604565861852358,0.4710470833506687,2.073944421847407,1.1241401356660425,0.3378533854421657,0.4480882221688097,0.45414442184740605,0.9090305895571644,0.05
2516,0.38844999999999996,False,2,0.0,0.1489,0.9342,76.55,0.0,0.0,0.0,1.7902644449152685,0.353918345359944,1.8428094301472822,0.9955414921296264,0.26795822608691056,0.34048702498065836,0.20556561097892337,0.61669683293677,0.05
2517,0.33494999999999997,False,2,0.0,0.12399999999999997,0.8658999999999999,80.0,0.0,0.0,0.0,1.8101502428593605,0.37977008692080744,2.088738239618958,0.9934998757494964,0.30210967618364126,0.41386085004101786,0.4256046824772376,0.805617238633178,0.05
2518,0.39770000000000005,False,2,0.0,0.11600000000000002,1.0,80.15,0.0,0.0,0.0,1.6863411576856542,0.14722325739137423,1.5559001284223766,0.07000215230642695,0.15256636931652015,0.11750437353581789,1.1881822748889481e-213,0.0,0.05
2519,0.4488,False,2,0.0,0.2395,0.9317,68.4,0.0,0.0,0.0,1.9199106178701246,0.3647237463323847,1.802438506548508,0.8106859171793315,0.37903846615827513,0.3320194136894562,0.2282385065485047,0.6847155196455141,0.05
2520,0.34459999999999996,False,2,0.0,0.08720000000000001,1.0,99.5,0.0,0.0,0.0,1.6731071754314015,0.18450692304387403,1.5261,0.04566497563779048,0.13475457924120776,0.1369015415234849,1.5573736297306412e-208,0.0,0.05
2521,0.33695,False,2,0.0,0.0739,1.0,100.0,0.0,0.0,0.0,1.6128147047573265,0.05181920175957489,1.5082,0.01639999999999997,0.09667364652006863,0.05766947789044678,2.399514871517303e-241,0.0,0.05
2522,0.39554999999999996,False,2,0.0,0.15350000000000003,1.0,90.6,0.0,0.0,0.0,1.7113271586930234,0.11757988486017842,1.528433333353202,0.04037684982688915,0.19147364348920498,0.1013570948304412,0.005600000000000363,0.016800000000001092,0.05
2523,0.36850000000000005,False,2,0.0,0.12400000000000003,0.933,80.0,0.0,0.0,0.0,1.7388441456453823,0.27352289679215375,1.7602249154130274,0.7806747462390824,0.22454965697693613,0.2937121741888228,0.16742491541302734,0.5022747462390821,0.05
2524,0.3705,False,2,0.0,0.10769999999999999,0.9933,90.0,0.0,0.0,0.0,1.6989122587336838,0.13044523087229612,1.6646555555555573,0.3381309756095544,0.1730497474864947,0.12208245421624424,0.07990000000000087,0.2397000000000026,0.05
2525,0.3867499999999999,False,2,0.0,0.0935,1.0,80.0,0.0,0.0,0.0,1.6378788184316064,0.07500904610398422,1.5628116840620092,0.07254877820597835,0.12101623420496613,0.08726566420533348,3.691844280755394e-225,0.0,0.05
2526,0.37844999999999995,False,2,0.0,0.1424,0.9347,80.05,0.0,0.0,0.0,1.7723646330492202,0.30724091249804636,1.6362222221782905,0.3418034521630155,0.24650917043264903,0.282312746979591,0.07990000000000036,0.23970000000000108,0.05
2527,0.4086,False,2,0.0,0.1645,0.9301,69.35,0.0,0.0,0.0,1.9106407980305515,0.51204678568471,1.909116371852677,1.1631403468275767,0.3309915822634791,0.38567089862895615,0.16073921934827454,0.4822176580448235,0.05
2528,0.4091,False,2,0.0,0.16060000000000002,1.0,85.6,0.0,0.0,0.0,1.7127878551470737,0.15335740677237128,1.516864583333612,0.020860410008923278,0.1947507534322562,0.1338549115047999,1.303585602647641e-206,0.0,0.05
2529,0.385,False,2,0.0,0.1807,0.8699,70.15,0.0,0.0,0.0,1.907590897250135,0.4460128057134529,1.9090563546598376,0.8498123754813705,0.36260099767265497,0.3933470438704857,0.2457231725225711,0.5274626487434723,0.05
2530,0.3595,False,2,0.0,0.1014,1.0,95.6,0.0,0.0,0.0,1.6785770103933664,0.15569745782817535,1.5325002910931904,0.03689568575170891,0.14597053305027569,0.13633702573068357,6.50111906641614e-219,0.0,0.05
2531,0.39435,False,2,0.0,0.10870000000000002,1.0,80.0,0.0,0.0,0.0,1.6593755022094878,0.09938058539485685,1.5659112847222239,0.08508808730122171,0.14439909771719067,0.10721359708415516,0.024300000000000994,0.06267702928505964,0.05
2532,0.40574999999999994,False,2,0.0,0.13119999999999998,0.9362999999999999,64.0,0.0,0.0,0.0,1.7232404333774727,0.2357295700350808,1.6429110938372475,0.3405128471273884,0.22665489546969772,0.2671409479039127,0.08840000087796525,0.23791898042402523,0.05
2533,0.47359999999999997,False,2,0.0,0.188,1.0,60.2,0.0,0.0,0.0,1.7625058566246488,0.1522567321660577,1.5126000000000002,0.019262398604535196,0.24329227692433025,0.1317290829416867,1.2758009147663846e-204,0.0,0.05
2534,0.45955,False,2,0.0,0.2405,1.0,80.35,0.0,0.0,0.0,1.8957319108328996,0.26262072598389224,1.5433,0.05235847591364747,0.32350346401920554,0.17560693652515547,5.005207670557207e-148,1.5015623011671624e-147,0.05
2535,0.35589999999999994,False,2,0.0,0.1557,0.9417,96.4,0.0,0.0,0.0,1.8078496100562198,0.3863097278301177,1.7931310687580428,0.7902686774098878,0.25810508878186705,0.34059876447558307,0.10130000000000036,0.2743049580302915,0.05
2536,0.40745,False,2,0.0,0.2184,0.8701000000000001,68.4,0.0,0.0,0.0,1.984205605084119,0.4311951728030733,1.8606051331330768,0.7500448125435603,0.42845885854776294,0.39165624816322014,0.26110903225252297,0.5690890236622826,0.05
2537,0.36985,False,2,0.0,0.16990000000000002,0.9306000000000001,90.2,0.0,0.0,0.0,1.8654196811080865,0.4250632633110871,1.7094654506647646,0.5877771958613169,0.30924441825013477,0.34910910819939883,0.1045999996679678,0.31379999900390343,0.05
2538,0.37435,False,2,0.0,0.10869999999999999,1.0,90.0,0.0,0.0,0.0,1.6691074313941687,0.12605813132848043,1.5372751736685633,0.05097482933730164,0.14863946603665507,0.11734191577402635,1.6885149190120594e-227,0.0,0.05
2539,0.3595,False,2,0.0,0.1026,1.0,95.9,0.0,0.0,0.0,1.6691925130450158,0.13743202791474116,1.5337277787950314,0.0567411304679803,0.14037698903852808,0.10156269101428843,0.005400000000000646,0.013207573584880363,0.05
2540,0.42805000000000004,False,2,0.0,0.199,0.9373000000000001,70.05,0.0,0.0,0.0,1.8595133808310873,0.3403742093533947,1.8507826511462526,0.7226743199449409,0.32157843262077057,0.30100304114242626,0.22448039427658478,0.5109387945106123,0.05
2541,0.35805000000000003,False,2,0.0,0.13540000000000002,0.9347,88.5,0.0,0.0,0.0,1.8726332389799847,0.5620295761957671,1.9866036105730587,1.288021614474683,0.26739577366156264,0.3719785214243565,0.22193756918247706,0.5925304459949461,0.05
2542,0.3746499999999999,False,2,0.0,0.15969999999999998,0.8695999999999999,70.0,0.0,0.0,0.0,1.7978034390197233,0.30493245544325276,2.0265736464735316,0.9723992875034388,0.3175866533381374,0.35975095007596813,0.36472236833047134,0.7390521463543267,0.05
2543,0.40950000000000003,False,2,0.0,0.16060000000000002,1.0,85.4,0.0,0.0,0.0,1.7146143356580539,0.11839171517416747,1.5990444444444458,0.25678879345572386,0.2035875960680087,0.11462735614160073,0.06030000000000089,0.18090000000000264,0.05
2544,0.36145,False,2,0.0,0.0829,1.0,90.0,0.0,0.0,0.0,1.6262657053717189,0.07543570282422415,1.5461000188191731,0.05655344267289721,0.11138475384712987,0.0819091060044781,3.2205743447091416e-233,0.0,0.05
2545,0.3336500000000001,False,2,0.0,0.175,0.8015000000000001,77.3,0.0,0.0,0.0,2.0158917278383175,0.5323037925051951,2.1976519247602346,1.1205145543410164,0.4603822058819726,0.5012356957285753,0.3598106893496969,0.6025193434566252,0.05
2546,0.44139999999999996,False,2,0.0,0.2172,0.9343999999999999,67.2,0.0,0.0,0.0,1.8264222980413785,0.27223608788253706,1.7596478166904834,0.6996654352132426,0.3222312887558307,0.2926833148413797,0.17190971940114394,0.5157291582034318,0.05
2547,0.4255,False,2,0.0,0.1728,1.0,80.45,0.0,0.0,0.0,1.7919096059224642,0.1866441017517325,1.6603555555555567,0.2858705690032191,0.2428737394865002,0.14084169491127155,0.06730000000000089,0.20190000000000263,0.05
2548,0.33820000000000006,False,2,0.0,0.09980000000000001,0.9376,90.25,0.0,0.0,0.0,1.6994714720571842,0.2641849152285407,1.6443064236111624,0.33972556978712304,0.18411249280697425,0.2630695164799129,0.07980000000000044,0.23940000000000128,0.05
2549,0.34874999999999995,False,2,0.0,0.0975,1.0,100.0,0.0,0.0,0.0,1.6379877185939526,0.08310716820025585,1.5425612847225474,0.062188527167451935,0.12306343058992937,0.09159165363311646,0.017400000000001352,0.04340322568658032,0.05
2550,0.41770000000000007,False,2,0.0,0.2263,0.9305,80.35,0.0,0.0,0.0,1.9554582070020952,0.273586867817274,1.775831548894422,0.746209837433232,0.37905594945800114,0.28066198836562056,0.1798537711147468,0.5064751144432981,0.05
2551,0.45470000000000005,False,2,0.0,0.16640000000000002,1.0,64.25,0.0,0.0,0.0,1.7432391686837785,0.17542998038088725,1.517,0.024657656011875796,0.2107114554180584,0.13472235568216806,9.500856481575658e-213,0.0,0.05
2552,0.43944999999999995,False,2,0.0,0.1849,0.9388,61.2,0.0,0.0,0.0,1.8898776381845672,0.5454051300174397,1.7841362252256636,0.7913623361241714,0.31125928547041515,0.38387177587843424,0.18023622522566368,0.540708675676991,0.05
2553,0.3665999999999999,False,2,0.0,0.1156,0.9376,80.0,0.0,0.0,0.0,1.7401081113653927,0.30683401032012947,1.7333357078542655,0.6864493025669198,0.2172619473973536,0.2988357294199584,0.1845357078542656,0.5536071235627967,0.05
2554,0.4135000000000001,False,2,0.0,0.1834,0.8836,60.0,0.0,0.0,0.0,1.8848653279110337,0.4061169125993933,1.9364946191342156,0.845769327765492,0.34717417060712197,0.3557592286725351,0.2064000000000008,0.38040615136982253,0.05
2555,0.41755000000000003,False,2,0.0,0.2028,0.8067,43.6,0.0,0.0,0.0,1.9965941627382258,0.45963506279944794,2.162065261278587,1.0391367111009564,0.4663770809641951,0.45781575000431896,0.4809035107933619,0.8048916112758995,0.05
2556,0.33085000000000003,False,2,0.0,0.0617,1.0,100.0,0.0,0.0,0.0,1.612519959612586,0.06064731325638887,1.536400000193083,0.054905737807813854,0.0920101280545411,0.05899341055934805,4.9142064674371646e-238,0.0,0.05
2557,0.38665000000000005,False,2,0.0,0.15730000000000002,0.9364000000000001,80.1,0.0,0.0,0.0,1.7994573323411907,0.34955558199261666,1.6295555555555932,0.34182285860770584,0.26708634820571836,0.30573440763718124,0.07990000000000207,0.23970000000000619,0.05
2558,0.39225000000000004,False,2,0.0,0.19230000000000003,0.9339999999999999,85.45,0.0,0.0,0.0,1.9192792082380794,0.43103082299972834,1.9573172105475702,1.2155319558926485,0.3642920540429597,0.3847914030110849,0.21537925956721143,0.5965738991263189,0.05
2559,0.3261,False,2,0.0,0.1268,0.9094,96.0,0.0,0.0,0.0,1.8363826236226042,0.4086252807451707,1.8762011702383046,0.7269805552628669,0.2755382158721527,0.35143263805862845,0.2838070384319026,0.6317234111200918,0.05
2560,0.37540000000000007,False,2,0.0,0.2475,0.6731,42.45,0.0,0.0,0.0,2.1564615318903804,0.4964682559213898,2.665296900244344,1.4002940970627773,0.6438082185452667,0.478000394660575,0.7580226452130369,0.8784037708093669,0.05
2561,0.41764999999999997,False,2,0.0,0.2206,0.9379,80.8,0.0,0.0,0.0,1.8637664387431017,0.26060073171215514,1.7125333333359545,0.33833501842271513,0.3350226823900479,0.266995551909403,0.10990000000000073,0.24649967545617643,0.05
2562,0.37644999999999995,False,2,0.0,0.18130000000000002,0.9321999999999999,90.15,0.0,0.0,0.0,1.87526532834416,0.45791983723577095,1.76657519502945,0.6789055811914079,0.32723067002202727,0.3753242983666895,0.1499999993724455,0.44999999811733654,0.05
2563,0.46864999999999996,False,2,0.0,0.19790000000000002,1.0,65.15,0.0,0.0,0.0,1.7963591195249369,0.13423203852495572,1.5297611111111125,0.04819895784181628,0.26395479279060996,0.11241721571341699,0.012000000000000738,0.03280243893371475,0.05
2564,0.39554999999999996,False,2,0.0,0.11290000000000003,1.0,80.45,0.0,0.0,0.0,1.6867547236391982,0.13123819835227318,1.5805666666666682,0.08158282090407754,0.1509611879593393,0.11531762545282793,0.008600000000000406,0.025800000000001218,0.05
2565,0.3974,False,2,0.0,0.11639999999999999,1.0,80.4,0.0,0.0,0.0,1.65409561491592,0.07520666626162095,1.5120779513888944,0.029896792962425398,0.13677347207203214,0.0856557819580517,0.0037000000000004148,0.011100000000001243,0.05
2566,0.38615,False,2,0.0,0.1582,0.9343,80.05,0.0,0.0,0.0,1.7902034688436046,0.2942635052925358,1.7534514372035819,0.6636072072288869,0.28119305990979016,0.3154601810105067,0.1618429900224931,0.4855289700674794,0.05
2567,0.41525,False,2,0.0,0.18129999999999996,1.0,87.7,0.0,0.0,0.0,1.749443142928109,0.12833411838688777,1.5163,0.020025234081028843,0.22209534961591096,0.11259429019967629,1.1881869105724537e-213,0.0,0.05
2568,0.3851,False,2,0.0,0.2004,0.9311999999999999,90.35,0.0,0.0,0.0,1.9004741460125012,0.472498040186035,1.780924382319937,0.7796594689665224,0.33730191089153816,0.3613466056585221,0.20448123382351566,0.6002288531618607,0.05
2569,0.38475,False,2,0.0,0.1011,1.0,82.9,0.0,0.0,0.0,1.7019136680295865,0.19698269693270523,1.5386446180555562,0.07276023362726242,0.14110411100358608,0.14032749833757455,0.013300000000000551,0.039900000000001656,0.05
2570,0.37349999999999994,False,2,0.0,0.1523,0.8734999999999999,69.7,0.0,0.0,0.0,1.8373892347521275,0.3385008342752691,2.098466274992915,1.160170735745446,0.33612903001411876,0.37079092468192604,0.3244141916595809,0.5816178904322773,0.05
2571,0.38275000000000003,False,2,0.0,0.16610000000000003,1.0,100.15,0.0,0.0,0.0,1.7726880669247973,0.18923226422517994,1.5464000142693521,0.09629557973139773,0.2283672313999932,0.15873269106219892,1.3064201610831232e-201,0.0,0.05
2572,0.3587,False,2,0.0,0.2003,0.8119,73.7,0.0,0.0,0.0,1.9335389145205883,0.4091965572892911,2.231052712597896,1.1053672610145566,0.4307632345181089,0.4435801132265693,0.5489879560342599,0.8480127747120267,0.05
2573,0.3677500000000001,False,2,0.0,0.1956,0.8033000000000001,65.85,0.0,0.0,0.0,2.055746646396056,0.532548567959842,2.024204143793365,0.7571203180239984,0.4705950474098458,0.4344843187604518,0.35875969994496915,0.5327951771112965,0.05
2574,0.3696,False,2,0.0,0.1584,0.9343999999999999,88.4,0.0,0.0,0.0,1.819722270828684,0.31750774386294167,1.640655574241762,0.3399986192262201,0.28058839597552454,0.3115815637484124,0.07990000181919728,0.23970000545759176,0.05
2575,0.36690000000000006,False,2,0.0,0.1517,0.9341000000000002,88.0,0.0,0.0,0.0,1.7385193398813104,0.2221460534773578,1.7689879151114485,0.6865802118355294,0.22725442005178748,0.237425026355404,0.1591000137683525,0.44873436129471755,0.05
2576,0.38644999999999996,False,2,0.0,0.1455,1.0,93.15,0.0,0.0,0.0,1.7542665861529403,0.19159961911627527,1.522181250000068,0.04769560424275057,0.2029978255725545,0.15349517715680366,4.082563010252965e-203,0.0,0.05
2577,0.3965,False,2,0.0,0.1466,1.0,88.4,0.0,0.0,0.0,1.703129804576522,0.13947107407809028,1.5461,0.041644807599507554,0.17060030762533673,0.13138266559036282,1.2758009441799372e-204,0.0,0.05
2578,0.34055,False,2,0.0,0.1298,0.8713000000000001,80.0,0.0,0.0,0.0,1.845905009557287,0.45330142771186704,2.042626711412423,1.0758864293697554,0.30986660393487475,0.41816250147302464,0.4326266898275934,0.8666043696044838,0.05
2579,0.4226,False,2,0.0,0.17429999999999998,0.9350999999999999,66.05,0.0,0.0,0.0,1.8794148978707939,0.3539786085453555,1.8327700060350707,0.8777136821421251,0.31887633180068875,0.3162600627059963,0.1636700060350706,0.49101001810521183,0.05
2580,0.41915,False,2,0.0,0.1506,0.9340999999999999,61.6,0.0,0.0,0.0,1.790244733376483,0.26689838338338445,1.616648689093489,0.2724118406517029,0.25287344745953316,0.2727214179753967,0.07992414062584113,0.2397724218775234,0.05
2581,0.39885,False,2,0.0,0.1745,0.8642,60.25,0.0,0.0,0.0,1.932555940388299,0.509199033250614,2.354249960962025,1.6611804280716198,0.39189654062702606,0.4570853412666398,0.3811675655428175,0.7606611694246174,0.05
2582,0.36014999999999997,False,2,0.0,0.18409999999999999,0.7962,65.0,0.0,0.0,0.0,2.044224313540647,0.5754627619044376,2.137442194148513,0.998800206491961,0.47620821337598124,0.4957938920109325,0.48363618364605826,0.807056624611268,0.05
2583,0.4274,False,2,0.0,0.13479999999999998,1.0,70.0,0.0,0.0,0.0,1.7000480984518127,0.11198982381040881,1.6011666666666677,0.255066363913398,0.184076069783494,0.10990866384873657,0.0599000000000009,0.17970000000000272,0.05
2584,0.3709,False,2,0.0,0.1354,1.0,98.4,0.0,0.0,0.0,1.6648424222864964,0.09826752727644951,1.5672000468783909,0.05279548702559104,0.1527252137982752,0.09037015000639002,9.505456146073679e-213,0.0,0.05
2585,0.4692499999999999,False,2,0.0,0.2193,0.8751999999999999,39.0,0.0,0.0,0.0,1.94552810172061,0.3750544758175669,2.056190917303046,1.0443806391569,0.4065401902361162,0.35859389619399723,0.37215016870162076,0.7445659026212686,0.05
2586,0.4159999999999999,False,2,0.0,0.1398,1.0,76.95,0.0,0.0,0.0,1.7423602976778512,0.1242443235657814,1.7143000107672706,0.319417844699645,0.20799684179963873,0.10660399526899034,0.11680000000000179,0.23479940374711705,0.05
2587,0.3678499999999999,False,2,0.0,0.10569999999999999,0.9339999999999999,76.0,0.0,0.0,0.0,1.7544013218072394,0.34336950989974635,1.899630772277274,1.150405527952392,0.2298091770446947,0.3400314739158646,0.22485361977276064,0.6745608593182819,0.05
2588,0.37985000000000013,False,2,0.0,0.17370000000000002,0.9274000000000001,85.35,0.0,0.0,0.0,1.8930817930682668,0.5562949258343091,1.8508875733188987,1.0061335429806018,0.31937418770370496,0.3944908880621563,0.20441566373471903,0.6132469912041572,0.05
2589,0.3598000000000001,False,2,0.0,0.1361,0.9387000000000001,88.8,0.0,0.0,0.0,1.7939224776768736,0.3850425035562194,1.7845013212855352,0.7261070158295153,0.2500492504286608,0.3379628357753577,0.20989021016912565,0.6099330108325514,0.05
2590,0.43674999999999997,False,2,0.0,0.1943,1.0,80.2,0.0,0.0,0.0,1.7441972601540434,0.11067573291365504,1.5264000000027325,0.036710216566042016,0.22647471948832085,0.08746469147876078,0.006200000000000373,0.018600000000001116,0.05
2591,0.3891,False,2,0.0,0.12469999999999999,0.9335000000000001,70.0,0.0,0.0,0.0,1.719873291229972,0.2746456131885488,1.756114876476028,0.686417904819762,0.22093984692110852,0.31637738905248414,0.21378662368803564,0.611308878925186,0.05
2592,0.42955,False,2,0.0,0.2032,0.9365,70.15,0.0,0.0,0.0,1.8489694710839402,0.36578724627731246,1.654934115652519,0.39658938111839837,0.3138268376521372,0.32571972522044723,0.08269870295606745,0.2447809330328265,0.05
2593,0.3975000000000001,False,2,0.0,0.20170000000000005,0.8733000000000001,70.0,0.0,0.0,0.0,1.917517235754832,0.41237947995591434,1.867209973112833,0.729108577117659,0.39571745465532115,0.4133026065830534,0.2515862101653733,0.5435897339762797,0.05
2594,0.35234999999999994,False,2,0.0,0.2057,0.8048,76.45,0.0,0.0,0.0,2.042168651793947,0.5162020985178273,2.5714150285289556,1.547612993112052,0.47905170008177206,0.473990494308674,0.5782120611647107,0.8429283442296812,0.05
2595,0.39815,False,2,0.0,0.1795,0.9368000000000001,80.0,0.0,0.0,0.0,1.7881948696331331,0.25092662464590715,1.6342555556251053,0.3418956777254288,0.2759636573406917,0.26301376608309573,0.07990000000000008,0.23970000000000025,0.05
2596,0.44475,False,2,0.0,0.2141,0.9349999999999999,64.9,0.0,0.0,0.0,1.8427552915308845,0.18618447504027355,1.8082646353067369,0.741258399915534,0.33140995026276115,0.23637766113134703,0.22327904502622684,0.5995020363091085,0.05
2597,0.34319999999999995,False,2,0.0,0.1471,0.8657,81.6,0.0,0.0,0.0,1.8398984620728875,0.3840198488164271,2.0430917623314446,0.9997344480200933,0.3291132192828776,0.40071968180979317,0.4065917623307828,0.8162715868917574,0.05
2598,0.32425,False,2,0.0,0.1089,0.9338,98.55,0.0,0.0,0.0,1.7569975407828167,0.40731024755951917,1.8314592905928149,0.8981840404019759,0.22184249924313995,0.35797148698565073,0.19845929059280623,0.5953778717784177,0.05
2599,0.35965,False,2,0.0,0.08049999999999999,1.0,90.3,0.0,0.0,0.0,1.6364542275221652,0.10437527667069799,1.5204999999999997,0.030640659261836997,0.11500209360557076,0.09623108192967578,4.2586431635978197e-237,0.0,0.05
2600,0.36929999999999996,False,2,0.0,0.12289999999999998,0.9373000000000001,80.4,0.0,0.0,0.0,1.7691868104922222,0.31829850715853625,1.8062229401837715,0.8183341242167914,0.24409495277247903,0.31897078436539483,0.1339000000000003,0.3954072457606207,0.05
2601,0.37764999999999993,False,2,0.0,0.1429,0.9362,80.95,0.0,0.0,0.0,1.803312005152555,0.32899593122301624,1.845895862852058,0.872192959229148,0.26341843684474525,0.31975156963718826,0.17764062901560612,0.4932868769344073,0.05
2602,0.46725000000000005,False,2,0.0,0.15850000000000003,1.0,56.0,0.0,0.0,0.0,1.703549450196822,0.12865722068375876,1.5263946411026854,0.03370947076197509,0.1903346079124189,0.13686995483512862,0.0031000000000004067,0.00930000000000122,0.05
2603,0.38234999999999997,False,2,0.0,0.20669999999999997,0.798,60.0,0.0,0.0,0.0,2.046108818539747,0.5618334407474632,2.3690460240111375,1.5731732951535482,0.4870922713305369,0.48661713270987406,0.4655537212474208,0.7579421455057261,0.05
2604,0.39239999999999997,False,2,0.0,0.2157,0.8771000000000001,77.0,0.0,0.0,0.0,1.96636569723562,0.48647339737535766,2.123404238788788,1.187438058524855,0.41766488478062624,0.4359503813646672,0.4003885471612748,0.8063084805110756,0.05
2605,0.40525,False,2,0.0,0.13069999999999998,1.0,80.05,0.0,0.0,0.0,1.703581492659876,0.14238267687388126,1.5246649563259556,0.023485483694618083,0.17912850115623818,0.13101028596839162,0.001400000000000432,0.004200000000001296,0.05
2606,0.3601,False,2,0.0,0.14049999999999999,0.8596999999999999,70.0,0.0,0.0,0.0,1.9972956947148806,0.7147210155759202,2.1679225939883815,1.3219935941305738,0.3862508510931199,0.5076599209577104,0.3624315473259572,0.7285053329029378,0.05
2607,0.3385000000000001,False,2,0.0,0.1061,0.9309000000000001,90.0,0.0,0.0,0.0,1.739801998806941,0.36147807802153054,1.7779970488307786,0.7416316503167963,0.22626186804711979,0.3555527206333718,0.18781075215012122,0.5634322564503637,0.05
2608,0.40375000000000005,False,2,0.0,0.1827,0.9352,77.6,0.0,0.0,0.0,1.8745387024302775,0.3529326331598709,1.7610791975163707,0.7424640353532963,0.323869487612379,0.3182429865176029,0.18577919751637054,0.5573375925491116,0.05
2609,0.3993999999999999,False,2,0.0,0.17260000000000003,0.8629999999999999,59.2,0.0,0.0,0.0,1.8380905638081668,0.33736573884894516,2.0870494359359952,1.1444098096455042,0.3449937403401765,0.3754824319042317,0.3539586651138663,0.7080945933094588,0.05
2610,0.34140000000000004,False,2,0.0,0.1578,0.8644000000000001,84.85,0.0,0.0,0.0,1.9492871378566903,0.5290826747587883,1.9860300256518801,0.9748721309052181,0.367121194975382,0.43383258469966024,0.3978719092863159,0.807401060101815,0.05
2611,0.32849999999999996,False,2,0.0,0.126,0.9314,100.1,0.0,0.0,0.0,1.8459720881991406,0.5964496534149932,1.89415637647527,1.0051023810067163,0.2708317649517656,0.4432342352424706,0.21187009167005705,0.6293024377952477,0.05
2612,0.34294999999999987,False,2,0.0,0.1562,0.8600999999999999,82.6,0.0,0.0,0.0,1.945201111698022,0.5727521835962971,2.0399565703349443,0.9805692932702301,0.3831683233126797,0.46973304775349306,0.35181751046550125,0.6661657132153148,0.05
2613,0.43065,False,2,0.0,0.16820000000000002,0.9330999999999999,60.0,0.0,0.0,0.0,1.8115899022778847,0.27250828966349633,1.7902044820527017,0.7632913004865383,0.29305992259773816,0.29543595983970417,0.1797044719967353,0.5391134159902059,0.05
2614,0.35139999999999993,False,2,0.0,0.11809999999999998,0.9357,87.75,0.0,0.0,0.0,1.7663018785541973,0.35102503878436214,1.830022066321715,0.752297674091569,0.2379286267600515,0.3249836024288156,0.21045539965504806,0.5433376576233463,0.05
2615,0.3637499999999999,False,2,0.0,0.17729999999999999,0.8699999999999999,79.95,0.0,0.0,0.0,1.9008193989439799,0.3741119813664414,1.8737489307704096,0.7794899615388611,0.36096419529456886,0.37291614201416345,0.283793375214003,0.6316854476289804,0.05
2616,0.3713000000000001,False,2,0.0,0.1957,0.8683,80.35,0.0,0.0,0.0,1.920430946998263,0.41411557027987334,1.904097259511318,0.7648937078710646,0.38544992286138857,0.40280705003957334,0.2662693425923443,0.5836974609324339,0.05
2617,0.38645000000000007,False,2,0.0,0.19099999999999998,0.8621000000000001,70.05,0.0,0.0,0.0,1.956138354459592,0.5016212968504251,1.9672510475304463,0.9102492779175198,0.4085045780427826,0.44071507196395676,0.3592513731004089,0.7224285693572613,0.05
2618,0.41059999999999997,False,2,0.0,0.19480000000000003,0.9461999999999999,79.95,0.0,0.0,0.0,1.9022029241261134,0.3887224188803688,1.7895077139228746,0.8220994297902119,0.33438899355515905,0.34772859012114443,0.2094077139228748,0.6282231417686245,0.05
2619,0.45345,False,2,0.0,0.19790000000000002,1.0,72.75,0.0,0.0,0.0,1.800679645815631,0.1373399057499168,1.5615777777777844,0.08830140303403596,0.2696940002667429,0.12033048608019613,0.02540000000000093,0.05431795283329628,0.05
2620,0.4674,False,2,0.0,0.2061,0.9417,53.25,0.0,0.0,0.0,1.9123283736964143,0.4914979059782648,1.9962419313541104,1.4301428427062417,0.34937684088273663,0.3642892260417835,0.1999994214086332,0.5999982642258995,0.05
2621,0.39949999999999997,False,2,0.0,0.17659999999999998,0.9346,78.05,0.0,0.0,0.0,1.8462765182153398,0.2808613526372579,1.8083289069919222,0.7447331822237666,0.30105165779685805,0.28878630735367894,0.1855282840192035,0.5565848520576105,0.05
2622,0.3290999999999999,False,2,0.0,0.1543,0.8638999999999999,90.0,0.0,0.0,0.0,1.873852881536917,0.4425244528769412,2.1722119104765105,1.233490870737864,0.3516434108899253,0.43467203660896847,0.4030270017384593,0.7581666883495176,0.05
2623,0.37444999999999995,False,2,0.0,0.14,0.8673,64.6,0.0,0.0,0.0,1.9110718514719178,0.5572570045919717,1.8942928552115117,0.8557521511171674,0.35477467457031625,0.46101703072813977,0.16650000000000031,0.3334220298660549,0.05
2624,0.37779999999999997,False,2,0.0,0.11560000000000001,1.0,90.0,0.0,0.0,0.0,1.6817658434114562,0.14474634443636625,1.5199000000276743,0.032253526981054645,0.15245469903952005,0.12065952551300417,3.626045226969587e-218,0.0,0.05
2625,0.38529999999999986,False,2,0.0,0.15519999999999998,0.9353999999999999,80.0,0.0,0.0,0.0,1.7608889925147515,0.29051710272302594,1.8567854120407474,1.0403017571639386,0.24807715143655434,0.3027970774632915,0.17981666204074717,0.5328166861554315,0.05
2626,0.3373999999999999,False,2,0.0,0.19829999999999998,0.8029,81.6,0.0,0.0,0.0,2.034621939997266,0.548096333648832,2.23470374358712,1.2105399638830348,0.490100086784553,0.5065188497240654,0.4528208767159465,0.7475360640547412,0.05
2627,0.4063,False,2,0.0,0.1851,0.9362999999999999,77.2,0.0,0.0,0.0,1.8630060537923345,0.28712411901091517,1.6431168019015903,0.33907439811884915,0.3214861175546027,0.2805742373824471,0.0799000001226492,0.23970000036794756,0.05
2628,0.38839999999999997,False,2,0.0,0.18510000000000001,0.8717,70.0,0.0,0.0,0.0,1.8945607509803064,0.40178099440138293,2.0622585878598487,0.9670597631729487,0.35078753592809453,0.3695215950138947,0.34513411328653554,0.6156579611566486,0.05
2629,0.4263,False,2,0.0,0.1734,1.0,80.2,0.0,0.0,0.0,1.8123330591050124,0.21583144503812185,1.537631250000001,0.06876957426521081,0.24623750430562782,0.15107140958791548,0.01640000000000052,0.04920000000000155,0.05
2630,0.36225000000000007,False,2,0.0,0.1637,0.8710000000000001,77.55,0.0,0.0,0.0,1.9152032639079946,0.47293965689074063,1.956498776917849,0.8736675500473082,0.3650238210720342,0.4217644915483047,0.29378754797357015,0.6391004633831222,0.05
2631,0.35895,False,2,0.0,0.1711,0.8674,80.15,0.0,0.0,0.0,1.8747606406658925,0.3935664530855468,2.079398257974445,1.1344376081751824,0.34414648173145995,0.38389755677884874,0.36678765199258495,0.734182051842068,0.05
2632,0.364,False,2,0.0,0.1286,1.0,100.15,0.0,0.0,0.0,1.671250902488207,0.1479399882879637,1.5395000000000423,0.05627832620115553,0.15391349122576373,0.11962049823748051,6.229496696986962e-208,0.0,0.05
2633,0.4503000000000001,False,2,0.0,0.2131,0.9307000000000001,60.8,0.0,0.0,0.0,1.9000662539424635,0.32171520126487374,1.89019887242352,1.098958332696324,0.3548989576751663,0.3049975916771526,0.20306616383645304,0.5940234969968138,0.05
2634,0.36395,False,2,0.0,0.1149,1.0,96.75,0.0,0.0,0.0,1.6979723028183848,0.14800377664026498,1.5122,0.02598768939324924,0.1544502729490118,0.11382310328509672,1.520873236650773e-211,0.0,0.05
2635,0.35620000000000007,False,2,0.0,0.1267,0.9349000000000001,87.3,0.0,0.0,0.0,1.7349051542878553,0.20878178208054576,1.6522650859369747,0.3375379045509138,0.21809569512988586,0.24135484303000454,0.07960000000000009,0.2388000000000003,0.05
2636,0.36794999999999994,False,2,0.0,0.1854,0.9385,97.0,0.0,0.0,0.0,1.8544733078020585,0.306732179344862,1.8046672615237835,0.782754190040962,0.3036822508109869,0.2788632974548082,0.20286726152378365,0.6086017845713511,0.05
2637,0.3869,False,2,0.0,0.1481,0.8657,60.0,0.0,0.0,0.0,1.8291303731861208,0.40123463652938685,1.9839022305449354,0.9542787683691043,0.3275627369837284,0.4105665693708549,0.3468742177814247,0.6940749836090538,0.05
2638,0.41525,False,2,0.0,0.15309999999999999,0.9986,80.3,0.0,0.0,0.0,1.7743492051307164,0.1492972496087826,1.6453557153384035,0.33742263967150754,0.22847119415002343,0.1285940958937888,0.07990000000000087,0.23970000000000263,0.05
2639,0.40774999999999995,False,2,0.0,0.19990000000000002,0.9356,80.0,0.0,0.0,0.0,1.8440364718448188,0.2990047475093452,1.8173072030331632,0.772478984961728,0.32281869880004316,0.30573011037738895,0.20720687751232952,0.6130029797358597,0.05
2640,0.37465000000000004,False,2,0.0,0.1326,0.9191,75.6,0.0,0.0,0.0,1.7741127405353816,0.30037987604447064,1.768775435273075,0.4467183824076182,0.2538246359169877,0.3041510923792483,0.16000007575397746,0.31850541025092577,0.05
2641,0.35819999999999996,False,2,0.0,0.2064,0.7982,72.05,0.0,0.0,0.0,2.0200811385609083,0.5725344581274016,2.5394239841953725,1.6142712387981641,0.48420605349914875,0.48942329986164096,0.5770468316936807,0.8830690369703447,0.05
2642,0.39999999999999997,False,2,0.0,0.16,1.0,90.0,0.0,0.0,0.0,1.737604736874961,0.12169702679487111,1.5676000000000307,0.07955903468499556,0.206743377639232,0.10343035997710666,2.701778486957585e-226,0.0,0.05
2643,0.3911,False,2,0.0,0.15299999999999997,1.0,92.7,0.0,0.0,0.0,1.7567489840942088,0.18830690824691368,1.5224,0.032243448947034146,0.20640485172699527,0.1557790474371643,2.6128403256318422e-201,0.0,0.05
2644,0.39264999999999994,False,2,0.0,0.1612,0.9440999999999999,80.0,0.0,0.0,0.0,1.8124713664837966,0.36806966705138316,1.648033709790972,0.33527094083951153,0.26462413171098154,0.30177612407488347,0.07990000000000028,0.23970000000000077,0.05
2645,0.38049999999999995,False,2,0.0,0.1477,0.9344999999999999,80.3,0.0,0.0,0.0,1.7592651015226468,0.23581949800076837,1.6714333370632612,0.3324294674874929,0.22789717151929256,0.22194040524309905,0.08380000000000079,0.238365182021201,0.05
2646,0.3135,False,2,0.0,0.1885,0.7881,87.4,0.0,0.0,0.0,2.102934902373056,0.5692898817465802,2.422517031662178,1.3595429552115288,0.5045625270273311,0.4911945278382959,0.4101656600590216,0.6291917431590357,0.05
2647,0.38634999999999997,False,2,0.0,0.1193,0.9334,70.0,0.0,0.0,0.0,1.742980968533057,0.348729345020087,1.7475848792137505,0.715604032651111,0.22806250337012474,0.347108667853458,0.19797963629623794,0.5939389088887138,0.05
2648,0.4312,False,2,0.0,0.1648,0.9376,60.0,0.0,0.0,0.0,1.8063634540458924,0.28700978085747214,1.7891493422697464,0.8432334642575925,0.2822593371822264,0.28666956684370287,0.23284934226974655,0.6985480268092397,0.05
2649,0.40054999999999996,False,2,0.0,0.2112,0.8755000000000001,71.4,0.0,0.0,0.0,1.9467843038703063,0.5121654185291052,2.236898295355476,1.5376992374782532,0.40137471987160245,0.4270929453861405,0.4120982953554762,0.8248312908344368,0.05
2650,0.44630000000000003,False,2,0.0,0.21260000000000004,1.0,80.0,0.0,0.0,0.0,1.814593815822122,0.17828995985044208,1.5317,0.03434545093604103,0.26698378015250507,0.14417182388462024,7.185678772003162e-201,0.0,0.05
2651,0.40835,False,2,0.0,0.1369,1.0,80.05,0.0,0.0,0.0,1.6850662645956398,0.1434038896658513,1.5472555674132795,0.07967146423060377,0.1693567525348882,0.12161801342464952,0.01960000000000056,0.058800000000001684,0.05
2652,0.45075000000000004,False,2,0.0,0.20370000000000005,0.931,58.3,0.0,0.0,0.0,1.8567931731787546,0.3231667959121422,1.7987683254268116,0.8120819937280949,0.32659203113487895,0.32186492739597566,0.094,0.282,0.05
2653,0.4315,False,2,0.0,0.183,1.0,80.0,0.0,0.0,0.0,1.8132391405604262,0.22674878229638906,1.5233000000000025,0.049481410650868696,0.25138705642512993,0.1718391959304411,5.615580539306397e-192,0.0,0.05
2654,0.434,False,2,0.0,0.23010000000000003,0.9353,74.35,0.0,0.0,0.0,1.8733515240562468,0.30581481796907367,1.9034544992930666,1.0580106923962478,0.34065146198532076,0.28863135469512124,0.22965975338627076,0.5903572632470452,0.05
2655,0.3829,False,2,0.0,0.15059999999999998,0.9352,80.0,0.0,0.0,0.0,1.7967445789030765,0.2993511335781804,1.6396111111523903,0.3469507571157389,0.27202519485219234,0.30959757843837044,0.07980000000444068,0.2394000000133221,0.05
2656,0.35069999999999996,False,2,0.0,0.1313,0.9319,90.45,0.0,0.0,0.0,1.874394978815961,0.6070212743542918,1.937520041275088,1.1398159185503824,0.2815774801350512,0.42325528961741965,0.18601986717654295,0.5580596015296289,0.05
2657,0.4762,False,2,0.0,0.2606,0.9366,61.2,0.0,0.0,0.0,1.8962173922225347,0.2508143917676152,1.7969267185166948,0.7557095833314419,0.38024808827135537,0.258042069990119,0.2195098767554236,0.6585296302662708,0.05
2658,0.35444999999999993,False,2,0.0,0.1464,0.8825,80.0,0.0,0.0,0.0,1.8515922225891894,0.47993388501536893,1.9151129474663044,0.792788356572539,0.30353246251127697,0.4075479752097853,0.3040333679192104,0.6531840474318747,0.05
2659,0.3425499999999999,False,2,0.0,0.15699999999999997,0.8592999999999998,82.8,0.0,0.0,0.0,2.0300138052902996,0.6451505220930052,2.2880009443817317,1.332115364211108,0.41506673522119597,0.4652496919757992,0.49063047049363107,0.8188386960240855,0.05
2660,0.3616,False,2,0.0,0.08320000000000001,1.0,90.0,0.0,0.0,0.0,1.6176510087533642,0.06404127696476383,1.5476354166693995,0.04454941588773981,0.10530810595183107,0.07405451472031038,0.008200000000000684,0.018898677202387672,0.05
2661,0.40024999999999994,False,2,0.0,0.2081,0.8674,68.75,0.0,0.0,0.0,1.9663310554597075,0.38007646685802965,1.856704082631054,0.7051272907192376,0.41930479741823656,0.39925031252385845,0.25194625581194635,0.5256151210249979,0.05
2662,0.3283999999999999,False,2,0.0,0.1119,0.9337,97.2,0.0,0.0,0.0,1.7416534467113594,0.27496760919286284,1.7579429901452688,0.7596038298568852,0.21463838287659703,0.29193287304988197,0.2171096568119356,0.6513289704358068,0.05
2663,0.3756,False,2,0.0,0.24000000000000005,0.74,57.2,0.0,0.0,0.0,2.1870316133936276,0.5505019133022969,2.422559325267421,1.1881220611344228,0.614609130060431,0.4910482408255706,0.6804206359256334,0.9008449782772403,0.05
2664,0.4091,False,2,0.0,0.19870000000000002,0.9075,72.0,0.0,0.0,0.0,1.8930163702095126,0.4033977197066767,1.888457850252586,0.7975418979339033,0.34677526954526894,0.34749777156799844,0.294013405808141,0.660386515219934,0.05
2665,0.45005,False,2,0.0,0.1587,1.0,64.65,0.0,0.0,0.0,1.7739036305741525,0.1696801824079972,1.5393333765400812,0.06493213841354076,0.21848927737082988,0.13412678986902965,0.017200000000000944,0.037981047905503426,0.05
2666,0.34664999999999996,False,2,0.0,0.0533,1.0,90.0,0.0,0.0,0.0,1.5919163750095586,0.03347600551191421,1.5210000000000001,0.06299999999999999,0.07031453789485126,0.0439719367333268,5.720889242045113e-248,0.0,0.05
2667,0.42565,False,2,0.0,0.1925,0.9388,70.0,0.0,0.0,0.0,1.9551199575255016,0.5390718454403485,1.6468963945120265,0.33725406342160874,0.35782193096947995,0.39202513357907587,0.0799220123706575,0.2397660371119725,0.05
2668,0.39694999999999997,False,2,0.0,0.21269999999999997,0.8016,55.1,0.0,0.0,0.0,2.039713344597169,0.494490376425513,2.305577902634787,1.175419566618126,0.509209979774614,0.4784745199684479,0.5948779026347866,0.9168611918988063,0.05
2669,0.4115,False,2,0.0,0.24420000000000003,0.865,71.55,0.0,0.0,0.0,2.0410630755175916,0.43359189609433396,2.094614430066824,1.1448150096883056,0.46878968351093897,0.3762070680128859,0.3736222408486293,0.7510983837262809,0.05
2670,0.4114,False,2,0.0,0.18380000000000002,1.0,90.25,0.0,0.0,0.0,1.7826117959234058,0.2028955167325954,1.517962493653492,0.027177710445171293,0.233041655057059,0.1558152423857943,2.0886386491019683e-200,0.0,0.05
2671,0.4069999999999999,False,2,0.0,0.1796,0.9321999999999999,74.45,0.0,0.0,0.0,1.8671213851550312,0.3411873917018525,1.792407476422084,0.7687081261813469,0.32322669522333336,0.3218863389127486,0.2118158054194082,0.6321211139654046,0.05
2672,0.3727999999999999,False,2,0.0,0.1748,0.8684,74.4,0.0,0.0,0.0,1.866185524690796,0.3905046785663954,2.054320870144218,1.0033777308101768,0.35049205287131274,0.3994983383586971,0.37291808499263396,0.7546734540686553,0.05
2673,0.34404999999999997,False,2,0.0,0.0849,1.0,99.2,0.0,0.0,0.0,1.6299821683063231,0.08176278726351834,1.5341,0.03554560451026258,0.1067101902732422,0.07836598964916174,5.66569429406013e-220,0.0,0.05
2674,0.37975000000000003,False,2,0.0,0.1773,0.9268000000000001,86.15,0.0,0.0,0.0,1.9589973737347754,0.5449216320631118,1.944146721549518,1.16975579992029,0.35671408726086523,0.39571697597059846,0.2112185498899614,0.6336556496698842,0.05
2675,0.3750000000000001,False,2,0.0,0.18470000000000003,0.8137000000000001,62.1,0.0,0.0,0.0,1.9591738343673721,0.470053796649397,2.0410670003979687,0.83884529477111,0.4217735906548268,0.42038117982801726,0.34371682678685717,0.5581779597631683,0.05
2676,0.42905000000000004,False,2,0.0,0.1811,1.0,80.75,0.0,0.0,0.0,1.7569148172910825,0.13050286099106193,1.5731444444445486,0.08867649694886177,0.23705633168757861,0.104879892253497,0.01890000000000053,0.05670000000000158,0.05
2677,0.34924999999999995,False,2,0.0,0.18419999999999997,0.7990999999999999,71.2,0.0,0.0,0.0,2.103789350456724,0.670778047564353,2.601889820987836,1.7515070736913334,0.5093745984061832,0.5489707960053635,0.46435854992969733,0.7523867561873008,0.05
2678,0.41990000000000005,False,2,0.0,0.2037,0.9349000000000001,74.7,0.0,0.0,0.0,1.8870859818182395,0.29585550035560826,1.7763270048834159,0.7676074570862054,0.33513446472242936,0.294410836366276,0.22046033535463794,0.6613810060639138,0.05
2679,0.43379999999999996,False,2,0.0,0.18760000000000002,1.0,80.0,0.0,0.0,0.0,1.7989452663140095,0.12821500879220238,1.5160666666666671,0.028809257771302006,0.2524449171987467,0.10726437922807132,0.0008000000000002956,0.002400000000000887,0.05
2680,0.401,False,2,0.0,0.20179999999999998,0.9394,84.8,0.0,0.0,0.0,1.8560183839923308,0.3221575754404162,1.8226375169681432,0.847916138943336,0.3201614993107935,0.3160756248245353,0.2323585203054796,0.6605867309283001,0.05
2681,0.41465,False,2,0.0,0.1955,0.869,58.8,0.0,0.0,0.0,1.935562465013302,0.4835359251366429,2.053478047107916,1.0779000908229426,0.3981438428899569,0.43226866017191673,0.388369542890758,0.7801029198473102,0.05
2682,0.3525,False,2,0.0,0.1275,0.9311,88.4,0.0,0.0,0.0,1.7802975396636387,0.32636062094402013,1.858671160625019,0.9708200286513025,0.2556168855407506,0.3316468299729116,0.18597116062097335,0.55791348186292,0.05
2683,0.3951,False,2,0.0,0.1343,0.9359,70.0,0.0,0.0,0.0,1.7646198398692483,0.3061031683707758,1.6392556969152658,0.33984641355061895,0.23218819690575168,0.2708003770313227,0.08010003455729578,0.23963417887791003,0.05
2684,0.3062,False,2,0.0,0.10329999999999999,0.8701000000000001,90.25,0.0,0.0,0.0,1.802432798103057,0.4334289280234357,1.9428126483091952,0.8690006103179351,0.2767740911581065,0.4107883501262561,0.28245709275248376,0.6279744015461118,0.05
2685,0.42145,False,2,0.0,0.1496,0.9333,60.0,0.0,0.0,0.0,1.7721526332866993,0.27129113038614716,1.763274140938161,0.7762520080641405,0.25516926754278757,0.2811648401469347,0.1948408076048276,0.5845224228144829,0.05
2686,0.3807999999999999,False,2,0.0,0.1542,0.9289999999999999,80.4,0.0,0.0,0.0,1.9164084625903228,0.5356932245513915,2.0658777121093044,1.4809302532883357,0.3376851203790783,0.40074102926992017,0.24499993433152656,0.6001872786919882,0.05
2687,0.37979999999999997,False,2,0.0,0.1196,1.0,90.0,0.0,0.0,0.0,1.6878676975308,0.13543494890074795,1.5401111112197243,0.03815698575716328,0.16554286566055545,0.12305926917119196,0.005100000000000335,0.015300000000001006,0.05
2688,0.3989999999999999,False,2,0.0,0.118,1.0,80.0,0.0,0.0,0.0,1.6979164793419597,0.16754288841701243,1.5574999999999999,0.07972985639018802,0.17116005946748475,0.14679390160782485,1.9467177412772035e-209,0.0,0.05
2689,0.41529999999999995,False,2,0.0,0.24620000000000003,0.8008,54.1,0.0,0.0,0.0,2.076868520862676,0.5521534900970659,2.4654536123078516,1.4923068655395033,0.5359474177503044,0.4711980371554113,0.5526056525152657,0.8463361138767052,0.05
2690,0.38965000000000005,False,2,0.0,0.1854,0.9361,85.55,0.0,0.0,0.0,1.835708756891482,0.2876687952560374,1.7750318537483138,0.7703255868408277,0.3006141940015272,0.293830738980528,0.190431853748314,0.5712955612449421,0.05
2691,0.43265,False,2,0.0,0.21230000000000002,0.9334,70.1,0.0,0.0,0.0,1.8831650936169684,0.2921409342927673,1.8734791403688174,0.9988176247816787,0.34842343939691667,0.2852258196632898,0.24176278634019358,0.6900400291876428,0.05
2692,0.44835,False,2,0.0,0.1607,1.0,66.0,0.0,0.0,0.0,1.7069314504138589,0.18217515151023989,1.5229,0.03204200368266627,0.18852052703024164,0.14297644927030037,1.9279104178159442e-181,0.0,0.05
2693,0.42710000000000004,False,2,0.0,0.17760000000000004,1.0,80.85,0.0,0.0,0.0,1.7403213192057922,0.11915750641072549,1.5244,0.03404173908601028,0.20876922147164628,0.09878143717969752,4.752728859304047e-213,0.0,0.05
2694,0.36239999999999994,False,2,0.0,0.1999,0.8596999999999999,83.7,0.0,0.0,0.0,2.0619967544679976,0.6257493820061348,2.097759601081475,1.079575954325219,0.4747325362276051,0.5041505716629703,0.43316949272810223,0.867627154922091,0.05
2695,0.4316,False,2,0.0,0.20380000000000004,1.0,85.15,0.0,0.0,0.0,1.7644562338095735,0.11989704476008209,1.5395000480545893,0.05394492960593579,0.2382128213592245,0.12058247433581379,4.996592812375468e-201,0.0,0.05
2696,0.38874999999999993,False,2,0.0,0.1783,1.0,100.2,0.0,0.0,0.0,1.7516744871813792,0.13044076389473586,1.5529,0.070738179224518,0.22168449520083205,0.10556071257966246,4.5646461957031504e-222,0.0,0.05
2697,0.40099999999999997,False,2,0.0,0.1659,0.9312999999999999,73.8,0.0,0.0,0.0,1.8674567374820215,0.48717064931965365,1.8913589113927123,1.125826220079548,0.3056766050261854,0.3806864695314627,0.1740198417357958,0.5220595252073874,0.05
2698,0.4019,False,2,0.0,0.1626,0.9404,74.8,0.0,0.0,0.0,1.8643520081212226,0.47096372563065325,1.6392131422254637,0.33822729575391813,0.30169485330012635,0.38484722696809726,0.0798000953674309,0.23940028610229275,0.05
2699,0.39280000000000004,False,2,0.0,0.2231,0.8025,60.0,0.0,0.0,0.0,1.9947346770758863,0.46261293824710487,2.3189435718733655,1.3389384114260305,0.48548560928209694,0.45519130351054277,0.39432795457158837,0.6965158835251171,0.05
2700,0.3689,False,2,0.0,0.1246,0.9332,80.0,0.0,0.0,0.0,1.7610485424993054,0.3409132999903741,1.7809342523313938,0.7494657779646258,0.24581106817116175,0.341519857837471,0.16628128949342377,0.49884386848027135,0.05
2701,0.4276,False,2,0.0,0.1352,1.0,70.0,0.0,0.0,0.0,1.6663097689861393,0.12526720401769775,1.5453,0.04858816728381514,0.1554003757112436,0.11837420833426356,4.121212215680721e-212,0.0,0.05
2702,0.4002,False,2,0.0,0.20670000000000002,0.8737,70.0,0.0,0.0,0.0,1.967507412386706,0.4303357811874036,1.8955210191506573,0.7952166107846105,0.3953573956084758,0.3745189921849844,0.2871333532909148,0.6305383085304762,0.05
2703,0.3419999999999999,False,2,0.0,0.1295,0.9320999999999999,94.4,0.0,0.0,0.0,1.7739383632979764,0.301439062393333,1.7665939620402171,0.7405121399205824,0.24154411168549927,0.30631315351843236,0.18525346119839872,0.5537632729239975,0.05
2704,0.36619999999999997,False,2,0.0,0.12919999999999998,1.0,99.2,0.0,0.0,0.0,1.696154215263438,0.11413387945268622,1.5548,0.06297269249444556,0.1724990410014218,0.10406521236367922,1.3508067873901342e-226,0.0,0.05
2705,0.43765,False,2,0.0,0.1957,1.0,80.1,0.0,0.0,0.0,1.7896628218880022,0.1668643722865384,1.5363000000000002,0.03070521128408014,0.2515750589947994,0.12641766903760335,1.2459032511543832e-207,0.0,0.05
2706,0.45345,False,2,0.0,0.1718,0.9350999999999999,50.0,0.0,0.0,0.0,1.7989737519096856,0.3262382598884774,1.8424126790896456,0.8273962433907321,0.28516497838506794,0.3192265150137069,0.26377934575630513,0.6842941518553283,0.05
2707,0.3973,False,2,0.0,0.1628,0.9342,75.6,0.0,0.0,0.0,1.8597737837207742,0.4046171039097581,1.828962161517358,0.8065705706639773,0.3096004567108776,0.3706669516305515,0.21426216151735797,0.642786484552074,0.05
2708,0.38894999999999996,False,2,0.0,0.1595,1.0,95.4,0.0,0.0,0.0,1.7710473903449913,0.2036818930092411,1.6173085073875733,0.12196926656380357,0.22452631673404527,0.16318265688420347,0.031500000000001326,0.09219029233059471,0.05
2709,0.3511,False,2,0.0,0.1275,0.9347,90.0,0.0,0.0,0.0,1.7818846465889873,0.3623236278453626,1.776699581261207,0.744913647462117,0.22338371432229626,0.28761084689172134,0.1781995812612064,0.5345987437836192,0.05
2710,0.44335,False,2,0.0,0.1972,0.9353,61.45,0.0,0.0,0.0,1.8919089839727945,0.378627251010182,1.8282925380128023,0.9074506494582548,0.34759350276595496,0.338553271538411,0.1978722254526853,0.5843429761920933,0.05
2711,0.3304,False,2,0.0,0.2415,0.7397,80.1,0.0,0.0,0.0,2.259370400522164,0.6823306572428552,2.4137966858440207,1.1573799482432328,0.636501197742878,0.5384927599627479,0.7190354308970643,0.9550449203082773,0.05
2712,0.34925000000000006,False,2,0.0,0.11380000000000001,0.9315,86.7,0.0,0.0,0.0,1.712438342917076,0.2339181010021036,1.8688105977645393,0.9570463497860662,0.2045416394501222,0.2657613868914213,0.16300382990575324,0.4719328752749634,0.05
2713,0.40539999999999987,False,2,0.0,0.1855,0.9372999999999999,78.0,0.0,0.0,0.0,1.8637661527902707,0.37581942787211986,1.7694581763339485,0.7088219008164073,0.3010665651075416,0.3169004354664745,0.17748179878756673,0.5324453963627003,0.05
2714,0.41285,False,2,0.0,0.16999999999999998,0.9367000000000001,70.25,0.0,0.0,0.0,1.8862110871644275,0.3953308397678812,1.8253497770150027,0.8379757065886497,0.3295872359644778,0.36412849834731026,0.18872435063095044,0.5661730518928514,0.05
2715,0.36640000000000006,False,2,0.0,0.1192,0.9349999999999999,80.35,0.0,0.0,0.0,1.754200464088336,0.33857006205428203,1.8018460649623016,0.858776823208257,0.2193277407382336,0.3238930312001298,0.1768460649623016,0.5305381948869048,0.05
2716,0.33504999999999996,False,2,0.0,0.1273,0.8708,82.0,0.0,0.0,0.0,1.8277722426495722,0.4438519221745727,2.0637013852490322,1.0600737767011765,0.29360909522317014,0.4269874885451399,0.34262921619048103,0.6861265773205536,0.05
2717,0.41785,False,2,0.0,0.1269,1.0,72.8,0.0,0.0,0.0,1.7006272369167506,0.1225102269763858,1.5475000065578128,0.05695129471546411,0.17262391759615192,0.10720967307967412,6.464366653651666e-231,0.0,0.05
2718,0.3736,False,2,0.0,0.14720000000000003,1.0,100.0,0.0,0.0,0.0,1.7024438027834745,0.12693028341215895,1.5226555556297308,0.04900250567889247,0.1880622090343949,0.11567491218905336,0.005200000000000358,0.015600000000001073,0.05
2719,0.3366,False,2,0.0,0.14980000000000002,0.9246000000000001,100.3,0.0,0.0,0.0,1.9558585278237346,0.7025202864468144,1.8684154441138616,0.9754011602496404,0.3329165349954849,0.4656662312939038,0.2150821107805279,0.6452463323415838,0.05
2720,0.33109999999999995,False,2,0.0,0.2097,0.8199,91.85,0.0,0.0,0.0,2.114250169371812,0.5805644124191974,2.2481718831073048,1.2465010079459633,0.5033065823355768,0.4521773714619147,0.43364662152689853,0.7114765520358507,0.05
2721,0.35949999999999993,False,2,0.0,0.2064,0.7949999999999999,70.6,0.0,0.0,0.0,2.093923391020618,0.6547966268576921,2.3574208800602436,1.2590961978761772,0.5083710998484336,0.5074452531029134,0.5672805852117864,0.8683385240677544,0.05
2722,0.4141999999999999,False,2,0.0,0.177,0.9311999999999999,69.95,0.0,0.0,0.0,1.9425059851577693,0.4627311277478666,1.9069929198139957,1.1483676380541044,0.3495948607212478,0.382805459436276,0.19941576731230337,0.5982473019369101,0.05
2723,0.4202,False,2,0.0,0.19750000000000004,0.9355,73.15,0.0,0.0,0.0,1.8821668377004677,0.3095207839273854,1.8225738390859867,0.7709184901286755,0.326568451088252,0.27443133286467486,0.15070000000000128,0.3777597252222633,0.05
2724,0.38705000000000006,False,2,0.0,0.1341,1.0,90.0,0.0,0.0,0.0,1.6980962385359746,0.12179623003060379,1.5384,0.07109458488520767,0.1789272045754213,0.11567959759442052,1.0806454614584842e-225,0.0,0.05
2725,0.37595,False,2,0.0,0.1466,0.9263,80.25,0.0,0.0,0.0,1.931350076409037,0.7051722391088938,1.8789260803338947,1.0320434936326501,0.3224618898229104,0.45472570867969014,0.2096477564412708,0.6232972102526371,0.05
2726,0.38959999999999995,False,2,0.0,0.2245,0.7987,61.0,0.0,0.0,0.0,2.0469738855666906,0.4752337977242473,2.416664765858157,1.4344517679528361,0.4893943408267096,0.44376182246679874,0.6037314325248234,0.9302264833171097,0.05
2727,0.41075000000000006,False,2,0.0,0.1709,1.0,87.35,0.0,0.0,0.0,1.8214636746406712,0.24364472740844542,1.6115555558502492,0.21530772127353034,0.2520179322478881,0.18112879498084722,0.06440000000000227,0.1520494656353684,0.05
2728,0.3903999999999999,False,2,0.0,0.192,0.9343999999999999,86.4,0.0,0.0,0.0,1.8240596254486356,0.37431586799775834,1.8585767464435947,0.9234731201075624,0.3040149769671063,0.3515401028797796,0.17689053085858158,0.5306715925757448,0.05
2729,0.38585,False,2,0.0,0.19080000000000003,0.8651,71.05,0.0,0.0,0.0,1.9676022417117676,0.3905871779680773,2.048427802926424,1.001686156432518,0.40762068190702117,0.3732959221822805,0.34969398981092253,0.6957366586291389,0.05
2730,0.3908,False,2,0.0,0.20459999999999998,0.9366,89.9,0.0,0.0,0.0,1.8347019118227579,0.2624180503937753,1.638456835368342,0.33976252274943075,0.30202799427074367,0.2533515679156122,0.0799000000661992,0.2397000001985976,0.05
2731,0.3510500000000001,False,2,0.0,0.15969999999999998,0.8634000000000001,80.25,0.0,0.0,0.0,1.8672267080945388,0.4145811678279922,1.917959698162828,0.8727130166084761,0.3378943502069999,0.392425416748763,0.3022436159022593,0.6834741027502496,0.05
2732,0.40709999999999996,False,2,0.0,0.1722,1.0,89.5,0.0,0.0,0.0,1.7718611452621524,0.14932163820764793,1.535000000000001,0.0793322128772448,0.22558885740667495,0.11106986667961519,0.018800000000000695,0.05640000000000208,0.05
2733,0.38125,False,2,0.0,0.12390000000000001,1.0,90.35,0.0,0.0,0.0,1.692932641725547,0.12628510904539605,1.528300000007797,0.05619083554779144,0.15538063938794283,0.11174035848536445,0.013400000000000476,0.04020000000000143,0.05
2734,0.35305,False,2,0.0,0.1932,0.8329000000000001,80.0,0.0,0.0,0.0,2.049238139106043,0.6803569908784499,2.256706457841808,1.1418567871369991,0.44788593273772,0.4629543661937208,0.511620346008613,0.8018063965353346,0.05
2735,0.4054500000000001,False,2,0.0,0.1341,1.0,80.8,0.0,0.0,0.0,1.7240616606889734,0.14693573336809965,1.5233555556297307,0.03528650995675637,0.18604979159575957,0.12335468146361804,0.005200000000000358,0.015600000000001073,0.05
2736,0.35129999999999995,False,2,0.0,0.16490000000000002,0.8718999999999999,83.55,0.0,0.0,0.0,1.9347652660061,0.4935454872407887,2.036330969216325,1.034806457737419,0.37934163833250134,0.4551746705659135,0.3434198913332472,0.6788012040190409,0.05
2737,0.35225000000000006,False,2,0.0,0.1547,0.8304,70.15,0.0,0.0,0.0,2.0132019129047087,0.6098122303972887,2.278850065998168,1.2221422993513402,0.41720179505476096,0.4765444499152377,0.46895863740134053,0.7188040368334027,0.05
2738,0.3569000000000001,False,2,0.0,0.13130000000000003,0.9377000000000001,88.8,0.0,0.0,0.0,1.7401405761724404,0.2548144966585422,1.638188890414768,0.33852958002237277,0.21975024297874532,0.23490636151019761,0.07960000000000023,0.23880000000000068,0.05
2739,0.37634999999999996,False,2,0.0,0.13530000000000003,0.9374,80.0,0.0,0.0,0.0,1.729201575664891,0.2632744722876484,1.7591523165685914,0.6566444306353794,0.22164737486293912,0.2876207804546949,0.16682020850125184,0.5004606255037556,0.05
2740,0.4083,False,2,0.0,0.203,0.8712,64.4,0.0,0.0,0.0,1.916010007177891,0.3984175363334566,1.887982992243669,0.7347276751052977,0.37842339323771096,0.36158694487292203,0.2611718811301194,0.569585148291049,0.05
2741,0.3898,False,2,0.0,0.1396,1.0,90.0,0.0,0.0,0.0,1.7327776641389285,0.19793340412255242,1.6039078125001005,0.2684008203429155,0.18881590932760103,0.16572152545250007,0.0650000000000013,0.188427704969309,0.05
2742,0.38144999999999996,False,2,0.0,0.12389999999999998,1.0,90.25,0.0,0.0,0.0,1.6721230055397924,0.12550093079367097,1.518,0.029117005340522247,0.15366727973097993,0.1188386658850616,1.0488124816720129e-212,0.0,0.05
2743,0.41415,False,2,0.0,0.1386,0.9984999999999999,77.2,0.0,0.0,0.0,1.7269138282723477,0.1541355249756343,1.6431444515652145,0.3366860739564012,0.19676469929744378,0.13466950371180747,0.08360000000000119,0.2384026845486459,0.05
2744,0.41035000000000005,False,2,0.0,0.21539999999999998,0.8687000000000001,65.85,0.0,0.0,0.0,1.9202236147109737,0.3726829595478814,2.1705758297223143,1.249138821094734,0.40683220919527924,0.3741478316817896,0.3395873530802938,0.6496326204244712,0.05
2745,0.41154999999999997,False,2,0.0,0.11749999999999998,1.0,73.6,0.0,0.0,0.0,1.690279115359345,0.1542462735390164,1.545969791979156,0.0531517525472425,0.16776146045447096,0.13310803596380075,9.497314553526708e-213,0.0,0.05
2746,0.4491500000000001,False,2,0.0,0.25670000000000004,0.8640000000000001,55.6,0.0,0.0,0.0,2.03493423525772,0.38148318751680793,2.0530211033632653,1.042370691848678,0.47949149448167694,0.37916452619200713,0.4000856866965986,0.7953748209964521,0.05
2747,0.4235500000000001,False,2,0.0,0.22080000000000002,0.9335000000000001,76.8,0.0,0.0,0.0,1.914814026192552,0.3791638357214186,1.7481293587590652,0.6583222798249461,0.3635520702170213,0.3222424672462322,0.18272935875906537,0.5481880762771961,0.05
2748,0.399,False,2,0.0,0.1452,1.0,86.8,0.0,0.0,0.0,1.714606477278408,0.13924189810846904,1.541800893825955,0.054064409408784896,0.1864357716001157,0.12765414272048412,1.291391197218919e-212,0.0,0.05
2749,0.36839999999999995,False,2,0.0,0.1232,0.9336,80.0,0.0,0.0,0.0,1.7377233497746556,0.2829464812460174,1.7373486542995606,0.7063974794930447,0.22247758596987235,0.28448142031080387,0.17816033120710334,0.53448099362131,0.05
2750,0.37649999999999995,False,2,0.0,0.21879999999999997,0.8602000000000001,81.5,0.0,0.0,0.0,1.9973593744385347,0.5447923208445185,2.2235146697626904,1.4002203266953648,0.4453087793929515,0.4403570358962128,0.4206066689917381,0.8077361696363927,0.05
2751,0.34105,False,2,0.0,0.1055,0.9366,90.0,0.0,0.0,0.0,1.711465419850454,0.260371478416824,1.6457904303498005,0.34396506008501043,0.2039503391932714,0.28786770539093304,0.0801492132440966,0.24044763973228978,0.05
2752,0.40170000000000006,False,2,0.0,0.2239,0.8561,69.15,0.0,0.0,0.0,1.9638180025597216,0.40481382884893835,2.1869014866638206,1.0437672755596525,0.42561302071602414,0.384011368943984,0.5090354452732392,0.8576285265065078,0.05
2753,0.39730000000000004,False,2,0.0,0.15040000000000003,1.0,88.95,0.0,0.0,0.0,1.7553952240038053,0.1628966252356074,1.5430445436159785,0.07082722946164213,0.20931370658515097,0.12871342618087814,0.02060000000000099,0.05094349811310768,0.05
2754,0.3912,False,2,0.0,0.1647,0.9344999999999999,79.2,0.0,0.0,0.0,1.8033400737104404,0.31810706518986015,1.6477422615867137,0.33284278826889707,0.2786820745010163,0.31551295548833724,0.08220325926270863,0.23871704182168935,0.05
2755,0.3750499999999999,False,2,0.0,0.1802,0.8614999999999998,72.9,0.0,0.0,0.0,1.9763062857945477,0.6096743571882313,1.9848649269563086,0.9392511068342881,0.38508507609046344,0.4485913264180724,0.3339525649025779,0.668605484573209,0.05
2756,0.41500000000000004,False,2,0.0,0.11000000000000001,1.0,70.0,0.0,0.0,0.0,1.650998199746623,0.09161965072385864,1.5297,0.04786658542240087,0.14327408314165865,0.1029005910310055,6.666398969443818e-225,0.0,0.05
2757,0.36974999999999997,False,2,0.0,0.1173,1.0,94.45,0.0,0.0,0.0,1.7036369053859097,0.1750247020764085,1.540300000000001,0.056317048928368425,0.16339558273968408,0.13830222768633488,3.1895024204812026e-205,0.0,0.05
2758,0.37650000000000006,False,2,0.0,0.11439999999999999,1.0,90.35,0.0,0.0,0.0,1.6745741934338412,0.12728159224528623,1.5440030687861974,0.05848178552781669,0.14805121182372838,0.10345456300057321,2.7016107847658493e-226,0.0,0.05
2759,0.4100999999999999,False,2,0.0,0.2157,0.8056999999999999,50.3,0.0,0.0,0.0,1.955286118526456,0.3652165791106631,2.356060141049136,1.2198093958169762,0.46586675345605766,0.4122389501443201,0.604800617894852,0.9260668621446424,0.05
2760,0.3893500000000001,False,2,0.0,0.17760000000000004,0.9281,81.75,0.0,0.0,0.0,1.8359082657528518,0.2578674402132577,1.9956845399345782,1.0977019076420935,0.3022817358025134,0.2613017640643908,0.2662468797123668,0.5834529874704596,0.05
2761,0.43705000000000005,False,2,0.0,0.23329999999999998,1.0,89.8,0.0,0.0,0.0,1.8185488177384954,0.14951761493780474,1.5056555813259553,0.013698452906786025,0.27793920984699366,0.11421054050612219,0.0034000000000003324,0.010200000000000998,0.05
2762,0.42645,False,2,0.0,0.17980000000000002,0.9355,65.6,0.0,0.0,0.0,1.8526571147803554,0.3121558666814349,1.7919766721942145,0.7934122202011918,0.3062614333272467,0.29518445628095724,0.1917766721942142,0.5753300165826426,0.05
2763,0.4136000000000001,False,2,0.0,0.2009,0.8663000000000001,60.0,0.0,0.0,0.0,1.87733820514928,0.37406736680778907,2.101502885369577,1.1730520548722307,0.3888884693543257,0.3945927103100863,0.3529722256431813,0.7080564093819058,0.05
2764,0.35125,False,2,0.0,0.1025,1.0,100.0,0.0,0.0,0.0,1.6391673002720235,0.06585140469957058,1.5178002601941425,0.03143569271586618,0.12898459020758768,0.08183333666617203,3.2978689218200353e-230,0.0,0.05
2765,0.42155,False,2,0.0,0.16909999999999997,1.0,81.5,0.0,0.0,0.0,1.7435221194589618,0.17830812420931189,1.5176890625000006,0.042227821269397434,0.2128608021304919,0.13926177714900012,0.002800000000000324,0.008400000000000973,0.05
2766,0.37389999999999995,False,2,0.0,0.1276,1.0,94.95,0.0,0.0,0.0,1.7162359768903912,0.15074885799892235,1.5502279649522877,0.07802521149183345,0.17393789441740043,0.10926293534685827,0.013200000000000472,0.03960000000000142,0.05
2767,0.35635000000000006,False,2,0.0,0.1346,0.9387000000000001,90.15,0.0,0.0,0.0,1.7823675113730624,0.33420953897941597,1.7919805471065757,0.8341167494380501,0.24562693235181024,0.326380525950383,0.20566939869620207,0.6060880577330027,0.05
2768,0.40074999999999994,False,2,0.0,0.12149999999999998,1.0,80.0,0.0,0.0,0.0,1.6797728173255972,0.15086590008673673,1.616089236111473,0.11011049455588622,0.15332896608688695,0.12527122679076527,0.01640000000000097,0.040467764949403184,0.05
2769,0.40425,False,2,0.0,0.18460000000000001,0.8703,61.6,0.0,0.0,0.0,1.8988019199602175,0.3927118423781986,2.0211040644497684,0.9928444712454433,0.3614483136157379,0.38139132342697146,0.3395941164269888,0.679194697177013,0.05
2770,0.37045,False,2,0.0,0.10089999999999999,1.0,90.0,0.0,0.0,0.0,1.639206843110084,0.08467588367955446,1.5018000000038874,0.005399999998704182,0.12407784411803206,0.08767243941476632,6.644918150342623e-219,0.0,0.05
2771,0.3881,False,2,0.0,0.1593,0.9369,80.0,0.0,0.0,0.0,1.7858767040892118,0.3464594410178214,1.9790326397139584,1.3729287054586325,0.26309486139831867,0.3224544179211003,0.19999930638062463,0.599997919141874,0.05
2772,0.4170999999999999,False,2,0.0,0.13649999999999998,0.9376999999999999,60.0,0.0,0.0,0.0,1.722100900826612,0.21470111266140887,1.6743390625015913,0.3289760148565879,0.22590024690599053,0.24741375815443462,0.07970000000000035,0.23910000000000106,0.05
2773,0.40795000000000003,False,2,0.0,0.1403,1.0,81.1,0.0,0.0,0.0,1.6785650832644148,0.1383168204139634,1.565800000000001,0.07295450637212354,0.16638807544397527,0.11349036995604497,0.011600000000000448,0.03480000000000135,0.05
2774,0.34755,False,2,0.0,0.1463,0.8655999999999999,79.2,0.0,0.0,0.0,1.8615855246997814,0.4477026923465363,1.999590030859015,0.8995948228554312,0.3373534834728025,0.4460269593000185,0.3795459200179712,0.759613081334104,0.05
2775,0.36454999999999993,False,2,0.0,0.1035,1.0,93.6,0.0,0.0,0.0,1.6608588226141237,0.08910633830181997,1.5302625000000005,0.03418472109364054,0.13820926769159966,0.08245072526255329,0.0016000000000003071,0.004800000000000921,0.05
2776,0.3679,False,2,0.0,0.1788,0.8744,79.35,0.0,0.0,0.0,1.9384673958255836,0.461886692469821,1.8919177717731308,0.7764715705281738,0.37242342396152556,0.40809016607632936,0.2487937527833731,0.5362237613916253,0.05
2777,0.4052500000000001,False,2,0.0,0.2172,0.8701000000000001,69.2,0.0,0.0,0.0,1.9488826385420535,0.4350740340401857,2.0150620082277793,0.9491935525812968,0.40356142581998544,0.3905702760561993,0.36515392633574695,0.7319173835896803,0.05
2778,0.39795,False,2,0.0,0.1627,1.0,91.7,0.0,0.0,0.0,1.768652880073129,0.1452529819484419,1.5376333333333343,0.09634907022558044,0.224764365717612,0.12038905717326606,0.0227000000000006,0.0681000000000018,0.05
2779,0.35419999999999996,False,2,0.0,0.1679,0.8686999999999999,82.05,0.0,0.0,0.0,1.9152221159310432,0.43883049695734205,2.2215304467172023,1.4178491013869803,0.3578770219371271,0.3854847737893486,0.36251770093062274,0.6898946332725706,0.05
2780,0.42479999999999996,False,2,0.0,0.22199999999999998,0.9336,76.5,0.0,0.0,0.0,1.824001442726845,0.2101998972959195,1.7938788329050275,0.7546537862594102,0.32735468608896445,0.2477764024038451,0.236534388185077,0.6426934597570936,0.05
2781,0.3581,False,2,0.0,0.192,0.8725999999999999,87.1,0.0,0.0,0.0,1.9514229946285255,0.4849579972165396,2.098361940157638,1.1973084830847203,0.3971004736384187,0.4419152398355952,0.4056913397485754,0.8178595782958892,0.05
2782,0.3631,False,2,0.0,0.1386,0.93,85.6,0.0,0.0,0.0,1.8124684260106787,0.3104812941579213,1.8827085021595267,0.7828467287545353,0.271511730852655,0.31681506176270124,0.26434183549285845,0.6157613424303471,0.05
2783,0.3867499999999999,False,2,0.0,0.1651,0.9311999999999999,80.7,0.0,0.0,0.0,1.8178927525035675,0.3452046187051507,1.7614293038073665,0.6677247793119733,0.2814933496960331,0.31099498346360666,0.1869626122841482,0.5608878368524447,0.05
2784,0.35525,False,2,0.0,0.128,0.9425000000000001,90.0,0.0,0.0,0.0,1.7629550661254054,0.32312567005780346,1.7641187742525826,0.7153695239971938,0.22925610741573293,0.2885930216300988,0.18921877425258254,0.5676563227577477,0.05
2785,0.34654999999999997,False,2,0.0,0.12029999999999999,0.9328,90.0,0.0,0.0,0.0,1.744702623979912,0.31468554244966584,1.810322365134167,0.8196468817844232,0.22127416316783136,0.2953761269205221,0.18411125402305528,0.5182800607554133,0.05
2786,0.3974500000000001,False,2,0.0,0.14020000000000002,0.9405000000000001,71.45,0.0,0.0,0.0,1.8103192478406178,0.3720686658679314,1.6314111324655531,0.3402767239057512,0.26419494978872715,0.3390774653942148,0.0798000000000004,0.23940000000000114,0.05
2787,0.30799999999999994,False,2,0.0,0.18009999999999998,0.7339,74.5,0.0,0.0,0.0,2.054880367911101,0.5110323365701575,2.4667370702981404,1.193059083378831,0.5146289342017247,0.5066283384601109,0.70519262771299,0.9332747049131717,0.05
2788,0.4606,False,2,0.0,0.1734,1.0,63.05,0.0,0.0,0.0,1.7680912795839983,0.1690710822708144,1.5446000000000482,0.04847308531557868,0.23649548563968045,0.12973242595208198,1.0702193948212219e-197,0.0,0.05
2789,0.3989499999999999,False,2,0.0,0.21789999999999998,0.7974,54.35,0.0,0.0,0.0,2.026636224799859,0.5245768329648027,2.09658554174664,0.9132593476417847,0.49093981326715247,0.4707469148806491,0.4399396539000353,0.7269312672135895,0.05
2790,0.42589999999999995,False,2,0.0,0.23019999999999996,0.9352,78.4,0.0,0.0,0.0,1.9174804934946228,0.3324672308597088,1.7340522262927311,0.5654374849775194,0.3673286976449982,0.30768891382423086,0.16768217048016015,0.5030465114404804,0.05
2791,0.4587500000000001,False,2,0.0,0.2358,0.8817,50.0,0.0,0.0,0.0,1.9575496598299533,0.4264463316428493,1.926821034542554,0.9365914499136878,0.41451879515885837,0.3813226268289022,0.30765848771670967,0.6953211277519838,0.05
2792,0.39030000000000004,False,2,0.0,0.1202,1.0,84.9,0.0,0.0,0.0,1.7280720570742236,0.17390730592111675,1.6005555555555646,0.1104842874701201,0.18472731983897678,0.14558565224393039,0.02500000000000064,0.07500000000000191,0.05
2793,0.36325,False,2,0.0,0.1548,0.9317,90.0,0.0,0.0,0.0,1.8164472589064942,0.3610404736860311,2.040392530376828,1.3989562779216378,0.28232210244957334,0.3271150450937959,0.2059985375973501,0.5982631134530504,0.05
2794,0.4004,False,2,0.0,0.12079999999999999,1.0,80.0,0.0,0.0,0.0,1.6698077144417272,0.11607093885841764,1.5348222222222228,0.05564207041439197,0.15005473111302853,0.11728508216559574,0.011200000000000442,0.03360000000000132,0.05
2795,0.4035000000000001,False,2,0.0,0.1764,1.0,92.35,0.0,0.0,0.0,1.7645897427515873,0.1423340290099973,1.5296000090829915,0.03850767720835808,0.22381191587864885,0.1104784825591353,1.491027458715334e-214,0.0,0.05
2796,0.4347,False,2,0.0,0.1902,1.0,80.2,0.0,0.0,0.0,1.790946539884623,0.15281718721555382,1.5747003472222243,0.1171042914240449,0.2500491926147058,0.12349975858317719,0.03210000000000145,0.06462267403938315,0.05
2797,0.39805,False,2,0.0,0.16999999999999998,0.9343,77.05,0.0,0.0,0.0,1.8460208111302605,0.4124862321072923,1.8475161328867415,0.7717624535582814,0.3058094490972349,0.36775712017266426,0.23885358402522047,0.5918577420720741,0.05
2798,0.39239999999999997,False,2,0.0,0.187,0.8795999999999999,70.45,0.0,0.0,0.0,1.8615379198832098,0.3714117615165171,1.965876614028162,1.0185929347645122,0.3500618022527246,0.3617663581647406,0.24568772513927306,0.5280629376648923,0.05
2799,0.42799999999999994,False,2,0.0,0.174,1.0,79.5,0.0,0.0,0.0,1.7456854766291314,0.16900927856993117,1.527585029506684,0.038158520785135236,0.21836874840177883,0.13528388148662307,0.002700000000000401,0.008100000000001202,0.05
2800,0.3618,False,2,0.0,0.18309999999999998,0.8621000000000001,80.4,0.0,0.0,0.0,1.9416188425441792,0.47301490432331356,2.150280745977434,1.276489539127445,0.3805113350205712,0.4158472815185507,0.3469807459774339,0.6950045687700735,0.05
2801,0.4070499999999999,False,2,0.0,0.2048,0.9292999999999999,80.0,0.0,0.0,0.0,1.8879930596840508,0.3193997187723794,1.7175996862317315,0.6491406765380171,0.34586300793114194,0.31343367405406036,0.18633301956506498,0.558999058695195,0.05
2802,0.40354999999999996,False,2,0.0,0.1399,1.0,83.2,0.0,0.0,0.0,1.7206859225155189,0.14704040253517975,1.5346666671117153,0.05430776548051311,0.1757824928539088,0.11252733183520561,0.010400000000000433,0.031200000000001296,0.05
2803,0.4023,False,2,0.0,0.19290000000000002,0.9344999999999999,80.7,0.0,0.0,0.0,1.8225945732752558,0.25752959506363066,1.6223261272500344,0.3349744874194422,0.30168829636368155,0.27552460136344736,0.0799799429769366,0.23993982893080984,0.05
2804,0.43255,False,2,0.0,0.14550000000000002,1.0,70.1,0.0,0.0,0.0,1.7079091064067906,0.14738459598443437,1.5281480909506495,0.03371681053012308,0.18114879839302658,0.12352840187448826,0.009700000000001112,0.019173158320945637,0.05
2805,0.41269999999999996,False,2,0.0,0.1611,0.9339000000000001,67.4,0.0,0.0,0.0,1.7804515910000345,0.26641015847103505,1.8152589761037803,0.8559618654622282,0.2799358390220626,0.29747729483425617,0.22105897610378006,0.6631769283113401,0.05
2806,0.3153999999999999,False,2,0.0,0.152,0.8723999999999998,98.4,0.0,0.0,0.0,1.9167895276954519,0.5621059598518859,2.26879928635603,1.5756591066038588,0.35171389601463166,0.47282135598550784,0.3761243574615127,0.7541406039249882,0.05
2807,0.40174999999999994,False,2,0.0,0.1629,0.9917999999999999,87.8,0.0,0.0,0.0,1.7696512703781004,0.20715036083123742,1.644711111121024,0.3366584751448946,0.22531681094277026,0.16484695695527263,0.07980000000000084,0.2394000000000025,0.05
2808,0.36889999999999995,False,2,0.0,0.1278,1.0,97.5,0.0,0.0,0.0,1.7105146767293617,0.1376928783249289,1.5504000000000042,0.06573005400880852,0.17366397166395875,0.11028973962520335,2.7664523931335526e-223,0.0,0.05
2809,0.38180000000000003,False,2,0.0,0.128,1.0,91.1,0.0,0.0,0.0,1.731057645855562,0.20128701978496236,1.5144,0.03101032086257736,0.176142924438754,0.14567002962501158,6.688871137110858e-199,0.0,0.05
2810,0.42910000000000004,False,2,0.0,0.22810000000000002,0.9353,76.3,0.0,0.0,0.0,1.8843971509870792,0.34859634540836343,1.8008104859377831,0.7816393805703234,0.35007600769552893,0.2981559644643728,0.2152257637155382,0.6436797768594585,0.05
2811,0.31365,False,2,0.0,0.2532,0.6719,74.45,0.0,0.0,0.0,2.3764679637321926,0.6541132993582623,3.0997814898043954,1.8575462279050563,0.7544821034778046,0.5529869456967996,0.8763386392943671,0.9389849028543766,0.05
2812,0.3873,False,2,0.0,0.161,0.9336,80.0,0.0,0.0,0.0,1.7681102165653944,0.2946937694080223,1.7659488017475098,0.7255012121261495,0.25434533585781616,0.2846760251354484,0.17780098535708744,0.5334029560712623,0.05
2813,0.3676,False,2,0.0,0.12079999999999998,1.0,96.4,0.0,0.0,0.0,1.758797664289931,0.23047458035428056,1.5302111873096895,0.036754182022601424,0.19354132192464854,0.16212966569223414,0.003300000000000452,0.009900000000001356,0.05
2814,0.39165000000000005,False,2,0.0,0.19870000000000002,0.8568,68.05,0.0,0.0,0.0,2.064146178781578,0.6542509711500503,2.333200218844927,1.642054819032161,0.4466229868264264,0.4895014662140272,0.31715923002326935,0.636865260102977,0.05
2815,0.43945,False,2,0.0,0.15910000000000002,1.0,70.05,0.0,0.0,0.0,1.7284629109484437,0.17607513561944244,1.5629,0.07481102859872998,0.2014754514866064,0.15085658434627822,1.1005765353040976e-201,0.0,0.05
2816,0.3465999999999999,False,2,0.0,0.14140000000000003,0.8657999999999999,78.5,0.0,0.0,0.0,1.877251996584451,0.5170918371064411,2.0886799656871564,1.181710834887621,0.34299259266896975,0.46698664240020465,0.39485958485166206,0.7907562888539146,0.05
2817,0.47325,False,2,0.0,0.1913,1.0,61.2,0.0,0.0,0.0,1.7600724788857651,0.10529957144935603,1.5396724093967027,0.03113292579257014,0.23199147362247619,0.09575320948194152,0.008300000000000807,0.016637608001153683,0.05
2818,0.41890000000000005,False,2,0.0,0.19500000000000003,1.0,89.3,0.0,0.0,0.0,1.76630728929467,0.13711243833864087,1.5944111111111288,0.15872173064132739,0.24027421389688075,0.1051252200701337,0.03960000000000113,0.11485573559905729,0.05
2819,0.42800000000000005,False,2,0.0,0.18610000000000002,0.9341000000000002,66.05,0.0,0.0,0.0,1.8445011275618584,0.3293235338545159,1.7785373541511214,0.7555047566496109,0.31106697882125744,0.30815299039918703,0.21344223183110644,0.6403266954933193,0.05
2820,0.38749999999999996,False,2,0.0,0.09360000000000002,1.0,79.65,0.0,0.0,0.0,1.6733413938176707,0.1400272918255109,1.5260000146548456,0.0302985486728381,0.1390650152319472,0.1147863956610878,5.423824365955251e-225,0.0,0.05
2821,0.38480000000000003,False,2,0.0,0.15620000000000003,0.9346,80.3,0.0,0.0,0.0,1.7952279894213423,0.33995729177664774,1.749970982392836,0.6896100077917048,0.27371691466731773,0.3221686609098775,0.18084207409359007,0.533586946861697,0.05
2822,0.3553,False,2,0.0,0.1668,0.8734,82.4,0.0,0.0,0.0,1.9118863637913779,0.516274929252496,2.1088442614540703,1.1123616420024462,0.360575631979169,0.4413066591522533,0.4468979718062046,0.8509422170620732,0.05
2823,0.4037999999999999,False,2,0.0,0.23089999999999997,0.8678999999999999,72.8,0.0,0.0,0.0,2.032704508635667,0.428830137475535,1.981305323229125,0.94977176853276,0.46082184942977467,0.40681682954090304,0.35424525106916754,0.7085123721849285,0.05
2824,0.42625,False,2,0.0,0.179,0.9319,64.6,0.0,0.0,0.0,1.868565934244525,0.47982782552323283,1.727208532319161,0.6455092519724785,0.3125793619271049,0.37803825692741455,0.17343849206993628,0.5203154762098087,0.05
2825,0.3539,False,2,0.0,0.11439999999999999,0.9949999999999999,100.4,0.0,0.0,0.0,1.730648557965735,0.21942868705109891,1.662611112128366,0.3348685725808717,0.18563851036132886,0.16452963344841037,0.08420000000000136,0.23829469150612895,0.05
2826,0.42585000000000006,False,2,0.0,0.1749,1.0,80.8,0.0,0.0,0.0,1.7516863901931636,0.19442131359988746,1.5297999999999998,0.03191175332068108,0.2159258106075001,0.14951206476814505,2.1414836553186052e-197,0.0,0.05
2827,0.35895000000000005,False,2,0.0,0.146,0.9319000000000001,90.0,0.0,0.0,0.0,1.7714759894897671,0.30503740666224677,1.7995461202316452,0.8205317936273313,0.2437157523994365,0.27921022416880525,0.22734607929782258,0.6820382378934676,0.05
2828,0.41889999999999994,False,2,0.0,0.17190000000000003,0.9375,67.9,0.0,0.0,0.0,1.855137381551248,0.41570669391292053,1.9928588111698375,1.3395301853266595,0.30433357389521,0.3713456443512311,0.19997068530981674,0.5999120559294502,0.05
2829,0.43004999999999993,False,2,0.0,0.19429999999999997,1.0,83.55,0.0,0.0,0.0,1.7797855368496585,0.14764526381054235,1.5798555555555573,0.11340247400789756,0.24565717269096804,0.11740965739619559,0.04110000000000126,0.08230971996064874,0.05
2830,0.3988500000000001,False,2,0.0,0.14140000000000003,0.9373000000000001,70.25,0.0,0.0,0.0,1.7645144460274615,0.32066566841260313,1.802662598771216,0.8841046454076882,0.2456657296066834,0.30702146660372087,0.22246259877121505,0.6673877963136452,0.05
2831,0.3647999999999999,False,2,0.0,0.2065,0.8087,71.4,0.0,0.0,0.0,1.9693876506855112,0.4123382439339933,2.2799717702203717,1.325201528417661,0.4495566322869671,0.4288665813718257,0.49591536606144804,0.8287078468227738,0.05
2832,0.40215,False,2,0.0,0.19690000000000002,0.869,65.4,0.0,0.0,0.0,1.911315946590547,0.38124517151111087,2.0918243194308466,1.1509317471830647,0.3928772683353198,0.3912086983599919,0.4147975833190111,0.8141646840899154,0.05
2833,0.35645000000000004,False,2,0.0,0.1139,1.0,100.25,0.0,0.0,0.0,1.6986636855091988,0.2105917752595339,1.5100000000003209,0.0299999999998931,0.15539865195395006,0.14877896051217776,6.379004699975496e-205,0.0,0.05
2834,0.40664999999999996,False,2,0.0,0.1713,0.9328,72.7,0.0,0.0,0.0,1.8378795945895319,0.3603707455209786,1.8555311186372514,1.017256697715306,0.3117722592524379,0.3539615468647118,0.20468729946889277,0.6140618984066784,0.05
2835,0.4307500000000001,False,2,0.0,0.1969,0.9306000000000001,66.5,0.0,0.0,0.0,1.8589846519412276,0.269172012568897,1.8525593592925198,0.8307584638050297,0.32659458112220874,0.2671018174921551,0.243614914848075,0.6177203521578608,0.05
2836,0.5016499999999999,False,2,0.0,0.2583,1.0,63.75,0.0,0.0,0.0,1.8996912127925658,0.15561415101408727,1.5409000000000002,0.04712419760590093,0.3363862288663419,0.10968878761666695,8.086349117944419e-175,0.0,0.05
2837,0.41174999999999995,False,2,0.0,0.1878,0.9333,74.4,0.0,0.0,0.0,1.8861834082192097,0.47825325372120986,1.792216454725398,0.8031939386411608,0.3319138043283816,0.36670783919721534,0.21838312138926383,0.6551493641677916,0.05
2838,0.4136,False,2,0.0,0.1872,1.0,90.0,0.0,0.0,0.0,1.7645121036637945,0.14960345613762874,1.560821818447113,0.0778363473260069,0.2308138756928349,0.1233760076570008,1.45041916950057e-217,0.0,0.05
2839,0.37,False,2,0.0,0.1944,0.8656,80.0,0.0,0.0,0.0,1.9941106496549643,0.5360565867252517,2.1508429655258223,1.2398558043203898,0.4205859944288452,0.45657916834264917,0.3770082508319398,0.7589567321255267,0.05
2840,0.38800000000000007,False,2,0.0,0.136,1.0,90.0,0.0,0.0,0.0,1.6948620892529334,0.12350241763212104,1.5298000010899364,0.04565041372123664,0.1647647286249206,0.10836269771027159,1.7741990029897403e-221,0.0,0.05
2841,0.3667999999999999,False,2,0.0,0.13040000000000002,0.8667999999999999,65.9,0.0,0.0,0.0,1.908471589269102,0.558773488637216,1.8835862192153687,0.8080751512783402,0.34499307061211437,0.4914094555796942,0.2863591503028232,0.6392177822675243,0.05
2842,0.39690000000000003,False,2,0.0,0.17670000000000002,0.9371,80.0,0.0,0.0,0.0,1.8434870836123949,0.34249765896887135,1.637283420759946,0.341385962119485,0.3118276280657118,0.3396496239652142,0.08451098452981402,0.23859410717585375,0.05
2843,0.46449999999999997,False,2,0.0,0.182,1.0,63.25,0.0,0.0,0.0,1.7988877542937445,0.19372579947986007,1.5322555813259555,0.04065477444899447,0.24283081979144586,0.1528736163479636,0.0034000000000003324,0.010200000000000998,0.05
2844,0.40399999999999997,False,2,0.0,0.1789,0.9263,74.3,0.0,0.0,0.0,1.9239276151223639,0.44697776171154674,1.8433440715095917,0.9455102317553951,0.34110610349711035,0.3518116160748502,0.15251568868292173,0.45754706604876516,0.05
2845,0.36705000000000004,False,2,0.0,0.09409999999999999,1.0,90.0,0.0,0.0,0.0,1.6378432090933628,0.10116558707067778,1.5118890625000005,0.01819181173385925,0.12148005925670613,0.09480029835017466,0.002800000000000324,0.008400000000000973,0.05
2846,0.3707,False,2,0.0,0.248,0.735,60.4,0.0,0.0,0.0,2.1969991879994764,0.5789587732837944,2.658262987132222,1.5143191133928786,0.6134373408763254,0.4909200895144824,0.6186781570914037,0.8097197130887362,0.05
2847,0.38774999999999993,False,2,0.0,0.1379,1.0,90.6,0.0,0.0,0.0,1.7675528224457302,0.2230048866736188,1.5263000010172532,0.03494009256660416,0.21116969431420474,0.1633702929650391,0.004400000000000346,0.013200000000001039,0.05
2848,0.37060000000000004,False,2,0.0,0.13340000000000002,0.933,81.3,0.0,0.0,0.0,1.795335995724938,0.352608551516035,1.7729285981687397,0.7724318174451354,0.26105579332904255,0.3357842256832573,0.2108285981687395,0.6324857945062184,0.05
2849,0.39985,False,2,0.0,0.15969999999999998,1.0,90.0,0.0,0.0,0.0,1.743273458508979,0.17067775956591735,1.5088222222222227,0.016193825983997642,0.20671284678758242,0.13219678082104364,0.0006000000000002928,0.001800000000000878,0.05
2850,0.2963,False,2,0.0,0.22119999999999998,0.7314,90.0,0.0,0.0,0.0,2.1647801055246854,0.6416620614871056,2.737705399346374,1.6580629786551575,0.5972236400036389,0.540966041240617,0.6812595325461839,0.8986760307291629,0.05
2851,0.39515000000000006,False,2,0.0,0.21599999999999997,0.8047000000000001,57.6,0.0,0.0,0.0,2.0110921850130223,0.43560012679961796,2.371030234941376,1.3334194281423752,0.48674731897552465,0.4497129211640687,0.5864047436146178,0.9029462085709958,0.05
2852,0.4051,False,2,0.0,0.15420000000000003,1.0,86.0,0.0,0.0,0.0,1.7556302661768453,0.1749540714479199,1.5348,0.03237221030451888,0.21138901245946004,0.13948100555357915,2.4851169159933655e-213,0.0,0.05
2853,0.38239999999999996,False,2,0.0,0.20749999999999996,0.9379,95.15,0.0,0.0,0.0,1.866266806960303,0.34233752860036937,1.788593902950317,0.6867923707811721,0.3313519345735966,0.31731034736695785,0.23998341711528998,0.6257948389650905,0.05
2854,0.35050000000000003,False,2,0.0,0.19899999999999998,0.8694,91.85,0.0,0.0,0.0,2.018430748332182,0.5481599486284798,2.2575333617646836,1.5590067693709722,0.43100736496511927,0.44490173773171254,0.4236798549582817,0.8443227580439778,0.05
2855,0.35634999999999994,False,2,0.0,0.1644,0.9312999999999999,95.75,0.0,0.0,0.0,1.8407401810961712,0.3975850586163741,1.9921380491857577,1.3160647097789657,0.2972383818560509,0.35692610608436925,0.19936613052047739,0.5980983915614321,0.05
2856,0.4043,False,2,0.0,0.2164,0.8964000000000001,76.05,0.0,0.0,0.0,1.9977040576574563,0.3938747797143063,1.8543553284303833,0.745634726623517,0.4121377226552606,0.34423313470206357,0.2501997728748274,0.5396853713651704,0.05
2857,0.43639999999999995,False,2,0.0,0.22659999999999997,1.0,88.45,0.0,0.0,0.0,1.8372407198860956,0.1620333236253693,1.5337,0.051720498837501565,0.28859508568563136,0.11749449212938175,2.6128403210387463e-201,0.0,0.05
2858,0.3665999999999999,False,2,0.0,0.1764,0.8768,80.0,0.0,0.0,0.0,1.8979713526397404,0.4268657159364407,1.7523590281479193,0.4496452701300209,0.3639567888209917,0.3992671513631139,0.15960000021471893,0.319200313711819,0.05
2859,0.44810000000000005,False,2,0.0,0.1768,1.0,70.15,0.0,0.0,0.0,1.7706493552705027,0.1453289272448238,1.523500082641181,0.03900593088444615,0.23328546024489055,0.12212687818936306,8.692298651081594e-214,0.0,0.05
2860,0.3757499999999999,False,2,0.0,0.1699,0.9423999999999999,90.2,0.0,0.0,0.0,1.8575241833281393,0.35971349586001616,1.8037983429040036,0.8031140160141781,0.2922781248252503,0.31716555927307205,0.19483497484842205,0.5841716672930731,0.05
2861,0.40365,False,2,0.0,0.2234,0.7948999999999999,52.75,0.0,0.0,0.0,1.975536851713524,0.3465008246946617,2.19209760136614,1.032595480576806,0.48356614999226705,0.39020089078364506,0.48548159380633515,0.8094797007382273,0.05
2862,0.38159999999999994,False,2,0.0,0.1678,0.8754,70.0,0.0,0.0,0.0,1.8218784322121262,0.3788923137735931,1.9763138804089007,0.9302691323078291,0.3144969810369812,0.3723860207468156,0.34347670172574507,0.6870725054947328,0.05
2863,0.3415999999999999,False,2,0.0,0.12879999999999997,0.8744,80.0,0.0,0.0,0.0,1.8033544945394717,0.37573810158861837,2.0205473664131945,1.0241190335091173,0.2928761698799989,0.4035551491816491,0.3527071842701126,0.705476136013625,0.05
2864,0.3305999999999999,False,2,0.0,0.1326,0.8667999999999999,84.55,0.0,0.0,0.0,1.816491116744243,0.40368581856950786,2.2305778999378223,1.4413041266212387,0.30788752362662997,0.41017659198431494,0.3954381969971525,0.7931708963284744,0.05
2865,0.36615000000000003,False,2,0.0,0.189,0.7945,62.8,0.0,0.0,0.0,1.9035013509387884,0.39754820232906113,2.3326417742729175,1.2540360989942427,0.3969942064196281,0.3929438872647931,0.5188974822836958,0.7969136262228815,0.05
2866,0.4525,False,2,0.0,0.2023,0.9427,60.0,0.0,0.0,0.0,1.8299778672931837,0.3423594159961017,1.629474698200201,0.34131917184433375,0.3060108039561419,0.2971517744147973,0.07980000054685511,0.23940000164056535,0.05
2867,0.3205,False,2,0.0,0.14150000000000001,0.8609,90.35,0.0,0.0,0.0,1.8789513358502958,0.43439209030304377,2.032703996848262,0.9860585428614694,0.3430319232837908,0.4274358621131497,0.40520986504186024,0.8089359525516778,0.05
2868,0.39754999999999996,False,2,0.0,0.19820000000000002,0.8693,68.1,0.0,0.0,0.0,1.9389015311313649,0.33634265956836373,1.938764543916384,0.8961898904160949,0.40733539317312806,0.3650778324187962,0.3239200912921074,0.7276926773227891,0.05
2869,0.3798,False,2,0.0,0.16019999999999998,0.9402000000000001,85.2,0.0,0.0,0.0,1.8447826854409466,0.47164030078283203,1.7919314709351901,0.7812686131776861,0.2997747715655998,0.4081874924181301,0.1891592316435797,0.5674776949307392,0.05
2870,0.41305000000000003,False,2,0.0,0.1969,0.938,77.2,0.0,0.0,0.0,1.8987430229597984,0.3828867661557905,1.6241655797124448,0.28918098805968506,0.3419342157496765,0.33155772136388245,0.08539076196243953,0.2561722858873186,0.05
2871,0.38365,False,2,0.0,0.13080000000000003,0.9964999999999999,90.0,0.0,0.0,0.0,1.7485814074428714,0.16581524281787308,1.6426798615243712,0.3373074670188594,0.20480615729563337,0.1397734170823615,0.07990000000000085,0.23970000000000252,0.05
2872,0.3282999999999999,False,2,0.0,0.1216,0.9318,99.2,0.0,0.0,0.0,1.7596940349793317,0.3342845633656707,1.9292108373894166,1.166602749481778,0.23969554040722807,0.3354065672952722,0.19157750405608304,0.5747325121682492,0.05
2873,0.3689,False,2,0.0,0.11890000000000003,0.9389,80.0,0.0,0.0,0.0,1.7247691639830038,0.26990109404802687,1.6194473968505865,0.34391725711428,0.20345787813142166,0.25192570027744043,0.07990000000000033,0.23970000000000105,0.05
2874,0.3792,False,2,0.0,0.1434,0.9356,80.15,0.0,0.0,0.0,1.805737917837357,0.3546129032395627,1.819321493442517,0.8912613882685931,0.26917179255134177,0.33528808805959,0.10500000000000001,0.315,0.05
2875,0.43620000000000003,False,2,0.0,0.19980000000000003,0.8725999999999999,50.0,0.0,0.0,0.0,1.954110497028891,0.5026083279678688,2.24913965212786,1.2296893354409615,0.42350778305705905,0.46515696906574183,0.46932693376341206,0.7964022929932686,0.05
2876,0.48369999999999996,False,2,0.0,0.22449999999999998,0.9452999999999999,50.6,0.0,0.0,0.0,1.8718187654762997,0.3707704255260832,1.8255495483421558,0.7804995627858767,0.3380100872583473,0.30973795979650454,0.22484468719059642,0.6745340615717892,0.05
2877,0.43089999999999995,False,2,0.0,0.14179999999999998,1.0,70.0,0.0,0.0,0.0,1.6788421925252677,0.10750592477846765,1.5147,0.024795362469623224,0.17167391685324043,0.0932935503979522,2.4401070587172472e-231,0.0,0.05
2878,0.39574999999999994,False,2,0.0,0.1517,1.0,90.05,0.0,0.0,0.0,1.709517899862129,0.15678238081485138,1.5438,0.03612146176444139,0.1877451370946957,0.10855333093878586,5.532903619893452e-223,0.0,0.05
2879,0.3586999999999999,False,2,0.0,0.28409999999999996,0.7309,74.4,0.0,0.0,0.0,2.326687058324938,0.5841954361885283,2.4345446780272124,1.219638969224767,0.7159719910044317,0.5124300805204544,0.6764150682895244,0.8916930092841813,0.05
2880,0.34689999999999993,False,2,0.0,0.1461,0.9320999999999999,96.1,0.0,0.0,0.0,1.8368194094433534,0.4028896750333049,1.7158196180495942,0.5861287276794555,0.2731280251387916,0.33322519672635637,0.10469999970357866,0.31409999911073594,0.05
2881,0.42574999999999996,False,2,0.0,0.23779999999999996,0.8714999999999999,64.45,0.0,0.0,0.0,1.977468781828637,0.36806756930599094,1.8719026939593921,0.7912065057276085,0.43460698666979036,0.3549710039268131,0.2812471384038362,0.6207602735775668,0.05
2882,0.36299999999999993,False,2,0.0,0.20049999999999998,0.8630999999999999,84.4,0.0,0.0,0.0,1.9322904317348684,0.4072137992465911,2.3642188843449015,1.7028093396890727,0.3978333362146046,0.3867551082979981,0.4073035425951743,0.7859469236393154,0.05
2883,0.40560000000000007,False,2,0.0,0.1326,1.0,80.35,0.0,0.0,0.0,1.7468535197302626,0.21282773768862687,1.5146543853229946,0.032370463938138506,0.19620104882570016,0.14862797892117222,1.9010913685647216e-212,0.0,0.05
2884,0.38320000000000004,False,2,0.0,0.1264,1.0,90.0,0.0,0.0,0.0,1.661156930617048,0.11123740475511418,1.5397279513889401,0.04274634359011383,0.15098940809202302,0.11658659652352782,0.00740000000000039,0.022200000000001167,0.05
2885,0.3801500000000001,False,2,0.0,0.19060000000000002,0.8705,75.2,0.0,0.0,0.0,1.9743386105421894,0.45627210627009007,1.8801732531625734,0.8149516989102829,0.39966988328026015,0.4123486839102755,0.29432875433616734,0.6492114608664241,0.05
2886,0.4072,False,2,0.0,0.1869,0.8629,58.85,0.0,0.0,0.0,1.9136400833670024,0.3859083506421535,2.1207674499859763,1.1749321525208716,0.398205071552316,0.3879105041870749,0.3470176066872884,0.6940827115148595,0.05
2887,0.32549999999999996,False,2,0.0,0.11199999999999996,0.9390000000000001,100.0,0.0,0.0,0.0,1.7831097728442373,0.4953572095002196,1.9339627344727521,1.2610378509463223,0.24751626971377316,0.4280367819373556,0.19938558197105966,0.598156745913179,0.05
2888,0.3722500000000001,False,2,0.0,0.23409999999999997,0.8030000000000002,73.15,0.0,0.0,0.0,2.2111022849278488,0.6357831493856383,2.4772796162008306,1.571292363668026,0.5699164345517906,0.49516363717401274,0.6157475314699339,0.9316236024890271,0.05
2889,0.39395,False,2,0.0,0.1489,1.0,90.25,0.0,0.0,0.0,1.758045410330486,0.2060622590923496,1.63287777777778,0.17710824931467814,0.21239327501434718,0.16741011146323312,0.05870000000000154,0.13051440533519987,0.05
2890,0.3829,False,2,0.0,0.152,0.9352,80.35,0.0,0.0,0.0,1.764028299578501,0.28593765679805105,1.7520270898999972,0.6631177084896265,0.24678578893860478,0.29159798591150426,0.16591335881807487,0.49774007645422463,0.05
2891,0.36574999999999996,False,2,0.0,0.1315,1.0,100.0,0.0,0.0,0.0,1.724505812731629,0.18396292160917166,1.525700325520834,0.05059066519230119,0.1815205586293619,0.13811650313957746,0.0026000000000003212,0.007800000000000964,0.05
2892,0.4253,False,2,0.0,0.1713,0.9292999999999999,62.5,0.0,0.0,0.0,1.8479904828770202,0.4474194020733464,1.8054476836113544,0.8546435240152657,0.3022165685031222,0.37767243162458847,0.19037577402717495,0.571127322081525,0.05
2893,0.32484999999999997,False,2,0.0,0.1685,0.7948000000000001,78.4,0.0,0.0,0.0,2.070074344792292,0.6749203985774146,2.2692151794205757,1.262339256689267,0.47802389407063917,0.533518292731361,0.4329561392916366,0.7033548965272547,0.05
2894,0.39065,False,2,0.0,0.1815,1.0,100.05,0.0,0.0,0.0,1.8144782988411694,0.23831310226203523,1.515079166666667,0.028875850456451215,0.24457083937170018,0.15408455397585666,0.0014000000000003042,0.004200000000000912,0.05
2895,0.39670000000000005,False,2,0.0,0.1957,0.9350999999999999,84.35,0.0,0.0,0.0,1.820641960248794,0.240952558427938,1.809575276737279,0.8149712732363453,0.29575833749330277,0.26696838354939484,0.19797527673727913,0.5939258302118374,0.05
2896,0.38350000000000006,False,2,0.0,0.1738,0.8798,71.65,0.0,0.0,0.0,1.9340289369967079,0.44426117525408354,2.0649228870387857,1.3092287221432526,0.365701466107173,0.3629939180703336,0.32286733148322977,0.7415713235702373,0.05
2897,0.42469999999999997,False,2,0.0,0.12940000000000002,1.0,70.0,0.0,0.0,0.0,1.689606554975359,0.1358833269748564,1.5328,0.03641922569193365,0.1717456030401588,0.12673204240172536,1.6887889468397858e-219,0.0,0.05
2898,0.41595000000000004,False,2,0.0,0.16709999999999997,1.0,83.8,0.0,0.0,0.0,1.7604375554048368,0.17644120114022246,1.533322222222223,0.049660413476599496,0.22595814017005678,0.15072051047293125,0.011200000000000442,0.03360000000000132,0.05
2899,0.39614999999999995,False,2,0.0,0.1523,1.0,90.0,0.0,0.0,0.0,1.7056189699828253,0.173399753651676,1.5156777780532842,0.031858733755355605,0.18571237855932374,0.14498310931978423,0.004800000000000353,0.014400000000001058,0.05
2900,0.3899,False,2,0.0,0.1911,0.8687000000000001,70.0,0.0,0.0,0.0,1.9371436419587398,0.3794572763407697,1.7521745196143281,0.45008797065618866,0.39446793429503857,0.36366976713415594,0.1597916319779502,0.3195860021069342,0.05
2901,0.3465999999999999,False,2,0.0,0.12380000000000002,0.9305999999999999,90.3,0.0,0.0,0.0,1.8513940555452901,0.5385640582331169,1.8972117351481592,1.058444635126323,0.2838700651758483,0.4293474113176942,0.22603340187791546,0.6781002056337463,0.05
2902,0.3809,False,2,0.0,0.2189,0.8633000000000001,80.1,0.0,0.0,0.0,2.018814550948314,0.4841606330128946,2.362089680944135,1.1386670962737477,0.46443401813252605,0.4231799032246336,0.6316212005266701,0.8808590611508713,0.05
2903,0.41729999999999995,False,2,0.0,0.11560000000000001,1.0,70.25,0.0,0.0,0.0,1.673833192057963,0.11945776595538739,1.5082,0.01639999999999997,0.15743566341684595,0.12281489703486984,1.2131893844893498e-201,0.0,0.05
2904,0.35655000000000014,False,2,0.0,0.12200000000000003,0.9341000000000002,85.75,0.0,0.0,0.0,1.8307634670283168,0.4058758713814908,1.8310254619220534,0.8707770744412852,0.2612940793592613,0.3579016060559771,0.19307073983787382,0.5360364138352391,0.05
2905,0.3972,False,2,0.0,0.16460000000000002,0.9336,75.95,0.0,0.0,0.0,1.8536936919536433,0.397403704189596,1.9581380026926525,1.3341596114968006,0.30607767727882784,0.3517145949421998,0.19999418352429355,0.5999825505728806,0.05
2906,0.4421999999999999,False,2,0.0,0.2001,0.8844999999999998,50.05,0.0,0.0,0.0,1.931193631469581,0.46415430482060993,2.031454618571952,1.0537322581803619,0.385287319860477,0.4199923706893222,0.38638820985058936,0.774807382557072,0.05
2907,0.39479999999999993,False,2,0.0,0.1096,1.0,80.0,0.0,0.0,0.0,1.6479040931971602,0.0928165048697839,1.5532000001134965,0.06759556215542453,0.1326144355579258,0.10351158245046291,4.3640516528569153e-213,0.0,0.05
2908,0.36100000000000004,False,2,0.0,0.082,1.0,90.0,0.0,0.0,0.0,1.6253280842159157,0.06754838007035015,1.5423612847222892,0.06651311026475991,0.10736008685119511,0.07551067122547135,0.0001000000000003638,0.0003000000000010914,0.05
2909,0.42855,False,2,0.0,0.1781,1.0,80.25,0.0,0.0,0.0,1.726504100551295,0.09521330356217941,1.5401848958333346,0.0654063619492119,0.21645648410137275,0.08417033235886162,0.014100000000000962,0.03727318070677825,0.05
2910,0.37925,False,2,0.0,0.11950000000000001,1.0,90.25,0.0,0.0,0.0,1.6563642471407725,0.08350120633980834,1.5650006331658086,0.06167693513716936,0.14111349434000273,0.09107775509213979,4.754165247938529e-213,0.0,0.05
2911,0.37229999999999996,False,2,0.0,0.1326,0.9324,80.1,0.0,0.0,0.0,1.7500563814596084,0.3065115697938875,1.812186453346183,0.8315512398033857,0.23429171723224176,0.31093989948684575,0.2092663817215405,0.6218223033370972,0.05
2912,0.34915000000000007,False,2,0.0,0.14290000000000003,0.9346,94.8,0.0,0.0,0.0,1.7754353189933547,0.3089215482066496,1.7971404994090492,0.7494934676229186,0.2510450399565186,0.30228182893984956,0.1771404994089812,0.5314214982269437,0.05
2913,0.36160000000000003,False,2,0.0,0.1571,0.9333,91.8,0.0,0.0,0.0,1.790526505754816,0.26442653108611847,1.745987530447421,0.7234148764997963,0.2590938512406216,0.26920559766211005,0.20658753044742123,0.6197625913422637,0.05
2914,0.3544,False,2,0.0,0.10880000000000001,1.0,100.0,0.0,0.0,0.0,1.6832532212171771,0.1387038410359686,1.5177,0.027170020242907683,0.1533578383418376,0.1159197168443733,6.599158112588701e-230,0.0,0.05
2915,0.3467,False,2,0.0,0.199,0.8074,78.25,0.0,0.0,0.0,2.033310085360071,0.5565558519380704,2.2612777790719134,1.2249288295799727,0.46504894531670027,0.48343915565726003,0.48618364726551117,0.8086539905401645,0.05
2916,0.34630000000000005,False,2,0.0,0.11780000000000002,0.9332,89.6,0.0,0.0,0.0,1.7365051421436113,0.3391113979015128,1.7796538674253006,0.8167420350749429,0.22429236234842675,0.33586461659602324,0.21595386742530084,0.6478616022759026,0.05
2917,0.3464,False,2,0.0,0.09280000000000001,1.0,100.0,0.0,0.0,0.0,1.623088638392789,0.08782446339279763,1.5177,0.030600816982557854,0.10914207756072573,0.083213020903739,4.532555441219386e-219,0.0,0.05
2918,0.3931499999999999,False,2,0.0,0.1715,0.9347999999999999,80.0,0.0,0.0,0.0,1.7794584415934267,0.25254905781467557,1.6510546799075478,0.33540190475676246,0.2689360688006607,0.2758388199498227,0.08430742840767005,0.2386164886644555,0.05
2919,0.41364999999999996,False,2,0.0,0.1473,1.0,80.0,0.0,0.0,0.0,1.7285152018441843,0.17408075373193813,1.5407,0.05787235955099811,0.19393288423030114,0.14565873479164262,6.670568660396839e-201,0.0,0.05
2920,0.37579999999999997,False,2,0.0,0.182,0.9296,90.0,0.0,0.0,0.0,1.8264616346830806,0.389075457654548,1.7775056090391665,0.7722973153162682,0.2978945748200773,0.34571921521314286,0.21106087892687836,0.624234542506599,0.05
2921,0.43589999999999995,False,2,0.0,0.24309999999999996,0.8701000000000001,60.35,0.0,0.0,0.0,2.008769816131898,0.3991535381370595,1.9121410148439448,0.7875359470149782,0.4573103121064438,0.38016467704451856,0.27452997251190514,0.6062263677116505,0.05
2922,0.38965000000000005,False,2,0.0,0.1778,0.9341000000000002,83.15,0.0,0.0,0.0,1.8439842191404074,0.33291692534528755,1.7216770838698872,0.6517461153761657,0.3097249575161134,0.33599380920892213,0.17098700960600124,0.5129610288180037,0.05
2923,0.3353999999999999,False,2,0.0,0.13940000000000002,0.8674,84.0,0.0,0.0,0.0,1.8320117781707985,0.399252574204034,2.064009658789023,1.0723152384488572,0.3222669154614841,0.41874484848577875,0.4044547264671001,0.7777591887372435,0.05
2924,0.41855,False,2,0.0,0.17919999999999997,0.9379,70.0,0.0,0.0,0.0,1.8032831714840885,0.2887874707658167,1.65688888888889,0.3416034738308935,0.28331344278277404,0.2750804567235844,0.09690000000000074,0.23893448892949792,0.05
2925,0.40154999999999996,False,2,0.0,0.12369999999999999,1.0,80.15,0.0,0.0,0.0,1.6882409928256634,0.11939751244640953,1.5343725109979658,0.05186140091646542,0.1635020198940635,0.10958961064400864,5.82690294907254e-231,0.0,0.05
2926,0.35640000000000005,False,2,0.0,0.19559999999999997,0.798,70.2,0.0,0.0,0.0,1.9472603135688047,0.4798349730869826,2.3048487295908564,1.096457063049623,0.41796970303655157,0.4386455492672473,0.4807304373795228,0.7154236859088874,0.05
2927,0.4302999999999999,False,2,0.0,0.1582,1.0,74.4,0.0,0.0,0.0,1.7065557982603679,0.13439383060728377,1.5322,0.05082676460291368,0.19243025595568003,0.12826800500714097,2.6755484802641948e-198,0.0,0.05
2928,0.43279999999999996,False,2,0.0,0.1733,0.9323,60.0,0.0,0.0,0.0,1.8333334456464851,0.31570918117220825,1.6493043909494147,0.36349420395977083,0.2986862843492829,0.26300693934329833,0.08450138055510113,0.23856534289454617,0.05
2929,0.4164,False,2,0.0,0.13340000000000002,1.0,75.15,0.0,0.0,0.0,1.7244815060326455,0.16985953036638243,1.5372059031910366,0.04778858629371113,0.18187484353389954,0.13524898888435108,6.0834536956159175e-211,0.0,0.05
2930,0.40385000000000004,False,2,0.0,0.1776,0.9309000000000001,75.2,0.0,0.0,0.0,1.8201666662557408,0.3199200706054691,1.7814595393387098,0.722446673505246,0.30059728018284904,0.31731064542362275,0.16915386260706472,0.5074615878211941,0.05
2931,0.3543,False,2,0.0,0.21200000000000002,0.8742000000000001,94.4,0.0,0.0,0.0,1.9523990261033817,0.4047311311691376,1.8884573440071855,0.8343073827385216,0.3989116310846758,0.3554316629489138,0.3010128995627409,0.6793666550752483,0.05
2932,0.40954999999999997,False,2,0.0,0.1429,1.0,80.95,0.0,0.0,0.0,1.6892047919938782,0.10884183561103053,1.5338999999999998,0.047911272160108626,0.17953697013569797,0.10864633610998242,4.6752767337961284e-219,0.0,0.05
2933,0.45135,False,2,0.0,0.18829999999999997,0.9349999999999999,55.15,0.0,0.0,0.0,1.867364903141075,0.3631924177644873,1.6302126733705045,0.3452479589744419,0.32564665074728494,0.31949352615771587,0.08390000000397571,0.23771262062764267,0.05
2934,0.43535,False,2,0.0,0.19879999999999998,0.8718999999999999,50.0,0.0,0.0,0.0,1.8703597756647734,0.37244413101604584,1.904323217396118,0.8082834827825482,0.3666618210077518,0.39205551711278963,0.2768445938739422,0.6131952854967382,0.05
2935,0.41284999999999994,False,2,0.0,0.1457,1.0,80.0,0.0,0.0,0.0,1.6967597205883291,0.12666062709432072,1.5545436460600959,0.048698466087899,0.17957351123777013,0.11314690914754129,2.693410990525488e-207,0.0,0.05
2936,0.36499999999999994,False,2,0.0,0.1562,0.9315999999999999,89.45,0.0,0.0,0.0,1.7682553874612794,0.3146686854421236,1.8192149098918022,0.8986135213282929,0.2580757544947101,0.31724061929057534,0.157922796762002,0.47376839028600604,0.05
2937,0.37615,False,2,0.0,0.16319999999999998,0.9724999999999999,95.85,0.0,0.0,0.0,1.8351488930453743,0.31878229994338303,1.6422173686451402,0.33744037792012815,0.2681619279151609,0.2420443737207677,0.08330000000000122,0.23878192980207114,0.05
2938,0.37655000000000005,False,2,0.0,0.21000000000000002,0.7831,60.0,0.0,0.0,0.0,2.0174626370640834,0.47086459359889954,2.3437073897268452,1.0869468690071171,0.49373660068252595,0.4640997187863702,0.6366568907352521,0.8413047093887965,0.05
2939,0.38065000000000004,False,2,0.0,0.1869,0.8548,70.1,0.0,0.0,0.0,2.0910046115034113,0.7597952405330705,2.2034943374467164,1.3870524627315606,0.4485018991952824,0.5386969833374498,0.4005496585768798,0.7984064003318262,0.05
2940,0.31315000000000004,False,2,0.0,0.158,0.8187,87.6,0.0,0.0,0.0,1.9542438145966616,0.4602399110317445,2.306545474062381,1.0840138174691965,0.3932455560886815,0.4044550533238674,0.5834253351734918,0.8211806098438157,0.05
2941,0.34895000000000004,False,2,0.0,0.1839,0.874,90.0,0.0,0.0,0.0,1.918523201481936,0.45745066291018566,2.09047014531506,1.0684055013929517,0.384292317014048,0.43336350906177956,0.31364808562552315,0.6865687661119758,0.05
2942,0.41369999999999996,False,2,0.0,0.19129999999999997,0.9320999999999999,74.0,0.0,0.0,0.0,1.8952417420587444,0.40727760902513577,1.7683597842796253,0.7071846843686966,0.3477227762971821,0.36758097531760014,0.20739524704466886,0.6221857411340065,0.05
2943,0.34839999999999993,False,2,0.0,0.1381,0.8707,78.0,0.0,0.0,0.0,1.830477315813861,0.4081561068101242,2.049490590174828,1.0155286714053484,0.312841616464442,0.4164233489665564,0.41549059017416595,0.8326182211889628,0.05
2944,0.3941,False,2,0.0,0.1486,1.0,90.1,0.0,0.0,0.0,1.7384683823808882,0.14761199737690964,1.5409,0.05227896326439534,0.19731229089270502,0.12002467259365278,3.574236826728299e-207,0.0,0.05
2945,0.40164999999999995,False,2,0.0,0.19249999999999998,0.9318,80.25,0.0,0.0,0.0,1.8746389743692913,0.35353213623535995,1.7719338396762783,0.6980605682323645,0.3232916381603976,0.3128654857922911,0.18206193009209892,0.5461857902762968,0.05
2946,0.35765,False,2,0.0,0.22769999999999996,0.806,79.6,0.0,0.0,0.0,2.0203024407698384,0.461643701986533,2.252082025613082,1.1056095741466139,0.4983451818791414,0.466578457838783,0.5811356319200232,0.8885074250852841,0.05
2947,0.44830000000000003,False,2,0.0,0.17259999999999998,1.0,69.0,0.0,0.0,0.0,1.7590680974832815,0.11889243562962722,1.5359001984583007,0.05090105136807123,0.229144843661166,0.11504462090542622,1.7196680947394014e-214,0.0,0.05
2948,0.4042,False,2,0.0,0.12860000000000002,1.0,80.05,0.0,0.0,0.0,1.6764505861931354,0.08080918772048848,1.6503111112673985,0.3151825760871962,0.16458289823478142,0.07588564904328797,0.07970000000000119,0.22293229914034685,0.05
2949,0.39895,False,2,0.0,0.18660000000000004,0.9198999999999999,77.15,0.0,0.0,0.0,1.928418463982825,0.37431568084915606,1.9239647278516692,0.7668924792239873,0.3547199485900123,0.32677413634014685,0.2777536008243804,0.6151338212311773,0.05
2950,0.36145,False,2,0.0,0.1597,0.8686,76.35,0.0,0.0,0.0,1.9025459806023353,0.561726179776402,2.1921504134177825,1.290933323952778,0.34992605447101,0.45474499588928513,0.4088170800809233,0.8177922849199775,0.05
2951,0.39754999999999996,False,2,0.0,0.1832,0.8696999999999999,64.45,0.0,0.0,0.0,1.9912279661333856,0.5005371737260015,1.8620122821174103,0.7146139445341539,0.4070297222206066,0.4364582314033951,0.2528568448042309,0.5468493539819148,0.05
2952,0.3745,False,2,0.0,0.10900000000000001,1.0,90.0,0.0,0.0,0.0,1.6609696019955824,0.08625777758291144,1.539877778080913,0.0448657382118924,0.14245577313990743,0.09213610187622587,0.00480000000000048,0.014400000000001441,0.05
2953,0.3858499999999999,False,2,0.0,0.127,0.9647,80.0,0.0,0.0,0.0,1.7082355089924988,0.11699123667581943,1.6387111309082663,0.3382162927963466,0.19152088660117883,0.10455247119956293,0.07980000000000086,0.23940000000000258,0.05
2954,0.39875,False,2,0.0,0.1611,1.0,90.9,0.0,0.0,0.0,1.761844373905094,0.1731648985206775,1.5237555555557474,0.043682745131808705,0.2226734362036343,0.12097518312892966,0.0070000000000003835,0.021000000000001153,0.05
2955,0.35680000000000006,False,2,0.0,0.0961,0.9775,90.0,0.0,0.0,0.0,1.682296873392275,0.14904550366475627,1.628803819444446,0.3410029789366093,0.15359876026177605,0.12254755042498097,0.08170000000000119,0.23916021826382666,0.05
2956,0.40015,False,2,0.0,0.1387,1.0,84.6,0.0,0.0,0.0,1.6917938638412378,0.12792981189799707,1.5662456683121058,0.06320248212921073,0.17306977507859694,0.11727225731038686,0.005400000000000361,0.01620000000000108,0.05
2957,0.40174999999999994,False,2,0.0,0.1865,0.9353999999999999,79.6,0.0,0.0,0.0,1.8241980447000412,0.3084900001367357,1.6598555555443053,0.3335101347394573,0.298940638474877,0.30996204894239765,0.07990000000035549,0.23970000000106645,0.05
2958,0.36219999999999997,False,2,0.0,0.1256,1.0,100.3,0.0,0.0,0.0,1.748092519223085,0.18453204513102825,1.6267000071207705,0.2945047217768972,0.19458758729906883,0.14658639587868938,0.07360000000000119,0.20844145461016397,0.05
2959,0.40330000000000005,False,2,0.0,0.1637,0.9403,74.35,0.0,0.0,0.0,1.8319207836984475,0.34469417681114,1.628155555555556,0.3413652914726728,0.2915262234835622,0.3054160104432658,0.07990000000000023,0.2397000000000007,0.05
2960,0.3861500000000001,False,2,0.0,0.16330000000000003,0.9278000000000001,79.7,0.0,0.0,0.0,1.9449479545074309,0.6065286428459156,1.8836202149659218,1.1069862902464358,0.3385697749271903,0.4211825233116159,0.10800000000000001,0.324,0.05
2961,0.39720000000000005,False,2,0.0,0.16799999999999998,0.9358000000000001,77.35,0.0,0.0,0.0,1.7887231010900297,0.27331807569680594,1.8117283534795714,0.8365282519693046,0.27629313583189,0.28950354558002933,0.10780000000000038,0.3014159252594328,0.05
2962,0.46385,False,2,0.0,0.20929999999999999,1.0,70.4,0.0,0.0,0.0,1.8456227819834012,0.17326458003155584,1.5341248027271701,0.06125547495660695,0.2853863670617237,0.12687775085507524,0.013900000000000476,0.04170000000000143,0.05
2963,0.4491,False,2,0.0,0.22160000000000002,0.9378,65.3,0.0,0.0,0.0,1.8991868159703826,0.22511567491876366,1.6297555555555565,0.3416684617839035,0.35260527333845715,0.22742316447548883,0.08080000000000062,0.23842684412624435,0.05
2964,0.41605,False,2,0.0,0.15919999999999998,0.9320999999999999,64.8,0.0,0.0,0.0,1.7716801057843878,0.2867748875418734,1.7641522287479632,0.7044493597883683,0.25957787154436274,0.30545308498472096,0.213391192769781,0.640173578309343,0.05
2965,0.39505,False,2,0.0,0.1731,1.0,95.75,0.0,0.0,0.0,1.7852422040931764,0.1786222044525171,1.5700777777989026,0.07438226344101134,0.233235393135436,0.1358584972113715,0.006600000000000378,0.019800000000001136,0.05
2966,0.4041,False,2,0.0,0.1507,0.9271,67.4,0.0,0.0,0.0,1.8469914069747346,0.46752723880313335,1.807774461614013,0.7694882925095767,0.27921541891925616,0.361249900058145,0.20171062314477245,0.6051318694343174,0.05
2967,0.392,False,2,0.0,0.13630000000000003,0.9343,71.65,0.0,0.0,0.0,1.8134382248609053,0.4267978190045352,1.7445471078847674,0.716412794800052,0.261614303377084,0.37278781157498414,0.17764710788476762,0.5329413236543029,0.05
2968,0.36424999999999996,False,2,0.0,0.11120000000000001,0.9372999999999999,80.0,0.0,0.0,0.0,1.7098956740933715,0.25587909215204374,1.8753007237611292,1.0916759357787154,0.20500129577392362,0.2846566897124639,0.2014902379261041,0.6044707137783123,0.05
2969,0.42395000000000005,False,2,0.0,0.1911,0.9368000000000001,70.0,0.0,0.0,0.0,1.823188556335975,0.28850202171762923,1.858715330638173,0.9095170762383341,0.2936025620113613,0.2909402150214127,0.2100987057149056,0.6302961171447169,0.05
2970,0.37570000000000003,False,2,0.0,0.196,0.8076000000000001,63.05,0.0,0.0,0.0,2.0157755484264066,0.516543199759935,2.3035794317542546,1.2055562904304267,0.4454110385625021,0.45058892805251655,0.5717978490745399,0.8773931326074401,0.05
2971,0.41589999999999994,False,2,0.0,0.1738,0.938,70.0,0.0,0.0,0.0,1.8094404380398892,0.2800085395974158,1.6209093199954032,0.287286884607809,0.284547955559021,0.2803535448517972,0.09805277204501775,0.2494887659252285,0.05
2972,0.35220000000000007,False,2,0.0,0.2262,0.7342000000000001,64.0,0.0,0.0,0.0,2.119296335555328,0.45252950691567684,2.4772016520647515,1.2653795595694892,0.578305194932345,0.44591659803180034,0.6810647221143347,0.9006372445048484,0.05
2973,0.44214999999999993,False,2,0.0,0.2481,0.9328,74.15,0.0,0.0,0.0,1.9952365921643491,0.3243899055039872,2.0072898419498824,1.0602948390816078,0.42002733929585157,0.31161180918222875,0.302029043476813,0.6172412302191157,0.05
2974,0.42915000000000003,False,2,0.0,0.1791,1.0,80.2,0.0,0.0,0.0,1.747821944450798,0.11576733116099143,1.5309000000000001,0.05717070928368832,0.21685903976757684,0.10972960306654746,1.0451361290088321e-200,0.0,0.05
2975,0.43015000000000003,False,2,0.0,0.1421,1.0,70.45,0.0,0.0,0.0,1.6991167942899126,0.12004246896841633,1.5473820312500006,0.04522684339959605,0.1839949156925238,0.11678801868301088,0.002400000000000318,0.007200000000000955,0.05
2976,0.4100999999999999,False,2,0.0,0.14179999999999998,1.0,80.4,0.0,0.0,0.0,1.7204851773909542,0.16567279176987745,1.5811000000000015,0.08555401802370456,0.19845639267874035,0.1454466255241117,1.337774244428068e-198,0.0,0.05
2977,0.3974,False,2,0.0,0.1795,0.9353,80.0,0.0,0.0,0.0,1.8014053342678236,0.27009785285036025,1.7431406750252942,0.4001258833965849,0.28976924953635763,0.2765189796986185,0.15750234754109171,0.28311774449817884,0.05
2978,0.4276,False,2,0.0,0.15499999999999997,1.0,74.95,0.0,0.0,0.0,1.7198406528585504,0.13401115983198647,1.5207000010172531,0.022212835927816626,0.19994826810641347,0.1288043731011734,0.004400000000000346,0.013200000000001039,0.05
2979,0.3772,False,2,0.0,0.22410000000000002,0.9309000000000001,100.15,0.0,0.0,0.0,1.974782744209341,0.3862444698285722,1.995805674353163,1.4511498430557856,0.3825603798749671,0.3013332972030769,0.19999996282369273,0.5999998884710781,0.05
2980,0.3796,False,2,0.0,0.1512,1.0,98.0,0.0,0.0,0.0,1.722251597078703,0.15297033537216342,1.509266666666667,0.01429125606795985,0.19796075801699356,0.13307458801204178,0.0008000000000002956,0.002400000000000887,0.05
2981,0.3962,False,2,0.0,0.2062,0.8667999999999999,70.15,0.0,0.0,0.0,1.885854757434227,0.35266201014357307,1.9869798461517525,0.9001228952753284,0.37058801819283066,0.36575122192324344,0.3702945797256541,0.7442745100903249,0.05
2982,0.40154999999999996,False,2,0.0,0.1734,0.9435,78.45,0.0,0.0,0.0,1.8756887995284575,0.43124289771948177,1.8137167784424872,0.8532629615600196,0.3077374462085388,0.3612463745478623,0.20664806682355746,0.6002108326899748,0.05
2983,0.40905,False,2,0.0,0.16150000000000003,1.0,85.85,0.0,0.0,0.0,1.7198297857853977,0.13491174111625368,1.5267,0.04813117492852217,0.19379543053783593,0.1007068760544583,3.6260408290143853e-218,0.0,0.05
2984,0.4310999999999999,False,2,0.0,0.18219999999999997,1.0,80.0,0.0,0.0,0.0,1.7427560373692255,0.13900627080510372,1.527100000011888,0.04303591524331481,0.22551885699618182,0.1255852369984134,1.2458993558254446e-207,0.0,0.05
2985,0.3478500000000001,False,2,0.0,0.1784,0.8777000000000001,90.1,0.0,0.0,0.0,1.9480346134474786,0.5098814866598941,2.12519090245235,0.9772880137920219,0.37512464942637697,0.44073924499631095,0.44453368447139424,0.762287308905583,0.05
2986,0.4712,False,2,0.0,0.2104,0.9346,50.65,0.0,0.0,0.0,1.8235114439711961,0.23345692020396544,1.7409461411032303,0.6648140556791461,0.30995569531118156,0.24865314908090136,0.1753489037290235,0.5230535938922601,0.05
2987,0.35344999999999993,False,2,0.0,0.1602,0.8667,80.0,0.0,0.0,0.0,1.8734479357173435,0.409628165414611,2.032357451908211,1.0237030856583744,0.33915195413044774,0.40017714392284226,0.4396574519082111,0.88028954420432,0.05
2988,0.4084,False,2,0.0,0.1386,1.0,80.45,0.0,0.0,0.0,1.7316091030606553,0.15934214549879416,1.6283555555555567,0.2986762721669696,0.19655687014510648,0.12393696997461452,0.07090000000000084,0.2127000000000025,0.05
2989,0.3802,False,2,0.0,0.16829999999999998,0.9329000000000001,85.2,0.0,0.0,0.0,1.760445407250271,0.22853987407927065,1.8825753583302771,1.0971970881964526,0.25776028743457796,0.2670306855470849,0.2122581904689461,0.6367745714068384,0.05
2990,0.51125,False,2,0.0,0.2177,1.0,48.8,0.0,0.0,0.0,1.7850684349515202,0.11724986845016197,1.5161279513888912,0.026544553419558175,0.26485881418285356,0.09965353294454322,0.0009000000000003751,0.002700000000001126,0.05
2991,0.38270000000000004,False,2,0.0,0.1754,0.9404,87.6,0.0,0.0,0.0,1.866305517739598,0.4307818262110374,1.7873455149607231,0.8006816462870227,0.3011897458733056,0.3494953857834633,0.21274536507491,0.63823609522473,0.05
2992,0.37629999999999997,False,2,0.0,0.1136,1.0,90.25,0.0,0.0,0.0,1.6923757706020885,0.13849544876930256,1.5307721358299256,0.05296528121150219,0.16455873676508626,0.11752472801315722,3.875533096589223e-225,0.0,0.05
2993,0.4244,False,2,0.0,0.1688,1.0,80.0,0.0,0.0,0.0,1.7568198508942596,0.17620098631901718,1.5154,0.03113904301676597,0.21883648060586242,0.144941177317176,1.8709013493497049e-177,0.0,0.05
2994,0.4156000000000001,False,2,0.0,0.177,0.9402000000000001,71.5,0.0,0.0,0.0,1.8100076459949688,0.28295333703641407,1.792222510817377,0.817221180930507,0.2850259537799134,0.28608378691365394,0.178222510817377,0.5346675324521311,0.05
2995,0.38075000000000003,False,2,0.0,0.14610000000000004,1.0,96.15,0.0,0.0,0.0,1.7442525657919525,0.18493970052692707,1.5286390625198683,0.04757478306722691,0.20513612415506036,0.15194624261412254,1.2757983600576073e-204,0.0,0.05
2996,0.42205,False,2,0.0,0.17809999999999998,0.937,67.75,0.0,0.0,0.0,1.8230865121309083,0.2510541118904092,1.8413226469776205,0.9000673510021197,0.27856929331539715,0.25143715888361984,0.17376604148633215,0.49904343791129535,0.05
2997,0.35965,False,2,0.0,0.2145,0.7972,73.1,0.0,0.0,0.0,2.091856841185943,0.5316211104396651,2.506507358910806,1.575560611502042,0.5258516773642662,0.48371383713808275,0.6209159180766264,0.952868806645057,0.05
2998,0.41315,False,2,0.0,0.13630000000000003,0.93,60.0,0.0,0.0,0.0,1.827790086895473,0.43802759833576205,1.7826451351022379,0.7594133539485245,0.2845844896764692,0.37721206293370557,0.19997038204250922,0.5999111461275277,0.05
2999,0.41694999999999993,False,2,0.0,0.1714,0.9323,67.45,0.0,0.0,0.0,1.8154705867083998,0.23327595909340176,1.7784574076266169,0.6174274433688254,0.2942476371828374,0.2696569063778349,0.19844901703251047,0.48950076540059273,0.05
3000,0.373,False,2,0.0,0.2105,0.7354999999999999,50.0,0.0,0.0,0.0,2.132393394717957,0.5709120514883027,2.4897932053113303,1.1850588738791532,0.5850425853995029,0.5301704246556306,0.7846480035160578,0.9662748331840193,0.05
