generation,fitness,accepted,num_threats_active,mean_child_survival,mean_child_ttd_norm,mean_mother_ttd_norm,mean_child_injury,std_child_survival,mean_u_drift_end,std_u_drift_end,mean_overall_deficit_episode,std_overall_deficit_episode,mean_overall_deficit_end,std_overall_deficit_end,mean_local_deficit_episode,std_local_deficit_episode,mean_local_deficit_end,std_local_deficit_end,mutation_sigma
0,0.54644,True,0,0.0,0.37729999999999997,0.9410999999999999,0.0,0.0,0.0,0.0,1.8783814089971405,0.20123111367552243,1.649791666665804,0.34128842732100295,0.386198593554312,0.15955275796682142,0.0796999999999999,0.2390999999999997,0.0
1,0.55788,True,0,0.0,0.3684,1.0,0.0,0.0,0.0,0.0,1.8041832790853298,0.12686137058702945,1.5326000000009625,0.0549894535365736,0.297989452319114,0.07101934236832459,0.0,0.0,0.05
2,0.5191,False,0,0.0,0.32799999999999996,0.9650000000000001,0.0,0.0,0.0,0.0,1.808951371433169,0.2865748154626434,1.6571872691582061,0.3444462243113779,0.28436092812347086,0.16731269976595192,0.07950000000000013,0.2385000000000004,0.05
3,0.53407,False,0,0.0,0.3859,0.8798,0.0,0.0,0.0,0.0,1.928651259148214,0.27615008942708524,1.9083589582621425,0.8030758639319381,0.444036728436301,0.2322435686998294,0.2331999999999998,0.4942875276597616,0.05
4,0.5197499999999999,False,0,0.0,0.3414,0.9359,0.0,0.0,0.0,0.0,1.7981508929854697,0.15544894075288987,1.6632555555555555,0.33273688136757923,0.32298119972043926,0.16949850641682768,0.07990000000000017,0.23970000000000044,0.05
5,0.53325,False,0,0.0,0.35819999999999996,0.9417,0.0,0.0,0.0,0.0,1.8429083907402792,0.17656912638813577,1.6392018280785101,0.3399316085991017,0.33033461002961273,0.17771152516316002,0.09120000000000059,0.23803898840316104,0.05
6,0.54288,False,0,0.0,0.39239999999999997,0.8939999999999999,0.0,0.0,0.0,0.0,1.9184967625066576,0.18750083007897897,1.7679266639367213,0.4498126672961232,0.4097344417296506,0.20016780984589735,0.15950000000000036,0.3190000783698971,0.05
7,0.5107,False,0,0.0,0.301,1.0,0.0,0.0,0.0,0.0,1.7324614959925533,0.1288093202800018,1.5550666666666675,0.058546050251064706,0.24132072597103313,0.11505932618986084,0.012200000000000571,0.036600000000001714,0.05
8,0.5223800000000001,False,0,0.0,0.3671,0.8846999999999999,0.0,0.0,0.0,0.0,1.8729818180667503,0.18480419323825475,2.0486667685527005,1.0312006320245195,0.4160804925575012,0.21207356944215175,0.3284000000000005,0.621119988408037,0.05
9,0.53478,False,0,0.0,0.33540000000000003,1.0,0.0,0.0,0.0,0.0,1.7566112834189256,0.09365978789097247,1.5202888888888897,0.05761053144463754,0.27227047148488365,0.05583073292288654,0.013600000000000478,0.04080000000000143,0.05
10,0.47925000000000006,False,0,0.0,0.333,0.8205,0.0,0.0,0.0,0.0,1.9170688862693557,0.2817241071883595,1.8778889691398128,0.5357187089691918,0.43226793822616927,0.27176005933261693,0.2401000000000006,0.3654538137713167,0.05
11,0.46685,False,0,0.0,0.3413,0.7597999999999999,0.0,0.0,0.0,0.0,1.9225297046731853,0.2662932135274625,2.2326203864040597,0.91726651681662,0.5024614527613801,0.2928904307680425,0.4687000000000001,0.6207017077469662,0.05
12,0.46007,False,0,0.0,0.33049999999999996,0.7624000000000001,0.0,0.0,0.0,0.0,1.9194472258389215,0.28930274868310546,2.1013100316462774,0.8283944164077574,0.4797213343839566,0.278377687538555,0.3965000000000002,0.5297494218968061,0.05
13,0.53233,False,0,0.0,0.3811,0.8852,0.0,0.0,0.0,0.0,1.9226589416755129,0.20894453004468963,1.743303693243384,0.4599171900939227,0.4395156832320907,0.22245604700990623,0.15970000000000004,0.31940007827175004,0.05
14,0.56016,True,0,0.0,0.39180000000000004,0.9530000000000001,0.0,0.0,0.0,0.0,1.8375572576433137,0.13963299198376955,1.631411111111111,0.33979030952110006,0.3400884063368572,0.11973471423822114,0.07980000000000018,0.23940000000000053,0.05
15,0.5443,False,0,0.0,0.349,1.0,0.0,0.0,0.0,0.0,1.7583867139989948,0.0865801785751571,1.554907035647498,0.0670889339675879,0.27643727636108273,0.06035924484888363,0.0,0.0,0.05
16,0.52505,False,0,0.0,0.34940000000000004,0.9349000000000001,0.0,0.0,0.0,0.0,1.8291972242716024,0.1812558568553676,1.6398999950056414,0.3427764283326646,0.35097076297467994,0.17964362242482557,0.0797000000000001,0.2391000000000003,0.05
17,0.53942,False,0,0.0,0.3968,0.8722,0.0,0.0,0.0,0.0,1.9623237538004843,0.147234407653889,1.7335504714687855,0.45353963017696836,0.46520372324378656,0.1891230570761191,0.16100000000000025,0.3190197486050038,0.05
18,0.5261800000000001,False,0,0.0,0.36849999999999994,0.8941000000000001,0.0,0.0,0.0,0.0,1.9373144830422349,0.2538214826067904,1.7786279506943803,0.4435424330510245,0.42462401771221464,0.20790085577553483,0.15999999999999984,0.3199999999999997,0.05
19,0.45566000000000006,False,0,0.0,0.383,0.6252000000000001,0.0,0.0,0.0,0.0,2.0757720494656224,0.1959907285898165,2.3152438841687193,0.7517984266651733,0.6606640573189354,0.24216696426828566,0.5573999999999997,0.5080777893197062,0.05
20,0.53263,False,0,0.0,0.35650000000000004,0.9436,0.0,0.0,0.0,0.0,1.8715689443984675,0.18907116312491207,1.6376444444643135,0.33867725923588277,0.3652945119347155,0.1518554813244199,0.08540000000000057,0.23811938182348782,0.05
21,0.5271399999999999,False,0,0.0,0.3505,0.9393,0.0,0.0,0.0,0.0,1.8155256604044303,0.1735093062845264,1.7579139700495674,0.7248260346081605,0.35749928791227037,0.17800389756870297,0.15629999999999997,0.46889999999999993,0.05
22,0.5235400000000001,False,0,0.0,0.3724,0.8762000000000001,0.0,0.0,0.0,0.0,1.835278628137041,0.13421299803507125,1.759222219558437,0.4466310601615492,0.38651898873160445,0.1920318672057474,0.15960000000000027,0.31920000000000054,0.05
23,0.51637,False,0,0.0,0.30910000000000004,1.0,0.0,0.0,0.0,0.0,1.7135822435505976,0.09063432816713553,1.521769692224946,0.030121851657310725,0.23723783725021946,0.09046298044600289,0.0,0.0,0.05
24,0.5016700000000001,False,0,0.0,0.3154,0.9362999999999999,0.0,0.0,0.0,0.0,1.7795124613147806,0.1442733793876808,1.6686111097399974,0.33033259767849704,0.31062997278720605,0.1844227528068693,0.07980000000000004,0.23940000000000017,0.05
25,0.5166600000000001,False,0,0.0,0.3381,0.9333,0.0,0.0,0.0,0.0,1.7903697675528918,0.14965025292438577,1.6518987724985776,0.3369125035133676,0.32332790865870326,0.16212497672428453,0.08100000000000034,0.2386981357279522,0.05
26,0.45343,False,0,0.0,0.3421,0.7132,0.0,0.0,0.0,0.0,1.9230476371725245,0.20175491887296354,2.1230444295737465,0.5301721448751276,0.49515550845984063,0.24142895433664563,0.398900000000001,0.3989006016540973,0.05
27,0.52633,False,0,0.0,0.3505,0.9366,0.0,0.0,0.0,0.0,1.8412780540174534,0.16568882160241752,1.6530111111111156,0.33970654165683156,0.34790390071089006,0.1595488839591034,0.07980000000000018,0.23940000000000053,0.05
28,0.48682,False,0,0.0,0.31989999999999996,0.8763,0.0,0.0,0.0,0.0,1.8054604567236563,0.16863028275309278,1.7623555555555555,0.4475916343176119,0.3843900819708678,0.21363039448595242,0.15989999999999988,0.31980007817384887,0.05
29,0.52817,False,0,0.0,0.35119999999999996,0.9410999999999999,0.0,0.0,0.0,0.0,1.793501201314032,0.13613833750555632,1.6149111520449342,0.34473331968874826,0.3306100384460905,0.1458213711239692,0.07980000000000019,0.23940000000000056,0.05
30,0.49393999999999993,False,0,0.0,0.3262999999999999,0.8850999999999999,0.0,0.0,0.0,0.0,1.8149545397089029,0.15477914680281799,1.7335221659272169,0.45792514429550946,0.370000923520092,0.19028201926075286,0.15960000000000035,0.31920000000000065,0.05
31,0.5606800000000001,True,0,0.0,0.37239999999999995,1.0,0.0,0.0,0.0,0.0,1.786340073319181,0.1355130444184143,1.5599000000079069,0.06129673728263968,0.3187288619643004,0.09634220845861222,0.0,0.0,0.05
32,0.5163800000000001,False,0,0.0,0.3362,0.9368000000000001,0.0,0.0,0.0,0.0,1.7801036300087074,0.12164593083429934,1.6653563668411198,0.3369744507806104,0.3180566012708367,0.1673805159025945,0.07989999999999992,0.23969999999999975,0.05
33,0.50441,False,0,0.0,0.3173,0.9410000000000001,0.0,0.0,0.0,0.0,1.7826345720585905,0.1335206452633638,1.657857066912141,0.33640163452577576,0.31255663341116574,0.14294230530379026,0.07990000000000017,0.23970000000000044,0.05
34,0.47018000000000004,False,0,0.0,0.3497,0.7513,0.0,0.0,0.0,0.0,1.9741108141206734,0.2012118610334272,1.9720167564767679,0.5520656057570966,0.5294420285181556,0.24791588846454757,0.3198999999999996,0.39179598007126054,0.05
35,0.54381,False,0,0.0,0.3483,1.0,0.0,0.0,0.0,0.0,1.7771082805259575,0.09963225716770746,1.5173999999999999,0.031161514725699727,0.27687217895631855,0.1025494242609996,0.0,0.0,0.05
36,0.54501,False,0,0.0,0.40170000000000006,0.8794000000000001,0.0,0.0,0.0,0.0,1.9816046968143248,0.17671897253786367,1.7535555548617172,0.4510145093476909,0.4643681926656561,0.1986594839239065,0.15989999999999985,0.31980007817384876,0.05
37,0.51568,False,0,0.0,0.3337,0.9403,0.0,0.0,0.0,0.0,1.7875766275352685,0.09899619120139909,1.7438413824495196,0.7047052392292925,0.3410456353515573,0.14974547201264413,0.15130000000000007,0.4539000000000003,0.05
38,0.55728,False,0,0.0,0.387,0.9545999999999999,0.0,0.0,0.0,0.0,1.8214879493995002,0.11676829806186553,1.7759694820553684,0.7109798676504996,0.3423636370121076,0.13855910282898212,0.1561000000000007,0.4567525478856147,0.05
39,0.51202,False,0,0.0,0.3577,0.8721,0.0,0.0,0.0,0.0,1.8605447088336189,0.191523214290521,1.7533678723472683,0.44975657344368286,0.41261728565803846,0.2133387784358613,0.15950000000000025,0.3190007053283744,0.05
40,0.48277,False,0,0.0,0.37479999999999997,0.7346999999999999,0.0,0.0,0.0,0.0,2.023563170887857,0.31836461731982363,2.0996246849349602,0.5525335004812134,0.5266354088641536,0.2732285376549715,0.3984000000000007,0.39840210842815654,0.05
41,0.55444,False,0,0.0,0.3862,0.9470000000000001,0.0,0.0,0.0,0.0,1.8731476566238854,0.22360604638294473,1.6284371527777783,0.3457644049115296,0.3491568859309425,0.16427503991327283,0.08140000000000032,0.23826044573113672,0.05
42,0.5156000000000001,False,0,0.0,0.308,1.0,0.0,0.0,0.0,0.0,1.7437724808382096,0.08882686944261027,1.5362000000722014,0.045223445389630204,0.2558164271217479,0.05998697490623644,0.0,0.0,0.05
43,0.46752999999999995,False,0,0.0,0.29379999999999995,0.8728999999999999,0.0,0.0,0.0,0.0,1.8099146724752575,0.18856969111678468,1.7578656702229172,0.45234413928355227,0.35089274752605776,0.22480640229122098,0.1595000000000005,0.3190007053283748,0.05
44,0.54713,False,0,0.0,0.38,0.9371,0.0,0.0,0.0,0.0,1.8398834271340647,0.1378663791804702,1.6268330711264323,0.3426445908162135,0.3428655601668245,0.15340475905597398,0.08740000000000084,0.23825163168381552,0.05
45,0.52363,False,0,0.0,0.3463,0.9374,0.0,0.0,0.0,0.0,1.8079302517795317,0.1559813442736661,1.6332841145833334,0.3403985737755794,0.3342775030383362,0.15352469019164006,0.07990000000000005,0.23970000000000014,0.05
46,0.50198,False,0,0.0,0.3161,0.9357,0.0,0.0,0.0,0.0,1.7848948839263865,0.15397265906177957,1.6430889621435931,0.33963875682405376,0.3187011028942133,0.14937380381451473,0.0798000000000004,0.2394000000000012,0.05
47,0.54572,False,0,0.0,0.3782,0.9366,0.0,0.0,0.0,0.0,1.903018735701196,0.19706442823986012,1.6657659196460142,0.3315290746687842,0.3733149435956372,0.15429730006264494,0.08640000000000059,0.23801478945645432,0.05
48,0.51315,False,0,0.0,0.33299999999999996,0.9335000000000001,0.0,0.0,0.0,0.0,1.794667038539766,0.12554744880538762,1.6194652512766339,0.3461554874666069,0.33341125073335254,0.17513503304176845,0.0799,0.2397,0.05
49,0.56447,True,0,0.0,0.40249999999999997,0.9423999999999999,0.0,0.0,0.0,0.0,1.9578598395451283,0.2524887874569348,1.6967333333333348,0.38854820378772587,0.41880515971670507,0.187483285306057,0.13240000000000102,0.27189674510740425,0.05
50,0.53156,False,0,0.0,0.35689999999999994,0.9391,0.0,0.0,0.0,0.0,1.830768362380318,0.15873039715554382,1.66612239583858,0.33380621738964805,0.3738756437349766,0.15804035022575935,0.08800000000000047,0.23822720247696272,0.05
51,0.51429,False,0,0.0,0.32849999999999996,0.9478,0.0,0.0,0.0,0.0,1.8276720006941976,0.24661378878418966,1.6684555555555556,0.3298171227277997,0.33816204298588637,0.1722873247507039,0.07990000000000005,0.23970000000000014,0.05
52,0.53223,False,0,0.0,0.3672,0.9173,0.0,0.0,0.0,0.0,1.8798933695666797,0.2689642678104328,1.7707672597993025,0.4415678612900625,0.36711205882728126,0.19696602199262908,0.17070000000000088,0.3142788729774888,0.05
53,0.5327500000000001,False,0,0.0,0.3325,1.0,0.0,0.0,0.0,0.0,1.7550002391774595,0.07408928302381734,1.5224000000119375,0.048625507715749854,0.28050216395586425,0.036564871200539806,0.0,0.0,0.05
54,0.5191500000000001,False,0,0.0,0.3402,0.9367000000000001,0.0,0.0,0.0,0.0,1.8163548064429496,0.15208398158449704,1.793618109960838,0.7436018663091766,0.36004122124681903,0.1779350751926796,0.15420000000000023,0.4599395177629334,0.05
55,0.42874,False,0,0.0,0.3952,0.507,0.0,0.0,0.0,0.0,2.2013216917822773,0.19893423136192237,3.2804870568755833,1.1743816893196524,0.7821461290564253,0.17512747839347623,1.0462999999999996,0.6311915794748848,0.05
56,0.55137,False,0,0.0,0.35910000000000003,1.0,0.0,0.0,0.0,0.0,1.8344637092064722,0.1793499823420821,1.548,0.05321278041974502,0.3236217249964565,0.09879238003861886,0.0,0.0,0.05
57,0.5267999999999999,False,0,0.0,0.3468,0.9468,0.0,0.0,0.0,0.0,1.7939902458683807,0.14014065006254597,1.671487815544022,0.3322786248184496,0.3214083872955802,0.15796212867872414,0.07970000000000002,0.2391000000000001,0.05
58,0.5042599999999999,False,0,0.0,0.34309999999999996,0.8802999999999999,0.0,0.0,0.0,0.0,1.8448979290227918,0.18807509623784313,1.7343555555522723,0.4586216111525892,0.39772793450261373,0.21915875449877784,0.15989999999999993,0.3198000781738489,0.05
59,0.5321899999999999,False,0,0.0,0.35839999999999994,0.9377000000000001,0.0,0.0,0.0,0.0,1.857523435132292,0.14235621194887005,1.6333556477864586,0.34137877232678154,0.3817482103293461,0.15597616694318245,0.08280000000000029,0.2385677262330341,0.05
60,0.47553999999999996,False,0,0.0,0.3505,0.7672999999999999,0.0,0.0,0.0,0.0,1.9196393011809523,0.20023450467467319,1.9740604352613542,0.5533406614916214,0.4928199556223417,0.24697554559886586,0.3197000000000001,0.3915510311568597,0.05
61,0.5384899999999999,False,0,0.0,0.36739999999999995,0.9376999999999999,0.0,0.0,0.0,0.0,1.8500275742094594,0.19289408460882507,1.6401344423170197,0.3388892579268277,0.37459802028457523,0.17592205516945003,0.07980000000000001,0.23940000000000006,0.05
62,0.5499,False,0,0.0,0.357,1.0,0.0,0.0,0.0,0.0,1.7391444641097142,0.11030588685704178,1.534344444482857,0.04786811746608946,0.2666652414477171,0.07250684060052157,0.005400000000000361,0.01620000000000108,0.05
63,0.48125000000000007,False,0,0.0,0.3386,0.8141,0.0,0.0,0.0,0.0,1.8656599330613308,0.2187910352656295,1.881549415056196,0.49023417693203475,0.4299093361014707,0.24226242442778856,0.2392000000000003,0.36538440032382374,0.05
64,0.5228299999999999,False,0,0.0,0.3716,0.8756999999999999,0.0,0.0,0.0,0.0,1.8445536008973504,0.2064551535425014,1.9022741260756768,0.8390664281046053,0.38576027376822253,0.22006363340227428,0.23060000000000028,0.48776063801828085,0.05
65,0.50899,False,0,0.0,0.3241,0.9404,0.0,0.0,0.0,0.0,1.7790042899018002,0.131918968533824,1.6896835205085232,0.33136705053693744,0.3300091264532926,0.14188700041311056,0.10140000000000067,0.2409648107089503,0.05
66,0.5618000000000001,False,0,0.0,0.374,1.0,0.0,0.0,0.0,0.0,1.7938950690890227,0.1296387381269846,1.5327,0.04712547081992924,0.29915031594293257,0.07523720226687103,0.0,0.0,0.05
67,0.53991,False,0,0.0,0.372,0.9317,0.0,0.0,0.0,0.0,1.8454974631417105,0.17315917904427103,1.6357777771683342,0.34067543838079545,0.38193514229912795,0.16327709655296055,0.07979999999999984,0.23939999999999953,0.05
68,0.5514400000000002,False,0,0.0,0.3592000000000001,1.0,0.0,0.0,0.0,0.0,1.8208804694118956,0.14762478862804826,1.5051999999999999,0.012375782803523968,0.3138320990866657,0.08341896288780365,0.0,0.0,0.05
69,0.5518700000000001,False,0,0.0,0.38029999999999997,0.9522,0.0,0.0,0.0,0.0,1.8986384705017865,0.2459235015627593,1.8521253481826427,0.9830239508105485,0.38323234592700156,0.18349552185169923,0.16050000000000003,0.4815,0.05
70,0.51151,False,0,0.0,0.40090000000000003,0.7696000000000001,0.0,0.0,0.0,0.0,2.0609722890225437,0.2504679734317218,2.1421170936749556,0.8528570113796379,0.5581616866942982,0.26339643553964914,0.40320000000000017,0.5378886130045882,0.05
71,0.5166,False,0,0.0,0.3624,0.8764,0.0,0.0,0.0,0.0,1.8991351491479427,0.19213075888869485,1.7729723802304371,0.4603763729394276,0.4252804764917785,0.20920425028648665,0.16180000000000042,0.3186552368940452,0.05
72,0.46048999999999995,False,0,0.0,0.3107,0.8099999999999999,0.0,0.0,0.0,0.0,1.9003813079067289,0.26006566172413603,1.8453078483977816,0.5274759178448729,0.46291781359006345,0.29125081296034794,0.23959999999999973,0.3659965027155311,0.05
73,0.50678,False,0,0.0,0.35059999999999997,0.8712,0.0,0.0,0.0,0.0,1.9194541032614865,0.23393505597560385,1.9889796698739168,0.9472773677568215,0.4310704974445779,0.2469100698275138,0.24980000000000033,0.5140001556419995,0.05
74,0.5545200000000001,False,0,0.0,0.36360000000000003,1.0,0.0,0.0,0.0,0.0,1.8177157395958283,0.12246905028449831,1.5212000825232819,0.03218654475342125,0.32045640162880124,0.06950394423002372,0.0,0.0,0.05
75,0.47152,False,0,0.0,0.37689999999999996,0.6923,0.0,0.0,0.0,0.0,2.030970058639819,0.20491775569880116,2.2048798460144865,0.7800615550397483,0.6126125885855507,0.2504047121186569,0.47659999999999975,0.5239740833285554,0.05
76,0.5619700000000001,False,0,0.0,0.3919,0.9588000000000001,0.0,0.0,0.0,0.0,1.896481764765524,0.2053589856843588,1.6425279516643947,0.3397680579459717,0.3870898483971583,0.1712305547580413,0.0797,0.2391,0.05
77,0.48810000000000003,False,0,0.0,0.32339999999999997,0.8724000000000001,0.0,0.0,0.0,0.0,1.8291285628321667,0.17506846684222083,1.7668945104125573,0.4472646754928225,0.3939320364490439,0.2190607579325019,0.16340000000000032,0.31821854125741916,0.05
78,0.48374000000000006,False,0,0.0,0.33530000000000004,0.8301000000000001,0.0,0.0,0.0,0.0,1.9113996499101564,0.28054417189357833,1.8569409193829292,0.5276174289833878,0.45607506630637856,0.2512752689992016,0.23959999999999976,0.36599513657970884,0.05
79,0.51961,False,0,0.0,0.3919,0.8176,0.0,0.0,0.0,0.0,2.0287377550216656,0.28066129074294394,2.0041824718469696,0.812178719990103,0.5237092736866891,0.24360835770335634,0.3203999999999999,0.5320801067508537,0.05
80,0.5028,False,0,0.0,0.3684,0.8164,0.0,0.0,0.0,0.0,1.960377730153109,0.22221338137020502,2.0426042512351112,0.9166219886575183,0.4961979718564333,0.2503622933019371,0.3209999999999996,0.5335320046632623,0.05
81,0.49432,False,0,0.0,0.32799999999999996,0.8824,0.0,0.0,0.0,0.0,1.8561673291876795,0.2153896284101611,1.9635052564808813,1.0010632760961784,0.392742353188221,0.22916384290412437,0.24560000000000035,0.5161535042988666,0.05
82,0.5374699999999999,False,0,0.0,0.3670999999999999,0.9349999999999999,0.0,0.0,0.0,0.0,1.8444936022858573,0.12299278764392946,1.806847929102221,0.6836008749557784,0.384350005782383,0.1534937740142731,0.1851000000000006,0.4629260092066548,0.05
83,0.51471,False,0,0.0,0.33540000000000003,0.9330999999999999,0.0,0.0,0.0,0.0,1.8048380397074961,0.20112137817396525,1.6199368828976464,0.3290577782038978,0.3536539466090578,0.20709723821351264,0.0799,0.2397,0.05
84,0.53156,False,0,0.0,0.33080000000000004,1.0,0.0,0.0,0.0,0.0,1.757489126219338,0.0902009418113415,1.5417,0.04276224970695536,0.29583572240726197,0.06337740941290587,0.0,0.0,0.05
85,0.52199,False,0,0.0,0.368,0.8812999999999999,0.0,0.0,0.0,0.0,1.8982440054670513,0.18689467798656983,1.8986386672128752,0.7496999875020904,0.4299378329657513,0.21587606892417036,0.23170000000000024,0.49064407669918986,0.05
86,0.52241,False,0,0.0,0.3899,0.8316000000000001,0.0,0.0,0.0,0.0,1.928857937628904,0.242141172768808,1.9903140204885648,0.788337929145268,0.4726438032088889,0.24904873801254487,0.3126000000000001,0.5134061160523898,0.05
87,0.55564,False,0,0.0,0.3652,1.0,0.0,0.0,0.0,0.0,1.8071410306826663,0.15885310725920582,1.542401115323179,0.06898540672922485,0.30554428927404265,0.08053657257980931,0.0,0.0,0.05
88,0.514,False,0,0.0,0.3556,0.8836,0.0,0.0,0.0,0.0,1.9090987932670873,0.2671451276846941,1.8987388353533987,0.7568421465177222,0.41760508419184267,0.2392692865388632,0.24010000000000026,0.49071426512788446,0.05
89,0.5404500000000001,False,0,0.0,0.3435,1.0,0.0,0.0,0.0,0.0,1.7519827385005584,0.1479284833728669,1.515000000001604,0.02166102490805464,0.28756542055520795,0.10113178528805457,0.0,0.0,0.05
90,0.51501,False,0,0.0,0.3588,0.8795,0.0,0.0,0.0,0.0,1.8781590238954675,0.18023800684701513,1.7465853792857242,0.4613110574477639,0.4163958997131772,0.20679044726712034,0.15999999999999986,0.3199999999999998,0.05
91,0.50353,False,0,0.0,0.3442,0.8753,0.0,0.0,0.0,0.0,1.8430857370202776,0.16896282757845957,1.7510664045251505,0.4511567361394389,0.41270033396553696,0.22739754940694454,0.1597,0.31940007827175,0.05
92,0.5113400000000001,False,0,0.0,0.34550000000000003,0.8983000000000001,0.0,0.0,0.0,0.0,1.8274126060383402,0.23322223787336493,1.766955555611292,0.44566247311069634,0.3695458185611954,0.22719599027418533,0.1599,0.31980007817384903,0.05
93,0.53176,False,0,0.0,0.3739,0.9000999999999999,0.0,0.0,0.0,0.0,1.9002213310384781,0.23801128378178737,1.7848666666666684,0.4518051661370738,0.41747285794490285,0.19924710819685912,0.19110000000000116,0.3177387134108785,0.05
94,0.53715,False,0,0.0,0.36329999999999996,0.9428000000000001,0.0,0.0,0.0,0.0,1.8308067418929561,0.172827144620873,1.7848619742746294,0.7945284754518096,0.3642814847601491,0.17871262376149497,0.15390000000000015,0.46170000000000044,0.05
95,0.53188,False,0,0.0,0.355,0.9446,0.0,0.0,0.0,0.0,1.832996785166112,0.1425226116207075,1.6619222225214247,0.334130029519203,0.36272501657106443,0.14822839848747563,0.0849000000000004,0.2388139233796888,0.05
96,0.53632,False,0,0.0,0.3376,1.0,0.0,0.0,0.0,0.0,1.7708580811405015,0.16693531861601535,1.5173,0.035122784627645925,0.3024035589139216,0.09731349124740646,0.0,0.0,0.05
97,0.50121,False,0,0.0,0.3435,0.8692,0.0,0.0,0.0,0.0,1.889097741480807,0.20034783261477268,1.8855111111111047,0.8088559932260904,0.42054923485666074,0.2264750733471224,0.24270000000000005,0.5197511038949315,0.05
98,0.48872,False,0,0.0,0.3686,0.7689999999999999,0.0,0.0,0.0,0.0,1.9713218825927412,0.24647323883458022,2.1100975682857257,0.809072306761875,0.5263144556440692,0.2701106428941924,0.3943,0.5243188056898206,0.05
99,0.5673300000000001,True,0,0.0,0.3819,1.0,0.0,0.0,0.0,0.0,1.8406542209554533,0.17320375648510844,1.5181000000090532,0.02963595789969147,0.33318868358461334,0.1235911121890431,0.0,0.0,0.05
100,0.507,False,0,0.0,0.31289999999999996,0.9599,0.0,0.0,0.0,0.0,1.7717133080840413,0.2574466035117059,1.6190111111111114,0.3435841818244843,0.2974232347852311,0.17217652888143897,0.07980000000000012,0.2394000000000004,0.05
101,0.5436700000000001,False,0,0.0,0.3481,1.0,0.0,0.0,0.0,0.0,1.757894387081245,0.09493659694324678,1.5225,0.03261364745010899,0.26799788643730094,0.09552715431052035,0.0,0.0,0.05
102,0.49348000000000003,False,0,0.0,0.32889999999999997,0.8775000000000001,0.0,0.0,0.0,0.0,1.8562612290250953,0.2176627330815999,1.9081041387370619,0.7816229516121284,0.3983841840207153,0.23283827733624643,0.2470000000000005,0.49538308408745624,0.05
103,0.48943000000000003,False,0,0.0,0.29860000000000003,0.9347,0.0,0.0,0.0,0.0,1.7562548026023574,0.14156665356862166,1.6770174172501993,0.33148610599485717,0.3161228154397987,0.18092866628083631,0.07990000000000008,0.23970000000000025,0.05
104,0.48886,False,0,0.0,0.3427,0.8299,0.0,0.0,0.0,0.0,1.8948346226969384,0.15753883176676284,1.8707141378661902,0.506041835556395,0.4214850797075396,0.20390007491309273,0.23980000000000076,0.365429829105398,0.05
105,0.5002800000000001,False,0,0.0,0.31470000000000004,0.9333,0.0,0.0,0.0,0.0,1.7684553973337689,0.14584756544542277,1.6498999998159085,0.33604090469918135,0.33363678673697783,0.1773514567701798,0.07999999999999997,0.23999999999999994,0.05
106,0.5271600000000001,False,0,0.0,0.3765,0.8786999999999999,0.0,0.0,0.0,0.0,1.8745896861731204,0.15171131373256538,1.7472666666602663,0.45256550769351345,0.4199337253428312,0.19019144622788345,0.1597000000000001,0.31940007827175015,0.05
107,0.53261,False,0,0.0,0.33230000000000004,1.0,0.0,0.0,0.0,0.0,1.7472226413763123,0.06271774082723378,1.59312222595225,0.16314647915426106,0.2829122002441998,0.04583634212043423,0.0506000000000017,0.11679743147860996,0.05
108,0.54486,False,0,0.0,0.3498,1.0,0.0,0.0,0.0,0.0,1.754463298896276,0.1515073572843523,1.5435010027487734,0.04978709970938294,0.2729309285102139,0.09769047920341926,0.009800000000000423,0.029400000000001276,0.05
109,0.52603,False,0,0.0,0.3229,1.0,0.0,0.0,0.0,0.0,1.7167386584399367,0.04400081005758753,1.5303016867550396,0.04009282127544219,0.2655764209279431,0.03168468567315373,0.0,0.0,0.05
110,0.54116,False,0,0.0,0.3659,0.9501,0.0,0.0,0.0,0.0,1.8434746967122595,0.16335542986251705,1.644702757899179,0.3433895713452188,0.3351174580064482,0.15110917681052108,0.0795000000000003,0.2385000000000009,0.05
111,0.53912,False,0,0.0,0.3416,1.0,0.0,0.0,0.0,0.0,1.7744696564664628,0.08845873753177658,1.5575333333333343,0.12075302618706518,0.2953365649144011,0.06619795100485372,0.0290000000000007,0.08700000000000209,0.05
112,0.5290699999999999,False,0,0.0,0.39859999999999995,0.8335000000000001,0.0,0.0,0.0,0.0,1.9539244714459976,0.24528559689136104,2.0172200917067022,0.8257753958130489,0.4804273631582194,0.23223675485041886,0.31530000000000014,0.5201192267163368,0.05
113,0.54423,False,0,0.0,0.3489,1.0,0.0,0.0,0.0,0.0,1.7819632682933477,0.12907936330880182,1.5507000000000002,0.08081218967457823,0.2766884810551604,0.11362558665294842,0.0,0.0,0.05
114,0.5267600000000001,False,0,0.0,0.3512,0.9364000000000001,0.0,0.0,0.0,0.0,1.847138287692686,0.25212825733772926,1.626072281293693,0.33041141684169134,0.35540848347936693,0.17186077320794263,0.08630000000000079,0.2383317226052809,0.05
115,0.46440000000000003,False,0,0.0,0.3117,0.8207000000000001,0.0,0.0,0.0,0.0,1.909874951110142,0.2776393637932998,1.8487908543596436,0.5239774185337198,0.3967722685957197,0.2629335257573645,0.23940000000000108,0.3656895404574777,0.05
116,0.5149300000000001,False,0,0.0,0.3601,0.8762000000000001,0.0,0.0,0.0,0.0,1.8949339224318256,0.21405809031984888,1.7603700432538194,0.4459120357982892,0.41607446092425004,0.2257543441224204,0.15949999999999998,0.3190007053283738,0.05
117,0.52554,False,0,0.0,0.3222,1.0,0.0,0.0,0.0,0.0,1.7453658888121903,0.14638250611845957,1.5198,0.035164755082326436,0.265299821985067,0.11331789949292702,0.0,0.0,0.05
118,0.5348900000000001,False,0,0.0,0.36019999999999996,0.9425000000000001,0.0,0.0,0.0,0.0,1.883162075745934,0.23905069661216502,1.6567539092518977,0.3368188418092552,0.3779946283395198,0.17750913951137665,0.07989999999999996,0.23969999999999989,0.05
119,0.55766,False,0,0.0,0.389,0.9512,0.0,0.0,0.0,0.0,1.8536694480686315,0.13612848314803355,1.6514111111113619,0.33486297197508436,0.34029376247138277,0.12002273541100089,0.07980000000000027,0.23940000000000078,0.05
120,0.56824,True,0,0.0,0.38319999999999993,1.0,0.0,0.0,0.0,0.0,1.8065605200799097,0.050278923322100946,1.5302000894228627,0.04359095970635072,0.3114289671537949,0.041517507630673585,0.0,0.0,0.05
121,0.54171,False,0,0.0,0.34530000000000005,1.0,0.0,0.0,0.0,0.0,1.7549136014900604,0.11321464574258407,1.5122,0.01870187156409752,0.27940929125810643,0.10599166880604806,0.0,0.0,0.05
122,0.52897,False,0,0.0,0.32710000000000006,1.0,0.0,0.0,0.0,0.0,1.7441361332494545,0.10741446272509522,1.5298000000055978,0.046194804918372,0.25825944645424964,0.08163181162097714,0.0,0.0,0.05
123,0.5220600000000001,False,0,0.0,0.3441,0.9373000000000001,0.0,0.0,0.0,0.0,1.7770899032504945,0.15513518534771245,1.6428300544301244,0.31295312848604084,0.3076907115855702,0.17714157587423,0.07990000000000015,0.2397000000000004,0.05
124,0.53807,False,0,0.0,0.3401,1.0,0.0,0.0,0.0,0.0,1.7441576999578305,0.0848652677163083,1.5141,0.017716941045225584,0.2569675869410923,0.07581646484441966,0.0,0.0,0.05
125,0.5324300000000001,False,0,0.0,0.35090000000000005,0.9560000000000001,0.0,0.0,0.0,0.0,1.8543971539300685,0.217972387082086,1.6422808214717466,0.3404956197868765,0.31125644676394365,0.16490359311581393,0.08250000000000066,0.23766836137778294,0.05
126,0.53793,False,0,0.0,0.3399,1.0,0.0,0.0,0.0,0.0,1.7106337472612083,0.05047842640514928,1.531022245971701,0.03731141044768394,0.2590858412844318,0.04805007034723072,0.00760000000000052,0.022800000000001562,0.05
127,0.531,False,0,0.0,0.32999999999999996,1.0,0.0,0.0,0.0,0.0,1.7506593601883877,0.08296101118006226,1.5339222222222229,0.049962530404740024,0.27100892224500994,0.06287044947089745,0.009400000000000418,0.028200000000001252,0.05
128,0.52225,False,0,0.0,0.39790000000000003,0.8123999999999999,0.0,0.0,0.0,0.0,1.97500755224578,0.22530736725407496,1.8450211693986163,0.5270286730726345,0.4830260644375147,0.2113010751400513,0.23960000000000076,0.36599513657971033,0.05
129,0.5546599999999999,False,0,0.0,0.38899999999999996,0.9411999999999999,0.0,0.0,0.0,0.0,1.882200187025863,0.16516884302546522,1.6361485637051203,0.3474468269182311,0.3826456495836045,0.16963080551000828,0.07979999999999998,0.23939999999999997,0.05
130,0.5492,False,0,0.0,0.356,1.0,0.0,0.0,0.0,0.0,1.7817037404768736,0.11211634659735574,1.5239,0.05658524542670117,0.29223223111652924,0.06498801298907086,0.0,0.0,0.05
131,0.5259600000000001,False,0,0.0,0.3513,0.9335000000000001,0.0,0.0,0.0,0.0,1.8241511221435711,0.1277303301697773,1.6795122879647846,0.3427364570057465,0.3588021385645398,0.1539720853927296,0.11750000000000112,0.23987715606118098,0.05
132,0.55252,False,0,0.0,0.3847,0.9441,0.0,0.0,0.0,0.0,1.850770722011942,0.1910422664488441,1.64338055417575,0.3466662347925767,0.35006275172420026,0.15642701022124242,0.07990000000000029,0.23970000000000088,0.05
133,0.5180500000000001,False,0,0.0,0.33940000000000003,0.9349000000000001,0.0,0.0,0.0,0.0,1.7602558564361015,0.14206680833483246,1.6416111110147846,0.339107332769267,0.3041981655304911,0.15672055826232442,0.07950000000000024,0.2385000000000007,0.05
134,0.53571,False,0,0.0,0.35760000000000003,0.9513,0.0,0.0,0.0,0.0,1.8050738070050467,0.1751188639595119,1.6676445230069241,0.3350798454690929,0.3247967114871262,0.16228500639405957,0.07980000000000038,0.23940000000000114,0.05
135,0.52292,False,0,0.0,0.37160000000000004,0.876,0.0,0.0,0.0,0.0,1.83370407133064,0.13331787381020885,1.7694086998546426,0.4503821976825614,0.3943677715305245,0.20847370402449986,0.17320000000000096,0.3135709808002009,0.05
136,0.5157900000000001,False,0,0.0,0.3597,0.8800000000000001,0.0,0.0,0.0,0.0,1.827774060632263,0.1510917411683094,1.768320085255531,0.4453916357365816,0.3789881077871285,0.1938309482165565,0.15980000000000033,0.31960000000000066,0.05
137,0.52861,False,0,0.0,0.37510000000000004,0.8868,0.0,0.0,0.0,0.0,1.9024469784129459,0.17504798224466475,1.7832333307801105,0.4365533572357954,0.41161913705821584,0.1784875279488611,0.17010000000000125,0.31548263026670814,0.05
138,0.50814,False,0,0.0,0.3174,0.9532,0.0,0.0,0.0,0.0,1.7608820279147472,0.18762055080278012,1.638358727529314,0.3395587650204756,0.26792263512761993,0.17941294207076572,0.07990000000000017,0.2397000000000005,0.05
139,0.49675,False,0,0.0,0.3337,0.8772,0.0,0.0,0.0,0.0,1.8172144023709116,0.15765182478412632,1.7679666666623912,0.4467901544250811,0.35855568463948007,0.18282804715908976,0.15940000000000043,0.3188003136761326,0.05
140,0.5366,False,0,0.0,0.33799999999999997,1.0,0.0,0.0,0.0,0.0,1.7551292761298445,0.12368929297253392,1.5407777780533147,0.046396599640780294,0.2580496752499716,0.07379609186725974,0.004800000000000353,0.014400000000001058,0.05
141,0.52358,False,0,0.0,0.3194,1.0,0.0,0.0,0.0,0.0,1.743794052570199,0.06408592001877036,1.5084,0.014185908501044238,0.26701675541314496,0.04934596429439827,0.0,0.0,0.05
142,0.50336,False,0,0.0,0.3182,0.9353999999999999,0.0,0.0,0.0,0.0,1.7872269196061492,0.15586028695233278,1.6534111111111123,0.3374791335113274,0.28366069333269717,0.15814142960815275,0.09500000000000085,0.23867509296112266,0.05
143,0.49739,False,0,0.0,0.3608,0.8160999999999999,0.0,0.0,0.0,0.0,1.8784285485353949,0.15670109633351564,1.8493122546690812,0.5243720868736651,0.4352966519213323,0.20946353429201992,0.23960000000000048,0.36599513657971,0.05
144,0.52067,False,0,0.0,0.36829999999999996,0.8761999999999999,0.0,0.0,0.0,0.0,1.8499195025174984,0.1870902877388591,1.7368635439810902,0.46292130043751184,0.3909035844602082,0.2076611417835915,0.15970000000000037,0.3194000782717507,0.05
145,0.5309400000000001,False,0,0.0,0.35520000000000007,0.9410000000000001,0.0,0.0,0.0,0.0,1.8669989945353649,0.2233829734850784,1.758311111111113,0.44838300647307144,0.35425335195108276,0.18080601906296678,0.15950000000000125,0.3190007053283763,0.05
146,0.52585,False,0,0.0,0.34540000000000004,0.9469,0.0,0.0,0.0,0.0,1.7932878244015058,0.21791695604005212,1.6299980877288802,0.3438473713016833,0.3108955063968561,0.1727270229186763,0.08140000000000054,0.23891429425633004,0.05
147,0.51666,False,0,0.0,0.3291,0.9542999999999999,0.0,0.0,0.0,0.0,1.7909568918704803,0.17997484897012006,1.6346555555294309,0.3408332289359706,0.30332555512486065,0.15485688561207792,0.07990000000000042,0.23970000000000127,0.05
148,0.49462000000000006,False,0,0.0,0.3271,0.8855000000000001,0.0,0.0,0.0,0.0,1.8512557883660528,0.1696768677946224,1.7397111111111088,0.45610174357682853,0.3747128112019643,0.21167893316873315,0.15979999999999994,0.31959999999999983,0.05
149,0.5459,False,0,0.0,0.36740000000000006,0.9624,0.0,0.0,0.0,0.0,1.820789447961595,0.21296067230811486,1.6724111111111302,0.3400266803257782,0.3480494530596038,0.16866060838826702,0.07980000000000018,0.23940000000000047,0.05
150,0.54522,False,0,0.0,0.37649999999999995,0.9389,0.0,0.0,0.0,0.0,1.812906821937963,0.15640245750031168,1.6235057267090458,0.2746629240307144,0.3346738101892017,0.1576187625828698,0.07980000000000018,0.23940000000000053,0.05
151,0.42197000000000007,False,0,0.0,0.33290000000000003,0.6298,0.0,0.0,0.0,0.0,2.0172943759009145,0.2201290745338481,2.2127801485526084,0.5437410840205472,0.596385728284571,0.2508616244326167,0.4790000000000004,0.3911038225330971,0.05
152,0.5367500000000001,False,0,0.0,0.36619999999999997,0.9347,0.0,0.0,0.0,0.0,1.8435168164589384,0.16747032185820077,1.6385187728882447,0.3401443530441404,0.34950093858024434,0.15669184031862252,0.07990000000000011,0.23970000000000036,0.05
153,0.45904000000000006,False,0,0.0,0.34720000000000006,0.72,0.0,0.0,0.0,0.0,1.9619817196066545,0.2247496087256084,2.0839686881706823,0.5685499210059702,0.5126692407937483,0.25681444166027606,0.39890000000000103,0.3989006016540973,0.05
154,0.5349900000000001,False,0,0.0,0.3831,0.8894,0.0,0.0,0.0,0.0,1.856413995293909,0.15604188106094583,1.7582999999999924,0.4499896927488824,0.3948039802381497,0.17635955298983144,0.1597000000000005,0.319400078271751,0.05
155,0.5534,False,0,0.0,0.362,1.0,0.0,0.0,0.0,0.0,1.7654218174480227,0.054413907863994034,1.527644444444445,0.04602516220021076,0.2990777001978751,0.039435889123428665,0.010800000000000438,0.03240000000000132,0.05
156,0.43082,False,0,0.0,0.32270000000000004,0.6830999999999999,0.0,0.0,0.0,0.0,1.9334530794937053,0.2302054854849101,2.2359542258968657,0.8520833688717767,0.5149996968139748,0.26918838651538923,0.4797000000000008,0.5313889441830724,0.05
157,0.49809000000000003,False,0,0.0,0.33660000000000007,0.8749,0.0,0.0,0.0,0.0,1.8532972518966884,0.1643948832013774,1.7768666165059261,0.44363484292362265,0.3644860219516269,0.19853504951348405,0.1597000000000004,0.31940007827175076,0.05
158,0.48281,False,0,0.0,0.2879,0.9376,0.0,0.0,0.0,0.0,1.7260075943302726,0.1515831468426858,1.6254111111111094,0.3415938930627626,0.262158026308451,0.16795344474878512,0.07980000000000029,0.23940000000000086,0.05
159,0.51968,False,0,0.0,0.341,0.9366,0.0,0.0,0.0,0.0,1.7790590445714867,0.1240623360103392,1.6278111111111098,0.3409073986355264,0.2918972615245812,0.14905661426361053,0.07980000000000044,0.23940000000000128,0.05
160,0.49706,False,0,0.0,0.3335,0.8786999999999999,0.0,0.0,0.0,0.0,1.8677344887480747,0.20553049971607595,1.7699888910265333,0.4471263117436135,0.36254710925973904,0.21600263552690718,0.1593000000000005,0.3186007062139075,0.05
161,0.55186,False,0,0.0,0.3598,1.0,0.0,0.0,0.0,0.0,1.8155173078847064,0.13551558479895992,1.5089000000000001,0.017868687696638495,0.32772222913398014,0.08424911594340675,0.0,0.0,0.05
162,0.54205,False,0,0.0,0.3814,0.9169,0.0,0.0,0.0,0.0,1.8461646170404484,0.236927597880797,1.7720444444444456,0.44815445199117177,0.3476706106557286,0.2020779602636254,0.172900000000001,0.3152276796222067,0.05
163,0.54286,False,0,0.0,0.3745,0.9357,0.0,0.0,0.0,0.0,1.840627344055265,0.09765227945594371,1.6496199085517447,0.337445190962698,0.3627639611313108,0.13521409465692108,0.07980000000000013,0.23940000000000045,0.05
164,0.5079800000000001,False,0,0.0,0.35090000000000005,0.8745,0.0,0.0,0.0,0.0,1.898439335460028,0.2435682467197547,1.730111111101288,0.46022222220257614,0.4082175457816423,0.21502593645756032,0.15980000000000033,0.3196000000000007,0.05
165,0.47977000000000003,False,0,0.0,0.31,0.8759,0.0,0.0,0.0,0.0,1.8213506250381397,0.21114325054789862,1.7452999901461168,0.45306265839785226,0.3656887510647372,0.21806818842120168,0.15940000000000015,0.3188003136761321,0.05
166,0.5542900000000001,False,0,0.0,0.3784,0.9647,0.0,0.0,0.0,0.0,1.8327944028341687,0.239514123449106,1.634479861111112,0.3393953660994861,0.33056508877570795,0.15844566528433615,0.08150000000000068,0.23790807048101686,0.05
167,0.5220199999999999,False,0,0.0,0.344,0.9374,0.0,0.0,0.0,0.0,1.8292775452913737,0.18846751620710164,1.645955555555362,0.33728190648781586,0.34197110389726604,0.15733450834698792,0.07990000000000014,0.23970000000000038,0.05
168,0.54864,False,0,0.0,0.3552,1.0,0.0,0.0,0.0,0.0,1.783131641781096,0.15324421560150092,1.5242501736111131,0.04425837275928182,0.2643523391480398,0.09760287548398719,0.004500000000001449,0.013500000000004349,0.05
169,0.5046900000000001,False,0,0.0,0.3687,0.8220000000000001,0.0,0.0,0.0,0.0,1.9133623622537832,0.2128964551433709,1.874021663104869,0.5107305592753346,0.43758814691346615,0.23178239354142496,0.25410000000000144,0.35802135411173514,0.05
170,0.49856,False,0,0.0,0.36260000000000003,0.8158,0.0,0.0,0.0,0.0,1.8503576486051678,0.15020222045956963,1.8550050008810335,0.5252362421293388,0.4226097143468686,0.20786472000326733,0.24560000000000123,0.36233415516619516,0.05
171,0.5440100000000001,False,0,0.0,0.37370000000000003,0.9414,0.0,0.0,0.0,0.0,1.8423793979037693,0.17379320656763672,1.6671555874083015,0.33237256898054063,0.3378161621741643,0.14837385304650239,0.07990000000000028,0.23970000000000077,0.05
172,0.5070600000000001,False,0,0.0,0.2958,1.0,0.0,0.0,0.0,0.0,1.7188665734217814,0.09904745934182595,1.5198666666670397,0.034792144708096766,0.2084267658295016,0.07658912871897648,0.00680000000000038,0.020400000000001143,0.05
173,0.50875,False,0,0.0,0.34959999999999997,0.8801,0.0,0.0,0.0,0.0,1.8524429565103664,0.20997415694936844,1.747961063426871,0.4511632350409849,0.3691306857481341,0.2093887983635776,0.15980000000000055,0.31960000000000105,0.05
174,0.5515100000000001,False,0,0.0,0.35930000000000006,1.0,0.0,0.0,0.0,0.0,1.7835226665093777,0.13570541670945446,1.544200000000004,0.06391994993740227,0.28396489159776467,0.0815703156792358,0.0,0.0,0.05
175,0.47348,False,0,0.0,0.3641,0.7287,0.0,0.0,0.0,0.0,1.968679582747729,0.28687065694631736,2.2158517944996396,0.8194716671002326,0.48509137895982,0.24028476328240775,0.4795000000000013,0.5309646410072908,0.05
176,0.48867000000000005,False,0,0.0,0.3438,0.8267,0.0,0.0,0.0,0.0,1.899760998554339,0.22847963020040205,1.8685363995343462,0.5127874872003784,0.40354459692093697,0.24690852388392945,0.23970000000000122,0.36527744250090344,0.05
177,0.56579,False,0,0.0,0.3797,1.0,0.0,0.0,0.0,0.0,1.788053327698427,0.10710067723727598,1.524000000000331,0.051708800025644146,0.280791608499864,0.07337293592071405,0.0,0.0,0.05
178,0.5298499999999999,False,0,0.0,0.3533,0.9418,0.0,0.0,0.0,0.0,1.8130291754497923,0.13352682537881447,1.6588140627754906,0.33652801603459875,0.3300599631750504,0.1483813220960983,0.07980000000000012,0.23940000000000036,0.05
179,0.5187,False,0,0.0,0.3357,0.9457000000000001,0.0,0.0,0.0,0.0,1.8037741686213242,0.19578002823290305,1.6628555770455429,0.33563915415856327,0.3041860711326118,0.16495805522591106,0.08430000000000097,0.23827800989600506,0.05
180,0.5125900000000001,False,0,0.0,0.3037,1.0,0.0,0.0,0.0,0.0,1.7313493772016657,0.10072261913979211,1.5630000000000002,0.07076298467419255,0.23164408191054192,0.09695342569428692,0.0,0.0,0.05
181,0.49872999999999995,False,0,0.0,0.38049999999999995,0.7746,0.0,0.0,0.0,0.0,1.9554078804285253,0.2305611168176641,2.189228603413187,0.99600626688589,0.5050717647217199,0.24536105199196215,0.40100000000000086,0.5396502571110295,0.05
182,0.48799000000000003,False,0,0.0,0.31689999999999996,0.8872,0.0,0.0,0.0,0.0,1.8606429546195653,0.26498107153815553,1.7659027777772736,0.44292733554695507,0.3338329504214734,0.21955688533852946,0.1594000000000007,0.3188012547026766,0.05
183,0.54878,False,0,0.0,0.35539999999999994,1.0,0.0,0.0,0.0,0.0,1.763992511593825,0.11637849251485481,1.517988897524947,0.023034789596534218,0.27520659109578754,0.0590004395049694,0.0046000000000003495,0.01380000000000105,0.05
184,0.49069000000000007,False,0,0.0,0.34450000000000003,0.8318,0.0,0.0,0.0,0.0,1.8717769855064432,0.23901721691233718,1.868333403062821,0.5131613218741553,0.40771112855439184,0.2183554582070569,0.2391000000000006,0.3652323780827771,0.05
185,0.52446,False,0,0.0,0.3447,0.9439,0.0,0.0,0.0,0.0,1.8053061542076096,0.16897837328240972,1.650588888888889,0.3399343547739121,0.31743500572401107,0.15991762294493034,0.07990000000000011,0.23970000000000033,0.05
186,0.52288,False,0,0.0,0.34450000000000003,0.9391,0.0,0.0,0.0,0.0,1.8202640910038883,0.17189951002686835,1.6353111211670779,0.3383860739693813,0.3321447516983441,0.18050585307801148,0.07980000000000029,0.23940000000000083,0.05
187,0.5161600000000001,False,0,0.0,0.3358,0.937,0.0,0.0,0.0,0.0,1.7797230783506186,0.176760565654519,1.6593555555555561,0.33741267841555184,0.2900376927808703,0.16423355998308353,0.07990000000000037,0.2397000000000011,0.05
188,0.55284,False,0,0.0,0.36119999999999997,1.0,0.0,0.0,0.0,0.0,1.8062707171416865,0.21204933790847008,1.545716840297747,0.06995543781389058,0.2917168753300533,0.11974422551672434,0.0075000000000005965,0.022500000000001786,0.05
189,0.52785,False,0,0.0,0.3255,1.0,0.0,0.0,0.0,0.0,1.7493579881829533,0.09492635458917674,1.5316590018378362,0.03690163032098225,0.25875674175694263,0.09420882803845163,0.0,0.0,0.05
190,0.57986,True,0,0.0,0.39980000000000004,1.0,0.0,0.0,0.0,0.0,1.856503752032448,0.11491447602636085,1.522079166666667,0.04863852800250021,0.31821810372003484,0.05665918049594216,0.0014000000000003042,0.004200000000000912,0.05
191,0.5566200000000001,False,0,0.0,0.36660000000000004,1.0,0.0,0.0,0.0,0.0,1.8115352645485043,0.1046751147586863,1.5367000000000002,0.04878534616050193,0.33676127331176614,0.06851624385517606,0.0,0.0,0.05
192,0.5468200000000001,False,0,0.0,0.3793,0.9376999999999999,0.0,0.0,0.0,0.0,1.8595501942622605,0.14242893155826983,1.6262111111111188,0.34198434174681014,0.35101373100359845,0.1449707166264157,0.07980000000000033,0.23940000000000097,0.05
193,0.51735,False,0,0.0,0.3105,1.0,0.0,0.0,0.0,0.0,1.7277953402192014,0.08534662346491267,1.5275000022768974,0.03268409493127011,0.24441080611273347,0.053589440986916155,0.0,0.0,0.05
194,0.51368,False,0,0.0,0.35540000000000005,0.883,0.0,0.0,0.0,0.0,1.835636363564944,0.1442090954376792,1.7392580156711055,0.4555325374916313,0.36740007541932584,0.17428360596627415,0.1591000000000004,0.3182000785669302,0.05
195,0.50514,False,0,0.0,0.3207,0.9355,0.0,0.0,0.0,0.0,1.8302543826194433,0.16633402572115588,1.6512604166666676,0.3363873207878526,0.3233925669950086,0.18907905350288368,0.08700000000000051,0.23827547083155673,0.05
196,0.5429700000000001,False,0,0.0,0.3471,1.0,0.0,0.0,0.0,0.0,1.7674097283523487,0.04931708842470487,1.5388000000000002,0.05101333159086945,0.278000304691879,0.033380287149672054,0.0,0.0,0.05
197,0.50293,False,0,0.0,0.2899,1.0,0.0,0.0,0.0,0.0,1.7132400457724313,0.1006298984294295,1.5222000000000002,0.04199238026118549,0.25438251790708827,0.06319739365599736,0.0,0.0,0.05
198,0.55466,False,0,0.0,0.3638,1.0,0.0,0.0,0.0,0.0,1.755422109384415,0.12856934791290436,1.516817363060846,0.02175304149406091,0.2738129389596492,0.08432823718805295,0.004200000000000344,0.01260000000000103,0.05
199,0.52912,False,0,0.0,0.37929999999999997,0.8786999999999999,0.0,0.0,0.0,0.0,1.890674538054149,0.18093295839094242,1.9014824216594206,0.7531721258973476,0.40637022356340974,0.19435957698199366,0.2590000000000009,0.49793895208147815,0.05
200,0.56208,False,0,0.0,0.37439999999999996,1.0,0.0,0.0,0.0,0.0,1.8603965776948628,0.20251025633276726,1.5348901046634542,0.056040540276372584,0.3143779511648317,0.10049031390767713,0.0,0.0,0.05
201,0.5201100000000001,False,0,0.0,0.3384,0.9440999999999999,0.0,0.0,0.0,0.0,1.7862318348589301,0.17157797073674685,1.6396999999999835,0.3408627436373282,0.3140745117084769,0.17556441690140853,0.07999999999999993,0.2399999999999998,0.05
202,0.51711,False,0,0.0,0.3594,0.8850999999999999,0.0,0.0,0.0,0.0,1.8566566455560043,0.12222211473110363,1.734366666666665,0.4586438437743342,0.3786348941670985,0.17562065262054832,0.15940000000000037,0.318801254702676,0.05
203,0.50993,False,0,0.0,0.2999,1.0,0.0,0.0,0.0,0.0,1.708819591631261,0.070342614487072,1.5182,0.03170110408171931,0.23925235117536547,0.07832013668019475,0.0,0.0,0.05
204,0.48259,False,0,0.0,0.28809999999999997,0.9364000000000001,0.0,0.0,0.0,0.0,1.738520886173648,0.15586832790859628,1.6297906109546438,0.34267516047976004,0.2701053850998328,0.18229147673388796,0.07950000000000015,0.2385000000000005,0.05
205,0.51732,False,0,0.0,0.3372,0.9376,0.0,0.0,0.0,0.0,1.7936242637931545,0.15371567055757285,1.7752141457089692,0.7455374588761218,0.31715443571151525,0.18930688341132884,0.15760000000000013,0.4728000000000004,0.05
206,0.5111399999999999,False,0,0.0,0.35550000000000004,0.8742999999999999,0.0,0.0,0.0,0.0,1.857352415764682,0.14840540250253895,1.7414666666164773,0.4552460785196412,0.39301611345219184,0.1798433526049173,0.15970000000000023,0.31940007827175043,0.05
207,0.52645,False,0,0.0,0.32349999999999995,1.0,0.0,0.0,0.0,0.0,1.7811920977637505,0.19675479975554178,1.5454949435763887,0.054105402775019205,0.25979422529503876,0.14930684461941346,0.0,0.0,0.05
208,0.48716000000000004,False,0,0.0,0.293,0.9402000000000001,0.0,0.0,0.0,0.0,1.7726808416002082,0.1474434734027282,1.6355111111111291,0.3434035138627392,0.28418948327773363,0.1793855157050573,0.07980000000000008,0.23940000000000025,0.05
209,0.51497,False,0,0.0,0.30710000000000004,1.0,0.0,0.0,0.0,0.0,1.7269996234677716,0.12792715227104964,1.5181,0.030286795802791703,0.24915511138284757,0.11437372178708935,0.0,0.0,0.05
210,0.55354,False,0,0.0,0.36219999999999997,1.0,0.0,0.0,0.0,0.0,1.7956184478164097,0.13093387858675723,1.540200003412035,0.07133414596659296,0.27861513457372533,0.06526818716678,0.0,0.0,0.05
211,0.54339,False,0,0.0,0.3477,1.0,0.0,0.0,0.0,0.0,1.7559034319876559,0.13106965692872957,1.5281000000001133,0.049151703938221054,0.2661802525227006,0.06478334384322079,0.0,0.0,0.05
212,0.5434300000000001,False,0,0.0,0.3736,0.9397,0.0,0.0,0.0,0.0,1.8409497282231164,0.18115954721013425,1.639794483307122,0.3394217794249021,0.3421370262918567,0.184629460823621,0.07990000000000017,0.2397000000000005,0.05
213,0.4964200000000001,False,0,0.0,0.2806,1.0,0.0,0.0,0.0,0.0,1.6772937097607046,0.07011006666833597,1.5278000000000003,0.037386628625753426,0.20709628255574147,0.10241260333630285,0.0,0.0,0.05
214,0.51865,False,0,0.0,0.3658,0.8753,0.0,0.0,0.0,0.0,1.8489082238943664,0.16607806644959142,1.7485020383456917,0.4519636585338398,0.38537999304916953,0.1984138033074015,0.1594000000000002,0.3188003136761322,0.05
215,0.6038700000000001,True,0,0.0,0.43410000000000004,1.0,0.0,0.0,0.0,0.0,1.8379962107446126,0.13842047858386938,1.5145,0.018178283747372823,0.33962863029847556,0.0791400051400947,0.0,0.0,0.05
216,0.5628500000000001,False,0,0.0,0.3755,1.0,0.0,0.0,0.0,0.0,1.7743902983190067,0.09699128020687497,1.534500061374246,0.032533950861800616,0.30833398608307994,0.07232861472166519,0.004400000000000346,0.013200000000001039,0.05
217,0.5137700000000001,False,0,0.0,0.3242,0.9561,0.0,0.0,0.0,0.0,1.7645524222096618,0.1677942051725096,1.6233111111111111,0.3423346381020253,0.2882086509046965,0.13888181267547198,0.07980000000000004,0.23940000000000017,0.05
218,0.50551,False,0,0.0,0.31599999999999995,0.9477,0.0,0.0,0.0,0.0,1.8193058520547722,0.20406979405909623,1.688783506944446,0.35632724247389985,0.31095269852585494,0.17894717182161732,0.11300000000000102,0.24905260488499337,0.05
219,0.50363,False,0,0.0,0.29090000000000005,1.0,0.0,0.0,0.0,0.0,1.7488783132346217,0.10542560445113193,1.5093,0.016180543872194135,0.22303827894421233,0.10723364157366798,0.0,0.0,0.05
220,0.48917,False,0,0.0,0.3197,0.8846,0.0,0.0,0.0,0.0,1.814941300985557,0.27236945303916377,1.760388888867558,0.4471327315145024,0.32895241772694106,0.2219756288448214,0.15960000000000046,0.3192003132830552,0.05
221,0.53961,False,0,0.0,0.3423,1.0,0.0,0.0,0.0,0.0,1.8161870693541355,0.20634807798992216,1.5460888908386246,0.10371568231965111,0.2883620961727695,0.13040387363847805,0.028800000000000974,0.07347489367124177,0.05
222,0.5536099999999999,False,0,0.0,0.36229999999999996,1.0,0.0,0.0,0.0,0.0,1.792352666793676,0.11038569483339111,1.517722225952149,0.022005182345587387,0.29637043024057297,0.08082831707334287,0.004000000000000341,0.012000000000001022,0.05
223,0.53281,False,0,0.0,0.3475,0.9652000000000001,0.0,0.0,0.0,0.0,1.803630807389173,0.11565724132864603,1.6422777777777786,0.3448581431384366,0.29650186081378355,0.10068666707166359,0.07950000000000051,0.23850000000000154,0.05
224,0.51294,False,0,0.0,0.30419999999999997,1.0,0.0,0.0,0.0,0.0,1.7434605721952636,0.15759220293255327,1.5402057297176792,0.03396499882344828,0.22986839608988313,0.09671149552279311,0.004800000000000353,0.014400000000001058,0.05
225,0.53898,False,0,0.0,0.34140000000000004,1.0,0.0,0.0,0.0,0.0,1.7616963130033239,0.1286822760263777,1.5195654513888888,0.03238059549608364,0.2480137918756712,0.11137752673135215,0.0,0.0,0.05
226,0.45737000000000005,False,0,0.0,0.2978,0.8297000000000001,0.0,0.0,0.0,0.0,1.8683283400422461,0.25994021848167476,1.9157777748502334,0.4972828076336389,0.3616746797702749,0.2797277456163982,0.26550000000000124,0.3570303208412425,0.05
227,0.4786600000000001,False,0,0.0,0.28240000000000004,0.9366,0.0,0.0,0.0,0.0,1.7705466274143362,0.1625307065854063,1.6493111109109708,0.33806660034150987,0.2540161202343106,0.18676170433150377,0.07980000000000033,0.23940000000000097,0.05
228,0.5403800000000001,False,0,0.0,0.34340000000000004,1.0,0.0,0.0,0.0,0.0,1.7497184312508847,0.10990120486226058,1.5299890625000006,0.03988543533246397,0.2574127657617623,0.11418076183489224,0.002800000000000324,0.008400000000000973,0.05
229,0.47933000000000014,False,0,0.0,0.30710000000000004,0.8812000000000001,0.0,0.0,0.0,0.0,1.8162079616252833,0.2080995416665361,1.7408871792385334,0.45504785312166346,0.32752547078164784,0.2420497754771407,0.16060000000000113,0.3187087071292539,0.05
230,0.53849,False,0,0.0,0.3407,1.0,0.0,0.0,0.0,0.0,1.7346779391972453,0.08581709531015824,1.5560835088941798,0.09352681364373212,0.2528143450167869,0.06206547814763674,0.022400000000000773,0.06720000000000231,0.05
231,0.5330300000000001,False,0,0.0,0.33290000000000003,1.0,0.0,0.0,0.0,0.0,1.7277270659016406,0.06695137787711056,1.5337936686197957,0.058922111579740116,0.24613511569422664,0.076316285153312,0.0030000000000003266,0.009000000000000981,0.05
232,0.5189300000000001,False,0,0.0,0.3416,0.9327,0.0,0.0,0.0,0.0,1.7923415343041207,0.14606113840178647,1.638976030541136,0.33768391491047867,0.34093896056564177,0.17652367064326313,0.07990000000000017,0.23970000000000044,0.05
233,0.49691,False,0,0.0,0.2813,1.0,0.0,0.0,0.0,0.0,1.7071209513668026,0.10222839005287739,1.5648000000000004,0.08528282359303115,0.20057255095624224,0.08514708052274897,0.0,0.0,0.05
234,0.50458,False,0,0.0,0.3181,0.9397,0.0,0.0,0.0,0.0,1.7771236235679937,0.2045527125175737,1.6488862847223253,0.33820553726857355,0.2770437897383081,0.16049273812113926,0.08050000000000071,0.23917577218439254,0.05
235,0.52288,False,0,0.0,0.31839999999999996,1.0,0.0,0.0,0.0,0.0,1.7336250658465129,0.06538468997495593,1.527422395833334,0.03800209058933768,0.24772862431859788,0.0410565532376989,0.0029000000000004036,0.00870000000000121,0.05
236,0.52617,False,0,0.0,0.3231,1.0,0.0,0.0,0.0,0.0,1.7343439224963295,0.06701339403865335,1.5089000000000001,0.02669999999999999,0.24926499735567478,0.053897982091371345,0.0,0.0,0.05
237,0.46062000000000003,False,0,0.0,0.33,0.7654,0.0,0.0,0.0,0.0,1.967722106859669,0.2775587373199478,2.230354930277812,1.01009282954559,0.4698794529219736,0.28387738719424477,0.4084000000000009,0.5328587430079387,0.05
238,0.52521,False,0,0.0,0.34529999999999994,0.945,0.0,0.0,0.0,0.0,1.811715477444443,0.19276744243060792,1.6437111111111107,0.3374204367122871,0.30854455916670076,0.18011227488704137,0.07980000000000019,0.23940000000000056,0.05
239,0.52758,False,0,0.0,0.36750000000000005,0.9010999999999999,0.0,0.0,0.0,0.0,1.8651868438535484,0.19423892849123475,1.76595555555133,0.44865543487964465,0.36586025686962964,0.18238521698600185,0.15930000000000058,0.3186000784682903,0.05
240,0.54451,False,0,0.0,0.34930000000000005,1.0,0.0,0.0,0.0,0.0,1.7597641913007767,0.10483123815917746,1.5524222222222221,0.04618590453566732,0.2752199828574084,0.10476309403974447,0.0,0.0,0.05
241,0.49807999999999997,False,0,0.0,0.3215,0.9100999999999999,0.0,0.0,0.0,0.0,1.8110802515058755,0.20740956280130113,1.7405666666694892,0.4588548829194367,0.3095798504067135,0.1926377681334912,0.15970000000000076,0.3194000782717515,0.05
242,0.48063000000000006,False,0,0.0,0.35940000000000005,0.7635,0.0,0.0,0.0,0.0,1.9905198806867226,0.2418129150281965,2.2510984233585623,0.9858987811882809,0.4781429503906022,0.2668454565449559,0.47070000000000095,0.6248828770257681,0.05
243,0.55118,False,0,0.0,0.3815,0.9471,0.0,0.0,0.0,0.0,1.8263685019565254,0.17714659827803172,1.663280555661856,0.339744941194409,0.31189132175441214,0.1429860270009085,0.07990000000000036,0.23970000000000105,0.05
244,0.5695,False,0,0.0,0.385,1.0,0.0,0.0,0.0,0.0,1.7853751868511858,0.1262432110363814,1.5141111130608458,0.021909920404274835,0.2743232867262706,0.12144588217922044,0.004200000000000344,0.01260000000000103,0.05
245,0.5454600000000001,False,0,0.0,0.372,0.9501999999999999,0.0,0.0,0.0,0.0,1.8633270174752123,0.17586763747836073,1.6716777777778042,0.3308976659159726,0.34766795433139913,0.1587457708251357,0.08750000000000044,0.23824661592559937,0.05
246,0.5056,False,0,0.0,0.31720000000000004,0.9452,0.0,0.0,0.0,0.0,1.7968213285805432,0.23614922390720666,1.6527555555962945,0.3362678231551423,0.2631148221281562,0.16736152228326162,0.07990000000000044,0.23970000000000138,0.05
247,0.5311400000000001,False,0,0.0,0.3302,1.0,0.0,0.0,0.0,0.0,1.7424157855339462,0.09509173413904348,1.5445333333333333,0.05582675583147089,0.2506701407991566,0.10508078921886876,0.0,0.0,0.05
248,0.51301,False,0,0.0,0.30429999999999996,1.0,0.0,0.0,0.0,0.0,1.7531639983569736,0.10799670251553531,1.5370333333662605,0.05714026601496891,0.21303166331196627,0.07743615377911105,0.012800000000000467,0.038400000000001405,0.05
249,0.56313,False,0,0.0,0.3759,1.0,0.0,0.0,0.0,0.0,1.8057423986376022,0.14266628823304744,1.5246222222222223,0.04722518160661494,0.29031868574208175,0.09591663893565996,0.0006000000000002928,0.0018000000000008782,0.05
250,0.5161600000000001,False,0,0.0,0.3088,1.0,0.0,0.0,0.0,0.0,1.690326366294767,0.045943941651366525,1.5212492340829638,0.04251033818680857,0.20208220277115413,0.04479032555417179,0.0,0.0,0.05
251,0.52359,False,0,0.0,0.3714,0.8786999999999999,0.0,0.0,0.0,0.0,1.8678519250028625,0.12898533346314128,1.7442605293646316,0.4537771595891042,0.3858660520933772,0.17737575090536695,0.1597000000000005,0.319400078271751,0.05
252,0.51992,False,0,0.0,0.3413,0.9367000000000001,0.0,0.0,0.0,0.0,1.7717658160229024,0.13030103388673414,1.6593555555555561,0.3338624201007897,0.29691037687358973,0.16456447846283967,0.07990000000000022,0.23970000000000063,0.05
253,0.51579,False,0,0.0,0.33599999999999997,0.9353,0.0,0.0,0.0,0.0,1.8223503199065316,0.1642166996388727,1.6376171468767144,0.3393124387002497,0.3200536517647251,0.18919155415166786,0.08120000000000052,0.2389697888855415,0.05
254,0.51719,False,0,0.0,0.33740000000000003,0.9367000000000001,0.0,0.0,0.0,0.0,1.7921538721227595,0.13563424910760033,1.6591555499786375,0.3349576192859811,0.3355057475194732,0.16035688602760131,0.0799000000000001,0.23970000000000027,0.05
255,0.49820999999999993,False,0,0.0,0.33299999999999996,0.8836999999999999,0.0,0.0,0.0,0.0,1.8563926747100328,0.20846994877529937,1.764377777777763,0.446701306561692,0.344913815874614,0.1830305308717097,0.1732000000000011,0.31456121820720484,0.05
256,0.5569700000000001,False,0,0.0,0.36710000000000004,1.0,0.0,0.0,0.0,0.0,1.7877876532480823,0.13407976435556673,1.5363613104927552,0.038370452190044105,0.27579681971684766,0.0866767539845824,0.0,0.0,0.05
257,0.51842,False,0,0.0,0.33859999999999996,0.938,0.0,0.0,0.0,0.0,1.7976688372567005,0.17523675450850867,1.6337506944444429,0.3447205402810842,0.30360482126716104,0.16058240956832184,0.07990000000000037,0.2397000000000011,0.05
258,0.52225,False,0,0.0,0.3175,1.0,0.0,0.0,0.0,0.0,1.6879247682190184,0.060718979758343325,1.5290112837791485,0.04781611843258822,0.22616143425111215,0.04846614891607091,0.009600000000000549,0.028800000000001644,0.05
259,0.54983,False,0,0.0,0.3569,1.0,0.0,0.0,0.0,0.0,1.7680599829467976,0.08475554331777281,1.5131149445109908,0.029766701003331467,0.2605214894841166,0.09277879615573015,0.002600000000000733,0.005660388679235209,0.05
260,0.53093,False,0,0.0,0.32989999999999997,1.0,0.0,0.0,0.0,0.0,1.7198903404567136,0.12286644652627289,1.5112999999999999,0.017315022379425293,0.25361809966603766,0.08668576415839023,0.0,0.0,0.05
261,0.51876,False,0,0.0,0.33809999999999996,0.9403,0.0,0.0,0.0,0.0,1.7902539907031803,0.18408646632351744,1.6394555555555559,0.33971687721787835,0.30586457759037916,0.18698714839132333,0.07990000000000014,0.23970000000000038,0.05
262,0.53814,False,0,0.0,0.34019999999999995,1.0,0.0,0.0,0.0,0.0,1.766247565400937,0.09500665619428865,1.5679888888888904,0.08151578579228547,0.2913962029943571,0.06388956704821142,0.030600000000001005,0.06167041430053999,0.05
263,0.5429700000000001,False,0,0.0,0.3471,1.0,0.0,0.0,0.0,0.0,1.7687231521327444,0.09470880292967657,1.5696000118577236,0.08438270392059609,0.2759979041211882,0.06020443676996684,0.0,0.0,0.05
264,0.49568,False,0,0.0,0.3074,0.9349999999999999,0.0,0.0,0.0,0.0,1.7586665234732397,0.15505315233991412,1.6463224511718049,0.34158265941312194,0.25530730636470256,0.17456022828752746,0.07990000000000044,0.23970000000000136,0.05
265,0.50951,False,0,0.0,0.2993,1.0,0.0,0.0,0.0,0.0,1.7251487445550513,0.12670521380734262,1.5200407986111113,0.03232352269832157,0.21543862302843345,0.09754669926703789,0.0,0.0,0.05
266,0.5371600000000001,False,0,0.0,0.3388,1.0,0.0,0.0,0.0,0.0,1.799317574170954,0.11946747640698956,1.5205000000000002,0.020499999999999963,0.28926237868578636,0.07600209671698588,0.0,0.0,0.05
267,0.4547200000000001,False,0,0.0,0.27220000000000005,0.8806,0.0,0.0,0.0,0.0,1.8018356577377332,0.2602578816712042,1.7835807328963202,0.4456995093118925,0.28528222472220555,0.22922161205253588,0.18560000000000154,0.31605259056049706,0.05
268,0.56628,False,0,0.0,0.38039999999999996,1.0,0.0,0.0,0.0,0.0,1.802027983525298,0.16521366197361015,1.5174085327148439,0.01949470182910294,0.3050877518432019,0.10644472850470768,0.0,0.0,0.05
269,0.49306000000000005,False,0,0.0,0.27580000000000005,1.0,0.0,0.0,0.0,0.0,1.7222790031614044,0.08563178451301628,1.5199455773152446,0.029170668724337157,0.191452511868407,0.08109064129454975,0.0020000000000003127,0.006000000000000938,0.05
270,0.52031,False,0,0.0,0.39259999999999995,0.8183,0.0,0.0,0.0,0.0,1.956680948172274,0.22497226333191744,1.8717805456621845,0.5186461682618366,0.4552457718173761,0.2325477594062448,0.2393000000000008,0.3655382469728727,0.05
271,0.50627,False,0,0.0,0.3185,0.9443999999999999,0.0,0.0,0.0,0.0,1.8049273686478284,0.2110937376619839,1.6526555582209597,0.33681848138157583,0.3025542768106479,0.1692260212239149,0.07990000000000047,0.23970000000000144,0.05
272,0.52176,False,0,0.0,0.31679999999999997,1.0,0.0,0.0,0.0,0.0,1.7294739649994344,0.07644469159228331,1.5787000000237619,0.07545601369982173,0.24704150119976123,0.06483984213961907,0.0,0.0,0.05
273,0.52155,False,0,0.0,0.31649999999999995,1.0,0.0,0.0,0.0,0.0,1.719870910952499,0.03555527383888005,1.5382111112228878,0.054115319323614526,0.24559573702366883,0.030181951764841484,0.00510000000000045,0.015300000000001349,0.05
274,0.53321,False,0,0.0,0.3545,0.9501999999999999,0.0,0.0,0.0,0.0,1.7663494304194718,0.15835142724702608,1.6415111111111114,0.3381798929563975,0.28422332400137884,0.13482498005854787,0.07980000000000018,0.23940000000000053,0.05
275,0.50702,False,0,0.0,0.3191,0.9455,0.0,0.0,0.0,0.0,1.7850444546019304,0.1270826249684212,1.6349909722222233,0.33964353289472665,0.2898593138546098,0.13831227695943352,0.08190000000000056,0.23910769540104793,0.05
276,0.51623,False,0,0.0,0.377,0.8411,0.0,0.0,0.0,0.0,1.9175605582131339,0.3191153832302229,1.9908124206741096,0.7820524148897101,0.4337209895898401,0.23560074977638734,0.31360000000000043,0.5162106546750083,0.05
277,0.4993200000000001,False,0,0.0,0.31020000000000003,0.9406000000000001,0.0,0.0,0.0,0.0,1.8057520455901206,0.23366528429134245,1.643166666666667,0.33714890379969276,0.27843579905865357,0.16844504873091715,0.07970000000000042,0.23910000000000126,0.05
278,0.5455700000000001,False,0,0.0,0.40280000000000005,0.8787,0.0,0.0,0.0,0.0,1.9049260533945354,0.13632393518414604,1.753743239806901,0.44857969156732935,0.3983307478952388,0.16623496092693274,0.15960000000000069,0.3192000000000013,0.05
279,0.5540700000000001,False,0,0.0,0.38760000000000006,0.9425000000000001,0.0,0.0,0.0,0.0,1.869175642156034,0.22303807473089907,1.6522999996347363,0.3365973700412815,0.37118768429998605,0.16059639170161596,0.08800000000000063,0.23792603892806757,0.05
280,0.49849,False,0,0.0,0.3115,0.9347999999999999,0.0,0.0,0.0,0.0,1.7498921688809184,0.11199955812741651,1.6646943176678122,0.3375690519209402,0.28467281343092904,0.15991421237423997,0.07970000000000023,0.23910000000000067,0.05
281,0.5650200000000001,False,0,0.0,0.3786,1.0,0.0,0.0,0.0,0.0,1.7784209381368608,0.10342133947890667,1.5510000000003328,0.06858133857013855,0.29350103298588504,0.0751230536136204,0.0,0.0,0.05
282,0.53352,False,0,0.0,0.35819999999999996,0.9426,0.0,0.0,0.0,0.0,1.8109615623873119,0.17447411712365457,1.620747217179008,0.3487892519840482,0.322345040697368,0.1400217015984523,0.07960000000000046,0.23880000000000137,0.05
283,0.52293,False,0,0.0,0.34199999999999997,0.9451,0.0,0.0,0.0,0.0,1.788824748369714,0.15193250808234068,1.690266666775991,0.3292733945655061,0.32272064648542453,0.13678048668456522,0.1056000000000015,0.23840813744501338,0.05
284,0.56579,False,0,0.0,0.37970000000000004,1.0,0.0,0.0,0.0,0.0,1.7822465965782577,0.12389968090301444,1.5544,0.07272028602804044,0.2809310394936444,0.08140834515232588,0.0,0.0,0.05
285,0.5343200000000001,False,0,0.0,0.35750000000000004,0.9469,0.0,0.0,0.0,0.0,1.794119174355528,0.16191328442495773,1.6270076843640129,0.3452011541023717,0.32313162060261297,0.14484474680908527,0.08480000000000074,0.23820025188903662,0.05
286,0.48829,False,0,0.0,0.29169999999999996,0.9469999999999998,0.0,0.0,0.0,0.0,1.7359537227603563,0.19502068319173127,1.649327951390088,0.33571154537149367,0.23759088036823334,0.1702244649501087,0.081900000000001,0.23910769540104782,0.05
287,0.5089300000000001,False,0,0.0,0.34720000000000006,0.8863,0.0,0.0,0.0,0.0,1.8468683012217553,0.23568413518489334,1.7387501870648834,0.4605521060212424,0.3266607406831493,0.20909674937695047,0.15940000000000099,0.3188003136761337,0.05
288,0.56901,False,0,0.0,0.38430000000000003,1.0,0.0,0.0,0.0,0.0,1.7945435416741593,0.1141236273259512,1.5315999999999999,0.056349267963301905,0.2810048663775241,0.07949893639731404,0.0,0.0,0.05
289,0.5326900000000001,False,0,0.0,0.3553,0.9466000000000001,0.0,0.0,0.0,0.0,1.80291157973015,0.14642038488490614,1.650055555713616,0.3372882133879756,0.3163240378591478,0.13973325702275213,0.07990000000000028,0.23970000000000077,0.05
290,0.50804,False,0,0.0,0.34880000000000005,0.8795999999999999,0.0,0.0,0.0,0.0,1.8332034078663875,0.1473564185430607,1.7673753558116754,0.44389173243014396,0.3619391610417658,0.18663190244302796,0.16080000000000086,0.318619773397698,0.05
291,0.5250900000000001,False,0,0.0,0.3879,0.8452,0.0,0.0,0.0,0.0,1.9353486872661292,0.1987768356724263,1.870122471739298,0.5112238082632629,0.44914701558726716,0.2120403829212197,0.24220000000000116,0.3641606239010481,0.05
292,0.5345,False,0,0.0,0.33499999999999996,1.0,0.0,0.0,0.0,0.0,1.7627657212220633,0.09575241794015842,1.5179000000005531,0.04458127409559791,0.2679886263330765,0.06677200891656239,2.842170943040401e-16,8.526512829121202e-16,0.05
293,0.5312800000000001,False,0,0.0,0.3304,1.0,0.0,0.0,0.0,0.0,1.728241338686912,0.04896998898753652,1.577301562500001,0.08588518693274778,0.2590460050227077,0.03516675638819689,0.01730000000000061,0.05190000000000183,0.05
294,0.4988,False,0,0.0,0.28400000000000003,1.0,0.0,0.0,0.0,0.0,1.6914518780023584,0.06878654148798331,1.5179,0.029612328513644464,0.19245646488331458,0.09443837003538486,0.0,0.0,0.05
295,0.4859500000000001,False,0,0.0,0.31870000000000004,0.8762000000000001,0.0,0.0,0.0,0.0,1.795829790028679,0.1795800026082874,1.7522666480316005,0.44976575978308414,0.3406196799928037,0.22398696527581882,0.15970000000000048,0.31940007827175093,0.05
296,0.51091,False,0,0.0,0.3013,1.0,0.0,0.0,0.0,0.0,1.725360332469838,0.09156680099141376,1.5041,0.012299999999999978,0.21880075158968593,0.10801859259991713,0.0,0.0,0.05
297,0.5388400000000001,False,0,0.0,0.34120000000000006,1.0,0.0,0.0,0.0,0.0,1.7105577855926128,0.07957652651757294,1.5240482638888895,0.03966645823704433,0.23835177622774245,0.049952150083045675,0.0018000000000003096,0.00540000000000093,0.05
298,0.5387000000000001,False,0,0.0,0.341,1.0,0.0,0.0,0.0,0.0,1.770753397514785,0.17394314578524264,1.524900017452247,0.03287994322803142,0.2694551102829351,0.1255441777612933,0.0,0.0,0.05
299,0.55921,False,0,0.0,0.37029999999999996,1.0,0.0,0.0,0.0,0.0,1.7447021511398586,0.07862398984458235,1.535500438679589,0.050639017573760964,0.26555071917391365,0.06781008258792993,0.0,0.0,0.05
300,0.50202,False,0,0.0,0.2886,1.0,0.0,0.0,0.0,0.0,1.7204843179495781,0.07555808102299673,1.5164000000000002,0.020085815890822024,0.21161218963406822,0.09908715846081209,0.0,0.0,0.05
301,0.52694,False,0,0.0,0.3242,1.0,0.0,0.0,0.0,0.0,1.749482491050544,0.13419402243015097,1.5082000000196945,0.016399999990152767,0.23696522972146017,0.10427375662145363,0.0,0.0,0.05
302,0.5276400000000001,False,0,0.0,0.32520000000000004,1.0,0.0,0.0,0.0,0.0,1.7315501799712574,0.09310883783980753,1.544303815703922,0.0695746735562106,0.24802909008942103,0.06786874936267538,0.0,0.0,0.05
303,0.5254000000000001,False,0,0.0,0.32200000000000006,1.0,0.0,0.0,0.0,0.0,1.7522727039293773,0.12275590039067884,1.5437000000000003,0.08076020059410441,0.25186137333610403,0.1240533936534469,0.0004000000000002899,0.0012000000000008696,0.05
304,0.48090999999999995,False,0,0.0,0.33999999999999997,0.8097,0.0,0.0,0.0,0.0,1.9188484249332443,0.20498289112015103,1.8702222221731362,0.5113913940887979,0.4194965744080662,0.22366763726820682,0.23960000000000098,0.3659951365797107,0.05
305,0.51595,False,0,0.0,0.3331,0.9426,0.0,0.0,0.0,0.0,1.798780968403748,0.14672683535193604,1.6294361111111115,0.3479886980324703,0.3081609726704103,0.16844739665092742,0.07980000000000018,0.23940000000000047,0.05
306,0.52255,False,0,0.0,0.3436,0.9400999999999999,0.0,0.0,0.0,0.0,1.8166993619401666,0.2095467104290964,1.6384057291666145,0.3390282837548169,0.32710629293233673,0.18630273885876086,0.0798000000000001,0.23940000000000028,0.05
307,0.5321100000000001,False,0,0.0,0.35429999999999995,0.9470000000000001,0.0,0.0,0.0,0.0,1.7911286771804555,0.16565503443464885,1.6576785590277783,0.3366211690366082,0.28185084810935335,0.12973272577354766,0.07970000000000031,0.23910000000000092,0.05
308,0.51637,False,0,0.0,0.30910000000000004,1.0,0.0,0.0,0.0,0.0,1.7010221017645069,0.08508716131499579,1.520962500038189,0.03319168050353798,0.20043169547012413,0.07218850107082318,0.0016000000000003071,0.004800000000000921,0.05
309,0.50423,False,0,0.0,0.3431,0.8802,0.0,0.0,0.0,0.0,1.8771290491137946,0.19941303096371946,1.7587823957845035,0.4362801660589711,0.40523524089586616,0.22096159976364954,0.15960000000000002,0.3192000000000001,0.05
310,0.53408,False,0,0.0,0.3344,1.0,0.0,0.0,0.0,0.0,1.7826974688958193,0.14137990264309402,1.5346999999999997,0.05749443451326394,0.2602938796786002,0.10917885022863788,0.0,0.0,0.05
311,0.54231,False,0,0.0,0.3585,0.9712,0.0,0.0,0.0,0.0,1.8510279794349416,0.30255662433766856,1.650855555750414,0.3450391105046439,0.3120562113433249,0.15767312114221876,0.07990000000000061,0.23970000000000186,0.05
312,0.5220400000000001,False,0,0.0,0.31720000000000004,1.0,0.0,0.0,0.0,0.0,1.6943838557493596,0.06028153019399971,1.5197835069444452,0.033162258138652825,0.23372883186467114,0.05059039200060136,0.0,0.0,0.05
313,0.55088,False,0,0.0,0.38299999999999995,0.9426,0.0,0.0,0.0,0.0,1.8285484637188774,0.1338799899610607,1.637755849719591,0.33950802007107966,0.3405259838582765,0.14771241031334345,0.0799000000000001,0.23970000000000027,0.05
314,0.47778999999999994,False,0,0.0,0.33039999999999997,0.8216999999999999,0.0,0.0,0.0,0.0,1.856509876153958,0.21555984893309127,1.871818201704065,0.5101971839160624,0.3935110066267563,0.23339921556786333,0.25270000000000126,0.35771833892044186,0.05
315,0.54146,False,0,0.0,0.37220000000000003,0.9364000000000001,0.0,0.0,0.0,0.0,1.8258691222783168,0.15495230196900223,1.6525666283503386,0.3378495739524004,0.3258031163207871,0.17232688887758998,0.0940000000000009,0.23845502720639064,0.05
316,0.5692900000000001,False,0,0.0,0.3847,1.0,0.0,0.0,0.0,0.0,1.797580289927393,0.12755811378599138,1.5629111475626638,0.12320491708043421,0.28747536388511385,0.06927591171078314,0.029400000000000703,0.08820000000000211,0.05
317,0.51959,False,0,0.0,0.3137,1.0,0.0,0.0,0.0,0.0,1.7129643887332726,0.06074322854150108,1.5127000000027324,0.027320505127112357,0.232415052579681,0.042025625238304096,0.006200000000000373,0.018600000000001116,0.05
318,0.5057100000000001,False,0,0.0,0.3597,0.8464,0.0,0.0,0.0,0.0,1.877757906889466,0.17846268792630898,1.8896219625061277,0.5020151656195423,0.38727977593941043,0.20306475348338732,0.23930000000000118,0.3655382469728733,0.05
319,0.54864,False,0,0.0,0.35519999999999996,1.0,0.0,0.0,0.0,0.0,1.761334463701104,0.09639704925071298,1.522500627735908,0.03872392388078699,0.2677730841946099,0.07253456111126155,0.0,0.0,0.05
320,0.53506,False,0,0.0,0.3358,1.0,0.0,0.0,0.0,0.0,1.7235287154540146,0.08746099593454812,1.5189,0.03295587959681855,0.24315880909107693,0.06482828117897156,0.0,0.0,0.05
321,0.46516,False,0,0.0,0.3187000000000001,0.8069,0.0,0.0,0.0,0.0,1.824735536806322,0.19908298039267858,1.8671842313427383,0.5132910578733679,0.41666070123386467,0.26267332277817124,0.2394000000000001,0.3656903608245644,0.05
322,0.5253099999999999,False,0,0.0,0.3442,0.9479,0.0,0.0,0.0,0.0,1.8433096018146322,0.18485673230449554,1.645758463954926,0.3356354816878486,0.33584140642833743,0.15817382266720545,0.07980000000000022,0.23940000000000064,0.05
323,0.47841,False,0,0.0,0.33659999999999995,0.8093,0.0,0.0,0.0,0.0,1.8673169900755826,0.24794547141750686,1.8625794996376528,0.5160501443585742,0.40832828437774416,0.2405370493048513,0.24240000000000123,0.36383188425425406,0.05
324,0.49746,False,0,0.0,0.33630000000000004,0.8734999999999999,0.0,0.0,0.0,0.0,1.8209926362095417,0.1912666238526119,1.783489292782813,0.44027501112184875,0.37881060667235156,0.21878426445639895,0.15950000000000034,0.319000078369897,0.05
325,0.5397500000000001,False,0,0.0,0.3425,1.0,0.0,0.0,0.0,0.0,1.7723051924872408,0.09703838066770222,1.5039530436197917,0.010734050685308905,0.25894382588352316,0.06611322993086016,0.0,0.0,0.05
326,0.5227400000000001,False,0,0.0,0.34520000000000006,0.937,0.0,0.0,0.0,0.0,1.8173029940596557,0.17185052179926263,1.639513802496592,0.3380909224311924,0.31781067304149585,0.17070378118646934,0.07980000000000027,0.23940000000000078,0.05
327,0.53247,False,0,0.0,0.3321,1.0,0.0,0.0,0.0,0.0,1.7497966034946284,0.1553482072630218,1.5252,0.039349205836967056,0.26244415335115445,0.11425724613018588,0.0,0.0,0.05
328,0.5405800000000001,False,0,0.0,0.3673,0.9449,0.0,0.0,0.0,0.0,1.8654667842994166,0.1982762872557829,1.6502000000000012,0.3372177330837956,0.34181679399116754,0.14394065391590377,0.09070000000000078,0.23828556397734318,0.05
329,0.55987,False,0,0.0,0.3973,0.9391999999999999,0.0,0.0,0.0,0.0,1.8582269361113024,0.16816275653252102,1.6591111111111119,0.3445879736800722,0.36711168907908653,0.15461760030888247,0.10310000000000082,0.24205968272308473,0.05
330,0.54515,False,0,0.0,0.3731,0.9466000000000001,0.0,0.0,0.0,0.0,1.8324514576149906,0.15850985591959396,1.624238210580715,0.33679291383294685,0.3241460238282933,0.13709633235558205,0.07980000000000052,0.23940000000000158,0.05
331,0.53702,False,0,0.0,0.33859999999999996,1.0,0.0,0.0,0.0,0.0,1.7328856183010122,0.09334964393392715,1.5350222222222238,0.08547893827656762,0.25560753622278115,0.06879816293390541,0.02020000000000057,0.060600000000001715,0.05
332,0.53912,False,0,0.0,0.3416,1.0,0.0,0.0,0.0,0.0,1.7654714808734595,0.13273600484532183,1.5634000000009625,0.06314617961675684,0.27928029920825387,0.047438587907030656,0.0,0.0,0.05
333,0.5569500000000001,False,0,0.0,0.38339999999999996,0.9619,0.0,0.0,0.0,0.0,1.8548123340991496,0.29530040281566716,1.6453444442520229,0.3694703425439448,0.3272285294609866,0.15414396416154422,0.07980000000000038,0.23940000000000114,0.05
334,0.50761,False,0,0.0,0.3217,0.9414,0.0,0.0,0.0,0.0,1.79911734967942,0.12948257837289162,1.622467274305556,0.34299402808494245,0.3040556580516348,0.13697449354559643,0.0823000000000004,0.23900713378474728,0.05
335,0.52314,False,0,0.0,0.36479999999999996,0.8926000000000001,0.0,0.0,0.0,0.0,1.8563918928610161,0.15404936548444226,1.738022222220445,0.45582111717312823,0.36334225775413476,0.16808223863030558,0.15960000000000052,0.31920000000000104,0.05
336,0.55809,False,0,0.0,0.3687,1.0,0.0,0.0,0.0,0.0,1.7964998967837436,0.08150059123695019,1.5478333333333842,0.05195815624139931,0.2861098259724626,0.05177848590200645,0.00740000000000039,0.022200000000001167,0.05
337,0.49971,False,0,0.0,0.31199999999999994,0.9376999999999999,0.0,0.0,0.0,0.0,1.7511901678115163,0.12666305440567335,1.6497835070583406,0.3366147155676087,0.2937700157929622,0.15804474642475028,0.08590000000000048,0.23837216699942157,0.05
338,0.5016,False,0,0.0,0.3129,0.9419000000000001,0.0,0.0,0.0,0.0,1.7652453645643686,0.12066583268311604,1.634611119243834,0.3395850155268481,0.27914768734932177,0.13961599944312408,0.07980000000000029,0.23940000000000086,0.05
339,0.5154900000000001,False,0,0.0,0.33120000000000005,0.9455,0.0,0.0,0.0,0.0,1.8009308990801174,0.14906162415080124,1.6386111111309802,0.3451511719218794,0.32168448183313997,0.16245114208580755,0.08540000000000045,0.23811938182348807,0.05
340,0.50488,False,0,0.0,0.3163,0.9449,0.0,0.0,0.0,0.0,1.7727996920256675,0.1974025091277369,1.649055555555556,0.33793734626406885,0.27191529523759317,0.14739960561876034,0.07990000000000042,0.23970000000000127,0.05
341,0.5128,False,0,0.0,0.304,1.0,0.0,0.0,0.0,0.0,1.7052210236336194,0.06471486623409023,1.5411000000000001,0.04066558741737294,0.20717669343831516,0.07231205458708131,0.0,0.0,0.05
342,0.55067,False,0,0.0,0.35810000000000003,1.0,0.0,0.0,0.0,0.0,1.794083896428679,0.10303496035055844,1.5349006623056458,0.0368398009997036,0.26907777505796415,0.05544426661582055,0.0,0.0,0.05
343,0.52888,False,0,0.0,0.35409999999999997,0.9367000000000001,0.0,0.0,0.0,0.0,1.8105220013400456,0.13960632657913175,1.633422395833317,0.34042038827951976,0.31457642970385624,0.1459531656080263,0.08470000000000091,0.2382150499023948,0.05
344,0.50536,False,0,0.0,0.3436,0.8827999999999999,0.0,0.0,0.0,0.0,1.8181286006156085,0.13748782211053712,1.7708666666666673,0.44234518056087485,0.3377219254048314,0.19271141843388276,0.15940000000000043,0.31880125470267606,0.05
345,0.52464,False,0,0.0,0.3417,0.9515,0.0,0.0,0.0,0.0,1.8492604446583674,0.24440476364021757,1.8038474020787885,0.8132675774323902,0.3057478121129734,0.17807068854325755,0.15720000000000026,0.4716000000000008,0.05
346,0.5335700000000001,False,0,0.0,0.3572,0.9451,0.0,0.0,0.0,0.0,1.7939414335289463,0.16895985583334075,1.6419111111111113,0.3371267878871567,0.31084252605202434,0.13320825917678203,0.07980000000000051,0.23940000000000153,0.05
347,0.5285500000000001,False,0,0.0,0.3265,1.0,0.0,0.0,0.0,0.0,1.7232337957849713,0.07959354802028576,1.5931000000000002,0.08335520379676371,0.25242824058320934,0.05828159379806798,0.0,0.0,0.05
348,0.5340100000000001,False,0,0.0,0.33430000000000004,1.0,0.0,0.0,0.0,0.0,1.7567286138350213,0.04007141862812478,1.5244527777777779,0.033260012068214606,0.2739869222131403,0.03450627211234938,0.0,0.0,0.05
349,0.559,False,0,0.0,0.37,1.0,0.0,0.0,0.0,0.0,1.7696794637208584,0.0839734457722955,1.5110999999999999,0.029814258333891213,0.29739136165676205,0.047851941316116586,0.0,0.0,0.05
350,0.51861,False,0,0.0,0.3123,1.0,0.0,0.0,0.0,0.0,1.7025381107908448,0.0884138869515135,1.5574889227023365,0.05569359216431629,0.21263628010129437,0.06156476453427243,0.008200000000000401,0.024600000000001204,0.05
351,0.5299,False,0,0.0,0.37960000000000005,0.8806,0.0,0.0,0.0,0.0,1.863834835644728,0.15549860367072393,1.7616444442544155,0.44616673421988506,0.38703040683798484,0.1818016827902496,0.17080000000000098,0.3155629255790364,0.05
352,0.5272000000000001,False,0,0.0,0.3934,0.8394,0.0,0.0,0.0,0.0,2.00327435259475,0.3141642654994584,1.9992369038334157,0.8157519898537716,0.4549954174501737,0.2414619760935588,0.31240000000000073,0.5130744975147381,0.05
353,0.47942000000000007,False,0,0.0,0.2807,0.9431,0.0,0.0,0.0,0.0,1.7708698231193012,0.16885346455294048,1.6777111111158831,0.3330687549973092,0.2612210348909568,0.16843214661802614,0.07980000000000007,0.23940000000000022,0.05
354,0.54647,False,0,0.0,0.37460000000000004,0.9475,0.0,0.0,0.0,0.0,1.8366472474754292,0.24069734977815302,1.6407454047309031,0.33752347889767403,0.3121783267099059,0.20533887130067394,0.07980000000000029,0.2394000000000008,0.05
355,0.54633,False,0,0.0,0.37770000000000004,0.9398,0.0,0.0,0.0,0.0,1.9050192796062917,0.21948688665835508,1.6301111111111115,0.3401545727067837,0.3705272410827042,0.15817323668784491,0.07980000000000043,0.23940000000000125,0.05
356,0.53954,False,0,0.0,0.34219999999999995,1.0,0.0,0.0,0.0,0.0,1.7467971884496953,0.06078218027605586,1.5154951388888889,0.02494779697257303,0.2754902779584417,0.039465979981438394,0.0,0.0,0.05
357,0.53308,False,0,0.0,0.38709999999999994,0.8737,0.0,0.0,0.0,0.0,1.9019443034019705,0.12024661975678393,1.7408000010133509,0.4567929094175391,0.4198623819491788,0.16398295452552658,0.16410000000000044,0.3174669904100268,0.05
358,0.5179100000000001,False,0,0.0,0.3113,1.0,0.0,0.0,0.0,0.0,1.6940652127242946,0.06185726797844491,1.5228000000000002,0.03378401989106683,0.21224948324043563,0.04634261725642599,0.0,0.0,0.05
359,0.53842,False,0,0.0,0.3406,1.0,0.0,0.0,0.0,0.0,1.7813772180863712,0.14742126773984968,1.5274444444444446,0.037080393141868895,0.2811099768088905,0.07867037643204537,0.0,0.0,0.05
360,0.5285299999999999,False,0,0.0,0.3479,0.95,0.0,0.0,0.0,0.0,1.8178038975264368,0.22634200968975626,1.6316775230435119,0.34540029482145596,0.30635921165985136,0.16102656203757557,0.08600000000000083,0.23805209513885953,0.05
361,0.54374,False,0,0.0,0.3482,1.0,0.0,0.0,0.0,0.0,1.765234757257766,0.13957295765388347,1.5165000000000002,0.030673278272789806,0.25001926719001977,0.11559230555101647,0.0,0.0,0.05
362,0.57601,False,0,0.0,0.3943,1.0,0.0,0.0,0.0,0.0,1.810053167390047,0.12109858680826166,1.524500000000001,0.059417589988150596,0.30319766825073646,0.07487962982566289,0.0,0.0,0.05
363,0.46825000000000006,False,0,0.0,0.2671,0.9376,0.0,0.0,0.0,0.0,1.714638297812304,0.12411312555266345,1.6485332629093996,0.3375154371533383,0.24296029853239412,0.18186857228927042,0.09610000000000155,0.23640662004267193,0.05
364,0.5205000000000001,False,0,0.0,0.31500000000000006,1.0,0.0,0.0,0.0,0.0,1.7401005011824118,0.060181614240562294,1.5184000000027325,0.027452504446214422,0.24839258547312096,0.06230995026374799,0.006200000000000373,0.018600000000001116,0.05
365,0.53891,False,0,0.0,0.3635,0.9481999999999999,0.0,0.0,0.0,0.0,1.8320644730306408,0.1639194093781249,1.6440111060027776,0.33853763688826255,0.31823875723332945,0.138295392502133,0.09170000000000107,0.23723829792004586,0.05
366,0.5058199999999999,False,0,0.0,0.3197,0.9400999999999999,0.0,0.0,0.0,0.0,1.782255484787098,0.175686915440769,1.6349111111111114,0.3413807649336253,0.31129954492219875,0.18928373399819975,0.07980000000000013,0.23940000000000045,0.05
367,0.5214000000000001,False,0,0.0,0.3387,0.9477,0.0,0.0,0.0,0.0,1.7714655393522125,0.11686466040240125,1.652411111111111,0.33551689641175736,0.3095238409445396,0.14695007761060946,0.07980000000000005,0.23940000000000017,0.05
368,0.52215,False,0,0.0,0.34140000000000004,0.9439,0.0,0.0,0.0,0.0,1.7955044432085525,0.15062554386022656,1.6273111105445572,0.3412396729539904,0.32218286975066807,0.1567762932708655,0.07980000000000032,0.23940000000000095,0.05
369,0.5061,False,0,0.0,0.36569999999999997,0.8337,0.0,0.0,0.0,0.0,1.9010728590071548,0.2132214385256516,1.8594777780521894,0.5207751653058778,0.41547650608510367,0.21683018002951715,0.24420000000000108,0.3628202860921653,0.05
370,0.51441,False,0,0.0,0.30629999999999996,1.0,0.0,0.0,0.0,0.0,1.725881763887908,0.11101427428161544,1.511400210655729,0.028706717739036665,0.1993165541437201,0.10118264026314465,0.0,0.0,0.05
371,0.49024,False,0,0.0,0.325,0.8757999999999999,0.0,0.0,0.0,0.0,1.7988970457309097,0.18889792522112828,1.797872395819634,0.4404526011939526,0.3322549079916758,0.19966739809451384,0.18240000000000145,0.31528342804530796,0.05
372,0.5,False,0,0.0,0.3407,0.8716999999999999,0.0,0.0,0.0,0.0,1.86410798680038,0.20333134761578628,1.7616666291946212,0.44754958624576674,0.3768881670590715,0.2351117597948861,0.15970000000000023,0.3194000782717504,0.05
373,0.5388000000000001,False,0,0.0,0.3657,0.9427,0.0,0.0,0.0,0.0,1.83352595463491,0.21361290531107185,1.6349555555552537,0.34039669015143786,0.30021513733123295,0.17534836236273618,0.07990000000000044,0.23970000000000133,0.05
374,0.56208,False,0,0.0,0.3744,1.0,0.0,0.0,0.0,0.0,1.8115191825510912,0.15825161342831726,1.5230000000000001,0.03252383741196602,0.2748045028479093,0.09125906301198362,0.0,0.0,0.05
375,0.50951,False,0,0.0,0.2993,1.0,0.0,0.0,0.0,0.0,1.7130760920605848,0.08119436292994675,1.5262024622493322,0.053319072409086864,0.21743189076449845,0.06703194973840959,0.0,0.0,0.05
376,0.5606800000000001,False,0,0.0,0.37239999999999995,1.0,0.0,0.0,0.0,0.0,1.794180280658011,0.1185410530780141,1.570991723897818,0.09551934278222356,0.2828066459039389,0.06030495183902262,0.023800000000000623,0.07140000000000186,0.05
377,0.52927,False,0,0.0,0.3445,0.9603999999999999,0.0,0.0,0.0,0.0,1.79285748939267,0.19866685307693183,1.6752555457920064,0.3373319692605223,0.3016541503839502,0.17647143575257182,0.07960000000000024,0.2388000000000007,0.05
378,0.53534,False,0,0.0,0.3362,1.0,0.0,0.0,0.0,0.0,1.7666891395321263,0.14660085576148443,1.5776666666666679,0.17391760501264558,0.24720399331220588,0.09228687997277119,0.04100000000000087,0.12300000000000261,0.05
379,0.5396099999999999,False,0,0.0,0.34229999999999994,1.0,0.0,0.0,0.0,0.0,1.752668892987873,0.10732367903491111,1.5092,0.027600000000000024,0.25120824409990233,0.06848026937470207,0.0,0.0,0.05
380,0.51559,False,0,0.0,0.37720000000000004,0.8385,0.0,0.0,0.0,0.0,1.9333803915157823,0.17619780099825477,1.8995347088967371,0.4937855902188201,0.43211814391679393,0.2015235359360696,0.24720000000000142,0.36150513136053947,0.05
381,0.54129,False,0,0.0,0.3447,1.0,0.0,0.0,0.0,0.0,1.7740982086209454,0.13172185837171024,1.5156,0.027026653510932492,0.2642123275784169,0.0962446255962241,0.0,0.0,0.05
382,0.54927,False,0,0.0,0.35609999999999997,1.0,0.0,0.0,0.0,0.0,1.7699170818445555,0.08370944835292442,1.5126000000000002,0.019262398604535196,0.2797232665500329,0.05300525441153785,0.0,0.0,0.05
383,0.5267999999999999,False,0,0.0,0.32399999999999995,1.0,0.0,0.0,0.0,0.0,1.7191861422367776,0.09783865661030913,1.5459057292050793,0.062149600530538356,0.22154689653601323,0.09187614748679455,0.011400000000000446,0.03420000000000134,0.05
384,0.49258,False,0,0.0,0.29860000000000003,0.9452,0.0,0.0,0.0,0.0,1.7960212239068174,0.21777406419276404,1.6435888888888894,0.3387740790950035,0.2699354674952654,0.17519962554630591,0.07960000000000036,0.2388000000000011,0.05
385,0.55445,False,0,0.0,0.3635,1.0,0.0,0.0,0.0,0.0,1.7912146955605366,0.13904932044929252,1.5711888888888907,0.10622705765377459,0.29681077136882983,0.08205453544440951,0.024400000000000633,0.07320000000000189,0.05
386,0.53002,False,0,0.0,0.3286,1.0,0.0,0.0,0.0,0.0,1.7562145228276698,0.081827360794811,1.5368000000012336,0.03531798408974327,0.27865407869549175,0.05195143936669601,0.0,0.0,0.05
387,0.52085,False,0,0.0,0.3155,1.0,0.0,0.0,0.0,0.0,1.754205770769127,0.07027858449159959,1.5418694444445433,0.0351498863995386,0.23775778291285543,0.07641070023385735,0.007200000000000387,0.021600000000001156,0.05
388,0.53298,False,0,0.0,0.3609,0.9344999999999999,0.0,0.0,0.0,0.0,1.8436157237614226,0.2070808563959854,1.6645164748191834,0.3319707084833678,0.3499578733064059,0.17160450030722157,0.07980000000000019,0.23940000000000056,0.05
389,0.56401,False,0,0.0,0.4053999999999999,0.9341000000000002,0.0,0.0,0.0,0.0,1.9348115545181819,0.21294776077072047,1.638125970519123,0.33994732242698256,0.38920966188976935,0.17355293428750107,0.0799000000000001,0.23970000000000027,0.05
390,0.49856999999999996,False,0,0.0,0.3117,0.9346,0.0,0.0,0.0,0.0,1.765131754704782,0.17648680120044155,1.6767777777215662,0.33056517243123806,0.29249158317790436,0.18592164264662406,0.07950000000000018,0.23850000000000052,0.05
391,0.5513,False,0,0.0,0.359,1.0,0.0,0.0,0.0,0.0,1.8128874750761999,0.20540356764559167,1.511900000582801,0.018206866455525477,0.2559943220537016,0.13647651058251767,0.0,0.0,0.05
392,0.51322,False,0,0.0,0.3046,1.0,0.0,0.0,0.0,0.0,1.7252508278920033,0.07996613685815515,1.5099999999999998,0.01513935269422042,0.2263646327021458,0.07891860225791902,0.0,0.0,0.05
393,0.52785,False,0,0.0,0.3255,1.0,0.0,0.0,0.0,0.0,1.7590540450192524,0.13363899798200418,1.5196002370940314,0.032460379364294634,0.2509193767433079,0.13340964476388556,0.0,0.0,0.05
394,0.5107,False,0,0.0,0.30100000000000005,1.0,0.0,0.0,0.0,0.0,1.705552501057071,0.11554785515946796,1.5194223958333337,0.025186420233137073,0.20845879209787732,0.0999962007862788,0.0,0.0,0.05
395,0.5137100000000001,False,0,0.0,0.3053,1.0,0.0,0.0,0.0,0.0,1.7141319627723288,0.0941679001390699,1.5066,0.01980000000000002,0.22030756636091656,0.094920713721893,0.0,0.0,0.05
396,0.54346,False,0,0.0,0.3478,1.0,0.0,0.0,0.0,0.0,1.7313590646260142,0.10937041852234107,1.5177,0.016840724449975385,0.25272766951536474,0.08301824944644579,0.0,0.0,0.05
397,0.4988,False,0,0.0,0.284,1.0,0.0,0.0,0.0,0.0,1.7142621911777554,0.06993624400633412,1.5402,0.07970796697946825,0.21826723139970441,0.05372401222776213,0.0,0.0,0.05
398,0.52876,False,0,0.0,0.3268,1.0,0.0,0.0,0.0,0.0,1.7057792442082644,0.06176533540471055,1.5278000000040195,0.04619480491378379,0.22525538276728319,0.0762685775101243,0.0,0.0,0.05
399,0.51896,False,0,0.0,0.31279999999999997,1.0,0.0,0.0,0.0,0.0,1.7685615300846451,0.1147459286036155,1.5213501790364585,0.051219238881533874,0.26122951534158495,0.0871366372166271,0.0,0.0,0.05
400,0.55955,False,0,0.0,0.3923,0.9498000000000001,0.0,0.0,0.0,0.0,1.8267515916008883,0.15520180665653996,1.6261555463825303,0.3428667363992114,0.3147994496923622,0.1383435645960985,0.07960000000000028,0.23880000000000084,0.05
401,0.50475,False,0,0.0,0.31470000000000004,0.9481999999999999,0.0,0.0,0.0,0.0,1.813466968884501,0.2662675582372085,1.6931824223112155,0.329715888328966,0.2960090499085001,0.19005359174967537,0.07980000000000034,0.239400000000001,0.05
402,0.5473800000000001,False,0,0.0,0.35340000000000005,1.0,0.0,0.0,0.0,0.0,1.754702513130233,0.06557305905016064,1.517233340454102,0.021326598860817322,0.2731205939416194,0.04167860316149975,0.0038000000000003387,0.011400000000001015,0.05
403,0.5225299999999999,False,0,0.0,0.31789999999999996,1.0,0.0,0.0,0.0,0.0,1.733435518599272,0.12703292610935804,1.5356,0.05403739445976273,0.22916824590085919,0.09110810159243263,0.0,0.0,0.05
404,0.5151700000000001,False,0,0.0,0.3583,0.8812000000000001,0.0,0.0,0.0,0.0,1.8669103908154803,0.17692534021901574,1.7729245424698565,0.44515300820833825,0.3863524309226223,0.2160251214589038,0.15990000000000007,0.31980007817384926,0.05
405,0.52043,False,0,0.0,0.31489999999999996,1.0,0.0,0.0,0.0,0.0,1.7464047651230135,0.09022135516328648,1.5282444481743978,0.032372403980453504,0.23959481339542754,0.04552677857645184,0.011600000000000863,0.024556872765074896,0.05
406,0.52564,False,0,0.0,0.3487,0.9385,0.0,0.0,0.0,0.0,1.800258401368883,0.1615582362868009,1.6287556178518727,0.34189108130293455,0.3287502363270662,0.16286630919275205,0.0799000000000001,0.23970000000000027,0.05
407,0.5392,False,0,0.0,0.3637,0.9487,0.0,0.0,0.0,0.0,1.8959994361565093,0.19300413652044254,1.6549733117739371,0.33685319053165574,0.3424357995892464,0.14516257308580535,0.08620000000000079,0.23834126793318958,0.05
408,0.52036,False,0,0.0,0.31479999999999997,1.0,0.0,0.0,0.0,0.0,1.7078879252240402,0.091065659847648,1.5185,0.031680435603065826,0.23109111079235337,0.08039346910340156,0.0,0.0,0.05
409,0.53174,False,0,0.0,0.3545,0.9452999999999999,0.0,0.0,0.0,0.0,1.7948673550576508,0.1556407827494339,1.6450999999509137,0.3392728841225802,0.31523351255475085,0.140904002429772,0.08090000000000089,0.2387268103921317,0.05
410,0.53282,False,0,0.0,0.35539999999999994,0.9468,0.0,0.0,0.0,0.0,1.7927777063364085,0.14566160504213632,1.6377444442598752,0.34216391241229976,0.31332017606330664,0.14063923739405024,0.07980000000000029,0.2394000000000008,0.05
411,0.49095999999999995,False,0,0.0,0.3232,0.8824,0.0,0.0,0.0,0.0,1.862664581867104,0.22021583866744465,1.7593246788557593,0.4556772219684845,0.3434935141160324,0.2243098453211014,0.15970000000000056,0.31940007827175104,0.05
412,0.5411000000000001,False,0,0.0,0.3704,0.9394,0.0,0.0,0.0,0.0,1.8077589115328938,0.12006977202482882,1.6603555555421905,0.33434563612320306,0.3031855285998021,0.1386121806944913,0.07990000000000042,0.23970000000000127,0.05
413,0.55725,False,0,0.0,0.36749999999999994,1.0,0.0,0.0,0.0,0.0,1.7803223857392314,0.09978485440204105,1.5125117187500006,0.017055346074235193,0.28877249177888015,0.06666178894333866,0.002400000000000318,0.007200000000000955,0.05
414,0.52379,False,0,0.0,0.347,0.9362999999999999,0.0,0.0,0.0,0.0,1.8039379483311464,0.10917053544480528,1.6847682291666637,0.3328861130853648,0.32700284794036344,0.14355310917620046,0.09040000000000073,0.2382654821832158,0.05
415,0.51301,False,0,0.0,0.331,0.9376999999999999,0.0,0.0,0.0,0.0,1.782843250486734,0.13388752278279195,1.6429111111112036,0.33947702262287716,0.2850605756055531,0.15588220276936834,0.07980000000000027,0.23940000000000078,0.05
416,0.49644000000000005,False,0,0.0,0.30720000000000003,0.938,0.0,0.0,0.0,0.0,1.8035680289176708,0.2198323279146844,1.6311111111111116,0.3403405810524399,0.29348605041780973,0.17250444431395592,0.07980000000000045,0.2394000000000013,0.05
417,0.51475,False,0,0.0,0.3565,0.884,0.0,0.0,0.0,0.0,1.83885536600976,0.20296013908347948,1.9081163075842227,0.7921977038883116,0.3723951405964797,0.2124646528354976,0.23030000000000045,0.486975163637737,0.05
418,0.54157,False,0,0.0,0.34509999999999996,1.0,0.0,0.0,0.0,0.0,1.7316788991516734,0.03431760214292641,1.54,0.03996498467408692,0.26008683781984554,0.03255471323980622,0.0,0.0,0.05
419,0.5566200000000001,False,0,0.0,0.36660000000000004,1.0,0.0,0.0,0.0,0.0,1.7759507654676998,0.12726274003362772,1.5363555556323842,0.05294991349415545,0.27851863698661344,0.07169510319127202,0.005200000000000486,0.015600000000001456,0.05
420,0.5032,False,0,0.0,0.3181,0.9350999999999999,0.0,0.0,0.0,0.0,1.7970364264216723,0.12427164117382065,1.6465361111111112,0.34365201724758315,0.3402732044920179,0.16033092395912338,0.07979999999999995,0.2393999999999999,0.05
421,0.49954000000000004,False,0,0.0,0.3097,0.9425000000000001,0.0,0.0,0.0,0.0,1.7590899778269065,0.18672101761876134,1.6562777777777782,0.3386877372054292,0.27380634548567173,0.18983979253526484,0.07980000000000018,0.23940000000000047,0.05
422,0.51805,False,0,0.0,0.3115,1.0,0.0,0.0,0.0,0.0,1.7365546745970755,0.09697855571621099,1.5041,0.012299999999999976,0.2257255906099585,0.07675470470345247,0.0,0.0,0.05
423,0.5306000000000001,False,0,0.0,0.38180000000000003,0.8778,0.0,0.0,0.0,0.0,1.895084635906056,0.1543605028016051,1.7628886261534098,0.4456096016070494,0.43020573337578033,0.19285210559333324,0.15930000000000005,0.3186007062139067,0.05
424,0.5234000000000001,False,0,0.0,0.3446,0.9406000000000001,0.0,0.0,0.0,0.0,1.770866799642635,0.13534540924315935,1.6469992526633785,0.33677363726310633,0.31001232363614284,0.15731281750037945,0.08850000000000094,0.23791815819731046,0.05
425,0.53518,False,0,0.0,0.364,0.9346,0.0,0.0,0.0,0.0,1.813655855250626,0.13238343292989288,1.6426112743949148,0.3400247627877777,0.33304835101998687,0.15345066580177288,0.08760000000000066,0.23824197782926557,0.05
426,0.54339,False,0,0.0,0.3477,1.0,0.0,0.0,0.0,0.0,1.7792405272545075,0.09386229968073746,1.5331612847964733,0.03991363620243267,0.28734323091045827,0.10141235589287215,0.0,0.0,0.05
427,0.5233000000000001,False,0,0.0,0.31900000000000006,1.0,0.0,0.0,0.0,0.0,1.694603149764779,0.061025988742148936,1.5223585069444705,0.032982062811235564,0.2235084450060547,0.03190629340421323,0.0,0.0,0.05
428,0.5401,False,0,0.0,0.34299999999999997,1.0,0.0,0.0,0.0,0.0,1.7465297812593499,0.08817877846366438,1.5261791666681968,0.049363420059940225,0.26214911061487944,0.04440199161676256,0.001400000000000432,0.004200000000001296,0.05
429,0.5511600000000001,False,0,0.0,0.3588,1.0,0.0,0.0,0.0,0.0,1.715566954011002,0.049472167528410826,1.525522222222223,0.04001484446774615,0.2451587311912819,0.04404221030921618,0.009400000000000418,0.028200000000001252,0.05
430,0.50512,False,0,0.0,0.3649,0.8323,0.0,0.0,0.0,0.0,1.8516953748611396,0.16401685714333822,1.8900000792503122,0.5040947518402735,0.4056608151938321,0.2060296363899629,0.23910000000000053,0.36523155668698815,0.05
431,0.4961,False,0,0.0,0.308,0.9349999999999999,0.0,0.0,0.0,0.0,1.7605856914965723,0.1281995834069443,1.6467999999996124,0.34106430297593543,0.2736133640502117,0.14927921636090122,0.08040000000000058,0.23920668886968938,0.05
432,0.5454400000000001,False,0,0.0,0.3754,0.9422,0.0,0.0,0.0,0.0,1.8797559763472311,0.13955760011799745,1.653711166710325,0.33599119893782875,0.35770171646676613,0.12852324667433346,0.09050000000000086,0.2382717985830477,0.05
433,0.49241,False,0,0.0,0.31490000000000007,0.9065999999999999,0.0,0.0,0.0,0.0,1.7790125903697738,0.15360471684046217,1.747366666666668,0.4521722851216128,0.2836681876546513,0.1817042389828546,0.1597000000000009,0.31940007827175176,0.05
434,0.55704,False,0,0.0,0.3672,1.0,0.0,0.0,0.0,0.0,1.812962033786971,0.24432519041767467,1.5276957465277778,0.03206846473078111,0.2773271296145833,0.09357752877403541,0.0,0.0,0.05
435,0.5216200000000001,False,0,0.0,0.31660000000000005,1.0,0.0,0.0,0.0,0.0,1.73771186683467,0.12334001202729446,1.5237,0.038809921411927635,0.24717139376150082,0.11043258052823333,0.0,0.0,0.05
436,0.5692900000000001,False,0,0.0,0.3847,1.0,0.0,0.0,0.0,0.0,1.803240085696557,0.1424662527217486,1.520100000786584,0.046090022914079126,0.29082911419638025,0.11199555934786169,0.0,0.0,0.05
437,0.5130199999999999,False,0,0.0,0.35629999999999995,0.8786999999999999,0.0,0.0,0.0,0.0,1.8762763729130374,0.24806590359705294,1.7484279416568136,0.45572063852877237,0.3831140191020634,0.19258850844968853,0.16250000000000095,0.31786608815663336,0.05
438,0.5283599999999999,False,0,0.0,0.35429999999999995,0.9344999999999999,0.0,0.0,0.0,0.0,1.8285081935885785,0.11248857796792819,1.636641145468068,0.3393106970520475,0.3423354224601257,0.15012858789119102,0.08520000000000083,0.23818051977439308,0.05
439,0.53891,False,0,0.0,0.3413,1.0,0.0,0.0,0.0,0.0,1.7366592281039126,0.0992017583443656,1.5280613769531324,0.041686523342602755,0.2655707503231821,0.09578033138223767,0.0080000000000004,0.0240000000000012,0.05
440,0.50966,False,0,0.0,0.3479,0.8870999999999999,0.0,0.0,0.0,0.0,1.8275423009393517,0.15939559937462733,1.750800000000001,0.452216720687258,0.34920177856486445,0.1750406823109582,0.15970000000000067,0.31940007827175126,0.05
441,0.4754900000000001,False,0,0.0,0.25070000000000003,1.0,0.0,0.0,0.0,0.0,1.699859335696797,0.09218196510330187,1.5003,0.0009000000000000341,0.19705955766578578,0.09224295410309034,0.0,0.0,0.05
442,0.50054,False,0,0.0,0.3374,0.8812,0.0,0.0,0.0,0.0,1.8533597666317703,0.20699724378336487,1.7537666666666678,0.44906449659126607,0.3384426545347503,0.19080899262873693,0.1597000000000007,0.3194000782717513,0.05
443,0.5184700000000001,False,0,0.0,0.31210000000000004,1.0,0.0,0.0,0.0,0.0,1.692158693416142,0.07388826786429518,1.5219,0.049894789307101,0.21809914121871216,0.0674899372044298,0.0,0.0,0.05
444,0.53295,False,0,0.0,0.3612,0.9337,0.0,0.0,0.0,0.0,1.7936224617170538,0.17083634665534048,1.6430692142826984,0.33837070389202434,0.32412635652862376,0.17794640838539869,0.0796000000000002,0.23880000000000057,0.05
445,0.50804,False,0,0.0,0.2972,1.0,0.0,0.0,0.0,0.0,1.6978214085977137,0.08635633204809608,1.5077,0.015440531078949313,0.2120751715587998,0.05228950608348661,0.0,0.0,0.05
446,0.53121,False,0,0.0,0.3303,1.0,0.0,0.0,0.0,0.0,1.719480721041587,0.07817217567526955,1.5263000000000002,0.03873770772774251,0.23401152377283913,0.06412915683149689,0.0,0.0,0.05
447,0.5383500000000001,False,0,0.0,0.3405,1.0,0.0,0.0,0.0,0.0,1.7577126829099214,0.08529372794395483,1.5806168402777832,0.1924380512150413,0.2782621611503695,0.07482558247345487,0.04850000000000134,0.1206691758486843,0.05
448,0.51917,False,0,0.0,0.31310000000000004,1.0,0.0,0.0,0.0,0.0,1.7193343648873203,0.09226908173310318,1.5250000000000001,0.037978941533434,0.24744505331673458,0.07096156370716256,0.0,0.0,0.05
449,0.57503,False,0,0.0,0.3929,1.0,0.0,0.0,0.0,0.0,1.7947762534662903,0.12560507142438881,1.5170890625000006,0.028278185305287577,0.2888045451226768,0.07940710163137059,0.002800000000000324,0.008400000000000973,0.05
450,0.53688,False,0,0.0,0.33840000000000003,1.0,0.0,0.0,0.0,0.0,1.7457047589280037,0.07645848875048022,1.5197625108136077,0.030870040355734103,0.24180933969051938,0.049580260339023,0.0016000000000004062,0.004800000000001218,0.05
451,0.51207,False,0,0.0,0.30660000000000004,0.9914999999999999,0.0,0.0,0.0,0.0,1.729721745144646,0.13672015718256453,1.6287555555939695,0.34122051375639173,0.21566765446617855,0.10890054404751061,0.08520000000000125,0.23814482988299626,0.05
452,0.50487,False,0,0.0,0.3174,0.9423,0.0,0.0,0.0,0.0,1.767346755423624,0.18016630344872323,1.6562223954657587,0.3390997806306675,0.27680416119770224,0.18604565561515965,0.0809000000000008,0.23938523346271878,0.05
453,0.50928,False,0,0.0,0.3242999999999999,0.9408999999999998,0.0,0.0,0.0,0.0,1.7826086330481345,0.18501038830269304,1.6168555555089739,0.3446084556151727,0.30601036901372247,0.15604640915484724,0.07990000000000039,0.2397000000000012,0.05
454,0.53444,False,0,0.0,0.3614,0.9381999999999999,0.0,0.0,0.0,0.0,1.794672061832624,0.13904070624924295,1.6161555555521965,0.3448155964404837,0.3124879102603648,0.15571359327098833,0.07990000000000017,0.23970000000000044,0.05
455,0.54304,False,0,0.0,0.3625,0.9643,0.0,0.0,0.0,0.0,1.7779903633469119,0.1730948050647123,1.6535002641553576,0.3386376644536001,0.2782439126191892,0.157971170915219,0.07990000000000037,0.2397000000000011,0.05
456,0.5353,False,0,0.0,0.4042,0.8412,0.0,0.0,0.0,0.0,1.966436505281808,0.21254276052956894,1.8485417570172733,0.5235987489795552,0.4663042194755982,0.2055565932118318,0.2392000000000009,0.36538522137601703,0.05
457,0.5373700000000001,False,0,0.0,0.33910000000000007,1.0,0.0,0.0,0.0,0.0,1.7717874237190312,0.14290193018084432,1.5514444580078128,0.03932118352970828,0.26415087245893537,0.10047356715410655,0.0036000000000003356,0.010800000000001007,0.05
458,0.54759,False,0,0.0,0.3537,1.0,0.0,0.0,0.0,0.0,1.7779328269291206,0.12982739959224612,1.5455335839907334,0.05494043438818397,0.2836866701696613,0.08040481658777082,0.0038000000000003387,0.011400000000001015,0.05
459,0.47799,False,0,0.0,0.3357,0.8099999999999999,0.0,0.0,0.0,0.0,1.854398275441777,0.17481339720930897,1.8693759888252461,0.5115684170066505,0.41468663513651355,0.23583031025812928,0.2395000000000004,0.36584238409457215,0.05
460,0.52659,False,0,0.0,0.3237,1.0,0.0,0.0,0.0,0.0,1.7523416108675307,0.11358959172517245,1.5229,0.0409083121137991,0.2575595730560635,0.09511247206937133,0.0,0.0,0.05
461,0.5632,False,0,0.0,0.376,1.0,0.0,0.0,0.0,0.0,1.7621395484245697,0.09858126881154897,1.5476,0.05647158577550307,0.2685914745699097,0.05050316546261703,0.0,0.0,0.05
462,0.50861,False,0,0.0,0.3209,0.9466000000000001,0.0,0.0,0.0,0.0,1.764507167235325,0.17163345312696163,1.6217099176999419,0.3423361924687282,0.28123949879238325,0.1795878182368238,0.08210000000000066,0.23905666692230207,0.05
463,0.5252600000000001,False,0,0.0,0.3464,0.9426,0.0,0.0,0.0,0.0,1.7734220311878481,0.081710447395696,1.6283919921873202,0.34694416338368433,0.2898668933221004,0.13119185567026562,0.08230000000000069,0.23835941349147613,0.05
464,0.51968,False,0,0.0,0.3404,0.938,0.0,0.0,0.0,0.0,1.8246327526328117,0.1628499122896828,1.6395833333333343,0.33754943419400396,0.3049386779061753,0.1451904800741491,0.08090000000000076,0.23938523346271887,0.05
465,0.51286,False,0,0.0,0.34719999999999995,0.8994,0.0,0.0,0.0,0.0,1.7688183230267025,0.1959150426156156,1.7525111111111127,0.45374897122626096,0.3255844314415054,0.19797470960666227,0.17530000000000104,0.31459117915161044,0.05
466,0.48898,False,0,0.0,0.3463,0.8219,0.0,0.0,0.0,0.0,1.8824754837808435,0.1832657887630537,1.855687036426843,0.5231344726035025,0.40934945365040026,0.2178829354448221,0.2393000000000008,0.3655368791243927,0.05
467,0.53724,False,0,0.0,0.3708,0.9256,0.0,0.0,0.0,0.0,1.896596973004535,0.22710609461937917,1.7550666666666672,0.4502094387787013,0.3885867549209056,0.19306766532192599,0.1597000000000004,0.31940007827175076,0.05
468,0.5534100000000001,False,0,0.0,0.4077,0.8934000000000001,0.0,0.0,0.0,0.0,1.8982294957080268,0.2247258631982963,1.7364999999982509,0.4586731433885276,0.3722653337793838,0.17578690473957254,0.1597000000000009,0.3194000782717517,0.05
469,0.52361,False,0,0.0,0.3404,0.9511,0.0,0.0,0.0,0.0,1.8033994087825598,0.18108304922403937,1.625766594848892,0.34181526666534195,0.30930321269159644,0.16587104654467383,0.07970000000000033,0.23910000000000095,0.05
470,0.5121,False,0,0.0,0.303,1.0,0.0,0.0,0.0,0.0,1.7180559781383888,0.06648347406571452,1.5219,0.03151967639427792,0.23603560065834941,0.05417524087548815,0.0,0.0,0.05
471,0.49084000000000005,False,0,0.0,0.2953,0.9471,0.0,0.0,0.0,0.0,1.7605790606472713,0.1081386920530969,1.6231111111111116,0.3423820802683601,0.25513237468860883,0.14489220773925782,0.07980000000000027,0.23940000000000078,0.05
472,0.52458,False,0,0.0,0.34199999999999997,0.9506,0.0,0.0,0.0,0.0,1.7883702565398552,0.1878440998462173,1.664855555555556,0.33068059278470757,0.2918949234600686,0.14227797079194116,0.07990000000000042,0.23970000000000127,0.05
473,0.5436,False,0,0.0,0.348,1.0,0.0,0.0,0.0,0.0,1.7487035340796822,0.06733153778943791,1.526566720845965,0.032108551316927525,0.26421072290610703,0.0428756878478401,0.003200000000000514,0.009600000000001543,0.05
474,0.54844,False,0,0.0,0.38110000000000005,0.9389,0.0,0.0,0.0,0.0,1.8848738022653115,0.13344915487211467,1.6326111111109938,0.34238520379470194,0.36718789501435134,0.1433226373071178,0.07980000000000023,0.23940000000000072,0.05
475,0.5056200000000001,False,0,0.0,0.3171,0.9455,0.0,0.0,0.0,0.0,1.7219976698204398,0.11808342739571732,1.6350777777777783,0.34473543640175996,0.24656033877065758,0.13250611946498397,0.07980000000000027,0.23940000000000078,0.05
476,0.52163,False,0,0.0,0.33829999999999993,0.9494,0.0,0.0,0.0,0.0,1.7906757292273106,0.12830800359502723,1.6498556126918154,0.33577628745169635,0.3108384914445955,0.13824602700344887,0.07990000000000021,0.2397000000000006,0.05
477,0.49298,False,0,0.0,0.33019999999999994,0.8728,0.0,0.0,0.0,0.0,1.8267413739750364,0.13064525296500915,1.8755635001761082,0.8058269511830364,0.3663363117636152,0.18720598701399355,0.23040000000000022,0.48723694441205956,0.05
478,0.5104200000000001,False,0,0.0,0.30060000000000003,1.0,0.0,0.0,0.0,0.0,1.7076657789547895,0.054626400211491975,1.5060000010172534,0.018000003051759195,0.2227370734928315,0.03524286270754123,0.004400000000000346,0.013200000000001039,0.05
479,0.55159,False,0,0.0,0.3847,0.9410000000000001,0.0,0.0,0.0,0.0,1.876076525703056,0.14516143184355937,1.6485111111111113,0.33481738969839236,0.3488864165800926,0.14214174618382805,0.07980000000000023,0.23940000000000072,0.05
480,0.5436700000000001,False,0,0.0,0.3748000000000001,0.9376999999999999,0.0,0.0,0.0,0.0,1.8191415615473037,0.16322646772248722,1.6453454564636965,0.3361648718078874,0.34546852198342626,0.18104278741199906,0.0879000000000008,0.23695757004155849,0.05
481,0.52563,False,0,0.0,0.3462,0.9442999999999999,0.0,0.0,0.0,0.0,1.7916697121785414,0.20693787182026877,1.6437937653885246,0.3367238624405677,0.28739475193781816,0.1395422536103441,0.07980000000000047,0.23940000000000144,0.05
482,0.53717,False,0,0.0,0.3659,0.9368000000000001,0.0,0.0,0.0,0.0,1.852697083295715,0.13611840297884042,1.6285111083698218,0.3410869661032285,0.36118819769833543,0.1513293813480839,0.07980000000000015,0.23940000000000045,0.05
483,0.55368,False,0,0.0,0.36239999999999994,1.0,0.0,0.0,0.0,0.0,1.7651672183767761,0.09779730267733547,1.5276,0.050267683455675574,0.27419092853678056,0.056092526042628876,0.0,0.0,0.05
484,0.5253300000000001,False,0,0.0,0.3219,1.0,0.0,0.0,0.0,0.0,1.7623539706558493,0.1560678143037487,1.5041000000000004,0.012299999999999882,0.2402629287519257,0.11645509658300153,2.842170943040401e-16,8.526512829121203e-16,0.05
485,0.5273700000000001,False,0,0.0,0.3507,0.9396000000000001,0.0,0.0,0.0,0.0,1.811741568662741,0.15097416790827367,1.6812777777777996,0.33016811000488666,0.3195226395581409,0.12671493812219448,0.09200000000000097,0.2384118285656154,0.05
486,0.52309,False,0,0.0,0.31870000000000004,1.0,0.0,0.0,0.0,0.0,1.7666957418364038,0.10764100393262428,1.5487676422982997,0.0557242315052176,0.24779371984177714,0.08895932008869663,0.012200000000000457,0.036600000000001374,0.05
487,0.52974,False,0,0.0,0.3282,1.0,0.0,0.0,0.0,0.0,1.721417702247812,0.0832077899575645,1.5189014411820305,0.02716312835467032,0.24559236980757687,0.05266891544847606,0.0,0.0,0.05
488,0.48260000000000003,False,0,0.0,0.338,0.8200000000000001,0.0,0.0,0.0,0.0,1.889226787580823,0.20123527848419276,1.8757951465498572,0.5108798107324158,0.4115098285248474,0.24534180473781383,0.2389000000000007,0.3649264172405182,0.05
489,0.5326500000000001,False,0,0.0,0.3834000000000001,0.8809000000000001,0.0,0.0,0.0,0.0,1.8621752834872762,0.16512011011186734,1.766424092544801,0.44638651170983146,0.38263946852087816,0.1824547902952061,0.15940000000000054,0.3188003136761328,0.05
490,0.5130100000000001,False,0,0.0,0.3043,1.0,0.0,0.0,0.0,0.0,1.7115439674669428,0.07374848511482282,1.5482042152298823,0.05692945754080395,0.20960422329075742,0.0725406708626295,0.0,0.0,0.05
491,0.5430200000000001,False,0,0.0,0.3752,0.9346,0.0,0.0,0.0,0.0,1.8685887236090153,0.1885361166527881,1.6327559504430933,0.34064320484307214,0.34951150941847403,0.16306792459554675,0.08250000000000066,0.23895909691828068,0.05
492,0.5219,False,0,0.0,0.317,1.0,0.0,0.0,0.0,0.0,1.7733229254313958,0.08857202154364306,1.53822795138889,0.050016409983450194,0.2711938961710539,0.058309675978564714,0.01230000000000082,0.03002682134359352,0.05
493,0.5428000000000001,False,0,0.0,0.36940000000000006,0.9474,0.0,0.0,0.0,0.0,1.8070714502796856,0.13967619418862107,1.6464111111111115,0.3372158375745602,0.30490424859279225,0.11589426890889648,0.07980000000000034,0.239400000000001,0.05
494,0.54717,False,0,0.0,0.3531000000000001,1.0,0.0,0.0,0.0,0.0,1.7790432262270766,0.15043137287218494,1.533000001017253,0.04598260600413677,0.2809145486978788,0.08902057043978988,0.004400000000000346,0.013200000000001039,0.05
495,0.52925,False,0,0.0,0.3503,0.9468,0.0,0.0,0.0,0.0,1.7932576437263386,0.13882087551268407,1.6376000000000002,0.3415283882783391,0.325007675220008,0.17743619099634944,0.07999999999999999,0.23999999999999994,0.05
496,0.48928000000000005,False,0,0.0,0.2704,1.0,0.0,0.0,0.0,0.0,1.6703657362737894,0.08972741097765985,1.5411000000210333,0.05207196942824053,0.16914182847465165,0.08574916012358368,0.0,0.0,0.05
497,0.50362,False,0,0.0,0.3175,0.9379,0.0,0.0,0.0,0.0,1.7526024696408045,0.11603639086240145,1.6551861104504653,0.3444267924308945,0.28340253239632224,0.15921080108551272,0.07990000000000022,0.23970000000000063,0.05
498,0.5601200000000001,False,0,0.0,0.37160000000000004,1.0,0.0,0.0,0.0,0.0,1.7737339135250925,0.10684609815491833,1.537700001017253,0.03786568427177167,0.2762929671105892,0.06324973095266519,0.004400000000000346,0.013200000000001039,0.05
499,0.5262900000000001,False,0,0.0,0.37320000000000003,0.8835000000000001,0.0,0.0,0.0,0.0,1.8758372548390638,0.19310042615480622,1.7482111109387257,0.45210149446096354,0.3548128396559848,0.18976755119727395,0.15980000000000075,0.31960000000000144,0.05
500,0.29353999999999997,False,1,0.0,0.21999999999999997,0.9318,70.0,0.0,0.0,0.0,1.7960389487517308,0.24132356933660937,1.786970534497827,0.717109107649233,0.30148411584452484,0.2592478709672175,0.1878260900533823,0.511762550178668,0.05
501,0.24221000000000004,False,1,0.0,0.21800000000000003,0.8667,85.2,0.0,0.0,0.0,1.9101404901773726,0.30227665927194974,1.9729667826471413,0.9431630234965143,0.40048409905904814,0.3503053908526115,0.3445403297068471,0.6903978034202034,0.05
502,0.23318000000000008,False,1,0.0,0.1878,0.8724000000000001,80.0,0.0,0.0,0.0,1.8989631761174874,0.4280288761186255,2.0111785843888916,1.1839808598157113,0.36853786186616533,0.3923117362061237,0.2921603448318635,0.6556088276234993,0.05
503,0.33775000000000005,False,1,0.0,0.2385,1.0,64.6,0.0,0.0,0.0,1.832770665413506,0.18435139761756983,1.529786288368702,0.038808027068236946,0.27787453866872075,0.13856207652337402,7.89680721133253e-178,0.0,0.05
504,0.29108,False,1,0.0,0.2138,0.9353999999999999,69.6,0.0,0.0,0.0,1.8661382226598264,0.32781535986895877,1.7802504070272522,0.8135786065267421,0.33430892143780333,0.30196131158384176,0.1810504070272522,0.5431512210817566,0.05
505,0.3085,False,1,0.0,0.20999999999999996,1.0,69.25,0.0,0.0,0.0,1.7582968787315394,0.14208134825388466,1.5311613289966357,0.03668438411989279,0.2274012130940246,0.12174717399813383,0.0046000000000003495,0.01380000000000105,0.05
506,0.2951000000000001,False,1,0.0,0.19770000000000001,0.9437000000000001,63.2,0.0,0.0,0.0,1.8351501676548865,0.2931322219865369,1.8529138077067144,0.9906097539595918,0.3060709775557363,0.3002964357828904,0.17726196328492072,0.5317858898547622,0.05
507,0.26156999999999997,False,1,0.0,0.2157,0.8356,70.05,0.0,0.0,0.0,2.0281953896244382,0.6273115378360172,2.245392913875779,1.1124511626702895,0.42713965536835535,0.44701081214833127,0.44088660336777635,0.6910873606159711,0.05
508,0.20098,False,1,0.0,0.1435,0.9350999999999999,90.0,0.0,0.0,0.0,1.733905203218064,0.33001000587394214,1.7708159013251752,0.7588846550469625,0.23798852920131366,0.3264178765292008,0.17566473912134586,0.5269942173640375,0.05
509,0.30456,False,1,0.0,0.2425,0.9347,72.8,0.0,0.0,0.0,1.891051370853403,0.2863113551814012,1.769147103208748,0.757477024946567,0.36188666735396885,0.28137130149047435,0.18555080113214356,0.5566524033964306,0.05
510,0.2860300000000001,False,1,0.0,0.20050000000000004,0.9416,68.4,0.0,0.0,0.0,1.7426063582877234,0.18214609365297552,1.8186193789791971,0.8077427354925236,0.2571281881095097,0.22389999460603183,0.20173587203475205,0.5448080266825506,0.05
511,0.22483000000000003,False,1,0.0,0.1762,0.9382999999999999,90.0,0.0,0.0,0.0,1.775808748934954,0.3474070376746166,1.8001436860766027,0.786425226024626,0.26981254772601043,0.3242697313269784,0.2077101791275461,0.5927793630863427,0.05
512,0.25107999999999997,False,1,0.0,0.17439999999999997,0.9339999999999999,75.6,0.0,0.0,0.0,1.861336883816606,0.5457503087290662,1.8519297032455468,0.9856570952764806,0.2970886364267079,0.39009048471459284,0.17355255074385512,0.5206576522315653,0.05
513,0.19262,False,1,0.0,0.1313,0.9357,90.0,0.0,0.0,0.0,1.735757559268124,0.2717963249395632,1.6367111109296064,0.33935041815084893,0.2246352314015183,0.2824555320736685,0.0798000000000045,0.2394000000000135,0.05
514,0.2714,False,1,0.0,0.2111,0.9400999999999999,79.2,0.0,0.0,0.0,1.8054340728432383,0.3037718287960106,1.804512018888111,0.7469384137570227,0.29109400203919444,0.28232773595044997,0.18186510433196848,0.5175641483120716,0.05
515,0.24351000000000006,False,1,0.0,0.18980000000000002,0.8675,74.8,0.0,0.0,0.0,1.874811785346882,0.3809457856149408,2.0571072942414164,1.1334666778198883,0.3628801655051432,0.3828662807748786,0.34526495687974823,0.6880678034956516,0.05
516,0.23604000000000003,False,1,0.0,0.2158,0.8646,87.2,0.0,0.0,0.0,1.8664493124293273,0.2861152919786762,2.030769305913351,0.9921107844956558,0.3678721712133873,0.32989841486503535,0.36741844424309456,0.7418316602949746,0.05
517,0.29981,False,1,0.0,0.25399999999999995,0.8067,60.0,0.0,0.0,0.0,1.9607649450731999,0.3899613427651298,2.1869492704548508,1.0157055093111342,0.46776427493963013,0.38989837169027425,0.46938513592586306,0.6852415716738938,0.05
518,0.22659000000000004,False,1,0.0,0.1237,1.0,80.0,0.0,0.0,0.0,1.6581131325467742,0.13562235170814327,1.5367888894187085,0.0317927494335654,0.14237759725765867,0.12112890110114169,0.0046000000000003495,0.01380000000000105,0.05
519,0.27343000000000006,False,1,0.0,0.1618,0.9339000000000001,60.0,0.0,0.0,0.0,1.743324382803794,0.24016200640533558,1.8289005311705786,0.9280539011378541,0.24475320379315152,0.25838468562957073,0.15941374381895274,0.4782412314568582,0.05
520,0.31519,False,1,0.0,0.1987,1.0,61.95,0.0,0.0,0.0,1.7813524386127946,0.21850757938805745,1.5407000000448476,0.051491844110435295,0.24422026263072558,0.17170766626360964,2.2444127424300643e-191,0.0,0.05
521,0.27752,False,1,0.0,0.19,0.9484,70.0,0.0,0.0,0.0,1.7756073596794504,0.33227934435018563,1.636127950958468,0.33780532632322163,0.2668384673865739,0.3081845446829593,0.0843677137824145,0.24006620557098213,0.05
522,0.18281000000000003,False,1,0.0,0.1237,0.9874,100.0,0.0,0.0,0.0,1.6810922800009933,0.14580468416690126,1.6302682529131594,0.34111356402926424,0.1642888137740789,0.1395081039075514,0.08710000000000159,0.23796405190700828,0.05
523,0.3225800000000001,False,1,0.0,0.23929999999999998,0.9329000000000001,62.4,0.0,0.0,0.0,1.904936562193012,0.2733531602046927,1.7581827288577565,0.6577761062141724,0.3451017227450418,0.2692769072366881,0.16482957130802248,0.4944887139240674,0.05
524,0.29273000000000005,False,1,0.0,0.24559999999999998,0.8027000000000001,60.0,0.0,0.0,0.0,1.9499191687116817,0.38450713334754166,2.1124014464098435,0.7747642643469086,0.4543352711086275,0.36912514728374635,0.3971090384686364,0.5309532924614874,0.05
525,0.19648,False,1,0.0,0.1488,0.9343999999999999,94.0,0.0,0.0,0.0,1.7344178081052164,0.21889657798819356,1.7980629499546068,0.8819245097649465,0.23054277777801296,0.25188757665840295,0.21836294995460684,0.6550888498638204,0.05
526,0.32526000000000005,False,1,0.0,0.2738,0.8240000000000001,56.8,0.0,0.0,0.0,1.9846526780884939,0.3580058303989505,2.0025961585799323,0.7824912840984247,0.46493655654327404,0.3552139239036632,0.34446264307208585,0.5918093605063188,0.05
527,0.2915,False,1,0.0,0.205,1.0,76.0,0.0,0.0,0.0,1.7202196347203405,0.17078653392063903,1.5347000000000004,0.05255482851270647,0.21050552044944784,0.14409310198678973,0.0004000000000002899,0.0012000000000008696,0.05
528,0.27776,False,1,0.0,0.1649,0.9410999999999999,60.0,0.0,0.0,0.0,1.756553852294663,0.2864736597550704,1.7951066280126255,0.8252400162838947,0.24698123594439853,0.28789503929475485,0.1838649613459586,0.5515948840378758,0.05
529,0.28255,False,1,0.0,0.1951,0.9346,67.2,0.0,0.0,0.0,1.7988309536197111,0.23508706932154583,1.6313555555312895,0.3402434813735642,0.2874385736125274,0.25428040284564757,0.07990000000000011,0.2397000000000003,0.05
530,0.29943000000000003,False,1,0.0,0.1971,0.9381999999999999,60.0,0.0,0.0,0.0,1.763394042921184,0.24558194549809387,1.6597111111111462,0.3328230694462297,0.27518868168039984,0.2559408542093052,0.0878000000000041,0.23793183897916068,0.05
531,0.33797000000000005,False,1,0.0,0.2728,0.7567,40.0,0.0,0.0,0.0,2.098016917190551,0.4171824652729288,2.3213484126077377,1.0861659628532057,0.5810597222996049,0.4132560429136601,0.5157008112373889,0.6984458386329293,0.05
532,0.25281000000000003,False,1,0.0,0.13879999999999998,0.9855,70.0,0.0,0.0,0.0,1.6925980537478718,0.13895607448383002,1.6485439236852872,0.33615815540498356,0.16796685219231386,0.12642314312218744,0.07990000000000096,0.23970000000000286,0.05
533,0.27207000000000003,False,1,0.0,0.1611,1.0,70.35,0.0,0.0,0.0,1.704015746748634,0.16832965903454558,1.5143,0.021656638705025242,0.1824566151994873,0.16040460988043515,2.237316847572854e-180,0.0,0.05
534,0.27649999999999997,False,1,0.0,0.22319999999999998,0.7342,50.0,0.0,0.0,0.0,2.0739645241522977,0.6114867108210198,2.5062803372761246,1.183591235881051,0.5382600243301241,0.49890254304659987,0.7096284024216586,0.8744001659128757,0.05
535,0.3109200000000001,False,1,0.0,0.23850000000000002,0.8739000000000001,59.1,0.0,0.0,0.0,1.8888618018550667,0.28156333831727515,1.887051001379699,0.8243531180168778,0.40447370224787427,0.3061910971394382,0.2548230489735574,0.5521648706082951,0.05
536,0.20701000000000008,False,1,0.0,0.12430000000000001,1.0,90.0,0.0,0.0,0.0,1.6439735587200943,0.052573101073779015,1.519900035593258,0.019927153104755662,0.14084559772576535,0.07514265563690886,5.9409110849085785e-214,0.0,0.05
537,0.2701,False,1,0.0,0.21259999999999998,0.9376,80.0,0.0,0.0,0.0,1.8387836980293373,0.361903980628143,1.777036859770773,0.8039403896076205,0.32260510072084075,0.3388019976654045,0.2138368597707732,0.6415105793123196,0.05
538,0.29663000000000006,False,1,0.0,0.2209,0.9400000000000001,70.0,0.0,0.0,0.0,1.8793824510720714,0.38011480501125744,1.8538904329209935,0.9915530451402429,0.3258894690080107,0.3148323662070002,0.15089891596712304,0.4526967479013691,0.05
539,0.24914999999999998,False,1,0.0,0.2524,0.6748999999999999,65.0,0.0,0.0,0.0,2.1722559539054265,0.5828850262063818,2.596979766635453,1.245342867089856,0.6408871091033359,0.49150356291617886,0.7360018024794861,0.8311638110906168,0.05
540,0.28776,False,1,0.0,0.1792,0.8744,50.0,0.0,0.0,0.0,1.7681290567329107,0.267796731679489,1.9909940522584955,1.042290935490486,0.29403856239932175,0.3272395116534672,0.29385946837299565,0.6332383296691465,0.05
541,0.27308000000000004,False,1,0.0,0.22999999999999998,0.8216000000000001,67.2,0.0,0.0,0.0,1.9190556684931817,0.4391819692065305,2.114483152171555,0.8559664025736935,0.42466441577235214,0.4091122204845539,0.3955765821384209,0.6625246973660887,0.05
542,0.24628000000000005,False,1,0.0,0.17830000000000001,0.8049,60.0,0.0,0.0,0.0,1.8965330348429348,0.45380081199497746,2.1186223738166112,0.9801722828322954,0.3746805801928372,0.41289343027949243,0.46125958443416976,0.7483987399722618,0.05
543,0.20845000000000008,False,1,0.0,0.1835,0.9200000000000002,98.0,0.0,0.0,0.0,1.9046321956013437,0.517683068087253,1.9047923732988572,0.7838757123832963,0.32260925350464104,0.36197776115412733,0.28026760753186414,0.6220957200173122,0.05
544,0.27002,False,1,0.0,0.18519999999999998,0.9346,70.0,0.0,0.0,0.0,1.7372478414371024,0.2403753603737582,1.8922714974179076,1.159545908296401,0.2571444399276953,0.2795611944598535,0.2124048307512411,0.6372144922537233,0.05
545,0.25179000000000007,False,1,0.0,0.1597,1.0,80.0,0.0,0.0,0.0,1.7181438739593538,0.20132690841679,1.528,0.047636120748860276,0.19165980249641104,0.17125937836086835,1.3566642590396065e-167,0.0,0.05
546,0.27531000000000005,False,1,0.0,0.2379,0.8626000000000001,75.0,0.0,0.0,0.0,1.9517934018063183,0.3903787109894033,2.2396711289659805,1.5111673897630207,0.42518909565922697,0.3697914816614934,0.3844097533639005,0.7732728348845885,0.05
547,0.25732999999999995,False,1,0.0,0.23999999999999994,0.8070999999999999,76.4,0.0,0.0,0.0,1.989096099509943,0.4850021352010445,2.29816879620992,1.2149586305516469,0.45576412625234386,0.4196522914666965,0.5365769769401074,0.8235996288418158,0.05
548,0.25033,False,1,0.0,0.20530000000000004,0.8033999999999999,67.2,0.0,0.0,0.0,1.9068217668137897,0.42265354304676217,2.4654355307617632,1.4450975210879957,0.4246476788166418,0.43517708405351385,0.6063785013811154,0.9333397350423284,0.05
549,0.25617,False,1,0.0,0.2183,0.9452,90.1,0.0,0.0,0.0,1.847341078178283,0.33582047960134,1.8066737086058673,0.7787977757727368,0.31328477468280985,0.28506701397487444,0.2184959308227532,0.633793328464656,0.05
550,0.25516999999999995,False,1,0.0,0.19739999999999996,0.8112999999999999,63.2,0.0,0.0,0.0,1.9250363045514174,0.43392861586468656,2.05006372471681,0.9199148781567644,0.4112137780021275,0.42457912776225254,0.3393788435167291,0.5764170515169539,0.05
551,0.27648000000000006,False,1,0.0,0.1865,0.9371,67.6,0.0,0.0,0.0,1.806136395625098,0.29262243471469673,1.7545447476352778,0.7092029481980764,0.2805903148878305,0.2926709473221265,0.1713772005368776,0.5141316016106328,0.05
552,0.30398000000000003,False,1,0.0,0.2183,0.9409000000000001,65.55,0.0,0.0,0.0,1.8327755239144703,0.25158509603876733,1.7534473235159276,0.6964254772043715,0.3049242101829571,0.24654643169807822,0.18174208059841468,0.545226241795244,0.05
553,0.18647000000000005,False,1,0.0,0.09480000000000001,0.9337,80.0,0.0,0.0,0.0,1.6951777889391528,0.2784345116227082,1.8272294821048003,0.7638750163302287,0.19163826241575482,0.31140184845761987,0.19542018340744843,0.5084204372793061,0.05
554,0.2938,False,1,0.0,0.2141,0.8690999999999999,58.4,0.0,0.0,0.0,1.8759394993612628,0.3380921165000866,1.965172420575153,0.9675960221001793,0.36456722213933745,0.3311280521632315,0.29017086385536467,0.6494454031203168,0.05
555,0.32967,False,1,0.0,0.30910000000000004,0.807,64.4,0.0,0.0,0.0,2.1385907019883943,0.44149721661387925,2.197898748249254,1.0718062210482562,0.5931697544233211,0.4040882820325803,0.4448167643084228,0.7294786120776828,0.05
556,0.23136000000000004,False,1,0.0,0.1849,0.8731,80.0,0.0,0.0,0.0,1.8371287506706842,0.3031367647703485,2.1984273305341544,1.2061300250036537,0.3344679998021311,0.3335699686285503,0.44334701844828217,0.7739114111033819,0.05
557,0.27109000000000005,False,1,0.0,0.2098,0.9341000000000002,78.0,0.0,0.0,0.0,1.8218822107580692,0.2506239150679155,1.8755738377227729,1.043775599289861,0.31168233309653454,0.27219485843808816,0.20439668521719337,0.61319005565158,0.05
558,0.30280000000000007,False,1,0.0,0.257,0.7430000000000001,50.0,0.0,0.0,0.0,2.121073185530732,0.5582502681604234,2.7288763363964708,1.548589463186652,0.5825381807819777,0.4775225179765409,0.8408747803486616,1.032378423489318,0.05
559,0.30484,False,1,0.0,0.2855,0.8753,78.8,0.0,0.0,0.0,1.9642836006747728,0.26551463860498464,2.0217917220428445,1.0088155688024747,0.45456888757784897,0.30534736566296716,0.382458388709511,0.7670422772026073,0.05
560,0.26575000000000004,False,1,0.0,0.23419999999999996,0.8727,80.0,0.0,0.0,0.0,1.8635330742899872,0.3147880522575146,2.2438241240932966,1.5007002389154553,0.37049383606336805,0.32688210825303565,0.32699010215231916,0.6740384875386319,0.05
561,0.19552000000000008,False,1,0.0,0.1296,1.0,97.6,0.0,0.0,0.0,1.705148130522026,0.1928238881340839,1.6211222241719583,0.22847630208533656,0.1643242738016135,0.15670605445134586,0.05880000000000128,0.16288204320919142,0.05
562,0.25889000000000006,False,1,0.0,0.1981,0.8674000000000002,70.0,0.0,0.0,0.0,1.8589809948862719,0.30086742387025195,1.8471397659873716,0.7398655089935525,0.3554447617720603,0.3349625979756697,0.2501678563655913,0.5397670872208856,0.05
563,0.27220000000000005,False,1,0.0,0.2089,0.8679,67.2,0.0,0.0,0.0,1.8659698442550863,0.34113354326716994,2.0836381392223218,1.1718312007413307,0.3687830428694818,0.37007874533907076,0.3782932824767451,0.7611965539527281,0.05
564,0.25979,False,1,0.0,0.17770000000000002,0.8699999999999999,62.8,0.0,0.0,0.0,1.7990089748604945,0.31473021225793585,2.0268310689870104,0.9947171115497927,0.31540523646581387,0.3487280802326326,0.3896866245425656,0.7485853178223802,0.05
565,0.20911000000000007,False,1,0.0,0.12730000000000002,1.0,90.0,0.0,0.0,0.0,1.675907653495884,0.13010483691641406,1.554866666677508,0.07650289755316265,0.15643412712457094,0.12092557458146314,0.012100000000000862,0.024209295735317934,0.05
566,0.25136000000000003,False,1,0.0,0.18480000000000002,0.9369999999999999,79.55,0.0,0.0,0.0,1.8050499414723482,0.2375296215090298,1.6249111107935221,0.3420535750994855,0.28454172107968867,0.2558232023866828,0.07980000000000279,0.23940000000000838,0.05
567,0.21833000000000005,False,1,0.0,0.1696,0.9177,87.85,0.0,0.0,0.0,1.8540813075626996,0.38998226313613726,2.0057432138606126,1.1246556764960804,0.31308968663978665,0.33121203099784174,0.27948765828081673,0.6197411413234596,0.05
568,0.2944,False,1,0.0,0.21200000000000002,1.0,77.0,0.0,0.0,0.0,1.7634319993613203,0.13426696475903577,1.5545222222420922,0.11803500265920694,0.2432168435276854,0.1157671267806047,0.03360000000000117,0.08381312546373841,0.05
569,0.36618,False,1,0.0,0.26639999999999997,1.0,60.15,0.0,0.0,0.0,1.8602391022371063,0.17228209375869916,1.5456777780532842,0.06066887367750933,0.32414774438982286,0.13415370860072906,0.004800000000000353,0.014400000000001058,0.05
570,0.3018400000000001,False,1,0.0,0.2274,0.8762000000000001,60.1,0.0,0.0,0.0,1.9131630737098693,0.38549852910711874,1.9553830725669623,0.9455324917466257,0.3959165035746557,0.367282367544837,0.24608629961503697,0.5180646930984567,0.05
571,0.23767000000000002,False,1,0.0,0.1756,0.8065000000000001,63.6,0.0,0.0,0.0,1.9265053903359408,0.4592017980474387,2.1141524787629065,1.1814700460014225,0.4238259356132471,0.4689949474975426,0.37458682365609175,0.6638693023843073,0.05
572,0.29974000000000006,False,1,0.0,0.19870000000000002,0.9355,60.0,0.0,0.0,0.0,1.7957854316325217,0.3021219981587394,1.8110404237182327,0.781474526784558,0.2950408785712543,0.30589216809078007,0.1909404237182327,0.5728212711546982,0.05
573,0.26019000000000003,False,1,0.0,0.26070000000000004,0.751,73.8,0.0,0.0,0.0,2.0628234887719317,0.45659821046251353,2.8043401226322486,1.4498746981048842,0.5353130563534922,0.43101144146598513,0.7693314298519522,0.8730907041569329,0.05
574,0.21897000000000003,False,1,0.0,0.20309999999999997,0.8,81.6,0.0,0.0,0.0,1.8927186080161573,0.34664437823797256,2.4713532836344476,1.4555131914877837,0.41655550268162367,0.39330518795385266,0.6002482613499297,0.9183237778845433,0.05
575,0.2472600000000001,False,1,0.0,0.17350000000000002,0.9367000000000001,77.6,0.0,0.0,0.0,1.750664346967021,0.21885760820534061,1.649411140683816,0.3361220750073861,0.24946196147559854,0.24611783078936766,0.07980000005612048,0.2394000001683615,0.05
576,0.27232,False,1,0.0,0.25270000000000004,0.6780999999999999,54.0,0.0,0.0,0.0,2.1858245865083097,0.5905253070985116,2.7197857659107303,1.3094604346729535,0.6271195685663701,0.4844566828059456,0.817939598967634,0.8791892181087241,0.05
577,0.26975000000000005,False,1,0.0,0.21180000000000004,0.9382999999999999,80.0,0.0,0.0,0.0,1.823987799428266,0.35164888155070484,1.828805595309415,0.8557751065091016,0.3124068117127764,0.32042474378477054,0.17955003975385847,0.5099921018837733,0.05
578,0.30712,False,1,0.0,0.265,0.7444,50.85,0.0,0.0,0.0,2.0898594516693625,0.4466092034520986,2.44324334145285,1.1501706037855206,0.5638480854304535,0.4253225909901227,0.5742270325117252,0.7649641956125293,0.05
579,0.26337000000000005,False,1,0.0,0.1739,0.9388,70.0,0.0,0.0,0.0,1.7347660796469544,0.23487769705232128,1.77013833431081,0.707309943637176,0.24136395322703197,0.25683591204093403,0.17401779900403525,0.5220533970121057,0.05
580,0.3013100000000001,False,1,0.0,0.2479,0.8766,67.6,0.0,0.0,0.0,2.036151265232463,0.43992463886556754,1.855882774990564,0.6736049445998654,0.45762224319461364,0.38281789065406674,0.2424952933425985,0.519205178580711,0.05
581,0.19516,False,1,0.0,0.1363,0.9324999999999999,90.0,0.0,0.0,0.0,1.733339990532571,0.31592168479359345,1.8234902580036807,0.9418099693234039,0.2268571879783913,0.3092548815825536,0.1781581918724063,0.534474575617219,0.05
582,0.28561000000000003,False,1,0.0,0.21030000000000001,1.0,80.8,0.0,0.0,0.0,1.7693258124827078,0.1661393274399751,1.5671444444444451,0.06523316300437766,0.2418233179187514,0.14349546485282197,0.012600000000000463,0.03780000000000139,0.05
583,0.31842000000000004,False,1,0.0,0.273,0.8244,60.0,0.0,0.0,0.0,2.076385202708225,0.5013013058727284,2.365721482831046,1.2838297704515613,0.5174497062427239,0.44317282304252875,0.6067940176913009,0.9179399027315505,0.05
584,0.33663000000000004,False,1,0.0,0.32249999999999995,0.6336,39.6,0.0,0.0,0.0,2.2173155959106063,0.433857257914598,2.6908563360104854,1.1670734881832086,0.7213250757158819,0.42316123931563854,0.8103457180878948,0.7999779663820001,0.05
585,0.20686,False,1,0.0,0.15189999999999998,0.9350999999999999,90.0,0.0,0.0,0.0,1.7277076590945342,0.2508157630759676,1.783682151248038,0.8338031678403705,0.224462539023451,0.2697568183052595,0.2254821512480381,0.6764464537441144,0.05
586,0.28644000000000003,False,1,0.0,0.2092,1.0,80.0,0.0,0.0,0.0,1.7475278127369727,0.13180315362986336,1.5302000000021607,0.048007916019901384,0.24124954302506377,0.11712952616104723,5.351096975073035e-198,0.0,0.05
587,0.24177,False,1,0.0,0.23150000000000004,0.8123999999999999,82.0,0.0,0.0,0.0,2.0118095097882867,0.5186747235715602,2.4149038264138767,1.3776099972549603,0.4697710006895731,0.43422115623600543,0.5345971687768458,0.803081281685588,0.05
588,0.19677000000000003,False,1,0.0,0.1617,0.8705999999999999,88.8,0.0,0.0,0.0,1.8528404889826369,0.34530085640615993,1.928735966141825,0.9455097868823917,0.33187836661453335,0.3496814023281275,0.258045007279434,0.5545840872638935,0.05
589,0.2526799999999999,False,1,0.0,0.22159999999999996,0.8051999999999999,72.0,0.0,0.0,0.0,2.002901337484777,0.4070602011443549,2.4167886741550624,1.370402346317359,0.4507163296270023,0.3874720669285917,0.4812567971157816,0.735190346495298,0.05
590,0.2529199999999999,False,1,0.0,0.21559999999999996,0.876,80.4,0.0,0.0,0.0,1.8762132091086283,0.39024870955655866,2.056258039667218,1.0885285280106873,0.36597771649555433,0.3898490677911772,0.3321903869709458,0.6646503304204329,0.05
591,0.25609000000000004,False,1,0.0,0.16670000000000001,1.0,80.3,0.0,0.0,0.0,1.7029431384417428,0.13747312257100888,1.5318,0.03011577659632905,0.18735325830623567,0.1133733786552212,1.3064203610677405e-201,0.0,0.05
592,0.30072,False,1,0.0,0.20949999999999996,0.8699,53.45,0.0,0.0,0.0,1.8591464581486636,0.2923998608550824,1.9396141873634118,0.8565506063336857,0.35585800123490047,0.33234215708258463,0.31617512486347205,0.6749967401780668,0.05
593,0.31517000000000006,False,1,0.0,0.1931,1.0,60.0,0.0,0.0,0.0,1.7394598457897774,0.18296949223458586,1.5295354499710938,0.038809105887236246,0.21838965436913496,0.1554711287899393,0.0020000000000003127,0.006000000000000938,0.05
594,0.22093999999999997,False,1,0.0,0.2009,0.8676999999999999,90.0,0.0,0.0,0.0,1.923648013962866,0.5384000199852449,2.232079152125077,1.399336053336255,0.37401424023430896,0.4346547992814277,0.3880891685933624,0.7280672677998203,0.05
595,0.34506000000000003,False,1,0.0,0.2625,0.9376999999999999,60.0,0.0,0.0,0.0,1.8203659096666285,0.2087226472429465,1.767329059487724,0.7121714527843003,0.3281595152923127,0.23417341428145258,0.18259544900622843,0.5029631577504996,0.05
596,0.18930000000000008,False,1,0.0,0.099,1.0,90.0,0.0,0.0,0.0,1.6345386489272649,0.07035204382340168,1.5147000000000004,0.03279649371503005,0.11966394575314639,0.0896939838065832,2.547385806055285e-223,0.0,0.05
597,0.27099,False,1,0.0,0.2,0.9353,74.8,0.0,0.0,0.0,1.845127166555174,0.27790628203632556,1.8597707291382939,1.0267238278223985,0.30895850079520615,0.277656206400668,0.200334223144844,0.601002669434532,0.05
598,0.34301000000000004,False,1,0.0,0.2479,0.8316000000000001,40.0,0.0,0.0,0.0,2.0293540490993403,0.4956850765655786,2.0530104391212984,0.9539504547652334,0.4688324095621378,0.41654109663051897,0.3375701164222051,0.5745788369684619,0.05
599,0.21122000000000005,False,1,0.0,0.153,0.8884000000000001,81.2,0.0,0.0,0.0,1.7839731730949964,0.3655811635030778,1.749269458570803,0.45337631555081004,0.28187902027649564,0.35296107814056044,0.15989797580975082,0.31979602666155676,0.05
600,0.22483000000000006,False,1,0.0,0.15560000000000002,0.9197,80.0,0.0,0.0,0.0,1.7750653206003009,0.3021981216877559,1.887947495424358,0.7657972910383529,0.2556478722766349,0.3002026290434859,0.24902773433844833,0.5365325644868402,0.05
601,0.31904000000000005,False,1,0.0,0.2385,0.8163,46.4,0.0,0.0,0.0,2.0212003312825817,0.5261046767778218,2.5760737047461935,1.6325638181308273,0.4560308401905807,0.44446406724800785,0.5916674547461925,0.9080080659694255,0.05
602,0.21422,False,1,0.0,0.1335,0.9359,80.0,0.0,0.0,0.0,1.6997595183100604,0.21366313246383178,1.6486111111108368,0.33923660212499757,0.2008685394576101,0.2371085974376124,0.07980000000000027,0.23940000000000078,0.05
603,0.25286000000000003,False,1,0.0,0.21030000000000001,0.9414999999999999,88.4,0.0,0.0,0.0,1.788684561358248,0.29405076360164123,1.7526658824649703,0.6722843993865818,0.28964178031964866,0.2871876521855157,0.17429947656555522,0.48082065774991567,0.05
604,0.24891000000000005,False,1,0.0,0.2569,0.7436,77.0,0.0,0.0,0.0,2.0283636481822667,0.3887640773524342,2.5916187182738315,1.3497471347862948,0.5349146202041324,0.41669077119617565,0.7506245898191451,0.9252182675555375,0.05
605,0.25760000000000005,False,1,0.0,0.168,1.0,80.0,0.0,0.0,0.0,1.6830978304702668,0.07646326996491938,1.5088000000000001,0.017651062290978382,0.18945916000024318,0.09237370727326044,1.0289154791773182e-209,0.0,0.05
606,0.2528100000000001,False,1,0.0,0.184,0.9467000000000001,80.0,0.0,0.0,0.0,1.7728378383138346,0.2693587236468534,1.7912051078556908,0.7409564709935443,0.25352527972728567,0.28125384075092463,0.1884717745223064,0.5411985453555667,0.05
607,0.2852,False,1,0.0,0.2081,0.9320999999999999,70.05,0.0,0.0,0.0,1.83631665142028,0.2830024815916654,1.6343123505010007,0.34457523909384297,0.3046282786978635,0.2746729270465665,0.07960023337616276,0.23880070012848834,0.05
608,0.28264,False,1,0.0,0.2028,0.9356,70.0,0.0,0.0,0.0,1.7882054291167215,0.2622586092179485,1.8673973769357612,0.9762367984983569,0.282368078661302,0.2608861107070246,0.16780009318780553,0.5034002795634167,0.05
609,0.35677000000000003,False,1,0.0,0.2705,0.8734,47.3,0.0,0.0,0.0,1.9263858868392556,0.33669267012511017,2.079820809897148,1.077466285077746,0.4265866901522067,0.34103076615674127,0.43309858746564667,0.8586120321595038,0.05
610,0.27113,False,1,0.0,0.22149999999999997,0.8705999999999999,72.55,0.0,0.0,0.0,1.9286617875499856,0.3609840876898868,2.0283953046480274,1.0258827730386364,0.3909612996393254,0.36293135709001206,0.3647953046480277,0.7296011150701973,0.05
611,0.26647,False,1,0.0,0.20749999999999996,0.9374,80.0,0.0,0.0,0.0,1.8194243753746793,0.3354416370260218,1.8155917413473468,0.8370609742870796,0.3088803535921516,0.3129941583242868,0.17119174134734577,0.5135752240420374,0.05
612,0.22086000000000003,False,1,0.0,0.1435,0.9347,80.0,0.0,0.0,0.0,1.6919823396639369,0.19302910681829386,1.7632892076397328,0.7077177965127627,0.204995788999091,0.2413049796725691,0.1632000148531234,0.48960004455937023,0.05
613,0.26359,False,1,0.0,0.1921,0.9343999999999999,75.6,0.0,0.0,0.0,1.7911103014790686,0.2544459219674307,1.8063326755047904,0.771637893074168,0.2833277657735748,0.28067156073936134,0.1619005979388571,0.48570179381657136,0.05
614,0.31377000000000005,False,1,0.0,0.2454,0.8733000000000001,60.0,0.0,0.0,0.0,1.9347775406023344,0.3142091402740888,2.0741627434670318,1.125381167560107,0.4154820794438875,0.336753054819725,0.34565240746920445,0.6913641889588963,0.05
615,0.2942600000000001,False,1,0.0,0.21710000000000002,0.8743000000000001,60.0,0.0,0.0,0.0,1.9024880175937742,0.4009220007613269,1.9050642411584515,0.8045388335147754,0.38130369157914396,0.362945294059311,0.24862885654813432,0.5357930356249851,0.05
616,0.3670900000000001,False,1,0.0,0.25670000000000004,1.0,56.3,0.0,0.0,0.0,1.8556682758956626,0.18185971569362286,1.610033333333342,0.18948300715367974,0.30319854292694093,0.12331126413297781,0.0541000000000013,0.13771452356233438,0.05
617,0.18172000000000005,False,1,0.0,0.1162,0.9346,90.0,0.0,0.0,0.0,1.729055468501069,0.281292402701822,1.7930547867424937,0.7569501607606836,0.20991391542473137,0.29886562730561866,0.17345476997587864,0.5190323466670037,0.05
618,0.21029000000000003,False,1,0.0,0.15860000000000002,0.9319000000000001,90.15,0.0,0.0,0.0,1.820142430024731,0.3082554828944251,1.7997495404502921,0.7894732357595516,0.2770033949392984,0.30018256331116777,0.18694429753277944,0.5608328925983382,0.05
619,0.32109000000000004,False,1,0.0,0.24490000000000003,0.8841999999999999,57.8,0.0,0.0,0.0,1.9340041653134563,0.41551257588285023,2.1863539561250214,1.3909325004245483,0.40967087266075375,0.38420182407510983,0.4138333617791031,0.8285710591394948,0.05
620,0.2699,False,1,0.0,0.1837,0.9376999999999999,70.0,0.0,0.0,0.0,1.7882949603235698,0.282346698513363,1.7837032531928685,0.7536753513353572,0.2693241776412386,0.2692499851984215,0.16169695002690995,0.4850908500807299,0.05
621,0.24331000000000005,False,1,0.0,0.2049,0.8686,80.35,0.0,0.0,0.0,1.917427355990841,0.4107668081933428,2.0093571140539357,0.9478751857395761,0.38913504986301367,0.4018422164533697,0.33153452803608635,0.6634516684774211,0.05
622,0.24784000000000006,False,1,0.0,0.18030000000000002,0.8721,70.0,0.0,0.0,0.0,1.825784268507272,0.3447253512327421,1.9781349683534972,1.076630435881345,0.3183073807067819,0.35805150915312906,0.26370010806988,0.5415970143035302,0.05
623,0.19520000000000004,False,1,0.0,0.1498,0.9358000000000001,95.2,0.0,0.0,0.0,1.728612071043719,0.3026043585494962,1.7983224404916918,0.8472566574814638,0.23038607179099654,0.28821372601928213,0.20692244049169148,0.6207673214750744,0.05
624,0.29005000000000003,False,1,0.0,0.20750000000000002,1.0,77.6,0.0,0.0,0.0,1.7442298196424972,0.14013903391162075,1.5163000057644318,0.031881201531334356,0.22842974527976007,0.12945299354179504,3.5910574454004834e-190,0.0,0.05
625,0.23456999999999992,False,1,0.0,0.20159999999999995,0.8074999999999999,74.4,0.0,0.0,0.0,2.0339502954964366,0.5316982302689937,2.354362314744108,1.2252485854768886,0.4637293231129771,0.43656875656885336,0.5437667496948595,0.8129813889294697,0.05
626,0.35647000000000006,False,1,0.0,0.2899,0.8678000000000001,53.4,0.0,0.0,0.0,1.9922841522913988,0.416418654972852,2.2235978663752394,1.5717311098316882,0.47399765877848943,0.3706133639651062,0.3590015221586481,0.7238319789720629,0.05
627,0.25134,False,1,0.0,0.2163,0.9330999999999999,90.0,0.0,0.0,0.0,1.7797844928256317,0.18721235604211445,1.7761740598740587,0.7501953069167628,0.29371083627162575,0.23709071032637483,0.18701152657515893,0.5557217206456269,0.05
628,0.30846,False,1,0.0,0.2743,0.8094999999999999,63.2,0.0,0.0,0.0,1.9673124336692855,0.35556821752291623,1.977696319053361,0.7186482216716802,0.4751129897039964,0.34663179788912474,0.33026055575467816,0.5552904875372334,0.05
629,0.30374999999999996,False,1,0.0,0.25739999999999996,0.7639,52.8,0.0,0.0,0.0,2.0192999482984346,0.4402430220132158,2.532639914945367,1.3312466548453588,0.5191407356076315,0.43058736730500935,0.5639723572688922,0.7178068162219886,0.05
630,0.32948999999999995,False,1,0.0,0.27549999999999997,0.8687999999999999,62.0,0.0,0.0,0.0,1.915963664666883,0.2547882287283627,2.1167089494640576,1.0604313892450976,0.43567855297724883,0.29738971579522927,0.4428755455987349,0.8172452438219076,0.05
631,0.28114000000000006,False,1,0.0,0.2238,0.8815999999999999,70.0,0.0,0.0,0.0,1.875242577508051,0.3273063203173477,1.7616444454653233,0.448826760369311,0.35888646080349107,0.30036035124818894,0.1642000000000007,0.3176667436166405,0.05
632,0.34274000000000004,False,1,0.0,0.26070000000000004,0.8675,50.0,0.0,0.0,0.0,2.015908242532437,0.31794615033749785,2.1706569115808643,1.3264416287638043,0.4476270926103309,0.30785109955187734,0.337702473790913,0.6704715622659317,0.05
633,0.23355000000000004,False,1,0.0,0.19989999999999997,0.9334,93.2,0.0,0.0,0.0,1.7645360499209293,0.2351204261588301,1.8700209110770571,0.8175104379252729,0.2805732821999095,0.2566638681170231,0.25314313329717586,0.5934283229885714,0.05
634,0.26438999999999996,False,1,0.0,0.25379999999999997,0.7411,67.8,0.0,0.0,0.0,2.0861229568901445,0.4891309396033876,2.422035311505622,1.1019841361518221,0.5667967912720495,0.44905588249580597,0.582006406225928,0.7430488272432069,0.05
635,0.31332000000000004,False,1,0.0,0.2494,0.8028000000000001,51.05,0.0,0.0,0.0,1.9311555472516786,0.3538031669190039,2.3174239395622367,1.1290418464435374,0.45618554435231806,0.3778744487520459,0.5815528501156789,0.8653826699933505,0.05
636,0.3493200000000001,False,1,0.0,0.26980000000000004,0.8202,42.8,0.0,0.0,0.0,1.9939690829109384,0.442578799742379,2.1967750281590384,1.1710420317870711,0.4738830936815268,0.4035541234688486,0.4657756744932538,0.7690211046251014,0.05
637,0.21174000000000004,False,1,0.0,0.15630000000000002,0.9410999999999999,90.0,0.0,0.0,0.0,1.7474546851755495,0.3002829995351496,1.7727752350875587,0.7357595346443363,0.2477913962615091,0.3026104290612963,0.17887523508755834,0.536625705262675,0.05
638,0.27266999999999997,False,1,0.0,0.26949999999999996,0.8033999999999999,78.5,0.0,0.0,0.0,2.141815360806212,0.49000555685127994,2.3172877362329296,1.2328918280500427,0.5511787567072824,0.42009821281747456,0.5079172290879506,0.776375334523592,0.05
639,0.20743000000000006,False,1,0.0,0.1528,0.9349000000000001,90.0,0.0,0.0,0.0,1.743407329044452,0.27596395049033356,1.9185372325997558,1.164028558667912,0.2372112221706412,0.2810391851449896,0.19942150384721782,0.5982645115416535,0.05
640,0.27312000000000003,False,1,0.0,0.1872,0.9376,69.6,0.0,0.0,0.0,1.7615556566490889,0.2541493225521173,1.779415137571353,0.7250297932214599,0.27086721322939855,0.2805004567389528,0.19091513655410006,0.5582329014600215,0.05
641,0.26476000000000005,False,1,0.0,0.2041,0.8063,60.0,0.0,0.0,0.0,1.901837807157524,0.38253961968230865,2.3366990310914493,1.3978345368402663,0.40607196612246427,0.4033920100965008,0.47129291829073844,0.7808199809825532,0.05
642,0.2683,False,1,0.0,0.2121,0.8661,70.0,0.0,0.0,0.0,1.8227916730446647,0.3065561421903634,1.89392669849718,0.8135152825314386,0.3361830850730666,0.32066082624043013,0.20091207701182148,0.3971242138401205,0.05
643,0.34924,False,1,0.0,0.26539999999999997,0.8742000000000001,49.4,0.0,0.0,0.0,1.9159273373134518,0.34029212140200316,1.8397797808842014,0.722066320889614,0.41729223987921377,0.3376045207953102,0.24969764851504256,0.5385012479172873,0.05
644,0.25052,False,1,0.0,0.1849,0.8703,70.0,0.0,0.0,0.0,1.8155417288321565,0.3089214782815094,1.9334253357867106,0.8089058479545629,0.3262547943441789,0.3479658212934356,0.2819697802302375,0.6266219784365079,0.05
645,0.24001,False,1,0.0,0.1395,0.9411999999999999,70.0,0.0,0.0,0.0,1.7238034306358987,0.22831478517764692,1.6755063866403375,0.33501249392954985,0.2149657717577917,0.2339527742471562,0.07990000000000039,0.2397000000000012,0.05
646,0.29418,False,1,0.0,0.2189,0.9365,70.0,0.0,0.0,0.0,1.812350637838388,0.27253958879812556,1.7913273094553568,0.7662421556538139,0.30468380124327105,0.26902796330349543,0.20603842056643956,0.6161178586105249,0.05
647,0.2708900000000001,False,1,0.0,0.2104,0.8797,70.15,0.0,0.0,0.0,1.8956937345036984,0.32079230262966035,1.7345916666710959,0.46276635508488084,0.36453162237842646,0.3214973159945179,0.15970000000034332,0.3194000782724371,0.05
648,0.22199,False,1,0.0,0.1704,0.8756999999999999,80.0,0.0,0.0,0.0,1.8006636225648183,0.3068836462153218,1.8755070633806408,0.8011575037481676,0.3090346764043347,0.33335911136717883,0.25290041009232905,0.547650349015693,0.05
649,0.21904000000000004,False,1,0.0,0.14090000000000003,0.9347,80.0,0.0,0.0,0.0,1.7307481493677912,0.2571067114656575,1.6385888888888878,0.34181829715742496,0.22622433451741647,0.26310250227556464,0.09360000000000072,0.2383775157182413,0.05
650,0.3233500000000001,False,1,0.0,0.20780000000000004,0.9343,51.2,0.0,0.0,0.0,1.7871306649515515,0.21168913768107694,1.825057670640619,0.7712421894112982,0.2918446854995612,0.24184182835891804,0.20720211508506314,0.5134885919478702,0.05
651,0.2954,False,1,0.0,0.24620000000000003,0.8131999999999999,60.45,0.0,0.0,0.0,1.929869317727738,0.31823663061780644,2.2016461778183647,1.1340413681425625,0.45099540644168795,0.3650350718998563,0.4933400999036463,0.8293966962488132,0.05
652,0.19967000000000004,False,1,0.0,0.12410000000000002,1.0,93.6,0.0,0.0,0.0,1.637474058512335,0.09397743095538384,1.5254501736853128,0.039612603619609985,0.13202145833786527,0.10005046360281651,0.005300000000000722,0.015569521508383944,0.05
653,0.2654300000000001,False,1,0.0,0.25020000000000003,0.8823000000000001,87.2,0.0,0.0,0.0,1.9299678182143638,0.42333651094460373,2.1460727935939956,1.1996572164004573,0.39136943175888683,0.3750728564729649,0.37128764874547826,0.7490758950819458,0.05
654,0.20862000000000006,False,1,0.0,0.1547,0.8651,79.6,0.0,0.0,0.0,1.8354962340975909,0.37862831502495425,2.1576275408105676,1.2992077037729186,0.33566501445351626,0.4039141544280873,0.38643449957407805,0.7772750020463463,0.05
655,0.28238,False,1,0.0,0.21109999999999998,0.8807,64.8,0.0,0.0,0.0,1.832438113726083,0.2645191059187003,1.8536208183323368,0.7150003918856884,0.3390499534490919,0.29933454783632535,0.24282211466532827,0.5200768398313969,0.05
656,0.19587000000000004,False,1,0.0,0.17729999999999999,0.8602000000000001,93.15,0.0,0.0,0.0,1.9993603401998616,0.6500726266846214,2.1161919507649007,1.1585918297450408,0.3976512632412961,0.4605529023616829,0.40696167861678995,0.792018797599216,0.05
657,0.24983000000000005,False,1,0.0,0.20780000000000004,0.8199,70.8,0.0,0.0,0.0,1.9354185600643308,0.4176073387458164,2.1867084925738722,1.0842823972800066,0.4110625805237086,0.41095457269094016,0.44085722170976815,0.7216225568397726,0.05
658,0.31954000000000005,False,1,0.0,0.22319999999999998,1.0,68.35,0.0,0.0,0.0,1.7792757360592801,0.17529139709967365,1.5262352213541672,0.029602017767539644,0.25323229824956195,0.13032563114438775,0.0016000000000003071,0.004800000000000921,0.05
659,0.20561000000000007,False,1,0.0,0.16030000000000003,0.93,92.8,0.0,0.0,0.0,1.7888960715821498,0.4035615345901023,1.8240414151055446,0.8489497727239899,0.27377988450513263,0.34532776193549936,0.2047007412959326,0.5549602418819063,0.05
660,0.27526000000000006,False,1,0.0,0.2253,0.9395,82.15,0.0,0.0,0.0,1.835992704138923,0.2861455644803156,1.7587555545541373,0.6812529470099967,0.3166580156030129,0.2709041811718249,0.1551999992607461,0.4485346787169323,0.05
661,0.29839000000000004,False,1,0.0,0.2776,0.7469,60.0,0.0,0.0,0.0,2.1157237167099923,0.4106429129919397,2.298802429248274,1.050785020940807,0.5772153537468092,0.3797436524495156,0.4168499680437442,0.5452707813998507,0.05
662,0.27305999999999997,False,1,0.0,0.2165,0.8717,70.0,0.0,0.0,0.0,1.8837566740920362,0.40665126244236743,1.9481633505872025,0.8770704363242109,0.36053196448885255,0.3523119071961346,0.3069035188847201,0.6140011177157099,0.05
663,0.25121000000000004,False,1,0.0,0.2283,0.7500000000000001,66.8,0.0,0.0,0.0,2.0453303885398135,0.4699739923085423,2.6260285780380364,1.3226321214419037,0.5388239325189604,0.4784768610548305,0.7432530900903327,0.9231174661646835,0.05
664,0.26278999999999997,False,1,0.0,0.22169999999999995,1.0,96.2,0.0,0.0,0.0,1.8027216723091901,0.2037683250258129,1.540683508894179,0.03320356824634247,0.2609582551857013,0.1586833526593767,6.104465869575101e-189,0.0,0.05
665,0.22713000000000008,False,1,0.0,0.1575,0.9336,81.6,0.0,0.0,0.0,1.7601635731526144,0.2711594040747086,1.7750384595978272,0.731323587361677,0.261045572097181,0.30112201370496616,0.171058216678568,0.5131746500357041,0.05
666,0.24609999999999999,False,1,0.0,0.1782,0.8712,70.0,0.0,0.0,0.0,1.8232300957880476,0.33972362140781387,1.9726034191123667,0.8778762979441259,0.32425294392615334,0.3550869955080502,0.3220475417800186,0.6441568259011892,0.05
667,0.24930000000000002,False,1,0.0,0.18380000000000002,0.8688,70.0,0.0,0.0,0.0,1.8802141798585328,0.3581415089383183,2.0509513454220225,0.9858235273465344,0.3464182873440892,0.36681662873309034,0.3277703676921642,0.6557259988673022,0.05
668,0.39391,False,1,0.0,0.2759,0.9376,40.25,0.0,0.0,0.0,1.858170001911332,0.24891707108569025,1.6472969752489228,0.33786074686971596,0.3584701892955654,0.2536092952362729,0.09330000328053313,0.23659927012478763,0.05
669,0.3028300000000001,False,1,0.0,0.23620000000000002,0.8833,63.75,0.0,0.0,0.0,2.0632861500797794,0.550791646384104,1.9725488973726182,0.9706375241333843,0.4555913197013705,0.4298461754926401,0.2911986145622868,0.5978574985956038,0.05
670,0.24538000000000001,False,1,0.0,0.18419999999999997,0.9428000000000001,83.2,0.0,0.0,0.0,1.767742219483635,0.3286721027095725,1.7876383585712907,0.8167828888354087,0.2609662423863198,0.29375951918642257,0.20271698304470162,0.608150949134105,0.05
671,0.3045800000000001,False,1,0.0,0.303,0.6886,57.05,0.0,0.0,0.0,2.2032123868672095,0.4890082473189591,2.7777505613664304,1.3430743981322155,0.6819184926779343,0.4521141019548895,0.6785787458338265,0.7563684763180079,0.05
672,0.2558,False,1,0.0,0.195,1.0,90.35,0.0,0.0,0.0,1.7516862975547134,0.18912151550974962,1.5337,0.04195247310946043,0.2190589776830413,0.1220727830985053,6.849404213210205e-196,0.0,0.05
673,0.21233000000000002,False,1,0.0,0.1319,1.0,90.0,0.0,0.0,0.0,1.65722233218261,0.08100725087456964,1.5683000000000002,0.06244845874799477,0.14986771603468652,0.09032412595689102,1.691877768524041e-202,0.0,0.05
674,0.2500500000000001,False,1,0.0,0.18430000000000002,0.9368000000000001,80.0,0.0,0.0,0.0,1.7734427500908976,0.26598014399644576,1.6744771343432567,0.3505612770064181,0.27497577822982283,0.29078120584699946,0.1116191101526618,0.24771854533795926,0.05
675,0.21584000000000003,False,1,0.0,0.1542,1.0,96.05,0.0,0.0,0.0,1.7250654341676348,0.18682899666834962,1.5244482638888894,0.03585846201331096,0.1857825554126679,0.11858241721768657,0.0018000000000003096,0.00540000000000093,0.05
676,0.27724000000000004,False,1,0.0,0.2037,0.9155,70.0,0.0,0.0,0.0,1.8097594000827164,0.22481899020476762,1.8507256479206375,0.7241438586282183,0.2983142113823673,0.2294370226055715,0.23531249825542727,0.4999985743026875,0.05
677,0.26038000000000006,False,1,0.0,0.1719,0.9335000000000001,70.0,0.0,0.0,0.0,1.7738350488691612,0.3052180621007426,1.7478264127093983,0.6435607101951656,0.26726109453644964,0.30819121870889576,0.16177942764599348,0.47936832341105945,0.05
678,0.22214000000000003,False,1,0.0,0.1467,0.9315,80.0,0.0,0.0,0.0,1.7933966713303966,0.3044108149527723,1.757507745788051,0.7151151352987503,0.25092536668019316,0.29301447840708067,0.15930916157324046,0.4779274847197214,0.05
679,0.20796000000000003,False,1,0.0,0.1497,0.9439,90.0,0.0,0.0,0.0,1.7477294444409222,0.2856204844719163,1.7068057291666765,0.32368318577783317,0.23319512247694715,0.2797853247134307,0.09220000000000075,0.23843690989442096,0.05
680,0.21626000000000004,False,1,0.0,0.1641,0.8713000000000001,80.0,0.0,0.0,0.0,1.8453323547016567,0.3850267291700568,2.156654409244478,1.246173377242152,0.32910858400519294,0.38685836018845865,0.4053198182606497,0.8287962725502449,0.05
681,0.27173,False,1,0.0,0.26180000000000003,0.6948999999999999,60.0,0.0,0.0,0.0,2.0324520393782963,0.4032549845552413,2.628846149086846,1.182877538244397,0.5598411619380119,0.4310181522445981,0.7818371109788386,0.8389021190148271,0.05
682,0.27340000000000003,False,1,0.0,0.1995,0.8724999999999999,64.0,0.0,0.0,0.0,1.9534945161071362,0.4627488633068389,2.086414762981783,1.145531472389105,0.39368760511851086,0.40608990581662524,0.32583264614371316,0.6517563428682275,0.05
683,0.21947000000000005,False,1,0.0,0.16940000000000002,0.9362999999999999,90.0,0.0,0.0,0.0,1.7249853408762643,0.22852786499405162,1.7950456681594944,0.8307786332957938,0.2298587614325831,0.24234181394501117,0.16134566815949397,0.48403700447848197,0.05
684,0.26714,False,1,0.0,0.20750000000000002,0.8062999999999999,60.0,0.0,0.0,0.0,1.8869029736462024,0.3634630603463092,2.394571817070699,1.2815319882049765,0.4081472015598709,0.3990734955601551,0.5219779208919401,0.7792460194067037,0.05
685,0.2934000000000001,False,1,0.0,0.189,0.937,60.0,0.0,0.0,0.0,1.7859226015046314,0.301055497632888,1.6421333373292732,0.3372274528291892,0.2813805486223525,0.30880985854690834,0.08380000002355303,0.23836518209176996,0.05
686,0.23800000000000002,False,1,0.0,0.1732,0.9332,81.6,0.0,0.0,0.0,1.803366621727596,0.43384483442893923,1.806767052913528,0.8105907732308198,0.2856052253113509,0.3671168265147613,0.20834705122761324,0.6190644150272085,0.05
687,0.18518000000000012,False,1,0.0,0.12200000000000003,0.9326000000000001,90.0,0.0,0.0,0.0,1.685107058460509,0.27519496228996093,1.8310512188668848,0.9551181106438444,0.18712082237738265,0.26277159835395814,0.17080739969852615,0.5124221990955784,0.05
688,0.28407999999999994,False,1,0.0,0.20309999999999997,0.8676999999999999,59.2,0.0,0.0,0.0,1.83690951902554,0.33160519290058155,2.0845822455259926,1.1297332858072164,0.3530623183002767,0.37463871076733357,0.40564891219265925,0.8119705202556271,0.05
689,0.24645,False,1,0.0,0.20759999999999995,0.9371,90.0,0.0,0.0,0.0,1.8167646247936173,0.24079445568330507,1.6389777777242123,0.3375555103173815,0.3058958454989613,0.2670853308146882,0.08480000000024782,0.23820025188977645,0.05
690,0.26437,False,1,0.0,0.22480000000000003,0.8686999999999999,76.8,0.0,0.0,0.0,1.944117207214972,0.3924410416322109,1.9615591552197333,0.8808871083583976,0.41291718862524524,0.38387954235771743,0.3345094397138393,0.6697261394453365,0.05
691,0.28554000000000007,False,1,0.0,0.1802,1.0,70.3,0.0,0.0,0.0,1.7499853638467826,0.2139878865640941,1.5597105622198515,0.06212457097588805,0.21598647455380596,0.1321818333288445,1.2168537104898464e-210,0.0,0.05
692,0.34324000000000005,False,1,0.0,0.25720000000000004,0.744,30.0,0.0,0.0,0.0,2.0470301110928495,0.4709502003715321,2.404910073325224,1.1507912388567403,0.5263959293708689,0.4275212995828372,0.5888113772116534,0.7521060634989254,0.05
693,0.26033000000000006,False,1,0.0,0.1719,1.0,80.0,0.0,0.0,0.0,1.7433938849190163,0.22437211114894362,1.53,0.05669038719218633,0.21220381387051787,0.16309980977109767,6.690523622853257e-179,0.0,0.05
694,0.3114300000000001,False,1,0.0,0.252,0.7381000000000001,43.2,0.0,0.0,0.0,1.98267644026296,0.34436304774737064,2.456233995427381,1.2193858902432817,0.5237862143500358,0.4105447072056084,0.635942323159912,0.8336785354878196,0.05
695,0.29241999999999996,False,1,0.0,0.2412,0.6786,40.0,0.0,0.0,0.0,2.0841459632217276,0.458215050605294,2.65957155902971,1.2394584163841273,0.5988500543181605,0.46731583318503217,0.7316030810465081,0.7837974779446266,0.05
696,0.25390000000000007,False,1,0.0,0.2193,0.8053000000000001,70.6,0.0,0.0,0.0,2.074283048213603,0.7111740450853883,2.421785067721667,1.634991686716193,0.46191422788726844,0.44411213836814123,0.4792416472781219,0.7743915131616901,0.05
697,0.25812,False,1,0.0,0.23070000000000004,0.7540999999999999,64.8,0.0,0.0,0.0,2.0331414543388333,0.5133858626505751,2.704043232524635,1.4173991379700521,0.5132350152988856,0.48035791798553323,0.7270222608545839,0.8947622973554312,0.05
698,0.23309,False,1,0.0,0.21810000000000002,0.8013999999999999,80.0,0.0,0.0,0.0,1.9238709940997054,0.3873841867469166,2.3772187028825664,1.329207607833163,0.4377517519312512,0.41119689181633695,0.5932101959278565,0.9123138641019658,0.05
699,0.2428000000000001,False,1,0.0,0.20210000000000003,0.8701000000000001,79.85,0.0,0.0,0.0,1.9389334583148081,0.4644010171021194,1.8630343284252622,0.7994976361463346,0.372199640417846,0.3754558552116863,0.27661632575136724,0.6118871579738264,0.05
700,0.23215000000000008,False,1,0.0,0.1627,0.8682000000000001,71.1,0.0,0.0,0.0,1.9393540584955893,0.5954672594396678,2.0689965699648383,1.0500010947272278,0.3623344334162569,0.4573686279113281,0.3681514655883634,0.7371732920271741,0.05
701,0.19902000000000003,False,1,0.0,0.1226,1.0,93.4,0.0,0.0,0.0,1.685124489077659,0.16242537106408292,1.5559890625559372,0.052860351013129116,0.15953619627283874,0.1179010479743144,0.002800000000000324,0.008400000000000973,0.05
702,0.23396000000000006,False,1,0.0,0.1628,1.0,90.0,0.0,0.0,0.0,1.7344452319019208,0.20684740805783877,1.5463,0.03973675880088867,0.1926143437416329,0.16008407326649712,3.255812976461027e-183,0.0,0.05
703,0.24927000000000002,False,1,0.0,0.1561,1.0,80.0,0.0,0.0,0.0,1.655311766362805,0.08252701252900897,1.5105,0.016698802352264654,0.1617255534479652,0.09297296744510657,5.940911047793474e-214,0.0,0.05
704,0.34732999999999997,False,1,0.0,0.3015,0.8116,53.6,0.0,0.0,0.0,2.056869107941568,0.387529862752951,2.2810294800157873,1.1330693425938634,0.5354947049877995,0.37206589135300344,0.5378318826289707,0.8270020654404654,0.05
705,0.25046,False,1,0.0,0.2144,0.9356,90.15,0.0,0.0,0.0,1.8405478224346097,0.27629018019471735,1.8344654302047736,0.8791216139072764,0.30723817249932994,0.23482648756519986,0.1680370245818968,0.502779154775112,0.05
706,0.22171999999999997,False,1,0.0,0.1806,0.8029999999999999,72.8,0.0,0.0,0.0,1.8671268425951808,0.36720023239790245,2.286190193938867,1.150525857689246,0.38283854648451515,0.40072856585377276,0.4807918410735475,0.7355818088155072,0.05
707,0.26013000000000003,False,1,0.0,0.1712,0.9343,70.0,0.0,0.0,0.0,1.7280476624494774,0.22804388950437746,1.7777035595844939,0.6806227310588316,0.24782747841468597,0.2682230146955358,0.17177578974324728,0.5153273692297418,0.05
708,0.26460000000000006,False,1,0.0,0.2592,0.8772,90.0,0.0,0.0,0.0,1.9240809877807177,0.37259679706569887,1.961550187259902,0.902989655603031,0.41118295808980515,0.35159942888978335,0.1998999997191356,0.40041239931230416,0.05
709,0.18503000000000008,False,1,0.0,0.09290000000000001,1.0,90.0,0.0,0.0,0.0,1.654536201433902,0.12707135391542254,1.575866689015099,0.14977910083292384,0.13045219378950415,0.10663330948631858,0.03620000000000147,0.10463058826175319,0.05
710,0.21463000000000002,False,1,0.0,0.12860000000000002,0.9487,80.0,0.0,0.0,0.0,1.774066483839157,0.40297976450510625,1.6726111111263968,0.33106999096677736,0.22707618972913296,0.32904588611778945,0.07980000000021278,0.23940000000063835,0.05
711,0.32208000000000003,False,1,0.0,0.2594,0.9349999999999999,70.0,0.0,0.0,0.0,1.8858342484760704,0.28120347892495484,1.7840162194084972,0.7056914681428522,0.35664160832925357,0.2575351180245856,0.18216621939468242,0.5464986581840472,0.05
712,0.2569800000000001,False,1,0.0,0.2152,0.8878,80.0,0.0,0.0,0.0,1.8412997590314677,0.3678860393566637,2.066362767314829,1.0217624879377902,0.3447037023249222,0.3600957986359208,0.3552712991971795,0.7109103393002022,0.05
713,0.30284,False,1,0.0,0.26060000000000005,0.8013999999999999,60.0,0.0,0.0,0.0,2.0033462412302665,0.3632194638469412,2.412094953926464,1.2891624740343886,0.5101850667657891,0.38675027703545406,0.5464834627283671,0.767821170542735,0.05
714,0.21710000000000002,False,1,0.0,0.1498,0.9368000000000001,84.4,0.0,0.0,0.0,1.7227145727308197,0.2703579078193645,1.751997234391909,0.6629516710202435,0.2152960804744803,0.25699690882103937,0.16520019498590072,0.4588610850286063,0.05
715,0.23514999999999997,False,1,0.0,0.22279999999999997,0.8652999999999998,90.2,0.0,0.0,0.0,2.102578530997451,0.7931933519696718,2.2040633512079144,1.4484375029484886,0.46541910245371876,0.5018033125720364,0.39660646994788834,0.7932274635358557,0.05
716,0.32713000000000003,False,1,0.0,0.2609,1.0,77.75,0.0,0.0,0.0,1.9022413194986025,0.27810083451245665,1.5241000000000007,0.0337563327392056,0.33282186923112395,0.18383688611038626,5.175258943974553e-173,0.0,0.05
717,0.21479000000000006,False,1,0.0,0.16499999999999998,0.8663000000000001,80.3,0.0,0.0,0.0,1.8109409813832762,0.31161574417624266,2.0160892498539753,1.0035916365711972,0.3195402266658537,0.3637045828864065,0.35124393305549845,0.7062088681793877,0.05
718,0.25540000000000007,False,1,0.0,0.19180000000000003,0.9388,80.25,0.0,0.0,0.0,1.8209638878093546,0.3747089994543931,1.947647161897376,1.2073211594464188,0.292160314317676,0.3308359838679685,0.23833972214868995,0.7150191664460698,0.05
719,0.28719000000000006,False,1,0.0,0.1817,1.0,70.0,0.0,0.0,0.0,1.709881516761929,0.11025364033019608,1.5130057293097177,0.020170453182387943,0.2006498092534003,0.11957408280158595,1.0168400462042585e-195,0.0,0.05
720,0.2818600000000001,False,1,0.0,0.22080000000000002,0.875,67.6,0.0,0.0,0.0,1.8641430040514535,0.37657194465115784,2.0731233378429392,1.1218101127912552,0.37153047721919136,0.38744053010886775,0.36058621780627814,0.7222276086729869,0.05
721,0.24570000000000003,False,1,0.0,0.17870000000000003,0.8687000000000001,70.0,0.0,0.0,0.0,1.8834848039371934,0.3992411591562724,2.1068211659794267,1.1752688583352928,0.3566299970606169,0.3915505895482469,0.4245743841832351,0.8463541376163193,0.05
722,0.29178000000000004,False,1,0.0,0.2617,0.8073,66.8,0.0,0.0,0.0,1.950254518048905,0.3370643042467496,2.2087729687480753,1.1249588266329644,0.4741812784530118,0.3739583505307919,0.46911825501376814,0.7568164868046038,0.05
723,0.29300000000000004,False,1,0.0,0.22490000000000002,0.8759,63.6,0.0,0.0,0.0,1.8453750745438335,0.27611435731581485,1.9657172098506444,0.9064896015670173,0.3590129578225986,0.31421698956487626,0.31960551379684854,0.6403395829372585,0.05
724,0.25673999999999997,False,1,0.0,0.1949,0.8676999999999999,70.0,0.0,0.0,0.0,1.7982854419253957,0.2684263806432613,2.0863493359153873,1.127740900816984,0.330848404043442,0.33466535084817883,0.3590879687971134,0.7181817121434428,0.05
725,0.33048,False,1,0.0,0.2525,0.8121,44.95,0.0,0.0,0.0,1.9390186393296946,0.41387633953145225,2.308658278928835,1.37996954627445,0.45033063735515116,0.39807246291711595,0.4493600125217007,0.7406319048694145,0.05
726,0.16916000000000003,False,1,0.0,0.0988,1.0,100.0,0.0,0.0,0.0,1.631667123063054,0.09251135248843423,1.5118008325258891,0.027834158126785753,0.12113620576217868,0.09989102598456955,1.4852277682480638e-214,0.0,0.05
727,0.26749,False,1,0.0,0.23609999999999998,0.8074,70.0,0.0,0.0,0.0,1.9447839617172935,0.38973440251046504,2.5904767450595747,1.6894582788638262,0.4546428683326248,0.4087566951124905,0.5971343517236847,0.9199356958674103,0.05
728,0.22812,False,1,0.0,0.1903,0.7456999999999999,64.4,0.0,0.0,0.0,1.9956115128474956,0.4800871122523209,2.810620649606323,1.5855282143173584,0.4900845584785712,0.4904961500147729,0.7559344147934962,0.9298445649677228,0.05
729,0.27309000000000005,False,1,0.0,0.20190000000000002,0.8022,54.45,0.0,0.0,0.0,1.981547586148889,0.5574901978568221,2.065022454562011,0.9859085206823288,0.4343790160648723,0.4235523427476302,0.34308176904072857,0.5884823375277859,0.05
730,0.28488,False,1,0.0,0.2037,0.9303000000000001,68.4,0.0,0.0,0.0,1.9075726120317014,0.6214557269627882,1.8788048579329861,1.0457585456180083,0.33618147288253625,0.434880891743592,0.21289517065038105,0.6160290980355875,0.05
731,0.25727,False,1,0.0,0.2211,0.875,80.0,0.0,0.0,0.0,1.8395069707263612,0.354016890069301,2.118987574738033,1.1704742446369174,0.3476170753317843,0.3447806760318514,0.28203259965179844,0.5891301470086723,0.05
732,0.30266000000000004,False,1,0.0,0.20379999999999998,1.0,70.0,0.0,0.0,0.0,1.7287359424852418,0.13566409544996583,1.548967350790237,0.06964497988570988,0.21863804022769678,0.13399236167895764,0.014900000000000874,0.04470000000000261,0.05
733,0.29280000000000006,False,1,0.0,0.23199999999999998,1.0,84.8,0.0,0.0,0.0,1.799461305049657,0.14606302642990068,1.572558184040918,0.07356788774585969,0.2731890505664278,0.10667323326493344,0.005200000000000358,0.015600000000001073,0.05
734,0.24372,False,1,0.0,0.1742,0.8725999999999999,70.0,0.0,0.0,0.0,1.856650548409021,0.42235212316047605,1.955277382135063,0.9986672649562807,0.34753871056485164,0.4199427453736223,0.28361332531489997,0.6317748418259915,0.05
735,0.25975000000000004,False,1,0.0,0.1425,1.0,70.0,0.0,0.0,0.0,1.6547285890873344,0.10447956601183052,1.5466000000000002,0.05904439008068427,0.15147352226803767,0.10688953873941093,2.0921429779251934e-201,0.0,0.05
736,0.19665000000000005,False,1,0.0,0.1095,1.0,90.0,0.0,0.0,0.0,1.6432768467105507,0.08046243271703776,1.5526004303720264,0.06709004333716481,0.1323571396035208,0.0803051195512849,3.0656204266488224e-221,0.0,0.05
737,0.28794000000000003,False,1,0.0,0.2871,0.7399,67.5,0.0,0.0,0.0,2.1703775609261218,0.46538307890977015,2.7120442878341313,1.3719588811711232,0.5977215517179442,0.4252555229570089,0.8355675297543543,0.9940589201797753,0.05
738,0.24227,False,1,0.0,0.1971,0.881,80.0,0.0,0.0,0.0,1.8644461619535497,0.3518277790757704,2.103218971576805,1.0864568395719112,0.33132220279366303,0.3309436731506086,0.4309845964192639,0.8053399175003461,0.05
739,0.21789000000000003,False,1,0.0,0.1627,1.0,98.0,0.0,0.0,0.0,1.70376488894983,0.11846380369643354,1.574655630482568,0.07277609565217394,0.19175529044812717,0.11271965630048253,3.4247005569947583e-196,0.0,0.05
740,0.28359000000000006,False,1,0.0,0.25440000000000007,0.7516999999999999,60.0,0.0,0.0,0.0,2.056067092432877,0.5056545315739682,2.423973593441457,1.1795484065927435,0.5406241068364726,0.44546464798664576,0.6084502949684559,0.7969557792958385,0.05
741,0.18463000000000002,False,1,0.0,0.12089999999999998,1.0,100.0,0.0,0.0,0.0,1.689187774232305,0.1797416751644118,1.5393111139933275,0.05955076559684642,0.15410010101938804,0.12232547232332477,0.013200000000000472,0.03960000000000142,0.05
742,0.28038,False,1,0.0,0.20129999999999998,0.9319,70.05,0.0,0.0,0.0,1.8175529171832963,0.26585648917048416,1.7948257309590065,0.7758924064457242,0.2976830629889634,0.27212984828593134,0.17575735263952133,0.5005361297936389,0.05
743,0.27312000000000003,False,1,0.0,0.16159999999999997,1.0,70.0,0.0,0.0,0.0,1.6803861411094203,0.0842310921732722,1.5433,0.05010199596822465,0.1835048231794209,0.09637719098444074,5.924103887819092e-213,0.0,0.05
744,0.27571,False,1,0.0,0.1653,1.0,70.0,0.0,0.0,0.0,1.7045394146485275,0.12728811874888485,1.5237291209843424,0.03343508101143882,0.19556759237383065,0.13064973581716086,5.826959776692217e-195,0.0,0.05
745,0.25094,False,1,0.0,0.181,0.8728,68.8,0.0,0.0,0.0,1.8189026386203195,0.3224328512689128,2.090009946518231,1.0484518295027174,0.31680332475888673,0.35445829415459623,0.3879766131845432,0.7777247835129929,0.05
746,0.26725,False,1,0.0,0.23479999999999998,0.8763,80.0,0.0,0.0,0.0,1.8994696494900178,0.3303980752464715,1.8892523014879576,0.8441310357073176,0.39770675202971895,0.36450379519127696,0.2653044425579144,0.5810453883202561,0.05
747,0.22068000000000002,False,1,0.0,0.1779,0.8705,82.5,0.0,0.0,0.0,1.8977883101757211,0.44171074158050727,1.9238135622221146,0.9254443502649464,0.3510264217903628,0.3757569360890368,0.26515801440625675,0.580290134908154,0.05
748,0.24815000000000004,False,1,0.0,0.15430000000000002,0.9338000000000001,70.0,0.0,0.0,0.0,1.738605389681533,0.30920374751050356,1.8374774553549773,0.8303736784751261,0.2359882562203782,0.3023041160951336,0.22424412202098157,0.6426513190656231,0.05
749,0.22993000000000002,False,1,0.0,0.1834,0.9385,90.0,0.0,0.0,0.0,1.8090155689081027,0.3273842385938682,1.752646285302425,0.7103211150995904,0.27132272850041533,0.3042092046366129,0.16231435244967657,0.4869430573490296,0.05
750,0.2129000000000001,False,1,0.0,0.1613,0.9333,90.0,0.0,0.0,0.0,1.7922113797007948,0.3382739652266197,1.8080612122107211,0.8614898337058746,0.25195023862136323,0.2693148503931376,0.21506121221072094,0.6451836366321629,0.05
751,0.26833999999999997,False,1,0.0,0.25489999999999996,0.7717,70.8,0.0,0.0,0.0,2.085618416177589,0.4642640243133471,2.4660548978877253,1.2753343855485941,0.5299388252820458,0.3990900199026059,0.6872530100767723,0.9070058917401561,0.05
752,0.30313,False,1,0.0,0.2556,0.8007,58.0,0.0,0.0,0.0,2.0399200541480758,0.47091928965650065,2.1876934839943307,1.1340914419410042,0.5094599811740439,0.4242247542915942,0.4401099554548676,0.7205711815298427,0.05
753,0.2947700000000001,False,1,0.0,0.23410000000000003,0.8160000000000001,56.95,0.0,0.0,0.0,1.95686616501536,0.3631669693967514,1.9639227140768647,0.711307306838846,0.45616129771855213,0.3735948334562777,0.32340141664087596,0.5393625810666908,0.05
754,0.31222000000000005,False,1,0.0,0.3079,0.6813,53.85,0.0,0.0,0.0,2.2332249383934997,0.5144928058106378,2.723971580971681,1.5086416233618314,0.6796761599427765,0.41429199896088803,0.7518289315995048,0.8638058137979486,0.05
755,0.27277999999999997,False,1,0.0,0.22960000000000003,0.8722,74.8,0.0,0.0,0.0,1.904463491298976,0.39516442507338245,1.8801299462091865,0.7716891070226463,0.3886524263357399,0.3707434758215487,0.28121632619745274,0.6088033425081105,0.05
756,0.26283999999999996,False,1,0.0,0.2048,0.9315999999999999,80.0,0.0,0.0,0.0,1.8124455220064437,0.21030212312283877,1.757951282433043,0.7214062388349967,0.3047009721149555,0.2410491765891076,0.15783706501518252,0.47351119504554756,0.05
757,0.26495,False,1,0.0,0.20049999999999998,0.882,70.0,0.0,0.0,0.0,1.8795841488213092,0.442812290627135,1.9501471074972792,0.9863898735612473,0.3592668336923757,0.4046966020947455,0.2575480451047042,0.5597258969610177,0.05
758,0.25209000000000004,False,1,0.0,0.18689999999999998,0.8042,60.0,0.0,0.0,0.0,1.9199798974714652,0.4124995424553148,2.135813014084672,0.9769171037316702,0.41690402865582216,0.4327475754331759,0.45993000845271637,0.7713075526285538,0.05
759,0.2993,False,1,0.0,0.24620000000000003,0.7992,56.4,0.0,0.0,0.0,2.0574571010811336,0.6087059136869488,2.3431852684697776,1.2289557876819377,0.5061798066961835,0.4780825996034234,0.3964214589655256,0.635737202209967,0.05
760,0.30000000000000004,False,1,0.0,0.24930000000000002,0.8183,60.0,0.0,0.0,0.0,1.9884110365156413,0.3859530572272697,1.975711959892569,0.7876711794500069,0.4736772745536403,0.3986547347569208,0.32419354107252907,0.5411387173166557,0.05
761,0.26588999999999996,False,1,0.0,0.2096,0.8638999999999999,70.0,0.0,0.0,0.0,1.9432735533845977,0.5461932887774478,2.176799016771403,1.264803503006206,0.3847867919426019,0.40800669887066215,0.34823118990907115,0.6655590037090237,0.05
762,0.25831000000000004,False,1,0.0,0.19860000000000003,0.9323,80.2,0.0,0.0,0.0,1.8206116289006828,0.3022521732566749,1.778460594714747,0.6552006160751072,0.3003930214551656,0.2915695647463569,0.19388063291882993,0.49846937506603395,0.05
763,0.27196999999999993,False,1,0.0,0.22299999999999995,0.8728999999999999,73.0,0.0,0.0,0.0,1.915568944318231,0.38829263094909316,2.2676045515980743,1.5228039990172606,0.39152639296676195,0.37805975152552984,0.3966623829919838,0.7954516493973642,0.05
764,0.27558000000000005,False,1,0.0,0.19360000000000002,0.8672000000000001,60.05,0.0,0.0,0.0,1.7965458320244778,0.27300402436122306,1.8730837519078385,0.7191307957667114,0.3158827363131813,0.32650546442389866,0.247402122549046,0.5328282222093789,0.05
765,0.27442000000000005,False,1,0.0,0.2116,0.8210000000000001,60.0,0.0,0.0,0.0,1.9437351123261923,0.439802108994538,1.9021687341261995,0.571380414580095,0.4271119741785799,0.4071336992863448,0.23950636162701106,0.36585235215637196,0.05
766,0.24663000000000002,False,1,0.0,0.18080000000000002,0.8669,70.0,0.0,0.0,0.0,1.8568105969642315,0.38461092109743733,2.0969247911765914,1.1229027949103711,0.3366743233675211,0.3765277288391317,0.38750905412363457,0.7808355507112419,0.05
767,0.3203,False,1,0.0,0.2532,0.8382,54.2,0.0,0.0,0.0,1.930854725096203,0.2849915955068482,2.0707691798545893,0.8415654961817568,0.43658313494384543,0.3199438754120883,0.344515587280948,0.5663500860938611,0.05
768,0.30728999999999995,False,1,0.0,0.23579999999999995,0.8741,60.0,0.0,0.0,0.0,1.8902340037723495,0.37974591378850625,2.0137592756802976,1.0173408935792854,0.3877774100416967,0.3800912688617197,0.3814592756802974,0.7629189343882589,0.05
769,0.30279,False,1,0.0,0.2582,0.8734999999999999,70.0,0.0,0.0,0.0,1.9498838747810008,0.35552261352099446,1.8754275322533769,0.7987163767889702,0.42364622767527005,0.3377852549242778,0.26776176925120376,0.5837888552730546,0.05
770,0.197,False,1,0.0,0.1658,0.9378,100.2,0.0,0.0,0.0,1.772834295591516,0.31006135003250185,1.976049013856819,1.4145331926859088,0.25512361563366154,0.29686454106285093,0.19999995177094756,0.5999998553128427,0.05
771,0.29254,False,1,0.0,0.24669999999999997,0.7995,60.0,0.0,0.0,0.0,2.0373222756290277,0.5266211437336987,2.3045861596334207,1.193569858597053,0.5229128452802079,0.4727927882638256,0.4665850118982881,0.7351722006944965,0.05
772,0.19887000000000002,False,1,0.0,0.16729999999999998,0.8022,79.45,0.0,0.0,0.0,1.9979913536459102,0.6563702422568383,2.580476365596041,1.7352599707770473,0.4219995276258996,0.4951181269247684,0.579621435316569,0.8704806433837051,0.05
773,0.27857999999999994,False,1,0.0,0.27229999999999993,0.7599,70.0,0.0,0.0,0.0,2.0903400323042223,0.47731823465050827,2.6219490221579203,1.5682564898563442,0.5621290284045624,0.43858858879475887,0.5605501391615252,0.7360116114220743,0.05
774,0.271,False,1,0.0,0.16999999999999998,1.0,74.0,0.0,0.0,0.0,1.6871139256277208,0.10775131131251449,1.525988888888893,0.04352267608194671,0.17462275612120598,0.11391831268471757,0.008200000000000401,0.024600000000001204,0.05
775,0.23806000000000002,False,1,0.0,0.1685,0.9357,80.3,0.0,0.0,0.0,1.7636759880176538,0.24843021536613355,1.9425210173122867,1.0938573801090286,0.25596891584036785,0.2683824492946527,0.21331496141458467,0.5204589183961417,0.05
776,0.2606,False,1,0.0,0.24820000000000003,0.7482,68.8,0.0,0.0,0.0,2.034946290184788,0.4898534282786519,2.603031140054667,1.3335331494278118,0.5510922176982442,0.477318147691304,0.8787758969941034,1.0693051080190847,0.05
777,0.27282000000000006,False,1,0.0,0.2156,0.866,68.95,0.0,0.0,0.0,1.9047202766293885,0.31456685787642946,2.0498392879045646,1.0475305323119326,0.38422994638864194,0.33873807517506427,0.35552370512332804,0.7116376030582336,0.05
778,0.28485000000000005,False,1,0.0,0.20550000000000002,0.8699999999999999,60.0,0.0,0.0,0.0,1.8614848136103022,0.32767971906080207,1.8029816914951056,0.5887174996159407,0.359734979762749,0.3488666689367277,0.231207691907435,0.4892010546558871,0.05
779,0.28546000000000005,False,1,0.0,0.2063,0.9375,70.1,0.0,0.0,0.0,1.8290956711311566,0.3139219065862422,1.8104241224441033,0.7317453039556214,0.30171755375742776,0.29456337790469483,0.20215727613617732,0.563785763262765,0.05
780,0.23072,False,1,0.0,0.1664,0.9408,84.0,0.0,0.0,0.0,1.7529006849169875,0.2954955566285905,1.7902270063811039,0.8105720339073449,0.24801047108538246,0.30575599517068786,0.21601471992997592,0.6480441597899277,0.05
781,0.29398,False,1,0.0,0.2744,0.873,80.0,0.0,0.0,0.0,1.950047117864497,0.36675383986959875,1.9528401963918345,0.8344138285564292,0.44389374495373124,0.36046564094482,0.32332578850025107,0.6468774875277675,0.05
782,0.27191,False,1,0.0,0.18250000000000002,0.8671999999999999,58.0,0.0,0.0,0.0,1.8534275195855734,0.3927234906471934,2.0323636047373954,1.0198087361119095,0.343979930329578,0.3810736806667004,0.2955249924571451,0.5390733799305186,0.05
783,0.35623999999999995,False,1,0.0,0.28099999999999997,0.8757999999999999,51.6,0.0,0.0,0.0,1.99316888556822,0.5153666212772497,2.13631119214888,1.2072048127768518,0.45342251804909794,0.4009325656575264,0.34408086967564,0.6685816919078773,0.05
784,0.20309000000000005,False,1,0.0,0.1187,1.0,90.0,0.0,0.0,0.0,1.6357776333895202,0.05893598811341073,1.5507000000000002,0.04738364696812604,0.1283962802706168,0.0690096483035152,6.5900000863358935e-233,0.0,0.05
785,0.28347999999999995,False,1,0.0,0.2239,0.8704999999999998,67.2,0.0,0.0,0.0,1.8173279095700483,0.33225019533158334,2.0922030791628274,1.047254551397396,0.3573762867245315,0.3609858341337382,0.3839030791627292,0.7684258096227686,0.05
786,0.31947000000000003,False,1,0.0,0.25,0.8149,50.0,0.0,0.0,0.0,1.9892820751441627,0.39935272859123055,2.316424179540827,1.222447558481081,0.4811650942985247,0.4109972237602812,0.567024179540827,0.8762548527333307,0.05
787,0.27497,False,1,0.0,0.17809999999999998,1.0,74.85,0.0,0.0,0.0,1.7526612137564919,0.14654898185068244,1.543100004475561,0.06794622860851413,0.21351366020312676,0.113928624692792,0.013400000000000462,0.04020000000000138,0.05
788,0.31931,False,1,0.0,0.2468,0.8885,60.0,0.0,0.0,0.0,1.9370115004123545,0.4169580666598676,2.12309662027286,1.170246831535707,0.3980883666559402,0.3729003813022767,0.3535612790415621,0.676705115579475,0.05
789,0.2805000000000001,False,1,0.0,0.1973,0.8753,60.1,0.0,0.0,0.0,1.8097535941947733,0.2939074603231155,1.7517444444380748,0.4501520731940434,0.3241868193000951,0.30518663940134805,0.15950000000000197,0.3190007053283778,0.05
790,0.26839,False,1,0.0,0.1833,0.9336,70.0,0.0,0.0,0.0,1.7851295429742025,0.277297270763505,1.7155774897437024,0.40828838942040624,0.2796718195862469,0.27798811246655086,0.14010000000374517,0.2835039505984353,0.05
791,0.22980000000000003,False,1,0.0,0.1654,0.9484,85.25,0.0,0.0,0.0,1.787845249920542,0.2837831859064757,1.6435168402777822,0.339935415732877,0.2482702133425368,0.2527266082523209,0.08450000000000066,0.23824577645784253,0.05
792,0.2796,False,1,0.0,0.1837,0.8766999999999999,56.0,0.0,0.0,0.0,1.8677234961577813,0.3982719667786786,1.9937382812392106,1.003039913295039,0.34501741510759254,0.38315068754014414,0.2400078679340157,0.5125838788036529,0.05
793,0.26324000000000003,False,1,0.0,0.20020000000000002,0.877,70.0,0.0,0.0,0.0,1.882769086684058,0.4063666287827032,1.899106710820888,0.8305654392533561,0.3574676234924827,0.3949927901557781,0.2714511552734404,0.5975557054921973,0.05
794,0.24574000000000001,False,1,0.0,0.2083,0.9330999999999999,90.0,0.0,0.0,0.0,1.8331306595423758,0.36613051773725874,1.9533632338685716,1.2830099777333892,0.3188667181055347,0.343316982170545,0.19914750511603363,0.5974425153481009,0.05
795,0.30881000000000003,False,1,0.0,0.2379,0.8745999999999998,60.05,0.0,0.0,0.0,1.9153533445954625,0.3538909954008956,2.150782244927791,1.261855046094047,0.40494829403532806,0.3549781027022991,0.42815613477333725,0.8372892824690482,0.05
796,0.20132,False,1,0.0,0.1721,0.8695,90.0,0.0,0.0,0.0,1.8663121844202888,0.3869133334562624,1.9877564525426865,0.8515528135669582,0.32968461086892226,0.3413389573130103,0.28958978587568585,0.5366959692133475,0.05
797,0.23779999999999998,False,1,0.0,0.2192,0.8092,79.2,0.0,0.0,0.0,1.9900295526470373,0.4975232025362273,2.548852927596589,1.6270272089748403,0.45642788868957435,0.4589217395648693,0.5257982418035537,0.8379052663835856,0.05
798,0.28158000000000005,False,1,0.0,0.2041,0.9957,80.0,0.0,0.0,0.0,1.783060451886388,0.20265480658866358,1.651611111111114,0.3382070453960982,0.25026429165178377,0.15585214197410435,0.07980000000000088,0.23940000000000264,0.05
799,0.2383800000000001,False,1,0.0,0.1826,0.9312000000000001,84.4,0.0,0.0,0.0,1.736962116428576,0.24088880910776514,1.8643972307836318,1.017053563026325,0.25383098612719357,0.26292484399640353,0.20812007828193962,0.6243602348458189,0.05
800,0.25873000000000007,False,1,0.0,0.22240000000000001,0.7354999999999999,58.8,0.0,0.0,0.0,2.00368149501599,0.43791643260447877,2.667192776155224,1.406087274906272,0.5204251843308925,0.45458420000547023,0.7700872902520919,0.9543260232292683,0.05
801,0.2531,False,1,0.0,0.187,0.938,79.6,0.0,0.0,0.0,1.7306030321380532,0.22615256850857504,1.648788659288061,0.34376412952243784,0.24723888223276633,0.2609827010781089,0.07960000000019277,0.2388000000005783,0.05
802,0.28088,False,1,0.0,0.2,0.8695999999999999,60.0,0.0,0.0,0.0,1.8512962620425313,0.37572800433595277,2.0047523381975147,0.9830485157061697,0.3525137058599706,0.3755973080203185,0.3887266620799249,0.785000338589611,0.05
803,0.23075,False,1,0.0,0.21269999999999997,0.8672000000000001,89.15,0.0,0.0,0.0,1.860232814612673,0.29540689096870365,2.0361704233711553,1.0451179816473204,0.3638648678729966,0.3443823899424976,0.4200201791597536,0.8400563386004694,0.05
804,0.31182000000000004,False,1,0.0,0.2597,0.8721,65.8,0.0,0.0,0.0,2.0306101575870206,0.4738314472102465,2.0830381775588305,1.2758610827837027,0.4483416657036795,0.3686180307088976,0.29929360024798657,0.6748400305364244,0.05
805,0.26517999999999997,False,1,0.0,0.197,0.9336,76.4,0.0,0.0,0.0,1.7793070806740086,0.23126596160275634,1.7683020736560706,0.7936153246659964,0.2904487215118389,0.26962037336671346,0.22435989304003057,0.6730796791200917,0.05
806,0.30656,False,1,0.0,0.2399,0.8840999999999999,63.3,0.0,0.0,0.0,1.9502059290565619,0.49849735570149745,1.9318630586606056,0.9394373019285344,0.3937620808120503,0.40276869840953905,0.19090000039211982,0.3880815513225231,0.05
807,0.26924000000000003,False,1,0.0,0.18919999999999998,0.944,73.2,0.0,0.0,0.0,1.8183903866403184,0.29214142057404535,1.7602873399816192,0.6953198261469504,0.27841638209487646,0.2788121645867814,0.19067813628516114,0.5627629956586274,0.05
808,0.24483,False,1,0.0,0.173,0.8791,70.0,0.0,0.0,0.0,1.8111111583073338,0.3640689336344721,1.8597482206161395,0.7216571327976442,0.29159171345655627,0.3457333188001775,0.25805732183316427,0.5395737540935706,0.05
809,0.24795999999999999,False,1,0.0,0.1899,0.8661,72.4,0.0,0.0,0.0,1.8182961320620206,0.2850411940498887,2.1924813321702232,1.3465832643272782,0.33267419154229355,0.331328007875189,0.40168789914321545,0.7951714953238265,0.05
810,0.29046000000000005,False,1,0.0,0.2363,0.8835000000000001,70.0,0.0,0.0,0.0,1.8660644620777185,0.30615574024120834,2.138617384467227,1.447040437853972,0.3699884726689583,0.3290960072735663,0.2797612023910347,0.6207648124968324,0.05
811,0.30263,False,1,0.0,0.2177,0.8688,55.2,0.0,0.0,0.0,1.8839111075316528,0.3427225451138607,2.1428606357863402,1.1487975378387962,0.38075044760334154,0.3560013497249857,0.3885747529160907,0.7901911838439606,0.05
812,0.29153000000000007,False,1,0.0,0.2031,0.9352,65.6,0.0,0.0,0.0,1.839857129097292,0.32447038409089507,1.7604842928865427,0.6328083849869565,0.30088842547980016,0.28855793332063867,0.16574409417700214,0.4972322825310065,0.05
813,0.36989000000000005,False,1,0.0,0.22210000000000002,0.9334,32.8,0.0,0.0,0.0,1.7933437380532555,0.242846202611451,1.817542319113049,0.6994966946046915,0.300102105112504,0.26083253461897654,0.20271901979091508,0.5299667678719185,0.05
814,0.35018000000000005,False,1,0.0,0.26280000000000003,0.8734,47.9,0.0,0.0,0.0,1.9843878394575,0.29001094850626896,2.0094830206954293,1.0641323464303225,0.43997276160173715,0.284445450745128,0.24560000000013807,0.5279917044806579,0.05
815,0.29865,False,1,0.0,0.20709999999999998,0.9336,63.2,0.0,0.0,0.0,1.8145985713647073,0.31943384562681115,1.7757511021897145,0.6776323000706772,0.30554332070487894,0.2907663396847653,0.16799039005148256,0.5039711701544476,0.05
816,0.2563000000000001,False,1,0.0,0.2509,0.7489000000000001,72.0,0.0,0.0,0.0,2.0955877552422484,0.5326721308518124,2.494694769330279,1.2686640726249554,0.5697244420746743,0.4799231503317244,0.7001990517556255,0.9177748256233431,0.05
817,0.27715,False,1,0.0,0.1971,0.9356,70.75,0.0,0.0,0.0,1.8325097119577336,0.25667966447943824,1.8968875286827824,1.125304535558378,0.2991919101510564,0.2718017647726088,0.21168228444262677,0.6350468533278802,0.05
818,0.21773,False,1,0.0,0.16899999999999998,0.8781000000000001,82.0,0.0,0.0,0.0,1.7763519270728092,0.29157035639778073,2.0766073423517666,1.0608590202972275,0.30146995612775424,0.353566598470462,0.33764544283958553,0.6753223315235367,0.05
819,0.2832,False,1,0.0,0.219,0.873,66.0,0.0,0.0,0.0,1.9141486578821563,0.42117852512101284,2.0278635642054583,1.1173116404720118,0.38597327679120214,0.38720689320376384,0.2777695771675664,0.6089014691757186,0.05
820,0.17658000000000001,False,1,0.0,0.10939999999999998,1.0,100.0,0.0,0.0,0.0,1.6210447108212407,0.062117191905480304,1.5192,0.04982730175315531,0.12477146889768978,0.08645110392981088,1.4891935743461487e-229,0.0,0.05
821,0.28527,False,1,0.0,0.23360000000000003,0.8724999999999999,70.0,0.0,0.0,0.0,1.925427691540709,0.3846568190867039,1.8306608401856628,0.6532188030007223,0.4061650390398122,0.37103060377406,0.24757512013105815,0.5327273137483938,0.05
822,0.21919000000000005,False,1,0.0,0.1417,1.0,90.0,0.0,0.0,0.0,1.6868054345524393,0.1306242925129667,1.5434540798995235,0.05600848846453328,0.16879707453364412,0.11864648788719881,0.005400000000000361,0.01620000000000108,0.05
823,0.24947000000000005,False,1,0.0,0.21259999999999998,0.8875,82.8,0.0,0.0,0.0,1.88434777090999,0.4122666699544195,1.997333761793188,0.9546215352519561,0.3619705632654149,0.4074533121049425,0.3730625667699327,0.755764666410733,0.05
824,0.24382,False,1,0.0,0.22039999999999998,0.8318,80.0,0.0,0.0,0.0,1.8660122421221028,0.33119551766901895,1.9641289323115843,0.7552901831319551,0.39172327308984334,0.36483061971655323,0.3293423143238716,0.5417472514571593,0.05
825,0.2542399999999999,False,1,0.0,0.23699999999999996,0.8117999999999999,77.6,0.0,0.0,0.0,1.9282867235012902,0.33219294090399026,2.322974980842363,1.3821763217085745,0.42522203642962453,0.36367821659834804,0.48055338389622654,0.7973531567797396,0.05
826,0.28425,False,1,0.0,0.2327,0.8712,70.0,0.0,0.0,0.0,1.9127001769949714,0.35214336073504027,1.8871613045752214,0.8206709694002273,0.39560328117142574,0.3437825808002958,0.2527057459849208,0.5464413634819338,0.05
827,0.21802000000000002,False,1,0.0,0.13879999999999998,0.9362,80.0,0.0,0.0,0.0,1.6881829208696775,0.21858992765115523,1.8156999302061265,0.7984454132117728,0.19967971721938166,0.2646204834793418,0.21199993020612676,0.6359997906183802,0.05
828,0.23253999999999994,False,1,0.0,0.21349999999999997,0.8112999999999999,80.15,0.0,0.0,0.0,2.0408509380403217,0.6222168435316459,2.1480902993259283,0.9668714372344454,0.46153049626525267,0.48024908531134863,0.4560896719844033,0.7579147544283057,0.05
829,0.2815500000000001,False,1,0.0,0.28230000000000005,0.6798000000000001,60.0,0.0,0.0,0.0,2.1139349885428187,0.4008335884121056,2.7341942601772096,1.6791420015660232,0.644240803311113,0.40027097178164317,0.6584445879396232,0.7981162468660149,0.05
830,0.37427,False,1,0.0,0.287,0.8069,34.35,0.0,0.0,0.0,2.000703033098701,0.33564567588308963,2.148279457546559,1.0233514827922654,0.4989906320351943,0.349786712730424,0.41475046118234504,0.6762234755761879,0.05
831,0.30396,False,1,0.0,0.2284,0.8135999999999999,50.0,0.0,0.0,0.0,1.9089953548683656,0.3447691073845267,2.105513631584053,1.091744514774901,0.41844119979200967,0.3578507164451523,0.3541947478453793,0.6165969529389805,0.05
832,0.32823,False,1,0.0,0.25270000000000004,0.8747999999999999,55.55,0.0,0.0,0.0,1.8714890340752046,0.2886955225566824,1.8831284658021485,0.8004975659297574,0.3901354022190306,0.31472712380225126,0.27077302330965897,0.5956904972823132,0.05
833,0.23912000000000003,False,1,0.0,0.1416,1.0,80.0,0.0,0.0,0.0,1.6567194106362693,0.08007993607235928,1.5350529513888893,0.04172673035732581,0.15656335847403774,0.09644026129274653,0.0019000000000003892,0.005700000000001168,0.05
834,0.30757,False,1,0.0,0.23650000000000002,0.8734,60.0,0.0,0.0,0.0,1.8370972597965998,0.26733053248117516,1.894305311185671,0.8467490749256419,0.36009540623755587,0.30884298575221736,0.27806086674122654,0.6159839829061643,0.05
835,0.30043000000000003,False,1,0.0,0.2799,0.599,37.6,0.0,0.0,0.0,2.2328491234221626,0.4481113660272521,3.2151981386538737,1.4400614372820668,0.7405582095569327,0.45680663440021413,1.1040435467452412,0.9162304328861848,0.05
836,0.23995000000000005,False,1,0.0,0.2218,0.8823000000000001,90.0,0.0,0.0,0.0,1.9077906693972548,0.40331522198988207,2.003707269458527,1.000000092495719,0.37216964171672373,0.3644446706803287,0.37321244200705406,0.7546227413095395,0.05
837,0.25500999999999996,False,1,0.0,0.16429999999999997,1.0,80.0,0.0,0.0,0.0,1.6905159540057106,0.12869155335772645,1.5333000000764714,0.0540630189557804,0.18628701614215548,0.12622498507751123,5.262678851772162e-204,0.0,0.05
838,0.34140000000000004,False,1,0.0,0.202,1.0,50.0,0.0,0.0,0.0,1.6782908875700955,0.09184834061981692,1.5355000021298726,0.0407633416617019,0.19315347308598302,0.09344407145091248,5.246760172739085e-197,0.0,0.05
839,0.37802000000000013,False,1,0.0,0.27480000000000004,0.9522,50.0,0.0,0.0,0.0,1.8686860219761492,0.14213351362623858,1.6407555555555562,0.3385634094556341,0.34882549169255445,0.14479338660354646,0.07990000000000039,0.2397000000000012,0.05
840,0.26064,False,1,0.0,0.23570000000000002,0.8015000000000001,72.4,0.0,0.0,0.0,2.121472192720458,0.6251583848305942,2.474374710229549,1.5275931782622711,0.5233117868844784,0.4786023454134081,0.506845316163672,0.7578569254571843,0.05
841,0.22402000000000005,False,1,0.0,0.1326,1.0,84.4,0.0,0.0,0.0,1.6824477614212991,0.13806181055408862,1.5119,0.018206866836443847,0.15885002984396876,0.12430742016060567,9.964995459770964e-207,0.0,0.05
842,0.20962,False,1,0.0,0.13779999999999998,0.8652,73.2,0.0,0.0,0.0,1.8447654473890391,0.42122635557409555,1.9352806439546668,0.8877054926113956,0.315239961279953,0.4064323388461749,0.24579612036927126,0.5054545284767118,0.05
843,0.27087,False,1,0.0,0.2375,0.8044,68.35,0.0,0.0,0.0,1.9483316087658344,0.33722075217639425,2.570386586547241,1.6356508477018108,0.4504076622898275,0.3834363071364346,0.5560614234468211,0.8512280369856567,0.05
844,0.32015000000000005,False,1,0.0,0.2262,0.8727,50.0,0.0,0.0,0.0,1.885514283216846,0.36142965291831214,1.769840294390665,0.49667839149968884,0.3586564270721272,0.32447074862457187,0.21189047964580823,0.43949674832361274,0.05
845,0.23235999999999998,False,1,0.0,0.18250000000000002,0.9337,87.75,0.0,0.0,0.0,1.7969095743748373,0.2922887887633393,1.8187828821768364,0.7425531110330484,0.2818276857610487,0.2985850626985614,0.22758875037042006,0.6293818304761767,0.05
846,0.22252000000000002,False,1,0.0,0.19690000000000002,0.8083,78.9,0.0,0.0,0.0,1.9371712388128486,0.40098587238237565,2.231971218636986,1.0932940866850767,0.4193720660552701,0.42173108637642703,0.49920274805844844,0.7653802656972435,0.05
847,0.27593,False,1,0.0,0.2479,0.8099999999999999,70.3,0.0,0.0,0.0,2.034192493762352,0.47367103595926785,2.3620764626714346,1.3024323718521469,0.5053566784883842,0.4496658535728557,0.5304120301597413,0.8110140305278811,0.05
848,0.23469000000000007,False,1,0.0,0.21350000000000002,0.7508,70.0,0.0,0.0,0.0,2.0096141672924075,0.47247445021313,2.716546660615504,1.649727737204062,0.49388112110329974,0.4593540747628902,0.6473717741597953,0.8326628700220619,0.05
849,0.20387000000000002,False,1,0.0,0.11940000000000002,0.9343,80.0,0.0,0.0,0.0,1.6982640627645769,0.24692745784678719,1.758913246875069,0.7079335519428963,0.20742788669468687,0.2964979804334327,0.16140009309222486,0.48420027927667453,0.05
850,0.29512000000000005,False,1,0.0,0.22160000000000002,1.0,80.0,0.0,0.0,0.0,1.7929867938735864,0.27020663670529127,1.5223,0.02905529211692768,0.2581166529111852,0.1748476214127324,6.783321300348991e-168,0.0,0.05
851,0.22049000000000007,False,1,0.0,0.16700000000000004,0.8093,69.6,0.0,0.0,0.0,1.9154926833869361,0.41473220183467946,1.9931131684576697,0.7674297697565096,0.3909005424618891,0.4177269081572042,0.3231355153542994,0.5387166371419227,0.05
852,0.2852,False,1,0.0,0.20929999999999999,0.8713000000000001,61.35,0.0,0.0,0.0,1.8931646152683232,0.306989285805499,1.8524383524201866,0.6529428986463697,0.37513005632791924,0.3333112192754773,0.23985850143130655,0.51203021870091,0.05
853,0.3803500000000001,False,1,0.0,0.24370000000000003,0.9342,35.25,0.0,0.0,0.0,1.843883982095479,0.2777040659900217,1.7557476019474012,0.6859135570570114,0.33297410000596717,0.2737828483386175,0.17106110045857686,0.5131833013757305,0.05
854,0.23565000000000005,False,1,0.0,0.1645,0.9349999999999999,80.0,0.0,0.0,0.0,1.754254731988048,0.2673224511213964,1.7859222529951775,0.7376448794196703,0.2427818929139364,0.2635182368138388,0.17460034341098235,0.523801030232947,0.05
855,0.23789,False,1,0.0,0.16749999999999998,0.8688,70.0,0.0,0.0,0.0,1.802673009643285,0.33538496823380576,1.868144604070494,0.780462781287975,0.32227679137696313,0.36993499252850576,0.24536959440329573,0.5269991376580024,0.05
856,0.29576,False,1,0.0,0.20379999999999998,1.0,73.45,0.0,0.0,0.0,1.7568455482241947,0.1750789871778903,1.525200002882216,0.04681410252090559,0.2271920001112131,0.12683925648271763,4.0686083153827005e-203,0.0,0.05
857,0.24586,False,1,0.0,0.2072,0.8664,79.55,0.0,0.0,0.0,1.9148129036587416,0.3802760840888084,2.066055257843673,0.951540527292645,0.38323300330494536,0.37350765893059606,0.37755994283566485,0.7063802120223687,0.05
858,0.30171000000000003,False,1,0.0,0.24569999999999997,0.8764,66.6,0.0,0.0,0.0,1.9866651801194148,0.4109637693156652,2.2157860341943314,1.4326350696187715,0.4111811646124844,0.3439355416643305,0.36286958793480434,0.7237312022883695,0.05
859,0.22312999999999997,False,1,0.0,0.22149999999999997,0.7335999999999999,76.0,0.0,0.0,0.0,2.0151947763880744,0.4567673837683231,2.5069047896366263,1.164769098812265,0.5249169786848251,0.47200412287379123,0.7276178752322355,0.9039013156119772,0.05
860,0.17769000000000004,False,1,0.0,0.12089999999999998,0.9342,93.6,0.0,0.0,0.0,1.6913140528368342,0.23748444932155632,1.9043350510190185,0.9469383290902902,0.20274754318371477,0.2756202907441255,0.17205281733515523,0.5161584520054657,0.05
861,0.27159,False,1,0.0,0.2165,0.9338000000000001,80.05,0.0,0.0,0.0,1.8263483193219852,0.2479180299444499,1.747024022303912,0.7275081020359231,0.30776942181405575,0.2324032149798443,0.1589009955701453,0.476702986710436,0.05
862,0.26331,False,1,0.0,0.17570000000000002,0.9343999999999999,70.0,0.0,0.0,0.0,1.7845374655980444,0.3004046494976805,1.6799680775892187,0.33876022956792223,0.2786057827016629,0.3052493892614107,0.09816154354623033,0.2436877490783486,0.05
863,0.23357000000000008,False,1,0.0,0.20590000000000003,0.8618,84.55,0.0,0.0,0.0,1.9950681111314839,0.6380641967224995,2.083139601245019,1.1154030895793792,0.4118840349689357,0.4463481449903145,0.35162464804264965,0.70324930105589,0.05
864,0.23361,False,1,0.0,0.17649999999999996,0.9402000000000001,86.0,0.0,0.0,0.0,1.757852297099085,0.26480761891060306,1.8912974660326594,0.977692831961449,0.2577294489165414,0.27419805288059024,0.19663666755082676,0.5207241856367761,0.05
865,0.30864,False,1,0.0,0.25739999999999996,0.8742000000000001,66.9,0.0,0.0,0.0,1.8898419478139608,0.3267216075915375,2.1583199948191543,1.270892949001324,0.39536746222464025,0.3271721345536787,0.3695137988681658,0.7425928768418217,0.05
866,0.30945,False,1,0.0,0.2626,0.7521,50.0,0.0,0.0,0.0,2.0209882363075096,0.41638867917217565,2.4072566853787185,1.1312906626047097,0.5265273175591896,0.4144691967925156,0.6463943001256804,0.8619845136505303,0.05
867,0.20398000000000005,False,1,0.0,0.1314,1.0,94.0,0.0,0.0,0.0,1.6943883577154513,0.1603543764771046,1.5315000000105041,0.05063249947097789,0.16485564806589864,0.1326824744717404,1.7534446702662712e-193,0.0,0.05
868,0.28187000000000006,False,1,0.0,0.227,0.8099000000000001,60.0,0.0,0.0,0.0,1.8980386039014854,0.3481342184555283,2.3443027503002867,1.2359096256454507,0.42778554039664823,0.3945868913049236,0.5047295575561911,0.8093691491301682,0.05
869,0.2926500000000001,False,1,0.0,0.1955,1.0,72.1,0.0,0.0,0.0,1.7541460333651102,0.14473473040894544,1.5333888888902967,0.0486827028390149,0.22636874322525843,0.11816575737654555,0.006400000000000375,0.019200000000001126,0.05
870,0.22452999999999995,False,1,0.0,0.2062,0.8672999999999998,90.0,0.0,0.0,0.0,1.9339907213473235,0.44873170550169705,2.395007190286941,1.519630908643051,0.3824006577474298,0.38557289402060163,0.4492247857442475,0.7584667332436896,0.05
871,0.27099000000000006,False,1,0.0,0.20380000000000004,0.9391,76.7,0.0,0.0,0.0,1.8175541587203188,0.26446190439884226,1.7648396086931677,0.6795811175246921,0.2967342867085137,0.2641641096416636,0.1712080468228328,0.5116272677546897,0.05
872,0.25839,False,1,0.0,0.19579999999999997,0.9381,80.05,0.0,0.0,0.0,1.8143502898305495,0.3246742925857369,1.8221724522264195,0.8059082033915085,0.2830731404124941,0.2825206832698439,0.21447245222641964,0.6434173566792589,0.05
873,0.21576,False,1,0.0,0.13679999999999998,1.0,90.0,0.0,0.0,0.0,1.6731704416779323,0.12476036229245706,1.5352271257185277,0.0389162435425893,0.16028343049311797,0.11634680074272108,0.0058000000000003665,0.0174000000000011,0.05
874,0.3341,False,1,0.0,0.24899999999999994,0.938,60.8,0.0,0.0,0.0,1.8288917584653241,0.2509009285532633,1.767870504937827,0.7277802912539496,0.3241332816109021,0.26039212305764753,0.21167050491343753,0.6350115147403126,0.05
875,0.2514200000000001,False,1,0.0,0.18660000000000002,1.0,89.6,0.0,0.0,0.0,1.7604984729815105,0.23673973327435277,1.5429222223067034,0.05857349624359645,0.225321017773379,0.18013249903687834,0.009400000000000418,0.028200000000001252,0.05
876,0.18893000000000004,False,1,0.0,0.10990000000000003,1.0,94.0,0.0,0.0,0.0,1.6291986833768437,0.05789523415659997,1.532077870008681,0.02943713222727041,0.12346555764194163,0.0665525904955528,0.0030000000000003266,0.009000000000000981,0.05
877,0.22392000000000004,False,1,0.0,0.17229999999999998,0.8776999999999999,80.0,0.0,0.0,0.0,1.8475439239270177,0.40899287694995956,1.9344254083068766,0.9370915557702726,0.3219420848015379,0.37696940362607,0.3022640301669563,0.6835344199442139,0.05
878,0.23744000000000007,False,1,0.0,0.13920000000000002,1.0,80.0,0.0,0.0,0.0,1.654933328338045,0.13405360139702355,1.521000015587303,0.038814978906273334,0.14476025239176438,0.11133437965875703,1.8648511626853734e-187,0.0,0.05
879,0.17855000000000004,False,1,0.0,0.1065,1.0,98.0,0.0,0.0,0.0,1.6673160322668061,0.14353641517651497,1.5111000000000006,0.016777663722938038,0.13783658114283662,0.12129002946617275,0.00030000000000049453,0.0009000000000014835,0.05
880,0.21336,False,1,0.0,0.1702,0.9353999999999999,93.2,0.0,0.0,0.0,1.8214100929194348,0.3113532535143745,1.8277792325605149,0.8972554317583881,0.28482933783157394,0.3024888263794616,0.1675240188007807,0.5025720564023421,0.05
881,0.27632,False,1,0.0,0.2673,0.8147,77.6,0.0,0.0,0.0,1.9764039607832842,0.3847765533099802,2.1154788146047747,0.9836685195723395,0.4737711979028944,0.38384751979307574,0.47376770923901323,0.7909664968056379,0.05
882,0.15159000000000006,False,1,0.0,0.0737,1.0,100.0,0.0,0.0,0.0,1.594841347491116,0.02557010933179298,1.5646612847222239,0.08907218076194326,0.09352064508297556,0.03952967535282907,0.02040000000000106,0.04402771854184798,0.05
883,0.35379,False,1,0.0,0.2677,1.0,66.8,0.0,0.0,0.0,1.8198910944823747,0.19873004572376762,1.5239000090179338,0.043998775212680384,0.30504338354543625,0.1476007501431645,3.280212903017584e-143,9.840638709052752e-143,0.05
884,0.29192,False,1,0.0,0.1782,0.9346,56.6,0.0,0.0,0.0,1.804032958614594,0.292404756197687,1.6405211572791274,0.3457726597596773,0.26927043006686224,0.2782117425850285,0.08045235645582004,0.24135706936746013,0.05
885,0.2682000000000001,False,1,0.0,0.18930000000000002,0.9353,72.45,0.0,0.0,0.0,1.8288207045462155,0.2915354515463205,1.8186509222269271,0.92310102788332,0.29305341709323784,0.28275018886612274,0.20568633888983556,0.6170590166695067,0.05
886,0.32821999999999996,False,1,0.0,0.26699999999999996,0.8044,50.0,0.0,0.0,0.0,1.9973343697759476,0.36856076887551525,2.3245247318417332,1.2081626726075512,0.5062389079030619,0.3989345503670992,0.612991368650198,0.94065576331558,0.05
887,0.21977,False,1,0.0,0.1612,0.9350999999999999,86.8,0.0,0.0,0.0,1.764656162924909,0.2816828687827856,1.7592845839599114,0.7096485835238817,0.2565117927495255,0.29101512969899523,0.1653065327370859,0.49591959821125664,0.05
888,0.28454,False,1,0.0,0.2347,0.8675,70.0,0.0,0.0,0.0,1.8723223708921057,0.2932613286031637,2.020353255379738,1.0273955031447006,0.38390151364798025,0.32571679380308555,0.31870911989254147,0.6364918220912068,0.05
889,0.23154000000000008,False,1,0.0,0.147,0.8778,67.35,0.0,0.0,0.0,1.8467150033209019,0.4733832260228106,1.9489456305315815,0.9854593899106254,0.2969358092386058,0.3748548613576605,0.2717200228926925,0.5984827324413879,0.05
890,0.32328000000000007,False,1,0.0,0.25060000000000004,0.8102,47.6,0.0,0.0,0.0,1.8953386159826497,0.3086655320876154,2.2744951700459106,1.0957360362277702,0.40735372988698526,0.32912830978699,0.5069447934982861,0.7611305763692644,0.05
891,0.27887000000000006,False,1,0.0,0.24949999999999997,0.8034000000000001,68.4,0.0,0.0,0.0,1.9343686162488627,0.30791927420936843,2.172505565544426,1.1141419080142287,0.4554213980894547,0.3634961698958339,0.4175255219352418,0.6779940310382665,0.05
892,0.2518100000000001,False,1,0.0,0.1855,0.8732000000000001,70.0,0.0,0.0,0.0,1.8187635728930462,0.35255303954014827,2.1271863675462503,1.2039585059073528,0.32376501330533036,0.368843599426057,0.3560843103847791,0.7101739980916191,0.05
893,0.24141,False,1,0.0,0.20750000000000002,0.7552,65.2,0.0,0.0,0.0,1.997274128871819,0.46116997042671504,2.6651128021959973,1.5671418382392304,0.5017674954389115,0.46400231245275747,0.6696288270081261,0.8867910869721602,0.05
894,0.32542000000000004,False,1,0.0,0.23559999999999998,0.9349999999999999,60.0,0.0,0.0,0.0,1.8167227819072171,0.27772702254983705,1.8406092589329384,0.8664408861305694,0.31089945667219265,0.25810092267278467,0.22270878108382552,0.6681263432514766,0.05
895,0.30622,False,1,0.0,0.2545,0.8749,67.2,0.0,0.0,0.0,1.9632795699750953,0.4649980162970638,2.0290989834786677,0.9842702718288295,0.40510481135068466,0.394942649104848,0.36709481698274155,0.7493617229733056,0.05
896,0.26647,False,1,0.0,0.20579999999999998,0.8747,70.0,0.0,0.0,0.0,1.8270946270732331,0.2985465254525484,1.8739893329364403,0.7487691772036623,0.3336961363216826,0.31861542747257704,0.2638676842036141,0.564945152129266,0.05
897,0.27219000000000004,False,1,0.0,0.2198,0.8690999999999999,71.2,0.0,0.0,0.0,1.8832816535769836,0.32450644365887493,1.8886187154388854,0.7919451232867301,0.3799659987883054,0.34638468244822385,0.284629844817349,0.6346020990332282,0.05
898,0.30438000000000004,False,1,0.0,0.26430000000000003,0.7999,60.3,0.0,0.0,0.0,2.037331898816161,0.48853774843570336,2.1321774037667183,1.020453529687832,0.5082101942209996,0.4034006018230369,0.4751843479651482,0.7840777462030587,0.05
899,0.26308999999999994,False,1,0.0,0.174,0.8042999999999999,50.0,0.0,0.0,0.0,1.8645400609776654,0.3811773736741837,2.240714851530644,1.1821106370268226,0.37006350288238826,0.3990619737279238,0.4133433335127245,0.6706483828632479,0.05
900,0.19833000000000006,False,1,0.0,0.16549999999999998,0.9416,100.0,0.0,0.0,0.0,1.7532915714068227,0.3366560951561037,1.7609823912953968,0.7216709206460497,0.24934918673021023,0.310365625116447,0.19362683566566646,0.5637603857135232,0.05
901,0.23552,False,1,0.0,0.22000000000000003,0.6733999999999999,60.25,0.0,0.0,0.0,2.2491681409779978,0.6351614677306144,3.0980535806179827,1.5821370934196295,0.6510482803659986,0.5170472130823808,0.9948432018187997,0.8938183154662314,0.05
902,0.2875,False,1,0.0,0.2673,0.8693,80.2,0.0,0.0,0.0,1.9144790032001442,0.289616961423253,2.023085386668929,0.9920244169632002,0.4205865564277226,0.31619284580552043,0.3686972334528067,0.7441816957617965,0.05
903,0.27856000000000003,False,1,0.0,0.22669999999999998,0.9329000000000001,80.0,0.0,0.0,0.0,1.8405850835593056,0.286716427163899,1.7828058183511548,0.7719963565055649,0.3277388121754504,0.27012591724275076,0.18148359611957526,0.5424537379270254,0.05
904,0.28891000000000006,False,1,0.0,0.24690000000000004,0.8146000000000001,64.15,0.0,0.0,0.0,2.005613392097481,0.5090874932741757,2.3986819909236425,1.384059143497176,0.4846311328361791,0.4789588713465655,0.6353828522006137,0.9721584375433767,0.05
905,0.29351000000000005,False,1,0.0,0.2193,1.0,80.0,0.0,0.0,0.0,1.749772891329449,0.13576298569575868,1.5384,0.048639901315689425,0.24629984155262727,0.12615531534390373,1.2938158574232616e-173,0.0,0.05
906,0.2745600000000001,False,1,0.0,0.22080000000000002,1.0,90.0,0.0,0.0,0.0,1.787341139794431,0.18608861510337293,1.5328666666666675,0.04906213747212276,0.2553390925058376,0.12485458022870194,0.010400000000000433,0.031200000000001296,0.05
907,0.25408000000000003,False,1,0.0,0.20539999999999997,0.805,65.6,0.0,0.0,0.0,1.947456341178801,0.4667499808965047,2.4124642788819175,1.28887826243721,0.44888248733525477,0.4623012857244341,0.5807063872923436,0.8271515737393819,0.05
908,0.29375000000000007,False,1,0.0,0.23710000000000003,0.8186,58.9,0.0,0.0,0.0,2.0631712068337165,0.6558648773106447,2.3512483491659846,1.290441502235329,0.48767755217687947,0.5110794906076439,0.6001597729150778,0.9182713357042364,0.05
909,0.31034000000000006,False,1,0.0,0.20900000000000002,0.9468,60.0,0.0,0.0,0.0,1.8623896190629377,0.4292355808705744,1.9971331745745757,1.4320695733328264,0.3193486726594107,0.344742770072305,0.19999984124124234,0.599999523723727,0.05
910,0.2583400000000001,False,1,0.0,0.18849999999999997,0.9333,76.8,0.0,0.0,0.0,1.7866957737852989,0.2707188286075539,1.791507883762593,0.6653381547557151,0.2799050121658859,0.28305440329338666,0.19982215209804538,0.5166176993732273,0.05
911,0.27466,False,1,0.0,0.2259,0.8070999999999999,62.8,0.0,0.0,0.0,1.8982903067965793,0.3992995052886193,2.351778100833122,1.2152023496312203,0.4182422057805234,0.3822704615100681,0.5803084190970011,0.887278974221569,0.05
912,0.33126,False,1,0.0,0.2633,0.8105,48.1,0.0,0.0,0.0,2.004757162118911,0.3578938238645519,2.212427637217802,1.171939099811489,0.4796651201071998,0.368437346916278,0.4606858164545013,0.7646131761519241,0.05
913,0.25204000000000015,False,1,0.0,0.1839,0.9467000000000001,80.35,0.0,0.0,0.0,1.7927359613372027,0.2641310253185876,1.6968057779947938,0.3609587999894995,0.27292837061819963,0.2360964892809498,0.12110000000000128,0.2570449182536022,0.05
914,0.29206999999999994,False,1,0.0,0.2724,0.8713,80.0,0.0,0.0,0.0,1.9816450321550314,0.334669296302158,2.182727900261021,1.064961009778318,0.4463052000127372,0.3150065511514486,0.41516610682200594,0.6857028119921148,0.05
915,0.24783,False,1,0.0,0.15430000000000002,0.9343999999999999,70.25,0.0,0.0,0.0,1.7784615901403995,0.40836173593427244,2.03189064282187,1.4883402388500164,0.2570550409383586,0.3631571663614428,0.2178181905138316,0.6534545715414949,0.05
916,0.23803000000000007,False,1,0.0,0.20590000000000003,0.753,66.0,0.0,0.0,0.0,1.9934417703651366,0.4704045183268009,2.344680560508141,1.0691041277634041,0.4879390972803076,0.4819866042126417,0.6367445004062696,0.8426691813764421,0.05
917,0.24073000000000003,False,1,0.0,0.1439,1.0,80.0,0.0,0.0,0.0,1.6577793815193704,0.09419592457091644,1.5303790852061578,0.034767340528382804,0.15939030526515105,0.09451814081939469,3.830038158836919e-217,0.0,0.05
918,0.28191,False,1,0.0,0.2504,0.8671,76.75,0.0,0.0,0.0,1.9418197233816976,0.3447498122845486,2.09870134220113,1.20068188888077,0.43470934220377966,0.3630018551349904,0.37146719612737,0.7517811902406412,0.05
919,0.3527600000000001,False,1,0.0,0.2604,0.9336,54.8,0.0,0.0,0.0,1.8837561005879504,0.24806855976059466,1.8638993626617855,0.8336571913314065,0.37271569055821685,0.2720833490433694,0.1714993620553907,0.5144980861661722,0.05
920,0.29824000000000006,False,1,0.0,0.248,0.8928,71.6,0.0,0.0,0.0,1.9337295220651982,0.469416464054766,2.0332479688904828,1.060713795424478,0.38434174131418136,0.3876365700402575,0.38131147591405845,0.7670042674715576,0.05
921,0.24896000000000007,False,1,0.0,0.21400000000000002,0.9321999999999999,90.25,0.0,0.0,0.0,1.8811474781175181,0.2541649407081655,1.7987444187659665,0.7558293101046641,0.3375577406585074,0.25345328424335145,0.2047522986187557,0.564177292114742,0.05
922,0.29915,False,1,0.0,0.2387,0.8002,54.0,0.0,0.0,0.0,1.9819034102913708,0.42056833763994705,2.3386937893604745,1.175518451135433,0.46936084241000253,0.4005015874161998,0.5861560854359775,0.8521888789455073,0.05
923,0.23366,False,1,0.0,0.1338,1.0,80.0,0.0,0.0,0.0,1.693257640439614,0.139789821606497,1.5554133680923532,0.06397313087126859,0.16890431081589113,0.1260018207064106,0.0011000000000005344,0.003300000000001603,0.05
924,0.29553,False,1,0.0,0.2579,0.734,52.6,0.0,0.0,0.0,2.1359754660877126,0.4820534138968605,2.615565464919677,1.4987111892827183,0.5927591991494359,0.4525013499870544,0.6598143953642999,0.8765113484887869,0.05
925,0.20687000000000005,False,1,0.0,0.12410000000000002,1.0,90.0,0.0,0.0,0.0,1.6415308678782587,0.12165419215467153,1.5467666666666675,0.08131188924956613,0.14064763849559908,0.12346395976142796,0.019400000000000563,0.05820000000000169,0.05
926,0.19307000000000002,False,1,0.0,0.1316,0.9365,90.0,0.0,0.0,0.0,1.7001706486239918,0.23000900216436576,1.6425188423601131,0.3309957749934169,0.2051210249168446,0.25775679462166506,0.07981621000039704,0.23944863000119113,0.05
927,0.29247,False,1,0.0,0.2698,0.8157,70.55,0.0,0.0,0.0,1.9969005038685617,0.3908402138222569,2.294953107007175,1.188397518494071,0.492946353563239,0.4197514729786043,0.608974212401147,0.9359613089770114,0.05
928,0.25337,False,1,0.0,0.1879,0.8728,70.0,0.0,0.0,0.0,1.8536837866672111,0.3539979655015086,2.240998202982029,1.488996363571493,0.3510606555955533,0.3720542924999398,0.35735438373835765,0.7210405698767015,0.05
929,0.31077000000000005,False,1,0.0,0.23710000000000003,0.933,67.55,0.0,0.0,0.0,1.8484544903939397,0.2878510983546119,1.808363599158114,0.7595007199178475,0.3303117525482004,0.2758246980492696,0.17550057832306382,0.5245047854745379,0.05
930,0.28064,False,1,0.0,0.19649999999999998,0.8103,50.0,0.0,0.0,0.0,1.884331851488025,0.3816503247615688,1.97316765984276,0.7877260114186383,0.3872339435736968,0.38970229356323777,0.3415726924838385,0.5846286063187973,0.05
931,0.24168000000000006,False,1,0.0,0.2076,0.9551999999999999,95.1,0.0,0.0,0.0,1.866369448821111,0.22844124873018237,1.6450555565781086,0.33736045557651395,0.3113370885421466,0.18900865422640575,0.09940000000000174,0.23494688761505395,0.05
932,0.29936,False,1,0.0,0.2535,0.8596999999999999,68.0,0.0,0.0,0.0,1.972733637630018,0.3205481481189387,2.1199075584480034,0.9971589535757659,0.43231818989626236,0.3204313196542844,0.44675196909864434,0.7381179923135535,0.05
933,0.26826,False,1,0.0,0.2122,0.8674,70.25,0.0,0.0,0.0,1.9175187776019733,0.31851461743346887,2.1050987976761046,1.1366370628568785,0.3912789580500941,0.3487229577805078,0.3912206373539293,0.788576281615186,0.05
934,0.29536,False,1,0.0,0.2799,0.6860999999999999,53.2,0.0,0.0,0.0,2.1413358202494317,0.44259978653918275,2.6582006113244008,1.3257940378569186,0.6286134361217744,0.44356041591245005,0.7699864742535529,0.81442562450654,0.05
935,0.29171,False,1,0.0,0.2601,0.9437999999999999,86.75,0.0,0.0,0.0,1.9074416251604256,0.33659117532214206,1.7935016917954865,0.745409871351611,0.37062336214863395,0.29351089266457236,0.21294550776126284,0.6388365232837885,0.05
936,0.29407,False,1,0.0,0.2233,0.8712,61.8,0.0,0.0,0.0,1.9860191704628172,0.48624749377220194,2.0638146057827056,1.0550791415910543,0.4073874827282816,0.40292289419209165,0.3454880737628986,0.6681388125915727,0.05
937,0.26803000000000005,False,1,0.0,0.1953,0.9044000000000001,70.0,0.0,0.0,0.0,1.8497472945512807,0.27240249565748315,1.8246542740462552,0.5572137667298176,0.33030746693500757,0.28947793052122095,0.16308789433605422,0.3262690180669463,0.05
938,0.29211,False,1,0.0,0.2326,0.9312999999999999,75.05,0.0,0.0,0.0,1.9128255540763413,0.2974429151916532,1.9013758192046057,1.0998211001138727,0.3577240611535364,0.2778936349322694,0.18308792271750388,0.5492637681525115,0.05
939,0.22851000000000005,False,1,0.0,0.1966,0.7983,74.3,0.0,0.0,0.0,2.0097181667882187,0.473707753024746,2.36814981706178,1.329668614162514,0.45235970771400985,0.4294840458594813,0.557918484524401,0.864486052582334,0.05
940,0.30495000000000005,False,1,0.0,0.20860000000000004,0.9320999999999999,60.35,0.0,0.0,0.0,1.8322707221159529,0.26270937025159585,1.843654527118181,0.8704595107511083,0.311452582653149,0.2687381680588342,0.1859273982604651,0.5577821947813952,0.05
941,0.22700000000000006,False,1,0.0,0.1353,0.9743,80.0,0.0,0.0,0.0,1.7168617054469066,0.22332331728651703,1.6272111111111123,0.3411264688906158,0.19427379198006103,0.1937896755566678,0.07980000000000086,0.23940000000000256,0.05
942,0.22926000000000005,False,1,0.0,0.1933,0.9305,92.6,0.0,0.0,0.0,1.90082343405128,0.4481841832174817,1.8285624358959267,0.8940657857824884,0.3375379810900524,0.3587774243286826,0.16528529839380143,0.4958558951814044,0.05
943,0.22110000000000007,False,1,0.0,0.1872,0.8762000000000001,86.4,0.0,0.0,0.0,1.8443748612548483,0.3857323503359831,2.0428638442995193,1.0626426707770802,0.33008836483763543,0.3736563618458725,0.334494474704805,0.6894152219380552,0.05
944,0.34989000000000003,False,1,0.0,0.21260000000000004,0.9369,40.0,0.0,0.0,0.0,1.806618440825432,0.2349002817091365,1.6369555555555575,0.3399365888580522,0.2911994141727032,0.23421525186486852,0.07990000000000042,0.23970000000000127,0.05
945,0.30889,False,1,0.0,0.23890000000000003,0.8722,60.0,0.0,0.0,0.0,1.9070774731747382,0.3667346389015441,1.9549817237835039,1.0218800519754292,0.39458239680490625,0.35934844606194544,0.2542044607657471,0.5508322341706885,0.05
946,0.26675000000000004,False,1,0.0,0.2068,0.8733000000000001,70.0,0.0,0.0,0.0,1.8745230088385831,0.4141332397273048,1.7283188112529202,0.42959260028708257,0.36961587577195293,0.3862903446248071,0.15950463347496385,0.31900933822352806,0.05
947,0.3174100000000001,False,1,0.0,0.19369999999999998,0.9394,50.0,0.0,0.0,0.0,1.801098224706159,0.2587272198526472,1.897247287287182,0.8810528076292014,0.2850743454288938,0.26124972098566623,0.29038062062051484,0.6715337646770684,0.05
948,0.30754000000000004,False,1,0.0,0.26289999999999997,0.8117000000000001,60.0,0.0,0.0,0.0,1.97315151701214,0.3536687074549676,2.189125416308811,1.1674388378852931,0.46664105355250785,0.37737074001683196,0.4856856420860131,0.811153652507148,0.05
949,0.2685,False,1,0.0,0.20189999999999997,0.8929,70.35,0.0,0.0,0.0,1.8790987567185617,0.3839917589765438,2.0257849886841357,1.0983261468738346,0.3548041491722962,0.3442241242385899,0.25663566435437135,0.5572495470235114,0.05
950,0.25827999999999995,False,1,0.0,0.2016,0.8732,72.4,0.0,0.0,0.0,1.836056493941809,0.3205749087034783,2.248303197511656,1.4746305984903465,0.33090741131695023,0.3385450230801088,0.42390717980279335,0.8479117736595764,0.05
951,0.3004800000000001,False,1,0.0,0.25060000000000004,0.9332,77.45,0.0,0.0,0.0,1.8420806636629117,0.21369831453200708,1.6391370389055964,0.2797660957642641,0.34410786905176965,0.22634155937885075,0.07950000000000013,0.23850000000000038,0.05
952,0.34431000000000006,False,1,0.0,0.27870000000000006,0.6974,30.0,0.0,0.0,0.0,2.1600693453608857,0.5130384609892706,2.6858875080312803,1.4323121595804633,0.6351232579330095,0.4696535735980873,0.7171812378617675,0.8090918619672428,0.05
953,0.20978999999999998,False,1,0.0,0.15339999999999998,0.9357,89.15,0.0,0.0,0.0,1.7447527234265556,0.3057583476577425,1.7775528693559461,0.7750422716837511,0.24460633969228768,0.3093996858953172,0.19920338917202696,0.5976101675160808,0.05
954,0.21549,False,1,0.0,0.1648,0.8671,80.0,0.0,0.0,0.0,1.8408135209029557,0.334071333950025,1.8782020725287936,0.7365809197179294,0.3327217146269591,0.34979772743970095,0.26180278090832926,0.5428568138717595,0.05
955,0.22793,False,1,0.0,0.1794,0.8744999999999999,80.0,0.0,0.0,0.0,1.8606293730090449,0.39998071916263345,1.9040138373219224,0.8002072128760866,0.3354952547059691,0.3605352610021047,0.26692585333984564,0.5432726847971115,0.05
956,0.22325000000000006,False,1,0.0,0.11950000000000001,0.932,70.0,0.0,0.0,0.0,1.6866923853856775,0.23472387090287586,1.8007743955739954,0.6398976391412127,0.1903222646587879,0.2608754248103174,0.165100059461061,0.4778948214864219,0.05
957,0.29081,False,1,0.0,0.20749999999999996,0.8851999999999999,60.0,0.0,0.0,0.0,1.8889798548492187,0.40555733371920955,1.8923383183187503,0.7697241000325507,0.33258719641192014,0.3367890896134623,0.29392196428064804,0.6393602892195841,0.05
958,0.33962000000000003,False,1,0.0,0.2403,0.9367000000000001,54.8,0.0,0.0,0.0,1.8347875875063604,0.26622170862906824,1.7930522064167238,0.8005129049034937,0.3189941138770668,0.2460225471319151,0.17995858113385432,0.539875743401563,0.05
959,0.32881000000000005,False,1,0.0,0.2886,0.7453,48.4,0.0,0.0,0.0,2.0339514270856833,0.35494177383702047,2.5595998394740045,1.498909996140606,0.5527589519329263,0.3783194311116698,0.6068422829974081,0.7890856675699599,0.05
960,0.23196000000000003,False,1,0.0,0.1764,0.9456,87.6,0.0,0.0,0.0,1.7637659038780682,0.34538854715764816,1.634589662753212,0.3397678034010668,0.25982086949847016,0.2960001755610537,0.08210000000000062,0.23905666692230157,0.05
961,0.35466,False,1,0.0,0.30179999999999996,0.742,39.6,0.0,0.0,0.0,2.155626988242577,0.5323947098174057,2.4751225391593583,1.1874561610240144,0.6055231981896686,0.441259351265551,0.7596217658328855,0.950136852750431,0.05
962,0.21907,False,1,0.0,0.17009999999999997,1.0,100.0,0.0,0.0,0.0,1.7304361705964457,0.15480013145454066,1.5108300384521485,0.016781007495807333,0.2087636710223765,0.13155419928440523,2.0902882003194716e-200,0.0,0.05
963,0.2756900000000001,False,1,0.0,0.1652,0.9335000000000001,60.0,0.0,0.0,0.0,1.7487065686572105,0.2560938569534858,1.8007265305396587,0.7766286982696214,0.2584394910850469,0.2888988963921143,0.20295282967686465,0.608858489030594,0.05
964,0.19780000000000003,False,1,0.0,0.1618,0.9288000000000001,97.05,0.0,0.0,0.0,1.9431181670522129,0.6422206512020767,1.8453003709085398,0.982583530887735,0.33816680422566653,0.44916158448297505,0.16559209905375388,0.4967762971612617,0.05
965,0.35431,False,1,0.0,0.29279999999999995,0.7404999999999999,36.4,0.0,0.0,0.0,2.0994169970556786,0.35366371164503646,2.4103932138080415,1.1842369336782042,0.5899185088854801,0.36578873375608734,0.630563455553359,0.8269670802481045,0.05
966,0.25408000000000003,False,1,0.0,0.15039999999999998,1.0,75.6,0.0,0.0,0.0,1.6701857509851294,0.13598786817764574,1.530705034722223,0.035725293313037684,0.1614699479640613,0.12105307512563714,0.0029000000000004036,0.00870000000000121,0.05
967,0.22298000000000004,False,1,0.0,0.17219999999999996,0.8748000000000001,80.0,0.0,0.0,0.0,1.8165376126553547,0.3048735552452301,1.744203209613439,0.43405348392663995,0.3144311102405161,0.33058334166355013,0.15970009349199568,0.3194002651094084,0.05
968,0.22855000000000006,False,1,0.0,0.2312,0.7997000000000001,86.6,0.0,0.0,0.0,2.0198162330333473,0.47777085182355233,2.746589655663675,1.8529266293046247,0.4941339539334339,0.44971628730728513,0.5676310920164243,0.8517344373638818,0.05
969,0.25782000000000005,False,1,0.0,0.22959999999999997,0.876,82.85,0.0,0.0,0.0,1.873503155679336,0.30630535199652204,2.003565524640269,0.9679289989631527,0.3733826295736683,0.33614163788409623,0.3646077973105217,0.7294155562600745,0.05
970,0.31873999999999997,False,1,0.0,0.2702,0.8719999999999999,66.0,0.0,0.0,0.0,2.0770574988683324,0.5056975516196776,1.9930536931015794,0.8383816992928285,0.4788335651609598,0.3685133748940257,0.34412171553836784,0.6171040886919785,0.05
971,0.33233,False,1,0.0,0.2556,0.7407,34.4,0.0,0.0,0.0,2.0540538431727304,0.38161091816386733,2.2548763724587273,0.9974794615367499,0.549822159959598,0.3892534683777933,0.4879291419490646,0.6540509958935125,0.05
972,0.24332,False,1,0.0,0.1737,0.9391,80.0,0.0,0.0,0.0,1.7820089478844028,0.2995127928204992,1.7856500689806238,0.793497717315858,0.265800992204168,0.28969689879594684,0.20042137729674825,0.6012641318902447,0.05
973,0.32138999999999995,False,1,0.0,0.22759999999999997,0.8069,40.0,0.0,0.0,0.0,1.9333878343784243,0.39769415543212505,2.2557480355020187,1.2538341073985624,0.4548711064060676,0.4256684332810869,0.4459380235719446,0.7422121496872311,0.05
974,0.2573200000000001,False,1,0.0,0.1686,1.0,80.35,0.0,0.0,0.0,1.7032927506201432,0.15681873660771303,1.5124,0.018943072612435347,0.19496882235921234,0.09898064514734964,4.342578845460675e-205,0.0,0.05
975,0.21087000000000003,False,1,0.0,0.1606,0.8714999999999999,81.5,0.0,0.0,0.0,1.8146556271609176,0.3099441022773323,2.004773825745871,1.0508126523981456,0.3143594390844461,0.34630119909197954,0.2600139376255688,0.5413916581276692,0.05
976,0.31408,False,1,0.0,0.24430000000000004,0.9408999999999998,69.6,0.0,0.0,0.0,1.836630932455283,0.17798783559001458,1.648602777777778,0.33906247513511995,0.3227807212488475,0.18951167210964023,0.07990000000000026,0.23970000000000075,0.05
977,0.31503000000000003,False,1,0.0,0.23109999999999994,0.8762000000000001,54.8,0.0,0.0,0.0,1.9556070912536607,0.41380901492305316,1.876726944254532,0.7112641462147106,0.41506116007142746,0.35624445539026106,0.24568693374191994,0.5277339087565383,0.05
978,0.18029,False,1,0.0,0.1147,1.0,100.0,0.0,0.0,0.0,1.6428821838384302,0.094743977358016,1.5468000000097644,0.062430441310370115,0.1395640527370769,0.0978238520710266,7.604366157923143e-212,0.0,0.05
979,0.26264,False,1,0.0,0.19119999999999998,1.0,85.6,0.0,0.0,0.0,1.7237756097674428,0.14705032426373324,1.5309000000000001,0.040648370201030216,0.2107752076380466,0.12730760258406215,6.169394776885992e-180,0.0,0.05
980,0.16454000000000008,False,1,0.0,0.09220000000000002,1.0,100.0,0.0,0.0,0.0,1.621407538906291,0.05690379644899854,1.5326000000368485,0.04515794512829222,0.11164396823394096,0.0637715380691359,6.290184256523427e-236,0.0,0.05
981,0.2933900000000001,False,1,0.0,0.27380000000000004,0.7711,64.8,0.0,0.0,0.0,2.0878308242732166,0.5182519976626765,2.616348260125657,1.3676227763423963,0.5424834796001234,0.47467967757081625,0.6724674831432503,0.8674314884036395,0.05
982,0.28144,False,1,0.0,0.1995,0.9393,70.0,0.0,0.0,0.0,1.8186675702242912,0.3097015452846735,1.7941127348227357,0.7654995219283933,0.2925653395098561,0.3036783034267007,0.19030023121466758,0.4929392366409467,0.05
983,0.24820999999999996,False,1,0.0,0.1824,0.9350999999999999,80.0,0.0,0.0,0.0,1.7819258732312506,0.2694551954804448,1.8700767043602873,0.8028185160448145,0.2755210777223566,0.28782874820208587,0.26610992354940055,0.6327157206275468,0.05
984,0.23229000000000002,False,1,0.0,0.1888,0.8671,80.0,0.0,0.0,0.0,1.8391991609115845,0.3107433124431863,1.714233809709361,0.40924350779905283,0.34837588648047957,0.3442793266128979,0.15950547086241157,0.3190129440071707,0.05
985,0.2467,False,1,0.0,0.18019999999999997,0.9352,80.0,0.0,0.0,0.0,1.7598243716437871,0.31489828487381955,1.8298194014898208,0.8413384304671953,0.2632160189747149,0.30730376060882975,0.2020194014759035,0.6060582044277104,0.05
986,0.34612,False,1,0.0,0.2782,0.9346,64.5,0.0,0.0,0.0,1.9002892745354685,0.24222967841777415,1.6355508639849734,0.3360066148218453,0.368325717621408,0.22121047069102728,0.07980002822064369,0.23940008466193108,0.05
987,0.33625999999999995,False,1,0.0,0.23779999999999996,0.9369999999999999,55.65,0.0,0.0,0.0,1.8814275858841198,0.3211928469919057,1.7762236672804654,0.641421036069227,0.3401777661542448,0.28974881077910397,0.18678618083253726,0.5491187811880358,0.05
988,0.28391999999999995,False,1,0.0,0.18819999999999998,0.8725999999999999,54.8,0.0,0.0,0.0,1.8264605126356213,0.3146312099515556,1.9807461305200416,0.9523636335069786,0.32348616097970784,0.35260228595040544,0.3428076385180541,0.6856788901671355,0.05
989,0.23490000000000003,False,1,0.0,0.16149999999999998,0.9395,80.0,0.0,0.0,0.0,1.7502027232289588,0.23206682992240008,1.6497704861111124,0.34111094317784274,0.23583756834903508,0.21639209238172452,0.08170000000000079,0.23916021826382547,0.05
990,0.25444999999999995,False,1,0.0,0.2166,0.8760999999999999,80.0,0.0,0.0,0.0,1.9233198445715147,0.41216928763310895,1.971692936009734,1.0507655576873542,0.3772446555646235,0.3588305407086152,0.27061186792325326,0.5700368266467518,0.05
991,0.26666000000000006,False,1,0.0,0.20739999999999997,0.8716000000000002,70.0,0.0,0.0,0.0,1.8764601609874905,0.3894687455651531,2.039076554186902,1.0456121291780787,0.3714397843041291,0.3659233461907756,0.4091368015465456,0.8183982896106212,0.05
992,0.28042000000000006,False,1,0.0,0.24559999999999998,0.874,76.85,0.0,0.0,0.0,2.031742365753464,0.38411669761253464,1.8602117672691996,0.7666179136572316,0.4635214967712221,0.3746381979651174,0.281083610512914,0.6243583282962811,0.05
993,0.28652,False,1,0.0,0.23040000000000002,0.9347999999999999,77.6,0.0,0.0,0.0,1.8973914731930894,0.2680716891160846,1.6965065391241592,0.3569489766189579,0.3557017072292059,0.2610792103122588,0.11790026661975568,0.2534033388169761,0.05
994,0.30151000000000006,False,1,0.0,0.24380000000000002,0.9335000000000001,74.6,0.0,0.0,0.0,1.853881735462624,0.32297196648722676,1.7832456672063324,0.7891695073673145,0.34048942977865937,0.3051429682911671,0.20289827035574656,0.6086948110672397,0.05
995,0.22770000000000007,False,1,0.0,0.1812,0.9362,90.0,0.0,0.0,0.0,1.7656254580498618,0.24441938821931405,1.6396111111109968,0.3420030295508958,0.2666126821051496,0.2552595565403478,0.07980000000000036,0.23940000000000106,0.05
996,0.3243100000000001,False,1,0.0,0.25730000000000003,0.9349999999999999,68.15,0.0,0.0,0.0,1.8689577611615378,0.3456008742243256,1.8599385698151312,1.0007981361441989,0.3453034268957642,0.2960628674060451,0.17256075737899934,0.5005890691150855,0.05
997,0.25934,False,1,0.0,0.19870000000000002,0.8675,70.0,0.0,0.0,0.0,1.8216066979628542,0.322588198169292,2.0153518255933482,1.0142257546720352,0.33028932162334407,0.33827634042653554,0.3487809354201107,0.6978468954723828,0.05
998,0.21289000000000005,False,1,0.0,0.1244,0.9457000000000001,78.95,0.0,0.0,0.0,1.7510735590008324,0.3187608059942519,1.7895949418617128,0.8416068575657396,0.2097348778580975,0.28859363199970517,0.2325866085283796,0.6977598255851388,0.05
999,0.27127,False,1,0.0,0.1878,0.9327,70.0,0.0,0.0,0.0,1.7715809707494075,0.25469345294057794,1.8557611613081062,0.8776073530770221,0.2764341376989565,0.27961459259394683,0.17695005019112414,0.5111632580114068,0.05
1000,0.24193999999999996,False,1,0.0,0.17309999999999998,0.9359,80.0,0.0,0.0,0.0,1.7283026549875946,0.2428810742388709,1.8015431703854543,0.8249978532159875,0.25089070281657516,0.2750913328594068,0.099,0.297,0.05
1001,0.27253,False,1,0.0,0.22979999999999995,0.8679,74.35,0.0,0.0,0.0,1.8641878520339161,0.2898694714588685,1.9612491061822765,0.991368337572461,0.3719870048236872,0.3105766848908075,0.24677299355670038,0.5309734337864246,0.05
1002,0.30027000000000004,False,1,0.0,0.2557,0.9376,80.0,0.0,0.0,0.0,1.9583725341310294,0.5004378938856178,1.633412286547766,0.3397486567798073,0.3897855326863158,0.34725679593313824,0.08000378684265694,0.24001136052797079,0.05
1003,0.25431000000000004,False,1,0.0,0.18880000000000002,0.9404999999999999,80.0,0.0,0.0,0.0,1.7687090923536204,0.30120369459074064,1.7049257876504984,0.6012349718789263,0.26966406147797634,0.3026887007384091,0.15814890518870078,0.4744467155661023,0.05
1004,0.2506600000000001,False,1,0.0,0.2061,0.9333,86.8,0.0,0.0,0.0,1.79554079398896,0.21779719202387338,1.6408158982776506,0.3392686553022406,0.2825624070598697,0.22108628190355364,0.07960000000000036,0.2388000000000011,0.05
1005,0.3680700000000001,False,1,0.0,0.28090000000000004,0.8648,44.0,0.0,0.0,0.0,1.9445189001842824,0.3152021930399053,2.176713427089802,1.0501622800473445,0.44116957131953527,0.31687179594039,0.4904023159786908,0.8172613030842022,0.05
1006,0.22883,False,1,0.0,0.2065,0.8076000000000001,79.0,0.0,0.0,0.0,1.950523412617254,0.4379098651091215,2.388398910657351,1.379173094761695,0.4381333647237309,0.42982996923778627,0.45625482993207617,0.7027196175773465,0.05
1007,0.27879000000000004,False,1,0.0,0.16970000000000002,1.0,70.0,0.0,0.0,0.0,1.711315133915813,0.15542789571433754,1.5314258680555561,0.03895843558155577,0.20139476683643873,0.1464778404670604,0.0016000000000004348,0.004800000000001304,0.05
1008,0.23227000000000003,False,1,0.0,0.21400000000000002,0.8749,90.0,0.0,0.0,0.0,1.846009074880468,0.3341116488636345,2.163058627731643,1.2667112660980868,0.35171319343040774,0.34118872323160115,0.42474045446217945,0.8376118686556827,0.05
1009,0.27308,False,1,0.0,0.2428,0.8104000000000001,70.0,0.0,0.0,0.0,2.0421057203945723,0.4937783460373512,2.247201490193988,1.173813861019061,0.48288358889898825,0.42552739682100604,0.4568676771097234,0.743925335776175,0.05
1010,0.21512,False,1,0.0,0.1628,0.9391999999999999,90.3,0.0,0.0,0.0,1.7552853547633194,0.239715631705698,1.8185918209792775,0.8526863971445591,0.24480651267771494,0.25714256430618243,0.2213029315604229,0.6487204466883826,0.05
1011,0.27531000000000005,False,1,0.0,0.2445,0.7472000000000001,60.0,0.0,0.0,0.0,1.988530556589409,0.429936938956728,2.4466214679543627,1.1183903494576635,0.5039889223733881,0.4376427507269212,0.6700159779291484,0.8218601112729101,0.05
1012,0.32603000000000004,False,1,0.0,0.2594,0.8815,60.0,0.0,0.0,0.0,1.906005741756643,0.3740898437511547,2.113604930029876,1.1733691308161716,0.40491890573474487,0.34822225849201305,0.3740454858615167,0.7492022553065347,0.05
1013,0.31600000000000006,False,1,0.0,0.24549999999999997,0.8805,60.0,0.0,0.0,0.0,1.8829692487304297,0.40756731419594894,1.9042857500213668,0.7978031788828912,0.38160235297695216,0.3429207671048269,0.30001908335469957,0.639880061173292,0.05
1014,0.26588,False,1,0.0,0.22099999999999995,0.8826,76.8,0.0,0.0,0.0,1.869748480136116,0.3743697994040513,1.8984411257698823,0.8383643264019632,0.36164139786104654,0.36349318815676457,0.29356334799210443,0.6591271881538503,0.05
1015,0.2693200000000001,False,1,0.0,0.20790000000000003,0.9433,79.6,0.0,0.0,0.0,1.7702453206425868,0.25422636854702274,1.760922762197345,0.6311517673477282,0.27983918090167526,0.2805807168537742,0.15811575278713527,0.47434725836140584,0.05
1016,0.21598000000000003,False,1,0.0,0.16340000000000002,0.9410000000000001,90.35,0.0,0.0,0.0,1.7334608761914203,0.29666030343644234,1.8117966819274787,0.8087622023224394,0.22598169681404684,0.2718561719080907,0.19040275831636747,0.5712082749491024,0.05
1017,0.2678400000000001,False,1,0.0,0.1865,0.8733000000000001,62.35,0.0,0.0,0.0,1.8681027323546566,0.3396300660415603,1.966426882411208,1.0597126863550048,0.3357731499198216,0.33197866532261305,0.254200042547559,0.5511677485394152,0.05
1018,0.22146000000000007,False,1,0.0,0.17540000000000003,0.9396000000000001,91.6,0.0,0.0,0.0,1.7710832803113548,0.27943894466415486,1.7589462226149823,0.7721790087964657,0.27060563647061653,0.2777207223153559,0.18308408336613316,0.5492522500983995,0.05
1019,0.25703999999999994,False,1,0.0,0.2562,0.7929999999999999,80.1,0.0,0.0,0.0,2.167168127691177,0.647793159896405,2.3178265134421947,1.2357124975908111,0.5525121530392937,0.4677387871296395,0.5645810830492913,0.8608789499419603,0.05
1020,0.23298000000000002,False,1,0.0,0.189,0.9356,90.0,0.0,0.0,0.0,1.7952607707468515,0.3138044486405402,1.8084277953170218,0.9054395180284686,0.290309766269091,0.30005417006589385,0.22904862865035497,0.6818251333462708,0.05
1021,0.28874,False,1,0.0,0.28280000000000005,0.7425999999999999,66.0,0.0,0.0,0.0,2.1018694457181053,0.41279297637743295,2.542440277651297,1.257543615031443,0.5827193858231576,0.42699422882962773,0.7589569022243058,0.9361763623559624,0.05
1022,0.20648,False,1,0.0,0.1492,0.8068,70.0,0.0,0.0,0.0,1.88474278269871,0.4440776194825094,2.346140976443329,1.1790003844596444,0.3774160776445841,0.45777951236648073,0.589166670358889,0.8380849054900509,0.05
1023,0.30684999999999996,False,1,0.0,0.2647,0.8051999999999999,60.0,0.0,0.0,0.0,2.000982911604983,0.4012733295560967,2.2774758345564523,1.1323522479462118,0.5117533021923267,0.403199917356508,0.5106537269804974,0.7825879217705183,0.05
1024,0.25120000000000003,False,1,0.0,0.186,1.0,89.5,0.0,0.0,0.0,1.7606077059570455,0.15703606771863002,1.518179166666667,0.023082762101836893,0.22410761339788926,0.10877497921403298,0.0014000000000003042,0.004200000000000912,0.05
1025,0.33635,False,1,0.0,0.2589,0.8173999999999999,45.05,0.0,0.0,0.0,2.0226911217534407,0.4930007691315546,2.1669964640136556,1.033749568490969,0.468102041931237,0.3830211785028056,0.45014087641003087,0.7399352473024214,0.05
1026,0.19030000000000008,False,1,0.0,0.12669999999999998,0.9387000000000001,90.0,0.0,0.0,0.0,1.7555410518397605,0.39760941730963784,1.8324287799957315,0.8974900558377791,0.2301775245441898,0.34319155644652566,0.1631908144768141,0.4895724434304423,0.05
1027,0.27639,False,1,0.0,0.2602,0.7535000000000001,65.9,0.0,0.0,0.0,2.070334317431334,0.45523964172123865,2.2656924699232506,0.9804477406191996,0.5572425974476349,0.44498554675725344,0.5251131571337904,0.721429024754611,0.05
1028,0.20603000000000005,False,1,0.0,0.12289999999999998,1.0,90.0,0.0,0.0,0.0,1.6377768017497734,0.07797595000592304,1.547600000003163,0.07541511785248857,0.1386811039024974,0.10397445323756967,2.448517215685784e-201,0.0,0.05
1029,0.2523,False,1,0.0,0.2448,0.8698,90.0,0.0,0.0,0.0,1.886785264815784,0.29372034014699916,2.0168880117065604,1.0104694131317062,0.39897007897240105,0.3364966937657811,0.37348935479930406,0.7518126037275433,0.05
1030,0.21032,False,1,0.0,0.15439999999999998,0.9408,90.0,0.0,0.0,0.0,1.7355823003833155,0.2127464009304841,1.7614707254936424,0.7023421026042028,0.23280459811526716,0.2586813460651618,0.16360000094213453,0.49080000282640357,0.05
1031,0.32688999999999996,False,1,0.0,0.2751,0.8183999999999999,55.6,0.0,0.0,0.0,1.972600651975906,0.34718066788104296,2.250599083948797,1.1995280794457441,0.4609817934530335,0.35307775502286837,0.4906507740847932,0.8168707194503184,0.05
1032,0.24211000000000002,False,1,0.0,0.1737,0.9364000000000001,80.2,0.0,0.0,0.0,1.7934725834056469,0.2880088935693623,1.777137282305895,0.7541465785416196,0.27510422223532843,0.2963440232477023,0.2021320393840421,0.6063961181521264,0.05
1033,0.2487,False,1,0.0,0.20380000000000004,0.9187999999999998,84.8,0.0,0.0,0.0,1.820772934805433,0.2496124072759506,1.928624821709716,0.8386451316356006,0.3132657017324156,0.2617208081677014,0.29291078924635794,0.6573018746931499,0.05
1034,0.20907000000000003,False,1,0.0,0.15560000000000002,0.8005000000000001,70.0,0.0,0.0,0.0,1.949392757486498,0.5950760398486235,2.296110801008811,1.2092756496192,0.38919943298294857,0.48316183859038153,0.4913683413824268,0.7706428927774704,0.05
1035,0.19372,False,1,0.0,0.14819999999999997,0.8746,86.2,0.0,0.0,0.0,1.9113528529895654,0.6110879642268642,1.9033168743768445,0.8125396437842243,0.3245027436548046,0.4356121445378924,0.2589001981094795,0.5153767911170761,0.05
1036,0.21291000000000004,False,1,0.0,0.1613,1.0,100.0,0.0,0.0,0.0,1.6998299790295395,0.13510111066436586,1.512901579772827,0.018478345776335586,0.18894031138309914,0.11574810465655201,1.5947511733222843e-205,0.0,0.05
1037,0.2702300000000001,False,1,0.0,0.21259999999999998,0.8047000000000001,60.0,0.0,0.0,0.0,1.9246243652516761,0.41057716194220983,1.9683722444600402,0.7534284324890776,0.44931552796275864,0.4304287096177983,0.33826344605210545,0.575917838233491,0.05
1038,0.24172999999999997,False,1,0.0,0.1882,0.9452999999999999,86.8,0.0,0.0,0.0,1.8252319181014536,0.41543998796903964,1.9954958317292042,1.3139010680745005,0.283503195647997,0.33200307556712394,0.1999958317292043,0.5999874951876129,0.05
1039,0.22709000000000001,False,1,0.0,0.1806,0.9369,90.2,0.0,0.0,0.0,1.789317226850598,0.32091800540717963,1.8209248298646201,0.7977425889899343,0.27048973846638996,0.2952438112743029,0.21522482986461972,0.6023342030040879,0.05
1040,0.18484000000000006,False,1,0.0,0.1212,1.0,100.0,0.0,0.0,0.0,1.6537901834787316,0.11148744929197921,1.5895111111111124,0.21285549610527787,0.14589671407885635,0.10235985635127288,0.05010000000000094,0.15030000000000282,0.05
1041,0.23074000000000003,False,1,0.0,0.1853,0.9340999999999999,89.6,0.0,0.0,0.0,1.784127397854824,0.24312710081000888,1.602818839882606,0.28149411143485153,0.2830248186118957,0.2697294213305852,0.0798362736401636,0.2395088209204908,0.05
1042,0.20548,False,1,0.0,0.1714,0.868,87.45,0.0,0.0,0.0,1.9266016369817138,0.49886135246013363,2.2222978418082695,1.4122183598407774,0.37386445223638937,0.4327844766912495,0.37689259889075644,0.7547252151690833,0.05
1043,0.27167,False,1,0.0,0.19199999999999998,0.9329000000000001,71.3,0.0,0.0,0.0,1.827259848949113,0.31107126993461975,1.8689561712588385,1.0187800972168395,0.31406026466781134,0.31208293984986085,0.20607896992902136,0.6076451452514039,0.05
1044,0.29772000000000004,False,1,0.0,0.22809999999999997,0.8095000000000001,52.4,0.0,0.0,0.0,1.9570274672727372,0.45503774265017777,1.9971481579603467,0.8538410978479992,0.45275797356049774,0.4189608887537882,0.32747867871082487,0.5496611159931023,0.05
1045,0.27499000000000007,False,1,0.0,0.24730000000000002,0.7396,60.0,0.0,0.0,0.0,2.056683919630059,0.4104043298980258,2.564078663691883,1.3997322728715405,0.5624367814960648,0.4250810743266001,0.6138922480690486,0.7971592589233066,0.05
1046,0.22662000000000002,False,1,0.0,0.1526,0.9349999999999999,80.35,0.0,0.0,0.0,1.7578521496259207,0.22832322653938214,1.6317776715888903,0.3403010631337409,0.23577485235860243,0.23062139362237713,0.08660000059610595,0.23799840513780476,0.05
1047,0.24976000000000004,False,1,0.0,0.1701,0.8733000000000001,65.65,0.0,0.0,0.0,1.817811706364554,0.3456164869958323,1.7582015625044718,0.4500953045312072,0.3132310597371455,0.34215033254345373,0.15940000000000026,0.3188003136761322,0.05
1048,0.17039000000000004,False,1,0.0,0.12569999999999998,0.9359999999999999,99.2,0.0,0.0,0.0,1.7546868538188263,0.42252368377534616,2.008109665635177,1.4295823428928898,0.23288275836859174,0.36154597033201974,0.20139716563517646,0.5995393600883583,0.05
1049,0.26037999999999994,False,1,0.0,0.18229999999999996,0.8558999999999999,62.0,0.0,0.0,0.0,1.897494890066353,0.4442296386544349,1.8549223003232616,0.5208993108833044,0.35960039806703586,0.3810943334090186,0.23960000294550804,0.3659951410736807,0.05
1050,0.21926000000000004,False,1,0.0,0.1488,0.917,80.0,0.0,0.0,0.0,1.7505064675313655,0.24851532844422763,1.9172421645329343,0.8855040887550275,0.24160774835367765,0.260144848334316,0.2830310534218229,0.6297637918683239,0.05
1051,0.2533700000000001,False,1,0.0,0.23550000000000004,0.8774000000000001,87.35,0.0,0.0,0.0,1.9288624518315078,0.42341081544733283,1.9246282823852336,0.88668792250105,0.3820893104682007,0.31843062455928106,0.2450227185977698,0.525956019814714,0.05
1052,0.31117000000000006,False,1,0.0,0.24440000000000003,0.8013,50.15,0.0,0.0,0.0,1.9673685109219794,0.45178263835898397,2.327549590549335,1.3120053709770791,0.45384517429798976,0.3981516546947049,0.4428679256600546,0.7113499008309632,0.05
1053,0.22952999999999998,False,1,0.0,0.2104,0.8795,90.8,0.0,0.0,0.0,1.8993813274488605,0.4219474320667001,2.004087282611117,0.9468973153540112,0.3631695532662652,0.38849862919370903,0.3323223192320776,0.666536470783326,0.05
1054,0.24825000000000005,False,1,0.0,0.1295,1.0,71.2,0.0,0.0,0.0,1.66403471030987,0.12275594719411091,1.5299597410413994,0.03459378435405261,0.14868691524552574,0.11949742762622456,0.0007000000000003723,0.0021000000000011166,0.05
1055,0.3107600000000001,False,1,0.0,0.23920000000000002,0.8324,53.2,0.0,0.0,0.0,1.9356193638186543,0.41284011571523643,2.3435652183477935,1.2285385129765694,0.3980359413085131,0.3846203147790461,0.554158360708904,0.8450672498981535,0.05
1056,0.32346,False,1,0.0,0.19359999999999997,0.9358000000000001,46.4,0.0,0.0,0.0,1.8007098977102074,0.3167675753510966,1.7858310563320494,0.6820572385615769,0.2782100053838156,0.3186709887331457,0.18270197647093828,0.5481059294128148,0.05
1057,0.29467,False,1,0.0,0.21109999999999998,1.0,76.55,0.0,0.0,0.0,1.7848439940476126,0.16556461585622745,1.5041,0.012299999999999976,0.24743797548425106,0.13611633234622736,1.5061903498168986e-183,0.0,0.05
1058,0.21859,False,1,0.0,0.16949999999999998,0.9347999999999999,90.25,0.0,0.0,0.0,1.773733779120074,0.3361325644719602,1.8176680077204321,0.8896386644008736,0.2538214402678626,0.2944740542542469,0.225468007720432,0.6764040231612959,0.05
1059,0.24725000000000005,False,1,0.0,0.1941,0.8846,77.0,0.0,0.0,0.0,1.8776772127128916,0.37934277338433614,1.9661647298089826,0.9216393462497257,0.3448150401617408,0.37451731137632077,0.31258994403525264,0.6577635037874822,0.05
1060,0.24916000000000005,False,1,0.0,0.17880000000000001,1.0,88.0,0.0,0.0,0.0,1.7420221451794606,0.189336590956261,1.5320999999999998,0.0523286728285746,0.20600781637184298,0.15787606976713509,1.2634916479824609e-176,0.0,0.05
1061,0.29167999999999994,False,1,0.0,0.23849999999999993,0.9330999999999999,77.6,0.0,0.0,0.0,1.889181865907459,0.43193074620739197,1.8116200823890591,0.8263601561584712,0.35310777734490206,0.3639830203886712,0.20189867193234354,0.6056960157970307,0.05
1062,0.29963999999999996,False,1,0.0,0.2344,0.8732,63.2,0.0,0.0,0.0,1.8899551475658556,0.3780107818044659,1.9975298199396108,0.8762121465368309,0.3998094676793469,0.37809535748455053,0.3567873731485208,0.7001167146738885,0.05
1063,0.28840000000000005,False,1,0.0,0.1834,0.9334,60.0,0.0,0.0,0.0,1.8281096432645447,0.2928184528494529,1.8149188162992,0.8729107522878565,0.276796394316208,0.28715150101056025,0.17441881629920003,0.5232564488976,0.05
1064,0.28917000000000004,False,1,0.0,0.23990000000000006,0.8708,70.0,0.0,0.0,0.0,1.8662540808818548,0.27738659682228445,2.084825770937232,1.0016004102647575,0.3782027751693103,0.32740814644744415,0.36856957946999475,0.731690025238086,0.05
1065,0.23298000000000005,False,1,0.0,0.21539999999999998,0.813,80.85,0.0,0.0,0.0,2.1269704794007667,0.6754729346028058,2.4003211578428587,1.3207974471347965,0.4896341846288987,0.4768967163417763,0.49124690589154263,0.7760441747019969,0.05
1066,0.2247800000000001,False,1,0.0,0.1652,0.8678000000000001,75.6,0.0,0.0,0.0,1.8561065483183739,0.3645920676578802,2.0160524556291257,0.9787668726260542,0.3232464743691602,0.36112891785172097,0.32880992748344406,0.6576542754194866,0.05
1067,0.22322000000000006,False,1,0.0,0.17579999999999998,0.9362,90.35,0.0,0.0,0.0,1.7822853648220078,0.262743358154099,1.6322888888888578,0.34057979322838916,0.2620413166618897,0.2521628687240638,0.07960000000000209,0.23880000000000629,0.05
1068,0.26712000000000014,False,1,0.0,0.21790000000000004,0.8703,73.25,0.0,0.0,0.0,2.008638674702321,0.4400998344042933,2.130912165002904,1.3289046407324572,0.43114293109730417,0.3773647056417145,0.3067566981759052,0.6134181445512826,0.05
1069,0.30529000000000006,False,1,0.0,0.2306,0.8659000000000001,57.95,0.0,0.0,0.0,1.9256161798829239,0.30339210321468724,2.028711747200641,0.9715287971683204,0.4068079417794158,0.3398708889650827,0.3660654349229202,0.734079985322023,0.05
1070,0.24189000000000002,False,1,0.0,0.17550000000000002,0.9318,80.25,0.0,0.0,0.0,1.7695525999721897,0.20467960139210664,1.743084420245951,0.6877636792710358,0.26362304877490816,0.23895261305075638,0.16122763939471005,0.4770535187663188,0.05
1071,0.21490000000000004,False,1,0.0,0.11880000000000002,0.9378,74.8,0.0,0.0,0.0,1.7476098527529647,0.3995660199772484,1.7767612825104444,0.7884923742679955,0.21457027994043704,0.34533124984142094,0.18822794917710695,0.5646838475313208,0.05
1072,0.29396,False,1,0.0,0.21949999999999997,0.8676999999999999,60.0,0.0,0.0,0.0,1.8895612817700624,0.33747458803974567,2.039716379937894,1.0084624408275957,0.3778876172365781,0.3403021961340233,0.3384042600008972,0.6781401064455468,0.05
1073,0.31572999999999996,False,1,0.0,0.24769999999999998,0.8078,50.0,0.0,0.0,0.0,1.9977112202080876,0.3759148778814091,2.100989425896681,0.7981825213241147,0.4687850358900872,0.367366583177889,0.420789297485422,0.572970511659692,0.05
1074,0.30409,False,1,0.0,0.2182,0.8724999999999999,55.2,0.0,0.0,0.0,1.8802382494601517,0.3425287847172446,2.0818711650156603,1.0833333999971837,0.3765334723925526,0.3495052695486972,0.3981156017459393,0.783563873795177,0.05
1075,0.33678,False,1,0.0,0.2705,0.8701000000000001,56.8,0.0,0.0,0.0,1.9616704407577115,0.32015426371556494,2.013932024031149,0.9542853261384925,0.4452639060359929,0.33451312322814775,0.3545129265334208,0.7090984657001262,0.05
1076,0.31328,False,1,0.0,0.24180000000000001,0.8134,50.0,0.0,0.0,0.0,1.9260301344495931,0.3724982112474784,2.2308107193530016,1.0736820764511876,0.43556821942421936,0.3893808107067789,0.5100815779379657,0.7807467946780202,0.05
1077,0.23888000000000006,False,1,0.0,0.1957,0.8733000000000001,80.05,0.0,0.0,0.0,1.8662596227946768,0.3578263567581966,2.0421599866850455,1.0671240373416129,0.3577972354374619,0.3816297314115183,0.3605974866850458,0.7229066049034474,0.05
1078,0.27598,False,1,0.0,0.22420000000000004,0.9328,80.4,0.0,0.0,0.0,1.8546427975160562,0.26709374657005974,1.9209902316230358,1.1656719251677703,0.3326866935768718,0.2784104873313168,0.22348498870552325,0.6704549661165697,0.05
1079,0.25748000000000004,False,1,0.0,0.19390000000000002,0.8724999999999999,70.0,0.0,0.0,0.0,1.8454330070739715,0.32511805878884603,2.0258152046893643,0.9590773035684865,0.3448061300145511,0.36040198750979136,0.31962009968848515,0.6984873117471553,0.05
1080,0.22376000000000001,False,1,0.0,0.1769,0.9410999999999999,91.2,0.0,0.0,0.0,1.7760344265307388,0.26796485436354905,1.7475251583402358,0.7216787139381067,0.2599453096387718,0.25726021358512224,0.16540000002432947,0.4962000000729884,0.05
1081,0.20729000000000003,False,1,0.0,0.12469999999999999,1.0,90.0,0.0,0.0,0.0,1.6430882450143838,0.0981912270597133,1.5289888894187083,0.03377936635695413,0.13830289422116437,0.10113762513148339,0.0046000000000003495,0.01380000000000105,0.05
1082,0.26182,False,1,0.0,0.20259999999999997,1.0,90.0,0.0,0.0,0.0,1.7483184236360843,0.1769581009394909,1.555600000000086,0.047630242493682515,0.2362140192333646,0.1397703785388922,0.009800000000000423,0.029400000000001276,0.05
1083,0.2876200000000001,False,1,0.0,0.26020000000000004,0.7516,60.0,0.0,0.0,0.0,2.0613791490167173,0.4179129909837022,2.210261199415312,1.066217997914829,0.5366153850626888,0.38578570002075785,0.410383661118901,0.5613948171870295,0.05
1084,0.26491000000000003,False,1,0.0,0.18180000000000002,0.8775000000000001,62.8,0.0,0.0,0.0,1.8520389506290336,0.40271938224360243,2.0469126043130474,1.059092418137551,0.31549466784941926,0.36340330197796195,0.33268890919026256,0.6669790816529462,0.05
1085,0.27431,False,1,0.0,0.23769999999999997,0.8134,68.05,0.0,0.0,0.0,1.9628738514060953,0.35481824145966956,2.2315600137785214,1.1899070478725198,0.4478385839795981,0.3771811572723413,0.4500377807093151,0.7418524455172983,0.05
1086,0.25903000000000004,False,1,0.0,0.20610000000000003,0.7992,62.5,0.0,0.0,0.0,1.922013542889167,0.3635637508409717,2.3065336849415172,1.3166179019875368,0.42256116867519733,0.39620623196707405,0.429160543322533,0.7004405051396432,0.05
1087,0.29796,False,1,0.0,0.2243,0.9365,70.0,0.0,0.0,0.0,1.8370586711789862,0.267920213759922,1.643755556211649,0.3391366227542235,0.3262592638303975,0.26012873778183987,0.07990000000000011,0.2397000000000003,0.05
1088,0.24101000000000003,False,1,0.0,0.1443,1.0,80.0,0.0,0.0,0.0,1.6612686317287604,0.10632835381799365,1.5719001603868274,0.04790303014492696,0.16439539764259842,0.11700215020455715,2.842170943040401e-16,8.526512829121202e-16,0.05
1089,0.27991000000000005,False,1,0.0,0.2004,0.9340999999999999,70.3,0.0,0.0,0.0,1.8139827046116708,0.27201286992191887,1.8258149653643396,0.8583158090535012,0.2955958714463094,0.2687302749143039,0.220793923835583,0.6255638834565543,0.05
1090,0.27397999999999995,False,1,0.0,0.2258,0.8113999999999999,63.75,0.0,0.0,0.0,1.956780356468326,0.40897049339860664,2.313948912746016,1.2372172017351515,0.4477652290672006,0.40883324854165154,0.46194012532927226,0.7625915882140859,0.05
1091,0.25556,False,1,0.0,0.13679999999999998,1.0,70.1,0.0,0.0,0.0,1.6891401680695441,0.14207110719875854,1.5191161458333333,0.027123128820708355,0.1651142552100512,0.1261025354436784,4.746842362911789e-217,0.0,0.05
1092,0.18559000000000006,False,1,0.0,0.1076,0.9329000000000001,84.8,0.0,0.0,0.0,1.7267776419298777,0.289451330760181,1.772539655360596,0.7648693766205991,0.20351859139865502,0.30194752464007407,0.17263965536059633,0.517918966081789,0.05
1093,0.22172000000000003,False,1,0.0,0.1236,1.0,82.4,0.0,0.0,0.0,1.6509727971129302,0.11159301055680498,1.5226667154947922,0.04625222826862662,0.1455032598419485,0.11140013835138277,0.0032000000000003298,0.00960000000000099,0.05
1094,0.29388000000000003,False,1,0.0,0.21590000000000004,0.9425000000000001,70.0,0.0,0.0,0.0,1.8625315212338733,0.41223162928411294,1.883883327502231,1.0645519426398469,0.3162681939186043,0.3391226835779673,0.22597114014027325,0.6316806169155537,0.05
1095,0.21921000000000004,False,1,0.0,0.14709999999999998,0.9208000000000001,80.0,0.0,0.0,0.0,1.7907901016062855,0.32348886011783173,1.818499520251064,0.46692798119965295,0.2839128369911968,0.32210240963139664,0.20970004717392515,0.3295546473639958,0.05
1096,0.2427,False,1,0.0,0.2004,0.8093999999999999,70.2,0.0,0.0,0.0,2.0363072981204384,0.5021600867300671,2.15677616833176,0.9912931143341774,0.4636889169982787,0.43978169782310694,0.45904468267823073,0.7695563969309194,0.05
1097,0.2563500000000001,False,1,0.0,0.2124,0.8789,78.0,0.0,0.0,0.0,1.8815017187851812,0.3806849568384603,2.0819991654885373,1.1137573062222992,0.3681126496749653,0.3713369389875275,0.40623539189922947,0.816345594272761,0.05
1098,0.34714000000000006,False,1,0.0,0.2717,0.7365,32.0,0.0,0.0,0.0,2.0186588064343867,0.35306438608463475,2.411091027055593,1.169064858919347,0.5438494684896678,0.39351852491022493,0.6418070650140222,0.838724672429169,0.05
1099,0.20781000000000002,False,1,0.0,0.1718,0.8065,77.2,0.0,0.0,0.0,1.8882866973851602,0.41694106130730696,2.26763861474731,1.128608373190247,0.39584891624129026,0.45833646887605495,0.5263473531171726,0.7922591460662965,0.05
1100,0.29316,False,1,0.0,0.2028,1.0,74.4,0.0,0.0,0.0,1.7439668113337397,0.1489909006638619,1.5241000000006855,0.04778587657422387,0.2220683127745069,0.13314987042114115,6.316250718005743e-177,0.0,0.05
1101,0.26247,False,1,0.0,0.19319999999999998,0.8240999999999999,60.0,0.0,0.0,0.0,1.8947907093239418,0.4638775697249192,2.287030418945736,1.1723024189983744,0.3818963120630531,0.4372766438835763,0.5278589512819238,0.8106270818420659,0.05
1102,0.20588000000000006,False,1,0.0,0.1455,0.9361,88.4,0.0,0.0,0.0,1.720639055746727,0.21257241778259267,1.7649311179890574,0.652033791375788,0.2200713525221527,0.24947768105472426,0.16053960184360697,0.4816188055308209,0.05
1103,0.30171000000000003,False,1,0.0,0.22469999999999998,0.8814,60.0,0.0,0.0,0.0,1.881021449967933,0.38955754595338304,2.0338181076510784,1.0247916467074625,0.366714784418441,0.36625500779755643,0.3486070291722661,0.7003117469039223,0.05
1104,0.2503,False,1,0.0,0.12899999999999998,1.0,70.0,0.0,0.0,0.0,1.6520410982959894,0.07576256759508229,1.501,0.001843908891458579,0.14364178165890376,0.09093324049338652,1.9132082180266562e-203,0.0,0.05
1105,0.26264,False,1,0.0,0.17519999999999997,1.0,80.0,0.0,0.0,0.0,1.6985576693192717,0.11122590278106467,1.50544826388889,0.009500701328736746,0.18934936286169846,0.11643118592321196,0.002100000000000847,0.005374941860151681,0.05
1106,0.30172,False,1,0.0,0.21559999999999996,1.0,74.6,0.0,0.0,0.0,1.7952288000083896,0.205546739811981,1.558600343863173,0.06007837162671445,0.2554402093168796,0.13910941034579213,0.022200000000001295,0.039176013069225565,0.05
1107,0.27355,False,1,0.0,0.22039999999999998,0.8679,70.55,0.0,0.0,0.0,1.9071891365568479,0.3442604566556078,2.0143449778705413,0.9919932124350788,0.3961371141826701,0.3643770652467584,0.379343900897119,0.7662847614174494,0.05
1108,0.21952000000000008,False,1,0.0,0.1421,0.9335000000000001,80.0,0.0,0.0,0.0,1.710130253146732,0.2064874468096248,1.8070890069106085,0.7418499544032205,0.23029312188612933,0.26508645642554274,0.19710004191850894,0.5283088320622068,0.05
1109,0.23156000000000004,False,1,0.0,0.1847,0.9409000000000001,90.0,0.0,0.0,0.0,1.851694810563344,0.47496158797067567,1.8134558702074361,0.8427984147734899,0.2926749634636781,0.34509010720157496,0.11000000000000001,0.33,0.05
1110,0.31832000000000005,False,1,0.0,0.2843,0.7977,60.0,0.0,0.0,0.0,2.059097599435485,0.44923089090903934,2.228598055016758,1.2231097267723228,0.5480434780035909,0.4198865597612282,0.4765416081797012,0.798240362900101,0.05
1111,0.28184000000000003,False,1,0.0,0.2312,1.0,90.0,0.0,0.0,0.0,1.7524336148852613,0.14522573576998382,1.5204,0.025788369471527246,0.24037545432844026,0.12777689941763384,9.413753839652725e-185,0.0,0.05
1112,0.26539000000000007,False,1,0.0,0.23560000000000003,0.9349000000000001,90.0,0.0,0.0,0.0,1.8205950265398723,0.26582969348808055,1.7861940240981915,0.7328759609910093,0.3258565128220673,0.2776342277615088,0.19562715763641877,0.5868814729092564,0.05
1113,0.32145,False,1,0.0,0.23609999999999998,0.8766,53.4,0.0,0.0,0.0,1.8906730578379978,0.29243056526370664,2.0213792778360373,1.0153962432675934,0.3909667765171311,0.34710042356324833,0.2664138967537183,0.5531360465058042,0.05
1114,0.24005,False,1,0.0,0.1992,0.8687000000000001,80.0,0.0,0.0,0.0,1.8489828332034548,0.35678584413221026,1.916610170143017,0.8497604340117462,0.358701915164813,0.3646451502553318,0.256184074517348,0.544552396699839,0.05
1115,0.25439,False,1,0.0,0.1637,0.866,60.0,0.0,0.0,0.0,1.793111431863728,0.3040336994581553,2.048514535056966,1.0579701348042132,0.3068515337175475,0.35699084845792395,0.3953040758589947,0.7911047095987797,0.05
1116,0.24824000000000004,False,1,0.0,0.175,0.9338,77.2,0.0,0.0,0.0,1.8098260942845545,0.3349039102073299,1.738624264020914,0.6159780101103844,0.27245428517791587,0.31255746239309135,0.1829874731236141,0.5064936771341306,0.05
1117,0.25124,False,1,0.0,0.1567,0.9385,70.0,0.0,0.0,0.0,1.7765243575252518,0.246099778315007,1.6481555555608025,0.34005093735857683,0.2434290654984635,0.24239001101419747,0.07990000000000042,0.23970000000000127,0.05
1118,0.17091000000000006,False,1,0.0,0.14229999999999998,0.875,95.6,0.0,0.0,0.0,1.9569550847066863,0.7427624012941885,2.117355001628293,1.1471521126818012,0.34380183046654755,0.5027814409706298,0.4086977472793114,0.7957150437190625,0.05
1119,0.35633,False,1,0.0,0.2923,0.8764,55.6,0.0,0.0,0.0,2.0124312262132675,0.3678015703214113,2.0178145170428903,0.9487361597350268,0.45409036812080644,0.3339779539805214,0.3474175797554982,0.6956661834841582,0.05
1120,0.24308000000000002,False,1,0.0,0.2044,1.0,100.0,0.0,0.0,0.0,1.766747268434316,0.13182374547960354,1.5268284722222223,0.03144571276919165,0.2422349583345415,0.11580028066685999,3.1147485636331286e-208,0.0,0.05
1121,0.28812000000000004,False,1,0.0,0.1806,0.9390000000000001,60.0,0.0,0.0,0.0,1.766579728988328,0.2764224333049615,1.7625099770730206,0.6680300361935388,0.25537815857760376,0.2950611845681463,0.15722583158032627,0.4716774947409788,0.05
1122,0.2582400000000001,False,1,0.0,0.18080000000000002,0.9056000000000001,70.0,0.0,0.0,0.0,1.7642461881525489,0.23792387784435612,1.9425220299996415,0.9373445088333072,0.27736789358831543,0.2827932573655131,0.25586647444408517,0.5549904940972968,0.05
1123,0.23084000000000005,False,1,0.0,0.1865,0.9353,90.15,0.0,0.0,0.0,1.7873372324671954,0.27027887718938964,1.8053712808793727,0.7908605940391567,0.2735919068062903,0.26158935584360865,0.2188616454627061,0.6565849363881183,0.05
1124,0.25849000000000005,False,1,0.0,0.22719999999999999,0.7635,64.8,0.0,0.0,0.0,2.0722892302861307,0.5456927159564864,2.6138822794847334,1.2684484246443466,0.5091966453843563,0.4906520856202152,0.7813631664033421,0.8898709927250794,0.05
1125,0.30120000000000013,False,1,0.0,0.2616,0.8716000000000002,71.7,0.0,0.0,0.0,1.9326772682813356,0.3310082752716395,2.0433613780950495,1.0541361765447668,0.43616026934831,0.34357395888585796,0.40261733817621137,0.818928968505715,0.05
1126,0.21463000000000007,False,1,0.0,0.1619,0.8710000000000001,80.0,0.0,0.0,0.0,1.8203308973935202,0.3843254278469898,1.99415387820135,0.9849575713213694,0.31906170135804557,0.3882172556598543,0.3517511526366541,0.7046612344595785,0.05
1127,0.27433,False,1,0.0,0.24699999999999997,0.8021,69.6,0.0,0.0,0.0,2.0046562118248317,0.3802375076084028,2.316013339066647,1.247540113296241,0.485491672227632,0.40459645717642745,0.5898800057333137,0.9084068778261186,0.05
1128,0.26705,False,1,0.0,0.1815,1.0,80.0,0.0,0.0,0.0,1.7026339887883892,0.08807994762523873,1.5018000000105043,0.0053999999964985754,0.19586353429937994,0.09932739300002005,3.8576706098939984e-201,0.0,0.05
1129,0.28978000000000004,False,1,0.0,0.21109999999999998,0.9347,69.2,0.0,0.0,0.0,1.7939836424591438,0.24180156468364833,1.8205845933244678,0.9003010368829336,0.2879208463242312,0.27056093950194654,0.16334442889654605,0.4900332866896382,0.05
1130,0.24547000000000005,False,1,0.0,0.2,0.8699,77.75,0.0,0.0,0.0,1.8909334297005227,0.3229569119750679,1.9324767707999517,0.8018490950110769,0.3745181299399251,0.3625992376472657,0.272443432031566,0.6002869369597786,0.05
1131,0.2096,False,1,0.0,0.12799999999999997,1.0,90.0,0.0,0.0,0.0,1.6792535252183647,0.11892659149957718,1.5364000953671004,0.0450250167215631,0.16222089489109437,0.12127976435332855,3.7367739090941554e-219,0.0,0.05
1132,0.27564,False,1,0.0,0.21919999999999998,0.874,70.0,0.0,0.0,0.0,1.890615921395354,0.405389254651144,2.0127616868487985,1.0192132965026341,0.37596390713737915,0.37981143560914726,0.3052442914599342,0.6375532462761346,0.05
1133,0.25458,False,1,0.0,0.1672,0.9437999999999999,72.8,0.0,0.0,0.0,1.7927031796661201,0.36601773788939485,1.638621007004911,0.3386624661127491,0.26048037137554647,0.32337782119605163,0.07990000000002484,0.23970000000007452,0.05
1134,0.24304000000000006,False,1,0.0,0.1967,0.8845000000000001,80.0,0.0,0.0,0.0,1.846006832320203,0.3193278150920621,1.9999952589274943,1.0866502524447303,0.32460606805684455,0.33259809763936377,0.28138800789731666,0.6086493945171217,0.05
1135,0.28426000000000007,False,1,0.0,0.2123,0.8664999999999999,62.15,0.0,0.0,0.0,1.9373794311354628,0.3488852109530974,1.897368342204897,0.8057744904755618,0.38541838723870253,0.3297666576770279,0.2792572155403167,0.619296059198359,0.05
1136,0.28192,False,1,0.0,0.24379999999999996,0.8032,64.85,0.0,0.0,0.0,1.9815529928698496,0.3665094907365976,2.174465917239836,1.073603386675811,0.48332675406439823,0.38910933765893824,0.4659612152692324,0.7751081011891209,0.05
1137,0.2549,False,1,0.0,0.1608,0.9437999999999999,70.4,0.0,0.0,0.0,1.8036100244247428,0.3558639259644502,1.6531501746283648,0.3371214052427817,0.2582561334173433,0.2999502641813784,0.08990000000000073,0.237653718674883,0.05
1138,0.25182000000000004,False,1,0.0,0.1858,0.9401999999999999,80.15,0.0,0.0,0.0,1.8046429407008955,0.32982605456853153,1.7374285176208688,0.422602954696093,0.28799357147093396,0.31501718438941345,0.14835148961649833,0.3023244233473563,0.05
1139,0.21716000000000002,False,1,0.0,0.13879999999999998,1.0,90.0,0.0,0.0,0.0,1.6609661029384817,0.09185860103031544,1.5199000034515429,0.04690512693306518,0.15340788815074075,0.09762239768167236,1.4719772319665047e-217,0.0,0.05
1140,0.27569000000000005,False,1,0.0,0.19770000000000001,0.9349999999999999,71.6,0.0,0.0,0.0,1.7640662443791797,0.22028194395957987,1.8487200087506583,0.9023573724889932,0.2700816800736516,0.2412950516263918,0.2213200078914414,0.6639600236743242,0.05
1141,0.2741,False,1,0.0,0.2109,0.8829,69.2,0.0,0.0,0.0,1.9362709243348637,0.5067323478897923,2.058489686969949,1.0959705242976705,0.3830643729711274,0.4225462165743241,0.3197959095542564,0.6543480474936298,0.05
1142,0.35768,False,1,0.0,0.28239999999999993,1.0,70.0,0.0,0.0,0.0,1.8240647817469462,0.10671128998632777,1.5377,0.0676284703360944,0.31341479563572705,0.07645179122749973,6.688884449093372e-199,0.0,0.05
1143,0.25917000000000007,False,1,0.0,0.2001,1.0,90.45,0.0,0.0,0.0,1.794974241867413,0.25251051960030685,1.5393000364515514,0.04382709692907267,0.24729656185844542,0.19751344482467448,3.7291457406465403e-156,1.118743722193949e-155,0.05
1144,0.25101,False,1,0.0,0.2138,0.8045,70.0,0.0,0.0,0.0,1.9250433426745226,0.4050563434780793,2.2276466233884675,1.0165841423428235,0.43803183324261086,0.4240796885592875,0.46042889696600486,0.6350472735508023,0.05
1145,0.26904,False,1,0.0,0.2444,0.7662,65.95,0.0,0.0,0.0,2.066638328264516,0.47617170356028066,2.3368355829109095,1.182549929535421,0.5343394863068509,0.46282829979229756,0.5451855789259423,0.7601294984505428,0.05
1146,0.31708000000000003,False,1,0.0,0.2244,1.0,70.0,0.0,0.0,0.0,1.7573016170213631,0.13967456390131147,1.5454444453988667,0.051558885543424325,0.24808011747206962,0.11875397475675992,0.013400000000000745,0.028114764804281794,0.05
1147,0.29739000000000004,False,1,0.0,0.16770000000000002,1.0,60.0,0.0,0.0,0.0,1.7081968449959444,0.13933738984256094,1.5372999999999999,0.05298499787675755,0.19030646215051633,0.11759639058277635,9.796731877152487e-192,0.0,0.05
1148,0.3251,False,1,0.0,0.20799999999999996,1.0,60.25,0.0,0.0,0.0,1.7421024371709504,0.14712226200815468,1.5324153645833338,0.06636488625197773,0.23226918371765665,0.1036535939574629,0.0016000000000003071,0.004800000000000921,0.05
1149,0.22053999999999999,False,1,0.0,0.16640000000000002,0.8802,80.0,0.0,0.0,0.0,1.8407422358506662,0.40993707404360524,1.8989911849499361,0.8388360948344887,0.3199926732960567,0.38446053379666334,0.1879000000000002,0.3810166531793594,0.05
1150,0.25517999999999996,False,1,0.0,0.1936,0.9321999999999999,80.0,0.0,0.0,0.0,1.8261283543626146,0.28586470945065834,1.783648422963741,0.7289849930224581,0.3021843331308699,0.2848438638818343,0.17208785147084887,0.5162635544125467,0.05
1151,0.29369000000000006,False,1,0.0,0.28240000000000004,0.7007000000000001,57.1,0.0,0.0,0.0,2.180962128640023,0.5549087980520343,2.9773876882664307,1.4672509587394444,0.6347710154047712,0.48182905511540264,0.9485482862358248,0.9667620651908877,0.05
1152,0.29732000000000003,False,1,0.0,0.2494,0.8228,62.05,0.0,0.0,0.0,2.044171083900854,0.573357305771833,2.3061233120233293,1.32183836364023,0.48873077662434283,0.4668676840564747,0.42103104608066444,0.6847471094359446,0.05
1153,0.2729000000000001,False,1,0.0,0.2137,0.8777000000000001,70.0,0.0,0.0,0.0,1.8253325630685082,0.29202808123767643,1.9819131917684356,0.9210872949369541,0.34750118066078917,0.3212035317961548,0.2698094840019509,0.5180338633183046,0.05
1154,0.22232000000000005,False,1,0.0,0.1256,1.0,82.8,0.0,0.0,0.0,1.6490132731105842,0.08154798230820551,1.6134111903614574,0.19265753219882423,0.1473102989931504,0.09219744975413312,0.05390000000000132,0.1360253285237744,0.05
1155,0.28107000000000004,False,1,0.0,0.2264,0.8753,70.0,0.0,0.0,0.0,1.8700903294993267,0.3134636168638006,2.1172127039351727,1.0969520425284476,0.364582455640476,0.3237571833727133,0.3891682594907276,0.6870626685036422,0.05
1156,0.30239000000000005,False,1,0.0,0.30979999999999996,0.6851,60.0,0.0,0.0,0.0,2.240508588740137,0.4541530829010479,2.6520467478615743,1.1857931216083473,0.6913766002296615,0.4288972174086009,0.7326230641207295,0.7942493127020919,0.05
1157,0.32213,False,1,0.0,0.22810000000000002,0.8082,40.0,0.0,0.0,0.0,1.9624452156235452,0.4218621895780985,2.3791347680054526,1.1949333391779986,0.4642486630749104,0.4283407707042657,0.5813854257426257,0.8242113038441541,0.05
1158,0.31892000000000004,False,1,0.0,0.2347,0.8701000000000001,53.2,0.0,0.0,0.0,1.869308300237352,0.3055886534032791,2.230382973191334,1.403979453881994,0.3729503494526748,0.30558447610155204,0.3910953348510674,0.7824209656269793,0.05
1159,0.25621000000000005,False,1,0.0,0.16319999999999998,0.9399000000000001,70.0,0.0,0.0,0.0,1.788549974091847,0.3899447297191716,1.9088782338260137,1.1527108044013983,0.26514179386756115,0.3398391847556464,0.2386449004926801,0.7159347014780402,0.05
1160,0.30067000000000005,False,1,0.0,0.2581,1.0,90.0,0.0,0.0,0.0,1.8173504780124206,0.1777448721137557,1.545764583333338,0.06138360856265682,0.2893412587474173,0.12063672903159998,0.014000000000000484,0.04200000000000145,0.05
1161,0.21963,False,1,0.0,0.17679999999999998,0.7409,63.2,0.0,0.0,0.0,2.0030821368039606,0.5222096942242792,2.3083381984197624,1.030929368918655,0.4680475894241459,0.4857935645069445,0.6040220772230296,0.7884430254894059,0.05
1162,0.32399999999999995,False,1,0.0,0.261,0.8709999999999999,60.0,0.0,0.0,0.0,1.8846206894684072,0.29613230362484205,2.0024519419231903,0.9988803199895087,0.39738600363705334,0.3288695534905394,0.37775298378608324,0.7619961893569276,0.05
1163,0.24291,False,1,0.0,0.17529999999999998,0.9339999999999999,80.0,0.0,0.0,0.0,1.7845245653652477,0.2932727693523039,1.7986960084922692,0.8424421942391107,0.2702598674882504,0.30126602627551624,0.16171267403296657,0.4851380220988997,0.05
1164,0.21462000000000006,False,1,0.0,0.10660000000000003,1.0,80.0,0.0,0.0,0.0,1.6265321516532523,0.060482333014410035,1.523011113060846,0.029680916421812243,0.1211054959203236,0.0832583924784123,0.004200000000000344,0.012600000000001032,0.05
1165,0.21590000000000004,False,1,0.0,0.137,1.0,90.0,0.0,0.0,0.0,1.6770761309389282,0.14983599718906576,1.528747396922359,0.048446785173528836,0.1607494234690824,0.13442692124627326,1.2275923603445044e-192,0.0,0.05
1166,0.32832000000000006,False,1,0.0,0.23359999999999997,1.0,67.6,0.0,0.0,0.0,1.823935497727263,0.21499361899006378,1.5082,0.01639999999999997,0.26700214490546514,0.1484778026011466,1.0702211939917328e-196,0.0,0.05
1167,0.29783,False,1,0.0,0.2787,0.8097999999999999,70.1,0.0,0.0,0.0,2.1018045328650468,0.5051265658493969,2.028709013961372,0.8488516837018829,0.5480992585746046,0.4397134326208136,0.35609415149065404,0.5942416306398357,0.05
1168,0.24075000000000005,False,1,0.0,0.1869,0.8684000000000001,75.3,0.0,0.0,0.0,1.8671901777865447,0.3943694090663624,2.306167354812444,1.3864200330693535,0.35657840230857873,0.39203376897887515,0.4575541388303873,0.7534620502506015,0.05
1169,0.29768000000000006,False,1,0.0,0.2189,0.8815,60.0,0.0,0.0,0.0,1.8904300990298548,0.3364112583696799,1.7689219517438335,0.4433511189637163,0.348107518540502,0.31752390821036014,0.15940086328152675,0.31880298668054585,0.05
1170,0.21617000000000003,False,1,0.0,0.16419999999999998,0.8041,70.0,0.0,0.0,0.0,1.908734657705132,0.43902003853955035,2.2498417352424847,1.1098720534869053,0.38449358837989683,0.4304373230442846,0.5104585462368141,0.7797617977580235,0.05
1171,0.26104000000000005,False,1,0.0,0.2259,0.8097000000000001,70.0,0.0,0.0,0.0,1.955888484967301,0.4597575610615923,2.250688650227315,1.1351000512382599,0.451474581304976,0.4497561794688354,0.48598658825882096,0.7762310335398327,0.05
1172,0.2535700000000001,False,1,0.0,0.1863,0.8772,70.0,0.0,0.0,0.0,1.8330140576016105,0.3560800411836284,1.9274997656615938,0.8522702713202357,0.3212259462892684,0.36217228512505784,0.2944785786944776,0.6616885129672755,0.05
1173,0.28787,False,1,0.0,0.2305,0.8714000000000001,67.45,0.0,0.0,0.0,1.980909879092049,0.5604050679213829,2.0254667072113923,1.0523599037487459,0.41869456279081324,0.4453520404261775,0.41246670721139267,0.8266048036624807,0.05
1174,0.23439000000000002,False,1,0.0,0.1699,0.9182,80.0,0.0,0.0,0.0,1.7823619610234203,0.306080330187372,1.895320135363308,0.7184016033458304,0.272752088807139,0.286587439968618,0.24774910528238517,0.53309821071989,0.05
1175,0.29915,False,1,0.0,0.2546,0.8751,70.8,0.0,0.0,0.0,1.9350692055053904,0.33642488232820594,2.0062203558929763,1.1231467355436662,0.4181476277995021,0.3308339898452162,0.30402570220440783,0.6884913897026672,0.05
1176,0.23271999999999995,False,1,0.0,0.16929999999999998,0.8766999999999999,74.4,0.0,0.0,0.0,1.8084313140249115,0.33101717728251784,2.160620998732619,1.2622566076662707,0.3035478226873839,0.36202898054906874,0.38573543700782,0.7562952737069089,0.05
1177,0.24176000000000006,False,1,0.0,0.1731,0.9353,80.0,0.0,0.0,0.0,1.7681840263494208,0.2997439045746825,1.8036063596879661,0.7892671553992351,0.25469598024766027,0.265254704255308,0.19731729718226756,0.5919518915468026,0.05
1178,0.20389,False,1,0.0,0.13679999999999998,0.9391,86.8,0.0,0.0,0.0,1.756966387163505,0.27387032897875907,1.635022999816472,0.3383443173696131,0.22650342450049937,0.25526165297177056,0.07960000000000035,0.23880000000000104,0.05
1179,0.24252,False,1,0.0,0.186,0.8183999999999999,66.6,0.0,0.0,0.0,1.9116781293864258,0.40196362578775274,2.0517637180943136,0.9250860278009171,0.39517279150468837,0.40028200414591897,0.3913637180943132,0.7122793717936078,0.05
1180,0.22389000000000003,False,1,0.0,0.16999999999999998,0.9442999999999999,89.2,0.0,0.0,0.0,1.7536966396251916,0.24742691113134196,1.7966890056025846,0.8694916087659125,0.24079258395986805,0.25974513411653977,0.15140000000027168,0.454200000000815,0.05
1181,0.24435000000000007,False,1,0.0,0.18380000000000002,0.8123000000000001,64.0,0.0,0.0,0.0,1.8649629335208424,0.34947618157245974,2.2019388124513233,1.14196180838925,0.365187982570875,0.36430746581861184,0.45200450377760737,0.7450788659898626,0.05
1182,0.2985300000000001,False,1,0.0,0.2453,0.9364000000000001,77.05,0.0,0.0,0.0,1.8804051170372058,0.3362126109049369,1.7714518030704514,0.6938897750194213,0.35508497126839195,0.28873691851200123,0.1774079839020926,0.5322239517062778,0.05
1183,0.21696000000000001,False,1,0.0,0.1615,0.8797,80.0,0.0,0.0,0.0,1.8391065141108225,0.37933733215691723,1.8396349516618948,0.711335570178766,0.32663339907000005,0.39438868256640636,0.23446623775453856,0.49782483603357786,0.05
1184,0.22159999999999996,False,1,0.0,0.17229999999999998,0.8032999999999999,70.0,0.0,0.0,0.0,1.8873584725733334,0.43441333444755703,2.1127926742817973,0.8634678913490166,0.3873651211865151,0.43087638945078616,0.440395531413755,0.6413529364764612,0.05
1185,0.29344,False,1,0.0,0.25889999999999996,0.8727,74.8,0.0,0.0,0.0,1.9560600523622473,0.31707857101599807,1.8972424464506044,0.7836676640428175,0.428954418277445,0.3100568915381123,0.28664575767651546,0.6379226528184864,0.05
1186,0.30341,False,1,0.0,0.17629999999999998,1.0,60.0,0.0,0.0,0.0,1.699659675045223,0.0947463470751117,1.544561284722223,0.052189930418396216,0.19372091754607254,0.09950057501033062,0.0073000000000005795,0.02190000000000174,0.05
1187,0.2642000000000001,False,1,0.0,0.20700000000000002,0.9550000000000001,83.6,0.0,0.0,0.0,1.7964858675563289,0.24166286532071862,1.6346555572301973,0.3417839815850651,0.26873262667626485,0.23472739585248456,0.07990000000000028,0.23970000000000077,0.05
1188,0.25148000000000004,False,1,0.0,0.17839999999999998,1.0,86.7,0.0,0.0,0.0,1.727692671952687,0.15542453241037002,1.5308555556297307,0.05162803938251297,0.202436299144015,0.11198685383144487,0.005200000000000358,0.015600000000001073,0.05
1189,0.29908999999999997,False,1,0.0,0.26149999999999995,0.9338,82.05,0.0,0.0,0.0,1.8872078910434122,0.25095633476537504,2.035848413498088,1.413460141749833,0.35365274634946503,0.25877290430115696,0.22059932906411653,0.5963026515767194,0.05
1190,0.23989000000000005,False,1,0.0,0.21280000000000002,0.8711,85.2,0.0,0.0,0.0,1.8479764519990922,0.29337440669553916,2.0358856250487225,1.0305659821121897,0.34776820766241867,0.31880219413699784,0.3649636459415225,0.7312638668108998,0.05
1191,0.27805,False,1,0.0,0.21729999999999997,0.8198000000000001,60.0,0.0,0.0,0.0,1.9604352751800582,0.435150092803177,1.986553007056326,0.7796582763766418,0.4232241689407815,0.3968103119655515,0.32391469441748233,0.5406041901600009,0.05
1192,0.22068000000000004,False,1,0.0,0.17240000000000003,1.0,100.0,0.0,0.0,0.0,1.7531685209554688,0.20287246622393795,1.5133,0.01820466973059383,0.21620680739542314,0.14984711338659407,1.3698808273990495e-195,0.0,0.05
1193,0.20626000000000005,False,1,0.0,0.1518,1.0,100.0,0.0,0.0,0.0,1.6722016236768755,0.10240460097628541,1.5479151909919175,0.05946888750705789,0.16673823212381178,0.09987083294242056,0.0022000000000003154,0.006600000000000947,0.05
1194,0.22126000000000004,False,1,0.0,0.14210000000000003,0.9393,80.0,0.0,0.0,0.0,1.7388076596525721,0.2623876826246875,1.8582407560693344,0.7315251949249202,0.23129282116800468,0.28372721984038796,0.22200338176105827,0.4649228500074352,0.05
1195,0.23574,False,1,0.0,0.16,0.8808,70.25,0.0,0.0,0.0,1.807087237944423,0.36606357503546144,1.9852190889316859,0.9684105079412554,0.288357085874147,0.34688445720076305,0.2737465246209319,0.556073425727132,0.05
1196,0.32794,False,1,0.0,0.2502,1.0,73.6,0.0,0.0,0.0,1.782591978846528,0.13657173651569804,1.5555000000000008,0.06910173659178387,0.27890512966702,0.11339833216287827,0.017000000000000525,0.05100000000000158,0.05
1197,0.18466000000000005,False,1,0.0,0.1456,0.8757999999999999,90.0,0.0,0.0,0.0,1.8260837574240287,0.4231849912302645,1.903794518548197,0.7787154996885486,0.3139066104584359,0.42784387802324764,0.2407311172131518,0.5143465820802409,0.05
1198,0.3766900000000001,False,1,0.0,0.28650000000000003,0.8778,43.6,0.0,0.0,0.0,2.010034352437135,0.3184601683511108,1.8534653655913922,0.6715326822007235,0.46157615665784063,0.30698127350313303,0.24410918120204608,0.5235133025298677,0.05
1199,0.27849,False,1,0.0,0.25560000000000005,0.8199,73.2,0.0,0.0,0.0,2.017049694078149,0.4767203790766758,2.213247998241966,1.0337961181317354,0.4881956873693693,0.42284991065090993,0.46549825503937486,0.6829724036511293,0.05
1200,0.29881,False,1,0.0,0.24830000000000002,0.75,50.0,0.0,0.0,0.0,2.0085626666263403,0.414067099383162,2.290886512635928,1.0668521166339004,0.52320876859297,0.42258251809780223,0.5627827136207195,0.7875777641379201,0.05
1201,0.19965000000000002,False,1,0.0,0.1414,0.8689,80.0,0.0,0.0,0.0,1.8860053149888407,0.6182084202498898,1.8641145970023554,0.7386245099532127,0.3167390169444513,0.4549814557326497,0.24920607484629237,0.5371736024280721,0.05
1202,0.20627000000000004,False,1,0.0,0.1493,0.9332,89.1,0.0,0.0,0.0,1.7387505280297428,0.20351831958195468,1.907477590234882,1.1423866597607937,0.23992780840048575,0.2591440860420393,0.21111092356821506,0.6333327707046452,0.05
1203,0.19467000000000007,False,1,0.0,0.1353,0.9332,90.0,0.0,0.0,0.0,1.7373570811407582,0.25207038673043974,1.7833750179888568,0.6774799818945625,0.22314108840421998,0.26420236171612654,0.1750653921670598,0.4647351000508843,0.05
1204,0.20834000000000003,False,1,0.0,0.1262,1.0,90.0,0.0,0.0,0.0,1.6472131801127716,0.06629822793229628,1.5639111111113937,0.06235226094106493,0.13718676660011395,0.08666087709796902,0.006900000000000503,0.02070000000000151,0.05
1205,0.18959,False,1,0.0,0.14919999999999997,0.8795,89.35,0.0,0.0,0.0,1.842840383863474,0.4290394100930477,2.3113560326274607,1.6297323516167557,0.3064772487251831,0.39328904249161467,0.4022788801257685,0.804573897798729,0.05
1206,0.29346999999999995,False,1,0.0,0.2428,0.8126999999999999,60.15,0.0,0.0,0.0,2.0454472719603514,0.4558686230866596,2.1327083000046914,0.9658569830564655,0.4886502534157682,0.41665062005479847,0.4159084588860372,0.6753922454317443,0.05
1207,0.40495000000000003,False,1,0.0,0.29890000000000005,0.7964,21.6,0.0,0.0,0.0,1.984693228344181,0.34601376502119036,2.360221071237822,1.262518124744192,0.518807166329108,0.36664448712105435,0.5060716751796361,0.7947842849416094,0.05
1208,0.20815,False,1,0.0,0.1545,1.0,100.0,0.0,0.0,0.0,1.682471466143036,0.09779747202928964,1.5374000000407246,0.050271662092857064,0.1705379106343131,0.11245366899449206,2.168861590597584e-203,0.0,0.05
1209,0.30503,False,1,0.0,0.2323,0.8754,60.1,0.0,0.0,0.0,1.8838491980552898,0.32242512600021045,2.012591094685144,1.0105695405442756,0.3792407115579879,0.3330704798494839,0.36464666930532785,0.730453474245306,0.05
1210,0.29468000000000005,False,1,0.0,0.20700000000000002,0.9366,65.6,0.0,0.0,0.0,1.8202345605188295,0.24717569911118994,1.7866741881522106,0.6921671811174029,0.29403456694219127,0.25476491775551774,0.2078102510331113,0.5522235692570847,0.05
1211,0.27566999999999997,False,1,0.0,0.2125,0.8744,67.7,0.0,0.0,0.0,1.9988167826627337,0.6211085837456695,2.202000051607534,1.2883895564829968,0.4002090533655389,0.46060297504642334,0.41580421827317193,0.831727089284134,0.05
1212,0.32569,False,1,0.0,0.2609,0.8661999999999999,58.4,0.0,0.0,0.0,1.8746373725822951,0.23612242737960407,2.055107785378307,1.1372078758263136,0.39593470307430517,0.2793909832336046,0.3331800535626181,0.6666602256734405,0.05
1213,0.24781000000000006,False,1,0.0,0.1976,0.8743000000000001,76.4,0.0,0.0,0.0,1.9111513211535864,0.34979114661007465,1.879105111554539,0.7366038061636416,0.36890508605945904,0.3352954654506389,0.24560354509368604,0.5276738210144033,0.05
1214,0.28214000000000006,False,1,0.0,0.22820000000000001,1.0,88.8,0.0,0.0,0.0,1.7937673791203093,0.18573430475961528,1.511023350694445,0.017158054403268008,0.2694509555026886,0.14348408065614143,0.0022000000000003154,0.006600000000000947,0.05
1215,0.2791600000000001,False,1,0.0,0.2069,0.8131,54.8,0.0,0.0,0.0,1.9174586260563395,0.3633146858532772,2.1653267507982803,1.055969071024325,0.41277985542062023,0.3710638134768426,0.4533724224877737,0.7467287486651399,0.05
1216,0.25277000000000005,False,1,0.0,0.16109999999999997,1.0,80.0,0.0,0.0,0.0,1.6886977505743435,0.10598945680071295,1.5138555556297306,0.023574209252764957,0.1712240085138683,0.10622289882863067,0.005200000000000358,0.015600000000001073,0.05
1217,0.30733000000000005,False,1,0.0,0.20390000000000003,1.0,67.7,0.0,0.0,0.0,1.7735232701056347,0.1842512132769,1.5417317996865947,0.05410006551531164,0.24274286248457771,0.11751866464869794,2.8420629803576475e-205,0.0,0.05
1218,0.21403,False,1,0.0,0.16240000000000002,0.9344999999999999,90.0,0.0,0.0,0.0,1.7180264022976472,0.20777496614050298,1.8129022218525628,0.9115167796473156,0.24204609250015663,0.262066260843699,0.17264590437480645,0.5179377131244194,0.05
1219,0.29661000000000004,False,1,0.0,0.24090000000000006,0.8795999999999999,67.95,0.0,0.0,0.0,1.9022327490751096,0.32336476771274447,1.8925310849925663,0.7975215489255821,0.3846507254900758,0.32700301511832613,0.26337552411882026,0.5759595176282839,0.05
1220,0.28121,False,1,0.0,0.21469999999999997,0.8684000000000001,64.8,0.0,0.0,0.0,1.8730767504897972,0.38777736940779756,2.0095034949393566,0.9595874250712234,0.3525730708473554,0.36566340325739977,0.4130485646598864,0.7884674979661765,0.05
1221,0.28431000000000006,False,1,0.0,0.2273,0.868,67.6,0.0,0.0,0.0,1.8713235479835244,0.32506287350946556,1.9937881831158033,0.9796218127563663,0.38228220678333785,0.34877192336109264,0.3559016117464653,0.7124209936758189,0.05
1222,0.33323,False,1,0.0,0.26780000000000004,0.8699,57.6,0.0,0.0,0.0,1.9070586417764368,0.30569619111072055,2.096841846182327,1.0938568420651282,0.4227527379773474,0.32079951148155794,0.3919194503489932,0.7772211081756192,0.05
1223,0.2701,False,1,0.0,0.21390000000000003,0.8049,60.55,0.0,0.0,0.0,1.9646454134778069,0.515853804789271,2.1927248935705177,1.1098469377691902,0.44824676536491365,0.45035404309009996,0.3532023166482509,0.5673926841935305,0.05
1224,0.28340000000000004,False,1,0.0,0.223,0.866,66.25,0.0,0.0,0.0,2.0838415448686547,0.69580719701857,2.2712371281762658,1.4767879374482076,0.4545921316446152,0.4994378325825961,0.42199343676606665,0.7978726067488638,0.05
1225,0.23056000000000004,False,1,0.0,0.1776,0.8208,70.0,0.0,0.0,0.0,1.8803294137363806,0.36577652685403034,2.247100130470829,1.1111798284955292,0.3769035296992508,0.3846326000661207,0.4705479723100643,0.7856222784847731,0.05
1226,0.27367,False,1,0.0,0.23009999999999997,0.807,64.75,0.0,0.0,0.0,2.0035259983192577,0.43574480140349436,2.3672411367945925,1.3029140556424335,0.4760057093170361,0.43500031277947226,0.5511056334532276,0.8518189706281493,0.05
1227,0.3053,False,1,0.0,0.179,1.0,60.0,0.0,0.0,0.0,1.6840980177026226,0.0860486053204173,1.514100000000002,0.031133422555188885,0.1825788293305962,0.10116822597417847,4.4831585150593564e-201,0.0,0.05
1228,0.28608,False,1,0.0,0.2084,0.9339999999999999,70.0,0.0,0.0,0.0,1.7852799291322914,0.2559476951154116,1.8869415793536963,1.0333376141441748,0.28214607305382255,0.2589235284787864,0.1753290802015765,0.5259872406047295,0.05
1229,0.28997,False,1,0.0,0.21349999999999997,0.8684,60.0,0.0,0.0,0.0,1.9429770176592356,0.4008168597175516,2.098301260242601,1.1525688144513915,0.4133275446750603,0.40048435164921586,0.3584604859485401,0.7192730646888308,0.05
1230,0.26082999999999995,False,1,0.0,0.27599999999999997,0.6920999999999999,70.0,0.0,0.0,0.0,2.1342084073487806,0.4675646935629368,2.7601277831017805,1.3684659586122248,0.6216513220976452,0.4551412183683253,0.8670744177926428,0.9374700626577771,0.05
1231,0.23622999999999994,False,1,0.0,0.21269999999999997,0.7577999999999999,70.0,0.0,0.0,0.0,1.9972166919006256,0.4408401053976878,2.155096082964702,0.8381612678487927,0.4855474595880317,0.4431590311522593,0.4288294168170907,0.5846534664101134,0.05
1232,0.25022000000000005,False,1,0.0,0.21199999999999997,0.9394,90.0,0.0,0.0,0.0,1.8030719935335893,0.2767300441482842,1.7548419030233682,0.6986683636932787,0.2867049185132823,0.24702223314280583,0.1778603342181711,0.5295930875422739,0.05
1233,0.27458000000000005,False,1,0.0,0.2044,0.937,74.8,0.0,0.0,0.0,1.8276881098823803,0.19332916213367074,1.6383555555555556,0.3383321576334252,0.2961714671162786,0.2165718188889224,0.07990000000000017,0.23970000000000044,0.05
1234,0.25919000000000003,False,1,0.0,0.1983,0.9346,80.0,0.0,0.0,0.0,1.7553517325185883,0.2170143132630897,1.7844939890711935,0.746609464607719,0.2802871621101296,0.2584243685502533,0.17545131789105856,0.5263539536731757,0.05
1235,0.21430000000000002,False,1,0.0,0.1851,0.8681000000000001,87.85,0.0,0.0,0.0,1.8490103484649913,0.327865051718995,2.0403566137292266,1.0120167641202127,0.32917986624400064,0.3383611409413663,0.39369050295575925,0.7915022498961307,0.05
1236,0.2329,False,1,0.0,0.1942,0.8911999999999999,85.2,0.0,0.0,0.0,1.9100622055616914,0.4883979592521084,2.3074160676008026,1.6447497703880862,0.35836836503533953,0.42428663260328,0.36949473674039657,0.7421309026776246,0.05
1237,0.38438000000000005,False,1,0.0,0.2849,0.9335000000000001,47.55,0.0,0.0,0.0,1.842903690411685,0.1861296663221123,1.71766863080971,0.6080638536701185,0.3568270688237067,0.21290400993432348,0.1687299465605458,0.5061898396816373,0.05
1238,0.26878,False,1,0.0,0.2386,0.7392,60.0,0.0,0.0,0.0,2.0028296437575572,0.3712279507922676,2.480884779104186,1.2534105018715214,0.5197684829590171,0.4068291990661512,0.6064492282728702,0.7879826191565799,0.05
1239,0.2010000000000001,False,1,0.0,0.1423,0.8713000000000001,80.0,0.0,0.0,0.0,1.80997535676896,0.36454789457492,1.9293241944310495,0.9382473552392244,0.29787123816430866,0.3730862729280088,0.2537411737373549,0.5499252521971509,0.05
1240,0.28241999999999995,False,1,0.0,0.25549999999999995,0.8119,70.0,0.0,0.0,0.0,1.9468520043028712,0.32268788442485047,2.012927566281172,0.8092555698062918,0.4577896492874761,0.3495213747393067,0.3668053625507844,0.6497347489315269,0.05
1241,0.28411,False,1,0.0,0.23529999999999998,0.933,80.25,0.0,0.0,0.0,1.914984847825794,0.32124045371182924,1.8137212967105394,0.8405260969700304,0.35653498982904086,0.29105127065848047,0.2040702061649838,0.6122106184949515,0.05
1242,0.31798000000000015,False,1,0.0,0.21860000000000004,0.8832000000000001,50.0,0.0,0.0,0.0,1.822015534715291,0.3366945585547571,1.863495979479684,0.7366782248163664,0.3300279260120579,0.32877907881761964,0.24124568001808724,0.5158759519861652,0.05
1243,0.30884,False,1,0.0,0.2655,0.9433,80.0,0.0,0.0,0.0,1.863874658104487,0.21630079211948108,1.719458684839309,0.48806415726363184,0.34806561270320463,0.22566464890455076,0.09610039746338725,0.23869613982131635,0.05
1244,0.2528100000000001,False,1,0.0,0.1995,0.8812000000000001,75.6,0.0,0.0,0.0,1.9051695648434346,0.4191733112766565,1.9096952218803416,0.8470885181006261,0.36962857415189554,0.37699618264287893,0.28088411076923014,0.6238050275173312,0.05
1245,0.24565000000000006,False,1,0.0,0.1434,0.9908999999999999,76.0,0.0,0.0,0.0,1.7261021797716043,0.20001888757268585,1.6721555555555567,0.3318707178003746,0.1954500502556335,0.1588293814451105,0.07990000000000087,0.2397000000000026,0.05
1246,0.32079,False,1,0.0,0.2472,0.8684999999999998,56.4,0.0,0.0,0.0,1.924231596480178,0.40678141765210357,2.082912631845372,1.104523179881373,0.4014011603876496,0.37284547217195046,0.3054637317013802,0.5817939725795587,0.05
1247,0.25833000000000006,False,1,0.0,0.2444,0.8175000000000001,79.0,0.0,0.0,0.0,1.9646119710286034,0.3389550958434891,2.5057564001329817,1.5540030584782896,0.4589772524602834,0.3819395687166034,0.5645897334663139,0.8447459755192898,0.05
1248,0.22829000000000002,False,1,0.0,0.1536,0.9359,80.0,0.0,0.0,0.0,1.7403133836471731,0.2657287892205985,1.6399564223455407,0.3392969191917516,0.24091759820334238,0.2881433232345302,0.07990005540591211,0.23970016621773635,0.05
1249,0.33396000000000003,False,1,0.0,0.2451,0.8723000000000001,49.65,0.0,0.0,0.0,1.8903639959700118,0.3060042053188315,2.0621605983074383,1.1428662091299189,0.3983284805844509,0.3368172755123202,0.3346417802151576,0.6708425487994232,0.05
1250,0.25866,False,1,0.0,0.16879999999999998,0.9349999999999999,70.0,0.0,0.0,0.0,1.7369908103278835,0.27013913844426823,1.799046274014712,0.8407313543989137,0.25059617548871804,0.28893019755380644,0.2284847852678246,0.6598642643666749,0.05
1251,0.2900600000000001,False,1,0.0,0.20940000000000003,0.8116,50.0,0.0,0.0,0.0,1.9224068638397906,0.4364716861520899,2.471001417796882,1.495142247409044,0.42510482507500863,0.43964468993232353,0.5393712185345694,0.8311514119582445,0.05
1252,0.34062,False,1,0.0,0.2784,0.8698,57.6,0.0,0.0,0.0,1.9457454029534056,0.28085425923907353,1.7854252734223295,0.440303747316595,0.43325235871651036,0.3095600869955717,0.16710114993729547,0.31668934826206974,0.05
1253,0.26680000000000004,False,1,0.0,0.17099999999999999,1.0,76.45,0.0,0.0,0.0,1.7200186188098001,0.16515794094988498,1.5541,0.04772305522491202,0.1891909259674856,0.12781521903960313,4.507348496515725e-183,0.0,0.05
1254,0.23983000000000004,False,1,0.0,0.19860000000000003,0.8027000000000001,70.0,0.0,0.0,0.0,1.9039974259191954,0.3924658454920553,2.3186096141207377,1.2370778146011436,0.40998032390721234,0.4118500001387445,0.4582292749941292,0.719561228075688,0.05
1255,0.28117000000000003,False,1,0.0,0.2502,0.8201,70.0,0.0,0.0,0.0,1.9591507007032398,0.4064405106453352,2.540117648317914,1.669228492658891,0.43567466289293505,0.38383080338049064,0.5931914652520455,0.9128621442184659,0.05
1256,0.27298000000000006,False,1,0.0,0.1899,0.9335000000000001,70.0,0.0,0.0,0.0,1.7527072509778296,0.2247591014806526,1.7811188534470255,0.7510911052022865,0.27724305582330433,0.2606381759628011,0.1745244060780809,0.5006750423190961,0.05
1257,0.28085000000000004,False,1,0.0,0.1771,0.9336,61.6,0.0,0.0,0.0,1.7812101029230667,0.26157025754636587,1.7845207169504884,0.7227121613286146,0.2686366760604698,0.2641688654802963,0.17780039992354055,0.5334011997706217,0.05
1258,0.21403,False,1,0.0,0.1629,1.0,100.0,0.0,0.0,0.0,1.6829460410633366,0.1183878871996371,1.5435111111495323,0.07753381103897984,0.18360226758674028,0.10775674621662415,0.023900000000001097,0.056061484104510284,0.05
1259,0.26596,False,1,0.0,0.2352,0.8044,70.0,0.0,0.0,0.0,1.946737017637648,0.4015181440683109,2.456997249938937,1.4791036558464101,0.4480078796289263,0.3821885121609372,0.5471384066240608,0.8379595966684913,0.05
1260,0.25956,False,1,0.0,0.17880000000000001,1.0,82.8,0.0,0.0,0.0,1.7539679227617468,0.242587983401278,1.5095222259521488,0.019272585599181904,0.21752016321210027,0.18631211069958226,0.004000000000000341,0.012000000000001022,0.05
1261,0.21003000000000002,False,1,0.0,0.14930000000000002,0.9334,87.25,0.0,0.0,0.0,1.7614036832412356,0.2806383462681944,1.616076740597979,0.28466815511651894,0.24092237116016607,0.27514036720346957,0.08497891592797797,0.2549367477839339,0.05
1262,0.32905999999999996,False,1,0.0,0.2219,0.9350999999999999,53.4,0.0,0.0,0.0,1.8021316898287172,0.2656955400445516,1.8329615745139662,0.8369751914189071,0.3011834061272335,0.2734451296292272,0.20906157451396618,0.6271847235418985,0.05
1263,0.24974000000000007,False,1,0.0,0.19970000000000002,0.8705,75.6,0.0,0.0,0.0,1.8280427382628015,0.35552044915982906,2.20911276845926,1.31726074880347,0.35180755625914023,0.37782881640519345,0.43815463858222864,0.8291268751980622,0.05
1264,0.24678000000000003,False,1,0.0,0.19979999999999998,0.8634000000000001,76.05,0.0,0.0,0.0,1.8726917254441122,0.35710569766144357,2.2476119202894838,1.4241693978041672,0.36436833035410443,0.35698288817213136,0.35658109601629373,0.7143983649024248,0.05
1265,0.21414999999999998,False,1,0.0,0.1346,0.9330999999999999,80.0,0.0,0.0,0.0,1.7564343912589895,0.2505925971049724,1.8126478862838566,0.8518310902475127,0.23806870264732377,0.2843451046417196,0.2276478862838569,0.6829436588515707,0.05
1266,0.25265000000000004,False,1,0.0,0.19029999999999997,0.9358000000000001,80.65,0.0,0.0,0.0,1.8564750345082497,0.2748205151310136,1.7566111386617038,0.4468583691560263,0.3125371691818284,0.2559179885189789,0.15890000000000087,0.3178063718681567,0.05
1267,0.27414000000000005,False,1,0.0,0.22819999999999996,0.799,62.65,0.0,0.0,0.0,2.0572168702142135,0.5194944994227014,2.409609433258055,1.3689665566835396,0.495827683530091,0.45187923486030257,0.5619777391525945,0.8610063588172941,0.05
1268,0.21234000000000003,False,1,0.0,0.16109999999999997,0.9319,90.0,0.0,0.0,0.0,1.7378659734434738,0.20306886264338006,1.7681041067644785,0.7359721398202073,0.23952253506920124,0.25061874401865747,0.17136762009516265,0.5141028602854879,0.05
1269,0.29913000000000006,False,1,0.0,0.25170000000000003,0.8118000000000001,60.3,0.0,0.0,0.0,1.9922377795010207,0.3904904580907302,2.11159303260044,0.9328540293452702,0.4661975948576977,0.3719203078977722,0.4202936522925097,0.6831545366238848,0.05
1270,0.25249,False,1,0.0,0.1607,1.0,80.0,0.0,0.0,0.0,1.6655259380205725,0.10034770043003728,1.5438222222222227,0.07323581394675988,0.16173391176103175,0.08473967931226609,0.0006000000000002928,0.0018000000000008782,0.05
1271,0.27207000000000003,False,1,0.0,0.2677,0.8156000000000001,80.0,0.0,0.0,0.0,2.070557692188343,0.4676689830735835,2.52895728423577,1.6723933315079873,0.5167568764922258,0.4174619559884994,0.6182187079849241,0.9459186636718703,0.05
1272,0.2186700000000001,False,1,0.0,0.19590000000000002,0.8718,90.0,0.0,0.0,0.0,1.8929136114511522,0.4332528483155286,1.9338420596943098,0.7747001876901585,0.3688227613695768,0.3874878458153564,0.2849865224086269,0.6350020462818022,0.05
1273,0.3016400000000001,False,1,0.0,0.24819999999999998,0.805,56.8,0.0,0.0,0.0,2.0152629569272174,0.43019810753626275,2.3481803270274426,1.2125277667699748,0.4832415888998103,0.41158281529606355,0.6257348319419022,0.9306495735626101,0.05
1274,0.29924000000000006,False,1,0.0,0.22820000000000001,1.0,80.25,0.0,0.0,0.0,1.7744022847890428,0.11449576853291547,1.54447777777778,0.048495234588339986,0.2557424936322841,0.09123326536234319,0.008400000000000404,0.025200000000001208,0.05
1275,0.31243000000000004,False,1,0.0,0.2109,1.0,67.6,0.0,0.0,0.0,1.7518123572925366,0.20060938831868882,1.5646,0.08347239064505108,0.23594822289903666,0.15379673906296168,2.5475640031190086e-175,0.0,0.05
1276,0.21493000000000004,False,1,0.0,0.1684,0.7475,63.6,0.0,0.0,0.0,1.9586872957790316,0.47474151135268594,2.4084947426614525,1.1650002476001304,0.4329898275577061,0.4640179078188354,0.6591763052994949,0.8644249421551204,0.05
1277,0.27266999999999997,False,1,0.0,0.21239999999999998,0.8613,67.2,0.0,0.0,0.0,2.0199890643505336,0.6417950307922463,2.0781369730133283,1.044579081704239,0.43588811944776007,0.47814841498799665,0.42464808412443916,0.8163038206763914,0.05
1278,0.20470000000000005,False,1,0.0,0.121,1.0,90.0,0.0,0.0,0.0,1.639254214946762,0.07737302271223322,1.5499000243677032,0.05516603592758261,0.1331934421582095,0.08753620488003719,5.5391209083411275e-214,0.0,0.05
1279,0.18283000000000002,False,1,0.0,0.1451,0.8042,80.0,0.0,0.0,0.0,1.9236343953868846,0.4882117524238411,2.441643096006765,1.61453280048474,0.38358023921906537,0.4640478327605175,0.4691090814986728,0.733693934167446,0.05
1280,0.25993,False,1,0.0,0.1719,1.0,80.2,0.0,0.0,0.0,1.7089877262695203,0.21220192085150033,1.5347894142044922,0.05414962225184817,0.18760058230197965,0.12891819235123703,0.012000000000000455,0.036000000000001364,0.05
1281,0.28756000000000004,False,1,0.0,0.25429999999999997,0.8665,75.2,0.0,0.0,0.0,1.9373938006669955,0.3340362975081343,2.018970088502699,0.9984367764790124,0.4256492357229663,0.3497790780424179,0.265485684404455,0.5484824896277263,0.05
1282,0.24665000000000006,False,1,0.0,0.15250000000000002,1.0,80.05,0.0,0.0,0.0,1.7057021774387202,0.1547270896595654,1.5258000000790581,0.05331566393716843,0.18107413706547462,0.12076414736501812,1.1046843277242027e-204,0.0,0.05
1283,0.2878800000000001,False,1,0.0,0.2024,0.866,56.8,0.0,0.0,0.0,1.8727032476127015,0.2795117399760018,2.16777091183116,1.315234054504573,0.3539402693883305,0.3249471872433402,0.33070854128607563,0.6617915117077882,0.05
1284,0.3167800000000001,False,1,0.0,0.2521,0.9367000000000001,70.35,0.0,0.0,0.0,1.9353912948572922,0.5307989563526644,1.8093019458767103,0.8293537407052872,0.3691639782663473,0.3498225564452157,0.10140000000000046,0.2930420447649107,0.05
1285,0.31065000000000004,False,1,0.0,0.24900000000000003,0.8675,61.95,0.0,0.0,0.0,1.9705957307877306,0.30998120518113065,2.055173296133327,1.0954301853787105,0.43436845150389203,0.33941738248150466,0.42362118793740144,0.8473008239267349,0.05
1286,0.25540000000000007,False,1,0.0,0.1763,0.9333,74.0,0.0,0.0,0.0,1.7903248056032055,0.308982093328386,1.8129433454342003,0.7936198122469597,0.2669590991303807,0.28444911623555674,0.19284334543418463,0.5785300363025538,0.05
1287,0.3042500000000001,False,1,0.0,0.2786,0.8091000000000002,66.75,0.0,0.0,0.0,2.0425676289803967,0.3738694345502309,2.3081278266615977,1.366360358777837,0.5193932025930558,0.35062728259070025,0.4497067581939178,0.74072508095931,0.05
1288,0.29769,False,1,0.0,0.268,0.7563,58.4,0.0,0.0,0.0,2.033967487003991,0.39300425311869425,2.120635450951758,0.8349394823883975,0.5397147728026669,0.400979655419986,0.42599966576291104,0.5977735662755914,0.05
1289,0.25953000000000004,False,1,0.0,0.22279999999999997,0.8829,80.65,0.0,0.0,0.0,1.882834208341222,0.357640254323612,2.1231370288745315,1.2373347960468095,0.35002997746934683,0.33544148959736103,0.36014336458288143,0.7213165465074572,0.05
1290,0.26475000000000004,False,1,0.0,0.20329999999999998,0.8748000000000001,70.0,0.0,0.0,0.0,1.8498589160117895,0.34465208418988574,1.9498639756755751,0.948691483923734,0.3580626577910039,0.3618093659090804,0.21490000006317192,0.41548536685880627,0.05
1291,0.28281,False,1,0.0,0.1951,0.9318,66.65,0.0,0.0,0.0,1.7802542616095902,0.23976280797061528,1.65322353532328,0.33637357956659314,0.2654685499454188,0.23111578154063747,0.09690000001021502,0.2367777227999771,0.05
1292,0.22597000000000006,False,1,0.0,0.1759,0.9428000000000001,90.0,0.0,0.0,0.0,1.8382717901105878,0.38132804985710583,1.7990190275821356,0.7600418444173356,0.29446274511963,0.32988378401133334,0.19250119971602087,0.570537953725159,0.05
1293,0.23361000000000004,False,1,0.0,0.18409999999999999,0.8158000000000001,70.0,0.0,0.0,0.0,1.925756330813477,0.46120662719745187,1.9487742220934234,0.7294127643967253,0.40214745971937527,0.43908795020163205,0.3393150723000583,0.5579650839382205,0.05
1294,0.23469000000000004,False,1,0.0,0.1627,0.9359999999999999,80.0,0.0,0.0,0.0,1.7647461942420075,0.31441097792407624,1.8940638664035845,1.1051621670598424,0.24830636102390274,0.27643946723582985,0.21383053307025093,0.6414915992107528,0.05
1295,0.22036999999999998,False,1,0.0,0.171,0.8689,80.0,0.0,0.0,0.0,1.8631400621528402,0.48422757389140014,2.304385626325111,1.6433963512453866,0.3520155810809523,0.45089481389019354,0.37275440089879636,0.7267525927747458,0.05
1296,0.36297,False,1,0.0,0.2609,0.8737999999999999,40.9,0.0,0.0,0.0,2.0064419002834017,0.45290348828528465,1.8994780344923032,0.8116310901069916,0.425943330434683,0.3514104878251479,0.2611736256712529,0.5693501203228416,0.05
1297,0.2772300000000001,False,1,0.0,0.1903,0.9414,69.2,0.0,0.0,0.0,1.790441965309967,0.2867931547397183,1.7913523485385319,0.7640301215797307,0.26170920598407454,0.26832200995993755,0.19545234853853183,0.5863570456155955,0.05
1298,0.34917,False,1,0.0,0.29389999999999994,0.8068,49.3,0.0,0.0,0.0,2.0640899243999984,0.40629659864765866,2.370752276751276,1.306153592314998,0.5326868964888967,0.3815109716151908,0.5123282192885427,0.7834785775996511,0.05
1299,0.2671200000000001,False,1,0.0,0.2318,0.9362,88.0,0.0,0.0,0.0,1.8312951962812654,0.28217312971673686,1.806669880619273,0.8154274808712119,0.3206626221071578,0.27473438336861367,0.11400000000000002,0.34199999999999997,0.05
1300,0.2969400000000001,False,1,0.0,0.2206,0.9364000000000001,69.2,0.0,0.0,0.0,1.8198396920709954,0.3017597661009952,1.7752758448516075,0.684620411179458,0.3089435413263655,0.28832350059904344,0.193570572364873,0.5807117170946189,0.05
1301,0.30804,False,1,0.0,0.2445,0.8083,52.8,0.0,0.0,0.0,1.944340401907193,0.38656370624213227,2.2847387069377634,1.1332178560072765,0.45773582802527557,0.3991298650655491,0.5451017249271544,0.8379987103996335,0.05
1302,0.26277000000000006,False,1,0.0,0.1757,0.9326000000000001,70.0,0.0,0.0,0.0,1.7373220189927459,0.24560258448576602,1.7295908711180963,0.6259490395709416,0.24795049994445195,0.2748871064886109,0.15556639957841828,0.46669919873525484,0.05
1303,0.24986000000000005,False,1,0.0,0.21389999999999998,0.8671000000000001,80.0,0.0,0.0,0.0,1.9078693414824648,0.3746539197597802,2.0522995526382535,1.0814595737031663,0.38588302148898007,0.3541358096762555,0.37549758248486864,0.7509953121928936,0.05
1304,0.34941999999999995,False,1,0.0,0.31229999999999997,0.7516999999999999,47.35,0.0,0.0,0.0,2.186481735266633,0.3899550330693658,2.702531843274579,1.4653160729291237,0.6250457844406772,0.3797540937203934,0.8097118963062726,1.0089201525791316,0.05
1305,0.28948000000000007,False,1,0.0,0.1564,1.0,60.0,0.0,0.0,0.0,1.6856098061515432,0.14869826166117997,1.533303920714061,0.0392214953518764,0.1780505439581554,0.15255292158657927,6.622571819232495e-183,0.0,0.05
1306,0.2534,False,1,0.0,0.2076,0.8775999999999999,77.6,0.0,0.0,0.0,1.8494926969783652,0.3057937039018396,1.9436857761031434,0.9254361707960613,0.34820729534694717,0.32425137233348117,0.25952588911550817,0.5649256240879115,0.05
1307,0.26699000000000006,False,1,0.0,0.16999999999999998,0.9423,67.35,0.0,0.0,0.0,1.793076961776461,0.32796494085637545,1.6497890271992985,0.3392646848294249,0.2648973913013288,0.2936009497615862,0.07990000000000025,0.23970000000000075,0.05
1308,0.22532,False,1,0.0,0.1497,0.9350999999999999,80.0,0.0,0.0,0.0,1.7150429912102996,0.2910553420242847,1.8219781275962887,0.767876652233575,0.2230041764822485,0.2940538816978885,0.20911146092962168,0.5849730122540038,0.05
1309,0.27947,False,1,0.0,0.19729999999999998,0.8712,60.0,0.0,0.0,0.0,1.825285583066344,0.3172823160354935,1.9091626734859937,0.7627802511886532,0.33211256318494725,0.3292595703030489,0.2505132762905388,0.4930751500129419,0.05
1310,0.22422000000000006,False,1,0.0,0.1674,0.9408,87.6,0.0,0.0,0.0,1.757956766304941,0.27606040869422865,1.7642459455537647,0.6968221056598308,0.24747824249474998,0.28200814556592146,0.1710903899982092,0.5112742994398157,0.05
1311,0.20672000000000007,False,1,0.0,0.1511,0.9365,90.0,0.0,0.0,0.0,1.7782272170108147,0.44706121889312694,1.9049717637904628,1.1409618394127081,0.25525980909817914,0.36289952605986225,0.1412429684543323,0.39029584650828836,0.05
1312,0.1774400000000001,False,1,0.0,0.12109999999999999,0.9089,90.0,0.0,0.0,0.0,1.8074038879007381,0.4444406686429125,1.8549561714508704,0.7274567229290008,0.24859832866402382,0.3269328401114166,0.25039130656887537,0.5403688854509391,0.05
1313,0.21395000000000003,False,1,0.0,0.1515,1.0,96.05,0.0,0.0,0.0,1.7018578354068459,0.14894368818157758,1.5442114560392919,0.05430526512737152,0.1819734763201275,0.11887455971741641,0.00600000000000037,0.01800000000000111,0.05
1314,0.20563000000000003,False,1,0.0,0.1418,0.9359,87.2,0.0,0.0,0.0,1.7042246040941653,0.23468190275214054,1.6606555555555573,0.3361948856111763,0.21517616552342975,0.24549069595926892,0.07990000000000022,0.23970000000000063,0.05
1315,0.28541000000000005,False,1,0.0,0.2068,0.9355,70.0,0.0,0.0,0.0,1.7976405690802497,0.2528125532052554,1.6543079013243385,0.3381480880568684,0.28684642054302567,0.2608715526315334,0.0798001617408515,0.23940048522255453,0.05
1316,0.24676000000000003,False,1,0.0,0.17880000000000001,0.8720000000000001,70.0,0.0,0.0,0.0,1.8425572132607233,0.32604028025378917,2.0941869924528715,1.1246441787760901,0.3242172979757358,0.36261547150365275,0.27020000000003275,0.5421383218331728,0.05
1317,0.26793,False,1,0.0,0.2109,0.8029999999999999,60.3,0.0,0.0,0.0,2.0089801879224822,0.5330230638191005,2.248211084474134,1.1789311133481928,0.46577275335261736,0.46218383342795555,0.4631092188727126,0.7645462575037321,0.05
1318,0.2074600000000001,False,1,0.0,0.1698,0.93,95.2,0.0,0.0,0.0,1.89012668073178,0.47900137640026785,1.8930527360181018,1.036963025233879,0.314300039856643,0.36498114462094317,0.15868897499859555,0.4760669249957867,0.05
1319,0.23259000000000005,False,1,0.0,0.17200000000000001,0.9393,84.8,0.0,0.0,0.0,1.7732256055587043,0.22842655044920693,1.6531555555590558,0.33503325871367484,0.2510437920341973,0.22307500051050413,0.07990000000000028,0.23970000000000077,0.05
1320,0.31171000000000004,False,1,0.0,0.22199999999999998,0.9337,61.9,0.0,0.0,0.0,1.850893420367619,0.32044839197376657,1.8073430384409304,0.869920583091817,0.31575794839001653,0.2704323349671068,0.2136307944624018,0.6299692172235183,0.05
1321,0.30126,False,1,0.0,0.2365,0.9376999999999999,72.8,0.0,0.0,0.0,1.7899690272841817,0.2675967917558085,1.6517835106903374,0.338231487309154,0.3150234068415897,0.2704925492930051,0.0799000000000002,0.23970000000000058,0.05
1322,0.21755,False,1,0.0,0.16460000000000002,0.9330999999999999,88.8,0.0,0.0,0.0,1.751831798713819,0.24049370839796316,1.76961954117994,0.7708942718708888,0.2477894219619765,0.28334166758278617,0.1657195411799401,0.49715862353982027,0.05
1323,0.27282000000000006,False,1,0.0,0.23220000000000002,0.8746,76.05,0.0,0.0,0.0,1.9375196083596502,0.34199515813637443,2.2304326871504268,1.382097625286999,0.40255127372415594,0.34170989743858726,0.35743755906889885,0.7002706659993413,0.05
1324,0.37942,False,1,0.0,0.29439999999999994,0.8827999999999999,45.75,0.0,0.0,0.0,2.0277338998181573,0.3394739644345513,1.8756919648333412,0.7800303698776581,0.46164583494863853,0.28235323841462306,0.2507364092777854,0.5411304282811609,0.05
1325,0.25009000000000003,False,1,0.0,0.1287,1.0,70.0,0.0,0.0,0.0,1.6645843395768343,0.11980375510451056,1.5167,0.05009999999999994,0.15749236015437967,0.12757016198220464,7.811376774483773e-211,0.0,0.05
1326,0.26951,False,1,0.0,0.21309999999999998,0.8678000000000001,70.0,0.0,0.0,0.0,1.8587625748019867,0.3328519594642044,2.1141508518696157,1.1752357203583028,0.36739067641745643,0.34663567013111657,0.40167900576414334,0.8012734061839103,0.05
1327,0.26750000000000007,False,1,0.0,0.22149999999999997,0.9335000000000001,83.8,0.0,0.0,0.0,1.853883601982938,0.2663277003870469,1.8237685850723078,0.8769832248256877,0.31634222812361296,0.2650283840469782,0.1924567084153105,0.5773701252459316,0.05
1328,0.22555999999999998,False,1,0.0,0.1618,0.841,70.0,0.0,0.0,0.0,1.838206900624923,0.37713817589406634,2.268061780392705,1.2525295766764473,0.3267217532102048,0.3790967716462798,0.40916927976385314,0.6625977674422905,0.05
1329,0.19355000000000006,False,1,0.0,0.1364,0.9269000000000001,90.0,0.0,0.0,0.0,1.7635613732272986,0.3190908629697478,1.8876459884046901,0.7936521522063212,0.24530332631937704,0.3101180163874418,0.2910237661824677,0.6518264446826803,0.05
1330,0.28117000000000003,False,1,0.0,0.196,0.8798999999999999,60.0,0.0,0.0,0.0,1.8201426932318707,0.3426081332828512,1.9834381902841827,0.9159646382173019,0.32375481984049853,0.3619669220582404,0.3509810538388928,0.7021762573029473,0.05
1331,0.26879000000000003,False,1,0.0,0.2411,0.9334,90.0,0.0,0.0,0.0,1.8189962040373817,0.21538521665483717,1.7769773026645825,0.7605366609427323,0.3218935754966908,0.24408338567733473,0.19528841370151878,0.568743251133181,0.05
1332,0.17936000000000002,False,1,0.0,0.1121,0.9362999999999999,90.0,0.0,0.0,0.0,1.697897086266579,0.21236035799421754,1.6548000000000003,0.3413416658415813,0.1934734553469668,0.24832829340334234,0.09610000000000042,0.23922644084632436,0.05
1333,0.3153600000000001,False,1,0.0,0.2191,0.9373000000000001,59.6,0.0,0.0,0.0,1.8105497063734712,0.26874463864288367,1.796823227648557,0.8256756360015258,0.3075730880244417,0.2794590389743825,0.22380551421836398,0.6562265359179145,0.05
1334,0.29227000000000003,False,1,0.0,0.24279999999999996,0.8077,60.0,0.0,0.0,0.0,1.9373321869950082,0.3285515673449124,1.8415584316368352,0.46012154234199837,0.4511353482029798,0.359940851465268,0.24339525092070086,0.3719198329275048,0.05
1335,0.26868000000000003,False,1,0.0,0.19429999999999997,0.9349000000000001,73.9,0.0,0.0,0.0,1.8001720582805487,0.25306830648388245,1.7719010847242138,0.6872107167528527,0.2854763260091521,0.2633290822807821,0.16300000418681243,0.46104686482392965,0.05
1336,0.22449,False,1,0.0,0.14919999999999997,0.9324999999999999,79.85,0.0,0.0,0.0,1.7417830333010127,0.25962349845886046,1.7909153645331106,0.7524153687525417,0.23259610167148392,0.2585850737244087,0.20199314029305437,0.5639794695313386,0.05
1337,0.29918000000000006,False,1,0.0,0.2285,0.9361,70.8,0.0,0.0,0.0,1.8186168263399938,0.23848904593449244,1.8121778033117846,0.8164207713556253,0.31900542379288777,0.25536136861177783,0.21157780331178438,0.6347334099353531,0.05
1338,0.24963000000000005,False,1,0.0,0.211,0.8731,80.0,0.0,0.0,0.0,1.8990888543152675,0.4172622219944111,1.7613583331688414,0.4520577401051286,0.3819349458166661,0.37101456959548457,0.15940000000000326,0.3188003136761382,0.05
1339,0.2129900000000001,False,1,0.0,0.15270000000000003,0.932,86.75,0.0,0.0,0.0,1.7433715596480055,0.3730308947004206,1.915708328025309,1.1397154518026034,0.23705875004029497,0.32858875381056196,0.1847755343598964,0.5391677231815302,0.05
1340,0.31508,False,1,0.0,0.18929999999999997,0.9419000000000001,50.0,0.0,0.0,0.0,1.7150504249957117,0.20133644450859223,1.7771146068136727,0.7601522104059124,0.22400943561328757,0.22273074872383095,0.1909590254877176,0.5616352294895709,0.05
1341,0.24937000000000004,False,1,0.0,0.153,0.9429000000000001,70.3,0.0,0.0,0.0,1.7482696765067178,0.26298988104869864,1.6395388889497249,0.3392266968871225,0.24391270085684283,0.25499492353554853,0.08080000000000054,0.23908525676001083,0.05
1342,0.18449000000000004,False,1,0.0,0.1207,1.0,100.0,0.0,0.0,0.0,1.6736460393851829,0.19945422886256403,1.5402666666668594,0.07265202366921497,0.15639782641957808,0.15231883794469395,0.023800000000000907,0.0524019083621979,0.05
1343,0.23081000000000002,False,1,0.0,0.1583,1.0,90.0,0.0,0.0,0.0,1.6501562990681549,0.06322506384813921,1.5335000000000008,0.07934639248258457,0.16686984316688017,0.06720176948715345,0.01880000000000052,0.05640000000000157,0.05
1344,0.31625,False,1,0.0,0.20949999999999996,1.0,65.2,0.0,0.0,0.0,1.7505329450626266,0.1330606938875894,1.5151001597828468,0.03202059352385482,0.2344269987128654,0.12847721560321096,1.5616199769206008e-189,0.0,0.05
1345,0.25814000000000004,False,1,0.0,0.2172,0.8619999999999999,76.25,0.0,0.0,0.0,1.9806540653271387,0.5580926686651302,2.2083652364181185,1.4016956198990822,0.4058967997094749,0.44506307740117634,0.3912315168871829,0.7548089773166827,0.05
1346,0.24570000000000003,False,1,0.0,0.17550000000000002,0.8734999999999999,69.6,0.0,0.0,0.0,1.8398861121641326,0.3646797832234132,1.7488265651321229,0.44844693473003583,0.31965777098077924,0.36460019746199596,0.1648670147922043,0.31757865479479686,0.05
1347,0.19189000000000003,False,1,0.0,0.131,0.8673,80.0,0.0,0.0,0.0,1.7748781449371283,0.31427921354591554,2.0060350834451404,0.9674708870579217,0.282795481968935,0.37657854289087495,0.38670234454788055,0.7734129143383088,0.05
1348,0.35682,False,1,0.0,0.2899,0.8143,45.2,0.0,0.0,0.0,1.9942943897960776,0.3635908883453379,2.261837403373749,1.1544905404121428,0.497303684948385,0.3723787867600957,0.5011254137739836,0.7464263509811078,0.05
1349,0.2717,False,1,0.0,0.18819999999999998,0.9332,70.0,0.0,0.0,0.0,1.8073508540365317,0.32754596487749504,1.8653061288520412,1.0277904262977586,0.2912810907772351,0.3358648911074641,0.1728942468713954,0.5186827406141862,0.05
1350,0.37317000000000006,False,1,0.0,0.2978,0.8157,40.0,0.0,0.0,0.0,2.008316008436421,0.2888412933371058,2.2310056638156452,1.1362136204480224,0.5093793590894303,0.3387367390225936,0.43178454740205885,0.7050276960659162,0.05
1351,0.25099,False,1,0.0,0.21280000000000002,0.9400999999999999,90.0,0.0,0.0,0.0,1.8362646578994084,0.25893997870049834,1.6261223352701264,0.28252761613221594,0.3155176121804423,0.25638180220701434,0.08021646118538996,0.24064938355616988,0.05
1352,0.2718200000000001,False,1,0.0,0.21670000000000003,0.8191,62.8,0.0,0.0,0.0,1.8930834988166947,0.37672779131415707,2.183676015800193,1.1268561424037484,0.3907668904188709,0.3718439983254125,0.4515596555069781,0.7482200711236361,0.05
1353,0.27307000000000003,False,1,0.0,0.1901,1.0,80.0,0.0,0.0,0.0,1.7332051364612102,0.14898871608659195,1.548497222222311,0.058289484114566845,0.21561176078810845,0.14011630883638776,0.0009000000000004887,0.0027000000000014664,0.05
1354,0.2670300000000001,False,1,0.0,0.21339999999999998,0.9335000000000001,81.2,0.0,0.0,0.0,1.8155041113794261,0.2204897701813006,1.775562414620022,0.681860193847546,0.30161131942202724,0.22231097121691593,0.157115027036499,0.47134508110949697,0.05
1355,0.24869000000000008,False,1,0.0,0.1549,0.9342,70.0,0.0,0.0,0.0,1.75016738020665,0.2714942872943062,1.8235733968198962,0.8419731333402716,0.2522027610965384,0.2864287758658116,0.22546421752001441,0.6763926525600433,0.05
1356,0.21065000000000006,False,1,0.0,0.1295,1.0,90.0,0.0,0.0,0.0,1.6937491089363754,0.14161248486821873,1.5366222360610973,0.05052099762437968,0.1690311234268633,0.12427235258237268,0.008400000000000688,0.017012936254510756,0.05
1357,0.27179,False,1,0.0,0.2298,0.8591,73.4,0.0,0.0,0.0,1.9630715270490433,0.3952540870644734,2.1293452042255927,1.0978173313286115,0.421354885679934,0.3650854317071661,0.37195863002492563,0.7046189095447242,0.05
1358,0.26524000000000003,False,1,0.0,0.1761,0.9399000000000001,70.0,0.0,0.0,0.0,1.7163476372115916,0.20361400002970786,1.7480924424174955,0.6359601698404244,0.23546316932948574,0.24966507148848965,0.16241547823644892,0.47733024149196945,0.05
1359,0.2826700000000001,False,1,0.0,0.22230000000000003,0.8902000000000001,70.0,0.0,0.0,0.0,1.916518703868397,0.49643240018192236,1.8748310743781276,0.7911831378251297,0.37589716811102963,0.39948855559204066,0.2928797259435757,0.6572149199006556,0.05
1360,0.22598000000000007,False,1,0.0,0.1514,1.0,90.0,0.0,0.0,0.0,1.6858135655808297,0.15918266708515658,1.5358697201940754,0.028792349420930508,0.17675946854914532,0.12907345513097682,0.0006000000000002928,0.0018000000000008782,0.05
1361,0.36293000000000003,False,1,0.0,0.30269999999999997,0.7568,38.0,0.0,0.0,0.0,2.085056539520651,0.4350229195602062,2.3103839036823532,0.9926775899174097,0.5738359480447452,0.3962672882283419,0.5750025848993316,0.7419545119932757,0.05
1362,0.24585,False,1,0.0,0.1775,1.0,89.2,0.0,0.0,0.0,1.744384170336327,0.16617062105077327,1.5203,0.04525715413059023,0.21797610799668554,0.13934115321404697,1.3698808274163245e-195,0.0,0.05
1363,0.24143000000000006,False,1,0.0,0.17109999999999997,0.9362,79.6,0.0,0.0,0.0,1.759235184997706,0.2451828318722643,1.6775112679085757,0.33292068045277734,0.2567492573175023,0.2643303430699098,0.07980000242603064,0.2394000072780919,0.05
1364,0.27505999999999997,False,1,0.0,0.2219,0.7990999999999999,60.0,0.0,0.0,0.0,1.9175798966878363,0.3733206317731225,2.3671144662659196,1.3220205768936308,0.4396509474004084,0.4165845638506676,0.5476601140738824,0.8436808506529412,0.05
1365,0.25333000000000006,False,1,0.0,0.13789999999999997,1.0,71.6,0.0,0.0,0.0,1.7298190684359054,0.20860336566322027,1.5459555556297309,0.06774884995676636,0.18527150907073986,0.1515409754902049,0.005200000000000358,0.015600000000001073,0.05
1366,0.29396000000000005,False,1,0.0,0.2646,0.7998000000000001,65.6,0.0,0.0,0.0,2.032876141078064,0.39432322036624484,2.334661536748886,1.4558147532735806,0.5238989195741981,0.41033156604175347,0.44397752429295323,0.7321880122968284,0.05
1367,0.21674999999999997,False,1,0.0,0.2004,0.8029,82.2,0.0,0.0,0.0,2.0523061488680083,0.4967089832850875,2.2819186970100307,1.2391463005301324,0.4820351811293616,0.4611405219793523,0.4469163547021678,0.6935818248174466,0.05
1368,0.26588,False,1,0.0,0.22760000000000002,0.8661999999999999,76.65,0.0,0.0,0.0,1.9249326711119341,0.37564555739346545,2.153168378214672,1.251238904516024,0.404305298269419,0.3720074491389205,0.4169010723000609,0.8354866396758432,0.05
1369,0.24037000000000006,False,1,0.0,0.19610000000000002,0.869,78.8,0.0,0.0,0.0,1.909851561960562,0.4650578927581035,2.1908772482360694,1.295636859275339,0.3718796641760903,0.43033399776392334,0.4271580374118743,0.8550031907260938,0.05
1370,0.25388,False,1,0.0,0.2068,0.8713999999999998,76.15,0.0,0.0,0.0,1.884122009232539,0.31274833922845174,2.0505023934590274,1.0592982988225896,0.3735937795603274,0.34528351382409656,0.34376137424658443,0.687533182454563,0.05
1371,0.33723000000000003,False,1,0.0,0.2419,1.0,66.05,0.0,0.0,0.0,1.8255019067016736,0.1993395364522757,1.5339666668097185,0.05251739403849408,0.2860355142919868,0.13479560429880566,0.005000000000000356,0.015000000000001068,0.05
1372,0.26676000000000005,False,1,0.0,0.18109999999999998,0.9333,70.0,0.0,0.0,0.0,1.7617314098196986,0.2826058968312899,1.7999956607585752,0.8372030919541024,0.25990497537799684,0.2957160120604245,0.11499999999999999,0.34500000000000003,0.05
1373,0.22801000000000007,False,1,0.0,0.15730000000000002,1.0,91.05,0.0,0.0,0.0,1.706801614276679,0.1548902984695775,1.5211000000000001,0.030356053761976382,0.18157011499729633,0.11656792449267844,8.973688198840648e-201,0.0,0.05
1374,0.31306,False,1,0.0,0.2759,0.9330999999999999,80.0,0.0,0.0,0.0,1.914759130010793,0.23895133912003633,1.9207292544524854,1.1623915703068617,0.38990477664148493,0.25152653721192164,0.21711631067656928,0.6387827421313291,0.05
1375,0.26905,False,1,0.0,0.21059999999999998,0.8721,70.0,0.0,0.0,0.0,1.8674828930913194,0.32017855844451776,1.9517809228732101,0.879279352683787,0.3829393231699375,0.357555480129982,0.24922352218044871,0.5370589215939484,0.05
1376,0.28069999999999995,False,1,0.0,0.22859999999999997,0.9356,80.0,0.0,0.0,0.0,1.8100047810249105,0.21671673760256646,1.623495767260596,0.34273601302502626,0.30813575329372006,0.2393601662658704,0.08010000000000063,0.2396340752063455,0.05
1377,0.27904000000000007,False,1,0.0,0.227,0.9338000000000001,80.0,0.0,0.0,0.0,1.825703828965899,0.2357247366738752,1.7592180139131752,0.6941312711138292,0.3227167739845657,0.25325482979507696,0.16906216247676525,0.5071864874302959,0.05
1378,0.23226000000000005,False,1,0.0,0.1853,0.8765000000000001,80.2,0.0,0.0,0.0,1.815057075442514,0.31562636738014344,2.095434227900138,1.0495394340285182,0.3293419980179387,0.3603729896577116,0.395178671811165,0.7717211163777693,0.05
1379,0.2806600000000001,False,1,0.0,0.19770000000000001,0.9329000000000001,68.8,0.0,0.0,0.0,1.8441085741780476,0.28617326536602833,1.7397899990376906,0.45629894422078254,0.31556807419475547,0.2727934996913564,0.15970936753871792,0.3194188286948059,0.05
1380,0.22946000000000003,False,1,0.0,0.18239999999999998,0.8725999999999999,80.0,0.0,0.0,0.0,1.9173867404849623,0.5170187252626499,2.3373178926885982,1.6607792839227122,0.37839192654083986,0.45957590670850434,0.3642432251002427,0.7308522344085917,0.05
1381,0.30062,False,1,0.0,0.21839999999999998,0.9358000000000001,66.5,0.0,0.0,0.0,1.992201807212907,0.3770692286621015,1.8235795222795503,0.861049593981265,0.38043558906080727,0.32873869394554617,0.22227952227693049,0.6668385668307913,0.05
1382,0.23297000000000004,False,1,0.0,0.1599,0.9368000000000001,80.0,0.0,0.0,0.0,1.7023165842799166,0.21406095492596997,1.8053291524961814,0.8825557929021981,0.22547831303752425,0.25502318483230974,0.17885408231014302,0.5220604233110733,0.05
1383,0.27969000000000005,False,1,0.0,0.2158,0.8041,56.3,0.0,0.0,0.0,1.9300065297846682,0.3718155844318695,2.03694801452982,0.9251775279462513,0.4311483220859246,0.3851879344804175,0.39980413348738825,0.707211867411545,0.05
1384,0.30865999999999993,False,1,0.0,0.21269999999999997,0.8658999999999999,50.0,0.0,0.0,0.0,1.953382437684068,0.5274984083847285,2.1718096818525003,1.212109698882977,0.40646581677588856,0.43684820009521735,0.3787838026878342,0.7679224670778679,0.05
1385,0.17343000000000003,False,1,0.0,0.1049,1.0,100.0,0.0,0.0,0.0,1.6197650434771749,0.06554558066530385,1.5392939236174121,0.04443621857205495,0.11902683034173855,0.07524052933130876,1.0702193975483501e-197,0.0,0.05
1386,0.24707000000000004,False,1,0.0,0.18030000000000002,0.9362,80.0,0.0,0.0,0.0,1.8045779707773733,0.30064228155575734,1.6264000433198749,0.34227545099749507,0.2775343341448729,0.2895398769106999,0.08050000564528295,0.23884525971785645,0.05
1387,0.33141,False,1,0.0,0.26270000000000004,0.8064,47.2,0.0,0.0,0.0,1.9970165231506765,0.3707257537271915,2.148289333513259,0.990083919877749,0.4686272660163785,0.3632935128573437,0.44439820691588494,0.6901977512776575,0.05
1388,0.29506,False,1,0.0,0.21480000000000002,1.0,77.65,0.0,0.0,0.0,1.7550198049719732,0.12044472558678906,1.5276000000026204,0.016674531473339037,0.23760229108153563,0.09175934578474339,9.859869596926843e-207,0.0,0.05
1389,0.26814000000000004,False,1,0.0,0.1762,1.0,77.6,0.0,0.0,0.0,1.7089752147722699,0.15374457510060055,1.5139000860320218,0.029948357659887386,0.19235793780945692,0.13791475985472829,0.00020000000000028705,0.0006000000000008612,0.05
1390,0.3796800000000001,False,1,0.0,0.304,0.6896,20.0,0.0,0.0,0.0,2.0820415393231606,0.37131498620918807,2.7034446655734863,1.2730397510794451,0.6101331057377161,0.3799833326325265,0.7930396665176312,0.8482364504942375,0.05
1391,0.29801,False,1,0.0,0.22430000000000003,0.8699999999999999,60.0,0.0,0.0,0.0,1.8777984546519335,0.3211966215571349,2.0675117273328505,1.0723853162164347,0.3812627649551997,0.34188984026263025,0.3506101648328504,0.6964239260206216,0.05
1392,0.29869,False,1,0.0,0.2531,0.8173999999999999,61.85,0.0,0.0,0.0,2.063499091788458,0.43793637400173957,2.0255892630791714,0.782398994098388,0.49383096214773853,0.36799842579073033,0.3692142671667654,0.627140956916783,0.05
1393,0.27571,False,1,0.0,0.1653,1.0,70.0,0.0,0.0,0.0,1.700747755911232,0.14371531091598183,1.5389057200007972,0.04588466414831587,0.19451750666742937,0.13150420921240438,4.6113467645655605e-208,0.0,0.05
1394,0.20505000000000007,False,1,0.0,0.12150000000000001,1.0,90.0,0.0,0.0,0.0,1.6319005761473995,0.05938741019116218,1.5124777777862373,0.025523750753396503,0.12982102127910328,0.07587827693963853,0.006800000000000665,0.01789301539707715,0.05
1395,0.31124000000000007,False,1,0.0,0.25070000000000003,0.8045000000000002,52.8,0.0,0.0,0.0,1.9397798873618313,0.41259815871569644,2.3717209870817713,1.311056070966579,0.45801581705431343,0.41290676375429797,0.5662028554654533,0.8704088829532151,0.05
1396,0.2731100000000001,False,1,0.0,0.1733,1.0,74.1,0.0,0.0,0.0,1.74326698178156,0.16264901790648642,1.5371093938513753,0.051821549411052104,0.21634009045084066,0.1368767921322243,2.6128307418576377e-201,0.0,0.05
1397,0.29653000000000007,False,1,0.0,0.19529999999999997,0.8794000000000001,52.0,0.0,0.0,0.0,1.8202321607712861,0.3207243107819966,1.9247784180801346,0.8514926444640173,0.32871992455600435,0.35242424167468384,0.28234508474556563,0.5766047160146777,0.05
1398,0.27436,False,1,0.0,0.20929999999999999,0.9385,76.85,0.0,0.0,0.0,1.853308042042483,0.30313523105357987,1.7642134324743766,0.7579878738327204,0.3070140267442697,0.24793846493209434,0.19756516858548592,0.5867200494910878,0.05
1399,0.35226999999999997,False,1,0.0,0.27099999999999996,0.8109,40.35,0.0,0.0,0.0,1.9474844236759155,0.3394380907262545,2.3035360520326997,1.1676351815208408,0.44628610631882004,0.34055740142299235,0.6081603451067829,0.926909277036103,0.05
1400,0.22385000000000005,False,1,0.0,0.15750000000000003,1.0,93.2,0.0,0.0,0.0,1.6890954370391937,0.17411280158660597,1.5190000010161446,0.03016620561798441,0.17406386862224255,0.13835401251688648,1.882749865107572e-184,0.0,0.05
1401,0.21510000000000004,False,1,0.0,0.16350000000000003,0.8695,80.1,0.0,0.0,0.0,1.8498468185159784,0.3900563742653252,2.037434137334285,1.0402673901770563,0.33210064706392467,0.38246642717829693,0.3393343074803795,0.6786747533551168,0.05
1402,0.31254000000000004,False,1,0.0,0.22820000000000001,1.0,73.6,0.0,0.0,0.0,1.794173008651575,0.16094646223632078,1.5691777777777791,0.16235987462698462,0.25772599646804334,0.14239749645030994,0.038100000000000946,0.11430000000000283,0.05
1403,0.25383,False,1,0.0,0.1891,0.9381999999999999,80.0,0.0,0.0,0.0,1.7851806228624292,0.24321882620384414,1.8340841649488229,0.9557481514030784,0.27651080535665806,0.2674230200531027,0.21382378433523025,0.6414713530056908,0.05
1404,0.24332000000000004,False,1,0.0,0.2003,0.8127000000000001,70.35,0.0,0.0,0.0,1.91682552857027,0.4004273456943452,2.255103770410506,1.1807567616997274,0.4045696470975697,0.38478438418919314,0.4592207497152153,0.7238510904519404,0.05
1405,0.30766000000000004,False,1,0.0,0.23960000000000004,0.9358000000000001,70.4,0.0,0.0,0.0,1.874296174453948,0.2339576672468762,1.7912460681661944,0.8286642428166371,0.3556040767048937,0.23510624388832665,0.1835460681661943,0.5506382044985829,0.05
1406,0.27464000000000005,False,1,0.0,0.22810000000000002,0.8179000000000001,65.2,0.0,0.0,0.0,1.929569773978006,0.4004560773617748,2.1930404461555377,0.9870169725384135,0.4176802896292699,0.4012852840869604,0.45122827430981927,0.6706890454496391,0.05
1407,0.30975,False,1,0.0,0.2682,0.7506999999999999,51.6,0.0,0.0,0.0,2.0421922708414693,0.435631309163907,2.5697860787056124,1.2383331860524267,0.549212124015075,0.44367865039131876,0.7428536432810593,0.8897921780427219,0.05
1408,0.21674,False,1,0.0,0.1703,0.9250999999999999,90.0,0.0,0.0,0.0,1.833890957944861,0.37973932656697695,1.993659275048182,1.0405175216025142,0.30073186588543444,0.32098889152603244,0.25324816393699057,0.54807702304847,0.05
1409,0.23115000000000005,False,1,0.0,0.18980000000000002,0.8663000000000001,80.8,0.0,0.0,0.0,1.8976518737444177,0.43289497881043854,2.097068620309016,1.1658478934035956,0.367700316172244,0.3896158071452068,0.37971048192451606,0.7686337864543527,0.05
1410,0.32656,False,1,0.0,0.2562,0.7574,40.0,0.0,0.0,0.0,2.005791672759185,0.3935202674865551,2.368118854137136,1.0944259326484542,0.508619109505116,0.41204625902009506,0.5830186481725621,0.7483670312747175,0.05
1411,0.26990000000000003,False,1,0.0,0.2113,0.8733000000000001,70.0,0.0,0.0,0.0,1.8888019035383898,0.38667460403849263,2.0502050416985265,1.0830521583676678,0.36991650785441543,0.36980203536340117,0.2759882126861516,0.5599044777367594,0.05
1412,0.30163,False,1,0.0,0.24430000000000002,0.8674,64.8,0.0,0.0,0.0,1.9987364608128169,0.4533755716936108,1.9429298539250606,0.8526909368009512,0.45103909705107126,0.41030659654584767,0.2624455594708204,0.5098367371710832,0.05
1413,0.22341000000000005,False,1,0.0,0.1761,0.9338000000000001,90.0,0.0,0.0,0.0,1.7400301444324626,0.24690633705305742,1.808350007522296,0.7459769493006163,0.24799493556018187,0.26164010504076235,0.2323611186334067,0.6198972776524145,0.05
1414,0.26693,False,1,0.0,0.20800000000000002,0.8711,70.0,0.0,0.0,0.0,1.8231585806237924,0.3090256489255481,1.9459265764210307,0.9337448813996123,0.35584588830410757,0.3487287752937058,0.23970239024457712,0.5116159725710225,0.05
1415,0.2370800000000001,False,1,0.0,0.1896,0.8812000000000001,80.0,0.0,0.0,0.0,1.8666618288325292,0.5001625986748969,2.061230030309443,1.3140807221979036,0.3422225872437717,0.4094016611420023,0.27979414503094024,0.6207835507429076,0.05
1416,0.36832000000000004,False,1,0.0,0.2403,0.9337,40.0,0.0,0.0,0.0,1.793761027641041,0.1893581348261122,1.8079976769135062,0.7947879709993904,0.3037074945355539,0.22315751651370888,0.1710201545295187,0.5130604635885561,0.05
1417,0.29917000000000005,False,1,0.0,0.1931,1.0,68.0,0.0,0.0,0.0,1.7519916115415217,0.18084494580227004,1.5412000014735792,0.054478989961041564,0.21453081912484376,0.16086925255188184,5.6686398450131185e-188,0.0,0.05
1418,0.17017000000000004,False,1,0.0,0.12789999999999999,0.8688,90.0,0.0,0.0,0.0,1.8139564059481947,0.3800207186295403,2.1446742871974713,1.3112840188168824,0.3040030050817023,0.40671932793808774,0.361101591747842,0.7274208027344751,0.05
1419,0.3673,False,1,0.0,0.2714,0.9404,52.4,0.0,0.0,0.0,1.887904500105395,0.27029406313259985,1.775770938326031,0.7026417679157201,0.3665216116763149,0.258801507983403,0.18562919816836004,0.5125416414489516,0.05
1420,0.26277000000000006,False,1,0.0,0.20130000000000003,0.8061999999999999,60.0,0.0,0.0,0.0,1.9199911984495093,0.376298194838976,2.0366228492288876,0.840429870795857,0.4231965013893097,0.40321362985907955,0.35926729433873755,0.5684914865118722,0.05
1421,0.28503000000000006,False,1,0.0,0.2049,0.8720000000000001,60.0,0.0,0.0,0.0,1.8598842119229158,0.32935889520855455,2.1701015311441996,1.2943928600107555,0.3506815473223714,0.34752772388754194,0.3684962882266866,0.7373103880319133,0.05
1422,0.27929000000000004,False,1,0.0,0.196,0.9403,70.0,0.0,0.0,0.0,1.745399155817242,0.22768937865430175,1.6275682050554003,0.3410378149522623,0.257775666548185,0.24349210230242355,0.07980000037538715,0.23940000112616142,0.05
1423,0.23176000000000005,False,1,0.0,0.18039999999999998,0.8696000000000002,77.7,0.0,0.0,0.0,1.8696379087487993,0.34611051542364546,1.9914711239749423,1.0695236438691733,0.3385224915280423,0.3538881703813906,0.2896194734681779,0.6479068108503815,0.05
1424,0.22339000000000003,False,1,0.0,0.1477,1.0,90.0,0.0,0.0,0.0,1.6830727939180126,0.09494504403737274,1.5101473968505859,0.02038414364218133,0.17849853181625722,0.09958370304578217,1.233209510070802e-216,0.0,0.05
1425,0.21996000000000007,False,1,0.0,0.14049999999999999,0.9387000000000001,80.0,0.0,0.0,0.0,1.7499796285062483,0.30838573676795966,1.8221712644804402,0.7808602428764226,0.22525193033081914,0.2885293658799947,0.2008712455481958,0.6026137366445865,0.05
1426,0.28913000000000005,False,1,0.0,0.2378,0.8089000000000001,60.0,0.0,0.0,0.0,1.9679257627761184,0.31937852913169,2.137340830914879,1.0283709263084828,0.46583752965416325,0.35512517655933,0.4660263144351549,0.7864213779505131,0.05
1427,0.30146,False,1,0.0,0.20750000000000002,0.9337,61.95,0.0,0.0,0.0,1.7937136278491703,0.25071347330381727,1.804658541011554,0.7948599797939669,0.28405361654120387,0.2659656306549294,0.10300000000000001,0.309,0.05
1428,0.28897000000000006,False,1,0.0,0.2063,0.8152000000000001,50.0,0.0,0.0,0.0,1.889493517057673,0.35756684410855405,2.1353351877288405,1.157053821216004,0.39192251324927163,0.37629942477823053,0.34998500895969886,0.6057178136999819,0.05
1429,0.2599100000000001,False,1,0.0,0.2016,0.8703,71.15,0.0,0.0,0.0,1.8290216739038136,0.3193389957441912,1.9855060356367857,0.9227530390722604,0.3442624457633018,0.3707876365790529,0.3501683159400211,0.7035634793563115,0.05
1430,0.3189000000000001,False,1,0.0,0.22480000000000003,0.8718,50.0,0.0,0.0,0.0,1.8802593790660214,0.28550434055764506,1.9771685780651491,0.8925166463945357,0.3636115792271926,0.2856942232938151,0.2525183010836004,0.530361722034477,0.05
1431,0.1649500000000001,False,1,0.0,0.09280000000000002,0.9333,90.0,0.0,0.0,0.0,1.7054181400636963,0.3219101026949903,1.6568094178889896,0.33312971166209,0.18767726005572952,0.2944794464148439,0.0799017666480225,0.23970529994406747,0.05
1432,0.22197000000000008,False,1,0.0,0.1626,0.8655000000000002,75.75,0.0,0.0,0.0,1.8617652526922748,0.3722807935058579,2.21602550829058,1.4388284607120805,0.32997770351237343,0.365511918261013,0.42905867989134483,0.8604943168482161,0.05
1433,0.29797000000000007,False,1,0.0,0.225,0.9349000000000001,70.0,0.0,0.0,0.0,1.8748750212319827,0.33231621679719353,1.864118159373562,0.697735159075117,0.36097947333193353,0.32001875976600164,0.26117958312271505,0.5177953815437982,0.05
1434,0.22945000000000004,False,1,0.0,0.20420000000000002,0.9417,98.0,0.0,0.0,0.0,1.8324302909665395,0.37067963337242427,1.8320299891543452,0.8601792835784693,0.28746385533433494,0.3033361457272092,0.2246740792557988,0.6650709561581785,0.05
1435,0.24402000000000004,False,1,0.0,0.1326,1.0,74.4,0.0,0.0,0.0,1.6724015325838075,0.1254796380805141,1.5229,0.04523814761901728,0.1601513105921612,0.11737198024027425,6.228173205914521e-208,0.0,0.05
1436,0.24171,False,1,0.0,0.1901,0.9328,85.6,0.0,0.0,0.0,1.7405454998615753,0.2371733082879056,1.8058913076066834,0.8116777023198432,0.2636248718736175,0.2675620339738016,0.18754304328709082,0.5566549992680527,0.05
1437,0.23555000000000006,False,1,0.0,0.1365,1.0,80.0,0.0,0.0,0.0,1.6706980399819624,0.1583539765150698,1.5315999999999999,0.042323043368831616,0.16450979922661754,0.12654597138169443,1.0206407493346912e-203,0.0,0.05
1438,0.18797000000000003,False,1,0.0,0.0971,1.0,90.0,0.0,0.0,0.0,1.6101998566441291,0.05519524573283981,1.5309888894187085,0.04124427273940575,0.1076884805843068,0.06942563510545322,0.0046000000000003495,0.01380000000000105,0.05
1439,0.28613,False,1,0.0,0.2068,0.9379,70.0,0.0,0.0,0.0,1.80155752284297,0.2778668936158885,1.6206184966323072,0.3460493048773895,0.2926741784160446,0.26520502235690663,0.07970154822318112,0.23910464466954334,0.05
1440,0.19091000000000005,False,1,0.0,0.12530000000000002,1.0,98.4,0.0,0.0,0.0,1.6701837358271814,0.13686058568050125,1.542980729167184,0.06055339593261766,0.14922435380685345,0.11925735917841056,1.1222063711990496e-191,0.0,0.05
1441,0.30682,False,1,0.0,0.2612,0.9385999999999999,78.8,0.0,0.0,0.0,1.8992792476352318,0.30034039644038246,1.8024799328695162,0.8072002658464502,0.38168634597793727,0.2802758647482972,0.20587993286951628,0.6176397986085488,0.05
1442,0.26169,False,1,0.0,0.229,0.9382999999999999,90.05,0.0,0.0,0.0,1.8632122169327068,0.28827952669758916,1.7687134258024215,0.7895676052757837,0.3345647274951176,0.27015054968651075,0.2057800922838334,0.6173402768515003,0.05
1443,0.19130000000000003,False,1,0.0,0.13340000000000002,0.9343999999999999,91.2,0.0,0.0,0.0,1.740306523070839,0.2858554640760319,1.790076269777456,0.7354694115552629,0.23124857032737972,0.3042821300782499,0.1815199329718967,0.5309551206000361,0.05
1444,0.32966000000000006,False,1,0.0,0.26680000000000004,0.943,70.0,0.0,0.0,0.0,1.951317725761808,0.4777428056422101,1.962116661619754,1.2878254346742433,0.39873516431989303,0.3686607403092404,0.1999999952699065,0.5999999858097196,0.05
1445,0.27656000000000003,False,1,0.0,0.23349999999999999,0.8836999999999999,76.0,0.0,0.0,0.0,1.899433021093089,0.3909060670325576,1.98717053954364,0.9143650586629285,0.3890979332612402,0.3757300420089527,0.34130146172389403,0.6826481096611788,0.05
1446,0.27673000000000003,False,1,0.0,0.1734,0.9315,62.05,0.0,0.0,0.0,1.8273369911910868,0.46202804428843813,1.837397791425473,0.8524341410509212,0.2976644958938626,0.37443018208955126,0.1995977914254728,0.5611933868700055,0.05
1447,0.28423,False,1,0.0,0.22890000000000002,0.9359999999999999,78.4,0.0,0.0,0.0,1.8905151124606074,0.25396106042264754,1.8881861731936531,1.065226868905726,0.34008773147346205,0.23081318419750496,0.17785757958169554,0.5262802808678442,0.05
1448,0.32637000000000005,False,1,0.0,0.23010000000000003,0.931,57.0,0.0,0.0,0.0,1.8792110449272055,0.2868613615463224,1.7843850281990359,0.8067423507054593,0.3452500401811148,0.2905446234859757,0.10800000000000001,0.32400000000000007,0.05
1449,0.23323000000000002,False,1,0.0,0.1389,1.0,82.0,0.0,0.0,0.0,1.6782786965907435,0.1530389137973463,1.579816666668386,0.18476812637617696,0.16479211015551437,0.13275182713246497,0.043600000000001034,0.1308000000000031,0.05
1450,0.30296,False,1,0.0,0.23379999999999995,1.0,80.35,0.0,0.0,0.0,1.7987889747405834,0.16578854582084127,1.5057791666666671,0.01276312029181508,0.27226209755474995,0.10578484966444714,0.0014000000000003042,0.004200000000000912,0.05
1451,0.30018,False,1,0.0,0.22359999999999997,0.8682000000000001,58.4,0.0,0.0,0.0,1.8999547627162077,0.3309978628131455,2.102418437416216,1.148769448839192,0.40108212680714567,0.37115131377002425,0.3211674470299815,0.6549919115031927,0.05
1452,0.30906,False,1,0.0,0.2561,0.7473,47.2,0.0,0.0,0.0,2.0622466815579723,0.440907507098703,2.529764526100691,1.6235946163236312,0.5599499417456535,0.4358343337941774,0.5288263971179277,0.7306849646384728,0.05
1453,0.25436000000000003,False,1,0.0,0.20249999999999999,0.8766999999999999,75.2,0.0,0.0,0.0,1.8362843087593745,0.35160496867488505,2.021166441098881,1.0274604654790258,0.33226538134394307,0.3610452415142709,0.3731473791084728,0.7602532854311914,0.05
1454,0.27751000000000003,False,1,0.0,0.2513,0.9359999999999999,89.6,0.0,0.0,0.0,1.8537233062305645,0.23656525404504627,1.643577869928351,0.33718890645865457,0.3389545528971279,0.23382890257691638,0.08060000000000059,0.23914522784283274,0.05
1455,0.30252999999999997,False,1,0.0,0.23159999999999997,0.9347,70.0,0.0,0.0,0.0,1.8794912641423758,0.27584389139567467,1.8296800585970836,0.8870346432517037,0.34400964442172394,0.2702207946247984,0.23138000755431495,0.6941400226629447,0.05
1456,0.31823999999999997,False,1,0.0,0.22480000000000003,0.8695999999999999,50.0,0.0,0.0,0.0,1.838926910441876,0.3212021967145055,2.0717263738277465,1.0689530407117962,0.3650970080146646,0.364063893531301,0.3778707004551681,0.7573795208797182,0.05
1457,0.29146,False,1,0.0,0.2517,0.8029,62.8,0.0,0.0,0.0,1.97150293985182,0.37398021227711636,2.360513015174333,1.2950559741680283,0.4678366226251412,0.37373443180095,0.5169191933146994,0.7899028038331041,0.05
1458,0.3176700000000001,False,1,0.0,0.22620000000000004,0.9381,61.05,0.0,0.0,0.0,1.8476216344411853,0.2605046277392105,1.7907175461697276,0.7384316891605563,0.3097655740915051,0.25129920276607987,0.18540823721697075,0.5562247116509123,0.05
1459,0.20786000000000007,False,1,0.0,0.1441,0.9353,86.8,0.0,0.0,0.0,1.749351662430152,0.2618251742599203,1.7708866556574197,0.7123294289482206,0.23118889396483003,0.28526623175771065,0.18376188850307903,0.5512856655092372,0.05
1460,0.27221,False,1,0.0,0.1943,1.0,81.9,0.0,0.0,0.0,1.7326213636019219,0.16640541486626767,1.515900182088216,0.02756293099236503,0.21896635283398175,0.13089437319826072,1.0264716199347565e-200,0.0,0.05
1461,0.30104999999999993,False,1,0.0,0.24269999999999997,0.9411999999999999,75.6,0.0,0.0,0.0,1.851791176845723,0.2984190262008794,1.796192979344059,0.8463645175034991,0.3334124105210033,0.26883705188972234,0.1943237920217645,0.575675410680796,0.05
1462,0.2936,False,1,0.0,0.17329999999999998,0.9743,60.0,0.0,0.0,0.0,1.7274761009416224,0.1822889858016125,1.6436228298611184,0.33620253604989375,0.2201972033409329,0.18195461699506518,0.08220000000000113,0.23870726842725412,0.05
1463,0.2725800000000001,False,1,0.0,0.1682,0.9348000000000001,62.8,0.0,0.0,0.0,1.7594326951835757,0.2740141986840767,1.768245039386255,0.6667149567340614,0.25526345815644624,0.2993965675573308,0.16456258526319217,0.4936877557895765,0.05
1464,0.27007000000000003,False,1,0.0,0.215,0.8119,62.0,0.0,0.0,0.0,1.9143139640520168,0.3919693342647925,2.4153054393337916,1.3881503389248084,0.4069184740240299,0.39902413346187166,0.5524285923114001,0.8587091966203201,0.05
1465,0.23370999999999997,False,1,0.0,0.1752,0.8369,70.0,0.0,0.0,0.0,1.8185680610084407,0.2808202917801172,1.9674869376023705,0.6705019957414486,0.3263279067414746,0.3052017972757043,0.3273856061175576,0.5293963189629199,0.05
1466,0.31243999999999994,False,1,0.0,0.2571,0.8748999999999999,65.0,0.0,0.0,0.0,1.9448697966567277,0.380291716423601,2.3328216744283865,1.3790480953914628,0.4175613814918764,0.330761939432752,0.41769368234803295,0.6959206737305086,0.05
1467,0.20706000000000008,False,1,0.0,0.1515,0.9367000000000001,90.0,0.0,0.0,0.0,1.7785655933381945,0.33787216051411934,1.6287733418961814,0.33989863170256257,0.2524998462573135,0.3096118746682154,0.07980003037325986,0.23940009111977956,0.05
1468,0.23951000000000008,False,1,0.0,0.22430000000000003,0.877,90.3,0.0,0.0,0.0,2.019308755199652,0.5550225511999282,2.1374721472272875,1.4430047685706895,0.433932473725234,0.4449850322461857,0.2810263095624427,0.6190612635506396,0.05
1469,0.23811000000000007,False,1,0.0,0.16870000000000002,0.9334,80.0,0.0,0.0,0.0,1.7914969718760432,0.27258988374651144,1.6372451236823888,0.34136170345825395,0.2672589327187182,0.269931107757341,0.07960006009763741,0.23880018029291222,0.05
1470,0.28463999999999995,False,1,0.0,0.23369999999999996,0.8564999999999999,67.95,0.0,0.0,0.0,1.943008317281136,0.3175918561959729,2.334959854657952,1.3937466269824694,0.42960985778173466,0.3322439485536513,0.5406076262666797,0.9134059204820453,0.05
1471,0.22302000000000002,False,1,0.0,0.1186,1.0,80.0,0.0,0.0,0.0,1.6607254542786063,0.09518207115195033,1.5087,0.01621758305050414,0.1446095501359081,0.1020417750315395,1.0670501976026288e-213,0.0,0.05
1472,0.28454,False,1,0.0,0.2511,0.6959000000000001,50.0,0.0,0.0,0.0,2.111622290627524,0.4753212192078947,2.461311475924383,1.0521085551705656,0.5890809576695133,0.46915993196597666,0.6896524473548843,0.7681244904151269,0.05
1473,0.23186000000000007,False,1,0.0,0.1552,0.8774000000000001,70.0,0.0,0.0,0.0,1.7877343789558509,0.32803924875452106,1.7299447220414184,0.4598895256579011,0.2765666642325949,0.31485879212579854,0.1597000000000012,0.3194000782717524,0.05
1474,0.27937,False,1,0.0,0.2311,0.792,60.0,0.0,0.0,0.0,1.9630471816807162,0.3430010689872459,2.3472356911942596,1.3249686122632918,0.4668762402140218,0.3774171544765787,0.5445822408964528,0.8364500901869306,0.05
1475,0.40321000000000007,False,1,0.0,0.3321,0.8068000000000002,35.65,0.0,0.0,0.0,2.1477149547600547,0.3078874212472069,2.317975785863079,1.223028865366003,0.5903037547688831,0.3180793842991292,0.5301214035087609,0.8104130881315051,0.05
1476,0.20714000000000002,False,1,0.0,0.16860000000000003,0.8303999999999998,80.0,0.0,0.0,0.0,1.9642518465546133,0.4868024682913148,2.1853669222403163,1.0563030158464581,0.3923576044229125,0.41204843185367535,0.48424470001808056,0.7851770715400416,0.05
1477,0.28737,False,1,0.0,0.2372,0.8230999999999999,62.8,0.0,0.0,0.0,1.9246278875082943,0.39693750801747485,2.2003766758508254,1.1489977025319589,0.4321881532998787,0.38990908591785794,0.43369045034960585,0.7118520660290573,0.05
1478,0.27962,False,1,0.0,0.22549999999999998,0.8059,60.0,0.0,0.0,0.0,1.8971318774988002,0.325842189011589,2.2429573306344013,0.9932727719691349,0.43181378528517766,0.3745965183784592,0.504790462774305,0.6889155540057906,0.05
1479,0.29270000000000007,False,1,0.0,0.26890000000000003,0.8789,79.6,0.0,0.0,0.0,1.9942186626835423,0.37921821386272236,1.9822614966738061,0.9334626368824109,0.4513640881600197,0.3640675438857975,0.36117613536440596,0.7254259192928425,0.05
1480,0.31092,False,1,0.0,0.24459999999999998,0.9339999999999999,70.25,0.0,0.0,0.0,1.8940994313591903,0.31091969620288795,1.8515211821169886,1.0080334815547223,0.358473289500916,0.2780493515018195,0.16724402961529652,0.5017320888458896,0.05
1481,0.27639,False,1,0.0,0.22190000000000004,0.9282,78.7,0.0,0.0,0.0,1.8676369274371194,0.26709904870610013,1.8765051787026976,0.7702359255021834,0.34058892777023686,0.2575912740964357,0.28314629930350194,0.6300839210732356,0.05
1482,0.35231,False,1,0.0,0.2585,0.9391999999999999,55.2,0.0,0.0,0.0,1.8409356888876083,0.2360684332154037,1.6202166023661881,0.3434429867458809,0.32850535909112816,0.22335099020000254,0.08060000001410725,0.23848530357274464,0.05
1483,0.28894,False,1,0.0,0.2414,0.8692,70.4,0.0,0.0,0.0,1.917640792525205,0.3566211070928327,1.8964507194567783,0.7549477721811126,0.4202840629528051,0.37855110588340685,0.2607671057888795,0.5673343713557636,0.05
1484,0.27290000000000003,False,1,0.0,0.1885,0.9365,70.0,0.0,0.0,0.0,1.7495666764714612,0.2432910031946996,1.6529129630135369,0.3115544002607564,0.2584261054608793,0.24114563908761905,0.09130000000022162,0.2363497620060399,0.05
1485,0.24029999999999999,False,1,0.0,0.2272,0.8042,80.0,0.0,0.0,0.0,1.9576645636294518,0.4342992788753151,2.358318446159175,1.2091949848736003,0.44989825888322993,0.42412138053877074,0.6042026129254723,0.885587141721358,0.05
1486,0.26303999999999994,False,1,0.0,0.17619999999999997,1.0,80.15,0.0,0.0,0.0,1.7283897614085142,0.12576576335434209,1.5227354166811338,0.03468117940715624,0.2004244355360786,0.10367669026730082,0.0020000000000003127,0.006000000000000937,0.05
1487,0.30074,False,1,0.0,0.22849999999999998,0.8693,60.0,0.0,0.0,0.0,1.921754557325147,0.3691781556437422,1.9978707923028085,0.9234621481604649,0.3799007543088393,0.34939926858013554,0.34321054398410233,0.6886471578500437,0.05
1488,0.31467,False,1,0.0,0.22759999999999997,0.8074999999999999,43.45,0.0,0.0,0.0,1.9556862605011684,0.38232192190832526,2.288719772809017,1.1156410131766845,0.4426390665770296,0.387629433588924,0.5272695458558545,0.7850489741589688,0.05
1489,0.22020000000000003,False,1,0.0,0.18170000000000003,0.8647,83.2,0.0,0.0,0.0,1.8102391154417876,0.35389705708058156,2.0264442131264357,0.9768683518142552,0.3194472710608433,0.3551748406871577,0.40562725145892287,0.8058161068278771,0.05
1490,0.18380000000000002,False,1,0.0,0.1252,0.9391999999999999,92.8,0.0,0.0,0.0,1.686413515483294,0.22857077257548755,1.7596476914391026,0.7653740277334281,0.18766952063276443,0.25163684998288427,0.15590197873078235,0.4677059361923461,0.05
1491,0.30812,False,1,0.0,0.2415,0.8129,52.4,0.0,0.0,0.0,2.0680203148979373,0.5483519224376553,2.1234236535081252,0.9721911983382647,0.5013311437220415,0.45534708579810584,0.43814628462711463,0.7203008113039441,0.05
1492,0.31650000000000006,False,1,0.0,0.2720000000000001,0.8789999999999999,68.8,0.0,0.0,0.0,1.9746090992948342,0.3666234589758207,2.0237296535724374,0.9934578754237561,0.4470301204627238,0.3497537225911181,0.331828751101735,0.6637186208199289,0.05
1493,0.30061,False,1,0.0,0.244,0.8676999999999999,65.25,0.0,0.0,0.0,1.9854657045886792,0.3523517174801562,1.9440272803075875,0.9173274406503793,0.42533555350743,0.3295927105406319,0.2010562883400279,0.41240327586810993,0.05
1494,0.27976,False,1,0.0,0.2283,0.8664999999999999,70.0,0.0,0.0,0.0,1.8972034524110768,0.36646482736915553,2.0245481737837556,0.8993538742552685,0.39162995893151525,0.36549196564448533,0.35933656649095647,0.7206277691510439,0.05
1495,0.26804000000000006,False,1,0.0,0.18519999999999998,1.0,80.8,0.0,0.0,0.0,1.6869891543288957,0.11471573585115591,1.6074000000000013,0.2577165885231332,0.19344909649531453,0.08696512585540257,0.060200000000000906,0.18060000000000273,0.05
1496,0.31773000000000007,False,1,0.0,0.27420000000000005,0.7553,50.4,0.0,0.0,0.0,2.0752480258377357,0.4009639151695023,2.32528221043878,1.1629380951182324,0.5617269380596907,0.3908495692233083,0.4445449987056187,0.6230900331091865,0.05
1497,0.26119000000000003,False,1,0.0,0.1937,1.0,87.2,0.0,0.0,0.0,1.7182633923588426,0.12043414604711278,1.542050173611112,0.07095663104921757,0.2052189590314605,0.12007924358565354,0.0033000000000005226,0.009900000000001569,0.05
1498,0.2977200000000001,False,1,0.0,0.2203,0.8117000000000001,50.0,0.0,0.0,0.0,1.92151226742983,0.3321942796348613,1.9602502382592348,0.5634854734188142,0.4427483138878607,0.37259338089590605,0.31963715840243456,0.39147423913072,0.05
1499,0.19742000000000004,False,1,0.0,0.11059999999999999,1.0,90.0,0.0,0.0,0.0,1.6550940656740287,0.0895209733605774,1.579261292365764,0.0994077105853428,0.1363124892589089,0.09167044560687071,0.03270000000000111,0.06592124088638114,0.05
1500,0.22651000000000007,False,2,0.0,0.1805,0.8692,80.3,0.0,0.0,0.0,1.913491180829101,0.40768642016751067,2.147726523776127,1.183115709734787,0.37854893042429794,0.4089636485819065,0.3919767491749339,0.7840427387841514,0.05
1501,0.25702,False,2,0.0,0.19060000000000002,1.0,88.2,0.0,0.0,0.0,1.805235868678022,0.19771154602213978,1.5308444444444453,0.07619183391647623,0.26114248053030653,0.16357662647221038,0.01800000000000054,0.054000000000001616,0.05
1502,0.19472,False,2,0.0,0.1623,0.9337,99.5,0.0,0.0,0.0,1.8961122567988529,0.37891007468260585,1.8225964135499138,0.8902672601535745,0.3114460586674267,0.33364202791518105,0.1683191283734163,0.504957385120249,0.05
1503,0.22759000000000004,False,2,0.0,0.1516,0.9799,86.25,0.0,0.0,0.0,1.7812364702178727,0.1740002911257554,1.6937723958732156,0.32594087784807174,0.22769214816166147,0.1428124170942451,0.0850000000000013,0.23848521966780503,0.05
1504,0.15481000000000006,False,2,0.0,0.07830000000000001,1.0,100.0,0.0,0.0,0.0,1.649794407387293,0.09275657949219378,1.6575910256173898,0.319795650306154,0.12700387842780747,0.0842394414604183,0.07570000000000085,0.22710000000000252,0.05
1505,0.24611000000000005,False,2,0.0,0.1988,0.8055,67.35,0.0,0.0,0.0,1.9854757377527399,0.47554519797286465,2.1844653415195943,1.0886289175275814,0.4603990499483861,0.44447270361179786,0.4470901212434956,0.7372282094134983,0.05
1506,0.20388,False,2,0.0,0.1484,1.0,100.0,0.0,0.0,0.0,1.7034520159517221,0.15091389157599006,1.5285111111164098,0.03627757189781095,0.18184465253186727,0.13986057505240349,0.00600000000000037,0.01800000000000111,0.05
1507,0.23928999999999997,False,2,0.0,0.21459999999999999,0.8088999999999998,76.8,0.0,0.0,0.0,1.9444346464145998,0.4072141011516978,2.169596123830714,1.0831868544784513,0.4421603998017677,0.40282438567226114,0.4973702905937376,0.8367133845349374,0.05
1508,0.25732,False,2,0.0,0.23399999999999999,0.8674,83.35,0.0,0.0,0.0,2.026077716302023,0.5133549386960765,2.075312510476887,1.0917505646699097,0.4444873453348447,0.41437302403780263,0.4330464690121317,0.8532585753784886,0.05
1509,0.15551000000000004,False,2,0.0,0.07930000000000001,1.0,100.0,0.0,0.0,0.0,1.636069812140691,0.11886940201345746,1.5664009756194228,0.1052181297970184,0.11869535810979474,0.10128042047984762,0.02420000000000063,0.07260000000000189,0.05
1510,0.20817000000000005,False,2,0.0,0.11610000000000001,1.0,86.55,0.0,0.0,0.0,1.728636102020237,0.22662058389869622,1.5184000000077085,0.024137936961971224,0.17426933651383053,0.16657348754622295,1.0299750625816327e-200,0.0,0.05
1511,0.23487000000000005,False,2,0.0,0.15030000000000002,0.9332,75.15,0.0,0.0,0.0,1.8377635080931007,0.4530892834109022,1.9259303579165536,1.1312820202296092,0.2844566248812234,0.35170111191986797,0.1616811221632774,0.48504336648983215,0.05
1512,0.25277,False,2,0.0,0.1627,0.8655999999999999,60.4,0.0,0.0,0.0,1.8594021257713194,0.39448503958047343,2.1808541397794756,1.1864952364739865,0.3441707379290489,0.3972923211788242,0.40335383769783684,0.7547558962737568,0.05
1513,0.24854000000000007,False,2,0.0,0.1692,0.932,74.75,0.0,0.0,0.0,1.8180607954782633,0.28524719379701746,1.8700375666434568,0.9214797178823297,0.29240066355761984,0.293917025665867,0.15498003604229266,0.4649401081268779,0.05
1514,0.20078000000000001,False,2,0.0,0.1456,0.9321999999999999,90.4,0.0,0.0,0.0,1.9504862782329713,0.5669001010357125,1.8225574305967105,0.7113249625168037,0.32085424849170824,0.38770714629324554,0.21382406267366746,0.584852714743906,0.05
1515,0.22330000000000003,False,2,0.0,0.1454,0.9384,80.0,0.0,0.0,0.0,1.8159321281099472,0.4027681175136603,1.7772494506537808,0.779569493812134,0.2791446555724405,0.3617318440733587,0.20061611732044754,0.6018483519613426,0.05
1516,0.25615,False,2,0.0,0.19990000000000002,0.9353999999999999,82.2,0.0,0.0,0.0,1.9304154407828187,0.29050838059134976,1.7178000000000089,0.3675259117429264,0.3533436762903533,0.25663774650717774,0.13290000000000163,0.25883989259772316,0.05
1517,0.19266999999999998,False,2,0.0,0.1492,0.8690999999999999,86.25,0.0,0.0,0.0,1.9585810776081118,0.6094896644609978,2.1095277182977084,1.1543809530830573,0.3640388513989459,0.46776819715094925,0.4001349407958962,0.7598905726146463,0.05
1518,0.2531,False,2,0.0,0.15,1.0,75.95,0.0,0.0,0.0,1.7420443975176951,0.13608170794687519,1.5272999999999999,0.04308607663735474,0.20498041111260018,0.12240252142517531,8.854506337615172e-222,0.0,0.05
1519,0.24835000000000002,False,2,0.0,0.1821,0.8715999999999999,70.3,0.0,0.0,0.0,1.8914429565806923,0.3603480452737637,1.9250587046843404,0.8778419157291497,0.359423551539286,0.3699253490310219,0.30678087312884317,0.6831137559423232,0.05
1520,0.23397,False,2,0.0,0.18719999999999998,0.9330999999999999,88.5,0.0,0.0,0.0,1.9091407098177453,0.37495772862814825,1.8216982669239592,0.8185592656078976,0.33585517399965853,0.3361952715748085,0.216231600256887,0.6034733602032134,0.05
1521,0.21558000000000002,False,2,0.0,0.1403,0.9379,82.0,0.0,0.0,0.0,1.8069255904831933,0.4415976426663889,1.922627829857047,1.2532486689145088,0.26944861612128024,0.3868120965427385,0.2032999567433485,0.5989806796229438,0.05
1522,0.2660300000000001,False,2,0.0,0.1789,1.0,79.6,0.0,0.0,0.0,1.7596924590977676,0.1483242376524526,1.5170000000000001,0.035827363843855396,0.2300907871298031,0.12019574371204568,1.0651489174089203e-207,0.0,0.05
1523,0.21627,False,2,0.0,0.16599999999999998,0.9289,89.3,0.0,0.0,0.0,1.958633543512154,0.4723780330696282,1.8189250367726302,0.830829906599958,0.34744836702737775,0.3534852350271712,0.16505837010556113,0.4951751103166834,0.05
1524,0.22250000000000006,False,2,0.0,0.14649999999999996,0.9355,80.35,0.0,0.0,0.0,1.8148728750084893,0.3644860155535563,1.8090668198547548,0.8348065281595547,0.276838643550598,0.3495215809604139,0.20343032647081966,0.6102909794124589,0.05
1525,0.24395000000000003,False,2,0.0,0.1485,1.0,80.0,0.0,0.0,0.0,1.7064844422544063,0.13842945068115353,1.5551000000000001,0.06084480257178922,0.1852095050231827,0.13604992352179784,4.897506983493755e-207,0.0,0.05
1526,0.26193,False,2,0.0,0.1799,1.0,82.0,0.0,0.0,0.0,1.763734411007233,0.17363979073072314,1.5223,0.03251784125676243,0.23675725337000167,0.15867429074023642,3.1602675747156556e-204,0.0,0.05
1527,0.19263000000000005,False,2,0.0,0.1126,0.9347,83.3,0.0,0.0,0.0,1.7701354799831726,0.2997651180801963,1.673714793992491,0.34225167633708176,0.22790323611146918,0.28577679193137473,0.07966508260407767,0.23899524781223302,0.05
1528,0.25354,False,2,0.0,0.2064,0.9301999999999999,85.0,0.0,0.0,0.0,1.971763711002394,0.5200943810273044,1.903298105281498,1.1110090908371495,0.37600201863435245,0.3819628932721285,0.19316477194816437,0.5794943158444931,0.05
1529,0.18211000000000005,False,2,0.0,0.1173,1.0,100.0,0.0,0.0,0.0,1.6765300479780703,0.1596078679807765,1.55430005730523,0.07029942261172435,0.15047322729144913,0.13276569988827322,5.2256806529468616e-201,0.0,0.05
1530,0.29955999999999994,False,2,0.0,0.1984,0.9385999999999999,60.45,0.0,0.0,0.0,1.8660993278403921,0.3153203825575854,1.7599253976410059,0.6931952448430458,0.3246384561169922,0.2986081492642036,0.16460015633639163,0.4884904279419562,0.05
1531,0.22675000000000003,False,2,0.0,0.16269999999999998,0.9362,84.0,0.0,0.0,0.0,1.864386344343154,0.4763569871487806,1.9082214371239723,0.8721545760773975,0.28298395652553293,0.3398051011599115,0.15320000000000095,0.34488282067972087,0.05
1532,0.27621,False,2,0.0,0.185,0.8836999999999999,59.2,0.0,0.0,0.0,1.8961188374973008,0.4618596444914204,1.96097947748263,0.93285001689109,0.36444451728759,0.389356952431689,0.26475201207937094,0.5791797094148271,0.05
1533,0.20638000000000006,False,2,0.0,0.1234,1.0,90.0,0.0,0.0,0.0,1.688901827855333,0.11989761325153908,1.517400075859507,0.02874782357224541,0.16848665561561668,0.11762091011719279,9.065180065618533e-219,0.0,0.05
1534,0.31961000000000006,False,2,0.0,0.2252,0.9399000000000001,60.0,0.0,0.0,0.0,1.8868263138459664,0.3409767165221005,1.7364142272272545,0.68752432940598,0.3500653395745176,0.31809158989572056,0.1602619213443342,0.48078576403300255,0.05
1535,0.24213000000000004,False,2,0.0,0.1459,1.0,80.0,0.0,0.0,0.0,1.712309130740064,0.13986610492130153,1.5091,0.021016422150309015,0.18812353877558935,0.12997136251637093,5.7337631096426614e-213,0.0,0.05
1536,0.29766000000000004,False,2,0.0,0.1688,1.0,60.25,0.0,0.0,0.0,1.7632028914033253,0.15329032071735477,1.6163667116377103,0.23938450631003927,0.22692504148863707,0.1121924147440661,0.057200000000000896,0.17160000000000267,0.05
1537,0.20651000000000003,False,2,0.0,0.1159,0.8846,70.0,0.0,0.0,0.0,1.8163279078666004,0.42788760429958533,1.751100587319338,0.4480596123986464,0.27952298610260895,0.39444450089518296,0.15960116975568392,0.3192026491382251,0.05
1538,0.18944000000000005,False,2,0.0,0.0912,1.0,87.2,0.0,0.0,0.0,1.6374218529968783,0.10633482041155436,1.508200002754728,0.016400005509457128,0.12112723785057208,0.10838703291692527,7.634194263055306e-201,0.0,0.05
1539,0.2791300000000001,False,2,0.0,0.21069999999999997,0.9028,69.6,0.0,0.0,0.0,1.8978378149957174,0.3078356467244278,1.9405700024091133,0.8712092012897387,0.3572033408064875,0.31077726409782075,0.31436081213582784,0.6699016796713299,0.05
1540,0.30127000000000004,False,2,0.0,0.23349999999999999,0.8634000000000001,60.6,0.0,0.0,0.0,1.9700067825447796,0.42348848292600255,2.0762020012551927,1.1141754602139897,0.44143066459714203,0.39678113106821655,0.4198464456996268,0.8203615101399259,0.05
1541,0.21421,False,2,0.0,0.13529999999999998,1.0,90.25,0.0,0.0,0.0,1.708889838352452,0.16509057083805476,1.5017883682648345,0.0033135824196226806,0.17948938468461736,0.14420606080588097,0.00020000000000041496,0.0006000000000012448,0.05
1542,0.27519000000000005,False,2,0.0,0.21059999999999998,0.8019000000000001,56.4,0.0,0.0,0.0,2.083203736822976,0.5260774384231627,2.71042464740371,1.8539620784113153,0.5218763084827547,0.4730050119729604,0.5959123997579616,0.9105986260319682,0.05
1543,0.22885000000000003,False,2,0.0,0.1817,0.8722,80.0,0.0,0.0,0.0,1.9229674599536637,0.48571227362661956,2.1310213641547286,1.210969125799869,0.3740242162208704,0.4224487953544076,0.3789827879038826,0.7612006060618057,0.05
1544,0.22675,False,2,0.0,0.12149999999999998,0.9390000000000001,70.0,0.0,0.0,0.0,1.7453291184413608,0.28288105494864724,1.6505838812263485,0.3367480546618285,0.22670163641132807,0.2901341565025917,0.08020000001541598,0.23960166948951223,0.05
1545,0.25039,False,2,0.0,0.1577,1.0,80.0,0.0,0.0,0.0,1.7328798065017046,0.13811751953954424,1.5306111903614548,0.07911665531463515,0.20621117591061955,0.11979898838100728,0.018600000000000536,0.055800000000001605,0.05
1546,0.23735,False,2,0.0,0.1497,0.9321999999999999,73.55,0.0,0.0,0.0,1.830176184896613,0.31310235388071916,1.8006666711603416,0.7696207066605582,0.2819662475652266,0.29367045182070073,0.19336510739937213,0.5800953221981163,0.05
1547,0.21578000000000003,False,2,0.0,0.13779999999999998,0.8644000000000001,70.0,0.0,0.0,0.0,1.862258571122355,0.44806060007504184,2.1650268151515637,1.302571069891771,0.3229027642048691,0.4213374823368029,0.36862157223405106,0.7424240206705666,0.05
1548,0.21837000000000004,False,2,0.0,0.1131,1.0,80.4,0.0,0.0,0.0,1.6637151639149832,0.11621385175190876,1.5082,0.01639999999999997,0.15517783795917622,0.11523786653781179,4.963001995228126e-209,0.0,0.05
1549,0.14714999999999995,False,2,0.0,0.086,0.9324999999999999,96.4,0.0,0.0,0.0,1.6884185317703602,0.2467780619804644,1.865911347096543,0.9566886607541524,0.18210107764110073,0.301513701186144,0.19887277084569668,0.5552646049570464,0.05
1550,0.1884600000000001,False,2,0.0,0.0973,0.9345000000000001,80.0,0.0,0.0,0.0,1.7305459636226754,0.32495429545980054,1.93818056355424,1.176474625408735,0.20203372225050376,0.3114089811852963,0.20959440134354543,0.6287832040306363,0.05
1551,0.30500000000000005,False,2,0.0,0.15000000000000002,1.0,50.0,0.0,0.0,0.0,1.704767990423684,0.1433276410830674,1.5514666666666685,0.09112826125851699,0.18777177570263487,0.13545867642630108,0.02920000000000107,0.06372095416737143,0.05
1552,0.20463000000000006,False,2,0.0,0.1325,0.9336,84.1,0.0,0.0,0.0,1.7875686062531078,0.3406722751186143,1.818019266389809,0.8743491669672392,0.25084973799390065,0.31795891963232437,0.1890002162494489,0.5344994784199091,0.05
1553,0.21084000000000003,False,2,0.0,0.1512,1.0,97.5,0.0,0.0,0.0,1.733984900559418,0.15308909008715568,1.5237786459763845,0.04388752603680241,0.20440751749891667,0.1324891670076303,7.604366181920602e-212,0.0,0.05
1554,0.24268000000000003,False,2,0.0,0.2024,0.9339999999999999,89.6,0.0,0.0,0.0,1.8715811106948543,0.37154134209418144,1.6668557660069354,0.3340820950973934,0.3312728391931566,0.31364541801309903,0.09420002641802397,0.23877059542341525,0.05
1555,0.17432000000000003,False,2,0.0,0.1224,0.9328,95.6,0.0,0.0,0.0,1.8032324228839947,0.4210572004414573,1.9554027593284413,1.3209857335710669,0.25427128188111625,0.36595195197946917,0.1949027593284412,0.5847082779853235,0.05
1556,0.1968600000000001,False,2,0.0,0.1557,0.9329000000000001,96.0,0.0,0.0,0.0,1.8449947651591245,0.4027292892943674,2.048478282085941,1.2436960890764148,0.3010535910863507,0.3606443460678889,0.28080169084519474,0.6124843887677293,0.05
1557,0.2541500000000001,False,2,0.0,0.18670000000000003,0.8102,59.8,0.0,0.0,0.0,1.9905555676068964,0.5109318820570915,2.2869089290002296,1.251159811039488,0.44566979539156043,0.46966586400142035,0.5073979745508546,0.8489400131896369,0.05
1558,0.2164,False,2,0.0,0.16899999999999998,0.877,82.5,0.0,0.0,0.0,1.9149674133802463,0.4886977142832339,2.1011982397137983,1.1881953760850705,0.3586867947242529,0.43915725203884354,0.3979315615182685,0.7960517962856484,0.05
1559,0.25777000000000005,False,2,0.0,0.1895,0.9423999999999999,78.8,0.0,0.0,0.0,1.8171358535191764,0.3414144279928575,1.8768406894113636,1.0913999926989182,0.2981051166141816,0.31451852131929076,0.21250550747724026,0.6375165224317207,0.05
1560,0.18533000000000005,False,2,0.0,0.11190000000000003,1.0,96.5,0.0,0.0,0.0,1.6817983317425007,0.14597148712616878,1.5434777777800919,0.07497828575140107,0.1567342610216007,0.1277704219107922,0.016500000000000653,0.04950000000000196,0.05
1561,0.13416000000000006,False,2,0.0,0.0488,1.0,100.0,0.0,0.0,0.0,1.597147956072576,0.04433454531835945,1.5266333333333342,0.04618235593817368,0.07791839047147256,0.05035434700750677,0.01100000000000044,0.03300000000000132,0.05
1562,0.25845000000000007,False,2,0.0,0.18850000000000003,1.0,86.75,0.0,0.0,0.0,1.8054630343691667,0.1729393472454427,1.5158999999999998,0.03363465474774494,0.2494152562809821,0.13484236033834793,5.4336042011920146e-213,0.0,0.05
1563,0.19419000000000003,False,2,0.0,0.1197,1.0,94.8,0.0,0.0,0.0,1.6930670167278308,0.13289201695220224,1.541866666666668,0.05372981791643808,0.16921942222686015,0.11715368203625579,0.010400000000000433,0.031200000000001296,0.05
1564,0.24866999999999997,False,2,0.0,0.20659999999999998,0.8695,78.4,0.0,0.0,0.0,1.9131534505230843,0.3887786687956727,1.90189676493581,0.7479400896278442,0.3942721735538365,0.3974573209510826,0.2592852369889102,0.5433946497908149,0.05
1565,0.20956,False,2,0.0,0.1377,0.9319,83.2,0.0,0.0,0.0,1.7906980211351495,0.34333427256582216,1.8001722958389035,0.7481199018375726,0.26532658159304595,0.33467643873875497,0.1797554555611256,0.5303274645307251,0.05
1566,0.26917,False,2,0.0,0.174,0.9339000000000001,66.4,0.0,0.0,0.0,1.8616468335989094,0.3111193421857573,1.8422634112028085,0.9896528083850488,0.3127726210365194,0.30274519921473136,0.1806305295344496,0.5418915886033487,0.05
1567,0.19977000000000003,False,2,0.0,0.0881,1.0,80.95,0.0,0.0,0.0,1.6405795536820995,0.09564740016921748,1.5185,0.03247845439672275,0.12485407840265114,0.09920416669398198,1.2252192887479764e-236,0.0,0.05
1568,0.23990000000000006,False,2,0.0,0.1693,0.8713000000000001,70.0,0.0,0.0,0.0,1.8571109772530057,0.3696370791352528,2.1549932087489063,1.2678593077668632,0.3446333893709302,0.38636282892110757,0.4138826619803389,0.8136034526167517,0.05
1569,0.17825000000000008,False,2,0.0,0.1143,0.9308,90.5,0.0,0.0,0.0,1.7513274560900893,0.2949843655606124,1.7830635485776056,0.8083524488450805,0.22510281630349574,0.30519313677129695,0.17508577079982576,0.49788757238431863,0.05
1570,0.26488,False,2,0.0,0.20090000000000002,0.9335000000000001,77.9,0.0,0.0,0.0,1.8317975614979338,0.2112323171139055,1.8027094761409823,0.8083479949675931,0.3237623174394269,0.25193725933421424,0.20640423321410745,0.6192126996423223,0.05
1571,0.20354000000000008,False,2,0.0,0.1732,0.805,79.6,0.0,0.0,0.0,2.0210090203725586,0.5682894844072799,2.2496883972057913,1.2684657240693895,0.4711715237477554,0.5249787202225662,0.5021357776978084,0.8390420088232904,0.05
1572,0.21472000000000008,False,2,0.0,0.1858,0.8582000000000001,86.4,0.0,0.0,0.0,1.9709615818094992,0.4417828547989654,2.5013064171575405,1.6746137359057773,0.4029219092590866,0.39677180102847304,0.5017351464977852,0.839341921762987,0.05
1573,0.3824900000000001,False,2,0.0,0.26070000000000004,1.0,50.0,0.0,0.0,0.0,1.8614916763835303,0.1622484197493475,1.5349,0.043084684053617005,0.31922822471521484,0.142714368762183,1.9386006492496055e-189,0.0,0.05
1574,0.17770999999999998,False,2,0.0,0.14189999999999997,0.9296,100.25,0.0,0.0,0.0,1.9069355529218748,0.6928890871239098,2.029277569920972,1.526171306958181,0.29832266603641405,0.4421787977930696,0.19999517450176688,0.5999855235053005,0.05
1575,0.25378,False,2,0.0,0.1603,0.8738999999999999,60.3,0.0,0.0,0.0,1.9289790463584366,0.5479371373076101,1.9403572598991772,0.8374619094806774,0.3793461525490996,0.4713485161748124,0.28331868386185716,0.5900024502223831,0.05
1576,0.29874000000000006,False,2,0.0,0.16319999999999998,1.0,57.75,0.0,0.0,0.0,1.7326110164906154,0.12840844003201332,1.529211718761188,0.032823824012574464,0.21671139786341928,0.11764687653947449,0.002400000000000318,0.007200000000000955,0.05
1577,0.2353,False,2,0.0,0.18270000000000003,0.8686999999999999,76.6,0.0,0.0,0.0,1.9414764592454752,0.488008119259319,1.913269897720863,0.7898752168189567,0.3811754323741664,0.3863595344196312,0.26706989772086265,0.5413702479044623,0.05
1578,0.26298,False,2,0.0,0.1884,1.0,84.45,0.0,0.0,0.0,1.7507213574253933,0.16135775751632492,1.5429333333333364,0.043153678869828654,0.22355733999139712,0.12048425055034598,0.009200000000000414,0.02760000000000124,0.05
1579,0.28361000000000003,False,2,0.0,0.2177,0.8033999999999999,54.9,0.0,0.0,0.0,2.0737644592183306,0.5228380258194039,2.2502822732050336,1.065597240151888,0.49156543367290695,0.4618486450983037,0.5638005025195619,0.8256630694192268,0.05
1580,0.29904000000000003,False,2,0.0,0.24209999999999998,0.8638999999999999,64.8,0.0,0.0,0.0,1.9658694341426834,0.33329747746787974,2.0269393024614213,0.9884420128513284,0.45326771784464254,0.34794148771313044,0.3659155800697448,0.7326997977285044,0.05
1581,0.24991000000000005,False,2,0.0,0.16919999999999996,0.9299,73.75,0.0,0.0,0.0,1.963886417864385,0.5374397744020015,1.6861946185853767,0.33558718137448046,0.34037963342731625,0.35443250756060335,0.11200000000000152,0.23915894296471593,0.05
1582,0.19016999999999998,False,2,0.0,0.1261,0.873,80.0,0.0,0.0,0.0,1.8249020101087379,0.408176956713952,1.948695121721601,0.9284432419376842,0.29861314691701035,0.3861615635306076,0.27387876768485087,0.6044307249570708,0.05
1583,0.27045,False,2,0.0,0.2037,0.8022,56.4,0.0,0.0,0.0,2.002843451186343,0.451039110119002,2.0030096576241654,0.8377643487489034,0.46786787018307213,0.42900234217092925,0.34063186972819376,0.5808696767974594,0.05
1584,0.16918000000000005,False,2,0.0,0.12369999999999999,0.8753,90.0,0.0,0.0,0.0,1.8620785010529624,0.5249417936708383,2.1219844495071802,1.2156939884381168,0.31169083818267274,0.4647496772980018,0.3958921506731451,0.796680538508497,0.05
1585,0.24161,False,2,0.0,0.14390000000000003,0.8695999999999999,60.0,0.0,0.0,0.0,1.8192513871200344,0.38945513435753626,1.757499574270221,0.44843476065200344,0.3237637532361485,0.40770098482068046,0.1675312622828477,0.31686104832621687,0.05
1586,0.18036000000000002,False,2,0.0,0.11479999999999999,1.0,100.0,0.0,0.0,0.0,1.6415197671776032,0.06331217410822035,1.578511111111112,0.10842681095252113,0.1371841399570059,0.08213825230701674,0.020400000000000574,0.06120000000000172,0.05
1587,0.18929,False,2,0.0,0.12830000000000003,0.9315999999999999,90.0,0.0,0.0,0.0,1.7506443945139434,0.3399677557756689,1.8414482708931874,0.8382621563127224,0.23613242315687993,0.3249505849750865,0.20077327089317903,0.602319812679537,0.05
1588,0.18844000000000008,False,2,0.0,0.12510000000000002,0.8669,79.6,0.0,0.0,0.0,1.8522409260913335,0.47238010053942353,2.026457144685881,0.9951906549393594,0.3227163534644436,0.460853930533395,0.36371570713499474,0.7280016641509617,0.05
1589,0.21185000000000004,False,2,0.0,0.15889999999999999,0.9364000000000001,90.15,0.0,0.0,0.0,1.7909493517764645,0.27843963263062077,1.814272368988446,0.8356195159102323,0.2687884140949929,0.2863842330830409,0.17406101467978768,0.522183044039363,0.05
1590,0.24925000000000005,False,2,0.0,0.1666,0.9301,73.2,0.0,0.0,0.0,1.9140444836197148,0.5128470394044833,1.8036222218734377,0.5711968068028529,0.3428663420141377,0.40587885021228626,0.17219999985496504,0.34555051697534067,0.05
1591,0.23444000000000007,False,2,0.0,0.1212,1.0,75.2,0.0,0.0,0.0,1.7046924753552637,0.16085190386252243,1.5594000000531678,0.05952008073412677,0.17519523329070102,0.14455783260289187,1.3063790407737559e-201,0.0,0.05
1592,0.2445,False,2,0.0,0.195,1.0,96.0,0.0,0.0,0.0,1.7807247714466796,0.18173516119089306,1.5194189236139262,0.03866261699640106,0.2533837663828901,0.14651475079201853,0.006400000000000375,0.019200000000001126,0.05
1593,0.14613000000000004,False,2,0.0,0.0659,1.0,100.0,0.0,0.0,0.0,1.5957488595587848,0.040278061545472164,1.5249000285307566,0.02564935433957029,0.08993409003625288,0.052296029765624585,2.0459494375401894e-254,0.0,0.05
1594,0.22778000000000007,False,2,0.0,0.15360000000000001,0.9342,80.0,0.0,0.0,0.0,1.8248011866409886,0.4445099158202347,1.6554555555554544,0.34399473671654873,0.2782618782679868,0.34128272443856233,0.07990000000000079,0.23970000000000238,0.05
1595,0.1606200000000001,False,2,0.0,0.0898,0.9272,90.2,0.0,0.0,0.0,1.7961684564467781,0.545600471202977,1.823874068711848,0.8794089650670563,0.23007452566427328,0.3968186161578798,0.21890740180679452,0.6567222054203835,0.05
1596,0.23399000000000003,False,2,0.0,0.1577,1.0,88.2,0.0,0.0,0.0,1.77671919307193,0.19278292132779498,1.5398031065940858,0.04566854574223929,0.21665659482431052,0.14060639774175396,3.893425635054195e-209,0.0,0.05
1597,0.28138,False,2,0.0,0.17339999999999997,1.0,70.0,0.0,0.0,0.0,1.752025228284855,0.17401313258822798,1.5660000000000003,0.08659676668328942,0.2183381255150923,0.1545120760226341,6.969600000777627e-195,0.0,0.05
1598,0.24128000000000002,False,2,0.0,0.1823,0.8739000000000001,74.25,0.0,0.0,0.0,1.9478868428234377,0.5425768829310541,1.9176429784707305,0.8766641388509882,0.3770356210467714,0.4189009418170915,0.2996081449203901,0.6760706806442162,0.05
1599,0.28814000000000006,False,2,0.0,0.2223,0.8661000000000001,63.65,0.0,0.0,0.0,1.9229477994885262,0.34532168440617617,2.0787380634579797,0.913635848333127,0.4133376645132979,0.36054148045789747,0.4511478330805721,0.7648653627622769,0.05
1600,0.2510300000000001,False,2,0.0,0.1539,1.0,78.35,0.0,0.0,0.0,1.7158503823842477,0.13570435457841148,1.5146000000000002,0.02969579094754004,0.19679852695472114,0.13119656461782897,1.0650799710493145e-213,0.0,0.05
1601,0.30773,False,2,0.0,0.1934,0.9185000000000001,51.6,0.0,0.0,0.0,1.8916702709572923,0.365445432802963,1.905509743618222,0.8679607406808052,0.3539996487821855,0.3384835032570217,0.3070541880626657,0.6968127992059727,0.05
1602,0.28911,False,2,0.0,0.21939999999999996,0.8690999999999999,62.6,0.0,0.0,0.0,1.9588654721460041,0.41349806658726146,2.0433663849645805,1.0304023665621465,0.4415366403657667,0.40943447970974656,0.3932663849645804,0.7900937584627847,0.05
1603,0.20739000000000005,False,2,0.0,0.1505,0.9338000000000001,89.05,0.0,0.0,0.0,1.7877327812188597,0.30466838758228876,1.8348625889852415,0.895307477870293,0.2639017148987571,0.31215314451701226,0.19819800258325065,0.594594007749752,0.05
1604,0.2537600000000001,False,2,0.0,0.1884,0.9396000000000001,80.0,0.0,0.0,0.0,1.847285613952612,0.43377091765412734,1.6426223987721742,0.3375684342224171,0.303978766788751,0.3425497213105382,0.08290000009313278,0.2385457820486413,0.05
1605,0.24476000000000003,False,2,0.0,0.1918,1.0,94.75,0.0,0.0,0.0,1.7830086785181387,0.13060048119304762,1.5379999999999998,0.05521956175124901,0.24972175540219257,0.10539496615925803,9.50545542148002e-213,0.0,0.05
1606,0.19146000000000002,False,2,0.0,0.12990000000000002,0.9350999999999999,90.0,0.0,0.0,0.0,1.7550390913442442,0.336980289231655,1.7879966981561082,0.7887545809567122,0.23005637878347307,0.31274987735805504,0.22523964224870055,0.6757189267461016,0.05
1607,0.22183000000000005,False,2,0.0,0.1169,1.0,80.0,0.0,0.0,0.0,1.6836601013123471,0.13876087847493743,1.5196056250572203,0.03011477699593184,0.1618206379780905,0.13065570933406856,4.8812330851226456e-195,0.0,0.05
1608,0.27323000000000003,False,2,0.0,0.1619,1.0,70.05,0.0,0.0,0.0,1.747114788806022,0.17784009244530677,1.5192999999999999,0.024936118382779576,0.21875254987732679,0.16059383262057828,2.5718959058672723e-201,0.0,0.05
1609,0.32406,False,2,0.0,0.2028,1.0,58.95,0.0,0.0,0.0,1.8096502108129613,0.19186478631907716,1.531,0.059654002380393575,0.26988799003915076,0.13489994660552085,8.561726881413766e-197,0.0,0.05
1610,0.2062600000000001,False,2,0.0,0.14939999999999998,0.9406000000000001,90.25,0.0,0.0,0.0,1.8371414737071228,0.39118740627368714,1.771642558909491,0.8029994109939027,0.2702970913124576,0.33483088700605357,0.2040425589094857,0.6121276767284571,0.05
1611,0.24826,False,2,0.0,0.20949999999999996,0.8667,79.2,0.0,0.0,0.0,1.8798135789090449,0.31905448293130645,1.9758318364833944,0.9328035533568768,0.39040270312892167,0.3482487605295415,0.3269097033327798,0.6543084023273645,0.05
1612,0.25373,False,2,0.0,0.1832,0.9323,77.1,0.0,0.0,0.0,1.9054592936031658,0.43248763357923076,1.8276723893846731,0.8963536818067597,0.3386099946372695,0.36154569085875604,0.16620580378632832,0.4986174113589849,0.05
1613,0.26404000000000005,False,2,0.0,0.1585,0.9343,63.6,0.0,0.0,0.0,1.8901171360166935,0.53733081469629,1.6413169500456923,0.33922692712408126,0.3039912406494715,0.37205962842684165,0.08480000000000062,0.23851448593324528,0.05
1614,0.19917000000000007,False,2,0.0,0.1456,0.9335000000000001,91.4,0.0,0.0,0.0,1.8175159061868655,0.31861616842547635,1.8095651043476224,0.793549593430163,0.27744830907706747,0.3246687652040726,0.21276510434762247,0.6382953130428674,0.05
1615,0.19937,False,2,0.0,0.153,0.9689,99.2,0.0,0.0,0.0,1.7905733805229214,0.23161516472045127,1.6302555555555567,0.3431059586904481,0.23774979158660745,0.1779134095443776,0.07990000000000087,0.2397000000000026,0.05
1616,0.19741000000000003,False,2,0.0,0.16929999999999998,0.8630000000000001,90.0,0.0,0.0,0.0,1.8515898827208326,0.37239444320025455,2.056038199389267,1.0961846688307388,0.3476085940954964,0.38818220441962,0.3705177018547768,0.7430512641256788,0.05
1617,0.20898000000000003,False,2,0.0,0.12669999999999998,0.9343,80.0,0.0,0.0,0.0,1.7458694570957634,0.3053570180937412,1.8077971500042929,0.8660407423499853,0.22952589065626738,0.3082657110276542,0.1985449108754016,0.563725759726403,0.05
1618,0.21259999999999998,False,2,0.0,0.1599,0.8689,80.0,0.0,0.0,0.0,1.8476785567576655,0.40272687797395934,2.0457300860861816,1.0135779987395914,0.33080104797285115,0.40949183624741003,0.386751103310555,0.7843810103125702,0.05
1619,0.21681000000000009,False,2,0.0,0.172,0.8487,79.1,0.0,0.0,0.0,1.958124352981891,0.469127540815731,2.237672944935256,1.1923924486796247,0.40186065920208824,0.4468588226499577,0.48561801451273484,0.7957823752230957,0.05
1620,0.17866000000000004,False,2,0.0,0.0838,1.0,90.0,0.0,0.0,0.0,1.6698101234310876,0.13777343870892003,1.5989555555555568,0.2058980222235202,0.1396114677175389,0.11646687130571913,0.04930000000000095,0.14790000000000283,0.05
1621,0.26460000000000006,False,2,0.0,0.187,0.9129999999999999,70.1,0.0,0.0,0.0,1.8781187591379207,0.37114142527063776,1.742552350583976,0.4547015303650982,0.343710065010297,0.34010021131697693,0.15984543227725867,0.3196908806958275,0.05
1622,0.20566,False,2,0.0,0.11779999999999999,1.0,88.4,0.0,0.0,0.0,1.6744694153283137,0.09174642836913666,1.5501000000000016,0.05184872226005495,0.15105050916351245,0.09409403397750032,8.852647326984893e-222,0.0,0.05
1623,0.2704500000000001,False,2,0.0,0.22599999999999998,0.8755,75.2,0.0,0.0,0.0,1.9718142818418092,0.50395950590885,2.075101898424427,1.1201250023304588,0.4215885280339223,0.4420223978226016,0.34685219925075056,0.6962523429760061,0.05
1624,0.3388700000000001,False,2,0.0,0.22719999999999999,0.9361,50.5,0.0,0.0,0.0,1.8770591059961723,0.3317551046799126,1.797928827238542,0.7847516749046682,0.3500699774962438,0.306474659315576,0.21582882723854194,0.6474864817156258,0.05
1625,0.3432300000000001,False,2,0.0,0.20790000000000003,1.0,51.15,0.0,0.0,0.0,1.7785777996064909,0.08597280771996253,1.5206,0.047983747248417336,0.2594651494616907,0.08554962584004108,4.961213842175607e-210,0.0,0.05
1626,0.3515600000000001,False,2,0.0,0.21880000000000002,1.0,50.8,0.0,0.0,0.0,1.8249474558238377,0.18273501714065019,1.5361168474156428,0.05403330867151669,0.28634270151452723,0.13596436971252085,0.007600000000000393,0.022800000000001173,0.05
1627,0.21028000000000002,False,2,0.0,0.15820000000000004,0.9318,90.0,0.0,0.0,0.0,1.78886023089994,0.3096291010861515,1.8200689354674278,0.7298830385067298,0.26278326796078855,0.28810898556327513,0.20035897503982203,0.5178268078135406,0.05
1628,0.24816000000000005,False,2,0.0,0.1298,1.0,71.35,0.0,0.0,0.0,1.6953850701834505,0.1498438894804699,1.525100001144724,0.041752726680018816,0.183399413779922,0.14128891941400853,3.530127998451672e-207,0.0,0.05
1629,0.21191000000000004,False,2,0.0,0.1463,1.0,95.25,0.0,0.0,0.0,1.7356443368989916,0.17388152676565316,1.529700000001604,0.031878048874312274,0.1980083606889296,0.12983941487025008,5.26556726968643e-225,0.0,0.05
1630,0.21289000000000005,False,2,0.0,0.17440000000000003,0.8747,85.8,0.0,0.0,0.0,1.9879385285001536,0.5841431827205238,1.859974092883459,0.730106287408469,0.3983226832978701,0.440647511873277,0.22976577837454454,0.4855774232012535,0.05
1631,0.21317000000000003,False,2,0.0,0.1331,1.0,90.0,0.0,0.0,0.0,1.7030918937011172,0.14547890406115255,1.5504000000000002,0.05461172035378487,0.18489905428608538,0.1244982137381367,7.426138808378516e-215,0.0,0.05
1632,0.21009000000000005,False,2,0.0,0.1287,1.0,90.0,0.0,0.0,0.0,1.66959102922027,0.12057290449957404,1.5357999999999998,0.03778835799555202,0.16387374136666638,0.1147994297054919,6.532673043385509e-213,0.0,0.05
1633,0.24808,False,2,0.0,0.20129999999999998,0.9359,86.8,0.0,0.0,0.0,1.8849151834495967,0.4454019106179813,1.8868787613334028,1.0678123919118683,0.33560914662778407,0.37160998689353253,0.18388137456628456,0.5516441236988536,0.05
1634,0.2538800000000001,False,2,0.0,0.18190000000000003,0.9365,77.2,0.0,0.0,0.0,1.8527628703747592,0.3283298051325047,1.834089498672904,0.9293999728010897,0.3134395928087015,0.3016176844451334,0.1819761306173479,0.5286642520976345,0.05
1635,0.24374000000000004,False,2,0.0,0.14820000000000003,1.0,80.0,0.0,0.0,0.0,1.7454794943773877,0.1911396068065892,1.5224111111164098,0.036831885349803146,0.19681094338598853,0.16309793812941992,0.00600000000000037,0.01800000000000111,0.05
1636,0.25121000000000004,False,2,0.0,0.1303,1.0,70.0,0.0,0.0,0.0,1.6990594776307275,0.14619790181830336,1.5083000000000002,0.015543809056984671,0.17300505497700805,0.1316581740027135,6.218503547994768e-213,0.0,0.05
1637,0.13901000000000005,False,2,0.0,0.0854,0.9201,98.4,0.0,0.0,0.0,1.7427854118879005,0.33057193464586276,1.9025824836974696,0.7873724086081644,0.2121723162070035,0.32570352610628883,0.2747047059196908,0.5635376214455169,0.05
1638,0.20315999999999998,False,2,0.0,0.1435,0.8756999999999999,80.0,0.0,0.0,0.0,1.836429096003241,0.3919091598149167,1.8712546682691968,0.7035190646173675,0.3105401354821015,0.39003274294946516,0.24616285781614447,0.5288012314081283,0.05
1639,0.23131000000000002,False,2,0.0,0.20259999999999997,0.8023,75.6,0.0,0.0,0.0,2.051949705445703,0.49714253437388184,2.404875603123731,1.5595657432252898,0.4961702486322269,0.4718968199867271,0.47193524883313465,0.7815317249268494,0.05
1640,0.18629000000000007,False,2,0.0,0.0947,1.0,90.0,0.0,0.0,0.0,1.6347222162148767,0.07578008664328546,1.5353777780532842,0.03339886916042571,0.1280259125256311,0.08437555661872456,0.004800000000000353,0.014400000000001058,0.05
1641,0.19952000000000006,False,2,0.0,0.14809999999999998,0.9335000000000001,92.1,0.0,0.0,0.0,1.8316617169466547,0.38037011101532914,1.8176093073524882,0.886161978210894,0.28984153382891586,0.36323992149245493,0.11400000000000002,0.34199999999999997,0.05
1642,0.17767000000000005,False,2,0.0,0.1111,1.0,100.05,0.0,0.0,0.0,1.6768018075419004,0.13301890284065987,1.5123333333333335,0.018839674448708883,0.15027822787939468,0.1175818045686891,5.512973681189959e-223,0.0,0.05
1643,0.14825000000000005,False,2,0.0,0.09320000000000002,0.8766999999999999,90.0,0.0,0.0,0.0,1.829862768837728,0.5395023324984272,2.1639660371092218,1.6174390212980656,0.28669731491867845,0.4706647887645078,0.2795999957186403,0.6206330842524407,0.05
1644,0.18018000000000003,False,2,0.0,0.11230000000000002,0.9359,89.6,0.0,0.0,0.0,1.7389976525082083,0.33701342708503423,1.8016999009382633,0.8058120943945076,0.21427007361532238,0.31990652850148793,0.16517284470950228,0.4955185341285069,0.05
1645,0.24342000000000003,False,2,0.0,0.1366,1.0,76.1,0.0,0.0,0.0,1.7174107913687315,0.16936023174281822,1.5088046875,0.017661209549572534,0.1897412699693405,0.1337132600084818,1.2458993559698195e-207,0.0,0.05
1646,0.25401000000000007,False,2,0.0,0.16649999999999998,0.9272,70.35,0.0,0.0,0.0,1.9093695665230381,0.6598294556483902,1.7677502436414465,0.785015547572101,0.32501628318335285,0.443051826785821,0.20696361434628407,0.6208908430388522,0.05
1647,0.28185000000000004,False,2,0.0,0.191,0.8685,56.2,0.0,0.0,0.0,1.9157193255093996,0.374168187729384,1.9436165015179399,0.7594851463142633,0.383428156724818,0.377992455976581,0.2980276126273163,0.5519912758528384,0.05
1648,0.23634000000000002,False,2,0.0,0.176,0.9338000000000001,83.5,0.0,0.0,0.0,1.8621059088226395,0.33792750453801884,1.7811461906191872,0.8240774183650373,0.3146838536019342,0.317434289583004,0.2163015724516125,0.6489047173548375,0.05
1649,0.19524000000000002,False,2,0.0,0.13319999999999999,1.0,99.0,0.0,0.0,0.0,1.7053368175050525,0.11396460360137367,1.5245482654147682,0.030858222169184244,0.17918221010321603,0.11172247373103271,0.0018000000000003096,0.00540000000000093,0.05
1650,0.18841000000000002,False,2,0.0,0.1255,0.9352,90.0,0.0,0.0,0.0,1.889480356287369,0.6402190479666333,1.7800999993735331,0.6743833386661111,0.2770283276847112,0.4326783439276047,0.14999999937886824,0.4499999981366047,0.05
1651,0.22176,False,2,0.0,0.14079999999999998,1.0,88.4,0.0,0.0,0.0,1.7561363896132307,0.1694764789251988,1.5110000000000001,0.022873565528793233,0.20714541366617678,0.13705202939360953,1.5208732446391836e-211,0.0,0.05
1652,0.24706000000000003,False,2,0.0,0.11480000000000001,1.0,66.65,0.0,0.0,0.0,1.6887545485554685,0.11865025339453131,1.5784888888888902,0.14294636134656635,0.16557048362741184,0.10831219589864607,0.034300000000000753,0.10290000000000225,0.05
1653,0.22144000000000005,False,2,0.0,0.1436,0.9364000000000001,80.0,0.0,0.0,0.0,1.790917773335077,0.3069329313862286,1.6430166187798718,0.3447223729197743,0.2597529644418179,0.3138881712580745,0.08759554684166267,0.24158933390220116,0.05
1654,0.20909000000000003,False,2,0.0,0.09870000000000001,1.0,80.0,0.0,0.0,0.0,1.6685420510498035,0.10313589916937935,1.5218004157066347,0.03137868213325516,0.14152239400838346,0.10578466059212582,9.331109858312026e-215,0.0,0.05
1655,0.23375000000000007,False,2,0.0,0.1625,1.0,90.0,0.0,0.0,0.0,1.7326269412239632,0.15044951121725933,1.5770777777777791,0.08770630071543105,0.2024053659197811,0.13367995939058908,0.030800000000001004,0.06553289250445353,0.05
1656,0.19034999999999996,False,2,0.0,0.15799999999999997,0.9324999999999999,100.0,0.0,0.0,0.0,1.7971598492927021,0.28377311537291383,1.773205231434801,0.7515309318064171,0.27447672156376957,0.27763499344082887,0.19889998851728857,0.5966999655518658,0.05
1657,0.22951000000000002,False,2,0.0,0.181,0.9347,88.8,0.0,0.0,0.0,1.8954369795384953,0.3727415699458592,1.8165683838622164,0.8815837099032126,0.32314133080805957,0.32769619123249194,0.2295683838622164,0.6887051515866492,0.05
1658,0.24061000000000005,False,2,0.0,0.17229999999999998,1.0,90.0,0.0,0.0,0.0,1.7382615759847924,0.15698710938762356,1.5177999999999998,0.019369047472707547,0.21794184537951894,0.13590395693172358,4.488825482404052e-191,0.0,0.05
1659,0.26521000000000006,False,2,0.0,0.1793,1.0,80.15,0.0,0.0,0.0,1.7485571502808845,0.2223114884295562,1.5234,0.037792062658711836,0.22191440247293617,0.14944449339865157,8.561755148570024e-197,0.0,0.05
1660,0.23653000000000002,False,2,0.0,0.1669,1.0,90.15,0.0,0.0,0.0,1.7856579240278385,0.20569108475913273,1.5261,0.03194197864879383,0.22662845662035772,0.16146582977915724,6.851064702861246e-196,0.0,0.05
1661,0.27778,False,2,0.0,0.23320000000000002,0.8708,73.35,0.0,0.0,0.0,1.9715128586441462,0.33906219115588954,2.063634636543216,1.0937013211237139,0.43316298238957796,0.36078902252543965,0.39199107995297033,0.7851681722603745,0.05
1662,0.21116000000000001,False,2,0.0,0.16770000000000002,0.7419,64.4,0.0,0.0,0.0,1.996183209296958,0.49895076382251263,2.2810617774535364,1.0178775767649035,0.4799047485464062,0.49574460262628656,0.5771430274376641,0.8163936510239096,0.05
1663,0.21667000000000003,False,2,0.0,0.13809999999999997,1.0,90.0,0.0,0.0,0.0,1.6984578773308172,0.16391041759414748,1.5234,0.038655400657605414,0.17892507524684076,0.14226261406142762,9.734633303356751e-210,0.0,0.05
1664,0.25154,False,2,0.0,0.1891,0.9148999999999999,77.65,0.0,0.0,0.0,1.9622336216924736,0.37347271496304124,2.011834587923673,0.8577935263862392,0.3806425738468363,0.3168449531751785,0.3552234768125613,0.6191928895072104,0.05
1665,0.31109,False,2,0.0,0.25529999999999997,0.9346,74.0,0.0,0.0,0.0,1.9452165197513387,0.30283533890842307,1.8322462819285685,0.6788106976450375,0.3910073624095963,0.2694603267118607,0.20663554602079354,0.4915692236090316,0.05
1666,0.26575000000000004,False,2,0.0,0.18080000000000002,0.9333,70.4,0.0,0.0,0.0,1.8664214231792222,0.36374424074416206,1.8255139272796832,0.9252005913425936,0.3183988683018312,0.32809150491971606,0.1929514691532796,0.5788544074598388,0.05
1667,0.23062000000000002,False,2,0.0,0.1577,0.9340999999999999,80.0,0.0,0.0,0.0,1.8095869276323753,0.4232945357686412,1.797550352078871,0.8677785174735028,0.26987319351052275,0.3495740330960876,0.21375035207887105,0.6412510562366132,0.05
1668,0.1993200000000001,False,2,0.0,0.1342,0.9326000000000001,87.2,0.0,0.0,0.0,1.770557928779505,0.3286217955351666,1.7759027947570378,0.7961051836154703,0.24918348322406553,0.3267627762820705,0.18557501697925963,0.5527330114387666,0.05
1669,0.27084,False,2,0.0,0.1925,0.9273,71.05,0.0,0.0,0.0,2.0272244594890307,0.6002920369407849,1.9609489809258593,0.9558307337352216,0.3931219370440009,0.3990214366496666,0.2623267586893391,0.5725556693759368,0.05
1670,0.20553000000000005,False,2,0.0,0.1329,1.0,93.75,0.0,0.0,0.0,1.735580252254012,0.19702650900337104,1.5319000000091432,0.04641217512464452,0.19467602616917865,0.15892894675788105,7.012835019196408e-201,0.0,0.05
1671,0.23297000000000004,False,2,0.0,0.13010000000000002,1.0,79.05,0.0,0.0,0.0,1.6985533205243133,0.15159189401040934,1.5311,0.031995155883352104,0.1760363060166985,0.13603419532535413,6.2050672514810985e-207,0.0,0.05
1672,0.19840000000000008,False,2,0.0,0.11200000000000002,1.0,90.0,0.0,0.0,0.0,1.6616743238791347,0.09498694339265983,1.5397640724288093,0.04403551317421992,0.14805545430176914,0.0966126896803864,8.114337724107237e-234,0.0,0.05
1673,0.21807000000000004,False,2,0.0,0.1688,0.9347,90.25,0.0,0.0,0.0,1.8438396603318872,0.31396703632983114,1.6345555576985835,0.3408250511123617,0.30482990591354386,0.32565142218590093,0.07990000020147474,0.23970000060442426,0.05
1674,0.28153000000000006,False,2,0.0,0.18390000000000004,1.0,73.6,0.0,0.0,0.0,1.7384429877258558,0.13686717318213773,1.5550000000000002,0.07146467658920737,0.21504217831616215,0.11027240082837185,4.0798168472636845e-203,0.0,0.05
1675,0.17925000000000008,False,2,0.0,0.1721,0.8626000000000001,100.0,0.0,0.0,0.0,1.9295740041282357,0.5123667817506362,2.07695803251485,1.0740375043611226,0.38296369037484274,0.44743078847301354,0.35742594913456815,0.717723744425184,0.05
1676,0.23027000000000006,False,2,0.0,0.1478,0.9347,76.8,0.0,0.0,0.0,1.7843016704879713,0.35217866363625394,1.8143072130204394,0.855214535858195,0.26317666529387534,0.3420809500046405,0.1777280463537727,0.5285339543006223,0.05
1677,0.15700000000000003,False,2,0.0,0.08,1.0,99.5,0.0,0.0,0.0,1.6440505231759441,0.13062540708158152,1.5415939808421666,0.049332954709732924,0.12261734723193504,0.11187420080575614,7.082117892364004e-221,0.0,0.05
1678,0.20886000000000002,False,2,0.0,0.11980000000000002,1.0,87.5,0.0,0.0,0.0,1.7265475628585303,0.17153257185147694,1.5283268166912933,0.038028525389400124,0.1837945274896678,0.1405937463170871,0.005000000000000356,0.015000000000001068,0.05
1679,0.26159999999999994,False,2,0.0,0.19899999999999998,0.8619999999999999,68.15,0.0,0.0,0.0,1.9673119315311784,0.5589608001309141,2.235268613504638,1.427906942516017,0.41191643266358263,0.43884927598684814,0.30016519817393894,0.6092870539658285,0.05
1680,0.25254000000000004,False,2,0.0,0.2048,0.8306000000000001,70.0,0.0,0.0,0.0,2.01245948797333,0.44130361584569344,2.0114662179258116,0.868522745416005,0.4545819084789854,0.3987756203655481,0.3780322303977758,0.6758643988011105,0.05
1681,0.24606999999999993,False,2,0.0,0.17619999999999997,0.9350999999999999,78.9,0.0,0.0,0.0,1.8744802416689441,0.42102920091007373,1.6223906933594807,0.34972177926606884,0.33415441041982535,0.37729134477192966,0.07990754521123891,0.2397226356337167,0.05
1682,0.20776000000000003,False,2,0.0,0.0968,1.0,80.0,0.0,0.0,0.0,1.678751161222238,0.12399463754836743,1.5719555555555567,0.17023322563798268,0.15425819028965024,0.11435751307056259,0.040300000000000835,0.12090000000000252,0.05
1683,0.27834000000000003,False,2,0.0,0.17020000000000002,1.0,70.4,0.0,0.0,0.0,1.7341656472740432,0.158127546953723,1.547327777777779,0.0454202628545663,0.22006645472348998,0.14476577529415904,0.010800000000000849,0.029219171788401117,0.05
1684,0.20786000000000002,False,2,0.0,0.1233,0.9385,80.0,0.0,0.0,0.0,1.7594970896381164,0.32973963471530454,1.8328348861955077,0.7661904280909164,0.22425472227647422,0.2968427976191362,0.24002169175106275,0.5947570305288572,0.05
1685,0.21657,False,2,0.0,0.12309999999999999,1.0,84.8,0.0,0.0,0.0,1.72184713600655,0.18639172434016077,1.5666901954544925,0.13319737677288218,0.1809381925264703,0.15589538943261402,0.0318000000000007,0.09540000000000211,0.05
1686,0.26257,False,2,0.0,0.19820000000000002,0.8711,68.75,0.0,0.0,0.0,1.918803817935301,0.37964992310602774,2.175752837274896,1.19879125734382,0.36535046144063227,0.3311202437816143,0.42378945021577524,0.7315461912490383,0.05
1687,0.24708999999999998,False,2,0.0,0.172,0.8703,67.2,0.0,0.0,0.0,1.9218418622762887,0.4699213440402913,2.0029214666547395,0.9752735387512128,0.38346348383762663,0.44538607274948355,0.36562146665473916,0.7312606670398133,0.05
1688,0.21135000000000007,False,2,0.0,0.1265,1.0,88.6,0.0,0.0,0.0,1.6903727083990758,0.14242152917432768,1.5586888888888901,0.11850993394836194,0.17414648266525506,0.1271032588421074,0.02800000000000068,0.08400000000000203,0.05
1689,0.20475000000000007,False,2,0.0,0.12389999999999998,0.9284000000000001,80.25,0.0,0.0,0.0,1.8909901575688242,0.6019613635483446,1.9854325669777748,1.2036467161746613,0.2825323480477977,0.4290537068030433,0.2502992336444404,0.5812653441054771,0.05
1690,0.25905,False,2,0.0,0.14150000000000001,1.0,70.0,0.0,0.0,0.0,1.726113546414254,0.17197950529418404,1.5304121527777785,0.032685345292272294,0.19077118962282252,0.15384701720972505,0.001300000000000381,0.003900000000001143,0.05
1691,0.21294,False,2,0.0,0.12350000000000001,0.9362999999999999,77.2,0.0,0.0,0.0,1.7836076402808012,0.3401762745330107,1.7060615387889435,0.3860185713666559,0.2543813194240739,0.330557666410428,0.13655255115207718,0.27892679353937216,0.05
1692,0.26605,False,2,0.0,0.18689999999999998,0.8644000000000001,62.05,0.0,0.0,0.0,1.9242001589246918,0.4179084699487739,2.4080360766571696,1.6790816218114086,0.3915690788731132,0.3888142644208241,0.4416928960371124,0.7619500835451247,0.05
1693,0.23663000000000003,False,2,0.0,0.13889999999999997,1.0,80.3,0.0,0.0,0.0,1.7294653496683403,0.2035242624560847,1.5388000001383317,0.0487581791307702,0.1780648825280865,0.14913536100261923,1.2104134820070483e-208,0.0,0.05
1694,0.26972999999999997,False,2,0.0,0.16350000000000003,0.9305999999999999,61.95,0.0,0.0,0.0,1.7991340491487382,0.3423750868921256,1.79040661445736,0.7923774775973693,0.27769584352452725,0.3303612968904904,0.19500661445736028,0.5850198433720809,0.05
1695,0.18939000000000006,False,2,0.0,0.11760000000000001,0.9329000000000001,86.4,0.0,0.0,0.0,1.7963590214005052,0.4032560475357533,1.9948882324660235,1.2437184032384372,0.25449002299735995,0.35769954740410886,0.22623392746263785,0.5953409611360577,0.05
1696,0.25265000000000004,False,2,0.0,0.17250000000000004,1.0,84.05,0.0,0.0,0.0,1.7577458460039153,0.143827373109907,1.5051999999999999,0.012375782803523968,0.22305602692945006,0.1270266067920198,5.120215143293579e-213,0.0,0.05
1697,0.23428000000000002,False,2,0.0,0.1324,1.0,79.2,0.0,0.0,0.0,1.6793843696797999,0.1256586641863849,1.5196999999999998,0.0356456168413453,0.16424093658091593,0.11989170201839132,7.772515356107024e-221,0.0,0.05
1698,0.21752000000000007,False,2,0.0,0.11300000000000002,0.9894000000000001,79.2,0.0,0.0,0.0,1.6836055629859576,0.14581053373084044,1.6275555555555568,0.3420249828432001,0.15642618592570387,0.1382773811291541,0.07990000000000085,0.23970000000000252,0.05
1699,0.20179000000000005,False,2,0.0,0.1436,0.9349000000000001,89.6,0.0,0.0,0.0,1.7890414251448026,0.3297489954418768,1.7583619935414165,0.6626130317396377,0.2597231884955291,0.3161931730473146,0.1770592793030476,0.49151820911792427,0.05
1700,0.26888000000000006,False,2,0.0,0.1924,0.866,62.8,0.0,0.0,0.0,1.9340649749630932,0.5116356761922186,2.177237411066865,1.2856515695510358,0.3898994457742568,0.4606977107823707,0.42056752332096375,0.8411432971198893,0.05
1701,0.17810000000000004,False,2,0.0,0.1347,0.9327,98.0,0.0,0.0,0.0,1.7678639838453507,0.3046751764248258,1.7573746738393605,0.6728731700037709,0.2443052032818202,0.30934508877071465,0.17196651620593367,0.5158995486178011,0.05
1702,0.22169000000000003,False,2,0.0,0.1167,1.0,80.0,0.0,0.0,0.0,1.637595623176411,0.06549440227827057,1.5293225731743736,0.03579857923588371,0.1366383651883782,0.08207811105090562,0.0021000000000006764,0.004253234063628658,0.05
1703,0.18697000000000005,False,2,0.0,0.0956,0.9335000000000001,80.0,0.0,0.0,0.0,1.7493077568213997,0.36706755782692835,1.8531641383712683,0.8288244567786363,0.2262258019226279,0.3588667100472852,0.22259747130788637,0.6338845589395167,0.05
1704,0.22709000000000007,False,2,0.0,0.1567,1.0,91.3,0.0,0.0,0.0,1.743888077986541,0.17674537873080082,1.5314999999999999,0.036628540784475715,0.20598700634323858,0.13614744134343487,1.3064199487981438e-201,0.0,0.05
1705,0.27475000000000005,False,2,0.0,0.2044,0.8149000000000001,56.4,0.0,0.0,0.0,1.942177621916602,0.41770987855836655,2.2711931323499,1.1326528129257487,0.44416380178630366,0.4374963006335411,0.5759091946651319,0.882861682741694,0.05
1706,0.23575,False,2,0.0,0.16519999999999999,0.9407,81.05,0.0,0.0,0.0,1.798776063257113,0.35538396046597337,1.630509301829834,0.34098474834820486,0.261496782813632,0.30462004808917004,0.0798000716659418,0.23940021499782538,0.05
1707,0.21394000000000007,False,2,0.0,0.1623,0.9361,90.25,0.0,0.0,0.0,1.8102220001684377,0.3044020965184787,1.6796459129614867,0.3424332593723304,0.28567027461294986,0.2969717322076429,0.1037000015662138,0.24215452127689785,0.05
1708,0.19289000000000003,False,2,0.0,0.1035,0.9347999999999999,80.0,0.0,0.0,0.0,1.6999910859174645,0.25740138213189484,1.630930944905139,0.34314583059773207,0.19927784690954733,0.30123147819346735,0.08364689240173624,0.2385432029081433,0.05
1709,0.22325,False,2,0.0,0.1958,0.8703,87.45,0.0,0.0,0.0,2.12930129940733,0.7472852085080166,2.170858117123456,1.2713283209568107,0.44934621060389424,0.5012712556138973,0.23428242276870206,0.4798576119644198,0.05
1710,0.2567800000000001,False,2,0.0,0.1945,0.9361,80.1,0.0,0.0,0.0,1.867093605697368,0.35801684934489786,1.7465999994671642,0.6844482725633441,0.3170809408188585,0.3080897482262369,0.1499999994778353,0.44999999843350585,0.05
1711,0.23558,False,2,0.0,0.17709999999999998,0.9347,84.4,0.0,0.0,0.0,1.8435436762215516,0.35442184066612314,1.7946541319391947,0.8340371381323106,0.295555029122661,0.313150337794993,0.21351871527252717,0.6339175240784659,0.05
1712,0.20182000000000005,False,2,0.0,0.1655,0.9329000000000001,96.95,0.0,0.0,0.0,1.7995519966586522,0.29908737183948336,1.9835832776108433,1.2698974650565968,0.28273164302061915,0.28625947829815945,0.1999999445627279,0.5999998336881837,0.05
1713,0.24695000000000003,False,2,0.0,0.1809,0.9343999999999999,80.0,0.0,0.0,0.0,1.79738938609892,0.2832219405553775,1.812771812271497,0.8712164502476586,0.28491645369094565,0.28932362743572115,0.133,0.399,0.05
1714,0.24539000000000002,False,2,0.0,0.16770000000000002,1.0,86.0,0.0,0.0,0.0,1.7388735663179127,0.16121401667678525,1.5589778266059047,0.13915486669771582,0.2230270556752309,0.1381019644752386,0.036200000000001196,0.09839695117228231,0.05
1715,0.26556,False,2,0.0,0.1748,1.0,78.4,0.0,0.0,0.0,1.8045229481584915,0.2510422912346631,1.5107,0.02211809214195469,0.2518575533518166,0.19207166565968764,3.156041728988946e-192,0.0,0.05
1716,0.14442000000000005,False,2,0.0,0.0636,1.0,100.05,0.0,0.0,0.0,1.6051005996216319,0.03356570996110701,1.530000019317205,0.052879132977121004,0.09100641273902378,0.03917115549662958,2.663996671342287e-257,0.0,0.05
1717,0.20922000000000002,False,2,0.0,0.1376,1.0,93.55,0.0,0.0,0.0,1.7133314140843843,0.1545314710574157,1.5039000000000002,0.008178630692236913,0.18947097950344824,0.1363060936061643,5.225680632549636e-201,0.0,0.05
1718,0.18876000000000004,False,2,0.0,0.1268,1.0,100.0,0.0,0.0,0.0,1.6758675598348458,0.11421662645404496,1.5264828125000005,0.049321212024507205,0.16130284080827945,0.11193073083161831,0.0016000000000003071,0.004800000000000921,0.05
1719,0.16958,False,2,0.0,0.0994,1.0,100.0,0.0,0.0,0.0,1.6539705108968552,0.09779216011545643,1.5132000000015904,0.02055139898098648,0.13122522352447813,0.09361572350544284,1.0806459417097022e-225,0.0,0.05
1720,0.23808000000000004,False,2,0.0,0.19539999999999996,0.8710000000000001,80.0,0.0,0.0,0.0,1.928313640461552,0.39929140091233634,2.1669159282394266,1.2724644991653653,0.40266109003600575,0.40424809878926704,0.31634186390299035,0.640889175363556,0.05
1721,0.2786900000000001,False,2,0.0,0.1947,1.0,78.8,0.0,0.0,0.0,1.7645764144860334,0.15101869418358485,1.5541888888890816,0.054787627016424374,0.23813783541261366,0.13811900902412289,0.016200000000000787,0.03277132893246935,0.05
1722,0.18799000000000002,False,2,0.0,0.12710000000000002,0.9353999999999999,90.8,0.0,0.0,0.0,1.7569050762174847,0.31309805090781284,1.8154395508182806,0.810894978351947,0.23691674779970615,0.314850274316437,0.21833954790684285,0.6550186437205285,0.05
1723,0.17805000000000004,False,2,0.0,0.11150000000000002,1.0,100.0,0.0,0.0,0.0,1.659022432482195,0.11495363424793904,1.5316000000003036,0.03820261771143057,0.15131643804253816,0.11520702942728285,9.967194798423656e-207,0.0,0.05
1724,0.36958,False,2,0.0,0.2454,1.0,51.1,0.0,0.0,0.0,1.8205123322126435,0.11052979906133785,1.552522222222223,0.06769153073563555,0.2981114206642633,0.09454138088084371,0.011200000000000529,0.03360000000000159,0.05
1725,0.21759000000000003,False,2,0.0,0.1267,1.0,85.55,0.0,0.0,0.0,1.7224626574485413,0.18963587027001774,1.5671000004819735,0.09023907186500779,0.1801128994593602,0.15335357967552352,0.020600000000000663,0.061800000000001985,0.05
1726,0.19968999999999998,False,2,0.0,0.1437,1.0,100.45,0.0,0.0,0.0,1.7523599357601292,0.20593287869522392,1.5654,0.06634485662053993,0.19568012592032363,0.14263957699968383,9.282677955079278e-216,0.0,0.05
1727,0.18845,False,2,0.0,0.13160000000000002,0.9291,91.2,0.0,0.0,0.0,1.8869184529859695,0.5815226111248102,1.736993874228234,0.6838395077954141,0.3000573606884068,0.43350112433795085,0.2059781454756812,0.6179344364270435,0.05
1728,0.24055000000000007,False,2,0.0,0.1698,0.9393,80.05,0.0,0.0,0.0,1.8842935391415814,0.39333368700105553,1.8747361769972712,0.8484052423909147,0.321701069856017,0.34047047951642906,0.2566472881083823,0.6142034220205971,0.05
1729,0.19868000000000002,False,2,0.0,0.11240000000000001,1.0,90.0,0.0,0.0,0.0,1.6571325492500015,0.11193596278751447,1.545322222222223,0.05687941435860508,0.1456267971997033,0.11334236515525922,0.009400000000000418,0.028200000000001252,0.05
1730,0.22497000000000003,False,2,0.0,0.18419999999999997,0.8641,81.6,0.0,0.0,0.0,1.9123804144234409,0.48956219616692714,2.0306265371184806,1.0616733972344115,0.38548498177411056,0.4331124391082516,0.3574220996896737,0.7262842118020225,0.05
1731,0.17210000000000003,False,2,0.0,0.10300000000000001,1.0,100.0,0.0,0.0,0.0,1.662996609710127,0.1595610817702374,1.545544444444445,0.060550263785094864,0.13726692010853414,0.14384562926391775,0.010800000000000438,0.03240000000000132,0.05
1732,0.22248,False,2,0.0,0.17429999999999998,0.7429,61.2,0.0,0.0,0.0,2.127754054537409,0.6556235834241105,2.5251396313412964,1.3188995416722433,0.5418200651303599,0.5791953624623322,0.6966178945228064,0.9213294158717625,0.05
1733,0.16481,False,2,0.0,0.09330000000000001,1.0,100.25,0.0,0.0,0.0,1.6540445380751116,0.12259852483514068,1.5634466090120367,0.06383671117124291,0.1315707397020178,0.1077583900296555,1.78270160976402e-224,0.0,0.05
1734,0.21114000000000002,False,2,0.0,0.1022,1.0,80.2,0.0,0.0,0.0,1.6668324628227382,0.12626858232815377,1.5369666666666675,0.09799869046744362,0.14446968391535753,0.12150464287836847,0.023000000000000582,0.06900000000000175,0.05
1735,0.1854400000000001,False,2,0.0,0.1335,0.9333,94.0,0.0,0.0,0.0,1.7506701968012,0.33006766546747246,1.7808271394450528,0.7127135149254004,0.23738426272718266,0.32756033894444225,0.17964014817482604,0.5389204445244782,0.05
1736,0.2297200000000001,False,2,0.0,0.1815,0.7979,68.35,0.0,0.0,0.0,1.946710003856396,0.42613346520772416,2.3768755048008794,1.3181181531080959,0.43249057668943436,0.44690148336410007,0.644066798618846,0.9752396371309399,0.05
1737,0.25205,False,2,0.0,0.1315,1.0,70.0,0.0,0.0,0.0,1.6758610021483613,0.1340925756621132,1.5514000000000043,0.0678766528343983,0.16452859012508117,0.13690146398269548,8.223848688280765e-205,0.0,0.05
1738,0.20486,False,2,0.0,0.1498,1.0,100.0,0.0,0.0,0.0,1.6763899095388581,0.08955032379379174,1.530600000183035,0.04363759897238684,0.1699199514579906,0.08743260706400148,2.213161839223701e-222,0.0,0.05
1739,0.23793000000000006,False,2,0.0,0.1457,0.8638,61.6,0.0,0.0,0.0,1.8161363300983102,0.36827953983489237,2.089884593977245,1.1284975073502987,0.311426539962805,0.38145197048769713,0.34907799517323107,0.6979888671664357,0.05
1740,0.26546000000000003,False,2,0.0,0.1893,0.9365,74.0,0.0,0.0,0.0,1.83261910588729,0.3226480957614359,1.8877385837366862,0.8393081201392764,0.29583084295439227,0.30514043843087674,0.16680000000000164,0.3465965377784378,0.05
1741,0.27596,False,2,0.0,0.2043,0.8764999999999998,65.0,0.0,0.0,0.0,1.9552900876320298,0.4805212068935463,1.9051622054764112,0.8004115802033261,0.40540422328014786,0.4253484795589201,0.2726064584216723,0.6007358881230825,0.05
1742,0.32065,False,2,0.0,0.17450000000000002,1.0,50.75,0.0,0.0,0.0,1.7341480416075723,0.17294302839259915,1.5514777777777784,0.08679598685039322,0.21123246989154473,0.14548489655657074,0.018300000000000507,0.05490000000000152,0.05
1743,0.21466,False,2,0.0,0.132,0.9411999999999999,80.05,0.0,0.0,0.0,1.7433109438673795,0.21981677057047672,1.6429111111111119,0.3469910725716812,0.22494296390613147,0.22506009999125395,0.07980000000000044,0.23940000000000128,0.05
1744,0.15937,False,2,0.0,0.0741,1.0,96.25,0.0,0.0,0.0,1.6544563411550375,0.1299553224738763,1.5168024779743619,0.030970508394229233,0.11687975318316202,0.10044622678017327,7.862633040414846e-237,0.0,0.05
1745,0.22233000000000006,False,2,0.0,0.1279,1.0,83.6,0.0,0.0,0.0,1.6666399115339812,0.10782470254899741,1.547355555592405,0.07102647399131207,0.16159269912936838,0.10213851962332803,0.015100000000000492,0.04530000000000147,0.05
1746,0.22192000000000012,False,2,0.0,0.15120000000000003,0.8536000000000001,70.0,0.0,0.0,0.0,1.9258763013124025,0.47252917178384596,2.039762110361769,0.8760797979600597,0.3788801834712047,0.4302709173408457,0.36617637360017663,0.6440157193155864,0.05
1747,0.22703000000000004,False,2,0.0,0.14809999999999998,0.9352,78.6,0.0,0.0,0.0,1.7837036102271466,0.3202228227950672,1.8117199048156476,0.8382690331526105,0.2630642461663385,0.32704000771485225,0.2220271964823138,0.630646976810308,0.05
1748,0.20184000000000007,False,2,0.0,0.14340000000000003,0.9381999999999999,90.0,0.0,0.0,0.0,1.7720204444090413,0.31910584184351337,1.736252344604154,0.6845780384049965,0.24372819938400028,0.3219306456247212,0.20051376835330795,0.6015413050599238,0.05
1749,0.22836000000000004,False,2,0.0,0.1541,0.9353,80.05,0.0,0.0,0.0,1.7885587375869498,0.29441361535611926,1.8324336441618083,0.9606409740024506,0.2644648289945623,0.29197079724986663,0.16610090804610322,0.49830272413830967,0.05
1750,0.26566,False,2,0.0,0.1578,1.0,72.4,0.0,0.0,0.0,1.6976888245814272,0.10143163526010977,1.5170450592041025,0.019141727578692806,0.19448663675854078,0.11162744164277595,0.006200000000000656,0.012789057822999817,0.05
1751,0.20568000000000003,False,2,0.0,0.12239999999999998,1.0,90.0,0.0,0.0,0.0,1.6554638258245067,0.09911112474896633,1.5029,0.006007495318350257,0.14894051486195997,0.09872425145536017,2.3995382425834936e-219,0.0,0.05
1752,0.23895000000000002,False,2,0.0,0.14150000000000001,1.0,80.05,0.0,0.0,0.0,1.7056170983956136,0.15437796698580922,1.5345,0.02540964383851139,0.18960754741038688,0.1380305103611424,1.5208732367155347e-211,0.0,0.05
1753,0.26103000000000004,False,2,0.0,0.1744,0.9385,71.3,0.0,0.0,0.0,1.882655930684929,0.43146388953919823,1.8014533546059863,0.7969709143693867,0.32031439773840764,0.3615645085047841,0.20172952300570426,0.5861103815838077,0.05
1754,0.20568,False,2,0.0,0.15139999999999998,1.0,100.15,0.0,0.0,0.0,1.7324625528270172,0.12676048197495293,1.531339062500001,0.051635262131709186,0.2018736533074922,0.10616524227552727,0.007400000000000474,0.022200000000001423,0.05
1755,0.20056999999999997,False,2,0.0,0.13409999999999997,1.0,96.65,0.0,0.0,0.0,1.7093552815138782,0.14466617640254453,1.5189,0.03407477072556761,0.17546469146255894,0.1316574928088874,3.893435476268827e-209,0.0,0.05
1756,0.18191000000000007,False,2,0.0,0.1391,0.9278000000000001,96.9,0.0,0.0,0.0,1.9084717671334872,0.6497496286839727,2.0334233464153817,1.1333753735968166,0.30800390601741495,0.4549124070130548,0.3031208811151699,0.6857356991511295,0.05
1757,0.31835,False,2,0.0,0.1965,1.0,59.6,0.0,0.0,0.0,1.7985612784434437,0.15366524627749617,1.5754000000007553,0.06300666631497241,0.2710702734055808,0.13240973545085413,3.581511008175364e-201,0.0,0.05
1758,0.25982000000000005,False,2,0.0,0.13260000000000002,1.0,66.5,0.0,0.0,0.0,1.7357731533868868,0.15771376084122213,1.529,0.030613722413323077,0.1949865723051635,0.13305352412812144,5.8084348446527357e-213,0.0,0.05
1759,0.24857000000000004,False,2,0.0,0.15510000000000002,1.0,80.0,0.0,0.0,0.0,1.7134485410827491,0.1467829779975064,1.5173780494587705,0.021360684957135043,0.1944394343724997,0.1303779680466613,4.814187759707588e-208,0.0,0.05
1760,0.19805000000000006,False,2,0.0,0.14930000000000002,0.9118,90.0,0.0,0.0,0.0,1.8148960399975542,0.34473649199213774,1.8910360533611097,0.751911509102844,0.281966647970261,0.3099083352243404,0.24510429435340803,0.5261742888115097,0.05
1761,0.19396000000000002,False,2,0.0,0.13079999999999997,1.0,98.8,0.0,0.0,0.0,1.7042178593689197,0.14533811034628832,1.5259410743607416,0.038811489828184206,0.1817515828718424,0.135941428816708,1.9934389723948098e-206,0.0,0.05
1762,0.20852000000000007,False,2,0.0,0.1787,0.9341000000000002,98.4,0.0,0.0,0.0,1.8953199168419648,0.49470028779830105,1.9218256245210896,1.227586915635456,0.33310551829297774,0.4110728462128466,0.19545076327251484,0.5863522898175445,0.05
1763,0.20057000000000003,False,2,0.0,0.12309999999999999,1.0,92.8,0.0,0.0,0.0,1.6910765196777255,0.17272531667080188,1.552800007328318,0.057309340733446096,0.15986104331698275,0.14022854541987692,3.424702057492607e-196,0.0,0.05
1764,0.21638,False,2,0.0,0.1282,0.9347999999999999,76.9,0.0,0.0,0.0,1.8409639245196874,0.3995440044405749,1.8394425953044167,0.8604844618406576,0.27813774413302383,0.35948309733407313,0.250842595304411,0.6912015175964376,0.05
1765,0.17402000000000006,False,2,0.0,0.1132,0.9246000000000001,91.3,0.0,0.0,0.0,1.895680683493005,0.7299226877071191,1.8988164986223701,1.1411883743465476,0.28133077519026994,0.46083268411234163,0.16157055657643185,0.4847116697292956,0.05
1766,0.20265000000000002,False,2,0.0,0.08950000000000001,1.0,80.0,0.0,0.0,0.0,1.6335770129006424,0.09680476541312323,1.5311459180726457,0.03826038112264296,0.11304777837368171,0.09739568108727964,0.0015000000000006395,0.004500000000001919,0.05
1767,0.2169800000000001,False,2,0.0,0.18,0.9306000000000001,94.1,0.0,0.0,0.0,1.9847049256601175,0.6344034222390128,2.0180317378978048,1.4409257933713688,0.3721120761978334,0.42619187755474286,0.1996975466072673,0.5990926398218018,0.05
1768,0.18555,False,2,0.0,0.1338,0.9282999999999999,93.3,0.0,0.0,0.0,1.8859780357934632,0.5364212800373397,2.0014497332561922,1.3589082197039302,0.29758437234704016,0.3834459438237913,0.21971639992285855,0.6591491997685757,0.05
1769,0.20544000000000004,False,2,0.0,0.1222,1.0,90.05,0.0,0.0,0.0,1.7108751274587835,0.16257771724656261,1.5471000000000006,0.034596098045877675,0.1725359516691194,0.1379699379005238,0.0012000000000003013,0.003600000000000904,0.05
1770,0.21189000000000002,False,2,0.0,0.13169999999999998,1.0,90.15,0.0,0.0,0.0,1.7124167721792898,0.16408709120030562,1.5937666666666677,0.12856413540945602,0.1810425976811823,0.13106218870915945,0.030600000000000675,0.09180000000000203,0.05
1771,0.25925,False,2,0.0,0.20590000000000003,0.8664,72.4,0.0,0.0,0.0,1.9628505797902922,0.47006388129711857,2.0404129797327135,1.0020195334155413,0.4074057889169967,0.43062188949507024,0.3758498047356138,0.7635494110670333,0.05
1772,0.23227000000000006,False,2,0.0,0.15710000000000002,1.0,88.85,0.0,0.0,0.0,1.7464902778640663,0.1772365498770741,1.5195,0.019273038162157995,0.20529776852081918,0.11337788897143036,1.411373784440517e-216,0.0,0.05
1773,0.22659000000000007,False,2,0.0,0.17470000000000002,1.0,97.85,0.0,0.0,0.0,1.8240369950341537,0.21080643003811464,1.519047916666667,0.02427582039250534,0.26438013249858944,0.16728778509836048,7.786870952123568e-208,0.0,0.05
1774,0.17682000000000006,False,2,0.0,0.0996,0.931,86.1,0.0,0.0,0.0,1.7258649217990025,0.3174827427065272,1.9696358752677257,1.3061057106121845,0.20253056052584362,0.3009998660506565,0.22511316679105137,0.675339500373154,0.05
1775,0.18263,False,2,0.0,0.14149999999999996,0.8705999999999999,88.8,0.0,0.0,0.0,1.8265594537913088,0.42932951227101007,1.9536665199227516,0.7744340154905481,0.3057652136756978,0.41178766246374976,0.32764440191120353,0.6296293699049686,0.05
1776,0.27048,False,2,0.0,0.1971,0.8097,55.2,0.0,0.0,0.0,1.9721257413518756,0.4553931789984458,2.2597583929434943,1.1892388457747411,0.45624481270345285,0.45288283881504454,0.48236236187915543,0.8011974644603324,0.05
1777,0.21453000000000003,False,2,0.0,0.1339,1.0,89.6,0.0,0.0,0.0,1.69919292291533,0.16030465354358062,1.5504300347422435,0.06613916841194399,0.17482500214516067,0.13823211830589538,0.013100000000000547,0.039300000000001646,0.05
1778,0.33607000000000004,False,2,0.0,0.1661,1.0,40.1,0.0,0.0,0.0,1.7177795689019,0.10998411050032875,1.5843189246283655,0.1622970393822792,0.20857442103821072,0.11137726311769577,0.04130000000000115,0.1173848797758918,0.05
1779,0.26748000000000005,False,2,0.0,0.1875,0.8541000000000001,60.0,0.0,0.0,0.0,1.9255739981626725,0.409337081544129,2.253673616400623,1.131049482334715,0.40421218666473163,0.40043653001103985,0.489251394176992,0.742390774505789,0.05
1780,0.23339000000000004,False,2,0.0,0.1597,1.0,89.2,0.0,0.0,0.0,1.7391091190786803,0.16662625186015792,1.5163494801839192,0.036947502499755994,0.208342866602459,0.14044002371607184,6.083492948353513e-211,0.0,0.05
1781,0.34655,False,2,0.0,0.24749999999999997,0.8710000000000001,44.0,0.0,0.0,0.0,1.9992116830540545,0.40810273611861286,2.0604061782019203,1.1009558880686352,0.4587013550605761,0.388275867270531,0.41397284486858704,0.8356339472546362,0.05
1782,0.29893000000000003,False,2,0.0,0.1969,1.0,69.45,0.0,0.0,0.0,1.7888677964900175,0.18596174489205783,1.5240000000026146,0.04677820005820058,0.25217294837800364,0.1396501717628256,5.701386461111996e-213,0.0,0.05
1783,0.17585000000000006,False,2,0.0,0.12430000000000001,0.9308,95.2,0.0,0.0,0.0,1.7770640320388176,0.3453997486727091,1.7673850503495132,0.7587094326302615,0.23754794765661996,0.32782279143998516,0.20128505034951324,0.6038551510485398,0.05
1784,0.22086999999999998,False,2,0.0,0.1442,0.9330999999999999,80.0,0.0,0.0,0.0,1.760538864139534,0.32689836117666143,1.7660263425965421,0.6339022274337849,0.24449837585846992,0.29773140521734703,0.16685991839429745,0.5005797551828923,0.05
1785,0.21629000000000004,False,2,0.0,0.1851,0.9324,96.5,0.0,0.0,0.0,1.8878790174062652,0.47860591036574185,1.9665643537565018,1.35067695864768,0.3252624317795068,0.347380373291006,0.1976308428384143,0.5928925285152429,0.05
1786,0.21220999999999998,False,2,0.0,0.16809999999999997,0.8698,83.2,0.0,0.0,0.0,1.8957759029333456,0.4564175132166251,2.1641068689640415,1.3041350026834848,0.3672728525972542,0.43937724858874216,0.3810232190147499,0.7726913431430522,0.05
1787,0.28513,False,2,0.0,0.2097,0.8718,61.6,0.0,0.0,0.0,2.0623743772242,0.6521521468638483,2.0988374243058696,1.166970910462346,0.4527693251895034,0.4645834086442302,0.3743721523880492,0.751582664271503,0.05
1788,0.21317000000000003,False,2,0.0,0.13309999999999997,1.0,90.0,0.0,0.0,0.0,1.6826403934010379,0.11571685342010378,1.533,0.05389248556153256,0.1694175923806595,0.1017356729782449,1.8130230402935376e-218,0.0,0.05
1789,0.13941000000000003,False,2,0.0,0.0563,1.0,100.0,0.0,0.0,0.0,1.588879320514194,0.02340760707214467,1.5049,0.012267436570041822,0.07631708208268095,0.03186871015675487,1.3319983278113569e-257,0.0,0.05
1790,0.24677000000000004,False,2,0.0,0.1795,0.8704000000000001,70.0,0.0,0.0,0.0,1.905951781403833,0.3972512531260793,2.0666538552693976,1.0729176541985619,0.3442354188813226,0.35429215422618665,0.27587807475517384,0.5629155889020118,0.05
1791,0.2780600000000001,False,2,0.0,0.21880000000000002,0.867,67.6,0.0,0.0,0.0,1.9311409450854469,0.398273559433083,2.1188292937336994,1.421813128588591,0.4118818574186391,0.381257908150297,0.2800853048485852,0.621037179272585,0.05
1792,0.20790000000000006,False,2,0.0,0.14789999999999998,0.9399000000000001,88.8,0.0,0.0,0.0,1.7959415561047116,0.36196649803821357,1.8020256161667974,0.8196118852636011,0.25568695651423085,0.31960470102931937,0.11480000000000043,0.31007637768782065,0.05
1793,0.26263000000000003,False,2,0.0,0.1629,1.0,75.7,0.0,0.0,0.0,1.7677725807174909,0.21805227970551136,1.5599006935013666,0.0944983601716303,0.22435564641564376,0.17267358460778476,3.418014450314421e-192,0.0,0.05
1794,0.23354000000000003,False,2,0.0,0.1622,1.0,90.0,0.0,0.0,0.0,1.7446947101416916,0.19277662444699672,1.554477783542637,0.0683058167287874,0.2066562464949399,0.15992755343688628,0.020000000000000854,0.040039980019976745,0.05
1795,0.23428000000000004,False,2,0.0,0.1739,0.8605,72.8,0.0,0.0,0.0,2.0209108710338546,0.6787809012346976,2.1614100857268435,1.1973811644039962,0.42758895893665405,0.520201487612539,0.43008472484254784,0.8336842367744908,0.05
1796,0.22458000000000003,False,2,0.0,0.1462,0.9328,78.8,0.0,0.0,0.0,1.774618845265954,0.305507638287222,1.878701663418893,0.8978944591527743,0.2539772362476791,0.3023221739032673,0.21257944119393848,0.5567000368270113,0.05
1797,0.21987000000000007,False,2,0.0,0.1825,0.9364000000000001,94.4,0.0,0.0,0.0,1.8212201641500445,0.3211169100931705,1.751360929789246,0.6549819308716431,0.2938981206259063,0.33600919349938513,0.18265568687173347,0.5479670606152005,0.05
1798,0.27281000000000005,False,2,0.0,0.14689999999999998,0.9666,60.0,0.0,0.0,0.0,1.7508106857699617,0.13315046433627717,1.6953791874249795,0.33213712301495213,0.22602968329999115,0.11606481699876448,0.10370000000000149,0.24238566376747894,0.05
1799,0.22573000000000001,False,2,0.0,0.1339,1.0,84.0,0.0,0.0,0.0,1.7157992288693447,0.15879255029718387,1.5311578127755068,0.06631146675909615,0.18657515025202823,0.13868818395540844,0.015400000000000502,0.046200000000001504,0.05
1800,0.26080000000000003,False,2,0.0,0.192,0.8720000000000001,67.6,0.0,0.0,0.0,1.9211585524566726,0.41213079027471605,1.9342867331123266,0.8515730435148223,0.38801640076568583,0.4066936262979586,0.2621277750886627,0.5720128929182532,0.05
1801,0.21667000000000003,False,2,0.0,0.16109999999999997,1.0,98.05,0.0,0.0,0.0,1.766956335223951,0.19530126725125824,1.5239,0.03204512443414756,0.2271554678491882,0.14464598279991586,5.128543931419865e-218,0.0,0.05
1802,0.1985800000000001,False,2,0.0,0.169,0.8676,90.0,0.0,0.0,0.0,1.9320369700668334,0.5647619480916827,2.015188231507518,0.9528015695849268,0.38839972672594497,0.4862762265322237,0.3929489787590407,0.7407475678558264,0.05
1803,0.19768,False,2,0.0,0.137,0.8725999999999999,80.0,0.0,0.0,0.0,1.8277614046107828,0.36732193561208243,1.891189512106791,0.7610239646858236,0.30770622276351706,0.3696076880164418,0.26665570640898956,0.5843900863316638,0.05
1804,0.21625000000000003,False,2,0.0,0.2049,0.7814,80.8,0.0,0.0,0.0,2.216282205762772,0.6785086965182049,2.6193048952833435,1.5197788064384736,0.577654811106667,0.5134286306181693,0.6691980383029925,0.8921364913817471,0.05
1805,0.24963,False,2,0.0,0.1848,0.9359,80.25,0.0,0.0,0.0,1.8445545159813304,0.27108579248832465,1.6489446180555665,0.33754737787639005,0.31582162494337507,0.267925615859838,0.08020000000000062,0.23926963869241769,0.05
1806,0.21769000000000005,False,2,0.0,0.1709,0.9312000000000001,90.65,0.0,0.0,0.0,1.8710845220727161,0.4141184668190867,1.804574053340047,0.7978607196627197,0.31572001451248694,0.34961374258482136,0.1893454854052558,0.5647109932364176,0.05
1807,0.19462000000000007,False,2,0.0,0.1066,1.0,90.0,0.0,0.0,0.0,1.6898520140340516,0.1632908347932322,1.5198,0.03161898164078027,0.15354075759984936,0.12608528276883244,1.133138860215311e-219,0.0,0.05
1808,0.18888000000000005,False,2,0.0,0.0984,1.0,90.0,0.0,0.0,0.0,1.6374007285050087,0.11166009070431741,1.5932918220414063,0.09478661779004309,0.1304255945660882,0.10020067876387168,0.017200000000000527,0.051600000000001596,0.05
1809,0.26647000000000004,False,2,0.0,0.1811,0.933,70.1,0.0,0.0,0.0,1.8461461052212027,0.3000805887676632,1.8728456828588875,1.0366561003247798,0.3050754665160115,0.2998514667053073,0.19430186369052835,0.582905591071585,0.05
1810,0.21186000000000005,False,2,0.0,0.13179999999999997,1.0,90.2,0.0,0.0,0.0,1.7451199586833153,0.19672210645797153,1.5171,0.03201390322969071,0.19787968197910755,0.16793069328663343,3.327753948458046e-193,0.0,0.05
1811,0.2682,False,2,0.0,0.16599999999999998,1.0,74.0,0.0,0.0,0.0,1.7380325008697999,0.17887342663507627,1.5312,0.04414929218005651,0.20477885809990845,0.15424480386037798,1.9737865542687924e-178,0.0,0.05
1812,0.21589000000000005,False,2,0.0,0.12460000000000002,0.9299,75.15,0.0,0.0,0.0,1.8853686616211758,0.5853058281105263,1.8365530772791097,0.8268095489832228,0.2943744079288767,0.4183278570431518,0.23297529949487022,0.6514019293193919,0.05
1813,0.27366000000000007,False,2,0.0,0.20070000000000002,0.9329000000000001,73.35,0.0,0.0,0.0,1.9188957309853543,0.42541315520083245,1.8064148743503445,0.8771162402573844,0.3531215607108643,0.35828777781439763,0.11800000000000002,0.35400000000000004,0.05
1814,0.22455000000000003,False,2,0.0,0.17450000000000002,1.0,98.8,0.0,0.0,0.0,1.7675883263894019,0.22915692420431732,1.5279277777777784,0.03141270532054739,0.24016197681904244,0.19009156306824926,0.0010000000000002984,0.003000000000000895,0.05
1815,0.24146,False,2,0.0,0.1423,0.9395,70.0,0.0,0.0,0.0,1.7265515235680884,0.24655350168854956,1.6459869467604364,0.34117957845065106,0.2292742258650981,0.2673835193477863,0.07980068322205743,0.23940204966617226,0.05
1816,0.20584000000000002,False,2,0.0,0.1512,1.0,100.0,0.0,0.0,0.0,1.7296386594919777,0.17234697920161826,1.5227000000223339,0.029775997027573217,0.19989370291468084,0.14994548840566232,3.3444356086134647e-199,0.0,0.05
1817,0.24246,False,2,0.0,0.13379999999999997,1.0,75.6,0.0,0.0,0.0,1.694092830994834,0.11321252076787591,1.511200000000325,0.021926239987574748,0.18477921285752102,0.11363558053930638,8.247781152906871e-231,0.0,0.05
1818,0.17412000000000005,False,2,0.0,0.1066,1.0,100.25,0.0,0.0,0.0,1.650077089322465,0.13474435611668356,1.5365571180555557,0.04606664881542575,0.12863788689355116,0.10577795010872629,1.9931014248788237e-206,0.0,0.05
1819,0.22718000000000005,False,2,0.0,0.1414,1.0,85.9,0.0,0.0,0.0,1.7589548594572129,0.1651076786899966,1.5898444445727808,0.12064334957024625,0.2109777324633943,0.1287556286844975,0.028800000000000693,0.08640000000000207,0.05
1820,0.16475,False,2,0.0,0.0925,1.0,100.0,0.0,0.0,0.0,1.6434384361644896,0.09829384433736048,1.548300617345174,0.08720824947034794,0.12255822243275567,0.09734610177900033,3.7130694177985376e-215,0.0,0.05
1821,0.17091000000000006,False,2,0.0,0.10130000000000002,1.0,100.0,0.0,0.0,0.0,1.6526220122575261,0.10166045129146788,1.572000708421078,0.08472449277568513,0.1280633638600948,0.08715006942726676,2.8328471516050862e-220,0.0,0.05
1822,0.21792000000000003,False,2,0.0,0.1608,0.9301999999999999,86.85,0.0,0.0,0.0,1.880688067319094,0.377782744678512,1.8023132354436822,0.7248594807740075,0.3181453087527598,0.32880427163046916,0.20141129684984022,0.5094905648087164,0.05
1823,0.20487000000000002,False,2,0.0,0.1041,1.0,84.0,0.0,0.0,0.0,1.6766956072228774,0.19555280471261424,1.535533342583975,0.03167480713417408,0.1507786891090941,0.16186725040038358,0.00500000000000064,0.01156719499273815,0.05
1824,0.26585000000000014,False,2,0.0,0.19490000000000002,0.9434000000000001,76.8,0.0,0.0,0.0,1.8983870506158482,0.43055943629348964,1.6363111111111117,0.3387841725281104,0.3328186949015318,0.3381622463764451,0.07980000000000033,0.23940000000000097,0.05
1825,0.20321000000000003,False,2,0.0,0.1133,1.0,88.05,0.0,0.0,0.0,1.6898779355281497,0.12512308121234825,1.5431111111111118,0.07307211050280202,0.16103421791941577,0.11942292024179496,0.01770000000000063,0.05310000000000188,0.05
1826,0.23611000000000007,False,2,0.0,0.1373,1.0,80.0,0.0,0.0,0.0,1.6880270836081483,0.09575579298893726,1.5518777900769376,0.060381215475145494,0.17604420979733704,0.09621360877563971,0.013800000000000482,0.04140000000000145,0.05
1827,0.29896,False,2,0.0,0.21680000000000002,1.0,76.4,0.0,0.0,0.0,1.8158419032937982,0.15315862558545265,1.576377777777779,0.16245107297618033,0.28367593901649246,0.12237149077257514,0.03900000000000084,0.11700000000000252,0.05
1828,0.23695000000000005,False,2,0.0,0.18650000000000003,0.9359999999999999,87.2,0.0,0.0,0.0,1.866313561027966,0.33348082009066277,1.6560108438721926,0.33653370854712433,0.3082690462619392,0.2899747915282575,0.07980000002459031,0.23940000007377094,0.05
1829,0.24195000000000005,False,2,0.0,0.1259,0.9794,70.0,0.0,0.0,0.0,1.7002603118022261,0.13219885797952713,1.6698609155417636,0.32957922346325835,0.1901288195819873,0.12906248202137338,0.07990000000000087,0.2397000000000026,0.05
1830,0.18994000000000005,False,2,0.0,0.13210000000000002,0.9259000000000001,90.15,0.0,0.0,0.0,1.8563750191217299,0.6098579632751606,2.0567921252505745,1.3375985369334744,0.2796362262029446,0.4160407271784141,0.21812437581869593,0.5291423867895266,0.05
1831,0.20273000000000005,False,2,0.0,0.17060000000000003,0.8027,78.75,0.0,0.0,0.0,2.018740917121818,0.6199784662727441,2.070759534953234,0.9335563470501465,0.45807855171693984,0.5254062896661509,0.3901921863839187,0.7114429552860496,0.05
1832,0.24168000000000006,False,2,0.0,0.1749,0.8665,70.35,0.0,0.0,0.0,2.0747975814330872,0.6531031765865658,2.157647345449837,1.130044538884655,0.4455617314358749,0.501607142082171,0.40766556510898333,0.7396191050398179,0.05
1833,0.2776,False,2,0.0,0.1672,0.9352,60.0,0.0,0.0,0.0,1.7762876725513188,0.29874600145136204,1.7643531418034395,0.7323932659770158,0.2691964985466403,0.292806467646301,0.18495314180343975,0.5548594254103192,0.05
1834,0.28378000000000003,False,2,0.0,0.1774,1.0,70.2,0.0,0.0,0.0,1.7812970415611626,0.14010350133869692,1.5244333333333844,0.040483206394850306,0.23486640807651088,0.11710865383766587,0.00740000000000039,0.022200000000001167,0.05
1835,0.25295,False,2,0.0,0.20870000000000002,0.9301999999999999,86.1,0.0,0.0,0.0,1.9667718383154178,0.5578050853046639,1.8847907106741772,0.82925441085025,0.37840215797774496,0.3907003814749828,0.27299070865260205,0.645970713449038,0.05
1836,0.24808000000000005,False,2,0.0,0.1832,0.9338000000000001,80.15,0.0,0.0,0.0,1.8575730872007825,0.36948811379642565,1.8388029892351174,0.7528384726083972,0.31264979190484804,0.34411734139064687,0.23627393980759606,0.5741929380476237,0.05
1837,0.21388000000000004,False,2,0.0,0.1417,0.9343,82.8,0.0,0.0,0.0,1.733087081073558,0.23861225818586992,1.7939284535808464,0.8080352826204567,0.23308754475893764,0.27605724488074446,0.11482566737636306,0.34447700212908916,0.05
1838,0.19786000000000006,False,2,0.0,0.16490000000000002,0.8721,89.6,0.0,0.0,0.0,1.981021558600633,0.6001565578557471,2.12448109739162,1.1793221826961766,0.4100680433691177,0.5137391089592104,0.45793875026035497,0.9160325591019589,0.05
1839,0.24595000000000003,False,2,0.0,0.15150000000000002,1.0,80.05,0.0,0.0,0.0,1.6878989779040734,0.10149566957751169,1.5241,0.039880947832267005,0.17878652373213685,0.104409171364181,5.98375850996415e-219,0.0,0.05
1840,0.30138,False,2,0.0,0.24309999999999996,0.8027000000000001,54.8,0.0,0.0,0.0,2.0699174948438475,0.47354358132547597,2.4059578859902717,1.2273959698034298,0.5394881396861717,0.4598658736413371,0.6857299954676753,0.950804403185484,0.05
1841,0.23468000000000003,False,2,0.0,0.16099999999999998,0.9326000000000001,78.9,0.0,0.0,0.0,1.7987682067693918,0.31144409706911985,1.7798534829672878,0.7584546782179674,0.27221110157750633,0.299172757763992,0.19875348296728793,0.5962604489018638,0.05
1842,0.29443,False,2,0.0,0.20750000000000002,0.9356,65.75,0.0,0.0,0.0,1.8765880706921927,0.3937727780993329,1.8250384987103208,0.8411201690898216,0.35348840705726897,0.3593793214312704,0.22053849871032066,0.661615496130962,0.05
1843,0.24738000000000002,False,2,0.0,0.15339999999999998,1.0,80.0,0.0,0.0,0.0,1.7307945460964205,0.17170298167050824,1.5248,0.04993956347426357,0.19280834547688336,0.12693063385487843,2.9929300531669986e-207,0.0,0.05
1844,0.19625000000000004,False,2,0.0,0.13749999999999998,1.0,100.0,0.0,0.0,0.0,1.7366003286234135,0.22035192818716057,1.5588666666666677,0.13613385569603004,0.19444801654990237,0.1815340754652489,0.032000000000000736,0.09600000000000221,0.05
1845,0.22451000000000007,False,2,0.0,0.1602,0.9349000000000001,84.05,0.0,0.0,0.0,1.768988672620774,0.2434586595669697,1.8061693437151178,0.8222099763663258,0.2609922317319441,0.2748539393941147,0.19006934371511763,0.5702080311453529,0.05
1846,0.22524000000000002,False,2,0.0,0.1512,1.0,90.3,0.0,0.0,0.0,1.7106361727987676,0.1579368690685193,1.5208,0.04160000000000004,0.1925070105536358,0.13429632203504333,1.4027579430799479e-192,0.0,0.05
1847,0.21239000000000005,False,2,0.0,0.16390000000000002,0.9362,91.6,0.0,0.0,0.0,1.834853525287055,0.4126645100962495,1.8003289754903649,0.8166335681974171,0.2931683204681264,0.3651338018822672,0.1601332289625866,0.4803996868877599,0.05
1848,0.22667000000000007,False,2,0.0,0.1222,0.9381,70.15,0.0,0.0,0.0,1.786553057720934,0.3096016606368601,1.6969240886392698,0.3339016079585431,0.2564489310884307,0.30392179061442576,0.0857000000000009,0.23774862775629294,0.05
1849,0.23640000000000005,False,2,0.0,0.1216,0.9416,65.6,0.0,0.0,0.0,1.7894077585729562,0.4447994708019166,1.7918609244263444,0.768232302195779,0.2366998811872682,0.36548939126302005,0.2032609244263443,0.6097827732790329,0.05
1850,0.24375,False,2,0.0,0.1709,0.9324,77.8,0.0,0.0,0.0,1.836448968780005,0.2953323279449102,1.8019407034546369,0.8164087422068157,0.30345453813376483,0.3072905178245893,0.20384070345463673,0.6115221103639102,0.05
1851,0.22861000000000004,False,2,0.0,0.1305,0.9332,71.35,0.0,0.0,0.0,1.7667644270909342,0.3154347251125644,1.8185252682527644,0.8440499513748297,0.24980733166864377,0.326344920973875,0.12440000000000058,0.3620086186819313,0.05
1852,0.24004000000000006,False,2,0.0,0.2169,0.8407,82.0,0.0,0.0,0.0,2.146655119701738,0.5687741772020181,2.234803862453666,1.4858792552463702,0.5088038733541975,0.3974756286833073,0.36349861241538456,0.6289102546889169,0.05
1853,0.19609000000000004,False,2,0.0,0.10869999999999999,1.0,90.0,0.0,0.0,0.0,1.6929284305145011,0.15013527797952694,1.6180555555557485,0.2984957193067245,0.16442352704800717,0.1305710453119382,0.07710000000000125,0.20901121979453896,0.05
1854,0.20721000000000006,False,2,0.0,0.1303,1.0,92.0,0.0,0.0,0.0,1.6887547509208716,0.20569758749120096,1.5592045783964188,0.06834742433948747,0.1711384560645331,0.16050004031598467,2.968131930877549e-183,0.0,0.05
1855,0.31723,False,2,0.0,0.1659,1.0,49.45,0.0,0.0,0.0,1.754445563765821,0.13615046189086394,1.5225349211057029,0.031344118032781025,0.21921175979384916,0.11110325637884906,3.8175520415571855e-213,0.0,0.05
1856,0.19877,False,2,0.0,0.1271,0.9339999999999999,85.2,0.0,0.0,0.0,1.7855430628625555,0.4360651104596858,1.871491474557995,1.024964691203972,0.24578424012775613,0.35690531362638783,0.19596119705630288,0.5878835911689086,0.05
1857,0.34296000000000004,False,2,0.0,0.2671,0.8062999999999999,42.95,0.0,0.0,0.0,2.125614745969267,0.4321361221055667,2.337265042086589,1.216878672502507,0.5680059511827762,0.420283870021208,0.5762926552931388,0.8888023091772503,0.05
1858,0.14305,False,2,0.0,0.0615,1.0,100.0,0.0,0.0,0.0,1.6068529191117509,0.03499027743505749,1.545686460524156,0.05962644369814839,0.09221509365015076,0.040621668891239235,0.005300000000000438,0.015900000000001312,0.05
1859,0.18148000000000003,False,2,0.0,0.1432,0.9347999999999999,99.6,0.0,0.0,0.0,1.750255941963582,0.3266059173917765,1.821090969261252,0.8448554584778227,0.2468535993376427,0.3324315619395894,0.18335763586187798,0.4978133175167332,0.05
1860,0.30569,False,2,0.0,0.1802,0.9335000000000001,50.25,0.0,0.0,0.0,1.8423385415151938,0.30548415375380766,1.9351463664781856,0.9336247110747586,0.3127940804062878,0.28440616991416606,0.2944019220126164,0.7144917393505634,0.05
1861,0.21294000000000005,False,2,0.0,0.1281,0.9349000000000001,78.6,0.0,0.0,0.0,1.7514586685721245,0.3222279347009054,1.8109150881405562,0.8313816597584692,0.2409789573323755,0.3327359360828517,0.19904842147388957,0.5971452644216687,0.05
1862,0.23032,False,2,0.0,0.18970000000000004,0.8600999999999999,80.25,0.0,0.0,0.0,1.9425542771590258,0.3915812587731143,2.146083671137009,1.2550593254960498,0.3979075996548945,0.3846608365073603,0.4048198501250786,0.8137889059030463,0.05
1863,0.23372000000000004,False,2,0.0,0.1759,0.8693,75.1,0.0,0.0,0.0,1.9102274409244036,0.4564947514489518,1.8936713371867278,0.8203584254642527,0.3791013978951249,0.4392968192065926,0.2989547905455987,0.6742362652180746,0.05
1864,0.32206000000000007,False,2,0.0,0.25780000000000003,0.875,60.45,0.0,0.0,0.0,2.027258882299523,0.47505268314357835,2.030111053508506,1.0185232831725781,0.4689769708974609,0.4002951159695368,0.3868777201751727,0.775403738474832,0.05
1865,0.21231000000000003,False,2,0.0,0.10329999999999999,1.0,80.0,0.0,0.0,0.0,1.667802321965564,0.11155112759813793,1.5413000000000001,0.04248070150079915,0.15195271915083802,0.1103696938844167,8.375962364595525e-237,0.0,0.05
1866,0.19275000000000003,False,2,0.0,0.1325,1.0,100.0,0.0,0.0,0.0,1.6877579233084763,0.15904702149069436,1.5409260416817347,0.040516661349872,0.16638522656728633,0.12901117879536617,0.007500000000000909,0.017350792489107147,0.05
1867,0.27773000000000003,False,2,0.0,0.2359,0.805,64.45,0.0,0.0,0.0,2.098932181641399,0.43806213453380294,2.3207028119890003,1.278689095734553,0.5240320232575953,0.396303512410382,0.40971075300776094,0.6632204330148621,0.05
1868,0.22477,False,2,0.0,0.1707,0.8725999999999999,78.25,0.0,0.0,0.0,1.892343675941996,0.4821441022530483,2.181564612549238,1.1455998546233594,0.36514712411523753,0.432977875521777,0.43045173538767445,0.7611150790305327,0.05
1869,0.17366000000000004,False,2,0.0,0.1018,1.0,98.8,0.0,0.0,0.0,1.660084621282822,0.11764032941397147,1.5188000000000001,0.03218011808555093,0.13590726138193937,0.10993319464061221,6.379004309767683e-205,0.0,0.05
1870,0.23293,False,2,0.0,0.20969999999999994,0.8018000000000001,77.2,0.0,0.0,0.0,2.090383514258348,0.6314306652801874,2.3015188829388737,1.3126264254890443,0.5090654128055149,0.49156634276727557,0.47757998068863855,0.7918780718050071,0.05
1871,0.22424000000000005,False,2,0.0,0.15760000000000002,0.8684,73.3,0.0,0.0,0.0,1.9103779565280257,0.5423244970844368,2.348163788187787,1.6973051699455717,0.36947396101143426,0.4746860352359707,0.3784965649713431,0.7492602039485196,0.05
1872,0.2835700000000001,False,2,0.0,0.22160000000000002,0.8655000000000002,65.6,0.0,0.0,0.0,1.940528709017353,0.3806184821070717,2.004565611941972,0.9243275312631332,0.42353789390510155,0.3887926998208748,0.36204179046831386,0.7273572130475706,0.05
1873,0.24831999999999999,False,2,0.0,0.1982,0.8026,65.6,0.0,0.0,0.0,2.0346033500888776,0.5465837489726952,2.372252110037686,1.2948596834310544,0.5002212813859962,0.5225452742400352,0.5530812074464874,0.9046887657039877,0.05
1874,0.16258,False,2,0.0,0.08940000000000001,1.0,100.0,0.0,0.0,0.0,1.6235263859725753,0.06582487588299062,1.5417000419613391,0.06988572738913111,0.11087982693884005,0.07189332325108819,0.00020000000000028705,0.0006000000000008612,0.05
1875,0.18865000000000004,False,2,0.0,0.12479999999999998,0.9323,89.2,0.0,0.0,0.0,1.7704210641130902,0.3348556342573068,1.8058715499793645,0.8055490838534438,0.24314941521315075,0.316966839855825,0.1697443350537588,0.4921439247821641,0.05
1876,0.22414000000000003,False,2,0.0,0.1484,0.9342,80.0,0.0,0.0,0.0,1.765913145576608,0.3075733202291976,1.6500334159072032,0.3442223257699183,0.2485782373821796,0.2987733804770088,0.10000000780867305,0.24058306448402558,0.05
1877,0.18694,False,2,0.0,0.1265,0.9362999999999999,91.25,0.0,0.0,0.0,1.8527897776122675,0.4434577951576646,2.0475146382031517,1.2594960848746877,0.27784069442128,0.3684408239502427,0.2676782046831737,0.5762264154147656,0.05
1878,0.26133000000000006,False,2,0.0,0.1965,0.9336,78.15,0.0,0.0,0.0,1.8407182673818592,0.26603371672777726,1.9226239673275178,0.7828396140575411,0.3223774050372562,0.2883648074645369,0.3034017446443841,0.6585463781679098,0.05
1879,0.28447000000000006,False,2,0.0,0.18889999999999998,0.8718,54.65,0.0,0.0,0.0,1.9145728511731015,0.4391163011210399,2.0738024806052557,1.0618243170815953,0.3918767910758377,0.4211952568701584,0.4105595260790899,0.8245096928319631,0.05
1880,0.23864000000000005,False,2,0.0,0.1674,0.9381999999999999,80.0,0.0,0.0,0.0,1.7770772790690628,0.25807143743538796,1.6308666932057174,0.3403352413454992,0.26494821885645703,0.25890300684968226,0.08320000000000047,0.23848220059367145,0.05
1881,0.2247,False,2,0.0,0.15,1.0,90.15,0.0,0.0,0.0,1.7241747599273922,0.13802789155579828,1.5141,0.027811688190399354,0.20336230772866185,0.1265580836948075,2.6128403430240946e-201,0.0,0.05
1882,0.17306000000000005,False,2,0.0,0.0758,1.0,90.0,0.0,0.0,0.0,1.6142832058252459,0.07001898626048739,1.5227001391092938,0.03272052290757747,0.1045457704936201,0.0757382238605977,3.70000119299349e-243,0.0,0.05
1883,0.27457000000000004,False,2,0.0,0.2189,0.8597999999999999,68.3,0.0,0.0,0.0,2.0529986499636523,0.6245414140876105,2.060207471500531,1.0934218155302282,0.47456394594058865,0.48047138963125674,0.32949485943475515,0.665040434401827,0.05
1884,0.28081,False,2,0.0,0.24970000000000003,0.8654,76.8,0.0,0.0,0.0,1.9472350318101046,0.3008467777672163,2.0700502318948812,1.1311083924061724,0.44047009309316054,0.3171379350887809,0.32758768961940243,0.6825547894730852,0.05
1885,0.2800700000000001,False,2,0.0,0.14310000000000003,1.0,60.05,0.0,0.0,0.0,1.7249184945567186,0.15322111951689568,1.5432666666666672,0.07614442417757009,0.1971415669130951,0.12459736075533971,0.01760000000000065,0.05280000000000195,0.05
1886,0.26626000000000005,False,2,0.0,0.1518,1.0,70.0,0.0,0.0,0.0,1.7015843145605671,0.11496222618280856,1.5386203125000006,0.03981322799147424,0.18366012081722008,0.12091568924987776,0.001400000000000432,0.004200000000001296,0.05
1887,0.25581999999999994,False,2,0.0,0.16469999999999999,0.9350999999999999,70.0,0.0,0.0,0.0,1.8255516401514833,0.3060637136112613,1.6501623233108518,0.3407684025366202,0.3064765028110877,0.3103621264767577,0.07950283770434276,0.23850851311302826,0.05
1888,0.2490600000000001,False,2,0.0,0.1989,0.9231,83.55,0.0,0.0,0.0,1.9177992462936362,0.3626879765897762,2.1081261554175557,1.4112587144389899,0.36452386118750396,0.32799478366406903,0.2798986902778201,0.620879685856441,0.05
1889,0.20997000000000007,False,2,0.0,0.1582,0.9311,90.05,0.0,0.0,0.0,1.8337125050904284,0.39717876516914447,1.9191012345014964,1.149235656977233,0.28934442209359207,0.34915752352312623,0.18576179541861135,0.5572853862558341,0.05
1890,0.2754500000000001,False,2,0.0,0.1865,1.0,77.55,0.0,0.0,0.0,1.7710426297372923,0.14148884902070685,1.551233333333648,0.07974614739736605,0.24828984694472284,0.12644320875671677,0.02620000000000104,0.05645848031961399,0.05
1891,0.23573000000000005,False,2,0.0,0.1816,0.9347,85.9,0.0,0.0,0.0,1.873637400635899,0.3294959827347988,1.8095783751708947,0.7946701993762624,0.3102500278013,0.3022121778775861,0.20804504183756137,0.5941019838383146,0.05
1892,0.24406000000000003,False,2,0.0,0.18080000000000002,0.866,71.15,0.0,0.0,0.0,2.011685885809254,0.6611534144258112,2.3251606086382903,1.5375346363566076,0.4206279677762937,0.4767697835067376,0.42146647683188804,0.7430818770671873,0.05
1893,0.20985000000000006,False,2,0.0,0.1267,0.9372,80.0,0.0,0.0,0.0,1.7059688807834157,0.21716395561214766,1.6322444449742641,0.3404221154928559,0.2147942235778466,0.26260072128660383,0.08450000000000037,0.2385612080787654,0.05
1894,0.3082100000000001,False,2,0.0,0.22810000000000002,0.8718,56.5,0.0,0.0,0.0,1.9694216021679112,0.3888478512847327,2.000413319918745,1.108911281584347,0.4371926168327728,0.3802804266940859,0.264928771690627,0.5761550634826677,0.05
1895,0.15136000000000005,False,2,0.0,0.0962,0.9334,98.0,0.0,0.0,0.0,1.7552506103912027,0.379047585983173,1.8417970987851706,0.9260418225830651,0.2232915010372069,0.3665973094886513,0.18343994419572826,0.5503198325871848,0.05
1896,0.22696000000000002,False,2,0.0,0.1799,0.9340999999999999,89.6,0.0,0.0,0.0,1.8604213762776638,0.344445595350134,1.8132678611896467,0.7762493207797998,0.3197222396571676,0.3296801828447593,0.22709277438406458,0.6022688249466056,0.05
1897,0.22128000000000003,False,2,0.0,0.14240000000000003,1.0,89.2,0.0,0.0,0.0,1.7324857328834664,0.15886025650358085,1.5722001736111126,0.048369180674891654,0.19191419512384836,0.13703182853161877,0.005700000000000543,0.017100000000001628,0.05
1898,0.28775,False,2,0.0,0.18249999999999997,1.0,70.0,0.0,0.0,0.0,1.7461243864132718,0.15191148360134385,1.542422225952149,0.05053869891505318,0.2360879457060258,0.1362059987715375,0.004000000000000341,0.012000000000001022,0.05
1899,0.23801000000000008,False,2,0.0,0.19560000000000002,0.8703,80.0,0.0,0.0,0.0,1.9156303110041892,0.38029041892092835,1.9184681831198738,0.859986556652924,0.38914473718749404,0.4000998446317276,0.28820946481192555,0.643973941953222,0.05
1900,0.23632,False,2,0.0,0.1376,1.0,80.0,0.0,0.0,0.0,1.732112868867859,0.1942383774286321,1.5740097655720953,0.06061442623568956,0.19422686989363275,0.14163518362276598,2.5495633182240827e-219,0.0,0.05
1901,0.24006999999999998,False,2,0.0,0.1809,0.9328,83.2,0.0,0.0,0.0,1.8167324969863496,0.3484738070756734,1.8660259922164228,0.8949914085086454,0.30039217048442207,0.3223949194397652,0.20680755485446486,0.5083372132069938,0.05
1902,0.2531000000000001,False,2,0.0,0.1905,0.8705,70.7,0.0,0.0,0.0,1.9544357925715414,0.511134031943815,2.234853557013337,1.436985323626357,0.40758887566376656,0.4570426744024991,0.4124534966563484,0.8253820748365268,0.05
1903,0.20734000000000005,False,2,0.0,0.09620000000000001,1.0,80.0,0.0,0.0,0.0,1.6455043299743757,0.12170930452733984,1.5316,0.039643915043799625,0.12482630585936405,0.11894586687178457,3.509193033720499e-201,0.0,0.05
1904,0.24841000000000002,False,2,0.0,0.1978,0.8705,75.6,0.0,0.0,0.0,1.8325775850350474,0.2933184698458771,2.0440102244922334,1.0706377938401055,0.33929029904319014,0.3222646529269827,0.3920102244922335,0.7879401291619956,0.05
1905,0.22917000000000007,False,2,0.0,0.1659,0.8648,73.2,0.0,0.0,0.0,1.8759947700203157,0.389003899178448,2.140476194102353,1.2487179310026932,0.3502626897511282,0.37918437977662806,0.366352172289237,0.7373683443149235,0.05
1906,0.27215,False,2,0.0,0.17549999999999996,1.0,75.35,0.0,0.0,0.0,1.7448774373627547,0.12833825127985804,1.5164,0.020085815890822024,0.22218307741990304,0.1114664561972444,1.4853184197930445e-214,0.0,0.05
1907,0.21326000000000003,False,2,0.0,0.1631,0.8603,79.5,0.0,0.0,0.0,2.049280165539323,0.6854669334808629,2.0690269678934525,1.0880311360687254,0.43217825979020474,0.5152902633391493,0.3762389092644212,0.7599719702343734,0.05
1908,0.21424,False,2,0.0,0.1328,0.9376,80.0,0.0,0.0,0.0,1.7959923076629913,0.4446529375127907,1.8233174977464863,0.9106739567421497,0.26276013399674686,0.3755747375427095,0.24196923385759464,0.7199277038590799,0.05
1909,0.2283600000000001,False,2,0.0,0.16199999999999998,0.8682000000000001,72.75,0.0,0.0,0.0,1.936575773594004,0.556789269347029,2.1965051275690595,1.3810198365539554,0.38739452585144274,0.4865294854265999,0.35942581591771877,0.719322724471494,0.05
1910,0.21040000000000003,False,2,0.0,0.188,0.876,92.0,0.0,0.0,0.0,1.9313956435078563,0.47778082789322246,2.0370464326257185,1.0511775889030668,0.3830919320066358,0.43710212968213935,0.3878336331758556,0.7759267547406504,0.05
1911,0.23449000000000003,False,2,0.0,0.15760000000000002,0.8139,60.0,0.0,0.0,0.0,1.9788727907697161,0.6123230586210227,2.0442395305271885,0.9019763231766459,0.41329519884220406,0.5137000916991228,0.36176591641940903,0.6364835301840485,0.05
1912,0.18870000000000003,False,2,0.0,0.1526,0.9396000000000001,100.0,0.0,0.0,0.0,1.9201326570202408,0.6457883533459895,1.926105231955507,1.2307214597525802,0.31410147305419645,0.4369272551948022,0.19999998903799407,0.5999999671139822,0.05
1913,0.24783000000000005,False,2,0.0,0.1265,0.9326000000000001,60.25,0.0,0.0,0.0,1.7501481481428331,0.27389737267977027,1.8515670058810223,0.9756090096622785,0.23166144817643577,0.28560933673980327,0.18436700587322602,0.5531010176196781,0.05
1914,0.26027,False,2,0.0,0.20629999999999998,0.9362,82.5,0.0,0.0,0.0,1.9144635564170975,0.32388440542380986,1.820442140892553,0.8583143440184611,0.36127324207924516,0.307556347458323,0.12516902456175788,0.3626935048658291,0.05
1915,0.25249,False,2,0.0,0.2346,0.7369,66.4,0.0,0.0,0.0,2.087564009469405,0.45621791643912407,2.6068230755997788,1.3572252737373478,0.5801991390441338,0.47086075834531366,0.8343511660155996,1.0312973245279267,0.05
1916,0.21466000000000002,False,2,0.0,0.13779999999999998,1.0,90.9,0.0,0.0,0.0,1.7006728253800563,0.1733382525779079,1.5789401909741192,0.0871578132624909,0.18329249911509687,0.14615293037925178,0.017400000000000533,0.0522000000000016,0.05
1917,0.20835000000000004,False,2,0.0,0.14330000000000004,0.9347999999999999,86.2,0.0,0.0,0.0,1.8392419974975447,0.4507581652973278,1.8715658637344075,0.8413865144289632,0.2921698045059058,0.3951961966623596,0.20739864875413616,0.5159206761896328,0.05
1918,0.16202000000000005,False,2,0.0,0.08860000000000001,1.0,100.0,0.0,0.0,0.0,1.6395876621540146,0.11574936167957459,1.5178777780736794,0.025794508956964862,0.12341413013379599,0.10174846305280019,0.004800000000000353,0.014400000000001058,0.05
1919,0.28724,False,2,0.0,0.2132,0.868,61.2,0.0,0.0,0.0,1.9301018871445248,0.4787101660707039,2.044136027211727,1.033243990382063,0.405571740654277,0.43786864268270514,0.39298021621875534,0.7904133190748648,0.05
1920,0.27344,False,2,0.0,0.19219999999999998,1.0,80.55,0.0,0.0,0.0,1.8391282974452428,0.21608004015216203,1.517923350694445,0.021051522304150926,0.26793192875153127,0.149708231669302,0.0022000000000003154,0.006600000000000947,0.05
1921,0.22159,False,2,0.0,0.18009999999999998,0.9213999999999999,90.45,0.0,0.0,0.0,1.9838671666732683,0.6162727737154814,2.1908223981652037,1.4984196416363706,0.37684881031725764,0.4289882693856041,0.28959999539364667,0.6171813544190903,0.05
1922,0.21496000000000007,False,2,0.0,0.1288,1.0,87.6,0.0,0.0,0.0,1.7023149306977405,0.15664596678689108,1.5097875902705724,0.020604164692164386,0.1767464410462523,0.12859134212236875,9.505457746196327e-213,0.0,0.05
1923,0.1825,False,2,0.0,0.094,1.0,91.65,0.0,0.0,0.0,1.666391339428286,0.13464806238532998,1.5415000000018972,0.0573833599604206,0.13943510734599107,0.12257965999660343,2.1612938995335504e-225,0.0,0.05
1924,0.23002000000000003,False,2,0.0,0.1286,1.0,80.0,0.0,0.0,0.0,1.6854061345236402,0.1320142546286232,1.5250025173611121,0.017980078531251678,0.16604203256933764,0.13065265738052326,0.003600000000000747,0.007418894796398089,0.05
1925,0.24812000000000003,False,2,0.0,0.1497,0.9320999999999999,68.15,0.0,0.0,0.0,1.843020721003218,0.3830126987800673,1.8654414537111914,0.9162391454501937,0.2986482688274399,0.34664490748747173,0.1860080715497327,0.5474406886190231,0.05
1926,0.25408,False,2,0.0,0.1916,0.9362,80.45,0.0,0.0,0.0,1.925309490731007,0.3263008345542484,1.6642166694646483,0.3352150259943602,0.34415172166363805,0.2859357772366534,0.07990000000004409,0.2397000000001323,0.05
1927,0.21799000000000002,False,2,0.0,0.1377,1.0,89.2,0.0,0.0,0.0,1.7091249995753592,0.1935730331837261,1.5264333333375433,0.040437070452482626,0.17621480911745704,0.1581250722161092,0.00740000000000039,0.022200000000001167,0.05
1928,0.20766000000000004,False,2,0.0,0.12409999999999999,0.9362999999999999,80.05,0.0,0.0,0.0,1.808299410702276,0.3871814860349933,1.7897562630874706,0.8074910289891689,0.25475133467577604,0.3398077286620179,0.20081164503191484,0.5888594875954656,0.05
1929,0.25562,False,2,0.0,0.1366,1.0,70.0,0.0,0.0,0.0,1.6897066342031999,0.13443715177458512,1.550795323304603,0.05587899902352698,0.17539616994315724,0.12789399503367227,5.176907621319967e-207,0.0,0.05
1930,0.25381,False,2,0.0,0.1892,0.9379,80.0,0.0,0.0,0.0,1.861096272815475,0.28759716468353697,1.6849003563961227,0.326132977972205,0.3138027933531621,0.26763838255691735,0.08260000000000076,0.2386127406489445,0.05
1931,0.18503000000000008,False,2,0.0,0.1534,0.8724999999999999,92.05,0.0,0.0,0.0,1.9596150014551625,0.556646496978308,2.1980441447521533,1.4828538821228816,0.37024118795483507,0.46339024221221686,0.2975997850158859,0.629867918268932,0.05
1932,0.2702300000000001,False,2,0.0,0.22490000000000002,1.0,93.6,0.0,0.0,0.0,1.8507092514282288,0.21861907525567129,1.5736333333333419,0.12389058344631393,0.2957278872753602,0.15853170598181454,0.03790000000000123,0.09024239580153261,0.05
1933,0.38903000000000004,False,2,0.0,0.2411,0.9342,30.0,0.0,0.0,0.0,1.887114252939778,0.27577119201967787,1.8183756721301596,0.8963066604153415,0.37865969973437696,0.26466401463255795,0.17264640053022584,0.5179392015906775,0.05
1934,0.30894000000000005,False,2,0.0,0.2668,0.8056000000000001,59.75,0.0,0.0,0.0,2.217502620927394,0.6685694354679543,2.520177978731293,1.5599789572622464,0.5950211761643497,0.4817141411916657,0.5909563817851557,0.8802169952780668,0.05
1935,0.23738000000000006,False,2,0.0,0.14940000000000003,1.0,83.6,0.0,0.0,0.0,1.7569404096804302,0.1495253512146589,1.5197798611131819,0.028273548731300415,0.2149188306616686,0.11462269278113874,0.008300000000000921,0.019183586734499724,0.05
1936,0.2654700000000001,False,2,0.0,0.2285,0.8024000000000001,67.6,0.0,0.0,0.0,2.09383791794212,0.4940980913303659,2.2436190024162705,1.1729054786450874,0.5133502131625409,0.43520074331458825,0.4883060135991665,0.8271859676801321,0.05
1937,0.17824000000000007,False,2,0.0,0.1012,1.0,96.3,0.0,0.0,0.0,1.6715123002123522,0.12150979051847813,1.5798000000000014,0.15662298681866943,0.14436038322571196,0.09601511215020207,0.03590000000000087,0.10770000000000261,0.05
1938,0.22418000000000002,False,2,0.0,0.1404,1.0,87.05,0.0,0.0,0.0,1.711721724714313,0.17597871914611696,1.5270000000000004,0.041792343796441776,0.1813840275942297,0.15317610304971085,2.842170943040401e-16,8.526512829121202e-16,0.05
1939,0.25214000000000003,False,2,0.0,0.18,0.9347999999999999,77.15,0.0,0.0,0.0,1.88108879303194,0.36217862211205726,1.7928392793686094,0.7731183208485197,0.3078329035904888,0.3161461978947613,0.096,0.288,0.05
1940,0.27816,False,2,0.0,0.1688,1.0,70.0,0.0,0.0,0.0,1.72958912589907,0.13128835720378038,1.5397,0.06966067757350626,0.21837022685112334,0.12134828501301675,5.940911067613101e-214,0.0,0.05
1941,0.21970000000000003,False,2,0.0,0.17240000000000003,0.8754,81.8,0.0,0.0,0.0,1.9154797375232953,0.4752641881194008,2.0178059356732274,0.9819606467253009,0.36495494952531315,0.4388338473794589,0.4107287831715352,0.8215918689586964,0.05
1942,0.25560000000000005,False,2,0.0,0.18570000000000003,0.8696999999999999,67.65,0.0,0.0,0.0,1.9359806318046993,0.5245813805325329,2.129492704368605,1.2303491430263476,0.3970520867109265,0.4693247054376904,0.4529676514796016,0.9060670863270227,0.05
1943,0.21509999999999999,False,2,0.0,0.124,0.9339999999999999,75.95,0.0,0.0,0.0,1.7735223221432164,0.328422765108045,2.070831808128338,1.340889507047519,0.24370893037983063,0.2995272818059999,0.26045989854415796,0.6071266354791758,0.05
1944,0.16447000000000006,False,2,0.0,0.0921,1.0,100.0,0.0,0.0,0.0,1.7008137903751706,0.15725264319262985,1.5069269097222224,0.012693508696640312,0.15228017613825834,0.11620556542438047,2.3206683796920656e-216,0.0,0.05
1945,0.2644500000000001,False,2,0.0,0.1762,0.9327,69.35,0.0,0.0,0.0,1.8113170631955235,0.268676607116526,1.8042556721281358,0.8813890522531868,0.30523240510747707,0.29823536419185886,0.18130978753399396,0.5439293626019819,0.05
1946,0.26228999999999997,False,2,0.0,0.21210000000000004,0.8713999999999998,73.8,0.0,0.0,0.0,2.030417122474276,0.41855286874696496,2.063499680299904,1.013998617833581,0.43378686076273026,0.37629509995232097,0.3732883955759639,0.7304876487255,0.05
1947,0.22813000000000003,False,2,0.0,0.12589999999999998,1.0,80.0,0.0,0.0,0.0,1.6879482912970019,0.152054028091674,1.5411000001691118,0.06423931849929579,0.17409763738020154,0.13873915517219776,1.2458993561762145e-207,0.0,0.05
1948,0.22569999999999998,False,2,0.0,0.18109999999999998,0.9350999999999999,90.8,0.0,0.0,0.0,1.8135821463675494,0.3032488478587586,1.8241140126472573,0.7447860358406417,0.3006712380461148,0.30308691838260043,0.1988249501437575,0.5394544605854523,0.05
1949,0.15469000000000005,False,2,0.0,0.1,0.9503,100.2,0.0,0.0,0.0,1.7670980337618538,0.410524593051834,1.6231111111111118,0.3423820802683605,0.21202775653728212,0.28304517697571924,0.07980000000000043,0.23940000000000125,0.05
1950,0.14548000000000005,False,2,0.0,0.061,0.9896,97.05,0.0,0.0,0.0,1.6729490179915356,0.24538100964126303,1.6456777777777796,0.3380506333979327,0.12126477698381022,0.1606529552108828,0.0806000000000013,0.2391452278428348,0.05
1951,0.19167000000000003,False,2,0.0,0.1539,0.9358000000000001,98.4,0.0,0.0,0.0,1.8058453416917746,0.38323239395495345,1.792215007520205,0.8096473507287842,0.27577677697882375,0.34841294548628576,0.1870150075202051,0.5610450225606153,0.05
1952,0.15648,False,2,0.0,0.0804,0.9339999999999999,90.0,0.0,0.0,0.0,1.6986703843482869,0.32538829688439985,1.7709657604325642,0.7682719795908134,0.1856527464834658,0.327590286954915,0.18246576043256416,0.5473972812976924,0.05
1953,0.3066,False,2,0.0,0.23280000000000003,0.9347999999999999,68.4,0.0,0.0,0.0,1.8764824352906952,0.3024726230513054,1.770352229759115,0.7386933576166982,0.3550050497325936,0.3041898127232956,0.1876803201749348,0.5630409605248045,0.05
1954,0.26211000000000007,False,2,0.0,0.1173,1.0,60.0,0.0,0.0,0.0,1.6577540874794985,0.08978301280036186,1.5166,0.020352886773133672,0.15431070965718935,0.10543554185276553,1.7227003921595354e-219,0.0,0.05
1955,0.22075000000000009,False,2,0.0,0.1544,0.9259000000000001,82.55,0.0,0.0,0.0,1.9873185357936805,0.7252475572708454,1.939343862847481,1.1621282004002484,0.35692236888249124,0.46807174483374003,0.191570448600559,0.554924749097664,0.05
1956,0.19009000000000006,False,2,0.0,0.10470000000000002,1.0,91.6,0.0,0.0,0.0,1.671087289615238,0.09490969837461556,1.5164000000000002,0.020085815890822024,0.14847897629432022,0.09718026104648676,8.645163415061529e-225,0.0,0.05
1957,0.21056,False,2,0.0,0.1345,0.8676999999999999,71.95,0.0,0.0,0.0,1.8997143112777088,0.526363661244559,1.9532828487483538,0.9958053877149782,0.34957978539121404,0.4650752123853279,0.20846693707496594,0.4310144763578947,0.05
1958,0.22645000000000004,False,2,0.0,0.1705,1.0,96.45,0.0,0.0,0.0,1.7580613403055838,0.18828444299160013,1.5461000000028213,0.05165162147151864,0.22045305016862438,0.14147203880523693,1.558134077411363e-208,0.0,0.05
1959,0.25923000000000007,False,2,0.0,0.1709,1.0,80.2,0.0,0.0,0.0,1.733710760913214,0.15896203674969864,1.5381222222222228,0.05805496437764031,0.21093762891995232,0.11822202117683363,0.01300000000000047,0.03900000000000141,0.05
1960,0.18383000000000002,False,2,0.0,0.0849,1.0,87.8,0.0,0.0,0.0,1.6513082318240777,0.09401952493380995,1.548500022044904,0.054413715619098045,0.12789755496591776,0.09523604393965777,2.618883234711658e-237,0.0,0.05
1961,0.19422999999999993,False,2,0.0,0.10689999999999997,0.9339999999999999,80.4,0.0,0.0,0.0,1.7291918141231286,0.3200078201736955,1.8499015885911956,0.949101088018689,0.2193332677940635,0.33420938356684915,0.1746674653135301,0.5240023959405904,0.05
1962,0.23220000000000005,False,2,0.0,0.1829,0.8749,79.15,0.0,0.0,0.0,1.8653600507041723,0.41130830980905475,1.9829631920539363,0.8366521402033084,0.3594608299428397,0.4041512199159147,0.31025746174924923,0.620407793353808,0.05
1963,0.31890999999999997,False,2,0.0,0.269,0.8036999999999999,55.25,0.0,0.0,0.0,2.0383357081166897,0.3386102053325915,2.1790069430914327,1.0172775670483865,0.5213587147364118,0.35565238957009176,0.4605848814183692,0.7407740008673478,0.05
1964,0.2871300000000001,False,2,0.0,0.2041,0.8762000000000001,59.3,0.0,0.0,0.0,1.9387918463117526,0.3909688898521664,1.9429207063287748,0.9361076286614713,0.39251715185878455,0.3642184662243755,0.1887000000000002,0.38304465797084314,0.05
1965,0.19016000000000008,False,2,0.0,0.1069,0.9631000000000001,86.8,0.0,0.0,0.0,1.6887310705605423,0.13860911184772873,1.6413222222222235,0.3393362164252147,0.16389166996162285,0.1312952791431063,0.07960000000000085,0.23880000000000254,0.05
1966,0.22861000000000006,False,2,0.0,0.1682,0.8739000000000001,75.65,0.0,0.0,0.0,1.9154736944892086,0.48871525289916223,2.0961314733665475,1.100939272918344,0.37603981070019515,0.45602101701346076,0.3872149117600014,0.7700418877619535,0.05
1967,0.24947999999999998,False,2,0.0,0.1679,0.8714999999999999,64.75,0.0,0.0,0.0,1.8979219839593209,0.41672336930189613,1.7489817418658844,0.46576854828667547,0.35318925233010423,0.395890790177672,0.159505614094265,0.3190113156018747,0.05
1968,0.23942000000000005,False,2,0.0,0.1649,0.9333,78.0,0.0,0.0,0.0,1.826032679228026,0.3324943928092388,1.7819322167093818,0.7612227521644307,0.28976211454507633,0.3258593740486609,0.20699888337604883,0.6209966501281464,0.05
1969,0.21586000000000005,False,2,0.0,0.13179999999999997,1.0,88.2,0.0,0.0,0.0,1.7256465010210313,0.16681004822691442,1.5063,0.013296992141082115,0.18768955169906162,0.14898851078600545,5.660116849506438e-195,0.0,0.05
1970,0.27327,False,2,0.0,0.18810000000000002,1.0,79.2,0.0,0.0,0.0,1.756955486354506,0.09991345674270313,1.5109972222222223,0.017303823036157986,0.2372196366974279,0.09697860677200805,3.777470438544845e-219,0.0,0.05
1971,0.2469800000000001,False,2,0.0,0.1274,1.0,71.1,0.0,0.0,0.0,1.713002724554644,0.1393231307098723,1.5342391493055563,0.04631399917961068,0.17459282048764724,0.12174966694248021,0.0022000000000003154,0.006600000000000947,0.05
1972,0.1995000000000001,False,2,0.0,0.12580000000000002,0.9368000000000001,84.8,0.0,0.0,0.0,1.7519637437765048,0.3579635648632569,1.775404824634822,0.759796727241457,0.23286955934868514,0.3386273828601678,0.197492253560044,0.5924767606801319,0.05
1973,0.24531000000000008,False,2,0.0,0.1733,1.0,88.0,0.0,0.0,0.0,1.7541241225869881,0.1806526489401721,1.5247,0.034997285609029725,0.22393549931083384,0.15115294510490848,3.344434470551951e-199,0.0,0.05
1974,0.21353000000000003,False,2,0.0,0.13090000000000002,1.0,89.05,0.0,0.0,0.0,1.7410890597395725,0.15251576459293503,1.5364007102657513,0.052574997648656835,0.20484487571307008,0.1277874664669026,5.750169229723524e-201,0.0,0.05
1975,0.21069000000000002,False,2,0.0,0.1454,0.9337,85.6,0.0,0.0,0.0,1.7365562233655747,0.24570941340727437,1.8046800077276721,0.8603833107845845,0.23871273634276605,0.2855524996999623,0.19287191968167577,0.5786157590450273,0.05
1976,0.23067000000000007,False,2,0.0,0.14310000000000003,1.0,84.75,0.0,0.0,0.0,1.7186511352634457,0.1718334715423039,1.509201854440901,0.027605563322703072,0.19337624733625375,0.1252721961161915,1.815799987132505e-203,0.0,0.05
1977,0.25844999999999996,False,2,0.0,0.1924,0.8018999999999998,58.4,0.0,0.0,0.0,1.9609189935995217,0.46825828497748484,2.3811192834054262,1.2688810174178518,0.45637021837582664,0.4704238064586079,0.5817642017893648,0.8838470453310624,0.05
1978,0.23550000000000001,False,2,0.0,0.19140000000000004,0.9404,90.3,0.0,0.0,0.0,1.8581628326834836,0.3617309394065244,1.6255344732521035,0.34157205680700437,0.3127483823685189,0.2986342857646432,0.08200000139503821,0.23875678419197696,0.05
1979,0.22967999999999997,False,2,0.0,0.1423,0.9379,75.65,0.0,0.0,0.0,1.821715966241023,0.34541207413364544,1.7513157332399563,0.7502877007083033,0.2633046395296635,0.28615309874411926,0.20614906657328963,0.618447199719869,0.05
1980,0.2083,False,2,0.0,0.14029999999999998,0.9323,84.8,0.0,0.0,0.0,1.782110584889578,0.34844863724936714,1.7663430082225253,0.7500479943163736,0.25478410542162155,0.32620686512019387,0.17793685721104904,0.533810571633147,0.05
1981,0.22684000000000007,False,2,0.0,0.1433,0.9381,77.45,0.0,0.0,0.0,1.7388381428371957,0.2235972263079653,1.931833828664437,1.0522426100147781,0.23750464543519634,0.2653750835783398,0.23703562404264092,0.6127160224521865,0.05
1982,0.31968,False,2,0.0,0.2412,0.9347999999999999,64.8,0.0,0.0,0.0,1.953279129568278,0.32188899797236226,1.782723199707566,0.7961228220224099,0.39770246998557773,0.29813534444029965,0.20958708859645467,0.628761265789364,0.05
1983,0.23017,False,2,0.0,0.1494,0.9312999999999999,76.9,0.0,0.0,0.0,1.8029651383903165,0.307635618669876,1.7856129790320998,0.812072907976569,0.2673675441815743,0.3053235372907231,0.1909129790320998,0.5727389370962994,0.05
1984,0.17663000000000006,False,2,0.0,0.0809,1.0,90.0,0.0,0.0,0.0,1.6520536320240726,0.15743612139652388,1.5189,0.032269025395880814,0.12080898028693918,0.13127042568858704,4.0825629906537554e-203,0.0,0.05
1985,0.15770000000000006,False,2,0.0,0.16160000000000002,0.7976,97.35,0.0,0.0,0.0,2.1388953807640116,0.8487327495251867,2.5328216080239203,1.5875927268193375,0.49687206020312064,0.6058004789938977,0.5860880271839329,0.8957008426387524,0.05
1986,0.27454999999999996,False,2,0.0,0.1492,0.9376999999999999,55.6,0.0,0.0,0.0,1.7483573780335555,0.21422872782710692,1.6335888888888892,0.34028848708771336,0.24505696047758324,0.24880991581780848,0.07960000000000013,0.23880000000000037,0.05
1987,0.2997,False,2,0.0,0.17099999999999999,1.0,60.0,0.0,0.0,0.0,1.7285877995547718,0.12508970243581707,1.5239,0.04030248131318968,0.20667266603087123,0.12497844700828302,1.6245090899480366e-205,0.0,0.05
1988,0.20205000000000006,False,2,0.0,0.1335,1.0,95.7,0.0,0.0,0.0,1.8029683620958097,0.28722206749005885,1.6797111111111136,0.3091851105609638,0.21898652722305262,0.18480030504920622,0.10490000000000163,0.22337969916713873,0.05
1989,0.21668,False,2,0.0,0.1599,0.8825,80.0,0.0,0.0,0.0,1.8241002014737269,0.40736923539156206,2.012722303681666,0.9448205554915119,0.31791339473457025,0.4167191053432796,0.36497383922864474,0.7149788699058512,0.05
1990,0.28509,False,2,0.0,0.20679999999999996,0.8721,60.65,0.0,0.0,0.0,1.9193353133316857,0.3905959101991274,2.0300700425064173,1.0336498596122183,0.40245004455602434,0.399488260649422,0.3128059811620409,0.643199442628881,0.05
1991,0.17689000000000002,False,2,0.0,0.1076,0.9359,89.6,0.0,0.0,0.0,1.7564930299829604,0.3671908879709282,1.8162685233383038,0.805994994413053,0.22680957886131203,0.34209532030827167,0.1988685232623009,0.5966055697869027,0.05
1992,0.19737000000000005,False,2,0.0,0.129,0.9329000000000001,86.4,0.0,0.0,0.0,1.774007823027467,0.35996644430430325,1.7385362097012567,0.7020483892526738,0.24697735891944378,0.3252048835323152,0.1604362097012566,0.48130862910376976,0.05
1993,0.23301,False,2,0.0,0.2223,0.851,88.95,0.0,0.0,0.0,2.0130336252697663,0.39047046018357495,2.0061912807537836,0.8424977970882754,0.45329159166837013,0.3591141959092028,0.35246905853156063,0.6124631418839648,0.05
1994,0.27763000000000004,False,2,0.0,0.2009,1.0,81.5,0.0,0.0,0.0,1.7488550764501636,0.12840545937443557,1.5439666666929717,0.058678303823437535,0.23608200250540712,0.11037042224941138,0.010400000000000433,0.031200000000001296,0.05
1995,0.358,False,2,0.0,0.2745,0.8675,47.2,0.0,0.0,0.0,2.0224857452057448,0.3684834979626647,2.023458749789191,1.0313040873075732,0.48890103354340625,0.35814230806443204,0.3465817598384803,0.6965151854982167,0.05
1996,0.18958000000000003,False,2,0.0,0.0994,1.0,90.0,0.0,0.0,0.0,1.6605422689379261,0.11639047607937121,1.5433625000000004,0.06574197788513804,0.13728339686555485,0.10550075287551418,0.0016000000000003071,0.004800000000000921,0.05
1997,0.21333,False,2,0.0,0.17030000000000003,0.8694,83.35,0.0,0.0,0.0,1.9394923348231352,0.48368230481232993,2.1422198940877193,1.229828471586919,0.38326776536207546,0.43706652706100924,0.41324938639484604,0.8313053849507596,0.05
1998,0.25129,False,2,0.0,0.18370000000000003,0.86,67.65,0.0,0.0,0.0,2.0193023416301417,0.5735875251597818,2.2580441060829473,1.1996680520761087,0.4234273201734339,0.42206626311521434,0.44738148340595807,0.6936288151158289,0.05
1999,0.29500000000000004,False,2,0.0,0.2197,0.8707,60.0,0.0,0.0,0.0,1.9257385638173763,0.42465064940431096,2.08725396563766,1.171826439520795,0.40464458781985996,0.39236465923170777,0.33505396563765955,0.6701232048653457,0.05
2000,0.2651,False,2,0.0,0.1886,0.9396000000000001,74.4,0.0,0.0,0.0,1.8752379171959095,0.4378745252646934,1.8782617922779248,0.9380350976650731,0.32594299670436844,0.3462150572989742,0.23373974365398156,0.6437684223715335,0.05
2001,0.18007,False,2,0.0,0.11379999999999998,0.9347,90.0,0.0,0.0,0.0,1.7364905798036314,0.33057012967441013,1.6429246532845596,0.34050980063447617,0.22249475711739036,0.32664312544528024,0.0972020609290021,0.2392969883561336,0.05
2002,0.22406000000000006,False,2,0.0,0.1268,1.0,82.35,0.0,0.0,0.0,1.6965611480865466,0.155222719482869,1.5237307368172543,0.024049320565043872,0.16425085504440545,0.10933075326471299,0.0046000000000003495,0.01380000000000105,0.05
2003,0.27192000000000005,False,2,0.0,0.2009,0.8663000000000001,64.3,0.0,0.0,0.0,1.9192034105453935,0.4195928379030527,2.0817618169340997,1.154879237904491,0.3979372668687809,0.40706370978045797,0.3302618169340995,0.6605818156869729,0.05
2004,0.21859,False,2,0.0,0.17029999999999998,0.8046,71.0,0.0,0.0,0.0,2.090767760765264,0.6977343862624237,2.19597688389631,1.0952526604761088,0.48115586359166934,0.5438981082304922,0.4323214246255119,0.7062929969095669,0.05
2005,0.23718000000000003,False,2,0.0,0.1769,0.9375,83.95,0.0,0.0,0.0,1.8491380781051163,0.36917749309506953,1.801407472971028,0.9005617238477701,0.3166056453098598,0.3443648671900643,0.19131286024375846,0.5739385807312753,0.05
2006,0.22582000000000005,False,2,0.0,0.14150000000000001,0.9319000000000001,76.4,0.0,0.0,0.0,1.7529164750105042,0.292923631576251,1.8942886601328124,1.0821361280095358,0.24586824182382588,0.3176317337030561,0.16991378853999636,0.5097413656199891,0.05
2007,0.19639,False,2,0.0,0.1639,0.8722,90.0,0.0,0.0,0.0,1.8500897677535708,0.3985513559798901,1.8936519662329812,0.8547553119189657,0.3390447359516361,0.38980477167685046,0.2803519662373691,0.621942022039416,0.05
2008,0.25659,False,2,0.0,0.1787,1.0,84.25,0.0,0.0,0.0,1.8167570976923124,0.2291975567340148,1.5404000001830351,0.06241346042282583,0.2504100342083541,0.15133689261158806,3.1390823518065644e-208,0.0,0.05
2009,0.19186,False,2,0.0,0.1022,0.9343999999999999,80.0,0.0,0.0,0.0,1.73218353466796,0.32223510614701645,1.6466111125146057,0.3374503214961102,0.21272512266792684,0.3101246000821363,0.07980000082648234,0.23940000247944704,0.05
2010,0.21875000000000006,False,2,0.0,0.1685,1.0,99.6,0.0,0.0,0.0,1.7698497825886919,0.1786139877569125,1.534500000000851,0.049508080150806696,0.22325605318682845,0.1438602919571281,9.967270761472865e-207,0.0,0.05
2011,0.30586,False,2,0.0,0.17980000000000002,1.0,60.0,0.0,0.0,0.0,1.7462944697104343,0.15040163123505226,1.6049333338631542,0.28096105868724947,0.22659844403655344,0.1389730285688805,0.07030000000000122,0.19604695866042143,0.05
2012,0.22567000000000006,False,2,0.0,0.1441,1.0,87.6,0.0,0.0,0.0,1.7358499830625516,0.203669924377228,1.563000000068793,0.08697470904353886,0.1903847977435821,0.14362353386055293,1.1097366915894484e-191,0.0,0.05
2013,0.26674000000000003,False,2,0.0,0.17850000000000002,0.9093,65.5,0.0,0.0,0.0,1.87215466797926,0.36450686876990857,1.884408639684925,0.7296640273389945,0.3385764685056072,0.3197152353751263,0.23614003527433974,0.4949254775653411,0.05
2014,0.22309000000000004,False,2,0.0,0.1467,1.0,89.8,0.0,0.0,0.0,1.759469643798795,0.22397543306515558,1.5294333333333474,0.037432258155493,0.21147619401372214,0.161213548176504,0.008400000000000688,0.02326886331559953,0.05
2015,0.21961000000000006,False,2,0.0,0.14150000000000001,0.9372,80.3,0.0,0.0,0.0,1.8095991374374065,0.33263141283677033,1.8964445946209874,0.7947078729472556,0.2657893205744517,0.2922309112573096,0.25075553212098667,0.5729520582991596,0.05
2016,0.26791,False,2,0.0,0.20709999999999998,0.9328,78.45,0.0,0.0,0.0,1.8761038266679442,0.28790712765120907,1.895967311992465,0.7586821960135545,0.3385609395689745,0.26925084447395725,0.23466923998517109,0.5281001329442194,0.05
2017,0.23306000000000004,False,2,0.0,0.1748,1.0,94.65,0.0,0.0,0.0,1.8729644112707227,0.25136476805164265,1.5128,0.027589128293586933,0.268629416919666,0.1564357588319587,7.973763472344562e-206,0.0,0.05
2018,0.22123000000000007,False,2,0.0,0.1169,1.0,80.3,0.0,0.0,0.0,1.680526180609009,0.13530132303581033,1.538600001527469,0.052962629870892224,0.15743198262548877,0.1177979726618064,4.532555435590165e-219,0.0,0.05
2019,0.23664000000000007,False,2,0.0,0.14920000000000003,1.0,83.9,0.0,0.0,0.0,1.7542489000985966,0.22289189641667542,1.5164,0.020085815890822024,0.20325047959121298,0.16429826781622764,6.687334806255557e-199,0.0,0.05
2020,0.16720000000000002,False,2,0.0,0.096,1.0,100.0,0.0,0.0,0.0,1.6688469343211427,0.14860987308191856,1.5437000000000505,0.061486665221145397,0.13990059825245954,0.13279376935422002,9.967194836935622e-207,0.0,0.05
2021,0.26641000000000004,False,2,0.0,0.18230000000000002,0.9349999999999999,70.85,0.0,0.0,0.0,1.8928574727925374,0.35661160023307187,1.7696044386971503,0.7008112994087016,0.333213386007284,0.3374493389470151,0.1999044386971502,0.5997133160914506,0.05
2022,0.20422,False,2,0.0,0.15610000000000002,0.9295,91.95,0.0,0.0,0.0,1.9268969222591807,0.6188525033589749,1.7760856775217853,0.6778163062329257,0.3202056093850384,0.42934154379572603,0.18912734209532736,0.567382026285982,0.05
2023,0.2518500000000001,False,2,0.0,0.1988,0.8663000000000001,73.6,0.0,0.0,0.0,1.9301761696801332,0.4022953044782433,1.9719631536490918,0.8970586936530492,0.40261432166098243,0.3948780423742193,0.3612166157860207,0.7160775876314196,0.05
2024,0.18798000000000004,False,2,0.0,0.1206,0.9452,90.0,0.0,0.0,0.0,1.7575740082197027,0.37471718772378837,1.6627444444444452,0.33518608448825604,0.22248153144572885,0.3034333436252889,0.08930000000000059,0.2382209268725152,0.05
2025,0.16832000000000003,False,2,0.0,0.0965,0.9359,90.0,0.0,0.0,0.0,1.711188072390069,0.305576782894098,1.6189673651910823,0.3434530271797088,0.1929292351424302,0.28830273026483594,0.07980000004537727,0.2394000001361318,0.05
2026,0.22215,False,2,0.0,0.11850000000000001,1.0,80.4,0.0,0.0,0.0,1.675446128929527,0.12493141960475276,1.5464,0.0550712266070041,0.15969700980450802,0.11715994130448497,6.654046100040459e-225,0.0,0.05
2027,0.24348,False,2,0.0,0.16770000000000002,0.9413,78.15,0.0,0.0,0.0,1.811695110170815,0.34418605245952444,1.834394712953126,0.9415462837209103,0.2757827318554237,0.298263422457093,0.21205822003558578,0.6361746601067574,0.05
2028,0.2994800000000001,False,2,0.0,0.21280000000000002,0.8644000000000001,54.4,0.0,0.0,0.0,1.9342721391269038,0.41315809573410517,2.1532389260658955,1.1799088762028727,0.41346928653249754,0.40103983100370505,0.41673890992949103,0.8198519755443265,0.05
2029,0.21480000000000002,False,2,0.0,0.16140000000000002,0.9334,89.1,0.0,0.0,0.0,1.8167479428104645,0.3068173703923113,1.702114558674652,0.6063436760239559,0.2773025095400982,0.27844331708215936,0.1670834315133913,0.5012502945401739,0.05
2030,0.23337000000000005,False,2,0.0,0.1341,1.0,80.25,0.0,0.0,0.0,1.670942435510429,0.10297144676862982,1.533455555633184,0.0480712550436416,0.16213002269175097,0.11012781508753991,0.005200000000000585,0.015600000000001755,0.05
2031,0.25921,False,2,0.0,0.17099999999999999,0.9317,70.0,0.0,0.0,0.0,1.8029769413727066,0.30287002367743776,1.7354855439854737,0.5858760574027955,0.2843250128209223,0.3029703918601518,0.15997368360979275,0.47992105082937825,0.05
2032,0.21326000000000003,False,2,0.0,0.1574,0.8725999999999999,79.35,0.0,0.0,0.0,2.0375754079656554,0.664132325313054,2.1905561201117134,1.367859798669772,0.408117207991643,0.5051335334347343,0.4533789676100214,0.9075826565799502,0.05
2033,0.28528,False,2,0.0,0.2021,0.8766999999999999,59.6,0.0,0.0,0.0,1.9492235802510272,0.49132388297524404,1.946089519815375,0.9205542315528014,0.4016925351773192,0.4450595333489739,0.29264737338364666,0.6094980325259155,0.05
2034,0.20217000000000004,False,2,0.0,0.0911,1.0,80.8,0.0,0.0,0.0,1.6390281820476313,0.120222077371605,1.5593000000077086,0.055286616839313595,0.12677897120304554,0.1175258647068121,8.077458380159177e-216,0.0,0.05
2035,0.2460900000000001,False,2,0.0,0.16349999999999998,0.9428000000000001,75.6,0.0,0.0,0.0,1.7731971204014467,0.2450010045102117,1.6583415633201604,0.3354435937418916,0.2610258484271505,0.24528426359114916,0.0823000000000004,0.23900713378474728,0.05
2036,0.18840000000000004,False,2,0.0,0.12310000000000001,0.8741,80.0,0.0,0.0,0.0,1.8132004248600508,0.42626476338420355,1.892715673468859,0.7447067555437067,0.2936602704630825,0.4229891565230909,0.2706651967146109,0.5959538952329873,0.05
2037,0.25517,False,2,0.0,0.19019999999999998,0.8741,70.1,0.0,0.0,0.0,1.9533208984210355,0.38840991322058377,1.7418888888891524,0.4550132734468527,0.3973629360542388,0.352304667287207,0.16820000000002025,0.3159258773826939,0.05
2038,0.19689000000000006,False,2,0.0,0.1371,0.9364000000000001,90.0,0.0,0.0,0.0,1.8023021326617772,0.3746023787800416,1.6350766451917678,0.3529204172776275,0.2582071891018526,0.32957262187140296,0.0816947668701067,0.2450843006103201,0.05
2039,0.22897000000000003,False,2,0.0,0.1271,1.0,80.0,0.0,0.0,0.0,1.678847425785174,0.12441092372858648,1.5284333333333844,0.05945942594190575,0.16185245006269086,0.12786228960007937,0.00740000000000039,0.022200000000001167,0.05
2040,0.21999000000000005,False,2,0.0,0.1467,0.8640000000000001,70.95,0.0,0.0,0.0,1.949263957630952,0.653672740882776,2.000701650491022,0.9793736468801503,0.3578465568332139,0.48395664856800813,0.35357305687906493,0.7033197636898443,0.05
2041,0.20107,False,2,0.0,0.12769999999999998,0.8655999999999999,74.0,0.0,0.0,0.0,1.8115346589130397,0.3985076149667576,2.016157179593705,0.9487508969436997,0.2917727145152499,0.4031750370196339,0.34108265323100684,0.6828102699928107,0.05
2042,0.16460999999999998,False,2,0.0,0.1487,0.8684000000000001,100.0,0.0,0.0,0.0,1.9083369688518281,0.5661822897354217,2.216789694622065,1.4237075790264373,0.36893357360640733,0.5039089221873333,0.42687911924845456,0.853937804255874,0.05
2043,0.19752000000000003,False,2,0.0,0.1336,1.0,98.0,0.0,0.0,0.0,1.6940474878494896,0.10713699457280247,1.562454918454753,0.10160375651560363,0.17488694063916937,0.09952472461687552,9.065106453291524e-219,0.0,0.05
2044,0.13066000000000005,False,2,0.0,0.0438,1.0,100.0,0.0,0.0,0.0,1.5903309357849764,0.026196165127267045,1.5330503485679638,0.05183399256293233,0.07102947166117005,0.03256781143360737,0.0009000000000005884,0.0027000000000017652,0.05
2045,0.27838,False,2,0.0,0.1654,1.0,68.7,0.0,0.0,0.0,1.7745834241199308,0.17220832180601425,1.5342,0.047381008853759156,0.22320110296348356,0.13583956557284732,1.8029780446534313e-204,0.0,0.05
2046,0.18445000000000003,False,2,0.0,0.0635,1.0,80.0,0.0,0.0,0.0,1.627916544585404,0.08843861721308928,1.5554000000041937,0.10933727634953853,0.10646484306006161,0.09635149937229631,4.4203958359818394e-237,0.0,0.05
2047,0.2095600000000001,False,2,0.0,0.1446,0.8678000000000001,76.0,0.0,0.0,0.0,1.8736836814952302,0.42892403039781696,1.994492889584547,0.9607695309035811,0.3393124484481592,0.41593187708755774,0.36427638950755903,0.7364848638537849,0.05
2048,0.28281,False,2,0.0,0.2049,0.9315999999999999,70.05,0.0,0.0,0.0,1.9353419050229657,0.46735681375360355,1.8043046417709472,0.7616672026264698,0.35608515530024654,0.34061527724382423,0.18588220822509266,0.5102248762821168,0.05
2049,0.24812000000000006,False,2,0.0,0.1876,0.875,72.85,0.0,0.0,0.0,1.9229541327930633,0.4462353942292555,1.999080289818614,0.9282272523892064,0.36963519268094636,0.3857313189333504,0.32393570568680297,0.6424592114077899,0.05
2050,0.17245,False,2,0.0,0.13379999999999997,0.9312999999999999,100.3,0.0,0.0,0.0,1.8099856815192723,0.4566337003213508,1.8774738594117337,1.0347221648163019,0.26771390526349564,0.38314119144095066,0.2210066106450092,0.6630198319350277,0.05
2051,0.25261,False,2,0.0,0.16899999999999998,0.9437000000000001,74.4,0.0,0.0,0.0,1.7553003201255606,0.26933517024833276,1.7553847655517636,0.6812252467354362,0.2535520266907786,0.28298243708535714,0.16601917308574105,0.4980575192572231,0.05
2052,0.20688999999999996,False,2,0.0,0.15589999999999998,0.8751999999999999,82.4,0.0,0.0,0.0,1.8410432235476992,0.3479086342921013,2.008562450189879,1.017663400933635,0.32516490977492124,0.3605363517246016,0.28463498505014334,0.6021058871495928,0.05
2053,0.1939,False,2,0.0,0.1406,0.7976,71.9,0.0,0.0,0.0,1.9498893908797907,0.4972656839684971,2.1646151269254794,1.0674445852860552,0.41135636819710086,0.4779586241360381,0.43567402641823916,0.7124722099624912,0.05
2054,0.23308,False,2,0.0,0.10439999999999998,1.0,70.0,0.0,0.0,0.0,1.657450315638468,0.11966179634198791,1.5684888888888895,0.09420896395189357,0.14629936233622348,0.12182543717465666,0.017200000000000527,0.051600000000001596,0.05
2055,0.19930000000000006,False,2,0.0,0.13999999999999999,0.8710000000000001,80.0,0.0,0.0,0.0,1.8508071678274185,0.43748073430477,2.132827001557321,1.098937903392434,0.29297986289354533,0.3689915591917131,0.37802682790779746,0.7053902891883214,0.05
2056,0.2361,False,2,0.0,0.18279999999999996,0.9328,85.85,0.0,0.0,0.0,1.9644403786079376,0.6410814353498355,1.902064042672901,1.1443124126455255,0.352890555281309,0.4085090110509283,0.19967471097564443,0.5990241329269332,0.05
2057,0.23128999999999997,False,2,0.0,0.13369999999999999,1.0,81.15,0.0,0.0,0.0,1.692477859809387,0.11836321519975611,1.5311612847513625,0.058704741009881885,0.18016311638741045,0.10936467880502543,8.06461790225472e-220,0.0,0.05
2058,0.30770000000000003,False,2,0.0,0.183,1.0,60.2,0.0,0.0,0.0,1.7730610691254998,0.09793067188857373,1.508901779513889,0.018789941782256365,0.2561457737804434,0.10252934600957277,2.3206683866187292e-216,0.0,0.05
2059,0.15733000000000003,False,2,0.0,0.0819,1.0,100.0,0.0,0.0,0.0,1.6226470042977037,0.06799815072217191,1.5321000003838696,0.05096753904962173,0.11453702967257007,0.07775405824002385,2.2886525045458565e-247,0.0,0.05
2060,0.25513,False,2,0.0,0.1519,1.0,75.6,0.0,0.0,0.0,1.7692208035528723,0.20585790597162024,1.6080861111111129,0.2605844169190693,0.22203520300443716,0.16605872066012575,0.062200000000001296,0.18361960679622685,0.05
2061,0.28146000000000004,False,2,0.0,0.18680000000000002,1.0,74.65,0.0,0.0,0.0,1.8356507757480265,0.22444648614412843,1.5499,0.05464146776945148,0.2668209955419907,0.15560707780967964,4.0993369485638205e-188,0.0,0.05
2062,0.20984000000000003,False,2,0.0,0.15710000000000002,0.8469,77.1,0.0,0.0,0.0,1.9212703074706508,0.4719321370282837,2.264405071086488,1.3045819806076384,0.3898324661847058,0.4433366021999955,0.4481442726134189,0.7389640223198732,0.05
2063,0.26033999999999996,False,2,0.0,0.17429999999999998,0.8661,60.75,0.0,0.0,0.0,1.889605751250127,0.40171240129836805,2.0715632830102315,0.9746533702270799,0.37514629266192845,0.39964918332029176,0.3592798674183598,0.7188144716579841,0.05
2064,0.2798000000000001,False,2,0.0,0.15140000000000003,0.9394,54.0,0.0,0.0,0.0,1.8191899556347018,0.3423752332745202,1.6343530643811364,0.34188085182250827,0.2732754676476298,0.30062624349750494,0.07950000000000014,0.23850000000000043,0.05
2065,0.22528,False,2,0.0,0.1369,0.9385,76.05,0.0,0.0,0.0,1.7773631583137905,0.33017087403253514,1.9347360283176964,1.171697586462747,0.2439525522712913,0.32575362352413184,0.2102766227321644,0.6308298681964932,0.05
2066,0.26448000000000005,False,2,0.0,0.1849,0.9355,72.8,0.0,0.0,0.0,1.8842872327019227,0.4558834990972879,1.9665150563908227,1.369962116453016,0.3336624740157782,0.38829069122052334,0.19973790388913035,0.5992137116673911,0.05
2067,0.23430000000000004,False,2,0.0,0.16209999999999997,0.9361,80.0,0.0,0.0,0.0,1.7790513480922463,0.2925525801936366,1.6460222222222214,0.3358944013955686,0.2626522858364038,0.2856916359111267,0.07960000000000014,0.23880000000000046,0.05
2068,0.31397,False,2,0.0,0.2151,0.933,58.25,0.0,0.0,0.0,1.876250235391344,0.3184408410885135,1.6511961588815154,0.34008972984957136,0.3383253202068783,0.27168355790231874,0.09650267423017474,0.23934746156531178,0.05
2069,0.2132600000000001,False,2,0.0,0.12969999999999998,0.9339000000000001,78.85,0.0,0.0,0.0,1.7798558244949167,0.3650759215537274,1.822339666638682,0.9348146612407859,0.2520008085827766,0.34539368365178447,0.11499999999999999,0.345,0.05
2070,0.16435,False,2,0.0,0.12049999999999998,0.9339999999999999,100.1,0.0,0.0,0.0,1.8083167041768309,0.4569297615481977,2.001594740055725,1.4025806143866926,0.25979485807138536,0.39346361086291987,0.19996626960705768,0.599898808821173,0.05
2071,0.24187000000000006,False,2,0.0,0.1441,1.0,79.5,0.0,0.0,0.0,1.7197265897513858,0.161675159693304,1.5092002016597326,0.027600604979197696,0.2003801601144382,0.1447508437884594,9.50545929080474e-213,0.0,0.05
2072,0.32771,False,2,0.0,0.23929999999999998,0.9339999999999999,60.0,0.0,0.0,0.0,1.932249643699663,0.33190478723952377,1.7086500966866143,0.5988353277566354,0.38622289511742364,0.311772865313249,0.15996459771002253,0.4798937931300676,0.05
2073,0.20464000000000002,False,2,0.0,0.1206,0.9353999999999999,80.2,0.0,0.0,0.0,1.75905187696081,0.3229905931205932,1.644115086032216,0.337063513162985,0.21592503666673218,0.2746457195740285,0.07980117454005059,0.23940352362015177,0.05
2074,0.21233999999999997,False,2,0.0,0.16019999999999995,0.9339999999999999,90.0,0.0,0.0,0.0,1.7692669430747596,0.2308667892443639,1.6295555217997506,0.34080169855404646,0.2622766340119462,0.25450391602777933,0.07990000000020943,0.23970000000062824,0.05
2075,0.21537,False,2,0.0,0.1477,0.8506,71.6,0.0,0.0,0.0,1.8597527133925411,0.3976578514516134,2.054881430857748,0.8599939227490118,0.33997333493315435,0.39948477706745705,0.3539703532085039,0.6165175356372197,0.05
2076,0.21859000000000003,False,2,0.0,0.16349999999999998,0.9308,87.55,0.0,0.0,0.0,1.8918401715825852,0.4610437505190034,1.8450861483387293,0.9540826319534349,0.3212890447247346,0.37097846547807095,0.18018527851357735,0.5405558355407322,0.05
2077,0.16636,False,2,0.0,0.09480000000000001,1.0,100.0,0.0,0.0,0.0,1.6482690285437964,0.11332294503541987,1.5373411458333335,0.043925902657957996,0.1276289538403486,0.10822060800855114,2.0412814993118302e-203,0.0,0.05
2078,0.24137000000000003,False,2,0.0,0.22469999999999998,0.8696000000000002,88.4,0.0,0.0,0.0,1.9882250866326039,0.43869199991138985,2.0823124468870855,1.1516584359859365,0.4488215523038444,0.4177988363205066,0.4310888718028075,0.863905747755131,0.05
2079,0.21217999999999998,False,2,0.0,0.1487,0.9362999999999999,86.4,0.0,0.0,0.0,1.7930010037437067,0.33605485418295755,1.7733971459785471,0.6582308325499653,0.26723261904820184,0.33076499285997374,0.1830076997216868,0.5273903175576349,0.05
2080,0.20091,False,2,0.0,0.14589999999999997,0.9315999999999999,90.35,0.0,0.0,0.0,1.8200255779368466,0.3833878569889914,1.9551082472308647,1.2650217455457178,0.2819217978859772,0.34925747647938216,0.19713868892216108,0.5582449923549829,0.05
2081,0.2855200000000001,False,2,0.0,0.21600000000000003,0.9294,72.25,0.0,0.0,0.0,2.0317561573410727,0.6427300750644883,1.8800587119940224,1.0996855438426283,0.4084255008802276,0.4198822810598461,0.21252013574317652,0.6375604072295296,0.05
2082,0.21970000000000006,False,2,0.0,0.171,1.0,100.0,0.0,0.0,0.0,1.7565648057035954,0.17345836852152188,1.5059,0.014411453778158554,0.22536797914069012,0.1399697582980747,4.280877583957278e-197,0.0,0.05
2083,0.2382,False,2,0.0,0.1755,0.9315,82.05,0.0,0.0,0.0,1.8236926899387491,0.3269658852860442,1.87564698481998,1.06074243853433,0.30456366180327354,0.3145703882645237,0.16744305567952109,0.5023291670385632,0.05
2084,0.15770000000000006,False,2,0.0,0.10200000000000001,0.9349999999999999,97.1,0.0,0.0,0.0,1.8428222149217948,0.58444914250996,1.7547867961788488,0.6930658863201651,0.25320488994364865,0.4270048373436631,0.18639122277915077,0.5440132340911202,0.05
2085,0.20975000000000002,False,2,0.0,0.10830000000000002,0.9798,80.0,0.0,0.0,0.0,1.7179166535406722,0.1410026814292838,1.6435112135357393,0.3434530042924521,0.18454044705542272,0.1252021276042761,0.07980000000000086,0.23940000000000256,0.05
2086,0.18158999999999997,False,2,0.0,0.11779999999999999,0.9330999999999999,90.4,0.0,0.0,0.0,1.7742155614183819,0.37431764830751196,1.8132244429230362,0.8147851445398467,0.24239396688423226,0.33823364307661025,0.16876017063342558,0.5062805119002767,0.05
2087,0.19355000000000003,False,2,0.0,0.1059,0.9314,80.0,0.0,0.0,0.0,1.7604988792779146,0.33041387238881614,1.8597982641135533,0.8596379284162334,0.23272346473881758,0.3218184422393227,0.19089995896398818,0.49631801132042963,0.05
2088,0.24663000000000002,False,2,0.0,0.1802,0.8683,70.0,0.0,0.0,0.0,1.8360342254090702,0.3158103215962984,1.7316191532411853,0.41704419015981925,0.35141919392527654,0.3433320701434109,0.16002893261580625,0.3200593023371786,0.05
2089,0.3071100000000001,False,2,0.0,0.2764,0.9341000000000002,83.3,0.0,0.0,0.0,2.1096052836614465,0.5097040227352666,1.7885526528907647,0.7900282786602845,0.47154558984921086,0.3454237263753825,0.19455265289076484,0.5836579586722945,0.05
2090,0.23731000000000005,False,2,0.0,0.16770000000000002,0.9334,80.05,0.0,0.0,0.0,1.9298632228597452,0.45993324001120606,1.8744634326487577,0.967493222155463,0.3528416925629773,0.3982773381532325,0.2125470420386253,0.6376411261158759,0.05
2091,0.19851000000000005,False,2,0.0,0.1123,1.0,90.05,0.0,0.0,0.0,1.6890775723745968,0.17305147754342806,1.5410477259310265,0.04448408666582956,0.1575807032400253,0.12738673934468075,9.443297907669654e-214,0.0,0.05
2092,0.28766,False,2,0.0,0.21959999999999996,0.8658000000000001,62.9,0.0,0.0,0.0,1.9101560570889682,0.3079280511066439,2.040728084401084,1.0050305001994995,0.4065220839751573,0.3382198719010764,0.37748390610262444,0.7576286336978038,0.05
2093,0.24430000000000004,False,2,0.0,0.149,1.0,80.0,0.0,0.0,0.0,1.7110466542387939,0.16041460736680252,1.5579640625000515,0.12436157866694501,0.18906181913191034,0.14523489429267603,0.029600000000000702,0.08880000000000213,0.05
2094,0.23174000000000003,False,2,0.0,0.1562,1.0,88.8,0.0,0.0,0.0,1.7775804192776306,0.250215201812924,1.5341000000010787,0.05793004401801015,0.21872516018310115,0.18172347048387308,0.00010000000000052011,0.0003000000000015603,0.05
2095,0.27158000000000004,False,2,0.0,0.1595,0.9330999999999999,60.0,0.0,0.0,0.0,1.8048971319466989,0.3209584050036769,1.8168523858426238,0.8939512256098141,0.28830445095364154,0.31461263234826126,0.1714523858426236,0.5143571575278707,0.05
2096,0.26928,False,2,0.0,0.1584,1.0,70.8,0.0,0.0,0.0,1.6981923079939587,0.10578754216048901,1.5217999999999998,0.030626132632116623,0.18822579130094372,0.1096884051383788,5.6417042650102846e-207,0.0,0.05
2097,0.22971000000000003,False,2,0.0,0.20250000000000004,0.7971999999999999,75.6,0.0,0.0,0.0,2.1129511972580546,0.7134380063291397,2.332749905373702,1.2690288440540778,0.5112685229707179,0.5492135493546249,0.5397165720403688,0.8258892102542591,0.05
2098,0.23017,False,2,0.0,0.1891,0.8699999999999999,81.6,0.0,0.0,0.0,1.926417533025998,0.4432025593888051,2.004583222210406,0.968774344472779,0.389351496949215,0.4178105461798877,0.387364071160976,0.7763107588407331,0.05
2099,0.26061999999999996,False,2,0.0,0.18270000000000003,0.9801,80.65,0.0,0.0,0.0,1.805072156721532,0.1659702848531246,1.626311111111113,0.3419732998024571,0.2630645467993703,0.13942928199928034,0.07980000000000118,0.23940000000000355,0.05
2100,0.25695,False,2,0.0,0.20329999999999998,0.8078,63.85,0.0,0.0,0.0,1.9653188215071666,0.46368604890761406,2.2205499203210164,1.043153941717166,0.45386800506160324,0.4668624215373791,0.5239145788176051,0.782045818193022,0.05
2101,0.20962000000000003,False,2,0.0,0.1566,1.0,100.0,0.0,0.0,0.0,1.692367034111544,0.11657822198928633,1.5314002067459953,0.04101546496061286,0.1855409005696346,0.10651350881293108,1.1884723077305284e-213,0.0,0.05
2102,0.23422000000000004,False,2,0.0,0.1666,1.0,91.2,0.0,0.0,0.0,1.7598077356322968,0.19880007522149887,1.5717555555769869,0.11634786921374259,0.21819293562904715,0.1385893812723956,0.026800000000000834,0.08040000000000251,0.05
2103,0.22641000000000006,False,2,0.0,0.1453,1.0,87.65,0.0,0.0,0.0,1.716912714993326,0.20391091326143446,1.5227,0.0315532882597044,0.19283692780115577,0.16421842315953572,5.883593339678366e-186,0.0,0.05
2104,0.27552,False,2,0.0,0.21960000000000002,0.741,50.25,0.0,0.0,0.0,2.1472090635866103,0.545637603768205,2.692832710163671,1.6621936287492887,0.5898343463143472,0.47812818587405814,0.6363195780227842,0.8338228446385796,0.05
2105,0.23193000000000005,False,2,0.0,0.1558,0.9349000000000001,78.8,0.0,0.0,0.0,1.789110538515627,0.3047136452468874,1.8075608297229668,0.8691326396639522,0.2620843809443626,0.2903663686297285,0.2207274963896332,0.6621824891688995,0.05
2106,0.23954000000000003,False,2,0.0,0.18460000000000001,0.9593999999999999,88.75,0.0,0.0,0.0,1.9180520539762185,0.2153004908681964,1.6286840509110867,0.3410890888199047,0.31538208575431625,0.1512086034222609,0.07990000000000085,0.23970000000000252,0.05
2107,0.19274000000000005,False,2,0.0,0.14140000000000003,0.9332,93.1,0.0,0.0,0.0,1.8497254749098253,0.47344519574925215,1.846663494564265,0.9921557788575823,0.26682276580090114,0.3319069954848234,0.23065931391958694,0.6919779417587608,0.05
2108,0.1605800000000001,False,2,0.0,0.08630000000000002,0.9339000000000001,90.0,0.0,0.0,0.0,1.7341080988769195,0.3791871376309799,1.7664852327395884,0.7559338013154348,0.20061370667279038,0.34304607361997336,0.16940017879102343,0.5082005363730703,0.05
2109,0.21011000000000005,False,2,0.0,0.17930000000000001,0.866,87.6,0.0,0.0,0.0,1.9187040895747032,0.45369839185258676,2.1503483663084095,1.2632323294617376,0.3767052588862144,0.41803695416593234,0.36842294991782876,0.7332861944242822,0.05
2110,0.22928,False,2,0.0,0.1284,1.0,80.3,0.0,0.0,0.0,1.719189468047836,0.19555574169629697,1.5093,0.01618054387219413,0.1784829378724065,0.13896041501634634,5.940911082364019e-214,0.0,0.05
2111,0.23704000000000003,False,2,0.0,0.1386,0.9334,70.0,0.0,0.0,0.0,1.7762327772011635,0.31971885183876264,1.866302490016596,0.8219116488763165,0.25852478261139256,0.31695464721636385,0.17816391376574314,0.5045711658250464,0.05
2112,0.24688000000000002,False,2,0.0,0.16249999999999998,0.9420999999999999,74.75,0.0,0.0,0.0,1.8458350448800214,0.4688671573878648,1.923525503001747,1.1804069922754756,0.2973314588948108,0.3922207022648728,0.1922980583529818,0.5768941750589455,0.05
2113,0.28147000000000005,False,2,0.0,0.2303,0.8061999999999999,60.8,0.0,0.0,0.0,2.012915877915156,0.5346779508892417,2.0524379397082906,0.8867820392775195,0.499306784671069,0.46774011585884373,0.4280256896718491,0.6912904376265748,0.05
2114,0.16307000000000005,False,2,0.0,0.0901,1.0,100.0,0.0,0.0,0.0,1.6328916921968304,0.06108223303857625,1.5262,0.04615798955760533,0.12201821713392542,0.07285127196559582,5.032148603915761e-235,0.0,0.05
2115,0.23349000000000003,False,2,0.0,0.1463,0.9996,84.4,0.0,0.0,0.0,1.7597150125938203,0.22461184085679564,1.63880389887492,0.33873138190961566,0.21611230582424099,0.18094717254401235,0.08170000000000119,0.23916021826382666,0.05
2116,0.23445000000000002,False,2,0.0,0.1819,0.8674,76.55,0.0,0.0,0.0,1.9436185315080639,0.5344572437992899,2.2450072326562474,1.5181345957061196,0.3878190139559493,0.46401200757720634,0.41920723265624715,0.8385123132233248,0.05
2117,0.16153000000000003,False,2,0.0,0.098,0.8671,83.6,0.0,0.0,0.0,1.8664142601598162,0.5947643365135347,2.092839973509228,1.0560692711274697,0.3073397004979257,0.49523877302094405,0.3620504265274952,0.6849386169970777,0.05
2118,0.23426000000000005,False,2,0.0,0.1479,0.9371,75.2,0.0,0.0,0.0,1.8095475953068334,0.3663257131334093,1.6878861109137113,0.360860437351488,0.275329765127723,0.33673250609533323,0.11960000000002324,0.255375488252163,0.05
2119,0.24249,False,2,0.0,0.17470000000000002,0.9339999999999999,80.0,0.0,0.0,0.0,1.8643529839519775,0.3640550579941502,1.6723624394513894,0.39289895696142163,0.32268656844420374,0.34373117647799206,0.12936243916369428,0.38808731749108283,0.05
2120,0.22611000000000003,False,2,0.0,0.1763,0.8089999999999999,70.0,0.0,0.0,0.0,1.997094963902677,0.5107882750238191,2.3748684984722788,1.3409960731349149,0.4529460911149821,0.49982566436856235,0.5729969990036823,0.8818563139834087,0.05
2121,0.29169000000000006,False,2,0.0,0.2622,0.8085000000000001,67.2,0.0,0.0,0.0,2.088773416880719,0.42557185286542704,2.181904582389626,1.0072812591564537,0.545686553039104,0.40638685510952843,0.5329092420488106,0.8489462609693589,0.05
2122,0.22116000000000002,False,2,0.0,0.197,0.9262,97.3,0.0,0.0,0.0,2.0401747573220184,0.7021747876344844,1.8413827783586032,0.9799771391186455,0.398490128906788,0.4411955005186985,0.1880462546030747,0.564138763809224,0.05
2123,0.17444,False,2,0.0,0.13749999999999998,0.8613,90.1,0.0,0.0,0.0,1.9273976837301912,0.5850821857621014,2.0264601643057576,1.215483320488892,0.35157606326812585,0.4538315204592082,0.25299999252885197,0.5460315642942501,0.05
2124,0.24638000000000007,False,2,0.0,0.1794,1.0,89.6,0.0,0.0,0.0,1.7333876654552267,0.13594700728571607,1.5335,0.05242566165533821,0.21958337357830557,0.1244670590659393,1.2738567940130436e-201,0.0,0.05
2125,0.24594000000000002,False,2,0.0,0.1612,0.977,80.0,0.0,0.0,0.0,1.764347404398969,0.19856784981410203,1.640255555555557,0.33921407367292455,0.2300030313667329,0.17930131730355828,0.07990000000000086,0.23970000000000255,0.05
2126,0.21961999999999998,False,2,0.0,0.13169999999999998,0.8780999999999999,68.0,0.0,0.0,0.0,1.801700734674816,0.32615179484898105,1.8666654205013828,0.7226397315094236,0.290983288373799,0.3481668849059002,0.252509864945827,0.5459125597302246,0.05
2127,0.20554000000000006,False,2,0.0,0.17570000000000002,0.9205,96.8,0.0,0.0,0.0,1.9101422934445502,0.34263474444654823,1.8612574444902463,0.7269207809056873,0.34503920014898487,0.32063864851368845,0.26847133238434334,0.5895525933490644,0.05
2128,0.22294000000000003,False,2,0.0,0.1722,1.0,98.8,0.0,0.0,0.0,1.7395823291333135,0.17939752124748465,1.5691679926660338,0.07128873690333092,0.21694479512633597,0.14029619299004203,0.020200000000000856,0.05029870773688091,0.05
2129,0.27008,False,2,0.0,0.22920000000000001,0.8648,74.9,0.0,0.0,0.0,2.1747531164825746,0.7783878128584203,2.1284629389210394,1.2108095985632086,0.512565451852125,0.5239412364887571,0.3307294995326991,0.6614881707161853,0.05
2130,0.20567000000000005,False,2,0.0,0.1509,0.9358000000000001,90.35,0.0,0.0,0.0,1.8258983329280465,0.2876776248970721,1.8205009974261066,0.8772107351979558,0.28068565232893683,0.29141140552077094,0.24511210853721424,0.7084249614207048,0.05
2131,0.16650000000000004,False,2,0.0,0.095,1.0,100.0,0.0,0.0,0.0,1.6815702398989654,0.1644097966503177,1.5245003205104077,0.04061401725597614,0.13944623444110815,0.12043297755650872,6.373831635232887e-220,0.0,0.05
2132,0.22854000000000002,False,2,0.0,0.1492,1.0,87.95,0.0,0.0,0.0,1.7802743527203524,0.19059758950539038,1.5938444444482913,0.20356062705858552,0.217491824737851,0.1435355182162885,0.04770000000000119,0.14310000000000359,0.05
2133,0.2735,False,2,0.0,0.15299999999999997,1.0,66.8,0.0,0.0,0.0,1.7280575199283974,0.17595971160486248,1.5314000000128105,0.04951201877387146,0.20453597432582687,0.1563167531265344,1.1881977834658399e-213,0.0,0.05
2134,0.21834000000000012,False,2,0.0,0.13930000000000003,0.9361,80.0,0.0,0.0,0.0,1.7730641606459419,0.31975024823232895,1.64211111588404,0.33687189891610614,0.2556039589245323,0.3182875994955452,0.07980000638923254,0.23940001916769763,0.05
2135,0.22703000000000007,False,2,0.0,0.1529,1.0,90.0,0.0,0.0,0.0,1.7014302181013605,0.1242894713911118,1.5576666666687502,0.06908690179592658,0.18846164543686966,0.11411010337646406,0.014000000000000484,0.04200000000000145,0.05
2136,0.18167000000000003,False,2,0.0,0.11709999999999998,1.0,100.15,0.0,0.0,0.0,1.7321660652760056,0.20564681599441972,1.5342496528424445,0.05063074058786531,0.18211137146554507,0.15589074174680895,0.007400000000000915,0.02220000000000137,0.05
2137,0.20171,False,2,0.0,0.14529999999999998,1.0,100.0,0.0,0.0,0.0,1.72955515658457,0.1765661471316071,1.5715333342802191,0.06312706881487844,0.18905586117244172,0.14252102883373996,0.01100000000000044,0.03300000000000132,0.05
2138,0.23708999999999994,False,2,0.0,0.187,0.8633,76.4,0.0,0.0,0.0,1.981807872942498,0.48585828642594353,2.2330353613130787,1.1659391177091716,0.41811299986028255,0.42508778217843174,0.4818247715866576,0.8012721941392462,0.05
2139,0.24067000000000005,False,2,0.0,0.1731,1.0,90.25,0.0,0.0,0.0,1.7801498752908682,0.20193072254866642,1.5137000189993117,0.03003353338003947,0.23321788488358042,0.15981757960964751,3.39473387946951e-201,0.0,0.05
2140,0.23916,False,2,0.0,0.18150000000000002,0.9337,84.0,0.0,0.0,0.0,1.791795650818837,0.2897870847075789,1.8033365469371243,0.8002625278749088,0.2866259965114383,0.2930973952899037,0.19763654689757418,0.5929096406927225,0.05
2141,0.19080000000000005,False,2,0.0,0.10200000000000001,1.0,90.3,0.0,0.0,0.0,1.7014404622271369,0.20976775098535586,1.5488231381628248,0.0645597827433825,0.15129714227325636,0.14792416469272535,3.2660446140797074e-202,0.0,0.05
2142,0.29496,False,2,0.0,0.2104,0.9296,65.6,0.0,0.0,0.0,1.9214890152694735,0.3995259940156368,1.753522427160726,0.4493479054991013,0.36309259775961267,0.32733173778285507,0.1596000070154613,0.31920001403092296,0.05
2143,0.25883,False,2,0.0,0.2529,0.8099999999999999,80.6,0.0,0.0,0.0,2.1911690056914184,0.5365164750977732,2.007403759672849,0.8622734187158514,0.5743042968254155,0.456403316203713,0.2775006333638014,0.4352425838562587,0.05
2144,0.22293000000000002,False,2,0.0,0.2162,0.8013,84.4,0.0,0.0,0.0,2.0994310411970334,0.6312937006631648,2.2677359811048587,1.1317454657068962,0.5316505278175431,0.5439174525886937,0.5020419182487441,0.7680102161176906,0.05
2145,0.1835400000000001,False,2,0.0,0.11850000000000001,0.9353,90.0,0.0,0.0,0.0,1.768879763490513,0.37145387677368813,1.776138317684337,0.8284149530530108,0.23174820810427255,0.3386900822466952,0.20093515810015683,0.6028054743004705,0.05
2146,0.30168,False,2,0.0,0.2125,0.9391,64.4,0.0,0.0,0.0,1.9210332709014666,0.4262882707497328,1.896438046158926,0.9041466573029454,0.35443639342602556,0.339941705667716,0.2709936017144815,0.7115680822104763,0.05
2147,0.26826000000000005,False,2,0.0,0.1637,0.9359,63.55,0.0,0.0,0.0,1.7846794807282045,0.2571632941275315,1.632396444216409,0.34025130493135963,0.2605379708707435,0.26200314300333394,0.08240001093512292,0.2389829610499849,0.05
2148,0.21605,False,2,0.0,0.1487,0.9332,84.0,0.0,0.0,0.0,1.7970337088689123,0.2962697397076479,1.7880499029943766,0.8187453312534465,0.2652255578984436,0.3026568526559541,0.09540000000000029,0.2815642733018519,0.05
2149,0.27095,False,2,0.0,0.19949999999999998,1.0,84.35,0.0,0.0,0.0,1.771940018266791,0.12126444695775623,1.5614395162543182,0.06112808941405957,0.25150909150899203,0.10848753442783983,0.01300000000000108,0.026309694030910106,0.05
2150,0.25051,False,2,0.0,0.21030000000000001,0.8640000000000001,77.95,0.0,0.0,0.0,2.03290042629778,0.4755440442526426,1.9380685505956587,0.9321995842658569,0.4434836447561675,0.4096698404378319,0.27813873164577163,0.616166696084906,0.05
2151,0.20535,False,2,0.0,0.17429999999999998,0.8058,79.2,0.0,0.0,0.0,2.072320280800858,0.7084334749896777,2.353982300750951,1.2780060405866198,0.46828201968043875,0.5443577333622626,0.4902021350419095,0.7630647839319018,0.05
2152,0.25195000000000006,False,2,0.0,0.186,0.8765000000000001,70.6,0.0,0.0,0.0,1.9118007787916462,0.41414277928362936,1.881297206472388,0.7674499431139121,0.3836943687483266,0.3974678748441205,0.26789719884210705,0.5876092785002095,0.05
2153,0.22035000000000005,False,2,0.0,0.11480000000000001,0.9333,70.0,0.0,0.0,0.0,1.7234634807044862,0.2909837796901651,1.7807573657811955,0.6852429501125162,0.21905850277488592,0.3154398209852058,0.18055694903644418,0.5123739413568765,0.05
2154,0.25436000000000003,False,2,0.0,0.1912,0.8684,70.0,0.0,0.0,0.0,1.9266415501530048,0.463888926050725,2.292108640658479,1.6338051663770503,0.39125845354494976,0.43208279614527245,0.3995603767691299,0.7946543714204795,0.05
2155,0.25927,False,2,0.0,0.22749999999999998,0.8684000000000001,80.25,0.0,0.0,0.0,1.9940777719037577,0.3804081358785639,2.0573040693466154,1.0482020555468115,0.45338052019642133,0.3730096023922574,0.4174707360132821,0.8367297983796628,0.05
2156,0.2434,False,2,0.0,0.21239999999999998,0.7514,65.35,0.0,0.0,0.0,2.114177848647129,0.6394075611900151,2.4349171650357335,1.2243997647580362,0.5262196953953387,0.5308047608907579,0.563105476906661,0.7430986137888139,0.05
2157,0.19693,False,2,0.0,0.10989999999999997,1.0,90.0,0.0,0.0,0.0,1.655027378169858,0.1240378550434268,1.50942578125,0.016112506231361488,0.13882769778641982,0.10883320416599056,9.146235574626494e-211,0.0,0.05
2158,0.1719900000000001,False,2,0.0,0.10090000000000002,0.9342,89.45,0.0,0.0,0.0,1.756453726043862,0.41875242982658245,1.7466042318371275,0.6211852527800096,0.23000000210239416,0.3829122398074126,0.15470363698503065,0.46411091095509194,0.05
2159,0.19555000000000006,False,2,0.0,0.1365,1.0,100.0,0.0,0.0,0.0,1.679365010109878,0.12146496703901653,1.53,0.03717526059088223,0.16702020448628316,0.10255909711795592,1.7739875343614396e-221,0.0,0.05
2160,0.23883000000000004,False,2,0.0,0.13999999999999999,0.9361,70.0,0.0,0.0,0.0,1.740746011026366,0.29201002754094246,1.6584667154030601,0.33455057618233064,0.23483727020676434,0.28916177498099055,0.08770000000000262,0.2376333520362896,0.05
2161,0.30789,False,2,0.0,0.1867,1.0,61.4,0.0,0.0,0.0,1.781297075015217,0.16894959290309577,1.5313778541564946,0.038114534488067855,0.24233031576828729,0.13177414558786177,0.004800000000000353,0.014400000000001058,0.05
2162,0.19383999999999998,False,2,0.0,0.1549,0.8567,85.8,0.0,0.0,0.0,2.0942010789659498,0.8932268600904656,2.227105605916021,1.4209078939445052,0.43143025896693815,0.5833152663832853,0.37673893924021046,0.7596403374628823,0.05
2163,0.23067,False,2,0.0,0.1595,0.8654,70.3,0.0,0.0,0.0,1.9201951635792707,0.4437629092920061,2.163902026755072,1.2767589909582946,0.38002232604764685,0.443590979387473,0.40671763876861994,0.8125841985816997,0.05
2164,0.21687000000000003,False,2,0.0,0.185,0.7979,76.0,0.0,0.0,0.0,1.9833709718692774,0.4849854404994159,2.546815285788962,1.6641938934039806,0.45914660531696294,0.47513170999762966,0.6075913643197717,0.9304821379865301,0.05
2165,0.25001000000000007,False,2,0.0,0.16560000000000002,0.9403,74.0,0.0,0.0,0.0,1.817993673917232,0.3462892376448411,1.8406368964199913,0.879671650403898,0.28795233649855334,0.3043921069713459,0.16693341656808736,0.5008002497042621,0.05
2166,0.16550000000000004,False,2,0.0,0.11249999999999998,0.9405000000000001,97.7,0.0,0.0,0.0,1.801598653807691,0.5335232630603052,1.9287917215070973,1.1801526432943124,0.25270622728049014,0.4295086464267728,0.129,0.38699999999999996,0.05
2167,0.24603,False,2,0.0,0.2525,0.8026,85.75,0.0,0.0,0.0,2.1665159680849433,0.51003075924233,2.3500705546722593,1.219403563944567,0.5706565338998578,0.4580668631186847,0.5728162264062492,0.8603495224695751,0.05
2168,0.21179,False,2,0.0,0.16219999999999998,0.8714999999999999,81.6,0.0,0.0,0.0,1.898798916203117,0.47085365385433653,1.9030863207987043,0.857502376702939,0.3583042582975022,0.41554641697286826,0.29043161937605777,0.650173209087058,0.05
2169,0.24829000000000004,False,2,0.0,0.21189999999999998,0.8772,81.6,0.0,0.0,0.0,1.9572601861757388,0.4668702951554524,2.2684643375672655,1.5323777138902737,0.4080124826553001,0.40721874017074794,0.3708310042272785,0.7445234651665423,0.05
2170,0.17959000000000003,False,2,0.0,0.1252,0.9385,94.8,0.0,0.0,0.0,1.7715318965251872,0.43764095586372387,1.766150307509244,0.7851940212996061,0.23689547689281043,0.3620097963619963,0.20571697417591056,0.6171509225277317,0.05
2171,0.18405999999999997,False,2,0.0,0.1485,0.8676999999999999,90.1,0.0,0.0,0.0,1.8606549664713694,0.4558441406396244,2.232847636651843,1.5479949190463524,0.3443643916218838,0.4293953346430674,0.37793067498432975,0.7518882212377884,0.05
2172,0.20268,False,2,0.0,0.1726,0.8061999999999999,80.0,0.0,0.0,0.0,1.9279211304047936,0.4183102312223218,2.2138805421804415,1.1866323691636516,0.4159100322217507,0.43123281083877013,0.4372894940862386,0.715351123064969,0.05
2173,0.23201000000000002,False,2,0.0,0.1323,1.0,80.3,0.0,0.0,0.0,1.6883343243646156,0.12287540255844731,1.5120723958333344,0.02565050120517783,0.1687069707080112,0.1190982660638691,2.6221952597411584e-208,0.0,0.05
2174,0.19541999999999998,False,2,0.0,0.1146,1.0,92.4,0.0,0.0,0.0,1.656523895361688,0.09972374155684038,1.5452835106743708,0.047505677155734304,0.14137777361206644,0.10276744143944365,9.912409700730424e-207,0.0,0.05
2175,0.18708000000000002,False,2,0.0,0.09340000000000001,1.0,89.15,0.0,0.0,0.0,1.7286478780897732,0.26309433604872834,1.5192035767131389,0.03840715424987946,0.1631054151478049,0.1692507993964545,1.0085532857819387e-203,0.0,0.05
2176,0.21063,False,2,0.0,0.12090000000000001,1.0,87.0,0.0,0.0,0.0,1.6772631881304956,0.12166274272559179,1.51590112848729,0.025053164147535188,0.1582256999603194,0.10619569731756635,0.00790000000000066,0.017632073048851706,0.05
2177,0.26573,False,2,0.0,0.22879999999999998,0.8718999999999999,78.0,0.0,0.0,0.0,1.9730519637608386,0.39873459534025346,2.1203541096430856,1.1722348876879587,0.418516295193654,0.3766124021657485,0.39198426011882087,0.7944080345870679,0.05
2178,0.23458000000000004,False,2,0.0,0.16369999999999998,0.9333,80.0,0.0,0.0,0.0,1.7903885653912055,0.31442478643312427,1.8443883018318672,0.7658132851066637,0.271372184378695,0.30052682249884466,0.2271216341479477,0.5580573652985381,0.05
2179,0.18878000000000006,False,2,0.0,0.10740000000000001,1.0,93.2,0.0,0.0,0.0,1.7052821081885594,0.1935475409943765,1.5840333333333674,0.10984599825815425,0.1615724647879378,0.1415662684888986,0.01100000000000044,0.03300000000000132,0.05
2180,0.24661000000000002,False,2,0.0,0.182,0.9307000000000001,80.0,0.0,0.0,0.0,1.8405429251970336,0.30698408771657254,1.7793893721330503,0.7834426349844605,0.3037974339218673,0.28122519295961174,0.20158937213305012,0.6047681163991504,0.05
2181,0.24759,False,2,0.0,0.1537,1.0,80.0,0.0,0.0,0.0,1.7122275669539142,0.1356244837237888,1.5439000000289425,0.04373888435320401,0.18425706845207596,0.11063719384381909,4.716798541842595e-213,0.0,0.05
2182,0.30057000000000006,False,2,0.0,0.213,0.9369,64.8,0.0,0.0,0.0,1.8319222275367388,0.2670736164709196,1.9143515890249883,1.1951465990122505,0.31698148799080295,0.2753454272618199,0.18845563805192383,0.5653669141557716,0.05
2183,0.27604,False,2,0.0,0.1852,0.8720000000000001,57.6,0.0,0.0,0.0,1.9575836690464754,0.5107547751537802,2.038218459000402,1.021360225705745,0.3969223123894031,0.4344534099760326,0.35166309488072145,0.7034272638780301,0.05
2184,0.2662500000000001,False,2,0.0,0.1625,1.0,73.75,0.0,0.0,0.0,1.8100609364577989,0.22520310102100866,1.5281058628400168,0.039264912908988314,0.24159873813698202,0.15770164155535313,1.6276865114574522e-205,0.0,0.05
2185,0.16993000000000003,False,2,0.0,0.09990000000000002,1.0,100.0,0.0,0.0,0.0,1.6665108546272691,0.09938407913111968,1.530400028472668,0.05385948350478937,0.14236611622191292,0.09525190790535852,3.854224882247046e-240,0.0,0.05
2186,0.2560500000000001,False,2,0.0,0.22000000000000003,0.8415000000000001,75.2,0.0,0.0,0.0,1.998428526274381,0.4229837538013174,2.285363289344968,1.323248368967293,0.4495362297765534,0.3890058644176765,0.4211408080197453,0.6847775692614668,0.05
2187,0.22293,False,2,0.0,0.2065,0.8086,82.1,0.0,0.0,0.0,2.03697439136395,0.551727483972461,2.480674445699861,1.5211025328262717,0.4848184789989882,0.4956235837842802,0.591717063389081,0.9113897725374109,0.05
2188,0.26061999999999996,False,2,0.0,0.17809999999999998,0.8664999999999999,62.0,0.0,0.0,0.0,1.9145135499305623,0.35278727957194417,1.9164606528825499,0.8788399580185327,0.3823001508483309,0.3727641377513627,0.2853552741019971,0.6362251760608388,0.05
2189,0.18953000000000003,False,2,0.0,0.11480000000000001,0.9319000000000001,85.2,0.0,0.0,0.0,1.7507332811912732,0.35236291609206727,1.8378289035547781,0.9753062415854892,0.23718464748581222,0.3375449887125495,0.18266553747772113,0.5479966124331633,0.05
2190,0.22234,False,2,0.0,0.146,0.9338,80.0,0.0,0.0,0.0,1.770026700049725,0.30602591071666596,1.843553677287582,0.8488692539074945,0.2546222846817221,0.29235203196630055,0.2094536772875823,0.6283610318627469,0.05
2191,0.22841000000000009,False,2,0.0,0.14350000000000002,0.9381999999999999,76.75,0.0,0.0,0.0,1.810039544875766,0.2571743166631002,1.6657778266059045,0.3348348777903223,0.2671469696451791,0.25849544414114284,0.10000000000000102,0.23806049651296693,0.05
2192,0.23884000000000002,False,2,0.0,0.1502,0.9789999999999999,80.0,0.0,0.0,0.0,1.7372153939238437,0.1359760791896728,1.68551961809397,0.37263027342953736,0.20769067624373844,0.13329125156715066,0.12430000000000188,0.2608302321434419,0.05
2193,0.16249000000000008,False,2,0.0,0.06070000000000001,1.0,90.0,0.0,0.0,0.0,1.610663362656928,0.041538265131534344,1.507078645833334,0.014386373487478458,0.09010183631671366,0.05539713657969962,0.0023000000000004237,0.006900000000001271,0.05
2194,0.26518,False,2,0.0,0.22139999999999999,1.0,94.9,0.0,0.0,0.0,1.830393688275209,0.14339267530702948,1.5431000000000001,0.049854688846687235,0.2915468671624131,0.11383173821715602,4.1144580341702875e-203,0.0,0.05
2195,0.25872,False,2,0.0,0.1936,1.0,88.4,0.0,0.0,0.0,1.7739570424995967,0.15386616315116655,1.5145,0.032240502477473905,0.2485489018629845,0.1303933537298966,1.3377740530539704e-198,0.0,0.05
2196,0.20016000000000003,False,2,0.0,0.11499999999999999,0.9321999999999999,80.0,0.0,0.0,0.0,1.7372891470124376,0.3088687989161944,1.7677964397206947,0.664587379839334,0.21700948711185525,0.2938610646269654,0.16060813547527636,0.481824406425829,0.05
2197,0.19939000000000007,False,2,0.0,0.142,0.9333,90.0,0.0,0.0,0.0,1.8156973256459126,0.3791278644063933,1.771252265808171,0.7222392660202906,0.2842053614403256,0.3558063460252279,0.1901189324549693,0.551942710673306,0.05
2198,0.20342000000000007,False,2,0.0,0.09060000000000001,1.0,80.0,0.0,0.0,0.0,1.6443668112954601,0.10443604612636967,1.5119000000063012,0.01820686683232538,0.13308940856727025,0.10856100200548847,5.284808610037511e-231,0.0,0.05
2199,0.23259,False,2,0.0,0.13069999999999998,1.0,79.45,0.0,0.0,0.0,1.7601872339135423,0.21756965473888623,1.530600027126736,0.031528463048672115,0.19408345852545777,0.15431345894825038,2.376354458293889e-213,0.0,0.05
2200,0.21875000000000008,False,2,0.0,0.1135,1.0,80.35,0.0,0.0,0.0,1.6838201165113347,0.15983815245153946,1.5291556006007734,0.04505012763629373,0.15549513171970958,0.13455932942981239,0.007900000000000518,0.023700000000001557,0.05
2201,0.20837000000000003,False,2,0.0,0.12249999999999998,0.9603999999999999,82.75,0.0,0.0,0.0,1.7395433152207975,0.18866549364960233,1.6424111111111124,0.3401764395133833,0.19722866989106122,0.14389603017470834,0.07980000000000084,0.23940000000000253,0.05
2202,0.22183,False,2,0.0,0.1736,0.8676999999999999,80.0,0.0,0.0,0.0,1.9269224335134951,0.5880797606592669,2.034533233405146,0.9720765302041715,0.368835188062814,0.4482418634092669,0.3828332334051462,0.7666036036379574,0.05
2203,0.23165000000000005,False,2,0.0,0.1932,0.8546999999999999,80.0,0.0,0.0,0.0,1.9749748293974612,0.5538270978178835,2.142057554550837,1.0019301003981813,0.4228277738324886,0.48858335710700374,0.4826353163492712,0.8016197168080405,0.05
2204,0.28497999999999996,False,2,0.0,0.23369999999999996,0.8713,70.0,0.0,0.0,0.0,1.9707835756608751,0.3631789194465111,2.085775945984633,1.140641505102387,0.43530785699219887,0.3552552419532526,0.31320329865916735,0.6601662666091657,0.05
2205,0.22191000000000005,False,2,0.0,0.16610000000000003,0.9368000000000001,87.7,0.0,0.0,0.0,1.7992754467867669,0.27009951752739186,1.7810379130319227,0.7221341328373382,0.26712838407606604,0.2796582516576757,0.17483227075775962,0.5244968122732789,0.05
2206,0.30457,False,2,0.0,0.1923,0.8732,46.0,0.0,0.0,0.0,1.870880956739282,0.32456891529485515,1.9813067356392426,1.0433955564025317,0.36331281325212644,0.3381843541757938,0.29460970151163923,0.6618517832622303,0.05
2207,0.1922900000000001,False,2,0.0,0.11280000000000001,0.9111,80.0,0.0,0.0,0.0,1.721835401134923,0.24607412975205364,1.771288891120944,0.44415683697770075,0.21448158853050928,0.2677648907818644,0.15960000048042486,0.319200314242398,0.05
2208,0.31802,False,2,0.0,0.21550000000000002,0.9359,56.8,0.0,0.0,0.0,1.8697304470724432,0.2592558224155265,1.6496555555553845,0.3406359102223235,0.33182448380370827,0.2657253929989436,0.07990000000001952,0.23970000000005856,0.05
2209,0.20416,False,2,0.0,0.1488,1.0,100.0,0.0,0.0,0.0,1.7351457673938853,0.17109931947005577,1.5617000000000012,0.10937097421162793,0.2003865192212814,0.1488257054611155,0.026000000000000655,0.07800000000000196,0.05
2210,0.17973,False,2,0.0,0.1139,1.0,100.0,0.0,0.0,0.0,1.676669162350187,0.17443540878313737,1.5258000701798333,0.039130523543374734,0.15940102342071527,0.14117612583934744,1.0451361274453708e-200,0.0,0.05
2211,0.18316,False,2,0.0,0.145,0.8722,90.0,0.0,0.0,0.0,1.91443070012512,0.5456154048518894,2.288362037935608,1.6214234302173427,0.3633833064794606,0.48440812236403247,0.43032346168476154,0.8633137908763675,0.05
2212,0.24012000000000006,False,2,0.0,0.2217,0.7351,67.8,0.0,0.0,0.0,2.3111565210478155,0.7899196068078126,2.5940066650694726,1.4653891512498953,0.667797444114439,0.5955914118438154,0.655581202626395,0.8576980437529246,0.05
2213,0.22519000000000008,False,2,0.0,0.16549999999999998,0.8798,77.3,0.0,0.0,0.0,1.9509626103632332,0.5507943046529657,1.8789237142881081,0.8175143528784499,0.3810493433512558,0.4653545143092586,0.27356815873255247,0.6033855480505411,0.05
2214,0.23788000000000004,False,2,0.0,0.15240000000000004,1.0,84.4,0.0,0.0,0.0,1.7032259127955083,0.12047269079335,1.5244625000000007,0.028284274009598175,0.19017824607043105,0.10679591492156006,0.0016000000000003071,0.004800000000000921,0.05
2215,0.25021000000000004,False,2,0.0,0.1693,1.0,84.15,0.0,0.0,0.0,1.7815800692425996,0.19422888549506395,1.5274000000000003,0.04217866759393882,0.23210783179931602,0.13220395376739336,2.842170943040401e-16,8.526512829121202e-16,0.05
2216,0.19770000000000004,False,2,0.0,0.11099999999999999,1.0,90.0,0.0,0.0,0.0,1.6668113651919263,0.10882822622254908,1.5640781269497357,0.07776004105472502,0.15661450857475862,0.10945189361095871,0.0031000000000004067,0.009300000000001219,0.05
2217,0.22097000000000008,False,2,0.0,0.1395,0.9364000000000001,78.8,0.0,0.0,0.0,1.818510784423594,0.42673666429265067,1.769087043457498,0.7173414639126483,0.26782689543494326,0.35680717889911356,0.18584257526654294,0.5164903883119866,0.05
2218,0.16410000000000002,False,2,0.0,0.0993,0.9303000000000001,92.25,0.0,0.0,0.0,1.8028380921104705,0.5477438525918426,1.6715821539915272,0.35238255097357035,0.2303860018767936,0.3862762674537258,0.08341245173468045,0.2502373552040413,0.05
2219,0.26345,False,2,0.0,0.17070000000000002,0.9332,68.0,0.0,0.0,0.0,1.7939753512472894,0.28022162836650955,1.829247553790794,0.7559621641297015,0.29013659503033445,0.3033323398373385,0.23390310934634928,0.5480721475601428,0.05
2220,0.28668,False,2,0.0,0.18439999999999998,0.992,70.0,0.0,0.0,0.0,1.7664075685772491,0.1586221753582511,1.6384111111111124,0.3375536977858358,0.24009868151453945,0.14008949039581414,0.07980000000000084,0.23940000000000253,0.05
2221,0.21050000000000008,False,2,0.0,0.151,0.9359999999999999,88.0,0.0,0.0,0.0,1.8122617691298544,0.34766497956921955,1.766092841224139,0.7385962215689467,0.26846437873057793,0.32672426884700917,0.1980928412241392,0.5942785236724176,0.05
2222,0.19617000000000007,False,2,0.0,0.15330000000000002,0.8642,85.2,0.0,0.0,0.0,1.8967910555640501,0.5137677528421444,2.099838824476161,1.1882257053022502,0.34214245694094847,0.42476967828644924,0.38133882447616074,0.7635364077367395,0.05
2223,0.26974,False,2,0.0,0.17619999999999997,1.0,76.8,0.0,0.0,0.0,1.7592079298254444,0.188379305874752,1.5131666666666737,0.02553135327398198,0.22133448904581302,0.1334771728041424,0.0008000000000002956,0.002400000000000887,0.05
2224,0.21291000000000002,False,2,0.0,0.1213,1.0,86.0,0.0,0.0,0.0,1.7332100422023693,0.20092548063646296,1.5288000000024007,0.049977594980592746,0.18506244991644075,0.1609453416436742,1.0451284235126217e-200,0.0,0.05
2225,0.2616900000000001,False,2,0.0,0.2137,0.932,83.75,0.0,0.0,0.0,1.9710511526256678,0.5957512789616568,1.6268888889039566,0.3416629015128152,0.3800678090503796,0.3673994841337545,0.0855000000000005,0.23810722374594231,0.05
2226,0.20701000000000006,False,2,0.0,0.10729999999999999,1.0,84.05,0.0,0.0,0.0,1.6744740308126722,0.13819970727744824,1.5283000000000002,0.04301871685673572,0.15209937220069175,0.10900492636986944,2.926033300796923e-231,0.0,0.05
2227,0.22707000000000002,False,2,0.0,0.1813,0.8672000000000001,80.0,0.0,0.0,0.0,1.9112444918122726,0.42289800479129813,2.0776008356329023,1.1141111385910338,0.378204835345774,0.4054151747885272,0.36920083563290207,0.7423568444666391,0.05
2228,0.23509000000000002,False,2,0.0,0.1577,1.0,87.65,0.0,0.0,0.0,1.7299280257180816,0.14460035742131216,1.5178001736111117,0.02337048382383683,0.19756901558993578,0.1249012292940331,0.002300000000000395,0.006900000000001185,0.05
2229,0.18344000000000005,False,2,0.0,0.1192,1.0,100.0,0.0,0.0,0.0,1.6772492572669155,0.15996503317116845,1.547544472975202,0.0760855052182223,0.15782762458551308,0.13596666979748132,0.01800000000000054,0.054000000000001616,0.05
2230,0.29807,False,2,0.0,0.2231,0.873,60.0,0.0,0.0,0.0,2.0022104311159334,0.4692138676587856,2.1015071969096035,1.119915539460776,0.4350001389741943,0.41732924114489356,0.37123960370776893,0.7485778469258793,0.05
2231,0.25090000000000007,False,2,0.0,0.17759999999999998,0.9326000000000001,76.6,0.0,0.0,0.0,1.868558401914972,0.28974135147836405,1.6479292441979314,0.33119571417378935,0.3202790997244722,0.29398027803616184,0.08801313139569947,0.23796522463123607,0.05
2232,0.21995,False,2,0.0,0.1315,0.933,76.0,0.0,0.0,0.0,1.7640440043867607,0.324886607332784,1.7667920516143547,0.744358215692713,0.24222209932351607,0.3167419638885404,0.2052364702883996,0.6044610811692989,0.05
2233,0.23276,False,2,0.0,0.1819,0.8661,77.2,0.0,0.0,0.0,1.8639234566960503,0.3668926105891728,2.0137522301722863,0.9684197365526487,0.3644287117310129,0.3825119545740223,0.3843967015371278,0.7735059636484143,0.05
2234,0.22897000000000003,False,2,0.0,0.15589999999999998,0.9328,80.0,0.0,0.0,0.0,1.805687247260725,0.29519471413511317,1.8066711593762637,0.7863177959364499,0.27907377379236237,0.3072110059949088,0.21697115937626363,0.6509134781287909,0.05
2235,0.24251000000000006,False,2,0.0,0.17250000000000001,0.8642,68.75,0.0,0.0,0.0,2.008730923433757,0.5544692507353035,1.889445727565787,0.8138326649240911,0.4147622496692116,0.45660638376832313,0.25920047302905785,0.5387027363581862,0.05
2236,0.30527000000000004,False,2,0.0,0.2705,0.7293999999999999,51.45,0.0,0.0,0.0,2.2837840725840026,0.576245676704953,2.4289305151590264,1.188520305935501,0.6573105749189334,0.4698738612638006,0.6285720936646502,0.8222578657588714,0.05
2237,0.27499000000000007,False,2,0.0,0.13570000000000002,1.0,60.0,0.0,0.0,0.0,1.6733840585636006,0.10126684728116293,1.5124000000000002,0.02590057914410396,0.15740754201680723,0.10930256619366514,0.00020000000000028705,0.0006000000000008612,0.05
2238,0.26265000000000005,False,2,0.0,0.20270000000000002,0.8732,70.6,0.0,0.0,0.0,1.974388431448609,0.44669059750480045,2.1021350210976673,1.1371543054084516,0.4028288942859324,0.4116921738085295,0.37381404942372914,0.7487080985560751,0.05
2239,0.21409999999999998,False,2,0.0,0.12299999999999997,1.0,86.0,0.0,0.0,0.0,1.6997588795159462,0.18057073495523726,1.5378000125249227,0.04103122540093597,0.16438081900384832,0.15275090464334512,8.767237272537742e-194,0.0,0.05
2240,0.24294000000000002,False,2,0.0,0.16999999999999998,0.9358000000000001,78.4,0.0,0.0,0.0,1.7835702367223167,0.2837154370425743,1.8219010935492732,0.9093340472843742,0.2845046653581696,0.30622691712380495,0.17771220413056474,0.5179848691732978,0.05
2241,0.16636000000000006,False,2,0.0,0.1142,0.9314,96.5,0.0,0.0,0.0,1.8078672349153433,0.5760902527394516,1.9132704863791883,1.1559535903356344,0.2527951198669114,0.42939464237317027,0.1664436906757628,0.4993310720272885,0.05
2242,0.22627000000000005,False,2,0.0,0.1493,0.9292,78.5,0.0,0.0,0.0,1.9285772967611081,0.6170624796752443,1.8307300622852138,0.8196656826814885,0.3233950829322116,0.42227776013349577,0.24974117339632373,0.6372316529176251,0.05
2243,0.24759,False,2,0.0,0.1537,1.0,80.0,0.0,0.0,0.0,1.699490519816289,0.1284369070082839,1.543600000008467,0.06802087914208159,0.1858523904609004,0.12958930252957815,0.00020000000000028705,0.0006000000000008612,0.05
2244,0.19885000000000003,False,2,0.0,0.2001,0.8555999999999999,98.95,0.0,0.0,0.0,2.103945752697679,0.7592762676805266,2.2791218983963475,1.481169565295272,0.4727794657522371,0.5026063399677728,0.36292498959529756,0.6332906262130552,0.05
2245,0.18016000000000007,False,2,0.0,0.12150000000000001,0.8987,87.25,0.0,0.0,0.0,1.8373327715143084,0.39223099439219833,1.9468874317077005,0.9998667197233682,0.27692218369182825,0.35510232739966824,0.26011273573810234,0.5665225202310584,0.05
2246,0.21385,False,2,0.0,0.10550000000000001,1.0,80.0,0.0,0.0,0.0,1.6699082289616474,0.12084418366482279,1.514,0.019354586019855863,0.14332583949612226,0.11183761748366505,2.0631880710477197e-231,0.0,0.05
2247,0.18448,False,2,0.0,0.12360000000000002,0.9321999999999999,90.85,0.0,0.0,0.0,1.8272019129742705,0.33372856779808824,1.796433318196352,0.6408910714644198,0.25702272995969755,0.30547171726795386,0.15808426481079627,0.4742527944323888,0.05
2248,0.28076,False,2,0.0,0.24289999999999998,0.7451,56.4,0.0,0.0,0.0,2.1490566531502333,0.5198026733301307,2.561921300287268,1.4168809876977466,0.5995609068324167,0.48656520916715124,0.656476655384275,0.8637440816491413,0.05
2249,0.25081,False,2,0.0,0.2064,0.9330999999999999,86.8,0.0,0.0,0.0,1.8442235085905179,0.29507089056045327,1.7749342877403738,0.7974842106494158,0.32044147913463156,0.30535215477607824,0.19600329615098636,0.568291503878372,0.05
2250,0.26136000000000004,False,2,0.0,0.18850000000000003,0.9327,75.2,0.0,0.0,0.0,1.8248125909964856,0.31920262907366836,1.8770680974558362,1.0618330783763226,0.2960180245397358,0.3020529846776322,0.19182952120499025,0.5754885636149707,0.05
2251,0.20732000000000003,False,2,0.0,0.1387,0.9330999999999999,84.85,0.0,0.0,0.0,1.845070314321612,0.5029772661374017,1.9733591908298513,1.3747312670024137,0.29249677976875116,0.40713964100225886,0.1725205660157892,0.5175616980473676,0.05
2252,0.32198000000000004,False,2,0.0,0.2432,0.9378,64.8,0.0,0.0,0.0,1.9193536667032063,0.29177606798851763,1.7960582560061404,0.8081158268372807,0.37890844804623525,0.2684882514865984,0.2086582560005427,0.625974768001628,0.05
2253,0.21076999999999999,False,2,0.0,0.155,0.8689,79.2,0.0,0.0,0.0,1.879942682585278,0.4287295644620285,1.9065706038629209,0.8721110202243654,0.3523363488668819,0.4229003120308737,0.20580000000941334,0.41004458295552115,0.05
2254,0.22155000000000005,False,2,0.0,0.1165,1.0,80.0,0.0,0.0,0.0,1.649628517550625,0.10999728945396722,1.5493001760852332,0.05647855041077907,0.14145926183128638,0.10906882951299497,1.241143814250799e-213,0.0,0.05
2255,0.22359000000000007,False,2,0.0,0.1325,0.9028,70.0,0.0,0.0,0.0,1.7876132594811687,0.27114019095701,1.7717687149615386,0.4445448483269989,0.2669993738587645,0.28558053595600513,0.15970058055092676,0.3194012402847683,0.05
2256,0.26639999999999997,False,2,0.0,0.2209,0.8658999999999999,74.0,0.0,0.0,0.0,1.9683452851150285,0.3075206065808176,1.9773256468495006,1.0016786105127002,0.4246965635237497,0.32623454471863433,0.24643679427854998,0.5300713779074392,0.05
2257,0.24051000000000003,False,2,0.0,0.16379999999999997,0.9365,77.55,0.0,0.0,0.0,1.8303831907161754,0.3873230363837641,1.626983507219953,0.34613116172633146,0.29256733506955696,0.33670230262113193,0.07970000000000066,0.23910000000000198,0.05
2258,0.14872000000000002,False,2,0.0,0.06960000000000001,1.0,100.0,0.0,0.0,0.0,1.6014825713197105,0.03635781279886198,1.5278000000048948,0.04619480491619392,0.09226826638157609,0.053828455379769005,2.929117656714023e-245,0.0,0.05
2259,0.19303,False,2,0.0,0.1641,0.8612,90.1,0.0,0.0,0.0,2.0522908550072776,0.6657094813552571,2.02741531567703,1.098034728132422,0.43181076215283304,0.49459589331427634,0.3033042045592084,0.6864606718908697,0.05
2260,0.22563000000000005,False,2,0.0,0.15089999999999998,1.0,90.0,0.0,0.0,0.0,1.742840058328045,0.17888999663848193,1.5519,0.05120830010847855,0.20473073741613143,0.1521815039530101,4.679403113751735e-208,0.0,0.05
2261,0.14830000000000004,False,2,0.0,0.069,1.0,100.0,0.0,0.0,0.0,1.5912305488954983,0.03667529923206932,1.5162,0.033062970223499306,0.0893190869390444,0.04986625203112483,9.828412933155e-238,0.0,0.05
2262,0.25261,False,2,0.0,0.1577,0.9353999999999999,69.2,0.0,0.0,0.0,1.7954493933538689,0.2763686845883271,1.8821288657751782,0.9642646180533501,0.27871438639315066,0.3013129140002048,0.21974541969496464,0.535395878715388,0.05
2263,0.18599000000000007,False,2,0.0,0.1236,0.9339000000000001,90.35,0.0,0.0,0.0,1.7713471802816287,0.3184039090524896,1.7743026751057154,0.7923882859901209,0.24432271563627506,0.3281540153054332,0.21363236260571528,0.6408970878171458,0.05
2264,0.27707999999999994,False,2,0.0,0.26209999999999994,0.7306999999999999,62.8,0.0,0.0,0.0,2.2256866889654896,0.5921738323304768,2.502377692029069,1.2999574884090095,0.6393127953646376,0.4624341539566775,0.6501441986836725,0.856209260627171,0.05
2265,0.18575000000000003,False,2,0.0,0.1125,1.0,96.5,0.0,0.0,0.0,1.6957788548433874,0.16965126439161157,1.5411,0.06458707301000718,0.16037560011619606,0.13957570412097953,9.511952594332401e-216,0.0,0.05
2266,0.22755999999999998,False,2,0.0,0.16739999999999997,0.8346,70.0,0.0,0.0,0.0,1.8893055391992326,0.36143125829991174,2.071484579091384,0.893181190752981,0.3704855572625102,0.3863296339485209,0.41512741752222243,0.6645041649639586,0.05
2267,0.15817000000000003,False,2,0.0,0.0831,1.0,100.0,0.0,0.0,0.0,1.6700152288167516,0.1841745153351254,1.5304000000309397,0.05341947217969985,0.13359793871405742,0.15678189348255053,9.771610547991933e-210,0.0,0.05
2268,0.29068000000000005,False,2,0.0,0.193,0.9356,62.55,0.0,0.0,0.0,1.8339507631840715,0.25876955156785575,1.7657038450750435,0.6998556418320202,0.31083249034778104,0.27266458218292994,0.16877055967030982,0.5063116790109295,0.05
2269,0.26991,False,2,0.0,0.2032,0.9349000000000001,76.4,0.0,0.0,0.0,1.8878724550029446,0.2650655137004963,1.6683444580078226,0.33842862052721223,0.34261212560918264,0.2570853277609794,0.08330000000000053,0.23814199545649284,0.05
2270,0.19345000000000004,False,2,0.0,0.1031,0.9376,80.0,0.0,0.0,0.0,1.7088399287519462,0.26078631946231595,1.6190222222222226,0.3426153074351609,0.19006553888496686,0.26888619448796003,0.07960000000000031,0.2388000000000009,0.05
2271,0.29941,False,2,0.0,0.21919999999999998,0.8599,56.0,0.0,0.0,0.0,1.9503753664827546,0.491311101517866,2.170750637027673,1.2622088322455616,0.40264441710577303,0.3914495067116236,0.3736502826846822,0.7265064879039848,0.05
2272,0.24197,False,2,0.0,0.1748,0.9037,75.75,0.0,0.0,0.0,1.9094158609524392,0.3357932712855397,1.886171764653793,0.6919942677413737,0.34097914093035425,0.2851042799878898,0.26222657809370936,0.5383449501520932,0.05
2273,0.28954,False,2,0.0,0.16219999999999998,1.0,62.0,0.0,0.0,0.0,1.7422290408871803,0.16539781877270485,1.5198,0.044300790060674965,0.21773741384675965,0.14665254074625772,5.106920792744155e-204,0.0,0.05
2274,0.1891700000000001,False,2,0.0,0.1269,0.8678000000000001,80.0,0.0,0.0,0.0,1.90705137628807,0.6358359332548833,2.081882060356386,1.0337147702842262,0.3406983747934019,0.5033458449482828,0.3818820603563859,0.7637641260474042,0.05
2275,0.22279000000000004,False,2,0.0,0.17460000000000003,0.8019000000000001,70.0,0.0,0.0,0.0,2.0059849051214496,0.5742750045030826,2.343223120407182,1.2393159780369138,0.4743990171304813,0.5247413823383984,0.5794459454622422,0.8960603695959558,0.05
2276,0.19310999999999995,False,2,0.0,0.1611,0.8687999999999999,90.15,0.0,0.0,0.0,1.8865833507665648,0.47579671589509603,2.2498164002674086,1.4978755971635669,0.35215024732944245,0.4359034029802871,0.35424208814095115,0.730411814445024,0.05
2277,0.20919000000000001,False,2,0.0,0.1678,0.8391,80.0,0.0,0.0,0.0,1.9276256012336972,0.4096717229907071,2.0444204821982837,0.9227241278534333,0.390356362539858,0.4098273850426983,0.38653584793358736,0.6994692969739122,0.05
2278,0.19573000000000004,False,2,0.0,0.12510000000000002,0.9362,86.35,0.0,0.0,0.0,1.7846994428236809,0.41298733673271093,1.7284253944707637,0.5912198122355781,0.23806588092771858,0.3225300308713437,0.15083980377336706,0.4525194113201011,0.05
2279,0.26456999999999997,False,2,0.0,0.1744,0.9343,68.9,0.0,0.0,0.0,1.8755943313845673,0.32741414140770037,1.848173220219757,0.8112126586624305,0.30488038456329314,0.2911365745454067,0.19352374003582867,0.580571220107486,0.05
2280,0.24617999999999998,False,2,0.0,0.1787,0.9312999999999999,79.15,0.0,0.0,0.0,1.8183118035707797,0.28494242987517543,1.9110065097824145,1.0770058563023686,0.2918344701569896,0.2793981167937648,0.18030126686382256,0.5409038005914677,0.05
2281,0.24674999999999997,False,2,0.0,0.2012,0.8196999999999999,70.0,0.0,0.0,0.0,2.009327910381212,0.48823901059383107,2.0222213575698382,0.7770264741318293,0.455185466164388,0.4424957845137195,0.3463462100758806,0.5966010847461075,0.05
2282,0.21148000000000006,False,2,0.0,0.1544,1.0,98.3,0.0,0.0,0.0,1.7399176989194831,0.20012523659166115,1.562366666666668,0.1318744731427108,0.2086825887682306,0.15499712974718566,0.031100000000000804,0.09330000000000242,0.05
2283,0.33379000000000003,False,2,0.0,0.248,0.8673,50.0,0.0,0.0,0.0,1.9509790515884098,0.37877259696667,2.060682797381822,1.1077576754374816,0.43072058475863556,0.3665295903118413,0.35887162612072554,0.7251319711618811,0.05
2284,0.18589000000000006,False,2,0.0,0.12269999999999999,1.0,100.0,0.0,0.0,0.0,1.6545789334106242,0.09903005379530444,1.5333060546875004,0.04577872281689026,0.14852219891079285,0.10006667496868461,7.786870969403469e-209,0.0,0.05
2285,0.24838000000000002,False,2,0.0,0.20869999999999997,0.8663000000000001,78.8,0.0,0.0,0.0,1.9771842737172243,0.43146713380000856,2.060715687336265,1.0682567123643332,0.4189929035073465,0.3963313761775473,0.3228293399932382,0.6605544855774284,0.05
2286,0.22423000000000004,False,2,0.0,0.11850000000000001,0.9376,70.0,0.0,0.0,0.0,1.7339417862626838,0.28372044786528117,1.7894111666004844,0.7626085766761141,0.2218617569500198,0.2937639967945069,0.18031116660048435,0.5409334998014531,0.05
2287,0.31092000000000003,False,2,0.0,0.2504,0.8128,54.1,0.0,0.0,0.0,2.17354813724106,0.6651637126901799,2.288386521247571,1.128728462644082,0.5584033469586608,0.505492705415237,0.5764945073586821,0.8837658851499146,0.05
2288,0.1794,False,2,0.0,0.11400000000000002,1.0,100.2,0.0,0.0,0.0,1.7026497810878545,0.15216369676258973,1.5280786459763847,0.030784050319039895,0.16176877568393255,0.13069649036855238,5.940911084829582e-214,0.0,0.05
2289,0.22447000000000003,False,2,0.0,0.17370000000000002,0.8775999999999999,80.2,0.0,0.0,0.0,1.8592071725459896,0.3308338614836096,1.909337001098201,0.8309598649473485,0.33965301476407467,0.34033527189983825,0.25822588998708995,0.5615672461221595,0.05
2290,0.21089000000000016,False,2,0.0,0.1557,0.8670000000000002,79.1,0.0,0.0,0.0,1.799065184755357,0.33143037707204276,2.1063537132117127,1.1925572894332856,0.3141547705571314,0.36436332871946575,0.3648318056124277,0.732736136175297,0.05
2291,0.2799400000000001,False,2,0.0,0.1904,0.9342,66.8,0.0,0.0,0.0,1.8847612809118648,0.44596728119778517,1.8367888753436514,0.9111318324152095,0.33656100982376597,0.35347840685463433,0.17278887534365128,0.518366626030954,0.05
2292,0.21791000000000002,False,2,0.0,0.1113,1.0,80.0,0.0,0.0,0.0,1.6788743618427104,0.11444572667944679,1.527911284724536,0.03127886445318118,0.15285006129956002,0.10600637402904128,1.039685729031007e-221,0.0,0.05
2293,0.20721000000000003,False,2,0.0,0.12160000000000001,0.9403,80.0,0.0,0.0,0.0,1.7653735559084958,0.36895677571027913,1.6672555556915731,0.3350038627318658,0.231991536201612,0.3118795597592108,0.07990000000064436,0.23970000000193306,0.05
2294,0.17427000000000004,False,2,0.0,0.1061,1.0,100.0,0.0,0.0,0.0,1.6555211310506146,0.11575571275198965,1.5123000000000002,0.01878856034931891,0.1382852768984971,0.10932638463070961,7.0825501266573085e-221,0.0,0.05
2295,0.2582500000000001,False,2,0.0,0.196,0.8275,63.6,0.0,0.0,0.0,2.0419804719101733,0.524338476489769,2.034309828407197,0.8837299122607774,0.4605179661018117,0.42937039560994755,0.3869764950755025,0.6731114397577709,0.05
2296,0.23609000000000008,False,2,0.0,0.18570000000000003,1.0,96.95,0.0,0.0,0.0,1.8350572945645847,0.20517108996244254,1.52,0.040000000000000036,0.2589822483341594,0.14612623101367173,1.0206407467665213e-203,0.0,0.05
2297,0.28362000000000004,False,2,0.0,0.20700000000000002,0.8503999999999999,58.2,0.0,0.0,0.0,2.0952238936294982,0.6125905017447997,2.031133602298506,0.9034065702283148,0.4762154642989194,0.44714543175128857,0.32726369754033235,0.5488122623792416,0.05
2298,0.15705000000000002,False,2,0.0,0.08149999999999999,1.0,100.0,0.0,0.0,0.0,1.6186859770622184,0.09433723737224703,1.5338612847222226,0.05386289420184421,0.11298690292121331,0.09067728297889091,2.970455533606725e-214,0.0,0.05
2299,0.20813000000000004,False,2,0.0,0.1259,1.0,90.0,0.0,0.0,0.0,1.66586577507915,0.12834469054219771,1.564522222277013,0.1152911724967427,0.15256002719931958,0.12046729176067528,0.03360000000000105,0.07787579855128503,0.05
2300,0.2305,False,2,0.0,0.1565,0.9365,80.0,0.0,0.0,0.0,1.805505761800179,0.34230999503629184,1.6772780267018548,0.33403112542985874,0.27855906913585315,0.3191117891622648,0.08240000032366361,0.2383359823077069,0.05
2301,0.25195000000000006,False,2,0.0,0.12450000000000001,1.0,67.6,0.0,0.0,0.0,1.6777713648795811,0.15051631495240653,1.5507335069444452,0.06845146205865871,0.1558898357989506,0.13042131085285935,0.0013000000000004236,0.003900000000001271,0.05
2302,0.24137000000000006,False,2,0.0,0.1761,0.931,80.6,0.0,0.0,0.0,1.8873443381187982,0.35441420168589716,1.810613554762411,0.8873525742020164,0.3205066083005184,0.3135109087802622,0.17569186309159257,0.5270755892747776,0.05
2303,0.22791000000000003,False,2,0.0,0.14830000000000002,0.9279999999999999,77.15,0.0,0.0,0.0,1.8973006817167264,0.650214919157891,1.896608718790717,1.0475373720226802,0.3001953835805476,0.41098538752976843,0.20701539591927692,0.5961436296303126,0.05
2304,0.17699000000000006,False,2,0.0,0.08170000000000002,1.0,90.1,0.0,0.0,0.0,1.6295882776961261,0.09505528512737309,1.6213777777778362,0.23018194735665348,0.11251166651631424,0.10302619748764204,0.054300000000000924,0.1629000000000028,0.05
2305,0.15341000000000005,False,2,0.0,0.0763,1.0,100.0,0.0,0.0,0.0,1.6087828123836805,0.05577373104112812,1.5384530826356677,0.049427318802707655,0.10007160733002989,0.062012300064692626,9.828412913333962e-238,0.0,0.05
2306,0.17924000000000004,False,2,0.0,0.1119,0.8696999999999999,80.0,0.0,0.0,0.0,1.8136092824211794,0.449546580063675,1.9246240404895996,0.908017903125628,0.2849900762913626,0.4179212279812951,0.25671293408257345,0.5574591750797945,0.05
2307,0.22545000000000007,False,2,0.0,0.17860000000000004,0.8681000000000001,80.0,0.0,0.0,0.0,1.8635732284975735,0.36698674257326536,2.050907092433527,1.0573984991352945,0.35052757844224436,0.3835938284021485,0.41224042576686026,0.8249798753744879,0.05
2308,0.26024,False,2,0.0,0.1998,0.9346,80.0,0.0,0.0,0.0,1.8913132990036499,0.37705777643303584,1.8017381461802988,0.8162672238885605,0.3414992216018148,0.32318012712280875,0.1988694230641502,0.5966082691924507,0.05
2309,0.20629000000000003,False,2,0.0,0.1507,1.0,99.6,0.0,0.0,0.0,1.727016513707492,0.13398135513375345,1.5910205686028487,0.08812631078847988,0.19508214621616948,0.12865081436748704,0.027300000000001035,0.06396256717800083,0.05
2310,0.24941000000000005,False,2,0.0,0.1643,1.0,82.8,0.0,0.0,0.0,1.7634854034286793,0.18220495033791415,1.5131999999999999,0.01838912722235612,0.22757657702995324,0.15751360351092858,4.98849376148887e-201,0.0,0.05
2311,0.26801,False,2,0.0,0.15430000000000002,1.0,70.0,0.0,0.0,0.0,1.7488486907072354,0.19595770247971925,1.5341814238866172,0.031167029800723153,0.21519001315173628,0.17038392655688409,6.736766885844508e-199,0.0,0.05
2312,0.22292000000000003,False,2,0.0,0.135,0.9614,80.0,0.0,0.0,0.0,1.7402301061989316,0.1470313235635102,1.6355111113498821,0.34096476847710044,0.20859452752648985,0.13362836907702125,0.07980000000000094,0.2394000000000028,0.05
2313,0.18658000000000002,False,2,0.0,0.13999999999999999,0.8446,82.4,0.0,0.0,0.0,2.0365378814839583,0.7036038745853219,2.0338309563283645,0.9069273553052434,0.3955951638767757,0.5016797799632073,0.3403597117743754,0.5814226962507899,0.05
2314,0.25549,False,2,0.0,0.22410000000000002,0.8684,80.95,0.0,0.0,0.0,2.0139877570084126,0.46940981212050964,1.9881068191588203,0.9372389732770575,0.4573246317543146,0.41537137321570716,0.3356068193295201,0.6753705277701544,0.05
2315,0.27518000000000004,False,2,0.0,0.2092,0.8078,56.8,0.0,0.0,0.0,1.960820491221795,0.3801124102334935,2.0916217686263314,1.0202214246926866,0.45140123211232347,0.3881699808768317,0.3258388893759995,0.5301415478281918,0.05
2316,0.27105000000000007,False,2,0.0,0.1791,0.9336,67.2,0.0,0.0,0.0,1.8209498166656697,0.35405458165615306,1.765107885522791,0.7532183527938026,0.2963606086040587,0.3303755094343999,0.17747940935585638,0.5244870399339249,0.05
2317,0.19473000000000001,False,2,0.0,0.1359,1.0,100.2,0.0,0.0,0.0,1.7454734948656054,0.23873101982901246,1.5499000000000007,0.06396475592074312,0.1929648966085943,0.16602041257244965,0.0152000000000005,0.0456000000000015,0.05
2318,0.18762000000000006,False,2,0.0,0.0966,1.0,90.0,0.0,0.0,0.0,1.6558917701581812,0.14882258894187758,1.5419,0.0345382396772042,0.12913943996481947,0.12239751353245992,3.0740635369289257e-207,0.0,0.05
2319,0.19216999999999998,False,2,0.0,0.1842,0.7890999999999999,86.75,0.0,0.0,0.0,2.0759485576179526,0.6001693993661833,2.3477297158049653,1.2549049214822892,0.5036145473536988,0.5133475424129431,0.5879630974689418,0.8884285441670157,0.05
2320,0.20093000000000008,False,2,0.0,0.11590000000000003,1.0,90.1,0.0,0.0,0.0,1.6999452125332202,0.1708514600310809,1.5493888888897558,0.07674043552364837,0.16260546634495598,0.12852132327353585,0.017200000000000527,0.051600000000001596,0.05
2321,0.13235000000000005,False,2,0.0,0.05800000000000001,0.9734999999999999,100.15,0.0,0.0,0.0,1.643135282391302,0.1357276680903698,1.6493569481743726,0.3353459587108841,0.11120717477326167,0.10748280849810865,0.0853000000000015,0.238209172787282,0.05
2322,0.22530999999999998,False,2,0.0,0.12229999999999999,1.0,80.15,0.0,0.0,0.0,1.723983446188657,0.17565388617491476,1.551555878342565,0.06404935724722784,0.18131884418004346,0.1500720369993378,0.014200000000000487,0.042600000000001456,0.05
2323,0.27375,False,2,0.0,0.1629,0.9324,60.0,0.0,0.0,0.0,1.793632630810393,0.30693386659916455,1.766115655651144,0.7457141812886257,0.2772645164185018,0.30152272580256545,0.16760657153449987,0.4836466717511249,0.05
2324,0.23565999999999998,False,2,0.0,0.1365,0.9337,70.0,0.0,0.0,0.0,1.7326256231953008,0.2514389746824286,1.769403125528467,0.66822532383149,0.2339553352031442,0.2875867098340664,0.17069981963195077,0.5054679643816665,0.05
2325,0.23100000000000004,False,2,0.0,0.164,1.0,91.9,0.0,0.0,0.0,1.7364477454621539,0.1501112097351516,1.5140000000000147,0.025895945628612575,0.21041467628540556,0.12416218804829876,1.9467177424819527e-209,0.0,0.05
2326,0.17795,False,2,0.0,0.1106,0.9350999999999999,90.0,0.0,0.0,0.0,1.7290246520154562,0.30265522420425073,1.7884818740168942,0.8127137803614015,0.22046139732986006,0.31268671307214835,0.2165818740168942,0.6497456220506826,0.05
2327,0.2649800000000001,False,2,0.0,0.2024,1.0,88.35,0.0,0.0,0.0,1.7763628563804992,0.13116620747224828,1.5328000000098192,0.03889678652015716,0.24720198389546622,0.121639837577962,6.849404128242376e-196,0.0,0.05
2328,0.24934000000000003,False,2,0.0,0.1562,1.0,80.0,0.0,0.0,0.0,1.7307195855770303,0.1973424019048964,1.5274779551188167,0.05518328784741259,0.20277271563884205,0.16348979241019138,0.013500000000001094,0.029669007398295727,0.05
2329,0.26576,False,2,0.0,0.1681,0.9923,74.8,0.0,0.0,0.0,1.7461545874264228,0.09120272848588284,1.6508740920082885,0.3363912761299775,0.22916315695834455,0.08156544704048958,0.07990000000000087,0.2397000000000026,0.05
2330,0.22242000000000003,False,2,0.0,0.1591,0.9355,84.8,0.0,0.0,0.0,1.8024456198677292,0.37624021096815674,1.7660458187837023,0.6699583744582843,0.2780546131807921,0.35676179515298606,0.171024373648056,0.513073120944168,0.05
2331,0.13705000000000006,False,2,0.0,0.09659999999999999,0.8981,100.0,0.0,0.0,0.0,1.8223498900321247,0.4962919155039202,2.1286110424147906,1.4626102757862673,0.26357810204888005,0.39973673119408903,0.2797999313036788,0.6207995841309953,0.05
2332,0.24022000000000002,False,2,0.0,0.1626,1.0,86.8,0.0,0.0,0.0,1.765416067728936,0.17835575682983534,1.5275666666747538,0.032469308114463434,0.2233409779041408,0.15760793406826842,0.0019000000000006733,0.005374941860151542,0.05
2333,0.18720000000000003,False,2,0.0,0.11199999999999999,1.0,95.6,0.0,0.0,0.0,1.6604602030501767,0.10690990330381483,1.5221,0.030356053761976403,0.1488782185535936,0.10453739665441607,8.252498257645824e-231,0.0,0.05
2334,0.18239000000000002,False,2,0.0,0.12229999999999999,0.9076000000000001,87.75,0.0,0.0,0.0,1.7902401894261017,0.24287769445162233,1.9912591760992164,1.1266705822422498,0.2553397162071656,0.2572828813116563,0.29567028721032695,0.6622294353876635,0.05
2335,0.26095,False,2,0.0,0.2029,0.7964,60.0,0.0,0.0,0.0,2.016459434172632,0.5315577709605492,2.498867663993201,1.5940011551151447,0.47987054698326875,0.48081518650352656,0.5666312038357002,0.7751670368682935,0.05
2336,0.20903,False,2,0.0,0.1553,0.9343999999999999,90.0,0.0,0.0,0.0,1.771309514484095,0.3521162592000358,1.8776128582684444,1.069322302199817,0.2650162998473923,0.33929091044369886,0.21414911765829325,0.6424473529748798,0.05
2337,0.14918000000000003,False,2,0.0,0.11680000000000001,0.8754,97.6,0.0,0.0,0.0,1.8427063388858662,0.5198381767235095,1.9026449314997325,0.8535297181750983,0.3007935950875492,0.4566644347522982,0.24613216660079176,0.5289265100423071,0.05
2338,0.29056,False,2,0.0,0.23489999999999997,0.8711,67.6,0.0,0.0,0.0,1.9390726519861854,0.3647898077682822,1.954580740086716,0.8891736944192389,0.4166568890851526,0.37294957103355997,0.31468560119777444,0.7141325031572596,0.05
2339,0.23315000000000002,False,2,0.0,0.1845,1.0,98.0,0.0,0.0,0.0,1.8136505100727736,0.1751703943698332,1.5395000000000005,0.07128428999435983,0.25417191909299264,0.12516597401487028,8.165126009394376e-203,0.0,0.05
2340,0.23394,False,2,0.0,0.15719999999999998,1.0,88.05,0.0,0.0,0.0,1.7215248568371286,0.14003729137820412,1.537555555629731,0.053286020728178896,0.203996971430158,0.1288389215995926,0.005200000000000358,0.015600000000001073,0.05
2341,0.24517999999999998,False,2,0.0,0.1794,0.9349999999999999,80.45,0.0,0.0,0.0,1.8391624604079848,0.2905299005463639,1.7811327505656709,0.7526915320814824,0.30330097969872916,0.30336484143970555,0.1896515005656706,0.5689545016970118,0.05
2342,0.24802000000000005,False,2,0.0,0.2048,0.9342,87.8,0.0,0.0,0.0,1.9081968869988404,0.543235300149094,1.8147887970474315,0.8285864741786612,0.34912590640457064,0.39982349606667633,0.19694449505510303,0.5908334851653091,0.05
2343,0.19497000000000006,False,2,0.0,0.1069,0.9338,80.0,0.0,0.0,0.0,1.7384439100170561,0.3524750689145774,1.7766609736659607,0.6985959645608718,0.21571008319455812,0.34112024879956315,0.20158581129378925,0.5737902488618594,0.05
2344,0.21918000000000004,False,2,0.0,0.1429,0.8625,69.8,0.0,0.0,0.0,1.8841532207808356,0.4531631676810889,2.0095142523245166,0.9671556791280764,0.3379061247281735,0.43249160729574787,0.3771103021946449,0.7565090926421092,0.05
2345,0.23805,False,2,0.0,0.1405,1.0,80.15,0.0,0.0,0.0,1.7231510616942405,0.16397711267022513,1.5333999999999999,0.05075273391650935,0.1912844765354802,0.14256697520231343,6.572022800682268e-207,0.0,0.05
2346,0.22117000000000003,False,2,0.0,0.1561,1.0,94.05,0.0,0.0,0.0,1.7504378160495637,0.205777956813656,1.534375173649523,0.038903974456332736,0.21504054474789397,0.17149798431172167,1.0959033863833036e-194,0.0,0.05
2347,0.26997000000000004,False,2,0.0,0.15710000000000002,1.0,70.0,0.0,0.0,0.0,1.7699781705533293,0.22442270115472845,1.5599000900518347,0.0865626738645621,0.20875433383516726,0.17081241552228274,5.864692465347019e-195,0.0,0.05
2348,0.19902999999999998,False,2,0.0,0.19540000000000002,0.8074999999999999,90.0,0.0,0.0,0.0,2.06719544216889,0.6249642335687591,2.1271895777978442,0.989715348852747,0.4996993849313204,0.5193287941567553,0.3417999992462518,0.5452459612450306,0.05
2349,0.19637000000000004,False,2,0.0,0.1091,1.0,90.0,0.0,0.0,0.0,1.6358228229473333,0.07629644314896965,1.5172446180555563,0.04817893803018033,0.1308874831242219,0.09196169935823909,0.0055000000000005825,0.01650000000000175,0.05
2350,0.30107999999999996,False,2,0.0,0.21589999999999998,0.9344999999999999,65.2,0.0,0.0,0.0,1.9020561587094467,0.36550115128667765,1.8441120634589148,0.8988953396910058,0.3595658597320441,0.3076485081307722,0.18026601311131912,0.5115405839360501,0.05
2351,0.23427000000000003,False,2,0.0,0.1592,0.8761000000000001,70.0,0.0,0.0,0.0,1.8612000267909026,0.44387294694129437,1.9095044272383284,0.7681755149802649,0.3353733250147853,0.43205632365573593,0.26703966251570366,0.5854369639142122,0.05
2352,0.2848000000000001,False,2,0.0,0.20790000000000003,0.9329000000000001,70.3,0.0,0.0,0.0,1.882994731057242,0.32478265821636476,1.9709714201787256,1.3614687537255798,0.3405195322518923,0.2941748739232431,0.1999328439278792,0.5997985317836376,0.05
2353,0.2776,False,2,0.0,0.145,1.0,61.95,0.0,0.0,0.0,1.7205038443237615,0.14273273454726335,1.5114999999999998,0.031007257215045672,0.19052512269850136,0.12753753198871268,1.3011392443563566e-216,0.0,0.05
2354,0.18405000000000005,False,2,0.0,0.0995,1.0,92.8,0.0,0.0,0.0,1.6572285815897423,0.09799288590580203,1.5177,0.020952565475377896,0.1372591882909262,0.09928487109783313,8.244669483183435e-231,0.0,0.05
2355,0.21171,False,2,0.0,0.1587,0.9353999999999999,90.0,0.0,0.0,0.0,1.8599965010169668,0.41911566379686505,1.6279665712580509,0.341933601577104,0.2851087221377532,0.3329760849632038,0.07990180687352014,0.23970542062056047,0.05
2356,0.22664000000000004,False,2,0.0,0.1122,1.0,75.95,0.0,0.0,0.0,1.6884502895723472,0.14650520782735177,1.542,0.0392479298817148,0.1544330468553382,0.11853013611372579,6.300925532189629e-207,0.0,0.05
2357,0.2812000000000001,False,2,0.0,0.20400000000000001,1.0,80.8,0.0,0.0,0.0,1.789369514091144,0.1481518827827468,1.558379166679196,0.07448468908578261,0.25784994765134595,0.12331754720183792,0.0014000000000004178,0.004200000000001253,0.05
2358,0.20491000000000004,False,2,0.0,0.1213,1.0,90.0,0.0,0.0,0.0,1.657071688931908,0.11831041834518084,1.5602000001082525,0.08118842295174043,0.1486435960661004,0.12314207162887604,1.820961269488185e-201,0.0,0.05
2359,0.23629999999999998,False,2,0.0,0.13299999999999998,1.0,78.4,0.0,0.0,0.0,1.69771173424571,0.18120281542681604,1.5130632466740084,0.029666732027825653,0.17840497254252083,0.1545871383763252,0.0016000000000003071,0.004800000000000921,0.05
2360,0.24568,False,2,0.0,0.2049,0.8074999999999999,70.0,0.0,0.0,0.0,1.9709166888214795,0.45352533059456057,2.1197482629023066,0.9704722867546305,0.4574380118259353,0.4364551261910189,0.4470677704699109,0.7339336334612792,0.05
2361,0.31075,False,2,0.0,0.24369999999999997,0.8672000000000001,60.0,0.0,0.0,0.0,1.9979481164490331,0.45106395149321804,2.0144132410424627,1.0539284034796168,0.46473062960517175,0.41202380596553456,0.2583399847328619,0.555034048801002,0.05
2362,0.15673000000000004,False,2,0.0,0.11090000000000003,0.9029999999999999,95.9,0.0,0.0,0.0,1.8342219740376122,0.40259216240337875,1.8588151788050602,0.709194968559792,0.2619543714868104,0.33794024032766024,0.24373419318157702,0.5225114735726579,0.05
2363,0.28742000000000006,False,2,0.0,0.1669,0.9303000000000001,54.25,0.0,0.0,0.0,1.8027651317689635,0.3129901344980341,1.8845131090938678,1.0564334353898002,0.29304952300018483,0.3164216268175461,0.19366909216042621,0.5776816367870657,0.05
2364,0.23735000000000003,False,2,0.0,0.1665,1.0,89.6,0.0,0.0,0.0,1.7265466632584476,0.14135278920688482,1.5631222222222232,0.10044224985311705,0.21091561237774056,0.12117743503852257,0.022000000000000595,0.0660000000000018,0.05
2365,0.17271000000000003,False,2,0.0,0.1173,0.9339999999999999,94.8,0.0,0.0,0.0,1.7572084249046014,0.3331951625706259,1.7484998178737694,0.6829729896252388,0.2292363313556273,0.31158707442547057,0.14999983972880554,0.4499995191864167,0.05
2366,0.21812000000000006,False,2,0.0,0.16590000000000002,0.8733000000000001,80.0,0.0,0.0,0.0,1.8956591960865694,0.4498383425249378,1.764906930286985,0.44248530305057593,0.3615219104321735,0.40860537157238164,0.16128673856311732,0.3225906075865891,0.05
2367,0.19549000000000002,False,2,0.0,0.10669999999999999,1.0,89.6,0.0,0.0,0.0,1.666292904501216,0.11678144318679574,1.5254000000000008,0.05556473701908391,0.14946296856367444,0.11003745648621939,1.7290326890674973e-224,0.0,0.05
2368,0.20064000000000004,False,2,0.0,0.1152,1.0,90.0,0.0,0.0,0.0,1.6768041601862382,0.129117206675372,1.5861555555555569,0.23383730336378383,0.1532274111727461,0.1154776560625881,0.0547000000000009,0.16410000000000272,0.05
2369,0.23317000000000007,False,2,0.0,0.191,0.8649000000000001,80.0,0.0,0.0,0.0,1.9369002050942465,0.44475083138069665,2.113242942638765,1.2025275801189839,0.40840498697687666,0.41718847679841087,0.371280669102232,0.7426974633779067,0.05
2370,0.20226000000000002,False,2,0.0,0.11780000000000002,1.0,90.1,0.0,0.0,0.0,1.6966943524692506,0.15914128249988696,1.5272336329248961,0.03685513167178573,0.1594785257090065,0.13009412448775684,7.365363673419456e-218,0.0,0.05
2371,0.23485999999999999,False,2,0.0,0.1879,0.9350999999999999,88.6,0.0,0.0,0.0,1.8922184719919646,0.4051868987975877,1.7924601716613975,0.743460144973641,0.3281616176592927,0.345315763610581,0.2053999984260025,0.5984166060117373,0.05
2372,0.2184500000000001,False,2,0.0,0.17250000000000001,0.9390000000000001,92.0,0.0,0.0,0.0,1.8184978106662264,0.3598861719148755,1.8193377652596165,0.8475114439909524,0.28148684807559377,0.3191372802615078,0.17203776525961617,0.5161132957788487,0.05
2373,0.27408,False,2,0.0,0.191,0.9346,70.0,0.0,0.0,0.0,1.8920537242809972,0.3525368168217457,1.7442497882614887,0.4537306498527607,0.34419392526143955,0.31040462624983917,0.15975109202346757,0.3195023626747686,0.05
2374,0.20135000000000003,False,2,0.0,0.1125,1.0,88.7,0.0,0.0,0.0,1.721453281844094,0.17630114605493652,1.5189,0.03295587959681855,0.17241772107174466,0.1355100000413011,4.803986573646331e-225,0.0,0.05
2375,0.26051,False,2,0.0,0.1573,1.0,74.8,0.0,0.0,0.0,1.7524851262714918,0.17043194443095747,1.653263368065824,0.28024260797535,0.21370807263903618,0.12155751086850555,0.10370000000000212,0.1963568435272917,0.05
2376,0.19170000000000004,False,2,0.0,0.13140000000000002,0.9334,90.15,0.0,0.0,0.0,1.7756234781586926,0.2915096837658794,1.769428123410226,0.7595199001110917,0.24234422484750812,0.26918949711757595,0.16761979007689237,0.5028593702306771,0.05
2377,0.18976000000000004,False,2,0.0,0.12279999999999999,1.0,98.1,0.0,0.0,0.0,1.7116406203060326,0.2030497952374309,1.5213,0.029681812613113794,0.16651962984283178,0.14544793405411496,7.42660238459677e-215,0.0,0.05
2378,0.1706300000000001,False,2,0.0,0.13230000000000003,0.9244,99.65,0.0,0.0,0.0,1.9592066820393463,0.7808088968128561,1.9343587746223991,1.194988397684,0.3170648069590435,0.4840708352841626,0.20146289142928925,0.5918304570219575,0.05
2379,0.25858000000000003,False,2,0.0,0.2041,0.9856999999999999,90.0,0.0,0.0,0.0,1.8117595893959564,0.16293762443400037,1.6516037696732435,0.3390511614432766,0.28649119965901815,0.14140796488815324,0.09520000000000149,0.238723605870893,0.05
2380,0.22588,False,2,0.0,0.1505,0.9350999999999999,80.0,0.0,0.0,0.0,1.803597509686855,0.31572906205163825,1.6294139810054034,0.3471490984703414,0.27125963907863226,0.30077582970847916,0.08280000000256718,0.2385677262407294,0.05
2381,0.18715000000000004,False,2,0.0,0.12449999999999999,1.0,100.0,0.0,0.0,0.0,1.6852435584809324,0.18004136755351144,1.5176000000000012,0.02377057003944081,0.1621230287418384,0.15091400176063446,1.1491393256546125e-188,0.0,0.05
2382,0.24187,False,2,0.0,0.1629,0.9328,76.0,0.0,0.0,0.0,1.8179674718579304,0.3747413248672249,1.9437454004100687,0.7758185312760698,0.288528903276397,0.3366179179358233,0.27303428929895646,0.5112743607791173,0.05
2383,0.22123000000000004,False,2,0.0,0.1789,0.933,91.95,0.0,0.0,0.0,1.8269370999259453,0.3150292130486608,1.7912784867096883,0.7575508470162883,0.2980473439807154,0.3068877160801365,0.18477848670968827,0.5543354601290649,0.05
2384,0.22390000000000007,False,2,0.0,0.1474,0.9364000000000001,80.1,0.0,0.0,0.0,1.8016712433373336,0.3189520692684713,1.8930597577182309,0.8734494884397102,0.2630708647361054,0.30540413536867,0.2952264243848969,0.7120344502659173,0.05
2385,0.20185000000000006,False,2,0.0,0.1426,0.8681000000000001,79.2,0.0,0.0,0.0,1.8488237149258435,0.4377127182001938,2.199835743173741,1.0939890243692802,0.32506189568693356,0.41818768374470555,0.5028955826352293,0.840890621058133,0.05
2386,0.18970000000000004,False,2,0.0,0.09500000000000001,1.0,88.4,0.0,0.0,0.0,1.6639020947207048,0.12636751088248332,1.5356999999999998,0.0657070011490404,0.13598590828714674,0.11281148084727848,3.041745883698431e-211,0.0,0.05
2387,0.16421999999999998,False,2,0.0,0.15350000000000003,0.8588999999999999,100.45,0.0,0.0,0.0,2.0155707192570764,0.6935383742718959,2.129039890621054,1.301631103353459,0.39863729800393155,0.4992183290416416,0.33513989062366073,0.674869650451428,0.05
2388,0.23611000000000007,False,2,0.0,0.1373,1.0,80.0,0.0,0.0,0.0,1.7066711290630514,0.1672925827522482,1.5498501736111123,0.05120387440168683,0.18882194941529348,0.14938245800445704,0.005700000000000699,0.017100000000002096,0.05
2389,0.20227,False,2,0.0,0.1461,1.0,100.0,0.0,0.0,0.0,1.6884607231711626,0.15298494980113866,1.5162,0.0370102688452813,0.17708386854707575,0.1335810529651106,1.306420157872595e-201,0.0,0.05
2390,0.19700000000000004,False,2,0.0,0.1395,0.8644999999999999,80.0,0.0,0.0,0.0,1.7944645089033553,0.3448453056013447,2.2142308492116354,1.4583356871991635,0.295956466619112,0.3688469979591992,0.3891098775415835,0.7785993720508043,0.05
2391,0.2725000000000001,False,2,0.0,0.25029999999999997,0.8123000000000001,73.2,0.0,0.0,0.0,2.106316403705196,0.5373138218205362,2.4798284727641695,1.4666450468765702,0.5397292968720311,0.4786429868260791,0.5373704793911382,0.8221180421743871,0.05
2392,0.23075000000000007,False,2,0.0,0.1365,1.0,82.4,0.0,0.0,0.0,1.740850549011986,0.17777779202567592,1.5582223958333343,0.10027225612049358,0.19762628180477354,0.13116368123381963,0.01580000000000075,0.047400000000002246,0.05
2393,0.2313500000000001,False,2,0.0,0.17940000000000003,0.9339000000000001,87.2,0.0,0.0,0.0,1.8333858100392626,0.35142211292487424,1.7656835434987141,0.7168329919279228,0.30697940978205845,0.33959802600560074,0.19088500746147702,0.5726550223844311,0.05
2394,0.19475000000000006,False,2,0.0,0.1227,0.9312000000000001,85.25,0.0,0.0,0.0,1.8582280281591395,0.6061875590178066,1.8840840035418747,1.1010234579212244,0.2776755231818953,0.43345119069855387,0.17470144795680667,0.5241043438704199,0.05
2395,0.29453999999999997,False,2,0.0,0.2122,0.868,57.2,0.0,0.0,0.0,2.015044260582226,0.3807239987065987,2.044572841379562,0.8318426942579206,0.4503359068340148,0.3679894423043029,0.3553099748081792,0.56216129799916,0.05
2396,0.26777,False,2,0.0,0.18109999999999998,0.8699999999999999,60.0,0.0,0.0,0.0,1.907148642815006,0.4319075946650864,1.9292246145833847,0.8943983690807445,0.3807787833030035,0.41395319736800573,0.31119211884205217,0.7084913460816628,0.05
2397,0.20626000000000003,False,2,0.0,0.12079999999999999,0.9390000000000001,80.0,0.0,0.0,0.0,1.7257158226894938,0.288534468108713,1.6405111111111115,0.33794979245773044,0.2007487092013057,0.24902342648958217,0.07980000000000033,0.23940000000000097,0.05
2398,0.18332000000000007,False,2,0.0,0.11729999999999999,0.8707,80.0,0.0,0.0,0.0,1.8184601034156203,0.45692492465929885,1.943827530354089,0.8726444123274951,0.29840891418215004,0.4330186932729956,0.30450149787916925,0.6898197231035148,0.05
2399,0.22117000000000006,False,2,0.0,0.1675,0.8074,69.15,0.0,0.0,0.0,1.992419773221874,0.4989190772426577,2.0062152118502623,0.8105431350915197,0.46435523655084526,0.5056130525394689,0.3668109246184665,0.594702185746186,0.05
2400,0.3047,False,2,0.0,0.2476,0.8646,64.0,0.0,0.0,0.0,1.9689913396650496,0.39502859617331537,2.0392542060698045,1.0446425718967838,0.44400549242686094,0.36708969911026307,0.43865420606980443,0.8774201905727999,0.05
2401,0.30068,False,2,0.0,0.227,0.8725999999999999,60.0,0.0,0.0,0.0,1.863545792990897,0.31027324614319013,1.7784111105108131,0.44737030157236524,0.37475955790046755,0.3285608585429541,0.18220000000202535,0.3154380446339691,0.05
2402,0.26783,False,2,0.0,0.14889999999999998,1.0,68.2,0.0,0.0,0.0,1.7285472788606442,0.16398232841176177,1.5201140625198701,0.0368169065607537,0.19622055305290217,0.13614757706526548,0.008500000000000398,0.025500000000001192,0.05
2403,0.16092,False,2,0.0,0.1167,0.9320999999999999,100.2,0.0,0.0,0.0,1.8342553701619355,0.5311994319377575,1.9562394823053442,1.2140152565517208,0.2767914623445319,0.42585188672043245,0.22187281563867517,0.6092157957325841,0.05
2404,0.21941000000000008,False,2,0.0,0.1585,0.9402000000000001,86.8,0.0,0.0,0.0,1.7959332662255219,0.3298602789068264,1.743082371767479,0.5471143631245545,0.2626239520988125,0.31586982094933547,0.1621944538578003,0.4601048426555678,0.05
2405,0.26808,False,2,0.0,0.1484,1.0,67.9,0.0,0.0,0.0,1.697731045261504,0.11311340026395302,1.5141972222222222,0.031218674299207584,0.18253955676961314,0.10617282552989456,1.2871350908644467e-219,0.0,0.05
2406,0.17322000000000004,False,2,0.0,0.1046,1.0,100.0,0.0,0.0,0.0,1.640927172514406,0.07591292944006364,1.5366,0.06567982947602712,0.12913827257829497,0.0875689739727277,4.3225817117257946e-225,0.0,0.05
2407,0.28429,False,2,0.0,0.1697,1.0,67.25,0.0,0.0,0.0,1.7825625285654254,0.22597828849172044,1.5104482638888892,0.016660752889619615,0.23335116487994298,0.16736521515065655,0.0018000000000003096,0.00540000000000093,0.05
2408,0.31537000000000004,False,2,0.0,0.18209999999999998,1.0,56.05,0.0,0.0,0.0,1.7793001266939115,0.17073701379367826,1.5229888888902967,0.03781182942717797,0.24249627722747852,0.11634644863710907,0.006400000000000375,0.019200000000001126,0.05
2409,0.22708000000000006,False,2,0.0,0.1635,0.9381,84.4,0.0,0.0,0.0,1.8194376424750054,0.3419135571422115,1.8175184239592936,0.7105748298953669,0.28239780598338216,0.3228579944445346,0.21874127141690386,0.6562238142507115,0.05
2410,0.20788,False,2,0.0,0.18349999999999997,0.9320999999999999,100.1,0.0,0.0,0.0,1.9063523896839345,0.3070745706338661,2.028761899683908,1.479654980352235,0.34400895254707653,0.276925975153542,0.19999999734336446,0.5999999920300934,0.05
2411,0.22159000000000004,False,2,0.0,0.1417,1.0,88.8,0.0,0.0,0.0,1.7248942039733428,0.1689584981217304,1.5335666668355947,0.04111800110733547,0.1934255730145406,0.15048352389216293,0.005000000000000356,0.015000000000001068,0.05
2412,0.21957000000000002,False,2,0.0,0.198,0.8669,89.55,0.0,0.0,0.0,1.9605353499504825,0.36489758783766296,2.0304992946082114,1.0516734653437267,0.3957738119090852,0.3695441259866494,0.41313353932642227,0.8263285049603479,0.05
2413,0.23368000000000008,False,2,0.0,0.1911,0.8007000000000002,70.15,0.0,0.0,0.0,1.9944664727363395,0.505666267822489,2.3168469817447113,1.2173670858874257,0.45751145786049296,0.48355611815329336,0.6090322100814414,0.9418940937236059,0.05
2414,0.19057000000000004,False,2,0.0,0.0831,1.0,83.8,0.0,0.0,0.0,1.6717649988273213,0.19630409278432462,1.5211095266448138,0.0329331766060313,0.1304707432249162,0.1410724174113498,5.134577440040262e-204,0.0,0.05
2415,0.26880000000000004,False,2,0.0,0.213,1.0,90.15,0.0,0.0,0.0,1.8071358650899192,0.1782264994433271,1.5026,0.007800000000000007,0.2678710717359266,0.13214428257969213,1.927935867631726e-181,0.0,0.05
2416,0.23472000000000004,False,2,0.0,0.1493,0.8707,65.5,0.0,0.0,0.0,1.8815926670572332,0.44336350858637397,1.9901270169455638,1.1121271461003615,0.34281838521155844,0.41835254598668536,0.24629427341334456,0.5293595902535903,0.05
2417,0.2880600000000001,False,2,0.0,0.2077,0.8789000000000001,60.5,0.0,0.0,0.0,1.9557644196806474,0.42195456107864876,1.7556112076873973,0.45184781732503626,0.39559827071042053,0.33396145127502924,0.159800009071798,0.3196000181435966,0.05
2418,0.20264000000000004,False,2,0.0,0.14659999999999998,0.9334,90.0,0.0,0.0,0.0,1.7653922091652805,0.26908059216016494,1.7479762401435306,0.6446514868939006,0.2502916961457549,0.27872235711340276,0.16733083004223734,0.501992490126712,0.05
2419,0.21591000000000007,False,2,0.0,0.10730000000000002,1.0,79.6,0.0,0.0,0.0,1.6653364955109233,0.1251822748716848,1.5180778700086812,0.028350046102411715,0.14186205984773573,0.11366098833447379,0.0030000000000003266,0.009000000000000981,0.05
2420,0.18175,False,2,0.0,0.10799999999999998,0.9324999999999999,86.8,0.0,0.0,0.0,1.7440085720364416,0.3074747937778067,1.7578762590604788,0.6834898948594166,0.22037430567944524,0.3257966628048379,0.1781790231903108,0.5216191282311579,0.05
2421,0.22185,False,2,0.0,0.22039999999999998,0.8658999999999999,96.1,0.0,0.0,0.0,2.1105260629586597,0.5847608294357668,2.1823008530626367,1.399858077117246,0.48440411034713843,0.4579981951479294,0.384517410675384,0.7692684875252741,0.05
2422,0.19789000000000004,False,2,0.0,0.11710000000000001,0.9384,82.8,0.0,0.0,0.0,1.752151291197149,0.39360679701388473,1.8244378000411714,0.8488100409302467,0.2234551382123191,0.34613352405548486,0.23603698446622973,0.693568358339804,0.05
2423,0.22760000000000002,False,2,0.0,0.124,0.9359999999999999,70.0,0.0,0.0,0.0,1.761679365649422,0.3201839362896342,1.639588600825587,0.39306790201594244,0.23837641171985924,0.31270376314387305,0.10678859722133213,0.3203657916639964,0.05
2424,0.25706000000000007,False,2,0.0,0.16779999999999998,1.0,80.2,0.0,0.0,0.0,1.7366044688846998,0.15028393824789965,1.5282000013563373,0.04716948084834731,0.21385346885146683,0.13802282519399828,1.73339076308423e-207,0.0,0.05
2425,0.16275,False,2,0.0,0.13310000000000002,0.8695999999999999,95.65,0.0,0.0,0.0,1.8934807869177508,0.5144108214123929,2.125649990321966,1.2154971285704557,0.34747488228941276,0.48250946610754164,0.3676808986697264,0.7353759894481222,0.05
2426,0.25158,False,2,0.0,0.1374,1.0,72.3,0.0,0.0,0.0,1.6763296921319046,0.10068307228598287,1.5323000318535989,0.03822321693665303,0.1665655645433331,0.10642408115426819,4.967240913028881e-213,0.0,0.05
2427,0.24407,False,2,0.0,0.2132,0.9330999999999999,92.55,0.0,0.0,0.0,1.9020243376655048,0.4193906778189022,1.7701832890655858,0.7443218199048356,0.34040590412169547,0.3281499673222183,0.19818328906558577,0.5945498671967573,0.05
2428,0.25129999999999997,False,2,0.0,0.21480000000000002,0.8737999999999999,80.6,0.0,0.0,0.0,1.985886180769284,0.4046630091734261,2.0775288297462438,1.0725636616517182,0.4193961482971174,0.386072245120793,0.41862358682873085,0.8430370322712044,0.05
2429,0.24982000000000007,False,2,0.0,0.1756,1.0,86.55,0.0,0.0,0.0,1.7485902679491574,0.16637585250947073,1.5325,0.0533277601254731,0.23026427792541151,0.14674117954726335,2.44290264521962e-210,0.0,0.05
2430,0.21051000000000003,False,2,0.0,0.1293,1.0,90.0,0.0,0.0,0.0,1.707364894678133,0.19706789879686185,1.5243,0.04835090485192599,0.17526496035635883,0.16849690700906056,3.4247020637897463e-196,0.0,0.05
2431,0.21199000000000004,False,2,0.0,0.1316,0.9329000000000001,80.0,0.0,0.0,0.0,1.7326243467136675,0.28398847010705375,1.9060475447948808,1.1401622921596672,0.2307867168226993,0.3042461274031825,0.21710889004604192,0.6513266701381257,0.05
2432,0.25616,False,2,0.0,0.22199999999999998,0.7492,62.0,0.0,0.0,0.0,2.0749041798413,0.4524908909973624,2.324454920249075,1.141912461884466,0.538209661634613,0.4490931250549349,0.6207549202489895,0.8978978557679304,0.05
2433,0.25122,False,2,0.0,0.14889999999999998,0.9343,66.65,0.0,0.0,0.0,1.8413518457606322,0.40588784772146685,1.6340970472475393,0.3000392094003613,0.29223062816918544,0.3547675839147693,0.08746310535845156,0.24491904338327541,0.05
2434,0.24214000000000002,False,2,0.0,0.19920000000000002,0.8089999999999999,70.0,0.0,0.0,0.0,1.9803966164479323,0.45624672268108,2.364944584340344,1.135091233646151,0.45625902083391656,0.4554858468961227,0.6335666717035905,0.8591324838490462,0.05
2435,0.2398800000000001,False,2,0.0,0.1972,0.9278000000000001,88.25,0.0,0.0,0.0,1.959661721121884,0.5155694283697453,1.7669971655484022,0.6873336488251814,0.37609638413594587,0.3828578994538258,0.1808604389806822,0.5425813169420466,0.05
2436,0.2142700000000001,False,2,0.0,0.15410000000000001,0.932,86.6,0.0,0.0,0.0,1.7872425903964082,0.2589189199426813,1.7611247500089895,0.5920107865132683,0.26391040131763444,0.2736910839148025,0.18053283044605203,0.5069365839079971,0.05
2437,0.28001,False,2,0.0,0.20659999999999998,0.9362999999999999,72.75,0.0,0.0,0.0,1.8654822039800654,0.32728415412042144,1.614911111111106,0.3447333333333184,0.33580654243613617,0.2942325023104816,0.0798000000000016,0.2394000000000048,0.05
2438,0.20742000000000005,False,2,0.0,0.1386,1.0,94.8,0.0,0.0,0.0,1.7034246926855137,0.14747185058946824,1.5222000000000009,0.06660000000000225,0.1857379518281091,0.12777588858679595,9.282673538350848e-216,0.0,0.05
2439,0.29451000000000005,False,2,0.0,0.21869999999999998,0.8714000000000001,60.0,0.0,0.0,0.0,1.9678352414593738,0.41698451526121727,2.09198731466249,1.1172418563629345,0.4250153446738028,0.3859739273423126,0.38628731466248983,0.7766842573064561,0.05
2440,0.18207000000000007,False,2,0.0,0.14109999999999998,0.8710000000000001,89.0,0.0,0.0,0.0,1.818566907071047,0.3670939413149294,1.916952700620742,0.8337584795670333,0.29813642917016914,0.3692423505006554,0.2894791628727231,0.6352676231231148,0.05
2441,0.20732000000000006,False,2,0.0,0.1306,1.0,92.05,0.0,0.0,0.0,1.7456713981885592,0.22106414782341954,1.5130552083333408,0.020181203223347165,0.18187980863610492,0.14999359447609906,0.00020000000000037232,0.000600000000001117,0.05
2442,0.23288000000000006,False,2,0.0,0.18619999999999998,0.8698,79.2,0.0,0.0,0.0,1.9104589230159656,0.4289309886227209,2.0893423774708264,1.1483495492049007,0.382103295278468,0.41339242306732815,0.43564237747082657,0.8743298434221465,0.05
2443,0.22465000000000007,False,2,0.0,0.1495,1.0,90.0,0.0,0.0,0.0,1.699424658096163,0.13011893614637435,1.504100052049425,0.01229998265117059,0.19465257838061573,0.11713588510691807,3.8593125538757434e-207,0.0,0.05
2444,0.28498999999999997,False,2,0.0,0.191,0.9282999999999999,63.6,0.0,0.0,0.0,1.9625398060376646,0.5177171134079942,1.8270192111041794,0.8963135011710865,0.3566788071476842,0.3745640341787585,0.19620410069680516,0.5449588454052582,0.05
2445,0.26083,False,2,0.0,0.2017,0.9338000000000001,80.25,0.0,0.0,0.0,1.8733257826151246,0.33433865868600676,1.7991004264378971,0.8029081777734679,0.3332934678578785,0.3131358293254575,0.16660042643789713,0.4998012793136914,0.05
2446,0.24353000000000005,False,2,0.0,0.1479,1.0,80.0,0.0,0.0,0.0,1.7175924842873915,0.1467556558866082,1.5288000320367563,0.04324771163049319,0.1936568969464742,0.12483097724655028,1.1491393245222184e-188,0.0,0.05
2447,0.24826000000000004,False,2,0.0,0.175,0.8612,66.3,0.0,0.0,0.0,1.9771898035147335,0.5003473437975992,2.4250657074456665,1.642376570514517,0.42034726711257936,0.4387809529019368,0.45111923069574056,0.7439701731369546,0.05
2448,0.30749000000000004,False,2,0.0,0.17070000000000002,1.0,56.0,0.0,0.0,0.0,1.7248489795389805,0.15228661350475137,1.5267000162760413,0.03720496110549989,0.2107584689456695,0.13037116380923788,1.0897832621462349e-207,0.0,0.05
2449,0.20202000000000003,False,2,0.0,0.11760000000000001,1.0,90.15,0.0,0.0,0.0,1.6952185834738025,0.1842660855662908,1.5292501736111117,0.05144206305122097,0.1642202834096031,0.14050139623776758,0.0021000000000003924,0.006300000000001177,0.05
2450,0.2874,False,2,0.0,0.182,1.0,70.0,0.0,0.0,0.0,1.7435221064424642,0.15957022393936365,1.5069,0.014102836594104025,0.220541508483349,0.12345846985134014,6.755445245293054e-213,0.0,0.05
2451,0.23322000000000004,False,2,0.0,0.1765,0.8609,74.3,0.0,0.0,0.0,2.007823466591236,0.6219813642163288,2.027928688305086,1.0250723621847893,0.4092660430048284,0.4657681110240942,0.40229011205423965,0.8045829417831145,0.05
2452,0.28193999999999997,False,2,0.0,0.2824,0.8061999999999999,78.8,0.0,0.0,0.0,2.1944572044747312,0.5174357803663033,2.353246511540993,1.1918733888706474,0.5988799269820214,0.4388302067853359,0.5409157396759545,0.812551950273354,0.05
2453,0.25629,False,2,0.0,0.1338,0.9420999999999999,60.0,0.0,0.0,0.0,1.783426937382932,0.38511510947055383,1.8085185350809923,0.8398372746878402,0.23944874011162853,0.32486994189777213,0.2290629795254362,0.6526212421016028,0.05
2454,0.2163000000000001,False,2,0.0,0.1595,0.9355,88.0,0.0,0.0,0.0,1.8697743528853017,0.5195695401879282,1.8239153608717231,0.9379724492009858,0.29240186279200076,0.3698253378633756,0.18723799714321837,0.5617139914296551,0.05
2455,0.22666000000000003,False,2,0.0,0.19929999999999998,0.7995,76.35,0.0,0.0,0.0,2.0388574828599775,0.5795004777092384,2.5988318909921757,1.6424012865714137,0.47928714055719446,0.49904125717896736,0.48762006628460836,0.7727589183711273,0.05
2456,0.23534000000000002,False,2,0.0,0.13320000000000004,1.0,78.95,0.0,0.0,0.0,1.714121712847513,0.14737721634628717,1.5211999999999999,0.045514393327825434,0.18940088431259183,0.14122105127231113,1.429919068385212e-202,0.0,0.05
2457,0.20517,False,2,0.0,0.1498,0.8676999999999999,80.0,0.0,0.0,0.0,1.9254188216423909,0.5842191067640934,2.1091799322612674,1.1451033680041456,0.3787657340064097,0.4951005655677818,0.44918809198348936,0.8955174336783691,0.05
2458,0.26675000000000004,False,2,0.0,0.17970000000000003,0.9282,68.75,0.0,0.0,0.0,1.9161120635221942,0.5879153821954208,1.8191801485110894,0.8055331318011397,0.33374592565464495,0.40795312639438697,0.21341347781779732,0.6402404334533919,0.05
2459,0.2199,False,2,0.0,0.18649999999999997,0.8685,85.6,0.0,0.0,0.0,1.9965959947757934,0.573377997912796,2.279490777556478,1.6054620329050635,0.4242543188091298,0.47249905662879854,0.42451886797229815,0.8508060622336753,0.05
2460,0.19313000000000002,False,2,0.0,0.1339,1.0,100.3,0.0,0.0,0.0,1.7466228849514451,0.17844663172818262,1.5329,0.06801242533537528,0.19777860824060572,0.1512483596629177,7.455147179495215e-215,0.0,0.05
2461,0.27488999999999997,False,2,0.0,0.2551,0.8544,80.0,0.0,0.0,0.0,2.253231815633288,0.7736265292399587,2.3649753072555577,1.7055446712295752,0.5704993083376263,0.5009255319600172,0.3965262451696862,0.7930904186352589,0.05
2462,0.1345800000000001,False,2,0.0,0.07710000000000002,0.9327,99.6,0.0,0.0,0.0,1.7153834842502889,0.3755630471279235,2.003607940789432,1.3929681417866022,0.1856878655828728,0.3385908754703981,0.20629110050359337,0.5981682745343473,0.05
2463,0.20062000000000005,False,2,0.0,0.1713,0.7997,79.6,0.0,0.0,0.0,2.026425098480849,0.5686927916387324,2.165869881683654,0.9904145015869545,0.47841742889647537,0.5218738366371442,0.4408286849239483,0.7232210777661745,0.05
2464,0.26273,False,2,0.0,0.1499,1.0,71.1,0.0,0.0,0.0,1.7037267736658077,0.11480631370055673,1.520300039015876,0.031116172951446336,0.19116247307435436,0.11700831387540193,1.8130228153239096e-218,0.0,0.05
2465,0.25209000000000004,False,2,0.0,0.1887,1.0,90.0,0.0,0.0,0.0,1.7786816163155224,0.18971354424585427,1.5186,0.03273896760742465,0.2459939508811065,0.1531823952003565,5.745696629071447e-189,0.0,0.05
2466,0.18819,False,2,0.0,0.07,0.9972999999999999,80.0,0.0,0.0,0.0,1.6374579697070384,0.0958733853132104,1.6544589020575944,0.33446325969520335,0.11422582920420668,0.09173302876764987,0.07990000000000087,0.2397000000000026,0.05
2467,0.24037000000000003,False,2,0.0,0.19659999999999997,0.9425000000000001,90.0,0.0,0.0,0.0,1.8096050554388179,0.3150783390483792,1.7915225702564483,0.8161070339419624,0.2957525396162716,0.2978040890614645,0.18582257025644786,0.5574677107693436,0.05
2468,0.19930000000000006,False,2,0.0,0.11940000000000002,0.9324,82.0,0.0,0.0,0.0,1.724474378963773,0.2625880968384344,1.84270940093957,0.9143287782755861,0.21637541793290782,0.28811669609181956,0.1730076088021652,0.5190228264064956,0.05
2469,0.24045000000000002,False,2,0.0,0.19140000000000001,0.8749,78.0,0.0,0.0,0.0,1.9223284105033016,0.41082869592742216,2.244736845810094,1.503041558796673,0.38446281696786055,0.3935002815592496,0.4395701791434263,0.883654849278921,0.05
2470,0.24689000000000005,False,2,0.0,0.1207,1.0,68.8,0.0,0.0,0.0,1.7160263949260337,0.16698324970728623,1.5473000000000001,0.07363429907319013,0.17207539517522938,0.14549405127450576,1.7391655834076617e-217,0.0,0.05
2471,0.26278999999999997,False,2,0.0,0.2011,0.8664,68.95,0.0,0.0,0.0,1.927010977056773,0.40786270670232183,1.8821779875568887,0.7544403389141634,0.38675914286086754,0.39095951952845354,0.2808505281803825,0.6239063696340894,0.05
2472,0.25300000000000006,False,2,0.0,0.1597,0.9047000000000001,65.1,0.0,0.0,0.0,1.8497527939929288,0.32670744512024136,1.981863353178919,0.818498512879838,0.3291135507557984,0.32225924964544206,0.36415533247955206,0.6441559663153148,0.05
2473,0.24591,False,2,0.0,0.20299999999999999,0.8686999999999999,78.4,0.0,0.0,0.0,1.9387054678998983,0.4145549769253647,2.1118105979887662,1.1634981248226262,0.40774233380961344,0.4059337152507035,0.38206537793568457,0.7685437805830071,0.05
2474,0.24808,False,2,0.0,0.15439999999999998,1.0,80.0,0.0,0.0,0.0,1.711992540154446,0.10034396600344289,1.580700000000024,0.08094695794164335,0.20132149372730015,0.10165048195693305,2.8008602817704762e-223,0.0,0.05
2475,0.25839,False,2,0.0,0.1397,1.0,69.7,0.0,0.0,0.0,1.7626625642707983,0.18924664471253833,1.5311444444444453,0.03888885873014902,0.20434198545941937,0.13625681547050866,0.009000000000000412,0.027000000000001235,0.05
2476,0.14480000000000004,False,2,0.0,0.064,1.0,100.0,0.0,0.0,0.0,1.63878245941279,0.09693077312038786,1.5185194444444445,0.025212002487792335,0.11231395905407608,0.0865981577751748,4.914206453645451e-238,0.0,0.05
2477,0.23030000000000003,False,2,0.0,0.11299999999999999,1.0,74.4,0.0,0.0,0.0,1.6805869362169783,0.13672472746849942,1.5305354166666676,0.046951801943368426,0.16045415881566755,0.1276344728270957,0.011800000000000737,0.0293455277683002,0.05
2478,0.28017000000000003,False,2,0.0,0.25029999999999997,0.7992,67.4,0.0,0.0,0.0,2.111516771021244,0.5402878213566674,2.2458672717312833,1.1635753645765787,0.5457896186840003,0.46015835183864856,0.4837307641469403,0.7707912053418864,0.05
2479,0.16760000000000005,False,2,0.0,0.097,1.0,100.15,0.0,0.0,0.0,1.6721552468134433,0.12052030484922034,1.546522222232488,0.0715342109345259,0.14022817109523109,0.09849815718319174,0.0058000000000003665,0.0174000000000011,0.05
2480,0.23609000000000005,False,2,0.0,0.16119999999999998,0.9305,77.95,0.0,0.0,0.0,1.970959281960949,0.7001001118672133,1.950508989763449,1.2906433436415359,0.3472591140086393,0.457998816456848,0.21071845407448456,0.6321553622234536,0.05
2481,0.18587000000000004,False,2,0.0,0.1393,0.9372,96.4,0.0,0.0,0.0,1.7911230499405506,0.3309109296845116,1.802194213190166,0.8530571828998313,0.2475362879604588,0.30272513152413444,0.16829421319016608,0.5042163254863056,0.05
2482,0.25448000000000004,False,2,0.0,0.16240000000000002,1.0,79.6,0.0,0.0,0.0,1.7394357867014432,0.16525764630553766,1.532239062500001,0.04627960520478111,0.21267724945190497,0.1425459029510991,0.0056000000000006765,0.016800000000002032,0.05
2483,0.15575,False,2,0.0,0.0883,0.9818,100.3,0.0,0.0,0.0,1.6843226222346412,0.12991175419189196,1.6388904513888902,0.3392954799391828,0.15292330765146592,0.10923047547945994,0.07990000000000087,0.23970000000000263,0.05
2484,0.24610999999999997,False,2,0.0,0.1668,0.9324999999999999,75.2,0.0,0.0,0.0,1.7991429203280032,0.3310758486542637,1.7781635269752503,0.6939633986811228,0.278363265519382,0.3176876272452304,0.17653958013258803,0.4841400307998274,0.05
2485,0.27329000000000003,False,2,0.0,0.21269999999999997,1.0,87.8,0.0,0.0,0.0,1.8767418043884436,0.1834329390782491,1.5416723958333343,0.0847210759615179,0.29714221439981503,0.09715447318843723,0.014000000000000682,0.04200000000000204,0.05
2486,0.20874000000000004,False,2,0.0,0.1474,0.9972,96.8,0.0,0.0,0.0,1.7694424760885852,0.2243770733205845,1.6249111111111127,0.3424135641134732,0.21048780229245737,0.15171666335887987,0.07980000000000088,0.23940000000000264,0.05
2487,0.19207000000000005,False,2,0.0,0.1326,0.8695,80.8,0.0,0.0,0.0,1.837227886096413,0.45808261325304506,2.132014711246392,1.2068719796618437,0.31376264312165286,0.43267150081136346,0.3966873259297627,0.8094827269828124,0.05
2488,0.27627,False,2,0.0,0.1661,1.0,70.0,0.0,0.0,0.0,1.7187157481647908,0.12838518818254968,1.5159000000009442,0.01952152657888136,0.1986233398126606,0.11988612000204209,1.157385355331409e-208,0.0,0.05
2489,0.23353000000000004,False,2,0.0,0.1339,1.0,80.1,0.0,0.0,0.0,1.6863399108818444,0.11714619743688442,1.5081117187500006,0.014395414364023501,0.16287564539548952,0.11131248739287881,0.002400000000000318,0.007200000000000955,0.05
2490,0.18463000000000002,False,2,0.0,0.1177,0.9408,90.0,0.0,0.0,0.0,1.751452342506284,0.3293170326315794,1.6353752141233824,0.34240460377309484,0.21692167189607123,0.28971361243392174,0.09247141199674755,0.2383926645408139,0.05
2491,0.27993999999999997,False,2,0.0,0.1996,0.8674,60.0,0.0,0.0,0.0,1.9195255348407447,0.4137607619477595,1.7671751975432735,0.444885606677361,0.3955041672064964,0.3861344320145864,0.16210034890472813,0.31827996199645914,0.05
2492,0.25260000000000005,False,2,0.0,0.1598,0.9358000000000001,70.0,0.0,0.0,0.0,1.8070414080532256,0.35124529464187393,1.8320548509068781,0.8961419111862164,0.27551675003354364,0.3301373830979084,0.17835452538604454,0.5264539820450174,0.05
2493,0.23070000000000004,False,2,0.0,0.1692,0.9342,84.0,0.0,0.0,0.0,1.8466841694088998,0.37489744245839673,1.6421952350604516,0.3643355246776014,0.30700158700157293,0.3470478537628935,0.08642891026400334,0.25928673079201003,0.05
2494,0.24872,False,2,0.0,0.20929999999999999,0.9407,90.0,0.0,0.0,0.0,1.8654194750177262,0.34695046092088727,1.8574457660710941,0.9735906934807982,0.3247070414033818,0.3099846434104323,0.21127024351938678,0.6338107305581603,0.05
2495,0.24306999999999993,False,2,0.0,0.17159999999999997,0.9324999999999999,78.4,0.0,0.0,0.0,1.8427428485201727,0.31276080840214304,1.838376060267274,0.9557331632895625,0.3103403204016123,0.31268497464872785,0.1906565119961166,0.5488624950014981,0.05
2496,0.18893000000000004,False,2,0.0,0.1268,0.9349000000000001,90.15,0.0,0.0,0.0,1.7465966756923883,0.3321274020808729,1.7716027543911221,0.7710628888594895,0.23494986247018187,0.33610633084444763,0.1844186395135478,0.5532559185406434,0.05
2497,0.27417,False,2,0.0,0.16310000000000002,1.0,70.0,0.0,0.0,0.0,1.7345370297687421,0.13082796473215685,1.5253444444450293,0.031325193978867336,0.2213134679257372,0.1210555464908931,0.007200000000000387,0.021600000000001156,0.05
2498,0.20688,False,2,0.0,0.1738,0.8734,88.4,0.0,0.0,0.0,1.8919506459030628,0.44891621007352334,2.04253703971749,1.0787101753246877,0.35402994363551843,0.41380775632622985,0.4069370397174901,0.8153389499849373,0.05
2499,0.21057,False,2,0.0,0.1289,0.9358000000000001,80.2,0.0,0.0,0.0,1.7415294459790167,0.24683223137361865,1.6216111111121365,0.34277116597568247,0.2365488692625312,0.2831734310618936,0.07980000000008003,0.23940000000024012,0.05
2500,0.30466000000000004,False,2,0.0,0.26999999999999996,0.7392,53.05,0.0,0.0,0.0,2.277048846220951,0.6312957315829538,2.417943554870276,1.1805289477926126,0.6822963183258076,0.4988636384897575,0.6876980561890359,0.9108966345302109,0.05
2501,0.25573,False,2,0.0,0.21389999999999998,1.0,97.0,0.0,0.0,0.0,1.8990802563169038,0.21208682502182696,1.560367323546944,0.046701786021000544,0.31996535540033355,0.15242794529044149,0.008600000000000406,0.02580000000000122,0.05
2502,0.25662000000000007,False,2,0.0,0.19490000000000002,0.9353,80.2,0.0,0.0,0.0,1.8872213411294336,0.3532122625991358,1.8318824264304396,0.8572019025327559,0.336100576464215,0.3260039811372579,0.23878242643043981,0.7163472792913195,0.05
2503,0.23734000000000002,False,2,0.0,0.1367,0.9935,78.2,0.0,0.0,0.0,1.7452284469958315,0.14470783105145515,1.648355555555557,0.3377418211856213,0.2024375691531401,0.11126311914804793,0.07990000000000085,0.23970000000000252,0.05
2504,0.25178,False,2,0.0,0.1881,0.9347,80.15,0.0,0.0,0.0,1.856570695499744,0.3095746637729916,1.8515071565089318,0.7658667637978211,0.3277444941562165,0.3212871273792991,0.22288167757368288,0.549478926933666,0.05
2505,0.19567000000000007,False,2,0.0,0.10810000000000002,1.0,90.0,0.0,0.0,0.0,1.704009700664296,0.2245359232241868,1.518525,0.043595649152180296,0.16342442929292333,0.18217381796949436,4.70687468368005e-185,0.0,0.05
2506,0.21433000000000008,False,2,0.0,0.15009999999999998,0.8682000000000001,75.6,0.0,0.0,0.0,1.8693425466218812,0.43726019989722276,2.1514644282962947,1.244491234020048,0.3523470523685513,0.4347371408751995,0.4050230115578177,0.810707244708552,0.05
2507,0.22918000000000002,False,2,0.0,0.1431,0.9317,75.25,0.0,0.0,0.0,1.8313094047428173,0.4685500104158719,1.997887356962341,1.3410499809160417,0.2813351828542209,0.3741429866733712,0.21091376325470118,0.5863152530465036,0.05
2508,0.22605000000000003,False,2,0.0,0.164,0.9385,85.15,0.0,0.0,0.0,1.750197071174108,0.2555727205519402,1.7995685775570294,0.7951024045516013,0.2538225883970289,0.26865639818164283,0.17418858169380352,0.5225657450814106,0.05
2509,0.21476000000000003,False,2,0.0,0.1068,1.0,80.0,0.0,0.0,0.0,1.6724354901287104,0.1064862758596714,1.5493946180555562,0.0708861233451967,0.15543585809134444,0.10880540798907505,0.010900000000000517,0.03270000000000155,0.05
2510,0.22445000000000004,False,2,0.0,0.184,0.8095000000000001,73.6,0.0,0.0,0.0,1.9593280176401877,0.4823956553374558,2.28409633134617,1.1290759454036383,0.43847974690490765,0.4831258080299571,0.5751322825588372,0.8835388954255474,0.05
2511,0.24893,False,2,0.0,0.15889999999999999,1.0,81.15,0.0,0.0,0.0,1.7738253075784989,0.16844039633136212,1.5082,0.01639999999999997,0.2317471316028942,0.13866100334458228,1.9476667038804003e-209,0.0,0.05
2512,0.23365000000000005,False,2,0.0,0.1625,1.0,90.05,0.0,0.0,0.0,1.7525835464440445,0.13680302489174095,1.5193000000000036,0.03863172271592165,0.21053746599510226,0.1077993487199687,1.7324096934464817e-224,0.0,0.05
2513,0.25959,False,2,0.0,0.1902,0.8774999999999998,68.4,0.0,0.0,0.0,1.8807218096774332,0.4284037288098302,1.7570811436559537,0.46485441743922534,0.3465214076110882,0.3738859071394511,0.15979062570028174,0.31958125208823535,0.05
2514,0.21978000000000003,False,2,0.0,0.14980000000000002,0.8684000000000001,72.8,0.0,0.0,0.0,1.8342730845784125,0.39678891451763854,2.0326992880142942,1.0294100937397348,0.3224432007643672,0.4135925554012112,0.29637286618455005,0.6193920336389377,0.05
2515,0.17373000000000005,False,2,0.0,0.10189999999999999,1.0,98.8,0.0,0.0,0.0,1.6775410566133953,0.1770524174373601,1.535423350694445,0.029824475133966553,0.14433594270035083,0.13445379603088067,0.0022000000000003154,0.006600000000000947,0.05
2516,0.18954000000000004,False,2,0.0,0.15309999999999999,0.8539000000000001,86.9,0.0,0.0,0.0,1.951267735117043,0.5315602830208326,2.3436278462837445,1.464837473041115,0.37988842619270413,0.4572655733850097,0.42211039146495466,0.6870548059048209,0.05
2517,0.16606000000000004,False,2,0.0,0.12169999999999999,0.9309000000000001,99.2,0.0,0.0,0.0,1.747403057808544,0.30082663060797526,1.8071520965074341,0.6718657704572323,0.22995749647736013,0.31436104860813674,0.2163574784518784,0.5706279761040053,0.05
2518,0.22692000000000004,False,2,0.0,0.1753,0.8727,78.8,0.0,0.0,0.0,1.9057852279349965,0.4472135425171459,2.0033620763641276,0.8725386438311594,0.36793495610316196,0.4081539247284858,0.31365076818746196,0.5585287341872379,0.05
2519,0.23626999999999998,False,2,0.0,0.2084,0.9362999999999999,95.25,0.0,0.0,0.0,1.8923903379448554,0.3156440639061523,1.7314250127162438,0.43204512511857024,0.3465065374234171,0.28556725064197286,0.1295499998297091,0.25593167496562264,0.05
2520,0.16946000000000006,False,2,0.0,0.0958,1.0,98.8,0.0,0.0,0.0,1.6743266849039529,0.1438350365956513,1.539188888890298,0.04974388851491608,0.14560945112199272,0.13052893214727318,0.006400000000000375,0.019200000000001126,0.05
2521,0.19401000000000002,False,2,0.0,0.1263,1.0,97.2,0.0,0.0,0.0,1.6895711356503202,0.13620715244951803,1.5220666666666685,0.037964544863160796,0.1672870706370817,0.1273756362557925,0.009000000000000697,0.025694357357210932,0.05
2522,0.28069,False,2,0.0,0.1767,1.0,71.5,0.0,0.0,0.0,1.832365436392243,0.24782959552088546,1.5186,0.03273896760742465,0.2560180609406867,0.16821866187658094,1.485219713946317e-213,0.0,0.05
2523,0.20257000000000006,False,2,0.0,0.12890000000000001,0.9318,83.6,0.0,0.0,0.0,1.7835397544756357,0.385487223831545,1.8109305911529934,0.8343308447216525,0.2518882539027034,0.34908624109102243,0.12340000000000037,0.3493880936723515,0.05
2524,0.20332000000000003,False,2,0.0,0.1754,0.8608,88.85,0.0,0.0,0.0,2.0273637054323608,0.7395530503748535,2.113966786978408,1.2308879037677396,0.4288365964313738,0.5272824959583313,0.37820012031174005,0.756601362674205,0.05
2525,0.19936000000000006,False,2,0.0,0.08480000000000001,1.0,80.0,0.0,0.0,0.0,1.6262841944290152,0.08621086841376399,1.5707946180754242,0.11454983957390628,0.11521654914076498,0.08970122304435166,5.286060584314334e-240,0.0,0.05
2526,0.25371,False,2,0.0,0.1343,1.0,70.15,0.0,0.0,0.0,1.6688807720883183,0.08678598003600142,1.555283506944446,0.10468773344493004,0.16482258709230962,0.09088992638964619,0.03110000000000109,0.06894410779755065,0.05
2527,0.17093000000000003,False,2,0.0,0.10190000000000002,1.0,100.2,0.0,0.0,0.0,1.6716518746478737,0.13747628569219145,1.5708000000740334,0.05971398506108079,0.14423169139530334,0.10378085246899425,6.754033954086087e-227,0.0,0.05
2528,0.20257000000000003,False,2,0.0,0.1476,0.9324999999999999,90.25,0.0,0.0,0.0,1.7617238980554806,0.28720104390639817,1.7570089263205169,0.7094274825909835,0.2571696050903849,0.30258284762246657,0.1642374083593665,0.47757585279445297,0.05
2529,0.23951,False,2,0.0,0.16119999999999998,0.8728999999999999,67.6,0.0,0.0,0.0,1.8872273543303826,0.46878798956966794,1.892509067275379,0.8099300227711017,0.3416729078708336,0.4067590667369008,0.23887295214476362,0.5094151574359105,0.05
2530,0.17245000000000005,False,2,0.0,0.10450000000000001,1.0,100.35,0.0,0.0,0.0,1.7145053310177587,0.21450176325389736,1.5300000000000005,0.05889482150410273,0.15543456654871216,0.13931812655202674,7.082549505576937e-221,0.0,0.05
2531,0.23897000000000004,False,2,0.0,0.1391,1.0,79.2,0.0,0.0,0.0,1.6953471761752723,0.13566816120385297,1.526,0.03128577951721837,0.17676518291919746,0.1275528326358535,4.8667943389361345e-210,0.0,0.05
2532,0.21586000000000002,False,2,0.0,0.11979999999999999,1.0,84.0,0.0,0.0,0.0,1.6606761113065893,0.090198224634838,1.5131999999999999,0.016928083175599025,0.1544364777365745,0.10067837387429512,8.904094906939928e-237,0.0,0.05
2533,0.28817,False,2,0.0,0.1881,1.0,71.75,0.0,0.0,0.0,1.8359231192932257,0.23711637267214886,1.5183168402777785,0.03743268982630698,0.26100779214918823,0.15314939394143862,0.0033000000000004094,0.009900000000001227,0.05
2534,0.27765000000000006,False,2,0.0,0.2359,0.8724000000000001,74.6,0.0,0.0,0.0,2.1212915145056224,0.5851296438687847,1.9599289894604688,1.0227014668932553,0.5022054163399216,0.4319891221509185,0.2778126354318446,0.6152971456955237,0.05
2535,0.23216000000000006,False,2,0.0,0.1865,0.9327,89.1,0.0,0.0,0.0,1.8679782171134875,0.36492371433944626,1.7789474501782887,0.7731750884858606,0.3141398438506153,0.33770393278703287,0.1631920335754901,0.48857691943140447,0.05
2536,0.23651999999999998,False,2,0.0,0.1861,0.9324999999999999,86.75,0.0,0.0,0.0,1.872151095583042,0.3296076255240635,1.8059834258983187,0.8654899496842496,0.3181844016103782,0.3202156226557082,0.16911554391546219,0.500715471088905,0.05
2537,0.22688,False,2,0.0,0.21059999999999998,0.8652000000000001,90.05,0.0,0.0,0.0,2.064429632358253,0.5676097428935849,2.195518522735486,1.4355944481893554,0.4515019784935433,0.4366585468389009,0.382062803223422,0.7460656819913184,0.05
2538,0.20919999999999997,False,2,0.0,0.1617,0.8626999999999999,81.4,0.0,0.0,0.0,1.9666054195756726,0.6962827106265526,2.1438500892731196,1.30190617374312,0.38174277189383987,0.49108662910443296,0.3568928994839909,0.7147727244686402,0.05
2539,0.23253,False,2,0.0,0.1538,0.9359,77.95,0.0,0.0,0.0,1.8083821846635881,0.3501787776399337,1.7798928144312662,0.7252201858955735,0.2663940739464774,0.30991685444846334,0.1938928144312661,0.5816784432937983,0.05
2540,0.25834,False,2,0.0,0.18580000000000002,0.8725999999999999,66.75,0.0,0.0,0.0,1.9313908787644187,0.4240151284484572,1.9127672388781811,0.7551829608749168,0.3843208216090144,0.4007002608121554,0.2669503582497944,0.5669461901018519,0.05
2541,0.25614000000000003,False,2,0.0,0.17130000000000004,0.9420999999999999,73.2,0.0,0.0,0.0,1.8357436556292357,0.39270894113644916,1.794691436560037,0.7844168481121508,0.27813046119603013,0.32801311139028694,0.18129143655892438,0.5438743096767731,0.05
2542,0.27543000000000006,False,2,0.0,0.17559999999999998,0.8737,54.8,0.0,0.0,0.0,1.8808284854375699,0.42351731840596835,1.9286000134631227,0.925853480682276,0.35668795673577597,0.4059733636637935,0.19380000018381147,0.39507209496763723,0.05
2543,0.27368000000000003,False,2,0.0,0.1894,1.0,79.45,0.0,0.0,0.0,1.741936680646773,0.1010418681220931,1.5151999999999999,0.030808440401941823,0.22967220473790176,0.10266213265809547,9.96719381909244e-207,0.0,0.05
2544,0.17985000000000007,False,2,0.0,0.08550000000000002,1.0,90.0,0.0,0.0,0.0,1.640691638177982,0.08075833641842213,1.5453003255208337,0.07793332178332217,0.11922830404232261,0.08361889702928901,0.0026000000000003212,0.007800000000000964,0.05
2545,0.15797000000000005,False,2,0.0,0.11200000000000002,0.9319000000000001,100.0,0.0,0.0,0.0,1.863324748000942,0.615077990435228,1.9399146737252657,1.2855360977591634,0.27065602202534345,0.43399194058104174,0.19997609747441936,0.5999282924232581,0.05
2546,0.34875,False,2,0.0,0.2125,1.0,50.0,0.0,0.0,0.0,1.780595807904589,0.1356175132396211,1.5593000216621484,0.07231468951351863,0.2581041538311877,0.12141883556507048,1.3377742446211321e-198,0.0,0.05
2547,0.23843999999999999,False,2,0.0,0.1952,0.8059999999999998,70.0,0.0,0.0,0.0,1.935496020988149,0.3439437970060074,2.0591763414347466,0.8345402002134232,0.4382623555399491,0.3848139252090155,0.3535763414347591,0.6151297655445311,0.05
2548,0.19241000000000005,False,2,0.0,0.12779999999999997,0.9265000000000001,87.5,0.0,0.0,0.0,1.8882884129887045,0.6300040559029025,2.1319331858113735,1.3356244810343316,0.29072763718542105,0.42603569422514836,0.3108530989317873,0.6371363143248294,0.05
2549,0.20093000000000003,False,2,0.0,0.1298,0.9359,85.35,0.0,0.0,0.0,1.7434975641755606,0.27371515194377316,1.796894715740045,0.8042934164730227,0.2263059132298204,0.28778986882193186,0.21769461614465718,0.6530838484339715,0.05
2550,0.22880000000000003,False,2,0.0,0.1748,0.9318,86.55,0.0,0.0,0.0,1.87130771224381,0.3560432505392291,1.619654449945188,0.32699204353643196,0.32185097827636594,0.31688285407446587,0.08028719433739989,0.24086158301219968,0.05
2551,0.21517,False,2,0.0,0.1346,0.9365,80.0,0.0,0.0,0.0,1.7588695703742274,0.29486508032349956,1.6737083333676483,0.3413407584246411,0.23882015588137614,0.27453060234200216,0.10560000000001583,0.24328057875634307,0.05
2552,0.25520000000000004,False,2,0.0,0.1651,0.9320999999999999,70.0,0.0,0.0,0.0,1.8185197169461986,0.3720653663878142,1.9415845385664288,1.0489618583650289,0.29346173253999425,0.34587392742807843,0.22537918150469624,0.5594864922105973,0.05
2553,0.2095100000000001,False,2,0.0,0.123,0.9367000000000001,78.8,0.0,0.0,0.0,1.7613326662548823,0.30536894136820053,1.618755555555558,0.34411019552851324,0.24242972067503493,0.3050270506984432,0.0799000000000004,0.23970000000000122,0.05
2554,0.3159100000000001,False,2,0.0,0.23010000000000003,0.8768,54.1,0.0,0.0,0.0,1.9904321683255397,0.41332048183316505,1.9164849514207472,0.8511154999607953,0.42392951201625156,0.3713962365416872,0.18060000000469514,0.36435592489457175,0.05
2555,0.28391,False,2,0.0,0.192,0.9357,65.6,0.0,0.0,0.0,1.828651831441197,0.29662417635602734,1.8472728997294472,0.933419522764559,0.3131166810373898,0.31833096778645414,0.24647287201991025,0.7394186160597308,0.05
2556,0.13202000000000003,False,2,0.0,0.07270000000000001,0.9371,100.0,0.0,0.0,0.0,1.697217105729782,0.3132440168195114,1.7057555554315147,0.497249661327861,0.1727958669084066,0.3046231676310652,0.09199999986294209,0.27599999958882626,0.05
2557,0.30082000000000003,False,2,0.0,0.2385,0.9349000000000001,73.3,0.0,0.0,0.0,1.9365363348388898,0.32198498877635245,1.764612807607008,0.6623588117186674,0.37526216171495164,0.2763308686228182,0.1696075646894954,0.5088226940684861,0.05
2558,0.27749999999999997,False,2,0.0,0.19579999999999997,0.9347999999999999,70.0,0.0,0.0,0.0,1.837148442274226,0.19324493181826874,1.728955555375666,0.4144110891120295,0.33328089332008837,0.23999532343422292,0.1455000000421581,0.29280070023001087,0.05
2559,0.19591999999999998,False,2,0.0,0.11459999999999997,1.0,92.15,0.0,0.0,0.0,1.6965398993359773,0.16493680410042524,1.5326555813259553,0.06201166197126029,0.16181505606315053,0.13324010918668724,0.0034000000000003324,0.010200000000000998,0.05
2560,0.30047,False,2,0.0,0.1996,0.9385,60.4,0.0,0.0,0.0,1.8371965499790477,0.34490119739149394,1.636622224171958,0.33961591622617937,0.3232219346960314,0.31293533016035546,0.08400000000000062,0.2383291841130673,0.05
2561,0.25863,False,2,0.0,0.2286,0.8667,80.7,0.0,0.0,0.0,1.9900045607170127,0.32650462975239103,1.8962014483007317,0.7505289561235624,0.4392371545383771,0.3534918621820013,0.28027830718761976,0.6222387946444642,0.05
2562,0.2588800000000001,False,2,0.0,0.1963,0.9329000000000001,79.2,0.0,0.0,0.0,1.868147150533225,0.3403368095444148,1.794456038120357,0.691396761781201,0.33747624790770003,0.3261352420762691,0.18455603218597033,0.54967973982456,0.05
2563,0.30304000000000003,False,2,0.0,0.20140000000000002,0.9332,58.95,0.0,0.0,0.0,1.8624634587313946,0.21341463318160853,1.865695121994293,0.9964772252334833,0.3300267465346082,0.23225720539354705,0.17537068723328547,0.5261120616998564,0.05
2564,0.17621000000000006,False,2,0.0,0.09270000000000002,0.9364000000000001,84.8,0.0,0.0,0.0,1.694886600538458,0.2693136665394002,1.6401556257469783,0.3406174323660691,0.1842714712085073,0.28078516000949083,0.08930000000000124,0.2364715839165469,0.05
2565,0.19845000000000002,False,2,0.0,0.15889999999999999,0.9334,96.4,0.0,0.0,0.0,1.780538624080697,0.33188358214089475,1.8022938438846243,0.8623841152837847,0.2640270324532321,0.3280513961310829,0.17699384388462427,0.5309815316538727,0.05
2566,0.20446000000000006,False,2,0.0,0.18710000000000002,0.8573000000000001,91.85,0.0,0.0,0.0,1.9825251480168062,0.49360759859717607,2.4006562355824372,1.6044261766032668,0.44009917057300135,0.4612997207017387,0.49186210377603456,0.8192625404542511,0.05
2567,0.24603,False,2,0.0,0.15489999999999998,1.0,81.2,0.0,0.0,0.0,1.7357464794810054,0.1354373483631907,1.5414204861111147,0.03709579070566905,0.20838471693386124,0.1258154623058545,9.15262393767376e-213,0.0,0.05
2568,0.27391000000000004,False,2,0.0,0.2163,0.875,70.0,0.0,0.0,0.0,1.9880612304562906,0.46138457887109513,2.0098680125988704,0.8428305357609964,0.4342094031476654,0.41448196045935726,0.2735365487712522,0.4304982912271643,0.05
2569,0.21467999999999998,False,2,0.0,0.10639999999999998,0.9339999999999999,70.0,0.0,0.0,0.0,1.7871648751026459,0.4657799153871211,1.7829103676922329,0.7699496928844554,0.23037221925187504,0.39627396900546386,0.22184370102555948,0.6393095158046447,0.05
2570,0.20966,False,2,0.0,0.11779999999999999,1.0,86.4,0.0,0.0,0.0,1.6603989470046432,0.10338720289787828,1.543922222222223,0.06294220453011874,0.15044224874563114,0.10377456712795739,0.01300000000000047,0.03900000000000141,0.05
2571,0.18295000000000003,False,2,0.0,0.1478,0.8653000000000001,90.05,0.0,0.0,0.0,1.9239457000960336,0.6307507772962816,1.9000798146345943,0.7685607600708839,0.37030434157081366,0.48847660430449164,0.2949464485826413,0.6627944166593867,0.05
2572,0.21926,False,2,0.0,0.1565,0.9337,85.2,0.0,0.0,0.0,1.7677434560577239,0.2868903736242314,1.7814206253747031,0.7561578821762411,0.259543942618966,0.30794149780999164,0.19198976768553835,0.575969303056615,0.05
2573,0.2413,False,2,0.0,0.1924,0.8754,78.0,0.0,0.0,0.0,1.9449433835161158,0.4363817124230438,2.0004565107629135,0.8272715370067935,0.39480217511830684,0.39669992668859233,0.3483454013065789,0.6486909860156262,0.05
2574,0.17462000000000005,False,2,0.0,0.1066,1.0,100.0,0.0,0.0,0.0,1.6675197513503246,0.19900303267200603,1.5244368055555555,0.037289061885286426,0.1472157019670964,0.15014308638122606,1.7955301997039222e-190,0.0,0.05
2575,0.16524000000000005,False,2,0.0,0.0932,1.0,100.0,0.0,0.0,0.0,1.6167181661717045,0.048892317159893735,1.5756000000000001,0.09362606474694961,0.11629074973822817,0.05726604588036402,1.6489340577919109e-230,0.0,0.05
2576,0.1827,False,2,0.0,0.15159999999999998,0.8606,90.8,0.0,0.0,0.0,2.0856109116847503,0.7980430889345529,2.0647615248423654,1.109076445133952,0.42920395491879243,0.5559851710002122,0.3602138769655327,0.7236202679510789,0.05
2577,0.20147000000000004,False,2,0.0,0.14780000000000001,0.9027000000000001,86.4,0.0,0.0,0.0,1.871627762815115,0.4126848821311552,2.0103407207844484,1.088352262661635,0.30012443863804517,0.3421760272090645,0.24992436675582388,0.5391115028845143,0.05
2578,0.17961,False,2,0.0,0.1116,0.9382999999999999,90.0,0.0,0.0,0.0,1.7150616688429303,0.26632453558725216,1.6119679743535902,0.3199972443125541,0.2049586397277961,0.29435580540487744,0.07997075439990749,0.23991226319972245,0.05
2579,0.23908000000000001,False,2,0.0,0.1389,0.9395,70.0,0.0,0.0,0.0,1.791201635636718,0.36872803612991284,1.6348473963956114,0.3417144519139748,0.26026100406807495,0.32637521527587393,0.07990004487623775,0.23970013462871326,0.05
2580,0.21282000000000006,False,2,0.0,0.1292,0.8746,70.0,0.0,0.0,0.0,1.7984984323018935,0.3172188686973859,1.9050266795681978,0.7439726814632681,0.28480500511167334,0.34442508152371354,0.2630082618963388,0.491142105294128,0.05
2581,0.25362000000000007,False,2,0.0,0.1613,0.9367000000000001,70.15,0.0,0.0,0.0,1.8300902447374683,0.4431770257270307,2.043471900260918,1.5553512331434924,0.2933307298409302,0.36950098176052515,0.19999999067673835,0.5999999720302152,0.05
2582,0.29357,False,2,0.0,0.19069999999999998,0.9336,60.0,0.0,0.0,0.0,1.8152820423995881,0.23371935925226967,1.778273849632812,0.7510728355429577,0.3048053036055164,0.2564426387591558,0.16867384895421028,0.5060215468626308,0.05
2583,0.30561000000000005,False,2,0.0,0.22519999999999998,0.9339000000000001,66.1,0.0,0.0,0.0,1.8745991388219505,0.3066083981903407,1.960571377836736,1.339983393904116,0.3556909690307867,0.28516890123318306,0.1999971420655789,0.5999914261967366,0.05
2584,0.21055000000000007,False,2,0.0,0.1537,0.9432,90.0,0.0,0.0,0.0,1.7686015344795585,0.2712619786499104,1.6591111111260015,0.3341031111631352,0.249343255603445,0.2738809043922902,0.07980000000000022,0.23940000000000064,0.05
2585,0.27478000000000014,False,2,0.0,0.21670000000000003,0.8713000000000001,69.15,0.0,0.0,0.0,2.026205727735621,0.5446812810186467,2.099688857330962,1.361815410781368,0.45914815429403494,0.4426766322480395,0.2940639905810435,0.6604932053873842,0.05
2586,0.28605,False,2,0.0,0.20729999999999998,0.8698,60.0,0.0,0.0,0.0,1.8997585936893402,0.34981316778344185,2.0238610217366726,1.0422541166726136,0.3959580286178022,0.37502916460632424,0.3765087549602853,0.7680041389571752,0.05
2587,0.14704,False,2,0.0,0.0672,1.0,100.0,0.0,0.0,0.0,1.6200626231284745,0.07024427427323203,1.5015000000000007,0.0038794329482539605,0.10214574610674723,0.07911638322055504,0.00020000000000078446,0.0006000000000006007,0.05
2588,0.27856000000000003,False,2,0.0,0.1847,0.9349000000000001,65.6,0.0,0.0,0.0,1.8413885896667597,0.36740568485344544,1.84470082663033,0.9952102008279147,0.3131289180171717,0.31700687817811546,0.17692891704615057,0.5307867511384518,0.05
2589,0.2133,False,2,0.0,0.12889999999999996,0.8769,70.0,0.0,0.0,0.0,1.8035726381272519,0.37539076996125437,1.9302144116171571,0.8368630763574518,0.2946010504033526,0.38142667195328644,0.28689218939493394,0.6403051119343514,0.05
2590,0.27642,False,2,0.0,0.18819999999999998,0.9356,68.0,0.0,0.0,0.0,1.8261298874912402,0.32544945863241465,1.8271577614975558,0.8828169409760396,0.29849560640242434,0.2969877972832171,0.17225776149755573,0.5167732844926672,0.05
2591,0.24278000000000008,False,2,0.0,0.1514,1.0,81.6,0.0,0.0,0.0,1.7168717088244663,0.18954959500092372,1.5135,0.02271233145231903,0.1924743354297492,0.1623231494034262,5.479523302482182e-195,0.0,0.05
2592,0.22848,False,2,0.0,0.19569999999999999,0.8773,85.85,0.0,0.0,0.0,1.8747880434445456,0.3857819871809123,1.7310668178740496,0.459395272975958,0.358537011830286,0.3703694034881823,0.15970000596044462,0.31940009020196725,0.05
2593,0.28651000000000004,False,2,0.0,0.1693,1.0,66.0,0.0,0.0,0.0,1.728753235155671,0.1628483222328858,1.5263,0.03656514734005591,0.20839655714104272,0.14958475458142312,5.3514074276931606e-198,0.0,0.05
2594,0.18345000000000006,False,2,0.0,0.12869999999999998,0.8672000000000001,83.4,0.0,0.0,0.0,1.8733811385052217,0.5329631349117998,2.1533536581293284,1.2309386672490967,0.31782190213705613,0.43663352375886866,0.3963536581293283,0.805405252073881,0.05
2595,0.28593999999999997,False,2,0.0,0.24249999999999994,0.8673,72.0,0.0,0.0,0.0,1.9680993378919047,0.3365033603889582,2.11361692325566,1.252734654345998,0.44749652650446603,0.35834811718090914,0.38983079804603815,0.7796974717185993,0.05
2596,0.27534000000000003,False,2,0.0,0.2113,0.9381,77.0,0.0,0.0,0.0,1.8634290487225318,0.24922294246483248,1.645132164093242,0.33682944807826387,0.3405119725725829,0.26195961862540523,0.07990508874588596,0.23971526623765788,0.05
2597,0.23706000000000002,False,2,0.0,0.15899999999999997,0.9342,77.25,0.0,0.0,0.0,1.8318534772329094,0.3344757146865589,1.8483133664406683,0.8823692300454619,0.29008450151482135,0.3240932763591502,0.16922334358000696,0.5076700307400209,0.05
2598,0.22693000000000005,False,2,0.0,0.1639,0.8620000000000001,73.2,0.0,0.0,0.0,1.960845756378544,0.6469767152648924,2.0266512911818784,0.9932294986402708,0.3961677322825533,0.5179584660172145,0.3548647982610351,0.7114876557809489,0.05
2599,0.16306000000000004,False,2,0.0,0.07980000000000001,1.0,96.4,0.0,0.0,0.0,1.6437906380668985,0.14848008648545166,1.5310502658420142,0.05125267372224194,0.12179645824700414,0.12340796515229066,1.306411313614646e-201,0.0,0.05
2600,0.22129000000000007,False,2,0.0,0.10470000000000002,1.0,76.0,0.0,0.0,0.0,1.6792361704339882,0.11983375342813705,1.637011124674481,0.2274724537765142,0.15818428196932127,0.11742169835382667,0.059000000000001274,0.1653487224020824,0.05
2601,0.16899000000000003,False,2,0.0,0.1105,0.9348000000000001,94.4,0.0,0.0,0.0,1.7417703571595076,0.33186794040382384,1.8610373955629533,0.902764077984439,0.22190384081685574,0.3229622542404145,0.1766806659661011,0.4904150035514435,0.05
2602,0.20629000000000006,False,2,0.0,0.0947,1.0,80.0,0.0,0.0,0.0,1.6493399409422795,0.11673160025905605,1.527522225952149,0.032162593511724666,0.12401856261513824,0.11058663713602279,0.004000000000000341,0.012000000000001022,0.05
2603,0.25146,False,2,0.0,0.20459999999999998,0.8008,66.0,0.0,0.0,0.0,1.9530947226353355,0.40636290177433915,2.2279635343517676,1.1448370603735751,0.45802905557834606,0.42054532786366405,0.4844750113338304,0.8138744138724234,0.05
2604,0.25946,False,2,0.0,0.17980000000000002,1.0,83.2,0.0,0.0,0.0,1.7687348372880596,0.194444958972824,1.5388,0.04879713106320905,0.23209258238167646,0.15266005872708902,5.879771583881718e-186,0.0,0.05
2605,0.16060000000000002,False,2,0.0,0.1085,0.9355,98.0,0.0,0.0,0.0,1.7505715046314934,0.36053195439200725,1.7925749987464434,0.6963485624346121,0.22065756821916307,0.3367860697277992,0.17157224401627247,0.5147167320488174,0.05
2606,0.22540000000000002,False,2,0.0,0.11399999999999999,1.0,77.2,0.0,0.0,0.0,1.6997976170710118,0.1619604409444847,1.5010999999999999,0.0033000000000000364,0.16631389342796693,0.13038954347179707,3.3721750502712974e-196,0.0,0.05
2607,0.17651,False,2,0.0,0.1093,1.0,100.0,0.0,0.0,0.0,1.6637086282938394,0.13133340163031465,1.5125729166666668,0.01639727929350378,0.14563146649255512,0.12155262048984657,3.266050395058728e-202,0.0,0.05
2608,0.26995,False,2,0.0,0.1645,1.0,72.6,0.0,0.0,0.0,1.7883058750586975,0.18665313635144312,1.5259000535753038,0.06301180226612393,0.23647609872088968,0.13059154052303745,1.101309825003011e-218,0.0,0.05
2609,0.2911600000000001,False,2,0.0,0.15880000000000002,1.0,60.0,0.0,0.0,0.0,1.7237081331391046,0.149351741001532,1.5051999999999999,0.010400000000000008,0.20429348114076892,0.14514571047320346,1.057087049574902e-206,0.0,0.05
2610,0.15908000000000005,False,2,0.0,0.0844,1.0,100.0,0.0,0.0,0.0,1.6098918820708132,0.03209229858055848,1.5082269097222223,0.016386738472127547,0.10672194079896535,0.054600796629281106,1.9196118953763677e-240,0.0,0.05
2611,0.25011000000000005,False,2,0.0,0.1593,0.867,60.75,0.0,0.0,0.0,1.9915772375377885,0.6081674984149165,2.0192074135001845,1.0160124093746377,0.3862524315277082,0.4813443916395476,0.4103937162678206,0.8269583555949659,0.05
2612,0.21962,False,2,0.0,0.20750000000000002,0.8568999999999999,91.35,0.0,0.0,0.0,2.1491800221347246,0.7441944210715078,2.061348201951504,1.05248681062417,0.48441560601444705,0.5050804635914453,0.4270859032981633,0.8542023961143427,0.05
2613,0.28717000000000004,False,2,0.0,0.1691,1.0,65.6,0.0,0.0,0.0,1.7508163838172106,0.13749943852553198,1.5052061217361028,0.012373374001701817,0.2315264990440815,0.13074464603376362,9.20654578373224e-219,0.0,0.05
2614,0.21991,False,2,0.0,0.14189999999999997,0.8686,70.0,0.0,0.0,0.0,1.8969996854808298,0.5084599656422575,2.1841171483737796,1.2635157337728955,0.3449478400010667,0.446577948316027,0.3412176928230246,0.6828646810863819,0.05
2615,0.24647000000000005,False,2,0.0,0.184,0.9339000000000001,81.25,0.0,0.0,0.0,1.8619451289203177,0.3702553345149094,1.8058037287376891,0.7800025743772188,0.3130203401405761,0.3387118199316184,0.20042595095991106,0.568092388936728,0.05
2616,0.24139000000000005,False,2,0.0,0.20270000000000002,1.0,100.25,0.0,0.0,0.0,1.7751839805789404,0.18398153748768722,1.5421,0.07119332833910771,0.2469585582985608,0.13584999318515198,1.6692042786329274e-199,0.0,0.05
2617,0.18959000000000004,False,2,0.0,0.11969999999999999,1.0,97.1,0.0,0.0,0.0,1.6960133315548245,0.14098816748650705,1.5259000617136973,0.03519221486293803,0.16071832594556928,0.09680677903673392,3.685709322645883e-238,0.0,0.05
2618,0.26239,False,2,0.0,0.16469999999999999,1.0,76.45,0.0,0.0,0.0,1.8001595937878867,0.19386056084394873,1.5933131944444463,0.15887613082672639,0.2407347789950694,0.15244938222525914,0.04010000000000126,0.11378967439974787,0.05
2619,0.27375000000000005,False,2,0.0,0.18050000000000002,1.0,76.3,0.0,0.0,0.0,1.8639493576538109,0.19026003595291577,1.5620855810059615,0.062180838621574225,0.2724958842635739,0.12322523349074072,7.881874403917228e-218,0.0,0.05
2620,0.25856,False,2,0.0,0.1408,1.0,70.0,0.0,0.0,0.0,1.6915227991586008,0.10078788869144573,1.5192999999999999,0.02645392220446715,0.18537552319837514,0.10312528014584948,1.7231017216526417e-225,0.0,0.05
2621,0.24412000000000003,False,2,0.0,0.1446,1.0,78.55,0.0,0.0,0.0,1.736301374689288,0.17533569934188606,1.5147,0.022534640001562016,0.19345123970109537,0.13747499358021098,1.2338317315038857e-212,0.0,0.05
2622,0.23124,False,2,0.0,0.2052,0.858,84.9,0.0,0.0,0.0,2.0882878961808418,0.675683979104454,2.045372394100041,1.0616300010348254,0.46819336887917756,0.4815910473693437,0.3283229123857958,0.6953658254368847,0.05
2623,0.19483000000000006,False,2,0.0,0.10690000000000002,1.0,90.0,0.0,0.0,0.0,1.6686858808978662,0.13278860870080583,1.5178000244458516,0.0314350303688878,0.14212762108087704,0.12374545789119389,6.835563230546987e-207,0.0,0.05
2624,0.20526000000000003,False,2,0.0,0.1395,0.9337,86.25,0.0,0.0,0.0,1.8164399941369158,0.3605239140103319,1.7911567996040234,0.7824718038475823,0.26019119716904165,0.3238171213322233,0.22431235515951609,0.6320544126850789,0.05
2625,0.28514,False,2,0.0,0.20629999999999998,0.8690999999999999,60.0,0.0,0.0,0.0,1.9224072396955332,0.42342476582078437,1.9228436800931668,0.842735476969041,0.3911042843801884,0.3899753434754934,0.30986016332648775,0.6897535844832577,0.05
2626,0.2913,False,2,0.0,0.182,1.0,68.05,0.0,0.0,0.0,1.7729857376847953,0.17096615032753198,1.532479166666691,0.054132243068125,0.24206140967050116,0.14563202260105265,0.0014000000000003042,0.004200000000000912,0.05
2627,0.2684200000000001,False,2,0.0,0.1666,0.93,63.6,0.0,0.0,0.0,1.8647005706980102,0.4142834879181882,1.8974055214826084,1.1180810747308332,0.3248725335140795,0.36491557396952473,0.20836486189177572,0.6184566650663057,0.05
2628,0.22985000000000003,False,2,0.0,0.1542,0.9397,80.0,0.0,0.0,0.0,1.7921403059404564,0.37282984036330225,1.7622687797930723,0.6754733585470215,0.2545181269317428,0.30762829758345084,0.16736877979307244,0.5021063393792172,0.05
2629,0.19798000000000002,False,2,0.0,0.11239999999999999,1.0,90.35,0.0,0.0,0.0,1.6788109924969106,0.12625979995348907,1.5282083333333334,0.025890293387033404,0.1526534998489483,0.10266943928443471,1.3685191107355186e-229,0.0,0.05
2630,0.22915,False,2,0.0,0.1285,1.0,80.4,0.0,0.0,0.0,1.6891826869048046,0.1318245343664949,1.5248890072504684,0.034552324501232606,0.1687706185026164,0.12976892517415797,0.0046000000000003495,0.01380000000000105,0.05
2631,0.20532000000000006,False,2,0.0,0.1196,1.0,89.2,0.0,0.0,0.0,1.6801581700999648,0.13217302475658976,1.5514117187538752,0.07717099916266892,0.1529071957157189,0.11802031612201912,0.002400000000000318,0.007200000000000955,0.05
2632,0.19254000000000004,False,2,0.0,0.13140000000000002,0.9352,90.0,0.0,0.0,0.0,1.730025448291967,0.29587149770360466,1.7786020627120487,0.821229324006403,0.22928280321811595,0.3112792958679046,0.2012020627120486,0.6036061881361457,0.05
2633,0.24531000000000006,False,2,0.0,0.1891,0.8648,73.25,0.0,0.0,0.0,1.9439216014051297,0.4387890428637738,2.090729039665065,1.243304457781801,0.41103019541893737,0.42883448521988526,0.3937364376489878,0.8025166694878902,0.05
2634,0.21300000000000005,False,2,0.0,0.15660000000000002,0.8676,78.45,0.0,0.0,0.0,1.9535153696194225,0.4932616520976593,1.894802544881322,0.812046826059763,0.37572336389410654,0.4459894059030971,0.299468400352567,0.6750960966632247,0.05
2635,0.25570999999999994,False,2,0.0,0.1847,0.8694,67.2,0.0,0.0,0.0,1.9103477092987446,0.4375021920978226,2.2336636692864476,1.344642723015123,0.382061148052316,0.4199486881429571,0.3881082527578231,0.753473646746767,0.05
2636,0.1982500000000001,False,2,0.0,0.13440000000000002,0.9339000000000001,88.0,0.0,0.0,0.0,1.831827357307302,0.46969624612460226,2.0948607870773785,1.5177147281166974,0.2839408509734887,0.37881072595148857,0.23849996625654116,0.5982809800769211,0.05
2637,0.25614000000000003,False,2,0.0,0.1665,0.9362999999999999,70.65,0.0,0.0,0.0,1.7990548465254161,0.32424601883898496,1.8140987371628285,0.8465307275447779,0.28603165221190163,0.3204044904924604,0.2126587783891082,0.6379763351673245,0.05
2638,0.18750000000000006,False,2,0.0,0.126,1.0,100.35,0.0,0.0,0.0,1.6934776555157278,0.1315408862290324,1.5785668402777784,0.05885666823822658,0.16588850531853536,0.10540928685036102,0.005700000000000443,0.017100000000001333,0.05
2639,0.22979000000000002,False,2,0.0,0.20099999999999998,0.8753,86.75,0.0,0.0,0.0,1.9241798698739223,0.42541462278275444,1.883325782045978,0.8176341251755841,0.39886688845578655,0.40692457880929517,0.20938199550913877,0.3995725604677456,0.05
2640,0.28523000000000004,False,2,0.0,0.1689,1.0,66.5,0.0,0.0,0.0,1.7447732048036442,0.14283047344144753,1.5333243911637213,0.035978238981960425,0.21450346352178,0.13114236759698097,0.010200000000000955,0.024664954895561808,0.05
2641,0.32824000000000003,False,2,0.0,0.2535,0.8733000000000001,55.6,0.0,0.0,0.0,1.9878484711661109,0.4269762108203939,2.1877312577758903,1.259779264324014,0.4561576186897243,0.3846145005246839,0.40542108834895807,0.810949589723792,0.05
2642,0.33843,False,2,0.0,0.2263,0.9334,50.0,0.0,0.0,0.0,1.9158097576411468,0.3513257291052785,1.774427396557408,0.6609223970069266,0.363312816668112,0.2852996362519443,0.19397184100185136,0.5174066359045771,0.05
2643,0.19817000000000007,False,2,0.0,0.13940000000000002,0.9353,90.0,0.0,0.0,0.0,1.7814428584970137,0.33392151737289616,1.8177751119958103,0.8755910342710461,0.2541943411758548,0.30850713061680746,0.20008604949580988,0.5909837781646723,0.05
2644,0.18819000000000005,False,2,0.0,0.1406,0.8779,86.8,0.0,0.0,0.0,1.8572991060406518,0.5161000081374536,2.0479622505628328,1.0528001898431132,0.31362141851938913,0.4428966133301029,0.39558429917394367,0.7934536717192133,0.05
2645,0.24384000000000003,False,2,0.0,0.17029999999999998,0.9440999999999999,79.3,0.0,0.0,0.0,1.804768533993526,0.28074802177578506,1.6263112923280079,0.3416877353306044,0.27802284303453434,0.29564211989225,0.07980001790631067,0.239400053718932,0.05
2646,0.23567000000000002,False,2,0.0,0.1561,1.0,86.8,0.0,0.0,0.0,1.7775498189345413,0.2509689990252355,1.5401222224372524,0.05125709719401062,0.21887405408263594,0.17089438294205708,0.004900000000000475,0.014700000000001425,0.05
2647,0.19712000000000002,False,2,0.0,0.11059999999999999,1.0,90.15,0.0,0.0,0.0,1.6562350317385284,0.11824048389624132,1.5,0.0,0.1363236007844517,0.10370788865670875,1.3835638912357107e-223,0.0,0.05
2648,0.22452000000000003,False,2,0.0,0.15200000000000002,0.9324,80.8,0.0,0.0,0.0,1.8108233922381403,0.29704056987972743,1.8772642454905113,1.0318227531595026,0.2812785194639601,0.30029013853259495,0.17652273373054142,0.5295682011916242,0.05
2649,0.2539,False,2,0.0,0.16970000000000002,0.9837,80.0,0.0,0.0,0.0,1.7407784302583937,0.14989109639444792,1.639363020833335,0.3399830385997608,0.22863495494053118,0.1398489111299795,0.07980000000000084,0.23940000000000253,0.05
2650,0.26055,False,2,0.0,0.24379999999999996,0.7373000000000001,65.65,0.0,0.0,0.0,2.2031108896127534,0.44352247353760915,2.606021651374199,1.3875720428929128,0.6172673016724568,0.4165281401129024,0.7361693952896722,0.8836816222886078,0.05
2651,0.24724000000000002,False,2,0.0,0.15219999999999997,0.9359999999999999,70.05,0.0,0.0,0.0,1.802899545994641,0.4201117654363647,2.01953332496638,1.514037962094944,0.27666283948880765,0.3560838970706536,0.19999999163304646,0.5999999748991394,0.05
2652,0.21604000000000007,False,2,0.0,0.13720000000000002,1.0,90.0,0.0,0.0,0.0,1.6859789397186737,0.11712528605752452,1.5377000000166492,0.04819138930010067,0.17193711287177538,0.11205083139988103,3.142858959185979e-207,0.0,0.05
2653,0.23236000000000004,False,2,0.0,0.1467,0.9319,74.95,0.0,0.0,0.0,1.8240276532115256,0.3570340312095367,1.869844230707935,0.8183240749056554,0.28190435997455837,0.31976443084525286,0.2569197817216896,0.6985037623005083,0.05
2654,0.2771600000000001,False,2,0.0,0.22799999999999998,0.8752000000000001,72.5,0.0,0.0,0.0,1.9451611535041344,0.4277543173157448,2.080272869162091,1.0862660749185178,0.42534845597559484,0.40515443335197127,0.38905415225316264,0.7784174054871489,0.05
2655,0.21989000000000003,False,2,0.0,0.1427,1.0,90.0,0.0,0.0,0.0,1.7303244319842377,0.1700613196087485,1.5669750000000011,0.10728571554872997,0.19778008078840287,0.14269088439241415,0.02690000000000093,0.07710311277763235,0.05
2656,0.19902,False,2,0.0,0.144,0.8713999999999998,81.6,0.0,0.0,0.0,1.900923038376543,0.5200911692868839,2.050419087343589,1.0394000460722166,0.3592380374068331,0.47982499713278814,0.37127613299110795,0.7409962561843668,0.05
2657,0.27560000000000007,False,2,0.0,0.2044,0.9144,70.9,0.0,0.0,0.0,1.8907377428148937,0.29515691838947483,1.7574624195692432,0.44883841839952354,0.3545437527329625,0.28003971683636747,0.16850083776031735,0.3163003421150158,0.05
2658,0.21777,False,2,0.0,0.1381,0.9369999999999999,80.0,0.0,0.0,0.0,1.7675441574597517,0.34483637619502805,1.8721620352451254,1.0861658297953594,0.24112008777054522,0.3173733364161219,0.19969012566094585,0.5990703769828376,0.05
2659,0.19021000000000002,False,2,0.0,0.13340000000000002,0.8641,81.2,0.0,0.0,0.0,1.892539690281628,0.5382670048243174,2.2660694666774477,1.537650392044819,0.3332884921428555,0.455231754154622,0.3653748046578599,0.7294848013481449,0.05
2660,0.20890000000000003,False,2,0.0,0.127,1.0,90.0,0.0,0.0,0.0,1.6918880516601926,0.15449909248615812,1.536488888891203,0.04947160802463716,0.16766317641068992,0.14459710551999214,0.010900000000000559,0.03270000000000168,0.05
2661,0.23545000000000002,False,2,0.0,0.1665,1.0,90.55,0.0,0.0,0.0,1.7472161331002134,0.12396002961728789,1.560000000003053,0.06803822455734647,0.21531993078007688,0.11259803780153191,2.665493222475765e-207,0.0,0.05
2662,0.19195999999999996,False,2,0.0,0.1323,0.9344999999999999,90.5,0.0,0.0,0.0,1.7717578285078968,0.30801892222853317,1.8257905152054081,0.9071931390258356,0.2439421103496812,0.3060168823390021,0.17971860455217575,0.5391558136565272,0.05
2663,0.18293000000000004,False,2,0.0,0.14689999999999998,0.915,97.2,0.0,0.0,0.0,1.7917529017492886,0.2573229556202721,1.9567449781776791,0.996483607378313,0.2727964686589807,0.2772826496208855,0.26561751303794395,0.5815474041361759,0.05
2664,0.25431000000000004,False,2,0.0,0.1916,0.8673,70.0,0.0,0.0,0.0,1.9083567616479258,0.4534902824865961,2.2117328937885317,1.246467535862471,0.37585903312154323,0.39991899044408635,0.3569910588821027,0.6872140382382962,0.05
2665,0.22165000000000004,False,2,0.0,0.14389999999999997,0.9364000000000001,80.0,0.0,0.0,0.0,1.8289635602119318,0.48081180379854777,1.7706555550056358,0.6780426885113476,0.27435034878576714,0.3830067269975172,0.15519999945998814,0.4485346793143012,0.05
2666,0.16634000000000004,False,2,0.0,0.06620000000000001,1.0,90.0,0.0,0.0,0.0,1.623116246695282,0.1263941474989945,1.5030999999999999,0.007777531742140309,0.0910502285124639,0.10607918933321157,2.491798706015121e-207,0.0,0.05
2667,0.20661000000000004,False,2,0.0,0.1308,0.9355,82.8,0.0,0.0,0.0,1.7812414418090494,0.33291837481873743,1.6511749497301995,0.33963763069601377,0.253904658301788,0.3259380710541993,0.07991774140501143,0.23975322421503434,0.05
2668,0.22899999999999998,False,2,0.0,0.1542,0.8702,70.0,0.0,0.0,0.0,1.9090024119384001,0.5066959880410289,2.1760054454132356,1.14197991362826,0.36493188801232246,0.4460810529147731,0.3976863670658456,0.6754259206925475,0.05
2669,0.32337,False,2,0.0,0.2565,0.8674,58.2,0.0,0.0,0.0,2.033421632384029,0.36958066693888386,2.105586378340159,1.213947533578834,0.49368235719723896,0.36203417102017066,0.40694105175966094,0.814048579999112,0.05
2670,0.20372000000000007,False,2,0.0,0.1196,1.0,90.0,0.0,0.0,0.0,1.684759571476675,0.12710402880699126,1.5141664978451206,0.025742382531833,0.16219775442124976,0.12150081626781577,0.0016000000000004348,0.004800000000001304,0.05
2671,0.18880000000000002,False,2,0.0,0.18039999999999998,0.8684000000000001,99.0,0.0,0.0,0.0,2.0079607733792613,0.666185245387907,2.2003519860515754,1.3393432537569545,0.4153221969110543,0.4966208312229604,0.4093467431340624,0.8189603497386156,0.05
2672,0.16594000000000003,False,2,0.0,0.0942,1.0,100.0,0.0,0.0,0.0,1.628509076555457,0.04965767527797122,1.5283659512731769,0.027191901098960018,0.11722885501566085,0.06230339348998243,0.0006000000000002928,0.0018000000000008782,0.05
2673,0.18125000000000002,False,2,0.0,0.0875,1.0,90.0,0.0,0.0,0.0,1.6383609289973626,0.0964460624696816,1.538314621402902,0.06869883987149923,0.11805330366898323,0.0970434277777043,3.6200724388087996e-218,0.0,0.05
2674,0.21036000000000007,False,2,0.0,0.13790000000000002,0.9361,83.5,0.0,0.0,0.0,1.9219455136866421,0.6502826143056302,1.74926666707371,0.43386865082032566,0.3122208286489709,0.41629507491630613,0.1543000000061039,0.3088274761219572,0.05
2675,0.28238,False,2,0.0,0.17140000000000002,1.0,68.8,0.0,0.0,0.0,1.7351535125752693,0.15655725856380934,1.5534682306183716,0.05403064658561786,0.21305261558186225,0.14506953062229871,0.008900000000000489,0.02670000000000147,0.05
2676,0.27022,False,2,0.0,0.18660000000000002,1.0,80.2,0.0,0.0,0.0,1.7801389368247384,0.18557965905312968,1.5375,0.03861929569528683,0.2510053799350643,0.13465498861612574,4.488825487078591e-191,0.0,0.05
2677,0.19929,False,2,0.0,0.16570000000000001,0.865,88.1,0.0,0.0,0.0,2.0754983179147706,0.6801185149159981,1.95631209866981,1.0165241653994528,0.42168442266323714,0.49040990262672507,0.2949992274491658,0.6526337270934792,0.05
2678,0.1905,False,2,0.0,0.1869,0.8568999999999999,98.7,0.0,0.0,0.0,2.142885828697758,0.7818875134036252,2.2417917799648066,1.4149232058251016,0.4759807421035406,0.5352842881528916,0.4078057358222617,0.812499747075015,0.05
2679,0.21591000000000002,False,2,0.0,0.17989999999999998,0.8635999999999999,84.55,0.0,0.0,0.0,2.1191907458267716,0.6772167292537384,1.8886354776396956,0.7863512226360433,0.4600110532759413,0.4868039600813524,0.2625597839617284,0.5731914397611173,0.05
2680,0.23144000000000003,False,2,0.0,0.15919999999999998,1.0,90.0,0.0,0.0,0.0,1.711839728999438,0.14171563482753097,1.5323,0.047484839685946086,0.1959577261892314,0.1256395058457912,1.3698808264461462e-195,0.0,0.05
2681,0.26717,False,2,0.0,0.2036,0.8714999999999999,68.4,0.0,0.0,0.0,1.906029615858023,0.3568166256825423,2.0961753396761678,1.0300150673921482,0.3866539553385831,0.37830545078970745,0.3665033372995306,0.742646726751809,0.05
2682,0.2322000000000001,False,2,0.0,0.13399999999999998,0.9040000000000001,66.4,0.0,0.0,0.0,1.8041891548262476,0.34999133171314556,2.0346218335785258,1.2028786481688507,0.28012612065960674,0.32946065446437944,0.3056662055542926,0.6929011953272048,0.05
2683,0.16327000000000005,False,2,0.0,0.1,0.8949,87.6,0.0,0.0,0.0,1.7951667444421413,0.3404858516594943,2.0734538843867703,0.8499458694071322,0.2682817989858136,0.336589404734034,0.38726499549788057,0.6130588941935412,0.05
2684,0.20162000000000008,False,2,0.0,0.1166,1.0,90.0,0.0,0.0,0.0,1.6583365692874257,0.09338572754971308,1.5404,0.05192918254700337,0.14791724967351844,0.10358694104322587,3.414068064125495e-223,0.0,0.05
2685,0.24293000000000003,False,2,0.0,0.1477,0.9358000000000001,70.6,0.0,0.0,0.0,1.7654805681067334,0.23546985037624732,1.654511394197672,0.3341881529028905,0.25903304098116464,0.2698092734533972,0.07980000000000062,0.2394000000000019,0.05
2686,0.24008000000000004,False,2,0.0,0.15240000000000004,1.0,83.3,0.0,0.0,0.0,1.756102343686321,0.17916709512229448,1.621366666668259,0.18542241430994508,0.21079714257778193,0.12745947043060096,0.0562000000000014,0.13396850376114827,0.05
2687,0.17561000000000004,False,2,0.0,0.1083,1.0,100.1,0.0,0.0,0.0,1.6972026228419037,0.1662412325833374,1.5177,0.021142611002428202,0.15833462559927752,0.13828937963967786,2.491798714458898e-207,0.0,0.05
2688,0.21665000000000004,False,2,0.0,0.1095,1.0,80.0,0.0,0.0,0.0,1.6466830946155302,0.1063491798703714,1.510317361111111,0.016591524489806025,0.13613714770709823,0.1086930430950972,1.0561787365799916e-218,0.0,0.05
2689,0.3108700000000001,False,2,0.0,0.2314,0.8793000000000001,57.45,0.0,0.0,0.0,1.9398160507997495,0.3805396624636714,1.8159762929432344,0.5760402994608548,0.40809934600838493,0.3607985801477328,0.16342212994279182,0.3269559811451387,0.05
2690,0.25286000000000003,False,2,0.0,0.162,0.9321999999999999,70.1,0.0,0.0,0.0,1.7874626333411676,0.27638859501547414,1.7769439997825525,0.719375356665717,0.27742352001420434,0.3048380432013041,0.1671701981654305,0.4844254078625705,0.05
2691,0.21746000000000007,False,2,0.0,0.1487,0.9299,82.8,0.0,0.0,0.0,1.7994872477847845,0.29958077696900476,1.8381821056926253,0.9487642622484213,0.26569324211092304,0.2857119459202001,0.1956709945815139,0.5435053583430975,0.05
2692,0.2803600000000001,False,2,0.0,0.18980000000000002,0.937,66.8,0.0,0.0,0.0,1.8756301189342204,0.4431113122308792,2.0813142711107155,1.3646438038241524,0.3285051144942836,0.36904007686907603,0.258397917037484,0.5975334171943929,0.05
2693,0.25543000000000005,False,2,0.0,0.21590000000000004,1.0,97.85,0.0,0.0,0.0,1.8235573158812144,0.17523558321545013,1.527223572296567,0.0396639981715197,0.27552271782419513,0.13904579721389435,0.002200000000000429,0.006600000000001288,0.05
2694,0.19792,False,2,0.0,0.159,0.8603999999999999,85.75,0.0,0.0,0.0,2.1312578659716794,0.8138346915003475,2.170963825123605,1.2980312318496967,0.45036865055614655,0.5616496539285789,0.39774282739910927,0.7978628153431607,0.05
2695,0.21338000000000004,False,2,0.0,0.1641,0.9307000000000001,90.35,0.0,0.0,0.0,1.8848503578728135,0.4190760223918626,2.0461942026432425,1.5031886613550773,0.31332970444637653,0.32239375344177135,0.1999942026432427,0.599982607929728,0.05
2696,0.26758000000000004,False,2,0.0,0.211,0.9336,80.1,0.0,0.0,0.0,1.8790843254265752,0.28701693390221034,1.6637965172614027,0.340324241307398,0.34724418893397163,0.27362666339196384,0.07970056664491582,0.23910169993474745,0.05
2697,0.20415,False,2,0.0,0.14789999999999998,0.9353999999999999,90.0,0.0,0.0,0.0,1.7895492087709335,0.32654070402345814,1.6891134080993306,0.34702587569839477,0.26328372085326524,0.29860994184601475,0.11250084502152198,0.24843149665638667,0.05
2698,0.26294000000000006,False,2,0.0,0.1322,1.0,64.8,0.0,0.0,0.0,1.6984700566516948,0.12365730815392785,1.5276777795791634,0.04101112595038964,0.17642964268676525,0.1262646279301565,0.00480000000000048,0.014400000000001441,0.05
2699,0.27164000000000005,False,2,0.0,0.2435,0.7393000000000001,60.3,0.0,0.0,0.0,2.1282584386577383,0.5474905045301597,2.5398775917476515,1.3602627471918995,0.58705739742722,0.49117264300962826,0.6418277953701154,0.8249458239486572,0.05
2700,0.2487,False,2,0.0,0.16899999999999998,1.0,84.8,0.0,0.0,0.0,1.752774752570891,0.19280131954768165,1.5397555556297309,0.04307801713488098,0.22026643473637778,0.1583854743824023,0.005200000000000358,0.015600000000001073,0.05
2701,0.24430000000000004,False,2,0.0,0.1781,0.9320999999999999,80.0,0.0,0.0,0.0,1.8256214578830985,0.3362033652634951,1.8885866767389636,1.083591554225466,0.2919312020252161,0.32171303444223376,0.1950814338214511,0.5852443014643532,0.05
2702,0.29841,False,2,0.0,0.21189999999999998,0.9426,66.35,0.0,0.0,0.0,1.9960525774563238,0.49363986036289353,1.9528352130413869,1.296004455817884,0.3739907644923735,0.3672968395520248,0.20002946692773724,0.5927913563891859,0.05
2703,0.17587000000000008,False,2,0.0,0.1072,0.9361,90.0,0.0,0.0,0.0,1.7315734682410366,0.3087207338370396,1.6131634884516544,0.3114587982866245,0.2066919261831738,0.30252147763033616,0.08347088589499922,0.2504126576849977,0.05
2704,0.24988,False,2,0.0,0.1572,0.9328,70.0,0.0,0.0,0.0,1.86318797847725,0.4533109682980378,1.7703983875047602,0.6739521815066561,0.3094937391226692,0.3863392694852066,0.17120939281674002,0.51362817845022,0.05
2705,0.27312000000000003,False,2,0.0,0.1622,0.9276,59.35,0.0,0.0,0.0,1.9178430701179896,0.6223116352985663,1.8371853050745621,0.8566090537832822,0.33136577160704933,0.41595871669835693,0.22301863840789476,0.6690559152236842,0.05
2706,0.30474,False,2,0.0,0.21189999999999998,0.9347,62.0,0.0,0.0,0.0,1.847351268916125,0.2618371189154957,1.79629006193595,0.7487043710482315,0.32902729143477466,0.2838661858723968,0.18779282332112607,0.5633784699633783,0.05
2707,0.19143000000000004,False,2,0.0,0.1278,0.9399000000000001,90.0,0.0,0.0,0.0,1.7561930934425014,0.29101270803098106,1.6312555555555561,0.34080960634609314,0.22784893943803347,0.2782553242473006,0.07990000000000037,0.2397000000000011,0.05
2708,0.19823000000000007,False,2,0.0,0.1189,1.0,92.5,0.0,0.0,0.0,1.6988127679742508,0.17330797998713932,1.5512000003838702,0.06714879062769848,0.16524763976165924,0.11729679577635234,0.013400000000000476,0.04020000000000143,0.05
2709,0.2622,False,2,0.0,0.146,1.0,70.0,0.0,0.0,0.0,1.7042273363075648,0.13711814420509377,1.5365,0.050233952661521634,0.1835114555235189,0.12688446331520048,5.913983131788172e-209,0.0,0.05
2710,0.28486,False,2,0.0,0.20179999999999998,1.0,78.2,0.0,0.0,0.0,1.9018994799653508,0.2459868479404571,1.5446000000125537,0.07290706412194266,0.29976198840767937,0.16739138040195597,1.3377742450085994e-198,0.0,0.05
2711,0.23727000000000004,False,2,0.0,0.2096,0.8644999999999999,84.4,0.0,0.0,0.0,2.1171026302024636,0.6391869532420756,1.8859256200706114,0.748791698937763,0.47346157542863365,0.45614338709391733,0.2564263288495232,0.556681720825603,0.05
2712,0.23219000000000004,False,2,0.0,0.12369999999999999,1.0,77.2,0.0,0.0,0.0,1.686354355371488,0.15848947313013861,1.5281000000098195,0.05003488785329871,0.1626405005216319,0.14690924613934367,5.327068449165457e-207,0.0,0.05
2713,0.23549,False,2,0.0,0.1533,0.9606,80.0,0.0,0.0,0.0,1.748382281394801,0.2700170381530182,1.6371758680555577,0.3410674141421524,0.22612799708664869,0.22653622302043996,0.08090000000000078,0.2390558302991176,0.05
2714,0.19379,False,2,0.0,0.10769999999999998,1.0,90.8,0.0,0.0,0.0,1.702391804897701,0.18228690275362475,1.5314,0.03893892653887626,0.1667691977623414,0.15267110722591593,9.96714056084524e-207,0.0,0.05
2715,0.2184,False,2,0.0,0.11199999999999999,1.0,80.0,0.0,0.0,0.0,1.6690222798721142,0.1322308004205839,1.5163,0.026544490953868356,0.14331468586912482,0.12152951966631526,5.9409110952980504e-214,0.0,0.05
2716,0.2112,False,2,0.0,0.12,1.0,86.4,0.0,0.0,0.0,1.6602378073354678,0.10118747485195088,1.5246781507704132,0.02406106290088778,0.14675365299109905,0.10247694162071523,0.00030000000000036665,0.0009000000000010998,0.05
2717,0.24588000000000004,False,2,0.0,0.15159999999999998,0.9332,70.1,0.0,0.0,0.0,1.8113024279654197,0.3702744855806149,1.8582397309679344,0.9647542496578618,0.28786371474463146,0.3506098166325103,0.1985063976345712,0.5955191929037137,0.05
2718,0.2094600000000001,False,2,0.0,0.18230000000000002,0.8865000000000001,92.05,0.0,0.0,0.0,1.901348964309165,0.4568846328548974,2.0791430402127453,1.0923265234290973,0.36898381599300906,0.43579750971453257,0.43512781196084677,0.8704003502215375,0.05
2719,0.21253000000000002,False,2,0.0,0.15860000000000002,0.8716999999999999,80.0,0.0,0.0,0.0,1.8634101073057583,0.4408333481993689,2.1867489484745755,1.3739770598887657,0.35399067254158323,0.4401960570472926,0.38167179597288287,0.7638832868658062,0.05
2720,0.19952000000000003,False,2,0.0,0.17919999999999997,0.8815999999999999,95.2,0.0,0.0,0.0,2.04023897133582,0.6728903047466392,1.8804273389594808,0.7662985029567408,0.41285294895648894,0.4534705827125956,0.2833495610935797,0.6306486061523985,0.05
2721,0.23416000000000006,False,2,0.0,0.1794,0.8686,76.0,0.0,0.0,0.0,1.8731215441673865,0.39177031805663826,2.0490518858201896,1.0363988528605976,0.36759734477402667,0.3953020804743336,0.3868534483201894,0.774375251160994,0.05
2722,0.20002999999999999,False,2,0.0,0.13999999999999999,0.9400999999999999,90.0,0.0,0.0,0.0,1.775121896638194,0.32718278448995763,1.7018760704593245,0.36859474998204667,0.25679925201306364,0.3202861928043234,0.09320564227559486,0.2796169268267846,0.05
2723,0.22762000000000004,False,2,0.0,0.1506,1.0,88.9,0.0,0.0,0.0,1.731738726438347,0.1590981205950736,1.5580450520833344,0.08087960790919793,0.203425659588189,0.13589880292994697,0.022400000000000884,0.0596308644914712,0.05
2724,0.24048000000000005,False,2,0.0,0.1264,1.0,74.0,0.0,0.0,0.0,1.710512435926136,0.15091081651175206,1.5244356029364803,0.029885120880095074,0.18245324083559197,0.14010468575093904,0.0020000000000003127,0.006000000000000937,0.05
2725,0.20214000000000004,False,2,0.0,0.1322,1.0,95.2,0.0,0.0,0.0,1.7179144751486912,0.15491003875406387,1.5441000000000016,0.06226146480769514,0.18328044428786375,0.1394564906022821,3.114748374924362e-208,0.0,0.05
2726,0.26371000000000006,False,2,0.0,0.193,0.9327,75.6,0.0,0.0,0.0,1.8502767905906634,0.3178079406615632,1.925261224299188,0.8793269602345776,0.31920503506539766,0.31258354253378295,0.1660000000000009,0.3475686982453983,0.05
2727,0.19613,False,2,0.0,0.1351,0.9321999999999999,89.05,0.0,0.0,0.0,1.8097134613947135,0.36128565943388846,1.7943515320504868,0.7850371995196139,0.26657154015731,0.3320255131115588,0.20047252999823076,0.5791059086861934,0.05
2728,0.23001000000000008,False,2,0.0,0.15910000000000002,0.9348000000000001,80.9,0.0,0.0,0.0,1.7740617451766234,0.296643501392662,1.8009218252002843,0.721514299279785,0.2595087554432517,0.3007997330382273,0.16402371832424617,0.49207115497273857,0.05
2729,0.27603,False,2,0.0,0.19190000000000002,1.0,79.15,0.0,0.0,0.0,1.811831706078405,0.20776589616173124,1.5316,0.03671021656160587,0.2617421501191629,0.15225573735763928,4.082912212163086e-203,0.0,0.05
2730,0.2180800000000001,False,2,0.0,0.16870000000000002,0.9333,90.0,0.0,0.0,0.0,1.7798051599242661,0.2511027586614239,1.7588198574626195,0.6865456577860941,0.26937556883812197,0.28195627217287145,0.1697817287325713,0.5007385233918887,0.05
2731,0.2222900000000001,False,2,0.0,0.1763,0.9306000000000001,90.15,0.0,0.0,0.0,1.8822101174153443,0.49453111495674795,1.9928328631261572,1.3584292965849663,0.3130704715218906,0.36034879047168367,0.19999402667665866,0.599982080029976,0.05
2732,0.21690000000000004,False,2,0.0,0.1683,0.9303000000000001,90.0,0.0,0.0,0.0,1.789594889381,0.25780610456712183,1.8795128379782207,0.9044318796381065,0.2854234193404007,0.27397048311633365,0.18180000264670831,0.44883779592030076,0.05
2733,0.25209000000000004,False,2,0.0,0.165,0.9323,71.55,0.0,0.0,0.0,1.8097017052232012,0.34382656823444846,1.8146581756823845,0.8528269912960142,0.27434525281553823,0.3127366277372527,0.1281784460025603,0.359915965725739,0.05
2734,0.21145,False,2,0.0,0.1644,0.7958999999999999,71.2,0.0,0.0,0.0,1.976357160848788,0.5426318160283012,2.295902627899777,1.2115113442062568,0.4503788475486374,0.5101033801308585,0.5896243778829643,0.908501039180031,0.05
2735,0.29963000000000006,False,2,0.0,0.1709,1.0,60.0,0.0,0.0,0.0,1.7457919404988094,0.14300834008765195,1.5371555556297307,0.04627185375093265,0.22075570608524972,0.11815634996224215,0.005200000000000358,0.015600000000001073,0.05
2736,0.18512000000000006,False,2,0.0,0.1214,0.9338,90.0,0.0,0.0,0.0,1.7588868252383076,0.388309137507848,1.7939962305691157,0.876005130121479,0.2378769288549599,0.3535437545949894,0.2271962305691156,0.6815886917073468,0.05
2737,0.20621000000000006,False,2,0.0,0.1363,1.0,94.6,0.0,0.0,0.0,1.7525987627582549,0.2107915554742344,1.561450173611112,0.07231168515046021,0.194235501236043,0.14610829406248524,0.011100000000000535,0.033300000000001606,0.05
2738,0.21997999999999998,False,2,0.0,0.13599999999999998,0.9385999999999999,78.4,0.0,0.0,0.0,1.743018895693608,0.25107235650426535,1.6372111111111116,0.3393886349829004,0.23050161898195856,0.25509329979332535,0.07980000000000029,0.23940000000000086,0.05
2739,0.25617,False,2,0.0,0.1933,0.9362,80.0,0.0,0.0,0.0,1.8242146712897338,0.27154849153921146,1.7646042190939824,0.6882655262621227,0.304626304176358,0.282938699778789,0.16715858877421677,0.5014757663226502,0.05
2740,0.26638000000000006,False,2,0.0,0.20099999999999998,0.9356,77.5,0.0,0.0,0.0,1.8770469429263694,0.27536890325201824,1.8612315802590373,0.8665192894131133,0.32747480899913634,0.2809853148298319,0.21703158025903732,0.6510947407771119,0.05
2741,0.19200000000000003,False,2,0.0,0.1294,0.8714000000000001,80.0,0.0,0.0,0.0,1.8509873358126498,0.5030888200743645,2.038512754605493,1.0353663841522385,0.3274059366040375,0.4787926370845678,0.37735537485208137,0.7336840247436222,0.05
2742,0.23121000000000005,False,2,0.0,0.13030000000000003,1.0,80.0,0.0,0.0,0.0,1.7068555214228638,0.150386643818976,1.5376279513888895,0.036151974025851075,0.17501408483301933,0.13066326491684585,0.0031000000000004067,0.009300000000001219,0.05
2743,0.23281999999999992,False,2,0.0,0.13209999999999997,0.9344999999999999,70.0,0.0,0.0,0.0,1.7458387357495109,0.29900136867165245,1.7600745693232323,0.7400023240254817,0.2351651931777107,0.2984185212038899,0.18277456932323227,0.5483237079696969,0.05
2744,0.24097000000000005,False,2,0.0,0.2001,0.8699999999999999,80.05,0.0,0.0,0.0,1.9316979727224843,0.4060695991801407,2.063117952893036,1.0656505741493372,0.40297422823551204,0.39882631908026467,0.386109562339244,0.7722211438788025,0.05
2745,0.20545,False,2,0.0,0.11899999999999997,0.9324999999999999,78.8,0.0,0.0,0.0,1.8044358443487554,0.400780093245467,1.8608786031251943,1.0000717945126367,0.2559270166472375,0.35086058750928767,0.17157860312519413,0.5147358093755824,0.05
2746,0.29503000000000007,False,2,0.0,0.18660000000000002,0.9987,67.6,0.0,0.0,0.0,1.7692666558048038,0.13543399091808686,1.620555555555557,0.34355766134183247,0.25355385991441504,0.11363616763473451,0.07990000000000086,0.23970000000000255,0.05
2747,0.22175,False,2,0.0,0.1994,0.8619,88.2,0.0,0.0,0.0,2.104530299215204,0.729607072276407,2.2009518752503148,1.3314204070338904,0.4717320224906625,0.5161822086250503,0.41433789934196313,0.8290812675329011,0.05
2748,0.22333,False,2,0.0,0.1476,0.9347,80.2,0.0,0.0,0.0,1.772030785163625,0.2437580498531626,1.7520469670723056,0.6757752160014767,0.25051291589460856,0.2711286772167604,0.1666469670723048,0.49994090121691453,0.05
2749,0.22444999999999998,False,2,0.0,0.1533,0.8688,71.75,0.0,0.0,0.0,1.8951600840310063,0.4227411958159316,1.9073093998836577,0.7768727235398435,0.35561226166303644,0.41973234341900667,0.2851567898146641,0.6348535332719853,0.05
2750,0.20559999999999998,False,2,0.0,0.181,0.865,90.3,0.0,0.0,0.0,1.9953724499674828,0.5306269211951117,2.076495735003962,1.097838755826831,0.41579156352174823,0.4402036497170736,0.3627635886257068,0.700779957577277,0.05
2751,0.24222000000000007,False,2,0.0,0.1643,0.9367000000000001,76.9,0.0,0.0,0.0,1.7773335729180555,0.2382729008360796,1.781543530559493,0.6845320668676521,0.26628833625200665,0.27268512153556657,0.17340895192292774,0.5202268557687831,0.05
2752,0.24160000000000004,False,2,0.0,0.1931,0.8721,77.6,0.0,0.0,0.0,1.912033753395805,0.44594056548524236,2.1351388747758326,1.2287084971751399,0.37635661720449043,0.41697081397282254,0.3876349898517269,0.7690665263577358,0.05
2753,0.20526000000000003,False,2,0.0,0.1434,0.9336,87.6,0.0,0.0,0.0,1.76077526580861,0.30394687726898406,1.770124714096808,0.7336699078767152,0.2621447978723559,0.32144139308716546,0.21110183348331862,0.6333055004499558,0.05
2754,0.24686000000000005,False,2,0.0,0.1528,1.0,80.05,0.0,0.0,0.0,1.7127506617386072,0.14779803430862046,1.521605729309718,0.03734325687535688,0.1850533919776119,0.13231318983265014,4.580678360591475e-213,0.0,0.05
2755,0.20981000000000005,False,2,0.0,0.12830000000000003,1.0,90.0,0.0,0.0,0.0,1.6781706556369111,0.11941431186959754,1.5328,0.030736948449707865,0.16294484153429806,0.11562413727668755,1.4164667992898112e-220,0.0,0.05
2756,0.1987800000000001,False,2,0.0,0.10930000000000002,0.9329000000000001,78.8,0.0,0.0,0.0,1.7169386747016315,0.232590820552593,1.7844473782622436,0.8376892561211565,0.21171890378699665,0.2671599105344562,0.2143251560400216,0.64097796431058,0.05
2757,0.18181000000000003,False,2,0.0,0.0883,1.0,90.0,0.0,0.0,0.0,1.6391201867825917,0.10956266409768671,1.5092,0.016172816699635197,0.1251490279049522,0.10334157394722751,1.3191472510884627e-229,0.0,0.05
2758,0.24874000000000004,False,2,0.0,0.15130000000000002,0.9320999999999999,68.4,0.0,0.0,0.0,1.8117825414377127,0.3536804939501986,1.8305584454710757,0.7692656161888454,0.28264628370804096,0.3381745939911794,0.18515844545019508,0.5554753363505852,0.05
2759,0.22610000000000002,False,2,0.0,0.13699999999999998,1.0,84.9,0.0,0.0,0.0,1.6891114195138677,0.12636314404869703,1.5312000000009625,0.031549326460836184,0.17627248254504482,0.1133584714976114,2.4117376962973203e-226,0.0,0.05
2760,0.25161999999999995,False,2,0.0,0.1636,1.0,81.45,0.0,0.0,0.0,1.7576121205289117,0.16011420672413526,1.5279702256944527,0.058131361594308255,0.22088755488775752,0.13223112569945383,8.066577595809664e-201,0.0,0.05
2761,0.22668000000000008,False,2,0.0,0.2049,0.8405000000000001,84.45,0.0,0.0,0.0,2.076072990602456,0.6433388552351743,1.9988067256036985,0.7895940467439776,0.47029773363293037,0.4707429291786927,0.34257339227036454,0.5597684191600607,0.05
2762,0.27424000000000004,False,2,0.0,0.15850000000000003,0.9362999999999999,58.8,0.0,0.0,0.0,1.8621556836964697,0.4749915637390372,1.8153600345258032,0.8143618450586758,0.3094992777421164,0.4167305246216564,0.21616003452426297,0.648480103572789,0.05
2763,0.31952,False,2,0.0,0.2231,0.9365,58.8,0.0,0.0,0.0,1.8596617241961266,0.2878045549097402,1.82169125567339,0.786161597568014,0.3448567217630548,0.29444057756212644,0.22550236678437868,0.6176149171219512,0.05
2764,0.19501000000000007,False,2,0.0,0.15180000000000002,0.8825,88.0,0.0,0.0,0.0,1.9230260137669746,0.5773200425225796,2.1148287833953257,1.3457852575178966,0.35113215761252997,0.47715969399181346,0.2909863586014939,0.6166069694335596,0.05
2765,0.24989999999999996,False,2,0.0,0.15649999999999997,0.9344999999999999,70.0,0.0,0.0,0.0,1.7933141656409037,0.34516940675281493,1.837488094785185,0.8808235750248761,0.274235893321853,0.33002038018314983,0.24118809478518471,0.7228978636127119,0.05
2766,0.20746000000000003,False,2,0.0,0.14279999999999998,1.0,96.25,0.0,0.0,0.0,1.7580301645427145,0.16366229197382554,1.5708333333333346,0.16125626602812823,0.20705601807372148,0.13458168402079373,0.038000000000000825,0.11400000000000247,0.05
2767,0.19204000000000002,False,2,0.0,0.12249999999999998,0.9343,87.0,0.0,0.0,0.0,1.7810668869236737,0.34634953972659294,1.8034046099782948,0.8786648920212123,0.23966042559735218,0.3349157767903722,0.22319346156792105,0.6586538720121164,0.05
2768,0.19566,False,2,0.0,0.1359,0.9350999999999999,90.0,0.0,0.0,0.0,1.7673636036701748,0.3497740076351896,1.7436487175027318,0.6710387053459338,0.24390205543773336,0.3432912787476916,0.15798254168234108,0.4739476250470232,0.05
2769,0.22883,False,2,0.0,0.12689999999999999,1.0,80.0,0.0,0.0,0.0,1.6785476486998665,0.15434771107579606,1.5273467102792528,0.03719072565709748,0.1574529088014436,0.1346628684922444,1.2203545597654061e-210,0.0,0.05
2770,0.26734,False,2,0.0,0.1812,1.0,79.75,0.0,0.0,0.0,1.754788904192757,0.16465861685883243,1.5405111111111118,0.06218302733776349,0.22535129460799963,0.13744520845018052,0.011400000000000446,0.03420000000000134,0.05
2771,0.25059,False,2,0.0,0.1992,0.8004999999999999,64.5,0.0,0.0,0.0,2.1201476425190204,0.6997047361063127,2.4179242722689622,1.3440956484557218,0.49489058162416405,0.5241224538441177,0.5194509298699963,0.8349701773304923,0.05
2772,0.3068200000000001,False,2,0.0,0.1526,1.0,50.0,0.0,0.0,0.0,1.7249295548310628,0.14029099278008805,1.6366444444444457,0.320478121978193,0.20980561480182386,0.1348712685613335,0.07560000000000099,0.22680000000000297,0.05
2773,0.19481000000000004,False,2,0.0,0.14330000000000004,0.931,92.4,0.0,0.0,0.0,1.7467111551504566,0.25762555127352044,1.7408519535367237,0.6702781887047312,0.24103582926952977,0.2827638503077425,0.16094252029278033,0.482827560878341,0.05
2774,0.22540999999999997,False,2,0.0,0.1623,0.9339999999999999,84.2,0.0,0.0,0.0,1.872529460832133,0.36979094826994896,1.8190648055898588,0.8290887751929686,0.29160579392157693,0.32327931110731206,0.19051763101074962,0.5669015927524204,0.05
2775,0.18636000000000008,False,2,0.0,0.1322,0.9314,92.8,0.0,0.0,0.0,1.850726788209922,0.495723269835761,1.8289746912682836,0.9602543798073241,0.2777095098866358,0.3788869485915449,0.12180000000000075,0.3495465062048251,0.05
2776,0.24406999999999998,False,2,0.0,0.19540000000000002,0.8722999999999999,77.2,0.0,0.0,0.0,1.9373642856542386,0.48907564214014354,2.039957378287469,1.0613640402283926,0.3892388074638958,0.44321441902141484,0.3545191350330971,0.7104606031498367,0.05
2777,0.30011,False,2,0.0,0.19999999999999998,0.9337,60.0,0.0,0.0,0.0,1.8351541491251524,0.3083447906386162,1.7907876361972797,0.7467134734616847,0.3151380549693677,0.29607913698576427,0.15884024036111816,0.4748563943111515,0.05
2778,0.18647000000000002,False,2,0.0,0.1236,0.9365,90.5,0.0,0.0,0.0,1.8480980281395858,0.4997689045943632,1.825652481360052,0.8421383067623438,0.27659456785742187,0.40127979440081046,0.17075248136005147,0.5122574440801545,0.05
2779,0.2540700000000001,False,2,0.0,0.13610000000000003,1.0,70.6,0.0,0.0,0.0,1.707840779712828,0.14282768224267534,1.5074444444828567,0.022333333448570514,0.18516584642841769,0.13851995835421071,0.005400000000000361,0.01620000000000108,0.05
2780,0.2909400000000001,False,2,0.0,0.2116,0.9334,68.6,0.0,0.0,0.0,1.8460836043312678,0.25723902831097306,1.7905221495085997,0.7686464640813712,0.3316730541072262,0.27212681667286,0.09460000000000066,0.2752425112514415,0.05
2781,0.2957699999999999,False,2,0.0,0.23139999999999997,0.8032999999999999,53.6,0.0,0.0,0.0,2.0389018132714685,0.47716865913786105,2.2015963095172943,1.1094946394545033,0.5011616522596476,0.44096376820299144,0.5265255842758331,0.8868996667816106,0.05
2782,0.19903000000000012,False,2,0.0,0.1155,0.9326000000000001,80.8,0.0,0.0,0.0,1.7406446339249046,0.29541535876748326,1.8697522765501933,1.0017116545802636,0.22311411166366607,0.3024819625911297,0.1776084573818344,0.5328253721455032,0.05
2783,0.26611000000000007,False,2,0.0,0.2001,0.9347999999999999,77.2,0.0,0.0,0.0,1.8534376001650155,0.3215880841502054,1.778765402141996,0.7801920969570377,0.32241091729301885,0.2992065270322613,0.20624061472839217,0.6187218441851765,0.05
2784,0.17914000000000002,False,2,0.0,0.1126,0.9343999999999999,90.0,0.0,0.0,0.0,1.7444873710240867,0.2943967529590073,1.792689325868944,0.8315199236359341,0.224710947487425,0.3049482894433995,0.12,0.36,0.05
2785,0.18862000000000007,False,2,0.0,0.11460000000000001,1.0,95.8,0.0,0.0,0.0,1.6974961029353608,0.1760584470199353,1.5199000000000003,0.04762866783776338,0.1573439571940726,0.12634427921470062,1.0751656683006197e-230,0.0,0.05
2786,0.16092000000000004,False,2,0.0,0.09149999999999998,0.9469,93.6,0.0,0.0,0.0,1.732490424272656,0.4100003853109992,1.7857104095100709,0.7450147224024188,0.19050029502994242,0.35529121171198946,0.1964437207287563,0.5893311621862688,0.05
2787,0.25251999999999997,False,2,0.0,0.2096,0.742,58.4,0.0,0.0,0.0,2.0558924262733616,0.48313587695030374,2.533324584878132,1.3435892427756533,0.5356154599538938,0.48752687778837966,0.7104473527072919,0.9471963035472617,0.05
2788,0.24137000000000006,False,2,0.0,0.14210000000000003,1.0,79.05,0.0,0.0,0.0,1.7302765980734383,0.1243160046656813,1.5118,0.018070971196922407,0.20249926183257236,0.10505738037172863,7.287758623511011e-237,0.0,0.05
2789,0.26285000000000003,False,2,0.0,0.1829,0.8684,62.85,0.0,0.0,0.0,1.914346790951908,0.35853266816771595,1.8264189747815336,0.48291932717638436,0.38212098601934796,0.3578692085811075,0.2198001617334664,0.33965916350405656,0.05
2790,0.28866,False,2,0.0,0.2048,0.9390000000000001,68.2,0.0,0.0,0.0,1.9067052019694333,0.36073237821584897,1.6161555555555558,0.34481559645056087,0.3377413337215504,0.2776055811731449,0.07990000000000014,0.23970000000000038,0.05
2791,0.29097,False,2,0.0,0.1871,1.0,70.0,0.0,0.0,0.0,1.732315570764105,0.11047608174738924,1.5603444444444452,0.09521683441259733,0.2257094416433741,0.1150908579898259,0.02160000000000059,0.06480000000000177,0.05
2792,0.18893000000000004,False,2,0.0,0.09990000000000002,1.0,90.5,0.0,0.0,0.0,1.689397583477144,0.17017065423539982,1.5549555555563714,0.10750574144833115,0.15183999964784797,0.12575152702030112,0.02500000000000064,0.07500000000000191,0.05
2793,0.19224000000000002,False,2,0.0,0.1032,1.0,90.0,0.0,0.0,0.0,1.6693218072962548,0.10941398172667653,1.5239111111164096,0.028443003446749635,0.14662270559221274,0.10174955162468323,0.00600000000000037,0.01800000000000111,0.05
2794,0.20040000000000008,False,2,0.0,0.1361,0.9371,88.0,0.0,0.0,0.0,1.782423963652531,0.3154588565639073,1.8599480384455975,0.9541511976756623,0.24388174280737346,0.31405238524896345,0.18693565679867197,0.5608069703960159,0.05
2795,0.28108,False,2,0.0,0.1844,1.0,74.0,0.0,0.0,0.0,1.777604603722608,0.1417170988043792,1.5145010346200731,0.03224337461598954,0.24049795372970711,0.125792197359443,3.1147720170625257e-208,0.0,0.05
2796,0.31024,False,2,0.0,0.2032,1.0,66.0,0.0,0.0,0.0,1.789069999540536,0.1444305834497702,1.5367111111120875,0.038257257843566345,0.2593239903109847,0.12785708403075435,0.007800000000000395,0.023400000000001187,0.05
2797,0.2184,False,2,0.0,0.151,0.9339999999999999,83.75,0.0,0.0,0.0,1.8065876005884705,0.39556982233107646,1.8497475965655226,1.0248136354667312,0.2801394273683802,0.35355719737566427,0.18253186781298442,0.5475956034389533,0.05
2798,0.24333000000000002,False,2,0.0,0.1934,0.8275,70.15,0.0,0.0,0.0,2.060044648262284,0.6081618774426933,1.957750594118,0.7539880096256834,0.4893637513165496,0.5068071234219091,0.32575073655125564,0.5451012734314621,0.05
2799,0.24012000000000006,False,2,0.0,0.17160000000000003,1.0,90.0,0.0,0.0,0.0,1.7555137370035605,0.17363042876726928,1.6276333333706883,0.19090663512821385,0.22875940469262232,0.14795961106632458,0.04700000000000092,0.1410000000000028,0.05
2800,0.18935,False,2,0.0,0.1957,0.7332,83.8,0.0,0.0,0.0,2.18378584941128,0.7009500806803712,2.8702871486800565,1.7622049813511407,0.5806298477565442,0.5553356452792578,0.6654228289179793,0.8553694288747266,0.05
2801,0.23244,False,2,0.0,0.18119999999999997,0.876,78.6,0.0,0.0,0.0,1.9788239568330819,0.46087859623211014,1.9604535361454427,1.055473282752872,0.391568684426197,0.4047917983672558,0.2817095627954118,0.6260949111053058,0.05
2802,0.27177,False,2,0.0,0.18960000000000002,0.9324999999999999,70.35,0.0,0.0,0.0,1.8705361271744079,0.32427741293953,1.8101463628710335,0.8171544937726222,0.32742805815523146,0.31231718512940565,0.10800000000000001,0.324,0.05
2803,0.30232000000000003,False,2,0.0,0.24969999999999998,0.8051,57.0,0.0,0.0,0.0,2.048248939969784,0.4472149566838059,2.3090289017312204,1.1684169155985011,0.5132806874454944,0.42175110743730176,0.4618569209225452,0.7107163986876821,0.05
2804,0.25828000000000007,False,2,0.0,0.1526,0.9342,64.4,0.0,0.0,0.0,1.7738276362599699,0.30624748718146366,1.6483042504080874,0.3144463330518566,0.25597724309403513,0.3093431449778045,0.0798174795348244,0.23945243860447318,0.05
2805,0.27906000000000003,False,2,0.0,0.18919999999999998,0.9404,67.75,0.0,0.0,0.0,1.9433878652056293,0.4369292795727874,1.9015262536045625,0.8743324642857122,0.356839772912891,0.3627546121562949,0.2486691683659991,0.569231473720766,0.05
2806,0.23137000000000008,False,2,0.0,0.15910000000000002,1.0,90.0,0.0,0.0,0.0,1.7503520211567802,0.20002476351876552,1.5250888888902967,0.03046425957233744,0.20912592439454886,0.16087535413465795,0.006400000000000375,0.019200000000001126,0.05
2807,0.2746600000000001,False,2,0.0,0.21180000000000004,1.0,86.8,0.0,0.0,0.0,1.8080598123502605,0.17000055780526666,1.5725000000223344,0.07983013217908337,0.272157140806983,0.14457704768575172,3.266059815594098e-202,0.0,0.05
2808,0.19160000000000005,False,2,0.0,0.13099999999999998,1.0,100.05,0.0,0.0,0.0,1.691083565923389,0.0963677021247833,1.546688888888964,0.05252791850274017,0.1755271842068401,0.09702620358747337,0.007300000000000509,0.021900000000001522,0.05
2809,0.20169000000000004,False,2,0.0,0.1167,1.0,90.0,0.0,0.0,0.0,1.6828731473441412,0.1334733823381633,1.522611111111111,0.03154124284171442,0.16164281204456754,0.12237561921362167,9.733588720034035e-210,0.0,0.05
2810,0.27091,False,2,0.0,0.2092,0.9349000000000001,78.0,0.0,0.0,0.0,1.8621210646649355,0.3133848274662531,1.649151834348077,0.34068233691227917,0.33775978093944126,0.30915894566971797,0.07986855942040828,0.2396056782612248,0.05
2811,0.24338,False,2,0.0,0.1727,0.9312999999999999,78.45,0.0,0.0,0.0,1.8684498633818811,0.3409193482002719,1.9201914002920355,1.1595853330121408,0.32153078448450584,0.31702024161549963,0.19470665270527343,0.5841199581158203,0.05
2812,0.2210300000000001,False,2,0.0,0.17020000000000002,0.8733000000000001,80.05,0.0,0.0,0.0,1.8730077298737768,0.4234887372723805,1.8463344114277924,0.7146471653113653,0.34450042977151024,0.3986119606190127,0.2700232651088798,0.5938154108700536,0.05
2813,0.21671000000000004,False,2,0.0,0.1233,1.0,84.8,0.0,0.0,0.0,1.727920440530167,0.18463630727638086,1.525911187552557,0.048582879428896136,0.1815648847052753,0.15283540742702081,0.003300000000000452,0.009900000000001356,0.05
2814,0.2650300000000001,False,2,0.0,0.19619999999999999,0.9343,76.3,0.0,0.0,0.0,1.89707013868517,0.31606579452080025,1.8303001788298843,0.8423140221502469,0.3231699756168721,0.26258647497101445,0.17145047483642784,0.5143514245092835,0.05
2815,0.23035000000000008,False,2,0.0,0.15680000000000002,0.9353,80.0,0.0,0.0,0.0,1.8424672227094483,0.4292709603314802,1.9331023675487375,1.2170403538784462,0.2949644154554513,0.3764547977935001,0.19999990240900223,0.5999997072270067,0.05
2816,0.21046000000000004,False,2,0.0,0.1298,1.0,90.2,0.0,0.0,0.0,1.7472300908621214,0.22098322725206346,1.5229161458333333,0.035153113783723496,0.18194373905141398,0.1526186293795672,4.8667425052866394e-210,0.0,0.05
2817,0.2695000000000001,False,2,0.0,0.19490000000000002,0.9369,74.0,0.0,0.0,0.0,1.8453332892858902,0.3011441994362114,1.8266965357953204,0.9113122843543343,0.30868103580538586,0.2925973342079065,0.19341775730009714,0.5802532719002914,0.05
2818,0.25872000000000006,False,2,0.0,0.19340000000000002,0.8778,70.0,0.0,0.0,0.0,1.9339786084851913,0.5092231813151628,2.117754164997479,1.4181785612681312,0.3969420681424292,0.4431003399965318,0.27989982471945424,0.6208828287206006,0.05
2819,0.29838000000000003,False,2,0.0,0.18,0.9346,54.0,0.0,0.0,0.0,1.8351318219092572,0.36373141285315563,1.8295049101539593,0.8859270041432363,0.3135494878625198,0.3372043691456535,0.21758268793171592,0.6527480637951478,0.05
2820,0.14431000000000005,False,2,0.0,0.06330000000000001,1.0,100.0,0.0,0.0,0.0,1.6076652110160583,0.07032705518330525,1.5146000000000002,0.03356247905027283,0.09316854320550375,0.06946343072917811,6.290184278767308e-236,0.0,0.05
2821,0.18092000000000003,False,2,0.0,0.1076,1.0,97.2,0.0,0.0,0.0,1.6397882706730917,0.10068255457609587,1.5226,0.056552984006151275,0.13760811211640292,0.09778903482008185,4.752721739385524e-213,0.0,0.05
2822,0.2505200000000001,False,2,0.0,0.1916,0.933,81.75,0.0,0.0,0.0,1.915452143651859,0.3264273808543031,1.9394557071959824,0.9973513747558715,0.35180031260586125,0.3243778631963638,0.2709209158054008,0.6171536848838721,0.05
2823,0.26385000000000003,False,2,0.0,0.198,0.8835000000000001,69.9,0.0,0.0,0.0,1.9251696928037922,0.3856385975134842,1.9388543536300222,0.9268653622703334,0.39352143050855953,0.35677767897378004,0.25314324251891057,0.5477934793667315,0.05
2824,0.29821000000000003,False,2,0.0,0.16430000000000003,1.0,58.4,0.0,0.0,0.0,1.7249071405828094,0.12783742809249166,1.5450222222222234,0.10826574301740913,0.21088799094156802,0.1269278064284453,0.02580000000000094,0.0767356501243085,0.05
2825,0.17637000000000003,False,2,0.0,0.1111,0.999,100.55,0.0,0.0,0.0,1.7350419647087327,0.1810509970271265,1.6312111121283657,0.3406578617088,0.18288385013969594,0.1331051174479563,0.08420000000000136,0.23829469150612895,0.05
2826,0.20119000000000006,False,2,0.0,0.14920000000000003,0.8745,82.8,0.0,0.0,0.0,1.8558397976949066,0.4662314851226201,2.1585603943797396,1.2621895261580547,0.3257454017362245,0.42687786916508846,0.44917275604302204,0.8984052049000227,0.05
2827,0.22015000000000004,False,2,0.0,0.1433,0.9328,80.0,0.0,0.0,0.0,1.761403006894715,0.317134481719827,1.753835310148202,0.7287825037697034,0.24283258629299054,0.3031582029028827,0.1749733390311757,0.5249200170935271,0.05
2828,0.2677500000000001,False,2,0.0,0.1654,0.9339000000000001,64.1,0.0,0.0,0.0,1.849353399525673,0.3938935288070504,1.787745948320411,0.7681264648478452,0.2996838495946422,0.35136074816813007,0.1850458774242258,0.5551376322726773,0.05
2829,0.2126600000000001,False,2,0.0,0.1905,0.8047000000000001,81.05,0.0,0.0,0.0,2.0768786230035254,0.571125173605184,2.332770146224204,1.2344247596101006,0.5013342449957722,0.5039653079225151,0.5357972088703871,0.7850510555311235,0.05
2830,0.24211000000000005,False,2,0.0,0.14579999999999999,0.9335000000000001,70.0,0.0,0.0,0.0,1.7626961996103527,0.27227864607235713,1.7310445003909805,0.6795767811043659,0.25352747434041817,0.2947832208464369,0.16753662539653186,0.5026098761895955,0.05
2831,0.24702000000000002,False,2,0.0,0.2004,0.8038000000000001,67.2,0.0,0.0,0.0,2.015037785535006,0.45204473219591623,2.221543292133916,1.1989707566031593,0.4748517905329737,0.44678646748286105,0.5176994044870477,0.8685100252908045,0.05
2832,0.25481999999999994,False,2,0.0,0.19839999999999997,0.8657999999999999,71.9,0.0,0.0,0.0,2.0027056463554738,0.605765593999333,1.7748098805222459,0.4801833526583284,0.42356990435477926,0.4291022768614825,0.17240217121194418,0.3258422395871322,0.05
2833,0.19623000000000004,False,2,0.0,0.1081,0.9352,80.0,0.0,0.0,0.0,1.7416415375276428,0.35072948138545884,1.7726714961222743,0.7765061681322736,0.2179537913950901,0.33904203875887723,0.19709063842624427,0.5912719152787328,0.05
2834,0.24396000000000007,False,2,0.0,0.17020000000000002,0.9334,77.6,0.0,0.0,0.0,1.8412663400520735,0.34175656716819264,1.7676529054064822,0.7565846036362897,0.3027416636553906,0.32537926704484454,0.1991475561118975,0.5974426683356924,0.05
2835,0.22737000000000004,False,2,0.0,0.154,0.9319,80.0,0.0,0.0,0.0,1.7748446654261076,0.28049673026283517,1.8185370215480343,0.8731175156278901,0.2696772368831709,0.2905555541649409,0.20656476832499152,0.6196943049749745,0.05
2836,0.25631000000000004,False,2,0.0,0.2085,0.9301999999999999,84.35,0.0,0.0,0.0,1.9445051700898002,0.4493372967796423,1.9936027485221346,1.2284601949678071,0.37157154351689015,0.33837760563418523,0.16062991607734783,0.4818897482320434,0.05
2837,0.17784,False,2,0.0,0.12779999999999997,0.8625999999999999,85.2,0.0,0.0,0.0,1.951650320838968,0.704674615873493,2.086830020225319,1.1634501931710401,0.36246012245743503,0.5187084765301573,0.34308268413605286,0.7302482452153793,0.05
2838,0.32339999999999997,False,2,0.0,0.23609999999999998,0.9350999999999999,61.2,0.0,0.0,0.0,1.9020637495725097,0.3037390819951153,1.842042187781254,0.8549324951098772,0.3690848043711162,0.2908911608899246,0.2480977433367238,0.680857184641264,0.05
2839,0.21158999999999997,False,2,0.0,0.19349999999999998,0.7898,80.4,0.0,0.0,0.0,2.167607750995008,0.7026245848842742,2.463083587582322,1.4161088277553033,0.5268462574339045,0.5339451624090658,0.5214105406569325,0.816769632687993,0.05
2840,0.21156999999999998,False,2,0.0,0.15259999999999999,0.8664999999999999,77.6,0.0,0.0,0.0,1.8761437188452146,0.4651160912710917,1.9923367454009078,0.9417261145937332,0.34819337779518855,0.43778218157617416,0.3311193308599282,0.6658844563650651,0.05
2841,0.1905100000000001,False,2,0.0,0.10190000000000002,0.9306000000000001,80.0,0.0,0.0,0.0,1.7168513831328263,0.30641907277745023,1.7649577583510208,0.7335779694667787,0.2081479113869941,0.32416353117019026,0.19287210106588862,0.5786163031976658,0.05
2842,0.20798000000000005,False,2,0.0,0.1434,1.0,96.2,0.0,0.0,0.0,1.746383339594137,0.20648467609319024,1.51501962000529,0.018779625785100756,0.20147935133669606,0.15351058193940942,1.2458993533663098e-207,0.0,0.05
2843,0.22856,False,2,0.0,0.1568,1.0,90.6,0.0,0.0,0.0,1.774232025868832,0.22094673281228178,1.5380556015888984,0.04984981848095048,0.21746133625784578,0.16010609237085954,0.0034000000000003324,0.010200000000000998,0.05
2844,0.22634000000000004,False,2,0.0,0.1631,0.9859,91.8,0.0,0.0,0.0,1.8385767957917771,0.21930247069910924,1.652169583543144,0.33526804073610406,0.26472695198577295,0.16077787569276558,0.07980000000000088,0.23940000000000264,0.05
2845,0.20614000000000002,False,2,0.0,0.1072,1.0,84.45,0.0,0.0,0.0,1.684920722362134,0.18374191397704562,1.5199,0.025936268043031892,0.14502446814476014,0.11807328546937676,5.005015642349993e-227,0.0,0.05
2846,0.27786000000000005,False,2,0.0,0.1807,0.9349000000000001,64.55,0.0,0.0,0.0,1.8650611278322793,0.3728577327761979,1.626069442898429,0.34546179428566814,0.3143315930510544,0.33117338687556175,0.0799118047652082,0.23973541429562462,0.05
2847,0.18902000000000005,False,2,0.0,0.18030000000000002,0.7427,80.0,0.0,0.0,0.0,2.1682315623144435,0.6896805356113044,2.535447138799154,1.2502953830677663,0.5890156578424279,0.6110430512945297,0.6468536464672837,0.8156610523631999,0.05
2848,0.21138000000000004,False,2,0.0,0.12940000000000002,1.0,89.6,0.0,0.0,0.0,1.6842553616735203,0.13328214794754875,1.5188000373734438,0.03091223171270256,0.17292079745905273,0.12415026365145396,5.94091107351516e-214,0.0,0.05
2849,0.22158000000000003,False,2,0.0,0.14540000000000003,1.0,90.1,0.0,0.0,0.0,1.7211767796960384,0.1310030143162973,1.525933340454102,0.04847240137510046,0.19245712807070053,0.11775059510522208,0.0038000000000003387,0.011400000000001015,0.05
2850,0.23266000000000003,False,2,0.0,0.1888,0.9349999999999999,90.0,0.0,0.0,0.0,1.80540565474934,0.21566897412607,1.658450173611112,0.3360369796381034,0.29715299768044606,0.23635801100322507,0.08630000000000049,0.23802354925511052,0.05
2851,0.24941999999999998,False,2,0.0,0.1568,0.9321999999999999,70.0,0.0,0.0,0.0,1.815617638296727,0.38596393926333933,1.8189955783806453,0.8568757455691439,0.29129241788173815,0.36443148308054635,0.20338294988328115,0.5878318956512139,0.05
2852,0.20037000000000013,False,2,0.0,0.1453,0.9312000000000001,90.35,0.0,0.0,0.0,1.8029507070043778,0.2956897430265875,1.7465487369874098,0.6573133697523262,0.26979389783506935,0.30945761252499804,0.1911554386523841,0.5734663159571524,0.05
2853,0.22842000000000007,False,2,0.0,0.213,0.9334,100.35,0.0,0.0,0.0,1.9201912026188517,0.37682173797347784,1.7731552845924743,0.7287627766788369,0.36947592604482493,0.3310711913244222,0.19715528357522147,0.5769483405124007,0.05
2854,0.2661800000000001,False,2,0.0,0.2051,0.8766999999999999,70.2,0.0,0.0,0.0,2.0025677167589127,0.5114397542816164,1.8788633341171395,0.7103350500020259,0.4355548801840807,0.43610964484383213,0.2648112431818055,0.5468174634679676,0.05
2855,0.2650800000000001,False,2,0.0,0.21470000000000003,0.9333,82.6,0.0,0.0,0.0,1.9356453629375792,0.35868303029870185,1.8086829827838127,0.8098257701372207,0.3567068017701932,0.3197041663845601,0.23005919806018293,0.6691163831181729,0.05
2856,0.21273,False,2,0.0,0.10389999999999999,1.0,80.0,0.0,0.0,0.0,1.66733145810697,0.09881159226250481,1.5363,0.04184029158598209,0.14635727716925626,0.09618200237102734,5.224512849288288e-231,0.0,0.05
2857,0.23301,False,2,0.0,0.2024,0.8030999999999999,74.8,0.0,0.0,0.0,2.0473025915268006,0.5904379123452629,2.4357426088195,1.3904983427802202,0.5087141738131749,0.5411961318815313,0.6148259984971975,0.939726240620045,0.05
2858,0.21900000000000003,False,2,0.0,0.15150000000000002,0.9765,90.0,0.0,0.0,0.0,1.734745890677899,0.13870137445241623,1.646855570705733,0.33703627831957156,0.21022134102926424,0.11655329495309251,0.07990000000000085,0.23970000000000252,0.05
2859,0.22754999999999997,False,2,0.0,0.1543,0.8687999999999999,70.55,0.0,0.0,0.0,1.9345701004419618,0.49912720412358375,1.8452859059407942,0.4943995668857328,0.3751456709003958,0.41141873827478026,0.22456909420482735,0.34515341836265884,0.05
2860,0.23956000000000002,False,2,0.0,0.14279999999999998,1.0,80.2,0.0,0.0,0.0,1.7518080353471635,0.23735784212546457,1.5681222222419176,0.09762787055799613,0.1977519090506566,0.17179045645219926,0.022900000000000732,0.06870000000000219,0.05
2861,0.22037,False,2,0.0,0.1561,0.933,84.4,0.0,0.0,0.0,1.7967584972484212,0.28723679463524937,1.8069486865884528,0.8241247773114634,0.27808924492729586,0.2954094136150972,0.205148686588453,0.6154460597653589,0.05
2862,0.1992200000000001,False,2,0.0,0.1131,0.9335000000000001,80.0,0.0,0.0,0.0,1.7030959806813233,0.2814422213019983,1.8049566653992137,0.8287673891112978,0.19993642802459394,0.294477591487572,0.18075665960251808,0.5422699788075542,0.05
2863,0.27421000000000006,False,2,0.0,0.1892,0.8059000000000001,50.0,0.0,0.0,0.0,1.9845832142719781,0.5405701853451914,2.274264014332096,1.2526177180378402,0.4524116821698708,0.4910371075037829,0.45735520709608835,0.7532167728464725,0.05
2864,0.22262000000000004,False,2,0.0,0.1466,1.0,90.0,0.0,0.0,0.0,1.6772732052824135,0.10089979662393096,1.538896346611448,0.053182430178820975,0.17098919108814697,0.10568282587367628,0.015400000000000788,0.03941624030777307,0.05
2865,0.26770000000000005,False,2,0.0,0.2028,0.8858,70.0,0.0,0.0,0.0,1.8936323937033908,0.38184336467590196,1.7457666666666676,0.45269856280469173,0.3564956147204986,0.327787975953735,0.15970000000000054,0.31940007827175104,0.05
2866,0.24603000000000003,False,2,0.0,0.1773,0.8064,60.0,0.0,0.0,0.0,1.9511889431429954,0.48081307015196656,1.9581613967891935,0.7574438426710579,0.4392877184446718,0.46239950934518187,0.3171208735761434,0.5241830061509895,0.05
2867,0.19161000000000003,False,2,0.0,0.12940000000000002,0.8701000000000001,80.0,0.0,0.0,0.0,1.86917904312168,0.4910203569676842,2.0699111989504253,1.0558184818664056,0.33040181974646493,0.4547324631774645,0.39440514029508916,0.7710012786093414,0.05
2868,0.24448999999999996,False,2,0.0,0.18819999999999998,0.9344999999999999,83.8,0.0,0.0,0.0,1.8848717493333005,0.31190523618322097,1.7937257439726917,0.8202021792396379,0.3323007305000002,0.2886697319253518,0.21724015341940772,0.6517204602582232,0.05
2869,0.31455000000000005,False,2,0.0,0.1785,1.0,55.2,0.0,0.0,0.0,1.7369844043288996,0.1329092294881726,1.5391888888895469,0.06727513161103833,0.2180441034257785,0.10566732710155569,0.013600000000000478,0.04080000000000143,0.05
2870,0.23884000000000002,False,2,0.0,0.1688,0.9356,80.0,0.0,0.0,0.0,1.8697137093932152,0.3929613404069239,1.8020716614671908,0.7796135961074524,0.31643015977931505,0.3510173969680624,0.20665204341162208,0.6199561302348663,0.05
2871,0.17602,False,2,0.0,0.10859999999999999,1.0,100.0,0.0,0.0,0.0,1.6712560849494338,0.1294727220622813,1.5645371464093554,0.0592945283023658,0.14706452284467114,0.11419667210049289,0.011600000000000731,0.025950722533295133,0.05
2872,0.19161000000000006,False,2,0.0,0.10229999999999999,1.0,90.0,0.0,0.0,0.0,1.6547893824505162,0.09569926747318938,1.5221,0.025618157623061025,0.13468862510206672,0.09751701744225183,4.1978751528084685e-231,0.0,0.05
2873,0.20126999999999998,False,2,0.0,0.1156,0.9344999999999999,80.0,0.0,0.0,0.0,1.7391056333326222,0.3469163949579821,1.7793212690009672,0.7628427381723935,0.22332782850027874,0.3309298698478411,0.1625212690009672,0.4875638070029016,0.05
2874,0.23919000000000004,False,2,0.0,0.1417,1.0,80.0,0.0,0.0,0.0,1.686709666804345,0.0892835527970626,1.538266715494792,0.05138391865531111,0.17869359720155162,0.09572216691172517,0.0032000000000003298,0.00960000000000099,0.05
2875,0.26842,False,2,0.0,0.1726,1.0,76.2,0.0,0.0,0.0,1.750221513694988,0.1336064259556744,1.5198053819444506,0.033132660281897444,0.22584498204709366,0.11811097564991811,0.001700000000000287,0.005100000000000862,0.05
2876,0.30584000000000006,False,2,0.0,0.2347,0.9355,69.55,0.0,0.0,0.0,1.9207078870926555,0.4073448936404796,1.7748570004069724,0.7290215665110309,0.3774161105932202,0.3522251385196861,0.17561058710564775,0.5155980845669691,0.05
2877,0.3558400000000001,False,2,0.0,0.21880000000000002,0.9396000000000001,39.6,0.0,0.0,0.0,1.9056384405765585,0.37473496454391947,1.7730377363722798,0.7225439711996697,0.36365162990189254,0.3187336793206673,0.17836330903289885,0.5350899270986965,0.05
2878,0.21433999999999997,False,2,0.0,0.184,0.9437999999999999,98.8,0.0,0.0,0.0,1.9242167422735155,0.5022447163492852,1.6469555767503052,0.3361949075691641,0.32473858562506597,0.36094036422417836,0.07990000074505829,0.23970000223517485,0.05
2879,0.23822000000000002,False,2,0.0,0.2064,0.7968,72.65,0.0,0.0,0.0,2.1187508760747162,0.6203301754488353,2.244227306238401,1.0409436440777042,0.5313112065708603,0.509603908882648,0.5087688039209287,0.777956917494215,0.05
2880,0.17003000000000013,False,2,0.0,0.14540000000000003,0.8725000000000002,96.75,0.0,0.0,0.0,1.9538526528221987,0.582862153905501,2.007735401055238,1.118313758846703,0.36637277231059506,0.4913082179410452,0.287421287775511,0.6241058227630325,0.05
2881,0.22481000000000007,False,2,0.0,0.198,0.8047000000000001,77.6,0.0,0.0,0.0,2.029000704280777,0.5003913805044795,2.2101416657176025,1.1436795941851123,0.4710674157585813,0.47549406126008376,0.4299644227122201,0.7013646071694576,0.05
2882,0.25565000000000004,False,2,0.0,0.17939999999999998,0.8709000000000001,65.6,0.0,0.0,0.0,1.8367984718234887,0.349441773261686,1.760550182471387,0.4462781423299611,0.344689420063438,0.3593280071539068,0.16890000008903547,0.31619786544535994,0.05
2883,0.19483000000000006,False,2,0.0,0.1274,0.9335000000000001,87.2,0.0,0.0,0.0,1.7897760253433936,0.41003505174019156,1.8028921564792018,0.8043596940352039,0.26140892448035946,0.37116872125268696,0.21960213813403553,0.6515060994184637,0.05
2884,0.24114000000000008,False,2,0.0,0.1902,1.0,96.0,0.0,0.0,0.0,1.799489043324294,0.1990169563618733,1.5379000008907673,0.06509139813193601,0.24993665609672272,0.16386700589593353,8.977719563933988e-191,0.0,0.05
2885,0.28874000000000005,False,2,0.0,0.1942,1.0,73.6,0.0,0.0,0.0,1.8086550997429742,0.2203959313850368,1.5261999999999998,0.040320714279387465,0.26379020639581785,0.1724222102322271,7.354491700561708e-187,0.0,0.05
2886,0.33388,False,2,0.0,0.1874,1.0,48.65,0.0,0.0,0.0,1.7923121361075722,0.1475996545101851,1.527000000001404,0.026645825189686095,0.2573473838811701,0.11809009990675164,2.8447285898108595e-214,0.0,0.05
2887,0.17933,False,2,0.0,0.10089999999999999,1.0,95.65,0.0,0.0,0.0,1.663377837487499,0.12385058367325982,1.5158999999999998,0.04415529413331992,0.13956452194676214,0.10633601957417181,9.06459961950165e-219,0.0,0.05
2888,0.26927,False,2,0.0,0.2133,0.9411999999999999,81.2,0.0,0.0,0.0,1.9608317650073055,0.42341699316969905,1.7518639923598247,0.7140922277634681,0.38369048389330834,0.3447545482107383,0.18646824757821992,0.5594047427346598,0.05
2889,0.18543999999999994,False,2,0.0,0.1507,0.9344999999999999,100.2,0.0,0.0,0.0,1.885913915987049,0.483701070818424,2.191304335612361,1.5269087323362254,0.3166643654345204,0.3872459457192244,0.3136160719995569,0.6085829324561146,0.05
2890,0.19887999999999997,False,2,0.0,0.1483,0.7998999999999999,72.45,0.0,0.0,0.0,1.9976312808164984,0.5722405280372218,2.384360504884522,1.2553528400077534,0.4341947017865643,0.5207278570899594,0.5870891507178546,0.9043368993819096,0.05
2891,0.17342000000000002,False,2,0.0,0.1327,0.9371,100.3,0.0,0.0,0.0,1.8290080098968793,0.44271521720907914,1.7954631643707344,0.8349041343009409,0.26532148550548496,0.3658074405884829,0.1759187198877898,0.5100103354979635,0.05
2892,0.2271700000000001,False,2,0.0,0.1507,0.8756,70.5,0.0,0.0,0.0,1.8762503716334655,0.4943239295926269,2.0296881209090136,0.9616155196663058,0.34934313445055826,0.4639303839380812,0.3868325653534576,0.731251084384988,0.05
2893,0.28219000000000005,False,2,0.0,0.1807,1.0,72.15,0.0,0.0,0.0,1.759471903547174,0.14816937711455663,1.570511111111112,0.12340194487932801,0.23479266074873034,0.11956027036656142,0.029400000000000703,0.08820000000000211,0.05
2894,0.19489,False,2,0.0,0.22479999999999997,0.7261,90.15,0.0,0.0,0.0,2.3897002462876347,0.8287283704449859,2.7156520215882685,1.5911009455568623,0.6879129625049469,0.5933648408318511,0.6996415357532386,0.9288028854187832,0.05
2895,0.32425000000000004,False,2,0.0,0.2339,0.8684000000000001,50.0,0.0,0.0,0.0,1.8904864913890684,0.2885084141176346,1.938299329371049,0.6961996194088571,0.40542472955674586,0.33024714327839794,0.30238981833963513,0.5373686671911717,0.05
2896,0.22168000000000004,False,2,0.0,0.16460000000000002,0.9362,87.2,0.0,0.0,0.0,1.818965461266228,0.27136029572525333,1.7865079492991107,0.7226585742312626,0.29869120783840464,0.2960987264930392,0.17272158288702094,0.5181647486610628,0.05
2897,0.25970000000000004,False,2,0.0,0.16570000000000001,0.9377000000000001,68.8,0.0,0.0,0.0,1.7922822448687357,0.3086526676394634,1.6325333333333336,0.34024602863222514,0.2744240071539021,0.30268698395700755,0.07970000000000033,0.23910000000000098,0.05
2898,0.2507400000000001,False,2,0.0,0.1582,1.0,80.0,0.0,0.0,0.0,1.7395918657412484,0.16269458348480817,1.5309000275581242,0.03492125467923248,0.22030905802042003,0.14794516135242347,1.0206407524821683e-203,0.0,0.05
2899,0.23944000000000004,False,2,0.0,0.1643,0.8681000000000001,68.0,0.0,0.0,0.0,1.8350547639870374,0.3724945723179445,1.8969627152355386,0.8178132634395837,0.34542161296367363,0.41481038748382476,0.29024307638992736,0.6493429369735113,0.05
2900,0.25050000000000006,False,2,0.0,0.159,1.0,80.4,0.0,0.0,0.0,1.7245854503493394,0.12156409887382928,1.544689236888948,0.03970322004041845,0.20375197085739688,0.11132661875330414,2.320668386769679e-216,0.0,0.05
2901,0.1643400000000001,False,2,0.0,0.12080000000000002,0.9326000000000001,100.0,0.0,0.0,0.0,1.814667803610185,0.4883829332629813,1.9431854255011252,1.2335704748614371,0.2644828253372852,0.4054395910252687,0.19890827299943287,0.5967248189982985,0.05
2902,0.22409000000000007,False,2,0.0,0.1243,0.9326000000000001,71.35,0.0,0.0,0.0,1.7820197235790438,0.35406033639468054,1.8894190331413263,1.0182126444414668,0.2525293887633418,0.34729703961353176,0.22722600438335014,0.6471168369644916,0.05
2903,0.23564000000000004,False,2,0.0,0.12220000000000002,1.0,74.95,0.0,0.0,0.0,1.6847068626428314,0.11764251202783316,1.533800000001234,0.0540051849392151,0.16819619036944272,0.11203023320541461,5.683700104368422e-231,0.0,0.05
2904,0.20123000000000002,False,2,0.0,0.12290000000000001,1.0,92.4,0.0,0.0,0.0,1.6751594343791,0.14928982805827617,1.5372000000000008,0.056628261495477755,0.15881271389118187,0.1292418538818698,0.013400000000000476,0.04020000000000143,0.05
2905,0.29295000000000004,False,2,0.0,0.19379999999999997,0.9382999999999999,62.1,0.0,0.0,0.0,1.9858833639543358,0.38607444155785137,1.7635821178984084,0.7567152141720328,0.3594845853840319,0.3198614429191472,0.16422342183672162,0.4926702655101649,0.05
2906,0.30831,False,2,0.0,0.22759999999999997,0.8693,55.9,0.0,0.0,0.0,2.0301607562044617,0.41255482325541065,2.113147091638697,1.1034656716599167,0.4540682870650131,0.3869797777287885,0.3047267896026068,0.5608705288594885,0.05
2907,0.17966,False,2,0.0,0.0986,0.9687999999999999,90.0,0.0,0.0,0.0,1.6580338938459704,0.09982325685802089,1.6332972225875495,0.3401012811103386,0.14416843853924802,0.09044607952052214,0.07980000000000086,0.23940000000000256,0.05
2908,0.15733000000000003,False,2,0.0,0.0819,1.0,100.0,0.0,0.0,0.0,1.6324422935273677,0.08885850457619918,1.533805729309718,0.0393188102859006,0.11391427531318028,0.08350390276763012,1.6102871713756712e-233,0.0,0.05
2909,0.3096,False,2,0.0,0.2525,0.8685,63.85,0.0,0.0,0.0,2.117604251953231,0.5211813832411203,1.9935458857974713,0.9012748933064172,0.5041993576391286,0.4040369118827393,0.30241301402822546,0.556185694254363,0.05
2910,0.22521000000000005,False,2,0.0,0.15059999999999998,0.9323,79.95,0.0,0.0,0.0,1.8650127091967659,0.5808675958199687,1.958806562848705,1.3120255065826518,0.29162809845302035,0.41056202216802784,0.1968397937574166,0.5905193812722497,0.05
2911,0.21686000000000002,False,2,0.0,0.10979999999999998,1.0,80.0,0.0,0.0,0.0,1.643978312592513,0.10371932651383209,1.5295918403014352,0.046338319925810265,0.135650761967145,0.11703947740962108,0.0038000000000006223,0.008600000000001128,0.05
2912,0.24625000000000002,False,2,0.0,0.17,0.8695,66.8,0.0,0.0,0.0,1.9525573992258303,0.5699143281396932,2.10390034588712,1.1667846774065402,0.3987322992615075,0.5006368872170348,0.4018179943380999,0.8081113331179117,0.05
2913,0.19071000000000007,False,2,0.0,0.1685,0.8682000000000001,93.85,0.0,0.0,0.0,1.9412244441237771,0.5829642112517267,2.1765880859805304,1.369593116446419,0.36741435645386594,0.45477460502210326,0.39761093347729826,0.7959152421458708,0.05
2914,0.19999999999999998,False,2,0.0,0.12599999999999997,1.0,94.1,0.0,0.0,0.0,1.726256586792525,0.1838446063990496,1.534,0.043411979913383386,0.17811108972002349,0.12878066603145658,2.7664523037739687e-223,0.0,0.05
2915,0.25318,False,2,0.0,0.19519999999999998,0.8657999999999999,71.6,0.0,0.0,0.0,1.9537752560240758,0.44733644996164507,2.07009338003531,1.0833182883160992,0.39698155334127716,0.4075198691572022,0.3052767779554079,0.6212263552222995,0.05
2916,0.1713,False,2,0.0,0.1011,0.9350999999999999,90.0,0.0,0.0,0.0,1.7327243772415266,0.33846065690693367,1.685638326692778,0.34421256732305766,0.212045555806797,0.3201935843891388,0.09981271764312416,0.24028757848150192,0.05
2917,0.2719100000000001,False,2,0.0,0.187,0.9367000000000001,70.0,0.0,0.0,0.0,1.8014887659755374,0.3197930508017445,1.7895673324151278,0.8551227039203656,0.28978231480413663,0.3101472571464171,0.20205695095864895,0.6061708528759469,0.05
2918,0.2629600000000001,False,2,0.0,0.2037,0.9349000000000001,80.05,0.0,0.0,0.0,1.8710400715705422,0.3129830292096888,1.786012315122107,0.6946340636320114,0.33216528789306793,0.30747884767851436,0.1954212250382057,0.5457433764595038,0.05
2919,0.22493000000000005,False,2,0.0,0.1761,0.9362,89.6,0.0,0.0,0.0,1.8259263584343572,0.36476610903954715,1.813805282220299,0.7661384499528812,0.2926436365303279,0.3287733638079099,0.20994399696825622,0.6298319909047687,0.05
2920,0.26180000000000003,False,2,0.0,0.20539999999999997,0.9364000000000001,81.45,0.0,0.0,0.0,1.8723172088264,0.35032601166832256,1.794668311671595,0.703097323647219,0.3356342848588344,0.3335479357995586,0.19129067284287024,0.5623021843734023,0.05
2921,0.20869999999999997,False,2,0.0,0.1835,0.7925,78.75,0.0,0.0,0.0,2.1158215271565224,0.7089546659321083,2.457961772373569,1.5095347876971712,0.5026796156531822,0.5336866596841161,0.5417431442116053,0.8161096564443333,0.05
2922,0.21302000000000001,False,2,0.0,0.1316,1.0,89.55,0.0,0.0,0.0,1.7209211146049896,0.1964580915331199,1.5278888888888897,0.055781518245544066,0.1802854170080206,0.1465715861487259,0.010000000000000554,0.030000000000001664,0.05
2923,0.17782000000000003,False,2,0.0,0.0826,1.0,90.0,0.0,0.0,0.0,1.6024577537531794,0.037312098033309316,1.525774218750001,0.0316627801388028,0.09726654624446189,0.05881086259036501,0.0040000000000006255,0.008197560612768905,0.05
2924,0.28986000000000006,False,2,0.0,0.18580000000000002,1.0,70.1,0.0,0.0,0.0,1.7429368012499897,0.16218521136755237,1.5213,0.023904183734233586,0.2277742192262969,0.14956280624507004,3.162517722033505e-195,0.0,0.05
2925,0.21187000000000003,False,2,0.0,0.1599,0.8718,80.8,0.0,0.0,0.0,1.8552790367845173,0.3989741576600111,1.912282814307907,0.7507036312328331,0.33513095457070774,0.39183389813206604,0.2739104184745552,0.5804724322882424,0.05
2926,0.26299000000000006,False,2,0.0,0.1744,0.8696999999999999,60.0,0.0,0.0,0.0,1.833588342124969,0.36860808566880854,2.02782803957905,1.0301524829347903,0.326948646371949,0.36762649622182364,0.39709470624571636,0.7960360454052137,0.05
2927,0.23002000000000009,False,2,0.0,0.15650000000000003,0.9259000000000001,78.65,0.0,0.0,0.0,1.8322517785091104,0.33303205417941795,1.7365241456586844,0.4550803990984012,0.2935331105278472,0.3028498790917417,0.1599787180206265,0.3199576856066236,0.05
2928,0.28305,False,2,0.0,0.17550000000000002,0.9339999999999999,60.0,0.0,0.0,0.0,1.8597749532179069,0.3307690635708789,1.738768267401007,0.6831423835328239,0.310764107832742,0.2903736879334154,0.16108108337808544,0.48324325013425634,0.05
2929,0.20292000000000002,False,2,0.0,0.1166,0.9349999999999999,79.6,0.0,0.0,0.0,1.7422007719130872,0.26317991437792854,1.7515809075861288,0.6678279510588638,0.21300293707288062,0.27027926571144345,0.15492430645198896,0.4647729193559669,0.05
2930,0.28152,False,2,0.0,0.205,0.9343999999999999,71.15,0.0,0.0,0.0,1.8587262379712945,0.2887845214732815,1.846995229086292,0.7186317681270049,0.33367786192900256,0.28739634023697525,0.23496189575295853,0.5270852699014863,0.05
2931,0.2682500000000001,False,2,0.0,0.20179999999999998,0.8643000000000001,66.15,0.0,0.0,0.0,2.037572111031749,0.5804698411908505,1.8710117593867994,0.7059289878616313,0.4406378504129173,0.45513808372467207,0.2653047523236741,0.5714261335575204,0.05
2932,0.22233000000000003,False,2,0.0,0.1359,1.0,86.4,0.0,0.0,0.0,1.7013118774178444,0.1268237538500914,1.5512555813259552,0.07387759196882593,0.1786574262585338,0.12072366128459046,0.0034000000000003324,0.010200000000000998,0.05
2933,0.23826000000000003,False,2,0.0,0.14089999999999997,0.9320999999999999,70.0,0.0,0.0,0.0,1.7631346624618218,0.2794029256508071,1.8269553065573139,0.9181479436862109,0.25509465437251844,0.29784222894959245,0.14383448587929712,0.4315034576378914,0.05
2934,0.29463000000000006,False,2,0.0,0.2149,0.8779999999999999,59.6,0.0,0.0,0.0,1.9439837248047787,0.46579552260132573,1.8894333120553175,0.7798732820382706,0.39738205486375,0.40977607823993273,0.26377775649976176,0.5765168588426615,0.05
2935,0.25462999999999997,False,2,0.0,0.1726,0.8676999999999999,63.25,0.0,0.0,0.0,1.9268217511041796,0.45504231717646654,2.2543868592674015,1.5426404700912302,0.38074968871118553,0.41946893657247136,0.41863183675702853,0.8305502143371843,0.05
2936,0.28212000000000004,False,2,0.0,0.18359999999999999,1.0,73.2,0.0,0.0,0.0,1.7603663148632358,0.1411850124319261,1.5624999999999998,0.05508039578652278,0.23233682359064103,0.12921869843843103,2.7772272534920826e-207,0.0,0.05
2937,0.24274000000000004,False,2,0.0,0.1762,1.0,90.3,0.0,0.0,0.0,1.8583644100323873,0.25336063349106464,1.569011111111113,0.08065799540171252,0.2792243584133269,0.19596480839834785,0.01410000000000119,0.04230000000000356,0.05
2938,0.20394,False,2,0.0,0.14620000000000002,1.0,99.2,0.0,0.0,0.0,1.6920410807339592,0.14367530585065655,1.5122000000000002,0.018015548839821646,0.17223605065324135,0.12778737903974713,1.0451360815500538e-200,0.0,0.05
2939,0.24804000000000004,False,2,0.0,0.1597,0.9315,71.6,0.0,0.0,0.0,1.8336940216722781,0.43504654333492276,1.8130857222855812,0.8741619134412331,0.28838014834622827,0.36205859000204954,0.22838572228558124,0.6851571668567437,0.05
2940,0.17231000000000005,False,2,0.0,0.0947,0.9054,82.8,0.0,0.0,0.0,1.735015720731425,0.3035077240728356,1.9421334648838218,0.8608188860103966,0.20724987062548278,0.2909161332044648,0.2330000000000017,0.4143401983877512,0.05
2941,0.18862000000000007,False,2,0.0,0.1514,0.9368000000000001,99.2,0.0,0.0,0.0,1.8272765985214643,0.3573311199982013,1.837620874366909,0.8221214297221606,0.2851025834261719,0.3388177334922301,0.12440000000000032,0.36855696981606517,0.05
2942,0.29375,False,2,0.0,0.2218,0.8833,63.25,0.0,0.0,0.0,2.022520032859839,0.5202264831807605,2.0192782178511512,0.9602825098999588,0.4540851736041163,0.4498999392679918,0.36581871559307044,0.7332271243505543,0.05
2943,0.20835000000000004,False,2,0.0,0.15389999999999998,0.9353999999999999,90.0,0.0,0.0,0.0,1.7964382428716974,0.30354816863595335,1.7634112456822144,0.7819359288836494,0.27081001688402706,0.30865019782308223,0.2039112456815519,0.6117337370446557,0.05
2944,0.23770000000000002,False,2,0.0,0.17540000000000003,0.8044,63.2,0.0,0.0,0.0,1.9863716569553158,0.515250597287947,2.1720336529132913,1.0144356665368532,0.45289484686739045,0.4992343008779433,0.5174854436934733,0.809194469659602,0.05
2945,0.18723,False,2,0.0,0.11889999999999998,1.0,98.0,0.0,0.0,0.0,1.6707099080822938,0.1479859460358508,1.548756489806726,0.1221650660204239,0.15527967603865783,0.12802101782574343,0.03120000000000101,0.08589854480723379,0.05
2946,0.3023800000000001,False,2,0.0,0.23059999999999997,0.9312000000000001,69.2,0.0,0.0,0.0,1.9249515192922437,0.30928789165672294,1.8222374911415151,0.9338551858003992,0.37646458847519165,0.306009394382399,0.21461580834134067,0.6438474250240219,0.05
2947,0.23497000000000004,False,2,0.0,0.1631,1.0,89.6,0.0,0.0,0.0,1.8103526364644633,0.22840293672628917,1.5550000000000137,0.07059745037892104,0.2474961128453265,0.16787467628551392,4.5711047686281055e-201,0.0,0.05
2948,0.23603,False,2,0.0,0.16649999999999998,0.9315999999999999,80.0,0.0,0.0,0.0,1.7991346561464518,0.3109968663916665,2.1581057267385204,1.5630525657734764,0.27688700325193805,0.29530335887328335,0.2693999975718465,0.6122893365033161,0.05
2949,0.26978,False,2,0.0,0.18539999999999998,1.0,80.0,0.0,0.0,0.0,1.796753450442253,0.17709828766279698,1.5248000000000002,0.03218322544432156,0.25893182379474866,0.14487940135113753,1.2459136111055465e-207,0.0,0.05
2950,0.23429000000000008,False,2,0.0,0.1357,1.0,80.35,0.0,0.0,0.0,1.7367389536095625,0.19832438275272402,1.6750555555555569,0.2819585568444055,0.1941165543234161,0.1656871329073948,0.06910000000000087,0.20730000000000265,0.05
2951,0.1802,False,2,0.0,0.1386,0.8725999999999999,89.3,0.0,0.0,0.0,1.9314829848830368,0.37486436092322334,2.097874972735598,1.0995721771682223,0.34456817401496254,0.3263517175556939,0.34815861870697323,0.6010453132934638,0.05
2952,0.24220999999999998,False,2,0.0,0.1722,0.8658999999999999,69.05,0.0,0.0,0.0,2.056660375620573,0.6746350979126601,2.0815243468919116,1.0656939701868604,0.4276467800270775,0.4939130496880845,0.41194652414309124,0.7728072301405705,0.05
2953,0.25027,False,2,0.0,0.1745,0.9014000000000001,71.15,0.0,0.0,0.0,1.8343500611410015,0.2994352441972133,1.9175197474211316,0.8895298349892304,0.3166439733763415,0.28109110449109426,0.3058086363100203,0.6935131684585033,0.05
2954,0.24078999999999998,False,2,0.0,0.1866,0.9379,85.6,0.0,0.0,0.0,1.8424532662452804,0.32551753645320575,1.799937357218278,0.8754234606334579,0.31555538453181187,0.30619522266181864,0.22553735721827803,0.6766120716548341,0.05
2955,0.20979000000000006,False,2,0.0,0.1681,0.8724000000000001,84.8,0.0,0.0,0.0,1.9291014870954435,0.47879562977333806,1.9134145859872553,0.8290746759937877,0.3707037466475746,0.4228880528116034,0.2729690885161639,0.6024888511136902,0.05
2956,0.2279400000000001,False,2,0.0,0.15420000000000003,1.0,90.0,0.0,0.0,0.0,1.7331161937943578,0.1576598270624232,1.5486000000109588,0.04830362306263717,0.2054882152032093,0.1410059444401283,6.229496772926567e-208,0.0,0.05
2957,0.23914,False,2,0.0,0.2109,0.8836999999999999,86.8,0.0,0.0,0.0,1.8889696188786664,0.3788800126810118,2.1351097247355892,1.4584750670106823,0.36532660785810334,0.35008552432774814,0.2994986136244777,0.6147981253664855,0.05
2958,0.18862,False,2,0.0,0.1186,1.0,97.2,0.0,0.0,0.0,1.7447935446145408,0.18963718870371402,1.6240944444444465,0.29592008853117474,0.1874228493070748,0.13767286160690823,0.07200000000000147,0.20871224209423125,0.05
2959,0.22656000000000007,False,2,0.0,0.17539999999999997,0.8676,78.25,0.0,0.0,0.0,2.0270044292569813,0.5414412434306488,2.041157283473968,1.221613543954173,0.4232277988078212,0.4465254077149786,0.29456715347916285,0.6619360496762038,0.05
2960,0.20507000000000006,False,2,0.0,0.09609999999999999,1.0,81.1,0.0,0.0,0.0,1.6306265817809684,0.07126217855806266,1.5252000000000001,0.032412343327812614,0.12916573176974736,0.08209757780858809,4.018921892980178e-237,0.0,0.05
2961,0.21613000000000002,False,2,0.0,0.12589999999999998,1.0,86.0,0.0,0.0,0.0,1.6874170459302988,0.11573468878019029,1.5298984375098195,0.04219292399072468,0.16878606569723198,0.10896272782415999,9.505359729999047e-213,0.0,0.05
2962,0.26042000000000004,False,2,0.0,0.20269999999999996,0.8371000000000001,66.3,0.0,0.0,0.0,2.1049689705490002,0.6409229304335184,2.2486653127651515,1.2562043159697245,0.4716191279661713,0.4494656221416473,0.39654331770721923,0.6898817059856425,0.05
2963,0.25904,False,2,0.0,0.1972,1.0,89.5,0.0,0.0,0.0,1.8256368727597885,0.20279183056270553,1.5109,0.01920130203918471,0.2696923082306496,0.1532938365467791,1.070219397701967e-197,0.0,0.05
2964,0.18077000000000001,False,2,0.0,0.13199999999999998,0.8279,80.0,0.0,0.0,0.0,1.8565164754762151,0.41537621181974316,2.001709434512887,0.8072835265035718,0.3375213549854055,0.40936412531257876,0.34610048240517766,0.5959522497277525,0.05
2965,0.16912000000000005,False,2,0.0,0.09960000000000001,1.0,100.3,0.0,0.0,0.0,1.6834064300294194,0.1914183555749608,1.5799900173611126,0.1517649102783182,0.1475120440350582,0.12913517298150046,0.03600000000000107,0.1008801268833483,0.05
2966,0.23196,False,2,0.0,0.15179999999999996,0.923,75.6,0.0,0.0,0.0,1.8581857903017152,0.4269887102839479,2.0906136528451187,1.0923944916576784,0.32326337154068735,0.37769128109560995,0.3768914306228956,0.6800644081606483,0.05
2967,0.2056,False,2,0.0,0.1574,0.8353999999999999,77.6,0.0,0.0,0.0,1.8968634396188673,0.4058356038628519,2.2864948529901854,1.2072576545917815,0.36111153953006947,0.38556653138637675,0.4978397836837825,0.7479809114131479,0.05
2968,0.23346000000000006,False,2,0.0,0.16560000000000002,0.7918000000000001,60.0,0.0,0.0,0.0,2.0035390335872907,0.5231277463987889,2.582796578322825,1.386922109304041,0.45791382265092906,0.4867342524908274,0.6559876927624233,0.8677086922824705,0.05
2969,0.24829000000000004,False,2,0.0,0.1547,1.0,80.0,0.0,0.0,0.0,1.7361523190898283,0.1801070072438745,1.535055555629731,0.032394872791733066,0.20034158584796313,0.15491720315777083,0.005200000000000358,0.015600000000001073,0.05
2970,0.28652,False,2,0.0,0.20659999999999998,0.9410000000000001,70.2,0.0,0.0,0.0,1.9084270595941841,0.35218187944020274,1.6718888896186528,0.33887571308724224,0.3430559120568156,0.2992179597175448,0.08490000001164207,0.2384996646048515,0.05
2971,0.233,False,2,0.0,0.16549999999999998,0.9344999999999999,81.6,0.0,0.0,0.0,1.7762265141456375,0.27245505703549544,1.802187035461225,0.8425009917936409,0.2681598671995734,0.28550392809955505,0.21758703536134663,0.6527611060840398,0.05
2972,0.22904000000000005,False,2,0.0,0.17840000000000003,0.8672000000000001,78.0,0.0,0.0,0.0,1.9159766883559926,0.41544971912308426,2.07531225872028,1.046689572245071,0.3757888399922299,0.3813424763717496,0.42404559203218317,0.8548948482006024,0.05
2973,0.22293000000000002,False,2,0.0,0.15889999999999999,1.0,94.15,0.0,0.0,0.0,1.709995797598885,0.1128624979279223,1.5190000000000001,0.03152776554086891,0.1867812864227505,0.1080765828303436,2.4917987087009498e-207,0.0,0.05
2974,0.24107000000000003,False,2,0.0,0.1807,0.8666,72.7,0.0,0.0,0.0,1.9350362901961535,0.49928049482862524,2.3167796814171493,1.572951023401614,0.37955837818272564,0.4071438445082685,0.36490027975900174,0.7382481296598649,0.05
2975,0.25587000000000004,False,2,0.0,0.1739,0.9378,73.6,0.0,0.0,0.0,1.8576311480187684,0.4144776337691581,1.6482079481111949,0.3383381494878201,0.31412965364301987,0.34717300141346413,0.07980610351329906,0.23941831053989718,0.05
2976,0.22722,False,2,0.0,0.1246,1.0,80.0,0.0,0.0,0.0,1.6777993616213394,0.1014402656066971,1.5781642985026063,0.12019236200729032,0.17129172038059554,0.102047448902237,0.038300000000001624,0.07049546084678339,0.05
2977,0.28354000000000007,False,2,0.0,0.1753,0.9361,60.0,0.0,0.0,0.0,1.7997360499558468,0.29240252631136204,1.62163331001354,0.34171467651602233,0.2950209527936193,0.3123216947800046,0.08470000454467672,0.23727371631971253,0.05
2978,0.2631,False,2,0.0,0.152,1.0,71.65,0.0,0.0,0.0,1.8180781053658683,0.2846006618589855,1.5138,0.02067268729507606,0.23413274234042314,0.1785240603364893,1.0051946515380025e-206,0.0,0.05
2979,0.2604,False,2,0.0,0.22679999999999997,0.9288000000000001,88.5,0.0,0.0,0.0,1.9839645723861543,0.3906642111107099,1.7724397306855249,0.7653687119289176,0.40054795883870015,0.33727960469675977,0.18773972257928648,0.5632191677378595,0.05
2980,0.19799000000000008,False,2,0.0,0.1394,0.9367000000000001,90.3,0.0,0.0,0.0,1.8770007436149563,0.5939782809261112,1.743228553752489,0.7160068123895802,0.286424358308739,0.4109096827371047,0.1865936579191559,0.5597809737574676,0.05
2981,0.26011000000000006,False,2,0.0,0.2001,0.9347999999999999,80.2,0.0,0.0,0.0,1.853724497217108,0.4091253613788948,1.7905865110464163,0.7970523073338286,0.32240895281895127,0.35648367458652247,0.1681865110464157,0.5045595331392471,0.05
2982,0.21527000000000002,False,2,0.0,0.1361,1.0,90.0,0.0,0.0,0.0,1.7044181645356296,0.13903506363793808,1.5605666682498167,0.10195958496223528,0.17809712683087905,0.12516861690933107,0.02300000000000061,0.06900000000000184,0.05
2983,0.25934000000000007,False,2,0.0,0.2162,1.0,96.0,0.0,0.0,0.0,1.8091220953867613,0.11462621389305006,1.6026000000000011,0.25516669061615777,0.27826543404402193,0.09453493473658489,0.06020000000000092,0.18060000000000276,0.05
2984,0.25373000000000007,False,2,0.0,0.16130000000000003,0.9364000000000001,70.05,0.0,0.0,0.0,1.7723229582398694,0.3271129437945202,1.8052251378541122,0.8486299586734359,0.25940111707223773,0.2957787544844874,0.1738251378541121,0.5214754135623364,0.05
2985,0.22574000000000002,False,2,0.0,0.12320000000000002,1.0,80.25,0.0,0.0,0.0,1.6661269406936667,0.0993015022725015,1.5284999999999997,0.0377683730123499,0.15537708287761845,0.1033275917226133,1.9752321546337995e-213,0.0,0.05
2986,0.3093600000000001,False,2,0.0,0.18480000000000002,1.0,60.0,0.0,0.0,0.0,1.7501647811447096,0.13299607419689177,1.5269,0.03942194820147785,0.23624642624150488,0.12531718095675826,5.674988963711244e-201,0.0,0.05
2987,0.24193,False,2,0.0,0.14589999999999997,1.0,80.1,0.0,0.0,0.0,1.7469427084675673,0.18491085177257324,1.6333333333333346,0.3257605460047853,0.19890717152697124,0.1366468132289218,0.07670000000000086,0.23010000000000258,0.05
2988,0.26072000000000006,False,2,0.0,0.1766,1.0,81.45,0.0,0.0,0.0,1.843018109122309,0.2639478010951933,1.5180555813259553,0.017883769042227687,0.2612588001766576,0.17394298105656306,0.0034000000000003324,0.010200000000000998,0.05
2989,0.2561700000000001,False,2,0.0,0.1839,0.9368000000000001,76.8,0.0,0.0,0.0,1.805305238793141,0.3368119713754434,1.946398313859413,1.237894023295954,0.288539368156809,0.3044026781096932,0.1796578104365037,0.5389734313095111,0.05
2990,0.30716000000000004,False,2,0.0,0.2137,0.8629000000000001,50.65,0.0,0.0,0.0,1.9278368944736577,0.3565655707173683,2.015683127473342,0.9484220492945852,0.405020871134336,0.3644857422092656,0.3574018478841955,0.7264734015573759,0.05
2991,0.22920000000000001,False,2,0.0,0.1875,0.9295,90.45,0.0,0.0,0.0,1.9274953206993939,0.33199733316486835,1.878968351754206,0.5028332602441624,0.36505538208696187,0.309815879691291,0.2513001308524171,0.35501514485185837,0.05
2992,0.2547600000000001,False,2,0.0,0.1388,1.0,71.2,0.0,0.0,0.0,1.700881585311264,0.12599752620924615,1.5,0.0,0.18742025812134028,0.1219350217333358,8.619383082830892e-219,0.0,0.05
2993,0.23403999999999997,False,2,0.0,0.1813,0.9330999999999999,86.4,0.0,0.0,0.0,1.86037760419721,0.34802376265625673,1.8091983595624803,0.7659362518898347,0.31559413958903076,0.3124460694161337,0.20566502456735894,0.558968381959222,0.05
2994,0.28408,False,2,0.0,0.2244,0.8709999999999999,67.15,0.0,0.0,0.0,1.956029883825035,0.2832269430493843,1.8990528266059072,0.49570830246258374,0.41923780117738846,0.2655210486977115,0.25960000000000305,0.3562207742397994,0.05
2995,0.2663000000000001,False,2,0.0,0.24320000000000003,0.8102,73.5,0.0,0.0,0.0,2.069471598964272,0.44294470201212116,2.418872392234224,1.4729657096934776,0.5339333282524199,0.43914258787291294,0.5386733128501391,0.8252164878732176,0.05
2996,0.27829,False,2,0.0,0.1853,0.9315999999999999,65.45,0.0,0.0,0.0,1.904133493570734,0.3440495462731577,1.8796931547645788,1.0613328616585629,0.3245591468652334,0.31003390057187025,0.20386761552375016,0.6116028465712504,0.05
2997,0.23976999999999996,False,2,0.0,0.1706,0.9344999999999999,80.0,0.0,0.0,0.0,1.816499156743784,0.31537780789021397,1.7041958597099722,0.33271239471933683,0.2963966509529342,0.3160979354971787,0.08074615989584964,0.2422384796875489,0.05
2998,0.18727000000000005,False,2,0.0,0.09610000000000002,1.0,90.0,0.0,0.0,0.0,1.6616766672510561,0.1366625809784929,1.5405,0.05123719352189384,0.14134141546163975,0.1290708872507653,2.9188173810510227e-220,0.0,0.05
2999,0.20888000000000007,False,2,0.0,0.162,0.8676,82.4,0.0,0.0,0.0,1.9089362925890332,0.5750221210313501,2.16900257363451,1.2892779918722441,0.37968728468687507,0.4881957710529166,0.33531198359684,0.7070366137476738,0.05
3000,0.19938,False,2,0.0,0.16960000000000003,0.8702,90.2,0.0,0.0,0.0,1.9292163087241465,0.5345795355397898,2.125488800970187,1.5046129390976215,0.37684792557837316,0.45585642468599646,0.27989991208129733,0.6208830707485492,0.05
